group,figure,segment,file_name,tier,tier_by_threshold,confidence,verdict,matched_name,closest_name,closest_tanimoto,pred_heavy,closest_heavy,grade,grade_largest,graded_match,decoded,dephantom,dedup,largest,best_tanimoto,skeleton_match,formula_match,elem_delta,n_fragments,phantom_frags,duplicate_frags,dropped_by_largest,smiles
15_crown_5_cid36336,,,15_crown_5_cid36336.png,low,low,0.7237061057225395,wrong,,15-Crown-5,0.75,17,15,salt,exact,15-Crown-5,False,False,False,True,0.75,False,False,4,3,I,,Cl,C1COCCOCCOCCOCCO1.Cl.I
18_crown_6_cid28557,,,18_crown_6_cid28557.png,low,low,0.6323592084194413,wrong,,18-Crown-6,0.857,22,18,exact,exact,18-Crown-6,False,True,False,False,1.0,False,False,8,5,I.I.I.I,,,C1COCCOCCOCCOCCOCCO1.I.I.I.I
1_butyl_3_methylimidazolium_chloride_cid2734161,,,1_butyl_3_methylimidazolium_chloride_cid2734161.png,low,low,7.861329068610952e-05,wrong,,1-Butyl-3-methylimidazolium chloride,0.04,20,11,wrong,wrong,,False,False,False,False,0.04,False,False,60,10,,CC.CC.CC.CC.CC.CC.CC.CC.CC,,CC.CC.CC.CC.CC.CC.CC.CC.CC.CC
1_methyl_4_prop_1_en_2_ylcyclohexene_cid22311,,,1_methyl_4_prop_1_en_2_ylcyclohexene_cid22311.png,high,high,0.8583799234487086,exact,1-Methyl-4-Prop-1-En-2-Ylcyclohexene,1-Methyl-4-Prop-1-En-2-Ylcyclohexene,1.0,10,10,exact,exact,1-Methyl-4-Prop-1-En-2-Ylcyclohexene,False,False,False,False,1.0,True,True,0,1,,,,[H]C1(C(=C)C)CC=C(C)CC1
1h_pyrrole_1_carboxamide_3_ethyl_2_5_dihydro_4_methyl_n_2_4__cid3476,,,1h_pyrrole_1_carboxamide_3_ethyl_2_5_dihydro_4_methyl_n_2_4__cid3476.png,low,low,0.771888531089182,wrong,,"1H-Pyrrole-1-carboxamide, 3-ethyl-2,5-dihydro-4-methyl-N-2-4-(trans-4-methylcyclohexyl)aminocarbonylaminosulfonylphenylethyl-2-oxo-",0.967,35,34,exact,exact,"1H-Pyrrole-1-carboxamide, 3-ethyl-2,5-dihydro-4-methyl-N-2-4-(trans-4-methylcyclohexyl)aminocarbonylaminosulfonylphenylethyl-2-oxo-",False,True,False,False,1.0,False,False,6,6,I.[H].[H].[H].[H],,,"CCC1=C(C)CN(C(=O)NCCc2ccc(S(=O)(=O)NC(=O)NC3CCC(C)CC3)cc2)C1=O.I.[H].[H].[H].[H] |^1:35,36,37,38|"
5_adp_cid6022,,,5_adp_cid6022.png,high,high,0.8555585736479095,wrong,,5'-Adp,0.962,28,27,exact,exact,5'-Adp,False,True,False,False,1.0,False,False,8,5,I.[HH].[HH].[HH],,,I.Nc1ncnc2c1ncn2[C@@H]1O[C@H](COP(=O)(O)OP(=O)(O)O)[C@@H](O)[C@H]1O.[HH].[HH].[HH]
5_aminosalicylic_acid_cid4075,,,5_aminosalicylic_acid_cid4075.png,low,low,0.6874597630394049,wrong,,5-Aminosalicylic Acid,0.917,16,11,exact,exact,5-Aminosalicylic Acid,False,True,False,False,1.0,False,False,12,7,I.I.I.I.I.[HH],,,I.I.I.I.I.[HH].[H]OC(=O)c1cc(N)ccc1O
5_atp_cid5957,,,5_atp_cid5957.png,low,low,0.8267302167505717,wrong,,5'-Atp,0.963,32,31,exact,exact,5'-Atp,False,True,False,False,1.0,False,False,8,5,I.[HH].[HH].[HH],,,I.Nc1ncnc2c1ncn2[C@@H]1O[C@H](COP(=O)(O)OP(=O)(O)OP(=O)(O)O)[C@@H](O)[C@H]1O.[HH].[HH].[HH]
5_fluorouracil_cid3385,,,5_fluorouracil_cid3385.png,low,low,0.7716123515075212,wrong,,5-Fluorouracil,0.905,11,9,exact,exact,5-Fluorouracil,False,True,False,False,1.0,False,False,6,4,I.I.[HH],,,I.I.O=c1[nH]cc(F)c(=O)[nH]1.[HH]
6_mercaptopurine_cid667490,,,6_mercaptopurine_cid667490.png,low,low,0.745052262281514,wrong,,6-Mercaptopurine,0.952,13,10,exact,exact,6-Mercaptopurine,False,True,False,False,1.0,False,False,6,4,I.I.I,,,I.I.I.S=c1nc[nH]c2nc[nH]c12
abemaciclib_cid46220502,,,abemaciclib_cid46220502.png,high,high,0.9080252917455882,exact,Abemaciclib,Abemaciclib,1.0,37,37,exact,exact,Abemaciclib,False,False,False,False,1.0,True,True,0,1,,,,CCN1CCN(Cc2ccc(Nc3ncc(F)c(-c4cc(F)c5nc(C)n(C(C)C)c5c4)n3)nc2)CC1
acalabrutinib_cid71226662,,,acalabrutinib_cid71226662.png,low,low,0.8225478458492769,wrong,,Acalabrutinib,0.744,36,35,wrong,wrong,,False,False,False,False,0.744,False,False,7,5,I.[H].[H].[H],,,"I.[H].[H].[H].[H]Nc1nccn2c([C@]3([H])CCCN3C(=O)/C=C/C)nc(-c3ccc(C(=O)Nc4ccccn4)cc3)c12 |^1:1,2,3|"
acetaminophen_cid1983,,,acetaminophen_cid1983.png,low,low,0.643520936980413,wrong,,Acetaminophen,0.909,17,11,exact,exact,Acetaminophen,False,True,False,False,1.0,False,False,14,8,I.I.I.I.I.I.[HH],,,CC(=O)Nc1ccc(O)cc1.I.I.I.I.I.I.[HH]
acetic_acid_cid176,,,acetic_acid_cid176.png,low,low,0.6313156687516502,wrong,,Acetic Acid,0.778,7,4,exact,exact,Acetic Acid,False,True,False,False,1.0,False,False,7,5,I.I.I.[H],,,CC(=O)O.I.I.I.[H] |^1:7|
acetone_d6_cid522220,,,acetone_d6_cid522220.png,low,low,0.7298056031169624,wrong,,Acetone-D6,0.833,5,4,salt,exact,Acetone-D6,False,True,False,True,0.909,False,False,3,4,[2H].[2H],,[I-],"[2H].[2H].[2H]C([2H])([2H])C(=O)C([2H])([2H])[2H].[I-] |^1:0,1|"
acetylglucosamine_cid1738118,,,acetylglucosamine_cid1738118.png,low,low,0.7391268168157883,wrong,,Acetylglucosamine,0.964,15,15,exact,exact,Acetylglucosamine,False,True,False,False,1.0,False,False,10,6,[HH].[HH].[HH].[HH].[HH],,,[HH].[HH].[HH].[HH].[HH].[H]C(=O)[C@H](NC(C)=O)[C@@H](O)[C@H](O)[C@H](O)CO
aclidinium_cid11434515,,,aclidinium_cid11434515.png,low,low,0.503239569032487,wrong,,Aclidinium,0.568,37,33,wrong,wrong,,False,False,False,False,0.568,False,False,5,3,I,,,I.O=C(O[C@H]1CC23CC[N+]2(CCCOc2ccccc2)C2CC1C23)C(O)(c1cccs1)c1cccs1.[I-]
adenosine_monophosphate_cid6083,,,adenosine_monophosphate_cid6083.png,low,low,0.7538801335263742,wrong,,Adenosine Monophosphate,0.979,23,23,exact,exact,Adenosine Monophosphate,False,True,False,False,1.0,False,False,14,8,[HH].[HH].[HH].[HH].[HH].[HH].[HH],,,Nc1ncnc2c1ncn2[C@@H]1O[C@H](COP(=O)(O)O)[C@@H](O)[C@H]1O.[HH].[HH].[HH].[HH].[HH].[HH].[HH]
aldosterone_cid5839,,,aldosterone_cid5839.png,low,low,0.3970805072337228,wrong,,Aldosterone,0.981,26,26,stereo,stereo,Aldosterone,False,True,False,False,1.0,False,False,2,2,[HH],,,[HH].[H]O[C@H]1C[C@]2(C([H])=O)[C@@H](C(=O)CO)CC[C@]2([H])[C@]2([H])CCC3=CC(=O)CC[C@]3(C)[C@@]12[H]
allicin_cid65036,,,allicin_cid65036.png,low,low,0.7235354921438456,wrong,,Allicin,0.625,8,9,wrong,wrong,,False,False,False,False,0.625,False,False,1,1,,,,C=CCS(=O)SCC
alpha_cyclodextrin_cid444913,,,alpha_cyclodextrin_cid444913.png,low,low,0.008294726756952453,invalid,,,,,,invalid,invalid,,False,False,False,False,,False,,,,,,,[H]OC1C(O[H])C23([H])OC4([H])([CH]O)OC(CO)C([H])(OC5([H])OC(CO)C6([H])OC7([H])OC(CO)C([H])(OC8([H])OC(CO)C([H])(OC([H])OC(CO)C([H])OC19([H])O1[CH]2%10%11O9[CH]132C%101OC%112O1)C(O)C8O)C(O)C7O[H]OC6C5O)C(O)C4O
alpha_tocopherol_cid14985,,,alpha_tocopherol_cid14985.png,low,low,0.7940019887072178,wrong,,alpha-Tocopherol,0.977,31,31,exact,exact,alpha-Tocopherol,False,True,False,False,1.0,False,False,4,5,[H].[H].[H].[H],,,"Cc1c(C)c2c(c(C)c1O)CC[C@@](C)(CCC[C@H](C)CCC[C@H](C)CCCC(C)C)O2.[H].[H].[H].[H] |^1:31,32,33,34|"
alprazolam_cid2118,,,alprazolam_cid2118.png,low,low,0.5799922961090015,exact,Alprazolam,Alprazolam,1.0,22,22,exact,exact,Alprazolam,False,False,False,False,1.0,True,True,0,1,,,,Cc1nnc2n1-c1ccc(Cl)cc1C(c1ccccc1)=NC2
alvelestat_cid46861623,,,alvelestat_cid46861623.png,high,high,0.9068334063925216,exact,Alvelestat,Alvelestat,1.0,38,38,exact,exact,Alvelestat,False,False,False,False,1.0,True,True,0,1,,,,Cc1c(-c2ccnn2C)cc(C(=O)NCc2ccc(S(C)(=O)=O)cn2)c(=O)n1-c1cccc(C(F)(F)F)c1
amantadine_cid2130,,,amantadine_cid2130.png,low,low,0.5575655305491144,invalid,,,,,,invalid,invalid,,False,False,False,False,,False,,,,,,,I.II.NC12CC3CC45(CC(C34)C15)C2.[HH]
amiodarone_cid2157,,,amiodarone_cid2157.png,low,low,0.4355754821447765,invalid,,,,,,invalid,invalid,,False,False,False,False,,False,,,,,,,CCCCC1=C2(C(=O)C3=CC(I)=C(OCCN(CC)CC)C(I)=C3)=C3(CCCC)=C(C(=O)C4=CC(I)=C(OCCN(CC)CC)C(I)=C4)C4=CC=CC=C4(=C4=C(O1)C2=CC=C4)O3
amitriptyline_cid2160,,,amitriptyline_cid2160.png,low,low,0.5276313753657024,wrong,,Amitriptyline,0.967,22,21,near,exact,,False,False,False,True,0.967,False,False,5,2,,,C,C.CN(C)CCC=C1c2ccccc2CCc2ccccc21
amlodipine_cid2162,,,amlodipine_cid2162.png,high,high,0.8919737868134866,exact,Amlodipine,Amlodipine,1.0,28,28,exact,exact,Amlodipine,False,False,False,False,1.0,True,True,0,1,,,,[H]NCCOCC1=C(C(=O)OCC)C(c2ccccc2Cl)C(C(=O)OC)=C(C)N1
ammonium_sulfate_cid6097028,,,ammonium_sulfate_cid6097028.png,low,low,0.5094554356806403,wrong,,Ammonium Sulfate,0.417,5,7,salt,salt,Ammonium Sulfate,False,True,False,False,0.5,False,False,2,5,[HH].[HH].[HH].[H],,,O=S(=O)([O-])O.[HH].[HH].[HH].[H] |^1:8|
amoxicillin_cid33613,,,amoxicillin_cid33613.png,low,low,0.8375941579955811,wrong,,Amoxicillin,0.959,25,25,exact,exact,Amoxicillin,False,True,False,False,1.0,False,False,5,5,[HH].[H].[H].[H],,,"[HH].[H].[H].[H].[H][C@]12SC(C)(C)[C@H](C(=O)O)N1C(=O)[C@H]2NC(=O)[C@H](N)c1ccc(O)cc1 |^1:1,2,3|"
amphotericin_b_cid5280965,,,amphotericin_b_cid5280965.png,low,low,0.008809830262795689,invalid,,,,,,invalid,invalid,,False,False,False,False,,False,,,,,,,O.[H]C1=CC([H])=CC([H])=CC2=NC(C(C)OC(=O)CC(O)CC(O)CCC(O)C(O)CCCC3(O)(CC(O)C(C(=O)O)C([H])CC(OC4OC(C)C(O)C([H])C4O)C([H])=CC([H])=CC([H])=C1)CC(O)C(C(=O)O)C([H])O3)C(O)C(C)C2
ampicillin_cid6249,,,ampicillin_cid6249.png,low,low,0.7212225614667328,wrong,,Ampicillin,0.824,23,24,wrong,wrong,,False,False,False,False,0.824,False,False,7,4,[HH].[HH].[HH],,,*C(=O)[C@@H]1N2C(=O)[C@@H](NC(=O)[C@H](N)c3ccccc3)[C@@]2([H])SC1(C)C.[HH].[HH].[HH] |$Q;;;;;;;;;;;;;;;;;;;;;;;;;;;$|
anastrozole_cid2187,,,anastrozole_cid2187.png,high,high,0.8434992972150465,exact,Anastrozole,Anastrozole,1.0,22,22,exact,exact,Anastrozole,False,False,False,False,1.0,True,True,0,1,,,,CC(C)(C#N)c1cc(Cn2cncn2)cc(C(C)(C)C#N)c1
androstenedione_cid6128,,,androstenedione_cid6128.png,low,low,0.5653517432668446,exact,Androstenedione,Androstenedione,1.0,21,21,exact,exact,Androstenedione,False,False,False,False,1.0,True,True,0,1,,,,[H][C@@]12CCC3=CC(=O)CC[C@]3(C)[C@@]1([H])CC[C@]1(C)C(=O)CC[C@@]21[H]
angiotensin_ii_cid172198,,,angiotensin_ii_cid172198.png,low,low,0.1946005478013564,exact,Angiotensin Ii,Angiotensin Ii,1.0,75,75,exact,exact,Angiotensin Ii,False,False,False,False,1.0,True,True,0,1,,,,[H]N/C(N)=N\CCC[C@H](NC(=O)[C@H](CC(=O)O)N([H])[H])C(=O)N[C@H](C(=O)N[C@@H](Cc1ccc(O[H])cc1)C(=O)N[C@H](C(=O)N[C@@H](Cc1cnc[nH]1)C(=O)N1CCC[C@H]1C(=O)N[C@@H](Cc1ccccc1)C(=O)O)[C@@H](C)CC)C(C)C
aniline_cid6115,,,aniline_cid6115.png,low,low,0.5479628050323578,wrong,,Aniline,0.0,2,7,wrong,wrong,,False,False,False,False,0.0,False,False,15,4,[HH],[I-],,*.[HH].[I-].[I-] |$II-;;;$|
ansamitocins_cid131750198,,,ansamitocins_cid131750198.png,low,low,1.187372708955777e-11,invalid,,,,,,invalid,invalid,,False,False,False,False,,False,,,,,,,CC1CC2(C)(C)CC12.[H]C1(=C(C)CC23=CClC45(Cl)=C=267=C4=C=65(NCC(C(=O)OC(=O)CC)OC(C)C2([H])=C3[H]2)C2=C7(Cl)Cl2)[H]C1=C.[H]C1(C=C(C)CCCC(OC)=OC(=O)C(C)[CH]OC(C)O)=C([CH]2(OC)[CH]345OC67([H])=C8(CCCC9C%10=O=C%109OC)C=C86([H])[CH]73(OC)C24(C)(O)NC2=O=C2C(C)C(O)C5O)[H]1
anthracene_cid8418,,,anthracene_cid8418.png,high,high,0.9057291236202896,exact,Anthracene,Anthracene,1.0,14,14,exact,exact,Anthracene,False,False,False,False,1.0,True,True,0,1,,,,c1ccc2cc3ccccc3cc2c1
apixaban_cid10182969,,,apixaban_cid10182969.png,high,high,0.866699806146441,wrong,,Apixaban,0.981,34,34,exact,exact,Apixaban,False,True,False,False,1.0,False,False,4,3,[HH].[HH],,,COc1ccc(-n2nc(C(N)=O)c3c2C(=O)N(c2ccc(N4CCCCC4=O)cc2)CC3)cc1.[HH].[HH]
arachidonic_acid_cid444899,,,arachidonic_acid_cid444899.png,high,high,0.8555405919756576,wrong,,Arachidonic Acid,1.0,22,22,exact,exact,Arachidonic Acid,False,True,False,False,1.0,False,False,2,2,[HH],,,[HH].[H]/C(CCCCC)=C(\[H])C/C([H])=C(/[H])C/C([H])=C(/[H])C/C([H])=C(/[H])CCCC(=O)O
aripiprazole_cid60795,,,aripiprazole_cid60795.png,high,high,0.8907486020462323,wrong,,Aripiprazole,0.982,30,30,exact,exact,Aripiprazole,False,True,False,False,1.0,False,False,2,2,[HH],,,O=C1CCc2ccc(OCCCCN3CCN(c4cccc(Cl)c4Cl)CC3)cc2N1.[HH]
articaine_cid32170,,,articaine_cid32170.png,low,low,0.7736626442319107,wrong,,Articaine,0.975,19,19,exact,exact,Articaine,False,True,False,False,1.0,False,False,10,6,[HH].[HH].[HH].[HH].[HH],,,CCCNC(C)C(=O)Nc1c(C)csc1C(=O)OC.[HH].[HH].[HH].[HH].[HH]
asparagine_cid6267,,,asparagine_cid6267.png,low,low,0.6752636623697484,wrong,,(-)-Asparagine,0.895,14,9,exact,exact,(-)-Asparagine,False,True,False,False,1.0,False,False,12,7,I.I.I.I.I.[HH],,,I.I.I.I.I.[HH].[H]NC(=O)C[C@H](N)C(=O)O
aspidospermidine_3_carboxylic_acid_4_acetyloxy_6_7_didehydro_cid10629256,,,aspidospermidine_3_carboxylic_acid_4_acetyloxy_6_7_didehydro_cid10629256.png,low,low,0.08479010292896906,invalid,,,,,,invalid,invalid,,False,False,False,False,,False,,,,,,,[H]C1N(C)C2=CC(OC)=C3C456789%10C%11C%12%13%14([H])CC(C(F)(F)F)CN(CC%15=C4(NC4=CC=CC=C4%15)C3%115(C%126)(C%137)(C8(=O)O)(C9(=O)O)C%103=C(OC)C=C4N(C)C5([H])C6(OC7=O=C6O7C)C(OC(C)=O)C(CC)C=CCNCCC15C24=C3)C%14
aspirin_cid2244,,,aspirin_cid2244.png,low,low,0.7576099776784,wrong,,Aspirin,0.923,17,13,exact,exact,Aspirin,False,True,False,False,1.0,False,False,4,3,II.II,,,CC(=O)Oc1ccccc1C(=O)O.II.II
atazanavir_cid148192,,,atazanavir_cid148192.png,low,low,0.8292775652077559,wrong,,Atazanavir,0.926,64,51,near,exact,,False,False,False,True,0.926,False,False,29,2,,,COC(=O)N[C@H](C(N)=O)C(C)(C)C,COC(=O)N[C@H](C(=O)N[C@@H](Cc1ccccc1)[C@@H](O)CN(Cc1ccc(-c2ccccn2)cc1)NC(=O)[C@@H](NC(=O)OC)C(C)(C)C)C(C)(C)C.[H]NC(=O)[C@@H](NC(=O)OC)C(C)(C)C
atenolol_cid2249,,,atenolol_cid2249.png,low,low,0.8175195487302825,wrong,,Atenolol,0.949,20,19,exact,exact,Atenolol,False,True,False,False,1.0,False,False,12,7,I.[HH].[HH].[HH].[HH].[HH],,,I.[HH].[HH].[HH].[HH].[HH].[H]OC([H])(CNC(C)C)COc1ccc(CC(N)=O)cc1
atorvastatin_cid60823,,,atorvastatin_cid60823.png,low,low,0.7498683758822904,wrong,,Atorvastatin,0.983,41,41,exact,exact,Atorvastatin,False,True,False,False,1.0,False,False,8,5,[HH].[HH].[HH].[HH],,,CC(C)c1c(C(=O)Nc2ccccc2)c(-c2ccccc2)c(-c2ccc(F)cc2)n1CC[C@@H](O)C[C@@H](O)CC(=O)O.[HH].[HH].[HH].[HH]
atrazine_cid2256,,,atrazine_cid2256.png,low,low,0.6634699626500045,wrong,,Atrazine,0.929,20,14,exact,exact,Atrazine,False,True,False,False,1.0,False,False,14,8,I.I.I.I.I.I.[HH],,,CCNc1nc(Cl)nc(NC(C)C)n1.I.I.I.I.I.I.[HH]
auranofin_cid16667669,,,auranofin_cid16667669.png,low,low,0.5310935339538083,wrong,,Auranofin,0.738,33,32,wrong,wrong,,False,False,False,False,0.738,False,False,4,4,,,,CC(=O)OC[C@H]1O[C@@H]([Si])[C@H](OC(C)=O)[C@@H](OC(C)=O)[C@@H]1OC(C)=O.CCP(CC)CC.Cl.[Au+] |^5:8|
avermectin_b1a_cid6434889,,,avermectin_b1a_cid6434889.png,low,low,5.259782661420588e-06,invalid,,,,,,invalid,invalid,,False,False,False,False,,False,,,,,,,[H]C([CH]CC)OCOC12([H])CC=C3(C)[CH]45C6(C)=CC1C([H])C2C([H])OCC1C=C(C)C(O)C([H])C1(O)C=C([H])C([H])=C[CH]4(C)[CH]361O[CH]23C[CH]46OCO(C)C7[CH]4(C(C)O[CH]O251)O12[CH]45OC(C)C(O)C(OC)C4[CH]14(CC(OC)C(O)C(C)O4)O5[CH]762C(C)O3
azane_dichloroplatinum_cid5702198,,,azane_dichloroplatinum_cid5702198.png,low,low,0.6732274914139457,wrong,,azane;dichloroplatinum,0.714,10,5,near,near,,False,True,True,False,1.0,False,False,8,6,II.II,N.N,,II.II.[Cl][Pt][Cl].[H]N[H].[H]N[H].[H]N[H]
azathioprine_cid2265,,,azathioprine_cid2265.png,high,high,0.8536420483966806,wrong,,Azathioprine,0.955,20,19,exact,exact,Azathioprine,False,True,False,False,1.0,False,False,4,3,I.[HH],,,Cn1cnc([N+](=O)[O-])c1Sc1ncnc2nc[nH]c12.I.[HH]
azd_1390_cid126689157,,,azd_1390_cid126689157.png,low,low,0.6507391909004028,wrong,,Azd-1390,0.984,38,35,exact,exact,Azd-1390,False,True,False,False,1.0,False,False,6,4,I.I.I,,,CC(C)n1c(=O)n(C)c2cnc3cc(F)c(-c4ccc(OCCCN5CCCCC5)nc4)cc3c21.I.I.I
azilsartan_cid135415867,,,azilsartan_cid135415867.png,low,low,0.7398646789539992,wrong,,Azilsartan,0.983,34,34,exact,exact,Azilsartan,False,True,False,False,1.0,False,False,6,4,[HH].[HH].[HH],,,CCOc1nc2cccc(C(=O)O)c2n1Cc1ccc(-c2ccccc2-c2noc(=O)[nH]2)cc1.[HH].[HH].[HH]
azithromycin_cid447043,,,azithromycin_cid447043.png,low,low,0.1387831766795062,invalid,,,,,,invalid,invalid,,False,False,False,False,,False,,,,,,,[H].[H]CC1OC(=O)C(C)C2OC3OC(C)C(O)C(C)(OC)C3[CH]3(CC(C)(OC)C(O)C(C)O3)O[CH]34C(C)C(=O)OC(CC)C1(C)(O)C(O)C(C)N(C)CC(C)CC(C)(O)[CH](OC1OC(C)CC(N(C)C)C1O)(C3C)[CH]24(C)[CH]OC1[CH]C(N(C)C)CC(C)O1
bacitracin_cid10909430,,,bacitracin_cid10909430.png,low,low,4.50215736978447e-09,invalid,,,,,,invalid,invalid,,False,False,False,False,,False,,,,,,,<invalid>
baclofen_cid2284,,,baclofen_cid2284.png,low,low,0.7607275949268686,wrong,,Baclofen,0.931,16,14,exact,exact,Baclofen,False,True,False,False,1.0,False,False,8,5,I.I.[HH].[HH],,,I.I.[HH].[HH].[H]NCC(CC(=O)O[H])c1ccc(Cl)cc1
beclomethasone_cid20469,,,beclomethasone_cid20469.png,low,low,0.5768642456686602,wrong,,Beclomethasone,0.982,28,28,exact,exact,Beclomethasone,False,True,False,False,1.0,False,False,6,4,[HH].[HH].[HH],,,[HH].[HH].[HH].[H]O[C@H]1C[C@@]2(C)[C@@]([H])(C[C@H](C)[C@]2(O)C(=O)CO)[C@]2([H])CCC3=CC(=O)C=C[C@]3(C)[C@@]12Cl
bedaquiline_cid5388906,,,bedaquiline_cid5388906.png,low,low,0.2426101428184052,invalid,,,,,,invalid,invalid,,False,False,False,False,,False,,,,,,,COC1=C(C(C2=CC=CC=C2)C2(O)CCN(C)CN(C)(C)CCC(O)(C3=C(OC)N=C4C=CC(Br)=CC4=C3)C3=CC=CC4=CC=CC(=C43)=C34=CC=CC=C3C=CC=C24)C=C2C=C(Br)C=CC2=N1
benzene_cid241,,,benzene_cid241.png,low,low,0.6478132190804329,exact,Benzene,Benzene,1.0,6,6,exact,exact,Benzene,False,False,False,False,1.0,True,True,0,1,,,,c1ccccc1
benzene_d6_cid71601,,,benzene_d6_cid71601.png,high,high,0.8600724796181719,exact,Benzene-D6,Benzene-D6,1.0,6,6,exact,exact,Benzene-D6,False,False,False,False,1.0,True,True,0,1,,,,[2H]c1c([2H])c([2H])c([2H])c([2H])c1[2H]
benzo_a_pyrene_cid2336,,,benzo_a_pyrene_cid2336.png,high,high,0.8832020755981511,exact,Benzo[a]pyrene,Benzo[a]pyrene,1.0,20,20,exact,exact,Benzo[a]pyrene,False,False,False,False,1.0,True,True,0,1,,,,c1ccc2c(c1)cc1ccc3cccc4ccc2c1c34
benzocaine_cid2337,,,benzocaine_cid2337.png,low,low,0.7770295615556698,wrong,,Benzocaine,0.923,15,12,exact,exact,Benzocaine,False,True,False,False,1.0,False,False,10,6,I.I.I.[HH].[HH],,,CCOC(=O)c1ccc(N)cc1.I.I.I.[HH].[HH]
benzoic_acid_cid243,,,benzoic_acid_cid243.png,low,low,0.6321848343120491,wrong,,Benzoic Acid,0.824,15,9,exact,exact,Benzoic Acid,False,True,False,False,1.0,False,False,8,5,I.I.II.II,,,I.I.II.II.O=C(O)c1ccccc1
beta_cyclodextrin_cid444041,,,beta_cyclodextrin_cid444041.png,low,low,0.06220151303888829,invalid,,,,,,invalid,invalid,,False,False,False,False,,False,,,,,,,[H].[H]OC1C(O)C23([H])[H]C(O)(O2)C(O)C(O)C([H])OC([H])C(O)C(O)C([H])OC([H])C(O)C(O)C([H])OC([H])C(O)C(O)C([H])OC24OC(CO)C([H])(OC56(O)OC5C(O[H])C57([H]C1([H]5)(OC3CO)O7)C(CO)O6)C(O)C2C4[H].[H][H]
beta_lactose_cid6134,,,beta_lactose_cid6134.png,high,high,0.85175977509758,wrong,,beta-Lactose,0.966,23,23,exact,exact,beta-Lactose,False,True,False,False,1.0,False,False,6,6,[HH].[H].[H].[H].[H],,,"[HH].[H].[H].[H].[H].[H]O[C@@H]1[C@H](O)[C@@H](O[H])[C@H](O[C@H]2[C@H](O)[C@@H](O)[C@H](O)O[C@@H]2CO)O[C@@H]1CO |^1:1,2,3,4|"
betaine_cid247,,,betaine_cid247.png,low,low,0.6967565464971119,wrong,,Betaine,0.938,11,8,exact,exact,Betaine,False,True,False,False,1.0,False,False,6,4,I.I.I,,,C[N+](C)(C)CC(=O)[O-].I.I.I
betamethasone_cid9782,,,betamethasone_cid9782.png,low,low,0.6426638203653122,wrong,,Betamethasone,1.0,28,28,exact,exact,Betamethasone,False,True,False,False,1.0,False,False,3,4,[H].[H].[H],,,"[H].[H].[H].[H]O[C@H]1C[C@@]2(C)[C@@]([H])(C[C@H](C)[C@]2(O)C(=O)CO)[C@]2([H])CCC3=CC(=O)C=C[C@]3(C)[C@@]12F |^1:0,1,2|"
bicalutamide_cid2375,,,bicalutamide_cid2375.png,high,high,0.8447308596524904,wrong,,Bicalutamide,0.962,29,29,exact,exact,Bicalutamide,False,True,False,False,1.0,False,False,3,3,[HH].[H],,,CC(O)(CS(=O)(=O)c1ccc(F)cc1)C(=O)Nc1ccc(C#N)c(C(F)(F)F)c1.[HH].[H] |^1:30|
bismuth_subsalicylate_cid53629521,,,bismuth_subsalicylate_cid53629521.png,low,low,0.7999469532498279,wrong,,Bismuth Subsalicylate,0.826,14,12,wrong,near,,False,False,False,True,0.826,False,False,3,4,I.I,,[O-][Bi+3],I.I.O=C([O-])c1ccccc1[O-].[O-][Bi+3] |^1:13|
bleomycin_a2_cid5460769,,,bleomycin_a2_cid5460769.png,low,low,0.008013744188793923,wrong,,Bleomycin A2,0.618,98,96,wrong,wrong,,False,False,False,False,0.618,False,False,21,1,,,,[H]NC(=O)[C@@H](N)CN[C@@H](CC(N)=O)c1nc(N)c(C)c(N[C@H](C(=O)N[C@@H](C)C(O)[C@H](C)C(=O)N[C@H](C(=O)NCCc2nc(-c3nc(C(=O)NCCC[Si](C)(C)C)cs3)cs2)C(C)C)C([CH]NCCNC=N)O[C@H]2O[C@@H](CO)[C@H](O)[C@@H](O)[C@H]2O[C@H]2O[C@H](CO)[C@@H](O)[C@@H](OC(=O)N[NH3+])[C@@H]2O)n1 |^1:64|
bleomycin_cid5360373,,,bleomycin_cid5360373.png,low,low,0.009382759652140235,invalid,,,,,,invalid,invalid,,False,False,False,False,,False,,,,,,,[H]NC(=O)C(N)CNC(CC(N)=O)C1=NC(NC(C(=O)N[CH]2(C)C(O)[CH]2(O)C(C)C(=O)NC(C(=O)NCCC2=NC(C3=NC(C(=O)NCCC[Si](C)(C)C)=CS3)=CS2)C(C)C)C(OC2OC(CO)C(O)C(O)C2OC2OC(CO)C(O)C(OC([NH3+])=O)C2O)C2=CN=CN2)=C(C)C(N)=N1
bosentan_cid104865,,,bosentan_cid104865.png,high,high,0.902064113615397,wrong,,Bosentan,0.983,39,39,exact,exact,Bosentan,False,True,False,False,1.0,False,False,2,2,[HH],,,COc1ccccc1Oc1c(NS(=O)(=O)c2ccc(C(C)(C)C)cc2)nc(-c2ncccn2)nc1OCCO.[HH]
bradykinin_cid439201,,,bradykinin_cid439201.png,low,low,0.06077067661694036,wrong,,Bradykinin,0.83,77,76,wrong,wrong,,False,False,False,False,0.83,False,False,2,1,,,,[H]N/C(N)=N/CCC[C@H](NC(=O)[C@H](Cc1ccccc1)NC(=O)[C@@H]1CCCN1C(=O)[C@@H](CO)NC(=O)[C@H](Cc1ccccc1)NC(=O)CNC(=O)[C@@H]1CCCN1C(=O)[C@@H]1CCCN1C(=O)C(N)(N)CCCN=C(N)N)C(=O)O
brevetoxin_b_cid10865865,,,brevetoxin_b_cid10865865.png,low,low,0.001522003599968183,invalid,,,,,,invalid,invalid,,False,False,False,False,,False,,,,,,,[H]C(=O)C(=C)CC1CC(O)C2(C)OC3([H])CC4([H])OC5([H])CC6(C)OC78(C)CCC9OC%10([H])CC%11(C)OC%12%13%14([H])C(C)=C%15C(=O)O%16%17C(=O)(C=C%15%12C)OC%16%13%12%15([H])OC%11(CC%10([H])C(C)C9%10([H])O9C7%11%13%16([H])C7C6([H])(OC5(C)C([H])=C5([H])[H]C45OC3([H])CC2([H])O1)C%11C798%13([H])O%10%16)C%12([H])C%17%14%15[H]
brexpiprazole_cid11978813,,,brexpiprazole_cid11978813.png,high,high,0.8715761407938561,wrong,,Brexpiprazole,0.982,31,31,exact,exact,Brexpiprazole,False,True,False,False,1.0,False,False,1,2,[H],,,O=c1ccc2ccc(OCCCCN3CCN(c4cccc5sccc45)CC3)cc2[nH]1.[H] |^1:31|
bromocriptine_cid31101,,,bromocriptine_cid31101.png,low,low,0.609636997831415,stereo,Bromocriptine,Bromocriptine,1.0,43,43,stereo,stereo,Bromocriptine,False,False,False,False,1.0,True,True,0,1,,,,[H][C@]12Cc3c(Br)[nH]c4cccc(c34)C1=C[C@@H](C(=O)N[C@]1(C(C)C)O[C@]3(O)N(C1=O)[C@@H](CC(C)C)C(=O)N1CCC[C@@]13[H])CN2C
brompheniramine_cid6834,,,brompheniramine_cid6834.png,low,low,0.05225591976984297,wrong,,Brompheniramine,0.0,120,19,wrong,wrong,,False,False,False,False,0.0,False,False,568,120,,C.C.C.C.C.C.C.C.C.C.C.C.C.C.C.C.C.C.C.C.C.C.C.C.C.C.C.C.C.C.C.C.C.C.C.C.C.C.C.C.C.C.C.C.C.C.C.C.C.C.C.C.C.C.C.C.C.C.C.C.C.C.C.C.C.C.C.C.C.C.C.C.C.C.C.C.C.C.C.C.C.C.C.C.C.C.C.C.C.C.C.C.C.C.C.C.C.C.C.C.C.C.C.C.C.C.C.C.C.C.C.C.C.C.C.C.C.C.C,,C.C.C.C.C.C.C.C.C.C.C.C.C.C.C.C.C.C.C.C.C.C.C.C.C.C.C.C.C.C.C.C.C.C.C.C.C.C.C.C.C.C.C.C.C.C.C.C.C.C.C.C.C.C.C.C.C.C.C.C.C.C.C.C.C.C.C.C.C.C.C.C.C.C.C.C.C.C.C.C.C.C.C.C.C.C.C.C.C.C.C.C.C.C.C.C.C.C.C.C.C.C.C.C.C.C.C.C.C.C.C.C.C.C.C.C.C.C.C.C
bryostatin_1_cid5280757,,,bryostatin_1_cid5280757.png,low,low,0.00801966423213911,invalid,,,,,,invalid,invalid,,False,False,False,False,,False,,,,,,,[H]OC1CC(OC(C)=O)C(C)(C)C23(O)OC124=C1CC2([H])CC([H])(C(C)O)OC(=O)CC(O)CC([H])OC34(O)CC3([H])CC(=C([H])C(=O)OC)CC([H])(O3)C3=C4([H])=C3(C([H])=C([H])C([H])=C([H])CCC)C(C)(C)C(O)(O2)C1O4
bryostatin_cid6435419,,,bryostatin_cid6435419.png,low,low,0.03239615065741958,invalid,,,,,,invalid,invalid,,False,False,False,False,,False,,,,,,,[H]C(CCC)=C([H])C([H])=C([H])C1=C2C([H])([H])OC3C4=C5(O)C678([H])OC(=CC9=C6(C)(C)C576([H])(OC(C)C(OC(C)(=O)CC(=O)O9)C6(C)C)C8C5CC(=C([H])C(=O)OC)CC2(O)O5)CC(O)CC(=O)OC([H])(C(C)O)CC([H])(C4)OC3(O)C1(C)C
bupivacaine_usan_inn_ban_cid2474,,,bupivacaine_usan_inn_ban_cid2474.png,low,low,0.7674761400127814,wrong,,Bupivacaine (USAN:INN:BAN),0.953,22,21,salt,exact,Bupivacaine (USAN:INN:BAN),False,True,False,True,0.976,False,False,6,4,[HH].[HH],,Cl,CCCCN1CCCCC1C(=O)Nc1c(C)cccc1C.Cl.[HH].[HH]
bupropion_cid444,,,bupropion_cid444.png,low,low,0.7492036719791703,wrong,,Bupropion,0.941,18,16,exact,exact,Bupropion,False,True,False,False,1.0,False,False,6,4,I.I.[HH],,,CC(NC(C)(C)C)C(=O)c1cccc(Cl)c1.I.I.[HH]
buspirone_cid2477,,,buspirone_cid2477.png,high,high,0.8855685611453831,exact,Buspirone,Buspirone,1.0,28,28,exact,exact,Buspirone,False,False,False,False,1.0,True,True,0,1,,,,O=C1CC2(CCCC2)CC(=O)N1CCCCN1CCN(c2ncccn2)CC1
busulfan_cid2478,,,busulfan_cid2478.png,low,low,0.619334983370625,wrong,,Busulfan,0.938,15,14,near,exact,,False,False,False,True,0.938,False,False,5,2,,,C,C.CS(=O)(=O)OCCCCOS(C)(=O)=O
butalbital_cid2481,,,butalbital_cid2481.png,low,low,0.7960695769214069,wrong,,Butalbital,0.931,19,16,exact,exact,Butalbital,False,True,False,False,1.0,False,False,8,5,I.I.I.[HH],,,C=CCC1(CC(C)C)C(=O)NC(=O)NC1=O.I.I.I.[HH]
c_i_acid_orange_52_cid23673835,,,c_i_acid_orange_52_cid23673835.png,low,low,0.8262118759667062,wrong,,C.I. Acid Orange 52,0.964,24,22,stereo,stereo,C.I. Acid Orange 52,False,True,False,False,1.0,False,False,4,4,I.I,,,CN(C)c1ccc(/N=N/c2ccc(S(=O)(=O)[O-])cc2)cc1.I.I.[Na+]
cabazitaxel_cid9854073,,,cabazitaxel_cid9854073.png,low,low,0.6305141986728034,stereo,Cabazitaxel,Cabazitaxel,1.0,60,60,stereo,stereo,Cabazitaxel,False,False,False,False,1.0,True,True,0,1,,,,[H][C@@]12[C@H](OC(=O)c3ccccc3)[C@]3(O)C[C@H](OC(=O)[C@H](O)[C@@H](NC(=O)OC(C)(C)C)c4ccccc4)C(C)=C([C@@H](OC)C(=O)[C@]1(C)[C@@H](OC)C[C@@]1([H])OC[C@@]21OC(C)=O)C3(C)C
cabergoline_cid54746,,,cabergoline_cid54746.png,low,low,0.816885873315539,wrong,,Cabergoline,0.986,33,33,stereo,stereo,Cabergoline,False,True,False,False,1.0,False,False,4,3,[HH].[HH],,,[HH].[HH].[H][C@]12C[C@@H](C(=O)N(CCCN(C)C)C(=O)NCC)CN(CC=C)[C@@]1([H])Cc1c[nH]c3cccc2c13
cabozantinib_cid25102847,,,cabozantinib_cid25102847.png,high,high,0.9001078464529437,exact,Cabozantinib,Cabozantinib,1.0,37,37,exact,exact,Cabozantinib,False,False,False,False,1.0,True,True,0,1,,,,[H]N(C(=O)C1(C(=O)Nc2ccc(Oc3ccnc4cc(OC)c(OC)cc34)cc2)CC1)c1ccc(F)cc1
caffeine_cid2519,,,caffeine_cid2519.png,low,low,0.7921648277668861,wrong,,Caffeine,0.962,16,14,exact,exact,Caffeine,False,True,False,False,1.0,False,False,4,3,I.I,,,Cn1c(=O)c2c(ncn2C)n(C)c1=O.I.I
calcium_gluconate_cid9290,,,calcium_gluconate_cid9290.png,low,low,0.6312606200652502,wrong,,Calcium Gluconate,0.909,26,27,near,near,,False,False,False,False,0.909,False,False,6,7,[H].[H].[H].[H].[H],,,"O=C([O-])[C@@H](O)[C@@H](O)[C@H](O)[C@H](O)CO.O=C([O-])[C@H](O)[C@@H](O)[C@H](O)[C@H](O)CO.[H].[H].[H].[H].[H] |^1:26,27,28,29,30|"
camphor_cid2537,,,camphor_cid2537.png,low,low,0.6800305356318544,wrong,,Camphor,0.957,14,11,exact,exact,Camphor,False,True,False,False,1.0,False,False,6,4,I.I.I,,,I.I.I.[H]C12CCC(C)(C(=O)C1)C2(C)C
camptothecin_cid24360,,,camptothecin_cid24360.png,low,low,0.8005178073191481,wrong,,Camptothecin,0.964,27,26,exact,exact,Camptothecin,False,True,False,False,1.0,False,False,4,3,I.[HH],,,CC[C@@]1(O)C(=O)OCc2c1cc1n(c2=O)Cc2cc3ccccc3nc2-1.I.[HH]
candesartan_cid2541,,,candesartan_cid2541.png,low,low,0.7636182104114039,wrong,,Candesartan,0.983,33,33,exact,exact,Candesartan,False,True,False,False,1.0,False,False,6,4,[HH].[HH].[HH],,,CCOc1nc2cccc(C(=O)O)c2n1Cc1ccc(-c2ccccc2-c2nn[nH]n2)cc1.[HH].[HH].[HH]
candesartan_cilexetil_cid2540,,,candesartan_cilexetil_cid2540.png,high,high,0.8819627506508408,wrong,,Candesartan Cilexetil,0.987,45,45,exact,exact,Candesartan Cilexetil,False,True,False,False,1.0,False,False,2,2,[HH],,,CCOc1nc2cccc(C(=O)OC(C)OC(=O)OC3CCCCC3)c2n1Cc1ccc(-c2ccccc2-c2nn[nH]n2)cc1.[HH]
caprolactam_cid7768,,,caprolactam_cid7768.png,low,low,0.6143457615793239,wrong,,Caprolactam,0.85,11,8,exact,exact,Caprolactam,False,True,False,False,1.0,False,False,4,3,I.II,,,I.II.O=C1CCCCCN1
carbamazepine_cid2554,,,carbamazepine_cid2554.png,low,low,0.1616164517279072,wrong,,Carbamazepine,0.279,19,18,wrong,wrong,,False,False,False,False,0.279,False,False,4,5,I.[HH].[HH].[HH],,,I.NC(=O)n1c2ccccc2ccc2c3c4c2c3c41.[HH].[HH].[HH]
carbon_dioxide_cid280,,,carbon_dioxide_cid280.png,low,low,0.3199262045480432,wrong,,Carbon Dioxide,0.8,8,3,exact,exact,Carbon Dioxide,False,True,False,False,1.0,False,False,10,6,I.I.I.I.I,,,I.I.I.I.I.O=C=O
cardiolipin_cid166177218,,,cardiolipin_cid166177218.png,low,low,3.343227556037327e-28,invalid,,,,,,invalid,invalid,,False,False,False,False,,False,,,,,,,[H]C(=CC=C12[H][CH]13456789([H]2)[H][CH]312%10%11%12%13%14[CH]3%15%16%17%18%19([H])[CH]1%20%21%22%23%24([H])[CH]3241%25%26%27([H])[CH]%15%20%105234([H])[CH]%16%211%1165%10([H])[CH]%17%22%252%1271([H])[CH]%18%23%2635%1382[H][CH]%19%24%274%101%1429[H])CCCCCCC1C2C13C21C32C134[H]C2315[H][CH]412[H][CH]251[H]2C1[CH]2([H])CCCCC.[H]C(=O)CCCCCCC1C2[H]C213[H]1C(C([H])C([H])([H])CCCCC)C13.[H]C1=C([H])(CCCCCCC)C12CC2([H])=O
carisoprodol_cid2576,,,carisoprodol_cid2576.png,low,low,0.8196969502803855,wrong,,Carisoprodol,0.971,18,18,exact,exact,Carisoprodol,False,True,False,False,1.0,False,False,4,3,[HH].[HH],,,CCCC(C)(COC(N)=O)COC(=O)NC(C)C.[HH].[HH]
catechin_cid9064,,,catechin_cid9064.png,low,low,0.7663566950731594,wrong,,Catechin,0.972,21,21,exact,exact,Catechin,False,True,False,False,1.0,False,False,12,7,[HH].[HH].[HH].[HH].[HH].[HH],,,Oc1cc(O)c2c(c1)O[C@H](c1ccc(O)c(O)c1)[C@@H](O)C2.[HH].[HH].[HH].[HH].[HH].[HH]
cediranib_cid9933475,,,cediranib_cid9933475.png,high,high,0.8806287269931621,wrong,,Cediranib,0.983,33,33,exact,exact,Cediranib,False,True,False,False,1.0,False,False,1,2,[H],,,COc1cc2c(Oc3ccc4[nH]c(C)cc4c3F)ncnc2cc1OCCCN1CCCC1.[H] |^1:33|
cefazolin_cid33255,,,cefazolin_cid33255.png,high,high,0.8760648847388446,exact,Cefazolin,Cefazolin,1.0,29,29,exact,exact,Cefazolin,False,False,False,False,1.0,True,True,0,1,,,,[H][C@]12SCC(CSc3nnc(C)s3)=C(C(=O)O)N1C(=O)[C@H]2NC(=O)Cn1cnnn1
cefepime_cid5479537,,,cefepime_cid5479537.png,high,high,0.8468093822056958,wrong,,Cefepime,0.986,32,32,exact,exact,Cefepime,False,True,False,False,1.0,False,False,2,3,[H].[H],,,"[H].[H].[H][C@]12SCC(C[N+]3(C)CCCC3)=C(C(=O)[O-])N1C(=O)[C@H]2NC(=O)/C(=N\OC)c1csc(N)n1 |^1:0,1|"
ceftazidime_cid5481173,,,ceftazidime_cid5481173.png,low,low,0.8428999790118546,wrong,,Ceftazidime,0.986,37,37,exact,exact,Ceftazidime,False,True,False,False,1.0,False,False,2,3,[H].[H],,,"[H].[H].[H]Nc1nc(/C(=N/OC(C)(C)C(=O)O)C(=O)N[C@@H]2C(=O)N3C(C(=O)[O-])=C(C[n+]4ccccc4)CS[C@]23[H])cs1 |^1:0,1|"
cefuroxime_cid5479529,,,cefuroxime_cid5479529.png,low,low,0.8402452009946836,wrong,,Cefuroxime,0.985,29,29,exact,exact,Cefuroxime,False,True,False,False,1.0,False,False,3,4,[H].[H].[H],,,"[H].[H].[H].[H]OC(=O)C1=C(COC(N)=O)CS[C@]2([H])[C@H](NC(=O)/C(=N\OC)c3ccco3)C(=O)N12 |^1:0,1,2|"
celecoxib_cid2662,,,celecoxib_cid2662.png,low,low,0.8416566348325073,wrong,,Celecoxib,0.976,26,26,exact,exact,Celecoxib,False,True,False,False,1.0,False,False,8,5,[HH].[HH].[HH].[HH],,,Cc1ccc(-c2cc(C(F)(F)F)nn2-c2ccc(S(N)(=O)=O)cc2)cc1.[HH].[HH].[HH].[HH]
cephalexin_cid27447,,,cephalexin_cid27447.png,low,low,0.696884631019728,wrong,,Cephalexin,0.979,24,24,exact,exact,Cephalexin,False,True,False,False,1.0,False,False,10,6,[HH].[HH].[HH].[HH].[HH],,,[HH].[HH].[HH].[HH].[HH].[H]OC(=O)C1=C(C)CS[C@]2([H])[C@H](NC(=O)[C@H](N)c3ccccc3)C(=O)N12
cetirizine_cid2678,,,cetirizine_cid2678.png,low,low,0.7978308183269227,wrong,,Cetirizine,0.977,31,27,exact,exact,Cetirizine,False,True,False,False,1.0,False,False,8,5,I.I.I.I,,,I.I.I.I.O=C(O)COCCN1CCN(C(c2ccccc2)c2ccc(Cl)cc2)CC1
cetrorelix_cid25074887,,,cetrorelix_cid25074887.png,low,low,0.1136367673216722,invalid,,,,,,invalid,invalid,,False,False,False,False,,False,,,,,,,[H]NC(=O)NCCCC(NC(=O)C(CC1=CC=C(O)C=C1)NC(=O)C(CO)NC(=O)C(NC(=O)C(CC1=CC=C(Cl)C=C1)NC(=O)C(CC1C=CC2=CC=CC=C2=C1)NC(C)=O)C1C2=C3=C21=CC=N3)C(=O)NC(CC(C)C)C(=O)NC(CCNC(=N)N)C(=O)N1CCCC1C(=O)N[H]
chlorambucil_cid2708,,,chlorambucil_cid2708.png,low,low,0.7982967701368787,wrong,,Chlorambucil,0.969,21,19,exact,exact,Chlorambucil,False,True,False,False,1.0,False,False,6,4,I.I.[HH],,,I.I.O=C(O)CCCc1ccc(N(CCCl)CCCl)cc1.[HH]
chloramphenicol_cid5959,,,chloramphenicol_cid5959.png,high,high,0.8507325640211161,wrong,,Chloramphenicol,0.947,21,20,exact,exact,Chloramphenicol,False,True,False,False,1.0,False,False,6,4,I.[HH].[HH],,,I.O=C(N[C@H](CO)[C@H](O)c1ccc([N+](=O)[O-])cc1)C(Cl)Cl.[HH].[HH]
chloroform_d_cid71583,,,chloroform_d_cid71583.png,low,low,0.6505872213146128,wrong,,Chloroform-D,0.857,7,4,exact,exact,Chloroform-D,False,True,False,False,1.0,False,False,6,4,I.I.I,,,I.I.I.[2H]C(Cl)(Cl)Cl
chlorophyll_a_cid12085802,,,chlorophyll_a_cid12085802.png,low,low,2.210975095183327e-07,invalid,,,,,,invalid,invalid,,False,False,False,False,,False,,,,,,,C=CC1=C2=C345=C678(=C23)=C2(C)=C39%10%11(CC)=C6%12(C)=C3(C9C)C=%104%12736C47(=C258%113)C2=C4(C)C3458=C9%10C%11%12C27=C27(C(C)COC)C%13%14%15=C2%16%17%18%19=C2%20%21%22=C7%13%16%23(C9(=C=3%11%10C=4%126=C5C)C(COC)C8=O)[CH]%14%17(OCC(=O)OCC(N)=C(C)CCCC(C)CCCC(C)CCCC(C)C)[CH]2(C)C%15%20%23%18=C%21C%22%19=C1C
chloroquine_cid2719,,,chloroquine_cid2719.png,low,low,0.8114205472004922,wrong,,Chloroquine,0.978,24,22,salt,exact,Chloroquine,False,False,False,True,0.978,False,False,4,3,,Cl,Cl,Cl.Cl.[H]C(C)(CCCN(CC)CC)Nc1ccnc2cc(Cl)ccc12
chlorotris_triphenylphosphine_rhodium_i_cid84599,,,chlorotris_triphenylphosphine_rhodium_i_cid84599.png,high,high,0.877055621181379,exact,Chlorotris(triphenylphosphine)rhodium(I),Chlorotris(triphenylphosphine)rhodium(I),1.0,59,59,exact,exact,Chlorotris(triphenylphosphine)rhodium(I),False,False,False,False,1.0,True,True,0,5,,c1ccc(P(c2ccccc2)c2ccccc2)cc1.c1ccc(P(c2ccccc2)c2ccccc2)cc1,,[Cl-].[Rh].c1ccc(P(c2ccccc2)c2ccccc2)cc1.c1ccc(P(c2ccccc2)c2ccccc2)cc1.c1ccc(P(c2ccccc2)c2ccccc2)cc1 |^1:1|
chlorpheniramine_cid2725,,,chlorpheniramine_cid2725.png,low,low,0.7663306183430677,exact,(+-)-Chlorpheniramine,(+-)-Chlorpheniramine,1.0,19,19,exact,exact,(+-)-Chlorpheniramine,False,False,False,False,1.0,True,True,0,1,,,,CN(C)CCC(c1ccc(Cl)cc1)c1ccccn1
chlorpromazine_cid2726,,,chlorpromazine_cid2726.png,high,high,0.8815704855241848,wrong,,Chlorpromazine,0.617,21,21,wrong,wrong,,False,False,False,False,0.617,False,False,0,1,,,,CN(C)CCCN1c2ccccc2[S-]c2ccc(Cl)cc21 |^1:13|
cholesterol_cid5997,,,cholesterol_cid5997.png,low,low,0.6856651276410242,wrong,,Cholesterol,0.98,28,28,stereo,stereo,Cholesterol,False,True,False,False,1.0,False,False,2,2,[HH],,,[HH].[H][C@@]12CC=C3C[C@@H](O)CC[C@]3(C)[C@@]1([H])CC[C@@]1(C)[C@]2([H])CC[C@@]1([H])[C@H](C)CCCC(C)C
choline_chloride_cid6209,,,choline_chloride_cid6209.png,low,low,0.6450086460656779,wrong,,Choline Chloride,0.929,15,8,salt,salt,Choline Chloride,False,False,False,False,0.929,False,False,7,9,,[I-].[I-].[I-].[I-].[I-].[I-],,C[N+](C)(C)CCO.[Cl-].[I-].[I-].[I-].[I-].[I-].[I-].[I-]
chromium_hexacarbonyl_cid25589,,,chromium_hexacarbonyl_cid25589.png,low,low,0.6626112118650864,wrong,,Chromium hexacarbonyl,0.0,15,13,wrong,wrong,,False,False,False,False,0.0,False,False,20,8,,C=O.C=O.C=O.C=O.C=O.C=O,,C=O.C=O.C=O.C=O.C=O.C=O.C=O.[CH2+] |^1:14|
cilengitide_cid176873,,,cilengitide_cid176873.png,low,low,0.1398736042767645,wrong,,Cilengitide,0.985,84,42,exact,exact,Cilengitide,False,True,True,False,1.0,False,False,83,3,[H],CC(C)[C@H]1C(=O)N[C@@H](CCCN=C(N)N)C(=O)NCC(=O)N[C@@H](CC(=O)O)C(=O)N[C@H](Cc2ccccc2)C(=O)N1C,,CC(C)[C@H]1C(=O)N[C@@H](CCCN=C(N)N)C(=O)NCC(=O)N[C@@H](CC(=O)O)C(=O)N[C@H](Cc2ccccc2)C(=O)N1C.[H].[H]N/C(N)=N\CCC[C@@H]1NC(=O)[C@H](C(C)C)N(C)C(=O)[C@@H](Cc2ccccc2)NC(=O)[C@H](CC(=O)O)NC(=O)CNC1=O |^1:42|
ciprofloxacin_cid2764,,,ciprofloxacin_cid2764.png,high,high,0.8759507137605452,wrong,,Ciprofloxacin,0.808,24,24,charge,charge,Ciprofloxacin,False,True,False,False,0.824,False,False,3,3,[HH].[HH],,,O=C([O-])c1cn(C2CC2)c2cc(N3CCNCC3)c(F)cc2c1=O.[HH].[HH]
cis_oxalato_trans_l_1_2_diaminocyclohexaneplatinum_ii_cid9887053,,,cis_oxalato_trans_l_1_2_diaminocyclohexaneplatinum_ii_cid9887053.png,low,low,0.1734479866663287,wrong,,"cis-oxalato-trans-l-1,2-diaminocyclohexaneplatinum(II)",0.182,15,15,wrong,wrong,,False,False,False,False,0.182,False,False,4,4,[HH].[HH].[HH],,,[HH].[HH].[HH].[H][N]1C2([H])CCCCC2([HH])[NH][Pt]12[O]C(=O)C(=O)[O]2
citalopram_cid2771,,,citalopram_cid2771.png,low,low,0.8384536726518452,exact,Citalopram,Citalopram,1.0,24,24,exact,exact,Citalopram,False,False,False,False,1.0,True,True,0,1,,,,CN(C)CCCC1(c2ccc(F)cc2)OCc2cc(C#N)ccc21
citric_acid_cid311,,,citric_acid_cid311.png,low,low,0.652956824430774,wrong,,Citric Acid,0.938,13,13,exact,exact,Citric Acid,False,True,False,False,1.0,False,False,4,3,[HH].[HH],,,O=C(O)CC(O)(CC(=O)O)C(=O)O.[HH].[HH]
clarithromycin_cid84029,,,clarithromycin_cid84029.png,low,low,0.786173155282321,wrong,,Clarithromycin,0.986,52,52,exact,exact,Clarithromycin,False,True,False,False,1.0,False,False,10,6,[HH].[HH].[HH].[HH].[HH],,,CC[C@H]1OC(=O)[C@H](C)[C@@H](O[C@H]2C[C@@](C)(OC)[C@@H](O)[C@H](C)O2)[C@H](C)[C@@H](O[C@@H]2O[C@H](C)C[C@H](N(C)C)[C@H]2O)[C@](C)(OC)C[C@@H](C)C(=O)[C@H](C)[C@@H](O)[C@]1(C)O.[HH].[HH].[HH].[HH].[HH]
clobazam_cid2789,,,clobazam_cid2789.png,high,high,0.8459478769308882,exact,Clobazam,Clobazam,1.0,21,21,exact,exact,Clobazam,False,False,False,False,1.0,True,True,0,1,,,,CN1C(=O)CC(=O)N(c2ccccc2)c2cc(Cl)ccc21
clomiphene_cid2800,,,clomiphene_cid2800.png,low,low,0.8143155092044908,wrong,,Clomiphene,0.521,32,29,wrong,wrong,,False,False,False,False,0.521,False,False,8,4,I.I.I,,,CCN(CC)CCOc1ccc(C(c2ccccc2)C(Cl)c2ccccc2)cc1.I.I.I
clonidine_cid2803,,,clonidine_cid2803.png,high,high,0.8539472331740439,wrong,,Clonidine,0.933,16,14,exact,exact,Clonidine,False,True,False,False,1.0,False,False,8,5,I.I.[HH].[HH],,,Clc1cccc(Cl)c1NC1=NCCN1.I.I.[HH].[HH]
clopidogrel_cid60606,,,clopidogrel_cid60606.png,low,low,0.8072816785428034,wrong,,Clopidogrel,0.978,23,21,exact,exact,Clopidogrel,False,True,False,False,1.0,False,False,4,3,I.I,,,COC(=O)[C@H](c1ccccc1Cl)N1CCc2sccc2C1.I.I
cobaltocene_cid92884,,,cobaltocene_cid92884.png,low,low,0.4499326142630965,wrong,,Cobaltocene,0.8,11,11,wrong,near,,False,False,False,True,0.8,False,False,0,3,,c1cc[cH-]c1,[Co+4],[Co+4].[H][c-]1cccc1.c1cc[cH-]c1 |^1:0|
colchicine_cid6167,,,colchicine_cid6167.png,low,low,0.7804164951706903,wrong,,Colchicine,0.98,29,29,exact,exact,Colchicine,False,True,False,False,1.0,False,False,3,4,[H].[H].[H],,,"COc1cc2c(c(OC)c1OC)-c1ccc(OC)c(=O)cc1[C@@H](NC(C)=O)CC2.[H].[H].[H] |^1:29,30,31|"
colfosceril_palmitate_cid452110,,,colfosceril_palmitate_cid452110.png,low,low,0.4510679232640398,invalid,,,,,,invalid,invalid,,False,False,False,False,,False,,,,,,,CCCCCCCCCCCCCCCC(=O)OCC(CO[O-])OC(=O)CCCCCCCCCCCCCCC.C[N+](C)(C)CCC[O-]O.[O-].[O-].[O-].[O-].[O-].[O-].[O-].[O-]
colistin_a_cid24825758,,,colistin_a_cid24825758.png,low,low,0.04121048668634164,wrong,,Colistin A,0.887,81,82,near,near,,False,False,False,False,0.887,False,False,3,1,,,,CC[C@H](C)CCCCC(=O)N[C@H](CCN)C(=O)N[C@H](C(=O)N[C@H](CCN)C(=O)N[C@H]1CNC(=O)C([C@@H](C)O)NC(=O)[C@H](CCN)NC(=O)[C@@H](CCN)NC(=O)[C@@H](CC(C)C)NC(=O)[C@H](CC(C)C)NC(=O)[C@H](CCN)NC1=O)[C@H](C)O
colistin_cid5311054,,,colistin_cid5311054.png,low,low,0.0002865633642988962,invalid,,,,,,invalid,invalid,,False,False,False,False,,False,,,,,,,CCC(C)CCCC(=O)NC(CCN)C(=O)NC(CN[CH]1(C(=O)N[CH]23CN4C5=O=C54(=O)CNC(=O)C(CCN)NC(=O)C(CCNC)NC(=O)C(CC(C)C)NC(CC(C)C)NC(=O)C(CCN)N2C3=O)CC23NC(N2)C31)C(C)O.CCNC(=O)C(CO)NC(=O)C(CCN)C(=O)NC(CCNC)C(=O)N[CH]CC(C)C.O
congo_red_cid11313,,,congo_red_cid11313.png,low,low,0.2654212956734897,invalid,,,,,,invalid,invalid,,False,False,False,False,,False,,,,,,,NC1=CC=C(C2=CC=C(NNC3=C(N)C4=CC=CC=C4C(S(=O)(=O)[O-])=C3)C=C2)C=C1.[H]NC1=C(N)C=C(S(=O)(=O)[O-])C23=CC(=CC=C12)=C1=CC=C2C(S(=O)(=O)[O-])=CC(N)=C(N[H])C23=C1.[Na].[Na]
copper_ii_acetylacetonate_cid13669119,,,copper_ii_acetylacetonate_cid13669119.png,low,low,0.616274563136284,wrong,,Copper(II) acetylacetonate,0.2,17,15,wrong,wrong,,False,False,False,False,0.2,False,False,4,3,I.I,,,I.I.[H][C]([Cu+][C+]([H])(C(C)=O)C(C)=O)(C(C)=O)C(C)=O |C:5.2|
coronene_cid9115,,,coronene_cid9115.png,high,high,0.8577295373670836,exact,Coronene,Coronene,1.0,24,24,exact,exact,Coronene,False,False,False,False,1.0,True,True,0,1,,,,c1cc2ccc3ccc4ccc5ccc6ccc1c1c2c3c4c5c61
corticosterone_cid5753,,,corticosterone_cid5753.png,low,low,0.5852871788841195,wrong,,Corticosterone,0.98,25,25,stereo,stereo,Corticosterone,False,True,False,False,1.0,False,False,2,2,[HH],,,[HH].[H]O[C@H]1C[C@]2(C)[C@@H](C(=O)CO)CC[C@]2([H])[C@]2([H])CCC3=CC(=O)CC[C@]3(C)[C@@]12[H]
cortisol_cid5754,,,cortisol_cid5754.png,low,low,0.4355299215539438,wrong,,Cortisol,0.98,26,26,stereo,stereo,Cortisol,False,True,False,False,1.0,False,False,6,4,[HH].[HH].[HH],,,[HH].[HH].[HH].[H]O[C@H]1C[C@@]2(C)[C@]([H])(CC[C@]2(O)C(=O)CO)[C@]2([H])CCC3=CC(=O)CC[C@]3(C)[C@@]12[H]
cromolyn_cid2882,,,cromolyn_cid2882.png,high,high,0.8942994812128492,wrong,,Cromolyn,0.974,34,34,exact,exact,Cromolyn,False,True,False,False,1.0,False,False,2,3,[H].[H],,,"O=C(O)c1cc(=O)c2c(OCC(O)COc3cccc4oc(C(=O)O)cc(=O)c34)cccc2o1.[H].[H] |^1:34,35|"
crystal_violet_cid11057,,,crystal_violet_cid11057.png,low,low,0.8412812316472529,wrong,,Crystal Violet,1.0,31,29,exact,exact,Crystal Violet,False,False,True,False,1.0,False,False,2,4,,[Cl-].[Cl-],,CN(C)c1ccc(C(=C2C=CC(=[N+](C)C)C=C2)c2ccc(N(C)C)cc2)cc1.[Cl-].[Cl-].[Cl-]
cucurbit_7_uril_cb_7_hydrate_cid6096207,,,cucurbit_7_uril_cb_7_hydrate_cid6096207.png,low,low,7.704615418726803e-26,invalid,,,,,,invalid,invalid,,False,False,False,False,,False,,,,,,,CN1234C5N678C1N519%10%11C(=O)N5C%12N%13%14C(=O)NC%13%15N%13%16CN%17C(=O)N%18%19%20%21C%22%23%24C%18%25%26%27C%22%19%18%28N%23%25%19%22%29C%23%25C%30%31%32C%18%20%19%33N%23%18(C%21)C%19%20=O=C%18%21(=O)N%19%30%18%23C%19%30N%34%35%36%37C%38%39%40C%25%33%18%41N%19%20%31%21C%23%18N%30%38%19%20%21%23%25C%34%30%31=C%35%33%34%38N%35%42%43C%44%45C%35%46%47%48N%35%49%50%51%52%53C(=O)C%54%55%56N%57C%58C6(=O)N%58%546CNC%54%58C%59C%54%60%61C1%35%19%54%62%63%64N1C(=O)C%18%44%30%46%33%36%54%20%19%35%65%66C%42%21%18(=O)N%59%60%47%62%20%21%30C%39%37%23%19%33N%32%40%41%20C%22(=O)(=O)N%24%26%28%29C%19=O=C(=O)(N%58C%21)N%19(C%17%27)C%15%14%13N%13%14(CNC(=O)NC%16(=O)=O)C5%15%16N%125C%13%12%17=O=C5%14%13(=O)N%125%14C6(N6%12(C%43)(C%49%19C%55726C%19%5683%12%50)C%574=O)N%17%13%632(C%1559%51C%16%14%102%52)C%61%34%11%53%30%25%35N%45%31%48%18%38%33%64%65C1(=O)N%66
cyanocobalamin_cid166596686,,,cyanocobalamin_cid166596686.png,low,low,4.578539931340276e-07,invalid,,,,,,invalid,invalid,,False,False,False,False,,False,,,,,,,CC1=CC234(=CC1C)=C1=[N+]2(C2OC(CO)C(O)C2O)=C2N5C3=C54N21.CC[CH]C(CCC(N)=O)C(CC(N)=O)C(C)CN=C1234C56C17(C1=NC89%10%11(=N%12C8%13%14%15C9=C%12%138(=N)[CH]%149C%12CC([O-])=O=C(=N)([O-])CC[CH]%12%158C9(C)CC(N)=O)C8(C)(C)C%109(C)CCC%10(=N)([O-])=N=C(CC[CH]189%11)[O-]%10)C=25(C673(C)CCC(=O)NCC(C)O)=N4
cyclobenzaprine_cid2895,,,cyclobenzaprine_cid2895.png,low,low,0.5155559261819911,wrong,,Cyclobenzaprine,0.966,23,21,near,exact,,False,False,False,True,0.966,False,False,10,3,,C,C,C.C.CN(C)CCC=C1c2ccccc2C=Cc2ccccc21
cyclophosphamide_cid2907,,,cyclophosphamide_cid2907.png,low,low,0.7051067821993735,wrong,,Cyclophosphamide,0.964,19,14,exact,exact,Cyclophosphamide,False,True,False,False,1.0,False,False,10,6,I.I.I.I.I,,,I.I.I.I.I.O=P1(N(CCCl)CCCl)NCCCO1
cyclosporin_a_cid5284373,,,cyclosporin_a_cid5284373.png,low,low,0.06887990264826835,invalid,,,,,,invalid,invalid,,False,False,False,False,,False,,,,,,,[HH].[HH].[HH].[HH].[HH].[HH].[H].[H].[H].[H].[H].[H].[H].[H]C(C(C)CCC=CC)C1NC(=O)C(C(C)C)N(C)C(=O)C(CC(C)C)N(C)C(=O)C(CC(C)C)N(C)C(=O)C(C)NC(=O)C(C)NC(=O)C(CC(C)C)N(C)C(=O)C(C(C)C)NC(=O)C(CC(C)C)N(C)C2345=O=C6789=O=2=C36(=O=4=7)(N8(C)C(CC)NC1=O)N59C
d_fructose_cid2723872,,,d_fructose_cid2723872.png,low,low,0.7653432434540096,wrong,,D-Fructose,0.92,15,12,exact,exact,D-Fructose,False,True,False,False,1.0,False,False,8,5,I.I.I.[HH],,,I.I.I.[HH].[H]OCC1(O)OC[C@@H](O)[C@@H](O[H])[C@@H]1O
d_galactose_cid6036,,,d_galactose_cid6036.png,low,low,0.8161003279301025,wrong,,D-Galactose,0.895,13,12,exact,exact,D-Galactose,False,True,False,False,1.0,False,False,7,5,I.[HH].[HH].[H],,,I.OC[C@H]1OC(O)[C@H](O)[C@@H](O)[C@H]1O.[HH].[HH].[H] |^1:15|
d_glucose_cid5793,,,d_glucose_cid5793.png,low,low,0.8089796169080732,wrong,,D-Glucose,0.895,13,12,exact,exact,D-Glucose,False,True,False,False,1.0,False,False,7,5,I.[HH].[HH].[H],,,I.OC[C@H]1OC(O)[C@H](O)[C@@H](O)[C@@H]1O.[HH].[HH].[H] |^1:15|
d_ribose_cid10975657,,,d_ribose_cid10975657.png,low,low,0.7018301676740696,wrong,,D-Ribose,0.882,14,10,exact,exact,D-Ribose,False,True,False,False,1.0,False,False,12,7,I.I.I.I.[HH].[HH],,,I.I.I.I.OC1OC[C@@H](O)[C@@H](O)[C@H]1O.[HH].[HH]
daptomycin_cid21585658,,,daptomycin_cid21585658.png,low,low,2.611670517488299e-09,invalid,,,,,,invalid,invalid,,False,False,False,False,,False,,,,,,,C.C[CH]N[CH]CC(=O)O.O.[H]NC(=O)CC(NC123=O=C(=O)(=O)(CCCCCCCCC)N1C(C2)C3CNC(C)C(C)NCCCCCCCC)C(=O)NC(CC(=O)O)C(=O)N[CH]C(C)O[CH]12C(=O)C3NC45(=C6=C78C9C(=CC=C6)C974(=O)C4N8[CH]416NC26)C=CC=CC=C35C(=O)N[CH]12C[CH]1345C[CH](C3C(=O)O)(C4C(=O)O)C25(N)=O
desmopressin_cid5311065,,,desmopressin_cid5311065.png,low,low,0.5757284662806248,wrong,,Desmopressin,0.484,75,74,wrong,wrong,,False,False,False,False,0.484,False,False,4,1,,,,[H]NC(=O)CNC(=O)[C@@H](CCCN=C(N)N)NC(=O)[C@@H]1CCCN1C(=O)[C@H](CS)NC(=O)[C@H](CC(=O)NN)NC(=O)[C@H](CCC(N)=O)NC(=O)[C@H](Cc1ccccc1)NC(=O)[C@H](Cc1ccc(O)cc1)NC(=O)CCS
di_2h3_methyl_sulphoxide_cid75151,,,di_2h3_methyl_sulphoxide_cid75151.png,low,low,0.7638889459952144,wrong,,Di((2H3)methyl) sulphoxide,0.909,6,4,salt,exact,Di((2H3)methyl) sulphoxide,False,False,False,True,0.909,False,False,2,3,,[I-],[I-],[2H]C([2H])([2H])S(=O)C([2H])([2H])[2H].[I-].[I-]
dibenzo_18_crown_6_cid26541,,,dibenzo_18_crown_6_cid26541.png,low,low,0.8213302176866546,wrong,,Dibenzo-18-crown-6,0.944,28,26,salt,exact,Dibenzo-18-crown-6,False,False,False,True,0.944,False,False,4,3,,Cl,Cl,Cl.Cl.c1ccc2c(c1)OCCOCCOc1ccccc1OCCOCCO2
dibenzo_ghi_mno_fluoranthene_cid11831840,,,dibenzo_ghi_mno_fluoranthene_cid11831840.png,low,low,0.7655568006712428,exact,"Dibenzo(ghi,mno)fluoranthene","Dibenzo(ghi,mno)fluoranthene",1.0,20,20,exact,exact,"Dibenzo(ghi,mno)fluoranthene",False,False,False,False,1.0,True,True,0,1,,,,c1cc2ccc3ccc4ccc5ccc1c1c2c3c4c51
dichlororuthenium_2_pyridin_2_ylpyridine_cid10908382,,,dichlororuthenium_2_pyridin_2_ylpyridine_cid10908382.png,high,high,0.8732198687086555,wrong,,Dichlororuthenium;2-pyridin-2-ylpyridine,0.75,40,39,wrong,wrong,,False,False,False,False,0.75,False,False,1,5,,[Cl][Ru].c1ccc(-c2ccccn2)nc1.c1ccc(-c2ccccn2)nc1,,[Cl][Ru].[Cl][Ru].c1ccc(-c2ccccn2)nc1.c1ccc(-c2ccccn2)nc1.c1ccc(-c2ccccn2)nc1
diflunisal_cid3059,,,diflunisal_cid3059.png,high,high,0.8530448335084172,wrong,,Diflunisal,0.969,18,18,exact,exact,Diflunisal,False,True,False,False,1.0,False,False,4,3,[HH].[HH],,,O=C(O)c1cc(-c2ccc(F)cc2F)ccc1O.[HH].[HH]
dihydrotestosterone_cid10635,,,dihydrotestosterone_cid10635.png,low,low,0.7232291568002016,wrong,,Dihydrotestosterone,0.973,21,21,exact,exact,Dihydrotestosterone,False,True,False,False,1.0,False,False,2,2,[HH],,,[HH].[H][C@@]12CC[C@]3([H])[C@]([H])(CC[C@]4(C)[C@@H](O)CC[C@@]34[H])[C@@]1(C)CCC(=O)C2
diltiazem_cid39186,,,diltiazem_cid39186.png,high,high,0.8657631032182104,exact,Diltiazem,Diltiazem,1.0,29,29,exact,exact,Diltiazem,False,False,False,False,1.0,True,True,0,1,,,,COc1ccc([C@@H]2Sc3ccccc3N(CCN(C)C)C(=O)[C@@H]2OC(C)=O)cc1
dimethylmercury_cid11645,,,dimethylmercury_cid11645.png,low,low,0.5515030536261113,wrong,,Dimethylmercury,0.667,7,3,exact,exact,Dimethylmercury,False,True,False,False,1.0,False,False,4,3,II.II,,,II.II.[CH3][Hg][CH3]
diphenhydramine_cid3100,,,diphenhydramine_cid3100.png,low,low,0.1340547779347734,wrong,,Diphenhydramine,0.962,25,19,near,exact,,False,False,False,True,0.962,False,False,24,4,,CC.CC,CC,CC.CC.CC.CN(C)CCOC(c1ccccc1)c1ccccc1
disulfiram_cid3117,,,disulfiram_cid3117.png,low,low,0.3380794067976474,wrong,,Disulfiram,0.941,34,16,near,exact,,False,False,False,True,0.941,False,False,44,3,,CCN(CC)C(=S)SSC(=S)N(CC)CC,CC,CC.CCN(CC)C(=S)SSC(=S)N(CC)CC.CCN(CC)C(=S)SSC(=S)N(CC)CC
donepezil_cid3152,,,donepezil_cid3152.png,high,high,0.868379584773648,wrong,,Donepezil,0.979,29,28,salt,exact,Donepezil,False,False,False,True,0.979,False,False,2,2,,,Cl,COc1cc2c(cc1OC)C(=O)C(CC1CCN(Cc3ccccc3)CC1)C2.Cl
dopamine_cid681,,,dopamine_cid681.png,low,low,0.7053767167460926,wrong,,Dopamine,0.913,15,11,exact,exact,Dopamine,False,True,False,False,1.0,False,False,12,7,I.I.I.I.[HH].[HH],,,I.I.I.I.[HH].[HH].[H]NCCc1ccc(O)c(O)c1
doxazosin_cid3157,,,doxazosin_cid3157.png,high,high,0.8878510789070914,exact,Doxazosin,Doxazosin,1.0,33,33,exact,exact,Doxazosin,False,False,False,False,1.0,True,True,0,1,,,,[H]Nc1nc(N2CCN(C(=O)C3COc4ccccc4O3)CC2)nc2cc(OC)c(OC)cc12
doxepin_cid3158,,,doxepin_cid3158.png,low,low,4.71166297426844e-07,wrong,,Doxepin,0.028,22,21,wrong,wrong,,False,False,False,False,0.028,False,False,50,11,,CC.CC.CC.CC.CC.CC.CC.CC.CC.CC,,CC.CC.CC.CC.CC.CC.CC.CC.CC.CC.CC
doxorubicin_cid31703,,,doxorubicin_cid31703.png,low,low,0.8369035400814423,wrong,,Doxorubicin,0.986,39,39,exact,exact,Doxorubicin,False,True,False,False,1.0,False,False,8,5,[HH].[HH].[HH].[HH],,,[HH].[HH].[HH].[HH].[H]Oc1c2c(c(O)c3c1C(=O)c1cccc(OC)c1C3=O)[C@@H](O[C@H]1C[C@H](N)[C@H](O)[C@H](C)O1)C[C@](O)(C(=O)CO)C2
edoxaban_cid10280735,,,edoxaban_cid10280735.png,high,high,0.8643392219069841,wrong,,Edoxaban,0.986,37,37,exact,exact,Edoxaban,False,True,False,False,1.0,False,False,8,5,[HH].[HH].[HH].[HH],,,CN1CCc2nc(C(=O)N[C@@H]3C[C@@H](C(=O)N(C)C)CC[C@@H]3NC(=O)C(=O)Nc3ccc(Cl)cn3)sc2C1.[HH].[HH].[HH].[HH]
entacapone_cid5281081,,,entacapone_cid5281081.png,high,high,0.8573671429945742,wrong,,Entacapone,0.977,22,22,exact,exact,Entacapone,False,True,False,False,1.0,False,False,6,4,[HH].[HH].[HH],,,[HH].[HH].[HH].[H]/C(=C(/C#N)C(=O)N(CC)CC)c1cc(O)c(O)c([N+](=O)[O-])c1
eosin_cid11048,,,eosin_cid11048.png,low,low,0.7820784414511363,exact,Eosin,Eosin,1.0,31,31,exact,exact,Eosin,False,False,False,False,1.0,True,True,0,3,,[Na+],,O=C([O-])c1ccccc1-c1c2cc(Br)c(=O)c(Br)c-2oc2c(Br)c([O-])c(Br)cc12.[Na+].[Na+]
epinephrine_cid5816,,,epinephrine_cid5816.png,low,low,0.04537392455627346,wrong,,Epinephrine,0.963,118,13,exact,exact,Epinephrine,False,True,False,False,1.0,False,False,210,106,I.I.I.I.I.I.I.I.I.I.I.I.I.I.I.I.I.I.I.I.I.I.I.I.I.I.I.I.I.I.I.I.I.I.I.I.I.I.I.I.I.I.I.I.I.I.I.I.I.I.I.I.I.I.I.I.I.I.I.I.I.I.I.I.I.I.I.I.I.I.I.I.I.I.I.I.I.I.I.I.I.I.I.I.I.I.I.I.I.I.I.I.I.I.I.I.I.I.I.I.I.I.I.I.I,,,CNC[C@H](O)c1ccc(O)c(O)c1.I.I.I.I.I.I.I.I.I.I.I.I.I.I.I.I.I.I.I.I.I.I.I.I.I.I.I.I.I.I.I.I.I.I.I.I.I.I.I.I.I.I.I.I.I.I.I.I.I.I.I.I.I.I.I.I.I.I.I.I.I.I.I.I.I.I.I.I.I.I.I.I.I.I.I.I.I.I.I.I.I.I.I.I.I.I.I.I.I.I.I.I.I.I.I.I.I.I.I.I.I.I.I.I.I
epothilone_b_cid448013,,,epothilone_b_cid448013.png,high,high,0.8702328057875197,wrong,,Epothilone B,0.711,35,35,wrong,wrong,,False,False,False,False,0.711,False,False,1,2,[H],,,"[H].[H]/C(C1=C[S-]C(C)=N1)=C(/C)[C@@H]1C[C@]2([H])O[C@]2(C)CCC[C@H](C)[C@H](O)[C@@H](C)C(=O)C(C)(C)[C@@H](O)CC(=O)O1 |^1:0,5|"
epothilone_cid10838895,,,epothilone_cid10838895.png,high,high,0.8627918277446214,wrong,,Epothilone,0.703,34,34,wrong,wrong,,False,False,False,False,0.703,False,False,2,3,[H].[H],,,"[H].[H].[H]/C(C1=C[S-]C(C)=N1)=C(/C)[C@@H]1C[C@@H]2O[C@@H]2CCC[C@H](C)[C@H](O)[C@@H](C)C(=O)C(C)(C)[C@H](O)CC(=O)O1 |^1:0,1,6|"
eribulin_cid11354606,,,eribulin_cid11354606.png,low,low,1.74079587792228e-05,invalid,,,,,,invalid,invalid,,False,False,False,False,,False,,,,,,,[H]NCC([H])C[CH]OC1([H])CC23([H])OC([H])(CCC4([H])OC5([H])(CCC6789%10OC6%11%12%13%14%15%16([H])[H]C%116%17OC%11%18%19([H])C6([H])OC%126%20([H])C7C6%13([H])(OC%17%11([H])C%14([H])OC67([H])CCC([H])O%11C([H])(CC(=O)CC1[H])OC6%18([H])C%117%19[H])C%208C%15(C9C5)O%10%16)CC4=C)C1C4(C)C2[CH]1(C)C43=C
erythromycin_cid12560,,,erythromycin_cid12560.png,low,low,0.8113717215105449,wrong,,Erythromycin,0.987,51,51,exact,exact,Erythromycin,False,True,False,False,1.0,False,False,6,4,[HH].[HH].[HH],,,[HH].[HH].[HH].[H]O[C@]1(C)C[C@@H](C)C(=O)[C@H](C)[C@@H](O)[C@](C)(O)[C@@H](CC)OC(=O)[C@H](C)[C@@H](O[C@H]2C[C@@](C)(OC)[C@@H](O)[C@H](C)O2)[C@H](C)[C@H]1O[C@@H]1O[C@H](C)C[C@H](N(C)C)[C@H]1O
esomeprazole_magnesium_cid9568613,,,esomeprazole_magnesium_cid9568613.png,low,low,0.01418379755121345,invalid,,,,,,invalid,invalid,,False,False,False,False,,False,,,,,,,COC1=CC2=C(C=C1)[N-]([Mg])C1(=N2)C2([NH][Mg])S(C3=NC4(=C56=C(C=C(OC)C=C5)N=C(S(=O)(CC5=NC=C(C)C(OC)=C5C)C5=NC=C(C)C(OC)=C5C)[N-]6)=C(C=CC(OC)=C4)[N-]3)(C3=NC=C(C)C(OC)=C3C)CS21(=O)=O
estradiol_cid5757,,,estradiol_cid5757.png,low,low,0.5158272967472284,wrong,,Estradiol,0.975,20,20,stereo,stereo,Estradiol,False,True,False,False,1.0,False,False,4,3,[HH].[HH],,,[HH].[HH].[H][C@@]12CCc3cc(O)ccc3[C@@]1([H])CC[C@]1(C)[C@@H](O)CC[C@]21[H]
estriol_cid5756,,,estriol_cid5756.png,low,low,0.639206268845376,wrong,,Estriol,0.976,21,21,exact,exact,Estriol,False,True,False,False,1.0,False,False,8,5,[HH].[HH].[HH].[HH],,,[HH].[HH].[HH].[HH].[H]O[C@@H]1C[C@@]2([H])[C@]3([H])CCc4cc(O)ccc4[C@@]3([H])CC[C@]2(C)[C@H]1O
estrone_cid5870,,,estrone_cid5870.png,low,low,0.3334223028071369,wrong,,Estrone,0.975,20,20,stereo,stereo,Estrone,False,True,False,False,1.0,False,False,2,2,[HH],,,[HH].[H][C@@]12CCc3cc(O)ccc3[C@@]1([H])CC[C@]1(C)C(=O)CC[C@]21[H]
ethambutol_cid14052,,,ethambutol_cid14052.png,low,low,0.7942345064177468,wrong,,Ethambutol,0.944,14,14,exact,exact,Ethambutol,False,True,False,False,1.0,False,False,10,6,[HH].[HH].[HH].[HH].[HH],,,CC[C@@H](CO)NCCN[C@@H](CC)CO.[HH].[HH].[HH].[HH].[HH]
ethosuximide_cid3291,,,ethosuximide_cid3291.png,low,low,0.7432394564704952,wrong,,Ethosuximide,0.913,13,10,exact,exact,Ethosuximide,False,True,False,False,1.0,False,False,8,5,I.I.I.[HH],,,CCC1(C)CC(=O)NC1=O.I.I.I.[HH]
ethylenediaminetetraacetic_acid_cid6049,,,ethylenediaminetetraacetic_acid_cid6049.png,low,low,0.8021754360261054,wrong,,Ethylenediaminetetraacetic Acid,0.933,20,20,exact,exact,Ethylenediaminetetraacetic Acid,False,True,False,False,1.0,False,False,6,4,[HH].[HH].[HH],,,O=C(O)CN(CCN(CC(=O)O)CC(=O)O)CC(=O)O.[HH].[HH].[HH]
etidocaine_cid37497,,,etidocaine_cid37497.png,high,high,0.849867055707867,wrong,,Etidocaine,0.947,22,20,exact,exact,Etidocaine,False,True,False,False,1.0,False,False,6,4,I.I.[HH],,,CCCN(CC)C(CC)C(=O)Nc1c(C)cccc1C.I.I.[HH]
etodolac_cid3308,,,etodolac_cid3308.png,low,low,0.4142558667407542,invalid,,,,,,invalid,invalid,,False,False,False,False,,False,,,,,,,CCC1=CC=CC2=C3CCOC(CC)(CC(=O)O)C3=NC=12.[HH].[HH]
etoposide_cid36462,,,etoposide_cid36462.png,low,low,0.5456697948624153,exact,Etoposide,Etoposide,1.0,42,42,exact,exact,Etoposide,False,False,False,False,1.0,True,True,0,1,,,,[H]Oc1c(OC)cc([C@@H]2c3cc4c(cc3[C@@H](O[C@@H]3O[C@]5([H])CO[C@@H](C)O[C@@]5([H])[C@H](O)[C@H]3O)[C@@]3([H])COC(=O)[C@]23[H])OCO4)cc1OC
eugenol_cid3314,,,eugenol_cid3314.png,low,low,0.6849561236280726,wrong,,Eugenol,0.875,17,12,exact,exact,Eugenol,False,True,False,False,1.0,False,False,10,6,I.I.I.II.[HH],,,C=CCc1ccc(O)c(OC)c1.I.I.I.II.[HH]
everolimus_cid6442177,,,everolimus_cid6442177.png,low,low,5.434837642432742e-09,invalid,,,,,,invalid,invalid,,False,False,False,False,,False,,,,,,,O.[H].[H]C1C2[CH]3(OC)C4C(OC)C5C6([H])([H])C7CC8[CH]9%10C%11C(C)C([H])(CC(=O)C(C)C([H])=C(C)[CH]O)OC(=O)C%12([H])CCCCN%12C(=O)C(=O)C%12([CH]C)(OC)OC([H])(C[CH]24(OC)C3(C)=C[CH]5234(OC)C[CH]8%115%13%14CC[CH]68(OCC(O)OCCO7)C2([H])([H])[CH]82(OC)C956[CH]5(OC)C%103%13[CH]5624%14)O1%12
exemestane_cid60198,,,exemestane_cid60198.png,low,low,0.6521560876063195,stereo,Exemestane,Exemestane,1.0,22,22,stereo,stereo,Exemestane,False,False,False,False,1.0,True,True,0,1,,,,[H][C@@]12CC(=C)C3=CC(=O)C=C[C@]3(C)[C@@]1([H])CC[C@]1(C)C(=O)CC[C@]21[H]
fadh2_cid446013,,,fadh2_cid446013.png,low,low,9.395116663905796e-05,invalid,,,,,,invalid,invalid,,False,False,False,False,,False,,,,,,,CC1=CC2=C345=C67=C(C8=C1(C)=C3=C=813CC1(=C6)C3)N413CC(O)[CH]4(O)[CH]6(O)C(OP(=O)(O)O)[CH]4(O)(COP(=O)(O)O)[CH]6(O)C(O)CN5C145=C(N2)C(=O)NC(=O=C1(=O)NC(=O)C=4(=C3N1)N7)N5.[H]NC1N=CN=C2C1N=CN2C1OC(COPO)C(O)C1O
famciclovir_cid3324,,,famciclovir_cid3324.png,low,low,0.6714424557784922,wrong,,Famciclovir,0.977,23,23,exact,exact,Famciclovir,False,True,False,False,1.0,False,False,8,5,[HH].[HH].[HH].[HH],,,CC(=O)OCC(CCn1cnc2cnc(N)nc21)COC(C)=O.[HH].[HH].[HH].[HH]
farxiga_cid24936221,,,farxiga_cid24936221.png,low,low,0.818940864484797,wrong,,Farxiga,0.982,34,34,exact,exact,Farxiga,False,True,False,False,1.0,False,False,16,11,[HH].[HH].[HH].[HH].[HH].[HH].[HH].[HH],,,CC(O)CO.CCOc1ccc(Cc2cc([C@@H]3O[C@H](CO)[C@@H](O)[C@H](O)[C@H]3O)ccc2Cl)cc1.O.[HH].[HH].[HH].[HH].[HH].[HH].[HH].[HH]
felodipine_cid3333,,,felodipine_cid3333.png,low,low,0.8402155581829861,wrong,,Felodipine,0.976,25,25,exact,exact,Felodipine,False,True,False,False,1.0,False,False,2,2,[HH],,,CCOC(=O)C1=C(C)NC(C)=C(C(=O)OC)C1c1cccc(Cl)c1Cl.[HH]
fenofibrate_cid3339,,,fenofibrate_cid3339.png,low,low,0.823480336911734,wrong,,Fenofibrate,0.946,28,25,salt,exact,Fenofibrate,False,False,False,True,0.946,False,False,6,4,I.I,,Cl,CC(C)OC(=O)C(C)(C)Oc1ccc(C(=O)c2ccc(Cl)cc2)cc1.Cl.I.I
fenoldopam_cid3341,,,fenoldopam_cid3341.png,low,low,0.6330479777079341,wrong,,Fenoldopam,0.974,21,21,exact,exact,Fenoldopam,False,True,False,False,1.0,False,False,6,4,[HH].[HH].[HH],,,Oc1ccc(C2CNCCc3c2cc(O)c(O)c3Cl)cc1.[HH].[HH].[HH]
fenoprofen_cid3342,,,fenoprofen_cid3342.png,low,low,0.727506691628593,wrong,,Fenoprofen,0.967,20,18,exact,exact,Fenoprofen,False,True,False,False,1.0,False,False,6,4,I.I.[HH],,,CC(C(=O)O)c1cccc(Oc2ccccc2)c1.I.I.[HH]
fentanyl_cid3345,,,fentanyl_cid3345.png,low,low,0.7865832895467558,wrong,,Fentanyl,0.976,30,25,exact,exact,Fentanyl,False,True,False,False,1.0,False,False,10,6,I.I.I.I.I,,,CCC(=O)N(c1ccccc1)C1CCN(CCc2ccccc2)CC1.I.I.I.I.I
ferrocene_cid10219726,,,ferrocene_cid10219726.png,low,low,0.6172880539486274,wrong,,Ferrocene,0.231,11,11,wrong,wrong,,False,False,False,False,0.231,False,False,2,3,,C1=CCC=C1,,C1=CCC=C1.C1=CCC=C1.[Fe]
fexofenadine_cid3348,,,fexofenadine_cid3348.png,low,low,0.8309857733947921,wrong,,Fexofenadine,0.941,38,37,exact,exact,Fexofenadine,False,True,False,False,1.0,False,False,7,6,I.[HH].[H].[H].[H],,,"CC(C)(C(=O)O)c1ccc(C(O)CCCN2CCC(C(O)(c3ccccc3)c3ccccc3)CC2)cc1.I.[HH].[H].[H].[H] |^1:39,40,41|"
fidaxomicin_cid10034073,,,fidaxomicin_cid10034073.png,low,low,0.003032818598284466,invalid,,,,,,invalid,invalid,,False,False,False,False,,False,,,,,,,[H]C1=CCC(O)C([H])=CC(CC)C(OC2OC(C)(C)C(OC(=O)C(C)C)C(O)C2O)C(C)=CC2([H])=C(C2)C2C3([H])CC23OC(=O)C2(COC3OC(C)C(OC(=O)C4=C(CC)C(Cl)=C(O)C(Cl)=C4O)C(O)C3OC)=C(C([H])([H])=C)C3(O)=C1C32([H])=O
fimasartan_cid9870652,,,fimasartan_cid9870652.png,high,high,0.8465441200120042,wrong,,Fimasartan,0.985,36,36,exact,exact,Fimasartan,False,True,False,False,1.0,False,False,2,2,[HH],,,CCCCc1nc(C)c(CC(=S)N(C)C)c(=O)n1Cc1ccc(-c2ccccc2-c2nn[nH]n2)cc1.[HH]
finasteride_cid57363,,,finasteride_cid57363.png,low,low,0.7933360672564023,wrong,,Finasteride,0.962,27,27,exact,exact,Finasteride,False,True,False,False,1.0,False,False,3,3,[HH].[H],,,[HH].[H].[H][C@@]12CC[C@@]3([H])NC(=O)C=C[C@]3(C)[C@@]1([H])CC[C@]1(C)[C@@H](C(=O)NC(C)(C)C)CC[C@@]21[H] |^1:1|
flecainide_cid3356,,,flecainide_cid3356.png,low,low,0.7602947398265927,wrong,,Flecainide,0.98,28,28,exact,exact,Flecainide,False,True,False,False,1.0,False,False,6,4,[HH].[HH].[HH],,,O=C(NCC1CCCCN1)c1cc(OCC(F)(F)F)ccc1OCC(F)(F)F.[HH].[HH].[HH]
fludrocortisone_cid31378,,,fludrocortisone_cid31378.png,low,low,0.4442380915065169,wrong,,Fludrocortisone,0.981,27,27,stereo,stereo,Fludrocortisone,False,True,False,False,1.0,False,False,4,4,[HH].[H].[H],,,"[HH].[H].[H].[H]O[C@H]1C[C@@]2(C)[C@]([H])(CC[C@]2(O)C(=O)CO)[C@]2([H])CCC3=CC(=O)CC[C@]3(C)[C@@]12F |^1:1,2|"
fluorescein_cid16850,,,fluorescein_cid16850.png,high,high,0.8607701797861654,wrong,,Fluorescein,0.971,25,25,exact,exact,Fluorescein,False,True,False,False,1.0,False,False,4,3,[HH].[HH],,,O=C1OC2(c3ccc(O)cc3Oc3cc(O)ccc32)c2ccccc21.[HH].[HH]
fluoxetine_cid3386,,,fluoxetine_cid3386.png,low,low,0.7748103524233776,wrong,,Fluoxetine,0.973,25,22,exact,exact,Fluoxetine,False,True,False,False,1.0,False,False,6,4,I.I.I,,,CNCCC(Oc1ccc(C(F)(F)F)cc1)c1ccccc1.I.I.I
flurbiprofen_cid3394,,,flurbiprofen_cid3394.png,high,high,0.8833756502237218,wrong,,Flurbiprofen,0.969,18,18,exact,exact,Flurbiprofen,False,True,False,False,1.0,False,False,2,2,[HH],,,[HH].[H]C(C)(C(=O)O)c1ccc(-c2ccccc2)c(F)c1
flutamide_cid3397,,,flutamide_cid3397.png,low,low,0.704226195998176,wrong,,Flutamide,0.974,19,19,exact,exact,Flutamide,False,True,False,False,1.0,False,False,6,4,[HH].[HH].[HH],,,CC(C)C(=O)Nc1ccc([N+](=O)[O-])c(C(F)(F)F)c1.[HH].[HH].[HH]
formic_acid_cid284,,,formic_acid_cid284.png,low,low,0.5930169615665858,wrong,,Formic Acid,0.75,7,3,near,exact,,False,True,False,True,0.857,False,False,11,5,I.I.I,,C,C.I.I.I.[H]C(=O)O
formoterol_cid3410,,,formoterol_cid3410.png,high,high,0.8595725097834541,wrong,,Formoterol,0.96,26,25,exact,exact,Formoterol,False,True,False,False,1.0,False,False,8,5,I.[HH].[HH].[HH],,,I.[HH].[HH].[HH].[H]C(=O)Nc1cc(C(O)CNC(C)Cc2ccc(OC)cc2)ccc1O
foscarnet_cid3415,,,foscarnet_cid3415.png,low,low,0.6307707315516983,wrong,,Foscarnet,0.833,12,7,exact,exact,Foscarnet,False,True,False,False,1.0,False,False,12,7,I.I.I.I.I.[HH],,,I.I.I.I.I.O=C(O)P(=O)(O)O.[HH]
fosfomycin_cid446987,,,fosfomycin_cid446987.png,low,low,0.6513385435233969,wrong,,Fosfomycin,0.941,8,8,exact,exact,Fosfomycin,False,True,False,False,1.0,False,False,4,3,[HH].[HH],,,C[C@@H]1O[C@@H]1P(=O)(O)O.[HH].[HH]
fullerenes_cid123591,,,fullerenes_cid123591.png,low,low,8.210743684688935e-40,invalid,,,,,,invalid,invalid,,False,False,False,False,,False,,,,,,,C1=C23C456=C789%10C%11%12%13=C%14%15%16C%17%18%19=C%20%21%22C%23%24%25=C%26%27C%28%29%30%31=C%32C%33%34%35=CC%36%37C%38%39=C%36%40%41C%33%36%42=C%34%33%43C%40%36%34=C%38%41%36%40C%38=C%41%44%45C%46%47%48=C%36%49%50C%46%36%51=C%46%52%53C%54%55%56=C%57%58%59%60C%61%62%63%64=C%46%54%65%66%67C%46%54=C%68(C%69=C%70%71C%37%68%72C%70%39%37%68=C%69%71%39%70C%37%69%71%73=C%47%40%68C%72%41%36%49%37=C%44%48%36%40C%45%41%44=C%55%36%45%47%48C%52%56%41%36=C%57%45%41%49%52C%45%55%56=C%47%57%68%72=C%26%23%28%47%74%75%76%77%78C%23%26%28=C%79C=%45%47%80%81%82C%57%41%45%47%83=C%68%80%74%41%57(C%23%29%75%68%74%80=C%40%23%29C%38%42%33%34%68%40=C%26%30C%35%28%43%23%31%40%74%41%76=C%32%44%29%72%80%57%77)C%79%27%24%20%81%45%78=C%25%17%21%82%49C%18%14%22%55%47%17%20=C%11%157%14%18%21=C%12%19%16%52%177C%58%14%20(=C%56%59%36%48%837)C%60%61%65%187%11=C%12%14=C%66%15%16=C%62%17%18C%15%67%19%20=C%12%17%15%22%23C%12%17%24%25=C%69%39%26%27C%71%70%12%28=C%26%17%15%12C%16%27%28%24(=C%51%50%73%37)C2%14%18%25%12%19%22=C4%20%232C58(=C3%46%539%63)C%1367%21=C%10%642%11)C1%54
furan_cid8029,,,furan_cid8029.png,low,low,0.5924752560678168,wrong,,Furan,0.727,10,5,exact,exact,Furan,False,True,False,False,1.0,False,False,8,5,I.I.I.II,,,I.I.I.II.c1ccoc1
gabapentin_cid3446,,,gabapentin_cid3446.png,low,low,0.5962954997134154,wrong,,Gabapentin,0.957,12,12,exact,exact,Gabapentin,False,True,False,False,1.0,False,False,4,3,[HH].[HH],,,NCC1(CC(=O)O)CCCCC1.[HH].[HH]
gadopentetate_dimeglumine_cid55466,,,gadopentetate_dimeglumine_cid55466.png,low,low,0.3053679609211346,stereo,Gadopentetate Dimeglumine,Gadopentetate Dimeglumine,1.0,54,54,stereo,stereo,Gadopentetate Dimeglumine,False,False,False,False,1.0,True,True,0,4,,,,CNC[C@H](O)[C@@H](O)[C@H](O)[C@@H](O)CO.CNC[C@H](O)[C@H](O)[C@H](O)[C@@H](O)CO.O=C([O-])CN(CCN(CC(=O)[O-])CC(=O)O)CCN(CC(=O)[O-])CC(=O)O.[Gd+3] |^1:53|
geldanamycin_cid5288382,,,geldanamycin_cid5288382.png,low,low,0.004795763699576303,invalid,,,,,,invalid,invalid,,False,False,False,False,,False,,,,,,,[H]NC(=O)O[CH]12C3=C45[H]C([H])(=C([H])C6([H])=C78(C)=C9%10%11=C6(C)(C([H])(=C4[H])[H]9)C7%10(=O)N%11C=CC(=O)C(OC)=C4(=C(OC)C(=O)C=C(NC8=O)C4=O)CC(C)CC(OC)C(O)C(C)=C([H])C1C)[CH]52(OC)O3C
gemcitabine_cid60750,,,gemcitabine_cid60750.png,low,low,0.8406710166146361,wrong,,Gemcitabine,0.952,19,18,exact,exact,Gemcitabine,False,True,False,False,1.0,False,False,6,4,I.[HH].[HH],,,I.[HH].[HH].[H]O[C@@H]1[C@@H](CO)O[C@@H](n2ccc(N)nc2=O)C1(F)F
gemfibrozil_cid3463,,,gemfibrozil_cid3463.png,low,low,0.7274996623731432,wrong,,Gemfibrozil,0.971,24,18,exact,exact,Gemfibrozil,False,True,False,False,1.0,False,False,12,7,I.I.I.I.I.I,,,Cc1ccc(C)c(OCCCC(C)(C)C(=O)O)c1.I.I.I.I.I.I
gentamicin_cid3467,,,gentamicin_cid3467.png,low,low,0.4830513248473833,invalid,,,,,,invalid,invalid,,False,False,False,False,,False,,,,,,,[HH].[H].[H].[H].[H].[H].[H]NC1CCC2(OC1OC1C(N[H])CC(N)C(OC3OCC(C)([O-])C(NC)C3O[H])C1O)C([H])(C)[H]C2([H])(C)NC
ginsenoside_rb1_cid9898279,,,ginsenoside_rb1_cid9898279.png,low,low,3.00385501342715e-05,invalid,,,,,,invalid,invalid,,False,False,False,False,,False,,,,,,,CCOC1OC(CO)C(O)C(O)C1O.[H]C12(C)C(OC3OC(CO)C(O)C(O)C3O)C3CC45([CH]C[CH]6(O)C789([H])C(O)C67([H])(C8(C)CCC41C(C)(C)[CH]3(OC1OC(CO)C(O)C(O)C1O)CC5)C9(OCC=C(C)C)OC1OC(CO)C(O)C(O)C1O)C2CC
glibenclamide_cid3488,,,glibenclamide_cid3488.png,high,high,0.9014814225490662,exact,Glibenclamide,Glibenclamide,1.0,33,33,exact,exact,Glibenclamide,False,False,False,False,1.0,True,True,0,1,,,,COc1ccc(Cl)cc1C(=O)NCCc1ccc(S(=O)(=O)NC(=O)NC2CCCCC2)cc1
gliclazide_cid3475,,,gliclazide_cid3475.png,low,low,0.2416770742162812,invalid,,,,,,invalid,invalid,,False,False,False,False,,False,,,,,,,[H]N(C(=O)NS(=O)(=O)C1=CC=C(C)C=C1)N1CC2CCCC2(C2CCC3CN(NC(=O)N([H])S(=O)(=O)=O)CC32)C1
glipizide_cid3478,,,glipizide_cid3478.png,high,high,0.8601521294003949,wrong,,Glipizide,0.981,33,31,exact,exact,Glipizide,False,True,False,False,1.0,False,False,4,3,I.I,,,Cc1cnc(C(=O)NCCc2ccc(S(=O)(=O)NC(=O)NC3CCCCC3)cc2)cn1.I.I
glutathione_cid124886,,,glutathione_cid124886.png,low,low,0.8255774636404564,wrong,,Glutathione,0.972,20,20,exact,exact,Glutathione,False,True,False,False,1.0,False,False,12,7,[HH].[HH].[HH].[HH].[HH].[HH],,,[HH].[HH].[HH].[HH].[HH].[HH].[H]N(CC(=O)O)C(=O)[C@H](CS)NC(=O)CC[C@H](N)C(=O)O
glycerol_cid753,,,glycerol_cid753.png,low,low,0.769062277368316,wrong,,Glycerol,0.818,8,6,exact,exact,Glycerol,False,True,False,False,1.0,False,False,6,4,I.I.[HH],,,I.I.OCC(O)CO.[HH]
glycine_cid750,,,glycine_cid750.png,low,low,0.6420657534984386,wrong,,Glycine,0.833,9,5,exact,exact,Glycine,False,True,False,False,1.0,False,False,9,6,I.I.I.I.[H],,,I.I.I.I.[H].[H]NCC(=O)O |^1:4|
glycopyrronium_cid3494,,,glycopyrronium_cid3494.png,low,low,0.2782862549902912,wrong,,Glycopyrronium,0.511,23,23,wrong,wrong,,False,False,False,False,0.511,False,False,8,2,[HH],,,[HH].[H]C1(OC(=O)C(O)(C2CCCC2)C2CCCC2)CC[N+](C)(C)CC1
glycyrrhizin_cid14982,,,glycyrrhizin_cid14982.png,low,low,0.008619627710101779,invalid,,,,,,invalid,invalid,,False,False,False,False,,False,,,,,,,[H].[H].[H]CCC(C)(CCC12(C)CCC(C)(C(=O)O)CC13([H])C1=C4=C356=CC37=C89C%10(C)(CCC%11([H])C(C)(C)C(OC%12OC(C(=O)O)C(O)C(O)C%12OC%12OC(C(=O)O)C(O)C(O)C%12O)CCC%118%12(C)C3=C93(O)(=OC4=C%10%123)=C75)C16(C)CC2)C(=O)O
glyphosate_cid3496,,,glyphosate_cid3496.png,low,low,0.7081347769415558,wrong,,Glyphosate,0.95,14,10,exact,exact,Glyphosate,False,True,False,False,1.0,False,False,10,6,I.I.I.I.[HH],,,I.I.I.I.[HH].[H]N(CC(=O)O)CP(=O)(O)O
goserelin_cid5311128,,,goserelin_cid5311128.png,low,low,0.06042776489632346,invalid,,,,,,invalid,invalid,,False,False,False,False,,False,,,,,,,[H]NC(=O)N1NC1(=O)C1CCCN1C(=O)C(CCCN=C(N)N)NC(=O)C(CC(C)C)NC(=O)C(COC(C)(C)C)NC(=O)C(CC1=CC=C(O[H])C=C1)NC(=O)C(CO)N([H])C(=O)C(CC1=CNC2=CC=CC=C12)NC(=O)C(CC1=CN=CN1)NC(=O)C1CCC(=O)N1
gramicidin_s_cid73357,,,gramicidin_s_cid73357.png,low,low,2.439357221989869e-06,invalid,,,,,,invalid,invalid,,False,False,False,False,,False,,,,,,,[H]NC12=O=C(=O)(N[H])[CH]13NC(=O)C1456CC789%10CC(C7)(C8C2NC1(=O)C4(CCCN)C5C([H])NCC1CC2=C(=C4(=CC=CC=C4)CC4NC(=O)[CH]578(CCC)NC(=O)[CH](NC(=O)C%11%12([H])NC%13%14%15%16=O=C(=O)(=O=%13)(N%11%14)[CH]%15%11%13%14%17N%15[CH]N%11%18C%12%13[CH]%15%18%16%11C%14%12CC%11%17(C)(C)(C)C%12)(NC4=O)C(=O)([CH]CC)N5C(C7C(C)C)C8(=O)N1)C=CC=C2)(C39)C%106
guaifenesin_cid3516,,,guaifenesin_cid3516.png,low,low,0.7944182384102472,wrong,,Guaifenesin,0.9,16,14,exact,exact,Guaifenesin,False,True,False,False,1.0,False,False,10,6,II.[HH].[HH].[HH].[HH],,,COc1ccccc1OCC(O)CO.II.[HH].[HH].[HH].[HH]
guanidine_hydrochloride_cid5742,,,guanidine_hydrochloride_cid5742.png,low,low,0.7698437942436523,wrong,,Guanidine Hydrochloride,0.462,7,5,exact,exact,Guanidine Hydrochloride,False,True,False,False,1.0,False,False,6,6,I.I.[H].[H],,,"I.I.[H].[H].[H]/N=C(\N)N[H].[H]Cl |^1:2,3|"
halichondrin_b_cid5488895,,,halichondrin_b_cid5488895.png,low,low,4.372754800597567e-18,invalid,,,,,,invalid,invalid,,False,False,False,False,,False,,,,,,,[H]C(OC1O23C4C56OC57([H])C([H])([H])C758([H])OC([H])([H])[H]C79%10OC([H])C([H])([H])C7O7[CH]9(OC7%10([H])C([H])OCC([H])O)[H]79C([H])([H])C6([H])([H])C75([H])([H])C98([H])C[CH]42OC13([H])[H])C([H])([H])OC([H])C([H])([H])C([H])([H])C1([H])([H])C([H])([H])C1([H])([H])C12([H])([H])C3C1([H])([H])C32([H])[H]
haloperidol_cid3559,,,haloperidol_cid3559.png,low,low,0.8383405714145706,wrong,,Haloperidol,0.956,27,26,exact,exact,Haloperidol,False,True,False,False,1.0,False,False,4,4,I.[H].[H],,,"I.O=C(CCCN1CCC(O)(c2ccc(Cl)cc2)CC1)c1ccc(F)cc1.[H].[H] |^1:27,28|"
heme_b_cid4973,,,heme_b_cid4973.png,low,low,0.0001227438196864121,invalid,,,,,,invalid,invalid,,False,False,False,False,,False,,,,,,,C=CC12=C(C)C345=[N]6(=C7(C13C)C41=C348=C75=C135C1(C)=C(CCC(=O)O)C37=CC9(C(=CC)CCC(=O)O)=[N][Fe]6([N](C)C6%10=C(C)C=6%11C=C=C%11%10=C)[N]354C(=C9)C=17(CCC(=O)O)=C8C)C2=CCNC.[HH].[HH]
heparin_disaccharide_i_s_cid5288499,,,heparin_disaccharide_i_s_cid5288499.png,low,low,0.728963068300485,wrong,,Heparin Disaccharide I-S,0.982,35,35,exact,exact,Heparin Disaccharide I-S,False,True,False,False,1.0,False,False,20,11,[HH].[HH].[HH].[HH].[HH].[HH].[HH].[HH].[HH].[HH],,,O=C([O-])C1=C[C@H](O)[C@@H](OS(=O)(=O)[O-])[C@H](O[C@H]2[C@H](O)[C@@H](NS(=O)(=O)[O-])[C@@H](O)O[C@@H]2COS(=O)(=O)[O-])O1.[HH].[HH].[HH].[HH].[HH].[HH].[HH].[HH].[HH].[HH]
hexadecyltrimethylammonium_bromide_cid5974,,,hexadecyltrimethylammonium_bromide_cid5974.png,low,low,0.636788011309078,wrong,,Hexadecyltrimethylammonium Bromide,1.0,19,21,near,near,,False,False,False,False,1.0,False,False,6,2,,,,CCCCCCCCCCCCCC[N+](C)(C)C.[Br-]
hexamethylenetetramine_cid4101,,,hexamethylenetetramine_cid4101.png,low,low,0.2535222423049924,wrong,,Hexamethylenetetramine,0.857,12,10,exact,exact,Hexamethylenetetramine,False,True,False,False,1.0,False,False,4,3,I.I,,,C1N2CN3CN1CN(C2)C3.I.I
histamine_cid774,,,histamine_cid774.png,low,low,0.6562956013408032,wrong,,Histamine,0.955,13,8,exact,exact,Histamine,False,True,False,False,1.0,False,False,10,6,I.I.I.I.I,,,I.I.I.I.I.[H]NCCc1cnc[nH]1
hydralazine_cid3637,,,hydralazine_cid3637.png,low,low,0.7155470167353348,wrong,,Hydralazine,0.962,16,12,exact,exact,Hydralazine,False,True,False,False,1.0,False,False,8,5,I.I.I.I,,,I.I.I.I.[H]NNc1nncc2ccccc12
hydrogen_peroxide_cid784,,,hydrogen_peroxide_cid784.png,low,low,0.4769223945749796,wrong,,Hydrogen Peroxide,0.0,12,2,wrong,wrong,,False,False,False,False,0.0,False,False,16,12,,[I-].[I-].[I-].[I-].[I-].[I-].[I-].[I-].[I-].[I-].[I-],,[I-].[I-].[I-].[I-].[I-].[I-].[I-].[I-].[I-].[I-].[I-].[I-]
hydroxychloroquine_cid3652,,,hydroxychloroquine_cid3652.png,low,low,0.7959408036932061,wrong,,Hydroxychloroquine,0.98,23,23,exact,exact,Hydroxychloroquine,False,True,False,False,1.0,False,False,2,2,[HH],,,[HH].[H]C(C)(CCCN(CC)CCO)Nc1ccnc2cc(Cl)ccc12
hydroxyurea_cid3657,,,hydroxyurea_cid3657.png,low,low,0.6201702199764951,wrong,,Hydroxyurea,0.909,10,5,exact,exact,Hydroxyurea,False,True,False,False,1.0,False,False,10,6,I.I.I.I.I,,,I.I.I.I.I.[H]NC(=O)N([H])O
hypericin_cid3663,,,hypericin_cid3663.png,low,low,0.354517975119803,invalid,,,,,,invalid,invalid,,False,False,False,False,,False,,,,,,,CC1=CC(=O)C2=C(O)C3=C(O)C=C(O)C4=C3C3=C5=C67=C4C(O)=CC(O)=C6C(O)=C74C(=O)C=C(C)C(=C54)C1=C23.[H].[H].[H].[H].[H]
ibrutinib_cid24821094,,,ibrutinib_cid24821094.png,high,high,0.8596523630452456,wrong,,Ibrutinib,0.968,34,33,exact,exact,Ibrutinib,False,True,False,False,1.0,False,False,4,4,I.[H].[H],,,"C=CC(=O)N1CCC[C@@H](n2nc(-c3ccc(Oc4ccccc4)cc3)c3c(N)ncnc32)C1.I.[H].[H] |^1:34,35|"
ibuprofen_cid3672,,,ibuprofen_cid3672.png,low,low,0.7007364720799345,wrong,,"Ibuprofen, (+-)-",0.893,17,15,exact,exact,"Ibuprofen, (+-)-",False,True,False,False,1.0,False,False,4,3,II.[HH],,,CC(C)Cc1ccc(C(C)C(=O)O)cc1.II.[HH]
ibutilide_cid60753,,,ibutilide_cid60753.png,low,low,0.8421678627913473,wrong,,Ibutilide,0.953,28,26,exact,exact,Ibutilide,False,True,False,False,1.0,False,False,6,4,I.I.[HH],,,CCCCCCCN(CC)CCCC(O)c1ccc(NS(C)(=O)=O)cc1.I.I.[HH]
ifosfamide_cid3690,,,ifosfamide_cid3690.png,low,low,0.7938059701787568,wrong,,Ifosfamide,0.968,17,14,exact,exact,Ifosfamide,False,True,False,False,1.0,False,False,6,4,I.I.I,,,I.I.I.[H]N(CCCl)P1(=O)OCCCN1CCCl
imatinib_cid5291,,,imatinib_cid5291.png,high,high,0.9106738813562522,exact,Imatinib,Imatinib,1.0,37,37,exact,exact,Imatinib,False,False,False,False,1.0,True,True,0,1,,,,Cc1ccc(NC(=O)c2ccc(CN3CCN(C)CC3)cc2)cc1Nc1nccc(-c2cccnc2)n1
imidacloprid_cid86287518,,,imidacloprid_cid86287518.png,low,low,0.7285144907663241,wrong,,Imidacloprid,0.976,18,17,exact,exact,Imidacloprid,False,True,False,False,1.0,False,False,2,2,I,,,I.[H]N1CCN(Cc2ccc(Cl)nc2)/C1=N/[N+](=O)[O-]
imidazole_cid795,,,imidazole_cid795.png,low,low,0.6467795445037612,wrong,,Imidazole,0.929,9,5,exact,exact,Imidazole,False,True,False,False,1.0,False,False,8,5,I.I.I.I,,,I.I.I.I.c1c[nH]cn1
imipramine_cid3696,,,imipramine_cid3696.png,low,low,0.0001311142499102828,wrong,,Imipramine,0.0,120,21,wrong,wrong,,False,False,False,False,0.0,False,False,559,120,,C.C.C.C.C.C.C.C.C.C.C.C.C.C.C.C.C.C.C.C.C.C.C.C.C.C.C.C.C.C.C.C.C.C.C.C.C.C.C.C.C.C.C.C.C.C.C.C.C.C.C.C.C.C.C.C.C.C.C.C.C.C.C.C.C.C.C.C.C.C.C.C.C.C.C.C.C.C.C.C.C.C.C.C.C.C.C.C.C.C.C.C.C.C.C.C.C.C.C.C.C.C.C.C.C.C.C.C.C.C.C.C.C.C.C.C.C.C.C,,C.C.C.C.C.C.C.C.C.C.C.C.C.C.C.C.C.C.C.C.C.C.C.C.C.C.C.C.C.C.C.C.C.C.C.C.C.C.C.C.C.C.C.C.C.C.C.C.C.C.C.C.C.C.C.C.C.C.C.C.C.C.C.C.C.C.C.C.C.C.C.C.C.C.C.C.C.C.C.C.C.C.C.C.C.C.C.C.C.C.C.C.C.C.C.C.C.C.C.C.C.C.C.C.C.C.C.C.C.C.C.C.C.C.C.C.C.C.C.C
indigo_carmine_cid2723854,,,indigo_carmine_cid2723854.png,high,high,0.8940292225317509,wrong,,Indigo carmine,0.854,30,30,near,near,,False,False,False,False,0.854,False,True,0,2,,,,"O=C1C(c2[nH]c3ccc(S(=O)(=O)[O-][Na+])cc3c2O)=Nc2ccc(S(=O)(=O)[O-])cc21.[Na+] |13,C:12.12|"
indigo_cid10215,,,indigo_cid10215.png,low,low,0.6787223237946263,wrong,,Indigo,0.971,20,20,exact,exact,Indigo,False,True,False,False,1.0,False,False,4,3,[HH].[HH],,,O=C1C(c2[nH]c3ccccc3c2O)=Nc2ccccc21.[HH].[HH]
indole_cid798,,,indole_cid798.png,low,low,0.7113362132308624,wrong,,Indole,0.895,13,9,exact,exact,Indole,False,True,False,False,1.0,False,False,10,6,I.I.I.I.[HH],,,I.I.I.I.[HH].c1ccc2[nH]ccc2c1
indomethacin_cid3715,,,indomethacin_cid3715.png,low,low,0.6587539472903882,wrong,,Indomethacin,0.978,25,25,exact,exact,Indomethacin,False,True,False,False,1.0,False,False,2,2,[HH],,,COc1ccc2c(c1)c(CC(=O)O)c(C)n2C(=O)c1ccc(Cl)cc1.[HH]
irbesartan_cid3749,,,irbesartan_cid3749.png,high,high,0.854116336232515,wrong,,Irbesartan,0.966,33,32,exact,exact,Irbesartan,False,True,False,False,1.0,False,False,4,3,I.[HH],,,CCCCC1=NC2(CCCC2)C(=O)N1Cc1ccc(-c2ccccc2-c2nn[nH]n2)cc1.I.[HH]
iron_pentacarbonyl_cid26040,,,iron_pentacarbonyl_cid26040.png,low,low,0.6354789588715083,wrong,,Iron pentacarbonyl,0.286,14,11,wrong,wrong,,False,False,False,False,0.286,False,False,15,10,,C=O.C=O.C=O.[I-].[I-].[I-].[I-],,C=O.C=O.C=O.C=O.[Fe].[I-].[I-].[I-].[I-].[I-]
isoniazid_cid3767,,,isoniazid_cid3767.png,low,low,0.6757149366689321,wrong,,Isoniazid,0.875,16,10,exact,exact,Isoniazid,False,True,False,False,1.0,False,False,10,6,I.I.I.I.II,,,I.I.I.I.II.[H]N(N)C(=O)c1ccncc1
isosorbide_dinitrate_cid6883,,,isosorbide_dinitrate_cid6883.png,low,low,0.7049973458838615,wrong,,Isosorbide Dinitrate,0.808,16,16,wrong,wrong,,False,False,False,False,0.808,False,False,1,1,,,,[H][C@]12OC[C@@H](O[N+](=O)O)[C@@]1([H])OC[C@@H]2O[N+](=O)[O-]
isosorbide_mononitrate_cid27661,,,isosorbide_mononitrate_cid27661.png,low,low,0.209887801821377,invalid,,,,,,invalid,invalid,,False,False,False,False,,False,,,,,,,[HH].[H].[H]C12([HH])OCC(O[N+](=O)[O-])C13([H])OC[CH]23O
isradipine_cid3784,,,isradipine_cid3784.png,high,high,0.8835649525021614,exact,Isradipine,Isradipine,1.0,27,27,exact,exact,Isradipine,False,False,False,False,1.0,True,True,0,1,,,,COC(=O)C1=C(C)NC(C)=C(C(=O)OC(C)C)C1c1cccc2nonc12
ivosidenib_cid71657455,,,ivosidenib_cid71657455.png,low,low,0.7500498930577167,wrong,,Ivosidenib,0.976,41,41,exact,exact,Ivosidenib,False,True,False,False,1.0,False,False,3,3,[HH].[H],,,[HH].[H].[H]N(C(=O)[C@H](c1ccccc1Cl)N(C(=O)[C@@H]1CCC(=O)N1c1cc(C#N)ccn1)c1cncc(F)c1)C1CC(F)(F)C1 |^1:1|
ixabepilone_cid6445540,,,ixabepilone_cid6445540.png,high,high,0.8513313283911143,wrong,,Ixabepilone,1.0,35,35,exact,exact,Ixabepilone,False,True,False,False,1.0,False,False,1,2,[H],,,[H].[H]O[C@H]1[C@@H](C)CCC[C@@]2(C)O[C@@]2([H])C[C@@H](/C(C)=C(\[H])c2csc(C)n2)NC(=O)C[C@H](O)C(C)(C)C(=O)[C@@H]1C |^1:0|
ketamine_cid3821,,,ketamine_cid3821.png,low,low,0.02471268477271408,wrong,,Ketamine,0.0,120,16,wrong,wrong,,False,False,False,False,0.0,False,False,574,120,,C.C.C.C.C.C.C.C.C.C.C.C.C.C.C.C.C.C.C.C.C.C.C.C.C.C.C.C.C.C.C.C.C.C.C.C.C.C.C.C.C.C.C.C.C.C.C.C.C.C.C.C.C.C.C.C.C.C.C.C.C.C.C.C.C.C.C.C.C.C.C.C.C.C.C.C.C.C.C.C.C.C.C.C.C.C.C.C.C.C.C.C.C.C.C.C.C.C.C.C.C.C.C.C.C.C.C.C.C.C.C.C.C.C.C.C.C.C.C,,C.C.C.C.C.C.C.C.C.C.C.C.C.C.C.C.C.C.C.C.C.C.C.C.C.C.C.C.C.C.C.C.C.C.C.C.C.C.C.C.C.C.C.C.C.C.C.C.C.C.C.C.C.C.C.C.C.C.C.C.C.C.C.C.C.C.C.C.C.C.C.C.C.C.C.C.C.C.C.C.C.C.C.C.C.C.C.C.C.C.C.C.C.C.C.C.C.C.C.C.C.C.C.C.C.C.C.C.C.C.C.C.C.C.C.C.C.C.C.C
ketorolac_cid3826,,,ketorolac_cid3826.png,low,low,0.436947656139469,wrong,,Ketorolac,0.943,20,19,near,exact,,False,False,False,True,0.943,False,False,6,3,[H],,C,C.[H].[H]C1(C(=O)O)CCn2c(C(=O)c3ccccc3)ccc21 |^1:1|
l_alanine_cid5950,,,l_alanine_cid5950.png,low,low,0.6414676826864133,wrong,,L-Alanine,0.923,10,6,exact,exact,L-Alanine,False,True,False,False,1.0,False,False,8,5,I.I.I.I,,,I.I.I.I.[H]N[C@@H](C)C(=O)O
l_arginine_cid6322,,,l_arginine_cid6322.png,low,low,0.7414630781275603,wrong,,L-Arginine,0.96,12,12,exact,exact,L-Arginine,False,True,False,False,1.0,False,False,14,8,[HH].[HH].[HH].[HH].[HH].[HH].[HH],,,[HH].[HH].[HH].[HH].[HH].[HH].[HH].[H]N/C(N)=N/CCC[C@H](N)C(=O)O
l_ascorbic_acid_cid54670067,,,l_ascorbic_acid_cid54670067.png,low,low,0.810967720415733,wrong,,L-Ascorbic Acid,0.926,14,12,exact,exact,L-Ascorbic Acid,False,True,False,False,1.0,False,False,8,5,I.I.[HH].[HH],,,I.I.[HH].[HH].[H]OC1=C(O)[C@@]([H])([C@H](CO)O[H])OC1=O
l_aspartic_acid_cid5960,,,l_aspartic_acid_cid5960.png,low,low,0.7889738367579343,wrong,,L-Aspartic Acid,0.889,11,9,exact,exact,L-Aspartic Acid,False,True,False,False,1.0,False,False,8,5,I.I.[HH].[HH],,,I.I.N[C@@H](CC(=O)O)C(=O)O.[HH].[HH]
l_glutamic_acid_cid33032,,,l_glutamic_acid_cid33032.png,low,low,0.7869605512621703,wrong,,L-Glutamic Acid,0.9,12,10,exact,exact,L-Glutamic Acid,False,True,False,False,1.0,False,False,7,5,I.I.[HH].[H],,,I.I.[HH].[H].[H]OC(=O)CC[C@H](N)C(=O)O |^1:3|
l_glutamine_cid5961,,,l_glutamine_cid5961.png,low,low,0.7373341477403864,wrong,,L-Glutamine,0.905,14,10,exact,exact,L-Glutamine,False,True,False,False,1.0,False,False,10,6,I.I.I.I.[HH],,,I.I.I.I.[HH].[H]NC(=O)CC[C@H](N[H])C(=O)O
l_histidine_cid6274,,,l_histidine_cid6274.png,low,low,0.4500584576345343,wrong,,L-Histidine,0.706,11,11,charge,charge,L-Histidine,False,True,False,False,0.727,False,False,5,4,[HH].[HH].[HH],,,N[C@@H](Cc1cnc[nH]1)C(=O)[O-].[HH].[HH].[HH]
l_isoleucine_cid6306,,,l_isoleucine_cid6306.png,low,low,0.7692753803726449,wrong,,L-Isoleucine,0.905,11,9,exact,exact,L-Isoleucine,False,True,False,False,1.0,False,False,12,7,I.I.[HH].[HH].[HH].[HH],,,CC[C@H](C)[C@H](N)C(=O)O.I.I.[HH].[HH].[HH].[HH]
l_leucine_cid6106,,,l_leucine_cid6106.png,low,low,0.7249234012395223,wrong,,L-Leucine,0.9,13,9,exact,exact,L-Leucine,False,True,False,False,1.0,False,False,10,6,I.I.I.I.[HH],,,CC(C)C[C@H](N)C(=O)O.I.I.I.I.[HH]
l_lysine_cid5962,,,l_lysine_cid5962.png,low,low,0.6055429818877734,wrong,,L-Lysine,0.909,14,10,exact,exact,L-Lysine,False,True,False,False,1.0,False,False,14,8,I.I.I.I.[HH].[HH].[HH],,,I.I.I.I.NCCCC[C@H](N)C(=O)O.[HH].[HH].[HH]
l_methionine_cid6137,,,l_methionine_cid6137.png,low,low,0.7668659996241486,wrong,,L-Methionine,0.467,11,9,wrong,wrong,,False,False,False,False,0.467,False,False,8,5,I.I.[HH].[HH],,,C[S-]CC[C@H](N)C(=O)O.I.I.[HH].[HH] |^1:1|
l_phenylalanine_cid6140,,,l_phenylalanine_cid6140.png,low,low,0.7563272111507595,wrong,,L-Phenylalanine,0.957,16,12,exact,exact,L-Phenylalanine,False,True,False,False,1.0,False,False,8,5,I.I.I.I,,,I.I.I.I.[H]N[C@@H](Cc1ccccc1)C(=O)O[H]
l_proline_cid145742,,,l_proline_cid145742.png,low,low,0.7363832726195749,wrong,,L-Proline,0.95,11,8,exact,exact,L-Proline,False,True,False,False,1.0,False,False,6,4,I.I.I,,,I.I.I.O=C(O)[C@@H]1CCCN1
l_serine_cid5951,,,l_serine_cid5951.png,low,low,0.6997353599020945,wrong,,L-Serine,0.882,11,7,exact,exact,L-Serine,False,True,False,False,1.0,False,False,12,7,I.I.I.I.[HH].[HH],,,I.I.I.I.[HH].[HH].[H]OC[C@H](N)C(=O)O
l_threonine_cid6288,,,l_threonine_cid6288.png,low,low,0.726183455128318,wrong,,L-Threonine,0.435,12,8,charge,charge,L-Threonine,False,True,False,False,0.455,False,False,9,5,I.I.I.I,,,C[C@@H](O)[C@H]([NH3+])C(=O)O.I.I.I.I
l_tryptophan_cid6305,,,l_tryptophan_cid6305.png,low,low,0.3847788707942476,wrong,,L-Tryptophan,0.0,0,15,wrong,wrong,,False,False,False,False,0.0,False,False,29,13,,,,[HH].[HH].[HH].[HH].[HH].[HH].[HH].[HH].[HH].[HH].[HH].[HH].[HH]
l_tyrosine_cid6057,,,l_tyrosine_cid6057.png,low,low,0.689925076197815,wrong,,L-Tyrosine,0.96,20,13,exact,exact,L-Tyrosine,False,True,False,False,1.0,False,False,14,8,I.I.I.I.I.I.I,,,I.I.I.I.I.I.I.[H]N[C@@H](Cc1ccc(O)cc1)C(=O)O[H]
l_valine_cid6287,,,l_valine_cid6287.png,low,low,0.7276329233818668,wrong,,L-Valine,0.375,10,8,charge,charge,L-Valine,False,True,False,False,0.429,False,False,10,6,I.I.[HH].[HH].[H],,,CC(C)[C@H]([NH3+])C(=O)O.I.I.[HH].[HH].[H] |^1:12|
labetalol_cid3869,,,labetalol_cid3869.png,high,high,0.8478592095593659,wrong,,Labetalol,0.978,24,24,exact,exact,Labetalol,False,True,False,False,1.0,False,False,8,5,[HH].[HH].[HH].[HH],,,CC(CCc1ccccc1)NCC(O)c1ccc(O)c(C(N)=O)c1.[HH].[HH].[HH].[HH]
lamotrigine_cid3878,,,lamotrigine_cid3878.png,low,low,0.8232574863879862,wrong,,Lamotrigine,0.935,17,16,exact,exact,Lamotrigine,False,True,False,False,1.0,False,False,10,6,I.[HH].[HH].[HH].[HH],,,I.Nc1nnc(-c2cccc(Cl)c2Cl)c(N)n1.[HH].[HH].[HH].[HH]
lansoprazole_cid3883,,,lansoprazole_cid3883.png,high,high,0.8498703740599702,exact,Lansoprazole,Lansoprazole,1.0,25,25,exact,exact,Lansoprazole,False,False,False,False,1.0,True,True,0,1,,,,Cc1c(OCC(F)(F)F)ccnc1CS(=O)c1nc2ccccc2[nH]1
lapatinib_cid208908,,,lapatinib_cid208908.png,high,high,0.8905890922662,wrong,,Lapatinib,0.8,40,40,wrong,wrong,,False,False,False,False,0.8,False,False,4,1,,,,C[Si](O)(O)CCNCc1ccc(-c2ccc3ncnc(Nc4ccc(OCc5cccc(F)c5)c(Cl)c4)c3c2)o1
lazertinib_cid121269225,,,lazertinib_cid121269225.png,high,high,0.9069908336463004,exact,Lazertinib,Lazertinib,1.0,41,41,exact,exact,Lazertinib,False,False,False,False,1.0,True,True,0,1,,,,C=CC(=O)Nc1cc(Nc2nccc(-n3cc(CN(C)C)c(-c4ccccc4)n3)n2)c(OC)cc1N1CCOCC1
ledipasvir_cid67505836,,,ledipasvir_cid67505836.png,low,low,4.714939462899613e-05,invalid,,,,,,invalid,invalid,,False,False,False,False,,False,,,,,,,[H]C(C1=NC2=C(C=C(C3=CC4=C(C=C3)C=CC(C3567=C8N9=C%10%11%12=N%13%14%15=C(N3)C=9%133%16%17(=N%10=C5=C=6=38%145NC=%11=7=%16%155)N(C(=O)C(NC(=O)OC)C(C)C)CC3(CC3)CC%12%17[H])=CCC4(F)F)C=C2)N1)N(C(=O)C(NC(=O)OC)C(C)C)C1([H])C2([H])CCC21C
lenalidomide_cid216326,,,lenalidomide_cid216326.png,low,low,0.7352268009494214,exact,Lenalidomide,Lenalidomide,1.0,19,19,exact,exact,Lenalidomide,False,False,False,False,1.0,True,True,0,1,,,,Nc1cccc2c1CN(C1CCC(=O)NC1=O)C2=O
letrozole_cid3902,,,letrozole_cid3902.png,low,low,0.3872054743347337,wrong,,Letrozole,1.0,44,22,exact,exact,Letrozole,False,False,True,False,1.0,False,False,33,2,,N#Cc1ccc(C(c2ccc(C#N)cc2)n2cncn2)cc1,,N#Cc1ccc(C(c2ccc(C#N)cc2)n2cncn2)cc1.N#Cc1ccc(C(c2ccc(C#N)cc2)n2cncn2)cc1
leu_enkephalin_cid461776,,,leu_enkephalin_cid461776.png,low,low,0.5586477983287801,wrong,,Leu-Enkephalin,0.981,40,40,stereo,stereo,Leu-Enkephalin,False,True,False,False,1.0,False,False,2,2,[HH],,,CC(C)C[C@H](NC(=O)[C@@H](Cc1ccccc1)NC(=O)CNC(=O)CNC(=O)[C@@H](N)Cc1ccc(O)cc1)C(=O)O.[HH]
leukotriene_b4_cid5280492,,,leukotriene_b4_cid5280492.png,high,high,0.8611720957150559,exact,Leukotriene B4,Leukotriene B4,1.0,24,24,exact,exact,Leukotriene B4,False,False,False,False,1.0,True,True,0,1,,,,[H]/C(CCCCC)=C(\[H])C[C@@H](O)/C([H])=C([H])/C([H])=C([H])/C([H])=C(/[H])[C@@H](O)CCCC(=O)O
leuprolide_cid657181,,,leuprolide_cid657181.png,low,low,5.072426368879213e-05,invalid,,,,,,invalid,invalid,,False,False,False,False,,False,,,,,,,[H]NC1=CC=CC=C1CC[CH]12(C3=O=C4(NC(=O)C5CCC(=O)N5)C(CC5=CN=CN5)N34)NC13=O=C21N[CH]CNC2C(CC=CC)[CH]4(NC5C6N5[CH]613)C1=O=C24NC2C3=O=C(NC4C(N[CH]CN[CH]CNCC)=O=C(NC(CCCN=C(N)N[H])C(=O)N5CCCC5C5=O=C(C)N5)C(N3)C4C(C)C)C(N1)C2C(C)C
levetiracetam_cid5284583,,,levetiracetam_cid5284583.png,low,low,0.7590152972998994,wrong,,Levetiracetam,0.933,16,12,exact,exact,Levetiracetam,False,True,False,False,1.0,False,False,10,6,I.I.I.I.[HH],,,CC[C@@H](C(N)=O)N1CCCC1=O.I.I.I.I.[HH]
levodopa_cid6047,,,levodopa_cid6047.png,low,low,0.819274260714309,wrong,,Levodopa,0.931,16,14,exact,exact,Levodopa,False,True,False,False,1.0,False,False,8,5,I.I.[HH].[HH],,,I.I.[HH].[HH].[H]N[C@@H](Cc1ccc(O)c(O)c1)C(=O)O[H]
levonorgestrel_cid13109,,,levonorgestrel_cid13109.png,low,low,0.5979524228672576,wrong,,Levonorgestrel,0.979,23,23,exact,exact,Levonorgestrel,False,True,False,False,1.0,False,False,6,4,[HH].[HH].[HH],,,[HH].[HH].[HH].[H][C@@]12CCC3=CC(=O)CC[C@]3([H])[C@@]1([H])CC[C@@]1(CC)[C@@]2([H])CC[C@@]1(O)C#C
lidocaine_cid3676,,,lidocaine_cid3676.png,low,low,0.7801690703358051,wrong,,Lidocaine,0.935,19,17,exact,exact,Lidocaine,False,True,False,False,1.0,False,False,8,5,I.I.[HH].[HH],,,CCN(CC)CC(=O)Nc1c(C)cccc1C.I.I.[HH].[HH]
linagliptin_cid10096344,,,linagliptin_cid10096344.png,high,high,0.8649495670441584,wrong,,Linagliptin,0.773,35,35,wrong,wrong,,False,False,False,False,0.773,False,False,4,2,[HH],,,C/C=C/Cn1c(N2CCC[C@@H](N)C2)nc2c1c(=O)n(Cc1nc(C)c3ccccc3n1)c(=O)n2C.[HH]
linalool_cid6549,,,linalool_cid6549.png,low,low,0.1583426237941797,wrong,,Linalool,0.042,9,11,wrong,wrong,,False,False,False,False,0.042,False,False,12,5,,CC.CC.CC,,C.CC.CC.CC.CC
linoleic_acid_cid5280450,,,linoleic_acid_cid5280450.png,low,low,0.6453948415284515,wrong,,Linoleic Acid,1.0,19,20,near,near,,False,False,False,False,1.0,False,False,1,2,[HH],,,[HH].[H]C(CCCCCCC(=O)O)=C([H])CC([H])=C([HH])CCCCC
liothyronine_cid5920,,,liothyronine_cid5920.png,low,low,0.7914999586121089,wrong,,Liothyronine,0.975,23,23,exact,exact,Liothyronine,False,True,False,False,1.0,False,False,6,4,[HH].[HH].[HH],,,N[C@@H](Cc1cc(I)c(Oc2ccc(O)c(I)c2)c(I)c1)C(=O)O.[HH].[HH].[HH]
lipoic_acid_cid6112,,,lipoic_acid_cid6112.png,low,low,0.3789324948965364,wrong,,Lipoic acid,0.543,12,12,wrong,wrong,,False,False,False,False,0.543,False,False,0,1,,,,O=C(O)CCCC[C@@H]1CC[S-]S1 |^1:10|
lithium_carbonate_cid11125,,,lithium_carbonate_cid11125.png,low,low,0.7027722221210075,wrong,,Lithium Carbonate,0.875,12,6,salt,salt,Lithium Carbonate,False,False,False,False,0.875,False,False,10,9,I.I.I.I,[Li+].[Li+].[Li+],,I.I.I.I.O=C([O-])[O-].[Li+].[Li+].[Li+].[Li+]
lithium_citrate_cid13520,,,lithium_citrate_cid13520.png,low,low,0.7044843104370314,wrong,,Lithium Citrate,0.375,15,16,salt,salt,Lithium Citrate,False,False,False,False,0.375,False,False,4,3,,[Li+],,O=C(O)CC(O)(CC(=O)O)C(=O)O.[Li+].[Li+]
loperamide_cid3955,,,loperamide_cid3955.png,low,low,0.8067452489173466,wrong,,Loperamide,0.979,37,34,exact,exact,Loperamide,False,True,False,False,1.0,False,False,6,4,I.I.I,,,CN(C)C(=O)C(CCN1CCC(O)(c2ccc(Cl)cc2)CC1)(c1ccccc1)c1ccccc1.I.I.I
lopinavir_cid92727,,,lopinavir_cid92727.png,high,high,0.8719826075549729,wrong,,Lopinavir,0.985,46,46,exact,exact,Lopinavir,False,True,False,False,1.0,False,False,6,4,[HH].[HH].[HH],,,Cc1cccc(C)c1OCC(=O)N[C@@H](Cc1ccccc1)[C@@H](O)C[C@H](Cc1ccccc1)NC(=O)[C@H](C(C)C)N1CCCNC1=O.[HH].[HH].[HH]
loratadine_cid3957,,,loratadine_cid3957.png,low,low,0.8111912674399101,invalid,,,,,,invalid,invalid,,False,False,False,False,,False,,,,,,,CCOC(=O)N1CCC(=C2C3=C(C=C(Cl)C=C3)CCC3=CC=CN=C=32)CC1.I.I
lorazepam_cid3958,,,lorazepam_cid3958.png,low,low,0.8139253677218916,wrong,,Lorazepam,0.975,21,21,exact,exact,Lorazepam,False,True,False,False,1.0,False,False,8,5,[HH].[HH].[HH].[HH],,,O=C1Nc2ccc(Cl)cc2C(c2ccccc2Cl)=NC1O.[HH].[HH].[HH].[HH]
lorlatinib_cid71731823,,,lorlatinib_cid71731823.png,low,low,0.8169510728107969,wrong,,Lorlatinib,0.969,30,30,exact,exact,Lorlatinib,False,True,False,False,1.0,False,False,5,4,[HH].[HH].[H],,,C[C@H]1Oc2cc(cnc2N)-c2c(nn(C)c2C#N)CN(C)C(=O)c2ccc(F)cc21.[HH].[HH].[H] |^1:32|
losartan_cid3961,,,losartan_cid3961.png,low,low,0.8290719427818972,wrong,,Losartan,0.981,30,30,exact,exact,Losartan,False,True,False,False,1.0,False,False,2,2,[HH],,,[HH].[H]OCc1c(Cl)nc(CCCC)n1Cc1ccc(-c2ccccc2-c2nn[nH]n2)cc1
lovastatin_cid53232,,,lovastatin_cid53232.png,low,low,0.7727118962227028,wrong,,Lovastatin,0.983,29,29,exact,exact,Lovastatin,False,True,False,False,1.0,False,False,6,4,[HH].[HH].[HH],,,[HH].[HH].[HH].[H][C@@]12C(=C[C@H](C)C[C@@H]1OC(=O)[C@@H](C)CC)C=C[C@H](C)[C@@H]2CC[C@@H]1C[C@@H](O)CC(=O)O1
loxapine_cid3964,,,loxapine_cid3964.png,low,low,0.6795102683443307,wrong,,Loxapine,0.952,25,23,salt,exact,Loxapine,False,False,False,True,0.952,False,False,3,3,,,Cl.[Cl-],CN1CCN(C2=Nc3ccccc3Oc3ccc(Cl)cc32)CC1.Cl.[Cl-]
lurbinectedin_cid57327016,,,lurbinectedin_cid57327016.png,low,low,3.310440871804066e-05,invalid,,,,,,invalid,invalid,,False,False,False,False,,False,,,,,,,*C1([H])C23(C4OCC5([H])C6=C7OCOC78=C79CC87(C)C9(OC(C)=O)=C6C([H])(SC([H])=CCC)C([H])N45)=C4(*)=C156=C(CC1=C(C=C(C)C(OC)=C1O)CC4([H])[H])C1(C2=CC2=C5C=C(OC)C=C2)N([H])C([H])(C)C=3=61* |$NMe;;;;;;;;;;;;;;;;;;;;;;;;;;;;;;;;;;;;;NMe;;;;;;;;;;;;;;;;;;;;;;;;;;;;;;;;;;;NMe$|
lycopene_cid446925,,,lycopene_cid446925.png,low,low,6.355881849498916e-05,invalid,,,,,,invalid,invalid,,False,False,False,False,,False,,,,,,,[H]C(=CCC(C)=CCCCC(C)=CC=C(C)CCC)C=C(C)C=CC=C(C)C=C(C)C=CC=C(C)C=C([H])C=CC(C)=CC=C(C)CCC1C2CC12=C(C)C.[H]C(C)=CC=C(C)C=CC=C([H])C=CC=CC(C)=CC=CC(C)=CC=C([H])C=C(C)CCC=C(C)C
magnesium_stearate_cid11177,,,magnesium_stearate_cid11177.png,low,low,0.0002699414927866417,wrong,,Magnesium Stearate,0.52,54,41,wrong,wrong,,False,False,False,False,0.52,False,False,52,2,,,,CCCCCCCCCCCC(=O)NC(=O)CCCCCCCCCCC.CCCCCCCCCCCCCCCCCCCCCCCCCCC
malachite_green_cid11294,,,malachite_green_cid11294.png,low,low,0.8227319626609061,wrong,,Malachite Green,1.0,27,26,exact,exact,Malachite Green,False,False,True,False,1.0,False,False,1,3,,[Cl-],,CN(C)c1ccc(C(=C2C=CC(=[N+](C)C)C=C2)c2ccccc2)cc1.[Cl-].[Cl-]
malathion_cid4004,,,malathion_cid4004.png,low,low,0.716192379511363,wrong,,Malathion,0.969,20,19,exact,exact,Malathion,False,True,False,False,1.0,False,False,2,2,I,,,CCOC(=O)CC(SP(=S)(OC)OC)C(=O)OCC.I
manganese_iii_acetylacetonate_cid12567224,,,manganese_iii_acetylacetonate_cid12567224.png,low,low,0.7617824979201689,stereo,Manganese(III) acetylacetonate,Manganese(III) acetylacetonate,1.0,22,22,stereo,stereo,Manganese(III) acetylacetonate,False,False,False,False,1.0,True,True,0,4,,CC(=O)/C=C(/C)[O-],,[H]/C(C(C)=O)=C(/C)[O-].[H]/C(C(C)=O)=C(\C)[O-].[H]/C(C(C)=O)=C(\C)[O-].[Mn+3]
maprotiline_cid4011,,,maprotiline_cid4011.png,low,low,0.1461002787034866,wrong,,Maprotiline,0.522,21,21,wrong,wrong,,False,False,False,False,0.522,False,False,11,2,[HH],,,CNCCCC1(CCCNC)c2ccccc2C2CCC21.[HH]
maytansine_cid5281828,,,maytansine_cid5281828.png,low,low,0.7473924652157473,wrong,,Maytansine,0.693,47,48,wrong,wrong,,False,False,False,False,0.693,False,False,3,1,,,,"[H][C]1OC(=O)N([H])[C](O)[C@H](OC)/C([H])=C([H])/C([H])=C(\C)Cc2cc(OC)c(Cl)c(c2)N(C)C(=O)C[C@H](OC(=O)[C@H](C)N(C)C(C)=O)[C@]2(C)O[C@@]2([H])[C@@H]1C |^1:1,7|"
meclizine_cid4034,,,meclizine_cid4034.png,high,high,0.8664541809132552,wrong,,Meclizine,0.976,29,28,exact,exact,Meclizine,False,True,False,False,1.0,False,False,2,2,I,,,Cc1cccc(CN2CCN(C(c3ccccc3)c3ccc(Cl)cc3)CC2)c1.I
medroxyprogesterone_cid10631,,,medroxyprogesterone_cid10631.png,low,low,0.7651839970713624,wrong,,Medroxyprogesterone,0.978,25,25,stereo,stereo,Medroxyprogesterone,False,True,False,False,1.0,False,False,2,2,[HH],,,[HH].[H][C@@]12C[C@H](C)C3=CC(=O)CC[C@]3(C)[C@@]1([H])CC[C@@]1(C)[C@]2([H])CC[C@]1(O)C(C)=O
mefenamic_acid_cid4044,,,mefenamic_acid_cid4044.png,low,low,0.8106620578077696,wrong,,Mefenamic Acid,0.694,19,18,charge,charge,Mefenamic Acid,False,True,False,False,0.735,False,False,7,5,I.[HH].[HH].[HH],,,Cc1cccc(Nc2ccccc2C(=O)[O-])c1C.I.[HH].[HH].[HH]
megestrol_cid19090,,,megestrol_cid19090.png,low,low,0.773706054394431,wrong,,Megestrol,0.978,25,25,stereo,stereo,Megestrol,False,True,False,False,1.0,False,False,2,2,[HH],,,[HH].[H][C@@]12C=C(C)C3=CC(=O)CC[C@]3(C)[C@@]1([H])CC[C@@]1(C)[C@]2([H])CC[C@]1(O)C(C)=O
melamine_cid7955,,,melamine_cid7955.png,low,low,0.7508491053792163,wrong,,Melamine,0.8,11,9,exact,exact,Melamine,False,True,False,False,1.0,False,False,8,5,I.I.[HH].[HH],,,I.I.Nc1nc(N)nc(N)n1.[HH].[HH]
melatonin_cid896,,,melatonin_cid896.png,high,high,0.8706268820390433,wrong,,Melatonin,0.975,17,17,exact,exact,Melatonin,False,True,False,False,1.0,False,False,4,3,[HH].[HH],,,COc1ccc2[nH]cc(CCNC(C)=O)c2c1.[HH].[HH]
memantine_cid4054,,,memantine_cid4054.png,low,low,1.484004611824774e-12,wrong,,Memantine,0.0,120,13,wrong,wrong,,False,False,False,False,0.0,False,False,568,120,,C.C.C.C.C.C.C.C.C.C.C.C.C.C.C.C.C.C.C.C.C.C.C.C.C.C.C.C.C.C.C.C.C.C.C.C.C.C.C.C.C.C.C.C.C.C.C.C.C.C.C.C.C.C.C.C.C.C.C.C.C.C.C.C.C.C.C.C.C.C.C.C.C.C.C.C.C.C.C.C.C.C.C.C.C.C.C.C.C.C.C.C.C.C.C.C.C.C.C.C.C.C.C.C.C.C.C.C.C.C.C.C.C.C.C.C.C.C.C,,C.C.C.C.C.C.C.C.C.C.C.C.C.C.C.C.C.C.C.C.C.C.C.C.C.C.C.C.C.C.C.C.C.C.C.C.C.C.C.C.C.C.C.C.C.C.C.C.C.C.C.C.C.C.C.C.C.C.C.C.C.C.C.C.C.C.C.C.C.C.C.C.C.C.C.C.C.C.C.C.C.C.C.C.C.C.C.C.C.C.C.C.C.C.C.C.C.C.C.C.C.C.C.C.C.C.C.C.C.C.C.C.C.C.C.C.C.C.C.C
menthol_cid1254,,,menthol_cid1254.png,low,low,0.7541977785343432,wrong,,Menthol,0.955,15,11,exact,exact,Menthol,False,True,False,False,1.0,False,False,8,5,I.I.I.I,,,I.I.I.I.[H]C1(C)CCC([H])(C(C)C)C([H])(O)C1
meperidine_cid4058,,,meperidine_cid4058.png,low,low,0.6541692497877162,wrong,,Meperidine,0.971,20,18,exact,exact,Meperidine,False,True,False,False,1.0,False,False,4,3,I.I,,,CCOC(=O)C1(c2ccccc2)CCN(C)CC1.I.I
mepivacaine_cid4062,,,mepivacaine_cid4062.png,low,low,0.7586914818393106,wrong,,Mepivacaine,0.972,23,18,exact,exact,Mepivacaine,False,True,False,False,1.0,False,False,10,6,I.I.I.I.I,,,Cc1cccc(C)c1NC(=O)C1CCCCN1C.I.I.I.I.I
metformin_cid4091,,,metformin_cid4091.png,low,low,0.7703293744100319,wrong,,Metformin,0.895,11,9,exact,exact,Metformin,False,True,False,False,1.0,False,False,12,7,I.I.[HH].[HH].[HH].[HH],,,CN(C)C(=N)N=C(N)N.I.I.[HH].[HH].[HH].[HH]
methadone_cid4095,,,methadone_cid4095.png,low,low,0.6713106780845107,exact,Methadone,Methadone,1.0,23,23,exact,exact,Methadone,False,False,False,False,1.0,True,True,0,1,,,,CCC(=O)C(CC(C)N(C)C)(c1ccccc1)c1ccccc1
methanol_d4_cid71568,,,methanol_d4_cid71568.png,low,low,0.6106346099910684,invalid,,,,,,invalid,invalid,,False,False,False,False,,False,,,,,,,[2HH].[2HH].[2H]C([2H])([2H])[2HH]
methocarbamol_cid4107,,,methocarbamol_cid4107.png,low,low,0.8255854509117986,wrong,,Methocarbamol,0.737,17,17,charge,charge,Methocarbamol,False,True,False,False,0.757,False,False,9,5,[HH].[HH].[HH].[HH],,,COc1ccccc1OCC(O)COC([NH3+])=O.[HH].[HH].[HH].[HH]
methylene_blue_cid6099,,,methylene_blue_cid6099.png,high,high,0.9023260382773872,exact,Methylene Blue,Methylene Blue,1.0,21,21,exact,exact,Methylene Blue,False,False,False,False,1.0,True,True,0,2,,,,CN(C)c1ccc2nc3ccc(=[N+](C)C)cc-3sc2c1.[Cl-]
methylphenidate_cid4158,,,methylphenidate_cid4158.png,low,low,0.7378782178140453,wrong,,Methylphenidate,0.947,21,17,exact,exact,Methylphenidate,False,True,False,False,1.0,False,False,4,3,II.II,,,COC(=O)C(c1ccccc1)C1CCCCN1.II.II
methylprednisolone_cid6741,,,methylprednisolone_cid6741.png,low,low,0.6689207432848477,invalid,,,,,,invalid,invalid,,False,False,False,False,,False,,,,,,,[HH].[HH].[HH].[H]OC1CC2(C)C(O)(C(=O)CO)CCC23[H]C32([H])CC(C)C3=CC(=O)C=CC3(C)C12[H]
metoprolol_cid4171,,,metoprolol_cid4171.png,low,low,0.779829472834,wrong,,Metoprolol,0.947,22,19,exact,exact,Metoprolol,False,True,False,False,1.0,False,False,8,5,I.I.I.[HH],,,I.I.I.[HH].[H]C(O)(CNC(C)C)COc1ccc(CCOC)cc1
metoprolol_succinate_cid62937,,,metoprolol_succinate_cid62937.png,low,low,0.09804892154234775,invalid,,,,,,invalid,invalid,,False,False,False,False,,False,,,,,,,COCCC1=C2=C3(CCOC)=CC=C45(=C2=C(C=C1)O4C1C(O)CN2C46CC2(C)(C4)(C6)NCC1(O)CO5)C=C3.COCCC1=CC=C(OCC(O)CNC(C)C)C=C1.O=C(O)CCC(=O)O.[HH]
metronidazole_cid4173,,,metronidazole_cid4173.png,low,low,0.5987494212917088,wrong,,Metronidazole,0.938,13,12,exact,exact,Metronidazole,False,True,False,False,1.0,False,False,4,3,I.[HH],,,Cc1ncc([N+](=O)[O-])n1CCO.I.[HH]
midostaurin_cid9829523,,,midostaurin_cid9829523.png,low,low,0.2901700242573241,invalid,,,,,,invalid,invalid,,False,False,False,False,,False,,,,,,,[H]C123CC(N(C)C(=O)C4=CC=CC=C4)C(OC)C45(C)N6C7=CC=CC=C7C7=C6C6C(=C8C(=O)NCC87)C7=CC=CC=C7N6C14(O2)O35
minoxidil_cid4201,,,minoxidil_cid4201.png,low,low,0.7992226952942862,wrong,,Minoxidil,0.938,17,15,exact,exact,Minoxidil,False,True,False,False,1.0,False,False,10,6,I.I.[HH].[HH].[HH],,,I.I.N=c1nc(N2CCCCC2)cc(N)n1O.[HH].[HH].[HH]
mirtazapine_cid4205,,,mirtazapine_cid4205.png,low,low,0.8259615289454768,exact,Mirtazapine,Mirtazapine,1.0,20,20,exact,exact,Mirtazapine,False,False,False,False,1.0,True,True,0,1,,,,CN1CCN2c3ncccc3Cc3ccccc3C2C1
mithramycin_cid163659,,,mithramycin_cid163659.png,low,low,5.15873884643673e-05,invalid,,,,,,invalid,invalid,,False,False,False,False,,False,,,,,,,COC(C(=O)C(O)C(C)O)C1CC2=C(C3(=O)C1O[CH]314O[CH]35O6[CH]78C31[CH]613(OC6CC(OC9CC(C)(O)[CH]C(C)O9)C(O)C(C)O6)O[CH]69(C)C[CH](O46)([CH]571O)[CH]893O)C1(O)=C34C56CC37(=C25)=C=164C(O)=C(C)COC1C[CH](OC2CC(O)C(O)C(C)O2)(C7)C(O)C(O)O1
mitomycin_c_cid5746,,,mitomycin_c_cid5746.png,low,low,0.7556834866796206,wrong,,Mitomycin C,0.98,24,24,exact,exact,Mitomycin C,False,True,False,False,1.0,False,False,12,7,[HH].[HH].[HH].[HH].[HH].[HH],,,[HH].[HH].[HH].[HH].[HH].[HH].[H]NC1=C(C)C(=O)C2=C(C1=O)[C@@H](COC(N)=O)[C@@]1(OC)[C@H]3N[C@H]3CN21
mk_1775_cid24856436,,,mk_1775_cid24856436.png,high,high,0.8638155622357713,wrong,,MK 1775,0.985,37,37,exact,exact,MK 1775,False,True,False,False,1.0,False,False,1,2,[H],,,C=CCn1c(=O)c2cnc(Nc3ccc(N4CCN(C)CC4)cc3)nc2n1-c1cccc(C(C)(C)O)n1.[H] |^1:37|
mobocertinib_cid118607832,,,mobocertinib_cid118607832.png,low,low,0.8132579687445918,exact,Mobocertinib,Mobocertinib,1.0,43,43,exact,exact,Mobocertinib,False,False,False,False,1.0,True,True,0,1,,,,C=CC(=O)Nc1cc(Nc2ncc(C(=O)OC(C)C)c(-c3cn(C)c4ccccc34)n2)c(OC)cc1N(C)CCN(C)C
montelukast_cid5281040,,,montelukast_cid5281040.png,low,low,0.7997684978903503,wrong,,Montelukast,0.986,41,41,exact,exact,Montelukast,False,True,False,False,1.0,False,False,6,4,[HH].[HH].[HH],,,[HH].[HH].[HH].[H]/C(=C(/[H])c1ccc2ccc(Cl)cc2n1)c1cccc([C@@H](CCc2ccccc2C(C)(C)O)SCC2(CC(=O)O)CC2)c1
n_21_ethyl_20_2_1_methoxyethyl_5_4_methylpiperazin_1_yl_3_py_cid164885345,,,n_21_ethyl_20_2_1_methoxyethyl_5_4_methylpiperazin_1_yl_3_py_cid164885345.png,low,low,0.01790206842032043,invalid,,,,,,invalid,invalid,,False,False,False,False,,False,,,,,,,[H]N1CC(=O)OCC(C)(C)CCC2=C34=C(C)C(=C(C5=C(C(C)OC)N=CC(N6CCN(C)CC6)=C5)N3CC)CC(C)(C)COC(=O)C3CCCN5(C(=O)C67(CC8([H])=NC(C=C9([H])C6N987C(=O)C6CC6C)C(=C2)C=C4)C5(=O)C1CC1CC1C)N3[H]
nadolol_cid39147,,,nadolol_cid39147.png,low,low,0.8377835183350898,wrong,,Nadolol,0.977,22,22,exact,exact,Nadolol,False,True,False,False,1.0,False,False,6,4,[HH].[HH].[HH],,,[HH].[HH].[HH].[H]O[C@H]1Cc2c(cccc2OCC(O)CNC(C)(C)C)C[C@H]1O
nafcillin_cid8982,,,nafcillin_cid8982.png,high,high,0.8749695741315866,exact,Nafcillin,Nafcillin,1.0,29,29,exact,exact,Nafcillin,False,False,False,False,1.0,True,True,0,1,,,,[H][C@]12SC(C)(C)[C@H](C(=O)O)N1C(=O)[C@H]2NC(=O)c1c(OCC)ccc2ccccc12
nandrolone_cid9904,,,nandrolone_cid9904.png,low,low,0.4991295719341912,wrong,,Nandrolone,0.975,20,20,exact,exact,Nandrolone,False,True,False,False,1.0,False,False,2,2,[HH],,,[HH].[H][C@@]12CCC3=CC(=O)CC[C@]3([H])[C@@]1([H])CC[C@]1(C)[C@@H](O)CC[C@@]21[H]
naphthalene_cid931,,,naphthalene_cid931.png,high,high,0.8784917749138746,exact,Naphthalene,Naphthalene,1.0,10,10,exact,exact,Naphthalene,False,False,False,False,1.0,True,True,0,1,,,,c1ccc2ccccc2c1
naratriptan_cid4440,,,naratriptan_cid4440.png,low,low,0.7375833169340178,wrong,,Naratriptan,0.979,25,23,near,exact,,False,False,False,True,0.979,False,False,10,3,,C,C,C.C.[H]n1cc(C2CCN(C)CC2)c2cc(CCS(=O)(=O)NC)ccc21
nefazodone_cid4449,,,nefazodone_cid4449.png,high,high,0.8900554759233661,exact,Nefazodone,Nefazodone,1.0,33,33,exact,exact,Nefazodone,False,False,False,False,1.0,True,True,0,1,,,,CCc1nn(CCCN2CCN(c3cccc(Cl)c3)CC2)c(=O)n1CCOc1ccccc1
nevirapine_cid4463,,,nevirapine_cid4463.png,low,low,0.6284484612184265,wrong,,Nevirapine,0.976,20,20,exact,exact,Nevirapine,False,True,False,False,1.0,False,False,4,3,[HH].[HH],,,Cc1ccnc2c1NC(=O)c1cccnc1N2C1CC1.[HH].[HH]
nicardipine_cid4474,,,nicardipine_cid4474.png,high,high,0.9066812113235878,exact,Nicardipine,Nicardipine,1.0,35,35,exact,exact,Nicardipine,False,False,False,False,1.0,True,True,0,1,,,,[H]C1(c2cccc([N+](=O)[O-])c2)C(C(=O)OC)=C(C)NC(C)=C1C(=O)OCCN(C)Cc1ccccc1
nickelocene_cid62390,,,nickelocene_cid62390.png,low,low,0.4303090360757819,wrong,,Nickelocene,0.889,10,11,near,near,,False,False,False,False,0.889,False,False,1,2,,c1cc[cH-]c1,,[H][c-]1cccc1.c1cc[cH-]c1
nicotine_cid89594,,,nicotine_cid89594.png,low,low,0.8038143174828648,wrong,,Nicotine,0.909,15,12,exact,exact,Nicotine,False,True,False,False,1.0,False,False,4,3,I.II,,,CN1CCC[C@H]1c1cccnc1.I.II
nicotinic_acid_cid938,,,nicotinic_acid_cid938.png,low,low,0.666621549762273,wrong,,Nicotinic Acid,0.875,14,9,exact,exact,Nicotinic Acid,False,True,False,False,1.0,False,False,6,4,I.II.II,,,I.II.II.O=C(O)c1cccnc1
nifedipine_cid4485,,,nifedipine_cid4485.png,high,high,0.8734774035647714,exact,Nifedipine,Nifedipine,1.0,25,25,exact,exact,Nifedipine,False,False,False,False,1.0,True,True,0,1,,,,COC(=O)C1=C(C)NC(C)=C(C(=O)OC)C1c1ccccc1[N+](=O)[O-]
nilotinib_cid644241,,,nilotinib_cid644241.png,high,high,0.893982345502997,exact,Nilotinib,Nilotinib,1.0,39,39,exact,exact,Nilotinib,False,False,False,False,1.0,True,True,0,1,,,,Cc1cn(-c2cc(NC(=O)c3ccc(C)c(Nc4nccc(-c5cccnc5)n4)c3)cc(C(F)(F)F)c2)cn1
nirmatrelvir_cid155903259,,,nirmatrelvir_cid155903259.png,low,low,0.6801517963408741,wrong,,Nirmatrelvir,0.97,37,35,near,stereo,,False,False,False,True,0.97,False,False,16,6,[HH].[HH].[HH],C,C,C.C.[HH].[HH].[HH].[H]C12C(C(=O)NC(C#N)CC3CCNC3=O)N(C(=O)C(NC(=O)C(F)(F)F)C(C)(C)C)CC1([HH])C2(C)C
nitazoxanide_cid41684,,,nitazoxanide_cid41684.png,low,low,0.7778904711707072,invalid,,,,,,invalid,invalid,,False,False,False,False,,False,,,,,,,CC(=O)OC1=CC=CC=C1C(=O)NC1=NC=C(N(=O)[O-])S1.I.I.[HH]
nitric_acid_cid944,,,nitric_acid_cid944.png,low,low,0.6606991472740513,wrong,,Nitric Acid,0.8,7,4,exact,exact,Nitric Acid,False,True,False,False,1.0,False,False,7,5,I.I.I.[H],,,I.I.I.O=[N+]([O-])O.[H] |^1:7|
nitrofurantoin_cid6604200,,,nitrofurantoin_cid6604200.png,low,low,0.5192737937469483,invalid,,,,,,invalid,invalid,,False,False,False,False,,False,,,,,,,[HH].[HH].[H]C(=NN1CC(=O)NC1=O)C1=CC=C(N(=O)[O-])O1
nitroglycerin_cid4510,,,nitroglycerin_cid4510.png,low,low,0.815821280424102,wrong,,Nitroglycerin,0.95,17,15,exact,exact,Nitroglycerin,False,True,False,False,1.0,False,False,4,3,I.I,,,I.I.O=[N+]([O-])OCC(CO[N+](=O)[O-])O[N+](=O)[O-]
nonactin_cid72519,,,nonactin_cid72519.png,low,low,0.6014667247661095,stereo,Nonactin,Nonactin,1.0,52,52,stereo,stereo,Nonactin,False,False,False,False,1.0,True,True,0,1,,,,[H][C@@]12CC[C@@]([H])(O1)[C@@H](C)C(=O)O[C@H](C)C[C@@]1([H])CC[C@]([H])(O1)[C@H](C)C(=O)O[C@@H](C)C[C@@]1([H])CC[C@]([H])(O1)[C@@H](C)C(=O)O[C@H](C)C[C@@]1([H])CC[C@]([H])(O1)[C@H](C)C(=O)O[C@@H](C)C2
norepinephrine_cid439260,,,norepinephrine_cid439260.png,low,low,0.8071762671740984,wrong,,Norepinephrine,0.92,14,12,exact,exact,Norepinephrine,False,True,False,False,1.0,False,False,10,6,I.I.[HH].[HH].[HH],,,I.I.NC[C@H](O)c1ccc(O)c(O)c1.[HH].[HH].[HH]
norethindrone_cid6230,,,norethindrone_cid6230.png,low,low,0.6303567441769025,wrong,,Norethindrone,0.978,22,22,exact,exact,Norethindrone,False,True,False,False,1.0,False,False,6,4,[HH].[HH].[HH],,,[HH].[HH].[HH].[H][C@@]12CCC3=CC(=O)CC[C@]3([H])[C@@]1([H])CC[C@@]1(C)[C@@]2([H])CC[C@@]1(O)C#C
nortriptyline_cid4543,,,nortriptyline_cid4543.png,low,low,0.1655874380489559,wrong,,Nortriptyline,0.765,21,20,wrong,wrong,,False,False,False,False,0.765,False,False,7,3,[HH],,,CC.CNCCC=C1c2ccccc2Cc2ccccc21.[HH]
nystatin_usp_inn_ban_jan_cid6433272,,,nystatin_usp_inn_ban_jan_cid6433272.png,low,low,0.1621662793595051,invalid,,,,,,invalid,invalid,,False,False,False,False,,False,,,,,,,[H]C1=CCCC([H])=CC2=CC(C)C(O)C(N2)C(C)OC(=O)CC(O)CC(O)CC(O)CCC(O)C(O)CC2(O)CC(O)C(C(=O)O)C(CC(OC3OC(C)C(O)C(N([H])[H])C3O)C3=C([H]3)C([H])=CC([H])=C1)O2
octreotide_cid448601,,,octreotide_cid448601.png,low,low,0.005323082045510472,invalid,,,,,,invalid,invalid,,False,False,False,False,,False,,,,,,,[H]C1CN2[CH]CNC3C(O)C[CH](C)(O)C(NC(=O)[CH]2(CS)NC(=O)C([H])(C(C)O)NC(=O)C(CCCCN)NC(=O)[CH]2(CC4=CNC5=CC=CC=C45)NC(=O)[CH]4(CC5=CC=CC=C5)NC(=O)[CH](CS)(NC(=O)C(N)CC5=CC=CC=C5)C([CH]NCC(N)CC)N[CH]C4N[CH]C2N[CH]CN1)C3O
okadaic_acid_cid446512,,,okadaic_acid_cid446512.png,low,low,0.0009049473083618756,invalid,,,,,,invalid,invalid,,False,False,False,False,,False,,,,,,,[H]O[CH]C1(O)CC1C(CC(C)(O)C(=O)O)OC12(C=C(C)CC3(O1)C([H])C[CH]3([H])C=CC1CCC3(CCC4([H])OC([H])(C(O)CC(C)C5([H])OC6(CCCCO6)CCC5C)C(=C)C(O)C4O3)O1)OC(CC(C)(C(=O)O)C(=O)O)CCC2O
oleic_acid_cid445639,,,oleic_acid_cid445639.png,low,low,0.7347373822018468,wrong,,Oleic Acid,1.0,20,20,exact,exact,Oleic Acid,False,True,False,False,1.0,False,False,4,3,[HH].[HH],,,[HH].[HH].[H]/C(CCCCCCCC)=C(\[H])CCCCCCCC(=O)O
olmesartan_cid158781,,,olmesartan_cid158781.png,high,high,0.8660286778663508,wrong,,Olmesartan,0.983,33,33,exact,exact,Olmesartan,False,True,False,False,1.0,False,False,2,2,[HH],,,[HH].[H]OC(=O)c1c(C(C)(C)O)nc(CCC)n1Cc1ccc(-c2ccccc2-c2nn[nH]n2)cc1
omeprazole_cid4594,,,omeprazole_cid4594.png,low,low,0.2079422353512073,invalid,,,,,,invalid,invalid,,False,False,False,False,,False,,,,,,,COC1=CC2=C(C=C1)N=C(S(=O)CC1=C(C)C3(OC)=C(C3)C(C)C=N1)N2.[HH]
ondansetron_cid4595,,,ondansetron_cid4595.png,low,low,0.5197938847983156,wrong,,Ondansetron,0.979,23,22,salt,exact,Ondansetron,False,False,False,True,0.979,False,False,2,2,,,Cl,Cc1nccn1CC1CCc2c(c3ccccc3n2C)C1=O.Cl
oritavancin_cid16136912,,,oritavancin_cid16136912.png,low,low,1.418716258260366e-07,invalid,,,,,,invalid,invalid,,False,False,False,False,,False,,,,,,,CC=C(O)C=C1(O)=C2345O6C789%10=C2%11=C62%12(=C=736C%11C164=C(O)C=CC13=C46C1(NC(=O)[CH]NC[CH]NC[CH]N[CH]CNC)C=31C43=C82=C61=C=39%12)O5%10.COC.[H]C(C(O)[CH]CO)C([CH]OC(=O)C(=C)OC1=CC=C([CH]N2C(=O)C2NC=O)C=C1)O[CH]OC(C)C(O)C(C)(C)NC12C3N14C1=CC(C5=CC=C(Cl)C=C5)=CC=C1324
orphenadrine_cid4601,,,orphenadrine_cid4601.png,low,low,3.199243507491632e-13,wrong,,Orphenadrine,0.029,125,20,wrong,wrong,,False,False,False,False,0.029,False,False,546,105,,C.C.C.C.C.C.C.C.C.C.C.C.C.C.C.C.C.C.C.C.C.C.C.C.C.C.C.C.C.C.C.C.C.C.C.C.C.C.C.C.C.C.C.C.C.C.C.C.C.C.C.C.C.C.C.C.C.C.C.C.C.C.C.C.C.C.C.C.C.C.C.C.C.C.C.C.C.C.C.C.C.C.C.C.CC.CC.CC.CC.CC.CC.CC.CC.CC.CC.CC.CC.CC.CC.CC.CC.CC.CC.CC,,C.C.C.C.C.C.C.C.C.C.C.C.C.C.C.C.C.C.C.C.C.C.C.C.C.C.C.C.C.C.C.C.C.C.C.C.C.C.C.C.C.C.C.C.C.C.C.C.C.C.C.C.C.C.C.C.C.C.C.C.C.C.C.C.C.C.C.C.C.C.C.C.C.C.C.C.C.C.C.C.C.C.C.C.C.CC.CC.CC.CC.CC.CC.CC.CC.CC.CC.CC.CC.CC.CC.CC.CC.CC.CC.CC.CC
osimertinib_cid71496458,,,osimertinib_cid71496458.png,high,high,0.8733213713751817,exact,Osimertinib,Osimertinib,1.0,37,37,exact,exact,Osimertinib,False,False,False,False,1.0,True,True,0,1,,,,C=CC(=O)Nc1cc(Nc2nccc(-c3cn(C)c4ccccc34)n2)c(OC)cc1N(C)CCN(C)C
osimertinib_mesylate_cid78357807,,,osimertinib_mesylate_cid78357807.png,low,low,0.8427342686592739,wrong,,Osimertinib Mesylate,0.974,45,42,salt,salt,Osimertinib Mesylate,False,False,False,False,0.974,False,False,8,5,,O,,CS(=O)(=O)O.Cl.O.O.[H]N(c1nccc(-c2cn(C)c3ccccc23)n1)c1cc(NC(=O)C=C)c(N(C)CCN(C)C)cc1OC
oxalic_acid_cid971,,,oxalic_acid_cid971.png,low,low,0.6930178589726784,wrong,,Oxalic Acid,0.75,9,6,exact,exact,Oxalic Acid,False,True,False,False,1.0,False,False,10,6,I.I.I.[HH].[HH],,,I.I.I.O=C(O)C(=O)O.[HH].[HH]
oxandrolone_cid5878,,,oxandrolone_cid5878.png,low,low,0.2538313009235933,wrong,,Oxandrolone,0.0,25,22,wrong,wrong,,False,False,False,False,0.0,False,False,11,41,[H].[H].[H].[H].[H].[H].[H].[H].[H].[H].[H].[H].[H].[H].[H].[H],C.C.C.[C].[C].[C].[C].[C].[C].[C].[C].[C].[C].[C].[C].[C].[C].[C].[C].[C].[C].[C].[C],,"C.C.C.C.[C].[C].[C].[C].[C].[C].[C].[C].[C].[C].[C].[C].[C].[C].[C].[C].[C].[C].[C].[C].[C].[H].[H].[H].[H].[H].[H].[H].[H].[H].[H].[H].[H].[H].[H].[H].[H] |^1:25,26,27,28,29,30,31,32,33,34,35,36,37,38,39,40,4,5,6,7,8,9,10,11,12,13,14,15,16,17,18,19,20,21,22,23,24|"
oxaprozin_cid4614,,,oxaprozin_cid4614.png,low,low,0.1477330771072991,invalid,,,,,,invalid,invalid,,False,False,False,False,,False,,,,,,,O=C(O)CCC1=NC23=C(=C2C2(=CC=CC=C2)C2=CC=CC=CC3=C2)O1
oxcarbazepine_cid34312,,,oxcarbazepine_cid34312.png,low,low,0.4680365459478547,wrong,,Oxcarbazepine,0.969,19,19,exact,exact,Oxcarbazepine,False,True,False,False,1.0,False,False,4,3,[HH].[HH],,,NC(=O)N1c2ccccc2CC(=O)c2ccccc21.[HH].[HH]
oxytocin_cid439302,,,oxytocin_cid439302.png,low,low,0.1743319181251098,invalid,,,,,,invalid,invalid,,False,False,False,False,,False,,,,,,,[H]NC(=O)CNC(=O)C(CC(C)C)NC(=O)C1CCCN1C(=O)C(CS)NC(=O)C(CC(=O)N[H])NC(=O)C(CCC(=O)NN)NC(=O)C1(NC(=O)C(CC2=CC=C(O)C=C2)NC(=O)C(N)CS)C[CH]1(C)CC
ozone_cid24823,,,ozone_cid24823.png,low,low,0.5046270754140476,invalid,,,,,,invalid,invalid,,False,False,False,False,,False,,,,,,,O=O.O=O[O-]
paclitaxel_cid36314,,,paclitaxel_cid36314.png,low,low,0.8349078490850631,exact,Paclitaxel,Paclitaxel,1.0,62,62,exact,exact,Paclitaxel,False,False,False,False,1.0,True,True,0,1,,,,[H]O[C@H]1C[C@@]2([H])OC[C@@]2(OC(C)=O)[C@@]2([H])[C@H](OC(=O)c3ccccc3)[C@]3(O)C[C@H](OC(=O)[C@H](O)[C@@H](NC(=O)c4ccccc4)c4ccccc4)C(C)=C([C@@H](OC(C)=O)C(=O)[C@]12C)C3(C)C
palmitic_acid_cid985,,,palmitic_acid_cid985.png,low,low,0.6103617377179054,wrong,,Palmitic Acid,1.0,17,18,near,near,,False,False,False,False,1.0,False,False,3,3,[HH].[HH],,,CCCCCCCCCCCCCCC(=O)O.[HH].[HH]
pantoprazole_cid4679,,,pantoprazole_cid4679.png,high,high,0.8706732145016197,wrong,,Pantoprazole,0.981,26,26,exact,exact,Pantoprazole,False,True,False,False,1.0,False,False,1,2,[H],,,COc1ccnc(CS(=O)c2nc3ccc(OC(F)F)cc3[nH]2)c1OC.[H] |^1:26|
pantothenic_acid_cid6613,,,pantothenic_acid_cid6613.png,low,low,0.7965448305072039,wrong,,Pantothenic Acid,1.0,15,15,exact,exact,Pantothenic Acid,False,True,False,False,1.0,False,False,10,6,[HH].[HH].[HH].[HH].[HH],,,CC(C)(CO)[C@@H](O)C(=O)NCCC(=O)O.[HH].[HH].[HH].[HH].[HH]
paraquat_cid15939,,,paraquat_cid15939.png,low,low,0.7508502082165449,wrong,,Paraquat,0.312,14,14,wrong,wrong,,False,False,False,False,0.312,False,False,1,1,,,,C=CC(=CC=[N+]C)c1cc[n+](C)cc1 |^1:5|
paroxetine_cid43815,,,paroxetine_cid43815.png,low,low,0.04030748359259995,invalid,,,,,,invalid,invalid,,False,False,False,False,,False,,,,,,,FC1=CC=C([CH]23C4C5N67[H]N58C6C5C6OC9=C%10%11=C%12(=CC=%10%13=C(=C%11%10=C(C=C9)OCO%10)(C=C%12)OCO%13)OC[CH]62(C78)[CH]54C32=CC=C(F)C=C2)C=C1
patulin_cid4696,,,patulin_cid4696.png,low,low,0.7280119396709049,wrong,,Patulin,0.964,15,11,exact,exact,Patulin,False,True,False,False,1.0,False,False,8,5,I.I.I.I,,,I.I.I.I.O=C1C=C2C(=CCOC2O)O1
pazopanib_cid10113978,,,pazopanib_cid10113978.png,high,high,0.8777023347332263,wrong,,Pazopanib,0.983,31,31,exact,exact,Pazopanib,False,True,False,False,1.0,False,False,1,2,[H],,,[H].[H]NS(=O)(=O)c1cc(Nc2nccc(N(C)c3ccc4c(C)n(C)nc4c3)n2)ccc1C |^1:0|
penicillin_g_cid5904,,,penicillin_g_cid5904.png,low,low,0.6663667665008235,wrong,,Penicillin G,0.956,23,23,exact,exact,Penicillin G,False,True,False,False,1.0,False,False,3,3,[HH].[H],,,[HH].[H].[H]OC(=O)[C@@H]1N2C(=O)[C@@H](NC(=O)Cc3ccccc3)[C@@]2([H])SC1(C)C |^1:1|
pentacene_cid8671,,,pentacene_cid8671.png,high,high,0.8907161506753077,exact,Pentacene,Pentacene,1.0,22,22,exact,exact,Pentacene,False,False,False,False,1.0,True,True,0,1,,,,c1ccc2cc3cc4cc5ccccc5cc4cc3cc2c1
perfluorooctanesulfonic_acid_cid74483,,,perfluorooctanesulfonic_acid_cid74483.png,low,low,0.4792282963921852,wrong,,Perfluorooctanesulfonic acid,0.947,29,29,exact,exact,Perfluorooctanesulfonic acid,False,True,False,False,1.0,False,False,2,2,[HH],,,O=S(=O)(O)C(F)(F)C(F)(F)C(F)(F)C(F)(F)C(F)(F)C(F)(F)C(F)(F)C(F)(F)F.[HH]
perfluorooctanoic_acid_cid9554,,,perfluorooctanoic_acid_cid9554.png,low,low,0.7761151583327398,wrong,,Perfluorooctanoic acid,0.944,25,25,exact,exact,Perfluorooctanoic acid,False,True,False,False,1.0,False,False,2,2,[HH],,,O=C(O)C(F)(F)C(F)(F)C(F)(F)C(F)(F)C(F)(F)C(F)(F)C(F)(F)F.[HH]
pergolide_cid47811,,,pergolide_cid47811.png,low,low,0.39884300890053,invalid,,,,,,invalid,invalid,,False,False,False,False,,False,,,,,,,[H]C12CC3=CNC4=CC=CC(=C34)C13([H])CC(CSC)C1N(CCC)C[CH]1(CSC)C23
permethrin_cid40326,,,permethrin_cid40326.png,high,high,0.8784795557642602,exact,Permethrin,Permethrin,1.0,26,26,exact,exact,Permethrin,False,False,False,False,1.0,True,True,0,1,,,,CC1(C)C(C=C(Cl)Cl)C1C(=O)OCc1cccc(Oc2ccccc2)c1
perylene_cid9142,,,perylene_cid9142.png,high,high,0.8890989570001294,exact,Perylene,Perylene,1.0,20,20,exact,exact,Perylene,False,False,False,False,1.0,True,True,0,1,,,,c1cc2cccc3c4cccc5cccc(c(c1)c23)c54
phenobarbital_cid4763,,,phenobarbital_cid4763.png,low,low,0.8078608792376729,wrong,,Phenobarbital,0.926,19,17,exact,exact,Phenobarbital,False,True,False,False,1.0,False,False,8,5,I.I.[HH].[HH],,,CCC1(c2ccccc2)C(=O)NC(=O)NC1=O.I.I.[HH].[HH]
phenol_cid996,,,phenol_cid996.png,low,low,0.6549996538539975,wrong,,Phenol,0.917,7,7,exact,exact,Phenol,False,True,False,False,1.0,False,False,2,2,[HH],,,Oc1ccccc1.[HH]
phenylephrine_cid6041,,,phenylephrine_cid6041.png,low,low,0.7601129067310232,wrong,,Phenylephrine,0.964,16,12,exact,exact,Phenylephrine,False,True,False,False,1.0,False,False,8,5,I.I.I.I,,,I.I.I.I.[H]Oc1cccc([C@H](CNC)O[H])c1
phenytoin_cid1775,,,phenytoin_cid1775.png,low,low,0.7534132834876398,wrong,,Phenytoin,0.957,21,19,exact,exact,Phenytoin,False,True,False,False,1.0,False,False,4,3,I.I,,,I.I.[H]N1C(=O)NC(c2ccccc2)(c2ccccc2)C1=O
phosphoric_acid_cid1004,,,phosphoric_acid_cid1004.png,low,low,0.6677158277583685,wrong,,Phosphoric Acid,0.857,9,5,exact,exact,Phosphoric Acid,False,True,False,False,1.0,False,False,8,5,I.I.I.I,,,I.I.I.I.[H]OP(=O)(O)O
phthalocyanine_cid86280045,,,phthalocyanine_cid86280045.png,low,low,0.1858219409454886,invalid,,,,,,invalid,invalid,,False,False,False,False,,False,,,,,,,C1=CC=C2C(=C1)C1=NC2=NC2=C3C=CC=CC3=C(N=C3N=C4(N=C5NC(=N1)(C1=CC=CC=C15)C15=C6C7=C8=CC1=C(NC5=C7C=86)N4)C1=CC=CC=C13)N2
pimozide_cid16362,,,pimozide_cid16362.png,low,low,0.6571258181913806,wrong,,Pimozide,0.98,34,34,exact,exact,Pimozide,False,True,False,False,1.0,False,False,4,3,[HH].[HH],,,O=c1[nH]c2ccccc2n1C1CCN(CCCC(c2ccc(F)cc2)c2ccc(F)cc2)CC1.[HH].[HH]
pioglitazone_cid4829,,,pioglitazone_cid4829.png,low,low,0.8282832199044421,wrong,,Pioglitazone,0.978,25,25,exact,exact,Pioglitazone,False,True,False,False,1.0,False,False,3,4,[H].[H].[H],,,"CCc1ccc(CCOc2ccc(CC3SC(=O)NC3=O)cc2)nc1.[H].[H].[H] |^1:25,26,27|"
piperacillin_cid43672,,,piperacillin_cid43672.png,high,high,0.8689003024204106,wrong,,Piperacillin,0.984,36,36,exact,exact,Piperacillin,False,True,False,False,1.0,False,False,4,3,[HH].[HH],,,[HH].[HH].[H][C@]12SC(C)(C)[C@H](C(=O)O)N1C(=O)[C@H]2NC(=O)[C@H](NC(=O)N1CCN(CC)C(=O)C1=O)c1ccccc1
platinum_ii_1_cyclobutanedicarboxylato_diammine_cis_cid426756,,,platinum_ii_1_cyclobutanedicarboxylato_diammine_cis_cid426756.png,low,low,0.5093535950673048,wrong,,"Platinum(II),1-cyclobutanedicarboxylato)diammine-, cis-",0.0,1,13,wrong,wrong,,False,False,False,False,0.0,False,False,18,8,[HH].[HH].[HH].[HH].[HH].[HH].[HH],,,C.[HH].[HH].[HH].[HH].[HH].[HH].[HH]
pomalidomide_cid134780,,,pomalidomide_cid134780.png,low,low,0.6744888652811564,wrong,,Pomalidomide,0.974,20,20,exact,exact,Pomalidomide,False,True,False,False,1.0,False,False,8,5,[HH].[HH].[HH].[HH],,,Nc1cccc2c1C(=O)N(C1CCC(=O)NC1=O)C2=O.[HH].[HH].[HH].[HH]
potassium_citrate_cid2735208,,,potassium_citrate_cid2735208.png,low,low,0.6612092314651816,wrong,,Potassium Citrate,0.385,18,17,salt,salt,Potassium Citrate,False,False,False,False,0.385,False,False,6,6,,[K+].[KH],,O.O=C(O)CC(O)(CC(=O)O)C(=O)O.[K+].[K+].[KH].[KH]
potassium_trichloro_ethylene_platinate_ii_hydrate_cid71311337,,,potassium_trichloro_ethylene_platinate_ii_hydrate_cid71311337.png,low,low,0.651422068878006,wrong,,Potassium trichloro(ethylene)platinate(II) hydrate,0.2,11,8,wrong,wrong,,False,False,False,False,0.2,False,False,10,9,[H].[I],[I-].[I-],,"O.[Cl][Pt]([Cl])[Cl].[H].[I+].[I-].[I-].[I-].[I].[K+] |^1:5,10,^2:6|"
pravastatin_cid54687,,,pravastatin_cid54687.png,high,high,0.8605902950822927,exact,Pravastatin,Pravastatin,1.0,30,30,exact,exact,Pravastatin,False,False,False,False,1.0,True,True,0,1,,,,[H]OC(=O)C[C@@H](C[C@@H](CC[C@H]1[C@@H](C)C=CC2=C[C@@H](O[H])C[C@H](OC(=O)[C@@H](C)CC)[C@@]21[H])O[H])O[H]
praziquantel_cid4891,,,praziquantel_cid4891.png,high,high,0.8769506839341631,exact,Praziquantel,Praziquantel,1.0,23,23,exact,exact,Praziquantel,False,False,False,False,1.0,True,True,0,1,,,,O=C(C1CCCCC1)N1CC(=O)N2CCc3ccccc3C2C1
prazosin_cid4893,,,prazosin_cid4893.png,high,high,0.878138295437484,wrong,,Prazosin,0.981,28,28,exact,exact,Prazosin,False,True,False,False,1.0,False,False,2,3,[H].[H],,,"COc1cc2nc(N3CCN(C(=O)c4ccco4)CC3)nc(N)c2cc1OC.[H].[H] |^1:28,29|"
prednisolone_cid5755,,,prednisolone_cid5755.png,low,low,0.4344592178144691,wrong,,Prednisolone,0.981,26,26,stereo,stereo,Prednisolone,False,True,False,False,1.0,False,False,6,4,[HH].[HH].[HH],,,[HH].[HH].[HH].[H]O[C@H]1C[C@@]2(C)[C@]([H])(CC[C@]2(O)C(=O)CO)[C@]2([H])CCC3=CC(=O)C=C[C@]3(C)[C@@]12[H]
prednisone_cid5865,,,prednisone_cid5865.png,low,low,0.3938068587014283,wrong,,Prednisone,0.98,26,26,exact,exact,Prednisone,False,True,False,False,1.0,False,False,6,4,[HH].[HH].[HH],,,[HH].[HH].[HH].[H][C@@]12CC[C@](O)(C(=O)CO)[C@@]1(C)CC(=O)[C@@]1([H])[C@@]2([H])CCC2=CC(=O)C=C[C@@]21C
pregabalin_cid5486971,,,pregabalin_cid5486971.png,low,low,0.7366211386077182,wrong,,Pregabalin,0.88,13,11,exact,exact,Pregabalin,False,True,False,False,1.0,False,False,14,8,II.[HH].[HH].[HH].[HH].[HH].[HH],,,CC(C)C[C@H](CN)CC(=O)O.II.[HH].[HH].[HH].[HH].[HH].[HH]
pregnenolone_cid8955,,,pregnenolone_cid8955.png,low,low,0.5347553592219317,wrong,,Pregnenolone,0.977,23,23,exact,exact,Pregnenolone,False,True,False,False,1.0,False,False,2,2,[HH],,,[HH].[H][C@@]12CC=C3C[C@@H](O)CC[C@]3(C)[C@@]1([H])CC[C@]1(C)[C@@H](C(C)=O)CC[C@@]21[H]
pretomanid_cid456199,,,pretomanid_cid456199.png,high,high,0.8718179551671829,exact,Pretomanid,Pretomanid,1.0,25,25,exact,exact,Pretomanid,False,False,False,False,1.0,True,True,0,1,,,,O=[N+]([O-])c1cn2c(n1)OC[C@@H](OCc1ccc(OC(F)(F)F)cc1)C2
prilocaine_cid4906,,,prilocaine_cid4906.png,low,low,0.836637563274672,wrong,,Prilocaine,0.943,18,16,exact,exact,Prilocaine,False,True,False,False,1.0,False,False,8,5,I.I.[HH].[HH],,,CCCNC(C)C(=O)Nc1ccccc1C.I.I.[HH].[HH]
primidone_cid4909,,,primidone_cid4909.png,low,low,0.781914169853874,wrong,,Primidone,0.931,19,16,exact,exact,Primidone,False,True,False,False,1.0,False,False,8,5,I.I.I.[HH],,,CCC1(c2ccccc2)C(=O)NCNC1=O.I.I.I.[HH]
procarbazine_cid4915,,,procarbazine_cid4915.png,low,low,0.7185014047364378,wrong,,Procarbazine,0.938,21,16,exact,exact,Procarbazine,False,True,False,False,1.0,False,False,14,8,I.I.I.I.I.[HH].[HH],,,CNNCc1ccc(C(=O)NC(C)C)cc1.I.I.I.I.I.[HH].[HH]
progesterone_cid5994,,,progesterone_cid5994.png,low,low,0.789055654166572,exact,Progesterone,Progesterone,1.0,23,23,exact,exact,Progesterone,False,False,False,False,1.0,True,True,0,1,,,,[H][C@@]12CCC3=CC(=O)CC[C@]3(C)[C@@]1([H])CC[C@]1(C)[C@@H](C(C)=O)CC[C@@]21[H]
propofol_cid4943,,,propofol_cid4943.png,high,high,0.8461119948085369,exact,Propofol,Propofol,1.0,13,13,exact,exact,Propofol,False,False,False,False,1.0,True,True,0,1,,,,CC(C)c1cccc(C(C)C)c1O
propranolol_cid4946,,,propranolol_cid4946.png,low,low,0.7903249146111604,wrong,,Propranolol,0.972,22,19,exact,exact,Propranolol,False,True,False,False,1.0,False,False,6,4,I.I.I,,,I.I.I.[H]OC([H])(CNC(C)C)COc1cccc2ccccc12
pseudoephedrine_cid7028,,,pseudoephedrine_cid7028.png,low,low,0.7383855914902917,wrong,,Pseudoephedrine,0.88,16,12,exact,exact,Pseudoephedrine,False,True,False,False,1.0,False,False,6,4,II.II.[HH],,,II.II.[HH].[H]O[C@@H](c1ccccc1)[C@H](C)NC
pyrene_cid31423,,,pyrene_cid31423.png,low,low,0.8333884845193286,exact,Pyrene,Pyrene,1.0,16,16,exact,exact,Pyrene,False,False,False,False,1.0,True,True,0,1,,,,c1cc2ccc3cccc4ccc(c1)c2c34
pyridine_cid1049,,,pyridine_cid1049.png,low,low,0.6442621284334883,wrong,,Pyridine,0.818,10,6,exact,exact,Pyridine,False,True,False,False,1.0,False,False,4,3,II.II,,,II.II.c1ccncc1
pyridinium_4_2_6r_7r_2_carboxy_7_2z_2_ethoxyimino_2_5_phosph_cid9852981,,,pyridinium_4_2_6r_7r_2_carboxy_7_2z_2_ethoxyimino_2_5_phosph_cid9852981.png,high,low,0.8661331017256096,invalid,,,,,,invalid,invalid,,False,False,False,False,,False,,,,,,,[H]C12SCC(SC3=NC(C4=CC=N(C)C=C4)=CS3)=C(C(=O)[O-])N1C(=O)C2NC(=O)C(=NOCC)C1=NSC(NP(=O)([O-])O)=N1
pyridoxal_cid1050,,,pyridoxal_cid1050.png,high,high,0.851597953438479,wrong,,Pyridoxal,0.933,13,12,exact,exact,Pyridoxal,False,True,False,False,1.0,False,False,6,4,I.[HH].[HH],,,I.[HH].[HH].[H]C(=O)c1c(CO)cnc(C)c1O
quetiapine_cid5002,,,quetiapine_cid5002.png,high,high,0.845702256749879,wrong,,Quetiapine,0.957,28,27,exact,exact,Quetiapine,False,True,False,False,1.0,False,False,3,3,I.[H],,,I.OCCOCCN1CCN(C2=Nc3ccccc3Sc3ccccc32)CC1.[H] |^1:28|
quinapril_cid54892,,,quinapril_cid54892.png,low,low,0.7115811705026942,wrong,,Quinapril,0.656,32,32,wrong,wrong,,False,False,False,False,0.656,False,False,2,1,,,,CCOC(=O)[C@H](CCc1ccccc1)N[C@@H](C)C(=O)N1C/C=C/C=C\C=CC[C@H]1C(=O)O |ctu:26|
quinupristin_cid5388937,,,quinupristin_cid5388937.png,low,low,0.0001418841924102618,invalid,,,,,,invalid,invalid,,False,False,False,False,,False,,,,,,,[H]C1CN[CH]CN2C3([H])C(NC(C)C4=CC=CC=C4)C4([H])(CC(=O)C(CSC567CN89CCC5%10CC86C%105C9CC57)CN34C2(=O)C(CC2=CC=C(N(C)C)C=C2)NC(=O)C2([H])CCCN2C(=O)C(CC)NC(C)=O)C(=O)NC(C2=CC=CC=C2)C(=O)OC(C)C(NC(=O)C2=C(O)C=CC=N2)C(=O)NC(CC)CN1
rabeprazole_cid5029,,,rabeprazole_cid5029.png,low,low,0.8408982533525134,wrong,,Rabeprazole,0.98,26,25,salt,exact,Rabeprazole,False,True,False,True,1.0,False,False,3,3,[HH],,[I-],COCCCOc1ccnc(CS(=O)c2nc3ccccc3[nH]2)c1C.[HH].[I-]
raloxifene_cid5035,,,raloxifene_cid5035.png,high,high,0.8871864914016172,wrong,,Raloxifene,0.981,34,34,exact,exact,Raloxifene,False,True,False,False,1.0,False,False,4,3,[HH].[HH],,,O=C(c1ccc(OCCN2CCCCC2)cc1)c1c(-c2ccc(O)cc2)sc2cc(O)ccc12.[HH].[HH]
ranitidine_cid3001055,,,ranitidine_cid3001055.png,high,high,0.8517318040304024,wrong,,Ranitidine,0.978,21,21,exact,exact,Ranitidine,False,True,False,False,1.0,False,False,2,2,[HH],,,[HH].[H]/C(=C(/NC)NCCSCc1ccc(CN(C)C)o1)[N+](=O)[O-]
ranolazine_cid56959,,,ranolazine_cid56959.png,high,high,0.8766086738661933,wrong,,Ranolazine,0.98,31,31,exact,exact,Ranolazine,False,True,False,False,1.0,False,False,2,2,[HH],,,COc1ccccc1OCC(O)CN1CCN(CC(=O)Nc2c(C)cccc2C)CC1.[HH]
regorafenib_cid11167602,,,regorafenib_cid11167602.png,high,high,0.8839296576563425,wrong,,Regorafenib,0.983,33,33,exact,exact,Regorafenib,False,True,False,False,1.0,False,False,6,4,[HH].[HH].[HH],,,CNC(=O)c1cc(Oc2ccc(NC(=O)Nc3ccc(Cl)c(C(F)(F)F)c3)c(F)c2)ccn1.[HH].[HH].[HH]
rhodamine_b_cid6694,,,rhodamine_b_cid6694.png,high,high,0.8661496181781503,wrong,,Rhodamine B,0.982,34,34,exact,exact,Rhodamine B,False,True,False,False,1.0,False,False,2,3,[HH],,,CCN(CC)c1ccc2c(-c3ccccc3C(=O)O)c3ccc(=[N+](CC)CC)cc-3oc2c1.[Cl-].[HH]
ribavirin_cid37542,,,ribavirin_cid37542.png,low,low,0.825784196894002,wrong,,Ribavirin,0.949,18,17,exact,exact,Ribavirin,False,True,False,False,1.0,False,False,8,5,I.[HH].[HH].[HH],,,I.[HH].[HH].[HH].[H]O[C@H]1[C@@H](O)[C@H](n2cnc(C(N)=O)n2)O[C@@H]1CO
rifabutin_cid135415564,,,rifabutin_cid135415564.png,low,low,0.002891501547789842,invalid,,,,,,invalid,invalid,,False,False,False,False,,False,,,,,,,[H].[H]O.[H]OC=CC(O)=C(C)C1=C2C3C=NC45CCN(CC(C)(C)C)C6C(C(C4)C65)C(C([H])=C([H])[H])C(O)[CH]4(C)C(O)[CH]56(C)[CH]4(O)[CH]4(C)[CH]5(OC(C)=O)[CH]57(C)C(OC)C([H])=C([H])O8C9%10CC8%11%12%13(C)(OC([H])=C([H])[CH]5(OC)C(C)[CH]476OC(C)=O)OC(=C3(C%11=O)C29%12=O)O1%10%13.[H][H]
rifampicin_cid135398735,,,rifampicin_cid135398735.png,low,low,0.004016744110380401,invalid,,,,,,invalid,invalid,,False,False,False,False,,False,,,,,,,[H].[H].[H].[H].[H].[H].[H].[H].[H]OC1C(C)C([H])=C2C([H])=C(C)C(=O)NC34567=C8(O)C9%10%11=C3(O)=C=483(=C=54C([H])=NN5(CCN(C)CC5O)C(OC(C)=O)C(C)C(OC)C=C([H])OC(C)OC=C5C98=C(O)(C=3=6C([H])=NN36CCN(C)C[CH]3(O)[CH]6(C)C(O)C1C)C5%10(=C4O)C81=C(OC(C)C1=O)C(C)=C%11O)N27
risperidone_cid5073,,,risperidone_cid5073.png,high,high,0.8447515865025925,wrong,,Risperidone,0.984,31,30,salt,exact,Risperidone,False,False,False,True,0.984,False,False,2,2,,,Cl,Cc1nc2n(c(=O)c1CCN1CCC(c3noc4cc(F)ccc34)CC1)CCCC2.Cl
ritonavir_cid392622,,,ritonavir_cid392622.png,high,high,0.8865720225837289,exact,Ritonavir,Ritonavir,1.0,50,50,exact,exact,Ritonavir,False,False,False,False,1.0,True,True,0,1,,,,CC(C)c1nc(CN(C)C(=O)N[C@H](C(=O)N[C@@H](Cc2ccccc2)C[C@H](O)[C@H](Cc2ccccc2)NC(=O)OCc2cncs2)C(C)C)cs1
rivaroxaban_cid9875401,,,rivaroxaban_cid9875401.png,high,high,0.8515183669652465,wrong,,Rivaroxaban,0.981,31,29,exact,exact,Rivaroxaban,False,True,False,False,1.0,False,False,4,3,I.I,,,I.I.O=C(NC[C@H]1CN(c2ccc(N3CCOCC3=O)cc2)C(=O)O1)c1ccc(Cl)s1
rizatriptan_cid5078,,,rizatriptan_cid5078.png,low,low,0.8289386015463083,wrong,,Rizatriptan,0.957,21,20,exact,exact,Rizatriptan,False,True,False,False,1.0,False,False,4,3,I.[HH],,,CN(C)CCc1c[nH]c2ccc(Cn3cncn3)cc12.I.[HH]
romidepsin_cid5352062,,,romidepsin_cid5352062.png,low,low,0.2784818860474763,wrong,,Romidepsin,0.623,38,36,wrong,wrong,,False,False,False,False,0.623,False,False,10,4,[HH].[HH].[HH],,,[HH].[HH].[HH].[H]/C(C)=C1/NC(=O)C2([H])C[SH]3[SH]4[SH]5C(C/C([H])=C(\[H])C([H])(CC(=O)NC(C(C)C)C(=O)N2[H])OC(=O)C(C(C)C)N([H])C1=O)S354
ropinirole_cid5095,,,ropinirole_cid5095.png,low,low,0.7830052804062505,wrong,,Ropinirole,0.947,20,19,salt,exact,Ropinirole,False,True,False,True,0.973,False,False,5,5,[H].[H].[H],,Cl,"CCCN(CCC)CCc1cccc2c1CC(=O)N2.Cl.[H].[H].[H] |^1:20,21,22|"
rosuvastatin_calcium_cid5282455,,,rosuvastatin_calcium_cid5282455.png,low,low,0.004954382533789714,invalid,,,,,,invalid,invalid,,False,False,False,False,,False,,,,,,,CC(C)C1=C(C=CC(O)CC(O)CC(=O)[O][Ca])C(C2=CC=C(F)C=C2)=NC(N(C)C)=N1.CS(=O)(=O)O.Cl.[Ca].[Ca].[Ca][Ca].[H]C(=CC([H])O)C1234=C5(C(C)C)=C16=C1(C)(C)=C(C)(C)C6127=N53=C(C(C)=O)N=C47C1=CC=C(F)C=C1
rotigotine_cid59227,,,rotigotine_cid59227.png,high,high,0.8623743460179014,wrong,,Rotigotine,0.979,22,22,exact,exact,Rotigotine,False,True,False,False,1.0,False,False,2,2,[HH],,,CCCN(CCc1cccs1)[C@H]1CCc2c(O)cccc2C1.[HH]
rubrene_cid68203,,,rubrene_cid68203.png,high,high,0.8461615490352826,exact,Rubrene,Rubrene,1.0,42,42,exact,exact,Rubrene,False,False,False,False,1.0,True,True,0,1,,,,c1ccc(-c2c3ccccc3c(-c3ccccc3)c3c(-c4ccccc4)c4ccccc4c(-c4ccccc4)c23)cc1
ruthenocene_cid11020720,,,ruthenocene_cid11020720.png,low,low,0.6723691459017341,wrong,,Ruthenocene,0.154,10,11,wrong,wrong,,False,False,False,False,0.154,False,False,3,2,,C1=CCC=C1,,C1=CCC=C1.C1=CCC=C1
salbutamol_cid2083,,,salbutamol_cid2083.png,low,low,0.805331871622872,wrong,,Salbutamol,0.971,17,17,exact,exact,Salbutamol,False,True,False,False,1.0,False,False,8,5,[HH].[HH].[HH].[HH],,,[HH].[HH].[HH].[HH].[H]OC([H])(CNC(C)(C)C)c1ccc(O)c(CO)c1
salicylic_acid_cid338,,,salicylic_acid_cid338.png,low,low,0.7059683644329673,wrong,,Salicylic Acid,0.9,14,10,exact,exact,Salicylic Acid,False,True,False,False,1.0,False,False,10,6,I.I.I.I.[HH],,,I.I.I.I.O=C(O)c1ccccc1O.[HH]
savolitinib_cid68289010,,,savolitinib_cid68289010.png,high,high,0.9003364374464304,exact,Savolitinib,Savolitinib,1.0,26,26,exact,exact,Savolitinib,False,False,False,False,1.0,True,True,0,1,,,,C[C@@H](c1ccc2nccn2c1)n1nnc2ncc(-c3cnn(C)c3)nc21
selegiline_cid26757,,,selegiline_cid26757.png,low,low,0.2887298710949269,wrong,,Selegiline,0.933,16,14,near,exact,,False,False,False,True,0.933,False,False,10,3,[HH],,CC,C#CCN(C)[C@H](C)Cc1ccccc1.CC.[HH]
serotonin_cid5202,,,serotonin_cid5202.png,low,low,0.7860536937655657,wrong,,Serotonin,0.935,14,13,exact,exact,Serotonin,False,True,False,False,1.0,False,False,12,7,I.[HH].[HH].[HH].[HH].[HH],,,I.NCCc1c[nH]c2ccc(O)cc12.[HH].[HH].[HH].[HH].[HH]
simvastatin_cid54454,,,simvastatin_cid54454.png,low,low,2.777655468892392e-20,wrong,,Simvastatin,0.063,126,30,wrong,wrong,,False,False,False,False,0.063,False,False,488,84,,C.C.C.C.C.C.C.C.C.C.C.C.C.C.C.C.C.C.C.C.C.C.C.C.C.C.C.C.C.C.C.C.C.C.C.C.C.C.C.C.C.C.C.C.C.C.C.C.C.C.C.C.C.C.C.C.C.C.C.C.C.C.C.C.C.C.C.C.C.C.C.CC.CC.CC.CC.CC.CC.CC.CC.CC.CC,,C.C.C.C.C.C.C.C.C.C.C.C.C.C.C.C.C.C.C.C.C.C.C.C.C.C.C.C.C.C.C.C.C.C.C.C.C.C.C.C.C.C.C.C.C.C.C.C.C.C.C.C.C.C.C.C.C.C.C.C.C.C.C.C.C.C.C.C.C.C.C.C.CC.CC.CC.CC.CC.CC.CC.CC.CC.CC.CC.CCCCCCCCCCCCCCCCCCCCCCCCCCCCCCCC
sirolimus_cid5284616,,,sirolimus_cid5284616.png,low,low,0.001221178725753508,invalid,,,,,,invalid,invalid,,False,False,False,False,,False,,,,,,,[H]C1=C([H])C([H])=C2(C)[CH]3(OC)C4C56([H])CC[CH]7(C)C(O)C89=O=C(=O=8)(C(=O)N8CCCCC8([H])C(=O)OC8([H])C(C)C%10[CH](CC(OC)=C1O)(CC1C%11([H])=C([H])C%12%13=C([H])(C(C)CC(C)C)C%12([H])=C%13(C)C([H])=C1([H])=C%11([H])=C3(C)[CH]42(OC)C5)C[CH]%108C)C97(O)O6
sodium_acetate_cid31372,,,sodium_acetate_cid31372.png,low,low,0.7219857402711721,wrong,,Sodium acetate,0.9,8,5,exact,exact,Sodium acetate,False,True,False,False,1.0,False,False,6,5,I.I.I,,,CC(=O)[O-].I.I.I.[Na+]
sodium_chloride_cid5234,,,sodium_chloride_cid5234.png,low,low,0.4342585023929275,wrong,,Sodium Chloride,0.0,6,2,wrong,wrong,,False,False,False,False,0.0,False,False,6,4,I.I.II,,,I.I.II.[Na+][Cl] |4|
sodium_lauryl_sulfate_cid3423265,,,sodium_lauryl_sulfate_cid3423265.png,low,low,0.7920816625987772,wrong,,Sodium Lauryl Sulfate,0.567,19,18,wrong,wrong,,False,False,False,False,0.567,False,False,1,2,,,,"CCCCCCCCCCCCOS(=O)(=O)[O-][Na+].[Na+] |17,C:16.16|"
sodium_nitroprusside_dihydrate_cid11953895,,,sodium_nitroprusside_dihydrate_cid11953895.png,low,low,0.02502310809971246,invalid,,,,,,invalid,invalid,,False,False,False,False,,False,,,,,,,N#[C][Fe]1([C]#N)([C]#N)([C]#N)[C]2#N#[C]1#N#2.O.O.O.O.O.O.[HH].[HH]
sodium_zirconium_cyclosilicate_cid155804812,,,sodium_zirconium_cyclosilicate_cid155804812.png,low,low,0.6176715191707814,wrong,,Sodium Zirconium Cyclosilicate,0.143,24,15,wrong,wrong,,False,False,False,False,0.143,False,False,15,16,,[Na+].[Na+].[Na+].[Na+].[Na+].[Na+].[Na+].[Na+].[Na+].[Na+].[Na+].[Na+].[O-][Si]([O-])([O-])[O-],,[I-].[Na+].[Na+].[Na+].[Na+].[Na+].[Na+].[Na+].[Na+].[Na+].[Na+].[Na+].[Na+].[Na+].[O-][Si]([O-])([O-])[O-].[O-][Si]([O-])([O-])[O-]
somatostatin_cid16129706,,,somatostatin_cid16129706.png,low,low,0.0007856885260569657,invalid,,,,,,invalid,invalid,,False,False,False,False,,False,,,,,,,O.[H]N1C(=O)NC(NC(=O)C(CC2=CC=CC=C2)NC(=O)C(NC(=O)(=O)C(CCCCN)NC(=O)C(CC23=CNC24=CC=CC=C34)NC(=O)[CH]NCC(CC2=CC=CC=C2)NC(=O)C(CC(N)=O)NC(=O)C(CCCCN)NC(=O)C(CS)NC(=O)(=O)CNC(=O)C(C)N)C(C)O)C(O)C1CO
sorafenib_cid216239,,,sorafenib_cid216239.png,high,high,0.8842787140669282,wrong,,Sorafenib,0.981,32,32,exact,exact,Sorafenib,False,True,False,False,1.0,False,False,6,4,[HH].[HH].[HH],,,CNC(=O)c1cc(Oc2ccc(NC(=O)Nc3ccc(Cl)c(C(F)(F)F)c3)cc2)ccn1.[HH].[HH].[HH]
sotalol_cid5253,,,sotalol_cid5253.png,low,low,0.7698202338616273,wrong,,Sotalol,0.941,20,18,exact,exact,Sotalol,False,True,False,False,1.0,False,False,8,7,I.I.[H].[H].[H].[H],,,"I.I.[H].[H].[H].[H].[H]OC([H])(CNC(C)C)c1ccc(NS(C)(=O)=O)cc1 |^1:2,3,4,5|"
sotorasib_cid137278711,,,sotorasib_cid137278711.png,high,high,0.8832636433250194,wrong,,Sotorasib,0.987,41,41,exact,exact,Sotorasib,False,True,False,False,1.0,False,False,1,2,[H],,,C=CC(=O)N1CCN(c2nc(=O)n(-c3c(C)ccnc3C(C)C)c3nc(-c4c(O)cccc4F)c(F)cc23)[C@@H](C)C1.[H] |^1:41|
spectinomycin_cid15541,,,spectinomycin_cid15541.png,low,low,0.8327363938264816,wrong,,Spectinomycin,1.0,23,23,stereo,stereo,Spectinomycin,False,True,False,False,1.0,False,False,3,4,[H].[H].[H],,,"[H].[H].[H].[H]N(C)[C@@H]1[C@H](O)[C@H](NC)[C@@]2([H])O[C@@]3(O)C(=O)C[C@@H](C)O[C@@]3([H])O[C@@]2([H])[C@H]1O |^1:0,1,2|"
sphingosine_cid5280335,,,sphingosine_cid5280335.png,low,low,0.5796482580350651,wrong,,Sphingosine,0.933,22,21,near,near,,False,False,False,False,0.933,False,False,100,54,[HH].[HH].[HH].[HH].[HH].[HH].[HH].[HH].[HH].[HH].[HH].[HH].[HH].[HH].[HH].[HH].[HH].[HH].[HH].[HH].[HH].[HH].[HH].[HH].[HH].[HH].[HH].[HH].[HH].[HH].[HH].[HH].[HH].[HH].[HH].[HH].[HH].[HH].[HH].[HH].[HH].[HH].[HH].[HH].[H].[H].[H].[H].[H].[H].[H].[H].[H],,,"[HH].[HH].[HH].[HH].[HH].[HH].[HH].[HH].[HH].[HH].[HH].[HH].[HH].[HH].[HH].[HH].[HH].[HH].[HH].[HH].[HH].[HH].[HH].[HH].[HH].[HH].[HH].[HH].[HH].[HH].[HH].[HH].[HH].[HH].[HH].[HH].[HH].[HH].[HH].[HH].[HH].[HH].[HH].[HH].[H].[H].[H].[H].[H].[H].[H].[H].[H].[H]O[C@H](/C([H])=C(\[H])CCCCCCCCCCCCCC)[C@H](CO)N([H])[H] |^1:44,45,46,47,48,49,50,51,52|"
spironolactone_cid5833,,,spironolactone_cid5833.png,low,low,0.5085775928330764,invalid,,,,,,invalid,invalid,,False,False,False,False,,False,,,,,,,[H]C12CCC3(C)C4(CCC35(CCC(=O)O5)CC4)C1(N)C(SC(C)=O)CC1=CC(=O)CCC12C
squalene_cid638072,,,squalene_cid638072.png,low,low,0.4529020856434308,wrong,,Squalene,0.406,27,30,wrong,wrong,,False,False,False,False,0.406,False,False,3,2,,,,CC.[H]C(=CCCC(C)=CCCC=C(C)CCCC)CCC(C)=C(C)CCC
stanozolol_cid25249,,,stanozolol_cid25249.png,low,low,0.772643835366459,wrong,,Stanozolol,0.957,24,24,stereo,stereo,Stanozolol,False,True,False,False,1.0,False,False,4,4,[HH].[H].[H],,,"[HH].[H].[H].[H][C@]12CC[C@]3([H])[C@]([H])(CC[C@@]4(C)[C@@]3([H])CC[C@]4(C)O)[C@@]1(C)Cc1cn[nH]c1C2 |^1:1,2|"
stevioside_cid442089,,,stevioside_cid442089.png,low,low,6.512680998285263e-05,invalid,,,,,,invalid,invalid,,False,False,False,False,,False,,,,,,,[H]O[CH]12C(CO)O[CH]34OC56789%10%11CCC%12([H])C(CCC%13([H])C(C)(C(=O)OC%14OC(CO)C(O)C(O)C%14O)CCCC%13%12[H])(CC5=C)C6C756(C8)(C(C59)C6%10)O%11C5OC(CO)C(C(O)[CH]53O3C5OC(CO)C(O)C(O)[CH]5(O)[CH]35(OC(CO)C(O)C(O)C5O)OC4C1O)O2[H]
streptomycin_cid19649,,,streptomycin_cid19649.png,low,low,0.7237800211227825,wrong,,Streptomycin,1.0,40,40,exact,exact,Streptomycin,False,True,False,False,1.0,False,False,15,16,[H].[H].[H].[H].[H].[H].[H].[H].[H].[H].[H].[H].[H].[H].[H],,,"[H].[H].[H].[H].[H].[H].[H].[H].[H].[H].[H].[H].[H].[H].[H].[H]NC(N)=N[C@@H]1[C@@H](O)[C@H](N=C(N)N)[C@@H](O[C@@H]2O[C@@H](C)[C@](O)(C([H])=O)[C@H]2O[C@@H]2O[C@@H](CO)[C@H](O)[C@@H](O)[C@@H]2NC)[C@H](O)[C@H]1O[H] |^1:0,1,2,3,4,5,6,7,8,9,10,11,12,13,14|"
substance_p_cid36511,,,substance_p_cid36511.png,low,low,1.667817114968962e-06,invalid,,,,,,invalid,invalid,,False,False,False,False,,False,,,,,,,CC(C)CC(=O)NCCNC1=O2=C34C5=C(=C36789=C(=CC=C6)C=7=C=28[CH]14(NC(=O)C(CC1=CC=CC=C1)NC(=O)C(CCC(N)=O)NC(=O)C(CC(N)=O)NC(=O)C1CCCN1C(=O)C(CCCC[NH3+])NC1(=O)[CH]23C4CCN2[CH]41N3C(=O)[CH]1(N)C2C3C1C21C2N46=C78(NN)=NC4(NN)(=N=72C316)N8)C9)C=CC=C5
sucrose_cid5988,,,sucrose_cid5988.png,high,high,0.8517002697580042,wrong,,Sucrose,0.97,23,23,exact,exact,Sucrose,False,True,False,False,1.0,False,False,8,5,[HH].[HH].[HH].[HH],,,[HH].[HH].[HH].[HH].[H]O[C@H]1[C@@H](O[C@]2(CO)O[C@H](CO)[C@@H](O)[C@@H]2O[H])O[C@H](CO)[C@@H](O[H])[C@@H]1O
sulfamethoxazole_cid5329,,,sulfamethoxazole_cid5329.png,low,low,0.830173128687074,wrong,,Sulfamethoxazole,0.941,19,17,exact,exact,Sulfamethoxazole,False,True,False,False,1.0,False,False,8,5,I.I.[HH].[HH],,,Cc1cc(NS(=O)(=O)c2ccc(N)cc2)no1.I.I.[HH].[HH]
sulfur_hexafluoride_cid17358,,,sulfur_hexafluoride_cid17358.png,low,low,0.6574922209241741,invalid,,,,,,invalid,invalid,,False,False,False,False,,False,,,,,,,F[Si](F)(F)(F)F.I.I.I
sulfuric_acid_cid1118,,,sulfuric_acid_cid1118.png,low,low,0.6821452363138967,wrong,,Sulfuric Acid,0.857,9,5,exact,exact,Sulfuric Acid,False,True,False,False,1.0,False,False,8,5,I.I.I.I,,,I.I.I.I.O=S(=O)(O)O
sumatriptan_cid5358,,,sumatriptan_cid5358.png,low,low,0.829314770515174,wrong,,Sumatriptan,0.976,20,20,exact,exact,Sumatriptan,False,True,False,False,1.0,False,False,6,4,[HH].[HH].[HH],,,CNS(=O)(=O)Cc1ccc2[nH]cc(CCN(C)C)c2c1.[HH].[HH].[HH]
tacrolimus_cid445643,,,tacrolimus_cid445643.png,low,low,0.002896792970504829,invalid,,,,,,invalid,invalid,,False,False,False,False,,False,,,,,,,[H]C(=C(C)C1OC(=O)C2([H])CCCCN2C(=O)C(=O)C2(O)O3C45(O)(C(=O)C(=O)N6CCCCC6([H])C(C)=O)OC36([H])(C(OC)CC(C)CC37=C8([H])[CH]9(C(C=C)[CH]8%10(CC=C)C8(=O)C[CH]%11(O)C8(C(O)[CH]1%116C)C9%10=O)C3([H])=CC7)(C(OC)CC4C)C(OC)C[CH]25C)C1CCC(O)C([H])C1
talazoparib_cid135565082,,,talazoparib_cid135565082.png,low,low,0.7307044977428052,wrong,,Talazoparib,0.981,28,28,stereo,stereo,Talazoparib,False,True,False,False,1.0,False,False,8,5,[HH].[HH].[HH].[HH],,,[HH].[HH].[HH].[HH].[H][C@@]1(c2ncnn2C)c2n[nH]c(=O)c3cc(F)cc(c23)N[C@@H]1c1ccc(F)cc1
technetium_tc_99m_sestamibi_cid449763,,,technetium_tc_99m_sestamibi_cid449763.png,low,low,0.3642246446192794,wrong,,Technetium Tc 99m sestamibi,0.22,53,49,wrong,wrong,,False,False,False,False,0.22,False,False,16,7,,[C-]NCC(C)(C)OC,,"CNCC(C)(C)OC.COC.[C-]=NCC(C)(C)OC.[C-]NCC(C)(C)OC.[C-]NCC(C)(C)OC.[C-][N+]C1N([C-])CC1(C)OC.[C-][N+]CC(C)(C)OC |^1:11,^2:19,27,35,36,39,45,46|"
teixobactin_cid86341926,,,teixobactin_cid86341926.png,low,low,9.977523918458887e-06,invalid,,,,,,invalid,invalid,,False,False,False,False,,False,,,,,,,CC[CH][CH]12NC3C1NC1C(O)[CH]4(NC32=O)C(=O)N[CH]2(CCC(N)=O)C(=O)NC(C(C)CC)C(=O)NC(C(C)CC)C(=O)N[CH]C(=O)N3C5(=O)C(C)C(=O)NC(CC6CN=C(N)N6)C(=O)NC(C(C)CC)NC(C)[CH]356C(N3CC3NC[CH]NC[CH]NC2[CH]NC14)C6(=O)C(C)C(N)=O.CO
telavancin_cid3081362,,,telavancin_cid3081362.png,low,low,5.727934722216114e-15,invalid,,,,,,invalid,invalid,,False,False,False,False,,False,,,,,,,CCCCCCCCCCNCCC1CC2(C)(N)(CCNCCCCCCCCCC)C3C4OC(O[CH]56(O)[CH]7(O)[CH]5(C)(C)[CH]4762N1)O[CH]31(O)[CH]2345(O)[CH]678(O)[CH]9(O)C(CO)O%10[CH]%11%12[CH]62%13%14(O)[CH]%1026OC%10C(O)OC%10[CH]9%133%10(O)[CH]%11274(O)[CH]%1218%14%105O6.CCN[CH]CN[CH]1(CC(N)=O)C2N1C(O)[CH]2(O)C1O[CH]1(O)CC(=O)O
telmisartan_cid65999,,,telmisartan_cid65999.png,high,high,0.888363362425997,exact,Telmisartan,Telmisartan,1.0,39,39,exact,exact,Telmisartan,False,False,False,False,1.0,True,True,0,1,,,,CCCc1nc2c(C)cc(-c3nc4ccccc4n3C)cc2n1Cc1ccc(-c2ccccc2C(=O)O)cc1
temozolomide_cid5394,,,temozolomide_cid5394.png,low,low,0.7867480594084925,wrong,,Temozolomide,0.941,16,14,exact,exact,Temozolomide,False,True,False,False,1.0,False,False,6,4,I.I.[HH],,,Cn1nnc2c(C(N)=O)ncn2c1=O.I.I.[HH]
tempo_cid2724126,,,tempo_cid2724126.png,low,low,3.058130196415406e-07,wrong,,Tempo,0.0,120,11,wrong,wrong,,False,False,False,False,0.0,False,False,575,120,,C.C.C.C.C.C.C.C.C.C.C.C.C.C.C.C.C.C.C.C.C.C.C.C.C.C.C.C.C.C.C.C.C.C.C.C.C.C.C.C.C.C.C.C.C.C.C.C.C.C.C.C.C.C.C.C.C.C.C.C.C.C.C.C.C.C.C.C.C.C.C.C.C.C.C.C.C.C.C.C.C.C.C.C.C.C.C.C.C.C.C.C.C.C.C.C.C.C.C.C.C.C.C.C.C.C.C.C.C.C.C.C.C.C.C.C.C.C.C,,C.C.C.C.C.C.C.C.C.C.C.C.C.C.C.C.C.C.C.C.C.C.C.C.C.C.C.C.C.C.C.C.C.C.C.C.C.C.C.C.C.C.C.C.C.C.C.C.C.C.C.C.C.C.C.C.C.C.C.C.C.C.C.C.C.C.C.C.C.C.C.C.C.C.C.C.C.C.C.C.C.C.C.C.C.C.C.C.C.C.C.C.C.C.C.C.C.C.C.C.C.C.C.C.C.C.C.C.C.C.C.C.C.C.C.C.C.C.C.C
temsirolimus_cid6918289,,,temsirolimus_cid6918289.png,low,low,0.09570193613252245,invalid,,,,,,invalid,invalid,,False,False,False,False,,False,,,,,,,[H]OC(C(C)=C[CH](C)(C)C(=O)C1CCC(OC(=O)C2(C)COC2O)C(OC)C1)C(OC)C(=O)C(C)C[CH](C)(C)C([H])=C([H])C([H])=C([H])C([H])=C(C)C(CC1([H])CCC(C)C(OC)(C(=O)C(=O)N2CCCCC2([H])C(=O)OC([H])([CH]C)C[CH]CC([CH]OCCC)OC)O1)OC
terazosin_cid5401,,,terazosin_cid5401.png,high,high,0.8868948545712625,wrong,,Terazosin,0.981,28,28,exact,exact,Terazosin,False,True,False,False,1.0,False,False,1,2,[H],,,COc1cc2nc(N3CCN(C(=O)C4CCCO4)CC3)nc(N)c2cc1OC.[H] |^1:28|
terbutaline_cid5403,,,terbutaline_cid5403.png,low,low,0.811154838665754,wrong,,Terbutaline,0.929,18,16,exact,exact,Terbutaline,False,True,False,False,1.0,False,False,6,5,I.I.[H].[H],,,"I.I.[H].[H].[H]Oc1cc(O[H])cc(C(CNC(C)(C)C)O[H])c1 |^1:2,3|"
testosterone_cid6013,,,testosterone_cid6013.png,low,low,0.5400704666318538,wrong,,Testosterone,0.975,21,21,exact,exact,Testosterone,False,True,False,False,1.0,False,False,4,3,[HH].[HH],,,[HH].[HH].[H][C@@]12CCC3=CC(=O)CC[C@]3(C)[C@@]1([H])CC[C@]1(C)[C@@H](O)CC[C@@]21[H]
tetrabutylammonium_bromide_cid74236,,,tetrabutylammonium_bromide_cid74236.png,low,low,0.7999385136550284,wrong,,Tetrabutylammonium Bromide,0.929,20,18,salt,salt,Tetrabutylammonium Bromide,False,False,False,False,0.929,False,False,2,4,,[I-],,CCCC[N+](CCCC)(CCCC)CCCC.[Br-].[I-].[I-]
tetraethyllead_cid6511,,,tetraethyllead_cid6511.png,low,low,0.7487831665557728,wrong,,Tetraethyllead,0.727,12,9,exact,exact,Tetraethyllead,False,True,False,False,1.0,False,False,4,3,I.II,,,C[CH2][Pb]([CH2]C)([CH2]C)[CH2]C.I.II
tetrafluoroethylene_cid8301,,,tetrafluoroethylene_cid8301.png,low,low,0.6589037697944216,wrong,,Tetrafluoroethylene,0.833,7,6,wrong,exact,,False,False,False,True,0.833,False,False,2,2,,,F,F.FC(F)=C(F)F
tetrahydrocannabinol_cid16078,,,tetrahydrocannabinol_cid16078.png,high,high,0.8735264130743459,exact,Tetrahydrocannabinol,Tetrahydrocannabinol,1.0,23,23,exact,exact,Tetrahydrocannabinol,False,False,False,False,1.0,True,True,0,1,,,,[H][C@@]12C=C(C)CC[C@@]1([H])C(C)(C)Oc1cc(CCCCC)cc(O)c12
tetrahydrofuran_cid8028,,,tetrahydrofuran_cid8028.png,low,low,0.5936181081193634,wrong,,Tetrahydrofuran,0.889,9,5,exact,exact,Tetrahydrofuran,False,True,False,False,1.0,False,False,8,5,I.I.I.I,,,C1CCOC1.I.I.I.I
tetraphenylphosphonium_chloride_cid164911,,,tetraphenylphosphonium_chloride_cid164911.png,low,low,0.694597000670643,wrong,,Tetraphenylphosphonium Chloride,1.0,27,26,exact,exact,Tetraphenylphosphonium Chloride,False,False,True,False,1.0,False,False,1,3,,[Cl-],,[Cl-].[Cl-].c1ccc([P+](c2ccccc2)(c2ccccc2)c2ccccc2)cc1
tetraphenylporphyrin_cid86280046,,,tetraphenylporphyrin_cid86280046.png,low,low,0.6397323152814594,wrong,,Tetraphenylporphyrin,0.923,48,48,exact,exact,Tetraphenylporphyrin,False,True,False,False,1.0,False,False,3,3,[HH].[H],,,[HH].[H].[H]n1c2ccc1c(-c1ccccc1)c1nc(c(-c3ccccc3)c3ccc([nH]3)c(-c3ccccc3)c3nc(c2-c2ccccc2)C=C3)C=C1 |^1:1|
thalidomide_cid5426,,,thalidomide_cid5426.png,low,low,0.6369531551225611,exact,Thalidomide,Thalidomide,1.0,19,19,exact,exact,Thalidomide,False,False,False,False,1.0,True,True,0,1,,,,O=C1CCC(N2C(=O)c3ccccc3C2=O)C(=O)N1
theophylline_cid2153,,,theophylline_cid2153.png,low,low,0.7067764356892938,wrong,,Theophylline,0.963,17,13,exact,exact,Theophylline,False,True,False,False,1.0,False,False,8,5,I.I.I.I,,,I.I.I.I.[H]n1cnc2c1c(=O)n(C)c(=O)n2C
thiamine_cid1130,,,thiamine_cid1130.png,low,low,0.1079392635295628,invalid,,,,,,invalid,invalid,,False,False,False,False,,False,,,,,,,CC1=NC=C(N)C(C[N+]23=C(C)C4(CCO)=C2[SH]4C(C)=C3C)=CN1.I.[HH].[HH]
thiamine_pyrophosphate_cid5431,,,thiamine_pyrophosphate_cid5431.png,high,high,0.8531219182934101,wrong,,Thiamine Pyrophosphate,0.831,27,26,skeleton,skeleton,,False,True,False,False,0.86,False,False,9,5,I.[HH].[HH].[HH],,,Cc1ncc(C[n+]2csc(CCOP(=O)(O)OP(=O)(O)O)c2C)c(N)n1.I.[HH].[HH].[HH]
thioguanine_cid2723601,,,thioguanine_cid2723601.png,low,low,0.6566672909846273,wrong,,Thioguanine,0.963,16,11,exact,exact,Thioguanine,False,True,False,False,1.0,False,False,10,6,I.I.I.I.I,,,I.I.I.I.I.[H]Nc1nc(=S)c2[nH]cnc2[nH]1
thiophene_cid8030,,,thiophene_cid8030.png,low,low,0.6026401989290019,wrong,,Thiophene,0.059,9,5,wrong,wrong,,False,False,False,False,0.059,False,False,4,3,II.II,,,C1=C[S-]C=C1.II.II |^1:2|
thioridazine_cid5452,,,thioridazine_cid5452.png,low,low,0.8365970827004411,wrong,,Thioridazine,0.979,28,25,salt,exact,Thioridazine,False,False,False,True,0.979,False,False,6,4,,Cl.Cl,Cl,CSc1ccc2c(c1)N(CCC1CCCCN1C)c1ccccc1S2.Cl.Cl.Cl
thymol_cid6989,,,thymol_cid6989.png,low,low,0.7887009762127091,wrong,,Thymol,0.913,13,11,exact,exact,Thymol,False,True,False,False,1.0,False,False,6,4,I.I.[HH],,,Cc1ccc(C(C)C)c(O)c1.I.I.[HH]
thyroxine_cid5819,,,thyroxine_cid5819.png,low,low,0.8109135052584736,wrong,,Thyroxine,0.973,24,24,exact,exact,Thyroxine,False,True,False,False,1.0,False,False,14,8,[HH].[HH].[HH].[HH].[HH].[HH].[HH],,,N[C@@H](Cc1cc(I)c(Oc2cc(I)c(O)c(I)c2)c(I)c1)C(=O)O.[HH].[HH].[HH].[HH].[HH].[HH].[HH]
ticlopidine_cid5472,,,ticlopidine_cid5472.png,low,low,0.6560011478136698,wrong,,Ticlopidine,0.5,17,17,wrong,wrong,,False,False,False,False,0.5,False,False,0,1,,,,Clc1ccccc1CN1CCC2=C(C=C[S-]2)C1 |^1:15|
titanocene_dichloride_cid76030824,,,titanocene_dichloride_cid76030824.png,low,low,0.6972324557544569,invalid,,,,,,invalid,invalid,,False,False,False,False,,False,,,,,,,C1=C[CH-]C=C1.I.I.I.I.I.[Cl-].[Cl-].[Cl-].[H][Cl-]1C=CC=C1
tizanidine_cid5487,,,tizanidine_cid5487.png,low,low,0.7993527367286467,wrong,,Tizanidine,0.949,18,16,exact,exact,Tizanidine,False,True,False,False,1.0,False,False,6,4,I.I.[HH],,,Clc1ccc2nsnc2c1NC1=NCCN1.I.I.[HH]
tobramycin_cid36294,,,tobramycin_cid36294.png,low,low,0.7857422022083007,wrong,,Tobramycin,0.976,32,32,exact,exact,Tobramycin,False,True,False,False,1.0,False,False,24,18,[HH].[HH].[HH].[HH].[HH].[HH].[HH].[H].[H].[H].[H].[H].[H].[H].[H].[H].[H],,,"[HH].[HH].[HH].[HH].[HH].[HH].[HH].[H].[H].[H].[H].[H].[H].[H].[H].[H].[H].[H]N[C@@H]1C[C@H](N)[C@@H](O[C@H]2O[C@H](CN)[C@@H](O)C[C@H]2N)[C@H](O)[C@H]1O[C@H]1O[C@H](CO)[C@@H](O)[C@H](N)[C@H]1O |^1:7,8,9,10,11,12,13,14,15,16|"
tolcapone_cid4659569,,,tolcapone_cid4659569.png,low,low,0.7609232721940564,wrong,,Tolcapone,0.971,20,20,exact,exact,Tolcapone,False,True,False,False,1.0,False,False,4,3,[HH].[HH],,,Cc1ccc(C(=O)c2cc(O)c(O)c([N+](=O)[O-])c2)cc1.[HH].[HH]
toluene_cid1140,,,toluene_cid1140.png,low,low,0.1988308694025279,wrong,,Toluene,0.083,8,7,wrong,wrong,,False,False,False,False,0.083,False,False,17,4,,CC.CC.CC,,CC.CC.CC.CC
topotecan_cid60700,,,topotecan_cid60700.png,low,low,0.1975043647407633,invalid,,,,,,invalid,invalid,,False,False,False,False,,False,,,,,,,[H]OC1=C(CN(C)C)C2=C(=NCC3(=C2)C2C45=CC6=C(C=CC(O)=C6CN(C)C)N=C34C3=CC4=C(COC(=O)C4(CC)O[H])C(=O)N32C5)C=C1
tramadol_cid33741,,,tramadol_cid33741.png,low,low,0.8385521918176523,wrong,,Tramadol,0.976,20,19,exact,exact,Tramadol,False,True,False,False,1.0,False,False,2,2,I,,,COc1cccc([C@@]2(O)CCCC[C@@H]2CN(C)C)c1.I
trametinib_cid11707110,,,trametinib_cid11707110.png,high,high,0.8771758151118512,wrong,,Trametinib,0.971,37,37,exact,exact,Trametinib,False,True,False,False,1.0,False,False,3,3,[HH].[H],,,CC(=O)Nc1cccc(-n2c(=O)n(C3CC3)c(=O)c3c(Nc4ccc(I)cc4F)n(C)c(=O)c(C)c32)c1.[HH].[H] |^1:38|
trazodone_cid5533,,,trazodone_cid5533.png,low,low,0.7975655113042217,wrong,,Trazodone,0.979,28,26,salt,exact,Trazodone,False,False,False,True,0.979,False,False,4,3,,Cl,Cl,Cl.Cl.O=c1n(CCCN2CCN(c3cccc(Cl)c3)CC2)nc2ccccn12
triamcinolone_cid31307,,,triamcinolone_cid31307.png,low,low,0.621483780242699,wrong,,Triamcinolone,0.981,28,28,exact,exact,Triamcinolone,False,True,False,False,1.0,False,False,10,6,[HH].[HH].[HH].[HH].[HH],,,[HH].[HH].[HH].[HH].[HH].[H]O[C@H]1C[C@@]2(C)[C@@]([H])(C[C@@H](O)[C@]2(O)C(=O)CO)[C@]2([H])CCC3=CC(=O)C=C[C@]3(C)[C@@]12F
trihexyphenidyl_cid5572,,,trihexyphenidyl_cid5572.png,low,low,0.6474865744852693,wrong,,Trihexyphenidyl,0.944,23,22,salt,exact,Trihexyphenidyl,False,True,False,True,0.971,False,False,5,5,[H].[H].[H],,Cl,"Cl.OC(CCN1CCCCC1)(c1ccccc1)C1CCCCC1.[H].[H].[H] |^1:23,24,25|"
trimethoprim_cid5578,,,trimethoprim_cid5578.png,low,low,0.8336234738799427,wrong,,Trimethoprim,0.971,21,21,exact,exact,Trimethoprim,False,True,False,False,1.0,False,False,5,6,[H].[H].[H].[H].[H],,,"COc1cc(Cc2cnc(N)nc2N)cc(OC)c1OC.[H].[H].[H].[H].[H] |^1:21,22,23,24,25|"
trimethylaluminum_cid16682925,,,trimethylaluminum_cid16682925.png,low,low,0.6029489903617874,wrong,,Trimethylaluminum,0.571,8,4,exact,exact,Trimethylaluminum,False,True,False,False,1.0,False,False,6,4,I.I.II,,,I.I.II.[CH3][Al]([CH3])[CH3]
triphenylene_cid9170,,,triphenylene_cid9170.png,high,high,0.8751242446817241,exact,Triphenylene,Triphenylene,1.0,18,18,exact,exact,Triphenylene,False,False,False,False,1.0,True,True,0,1,,,,c1ccc2c(c1)c1ccccc1c1ccccc21
tungsten_hexacarbonyl_cid98884,,,tungsten_hexacarbonyl_cid98884.png,low,low,0.2574454540667893,wrong,,Tungsten hexacarbonyl,0.0,11,13,wrong,wrong,,False,False,False,False,0.0,False,False,7,1,,,,O=[CH][W]([CH]=O)([CH]=O)([CH]=O)[CH]=O
tylosin_cid5280440,,,tylosin_cid5280440.png,low,low,6.963515112255327e-05,invalid,,,,,,invalid,invalid,,False,False,False,False,,False,,,,,,,[H]C(=O)CC(CC(C)C(=O)C([H])=CC(C)=CC1C2O34C1O21[CH]325O3C6C[CH]78(C)O[CH]3419[CH]21(OC)[CH]23O(C)[CH]14(OC)([CH]7(O)O[CH]6284)[CH]359OC)[CH]1(OC2OC(C)C(OC3CC([H])(C)C(O)C(C)O3)C(N(C)C)C2O)[CH]23O[CH]14(C)[CH]2(O)C1C(=O)O2([CH])C(CC)OC2C[CH]134O
tyrocidine_a_cid16129635,,,tyrocidine_a_cid16129635.png,low,low,5.377030676007234e-05,invalid,,,,,,invalid,invalid,,False,False,False,False,,False,,,,,,,[H]NCCC1C(=O)N[CH]C(C(C)C)C(CCC)NC(=O)[CH]23(CCN[H])C(CN[H])C(O)[CH]2(NC([H])=O)C24([H])(CC56(C7=CC=C(O)C=C7)=C(CC(=O)N[H])C7C52CC(NC(=O)C2=CC=CC=C2)C2(=O)=C5=C(C2)C2(=CC=C5O)CCC(N[H])=O=C(=O)(N[H])CNC(C(=O)N[CH]C(C)CC5=CC=CC=C5)=C2C764)[CH]13NC=O
urea_cid1176,,,urea_cid1176.png,low,low,0.5862539497677113,wrong,,Urea,0.857,10,4,exact,exact,Urea,False,True,False,False,1.0,False,False,12,7,I.I.I.I.I.I,,,I.I.I.I.I.I.[H]NC(N)=O
valinomycin_cid3000706,,,valinomycin_cid3000706.png,low,low,0.8105033900263122,stereo,Valinomycin,Valinomycin,1.0,78,78,stereo,stereo,Valinomycin,False,False,False,False,1.0,True,True,0,1,,,,CC1OC(=O)[C@@H](C(C)C)NC(=O)[C@H](C(C)C)OC(=O)[C@H](C(C)C)NC(=O)[C@H](C)OC(=O)[C@@H](C(C)C)NC(=O)C(C(C)C)OC(=O)[C@H](C(C)C)NC(=O)[C@H](C)OC(=O)[C@@H](C(C)C)NC(=O)[C@H](C(C)C)OC(=O)[C@H](C(C)C)NC1=O
valproic_acid_cid3121,,,valproic_acid_cid3121.png,low,low,0.6805563242990336,wrong,,Valproic Acid,0.5,15,10,charge,charge,Valproic Acid,False,True,False,False,0.571,False,False,5,4,I.II.II,,,CCCC(CCC)C(=O)[O-].I.II.II
vancomycin_cid14969,,,vancomycin_cid14969.png,low,low,0.005588863288316661,invalid,,,,,,invalid,invalid,,False,False,False,False,,False,,,,,,,[H]NC(=O)CC1NC(=O)C(NC(=O)C(CC(C)C)NC)C(O)C2=CC=C(C=C2)OC(Cl)=C2(OC3OC(CO)C(O)C(O)C3O[CH]O[CH]C)COC(=CC)C=CCC(O)C([H])NC(=O)(=O)C([H])(CC=CC(O)=C3(OC([H])=O)C4=C3(OC([H])=O)C([H])=CC(O)=C4)NC(=O)C([H])(CC=C2Cl)NC1=O
velpatasvir_cid67683363,,,velpatasvir_cid67683363.png,low,low,0.03048673326780293,invalid,,,,,,invalid,invalid,,False,False,False,False,,False,,,,,,,COCC1CC(C2=NC=C(C3=CCC4C(=C3)COC3=CC56=C(C=CC7=C5NC(C5CCC(CNC(=O)OC)N5C(=O)C(NC(=O)OC)C(C)C)N7)C=C346)N2)=N(C(=O)C(NC(=O)OC)C2=CC=CC=C2)C1
vemurafenib_cid42611257,,,vemurafenib_cid42611257.png,high,high,0.8932289933871747,exact,Vemurafenib,Vemurafenib,1.0,33,33,exact,exact,Vemurafenib,False,False,False,False,1.0,True,True,0,1,,,,[H]N(c1ccc(F)c(C(=O)c2c[nH]c3ncc(-c4ccc(Cl)cc4)cc23)c1F)S(=O)(=O)CCC
venetoclax_cid49846579,,,venetoclax_cid49846579.png,high,low,0.8517660007492008,invalid,,,,,,invalid,invalid,,False,False,False,False,,False,,,,,,,CC1(C)CCC(CN2CCN(C3=CC(OC4=CN=C5NC=CC5=C4)=C(C(=O)NS(=O)(=O)C4=CC([N+](=O)[O-])=C(NCC5CCOCC5)C=C4)C=C3)CC2)=C(C2=CC=C(Cl)C=C2)C1.Cl.O.O=[N+]([O-])C1=C(NCC2CCOCC2)C=CC(S(=O)(=O)=O)=C1
venlafaxine_cid5656,,,venlafaxine_cid5656.png,low,low,0.7963510712710905,wrong,,Venlafaxine,0.972,22,20,exact,exact,Venlafaxine,False,True,False,False,1.0,False,False,4,3,I.I,,,COc1ccc(C(CN(C)C)C2(O)CCCCC2)cc1.I.I
verapamil_cid2520,,,verapamil_cid2520.png,high,high,0.9015016321123064,exact,Verapamil,Verapamil,1.0,33,33,exact,exact,Verapamil,False,False,False,False,1.0,True,True,0,1,,,,COc1ccc(CCN(C)CCCC(C#N)(c2ccc(OC)c(OC)c2)C(C)C)cc1OC
vilazodone_cid6918314,,,vilazodone_cid6918314.png,high,high,0.8697075580221889,wrong,,Vilazodone,0.984,33,33,exact,exact,Vilazodone,False,True,False,False,1.0,False,False,2,3,[H].[H],,,"[H].[H].[H]n1cc(CCCCN2CCN(c3ccc4oc(C(N)=O)cc4c3)CC2)c2cc(C#N)ccc21 |^1:0,1|"
vinblastine_cid13342,,,vinblastine_cid13342.png,low,low,0.01022174076335344,invalid,,,,,,invalid,invalid,,False,False,False,False,,False,,,,,,,[H].[H].[H]C1CNCC2C3=C456=C27(CCNCC(O)CC)=C2(N([H])C8=CC=CC=C87=C7=C3C(=CC=C7)N4)C534C1C26(C(=O)OC)(C3(=O)OC)C41=C(OC)C=C2C(=C1)C134CCN56CC=CC7(CC)(C(OC(C)=O)C(O)(C(=O)OC)C1([H])N2C)C531[H]C674[H]1
vincristine_cid5978,,,vincristine_cid5978.png,low,low,0.1073369968939663,invalid,,,,,,invalid,invalid,,False,False,False,False,,False,,,,,,,[H]C(=O)N1C2([H])C(O)(C(=O)OC)C(OC(C)=O)C3(CC)C=CCN4CCC25(C2=CC(C67(C(=O)OC)C8=C(CCN9CC(O)(CC)C%10C%11%12%13%14[H]C%10([H]%11)(C9%12)(C6%13)C7%14)C6=CC=CC=C6N8)=C(OC)C=C215)C43[H]
vinorelbine_cid5311497,,,vinorelbine_cid5311497.png,low,low,0.03577629267370545,invalid,,,,,,invalid,invalid,,False,False,False,False,,False,,,,,,,[H]OC1(C(=O)OC)C(OC(C)=O)C2(CC)C=CCN34CCC56(C(C3)C53=CC(C5(C(=O)O)CC7([H])CNCC(CC)=C7=C(CC)CNCC7=C5NC5=CC=CC=C57)=C(OC)C=C3N(C)C16[H])C24[H]
vitamin_b12_cid165339223,,,vitamin_b12_cid165339223.png,low,low,2.114038627964905e-11,invalid,,,,,,invalid,invalid,,False,False,False,False,,False,,,,,,,CCCN.[H]C123=N4=C5=N6CC678N[CH]69%10%11[H]C6%12(N7C(C(C)CCCNCC(O)O[CH]O[CH]C(CO)O[CH]NC=CCC)C(C)=C56C(CCC(N)=O)C61(C)C)[CH]891([H])C%105678(C)[CH]9%10%13C5%14%15%16%17%18C[CH]6%145%19(CC(N)=O)C%156%14%20=N7C%129%11158%16(C)C%106%19%171(CC5C67=O=C5(N)(=O=6)(CCC%13)N7)C(C)(=C25C(CCCC(N)=O)C=345)=C%14(C)[CH]%201%18CCC(N)=O
vitamin_b6_cid104817,,,vitamin_b6_cid104817.png,low,low,0.6862119852139004,wrong,,Vitamin B6,0.711,16,15,charge,charge,Vitamin B6,False,True,False,False,0.75,False,False,6,3,I.[HH],,,Cc1ncc(COP(=O)(O)O)c(C)c1O.I.[HH]
vitamin_e_cid69540411,,,vitamin_e_cid69540411.png,low,low,0.7728645965376446,invalid,,,,,,invalid,invalid,,False,False,False,False,,False,,,,,,,CC1=C(C)C2=C(=C(C)=C1O)CCC(C)(CCCC(C)CCCC(C)CCCC(C)C)O2.O=C([O-])CCC(=O)[O-].[Ca+4].[Ca+4]
zearalenone_cid5281576,,,zearalenone_cid5281576.png,low,low,0.8298038153611588,wrong,,Zearalenone,0.977,23,23,stereo,stereo,Zearalenone,False,True,False,False,1.0,False,False,8,5,[HH].[HH].[HH].[HH],,,[HH].[HH].[HH].[HH].[H]/C1=C(/[H])c2cc(O)cc(O)c2C(=O)O[C@@H](C)CCCC(=O)CCC1
zibotentan_cid9910224,,,zibotentan_cid9910224.png,high,high,0.8755132188490994,exact,Zibotentan,Zibotentan,1.0,30,30,exact,exact,Zibotentan,False,False,False,False,1.0,True,True,0,1,,,,COc1nc(C)cnc1NS(=O)(=O)c1cccnc1-c1ccc(-c2nnco2)cc1
zidovudine_cid35370,,,zidovudine_cid35370.png,low,low,0.8207011962152713,wrong,,Zidovudine,0.774,19,19,wrong,wrong,,False,False,False,False,0.774,False,False,6,4,[HH].[HH].[H],,,Cc1cn([C@H]2C[C@H](N=[N+]=N)[C@@H](CO)O2)c(=O)[nH]c1=O.[HH].[HH].[H] |^1:21|
zinc_phthalocyanine_cid114933,,,zinc_phthalocyanine_cid114933.png,low,low,0.5516806888006268,wrong,,Zinc Phthalocyanine,0.931,41,41,near,near,,False,False,False,False,0.931,False,False,0,2,,,,[Zn+3].c1ccc2c(c1)-c1nc-2nc2[n-]c(nc3nc([n-]c4nc(n1)-c1ccccc1-4)-c1ccccc1-3)c1ccccc21
zirconocene_dichloride_cid102092,,,zirconocene_dichloride_cid102092.png,low,low,0.2066735519368745,wrong,,"Zirconocene, dichloride",0.087,13,13,wrong,wrong,,False,False,False,False,0.087,False,True,0,1,,,,[H][C]1([Zr]([Cl])([Cl])[CH]2C=CC=C2)C=CC=C1
zonisamide_cid5734,,,zonisamide_cid5734.png,low,low,0.5388671548170092,wrong,,Zonisamide,0.966,14,14,exact,exact,Zonisamide,False,True,False,False,1.0,False,False,2,2,[HH],,,NS(=O)(=O)Cc1noc2ccccc12.[HH]
