group,figure,segment,file_name,tier,tier_by_threshold,confidence,verdict,matched_name,closest_name,closest_tanimoto,pred_heavy,closest_heavy,grade,grade_largest,graded_match,decoded,dephantom,dedup,largest,best_tanimoto,skeleton_match,formula_match,elem_delta,n_fragments,phantom_frags,duplicate_frags,dropped_by_largest,smiles
1_1_1_3_3_3_hexafluoro_2_5_fluoro_2_1_2_fluorophenyl_methyl__cid86269973,,,1_1_1_3_3_3_hexafluoro_2_5_fluoro_2_1_2_fluorophenyl_methyl__cid86269973.png,high,high,0.8711359609215069,exact,"1,1,1,3,3,3-Hexafluoro-2-(((5-fluoro-2-(1-((2-fluorophenyl)methyl)-5-(3-isoxazolyl)-1H-pyrazol-3-yl)-4-pyrimidinyl)amino)methyl)-2-propanol","1,1,1,3,3,3-Hexafluoro-2-(((5-fluoro-2-(1-((2-fluorophenyl)methyl)-5-(3-isoxazolyl)-1H-pyrazol-3-yl)-4-pyrimidinyl)amino)methyl)-2-propanol",1.0,37,37,exact,exact,"1,1,1,3,3,3-Hexafluoro-2-(((5-fluoro-2-(1-((2-fluorophenyl)methyl)-5-(3-isoxazolyl)-1H-pyrazol-3-yl)-4-pyrimidinyl)amino)methyl)-2-propanol",False,False,False,False,1.0,True,True,0,1,,,,OC(CNc1nc(-c2cc(-c3ccon3)n(Cc3ccccc3F)n2)ncc1F)(C(F)(F)F)C(F)(F)F
1_3_dimethyl_2_6_dioxo_1_2_3_6_tetrahydro_7h_purin_7_yl_acet_cid176595,,,1_3_dimethyl_2_6_dioxo_1_2_3_6_tetrahydro_7h_purin_7_yl_acet_cid176595.png,low,low,0.8199964506531775,wrong,,"(1,3-Dimethyl-2,6-dioxo-1,2,3,6-tetrahydro-7H-purin-7-yl)acetic acid--4-(((2-amino-3,5-dibromophenyl)methyl)amino)cyclohexan-1-ol (1/1)",0.853,35,35,charge,charge,"(1,3-Dimethyl-2,6-dioxo-1,2,3,6-tetrahydro-7H-purin-7-yl)acetic acid--4-(((2-amino-3,5-dibromophenyl)methyl)amino)cyclohexan-1-ol (1/1)",False,True,False,False,0.866,False,False,9,7,[HH].[HH].[HH].[HH].[HH],,,Cn1c(=O)c2c(ncn2CC(=O)[O-])n(C)c1=O.Nc1c(Br)cc(Br)cc1CNC1CCC(O)CC1.[HH].[HH].[HH].[HH].[HH]
1_5_dihydro_1_beta_d_ribofuranosyl_4h_pyrazolo_3_4_d_pyrimid_cid135407110,,,1_5_dihydro_1_beta_d_ribofuranosyl_4h_pyrazolo_3_4_d_pyrimid_cid135407110.png,low,low,0.7469312087491788,wrong,,"1,5-Dihydro-1-beta-D-ribofuranosyl-4H-pyrazolo(3,4-d)pyrimidin-4-one",0.977,19,19,exact,exact,"1,5-Dihydro-1-beta-D-ribofuranosyl-4H-pyrazolo(3,4-d)pyrimidin-4-one",False,True,False,False,1.0,False,False,10,6,[HH].[HH].[HH].[HH].[HH],,,O=c1[nH]cnc2c1cnn2[C@@H]1O[C@H](CO)[C@@H](O)[C@H]1O.[HH].[HH].[HH].[HH].[HH]
216014_14_1_non_salt_cid172966628,,,216014_14_1_non_salt_cid172966628.png,low,low,1.451753709435877e-09,invalid,,,,,,invalid,invalid,,False,False,False,False,,False,,,,,,,CCCCCCCCCCCCO[CH]12CC(O)[CH]34[CH]56OC(OC7[CH]8(OCCCCCCCC)C[CH]7(OCCCCCCCCC)C8CCCCCCCCC)[CH]7(O)C(OC7C78=O=C(O[Si](C)(C)C)(=O=7)CC(OCCCCCCCCCC)O8)O[CH]78C(C(O)O)O[CH]73[CH]584(O)C(OC3(=O)C14C(OC(=O)CCCCCCCCC)C32C4(=O)O)O6
25_hydroxyvitamin_d3_cid5283731,,,25_hydroxyvitamin_d3_cid5283731.png,low,low,0.8254859806010344,wrong,,25-Hydroxyvitamin D3,0.839,28,29,near,near,,False,True,False,False,0.852,False,False,5,3,[HH].[HH],,,*C(C)(C)CCC[C@@H](C)[C@]1([H])CC[C@]2([H])/C(=C([H])/C([H])=C3/C[C@@H](O)CCC3=C)CCC[C@]12C.[HH].[HH] |$Q;;;;;;;;;;;;;;;;;;;;;;;;;;;;;;;;;;$|
2_4_amino_3_chloro_5_trifluoromethyl_phenyl_2_tert_butylamin_cid9997788,,,2_4_amino_3_chloro_5_trifluoromethyl_phenyl_2_tert_butylamin_cid9997788.png,low,low,0.834557989126438,wrong,,2-(4-Amino-3-chloro-5-trifluoromethyl-phenyl)-2-tert-butylaminoethanol hydrochloride,0.95,21,21,exact,exact,2-(4-Amino-3-chloro-5-trifluoromethyl-phenyl)-2-tert-butylaminoethanol hydrochloride,False,True,False,False,1.0,False,False,6,6,[HH].[HH].[H].[H],,,"CC(C)(C)NC(CO)c1cc(Cl)c(N)c(C(F)(F)F)c1.[HH].[HH].[H].[H].[H]Cl |^1:22,23|"
2_5_dimethoxy_4_iodoamphetamine_cid1229,,,2_5_dimethoxy_4_iodoamphetamine_cid1229.png,low,low,0.7822146253504907,wrong,,"2,5-Dimethoxy-4-iodoamphetamine",0.933,18,15,exact,exact,"2,5-Dimethoxy-4-iodoamphetamine",False,True,False,False,1.0,False,False,10,6,I.I.I.[HH].[HH],,,COc1cc(CC(C)N)c(OC)cc1I.I.I.I.[HH].[HH]
3r_6r_3_2_3_dihydro_1h_inden_2_yl_1_1r_1_2_6_dimethyl_3_pyri_cid11634973,,,3r_6r_3_2_3_dihydro_1h_inden_2_yl_1_1r_1_2_6_dimethyl_3_pyri_cid11634973.png,low,low,0.5224391859009151,exact,"(3R,6R)-3-(2,3-Dihydro-1H-inden-2-yl)-1-((1R)-1-(2,6-dimethyl-3-pyridinyl)-2-(4-morpholinyl)-2-oxoethyl)-6-((1S)-1-methylpropyl)-2,5-piperazinedione","(3R,6R)-3-(2,3-Dihydro-1H-inden-2-yl)-1-((1R)-1-(2,6-dimethyl-3-pyridinyl)-2-(4-morpholinyl)-2-oxoethyl)-6-((1S)-1-methylpropyl)-2,5-piperazinedione",1.0,38,38,exact,exact,"(3R,6R)-3-(2,3-Dihydro-1H-inden-2-yl)-1-((1R)-1-(2,6-dimethyl-3-pyridinyl)-2-(4-morpholinyl)-2-oxoethyl)-6-((1S)-1-methylpropyl)-2,5-piperazinedione",False,False,False,False,1.0,True,True,0,1,,,,[H][C@]1(C2Cc3ccccc3C2)NC(=O)[C@@]([H])([C@@H](C)CC)N([C@@H](C(=O)N2CCOCC2)c2ccc(C)nc2C)C1=O
abediterol_cid11962616,,,abediterol_cid11962616.png,high,high,0.8496587496441722,wrong,,Abediterol,0.983,33,33,exact,exact,Abediterol,False,True,False,False,1.0,False,False,6,4,[HH].[HH].[HH],,,O=c1ccc2c([C@@H](O)CNCCCCCCOCC(F)(F)c3ccccc3)ccc(O)c2[nH]1.[HH].[HH].[HH]
acetanilide_cid904,,,acetanilide_cid904.png,low,low,0.6624678657502926,wrong,,Acetanilide,0.864,17,10,exact,exact,Acetanilide,False,True,False,False,1.0,False,False,8,5,I.II.II.II,,,CC(=O)Nc1ccccc1.I.II.II.II
acetarsol_cid1985,,,acetarsol_cid1985.png,low,low,0.8275971949826453,wrong,,Acetarsol,0.935,17,15,exact,exact,Acetarsol,False,True,False,False,1.0,False,False,8,5,I.I.[HH].[HH],,,CC(=O)Nc1cc([As](=O)(O)O)ccc1O.I.I.[HH].[HH]
acotiamide_cid5282338,,,acotiamide_cid5282338.png,high,high,0.8502294386172893,wrong,,Acotiamide,0.963,32,31,exact,exact,Acotiamide,False,True,False,False,1.0,False,False,4,4,I.[H].[H],,,"COc1cc(O)c(C(=O)Nc2nc(C(=O)NCCN(C(C)C)C(C)C)cs2)cc1OC.I.[H].[H] |^1:32,33|"
aculeacin_a_cid53297328,,,aculeacin_a_cid53297328.png,low,low,6.717221956174053e-15,invalid,,,,,,invalid,invalid,,False,False,False,False,,False,,,,,,,[H]NC(=O)CC(O)C1234OC56789%10C%11%12%13%14(O)[CH]5%15%16%17(O)NC(O)C(O)C%115(O)[CH]%11(C)C(O[H])C5%12%156%18%19(O)(O7C(OC5[CH]1(O)CC1(=O)(N[H])=O=C(O)C1[CH]52O)(N3([H])[H])(C%13%168%18O)[CH]%14%179%19OC1=CC=C(O)C=C1)C%11%1012(O)(OC1(O)C4O)C1(C(=O)O)C23(O[H]O3)C2(=O)N3CC(O)C[CH]312O
afegostat_cid447607,,,afegostat_cid447607.png,low,low,0.8079111404831002,wrong,,Afegostat,0.952,10,10,exact,exact,Afegostat,False,True,False,False,1.0,False,False,7,5,[HH].[HH].[HH].[H],,,[HH].[HH].[HH].[H].[H]N1C[C@H](CO)[C@@H](O)[C@H](O)C1 |^1:3|
albaconazole_cid208952,,,albaconazole_cid208952.png,high,high,0.8662204797818159,wrong,,Albaconazole,0.983,30,30,exact,exact,Albaconazole,False,True,False,False,1.0,False,False,1,2,[H],,,C[C@@H](n1cnc2cc(Cl)ccc2c1=O)[C@](O)(Cn1cncn1)c1ccc(F)cc1F.[H] |^1:30|
alcaftadine_cid19371515,,,alcaftadine_cid19371515.png,low,low,0.8225565885015647,wrong,,Alcaftadine,0.977,25,23,exact,exact,Alcaftadine,False,True,False,False,1.0,False,False,4,3,I.I,,,I.I.[H]C(=O)c1cnc2n1CCc1ccccc1C2=C1CCN(C)CC1
almotriptan_malate_cid123607,,,almotriptan_malate_cid123607.png,low,low,0.793196018566111,wrong,,Almotriptan Malate,0.983,32,32,exact,exact,Almotriptan Malate,False,True,False,False,1.0,False,False,8,6,[HH].[HH].[HH].[HH],,,CN(C)CCc1c[nH]c2ccc(CS(=O)(=O)N3CCCC3)cc12.O=C(O)CC(O)C(=O)O.[HH].[HH].[HH].[HH]
alpha_galactosylceramide_cid2826713,,,alpha_galactosylceramide_cid2826713.png,low,low,2.582994762811155e-18,invalid,,,,,,invalid,invalid,,False,False,False,False,,False,,,,,,,CCCCCCCCCCCCCCC1C2C1C21CC1CCCC.CCCCCCCCCCCCCCCCCCCCCCCCCCCOC(=O)[CH]1234C(=O)(OCCCCCCCCCCCCCCCCCCCCCCCCC)[CH]56789C1%10%11%12(O)O1%13[CH]5%14%15%16%17%18%19C[CH]%145%20%21%22(OC)[CH]%15%14%23%24C(C)[CH]%145%15%25%26O[CH]%155(O)O[CH]5%25[CH]%23%26%20%16(CC5CC5CCC)[CH]%246%21%17(C(=O)O)[CH]12%107%22%1856O1[CH]3%118527%10O[CH]1%134%1292%196[CH]712O[CH]1%10O2
alphaxalone_cid104845,,,alphaxalone_cid104845.png,low,low,0.7979924519554189,wrong,,Alphaxalone,0.977,24,24,exact,exact,Alphaxalone,False,True,False,False,1.0,False,False,2,2,[HH],,,[HH].[H][C@@]12CC[C@@]3([H])[C@]4([H])CC[C@H](C(C)=O)[C@@]4(C)CC(=O)[C@]3([H])[C@@]1(C)CC[C@@H](O)C2
altiratinib_cid54576299,,,altiratinib_cid54576299.png,low,low,0.8385283431022276,exact,Altiratinib,Altiratinib,1.0,37,37,exact,exact,Altiratinib,False,False,False,False,1.0,True,True,0,1,,,,O=C(Nc1cc(Oc2cc(F)c(NC(=O)C3(C(=O)Nc4ccc(F)cc4)CC3)cc2F)ccn1)C1CC1
aluminum_clofibrate_cid10390009,,,aluminum_clofibrate_cid10390009.png,high,high,0.8658354920023413,wrong,,Aluminum Clofibrate,0.931,30,30,salt,salt,Aluminum Clofibrate,False,False,False,False,0.931,False,False,1,4,,CC(C)(Oc1ccc(Cl)cc1)C(=O)[O-],,CC(C)(Oc1ccc(Cl)cc1)C(=O)[O-].CC(C)(Oc1ccc(Cl)cc1)C(=O)[O-].[Al+3].[O-] |^1:29|
alvocidib_cid5287969,,,alvocidib_cid5287969.png,high,high,0.8579747885337985,wrong,,Alvocidib,0.982,28,28,exact,exact,Alvocidib,False,True,False,False,1.0,False,False,8,5,[HH].[HH].[HH].[HH],,,[HH].[HH].[HH].[HH].[H][C@]1(c2c(O)cc(O)c3c(=O)cc(-c4ccccc4Cl)oc23)CCN(C)C[C@H]1O
amdinocillin_cid36273,,,amdinocillin_cid36273.png,low,low,0.6786346220438951,wrong,,Amdinocillin,0.953,22,22,exact,exact,Amdinocillin,False,True,False,False,1.0,False,False,3,3,[HH].[H],,,[HH].[H].[H]C(=N[C@@H]1C(=O)N2[C@@H](C(=O)O)C(C)(C)S[C@]12[H])N1CCCCCC1 |^1:1|
amenamevir_cid11397521,,,amenamevir_cid11397521.png,low,low,0.8170927873623333,wrong,,Amenamevir,0.983,34,34,exact,exact,Amenamevir,False,True,False,False,1.0,False,False,2,2,[HH],,,Cc1cccc(C)c1N(CC(=O)Nc1ccc(-c2ncon2)cc1)C(=O)C1CCS(=O)(=O)CC1.[HH]
amfenac_cid2136,,,amfenac_cid2136.png,low,low,0.6936103109665216,wrong,,Amfenac,0.968,19,19,exact,exact,Amfenac,False,True,False,False,1.0,False,False,6,4,[HH].[HH].[HH],,,Nc1c(CC(=O)O)cccc1C(=O)c1ccccc1.[HH].[HH].[HH]
aminoglutethimide_cid2145,,,aminoglutethimide_cid2145.png,low,low,0.7000812639998987,wrong,,Aminoglutethimide,0.941,22,17,exact,exact,Aminoglutethimide,False,True,False,False,1.0,False,False,14,8,I.I.I.I.I.[HH].[HH],,,CCC1(c2ccc(N)cc2)CCC(=O)NC1=O.I.I.I.I.I.[HH].[HH]
amodiaquine_hydrochloride_cid64646,,,amodiaquine_hydrochloride_cid64646.png,low,low,0.8268627882915006,wrong,,Amodiaquine Hydrochloride,0.98,28,29,salt,salt,Amodiaquine Hydrochloride,False,True,True,False,1.0,False,False,5,9,[H].[H].[H].[H].[H],O,,"CCN(CC)Cc1cc(Nc2ccnc3cc(Cl)ccc23)ccc1O.O.O.[H].[H].[H].[H].[H].[H]Cl |^1:27,28,29,30,31|"
amorolfine_cid54260,,,amorolfine_cid54260.png,low,low,0.7949657282107121,wrong,,Amorolfine,0.975,26,23,exact,exact,Amorolfine,False,True,False,False,1.0,False,False,6,4,I.I.I,,,CCC(C)(C)c1ccc(CC(C)CN2C[C@@H](C)O[C@@H](C)C2)cc1.I.I.I
amphotericin_b_monomethyl_ester_cid11968030,,,amphotericin_b_monomethyl_ester_cid11968030.png,low,low,1.413395956360398e-06,invalid,,,,,,invalid,invalid,,False,False,False,False,,False,,,,,,,[H]C1=C[CH]OC(C(O)[CH]C)C(C)OC(=O)CC(O)CC(O)CCC(O)C(O)CC(O)CC(O)(C[CH]O)O[CH]CC(OC2OC(C)C(O)C(N)C2O)C234([H])[H]56C789%10%11=C%12%13%14%15%16=C5%17%18%19%20%21%22=C5%23%24%25=C%12%26%27%28%29%30%31%32%33=C%12%34%35=C5%13%36%37%38%39%40[H]C=%12%23%145%13%41%42%43(=C=%26%36%12(=C=%34=%24%15%14%23%26%36%44(=C=7=%17%375%27=C=%25=%12=%166([H]8%18)([H]%19%14)([H]%28%23)(C=29%20%13%29%26)(C=3=%10%38%21%41%30%36)C=4=%11=%22%39%42%31%44)[H]%43%32)C%35([H])=CCC([H])=C([H])C=C([H])C1)[H]%40%33
amprolium_cid73341,,,amprolium_cid73341.png,low,low,0.7546865220593206,wrong,,Amprolium,0.929,19,19,salt,salt,Amprolium,False,True,False,False,0.951,False,False,7,5,[HH].[HH].[HH],,,CCCc1ncc(C[n+]2ccccc2C)c(N)n1.Cl.[HH].[HH].[HH]
anagrelide_cid135409400,,,anagrelide_cid135409400.png,low,low,0.8026247922713476,wrong,,Anagrelide,0.919,18,16,exact,exact,Anagrelide,False,True,False,False,1.0,False,False,3,3,II.[H],,,II.O=C1CN2Cc3c(ccc(Cl)c3Cl)N=C2N1.[H] |^1:18|
anserine_cid112072,,,anserine_cid112072.png,low,low,0.4534354766429165,wrong,,Anserine,0.975,17,17,exact,exact,Anserine,False,True,False,False,1.0,False,False,8,5,[HH].[HH].[HH].[HH],,,[HH].[HH].[HH].[HH].[H]NCCC(=O)N[C@@H](Cc1cncn1C)C(=O)O
anthralin_cid2202,,,anthralin_cid2202.png,low,low,0.7601234120061843,wrong,,Anthralin,0.957,17,17,exact,exact,Anthralin,False,True,False,False,1.0,False,False,4,3,[HH].[HH],,,O=C1c2c(O)cccc2Cc2cccc(O)c21.[HH].[HH]
apilimod_cid10173277,,,apilimod_cid10173277.png,high,high,0.8967924145537185,exact,Apilimod,Apilimod,1.0,31,31,exact,exact,Apilimod,False,False,False,False,1.0,True,True,0,1,,,,[H]/C(=N\Nc1cc(N2CCOCC2)nc(OCCc2ccccn2)n1)c1cccc(C)c1
apomorphine_cid6005,,,apomorphine_cid6005.png,low,low,0.7318627328494735,wrong,,Apomorphine,0.951,20,20,stereo,stereo,Apomorphine,False,True,False,False,1.0,False,False,6,5,[HH].[HH].[H].[H],,,"[HH].[HH].[H].[H].[H][C@]12Cc3ccc(O)c(O)c3-c3cccc(c31)CCN2C |^1:2,3|"
apraclonidine_cid2216,,,apraclonidine_cid2216.png,low,low,0.8424229686368827,wrong,,Apraclonidine,0.938,16,15,exact,exact,Apraclonidine,False,True,False,False,1.0,False,False,10,6,I.[HH].[HH].[HH].[HH],,,I.Nc1cc(Cl)c(NC2=NCCN2)c(Cl)c1.[HH].[HH].[HH].[HH]
aprocitentan_cid25099191,,,aprocitentan_cid25099191.png,high,high,0.8736956691001563,wrong,,Aprocitentan,0.978,29,29,exact,exact,Aprocitentan,False,True,False,False,1.0,False,False,3,4,[H].[H].[H],,,"NS(=O)(=O)Nc1ncnc(OCCOc2ncc(Br)cn2)c1-c1ccc(Br)cc1.[H].[H].[H] |^1:29,30,31|"
ar_67_cid6712744,,,ar_67_cid6712744.png,high,high,0.8488068446163876,wrong,,Ar-67,0.984,34,34,exact,exact,Ar-67,False,True,False,False,1.0,False,False,4,3,[HH].[HH],,,CC[C@@]1(O)C(=O)OCc2c1cc1n(c2=O)Cc2c-1nc1ccc(O)cc1c2[Si](C)(C)C(C)(C)C.[HH].[HH]
aranidipine_cid2225,,,aranidipine_cid2225.png,high,high,0.892125891820053,exact,Aranidipine,Aranidipine,1.0,28,28,exact,exact,Aranidipine,False,False,False,False,1.0,True,True,0,1,,,,[H]N1C(C)=C(C(=O)OC)C(c2ccccc2[N+](=O)[O-])C(C(=O)OCC(C)=O)=C1C
argipressin_cid644077,,,argipressin_cid644077.png,low,low,0.02311713266304082,invalid,,,,,,invalid,invalid,,False,False,False,False,,False,,,,,,,[H]NC(=O)CNC(=O)C(CCCN=C(N)N)NC(=O)C1CCCN1C(=O)C(CS)NC(=O)C(CC(=O)NN)NC(=O)[CH]12(CCC(N)=O)NC(=O)(C3CCC=CC=CC(CC4=CC=C(O)C=C4)C(=O)N3)=O=C(C(CCC(N)(CS)C([H])=O)NC(=O)C(C=C)CC3=CC=C(O)C=C3)NC3C14C15C32C42C13=O=C52(N)(=O)N3
aripiprazole_lauroxil_cid49831411,,,aripiprazole_lauroxil_cid49831411.png,low,low,0.8337181426850153,exact,Aripiprazole Lauroxil,Aripiprazole Lauroxil,1.0,45,45,exact,exact,Aripiprazole Lauroxil,False,False,False,False,1.0,True,True,0,1,,,,CCCCCCCCCCCC(=O)OCN1C(=O)CCc2ccc(OCCCCN3CCN(c4cccc(Cl)c4Cl)CC3)cc21
arterolane_cid10475633,,,arterolane_cid10475633.png,low,low,0.4599167895144043,wrong,,Arterolane,0.65,28,28,wrong,wrong,,False,False,False,False,0.65,False,False,4,4,[HH].[HH].[HH],,,CC(C)(N)CNC(=O)CC1CCC2(CC1)OOC1(O2)C2CC3CC4(C2)CC1C34.[HH].[HH].[HH]
arv_471_cid134562533,,,arv_471_cid134562533.png,high,high,0.8845172495148395,exact,Arv-471,Arv-471,1.0,54,54,exact,exact,Arv-471,False,False,False,False,1.0,True,True,0,1,,,,O=C1CC[C@H](N2Cc3cc(N4CCN(CC5CCN(c6ccc([C@@H]7c8ccc(O)cc8CC[C@@H]7c7ccccc7)cc6)CC5)CC4)ccc3C2=O)C(=O)N1
ascomycin_cid5282071,,,ascomycin_cid5282071.png,low,low,0.0004602418580254615,invalid,,,,,,invalid,invalid,,False,False,False,False,,False,,,,,,,[HH].[H].[H].[H].[H].[H]C(=C(C)[CH]12OC(=O)C3([H])CCCCN3C(=O)C(=O)C(O)OC3(OC)[CH]145C(OC)[CH]3241(C)[CH]23(O)C4C6(=O)[CH]78(CC)C9(C)[CH]%10(CC)C%11(=O)C(C)CC(C)=C%107[CH]9%116C48(=O)C24[H][CH]4351O)C1CCC(O)C(OC)C1
asimadoline_cid179340,,,asimadoline_cid179340.png,high,high,0.8540327924518472,wrong,,Asimadoline,1.0,31,31,exact,exact,Asimadoline,False,True,False,False,1.0,False,False,1,2,[H],,,CN(C(=O)C(c1ccccc1)c1ccccc1)[C@H](CN1CC[C@H](O)C1)c1ccccc1.[H] |^1:31|
asundexian_cid135206011,,,asundexian_cid135206011.png,high,high,0.8834935180944457,wrong,,Asundexian,0.987,41,41,exact,exact,Asundexian,False,True,False,False,1.0,False,False,6,4,[HH].[HH].[HH],,,CC[C@@H](C(=O)Nc1ccc(C(N)=O)c(F)c1)n1cc(OC)c(-c2cc(Cl)ccc2-n2cc(C(F)(F)F)nn2)cc1=O.[HH].[HH].[HH]
azaline_b_cid71587609,,,azaline_b_cid71587609.png,low,low,0.0002658151985053439,invalid,,,,,,invalid,invalid,,False,False,False,False,,False,,,,,,,CCC(NC(=O)C(CC1=CN=CC=C1)NC(=O)[CH]NC(=O)C(CC1=CC2=CC=CC=C2C=C1)NC(C)=O)C(=O)NC(CC1=C2C=C(NC3=NN=C(N)N3)C2=C1)C(=O)NC1C2C345=C6=C27(=C=32=C63=C68NC9%10=N(=N9C9(=NN=C(N)N9)NC=3(=C62)C=C7=C8=C4)C(N)=N%10)C15.CCNCCCCC(C)C(=O)N1CCCC1C(=O)NC(C)C(N)=O.O
azamulin_cid16072188,,,azamulin_cid16072188.png,low,low,0.7704322534274046,wrong,,Azamulin,0.873,33,33,near,near,,False,False,False,False,0.873,False,False,7,6,[HH].[HH].[H].[H].[H],,,"[HH].[HH].[H].[H].[H].[H][C@@]12C(=O)CC[C@]13CC[C@@H](OC(=O)CSc1n[nH]c(N)n1)[C@]2(C)[C@H](C)C[C@@](C)(CC)[C@@H](O)[C@@H]3C |^1:2,3,4|"
azd8871_cid71558565,,,azd8871_cid71558565.png,low,low,0.2130626151473947,invalid,,,,,,invalid,invalid,,False,False,False,False,,False,,,,,,,C1=CSC=C1.CCCC(C)OC(=O)C1(O)C23=C45=C167=C=21C42=C4=C51=C=2([SH]46)[SH]37.CNCCCNC1=C(N)C=C(CNCC(O)C2=C3C=CC(=O)NC3=C(O)C=C2)C=C1.Cl
aztreonam_cid5742832,,,aztreonam_cid5742832.png,low,low,0.8287249905092604,wrong,,Aztreonam,0.965,28,28,exact,exact,Aztreonam,False,True,False,False,1.0,False,False,5,5,[HH].[H].[H].[H],,,"[HH].[H].[H].[H].[H]OC(=O)C(C)(C)O/N=C(\C(=O)N[C@@H]1C(=O)N(S(=O)(=O)O)[C@H]1C)c1csc(N)n1 |^1:1,2,3|"
balaglitazone_cid9889200,,,balaglitazone_cid9889200.png,low,low,0.8418794549088907,wrong,,Balaglitazone,0.981,28,28,exact,exact,Balaglitazone,False,True,False,False,1.0,False,False,2,2,[HH],,,Cn1c(COc2ccc(CC3SC(=O)NC3=O)cc2)nc2ccccc2c1=O.[HH]
balapiravir_cid11691726,,,balapiravir_cid11691726.png,low,low,0.5508107173193405,wrong,,Balapiravir,0.7,35,35,wrong,wrong,,False,False,False,False,0.7,False,False,4,4,[H].[H].[H],,,"CC(C)C(=O)OC[C@@]1(N[N+]=[N-])O[C@@H](n2ccc(N)nc2=O)[C@H](OC(=O)C(C)C)[C@@H]1OC(=O)C(C)C.[H].[H].[H] |^1:9,35,36,37|"
balhimycin_cid139586033,,,balhimycin_cid139586033.png,low,low,2.213317277246617e-06,invalid,,,,,,invalid,invalid,,False,False,False,False,,False,,,,,,,[H]OC1C2=C3456=C7(=C8C=CC9%10NC%11(=O)C(CC%12(N)=O=C(=O=C9NC(C9=CC(O)=C(O)C=C9)C(=O)N9C%13%14C%15C(C=CCO8)C%13(OCOCC)C%1598NCCNC%148=O)(N%12)C%10%11)NC8(=O)C9%10%11NC%12%13(=O)(=O)=O=C(C%14NC(C)CC(C)(C)C%14%15C%12%14CC%15(C)(C)CC(C)N%14)N%13C8%12%13C98%14(O)O9C%10%12%15%16C%10%12=C%17%18=C8%15%19C=CC8(=O%17%15=C%17C%20=C(=C%10=CC%20%15(=C=3(Cl)O7)(O%174)O85)C=%18%14%16C9%12%11%13%19O)[CH]6(CO)C(O)C1O)O2
baloxavir_marboxil_cid124081896,,,baloxavir_marboxil_cid124081896.png,low,low,0.5092856496736448,exact,Baloxavir Marboxil,Baloxavir Marboxil,1.0,40,40,exact,exact,Baloxavir Marboxil,False,False,False,False,1.0,True,True,0,1,,,,[H][C@@]12COCCN1C(=O)c1c(OCOC(=O)OC)c(=O)ccn1N2[C@@H]1c2ccccc2SCc2c1ccc(F)c2F
barnidipine_cid443869,,,barnidipine_cid443869.png,high,high,0.9054232572557311,exact,Barnidipine,Barnidipine,1.0,36,36,exact,exact,Barnidipine,False,False,False,False,1.0,True,True,0,1,,,,COC(=O)C1=C(C)NC(C)=C(C(=O)O[C@H]2CCN(Cc3ccccc3)C2)[C@H]1c1cccc([N+](=O)[O-])c1
barusiban_cid9832431,,,barusiban_cid9832431.png,low,low,0.0004019242172242945,invalid,,,,,,invalid,invalid,,False,False,False,False,,False,,,,,,,C.O.[H]NCCCC(CO)N(C)C(=O)C1C2C3S45C6C7C48CC49%10=O%11=C7%12=O=4=C=%114(=O)CCSCC[CH]2(NC(=O)C(CC(=O)N[H])NC(=O)C([H])(C)NC(=O)(=O)C2NC(=O=C(=O)(N[CH]7%11[CH]%13([H])C[CH]7(CC)(C%13)C[CH]2%11CC)C(CC2=CNC7=CC=CC=C27)N4)C(N9)N%12%10[H])C1C5S638
baxdrostat_cid71535962,,,baxdrostat_cid71535962.png,high,high,0.8674191553071051,wrong,,Baxdrostat,0.966,28,27,exact,exact,Baxdrostat,False,True,False,False,1.0,False,False,4,3,I.[HH],,,CCC(=O)N[C@@H]1CCCc2c(-c3ccc4c(c3)CCC(=O)N4C)cncc21.I.[HH]
bazedoxifene_cid154257,,,bazedoxifene_cid154257.png,high,high,0.8733216640005546,wrong,,Bazedoxifene,0.981,35,35,exact,exact,Bazedoxifene,False,True,False,False,1.0,False,False,4,3,[HH].[HH],,,Cc1c(-c2ccc(O)cc2)n(Cc2ccc(OCCN3CCCCCC3)cc2)c2ccc(O)cc12.[HH].[HH]
beauvericin_cid3007984,,,beauvericin_cid3007984.png,high,high,0.8517491061619158,exact,Beauvericin,Beauvericin,1.0,57,57,exact,exact,Beauvericin,False,False,False,False,1.0,True,True,0,1,,,,CC(C)[C@H]1OC(=O)[C@H](Cc2ccccc2)N(C)C(=O)[C@@H](C(C)C)OC(=O)[C@H](Cc2ccccc2)N(C)C(=O)[C@@H](C(C)C)OC(=O)[C@H](Cc2ccccc2)N(C)C1=O
becampanel_cid5491960,,,becampanel_cid5491960.png,low,low,0.7322123089753093,wrong,,Becampanel,0.783,22,22,wrong,wrong,,False,False,False,False,0.783,False,False,9,5,[HH].[HH].[HH].[HH],,,O=c1[nH]c2cc([N+](=O)O)cc(CNCP(=O)(O)O)c2[nH]c1=O.[HH].[HH].[HH].[HH]
beclabuvir_cid56934415,,,beclabuvir_cid56934415.png,low,low,0.1129982007123235,invalid,,,,,,invalid,invalid,,False,False,False,False,,False,,,,,,,[H]C12CC1(C(=O)N1C34CN(C)CC3([H])C3C5CC3C514[H])CN1C3=C(C=CC(C(=O)NS(=O)(=O)N(C)C)=C3)C(C3CCCCC3)=C1C1=C2C=C(OC)C=C1
befunolol_cid2309,,,befunolol_cid2309.png,low,low,0.3309466613691606,wrong,,Befunolol,0.978,23,21,near,exact,,False,False,False,True,0.978,False,False,8,2,,,CC,CC.[H]OC(COc1cccc2cc(C(C)=O)oc12)CN([H])C(C)C
belvarafenib_cid89655386,,,belvarafenib_cid89655386.png,low,low,0.8115692882914035,wrong,,Belvarafenib,0.985,33,33,exact,exact,Belvarafenib,False,True,False,False,1.0,False,False,6,4,[HH].[HH].[HH],,,Cc1ccc2c(Nc3cccc(Cl)c3F)nccc2c1NC(=O)c1csc2c(N)ncnc12.[HH].[HH].[HH]
benidipine_cid656668,,,benidipine_cid656668.png,high,high,0.9046119651998829,exact,Benidipine,Benidipine,1.0,37,37,exact,exact,Benidipine,False,False,False,False,1.0,True,True,0,1,,,,COC(=O)C1=C(C)NC(C)=C(C(=O)O[C@@H]2CCCN(Cc3ccccc3)C2)[C@@H]1c1cccc([N+](=O)[O-])c1
benperidol_cid16363,,,benperidol_cid16363.png,low,low,0.8351557462339517,wrong,,Benperidol,0.98,28,28,exact,exact,Benperidol,False,True,False,False,1.0,False,False,4,3,[HH].[HH],,,O=C(CCCN1CCC(n2c(=O)[nH]c3ccccc32)CC1)c1ccc(F)cc1.[HH].[HH]
benznidazole_cid31593,,,benznidazole_cid31593.png,low,low,0.6108140140319143,invalid,,,,,,invalid,invalid,,False,False,False,False,,False,,,,,,,I.I.O=C(CN1C=CN=C1N(=O)O)NCC1=CC=CC=C1.[HH]
benzphetamine_hydrochloride_cid11558159,,,benzphetamine_hydrochloride_cid11558159.png,low,low,0.6683020410566167,wrong,,Benzphetamine Hydrochloride,0.962,20,19,near,salt,,False,False,False,True,0.962,False,False,5,3,,,C.Cl,C.C[C@H](Cc1ccccc1)N(C)Cc1ccccc1.[H]Cl
beraprost_sodium_cid23663404,,,beraprost_sodium_cid23663404.png,low,low,0.5304323047913708,wrong,,Beraprost Sodium,0.767,31,30,wrong,wrong,,False,False,False,False,0.767,False,False,4,3,I,,,I.[H]C12C[C@@H](O)[C@H](C=C[C@@H](O)C(C)C/C=C/C)[C@@]1([H])c1cccc(CCCC(=O)[O-])c1O2.[Na+]
berninamycin_a_cid91617669,,,berninamycin_a_cid91617669.png,low,low,1.973585825793905e-08,invalid,,,,,,invalid,invalid,,False,False,False,False,,False,,,,,,,O.[H]C(=C)C(=O)C1234=C56(C)=C=1789N(C(C([H])(C)O)NC1%10(=O)=O%11=C%12=C=%11%13N1%11%14=C1%15%16(=C%11%17%18%19%20=C1%11%21%22=C1%23%24=N%25%26=C%27%28%29%30C%31=C%17(=C%27(=C%11)=C=%25%31%11(=N1%28C=%23%26%21N%24C(=C)NC(=O)C(=O)NC1%17%21=C=C1(=C=%17)N%21C(C(C)(C)O)C(=O)NC(=O)C([H])(C)N2)C%291=O=C%30%11(=O)N2C%11%17=C=C2(=C)(N%111)C1(=O)=O=C%17NC2=C=C(=C)(N1)C(N)(=O)=O=C2N)C=%15%13%14%22%18(N%19)N%10%16%20)S%12)C=5=371(=O)N8C941([H])=C(C)O6
besifovir_cid5270766,,,besifovir_cid5270766.png,low,low,0.5614333299478524,wrong,,Besifovir,0.977,20,20,exact,exact,Besifovir,False,True,False,False,1.0,False,False,6,4,[HH].[HH].[HH],,,Nc1ncc2ncn(CC3(OCP(=O)(O)O)CC3)c2n1.[HH].[HH].[HH]
betahistine_cid2366,,,betahistine_cid2366.png,low,low,0.7426320547270282,wrong,,Betahistine,0.923,12,10,exact,exact,Betahistine,False,True,False,False,1.0,False,False,2,2,II,,,CNCCc1ccccn1.II
bethanechol_cid2370,,,bethanechol_cid2370.png,low,low,0.8262183174713681,wrong,,Bethanechol,0.917,12,11,exact,exact,Bethanechol,False,True,False,False,1.0,False,False,4,3,I.[HH],,,I.[HH].[H]NC(=O)OC([H])(C)C[N+](C)(C)C
bexarotene_cid82146,,,bexarotene_cid82146.png,low,low,0.7909736588503283,exact,Bexarotene,Bexarotene,1.0,26,26,exact,exact,Bexarotene,False,False,False,False,1.0,True,True,0,1,,,,C=C(c1ccc(C(=O)O)cc1)c1cc2c(cc1C)C(C)(C)CCC2(C)C
biotin_cid171548,,,biotin_cid171548.png,low,low,0.5692656349241474,invalid,,,,,,invalid,invalid,,False,False,False,False,,False,,,,,,,[H]OC(=O)CCCC[CH]SCC12([H])CSC(CCCCC(=O)O[H])C1([H])N([H])C(=O)N2[H]
bismuth_subgallate_cid73415769,,,bismuth_subgallate_cid73415769.png,low,low,0.7647660927490643,wrong,,Bismuth Subgallate,0.92,13,14,near,near,,False,False,False,False,0.92,False,False,4,5,[H].[H].[H],,,"O=C(O)c1cc([O-])c([O-])c(O)c1.[H].[H].[H].[H][O-] |^1:12,13,14|"
bleomycin_b2_cid5496540,,,bleomycin_b2_cid5496540.png,low,low,1.052428608429276e-08,invalid,,,,,,invalid,invalid,,False,False,False,False,,False,,,,,,,CC(C)C(O)C(C)NC(=O)[CH]12N[CH]3(C(C)O)C14=O=C23(=O)NCCC123=NCC=15(=NC16=CSC=N1=C1(SC1=CC1=NC7(=C=2S175)CCN4)C(N1C2CC1C2N=C(N)N=N)=O=C6(=O)N1CCC1CN=C(N)N=N)CS3.[H]NC(CNC(CC(N)=O)C(=NN)NCCNC([CH]OC1[CH]C(O)C(CO)O1)C(=O)N[CH]C)C(N)=O
bolasterone_cid102146,,,bolasterone_cid102146.png,low,low,0.8071224202134498,wrong,,Bolasterone,0.976,23,23,exact,exact,Bolasterone,False,True,False,False,1.0,False,False,1,2,[H],,,[H].[H][C@]12CC[C@@]3(C)[C@@]([H])(CC[C@]3(C)O)[C@]1([H])[C@H](C)CC1=CC(=O)CC[C@@]12C |^1:0|
boric_acid_cid7628,,,boric_acid_cid7628.png,low,low,0.6879374003563811,wrong,,Boric Acid,0.667,7,4,exact,exact,Boric Acid,False,True,False,False,1.0,False,False,8,6,I.I.I.[H].[H],,,"I.I.I.OB(O)O.[H].[H] |^1:7,8|"
brilacidin_cid25023695,,,brilacidin_cid25023695.png,low,low,0.2332666035517005,invalid,,,,,,invalid,invalid,,False,False,False,False,,False,,,,,,,[H]C([H])(N)=NCCCCC(=O)NC1=CC(C(F)(F)F)=CC(NC(=O)C2=NC=NC(C(=O)NC3=CC(C(F)(F)F)=CC(NC(=O)CCCCN=C(N)N)=C3OC3CCNC3)=C2)=C1OC123CN4C56C1C4(C52)N6C3
brivanib_cid11234052,,,brivanib_cid11234052.png,high,high,0.8498603467374893,wrong,,Brivanib,0.982,27,27,exact,exact,Brivanib,False,True,False,False,1.0,False,False,4,3,[HH].[HH],,,Cc1cc2c(F)c(Oc3ncnn4cc(OC[C@@H](C)O)c(C)c34)ccc2[nH]1.[HH].[HH]
brivudine_cid446727,,,brivudine_cid446727.png,high,high,0.8587065324416709,exact,Brivudine,Brivudine,1.0,19,19,exact,exact,Brivudine,False,False,False,False,1.0,True,True,0,1,,,,[H]OC[C@H]1O[C@@H](n2cc(/C([H])=C(\[H])Br)c(=O)[nH]c2=O)C[C@@H]1O
brodifacoum_cid54680676,,,brodifacoum_cid54680676.png,low,low,0.1473921988957502,wrong,,Brodifacoum,0.0,120,35,wrong,wrong,,False,False,False,False,0.0,False,False,550,120,,C.C.C.C.C.C.C.C.C.C.C.C.C.C.C.C.C.C.C.C.C.C.C.C.C.C.C.C.C.C.C.C.C.C.C.C.C.C.C.C.C.C.C.C.C.C.C.C.C.C.C.C.C.C.C.C.C.C.C.C.C.C.C.C.C.C.C.C.C.C.C.C.C.C.C.C.C.C.C.C.C.C.C.C.C.C.C.C.C.C.C.C.C.C.C.C.C.C.C.C.C.C.C.C.C.C.C.C.C.C.C.C.C.C.C.C.C.C.C,,C.C.C.C.C.C.C.C.C.C.C.C.C.C.C.C.C.C.C.C.C.C.C.C.C.C.C.C.C.C.C.C.C.C.C.C.C.C.C.C.C.C.C.C.C.C.C.C.C.C.C.C.C.C.C.C.C.C.C.C.C.C.C.C.C.C.C.C.C.C.C.C.C.C.C.C.C.C.C.C.C.C.C.C.C.C.C.C.C.C.C.C.C.C.C.C.C.C.C.C.C.C.C.C.C.C.C.C.C.C.C.C.C.C.C.C.C.C.C.C
bupranolol_cid2475,,,bupranolol_cid2475.png,low,low,0.8283581549607028,wrong,,Bupranolol,0.949,20,18,exact,exact,Bupranolol,False,True,False,False,1.0,False,False,6,4,I.I.[HH],,,Cc1ccc(Cl)c(OCC(O)CNC(C)(C)C)c1.I.I.[HH]
butenafine_cid2484,,,butenafine_cid2484.png,low,low,0.3339705310767813,wrong,,Butenafine,0.775,25,24,wrong,wrong,,False,False,False,False,0.775,False,False,3,1,,,,CCC(C)(C)c1ccc(CN(C)Cc2cccc3ccccc23)cc1
c_c_dimethyl_n_n_tricyclo_8_2_2_24_7_hexadeca_4_6_10_12_13_1_cid71474517,,,c_c_dimethyl_n_n_tricyclo_8_2_2_24_7_hexadeca_4_6_10_12_13_1_cid71474517.png,low,low,0.0002084357316757785,invalid,,,,,,invalid,invalid,,False,False,False,False,,False,,,,,,,[H]C(CC1([H])CCCCC1([H])NC(=O)C(NC(=O)OC)C(C)C)C1=NC2=C(C=C(C3=CC4=C56=C78(=C5C=CC(=C7)(=C8)CCC3C=C4)=C3(=C6)C=C4C56=C47(=C5NC(C4([H])CC5([H])CCCCC5([H])([H])N4C(=O)[CH]4(NC(=O)OC)C5(C)CC54C)=N7)C6=C3)C=C2)N1
calcium_chloride_cid5284359,,,calcium_chloride_cid5284359.png,low,low,0.6103080063758107,wrong,,Calcium Chloride,0.25,5,3,wrong,wrong,,False,False,False,False,0.25,False,False,2,5,,[Cl-].[I-],,[Ca+].[Cl-].[Cl-].[I-].[I-] |^1:0|
canfosfamide_cid5312109,,,canfosfamide_cid5312109.png,high,high,0.8478670172332401,wrong,,Canfosfamide,0.969,47,47,exact,exact,Canfosfamide,False,True,False,False,1.0,False,False,8,6,[HH].[HH].[HH].[H].[H],,,"N[C@@H](CCC(=O)N[C@@H](CS(=O)(=O)CCOP(=O)(N(CCCl)CCCl)N(CCCl)CCCl)C(=O)N[C@@H](C(=O)O)c1ccccc1)C(=O)O.[HH].[HH].[HH].[H].[H] |^1:50,51|"
cannabidiol_cid644019,,,cannabidiol_cid644019.png,low,low,0.7747925909132574,wrong,,Cannabidiol,0.953,25,23,exact,exact,Cannabidiol,False,True,False,False,1.0,False,False,6,4,I.I.[HH],,,I.I.[HH].[H]Oc1cc(CCCCC)cc(O)c1[C@]1([H])C=C(C)CC[C@H]1C(=C)C
canrenone_cid13789,,,canrenone_cid13789.png,low,low,0.09860829327345,invalid,,,,,,invalid,invalid,,False,False,False,False,,False,,,,,,,[H].[H]C12CCC3(CCC(=O)O3)C1(C)CCC1([H])C345CCC(=O)C=C3C=CC21([H])C4([H])C5
cantharidin_cid5944,,,cantharidin_cid5944.png,low,low,0.5846913065465443,wrong,,Cantharidin,0.515,15,14,wrong,wrong,,False,False,False,False,0.515,False,False,1,1,,,,[H][C@@]12CC[C@]3([H])C1(O2)[C@@]1(C)C(=O)OC(=O)[C@@]31C
captopril_cid44093,,,captopril_cid44093.png,low,low,0.6836945378438575,wrong,,Captopril,0.703,20,14,charge,charge,Captopril,False,True,False,False,0.722,False,False,11,7,I.I.I.I.I.I,,,C[C@H](C[S-])C(=O)N1CCC[C@H]1C(=O)O.I.I.I.I.I.I
carbachol_cid5831,,,carbachol_cid5831.png,low,low,0.7923116576909413,wrong,,Carbachol,0.955,11,11,exact,exact,Carbachol,False,True,False,False,1.0,False,False,10,7,[HH].[HH].[HH].[HH].[HH],,,C[N+](C)(C)CCOC(N)=O.[Cl-].[HH].[HH].[HH].[HH].[HH]
carbenicillin_cid20824,,,carbenicillin_cid20824.png,low,low,0.6119141473038173,wrong,,Carbenicillin,0.957,26,26,exact,exact,Carbenicillin,False,True,False,False,1.0,False,False,3,3,[HH].[H],,,[HH].[H].[H][C@]12SC(C)(C)[C@H](C(=O)O)N1C(=O)[C@H]2NC(=O)C(C(=O)O)c1ccccc1 |^1:1|
carisbamate_cid6918474,,,carisbamate_cid6918474.png,low,low,0.7439303592724343,wrong,,Carisbamate,0.968,20,14,exact,exact,Carisbamate,False,True,False,False,1.0,False,False,12,7,I.I.I.I.I.I,,,I.I.I.I.I.I.[H]O[C@H](COC(N)=O)c1ccccc1Cl
carmegliptin_cid11417567,,,carmegliptin_cid11417567.png,high,high,0.8669419288183456,exact,Carmegliptin,Carmegliptin,1.0,27,27,exact,exact,Carmegliptin,False,False,False,False,1.0,True,True,0,1,,,,[H]N[C@H]1C[C@@]2([H])c3cc(OC)c(OC)cc3CCN2C[C@@H]1N1C[C@@H](CF)CC1=O
carnosine_cid439224,,,carnosine_cid439224.png,low,low,0.5564548993719978,wrong,,Carnosine,0.974,16,16,exact,exact,Carnosine,False,True,False,False,1.0,False,False,6,4,[HH].[HH].[HH],,,NCCC(=O)N[C@@H](Cc1cnc[nH]1)C(=O)O.[HH].[HH].[HH]
carumonam_cid6540466,,,carumonam_cid6540466.png,low,low,0.8301026359040288,wrong,,Carumonam,0.836,30,30,charge,charge,Carumonam,False,True,False,False,0.862,False,False,7,6,[HH].[HH].[HH].[H].[H],,,"[HH].[HH].[HH].[H].[H].[H]N(C(=O)/C(=N\OCC(=O)O)c1csc(N)n1)[C@@H]1C(=O)N(S(=O)(=O)[O-])[C@@H]1COC(N)=O |^1:3,4|"
cefaclor_cid51039,,,cefaclor_cid51039.png,low,low,0.7063950550263163,wrong,,Cefaclor,0.672,23,24,wrong,wrong,,False,False,False,False,0.672,False,False,8,4,[HH].[HH].[H],,,[HH].[HH].[H].[H]N(C[C@H](N)c1ccccc1)[C@@H]1C(=O)N2C(C(=O)O)=C(Cl)CS[C@]12[H] |^1:2|
cefamandole_cid456255,,,cefamandole_cid456255.png,high,high,0.8654713293443563,wrong,,Cefamandole,0.984,31,31,exact,exact,Cefamandole,False,True,False,False,1.0,False,False,3,4,[H].[H].[H],,,"[H].[H].[H].[H][C@]12SCC(CSc3nnnn3C)=C(C(=O)O)N1C(=O)[C@H]2NC(=O)[C@H](O)c1ccccc1 |^1:0,1,2|"
cefdinir_cid6915944,,,cefdinir_cid6915944.png,high,high,0.8578193110538445,wrong,,Cefdinir,0.983,26,26,exact,exact,Cefdinir,False,True,False,False,1.0,False,False,3,4,[H].[H].[H],,,"[H].[H].[H].[H]OC(=O)C1=C(C=C)CS[C@]2([H])[C@H](NC(=O)/C(=N\O)c3csc(N)n3)C(=O)N12 |^1:0,1,2|"
cefiderocol_cid77843966,,,cefiderocol_cid77843966.png,low,low,0.7631533845196506,wrong,,Cefiderocol,0.979,50,50,exact,exact,Cefiderocol,False,True,False,False,1.0,False,False,5,5,[HH].[H].[H].[H],,,"[HH].[H].[H].[H].[H][C@]12SCC(C[N+]3(CCNC(=O)c4ccc(O)c(O)c4Cl)CCCC3)=C(C(=O)[O-])N1C(=O)[C@H]2NC(=O)/C(=N\OC(C)(C)C(=O)O)c1csc(N)n1 |^1:1,2,3|"
cefilavancin_cid76960417,,,cefilavancin_cid76960417.png,low,low,1.820956900250764e-11,invalid,,,,,,invalid,invalid,,False,False,False,False,,False,,,,,,,<invalid>
cefixime_cid5362065,,,cefixime_cid5362065.png,low,low,0.8226515398294397,wrong,,Cefixime,0.985,30,30,exact,exact,Cefixime,False,True,False,False,1.0,False,False,6,4,[HH].[HH].[HH],,,[HH].[HH].[HH].[H]N(C(=O)/C(=N\OCC(=O)O)c1csc(N)n1)[C@@H]1C(=O)N2C(C(=O)O)=C(C=C)CS[C@]12[H]
cefmetazole_cid42008,,,cefmetazole_cid42008.png,high,high,0.8757270743893362,exact,Cefmetazole,Cefmetazole,1.0,30,30,exact,exact,Cefmetazole,False,False,False,False,1.0,True,True,0,1,,,,[H][C@]12SCC(CSc3nnnn3C)=C(C(=O)O)N1C(=O)[C@]2(NC(=O)CSCC#N)OC
cefoperazone_cid44187,,,cefoperazone_cid44187.png,low,low,0.5626380066908383,wrong,,Cefoperazone,0.988,44,44,exact,exact,Cefoperazone,False,True,False,False,1.0,False,False,3,4,[H].[H].[H],,,"[H].[H].[H].[H][C@]12SCC(CSc3nnnn3C)=C(C(=O)O)N1C(=O)[C@H]2NC(=O)[C@H](NC(=O)N1CCN(CC)C(=O)C1=O)c1ccc(O)cc1 |^1:0,1,2|"
cefotaxime_cid5742673,,,cefotaxime_cid5742673.png,low,low,0.6078425785232229,wrong,,Cefotaxime,0.97,30,30,exact,exact,Cefotaxime,False,True,False,False,1.0,False,False,3,3,[HH].[H],,,[HH].[H].[H][C@]12SCC(COC(C)=O)=C(C(=O)O)N1C(=O)[C@H]2NC(=O)/C(=N\OC)c1csc(N)n1 |^1:1|
cefotetan_cid53025,,,cefotetan_cid53025.png,low,low,0.8417722254300413,wrong,,Cefotetan,0.986,36,36,stereo,stereo,Cefotetan,False,True,False,False,1.0,False,False,2,3,[H].[H],,,"[H].[H].[H]C1(C(=O)N[C@]2(OC)C(=O)N3C(C(=O)O)=C(CSc4nnnn4C)CSC32[H])SC(=C(C(N)=O)C(=O)O)S1 |^1:0,1|"
cefoxitin_cid441199,,,cefoxitin_cid441199.png,low,low,0.836849827401413,wrong,,Cefoxitin,0.984,28,28,exact,exact,Cefoxitin,False,True,False,False,1.0,False,False,6,4,[HH].[HH].[HH],,,[HH].[HH].[HH].[H][C@]12SCC(COC(N)=O)=C(C(=O)O)N1C(=O)[C@]2(NC(=O)Cc1cccs1)OC
cefozopran_cid9571080,,,cefozopran_cid9571080.png,low,low,0.4917967643938749,wrong,,Cefozopran,0.988,35,35,exact,exact,Cefozopran,False,True,False,False,1.0,False,False,2,3,[H].[H],,,"[H].[H].[H][C@]12SCC(C[n+]3ccn4ncccc43)=C(C(=O)[O-])N1C(=O)[C@H]2NC(=O)/C(=N\OC)c1nsc(N)n1 |^1:0,1|"
cefprozil_cid62977,,,cefprozil_cid62977.png,low,low,0.8110463498792548,wrong,,Cefprozil,0.667,27,27,wrong,wrong,,False,False,False,False,0.667,False,False,6,4,[HH].[H].[H],,,"[HH].[H].[H].[H][C@]12SCC(CCC)=C(C(=O)O)N1C(=O)[C@H]2NC(=O)[C@H](N)c1ccc(O)cc1 |^1:1,2|"
ceftizoxime_cid6533629,,,ceftizoxime_cid6533629.png,low,low,0.8025654204397746,wrong,,Ceftizoxime,0.983,25,25,exact,exact,Ceftizoxime,False,True,False,False,1.0,False,False,2,3,[H].[H],,,"[H].[H].[H]OC(=O)C1=CCS[C@]2([H])[C@H](N([H])C(=O)/C(=N\OC)c3csc(N([H])[H])n3)C(=O)N12 |^1:0,1|"
centanafadine_cid16095349,,,centanafadine_cid16095349.png,low,low,0.7999387402342617,wrong,,Centanafadine,0.969,16,16,exact,exact,Centanafadine,False,True,False,False,1.0,False,False,2,2,[HH],,,[HH].[H][C@@]12CNC[C@]1(c1ccc3ccccc3c1)C2
cephaloridine_cid5773,,,cephaloridine_cid5773.png,high,high,0.8613127791300386,exact,Cephaloridine,Cephaloridine,1.0,28,28,exact,exact,Cephaloridine,False,False,False,False,1.0,True,True,0,1,,,,[H]N(C(=O)Cc1cccs1)[C@@H]1C(=O)N2C(C(=O)[O-])=C(C[n+]3ccccc3)CS[C@]12[H]
cephalothin_cid6024,,,cephalothin_cid6024.png,high,high,0.8558954101821339,exact,Cephalothin,Cephalothin,1.0,26,26,exact,exact,Cephalothin,False,False,False,False,1.0,True,True,0,1,,,,[H][C@]12SCC(COC(C)=O)=C(C(=O)O)N1C(=O)[C@H]2NC(=O)Cc1cccs1
chlormadinone_acetate_cid9324,,,chlormadinone_acetate_cid9324.png,low,low,0.8345083634849034,stereo,Chlormadinone Acetate,Chlormadinone Acetate,1.0,28,28,stereo,stereo,Chlormadinone Acetate,False,False,False,False,1.0,True,True,0,1,,,,[H][C@@]12C=C(Cl)C3=CC(=O)CC[C@]3(C)[C@@]1([H])CC[C@@]1(C)[C@]2([H])CC[C@]1(OC(C)=O)C(C)=O
chloroeremomycin_cid445806,,,chloroeremomycin_cid445806.png,low,low,1.352031103930884e-05,invalid,,,,,,invalid,invalid,,False,False,False,False,,False,,,,,,,O.[H]NC1(C)CC(O[CH]C(=O)C(NC(=O)C2=O=C(=O)([CH]NC3=O=C4(NC5C6C789%10=O=C6%11(=O=7)(C58)N95[H]N%10%11[H]5)[CH]56NC(C(CC(C)C)NC)=O=C([CH]NC)N[CH]347[CH]534(O)C58=C9%10=C3%11%12C=CC(Cl)=C9C(C=C5%11)O3C59=CC3(=C5)(OCC=CC=%104(=O)[CH]86%127O)O9[CH]OC(CO)C([CH])O)N2)C23=CC2=C(O)C=C3)OC(C)C1O
chlorotrianisene_cid11289,,,chlorotrianisene_cid11289.png,low,low,0.8313719569091419,wrong,,Chlorotrianisene,0.957,30,27,exact,exact,Chlorotrianisene,False,True,False,False,1.0,False,False,6,4,I.I.I,,,COc1ccc(C(Cl)=C(c2ccc(OC)cc2)c2ccc(OC)cc2)cc1.I.I.I
chlorozotocin_cid451706,,,chlorozotocin_cid451706.png,low,low,0.8402454072861838,wrong,,Chlorozotocin,0.974,20,20,exact,exact,Chlorozotocin,False,True,False,False,1.0,False,False,6,4,[HH].[HH].[HH],,,[HH].[HH].[HH].[H]O[C@@H]([C@H](O)[C@H](O)CO)[C@@H](NC(=O)N(CCCl)N=O)C([H])=O
chlorprothixene_cid667467,,,chlorprothixene_cid667467.png,high,high,0.8714915004448701,wrong,,Chlorprothixene,0.617,21,21,wrong,wrong,,False,False,False,False,0.617,False,False,0,1,,,,[H]/C(CCN(C)C)=C1\c2ccccc2[S-]c2ccc(Cl)cc21 |^1:14|
chlorzoxazone_cid2733,,,chlorzoxazone_cid2733.png,low,low,0.7963012125930041,wrong,,Chlorzoxazone,0.962,13,11,exact,exact,Chlorzoxazone,False,True,False,False,1.0,False,False,4,3,I.I,,,I.I.O=c1[nH]c2cc(Cl)ccc2o1
cilagicin_cid171038003,,,cilagicin_cid171038003.png,low,low,3.038935842560221e-17,invalid,,,,,,invalid,invalid,,False,False,False,False,,False,,,,,,,CCCCCCCCCCCCCCN[CH]C1NC2C(=O)N[CH]345C6N[CH]27CCN[CH]CN[CH]28N(C[CH]CNC(CO)C7N1[CH]17C(O)C1(O)[CH]719C(NC7CN7CCNC7C%10C(NC%11C%12%13C%14N%11%12C%11%12=O=C%14%13%11N%12C%11C%12C%13%14=C%15C%16(O)=C%17%18=C%15%13%16=C=%17%11%12%14=C%18)C7%11=O=C%10%11O)[CH]631(C41COC1O)C59NC(=O)CC(=O)O)C1[CH]2345C(CN)[CH]183(C4CN)C5(N)=O
cilazapril_cid56330,,,cilazapril_cid56330.png,low,low,0.6946288107245606,exact,Cilazapril,Cilazapril,1.0,30,30,exact,exact,Cilazapril,False,False,False,False,1.0,True,True,0,1,,,,[H]N([C@@H](CCc1ccccc1)C(=O)OCC)[C@H]1CCCN2CCC[C@@H](C(=O)O)N2C1=O
cinnarizine_cid1547484,,,cinnarizine_cid1547484.png,low,low,0.2525423277242724,wrong,,Cinnarizine,0.0,120,28,wrong,wrong,,False,False,False,False,0.0,False,False,548,120,,C.C.C.C.C.C.C.C.C.C.C.C.C.C.C.C.C.C.C.C.C.C.C.C.C.C.C.C.C.C.C.C.C.C.C.C.C.C.C.C.C.C.C.C.C.C.C.C.C.C.C.C.C.C.C.C.C.C.C.C.C.C.C.C.C.C.C.C.C.C.C.C.C.C.C.C.C.C.C.C.C.C.C.C.C.C.C.C.C.C.C.C.C.C.C.C.C.C.C.C.C.C.C.C.C.C.C.C.C.C.C.C.C.C.C.C.C.C.C,,C.C.C.C.C.C.C.C.C.C.C.C.C.C.C.C.C.C.C.C.C.C.C.C.C.C.C.C.C.C.C.C.C.C.C.C.C.C.C.C.C.C.C.C.C.C.C.C.C.C.C.C.C.C.C.C.C.C.C.C.C.C.C.C.C.C.C.C.C.C.C.C.C.C.C.C.C.C.C.C.C.C.C.C.C.C.C.C.C.C.C.C.C.C.C.C.C.C.C.C.C.C.C.C.C.C.C.C.C.C.C.C.C.C.C.C.C.C.C.C
citrulline_cid9750,,,citrulline_cid9750.png,low,low,0.7632031118152172,wrong,,Citrulline,0.96,12,12,exact,exact,Citrulline,False,True,False,False,1.0,False,False,10,6,[HH].[HH].[HH].[HH].[HH],,,[HH].[HH].[HH].[HH].[HH].[H]NC(=O)NCCC[C@H](N)C(=O)O
clavulanic_acid_cid5280980,,,clavulanic_acid_cid5280980.png,low,low,0.8347581422795533,wrong,,Clavulanic Acid,0.943,15,14,exact,exact,Clavulanic Acid,False,True,False,False,1.0,False,False,4,3,I.[HH],,,I.[HH].[H]/C(CO)=C1/O[C@]2([H])CC(=O)N2[C@H]1C(=O)O
clazosentan_cid6433095,,,clazosentan_cid6433095.png,high,high,0.876347914550581,wrong,,Clazosentan,0.986,41,41,exact,exact,Clazosentan,False,True,False,False,1.0,False,False,6,4,[HH].[HH].[HH],,,COc1ccccc1Oc1c(NS(=O)(=O)c2ccc(C)cn2)nc(-c2ccnc(-c3nn[nH]n3)c2)nc1OCCO.[HH].[HH].[HH]
clocortolone_cid5311052,,,clocortolone_cid5311052.png,low,low,0.6258575334654151,wrong,,Clocortolone,0.652,29,28,wrong,wrong,,False,False,False,False,0.652,False,False,4,3,[HH].[HH],,,[HH].[HH].[H][C@@]12C[C@H](F)C3=CC(=O)C=C[C@]3(C)[C@@]1(Cl)[C@@H](O)C[C@]1(C)[C@@H](C(=O)CO)[C@H](C)C[C@@]21Cl
clotrimazole_cid2812,,,clotrimazole_cid2812.png,low,low,0.7673715771750768,exact,Clotrimazole,Clotrimazole,1.0,25,25,exact,exact,Clotrimazole,False,False,False,False,1.0,True,True,0,1,,,,Clc1ccccc1C(c1ccccc1)(c1ccccc1)n1ccnc1
clovibactin_cid146342518,,,clovibactin_cid146342518.png,low,low,0.003406565921935342,invalid,,,,,,invalid,invalid,,False,False,False,False,,False,,,,,,,[H]NCCCC[CH]CN[CH]CNC1C(=O)NC(C)C2(=O)NC3C(C(C)C)C(C)(C)C[CH]45NC(=O)[CH]2(C)NC(=O)C(NC(=O)C(CO)NC(=O)C(CCCCN[H])NC(=O)C(CC(C)C)NC(=O)C(N)CC2=CC=CC=C2)[CH]2(C(=O)N[H])OC(=O)(C(CC(C)C)NC4=O)O2(C(=O)C(CC(C)C)NC35=O)C1CN
cloxacillin_cid6098,,,cloxacillin_cid6098.png,low,low,0.7226617005558836,wrong,,Cloxacillin,0.983,29,29,exact,exact,Cloxacillin,False,True,False,False,1.0,False,False,2,2,[HH],,,[HH].[H][C@]12SC(C)(C)[C@H](C(=O)O)N1C(=O)[C@H]2NC(=O)c1c(-c2ccccc2Cl)noc1C
contezolid_cid25184541,,,contezolid_cid25184541.png,high,high,0.8695461862070074,wrong,,Contezolid,0.967,30,29,exact,exact,Contezolid,False,True,False,False,1.0,False,False,4,3,I.[HH],,,I.O=C1C=CN(c2c(F)cc(N3C[C@H](CNc4ccon4)OC3=O)c(F)c2F)CC1.[HH]
coprexa_cid5245480,,,coprexa_cid5245480.png,low,low,0.7255668837184787,wrong,,Coprexa,0.083,7,5,wrong,wrong,,False,False,False,False,0.083,False,False,2,3,I,,,I.[H][Mo].[S]=[Mo](=[S])([S-])[S-]
creatine_cid586,,,creatine_cid586.png,low,low,0.6709253751179628,wrong,,Creatine,0.909,14,9,exact,exact,Creatine,False,True,False,False,1.0,False,False,12,7,I.I.I.I.I.[HH],,,I.I.I.I.I.[HH].[H]NC(=N)N(C)CC(=O)O
crenolanib_cid10366136,,,crenolanib_cid10366136.png,high,high,0.8850722868577409,wrong,,Crenolanib,0.984,33,33,exact,exact,Crenolanib,False,True,False,False,1.0,False,False,4,3,[HH].[HH],,,CC1(COc2ccc3c(c2)ncn3-c2ccc3cccc(N4CCC(N)CC4)c3n2)COC1.[HH].[HH]
cycloguanil_cid9049,,,cycloguanil_cid9049.png,low,low,0.7259974836090627,wrong,,Cycloguanil,0.968,17,17,exact,exact,Cycloguanil,False,True,False,False,1.0,False,False,4,3,[HH].[HH],,,CC1(C)N=C(N)N=C(N)N1c1ccc(Cl)cc1.[HH].[HH]
cyclopropane_cid6351,,,cyclopropane_cid6351.png,low,low,0.207554903415264,wrong,,Cyclopropane,0.0,4,3,wrong,wrong,,False,False,False,False,0.0,False,False,7,2,,CC,,CC.CC
cystine_cid67678,,,cystine_cid67678.png,high,high,0.845646136221196,wrong,,(-)-Cystine,0.944,14,14,exact,exact,(-)-Cystine,False,True,False,False,1.0,False,False,8,5,[HH].[HH].[HH].[HH],,,[HH].[HH].[HH].[HH].[H]N[C@@H](CSSC[C@H](N[H])C(=O)O)C(=O)O
dabrafenib_cid44462760,,,dabrafenib_cid44462760.png,high,high,0.8721866371467427,wrong,,Dabrafenib,0.983,35,35,exact,exact,Dabrafenib,False,True,False,False,1.0,False,False,3,4,[H].[H].[H],,,"CC(C)(C)c1nc(-c2cccc(NS(=O)(=O)c3c(F)cccc3F)c2F)c(-c2ccnc(N)n2)s1.[H].[H].[H] |^1:35,36,37|"
dantrolene_cid6914273,,,dantrolene_cid6914273.png,low,low,0.8337892197510889,wrong,,Dantrolene,0.957,25,23,exact,exact,Dantrolene,False,True,False,False,1.0,False,False,6,4,I.I.[HH],,,I.I.[HH].[H]/C(=N\N1CC(=O)NC1=O)c1ccc(-c2ccc([N+](=O)[O-])cc2)o1
danuglipron_tromethamine_cid154702463,,,danuglipron_tromethamine_cid154702463.png,low,low,0.08451643511856094,invalid,,,,,,invalid,invalid,,False,False,False,False,,False,,,,,,,N#CC1=CC(F)=C(COC2=CC=CC(C3CCN4(CC3)CCC35=NC67=C(C=C(C(=O)O)C=C6)N3CC3C6C8C9C%10O[CH]69(CN56C(=NC5=C=76C=C(C(=O)O)C=C5)C4)O3%108)=N2)C=C1.NC(CO)(CO)CO
dapivirine_cid214347,,,dapivirine_cid214347.png,high,high,0.8750234767217034,wrong,,Dapivirine,0.976,25,25,exact,exact,Dapivirine,False,True,False,False,1.0,False,False,4,3,[HH].[HH],,,Cc1cc(C)c(Nc2ccnc(Nc3ccc(C#N)cc3)n2)c(C)c1.[HH].[HH]
darobactin_cid154586077,,,darobactin_cid154586077.png,low,low,7.08837343848597e-30,invalid,,,,,,invalid,invalid,,False,False,False,False,,False,,,,,,,[H]C1=C(O)C23C(=C1)OC1456=C789%10%11=C2%12OC=73(=O)O%12C2(O)(C(=O)O)CNC37C%12%13%14%15OC%16%17%18%19[H]%12C3%12%20([H])(O)C%16%13C7%17%14([H])(C%18%15%12)C37%12(NC%20(=O)C3%13(CO)C(O)C73(O)C%13N3%12[H])C37=C%12OC(=C(C)NC(NC([H])[H])=CC([H])([H])C3([H])=C=7%12)C137([H])([H])C1%12%13([H])=C%14%15%16C%17%18=C%20%21%22=C=%14=13%23%24%25=C1(=O)N3C%20%14=C=%17=%15=%12%21%23(=C3%14%18%22%16%24(NC%19=O)N3C%12C%14=CC%12=C(=O)(O)C2NC8=C=9(O)OC=%10728=C47=C5249%10C25%12=C34%15%16=C=7293(O)=C=%15=%10%1452=C=%114[H]C=2%1268%163O4)C=%131%25
darolutamide_cid67171867,,,darolutamide_cid67171867.png,low,low,0.8403267225669165,wrong,,Darolutamide,0.968,30,28,exact,exact,Darolutamide,False,True,False,False,1.0,False,False,6,5,I.I.[H].[H],,,"I.I.[H].[H].[H]C(C)(O)c1cc(C(=O)N[C@@H](C)Cn2ccc(-c3ccc(C#N)c(Cl)c3)n2)n[nH]1 |^1:2,3|"
delamanid_cid6480466,,,delamanid_cid6480466.png,high,high,0.859740255086419,wrong,,Delamanid,0.985,39,38,salt,exact,Delamanid,False,False,False,True,0.985,False,False,1,2,,,[Cl-],C[C@]1(COc2ccc(N3CCC(Oc4ccc(OC(F)(F)F)cc4)CC3)cc2)Cn2cc([N+](=O)[O-])nc2O1.[Cl-]
delapril_cid5362116,,,delapril_cid5362116.png,low,low,0.7041795666579881,exact,Delapril,Delapril,1.0,33,33,exact,exact,Delapril,False,False,False,False,1.0,True,True,0,1,,,,CCOC(=O)[C@H](CCc1ccccc1)N[C@@H](C)C(=O)N(CC(=O)O)C1Cc2ccccc2C1
delavirdine_cid5625,,,delavirdine_cid5625.png,high,high,0.8497650005346252,wrong,,Delavirdine,0.984,32,32,exact,exact,Delavirdine,False,True,False,False,1.0,False,False,2,3,[H].[H],,,"CC(C)Nc1cccnc1N1CCN(C(=O)c2cc3cc(NS(C)(=O)=O)ccc3[nH]2)CC1.[H].[H] |^1:32,33|"
deldeprevir_cid56935739,,,deldeprevir_cid56935739.png,low,low,0.0002277960431697515,invalid,,,,,,invalid,invalid,,False,False,False,False,,False,,,,,,,[H]N(C(=O)C12CC13([H])C14=C56([H])=C3([H])(=C1([H])C5CCCC1[CH]35CC7(N8CCCC(F)(F)C8)=O=C(=O)(C[CH]18(C3CCCC6)C136=O=C589(=O=1)N31C3[CH]5(OC8%10=CC(C%11=NC(C(C)C)=CS%11)=NC%11%12=C8%13%14C8=C%15=C%13(=C%13C%16%17=C%11(C)=C%13%15%11O%16%13CO%17%11C%13)C=%128%10%14)CC1([H])(C(=O)N2)N369C5)N71CCCC(F)(F)C1)[H]4)S(=O)(=O)C1CC1
demoxytocin_cid449224,,,demoxytocin_cid449224.png,low,low,0.0003163993964783617,invalid,,,,,,invalid,invalid,,False,False,False,False,,False,,,,,,,O.O.[H]NC(=O)CNC12=O=C(=O)(NCC(=O)N[H])[CH]13(CC(C)C)NC1(=O)=O=C(NC2C3C(C)C)C2C3CC4N2C2=O=C(=O)([CH]5(CS)NC6(=O)=O=C7(NC2C5S)C2NC[CH]NCC58([H])NC9CCC(N)=O=C9N[CH][CH]5(CC8CC)NC(CCC(=O)NN)C(=O)N[CH]76(CC(=O)N[H])C2C(=O)N[H])N42CCC[CH]312
desferrithiocin_cid135564781,,,desferrithiocin_cid135564781.png,low,low,0.5774955891426603,wrong,,Desferrithiocin,0.673,19,17,wrong,wrong,,False,False,False,False,0.673,False,False,8,5,I.I.[HH].[HH],,,"C[C@]1(C(=O)[O-][Na+])CSC(c2ncccc2O)=N1.I.I.[HH].[HH] |5,C:4.4|"
desoximetasone_cid5311067,,,desoximetasone_cid5311067.png,low,low,0.5921651082758188,stereo,Desoximetasone,Desoximetasone,1.0,27,27,stereo,stereo,Desoximetasone,False,False,False,False,1.0,True,True,0,1,,,,[H]O[C@H]1C[C@]2(C)[C@@H](C(=O)CO)[C@H](C)C[C@]2([H])[C@]2([H])CCC3=CC(=O)C=C[C@]3(C)[C@@]12F
desvenlafaxine_succinate_cid6918664,,,desvenlafaxine_succinate_cid6918664.png,low,low,0.8098925993042507,wrong,,Desvenlafaxine Succinate,1.0,28,28,exact,exact,Desvenlafaxine Succinate,False,True,False,False,1.0,False,False,14,10,[HH].[HH].[HH].[HH].[HH].[HH].[HH],,,CN(C)CC(c1ccc(O)cc1)C1(O)CCCCC1.O.O=C(O)CCC(=O)O.[HH].[HH].[HH].[HH].[HH].[HH].[HH]
detirelix_cid16129698,,,detirelix_cid16129698.png,low,low,2.945218160007696e-08,invalid,,,,,,invalid,invalid,,False,False,False,False,,False,,,,,,,CC12CC(N1)C2(N)=O.CCNC12(=O)=N345=C67N(CC)C38N6(CC)C=4369(=N1=C(N3)(N6CC)N29CC)N87C5CCCCCNC1NC1(=O)C1NC(C23N[CH]2(C(=O)(=O)C(CC2=CC4=CC=CC=C42)NC(=O)[CH]2(NC4=O=C4NC(C)=O)C4C567=C89=C4%10%11(=C=54C85=C8%12%13(Cl)=C94=C54(Cl8)C%125=C%10=C4%13=C=56%11)C27)C3O)C1C1=CC=C(O)C=C1.N=C(N)NCCC(N)C(=O)(=O)NC=O.O
dexpanthenol_cid131204,,,dexpanthenol_cid131204.png,low,low,0.7839930234024709,wrong,,Dexpanthenol,0.964,14,14,exact,exact,Dexpanthenol,False,True,False,False,1.0,False,False,10,6,[HH].[HH].[HH].[HH].[HH],,,CC(C)(CO)[C@@H](O)C(=O)NCCCO.[HH].[HH].[HH].[HH].[HH]
dibekacin_cid470999,,,dibekacin_cid470999.png,low,low,0.8195776171394589,wrong,,Dibekacin,0.977,31,31,exact,exact,Dibekacin,False,True,False,False,1.0,False,False,19,11,[HH].[HH].[HH].[HH].[HH].[HH].[HH].[HH].[HH].[H],,,[HH].[HH].[HH].[HH].[HH].[HH].[HH].[HH].[HH].[H].[H]N[C@@H]1C[C@H](N)[C@@H](O[C@H]2O[C@H](CN)CC[C@H]2N)[C@H](O)[C@H]1O[C@H]1O[C@H](CO)[C@@H](O)[C@H](N)[C@H]1O |^1:9|
dibrospidium_chloride_cid72114,,,dibrospidium_chloride_cid72114.png,low,low,0.6921597947888611,invalid,,,,,,invalid,invalid,,False,False,False,False,,False,,,,,,,O=C(CCBr)N1CC[N+]2(CC1)CC[N+]13(CCN(C(=O)CCBr)CC1C3)CC2.[Cl-].[Cl-].[Cl-]
diclazuril_cid456389,,,diclazuril_cid456389.png,high,high,0.901071409628017,exact,Diclazuril,Diclazuril,1.0,26,26,exact,exact,Diclazuril,False,False,False,False,1.0,True,True,0,1,,,,[H]n1c(=O)cnn(-c2cc(Cl)c(C(C#N)c3ccc(Cl)cc3)c(Cl)c2)c1=O
dicloxacillin_cid18381,,,dicloxacillin_cid18381.png,high,high,0.8530485261736184,wrong,,Dicloxacillin,0.727,29,30,wrong,wrong,,False,False,False,False,0.727,False,False,3,1,,,,[H]OC(=O)[C@@H]1N2C(=O)[C@@H](N([H])Cc3c(-c4c(Cl)cccc4Cl)noc3C)[C@@]2([H])SC1(C)C
dideoxycytidine_cid24066,,,dideoxycytidine_cid24066.png,low,low,0.1505237799483293,wrong,,Dideoxycytidine,0.0,120,15,wrong,wrong,,False,False,False,False,0.0,False,False,584,120,,C.C.C.C.C.C.C.C.C.C.C.C.C.C.C.C.C.C.C.C.C.C.C.C.C.C.C.C.C.C.C.C.C.C.C.C.C.C.C.C.C.C.C.C.C.C.C.C.C.C.C.C.C.C.C.C.C.C.C.C.C.C.C.C.C.C.C.C.C.C.C.C.C.C.C.C.C.C.C.C.C.C.C.C.C.C.C.C.C.C.C.C.C.C.C.C.C.C.C.C.C.C.C.C.C.C.C.C.C.C.C.C.C.C.C.C.C.C.C,,C.C.C.C.C.C.C.C.C.C.C.C.C.C.C.C.C.C.C.C.C.C.C.C.C.C.C.C.C.C.C.C.C.C.C.C.C.C.C.C.C.C.C.C.C.C.C.C.C.C.C.C.C.C.C.C.C.C.C.C.C.C.C.C.C.C.C.C.C.C.C.C.C.C.C.C.C.C.C.C.C.C.C.C.C.C.C.C.C.C.C.C.C.C.C.C.C.C.C.C.C.C.C.C.C.C.C.C.C.C.C.C.C.C.C.C.C.C.C.C
diethylpropion_hydrochloride_cid91442,,,diethylpropion_hydrochloride_cid91442.png,low,low,0.6780563927369799,wrong,,Diethylpropion Hydrochloride,1.0,17,16,exact,exact,Diethylpropion Hydrochloride,False,False,True,False,1.0,False,False,2,3,,Cl,,CCN(CC)C(C)C(=O)c1ccccc1.[H]Cl.[H]Cl
difamilast_cid57855696,,,difamilast_cid57855696.png,high,high,0.87294841650527,wrong,,Difamilast,0.968,33,32,exact,exact,Difamilast,False,True,False,False,1.0,False,False,4,3,I.[HH],,,CCOc1ccccc1C(=O)NCc1coc(-c2ccc(OC(F)F)c(OC(C)C)c2)n1.I.[HH]
difetarsone_sodium_anhydrous_cid68198,,,difetarsone_sodium_anhydrous_cid68198.png,low,low,0.6643003076956357,invalid,,,,,,invalid,invalid,,False,False,False,False,,False,,,,,,,O=*([O-])([O-])C1=CC=C(NCCNC2=CC=C3([As-](=O)([O-])[O-])C=C23)C=C1.[I-].[Na+].[Na+].[Na+].[Na+].[Na+].[Na+].[Na+].[Na+] |$;a;;;;;;;;;;;;;;;;;;;;;;;;;;;;;;;$|
diflucortolone_valerate_cid91670,,,diflucortolone_valerate_cid91670.png,low,low,0.5517426561206428,invalid,,,,,,invalid,invalid,,False,False,False,False,,False,,,,,,,[HH].[H].[H]C123[H]C14CC(F)C1=CC(=O)C=CC1(C)C4(F)C(O)CC2(C)C(C(=O)COC(=O)CCCC)C(C)C3
difluprednate_cid443936,,,difluprednate_cid443936.png,low,low,0.1930402561011072,invalid,,,,,,invalid,invalid,,False,False,False,False,,False,,,,,,,[H]OC1CC2(C)C(OC(=O)CCC)(C(=O)COC(C)=O)CCC23[H]C32([H])CC(F)C3=CC(=O)C=CC3(C)C12F
digitonin_cid6474107,,,digitonin_cid6474107.png,low,low,0.000262070959413797,invalid,,,,,,invalid,invalid,,False,False,False,False,,False,,,,,,,*C1234*C567[CH]1(C)C(OC[CH]C)OC52([H])C(O)C63([H])C74([H])CCC([H])C([H])CC(O)[CH]O[CH]OC([CH]OC1OC(CO)C(O)C(OC2OCC(O)C(O)C2O)C1OC1OC(CO)C(O)C(OC2OC(CO)C(O)C(O[H])C2O)C1O)CO |$Me;;Me;;;;;;;;;;;;;;;;;;;;;;;;;;;;;;;;;;;;;;;;;;;;;;;;;;;;;;;;;;;;;;;;;;;;;;;;;;;;;;$|
dihydroergotamine_cid10531,,,dihydroergotamine_cid10531.png,low,low,4.455057007237255e-05,invalid,,,,,,invalid,invalid,,False,False,False,False,,False,,,,,,,[H].[H]C1(NC2=O=C(=O)(NC3(C)OC4([O-])N(C3=O)C(CC3=CC=CC=C3)C(=O)N3CCCC34[H])C3CN4(C)C56([H])CC7=CN89C%10%11=C=C8%12%13%14=CC=CC8%15=C%12%16C%12(C=CC=%10)C8%10([H])(C3)C(C2CN5C)C%12%156([H])C4%10([H])CC%162=C9(=C72%13)N%11%14[H])OC([O-])C2([H])CCCN2C(=O)C(CC2=CC=CC=C2)C1=O
dimethyl_fumarate_cid637568,,,dimethyl_fumarate_cid637568.png,high,high,0.8973032945101658,exact,Dimethyl Fumarate,Dimethyl Fumarate,1.0,10,10,exact,exact,Dimethyl Fumarate,False,False,False,False,1.0,True,True,0,1,,,,[H]/C(C(=O)OC)=C(/[H])C(=O)OC
dinaciclib_cid46926350,,,dinaciclib_cid46926350.png,high,high,0.8572767595464835,wrong,,Dinaciclib,0.971,29,29,exact,exact,Dinaciclib,False,True,False,False,1.0,False,False,3,3,[HH].[H],,,CCc1cnn2c(NCc3ccc[n+]([O-])c3)cc(N3CCCC[C@H]3CCO)nc12.[HH].[H] |^1:30|
diphenyl_diselenide_cid15460,,,diphenyl_diselenide_cid15460.png,low,low,0.4657190532483529,wrong,,Diphenyl diselenide,0.923,22,14,exact,exact,Diphenyl diselenide,False,True,False,False,1.0,False,False,16,9,I.I.I.I.I.I.I.I,,,I.I.I.I.I.I.I.I.c1ccc([Se][Se]c2ccccc2)cc1
diquafosol_cid148197,,,diquafosol_cid148197.png,low,low,0.05212838487022902,invalid,,,,,,invalid,invalid,,False,False,False,False,,False,,,,,,,O=C1C=CN(C2OC(COP(=O)(O)O)C(O)C2O)C(=O)N1.O=CNC(=O)N1C=C2=CN(C(=O)NC2=O)[CH]2(OC(CO)C(O)C2O)[CH]2(O)C(O)C(CO)OC12.OP.OP.[H]OP(O)(O)(O)O
diroximel_fumarate_cid73330464,,,diroximel_fumarate_cid73330464.png,low,low,0.8055388772142419,wrong,,Diroximel Fumarate,0.969,21,18,exact,exact,Diroximel Fumarate,False,True,False,False,1.0,False,False,6,4,I.I.I,,,I.I.I.[H]/C(C(=O)OC)=C(/[H])C(=O)OCCN1C(=O)CCC1=O
distigmine_cid3116,,,distigmine_cid3116.png,high,high,0.8880385577646028,exact,Distigmine,Distigmine,1.0,30,30,exact,exact,Distigmine,False,False,False,False,1.0,True,True,0,1,,,,CN(CCCCCCN(C)C(=O)Oc1ccc[n+](C)c1)C(=O)Oc1ccc[n+](C)c1
dolasetron_mesylate_cid3033817,,,dolasetron_mesylate_cid3033817.png,low,low,0.6911288092473288,wrong,,Dolasetron mesylate,0.536,30,29,wrong,wrong,,False,False,False,False,0.536,False,False,9,5,[HH].[HH].[HH],,,CS(=O)(=O)O.[HH].[HH].[HH].[H]C12CC(OC(=O)c3c[nH]c4ccccc34)C[C@@]3([H])CC(C1)(C2)C(=O)CN3
doxapram_cid3156,,,doxapram_cid3156.png,low,low,0.8145566301310218,wrong,,Doxapram,0.977,29,28,near,exact,,False,False,False,True,0.977,False,False,3,2,,,[CH2+],[CH2+].[H]C1(CCN2CCOCC2)CN(CC)C(=O)C1(c1ccccc1)c1ccccc1 |^1:0|
dromostanolone_cid6011,,,dromostanolone_cid6011.png,low,low,0.5472278400595143,wrong,,Dromostanolone,0.974,22,22,stereo,stereo,Dromostanolone,False,True,False,False,1.0,False,False,2,2,[HH],,,[HH].[H][C@@]12CC[C@]3([H])[C@]([H])(CC[C@]4(C)[C@@H](O)CC[C@]34[H])[C@@]1(C)C[C@@H](C)C(=O)C2
dsm_265_cid51347395,,,dsm_265_cid51347395.png,low,low,0.7937922756060308,invalid,,,,,,invalid,invalid,,False,False,False,False,,False,,,,,,,CC1=CC(NC2=CC=C(S(F)(F)(F)(F)F)C=C2)=N2N=C(C(C)(F)F)N=C2N=1.[HH]
duocarmycin_sa_cid115369,,,duocarmycin_sa_cid115369.png,low,low,0.4364121909942643,wrong,,Duocarmycin Sa,0.984,35,35,exact,exact,Duocarmycin Sa,False,True,False,False,1.0,False,False,2,2,[HH],,,[HH].[H][C@@]12CN(C(=O)c3cc4cc(OC)c(OC)c(OC)c4[nH]3)C3=CC(=O)c4[nH]c(C(=O)OC)cc4[C@]31C2
eberconazole_cid72051,,,eberconazole_cid72051.png,low,low,0.1007931654245461,invalid,,,,,,invalid,invalid,,False,False,False,False,,False,,,,,,,ClC1=CC2=C3(C(Cl)=C1)C14C56=CC=CC=C15C263N1C=CN=C1N41C=CN=C1
ecabet_sodium_cid23663982,,,ecabet_sodium_cid23663982.png,low,low,0.5232413432709726,wrong,,Ecabet sodium,0.746,27,27,skeleton,skeleton,,False,True,False,False,0.759,False,False,2,2,[HH],,,[HH].[H][C@@]12CCc3cc(C(C)C)c(S(=O)(=O)[O][Na])cc3[C@@]1(C)CCC[C@@]2(C)C(=O)O
echinocandin_b_cid9898144,,,echinocandin_b_cid9898144.png,low,low,6.454672114459684e-13,invalid,,,,,,invalid,invalid,,False,False,False,False,,False,,,,,,,[H]C(=CCCCCC)CC([H])=C([H])CCCCCCCC1NC([CH]234CCC5N[CH]6(O)[CH]78(O)[CH]9%10%11%12%13[CH]%14%15%16(O)C79%17%18%19%20=C6%1079O[CH]%17(O)(C(O)NC(=O)C6([H])C(O)C(C)CN6C6%10(=O)=O=C6N%10C6=CC=C(O)C=C6)C7(N)[CH]52%14%11%1867C(O)(O)N25C([H])([CH]2([H])[CH]89%15%12%1962(N3)C([H])(C(C)O)NC(O)[CH]4%13%202C(=O)O)[CH]5%167O)=O1
elinogrel_cid16066663,,,elinogrel_cid16066663.png,high,high,0.8962765916572503,exact,Elinogrel,Elinogrel,1.0,34,34,exact,exact,Elinogrel,False,False,False,False,1.0,True,True,0,1,,,,CNc1cc2[nH]c(=O)n(-c3ccc(NC(=O)NS(=O)(=O)c4ccc(Cl)s4)cc3)c(=O)c2cc1F
elinzanetant_cid16063568,,,elinzanetant_cid16063568.png,low,low,0.6117453523412641,stereo,Elinzanetant,Elinzanetant,1.0,47,47,stereo,stereo,Elinzanetant,False,False,False,False,1.0,True,True,0,1,,,,[H][C@@]12COCCN1C[C@@H](CO)N(c1cc(-c3ccc(F)cc3C)c(N(C)C(=O)C(C)(C)c3cc(C(F)(F)F)cc(C(F)(F)F)c3)cn1)C2
eliprodil_cid60703,,,eliprodil_cid60703.png,low,low,0.8286067769030614,wrong,,Eliprodil,0.952,26,24,exact,exact,Eliprodil,False,True,False,False,1.0,False,False,5,4,I.I.[H],,,I.I.OC(CN1CCC(Cc2ccc(F)cc2)CC1)c1ccc(Cl)cc1.[H] |^1:26|
elmustine_cid68804,,,elmustine_cid68804.png,high,high,0.8869277641175661,wrong,,Elmustine,0.963,12,12,exact,exact,Elmustine,False,True,False,False,1.0,False,False,1,2,[H],,,[H].[H]N(CCO)C(=O)N(CCCl)N=O |^1:0|
elobixibat_cid9939892,,,elobixibat_cid9939892.png,high,high,0.8997618379537968,exact,Elobixibat,Elobixibat,1.0,48,48,exact,exact,Elobixibat,False,False,False,False,1.0,True,True,0,1,,,,CCCCC1(CCCC)CN(c2ccccc2)c2cc(SC)c(OCC(=O)N[C@@H](C(=O)NCC(=O)O)c3ccccc3)cc2S(=O)(=O)C1
elsubrutinib_cid117773770,,,elsubrutinib_cid117773770.png,low,low,0.8380391026879792,wrong,,Elsubrutinib,0.94,23,22,exact,exact,Elsubrutinib,False,True,False,False,1.0,False,False,6,5,I.[HH].[H].[H],,,"I.[HH].[H].[H].[H]n1ccc2c([C@]3([H])CCCN(C(=O)C=C)C3)ccc(C(N)=O)c21 |^1:2,3|"
eluxadoline_cid11250029,,,eluxadoline_cid11250029.png,low,low,0.8384721179139221,wrong,,Eluxadoline,0.986,42,42,exact,exact,Eluxadoline,False,True,False,False,1.0,False,False,10,6,[HH].[HH].[HH].[HH].[HH],,,COc1ccc(CN(C(=O)[C@@H](N)Cc2c(C)cc(C(N)=O)cc2C)[C@@H](C)c2ncc(-c3ccccc3)[nH]2)cc1C(=O)O.[HH].[HH].[HH].[HH].[HH]
enadoline_cid60768,,,enadoline_cid60768.png,low,low,0.7604063053154791,wrong,,Enadoline,0.967,32,29,salt,exact,Enadoline,False,False,False,True,0.967,False,False,4,4,,[Cl-],Cl.[Cl-],CN(C(=O)Cc1cccc2occc12)[C@H]1CC[C@@]2(CCCO2)C[C@@H]1N1CCCC1.Cl.[Cl-].[Cl-]
enisamium_iodide_cid10089466,,,enisamium_iodide_cid10089466.png,low,low,0.807996635859428,wrong,,Enisamium Iodide,0.969,20,18,exact,exact,Enisamium Iodide,False,True,True,False,1.0,False,False,4,5,[HH],[I-].[I-],,C[n+]1ccc(C(=O)NCc2ccccc2)cc1.[HH].[I-].[I-].[I-]
enmetazobactam_cid23653540,,,enmetazobactam_cid23653540.png,low,low,0.6196435537238352,invalid,,,,,,invalid,invalid,,False,False,False,False,,False,,,,,,,[H]C12CC(=O)N1C(C(=O)O)C(C)(CN1C=CN(C)=N1)S2(=O)=O
epidermin_cid70698381,,,epidermin_cid70698381.png,low,low,3.090119976035203e-27,invalid,,,,,,invalid,invalid,,False,False,False,False,,False,,,,,,,CCCCCCCCCCC1C2C([CH][CH]3(C)C(C)[CH]3(C)C(C)[CH]CC[CH]COC([CH]CC[CH]O3CC3CCC3O[CH]45[CH]367CC6C(C)C(C)[CH]368C([CH]9(C)C(C)C9C)[CH]39%10%11C3%12[CH]%13%14CCC(C)C%15C[CH]%15%16%17%18%19(C)C[CH]4%16%15%20%21[CH]54(C)[CH]%15%175(C)C[CH]45%20%18[CH]%21%19(C)[CH]3%139CC6%10[CH]%128%11(CC%14)O7)CCCCCC)C12
eplerenone_cid443872,,,eplerenone_cid443872.png,low,low,0.1028585504079504,invalid,,,,,,invalid,invalid,,False,False,False,False,,False,,,,,,,[H]C12CCC3(CCC(=O)O3)C1(C)CC1([H])OC134C2([H])C(C(=O)OC)CC125=CC(=O)CCC316(C)CC42C6CC(=O)C=5
eprosartan_cid5281037,,,eprosartan_cid5281037.png,high,high,0.8636929920489418,wrong,,Eprosartan,0.983,30,30,exact,exact,Eprosartan,False,True,False,False,1.0,False,False,4,3,[HH].[HH],,,[HH].[HH].[H]/C(=C(/Cc1cccs1)C(=O)O)c1cnc(CCCC)n1Cc1ccc(C(=O)O)cc1
eptazocine_cid3042090,,,eptazocine_cid3042090.png,low,low,5.802413948827285e-06,invalid,,,,,,invalid,invalid,,False,False,False,False,,False,,,,,,,[HH].[H]C123456CCN7(C)C8C7C179C81(C)C728%10C3C1984(C5)C%106
equilin_cid223368,,,equilin_cid223368.png,low,low,0.3988012312261504,wrong,,Equilin,0.977,20,20,exact,exact,Equilin,False,True,False,False,1.0,False,False,2,2,[HH],,,[HH].[H][C@]12CC[C@]3(C)C(=O)CC[C@@]3([H])C1=CCc1cc(O)ccc12
eremomycin_cid122131,,,eremomycin_cid122131.png,low,low,2.174952243112583e-06,invalid,,,,,,invalid,invalid,,False,False,False,False,,False,,,,,,,O.[H]NC1(C)CC(OC2C3=C4=C5NCC(NCC2[H])C2=C(C(O)=CC([H])=C2)C(O)C=CC2C6C[CH]52NC2=O=C5(O6)C6=CC(=C65=C(C)OC5=CC=C(C=C5)[CH]5(O)C6NC(C(CC(C)C)NC)=O=C([CH]NC)N[CH]57C5(=O=C67N5C5C6C789=O=C6%10(=O=7)(C58)N5[H]N9%10[H]5)N[CH]CNC2)OC(=C4)C=C3)OC(C)C1O
eritoran_cid6912404,,,eritoran_cid6912404.png,low,low,2.458247010136317e-11,invalid,,,,,,invalid,invalid,,False,False,False,False,,False,,,,,,,[H]C([H])(CCCCCCCCC[CH]12OCCCC(O)(CCCCCCC)C(C3CC3C3CC3)C(O)(CCCCCCC)CCO[CH]134C1O[CH]5(O[CH]67(C(OCCCCCCCCCC)[CH]6(O)O[CH]OC23)C23=O68=C579O25[CH]6(O)(CCCCCCCCCCCC)O=8359)O1C1(C4OC(O)O)[CH]2(O)O34CO2(C3)[CH]14O)C([H])([H])CCCC1CC2CC12
erythritol_cid222285,,,erythritol_cid222285.png,low,low,0.8104480486488493,wrong,,Erythritol,0.818,9,8,exact,exact,Erythritol,False,True,False,False,1.0,False,False,8,5,I.[HH].[HH].[HH],,,I.OC[C@@H](O)[C@@H](O)CO.[HH].[HH].[HH]
esorubicin_cid152036,,,esorubicin_cid152036.png,low,low,0.8086784037547156,wrong,,Esorubicin,0.986,38,38,exact,exact,Esorubicin,False,True,False,False,1.0,False,False,6,4,[HH].[HH].[HH],,,[HH].[HH].[HH].[H]Oc1c2c(c(O)c3c1C(=O)c1cccc(OC)c1C3=O)[C@@H](O[C@H]1C[C@H](N)C[C@H](C)O1)C[C@](O)(C(=O)CO)C2
ethyl_pyruvate_cid12041,,,ethyl_pyruvate_cid12041.png,low,low,0.6988964294364041,wrong,,Ethyl pyruvate,0.941,12,8,exact,exact,Ethyl pyruvate,False,True,False,False,1.0,False,False,8,5,I.I.I.I,,,CCOC(=O)C(C)=O.I.I.I.I
etonogestrel_cid6917715,,,etonogestrel_cid6917715.png,low,low,0.6302882515969999,wrong,,Etonogestrel,0.981,24,24,exact,exact,Etonogestrel,False,True,False,False,1.0,False,False,4,3,[HH].[HH],,,[HH].[HH].[H][C@@]12CC[C@@](O)(C#C)[C@@]1(CC)CC(=C)[C@@]1([H])[C@@]2([H])CCC2=CC(=O)CC[C@@]21[H]
evobrutinib_cid71479709,,,evobrutinib_cid71479709.png,high,high,0.8856889725073718,wrong,,Evobrutinib,0.983,32,32,exact,exact,Evobrutinib,False,True,False,False,1.0,False,False,6,4,[HH].[HH].[HH],,,C=CC(=O)N1CCC(CNc2ncnc(N)c2-c2ccc(Oc3ccccc3)cc2)CC1.[HH].[HH].[HH]
evofosfamide_cid11984561,,,evofosfamide_cid11984561.png,low,low,0.6078974686685304,invalid,,,,,,invalid,invalid,,False,False,False,False,,False,,,,,,,CN1C(COP(=O)(NCCBr)NCCBr)=CN=C1N(=O)[O-].[HH].[HH].[HH].[HH].[HH].[HH].[HH].[HH]
examorelin_cid6918297,,,examorelin_cid6918297.png,low,low,0.2380211212453341,stereo,Examorelin,Examorelin,1.0,65,65,stereo,stereo,Examorelin,False,False,False,False,1.0,True,True,0,1,,,,[H]NCCCC[C@H](NC(=O)[C@@H](Cc1ccccc1)NC(=O)[C@@H](Cc1c[nH]c2ccccc12)NC(=O)[C@H](C)NC(=O)[C@H](Cc1c(C)[nH]c2ccccc12)NC(=O)[C@@H](N)Cc1cnc[nH]1)C(=O)N[H]
ezlopitant_cid188927,,,ezlopitant_cid188927.png,low,low,0.002399126780949665,invalid,,,,,,invalid,invalid,,False,False,False,False,,False,,,,,,,[H].[H]C1(C(C2=CC=CC=C2)C2=CC=CC=C2)C2345CCN6CC2(C2789CCN2%10CC7C%1082([CH]NCC7=C(OC)C=CC(C(C)C)=C7)CCN9CC2)C61327CCN42CC57
ezogabine_cid121892,,,ezogabine_cid121892.png,low,low,0.7914737958801342,wrong,,Ezogabine,0.956,23,22,exact,exact,Ezogabine,False,True,False,False,1.0,False,False,12,7,I.[HH].[HH].[HH].[HH].[HH],,,CCOC(=O)Nc1ccc(NCc2ccc(F)cc2)cc1N.I.[HH].[HH].[HH].[HH].[HH]
falecalcitriol_cid5282190,,,falecalcitriol_cid5282190.png,low,low,0.07369896196703635,invalid,,,,,,invalid,invalid,,False,False,False,False,,False,,,,,,,[HH].[HH].[HH].[HH].[H]C(=C1CC(O)CC(O)C1=C)C([H])=C12CCCC34(C)C1CCC3([H])C([H])(C(C)CCCC(O)(C(F)(F)F)C(F)(F)F)CCC24[H]
famitinib_cid16662431,,,famitinib_cid16662431.png,high,high,0.8829744612279936,wrong,,Famitinib,0.984,30,30,exact,exact,Famitinib,False,True,False,False,1.0,False,False,4,3,[HH].[HH],,,[HH].[HH].[H]/C(=C1/C(=O)Nc2ccc(F)cc21)c1[nH]c2c(c1C)C(=O)N(CCN(CC)CC)CC2
fendiline_cid3336,,,fendiline_cid3336.png,low,low,0.7731290580694341,wrong,,Fendiline,0.441,26,24,wrong,charge,,False,False,False,True,0.441,False,False,7,3,,[CH2+],[CH2+],"CC([NH2+]CCC(c1ccccc1)c1ccccc1)c1ccccc1.[CH2+].[CH2+] |^1:24,25|"
fexuprazan_cid122662112,,,fexuprazan_cid122662112.png,low,low,0.8424904647146634,wrong,,Fexuprazan,0.98,28,28,exact,exact,Fexuprazan,False,True,False,False,1.0,False,False,2,2,[HH],,,CNCc1cn(S(=O)(=O)c2cccc(F)c2)c(-c2ccc(F)cc2F)c1OC.[HH]
finerenone_cid60150535,,,finerenone_cid60150535.png,low,low,0.7455709638994249,wrong,,Finerenone,0.966,28,28,exact,exact,Finerenone,False,True,False,False,1.0,False,False,5,4,[HH].[HH].[H],,,[HH].[HH].[H].[H]NC(=O)C1=C(C)Nc2c(C)cnc(OCC)c2[C@]1([H])c1ccc(C#N)cc1OC |^1:2|
firocoxib_cid208910,,,firocoxib_cid208910.png,low,low,0.6904213402037874,exact,Firocoxib,Firocoxib,1.0,23,23,exact,exact,Firocoxib,False,False,False,False,1.0,True,True,0,1,,,,CC1(C)OC(=O)C(OCC2CC2)=C1c1ccc(S(C)(=O)=O)cc1
flavoxate_cid3354,,,flavoxate_cid3354.png,low,low,0.8293134942857722,wrong,,Flavoxate,0.981,31,29,salt,exact,Flavoxate,False,False,False,True,0.981,False,False,4,3,,Cl,Cl,Cc1c(-c2ccccc2)oc2c(C(=O)OCCN3CCCCC3)cccc2c1=O.Cl.Cl
flomoxef_cid65864,,,flomoxef_cid65864.png,low,low,0.5084892602517938,exact,Flomoxef,Flomoxef,1.0,32,32,exact,exact,Flomoxef,False,False,False,False,1.0,True,True,0,1,,,,[H][C@]12OCC(CSc3nnnn3CCO)=C(C(=O)O)N1C(=O)[C@]2(NC(=O)CSC(F)F)OC
flotufolastat_cid149063248,,,flotufolastat_cid149063248.png,low,low,4.83771205950426e-13,invalid,,,,,,invalid,invalid,,False,False,False,False,,False,,,,,,,<invalid>
fluciclovine_cid10820564,,,fluciclovine_cid10820564.png,low,low,0.7193216188705441,wrong,,Fluciclovine,0.577,13,9,charge,charge,Fluciclovine,False,True,False,False,0.625,False,False,9,6,I.I.I.I.[HH],,,I.I.I.I.NC1(C(=O)[O-])CC(F)C1.[HH]
flucloxacillin_cid21319,,,flucloxacillin_cid21319.png,low,low,0.1557659036761954,invalid,,,,,,invalid,invalid,,False,False,False,False,,False,,,,,,,[H]NC(=O)C1=C(C)ON=C1C1=C(F)C=CC=C1Cl.[H]OC(=O)[CH]12C3(C)(C)SC456([H])[CH]78[CH]49C74%10=O=C87(=O)N1458[CH]3(C(=O)O)N92%10768
fluorodopa_cid107730,,,fluorodopa_cid107730.png,low,low,0.7071506512952168,wrong,,Fluorodopa,0.722,21,15,charge,charge,Fluorodopa,False,True,False,False,0.765,False,False,13,8,I.I.I.I.I.I.[HH],,,I.I.I.I.I.I.N[C@@H](Cc1cc([O-])c(O)cc1F)C(=O)O.[HH]
flupirtine_cid53276,,,flupirtine_cid53276.png,low,low,0.7975583696243299,wrong,,Flupirtine,0.977,22,22,exact,exact,Flupirtine,False,True,False,False,1.0,False,False,5,6,[H].[H].[H].[H].[H],,,"[H].[H].[H].[H].[H].[H]Nc1nc(NCc2ccc(F)cc2)ccc1NC(=O)OCC |^1:0,1,2,3,4|"
flurandrenolide_cid15209,,,flurandrenolide_cid15209.png,low,low,0.4773439435175392,wrong,,Flurandrenolide,0.984,31,31,exact,exact,Flurandrenolide,False,True,False,False,1.0,False,False,3,3,[HH].[H],,,[HH].[H].[H][C@@]12C[C@@]3([H])OC(C)(C)O[C@@]3(C(=O)CO)[C@@]1(C)C[C@H](O)[C@@]1([H])[C@@]2([H])C[C@H](F)C2=CC(=O)CC[C@@]21C |^1:1|
folic_acid_cid135398658,,,folic_acid_cid135398658.png,high,high,0.8528865873269025,wrong,,Folic Acid,0.983,32,32,exact,exact,Folic Acid,False,True,False,False,1.0,False,False,5,5,[HH].[H].[H].[H],,,"Nc1nc2ncc(CNc3ccc(C(=O)N[C@@H](CCC(=O)O)C(=O)O)cc3)nc2c(=O)[nH]1.[HH].[H].[H].[H] |^1:33,34,35|"
friulimicin_b_cid56842195,,,friulimicin_b_cid56842195.png,low,low,2.581682717471528e-11,invalid,,,,,,invalid,invalid,,False,False,False,False,,False,,,,,,,O.[H]C=CCC(=O)NC(CC(N)=O)C(=O)N1CCCCC1NC1[CH](C)(O)C23(=O)(O)[CH]4(O)[CH]12(C)C43(=O)(=O)NC(CCCC)C12=C3C(C(=O)NC(CC(=O)O)C4C(C)[CH]5(N4C(=O)C(=O)O)C46C5([H])(C)C(C)(O)C457(O)[H]C65(C)O7)(N1)C314=O=23=C1N4C=3(=O)C(=O)O
fudosteine_cid134669,,,fudosteine_cid134669.png,low,low,0.8193845319616825,wrong,,Fudosteine,0.429,12,11,wrong,wrong,,False,False,False,False,0.429,False,False,6,4,I.[HH].[HH],,,I.[HH].[HH].[H]N[C@@H](C[S-]CCCO[H])C(=O)O |^1:7|
fungichromin_cid5282200,,,fungichromin_cid5282200.png,low,low,0.07935930803354621,invalid,,,,,,invalid,invalid,,False,False,False,False,,False,,,,,,,[H].[H].[H].[H].[H].[H].[H]OC1C(O)CC(O)CC(O)CC(O)CC(O)C[CH]2(O)C34([H])[H]C2([H])([H])(C(=O)OC(C)C(O)C([H])=C([H])C([H])=C([H])C([H])=C([H])C([H])=C([H])C([H])=C(C)C1O)([CH]3(O)CCCCC)[CH]4(O)CCCCC
gabexate_cid3447,,,gabexate_cid3447.png,low,low,0.8335059044219321,wrong,,Gabexate,0.953,24,23,exact,exact,Gabexate,False,True,False,False,1.0,False,False,10,6,I.[HH].[HH].[HH].[HH],,,I.[HH].[HH].[HH].[HH].[H]N/C(N)=N\CCCCCC(=O)Oc1ccc(C(=O)OCC)cc1
gadobenate_dimeglumine_cid6918204,,,gadobenate_dimeglumine_cid6918204.png,low,low,0.7672452024420283,wrong,,Gadobenate Dimeglumine,0.968,65,63,near,near,,False,False,False,False,0.968,False,False,7,5,,CNC[C@H](O)[C@@H](O)[C@H](O)[C@@H](O)CO,,CNC[C@H](O)[C@@H](O)[C@H](O)[C@@H](O)CO.CNC[C@H](O)[C@@H](O)[C@H](O)[C@@H](O)CO.C[O-].O=C([O-])CN(CCN(CC(=O)[O-])CC(=O)O)CCN(CC(=O)O)C(COCc1ccccc1)C(=O)[O-].[Ga+2] |^1:64|
gadofosveset_trisodium_cid73049652,,,gadofosveset_trisodium_cid73049652.png,high,high,0.8685688532356326,wrong,,Gadofosveset Trisodium,0.903,54,55,near,near,,False,False,False,False,0.903,False,False,5,4,,[Na+].[Na+],,O=C([O-])CN(CCN(CC(=O)O)CC(=O)O)CC(COP(=O)([O-])OC1CCC(c2ccccc2)(c2ccccc2)CC1)N(CC(=O)O)CC(=O)O.[Na+].[Na+].[Na+]
gadoversetamide_cid444013,,,gadoversetamide_cid444013.png,high,high,0.87651413267206,wrong,,Gadoversetamide,0.838,34,36,wrong,wrong,,False,False,False,False,0.838,False,False,3,1,,,,*C(=O)CN(CCN(CC(=O)[O-])CC(=O)NCCOC)CCN(CC(=O)[O-])CC(=O)NCCOC |$Ga12;;;;;;;;;;;;;;;;;;;;;;;;;;;;;;;;;;$|
gallidermin_cid73348284,,,gallidermin_cid73348284.png,low,low,2.359344310288477e-23,invalid,,,,,,invalid,invalid,,False,False,False,False,,False,,,,,,,CCC(C)C1O[CH]1(O)[CH]12OC1[CH]2(O)C1OC1OC[CH]OC[CH]O[CH]C(C)C(C)[CH]12O[CH]1([CH]C1(O)O[CH]13[CH]O3C(O)C1O[CH]13(O)[CH]O3[CH]O[CH]OC([CH]C1OC3OC(O)C(O)C(O)[CH]13O)OC1O[CH]34C(O)[CH]5(O)C(O)[CH]536O[CH]146O)O2
garenoxacin_cid124093,,,garenoxacin_cid124093.png,high,high,0.8933202269725931,exact,Garenoxacin,Garenoxacin,1.0,31,31,exact,exact,Garenoxacin,False,False,False,False,1.0,True,True,0,1,,,,C[C@H]1NCc2cc(-c3ccc4c(=O)c(C(=O)O)cn(C5CC5)c4c3OC(F)F)ccc21
gedatolisib_cid44516953,,,gedatolisib_cid44516953.png,high,high,0.9096018273377884,exact,Gedatolisib,Gedatolisib,1.0,45,45,exact,exact,Gedatolisib,False,False,False,False,1.0,True,True,0,1,,,,CN(C)C1CCN(C(=O)c2ccc(NC(=O)Nc3ccc(-c4nc(N5CCOCC5)nc(N5CCOCC5)n4)cc3)cc2)CC1
gemeprost_cid5282237,,,gemeprost_cid5282237.png,low,low,0.8092852866545741,wrong,,Gemeprost,1.0,28,28,exact,exact,Gemeprost,False,True,False,False,1.0,False,False,2,3,[H].[H],,,"[H].[H].[H]O[C@@H]1CC(=O)[C@H](CCCC/C([H])=C(\[H])C(=O)OC)[C@H]1/C([H])=C(\[H])[C@@H](O)C(C)(C)CCCC |^1:0,1|"
glibornuride_cid12818200,,,glibornuride_cid12818200.png,low,low,0.7766173954295246,wrong,,Glibornuride,0.977,25,25,stereo,stereo,Glibornuride,False,True,False,False,1.0,False,False,6,6,[HH].[H].[H].[H].[H],,,"[HH].[H].[H].[H].[H].[H][C@]12CC[C@@](C)([C@@H](O)[C@H]1NC(=O)NS(=O)(=O)c1ccc(C)cc1)C2(C)C |^1:1,2,3,4|"
glufosfamide_cid123628,,,glufosfamide_cid123628.png,high,high,0.871691916956243,wrong,,Glufosfamide,0.972,22,22,exact,exact,Glufosfamide,False,True,False,False,1.0,False,False,6,4,[HH].[HH].[HH],,,[HH].[HH].[HH].[H]O[C@H]1[C@H](OP(=O)(NCCCl)N([H])CCCl)O[C@H](CO)[C@@H](O)[C@@H]1O
granisetron_hydrochloride_cid49799997,,,granisetron_hydrochloride_cid49799997.png,low,low,0.06227586152278303,invalid,,,,,,invalid,invalid,,False,False,False,False,,False,,,,,,,[H]C123CCCC45([H])CCC1C16([H])CC(NC(=O)C7=NN(C)C8=CC=CC=C87)(CC214N5C)C36.[H]Cl
grapiprant_cid11677589,,,grapiprant_cid11677589.png,high,high,0.8883029041582843,exact,Grapiprant,Grapiprant,1.0,35,35,exact,exact,Grapiprant,False,False,False,False,1.0,True,True,0,1,,,,[H]N(CCc1ccc(-n2c(CC)nc3c(C)nc(C)cc32)cc1)C(=O)NS(=O)(=O)c1ccc(C)cc1
hydroquinone_cid785,,,hydroquinone_cid785.png,low,low,0.7442908517226904,wrong,,Hydroquinone,0.889,8,8,exact,exact,Hydroquinone,False,True,False,False,1.0,False,False,2,2,[HH],,,Oc1ccc(O)cc1.[HH]
hydroxynorketamine_cid133669,,,hydroxynorketamine_cid133669.png,low,low,0.5823473709353912,wrong,,Hydroxynorketamine,0.971,16,16,exact,exact,Hydroxynorketamine,False,True,False,False,1.0,False,False,4,3,[HH].[HH],,,NC1(c2ccccc2Cl)CCCC(O)C1=O.[HH].[HH]
hydroxypyridinone_cid69975,,,hydroxypyridinone_cid69975.png,low,low,0.7571982295973616,invalid,,,,,,invalid,invalid,,False,False,False,False,,False,,,,,,,I.I.I.O=C1=CCC=CN1O
hydroxyzine_cid3658,,,hydroxyzine_cid3658.png,low,low,0.805892539135672,wrong,,Hydroxyzine,0.976,29,26,exact,exact,Hydroxyzine,False,True,False,False,1.0,False,False,6,4,I.I.I,,,I.I.I.OCCOCCN1CCN(C(c2ccccc2)c2ccc(Cl)cc2)CC1
ibogaine_cid197060,,,ibogaine_cid197060.png,low,low,0.07579069962748185,invalid,,,,,,invalid,invalid,,False,False,False,False,,False,,,,,,,[HH].[H]C123CC4567([H])CC48(CC)C5C645(CC)N(CCC6=C1NC1=C6C=C(OC)C=C1)(C284[H])C357[H]
idoxuridine_cid5905,,,idoxuridine_cid5905.png,low,low,0.8120637454921993,wrong,,Idoxuridine,0.951,19,17,exact,exact,Idoxuridine,False,True,False,False,1.0,False,False,6,4,I.I.[HH],,,I.I.O=c1[nH]c(=O)n([C@H]2C[C@H](O)[C@@H](CO)O2)cc1I.[HH]
idrabiotaparinux_cid16202213,,,idrabiotaparinux_cid16202213.png,low,low,9.600770039192327e-25,invalid,,,,,,invalid,invalid,,False,False,False,False,,False,,,,,,,CC[CH]C1C[CH]2(C)C[CH]12C1C(C)[CH]23C[CH]2(C(C)C(C(C)=O)O[CH]24C[CH]56[CH]1(C)[CH]25(C)[CH]46CCC(C)[CH]1(C)[CH]24(C[CH](C)(C)C)O5[CH]67[CH]89%10C[CH]8%11(C)[CH]8(C)C[CH]586%119[CH]725C%10(C)[CH]145C)C3CC1C2=O3=C4C(CCCC56=O=C5(CCCCCCC5N=CC78CC7[CH]87C[CH]7(O)C5O)N6)C=3421
iguratimod_cid124246,,,iguratimod_cid124246.png,high,high,0.8741809818261969,wrong,,Iguratimod,0.979,26,26,exact,exact,Iguratimod,False,True,False,False,1.0,False,False,2,3,[H].[H],,,"[H].[H].[H]C(=O)Nc1coc2cc(NS(C)(=O)=O)c(Oc3ccccc3)cc2c1=O |^1:0,1|"
imidafenacin_cid6433090,,,imidafenacin_cid6433090.png,low,low,0.6187133458031246,wrong,,Imidafenacin,0.974,24,24,exact,exact,Imidafenacin,False,True,False,False,1.0,False,False,8,5,[HH].[HH].[HH].[HH],,,Cc1nccn1CCC(C(N)=O)(c1ccccc1)c1ccccc1.[HH].[HH].[HH].[HH]
imidapril_cid5464343,,,imidapril_cid5464343.png,low,low,0.8393360416613261,wrong,,Imidapril,0.981,29,29,exact,exact,Imidapril,False,True,False,False,1.0,False,False,6,4,[HH].[HH].[HH],,,CCOC(=O)[C@H](CCc1ccccc1)N[C@@H](C)C(=O)N1C(=O)N(C)C[C@H]1C(=O)O.[HH].[HH].[HH]
imipenem_cid104838,,,imipenem_cid104838.png,low,low,0.7629417011091498,wrong,,Imipenem,0.979,20,20,stereo,stereo,Imipenem,False,True,False,False,1.0,False,False,4,5,[H].[H].[H].[H],,,"[H].[H].[H].[H].[H]N/C([H])=N/CCSC1=C(C(=O)O)N2C(=O)[C@@]([H])([C@@H](C)O)[C@@]2([H])C1 |^1:0,1,2,3|"
iseganan_cid16131103,,,iseganan_cid16131103.png,low,low,4.654362572197269e-20,invalid,,,,,,invalid,invalid,,False,False,False,False,,False,,,,,,,CC[CH]N[CH]CNC1C2=O3=C4567N8C=39%10%11[CH]43N25[CH]69N37[CH]8%1023C45[CH](C6NC678(=O)(=O)=O=C769(=O)=O=C87CC7C[CH]678(CC)N9C769%10=O=C87%12=O=6=C68%13=O=7=9=C79C6C6%14(=O=C6%15C[CH]%156NC%15%16CC%15%17%18C%166C6C%17%15N%16%17C6%18N%156C%16%15=N=C%176(=N)(N)N%15)(C78)N67C8%15%16%17=O%18=C%19%20%21%22N%23%24[CH]68%25%26%27%28N%14%196C=%187%258%14=O=%20=%15=C%267%15%18%19N[CH]7%20(N%12)C7%12CCN%25C%26%29=N=C%25%30%31%32%33%34(=N=C%25(=N=%30)(N%31)(N%32)N%33%30C%31C%32%33C%30(C%30C%32%20%27%35[CH]%15(N9%13)C%30%33%289[CH]7%23%21%16%188N%10[CH]%12%246%359%22%17%19%14)N%31%26%25%34)N%29)(N4%112)C153(C)N.O.O
istaroxime_cid9841834,,,istaroxime_cid9841834.png,low,low,0.5045312309803688,wrong,,Istaroxime,0.98,26,26,exact,exact,Istaroxime,False,True,False,False,1.0,False,False,6,4,[HH].[HH].[HH],,,[HH].[HH].[HH].[H][C@@]12CC(=O)[C@@]3([H])C/C(=N/OCCN)CC[C@]3(C)[C@@]1([H])CC[C@]1(C)C(=O)CC[C@@]21[H]
kanglemycin_a_cid139588980,,,kanglemycin_a_cid139588980.png,low,low,1.442517063736757e-08,invalid,,,,,,invalid,invalid,,False,False,False,False,,False,,,,,,,[H]C([CH]C(O)C1OC2=C3(O)C4=C56C7C(=O)C=CNC(=O)C89(C)=C%10%11%12=C%13%14%15%16([H])=C=8%17([H])(=C%108%18%19([H])C=9%13([H])(O%11)C%12%179%10([H])=C8%14%11%12([H])C8%13%14%17%20%21%22([H])[CH]%23%24(C)OC%25%26%27=O%28=C%29%30%31%32=O=C=%28%33%34(=O)(O%29[CH]8%28%29%35(C)C[CH]%138(O%30%28)C%23%11%29%14%13%28%30([H])C1%17(O)(=C35C7C6(=O)C(C)O4)C%248%12%35%20%13([H])(=C=9=%15%18%21%28[H])C=%16%19%10%22%30[H])C%25%31(C)(CC(=O)O)CC%26%32%33134CC(O)=O=C(=O)(O)CC%27%34(C)(C1)(C3)C4)O2)=C[CH]O[CH]O[CH]C
katanosin_b_cid139589288,,,katanosin_b_cid139589288.png,low,low,0.001303816366923631,invalid,,,,,,invalid,invalid,,False,False,False,False,,False,,,,,,,[H]NC(=NCCC[CH]12NC3(=O)=N4C(=O)[CH]3(CCCC)NC(=O)C([H])[CH]3(C(C)C)[CH]NCC(NC(=O)C(CC(C)C)NC(=O)C(CC(C)C)N[H])C(CC=C)OC(=O)[CH](CO)(CO)NCC([H])([H])NC(=O)CNC(=O)C([H])(C(C)O)NC(=O)C(C(C)C)NC1(=O)[CH]4(CCCN=C(N[H])N[H])C2(=O)N3)N[H]
kojic_acid_cid3840,,,kojic_acid_cid3840.png,low,low,0.7985713840139648,wrong,,Kojic Acid,0.917,12,10,exact,exact,Kojic Acid,False,True,False,False,1.0,False,False,6,4,I.I.[HH],,,I.I.O=c1cc(CO)occ1O.[HH]
kp_1019_cid133083029,,,kp_1019_cid133083029.png,low,low,0.6796310352015152,invalid,,,,,,invalid,invalid,,False,False,False,False,,False,,,,,,,C1=CC2=C(C=C1)NN=C2.C1=CC=C2NN=CC2=C1.C1=CC=C2N[N+]=CC2=C1.[Cl-].[Cl-].[Cl-].[Cl-].[Cl-].[Cl-].[Cl-].[Cl-].[Cl-].[Cl-][Ru].[HH].[HH].[HH].[HH].[HH]
l_homocysteine_cid91552,,,l_homocysteine_cid91552.png,low,low,0.6680875382510851,wrong,,L-Homocysteine,0.52,10,8,charge,charge,L-Homocysteine,False,True,False,False,0.565,False,False,9,6,I.I.[HH].[HH].[HH],,,I.I.N[C@@H](CC[S-])C(=O)O.[HH].[HH].[HH]
l_methylfolate_cid135398561,,,l_methylfolate_cid135398561.png,high,high,0.8677921588267299,wrong,,L-Methylfolate,1.0,33,33,exact,exact,L-Methylfolate,False,True,False,False,1.0,False,False,8,5,[HH].[HH].[HH].[HH],,,CN1c2c(nc(N)[nH]c2=O)NC[C@@H]1CNc1ccc(C(=O)N[C@@H](CCC(=O)O)C(=O)O)cc1.[HH].[HH].[HH].[HH]
l_ornithine_cid6262,,,l_ornithine_cid6262.png,low,low,0.736539068048646,wrong,,L-(-)-Ornithine,0.905,13,9,exact,exact,L-(-)-Ornithine,False,True,False,False,1.0,False,False,12,7,I.I.I.I.[HH].[HH],,,I.I.I.I.[HH].[HH].[H]NCCC[C@H](N[H])C(=O)O
laidlomycin_cid71454116,,,laidlomycin_cid71454116.png,low,low,0.007076544943529784,invalid,,,,,,invalid,invalid,,False,False,False,False,,False,,,,,,,[H]OC(=O)C(C)[CH]123(OC(=O)CC)C(C(=O)O[H])C(O1C(=O)CC)[CH]2(C)C([H])(OC12CCC45(C)(CC([H])(C4C1)C51CCC(C)(C([H])OC([H])C4([H])OC(O)(CO)C(C)CC4C)O1)O2)C3C
laninamivir_cid502272,,,laninamivir_cid502272.png,low,low,0.8130735675018106,wrong,,Laninamivir,0.98,24,24,exact,exact,Laninamivir,False,True,False,False,1.0,False,False,16,9,[HH].[HH].[HH].[HH].[HH].[HH].[HH].[HH],,,[HH].[HH].[HH].[HH].[HH].[HH].[HH].[HH].[H][C@@]1([C@H](OC)[C@H](O)CO)OC(C(=O)O)=C[C@H](N=C(N)N)[C@H]1NC(C)=O
lanraplenib_cid118161062,,,lanraplenib_cid118161062.png,high,high,0.8928608469338234,wrong,,Lanraplenib,0.983,33,33,exact,exact,Lanraplenib,False,True,False,False,1.0,False,False,1,2,[H],,,[H].[H]Nc1cncc(-c2cn3ccnc3c(Nc3ccc(N4CCN(C5COC5)CC4)cc3)n2)n1 |^1:0|
lapretolimod_ammonium_cid134687617,,,lapretolimod_ammonium_cid134687617.png,low,low,3.788976836822449e-22,invalid,,,,,,invalid,invalid,,False,False,False,False,,False,,,,,,,CCC1CC1CCC1CC1.CCCCCCCCCC1C2C13C1C23C1(=O)C1C2C34C(CCCCCCCC5C6C57C65C68C9CC96C785)C3C214.CCCCCCCCCCCC1CC12CC2CCCC1C2C(C3CC3CCCCCCCCCCC3CC3CC)C12.CCCCCCCCCCCCCCCC1C2C(CC3CC34C3C45C46C7C(CCCCC8C9C(CCC)C89)C74C356)C12
lasalocid_a_cid5360807,,,lasalocid_a_cid5360807.png,low,low,0.03947612042971677,invalid,,,,,,invalid,invalid,,False,False,False,False,,False,,,,,,,I.[H].[H]CC1(O)C(C)OC2C3C1C1(O)(CC)CCC3(OC1C)C13(CC)CC(C)C4([H])(C(CC)C(=O)C(C)C(O[H])C(C)CCC5=C(C(=O)O)C(O)=C(C)C=C5)(O1)[CH]1(C)C3C2(CC)OC1([H])[CH]41C2CC1C2
lasofoxifene_cid216416,,,lasofoxifene_cid216416.png,high,high,0.8791269054928533,wrong,,Lasofoxifene,0.981,31,31,exact,exact,Lasofoxifene,False,True,False,False,1.0,False,False,2,2,[HH],,,Oc1ccc2c(c1)CC[C@H](c1ccccc1)[C@@H]2c1ccc(OCCN2CCCC2)cc1.[HH]
laspartomycin_cid139589219,,,laspartomycin_cid139589219.png,low,low,3.820240509878329e-07,invalid,,,,,,invalid,invalid,,False,False,False,False,,False,,,,,,,CC[CH]1(C)C(NC(=O)CC2345(NC(=O)CC(N)=O)CCC6789NCC(=O)(NC(CC(=O)O)C(=O)NCC(N)=O)=O=C(NC(=O)O)CNC%10%11%12C(N6)[CH]%1076(NC7%10=O=C7(=O)N%10C(=O)C(CC(=O)O)NC(=O)(=O)NCNCCCCCCCCCC(C)C)C%11827C32(N)(CC%1292764)C5C(N)=O)C1NC12C(=O)C13CCCC32.O
laulimalide_cid6918457,,,laulimalide_cid6918457.png,low,low,0.2843758595389174,stereo,Laulimalide,Laulimalide,1.0,37,37,stereo,stereo,Laulimalide,False,False,False,False,1.0,True,True,0,1,,,,[H]O[C@@H](C([H])=C([H])[C@@H]1CC(C)=CCO1)[C@@]1([H])CC2([H])O[C@H]2[C@@H](O)CC(=C)C[C@H](C)C[C@]2([H])CC=C[C@@]([H])(C/C([H])=C(\[H])C(=O)O1)O2
lenacapavir_sodium_cid153435888,,,lenacapavir_sodium_cid153435888.png,high,high,0.8715764095873185,wrong,,Lenacapavir Sodium,0.823,65,65,skeleton,skeleton,,False,False,False,False,0.823,True,True,0,1,,,,[H][C@@]12C[C@]1([H])c1c(C(F)(F)F)nn(CC(=O)N[C@@H](Cc3cc(F)cc(F)c3)c3nc(C#CC(C)(C)S(C)(=O)=O)ccc3-c3ccc(Cl)c4c([N]([Na])S(C)(=O)=O)nn(CC(F)(F)F)c34)c1C2(F)F
lercanidipine_cid65866,,,lercanidipine_cid65866.png,high,high,0.8995947835982283,exact,Lercanidipine,Lercanidipine,1.0,45,45,exact,exact,Lercanidipine,False,False,False,False,1.0,True,True,0,1,,,,COC(=O)C1=C(C)NC(C)=C(C(=O)OC(C)(C)CN(C)CCC(c2ccccc2)c2ccccc2)C1c1cccc([N+](=O)[O-])c1
levocabastine_cid54385,,,levocabastine_cid54385.png,low,low,0.841430036765899,wrong,,Levocabastine,0.962,33,31,exact,exact,Levocabastine,False,True,False,False,1.0,False,False,6,4,I.I.[HH],,,C[C@@H]1CN(C2CCC(C#N)(c3ccc(F)cc3)CC2)CC[C@]1(C(=O)O)c1ccccc1.I.I.[HH]
ljn452_cid121418176,,,ljn452_cid121418176.png,low,low,0.2662677755428066,invalid,,,,,,invalid,invalid,,False,False,False,False,,False,,,,,,,[H]C1CCC([H])([H])C23(CC(OCC4=C(C5CC5)ON=C4C4=CC=CC=C4OC(F)(F)F)(CC2([H])[H])C3)N1C1=NC2=C(F)C=C(C(=O)O)C=C2S1
ln_1_255_cid23672118,,,ln_1_255_cid23672118.png,high,high,0.8512508856794097,wrong,,LN-1-255,0.813,35,35,wrong,wrong,,False,False,False,False,0.813,False,False,3,4,[H].[H].[H],,,"[H].[H].[H].[H]/C(=C1\C(=O)N2[C@@H](C(=O)[O][Na+])[C@](C)(COC(=O)Cc3ccc(O)c(O)c3)S(=O)(=O)[C@]12[H])c1ccccn1 |^1:0,1,2,13|"
lobeglitazone_cid9826451,,,lobeglitazone_cid9826451.png,high,high,0.9009740328711253,exact,Lobeglitazone,Lobeglitazone,1.0,34,34,exact,exact,Lobeglitazone,False,False,False,False,1.0,True,True,0,1,,,,COc1ccc(Oc2cc(N(C)CCOc3ccc(CC4SC(=O)NC4=O)cc3)ncn2)cc1
lodoxamide_cid44564,,,lodoxamide_cid44564.png,low,low,0.7835253463391557,wrong,,Lodoxamide,0.966,21,21,exact,exact,Lodoxamide,False,True,False,False,1.0,False,False,14,8,[HH].[HH].[HH].[HH].[HH].[HH].[HH],,,N#Cc1cc(NC(=O)C(=O)O)c(Cl)c(NC(=O)C(=O)O)c1.[HH].[HH].[HH].[HH].[HH].[HH].[HH]
loteprednol_etabonate_cid444025,,,loteprednol_etabonate_cid444025.png,low,low,0.4361673213562685,stereo,Loteprednol Etabonate,Loteprednol Etabonate,1.0,32,32,stereo,stereo,Loteprednol Etabonate,False,False,False,False,1.0,True,True,0,1,,,,[H]O[C@H]1C[C@@]2(C)[C@]([H])(CC[C@]2(OC(=O)OCC)C(=O)OCCl)[C@]2([H])CCC3=CC(=O)C=C[C@]3(C)[C@@]12[H]
mabuterol_cid3995,,,mabuterol_cid3995.png,low,low,0.8389556772396336,wrong,,Mabuterol,0.617,21,20,wrong,wrong,,False,False,False,False,0.617,False,False,5,4,I.[HH].[HH],,,I.[HH].[HH].[H]Nc1c(Cl)cc(C(O)C[N]C(C)(C)C)cc1C(F)(F)F |^1:13|
malacidin_a_cid132282518,,,malacidin_a_cid132282518.png,low,low,4.919100128373529e-05,invalid,,,,,,invalid,invalid,,False,False,False,False,,False,,,,,,,[H]C(CCC(C)C)=C([H])C([H])=C([H])C(=O)N([H])C(C(C)C(=O)O)C1(=O)N[CH]23456N17C1C289C2C3%10(C)NC3%11(=O)=O=C%12%13(=O=3)NC124(C%108)C79C5123=O=C64(=O=1)(=O=2)N[CH]125C6=O=C1(N[CH]CNC(C)C(=O)N[CH]CNCCN[CH]CNC1C7(=O)NCC(C)CC%12%118([H])N(C%138[H])C1(=O)[CH]71(C)C789CC1(C7)(C8)C9)[CH]6(C2(C)C)N543
mangafodipir_trisodium_cid160036,,,mangafodipir_trisodium_cid160036.png,high,high,0.8900030517826731,wrong,,Mangafodipir Trisodium,0.957,48,46,near,near,,False,False,False,False,0.957,False,False,7,7,,[Na+].[Na+].[Na+].[Na+].[Na+],,Cc1ncc(COP(=O)([O-])[O-])c(CN(CCN(CC(=O)[O-])Cc2c(COP(=O)([O-])[O-])cnc(C)c2[O-])CC(=O)[O-])c1[O-].[Na+].[Na+].[Na+].[Na+].[Na+].[Na+]
mannopeptimycin_alpha_cid139585504,,,mannopeptimycin_alpha_cid139585504.png,low,low,5.249549884929137e-05,invalid,,,,,,invalid,invalid,,False,False,False,False,,False,,,,,,,[H]NC1=NCC(C(O)C2NC(=O)C(CC3=CO=C(OC4OC(CO)C(OC5OC(CO)C(O)C(O)C5O)C(O)C4O)C=C3)NC(=O)[CH]34NC(=O)[CH]N[CH]56(CO)(C(O)C(O)C(O)C5O)N([CH]C(NC2=O)C(O)[CH]N[CH]32C(C=CC=CC)[CH]42C)[CH]6([CH]O)CO)N1
maytansinol_cid9915934,,,maytansinol_cid9915934.png,low,low,0.3759468777867857,wrong,,Maytansinol,0.674,39,39,wrong,wrong,,False,False,False,False,0.674,False,False,2,1,,,,[H]O[C@H]1CC(=O)N(C)C2=CC(CC(OC)=C2Cl)C/C(C)=C([H])/C([H])=C(\[H])[C@@H](OC)[C@@]2(O[H])C[C@]([H])(OC(=O)N2[H])[C@@H](C)[C@@]2([H])O[C@@]12C
mefloquine_hydrochloride_cid65329,,,mefloquine_hydrochloride_cid65329.png,low,low,0.820352817268888,wrong,,Mefloquine Hydrochloride,0.979,28,27,exact,exact,Mefloquine Hydrochloride,False,True,True,False,1.0,False,False,3,4,[H],Cl,,Cl.[H].[H]Cl.[H]O[C@@H](c1cc(C(F)(F)F)nc2c(C(F)(F)F)cccc12)[C@@]1([H])CCCCN1[H] |^1:1|
megazol_cid29698,,,megazol_cid29698.png,low,low,0.7994354803472111,wrong,,Megazol,0.972,15,15,exact,exact,Megazol,False,True,False,False,1.0,False,False,6,4,[HH].[HH].[HH],,,Cn1c([N+](=O)[O-])cnc1-c1nnc(N)s1.[HH].[HH].[HH]
melagatran_cid183797,,,melagatran_cid183797.png,low,low,0.8258999058337851,wrong,,Melagatran,0.965,32,31,exact,exact,Melagatran,False,True,False,False,1.0,False,False,20,11,I.[HH].[HH].[HH].[HH].[HH].[HH].[HH].[HH].[HH],,,I.N=C(N)c1ccc(CNC(=O)[C@@H]2CCN2C(=O)[C@H](NCC(=O)O)C2CCCCC2)cc1.[HH].[HH].[HH].[HH].[HH].[HH].[HH].[HH].[HH]
melogliptin_cid11623906,,,melogliptin_cid11623906.png,high,high,0.8516920039176289,wrong,,Melogliptin,0.981,23,23,exact,exact,Melogliptin,False,True,False,False,1.0,False,False,2,2,[HH],,,N#C[C@@H]1C[C@H](F)CN1C(=O)CN[C@@H]1CC[C@H](Cn2cncn2)C1.[HH]
merbromin_cid9853537,,,merbromin_cid9853537.png,high,high,0.8916608261948171,wrong,,Merbromin,0.98,30,31,near,near,,False,False,False,False,0.98,False,False,2,3,,[Na+],,O=C([O-])c1ccccc1-c1c2cc(Br)c(=O)cc-2oc2[c]([Hg+])c([O-])c(Br)cc12.[Na+].[Na+]
merotocin_cid76073634,,,merotocin_cid76073634.png,low,low,2.308077189018784e-06,invalid,,,,,,invalid,invalid,,False,False,False,False,,False,,,,,,,[H]C123NC4(C5C6C789%10=C%11%12=C6%13%14(=C=76C%117=C%11%15%16(O)=C%126=C76(O%11)C%15=C8%13=C=%166=C9%14)C5%10)=O=C56NC78([H])[CH]1(CC)C271([H])CN2[CH]C7N[CH]C(NC9CN(CC(=O)(=O)NC(CC(C)C)C(=O)NCC(N)=O)C9CC=CC(=C)F)[CH](C9C%10%11%12=O=C9(=O=%10)(C%11)N%12)(NC(=O)[CH]7(CCC(=O)NN)NC23=O)C(=O)NC2CSC3C7CCN9[CH]C(C5NC9CCC7[SH]3C2)N6481
mersacidin_cid70698380,,,mersacidin_cid70698380.png,low,low,4.759166483019751e-07,invalid,,,,,,invalid,invalid,,False,False,False,False,,False,,,,,,,[H]C(N[CH]C[CH]NC(=O)CNC(C)C(=O)NC(CC(C)=O)NC(=O)[CH]N[CH]12C(N)[CH]3(C1S)C2([CH]NCCC1N24C5N(C2(=O)CNC(=O)C2CCC[CH]26C2N6C[CH]2(NC(=O)C(NC(=O)(=O)C(CC2=CC=CC=C2)NC(=O)C2NC(N)CSC2C)C(C)S)NC(C)C)C154=O)=O=C3(N)=O)C(=O)NC[CH]C
mersalyl_cid9806195,,,mersalyl_cid9806195.png,high,high,0.847030259214237,wrong,,Mersalyl,0.935,23,22,near,near,,False,False,False,False,0.935,False,False,4,6,[HH].[HH],[Na+],,[HH].[HH].[H]C([CH2][Hg+])(CNC(=O)c1ccccc1OCC(=O)[O-])OC.[Na+].[Na+].[O-] |^1:25|
mesna_cid23662354,,,mesna_cid23662354.png,low,low,0.7237657776607691,wrong,,Mesna,0.375,11,8,skeleton,skeleton,,False,True,False,False,0.391,False,False,6,4,I.I.I,,,I.I.I.O=S(=O)(CCS)[O][Na]
metahexamide_cid11259,,,metahexamide_cid11259.png,low,low,0.8247284636669172,wrong,,Metahexamide,0.93,22,21,exact,exact,Metahexamide,False,True,False,False,1.0,False,False,7,5,I.[HH].[HH].[H],,,I.[HH].[HH].[H].[H]Nc1cc(S(=O)(=O)NC(=O)N([H])C2CCCCC2)ccc1C |^1:3|
methenolone_cid3037705,,,methenolone_cid3037705.png,low,low,0.7033825773213641,wrong,,Methenolone,0.976,22,22,exact,exact,Methenolone,False,True,False,False,1.0,False,False,2,2,[HH],,,[HH].[H][C@@]12CC[C@]3([H])[C@]([H])(CC[C@]4(C)[C@@H](O)CC[C@@]34[H])[C@@]1(C)C(C)=CC(=O)C2
methicillin_cid6087,,,methicillin_cid6087.png,low,low,0.730766821781129,wrong,,Methicillin,0.979,26,26,exact,exact,Methicillin,False,True,False,False,1.0,False,False,2,2,[HH],,,[HH].[H][C@]12SC(C)(C)[C@H](C(=O)O)N1C(=O)[C@H]2NC(=O)c1c(OC)cccc1OC
methisazone_cid667492,,,methisazone_cid667492.png,low,low,0.7824142636888172,wrong,,Methisazone,0.917,17,16,stereo,stereo,Methisazone,False,True,False,False,1.0,False,False,7,5,I.[HH].[HH].[H],,,I.[HH].[HH].[H].[H]NC(=S)/N=N/c1c(O[H])n(C)c2ccccc12 |^1:3|
methohexital_cid9034,,,methohexital_cid9034.png,low,low,0.7955436720571113,wrong,,Methohexital,0.95,21,19,exact,exact,Methohexital,False,True,False,False,1.0,False,False,6,4,I.I.[HH],,,C=CCC1(C(C)C#CCC)C(=O)NC(=O)N(C)C1=O.I.I.[HH]
metrizoic_acid_cid2528,,,metrizoic_acid_cid2528.png,low,low,0.839702299556153,wrong,,Metrizoic Acid,0.97,21,21,exact,exact,Metrizoic Acid,False,True,False,False,1.0,False,False,6,4,[HH].[HH].[HH],,,CC(=O)Nc1c(I)c(C(=O)O)c(I)c(N(C)C(C)=O)c1I.[HH].[HH].[HH]
milataxel_cid6918589,,,milataxel_cid6918589.png,low,low,0.7107006033807883,exact,Milataxel,Milataxel,1.0,61,61,exact,exact,Milataxel,False,False,False,False,1.0,True,True,0,1,,,,[H][C@]12[C@H](OC(=O)c3ccccc3)[C@]3(O)C[C@H](OC(=O)[C@H](O)[C@@H](NC(=O)OC(C)(C)C)c4ccco4)C(C)=C([C@@H](O)C(=O)[C@]1(C)[C@@H](OC(=O)CC)C[C@@]1([H])OC[C@@]21OC(C)=O)C3(C)C
mirogabalin_cid59509752,,,mirogabalin_cid59509752.png,low,low,0.6192360992100077,wrong,,Mirogabalin,0.0,0,15,wrong,wrong,,False,False,False,False,0.0,False,False,132,68,,,,[HH].[HH].[HH].[HH].[HH].[HH].[HH].[HH].[HH].[HH].[HH].[HH].[HH].[HH].[HH].[HH].[HH].[HH].[HH].[HH].[HH].[HH].[HH].[HH].[HH].[HH].[HH].[HH].[HH].[HH].[HH].[HH].[HH].[HH].[HH].[HH].[HH].[HH].[HH].[HH].[HH].[HH].[HH].[HH].[HH].[HH].[HH].[HH].[HH].[HH].[HH].[HH].[HH].[HH].[HH].[HH].[HH].[HH].[HH].[HH].[HH].[HH].[HH].[HH].[HH].[HH].[HH].[HH]
mitoxantrone_cid4212,,,mitoxantrone_cid4212.png,low,low,0.812548794864345,wrong,,Mitoxantrone,0.969,32,32,exact,exact,Mitoxantrone,False,True,False,False,1.0,False,False,4,5,[H].[H].[H].[H],,,"[H].[H].[H].[H].[H]N(CCO)CCNc1ccc(NCCNCCO)c2c1C(=O)c1c(O)ccc(O)c1C2=O |^1:0,1,2,3|"
mm_47761_cid195570,,,mm_47761_cid195570.png,low,low,5.374927258489826e-07,invalid,,,,,,invalid,invalid,,False,False,False,False,,False,,,,,,,[H]C1C(O)C(CO)OC23(=OC2OCC=CCC(O)C(NC(=O)C(CC(C)C)NC)CNCCNCCNC2CNC4567C89OC%10OC(C)C%11([H])C([H])OC(OC4%12(C(=O)C=CCOC4=CC=C4O3)C834N8C%13(=O)CC2%14=C2=C8([H])(=O)C38N3C8(C458%15NC9%1286(N%13)C3%157(=O)=O)C3456=C78C2(=C(O)C=C%14)C=372C8379=C8%12=C%13%14(=C4C8(O)(=C=%135)O%14)C3=C=%1226(O7)O9)C%10C%11(C)N)C1OCOC(C)C(O)CO
moclobemide_cid4235,,,moclobemide_cid4235.png,low,low,0.8156017868592125,wrong,,Moclobemide,0.946,20,18,exact,exact,Moclobemide,False,True,False,False,1.0,False,False,2,2,II,,,II.O=C(NCCN1CCOCC1)c1ccc(Cl)cc1
moexipril_cid91270,,,moexipril_cid91270.png,low,low,0.4328892273978398,wrong,,Moexipril,0.983,36,36,exact,exact,Moexipril,False,True,False,False,1.0,False,False,4,3,[HH].[HH],,,CCOC(=O)[C@H](CCc1ccccc1)N[C@@H](C)C(=O)N1Cc2cc(OC)c(OC)cc2C[C@H]1C(=O)O.[HH].[HH]
molindone_cid23897,,,molindone_cid23897.png,low,low,0.4100200822249616,exact,Molindone,Molindone,1.0,20,20,exact,exact,Molindone,False,False,False,False,1.0,True,True,0,1,,,,CCc1c(C)[nH]c2c1C(=O)C(CN1CCOCC1)CC2
monobenzone_cid7638,,,monobenzone_cid7638.png,high,high,0.8810595323827088,wrong,,Monobenzone,0.957,15,15,exact,exact,Monobenzone,False,True,False,False,1.0,False,False,2,2,[HH],,,Oc1ccc(OCc2ccccc2)cc1.[HH]
monomethyl_fumarate_cid5369209,,,monomethyl_fumarate_cid5369209.png,high,high,0.8669472229270132,wrong,,Monomethyl Fumarate,0.565,9,9,charge,charge,Monomethyl Fumarate,False,True,False,False,0.591,False,False,1,2,[HH],,,[HH].[H]/C(C(=O)[O-])=C(/[H])C(=O)OC
monomethylauristatin_e_cid11542188,,,monomethylauristatin_e_cid11542188.png,low,low,0.6844962386666148,exact,Monomethylauristatin E,Monomethylauristatin E,1.0,51,51,exact,exact,Monomethylauristatin E,False,False,False,False,1.0,True,True,0,1,,,,[H][C@@]1([C@H](OC)[C@@H](C)C(=O)N[C@H](C)[C@@H](O)c2ccccc2)CCCN1C(=O)C[C@@H](OC)[C@H]([C@@H](C)CC)N(C)C(=O)[C@@H](NC(=O)[C@@H](NC)C(C)C)C(C)C
mosliciguat_cid154572869,,,mosliciguat_cid154572869.png,high,high,0.8863193468395352,exact,Mosliciguat,Mosliciguat,1.0,52,52,exact,exact,Mosliciguat,False,False,False,False,1.0,True,True,0,1,,,,O=C(O)c1ccc(CCN(CCc2ccccc2OCc2ccc(-c3ccc(C(F)(F)F)cc3)cc2Cl)[C@H]2CCCc3nc(C(=O)O)ccc32)cc1
mosnodenvir_cid133083036,,,mosnodenvir_cid133083036.png,high,high,0.8845217060793736,exact,Mosnodenvir,Mosnodenvir,1.0,39,39,exact,exact,Mosnodenvir,False,False,False,False,1.0,True,True,0,1,,,,[H]n1cc(C(=O)[C@@H](Nc2cc(OC)cc(S(C)(=O)=O)c2)c2ccc(Cl)cc2OC)c2cc(OC(F)(F)F)ccc21
moxalactam_cid47499,,,moxalactam_cid47499.png,low,low,0.8271223692089803,wrong,,Moxalactam,0.655,37,36,wrong,wrong,,False,False,False,False,0.655,False,False,6,4,[HH].[HH].[HH],,,[HH].[HH].[HH].[H]C(C(=O)O)(C(=O)N[C@]1(OC)C(=O)N2C(C(=O)O)=C(CSc3nnnn3C)CO[C@@]21[Tl])c1ccc(O)cc1
mulundocandin_cid121225706,,,mulundocandin_cid121225706.png,low,low,2.581648367194645e-07,invalid,,,,,,invalid,invalid,,False,False,False,False,,False,,,,,,,[H]OC1C(O)NC(=O)C2([H])C(O)C(C)CN2C2(=O)[CH]3(O)C456([H])C(CCCCCCCCCCC(C)CC)NC3478([H])(C(=O)N([H])C(CO)C(=O)C257O)N6C234(=O)C=C(O)NC5(C(C)O)C679([H])(C2C3([H])(N)[CH]48O)[CH]2(O)C34(O)(O[H])C(O)[CH]368[CH]17(O)C52849[H]
muraglitazar_cid206044,,,muraglitazar_cid206044.png,high,high,0.8940950557011083,exact,Muraglitazar,Muraglitazar,1.0,38,38,exact,exact,Muraglitazar,False,False,False,False,1.0,True,True,0,1,,,,COc1ccc(OC(=O)N(CC(=O)O)Cc2ccc(OCCc3nc(-c4ccccc4)oc3C)cc2)cc1
mycophenolic_acid_cid446541,,,mycophenolic_acid_cid446541.png,low,low,0.7397929030443342,wrong,,Mycophenolic Acid,1.0,23,23,exact,exact,Mycophenolic Acid,False,True,False,False,1.0,False,False,6,4,[HH].[HH].[HH],,,[HH].[HH].[HH].[H]/C(Cc1c(O)c2c(c(C)c1OC)COC2=O)=C(/C)CCC(=O)O
n2_1s_1_4_fluorophenyl_ethyl_4_1_methyl_1h_pyrazol_4_yl_n6_2_cid46866319,,,n2_1s_1_4_fluorophenyl_ethyl_4_1_methyl_1h_pyrazol_4_yl_n6_2_cid46866319.png,high,high,0.8500754012700231,wrong,,"N2-((1S)-1-(4-Fluorophenyl)ethyl)-4-(1-methyl-1H-pyrazol-4-yl)-N6-2-pyrazinyl-2,6-pyridinediamine",0.981,29,29,exact,exact,"N2-((1S)-1-(4-Fluorophenyl)ethyl)-4-(1-methyl-1H-pyrazol-4-yl)-N6-2-pyrazinyl-2,6-pyridinediamine",False,True,False,False,1.0,False,False,2,2,[HH],,,C[C@H](Nc1cc(-c2cnn(C)c2)cc(Nc2cnccn2)n1)c1ccc(F)cc1.[HH]
n_1_8_3_methyl_4_1_methyl_1h_benzo_d_imidazol_5_yl_oxy_pheny_cid160283094,,,n_1_8_3_methyl_4_1_methyl_1h_benzo_d_imidazol_5_yl_oxy_pheny_cid160283094.png,high,high,0.8952033302150738,exact,"N-(1-(8-((3-methyl-4-((1-methyl-1H-benzo(d)imidazol-5-yl)oxy)phenyl)amino)pyrimido(5,4-d)pyrimidin-2-yl)piperidin-4-yl)acrylamide","N-(1-(8-((3-methyl-4-((1-methyl-1H-benzo(d)imidazol-5-yl)oxy)phenyl)amino)pyrimido(5,4-d)pyrimidin-2-yl)piperidin-4-yl)acrylamide",1.0,40,40,exact,exact,"N-(1-(8-((3-methyl-4-((1-methyl-1H-benzo(d)imidazol-5-yl)oxy)phenyl)amino)pyrimido(5,4-d)pyrimidin-2-yl)piperidin-4-yl)acrylamide",False,False,False,False,1.0,True,True,0,1,,,,C=CC(=O)NC1CCN(c2ncc3ncnc(Nc4ccc(Oc5ccc6c(c5)ncn6C)c(C)c4)c3n2)CC1
n_5_aminosulfonyl_4_methyl_1_3_thiazol_2_yl_n_methyl_2_4_2_p_cid491941,,,n_5_aminosulfonyl_4_methyl_1_3_thiazol_2_yl_n_methyl_2_4_2_p_cid491941.png,high,high,0.866121883287457,wrong,,"N-(5-(Aminosulfonyl)-4-methyl-1,3-thiazol-2-yl)-N-methyl-2-(4-(2-pyridinyl)phenyl)acetamide",0.962,28,27,exact,exact,"N-(5-(Aminosulfonyl)-4-methyl-1,3-thiazol-2-yl)-N-methyl-2-(4-(2-pyridinyl)phenyl)acetamide",False,True,False,False,1.0,False,False,6,4,I.[HH].[HH],,,Cc1nc(N(C)C(=O)Cc2ccc(-c3ccccn3)cc2)sc1S(N)(=O)=O.I.[HH].[HH]
n_acetylcysteine_amide_cid10176265,,,n_acetylcysteine_amide_cid10176265.png,low,low,0.539677882175499,wrong,,N-Acetylcysteine amide,0.957,22,10,exact,exact,N-Acetylcysteine amide,False,True,False,False,1.0,False,False,24,13,I.I.I.I.I.I.I.I.I.I.I.I,,,I.I.I.I.I.I.I.I.I.I.I.I.[H]NC(=O)[C@H](CS[H])NC(C)=O
nabilone_cid5284592,,,nabilone_cid5284592.png,high,high,0.8661145531414886,exact,Nabilone,Nabilone,1.0,27,27,exact,exact,Nabilone,False,False,False,False,1.0,True,True,0,1,,,,[H][C@@]12CC(=O)CC[C@@]1([H])C(C)(C)Oc1cc(C(C)(C)CCCCCC)cc(O)c12
naftifine_cid47641,,,naftifine_cid47641.png,low,low,0.0005709810016967572,wrong,,Naftifine,0.0,120,22,wrong,wrong,,False,False,False,False,0.0,False,False,559,120,,C.C.C.C.C.C.C.C.C.C.C.C.C.C.C.C.C.C.C.C.C.C.C.C.C.C.C.C.C.C.C.C.C.C.C.C.C.C.C.C.C.C.C.C.C.C.C.C.C.C.C.C.C.C.C.C.C.C.C.C.C.C.C.C.C.C.C.C.C.C.C.C.C.C.C.C.C.C.C.C.C.C.C.C.C.C.C.C.C.C.C.C.C.C.C.C.C.C.C.C.C.C.C.C.C.C.C.C.C.C.C.C.C.C.C.C.C.C.C,,C.C.C.C.C.C.C.C.C.C.C.C.C.C.C.C.C.C.C.C.C.C.C.C.C.C.C.C.C.C.C.C.C.C.C.C.C.C.C.C.C.C.C.C.C.C.C.C.C.C.C.C.C.C.C.C.C.C.C.C.C.C.C.C.C.C.C.C.C.C.C.C.C.C.C.C.C.C.C.C.C.C.C.C.C.C.C.C.C.C.C.C.C.C.C.C.C.C.C.C.C.C.C.C.C.C.C.C.C.C.C.C.C.C.C.C.C.C.C.C
nalbuphine_cid5311304,,,nalbuphine_cid5311304.png,low,low,0.27089454478241,wrong,,Nalbuphine,0.438,27,26,wrong,wrong,,False,False,False,False,0.438,False,False,1,2,[HH],,,[HH].[H]O[C@@]12CC[C@H](O)[C@]3([H])Oc4c(O)ccc5c4[C@]13CC1C5[C@@]2([H])N1CC1C2CCC21
naloxegol_oxalate_cid56959086,,,naloxegol_oxalate_cid56959086.png,low,low,6.032227396945096e-09,invalid,,,,,,invalid,invalid,,False,False,False,False,,False,,,,,,,O=C([O-])C(=O)O.[H]C12OC3456=CC3(=C=4(O)C=CCC5)O6C3([H])[CH]14(OCCOCCOCCOCCOCCOCCOCCOC)CCC15(O)N(CC=C)CCC23167C1C2C1538C(C=CC1=C(O)=C=C=136)C287(O)CC[CH]O4CCOCCOCCOCCOCCOCCOC1CO1CCOC
narasin_cid65452,,,narasin_cid65452.png,low,low,0.07827179179257178,invalid,,,,,,invalid,invalid,,False,False,False,False,,False,,,,,,,[HH].[HH].[HH].[HH].[HH].[H]C(OC12C=CC3O[CH](O)(C=C1)C31(CCC(C)(C3([H])CCC(O)(CC)C(C)O3)O1)O2)C(CC)C(=O)C(C)C(O)C(C)C12([H])OC([H])(C(CC)C(=O)O)(O1)C(C)CC2C
navtemadlin_cid58573469,,,navtemadlin_cid58573469.png,low,low,0.832131932465666,wrong,,Navtemadlin,0.984,37,37,exact,exact,Navtemadlin,False,True,False,False,1.0,False,False,4,3,[HH].[HH],,,CC(C)[C@@H](CS(=O)(=O)C(C)C)N1C(=O)[C@@](C)(CC(=O)O)C[C@H](c2cccc(Cl)c2)[C@H]1c1ccc(Cl)cc1.[HH].[HH]
neoarsphenamine_cid76961391,,,neoarsphenamine_cid76961391.png,high,high,0.861529248500118,wrong,,Neoarsphenamine,0.58,23,23,wrong,wrong,,False,False,False,False,0.58,False,False,10,6,[HH].[HH].[HH].[HH].[HH],,,"Nc1cc([As][As]c2ccc(O)c(NCOS[O-][Na+])c2)ccc1O.[HH].[HH].[HH].[HH].[HH] |^1:4,5,17,C:16.16|"
neramexane_cid6433106,,,neramexane_cid6433106.png,low,low,0.05367517123268842,invalid,,,,,,invalid,invalid,,False,False,False,False,,False,,,,,,,CC.CC1(C)CC(C)(C)C2C3(C)(C)CC23(C)C1
neticonazole_cid5282433,,,neticonazole_cid5282433.png,high,high,0.9033296591855474,wrong,,Neticonazole,0.731,21,21,wrong,wrong,,False,False,False,False,0.731,False,False,0,1,,,,[H]/C([S-]C)=C(/c1ccccc1OCCCCC)n1ccnc1 |^1:2|
niclosamide_cid4477,,,niclosamide_cid4477.png,high,high,0.8716401227234338,wrong,,Niclosamide,0.951,22,21,exact,exact,Niclosamide,False,True,False,False,1.0,False,False,4,3,I.[HH],,,I.O=C(Nc1ccc([N+](=O)[O-])cc1Cl)c1cc(Cl)ccc1O.[HH]
nicorandil_cid47528,,,nicorandil_cid47528.png,low,low,0.6295599776783356,invalid,,,,,,invalid,invalid,,False,False,False,False,,False,,,,,,,C=CC=C(C)C(=O)NCCON(=O)[O-].I.I.I.I
nikkomycin_x_cid194647,,,nikkomycin_x_cid194647.png,low,low,0.7253563934928173,stereo,Nikkomycin X,Nikkomycin X,1.0,35,35,stereo,stereo,Nikkomycin X,False,False,False,False,1.0,True,True,0,1,,,,[H]NC(C(=O)N[C@H](C(=O)O)C1OC(n2cc(C([H])=O)[nH]c2=O)C(O[H])C1O)C(C)C(O)c1ccc(O)cn1
niludipine_cid89767,,,niludipine_cid89767.png,high,high,0.9064400464280394,wrong,,Niludipine,0.863,35,35,near,near,,False,False,False,False,0.863,False,False,0,1,,,,CCCOCCOC(=O)C1=C(C)NC(C)=C(C(=O)OCCOCCC)C1c1cccc([N+]([O-])[O-])c1 |^1:31|
nintedanib_esylate_cid135476717,,,nintedanib_esylate_cid135476717.png,low,low,0.8112367419255814,wrong,,Nintedanib esylate,0.827,50,46,wrong,near,,False,False,False,True,0.827,False,False,14,4,,,CCO.CC[SH](=O)(O)O.O,CCO.CC[SH](=O)(O)O.COC(=O)c1ccc2c(/C(=N/c3ccc(N(C)C(=O)CN4CCN(C)CC4)cc3)c3ccccc3)c(O)[nH]c2c1.[H]O
nisoldipine_cid4499,,,nisoldipine_cid4499.png,high,high,0.8956843404770884,exact,Nisoldipine,Nisoldipine,1.0,28,28,exact,exact,Nisoldipine,False,False,False,False,1.0,True,True,0,1,,,,[H]N1C(C)=C(C(=O)OC)C(c2ccccc2[N+](=O)[O-])C(C(=O)OCC(C)C)=C1C
nitarsone_cid66826,,,nitarsone_cid66826.png,low,low,0.7270785402082827,wrong,,Nitarsone,0.917,17,13,exact,exact,Nitarsone,False,True,False,False,1.0,False,False,12,7,I.I.I.I.[HH].[HH],,,I.I.I.I.O=[N+]([O-])c1ccc([As](=O)(O)O)cc1.[HH].[HH]
nitric_oxide_cid145068,,,nitric_oxide_cid145068.png,low,low,0.5985326429508149,wrong,,Nitric Oxide,0.111,8,2,wrong,wrong,,False,False,False,False,0.111,False,False,9,6,I.I.I.II,,,I.I.I.II.[I-].[N-]=O
nogalamycin_cid5289019,,,nogalamycin_cid5289019.png,low,low,0.119890222990361,invalid,,,,,,invalid,invalid,,False,False,False,False,,False,,,,,,,[H]OC1=C23C(=CC4=C1C(=O)C1=C(O)C=C5C(=C1C4=O)OC146([H])OC1([H])C(O)C(N(C)C)C(O)C54(C)O6)C(C(=O)OC)C(C)(O)C1C2O[CH]132OC(C)C(OC)C(C)(OC)C2OC
norethandrolone_cid5858,,,norethandrolone_cid5858.png,low,low,0.7027329026474743,wrong,,Norethandrolone,0.977,22,22,stereo,stereo,Norethandrolone,False,True,False,False,1.0,False,False,1,2,[H],,,[H].[H][C@@]12CCC3=CC(=O)CC[C@@]3([H])[C@@]1([H])CC[C@]1(C)[C@](O)(CC)CC[C@@]21[H] |^1:0|
norucholic_acid_cid192254,,,norucholic_acid_cid192254.png,low,low,0.01862013619943314,invalid,,,,,,invalid,invalid,,False,False,False,False,,False,,,,,,,[HH].[HH].[HH].[HH].[HH].[H]C12CC(O)CCC1(C)C1([H])CCC345(C)C6([H])(C(C)CC(=O)O)CCC378([H])C(CC64([H])C(C)CC(=O)O)C75([HH])C18([H])C(O)C2
nosiheptide_cid16130051,,,nosiheptide_cid16130051.png,low,low,1.311899651283355e-08,invalid,,,,,,invalid,invalid,,False,False,False,False,,False,,,,,,,[H]C([H])([H])OC(=CC(=O)NCC(=O)N1C2=CC3(=CC45=C(C4)C54(O(CC=CC=C)C5=O=C(=CC)(OCC=CC6=CC=6)C=C(CO)C5)=C5(=C4)C=C4(C)C67C([SH]6CCNC68=O=C6N8=C21)C74=C5(C)C=CC)C12=O=[N+]31([H])([H])[H]2)C(C)=O.[H]C1=O=C1C(C(=O)OC[N+]([H])([H])C)C([H])([H])=O
novolimus_cid9854320,,,novolimus_cid9854320.png,low,low,0.01061367079811564,invalid,,,,,,invalid,invalid,,False,False,False,False,,False,,,,,,,[H]C1=C([H])C=C2([H])C(=C([H])C(C)CC(C)C(=O)[CH]OC)C([H])=C([H])C3([H])=C(C)[CH]4(O)C5[CH]6(O)CC57([H])CCC(C)C(O)(O7)C(=O)C(=O)N5CCCCC5([H])C(=O)OC5([H])C(C)C7[CH](C=C1)(CC(OC)=C2(O)C([H])=C([H])C([H])=C364C)C[CH]75C
octapeptin_cid3084738,,,octapeptin_cid3084738.png,low,low,0.01994742161347802,invalid,,,,,,invalid,invalid,,False,False,False,False,,False,,,,,,,[H]NC(=O)CCNC(=O)C(CC(C)C)NC(=O)C(CCN)NC1(=O)=O=C2NC(CCN)C(=O)NC(CC(C)C)C(=O)NCCC(NC(=O)CC(O)CCCCC(C)CC)C(=O)NC(CCN)C(=O)NC(CCN)C(=O)NC(CC(C)C)C(=O)NC(CC(C)C)C(=O)N[CH]1(CCN)C13C2C2C14NC23N4
olinciguat_cid90445883,,,olinciguat_cid90445883.png,high,high,0.8774282988740051,wrong,,Olinciguat,0.985,36,36,exact,exact,Olinciguat,False,True,False,False,1.0,False,False,4,5,[H].[H].[H].[H],,,"[H].[H].[H].[H].[H]NC(=O)[C@](O)(CNc1nc(-c2cc(-c3ccon3)n(Cc3ccccc3F)n2)ncc1F)C(F)(F)F |^1:0,1,2,3|"
olorigliflozin_cid122660464,,,olorigliflozin_cid122660464.png,low,low,0.1108756451501901,invalid,,,,,,invalid,invalid,,False,False,False,False,,False,,,,,,,CCOC1=CC=C(CC2=C(Cl)C=CC(C34567OCC89(C(C)O)(C(O83)[CH]9(O)[CH]4(O)C5O)C(O)[CH]6(O)C7O)=C2)C=C1.[HH].[HH].[HH]
ontazolast_cid71458,,,ontazolast_cid71458.png,high,high,0.8743650392791772,wrong,,Ontazolast,0.962,26,25,exact,exact,Ontazolast,False,True,False,False,1.0,False,False,4,3,I.[HH],,,Cc1ccc2oc(N[C@@H](CC3CCCCC3)c3ccccn3)nc2c1.I.[HH]
ormaplatin_cid6434704,,,ormaplatin_cid6434704.png,low,low,0.1080297131929457,wrong,,Ormaplatin,0.25,12,13,wrong,wrong,,False,False,False,False,0.25,False,False,2,1,,,,[H][N]1[C@]2([H])CCCC[C@]2([H])[NH][Pt+]1([H])([Cl])([Cl])[Cl]
otamixaban_cid5496659,,,otamixaban_cid5496659.png,low,low,0.7798004005977692,wrong,,Otamixaban,0.965,34,33,exact,exact,Otamixaban,False,True,False,False,1.0,False,False,10,6,I.[HH].[HH].[HH].[HH],,,COC(=O)[C@H](Cc1cccc(C(=N)N)c1)[C@@H](C)NC(=O)c1ccc(-c2cc[n+]([O-])cc2)cc1.I.[HH].[HH].[HH].[HH]
otilonium_bromide_cid72092,,,otilonium_bromide_cid72092.png,high,high,0.8475234184052999,wrong,,Otilonium Bromide,1.0,38,36,near,near,,False,False,False,False,1.0,False,False,6,2,,,,CCCCCCCCCCOc1ccccc1C(=O)Nc1ccc(C(=O)OCC[N+](C)(CC)CC)cc1.[Br-]
oxacillin_cid6196,,,oxacillin_cid6196.png,low,low,0.6789389326306188,wrong,,Oxacillin,0.981,28,28,exact,exact,Oxacillin,False,True,False,False,1.0,False,False,4,3,[HH].[HH],,,[HH].[HH].[H][C@]12SC(C)(C)[C@H](C(=O)O)N1C(=O)[C@H]2NC(=O)c1c(-c2ccccc2)noc1C
pamiparib_cid135565554,,,pamiparib_cid135565554.png,low,low,0.4594839453997402,wrong,,Pamiparib,0.98,22,22,exact,exact,Pamiparib,False,True,False,False,1.0,False,False,2,2,[HH],,,C[C@]12CCCN1CC1=NNC(=O)c3cc(F)cc4[nH]c2c1c34.[HH]
pancuronium_bromide_cid27350,,,pancuronium_bromide_cid27350.png,low,low,0.7684553482834222,wrong,,Pancuronium Bromide,1.0,44,43,salt,salt,Pancuronium Bromide,False,False,False,False,1.0,False,False,1,4,,[Br-].[Br-],,[Br-].[Br-].[Br-].[H][C@@]12CC[C@@]3([H])[C@]([H])(CC[C@]4(C)[C@@H](OC(C)=O)[C@@]([H])([N+]5(C)CCCCC5)C[C@@]34[H])[C@@]1(C)C[C@]([H])([N+]1(C)CCCCC1)[C@@H](OC(C)=O)C2
pazufloxacin_cid65957,,,pazufloxacin_cid65957.png,high,high,0.8631223763976155,wrong,,Pazufloxacin,0.98,23,23,exact,exact,Pazufloxacin,False,True,False,False,1.0,False,False,6,4,[HH].[HH].[HH],,,C[C@H]1COc2c(C3(N)CC3)c(F)cc3c(=O)c(C(=O)O)cn1c23.[HH].[HH].[HH]
pelabresib_cid118591411,,,pelabresib_cid118591411.png,low,low,6.435368418148521e-17,wrong,,Pelabresib,0.056,42,27,wrong,wrong,,False,False,False,False,0.056,False,False,97,7,,CC.CC.CC.CC.CC,,CC.CC.CC.CC.CC.CC.CCCCCCCCCCCCCCC1CC2C1C1C2C2C3C4C(CC)CC4C3C12
penbutolol_cid37464,,,penbutolol_cid37464.png,high,high,0.8736237691843686,wrong,,Penbutolol,0.976,21,21,exact,exact,Penbutolol,False,True,False,False,1.0,False,False,1,2,[H],,,CC(C)(C)NC[C@H](O)COc1ccccc1C1CCCC1.[H] |^1:21|
penicillin_v_cid6869,,,penicillin_v_cid6869.png,low,low,0.7359578605976345,wrong,,Penicillin V,0.979,24,24,exact,exact,Penicillin V,False,True,False,False,1.0,False,False,2,2,[HH],,,[HH].[H][C@]12SC(C)(C)[C@H](C(=O)O)N1C(=O)[C@H]2NC(=O)COc1ccccc1
pentamidine_isethionate_cid8813,,,pentamidine_isethionate_cid8813.png,low,low,0.8209287990308035,wrong,,Pentamidine Isethionate,0.854,42,39,salt,salt,Pentamidine Isethionate,False,False,False,False,0.854,False,False,9,6,,O.O.O=S(=O)(O)CCO,,O.O.O.O=S(=O)(O)CCO.O=S(=O)(O)CCO.[H]/N=C(\N[H])c1ccc(OCCCCCOc2ccc(C(=N)N)cc2)cc1
peplomycin_cid6852373,,,peplomycin_cid6852373.png,low,low,2.303043757050109e-09,invalid,,,,,,invalid,invalid,,False,False,False,False,,False,,,,,,,CC(NCCCNC(=O)C1=CSC(C2=CSC(CCNC(=O)C(C(N)=O)C(C)O)N2)=N1)C1=CC=CC=C1.C[CH]N[CH]C[CH]12NC3C1(N[CH]1(CO)C4(C)C5(NC5N[CH]567C8(N)=C(N)N=C59%10(=O)(C(CC(N)=O)NC(N)C(N)=O)=C5%11=CC=56%12(=O)(O)=C=985=C%117%12%10N5)C41O)=O1C(OC(CO)C(O)C(O)(O)C(O)[CH]O)O[CH]312
perfluoropropane_cid6432,,,perfluoropropane_cid6432.png,low,low,0.6537137493708062,exact,Perfluoropropane,Perfluoropropane,1.0,11,11,exact,exact,Perfluoropropane,False,False,False,False,1.0,True,True,0,1,,,,FC(F)(F)C(F)(F)C(F)(F)F
pevonedistat_cid16720766,,,pevonedistat_cid16720766.png,low,low,0.8285150692801897,wrong,,Pevonedistat,0.97,32,31,exact,exact,Pevonedistat,False,True,False,False,1.0,False,False,6,4,I.[HH].[HH],,,I.NS(=O)(=O)OC[C@@H]1C[C@@H](n2ccc3c(N[C@H]4CCc5ccccc54)ncnc32)C[C@@H]1O.[HH].[HH]
pexidartinib_cid25151352,,,pexidartinib_cid25151352.png,high,high,0.8805922211222994,exact,Pexidartinib,Pexidartinib,1.0,29,29,exact,exact,Pexidartinib,False,False,False,False,1.0,True,True,0,1,,,,FC(F)(F)c1ccc(CNc2ccc(Cc3c[nH]c4ncc(Cl)cc34)cn2)cn1
pexiganan_cid16132253,,,pexiganan_cid16132253.png,low,low,4.307400114742993e-09,wrong,,Pexiganan,0.0,0,176,wrong,wrong,,False,False,False,False,0.0,False,False,403,1,,,,***********1*2*(***)*12 |$1*;1*;1*;1*;1*;1*;1*;1*;1*;1*;1*;1*;1*;1*;1*;1*;1*$|
phenazopyridine_hydrochloride_cid8691,,,phenazopyridine_hydrochloride_cid8691.png,low,low,0.8149448094294031,wrong,,Phenazopyridine hydrochloride,0.931,17,17,stereo,stereo,Phenazopyridine hydrochloride,False,True,False,False,1.0,False,False,6,7,[HH].[H].[H].[H].[H],,,"[HH].[H].[H].[H].[H].[H]Cl.[H]Nc1nc(N)ccc1/N=N/c1ccccc1 |^1:1,2,3,4|"
pheniramine_cid4761,,,pheniramine_cid4761.png,low,low,0.7546317096689418,wrong,,Pheniramine,0.968,19,18,exact,exact,Pheniramine,False,True,False,False,1.0,False,False,2,2,I,,,CN(C)CCC(c1ccccc1)c1ccccn1.I
phenoxyethanol_cid31236,,,phenoxyethanol_cid31236.png,low,low,0.7003089386325194,wrong,,Phenoxyethanol,0.95,15,10,exact,exact,Phenoxyethanol,False,True,False,False,1.0,False,False,10,6,I.I.I.I.I,,,I.I.I.I.I.OCCOc1ccccc1
phenylmercuric_nitrate_cid16682924,,,phenylmercuric_nitrate_cid16682924.png,low,low,0.656726081252156,wrong,,Phenylmercuric Nitrate,0.917,13,11,exact,exact,Phenylmercuric Nitrate,False,True,False,False,1.0,False,False,2,2,II,,,II.O=[N+]([O-])[O][Hg][c]1ccccc1
pidotimod_cid65944,,,pidotimod_cid65944.png,low,low,0.5394038789827805,wrong,,Pidotimod,0.972,16,16,exact,exact,Pidotimod,False,True,False,False,1.0,False,False,4,3,[HH].[HH],,,O=C1CC[C@@H](C(=O)N2CSC[C@H]2C(=O)O)N1.[HH].[HH]
pimodivir_cid67286591,,,pimodivir_cid67286591.png,low,low,0.1742504558822787,invalid,,,,,,invalid,invalid,,False,False,False,False,,False,,,,,,,O=C(O)[CH]12C(NC3=NC(C4=CNC5=C4C=C(F)C=N5)=NC=C3F)C134CCC31C3C(C31)C24.[HH].[HH].[HH]
piperaquine_cid122262,,,piperaquine_cid122262.png,high,high,0.8904984985662611,exact,Piperaquine,Piperaquine,1.0,37,37,exact,exact,Piperaquine,False,False,False,False,1.0,True,True,0,1,,,,Clc1ccc2c(N3CCN(CCCN4CCN(c5ccnc6cc(Cl)ccc56)CC4)CC3)ccnc2c1
pirarubicin_cid11296583,,,pirarubicin_cid11296583.png,low,low,0.8274640205653857,exact,Pirarubicin,Pirarubicin,1.0,45,45,exact,exact,Pirarubicin,False,False,False,False,1.0,True,True,0,1,,,,[H]N[C@H]1C[C@H](O[C@H]2C[C@](O)(C(=O)CO)Cc3c(O[H])c4c(c(O)c32)C(=O)c2c(OC)cccc2C4=O)O[C@@H](C)[C@H]1O[C@@H]1CCCCO1
piroctone_olamine_cid50258,,,piroctone_olamine_cid50258.png,low,low,0.7257800731079109,wrong,,Piroctone Olamine,0.975,21,21,exact,exact,Piroctone Olamine,False,True,False,False,1.0,False,False,12,8,[HH].[HH].[HH].[HH].[HH].[HH],,,Cc1cc(CC(C)CC(C)(C)C)n(O)c(=O)c1.NCCO.[HH].[HH].[HH].[HH].[HH].[HH]
planosporicin_cid139586698,,,planosporicin_cid139586698.png,low,low,2.385008651564993e-09,invalid,,,,,,invalid,invalid,,False,False,False,False,,False,,,,,,,CCC1[CH]2(O)C345=O=C(N3C2(=O)(=O)(NC23=O6=C27(NCCNC(C(=O)NC(=O)NC2(=O)=O=C2NCNC(=CCNC(C)=O)CS)C(C)C)=O=C=6372=O=C2)[CH]14O)[CH]5(O)C(C)O.O.[H]C(NC12=O=C3(=O)(O)C14N1CC1(=O)N[CH]423CO)C1([H])[H]C([H])(C([H])([H])NC(=O)C(=O)NC=O)N1.[H]C([H])([H])C(C)C=C(O)C(C)(=O)=O
plinabulin_cid9949641,,,plinabulin_cid9949641.png,low,low,0.8177175572713984,wrong,,Plinabulin,0.974,25,25,exact,exact,Plinabulin,False,True,False,False,1.0,False,False,8,5,[HH].[HH].[HH].[HH],,,[HH].[HH].[HH].[HH].[H]/C(c1ccccc1)=c1/[nH]c(=O)/c(=C(\[H])c2nc[nH]c2C(C)(C)C)[nH]c1=O
plocabulin_cid57788271,,,plocabulin_cid57788271.png,low,low,0.3402985268774788,exact,Plocabulin,Plocabulin,1.0,41,41,exact,exact,Plocabulin,False,False,False,False,1.0,True,True,0,1,,,,[H]NC(=O)O[C@@H](C/C([H])=C(/[H])C)C/C([H])=C(/[H])NC(=O)[C@@H](NC(=O)/C=C([H])\C([H])=C([H])/C(C)=C/[C@H](C)[C@]1([H])CC=C(OC)C(=O)O1)C(C)(C)C
pneumocandin_b_0_cid16119739,,,pneumocandin_b_0_cid16119739.png,low,low,9.344448003121814e-06,invalid,,,,,,invalid,invalid,,False,False,False,False,,False,,,,,,,CCC(C)CC(C)CCCCCCCCC(=O)NC(O)CC(O)C(O)NC(=O)C1C(O)CCN1C(=O)C(NC(=O)C1N[CH]OC(O)C(=O)CC(O)CC23=C4=C5678=C=29=C=52%10=C5C=CC(=C2)OC42(O)=CC(=C=%106[CH]5(O)C1O7)C=2(=C9)C(O)=C38)C(O)CC(N)=O.O
pnu_159682_cid9874188,,,pnu_159682_cid9874188.png,high,high,0.8821982316062931,wrong,,Pnu-159682,0.988,46,46,exact,exact,Pnu-159682,False,True,False,False,1.0,False,False,2,3,[H].[H],,,"[H].[H].[H][C@]12O[C@]3([H])[C@H](C)O[C@@H](O[C@H]4C[C@](O)(C(=O)CO)Cc5c(O)c6c(c(O)c54)C(=O)c4c(OC)cccc4C6=O)C[C@]3([H])N1CCO[C@@H]2OC |^1:0,1|"
potassium_permanganate_cid516875,,,potassium_permanganate_cid516875.png,low,low,0.6699690478297106,wrong,,Potassium Permanganate,0.214,9,6,wrong,wrong,,False,False,False,False,0.214,False,False,6,4,I.I.I,,,I.I.I.[O]=[Mn](=[O])(=[O])[O][K+] |8|
povorcitinib_cid86280672,,,povorcitinib_cid86280672.png,high,high,0.8934655480247707,exact,Povorcitinib,Povorcitinib,1.0,36,36,exact,exact,Povorcitinib,False,False,False,False,1.0,True,True,0,1,,,,[H]n1nc(C)c(-c2cnn(C3(CC#N)CN(c4cc(F)c(C(=O)N[C@@H](C)C(F)(F)F)cc4F)C3)c2)c1C
practolol_cid4883,,,practolol_cid4883.png,low,low,0.8154195480304655,wrong,,Practolol,0.947,20,19,exact,exact,Practolol,False,True,False,False,1.0,False,False,8,5,I.[HH].[HH].[HH],,,CC(=O)Nc1ccc(OCC(O)CNC(C)C)cc1.I.[HH].[HH].[HH]
pralatrexate_cid148121,,,pralatrexate_cid148121.png,high,high,0.852277182456816,wrong,,Pralatrexate,0.866,35,35,charge,charge,Pralatrexate,False,True,False,False,0.879,False,False,2,4,[H].[H].[H],,,"[H].[H].[H].[H]Nc1nc(N)nc2ncc(CC([H])(CC#C)c3ccc(C(=O)N[C@@H](CCC(=O)O)C(=O)[O-])cc3)nc12 |^1:0,1,2|"
pralidoxime_chloride_cid135445761,,,pralidoxime_chloride_cid135445761.png,low,low,0.7973263152596399,wrong,,Pralidoxime Chloride,0.926,13,11,salt,salt,Pralidoxime Chloride,False,True,True,False,0.962,False,False,4,5,[HH],[I-],,[Cl-].[HH].[H]/C(=N\O)c1cccc[n+]1C.[I-].[I-]
pramiconazole_cid3013050,,,pramiconazole_cid3013050.png,low,low,0.8129325299903827,exact,Pramiconazole,Pramiconazole,1.0,48,48,exact,exact,Pramiconazole,False,False,False,False,1.0,True,True,0,1,,,,CC(C)N1CCN(c2ccc(N3CCN(c4ccc(OC[C@H]5OC[C@](Cn6cncn6)(c6ccc(F)cc6F)O5)cc4)CC3)cc2)C1=O
pranlukast_cid4887,,,pranlukast_cid4887.png,high,high,0.8888812845251887,exact,Pranlukast,Pranlukast,1.0,36,36,exact,exact,Pranlukast,False,False,False,False,1.0,True,True,0,1,,,,O=C(Nc1cccc2c(=O)cc(-c3nn[nH]n3)oc12)c1ccc(OCCCCc2ccccc2)cc1
procaterol_cid688563,,,procaterol_cid688563.png,high,high,0.8457749786177197,wrong,,Procaterol,0.627,21,21,charge,charge,Procaterol,False,True,False,False,0.64,False,False,5,4,[HH].[HH].[HH],,,[HH].[HH].[HH].[H]O[C@@H](c1ccc(O)c2[nH]c(=O)ccc12)[C@@H](CC)[N-]C(C)C
procyclidine_cid4919,,,procyclidine_cid4919.png,low,low,0.7494079458652924,wrong,,Procyclidine,0.971,26,21,exact,exact,Procyclidine,False,True,False,False,1.0,False,False,10,6,I.I.I.I.I,,,I.I.I.I.I.[H]OC(CCN1CCCC1)(c1ccccc1)C1CCCCC1
propiverine_cid4942,,,propiverine_cid4942.png,low,low,0.7794452430496858,wrong,,Propiverine,0.976,30,27,exact,exact,Propiverine,False,True,False,False,1.0,False,False,6,4,I.I.I,,,CCCOC(C(=O)OC1CCN(C)CC1)(c1ccccc1)c1ccccc1.I.I.I
protirelin_cid638678,,,protirelin_cid638678.png,low,low,0.5567163929971535,wrong,,Protirelin,0.983,26,26,exact,exact,Protirelin,False,True,False,False,1.0,False,False,10,6,[HH].[HH].[HH].[HH].[HH],,,NC(=O)[C@@H]1CCCN1C(=O)[C@H](Cc1cnc[nH]1)NC(=O)[C@@H]1CCC(=O)N1.[HH].[HH].[HH].[HH].[HH]
proxyphylline_cid4977,,,proxyphylline_cid4977.png,high,high,0.846223349654495,wrong,,Proxyphylline,0.944,18,17,exact,exact,Proxyphylline,False,True,False,False,1.0,False,False,4,3,I.[HH],,,I.[HH].[H]C(C)(O)Cn1cnc2c1c(=O)n(C)c(=O)n2C
pyridostigmine_bromide_cid7550,,,pyridostigmine_bromide_cid7550.png,low,low,0.7887194932491377,wrong,,Pyridostigmine Bromide,0.968,18,14,salt,salt,Pyridostigmine Bromide,False,False,False,False,0.968,False,False,4,6,,[I-].[I-].[I-],,CN(C)C(=O)Oc1ccc[n+](C)c1.[Br-].[I-].[I-].[I-].[I-]
radotinib_cid16063245,,,radotinib_cid16063245.png,high,high,0.8944085406832775,exact,Radotinib,Radotinib,1.0,39,39,exact,exact,Radotinib,False,False,False,False,1.0,True,True,0,1,,,,Cc1cn(-c2cc(NC(=O)c3ccc(C)c(Nc4nccc(-c5cnccn5)n4)c3)cc(C(F)(F)F)c2)cn1
ravidasvir_cid52918888,,,ravidasvir_cid52918888.png,low,low,0.3952265607898242,stereo,Ravidasvir,Ravidasvir,1.0,56,56,stereo,stereo,Ravidasvir,False,False,False,False,1.0,True,True,0,1,,,,[H]n1c(C2CCCN2C(=O)[C@@H](NC(=O)OC)C(C)C)nc2ccc(-c3ccc4cc(-c5cnc([C@]6([H])CCCN6C(=O)[C@@H](NC(=O)OC)C(C)C)[nH]5)ccc4c3)cc21
refametinib_cid44182295,,,refametinib_cid44182295.png,low,low,0.7430932496592717,wrong,,Refametinib,0.823,31,31,wrong,wrong,,False,False,False,False,0.823,False,False,8,4,[HH].[HH].[HH],,,COc1cc(F)c(F)c(Nc2ccc(F)cc2F)c1NS(=O)(=O)C1(C[C@H](O)CO)CC1.[HH].[HH].[HH]
resminostat_cid11609955,,,resminostat_cid11609955.png,low,low,0.8382499573710877,wrong,,Resminostat,0.957,26,24,exact,exact,Resminostat,False,True,False,False,1.0,False,False,8,5,I.I.[HH].[HH],,,I.I.[HH].[HH].[H]/C(C(=O)NO)=C(/[H])c1ccn(S(=O)(=O)c2ccc(CN(C)C)cc2)c1
retinol_palmitate_cid5280531,,,retinol_palmitate_cid5280531.png,low,low,0.515628213199214,invalid,,,,,,invalid,invalid,,False,False,False,False,,False,,,,,,,[H]C(=CC([H])=C([H])C1([H])=C(C([H])(C)=CCOC(=O)CCCCCCCCCCCCCCC)[H]1)C1=C(C)CCCC1(C)C
riboflavin_cid493570,,,riboflavin_cid493570.png,low,low,0.7722274950367487,wrong,,Riboflavin,0.979,27,27,exact,exact,Riboflavin,False,True,False,False,1.0,False,False,10,6,[HH].[HH].[HH].[HH].[HH],,,Cc1cc2nc3c(=O)[nH]c(=O)nc-3n(C[C@H](O)[C@H](O)[C@H](O)CO)c2cc1C.[HH].[HH].[HH].[HH].[HH]
ridaforolimus_cid11520894,,,ridaforolimus_cid11520894.png,low,low,0.0005555321859858072,invalid,,,,,,invalid,invalid,,False,False,False,False,,False,,,,,,,[H]C1CC(OC)C(C)=C([H])C([H])(OC)C[CH]234(CC[CH]OPC)CC[CH]5(OP(C)(C)=O)C([H])=C([H])C([H])=C(C)CC(C)C(=O)C(OC)C(O)C(C)=C([H])C(C)C(=O)CC([H])(OC(=O)C6([H])CCCCN6C(=O)C(=O)C([CH]C)(OC)O1)C(C)C2C1C3CC(OP(C)(C)=O)[CH]5(OC)C14
rilmenidine_cid68712,,,rilmenidine_cid68712.png,low,low,0.6941807180222473,wrong,,Rilmenidine,0.962,18,13,exact,exact,Rilmenidine,False,True,False,False,1.0,False,False,10,6,I.I.I.I.I,,,C1COC(NC(C2CC2)C2CC2)=N1.I.I.I.I.I
rilpivirine_cid6451164,,,rilpivirine_cid6451164.png,high,high,0.8759135767168921,wrong,,Rilpivirine,0.959,28,28,exact,exact,Rilpivirine,False,True,False,False,1.0,False,False,3,3,[HH].[H],,,[HH].[H].[H]/C(C#N)=C(/[H])c1cc(C)c(Nc2ccnc(Nc3ccc(C#N)cc3)n2)c(C)c1 |^1:1|
rimexolone_cid5311412,,,rimexolone_cid5311412.png,low,low,0.6757086673179022,exact,Rimexolone,Rimexolone,1.0,27,27,exact,exact,Rimexolone,False,False,False,False,1.0,True,True,0,1,,,,[H]O[C@H]1C[C@@]2(C)[C@@]([H])(C[C@@H](C)[C@]2(C)C(=O)CC)[C@]2([H])CCC3=CC(=O)C=C[C@]3(C)[C@@]12[H]
rimocidin_cid6440843,,,rimocidin_cid6440843.png,low,low,3.06609660708576e-05,invalid,,,,,,invalid,invalid,,False,False,False,False,,False,,,,,,,[H]C1=C234([H])=C56([H])=C7([H])(=C2([H])([H])[H]1)=C3128=C39%10([H])=C%11%12%13=C%14([H])[CH]%15%16C(C%17([H])OC(O)(CC(O)CCCC(=O)(=O)CC(O)C(CC)C(=O)O[CH]CCC)CC(O)C%17C(=O)O)C%14%17(=C=%11%14([H])=C3%11([H])(=C%15%17[H])[H]%12C%1493([H])=C51([H])=C=%1074([H])([H]2)C=6=8%133%11[H])O%16C1OC(C)C(O)C(N([H])[H])C1O
rintatolimod_cid135537060,,,rintatolimod_cid135537060.png,low,low,0.2649770212594312,wrong,,Rintatolimod,0.932,82,65,near,near,,False,False,False,False,0.932,False,False,83,42,[H].[H].[H].[H].[H].[H].[H].[H].[H].[H].[H].[H].[H].[H],O.O.O.O.O.O.O.O.O.O.O.O.O.O.O.O.O.O.O.O.O.O.O.O,,"O.O.O.O.O.O.O.O.O.O.O.O.O.O.O.O.O.O.O.O.O.O.O.O.O=c1[nH]cnc2c1ncn2[C@H]1O[C@H](COP(=O)(O)O)[C@H](O)[C@H]1O.O=c1ccn([C@@H]2O[C@H](CO)[C@H](O)[C@H]2O)c(=O)[nH]1.[H].[H].[H].[H].[H].[H].[H].[H].[H].[H].[H].[H].[H].[H].[H]O.[H]O[C@@H]1[C@@H](O)[C@H](n2ccc(N)nc2=O)O[C@@H]1CO |^1:64,65,66,67,68,69,70,71,72,73,74,75,76,77|"
rintodestrant_cid129205616,,,rintodestrant_cid129205616.png,low,low,0.8014592898588376,wrong,,Rintodestrant,0.982,33,33,exact,exact,Rintodestrant,False,True,False,False,1.0,False,False,6,4,[HH].[HH].[HH],,,[HH].[HH].[HH].[H]/C(C(=O)O)=C(/[H])c1ccc(Oc2c(C(=O)c3c(C)cc(F)cc3C)sc3cc(O)ccc23)cc1
ritobegron_cid9820882,,,ritobegron_cid9820882.png,low,low,0.8391807575919216,wrong,,Ritobegron,0.98,27,27,exact,exact,Ritobegron,False,True,False,False,1.0,False,False,10,6,[HH].[HH].[HH].[HH].[HH],,,Cc1cc(OCC(=O)O)c(C)cc1CCN[C@@H](C)[C@H](O)c1ccc(O)cc1.[HH].[HH].[HH].[HH].[HH]
ritodrine_cid33572,,,ritodrine_cid33572.png,low,low,0.7878170070286251,wrong,,Ritodrine,0.938,21,21,exact,exact,Ritodrine,False,True,False,False,1.0,False,False,6,6,[HH].[H].[H].[H].[H],,,"[HH].[H].[H].[H].[H].[H]Oc1ccc(CCN[C@@H](C)[C@H](O)c2ccc(O)cc2)cc1 |^1:1,2,3,4|"
riviciclib_cid24887371,,,riviciclib_cid24887371.png,high,high,0.8758309879798414,wrong,,Riviciclib,0.965,28,28,exact,exact,Riviciclib,False,True,False,False,1.0,False,False,3,3,[HH].[H],,,[HH].[H].[H][C@]1(c2c(O)cc(O)c3c(=O)cc(-c4ccccc4Cl)oc23)CCN(C)[C@@H]1CO |^1:1|
roscovitine_cid160355,,,roscovitine_cid160355.png,low,low,0.8067202325530581,wrong,,Roscovitine,0.98,26,26,exact,exact,Roscovitine,False,True,False,False,1.0,False,False,2,3,[H].[H],,,"[H].[H].[H]OC[C@@H](CC)N([H])c1nc(NCc2ccccc2)c2ncn(C(C)C)c2n1 |^1:0,1|"
roxarsone_cid5104,,,roxarsone_cid5104.png,low,low,0.7246007393226949,wrong,,Roxarsone,0.931,20,14,exact,exact,Roxarsone,False,True,False,False,1.0,False,False,14,8,I.I.I.I.I.I.[HH],,,I.I.I.I.I.I.O=[N+]([O-])c1cc([As](=O)(O)O)ccc1O.[HH]
roxatidine_cid91276,,,roxatidine_cid91276.png,low,low,0.8372624885376642,wrong,,Roxatidine,0.957,23,22,salt,exact,Roxatidine,False,True,False,True,0.978,False,False,6,4,[HH].[HH],,Cl,Cl.O=C(CO)NCCCOc1cccc(CN2CCCCC2)c1.[HH].[HH]
rubitecan_cid472335,,,rubitecan_cid472335.png,low,low,0.6680453221655182,invalid,,,,,,invalid,invalid,,False,False,False,False,,False,,,,,,,CCC1(O)C(=O)OCC2=C1C=C1C3=NC4=C(C=C3CN1C2=O)C(N(=O)O)=CC=C4.[HH].[HH].[H]
ruboxistaurin_cid153999,,,ruboxistaurin_cid153999.png,low,low,0.7926515166967553,wrong,,Ruboxistaurin,0.98,35,35,exact,exact,Ruboxistaurin,False,True,False,False,1.0,False,False,4,3,[HH].[HH],,,CN(C)C[C@@H]1CCn2cc(c3ccccc32)C2=C(C(=O)NC2=O)c2cn(c3ccccc23)CCO1.[HH].[HH]
runcaciguat_cid134440946,,,runcaciguat_cid134440946.png,high,high,0.858395669149506,wrong,,Runcaciguat,0.981,32,32,exact,exact,Runcaciguat,False,True,False,False,1.0,False,False,4,3,[HH].[HH],,,C[C@H]([C@H](C(=O)Nc1cc([C@@H](CC(=O)O)C2CC2)ccc1Cl)c1ccc(Cl)cc1)C(F)(F)F.[HH].[HH]
saffan_cid24732,,,saffan_cid24732.png,low,low,0.05515465441551659,invalid,,,,,,invalid,invalid,,False,False,False,False,,False,,,,,,,[HH].[HH].[HH].[HH].[H]C12CCC3([H])C4([H])CCC(C(C)=O)C4(C)CC(=O)C3([H])C1(C)CCC(O)C2.[H]C1C2[H]C34([H])([H]C35CCC3(C)C(C(=O)COC(C)=O)CCC34([H])C5(C)CC1=O)CC2
salacinol_cid6451151,,,salacinol_cid6451151.png,low,low,0.8093186310095681,wrong,,Salacinol,0.974,20,20,exact,exact,Salacinol,False,True,False,False,1.0,False,False,10,6,[HH].[HH].[HH].[HH].[HH],,,[HH].[HH].[HH].[HH].[HH].[H]O[C@@H]1C[S+](C[C@@H](O)[C@H](CO)OS(=O)(=O)[O-])[C@H](CO)[C@H]1O
sarcosine_cid1088,,,sarcosine_cid1088.png,low,low,0.6880467743962111,wrong,,Sarcosine,0.875,9,6,exact,exact,Sarcosine,False,True,False,False,1.0,False,False,7,5,I.I.I.[H],,,I.I.I.[H].[H]N(C)CC(=O)O |^1:3|
sarpogrelate_cid5160,,,sarpogrelate_cid5160.png,high,high,0.8598982733292829,wrong,,Sarpogrelate,1.0,31,31,exact,exact,Sarpogrelate,False,True,False,False,1.0,False,False,2,2,[HH],,,COc1cccc(CCc2ccccc2OCC(CN(C)C)OC(=O)CCC(=O)O)c1.[HH]
seglitide_cid5311430,,,seglitide_cid5311430.png,low,low,0.5366899842649546,invalid,,,,,,invalid,invalid,,False,False,False,False,,False,,,,,,,CC(=O)C1NC(=O)C(CCCCN)NC(=O)C(CC2=CNC3=CC=CC=C23)NC(=O)C(CC2=CC=C(O)C=C2)NC(=O)C(C)N(C)C2(=O=C2C)C(CC2=CC=CC=C2)NC1=O.[HH].[HH].[HH].[HH].[HH].[HH].[HH].[HH]
selenium_disulfide_cid24087,,,selenium_disulfide_cid24087.png,low,low,0.6350918570334675,wrong,,Selenium disulfide,0.083,6,3,wrong,wrong,,False,False,False,False,0.083,False,False,5,3,II,,,II.[I-].[S-]=[Se]=[Se] |^1:3|
seletalisib_cid56928390,,,seletalisib_cid56928390.png,low,low,0.8065258608393722,invalid,,,,,,invalid,invalid,,False,False,False,False,,False,,,,,,,ON1=CC=CC(C2=C(C(NC3=NC=NC4=C3N=CC=C4)C(F)(F)F)C=C3C=CC=C(Cl)C3=N2)=C1.[HH].[HH]
semduramicin_cid71327,,,semduramicin_cid71327.png,low,low,0.0007895845651622395,invalid,,,,,,invalid,invalid,,False,False,False,False,,False,,,,,,,[H][CH]C(C)C([H])(CC(=O)O)O1C([H])(CC(=O)O)OC1([H])(C(C)C1OC2(CC(O)C1C)CC1C3([H])([H]C134CCC([H])(C1([H])OC3([H]C35([H])OC([H])(O)C(C)CC5C)CC1OC1CCC(OC)C(C)O1)O4)O2)[CH]1(OC)C([H])OC1O
serlopitant_cid23653789,,,serlopitant_cid23653789.png,low,low,0.7888378031598116,stereo,Serlopitant,Serlopitant,1.0,39,39,stereo,stereo,Serlopitant,False,False,False,False,1.0,True,True,0,1,,,,[H][C@]12CC[C@H](O[C@H](C)c3cc(C(F)(F)F)cc(C(F)(F)F)c3)[C@@H](c3ccc(F)cc3)[C@@]1([H])CN(C1=CC(=O)CC1)C2
setipiprant_cid49843471,,,setipiprant_cid49843471.png,low,low,0.7536628806852895,wrong,,Setipiprant,0.981,30,30,exact,exact,Setipiprant,False,True,False,False,1.0,False,False,2,2,[HH],,,O=C(O)Cn1c2c(c3cc(F)ccc31)CN(C(=O)c1cccc3ccccc13)CC2.[HH]
simeprevir_cid24873435,,,simeprevir_cid24873435.png,low,low,0.1382310678487832,invalid,,,,,,invalid,invalid,,False,False,False,False,,False,,,,,,,[H]C1CC(OC2=CC(C3=NC(C(C)C)=CS3)=NC3=C2C=CC(OC)=C3C)CC1([H])C(=O)N(C)CCCCC([H])=C([H])C1([H])CC12C(=O)N1C2(=O)NS(=O)(=O)(C2CC2)=O=S1(=O)[O-]
simfibrate_cid5217,,,simfibrate_cid5217.png,low,low,0.1744480583630926,wrong,,Simfibrate,0.912,34,31,near,exact,,False,False,False,True,0.912,False,False,8,2,,,CCCl,CC(C)(Oc1ccc(Cl)cc1)C(=O)OCCCOC(=O)C(C)(C)Oc1ccc(Cl)cc1.CCCl
sinefungin_cid65482,,,sinefungin_cid65482.png,low,low,0.8267763199374657,wrong,,Sinefungin,0.981,27,27,exact,exact,Sinefungin,False,True,False,False,1.0,False,False,16,9,[HH].[HH].[HH].[HH].[HH].[HH].[HH].[HH],,,Nc1ncnc2c1ncn2[C@@H]1O[C@H](C[C@@H](N)CC[C@H](N)C(=O)O)[C@@H](O)[C@H]1O.[HH].[HH].[HH].[HH].[HH].[HH].[HH].[HH]
sm_102_cid126697616,,,sm_102_cid126697616.png,low,low,0.02112547109648216,wrong,,SM-102,0.205,98,50,wrong,wrong,,False,False,False,False,0.205,False,False,138,2,,,,*CC/C(=C\CCCCC(=O)CCCCCCCCCCCCC)CCCCCCCC(=O)NC(CCCCCCCC)CC1CC1CCC.*CC/C(=C\CCCCC(=O)NCCCCCCCCCCC)CCCCCCCC(=O)NC(CCCCCCCC)CCCCCCCC |$Me;;;;;;;;;;;;;;;;;;;;;;;;;;;;;;;;;;;;;;;;;;;;;;;;;;Me;;;;;;;;;;;;;;;;;;;;;;;;;;;;;;;;;;;;;;;;;;;;;;;;;$|
sodium_arsenite_cid443495,,,sodium_arsenite_cid443495.png,low,low,0.6844711573580907,wrong,,Sodium Arsenite,0.308,8,4,wrong,wrong,,False,False,False,False,0.308,False,False,8,5,I.I.I.I,,,I.I.I.I.O=[As][O][Na+] |7|
sodium_butyrate_cid5222465,,,sodium_butyrate_cid5222465.png,low,low,0.7174389130313478,wrong,,Sodium Butyrate,0.375,10,7,wrong,wrong,,False,False,False,False,0.375,False,False,6,4,I.I.I,,,"CCCC(=O)[O-][Na+].I.I.I |6,C:5.5|"
sodium_fluoride_cid5235,,,sodium_fluoride_cid5235.png,low,low,0.4153114627122099,wrong,,Sodium Fluoride,0.0,2,2,wrong,wrong,,False,False,False,False,0.0,False,False,6,2,,,,I.I
sodium_perborate_cid517072,,,sodium_perborate_cid517072.png,low,low,0.6291409022797779,wrong,,Sodium Perborate,0.238,8,5,wrong,wrong,,False,False,False,False,0.238,False,False,4,3,I.II,,,"I.II.O=BO[O-][Na+] |7,C:6.4|"
sodium_phenylbutyrate_cid5258,,,sodium_phenylbutyrate_cid5258.png,low,low,0.5219028004119456,wrong,,Sodium Phenylbutyrate,0.529,17,13,skeleton,skeleton,,False,True,False,False,0.562,False,False,4,3,II.II,,,II.II.O=C(CCCc1ccccc1)[O][Na]
sodium_pyruvate_cid23662274,,,sodium_pyruvate_cid23662274.png,low,low,0.7274744905470987,wrong,,Sodium pyruvate,0.3,11,7,wrong,wrong,,False,False,False,False,0.3,False,False,8,5,I.I.I.I,,,"CC(=O)C(=O)[O-][Na+].I.I.I.I |6,C:5.5|"
sodium_selenate_cid25960,,,sodium_selenate_cid25960.png,low,low,0.7718556729807075,wrong,,Sodium Selenate,0.429,9,7,wrong,wrong,,False,False,False,False,0.429,False,False,4,4,I.I,,,I.I.O=[Se](=O)([O-])[O][Na+].[Na+] |7|
sodium_tetrathionate_dihydrate_6ci_7ci_cid203055,,,sodium_tetrathionate_dihydrate_6ci_7ci_cid203055.png,low,low,6.895672905197653e-12,wrong,,"Sodium tetrathionate, dihydrate (6CI,7CI)",0.167,115,14,wrong,wrong,,False,False,False,False,0.167,False,False,325,115,,O.O.O.O.O.O.O.O.O.O.O.O.O.O.O.O.O.O.O.O.O.O.O.O.O.O.O.O.O.O.O.O.O.O.O.O.O.O.O.O.O.O.O.O.O.O.O.O.O.O.O.O.O.O.O.O.O.O.O.O.O.O.O.O.O.O.O.O.O.O.O.O.O.O.O.O.O.O.O.O.O.O.O.O.O.O.O.O.O.O.O.O.O.O.O.O.O.O.O.O.O.O.O.O.O.O.O.O.O.[Na+].[Na+].[Na+].[Na+],,O.O.O.O.O.O.O.O.O.O.O.O.O.O.O.O.O.O.O.O.O.O.O.O.O.O.O.O.O.O.O.O.O.O.O.O.O.O.O.O.O.O.O.O.O.O.O.O.O.O.O.O.O.O.O.O.O.O.O.O.O.O.O.O.O.O.O.O.O.O.O.O.O.O.O.O.O.O.O.O.O.O.O.O.O.O.O.O.O.O.O.O.O.O.O.O.O.O.O.O.O.O.O.O.O.O.O.O.O.O.[Na+].[Na+].[Na+].[Na+].[Na+]
sodium_thiocyanate_cid516871,,,sodium_thiocyanate_cid516871.png,low,low,0.6341216073065541,wrong,,Sodium thiocyanate,0.214,7,4,skeleton,skeleton,,False,True,False,False,0.231,False,False,6,4,I.I.I,,,I.I.I.N#C[S][Na]
sorangicin_a_cid657059,,,sorangicin_a_cid657059.png,low,low,3.097223876054105e-36,invalid,,,,,,invalid,invalid,,False,False,False,False,,False,,,,,,,[H]C1CO[CH]2345C(O)[CH]26O32[CH]4(C([H])C([H])C([H])[CH]34([H])[CH]78([H])[CH]39([H])(C([H])C1[H])[CH]4713%10[H][CH]147([H])[CH]1%11%12([H])C%13%14=CC%15([H])=C%16C=C%17[H]%16[CH]%17%15%16([H])C([H])([H])[CH]%16([H])[CH]%131(OC([H])[CH]1([H])C%13C(CC(=O)O)C%131)[CH]%14%1143([H])[CH]8%1297%10[H])[CH]625O[HH]
spiramycin_ii_cid49787020,,,spiramycin_ii_cid49787020.png,low,low,0.001594851645789545,invalid,,,,,,invalid,invalid,,False,False,False,False,,False,,,,,,,[H]C(=O)C[CH]123C[CH]456C[CH](C4)(C51)[CH]6(O[CH]O[CH]C)C([H])=C([H])C([H])=C([H])CC1C[CH](C)(CC([H])=C([H])[H])OC(=O)C[CH]4(OC(C)=O)C(C(=O)O1)[CH]1(OC(C)=O)[CH]56O(C)[CH]417(OC)[CH]52O1([CH])[CH]2(OC(C)C(OC4CC([H])(C)C(O)C(C)O4)C(N(C)C)C2O)O[CH]6137
spirapril_cid5311447,,,spirapril_cid5311447.png,low,low,0.810199837944454,wrong,,Spirapril,0.982,31,31,exact,exact,Spirapril,False,True,False,False,1.0,False,False,4,3,[HH].[HH],,,CCOC(=O)[C@H](CCc1ccccc1)N[C@@H](C)C(=O)N1CC2(C[C@H]1C(=O)O)SCCS2.[HH].[HH]
stibophen_cid16683008,,,stibophen_cid16683008.png,low,low,0.8172936896057694,wrong,,Stibophen,0.976,54,45,salt,salt,Stibophen,False,False,False,False,0.976,False,False,14,22,,O.O.O.O.O.O.O.[Na+].[Na+].[Na+].[Na+].[Na+].[Na+].[Na+].[Na+].[Na+].[OH-].[OH-],,O.O.O.O.O.O.O.O.O=S(=O)([O-])c1cc([O][Sb]2[O]c3cc(S(=O)(=O)[O-])cc(S(=O)(=O)[O-])c3[O]2)c([O-])c(S(=O)(=O)[O-])c1.[Na+].[Na+].[Na+].[Na+].[Na+].[Na+].[Na+].[Na+].[Na+].[Na+].[OH-].[OH-].[OH-]
stop_cid24550,,,stop_cid24550.png,low,low,0.6070831404882785,exact,Stop,Stop,1.0,3,3,exact,exact,Stop,False,False,False,False,1.0,True,True,0,1,,,,[F][Sn][F] |^2:1|
succinylcholine_chloride_cid22475,,,succinylcholine_chloride_cid22475.png,low,low,0.8043213133883722,wrong,,Succinylcholine Chloride,1.0,25,22,salt,salt,Succinylcholine Chloride,False,False,False,False,1.0,False,False,3,6,,[Cl-].[Cl-].[Cl-].[Cl-],,C[N+](C)(C)CCOC(=O)CCC(=O)OCC[N+](C)(C)C.[Cl-].[Cl-].[Cl-].[Cl-].[Cl-]
sulfasalazine_cid5339,,,sulfasalazine_cid5339.png,high,high,0.877726497097491,wrong,,Sulfasalazine,0.978,28,28,stereo,stereo,Sulfasalazine,False,True,False,False,1.0,False,False,6,4,[HH].[HH].[HH],,,O=C(O)c1cc(/N=N/c2ccc(S(=O)(=O)Nc3ccccn3)cc2)ccc1O.[HH].[HH].[HH]
sulfinpyrazone_cid5342,,,sulfinpyrazone_cid5342.png,high,high,0.8585584806771043,wrong,,Sulfinpyrazone,0.969,30,29,salt,exact,Sulfinpyrazone,False,False,False,True,0.969,False,False,2,2,,,Cl,Cl.O=C1C(CCS(=O)c2ccccc2)C(=O)N(c2ccccc2)N1c1ccccc1
sutezolid_cid465951,,,sutezolid_cid465951.png,low,low,0.8216621711835477,wrong,,Sutezolid,0.981,27,24,exact,exact,Sutezolid,False,True,False,False,1.0,False,False,6,4,I.I.I,,,CC(=O)NC[C@H]1CN(c2ccc(N3CCSCC3)c(F)c2)C(=O)O1.I.I.I
suvorexant_cid24965990,,,suvorexant_cid24965990.png,high,high,0.9015555592128639,exact,Suvorexant,Suvorexant,1.0,32,32,exact,exact,Suvorexant,False,False,False,False,1.0,True,True,0,1,,,,Cc1ccc(-n2nccn2)c(C(=O)N2CCN(c3nc4cc(Cl)ccc4o3)CC[C@H]2C)c1
suzetrigine_cid156445116,,,suzetrigine_cid156445116.png,high,high,0.8609739355019852,wrong,,Suzetrigine,0.984,33,33,stereo,stereo,Suzetrigine,False,True,False,False,1.0,False,False,5,4,[HH].[HH].[H],,,[HH].[HH].[H].[H][C@@]1(c2ccc(F)c(F)c2OC)[C@H](C(=O)Nc2ccnc(C(N)=O)c2)O[C@@](C)(C(F)(F)F)[C@H]1C |^1:2|
taurine_cid1123,,,taurine_cid1123.png,low,low,0.6996743364672839,wrong,,Taurine,0.933,11,7,exact,exact,Taurine,False,True,False,False,1.0,False,False,8,5,I.I.I.I,,,I.I.I.I.[H]NCCS(=O)(=O)O
tazarotene_cid5381,,,tazarotene_cid5381.png,high,high,0.887985007547057,exact,Tazarotene,Tazarotene,1.0,25,25,exact,exact,Tazarotene,False,False,False,False,1.0,True,True,0,1,,,,CCOC(=O)c1ccc(C#Cc2ccc3c(c2)C(C)(C)CCS3)nc1
tazemetostat_cid66558664,,,tazemetostat_cid66558664.png,high,high,0.9030993153522834,wrong,,Tazemetostat,0.986,42,42,exact,exact,Tazemetostat,False,True,False,False,1.0,False,False,2,3,[H].[H],,,"CCN(c1cc(-c2ccc(CN3CCOCC3)cc2)cc(C(=O)NCc2c(C)cc(C)[nH]c2=O)c1C)C1CCOCC1.[H].[H] |^1:42,43|"
tazobactam_cid123630,,,tazobactam_cid123630.png,high,high,0.8450559305788906,exact,Tazobactam,Tazobactam,1.0,20,20,exact,exact,Tazobactam,False,False,False,False,1.0,True,True,0,1,,,,[H][C@@]12CC(=O)N1[C@@H](C(=O)O)[C@](C)(Cn1ccnn1)S2(=O)=O
tecarfarin_cid54718618,,,tecarfarin_cid54718618.png,high,high,0.8896453547928806,wrong,,Tecarfarin,0.98,32,32,exact,exact,Tecarfarin,False,True,False,False,1.0,False,False,1,2,[H],,,CC(OC(=O)c1ccc(Cc2c(O)c3ccccc3oc2=O)cc1)(C(F)(F)F)C(F)(F)F.[H] |^1:32|
tegobuvir_cid23649154,,,tegobuvir_cid23649154.png,high,high,0.8940404198204696,exact,Tegobuvir,Tegobuvir,1.0,37,37,exact,exact,Tegobuvir,False,False,False,False,1.0,True,True,0,1,,,,Fc1ccccc1-c1nc2ccn(Cc3ccc(-c4ccc(C(F)(F)F)cc4C(F)(F)F)nn3)cc-2n1
telratolimod_cid56833311,,,telratolimod_cid56833311.png,low,low,0.04176486985955675,invalid,,,,,,invalid,invalid,,False,False,False,False,,False,,,,,,,[H]N1CC2C34C56O78C9%10C(CCN%11C%12(CCCCCCCCCCCCCCCCC)=O=C1%11(CCCCCCCCCCCCCCCCC)=O=%12)C371O95C48C2%1061
temurtide_cid76972485,,,temurtide_cid76972485.png,low,low,0.7996200347525606,wrong,,Temurtide,0.982,36,36,exact,exact,Temurtide,False,True,False,False,1.0,False,False,11,8,[HH].[HH].[HH].[HH].[H].[H].[H],,,"[HH].[HH].[HH].[HH].[H].[H].[H].[H]C(=O)[C@H](NC(C)=O)[C@@H](O[C@H](C)C(=O)N[C@H](C(=O)N[C@H](CCC(=O)O)C(N)=O)[C@@H](C)O)[C@H](O)[C@H](O)CO |^1:4,5,6|"
tenatoprazole_cid636411,,,tenatoprazole_cid636411.png,high,high,0.8570239728667239,wrong,,Tenatoprazole,0.979,24,24,exact,exact,Tenatoprazole,False,True,False,False,1.0,False,False,2,2,[HH],,,COc1ccc2[nH]c(S(=O)Cc3ncc(C)c(OC)c3C)nc2n1.[HH]
terlipressin_cid72081,,,terlipressin_cid72081.png,low,low,0.3288308908315954,wrong,,Terlipressin,0.464,91,85,wrong,wrong,,False,False,False,False,0.464,False,False,18,1,,,,[H]NCCCC[C@@H](NC(=O)[C@@H]1CCCN1C(=O)[C@H](CS/C=C/C)NC(=O)[C@H](CC(=O)N[H])NC(=O)[C@H](CCC(N)=O)NC(=O)[C@H](Cc1ccccc1)NC(=O)[C@H](Cc1ccc(O)cc1)NC(=O)[C@H](/C=C/C=C\C)NC(=O)CNC(=O)CNC(=O)CN)C(=O)NCC(=O)N[H]
terodiline_cid23480,,,terodiline_cid23480.png,low,low,0.7044890200509417,wrong,,Terodiline,0.926,24,21,near,exact,,False,False,False,True,0.926,False,False,17,5,[HH],C.C,C,C.C.C.CC(CC(c1ccccc1)c1ccccc1)NC(C)(C)C.[HH]
tertatolol_cid36920,,,tertatolol_cid36920.png,low,low,0.8050140904355955,wrong,,Tertatolol,0.957,21,20,salt,exact,Tertatolol,False,True,False,True,0.978,False,False,4,3,[HH],,Cl,CC(C)(C)NCC(O)COc1cccc2c1SCCC2.Cl.[HH]
thebaine_cid5324289,,,thebaine_cid5324289.png,low,low,0.5809389172045348,exact,Thebaine,Thebaine,1.0,23,23,exact,exact,Thebaine,False,False,False,False,1.0,True,True,0,1,,,,[H][C@@]12Oc3c(OC)ccc4c3[C@@]13CCN(C)[C@]([H])(C4)C3=CC=C2OC
thiocillin_cid5282053,,,thiocillin_cid5282053.png,low,low,0.0001532802912119015,invalid,,,,,,invalid,invalid,,False,False,False,False,,False,,,,,,,[H].[H].[H]C(C)=C(NC(=O)CNC12345=N6=C789=C%10([H])=C%11NC%12%13=O=C(=O)(=O=%12)(=C=7([H])(C)C%10)(CNC7(=O)=O=C(NC%13)C%10%12%13=C%14=CC(=N%15%16=C%14%17=C%15(C(=CN%10)C=%12%10=C7%12(=CSN%12)=C=%13S%10)C%16SC=N%17)C7N=C1(=CS7)(=C=2617C=32C=41S%1127)N85)N9)C(=O)N([H])CC(C)O
thiothixene_cid941651,,,thiothixene_cid941651.png,low,low,0.7255429695689547,wrong,,Thiothixene,0.672,33,30,wrong,wrong,,False,False,False,False,0.672,False,False,9,4,,Cl,,C.Cl.Cl.[H]/C(CCN1CCN(C)CC1)=C1\c2ccccc2[S+]c2ccc(S(=O)(=O)N(C)C)cc21 |^1:21|
tiapride_cid5467,,,tiapride_cid5467.png,low,low,0.01142041169459639,wrong,,Tiapride,0.977,120,22,exact,exact,Tiapride,False,True,False,False,1.0,False,False,196,99,I.I.I.I.I.I.I.I.I.I.I.I.I.I.I.I.I.I.I.I.I.I.I.I.I.I.I.I.I.I.I.I.I.I.I.I.I.I.I.I.I.I.I.I.I.I.I.I.I.I.I.I.I.I.I.I.I.I.I.I.I.I.I.I.I.I.I.I.I.I.I.I.I.I.I.I.I.I.I.I.I.I.I.I.I.I.I.I.I.I.I.I.I.I.I.I.I.I,,,CCN(CC)CCNC(=O)c1cc(S(C)(=O)=O)ccc1OC.I.I.I.I.I.I.I.I.I.I.I.I.I.I.I.I.I.I.I.I.I.I.I.I.I.I.I.I.I.I.I.I.I.I.I.I.I.I.I.I.I.I.I.I.I.I.I.I.I.I.I.I.I.I.I.I.I.I.I.I.I.I.I.I.I.I.I.I.I.I.I.I.I.I.I.I.I.I.I.I.I.I.I.I.I.I.I.I.I.I.I.I.I.I.I.I.I.I
tilidine_cid30131,,,tilidine_cid30131.png,low,low,0.8428959099055282,wrong,,Tilidine,0.976,22,20,exact,exact,Tilidine,False,True,False,False,1.0,False,False,4,3,I.I,,,CCOC(=O)[C@]1(c2ccccc2)CCC=C[C@H]1N(C)C.I.I
tiopronin_cid5483,,,tiopronin_cid5483.png,low,low,0.7828763219193188,wrong,,Tiopronin,0.913,10,10,exact,exact,Tiopronin,False,True,False,False,1.0,False,False,4,4,[HH].[H].[H],,,"[HH].[H].[H].[H]N(CC(=O)O)C(=O)C([H])(C)S |^1:1,2|"
tipifarnib_cid159324,,,tipifarnib_cid159324.png,low,low,0.7421469933642431,wrong,,Tipifarnib,0.982,34,34,exact,exact,Tipifarnib,False,True,False,False,1.0,False,False,4,3,[HH].[HH],,,Cn1cncc1[C@@](N)(c1ccc(Cl)cc1)c1ccc2c(c1)c(-c1cccc(Cl)c1)cc(=O)n2C.[HH].[HH]
tirapazamine_cid135413511,,,tirapazamine_cid135413511.png,low,low,0.4638524647408354,wrong,,Tirapazamine,0.278,12,13,wrong,wrong,,False,False,False,False,0.278,False,False,4,2,[HH],,,NC1=[N+](O)c2ccccc2[N+]1[O-].[HH] |^1:10|
tirbanibulin_cid23635314,,,tirbanibulin_cid23635314.png,high,high,0.9121759800174459,exact,Tirbanibulin,Tirbanibulin,1.0,32,32,exact,exact,Tirbanibulin,False,False,False,False,1.0,True,True,0,1,,,,O=C(Cc1ccc(-c2ccc(OCCN3CCOCC3)cc2)cn1)NCc1ccccc1
tixocortol_pivalate_cid15052414,,,tixocortol_pivalate_cid15052414.png,low,low,0.352606979314189,invalid,,,,,,invalid,invalid,,False,False,False,False,,False,,,,,,,[HH].[HH].[H].[H].[H]C12C(O)CC3(C)C(O)(C(=O)CSC(=O)C(C)(C)C)CCC34([H])[H]C14CCC1=CC(=O)CCC12C
tolfenamic_acid_cid610479,,,tolfenamic_acid_cid610479.png,low,low,0.1811601700094746,wrong,,Tolfenamic Acid,0.912,21,18,near,exact,,False,False,False,True,0.912,False,False,14,5,I.[HH].[HH],,CC,CC.Cc1c(Cl)cccc1Nc1ccccc1C(=O)O.I.[HH].[HH]
tolnaftate_cid5510,,,tolnaftate_cid5510.png,low,low,0.8296504479548449,exact,Tolnaftate,Tolnaftate,1.0,22,22,exact,exact,Tolnaftate,False,False,False,False,1.0,True,True,0,1,,,,Cc1cccc(N(C)C(=S)Oc2ccc3ccccc3c2)c1
tomatine_cid28523,,,tomatine_cid28523.png,low,low,0.02395850943094064,invalid,,,,,,invalid,invalid,,False,False,False,False,,False,,,,,,,*C12CCC3([H])CC(OC4OC(CO)C(OC5OC(CO)C(O)C(OC6OCC(O)C(O)C6O)C5OC5OC(CO)C(O)C(O)C5O)C(O)C4O)CCC3(C)C1([H])CCC13(C)CC14C(C)C1(CCC(C)CN1[H])OC4([H])CC23* |$Me;;;;;;;;;;;;;;;;;;;;;;;;;;;;;;;;;;;;;;;;;;;;;;;;;;;;;;;;;;;;;;;;;;;;;;;;;;;;;;Me$|
torcetrapib_cid159325,,,torcetrapib_cid159325.png,low,low,0.8366824395577084,wrong,,Torcetrapib,0.983,42,41,salt,exact,Torcetrapib,False,False,False,True,0.983,False,False,2,2,,,Cl,CCOC(=O)N1c2ccc(C(F)(F)F)cc2[C@@H](N(Cc2cc(C(F)(F)F)cc(C(F)(F)F)c2)C(=O)OC)C[C@H]1CC.Cl
toremifene_cid3005573,,,toremifene_cid3005573.png,low,low,0.09534392330192577,invalid,,,,,,invalid,invalid,,False,False,False,False,,False,,,,,,,C.C.CN(C)CCOC1=CC=C(C23=C(C4=CC=CC=C4)(C(CCl)=C4C=CC=CC=C4)=C2C32=CC=CC=C2)C=C1
trans_diamminedichloroplatinum_cid441203,,,trans_diamminedichloroplatinum_cid441203.png,low,low,0.3919574852626422,wrong,,trans-Diamminedichloroplatinum,0.077,7,5,wrong,wrong,,False,False,False,False,0.077,False,False,8,7,[HH].[HH].[HH].[H],[I-],,"[HH].[HH].[HH].[H].[H][N]([H])([H])[Pt+]([Cl])([Cl])[Cl].[I-].[I-] |^1:3,C:5.3|"
trapidil_cid5531,,,trapidil_cid5531.png,low,low,0.7848346331434061,wrong,,Trapidil,0.969,18,15,exact,exact,Trapidil,False,True,False,False,1.0,False,False,6,4,I.I.I,,,CCN(CC)c1cc(C)nc2ncnn12.I.I.I
tribendimidine_cid3086564,,,tribendimidine_cid3086564.png,low,low,0.8074041773357217,wrong,,Tribendimidine,0.964,37,34,stereo,stereo,Tribendimidine,False,True,False,False,1.0,False,False,6,4,I.I.I,,,I.I.I.[H]/C(=N\c1ccc(/N=C(\C)N(C)C)cc1)c1ccc(/C=N/c2ccc(/N=C(\C)N(C)C)cc2)cc1
trichlorfon_cid5853,,,trichlorfon_cid5853.png,low,low,0.6635809756825138,wrong,,Trichlorfon,0.952,13,12,near,exact,,False,False,False,True,0.952,False,False,5,2,,,C,C.COP(=O)(OC)C(O)C(Cl)(Cl)Cl
trichloroethylene_cid6575,,,trichloroethylene_cid6575.png,low,low,0.8191350090182431,exact,Trichloroethylene,Trichloroethylene,1.0,5,5,exact,exact,Trichloroethylene,False,False,False,False,1.0,True,True,0,1,,,,ClC=C(Cl)Cl
triflusal_cid9458,,,triflusal_cid9458.png,low,low,0.8217665896582699,wrong,,Triflusal,0.939,18,17,exact,exact,Triflusal,False,True,False,False,1.0,False,False,4,3,I.[HH],,,CC(=O)Oc1cc(C(F)(F)F)ccc1C(=O)O.I.[HH]
trimegestone_cid68926,,,trimegestone_cid68926.png,low,low,0.4342859047808265,wrong,,Trimegestone,0.979,25,25,exact,exact,Trimegestone,False,True,False,False,1.0,False,False,1,2,[H],,,[H].[H][C@@]12CC[C@](C)(C(=O)[C@H](C)O)[C@@]1(C)CCC1=C3CCC(=O)C=C3CC[C@]12[H] |^1:0|
trimeprazine_cid5574,,,trimeprazine_cid5574.png,low,low,0.8093193316803114,wrong,,(+-)-Trimeprazine,0.615,23,21,wrong,wrong,,False,False,False,False,0.615,False,False,2,3,,[I-],,CC(CN(C)C)CN1c2ccccc2[S-]c2ccccc21.[I-].[I-] |^1:14|
tripropeptin_c_cid58960776,,,tripropeptin_c_cid58960776.png,low,low,5.374009843714878e-12,invalid,,,,,,invalid,invalid,,False,False,False,False,,False,,,,,,,[H]C(=O)N12=CNC(=O)C3C(O)CCN3C(=O)C34C(O)C56C(=O)(O)C5789(=O5%10=C%11(=O)(N7)C=57%12%13%14(O)=O5%15%16=C=%1087%17C%1278C=5%13%10(O)C5%12%13=O=C%18%19C5%20%21C5CC%22N%20C5%18%12%20CCCN%22%21%20C(=O)(=O)C5%12C%18C5%20%21(O)(OC%205C%21C51%20=O=2=C%20OC12(CCCCCCCCCC(C)C)C5C%20(O[H]O%20)(C1([H])O)C52([H])[H])C%12%19([H])C%187%11%15%10%17(O)C=%168%13%14([H])C(=O)O)C1(O)=O=C31([H])(O)C469([H])O
trofosfamide_cid65702,,,trofosfamide_cid65702.png,low,low,0.7390475707898714,wrong,,Trofosfamide,0.968,20,17,exact,exact,Trofosfamide,False,True,False,False,1.0,False,False,6,4,I.I.I,,,I.I.I.O=P1(N(CCCl)CCCl)OCCCN1CCCl
trospium_chloride_cid5284631,,,trospium_chloride_cid5284631.png,low,low,0.05640320449076734,invalid,,,,,,invalid,invalid,,False,False,False,False,,False,,,,,,,[Cl-].[Cl-].[H]C12CC(OC(=O)C(O)(C3=CC=CC=C3)C3=CC=CC=C3)CC34([H])CCC3C14[N+]21CCCC1
tryparsamide_cid23665572,,,tryparsamide_cid23665572.png,low,low,0.6316862526094873,wrong,,Tryparsamide,0.615,16,16,skeleton,skeleton,,False,True,False,False,0.632,False,False,8,5,[HH].[HH].[HH].[HH],,,NC(=O)CNc1ccc([As](=O)(O)[O][Na])cc1.[HH].[HH].[HH].[HH]
tucaresol_cid55223,,,tucaresol_cid55223.png,high,high,0.8579010872563565,wrong,,Tucaresol,0.973,20,20,exact,exact,Tucaresol,False,True,False,False,1.0,False,False,2,3,[H].[H],,,"[H].[H].[H]OC(=O)c1ccc(COc2cccc(O)c2C([H])=O)cc1 |^1:0,1|"
tucidinostat_cid12136798,,,tucidinostat_cid12136798.png,low,low,0.7907070855414999,wrong,,Tucidinostat,0.965,30,29,exact,exact,Tucidinostat,False,True,False,False,1.0,False,False,16,9,I.[HH].[HH].[HH].[HH].[HH].[HH].[HH],,,I.[HH].[HH].[HH].[HH].[HH].[HH].[HH].[H]Nc1cc(F)ccc1NC(=O)c1ccc(CN([H])C(=O)/C([H])=C(\[H])c2cccnc2)cc1
umbralisib_cid72950888,,,umbralisib_cid72950888.png,high,high,0.8596157342032817,wrong,,Umbralisib,0.986,42,42,exact,exact,Umbralisib,False,True,False,False,1.0,False,False,3,4,[H].[H].[H],,,"CC(C)Oc1ccc(-c2nn([C@@H](C)c3oc4ccc(F)cc4c(=O)c3-c3cccc(F)c3)c3ncnc(N)c23)cc1F.[H].[H].[H] |^1:42,43,44|"
uracil_mustard_cid6194,,,uracil_mustard_cid6194.png,high,high,0.8807415628936646,exact,Uracil Mustard,Uracil Mustard,1.0,15,15,exact,exact,Uracil Mustard,False,False,False,False,1.0,True,True,0,1,,,,[H]n1cc(N(CCCl)CCCl)c(=O)[nH]c1=O
urapidil_cid5639,,,urapidil_cid5639.png,high,high,0.8960803940657548,exact,Urapidil,Urapidil,1.0,28,28,exact,exact,Urapidil,False,False,False,False,1.0,True,True,0,1,,,,COc1ccccc1N1CCN(CCCNc2cc(=O)n(C)c(=O)n2C)CC1
valnemulin_cid9850878,,,valnemulin_cid9850878.png,low,low,0.08672051241989122,invalid,,,,,,invalid,invalid,,False,False,False,False,,False,,,,,,,[H]C12C(=O)CCC13CCC1(C)OC4(=O)=O=C(CSC56CNC7=O=C(=O)(NCC(C)(C)(C5)(C6)SC4)[CH](N)(C(C)C)C(C)(C)C7N)OC(CC(C)(C=C)C(O)C3C)C12C
valrubicin_cid454216,,,valrubicin_cid454216.png,high,high,0.8694983436138569,wrong,,Valrubicin,1.0,51,51,exact,exact,Valrubicin,False,True,False,False,1.0,False,False,3,4,[H].[H].[H],,,"CCCCC(=O)OCC(=O)[C@]1(O)Cc2c(O)c3c(c(O)c2[C@@H](O[C@H]2C[C@H](NC(=O)C(F)(F)F)[C@H](O)[C@H](C)O2)C1)C(=O)c1c(OC)cccc1C3=O.[H].[H].[H] |^1:51,52,53|"
vanzacaftor_cid139399801,,,vanzacaftor_cid139399801.png,low,low,0.3126566971128723,invalid,,,,,,invalid,invalid,,False,False,False,False,,False,,,,,,,[H]C(CCCNCC=CC)CN12CC([H])(CCCN=C3C=CC=C(N3)NS(=O)(=O)NC(=O)C3=C1N=C(N1C=CC(OCCC4C5(CC5)C45CC5)=N1)C=C3)CC2(C)C
vecabrutinib_cid72547837,,,vecabrutinib_cid72547837.png,low,low,0.8355689874078864,wrong,,Vecabrutinib,0.986,36,36,exact,exact,Vecabrutinib,False,True,False,False,1.0,False,False,10,6,[HH].[HH].[HH].[HH].[HH],,,NC(=O)[C@H]1CCN(c2ncnc(N)c2F)C[C@@H]1N1CCC[C@@H](Nc2cc(Cl)cc(C(F)(F)F)c2)C1=O.[HH].[HH].[HH].[HH].[HH]
vecuronium_bromide_cid39764,,,vecuronium_bromide_cid39764.png,low,low,0.2783373093507667,exact,Vecuronium Bromide,Vecuronium Bromide,1.0,41,41,exact,exact,Vecuronium Bromide,False,False,False,False,1.0,True,True,0,2,,,,[Br-].[H][C@@]12CC[C@]3([H])[C@]([H])(CC[C@]4(C)[C@@H](OC(C)=O)[C@@]([H])([N+]5(C)CCCCC5)C[C@@]34[H])[C@@]1(C)C[C@H](N1CCCCC1)[C@@H](OC(C)=O)C2
vernakalant_hydrochloride_cid9930048,,,vernakalant_hydrochloride_cid9930048.png,high,high,0.8707501573436063,wrong,,Vernakalant Hydrochloride,1.0,26,26,exact,exact,Vernakalant Hydrochloride,False,True,False,False,1.0,False,False,1,3,[H],,,COc1ccc(CCO[C@@H]2CCCC[C@H]2N2CC[C@@H](O)C2)cc1OC.[H].[H]Cl |^1:25|
vesatolimod_cid46241268,,,vesatolimod_cid46241268.png,low,low,0.8049441296323553,wrong,,Vesatolimod,0.983,30,30,exact,exact,Vesatolimod,False,True,False,False,1.0,False,False,4,3,[HH].[HH],,,CCCCOc1nc(N)c2c(n1)N(Cc1cccc(CN3CCCC3)c1)CC(=O)N2.[HH].[HH]
vidofludimus_cid9820008,,,vidofludimus_cid9820008.png,high,high,0.8576061010717092,wrong,,Vidofludimus,0.958,28,26,exact,exact,Vidofludimus,False,True,False,False,1.0,False,False,8,5,I.I.[HH].[HH],,,COc1cccc(-c2ccc(NC(=O)C3=C(C(=O)O)CCC3)c(F)c2)c1.I.I.[HH].[HH]
vigabatrin_cid5665,,,vigabatrin_cid5665.png,low,low,0.7736966712535147,wrong,,Vigabatrin,0.955,11,9,exact,exact,Vigabatrin,False,True,False,False,1.0,False,False,10,6,I.I.[HH].[HH].[HH],,,C=CC(N)CCC(=O)O.I.I.[HH].[HH].[HH]
vistusertib_cid25262792,,,vistusertib_cid25262792.png,low,low,0.3114232069503035,invalid,,,,,,invalid,invalid,,False,False,False,False,,False,,,,,,,CNC(=O)C1=CC=CC(C2=NC3=NC(N4CCOCC4C)=NC(N4CCOCC4C)C=3C=C2)=C1.[H]
voglibose_cid444020,,,voglibose_cid444020.png,low,low,0.8298218707383176,wrong,,Voglibose,1.0,18,18,exact,exact,Voglibose,False,True,False,False,1.0,False,False,5,6,[H].[H].[H].[H].[H],,,"[H].[H].[H].[H].[H].[H]OCC(CO)N[C@H]1C[C@](O)(CO[H])[C@@H](O)[C@H](O[H])[C@H]1O |^1:0,1,2,3,4|"
volasertib_cid10461508,,,volasertib_cid10461508.png,high,high,0.854450958999963,exact,Volasertib,Volasertib,1.0,45,45,exact,exact,Volasertib,False,False,False,False,1.0,True,True,0,1,,,,CC[C@@H]1C(=O)N(C)c2cnc(Nc3ccc(C(=O)NC4CCC(N5CCN(CC6CC6)CC5)CC4)cc3OC)nc2N1C(C)C
xanomeline_cid60809,,,xanomeline_cid60809.png,high,high,0.8839275149112561,exact,Xanomeline,Xanomeline,1.0,19,19,exact,exact,Xanomeline,False,False,False,False,1.0,True,True,0,1,,,,CCCCCCOc1nsnc1C1=CCCN(C)C1
xemilofiban_cid60957,,,xemilofiban_cid60957.png,low,low,0.8047626111179158,wrong,,Xemilofiban,0.96,27,26,exact,exact,Xemilofiban,False,True,False,False,1.0,False,False,10,6,I.[HH].[HH].[HH].[HH],,,C#C[C@H](CC(=O)OCC)NC(=O)CCC(=O)Nc1ccc(C(=N)N)cc1.I.[HH].[HH].[HH].[HH]
ximelagatran_cid9574101,,,ximelagatran_cid9574101.png,low,low,0.5951792422261214,wrong,,Ximelagatran,0.969,35,34,exact,exact,Ximelagatran,False,True,False,False,1.0,False,False,14,8,I.[HH].[HH].[HH].[HH].[HH].[HH],,,CCOC(=O)CN[C@@H](C(=O)N1CC[C@H]1C(=O)NCc1ccc(/C(N)=N/O)cc1)C1CCCCC1.I.[HH].[HH].[HH].[HH].[HH].[HH]
zandelisib_cid66571003,,,zandelisib_cid66571003.png,low,low,0.1049690331692456,invalid,,,,,,invalid,invalid,,False,False,False,False,,False,,,,,,,CN1CCC(C2=C3=C4(C5CCN(C)CC5)=CC=CC=C4CC(C)(C)NC4=NC(=NC(N5CCOCC5)=N4)N4C5=CC=CC=C5(=C5=C6N=C(C(F)F)N(C6=CC=C5)C5=NC(=NC(N6CCOCC6)=N5)NC(C)(C)CC2=CC=C3)N=C4C(F)F)CC1
zb_716_cid126480615,,,zb_716_cid126480615.png,low,low,0.005344593300244403,invalid,,,,,,invalid,invalid,,False,False,False,False,,False,,,,,,,[H].[H].[H].[H].[H].[H]C1CCC2(C)C(O)CCC23([H])C1([H])C(CCCCCCCCCSCCCC(F)(F)C(F)(F)F)C1C2=C45=C(C=C(B(O)O)(=C2)C=C4)C[CH]1(CCCCCCCCCSCCCC(F)(F)C(F)(F)F)C31([H])C2([H])CCC(O)C2(C)CCC51[H]
zeranol_cid2999413,,,zeranol_cid2999413.png,high,high,0.8552608232054256,wrong,,Zeranol,0.976,23,23,exact,exact,Zeranol,False,True,False,False,1.0,False,False,6,4,[HH].[HH].[HH],,,[HH].[HH].[HH].[H]O[C@@H]1CCCCCc2cc(O)cc(O)c2C(=O)O[C@@H](C)CCC1
zoldonrasib_cid168201327,,,zoldonrasib_cid168201327.png,low,low,1.000032836101735e-06,invalid,,,,,,invalid,invalid,,False,False,False,False,,False,,,,,,,O.[H]C(C)(CC)CC(NC(=O)C(NCC1(CC)CCN(C(=O)[CH]N(C)(C)C2([H])C3CC32)C1)C12CCC1C2)C(=O)NC1NC2CN2CCCN2C3=C4C5=C46=C5478C32C23=C45=C274=C2(C7=C9N(=CC(N%10CCN(C%11CC%11)CC%10)=C7)[CH]9(C)OC)(=C=5348C2C(C)(C)COC1=O)N6CC(F)(F)F
zuclopenthixol_cid5311507,,,zuclopenthixol_cid5311507.png,low,low,0.3204161873483742,invalid,,,,,,invalid,invalid,,False,False,False,False,,False,,,,,,,[H]OCCN1CCN(CCC([H])=C2C3=C4(=C56=C(C=CC(Cl)=C5)[S-]C57=CC=CC=C5C6(=C([H])CCN5CCN(CCO[H])CC5)C25=CC=CC=7=C5[S-]4)C=CC(Cl)=C3)CC1
