file,key,name,pubchem_cid,truth_smiles,zip_part
15_crown_5_cid36336.png,15_crown_5_cid36336,15-Crown-5,36336,C1COCCOCCOCCOCCO1,1
18_crown_6_cid28557.png,18_crown_6_cid28557,18-Crown-6,28557,C1COCCOCCOCCOCCOCCO1,1
1_10_phenanthroline_cid1318.png,1_10_phenanthroline_cid1318,"1,10-Phenanthroline",1318,C1=CC2=C(C3=C(C=CC=N3)C=C2)N=C1,1
1_1_1_1_methanetetrayltetrakis_benzene_cid12424.png,1_1_1_1_methanetetrayltetrakis_benzene_cid12424,"1,1',1'',1'''-Methanetetrayltetrakis(benzene)",12424,C1=CC=C(C=C1)C(C2=CC=CC=C2)(C3=CC=CC=C3)C4=CC=CC=C4,1
1_1_1_3_3_3_hexafluoro_2_5_fluoro_2_1_2_fluorophenyl_methyl__cid86269973.png,1_1_1_3_3_3_hexafluoro_2_5_fluoro_2_1_2_fluorophenyl_methyl__cid86269973,"1,1,1,3,3,3-Hexafluoro-2-(((5-fluoro-2-(1-((2-fluorophenyl)methyl)-5-(3-isoxazolyl)-1H-pyrazol-3-yl)-4-pyrimidinyl)amino)methyl)-2-propanol",86269973,C1=CC=C(C(=C1)CN2C(=CC(=N2)C3=NC=C(C(=N3)NCC(C(F)(F)F)(C(F)(F)F)O)F)C4=NOC=C4)F,1
1_2_2_difluoro_1_3_benzodioxol_5_yl_n_1_2r_2_3_dihydroxyprop_cid46199646.png,1_2_2_difluoro_1_3_benzodioxol_5_yl_n_1_2r_2_3_dihydroxyprop_cid46199646,"1-(2,2-Difluoro-1,3-benzodioxol-5-yl)-N-(1-((2R)-2,3-dihydroxypropyl)-6-fluoro-2-(2-hydroxy-1,1-dimethylethyl)-1H-indol-5-yl)cyclopropanecarboxamide",46199646,CC(C)(CO)C1=CC2=CC(=C(C=C2N1C[C@H](CO)O)F)NC(=O)C3(CC3)C4=CC5=C(C=C4)OC(O5)(F)F,1
1_3_dimethyl_2_6_dioxo_1_2_3_6_tetrahydro_7h_purin_7_yl_acet_cid176595.png,1_3_dimethyl_2_6_dioxo_1_2_3_6_tetrahydro_7h_purin_7_yl_acet_cid176595,"(1,3-Dimethyl-2,6-dioxo-1,2,3,6-tetrahydro-7H-purin-7-yl)acetic acid--4-(((2-amino-3,5-dibromophenyl)methyl)amino)cyclohexan-1-ol (1/1)",176595,CN1C2=C(C(=O)N(C1=O)C)N(C=N2)CC(=O)O.C1CC(CCC1NCC2=C(C(=CC(=C2)Br)Br)N)O,1
1_4_7_10_tetraoxacyclododecane_cid9269.png,1_4_7_10_tetraoxacyclododecane_cid9269,"1,4,7,10-Tetraoxacyclododecane",9269,C1COCCOCCOCCO1,1
1_5_cyclooctadiene_pyridine_tricyclohexylphosphine_iridium_h_cid5702647.png,1_5_cyclooctadiene_pyridine_tricyclohexylphosphine_iridium_h_cid5702647,"(1,5-Cyclooctadiene)pyridine(tricyclohexylphosphine)iridium hexafluorophosphate",5702647,C1CCC(CC1)P(C2CCCCC2)C3CCCCC3.C1/C=C\CC/C=C\C1.C1=CC=NC=C1.F[P-](F)(F)(F)(F)F.[Ir],1
1_5_dihydro_1_beta_d_ribofuranosyl_4h_pyrazolo_3_4_d_pyrimid_cid135407110.png,1_5_dihydro_1_beta_d_ribofuranosyl_4h_pyrazolo_3_4_d_pyrimid_cid135407110,"1,5-Dihydro-1-beta-D-ribofuranosyl-4H-pyrazolo(3,4-d)pyrimidin-4-one",135407110,C1=NN(C2=C1C(=O)NC=N2)[C@H]3[C@@H]([C@@H]([C@H](O3)CO)O)O,1
1_7_dicarbadodecaborane_12_cid16212388.png,1_7_dicarbadodecaborane_12_cid16212388,"1,7-Dicarbadodecaborane(12)",16212388,[B]1[B][B][B][B]C2[B]C([B]2)[B][B][B]1,1
1_8_dihydroxyanthraquinone_cid2950.png,1_8_dihydroxyanthraquinone_cid2950,"1,8-Dihydroxyanthraquinone",2950,C1=CC2=C(C(=C1)O)C(=O)C3=C(C2=O)C=CC=C3O,1
1_8_naphthyridine_3_carboxylic_acid_7_1alpha_5alpha_6alpha_6_cid62959.png,1_8_naphthyridine_3_carboxylic_acid_7_1alpha_5alpha_6alpha_6_cid62959,"1,8-Naphthyridine-3-carboxylic acid, 7-(1alpha,5alpha,6alpha)-6-amino-3-azabicyclo3.1.0hex-3-yl-1-(2,4-difluorophenyl)-6-fluoro-1,4-dihydro-4-oxo-",62959,C1[C@@H]2[C@@H](C2N)CN1C3=C(C=C4C(=O)C(=CN(C4=N3)C5=C(C=C(C=C5)F)F)C(=O)O)F,1
1_butyl_3_methylimidazolium_chloride_cid2734161.png,1_butyl_3_methylimidazolium_chloride_cid2734161,1-Butyl-3-methylimidazolium chloride,2734161,CCCCN1C=C[N+](=C1)C.[Cl-],1
1_methyl_4_prop_1_en_2_ylcyclohexene_cid22311.png,1_methyl_4_prop_1_en_2_ylcyclohexene_cid22311,1-Methyl-4-Prop-1-En-2-Ylcyclohexene,22311,CC1=CCC(CC1)C(=C)C,1
1h_pyrrole_1_carboxamide_3_ethyl_2_5_dihydro_4_methyl_n_2_4__cid3476.png,1h_pyrrole_1_carboxamide_3_ethyl_2_5_dihydro_4_methyl_n_2_4__cid3476,"1H-Pyrrole-1-carboxamide, 3-ethyl-2,5-dihydro-4-methyl-N-2-4-(trans-4-methylcyclohexyl)aminocarbonylaminosulfonylphenylethyl-2-oxo-",3476,CCC1=C(CN(C1=O)C(=O)NCCC2=CC=C(C=C2)S(=O)(=O)NC(=O)NC3CCC(CC3)C)C,1
216014_14_1_non_salt_cid172966628.png,216014_14_1_non_salt_cid172966628,216014-14-1 (Non-salt),172966628,CCCCCCCCCCC[C@H](CC(=O)N[C@@H]1[C@H]([C@@H]([C@H](O[C@H]1OC[C@@H](C(=O)[O-])NC(=O)C[C@@H](CCCCCCCCCCC)OC(=O)CCCCCCCCC)CO)OP(=O)([O-])[O-])OC(=O)C[C@@H](CCCCCCCCCCC)OC(=O)CCCCCCCCC)OC(=O)CCCCCCCCC.[Na+].[Na+].[Na+],1
25_hydroxyvitamin_d3_cid5283731.png,25_hydroxyvitamin_d3_cid5283731,25-Hydroxyvitamin D3,5283731,C[C@H](CCCC(C)(C)O)[C@H]1CC[C@@H]\2[C@@]1(CCC/C2=C\C=C/3\C[C@H](CCC3=C)O)C,1
2_2_6_dimethyl_4_1e_3_4_methylthio_phenyl_3_oxo_1_propen_1_y_cid9864881.png,2_2_6_dimethyl_4_1e_3_4_methylthio_phenyl_3_oxo_1_propen_1_y_cid9864881,"2-(2,6-Dimethyl-4-((1E)-3-(4-(methylthio)phenyl)-3-oxo-1-propen-1-yl)phenoxy)-2-methylpropanoic acid",9864881,CC1=CC(=CC(=C1OC(C)(C)C(=O)O)C)/C=C/C(=O)C2=CC=C(C=C2)SC,1
2_3_4_5_6_2_h_5_phenylalanine_cid13000995.png,2_3_4_5_6_2_h_5_phenylalanine_cid13000995,"(2,3,4,5,6-~2~H_5_)Phenylalanine",13000995,[2H]C1=C(C(=C(C(=C1[2H])[2H])CC(C(=O)O)N)[2H])[2H],1
2_3_cyclic_guanosine_monophosphate_adenosine_monophosphate_cid135564529.png,2_3_cyclic_guanosine_monophosphate_adenosine_monophosphate_cid135564529,2'3'-Cyclic guanosine monophosphate-adenosine monophosphate,135564529,C1[C@@H]2[C@H]([C@H]([C@@H](O2)N3C=NC4=C3N=C(NC4=O)N)OP(=O)(OC[C@@H]5[C@H]([C@H]([C@@H](O5)N6C=NC7=C(N=CN=C76)N)O)OP(=O)(O1)O)O)O,1
2_4_6_trinitrotoluene_cid8376.png,2_4_6_trinitrotoluene_cid8376,"2,4,6-Trinitrotoluene",8376,CC1=C(C=C(C=C1[N+](=O)[O-])[N+](=O)[O-])[N+](=O)[O-],1
2_4_amino_3_chloro_5_trifluoromethyl_phenyl_2_tert_butylamin_cid9997788.png,2_4_amino_3_chloro_5_trifluoromethyl_phenyl_2_tert_butylamin_cid9997788,2-(4-Amino-3-chloro-5-trifluoromethyl-phenyl)-2-tert-butylaminoethanol hydrochloride,9997788,CC(C)(C)NC(CO)C1=CC(=C(C(=C1)Cl)N)C(F)(F)F.Cl,1
2_5_dimethoxy_4_iodoamphetamine_cid1229.png,2_5_dimethoxy_4_iodoamphetamine_cid1229,"2,5-Dimethoxy-4-iodoamphetamine",1229,CC(CC1=CC(=C(C=C1OC)I)OC)N,1
2_deoxy_4_c_ethynyl_2_fluoroadenosine_cid6483431.png,2_deoxy_4_c_ethynyl_2_fluoroadenosine_cid6483431,2'-Deoxy-4'-C-ethynyl-2-fluoroadenosine,6483431,C#C[C@]1([C@H](C[C@@H](O1)N2C=NC3=C(N=C(N=C32)F)N)O)CO,1
2_fluoro_2_deoxy_d_glucose_cid170049.png,2_fluoro_2_deoxy_d_glucose_cid170049,2-Fluoro-2-deoxy-D-glucose,170049,C([C@H]([C@H]([C@@H]([C@H](C=O)F)O)O)O)O,1
2_hydroxy_5_2_3_5_6_tetrafluoro_4_trifluoromethyl_benzylamin_cid9951955.png,2_hydroxy_5_2_3_5_6_tetrafluoro_4_trifluoromethyl_benzylamin_cid9951955,"2-Hydroxy-5-(2,3,5,6-tetrafluoro-4-trifluoromethyl-benzylamino)benzoic acid",9951955,C1=CC(=C(C=C1NCC2=C(C(=C(C(=C2F)F)C(F)(F)F)F)F)C(=O)O)O,1
2_naphthacenecarboxamide_4_dimethylamino_1_4_4a_5_5a_6_11_12_cid54704426.png,2_naphthacenecarboxamide_4_dimethylamino_1_4_4a_5_5a_6_11_12_cid54704426,"2-Naphthacenecarboxamide, 4-(dimethylamino)-1,4,4a,5,5a,6,11,12a-octahydro-3,6,10,12,12a-pentahydroxy-6-methyl-1,11-dioxo-, hydrochloride (1:1), (4S,4aS,5aS,6S,12aS)-",54704426,C[C@@]1([C@H]2C[C@H]3[C@@H](C(=O)C(=C([C@]3(C(=O)C2=C(C4=C1C=CC=C4O)O)O)O)C(=O)N)N(C)C)O.Cl,1
2h3_acetic_2h_acid_cid2723903.png,2h3_acetic_2h_acid_cid2723903,(2H3)acetic (2H)acid,2723903,[2H]C([2H])([2H])C(=O)O[2H],1
2h4_tetrahydro_2h4_furan_cid80290.png,2h4_tetrahydro_2h4_furan_cid80290,(2H4)Tetrahydro(2H4)furan,80290,[2H]C1(C(C(OC1([2H])[2H])([2H])[2H])([2H])[2H])[2H],1
3_4_diaminopyridine_cid5918.png,3_4_diaminopyridine_cid5918,"3,4-Diaminopyridine",5918,C1=CN=CC(=C1N)N,1
3_iodobenzylguanidine_cid60860.png,3_iodobenzylguanidine_cid60860,3-Iodobenzylguanidine,60860,C1=CC(=CC(=C1)I)CN=C(N)N,1
3r_6r_3_2_3_dihydro_1h_inden_2_yl_1_1r_1_2_6_dimethyl_3_pyri_cid11634973.png,3r_6r_3_2_3_dihydro_1h_inden_2_yl_1_1r_1_2_6_dimethyl_3_pyri_cid11634973,"(3R,6R)-3-(2,3-Dihydro-1H-inden-2-yl)-1-((1R)-1-(2,6-dimethyl-3-pyridinyl)-2-(4-morpholinyl)-2-oxoethyl)-6-((1S)-1-methylpropyl)-2,5-piperazinedione",11634973,CC[C@H](C)[C@@H]1C(=O)N[C@@H](C(=O)N1[C@H](C2=C(N=C(C=C2)C)C)C(=O)N3CCOCC3)C4CC5=CC=CC=C5C4,1
4_2_hydroxypropan_2_yl_1_methylcyclohexan_1_ol_water_1_1_cid17141.png,4_2_hydroxypropan_2_yl_1_methylcyclohexan_1_ol_water_1_1_cid17141,4-(2-Hydroxypropan-2-yl)-1-methylcyclohexan-1-ol--water (1/1),17141,CC1(CCC(CC1)C(C)(C)O)O.O,1
4_6_acetyl_3_3_4_acetyl_3_hydroxy_2_propylphenylthio_propoxy_cid9893228.png,4_6_acetyl_3_3_4_acetyl_3_hydroxy_2_propylphenylthio_propoxy_cid9893228,4-(6-Acetyl-3-(3-(4-acetyl-3-hydroxy-2-propylphenylthio)propoxy)-2-propylphenoxy)butyric acid,9893228,CCCC1=C(C=CC(=C1OCCCC(=O)O)C(=O)C)OCCCSC2=C(C(=C(C=C2)C(=O)C)O)CCC,1
4_aminomethyl_benzoic_acid_cid65526.png,4_aminomethyl_benzoic_acid_cid65526,4-(Aminomethyl)Benzoic Acid,65526,C1=CC(=CC=C1CN)C(=O)O,1
4_aminomethyl_cyclohexanecarboxylic_acid_cid5526.png,4_aminomethyl_cyclohexanecarboxylic_acid_cid5526,4-(Aminomethyl)cyclohexanecarboxylic acid,5526,C1CC(CCC1CN)C(=O)O,1
4_aminopyridine_cid1727.png,4_aminopyridine_cid1727,4-Aminopyridine,1727,C1=CN=CC=C1N,1
4_dimethylamino_1_5_10_11_12a_pentahydroxy_6_methyl_3_12_dio_cid54671203.png,4_dimethylamino_1_5_10_11_12a_pentahydroxy_6_methyl_3_12_dio_cid54671203,"4-(Dimethylamino)-1,5,10,11,12a-pentahydroxy-6-methyl-3,12-dioxo-3,4,4a,5,5a,6,12,12a-octahydrotetracene-2-carboximidic acid",54671203,C[C@@H]1[C@H]2[C@@H]([C@H]3[C@@H](C(=O)C(=C([C@]3(C(=O)C2=C(C4=C1C=CC=C4O)O)O)O)C(=O)N)N(C)C)O,1
4_dimethylamino_phenol_cid22174.png,4_dimethylamino_phenol_cid22174,4-(Dimethylamino)phenol,22174,CN(C)C1=CC=C(C=C1)O,1
4_formylphenylboronic_acid_cid591073.png,4_formylphenylboronic_acid_cid591073,4-Formylphenylboronic Acid,591073,B(C1=CC=C(C=C1)C=O)(O)O,1
4_methoxyphenol_cid9015.png,4_methoxyphenol_cid9015,4-Methoxyphenol,9015,COC1=CC=C(C=C1)O,1
4_methylpyrazole_cid3406.png,4_methylpyrazole_cid3406,4-Methylpyrazole,3406,CC1=CNN=C1,1
5_4_2_carboxyethyl_carbamoyl_phenyl_diazenyl_2_hydroxybenzoi_cid54585.png,5_4_2_carboxyethyl_carbamoyl_phenyl_diazenyl_2_hydroxybenzoi_cid54585,5-((4-((2-Carboxyethyl)carbamoyl)phenyl)diazenyl)-2-hydroxybenzoic acid,54585,C1=CC(=CC=C1C(=O)NCCC(=O)O)N=NC2=CC(=C(C=C2)O)C(=O)O,1
5_6_dimethylxanthenone_4_acetic_acid_cid123964.png,5_6_dimethylxanthenone_4_acetic_acid_cid123964,"5,6-Dimethylxanthenone-4-Acetic Acid",123964,CC1=C(C2=C(C=C1)C(=O)C3=CC=CC(=C3O2)CC(=O)O)C,1
5_7_diiodo_8_hydroxyquinoline_cid3728.png,5_7_diiodo_8_hydroxyquinoline_cid3728,"5,7-Diiodo-8-hydroxyquinoline",3728,C1=CC2=C(C(=C(C=C2I)I)O)N=C1,1
5_adp_cid6022.png,5_adp_cid6022,5'-Adp,6022,C1=NC(=C2C(=N1)N(C=N2)[C@H]3[C@@H]([C@@H]([C@H](O3)COP(=O)(O)OP(=O)(O)O)O)O)N,1
5_aminolevulinic_acid_hexyl_ester_cid6433083.png,5_aminolevulinic_acid_hexyl_ester_cid6433083,5-Aminolevulinic acid hexyl ester,6433083,CCCCCCOC(=O)CCC(=O)CN,1
5_aminosalicylic_acid_cid4075.png,5_aminosalicylic_acid_cid4075,5-Aminosalicylic Acid,4075,C1=CC(=C(C=C1N)C(=O)O)O,1
5_atp_cid5957.png,5_atp_cid5957,5'-Atp,5957,C1=NC(=C2C(=N1)N(C=N2)[C@H]3[C@@H]([C@@H]([C@H](O3)COP(=O)(O)OP(=O)(O)OP(=O)(O)O)O)O)N,1
5_aza_2_deoxycytidine_cid451668.png,5_aza_2_deoxycytidine_cid451668,5-Aza-2'-deoxycytidine,451668,C1[C@@H]([C@H](O[C@H]1N2C=NC(=NC2=O)N)CO)O,1
5_ctp_cid6176.png,5_ctp_cid6176,5'-Ctp,6176,C1=CN(C(=O)N=C1N)[C@H]2[C@@H]([C@@H]([C@H](O2)COP(=O)(O)OP(=O)(O)OP(=O)(O)O)O)O,1
5_fluorouracil_cid3385.png,5_fluorouracil_cid3385,5-Fluorouracil,3385,C1=C(C(=O)NC(=O)N1)F,1
6_2_5_dioxo_2_5_dihydro_1h_pyrrol_1_yl_n_s_1_s_1_4_s_7_metho_cid89396500.png,6_2_5_dioxo_2_5_dihydro_1h_pyrrol_1_yl_n_s_1_s_1_4_s_7_metho_cid89396500,"6-(2,5-dioxo-2,5-dihydro-1H-pyrrol-1-yl)-N-((S)-1-(((S)-1-((4-((S)-7-methoxy-8-(3-(((S)-7-methoxy-2-(4-methoxyphenyl)-5-oxo-5,11a-dihydro-1H-benzo[e]pyrrolo[1,2-a][1,4]diazepin-8-yl)oxy)propoxy)-5-oxo-5,11a-dihydro-1H-benzo[e]pyrrolo[1,2-a][1,4]diazepin-2-yl)phenyl)amino)-1-oxopropan-2-yl)amino)-3-methyl-1-oxobutan-2-yl)hexanamide",89396500,C[C@@H](C(=O)NC1=CC=C(C=C1)C2=CN3[C@@H](C2)C=NC4=CC(=C(C=C4C3=O)OC)OCCCOC5=C(C=C6C(=C5)N=C[C@@H]7CC(=CN7C6=O)C8=CC=C(C=C8)OC)OC)NC(=O)[C@H](C(C)C)NC(=O)CCCCCN9C(=O)C=CC9=O,1
6_aminohexanoic_acid_cid564.png,6_aminohexanoic_acid_cid564,6-Aminohexanoic Acid,564,C(CCC(=O)O)CCN,1
6_mercaptopurine_cid667490.png,6_mercaptopurine_cid667490,6-Mercaptopurine,667490,C1=NC2=C(N1)C(=S)N=CN2,1
7_chloro_2_methylimino_5_phenyl_2_3_dihydro_4h_1_4_benzodiaz_cid2712.png,7_chloro_2_methylimino_5_phenyl_2_3_dihydro_4h_1_4_benzodiaz_cid2712,"7-Chloro-2-(methylimino)-5-phenyl-2,3-dihydro-4H-1,4-benzodiazepin-4-ol",2712,CN=C1CN(C(=C2C=C(C=CC2=N1)Cl)C3=CC=CC=C3)O,1
7_ethyl_10_hydroxycamptothecin_cid104842.png,7_ethyl_10_hydroxycamptothecin_cid104842,7-Ethyl-10-Hydroxycamptothecin,104842,CCC1=C2CN3C(=CC4=C(C3=O)COC(=O)[C@@]4(CC)O)C2=NC5=C1C=C(C=C5)O,1
8_methoxypsoralen_cid4114.png,8_methoxypsoralen_cid4114,8-Methoxypsoralen,4114,COC1=C2C(=CC3=C1OC=C3)C=CC(=O)O2,1
8r_5_6_dihydro_8_methyl_3_3_methyl_1_2_4_thiadiazol_5_yl_1_2_cid117604931.png,8r_5_6_dihydro_8_methyl_3_3_methyl_1_2_4_thiadiazol_5_yl_1_2_cid117604931,"((8R)-5,6-Dihydro-8-methyl-3-(3-methyl-1,2,4-thiadiazol-5-yl)-1,2,4-triazolo(4,3-a)pyrazin-7(8H)-yl)(4-fluorophenyl)methanone",117604931,C[C@@H]1C2=NN=C(N2CCN1C(=O)C3=CC=C(C=C3)F)C4=NC(=NS4)C,1
9_borabicyclo_3_3_1_nonane_cid78966.png,9_borabicyclo_3_3_1_nonane_cid78966,9-Borabicyclo(3.3.1)nonane,78966,B1C2CCCC1CCC2,1
a47934_cid72715759.png,a47934_cid72715759,A47934,72715759,C1[C@H]2C(=O)N[C@@H](C3=CC(=CC(=C3)OC4=C(C=CC(=C4)[C@H](C(=O)N2)N)OS(=O)(=O)O)O)C(=O)N[C@@H]5C6=CC(=C(C(=C6)OC7=C(C=C(C=C7)[C@H]([C@H]8C(=O)N[C@H](C9=C(C(=CC(=C9)O)O)C2=C(C(=CC(=C2)[C@H](C(=O)N8)NC5=O)Cl)O)C(=O)O)O)Cl)O)OC2=C(C=C1C=C2)Cl,1
abacavir_sulfate_cid441384.png,abacavir_sulfate_cid441384,Abacavir Sulfate,441384,C1CC1NC2=C3C(=NC(=N2)N)N(C=N3)[C@@H]4C[C@@H](C=C4)CO.C1CC1NC2=C3C(=NC(=N2)N)N(C=N3)[C@@H]4C[C@@H](C=C4)CO.OS(=O)(=O)O,1
abarelix_cid16131215.png,abarelix_cid16131215,Abarelix,16131215,C[C@H](C(=O)N)NC(=O)[C@@H]1CCCN1C(=O)[C@H](CCCCNC(C)C)NC(=O)[C@H](CC(C)C)NC(=O)[C@@H](CC(=O)N)NC(=O)[C@H](CC2=CC=C(C=C2)O)N(C)C(=O)[C@H](CO)NC(=O)[C@@H](CC3=CN=CC=C3)NC(=O)[C@@H](CC4=CC=C(C=C4)Cl)NC(=O)[C@@H](CC5=CC6=CC=CC=C6C=C5)NC(=O)C,1
abediterol_cid11962616.png,abediterol_cid11962616,Abediterol,11962616,C1=CC=C(C=C1)C(COCCCCCCNC[C@@H](C2=C3C=CC(=O)NC3=C(C=C2)O)O)(F)F,1
abemaciclib_cid46220502.png,abemaciclib_cid46220502,Abemaciclib,46220502,CCN1CCN(CC1)CC2=CN=C(C=C2)NC3=NC=C(C(=N3)C4=CC5=C(C(=C4)F)N=C(N5C(C)C)C)F,1
abiraterone_acetate_cid9821849.png,abiraterone_acetate_cid9821849,Abiraterone Acetate,9821849,CC(=O)O[C@H]1CC[C@@]2([C@H]3CC[C@]4([C@H]([C@@H]3CC=C2C1)CC=C4C5=CN=CC=C5)C)C,1
abiraterone_cid132971.png,abiraterone_cid132971,Abiraterone,132971,C[C@]12CC[C@@H](CC1=CC[C@@H]3[C@@H]2CC[C@]4([C@H]3CC=C4C5=CN=CC=C5)C)O,1
abt_263_cid24978538.png,abt_263_cid24978538,Abt 263,24978538,CC1(CCC(=C(C1)CN2CCN(CC2)C3=CC=C(C=C3)C(=O)NS(=O)(=O)C4=CC(=C(C=C4)N[C@H](CCN5CCOCC5)CSC6=CC=CC=C6)S(=O)(=O)C(F)(F)F)C7=CC=C(C=C7)Cl)C,1
acalabrutinib_cid71226662.png,acalabrutinib_cid71226662,Acalabrutinib,71226662,CC#CC(=O)N1CCC[C@H]1C2=NC(=C3N2C=CN=C3N)C4=CC=C(C=C4)C(=O)NC5=CC=CC=N5,1
acamprosate_cid71158.png,acamprosate_cid71158,Acamprosate,71158,CC(=O)NCCCS(=O)(=O)O,1
acarbose_cid9811704.png,acarbose_cid9811704,Acarbose,9811704,C[C@@H]1[C@H]([C@@H]([C@H]([C@H](O1)O[C@@H]2[C@H](O[C@@H]([C@@H]([C@H]2O)O)O[C@H]([C@@H](CO)O)[C@@H]([C@H](C=O)O)O)CO)O)O)N[C@H]3C=C([C@H]([C@@H]([C@H]3O)O)O)CO,1
acebutolol_cid1978.png,acebutolol_cid1978,Acebutolol,1978,CCCC(=O)NC1=CC(=C(C=C1)OCC(CNC(C)C)O)C(=O)C,1
acenocoumarol_cid54676537.png,acenocoumarol_cid54676537,Acenocoumarol,54676537,CC(=O)CC(C1=CC=C(C=C1)[N+](=O)[O-])C2=C(C3=CC=CC=C3OC2=O)O,1
acetaminophen_cid1983.png,acetaminophen_cid1983,Acetaminophen,1983,CC(=O)NC1=CC=C(C=C1)O,1
acetanilide_cid904.png,acetanilide_cid904,Acetanilide,904,CC(=O)NC1=CC=CC=C1,1
acetarsol_cid1985.png,acetarsol_cid1985,Acetarsol,1985,CC(=O)NC1=C(C=CC(=C1)[As](=O)(O)O)O,1
acetazolamide_cid1986.png,acetazolamide_cid1986,Acetazolamide,1986,CC(=O)NC1=NN=C(S1)S(=O)(=O)N,1
acetic_acid_cid176.png,acetic_acid_cid176,Acetic Acid,176,CC(=O)O,1
acetohydroxamic_acid_cid1990.png,acetohydroxamic_acid_cid1990,Acetohydroxamic Acid,1990,CC(=O)NO,1
acetone_d6_cid522220.png,acetone_d6_cid522220,Acetone-D6,522220,[2H]C([2H])([2H])C(=O)C([2H])([2H])[2H],1
acetrizoic_acid_cid6806.png,acetrizoic_acid_cid6806,Acetrizoic Acid,6806,CC(=O)NC1=C(C=C(C(=C1I)C(=O)O)I)I,1
acetylcholine_cid187.png,acetylcholine_cid187,Acetylcholine,187,CC(=O)OCC[N+](C)(C)C,1
acetylfentanyl_cid527015.png,acetylfentanyl_cid527015,Acetylfentanyl,527015,CC(=O)N(C1CCN(CC1)CCC2=CC=CC=C2)C3=CC=CC=C3,1
acetylglucosamine_cid1738118.png,acetylglucosamine_cid1738118,Acetylglucosamine,1738118,CC(=O)N[C@@H](C=O)[C@H]([C@@H]([C@@H](CO)O)O)O,1
acid_blue_3_cid77073.png,acid_blue_3_cid77073,Acid Blue 3,77073,CCN(CC)C1=CC=C(C=C1)C(=C2C=CC(=[N+](CC)CC)C=C2)C3=CC(=C(C=C3S(=O)(=O)[O-])S(=O)(=O)[O-])O.CCN(CC)C1=CC=C(C=C1)C(=C2C=CC(=[N+](CC)CC)C=C2)C3=CC(=C(C=C3S(=O)(=O)[O-])S(=O)(=O)[O-])O.[Ca+2],1
aclidinium_cid11434515.png,aclidinium_cid11434515,Aclidinium,11434515,C1C[N+]2(CCC1[C@H](C2)OC(=O)C(C3=CC=CS3)(C4=CC=CS4)O)CCCOC5=CC=CC=C5,1
acotiamide_cid5282338.png,acotiamide_cid5282338,Acotiamide,5282338,CC(C)N(CCNC(=O)C1=CSC(=N1)NC(=O)C2=CC(=C(C=C2O)OC)OC)C(C)C,1
acoziborole_cid44178354.png,acoziborole_cid44178354,Acoziborole,44178354,B1(C2=C(C=CC(=C2)NC(=O)C3=C(C=C(C=C3)F)C(F)(F)F)C(O1)(C)C)O,1
acridine_orange_base_cid62344.png,acridine_orange_base_cid62344,Acridine Orange Base,62344,CN(C)C1=CC2=C(C=C1)C=C3C=CC(=CC3=N2)N(C)C,1
actarit_cid2018.png,actarit_cid2018,Actarit,2018,CC(=O)NC1=CC=C(C=C1)CC(=O)O,1
aculeacin_a_cid53297328.png,aculeacin_a_cid53297328,Aculeacin A,53297328,CCCCCCCCCCCCCCCC(=O)N[C@H]1C[C@H]([C@H](NC(=O)[C@@H]2[C@H]([C@H](CN2C(=O)[C@@H](NC(=O)[C@@H](NC(=O)[C@@H]3C[C@H](CN3C(=O)[C@@H](NC1=O)[C@@H](C)O)O)[C@@H]([C@H](C4=CC=C(C=C4)O)O)O)[C@@H](CC(=O)N)O)C)O)O)O,1
acyclovir_cid135398513.png,acyclovir_cid135398513,Acyclovir,135398513,C1=NC2=C(N1COCCO)N=C(NC2=O)N,1
adagrasib_cid138611145.png,adagrasib_cid138611145,Adagrasib,138611145,CN1CCC[C@H]1COC2=NC3=C(CCN(C3)C4=CC=CC5=C4C(=CC=C5)Cl)C(=N2)N6CCN([C@H](C6)CC#N)C(=O)C(=C)F,1
adapalene_cid60164.png,adapalene_cid60164,Adapalene,60164,COC1=C(C=C(C=C1)C2=CC3=C(C=C2)C=C(C=C3)C(=O)O)C45CC6CC(C4)CC(C6)C5,1
adefovir_dipivoxil_cid60871.png,adefovir_dipivoxil_cid60871,Adefovir Dipivoxil,60871,CC(C)(C)C(=O)OCOP(=O)(COCCN1C=NC2=C(N=CN=C21)N)OCOC(=O)C(C)(C)C,1
adenosine_monophosphate_cid6083.png,adenosine_monophosphate_cid6083,Adenosine Monophosphate,6083,C1=NC(=C2C(=N1)N(C=N2)[C@H]3[C@@H]([C@@H]([C@H](O3)COP(=O)(O)O)O)O)N,1
afamelanotide_cid16197727.png,afamelanotide_cid16197727,Afamelanotide,16197727,CCCC[C@@H](C(=O)N[C@@H](CCC(=O)O)C(=O)N[C@@H](CC1=CN=CN1)C(=O)N[C@H](CC2=CC=CC=C2)C(=O)N[C@@H](CCCNC(=N)N)C(=O)N[C@@H](CC3=CNC4=CC=CC=C43)C(=O)NCC(=O)N[C@@H](CCCCN)C(=O)N5CCC[C@H]5C(=O)N[C@@H](C(C)C)C(=O)N)NC(=O)[C@H](CO)NC(=O)[C@H](CC6=CC=C(C=C6)O)NC(=O)[C@H](CO)NC(=O)C,1
afatinib_cid10184653.png,afatinib_cid10184653,Afatinib,10184653,CN(C)C/C=C/C(=O)NC1=C(C=C2C(=C1)C(=NC=N2)NC3=CC(=C(C=C3)F)Cl)O[C@H]4CCOC4,1
afegostat_cid447607.png,afegostat_cid447607,Afegostat,447607,C1[C@@H]([C@H]([C@@H](CN1)O)O)CO,1
aficamten_cid139331495.png,aficamten_cid139331495,Aficamten,139331495,CCC1=NC(=NO1)C2=CC3=C(C=C2)[C@@H](CC3)NC(=O)C4=CN(N=C4)C,1
afloqualone_cid2040.png,afloqualone_cid2040,Afloqualone,2040,CC1=CC=CC=C1N2C(=NC3=C(C2=O)C=C(C=C3)N)CF,1
agomelatine_cid82148.png,agomelatine_cid82148,Agomelatine,82148,CC(=O)NCCC1=CC=CC2=C1C=C(C=C2)OC,1
alarelin_cid9855027.png,alarelin_cid9855027,Alarelin,9855027,CCNC(=O)[C@@H]1CCCN1C(=O)[C@H](CCCN=C(N)N)NC(=O)[C@H](CC(C)C)NC(=O)[C@@H](C)NC(=O)[C@H](CC2=CC=C(C=C2)O)NC(=O)[C@H](CO)NC(=O)[C@H](CC3=CNC4=CC=CC=C43)NC(=O)[C@H](CC5=CN=CN5)NC(=O)[C@@H]6CCC(=O)N6,1
albaconazole_cid208952.png,albaconazole_cid208952,Albaconazole,208952,C[C@H]([C@](CN1C=NC=N1)(C2=C(C=C(C=C2)F)F)O)N3C=NC4=C(C3=O)C=CC(=C4)Cl,1
albendazole_cid2082.png,albendazole_cid2082,Albendazole,2082,CCCSC1=CC2=C(C=C1)N=C(N2)NC(=O)OC,1
alcaftadine_cid19371515.png,alcaftadine_cid19371515,Alcaftadine,19371515,CN1CCC(=C2C3=CC=CC=C3CCN4C2=NC=C4C=O)CC1,1
alclometasone_dipropionate_cid636374.png,alclometasone_dipropionate_cid636374,Alclometasone Dipropionate,636374,CCC(=O)OCC(=O)[C@]1([C@@H](C[C@@H]2[C@@]1(C[C@@H]([C@H]3[C@H]2[C@@H](CC4=CC(=O)C=C[C@]34C)Cl)O)C)C)OC(=O)CC,1
aldosterone_cid5839.png,aldosterone_cid5839,Aldosterone,5839,C[C@]12CCC(=O)C=C1CC[C@@H]3[C@@H]2[C@H](C[C@]4([C@H]3CC[C@@H]4C(=O)CO)C=O)O,1
aldrin_cid12310947.png,aldrin_cid12310947,Aldrin,12310947,C1[C@@H]2C=C[C@H]1[C@H]3[C@@H]2[C@]4(C(=C([C@@]3(C4(Cl)Cl)Cl)Cl)Cl)Cl,1
alectinib_cid49806720.png,alectinib_cid49806720,Alectinib,49806720,CCC1=CC2=C(C=C1N3CCC(CC3)N4CCOCC4)C(C5=C(C2=O)C6=C(N5)C=C(C=C6)C#N)(C)C,1
alendronic_acid_cid2088.png,alendronic_acid_cid2088,Alendronic Acid,2088,C(CC(O)(P(=O)(O)O)P(=O)(O)O)CN,1
alfentanil_cid51263.png,alfentanil_cid51263,Alfentanil,51263,CCC(=O)N(C1=CC=CC=C1)C2(CCN(CC2)CCN3C(=O)N(N=N3)CC)COC,1
alflutinib_cid118861389.png,alflutinib_cid118861389,Alflutinib,118861389,CN1C=C(C2=CC=CC=C21)C3=NC(=NC=C3)NC4=C(N=C(C(=C4)NC(=O)C=C)N(C)CCN(C)C)OCC(F)(F)F,1
allantoin_cid204.png,allantoin_cid204,Allantoin,204,C1(C(=O)NC(=O)N1)NC(=O)N,1
allicin_cid65036.png,allicin_cid65036,Allicin,65036,C=CCSS(=O)CC=C,1
allopurinol_cid135401907.png,allopurinol_cid135401907,Allopurinol,135401907,C1=NNC2=C1C(=O)NC=N2,1
alminoprofen_cid2097.png,alminoprofen_cid2097,Alminoprofen,2097,CC(C1=CC=C(C=C1)NCC(=C)C)C(=O)O,1
almitrine_cid33887.png,almitrine_cid33887,Almitrine,33887,C=CCNC1=NC(=NC(=N1)N2CCN(CC2)C(C3=CC=C(C=C3)F)C4=CC=C(C=C4)F)NCC=C,1
almotriptan_malate_cid123607.png,almotriptan_malate_cid123607,Almotriptan Malate,123607,CN(C)CCC1=CNC2=C1C=C(C=C2)CS(=O)(=O)N3CCCC3.C(C(C(=O)O)O)C(=O)O,1
alogliptin_cid11450633.png,alogliptin_cid11450633,Alogliptin,11450633,CN1C(=O)C=C(N(C1=O)CC2=CC=CC=C2C#N)N3CCC[C@H](C3)N,1
alpelisib_cid56649450.png,alpelisib_cid56649450,Alpelisib,56649450,CC1=C(SC(=N1)NC(=O)N2CCC[C@H]2C(=O)N)C3=CC(=NC=C3)C(C)(C)C(F)(F)F,1
alpha_amanitin_cid9543442.png,alpha_amanitin_cid9543442,Alpha-Amanitin,9543442,CC[C@H](C)[C@H]1C(=O)NCC(=O)N[C@H]2C[S@@](=O)C3=C(C[C@@H](C(=O)NCC(=O)N1)NC(=O)[C@@H](NC(=O)[C@@H]4C[C@H](CN4C(=O)[C@@H](NC2=O)CC(=O)N)O)[C@@H](C)[C@H](CO)O)C5=C(N3)C=C(C=C5)O,1
alpha_cyclodextrin_cid444913.png,alpha_cyclodextrin_cid444913,Alpha-Cyclodextrin,444913,C([C@@H]1[C@@H]2[C@@H]([C@H]([C@H](O1)O[C@@H]3[C@H](O[C@@H]([C@@H]([C@H]3O)O)O[C@@H]4[C@H](O[C@@H]([C@@H]([C@H]4O)O)O[C@@H]5[C@H](O[C@@H]([C@@H]([C@H]5O)O)O[C@@H]6[C@H](O[C@@H]([C@@H]([C@H]6O)O)O[C@@H]7[C@H](O[C@H](O2)[C@@H]([C@H]7O)O)CO)CO)CO)CO)CO)O)O)O,1
alpha_galactosylceramide_cid2826713.png,alpha_galactosylceramide_cid2826713,Alpha-Galactosylceramide,2826713,CCCCCCCCCCCCCCCCCCCCCCCCCC(=O)N[C@@H](CO[C@@H]1[C@@H]([C@H]([C@H]([C@H](O1)CO)O)O)O)[C@@H]([C@@H](CCCCCCCCCCCCCC)O)O,1
alpha_tocopherol_cid14985.png,alpha_tocopherol_cid14985,alpha-Tocopherol,14985,CC1=C(C2=C(CC[C@@](O2)(C)CCC[C@H](C)CCC[C@H](C)CCCC(C)C)C(=C1O)C)C,1
alphaxalone_cid104845.png,alphaxalone_cid104845,Alphaxalone,104845,CC(=O)[C@H]1CC[C@@H]2[C@@]1(CC(=O)[C@H]3[C@H]2CC[C@@H]4[C@@]3(CC[C@H](C4)O)C)C,1
alprazolam_cid2118.png,alprazolam_cid2118,Alprazolam,2118,CC1=NN=C2N1C3=C(C=C(C=C3)Cl)C(=NC2)C4=CC=CC=C4,1
alprenolol_cid2119.png,alprenolol_cid2119,Alprenolol,2119,CC(C)NCC(COC1=CC=CC=C1CC=C)O,1
alprostadil_cid5280723.png,alprostadil_cid5280723,Alprostadil,5280723,CCCCC[C@@H](/C=C/[C@H]1[C@@H](CC(=O)[C@@H]1CCCCCCC(=O)O)O)O,1
altiratinib_cid54576299.png,altiratinib_cid54576299,Altiratinib,54576299,C1CC1C(=O)NC2=NC=CC(=C2)OC3=C(C=C(C(=C3)F)NC(=O)C4(CC4)C(=O)NC5=CC=C(C=C5)F)F,1
aluminum_clofibrate_cid10390009.png,aluminum_clofibrate_cid10390009,Aluminum Clofibrate,10390009,CC(C)(C(=O)[O-])OC1=CC=C(C=C1)Cl.CC(C)(C(=O)[O-])OC1=CC=C(C=C1)Cl.[OH-].[Al+3],1
aluminum_hydroxide_cid10176082.png,aluminum_hydroxide_cid10176082,Aluminum Hydroxide,10176082,[OH-].[OH-].[OH-].[Al+3],1
alvelestat_cid46861623.png,alvelestat_cid46861623,Alvelestat,46861623,CC1=C(C=C(C(=O)N1C2=CC=CC(=C2)C(F)(F)F)C(=O)NCC3=NC=C(C=C3)S(=O)(=O)C)C4=CC=NN4C,1
alverine_cid3678.png,alverine_cid3678,Alverine,3678,CCN(CCCC1=CC=CC=C1)CCCC2=CC=CC=C2,1
alvimopan_cid5488548.png,alvimopan_cid5488548,Alvimopan,5488548,C[C@H]1CN(CC[C@@]1(C)C2=CC(=CC=C2)O)C[C@H](CC3=CC=CC=C3)C(=O)NCC(=O)O,1
alvocidib_cid5287969.png,alvocidib_cid5287969,Alvocidib,5287969,CN1CC[C@@H]([C@@H](C1)O)C2=C(C=C(C3=C2OC(=CC3=O)C4=CC=CC=C4Cl)O)O,1
amantadine_cid2130.png,amantadine_cid2130,Amantadine,2130,C1C2CC3CC1CC(C2)(C3)N,1
ambenonium_chloride_cid8288.png,ambenonium_chloride_cid8288,Ambenonium Chloride,8288,CC[N+](CC)(CCNC(=O)C(=O)NCC[N+](CC)(CC)CC1=CC=CC=C1Cl)CC2=CC=CC=C2Cl.[Cl-].[Cl-],1
ambrisentan_cid6918493.png,ambrisentan_cid6918493,Ambrisentan,6918493,CC1=CC(=NC(=N1)O[C@H](C(=O)O)C(C2=CC=CC=C2)(C3=CC=CC=C3)OC)C,1
amdinocillin_cid36273.png,amdinocillin_cid36273,Amdinocillin,36273,CC1([C@@H](N2[C@H](S1)[C@@H](C2=O)N=CN3CCCCCC3)C(=O)O)C,1
amenamevir_cid11397521.png,amenamevir_cid11397521,Amenamevir,11397521,CC1=C(C(=CC=C1)C)N(CC(=O)NC2=CC=C(C=C2)C3=NOC=N3)C(=O)C4CCS(=O)(=O)CC4,1
amfenac_cid2136.png,amfenac_cid2136,Amfenac,2136,C1=CC=C(C=C1)C(=O)C2=CC=CC(=C2N)CC(=O)O,1
amikacin_cid37768.png,amikacin_cid37768,Amikacin,37768,C1[C@@H]([C@H]([C@@H]([C@H]([C@@H]1NC(=O)[C@H](CCN)O)O[C@@H]2[C@@H]([C@H]([C@@H]([C@H](O2)CO)O)N)O)O)O[C@@H]3[C@@H]([C@H]([C@@H]([C@H](O3)CN)O)O)O)N,1
amiloride_cid16231.png,amiloride_cid16231,Amiloride,16231,C1(=C(N=C(C(=N1)Cl)N)N)C(=O)N=C(N)N,1
aminoglutethimide_cid2145.png,aminoglutethimide_cid2145,Aminoglutethimide,2145,CCC1(CCC(=O)NC1=O)C2=CC=C(C=C2)N,1
aminorex_cid16630.png,aminorex_cid16630,Aminorex,16630,C1C(OC(=N1)N)C2=CC=CC=C2,1
amiodarone_cid2157.png,amiodarone_cid2157,Amiodarone,2157,CCCCC1=C(C2=CC=CC=C2O1)C(=O)C3=CC(=C(C(=C3)I)OCCN(CC)CC)I,1
amisulpride_cid2159.png,amisulpride_cid2159,Amisulpride,2159,CCN1CCCC1CNC(=O)C2=CC(=C(C=C2OC)N)S(=O)(=O)CC,1
amitraz_cid36324.png,amitraz_cid36324,Amitraz,36324,CC1=CC(=C(C=C1)N=CN(C)C=NC2=C(C=C(C=C2)C)C)C,1
amitriptyline_cid2160.png,amitriptyline_cid2160,Amitriptyline,2160,CN(C)CCC=C1C2=CC=CC=C2CCC3=CC=CC=C31,1
amlodipine_cid2162.png,amlodipine_cid2162,Amlodipine,2162,CCOC(=O)C1=C(NC(=C(C1C2=CC=CC=C2Cl)C(=O)OC)C)COCCN,1
ammonium_sulfate_cid6097028.png,ammonium_sulfate_cid6097028,Ammonium Sulfate,6097028,[NH4+].[NH4+].[O-]S(=O)(=O)[O-],1
amodiaquine_hydrochloride_cid64646.png,amodiaquine_hydrochloride_cid64646,Amodiaquine Hydrochloride,64646,CCN(CC)CC1=C(C=CC(=C1)NC2=C3C=CC(=CC3=NC=C2)Cl)O.O.O.Cl.Cl,1
amorolfine_cid54260.png,amorolfine_cid54260,Amorolfine,54260,CCC(C)(C)C1=CC=C(C=C1)CC(C)CN2C[C@H](O[C@H](C2)C)C,1
amosulalol_cid2169.png,amosulalol_cid2169,Amosulalol,2169,CC1=C(C=C(C=C1)C(CNCCOC2=CC=CC=C2OC)O)S(=O)(=O)N,1
amoxicillin_cid33613.png,amoxicillin_cid33613,Amoxicillin,33613,CC1([C@@H](N2[C@H](S1)[C@@H](C2=O)NC(=O)[C@@H](C3=CC=C(C=C3)O)N)C(=O)O)C,1
amphetamine_cid3007.png,amphetamine_cid3007,Amphetamine,3007,CC(CC1=CC=CC=C1)N,1
amphotericin_b_cid5280965.png,amphotericin_b_cid5280965,Amphotericin B,5280965,C[C@H]1/C=C/C=C/C=C/C=C/C=C/C=C/C=C/[C@@H](C[C@H]2[C@@H]([C@H](C[C@](O2)(C[C@H](C[C@H]([C@@H](CC[C@H](C[C@H](CC(=O)O[C@H]([C@@H]([C@@H]1O)C)C)O)O)O)O)O)O)O)C(=O)O)O[C@H]3[C@H]([C@H]([C@@H]([C@H](O3)C)O)N)O,1
amphotericin_b_monomethyl_ester_cid11968030.png,amphotericin_b_monomethyl_ester_cid11968030,Amphotericin B monomethyl ester,11968030,C[C@H]1/C=C/C=C/C=C/C=C/C=C/C=C/C=C/[C@@H](C[C@H]2[C@@H]([C@H](C[C@](O2)(C[C@H](C[C@H]([C@@H](CC[C@H](C[C@H](CC(=O)O[C@H]([C@@H]([C@@H]1O)C)C)O)O)O)O)O)O)O)C(=O)OC)O[C@H]3[C@H]([C@H]([C@@H]([C@H](O3)C)O)N)O,1
ampicillin_cid6249.png,ampicillin_cid6249,Ampicillin,6249,CC1([C@@H](N2[C@H](S1)[C@@H](C2=O)NC(=O)[C@@H](C3=CC=CC=C3)N)C(=O)O)C,1
amprenavir_cid65016.png,amprenavir_cid65016,Amprenavir,65016,CC(C)CN(C[C@H]([C@H](CC1=CC=CC=C1)NC(=O)O[C@H]2CCOC2)O)S(=O)(=O)C3=CC=C(C=C3)N,1
amprolium_cid73341.png,amprolium_cid73341,Amprolium,73341,CCCC1=NC=C(C(=N1)N)C[N+]2=CC=CC=C2C.[Cl-],1
anacetrapib_cid11556427.png,anacetrapib_cid11556427,Anacetrapib,11556427,C[C@H]1[C@H](OC(=O)N1CC2=C(C=CC(=C2)C(F)(F)F)C3=CC(=C(C=C3OC)F)C(C)C)C4=CC(=CC(=C4)C(F)(F)F)C(F)(F)F,1
anagliptin_cid44513473.png,anagliptin_cid44513473,Anagliptin,44513473,CC1=NN2C=C(C=NC2=C1)C(=O)NCC(C)(C)NCC(=O)N3CCC[C@H]3C#N,1
anagrelide_cid135409400.png,anagrelide_cid135409400,Anagrelide,135409400,C1C2=C(C=CC(=C2Cl)Cl)N=C3N1CC(=O)N3,1
anamorelin_cid9828911.png,anamorelin_cid9828911,Anamorelin,9828911,CC(C)(C(=O)N[C@H](CC1=CNC2=CC=CC=C21)C(=O)N3CCC[C@](C3)(CC4=CC=CC=C4)C(=O)N(C)N(C)C)N,1
anastrozole_cid2187.png,anastrozole_cid2187,Anastrozole,2187,CC(C)(C#N)C1=CC(=CC(=C1)CN2C=NC=N2)C(C)(C)C#N,1
andarine_cid9824562.png,andarine_cid9824562,Andarine,9824562,CC(=O)NC1=CC=C(C=C1)OC[C@@](C)(C(=O)NC2=CC(=C(C=C2)[N+](=O)[O-])C(F)(F)F)O,1
androgen_receptor_antagonist_2_cid50940514.png,androgen_receptor_antagonist_2_cid50940514,Androgen receptor antagonist 2,50940514,CC1(C(=O)N(C(=S)N1C2=CC(=C(C=C2)C(=O)NC)F)C3=C(C(=C(C=C3)C#N)C(F)(F)F)F)C,1
androstenedione_cid6128.png,androstenedione_cid6128,Androstenedione,6128,C[C@]12CCC(=O)C=C1CC[C@@H]3[C@@H]2CC[C@]4([C@H]3CCC4=O)C,1
angiotensin_ii_cid172198.png,angiotensin_ii_cid172198,Angiotensin Ii,172198,CC[C@H](C)[C@@H](C(=O)N[C@@H](CC1=CN=CN1)C(=O)N2CCC[C@H]2C(=O)N[C@@H](CC3=CC=CC=C3)C(=O)O)NC(=O)[C@H](CC4=CC=C(C=C4)O)NC(=O)[C@H](C(C)C)NC(=O)[C@H](CCCN=C(N)N)NC(=O)[C@H](CC(=O)O)N,1
anidulafungin_cid166548.png,anidulafungin_cid166548,Anidulafungin,166548,CCCCCOC1=CC=C(C=C1)C2=CC=C(C=C2)C3=CC=C(C=C3)C(=O)N[C@H]4C[C@H]([C@H](NC(=O)[C@@H]5[C@H]([C@H](CN5C(=O)[C@@H](NC(=O)[C@@H](NC(=O)[C@@H]6C[C@H](CN6C(=O)[C@@H](NC4=O)[C@@H](C)O)O)[C@@H]([C@H](C7=CC=C(C=C7)O)O)O)[C@@H](C)O)C)O)O)O,1
aniline_cid6115.png,aniline_cid6115,Aniline,6115,C1=CC=C(C=C1)N,1
ansamitocin_p_3_cid5282049.png,ansamitocin_p_3_cid5282049,Ansamitocin P-3,5282049,C[C@@H]1[C@@H]2C[C@]([C@@H](/C=C/C=C(/CC3=CC(=C(C(=C3)OC)Cl)N(C(=O)C[C@@H]([C@]4([C@H]1O4)C)OC(=O)C(C)C)C)\C)OC)(NC(=O)O2)O,1
ansamitocins_cid131750198.png,ansamitocins_cid131750198,Ansamitocins,131750198,CCC(=O)O[C@H]1CC(=O)N(C2=C(C(=CC(=C2)C/C(=C/C=C/[C@H]([C@]3(C[C@@H]([C@H](C4[C@]1(O4)C)C)OC(=O)N3)O)OC)/C)OC)Cl)C.C[C@@H]1[C@@H]2C[C@]([C@@H](/C=C/C=C(/CC3=CC(=C(C(=C3)OC)Cl)N(C(=O)C[C@@H]([C@]4(C1O4)C)OC(=O)C)C)\C)OC)(NC(=O)O2)O.C[C@@H]1[C@@H]2C[C@]([C@@H](/C=C/C=C(/CC3=CC(=C(C(=C3)OC)Cl)N(C(=O)C[C@@H]([C@]4(C1O4)C)OC(=O)CC(C)C)C)\C)OC)(NC(=O)O2)O.C[C@@H]1[C@@H]2C[C@]([C@@H](/C=C/C=C(/CC3=CC(=C(C(=C3)OC)Cl)N(C(=O)C[C@@H]([C@]4(C1O4)C)OC(=O)C(C)C)C)\C)OC)(NC(=O)O2)O,1
anserine_cid112072.png,anserine_cid112072,Anserine,112072,CN1C=NC=C1C[C@@H](C(=O)O)NC(=O)CCN,1
anthracene_cid8418.png,anthracene_cid8418,Anthracene,8418,C1=CC=C2C=C3C=CC=CC3=CC2=C1,1
anthralin_cid2202.png,anthralin_cid2202,Anthralin,2202,C1C2=C(C(=CC=C2)O)C(=O)C3=C1C=CC=C3O,1
antimony_potassium_tartrate_cid73415808.png,antimony_potassium_tartrate_cid73415808,Antimony Potassium Tartrate,73415808,[C@@H]([C@H](C(=O)[O-])[O-])(C(=O)[O-])[O-].[C@@H]([C@H](C(=O)[O-])[O-])(C(=O)[O-])[O-].O.O.O.[K+].[K+].[Sb+3].[Sb+3],1
apalutamide_cid24872560.png,apalutamide_cid24872560,Apalutamide,24872560,CNC(=O)C1=C(C=C(C=C1)N2C(=S)N(C(=O)C23CCC3)C4=CC(=C(N=C4)C#N)C(F)(F)F)F,1
apigenin_cid5280443.png,apigenin_cid5280443,Apigenin,5280443,C1=CC(=CC=C1C2=CC(=O)C3=C(C=C(C=C3O2)O)O)O,1
apilimod_cid10173277.png,apilimod_cid10173277,Apilimod,10173277,CC1=CC(=CC=C1)/C=N/NC2=CC(=NC(=N2)OCCC3=CC=CC=N3)N4CCOCC4,1
apixaban_cid10182969.png,apixaban_cid10182969,Apixaban,10182969,COC1=CC=C(C=C1)N2C3=C(CCN(C3=O)C4=CC=C(C=C4)N5CCCCC5=O)C(=N2)C(=O)N,1
apomorphine_cid6005.png,apomorphine_cid6005,Apomorphine,6005,CN1CCC2=C3[C@H]1CC4=C(C3=CC=C2)C(=C(C=C4)O)O,1
apraclonidine_cid2216.png,apraclonidine_cid2216,Apraclonidine,2216,C1CN=C(N1)NC2=C(C=C(C=C2Cl)N)Cl,1
apremilast_cid11561674.png,apremilast_cid11561674,Apremilast,11561674,CCOC1=C(C=CC(=C1)[C@@H](CS(=O)(=O)C)N2C(=O)C3=C(C2=O)C(=CC=C3)NC(=O)C)OC,1
aprepitant_cid135413536.png,aprepitant_cid135413536,Aprepitant,135413536,C[C@H](C1=CC(=CC(=C1)C(F)(F)F)C(F)(F)F)O[C@@H]2[C@@H](N(CCO2)CC3=NNC(=O)N3)C4=CC=C(C=C4)F,1
aprocitentan_cid25099191.png,aprocitentan_cid25099191,Aprocitentan,25099191,C1=CC(=CC=C1C2=C(N=CN=C2OCCOC3=NC=C(C=N3)Br)NS(=O)(=O)N)Br,1
ar_67_cid6712744.png,ar_67_cid6712744,Ar-67,6712744,CC[C@@]1(C2=C(COC1=O)C(=O)N3CC4=C(C5=C(C=CC(=C5)O)N=C4C3=C2)[Si](C)(C)C(C)(C)C)O,1
arachidonic_acid_cid444899.png,arachidonic_acid_cid444899,Arachidonic Acid,444899,CCCCC/C=C\C/C=C\C/C=C\C/C=C\CCCC(=O)O,1
aranidipine_cid2225.png,aranidipine_cid2225,Aranidipine,2225,CC1=C(C(C(=C(N1)C)C(=O)OCC(=O)C)C2=CC=CC=C2[N+](=O)[O-])C(=O)OC,1
arecoline_cid2230.png,arecoline_cid2230,Arecoline,2230,CN1CCC=C(C1)C(=O)OC,1
argipressin_cid644077.png,argipressin_cid644077,Argipressin,644077,C1C[C@H](N(C1)C(=O)[C@@H]2CSSC[C@@H](C(=O)N[C@H](C(=O)N[C@H](C(=O)N[C@H](C(=O)N[C@H](C(=O)N2)CC(=O)N)CCC(=O)N)CC3=CC=CC=C3)CC4=CC=C(C=C4)O)N)C(=O)N[C@@H](CCCN=C(N)N)C(=O)NCC(=O)N,1
aripiprazole_cid60795.png,aripiprazole_cid60795,Aripiprazole,60795,C1CC(=O)NC2=C1C=CC(=C2)OCCCCN3CCN(CC3)C4=C(C(=CC=C4)Cl)Cl,1
aripiprazole_lauroxil_cid49831411.png,aripiprazole_lauroxil_cid49831411,Aripiprazole Lauroxil,49831411,CCCCCCCCCCCC(=O)OCN1C(=O)CCC2=C1C=C(C=C2)OCCCCN3CCN(CC3)C4=C(C(=CC=C4)Cl)Cl,1
arsanilic_acid_cid7389.png,arsanilic_acid_cid7389,Arsanilic Acid,7389,C1=CC(=CC=C1N)[As](=O)(O)O,1
arsenic_trioxide_cid14888.png,arsenic_trioxide_cid14888,Arsenic Trioxide,14888,[O-2].[O-2].[O-2].[As+3].[As+3],1
arsphenamine_cid8774.png,arsphenamine_cid8774,Arsphenamine,8774,C1=CC(=C(C=C1[As]=[As]C2=CC(=C(C=C2)O)N)N)O.Cl.Cl,1
artemether_cid68911.png,artemether_cid68911,Artemether,68911,C[C@@H]1CC[C@H]2[C@H]([C@H](O[C@H]3[C@@]24[C@H]1CC[C@](O3)(OO4)C)OC)C,1
artemisinin_cid68827.png,artemisinin_cid68827,Artemisinin,68827,C[C@@H]1CC[C@H]2[C@H](C(=O)O[C@H]3[C@@]24[C@H]1CC[C@](O3)(OO4)C)C,1
artemisone_cid11531457.png,artemisone_cid11531457,Artemisone,11531457,C[C@@H]1CC[C@H]2[C@H]([C@@H](O[C@H]3[C@@]24[C@H]1CC[C@](O3)(OO4)C)N5CCS(=O)(=O)CC5)C,1
arterolane_cid10475633.png,arterolane_cid10475633,Arterolane,10475633,CC(C)(CNC(=O)CC1CCC2(CC1)OC3(C4CC5CC(C4)CC3C5)OO2)N,1
artesunate_cid6917864.png,artesunate_cid6917864,Artesunate,6917864,C[C@@H]1CC[C@H]2[C@H]([C@@H](O[C@H]3[C@@]24[C@H]1CC[C@](O3)(OO4)C)OC(=O)CCC(=O)O)C,1
articaine_cid32170.png,articaine_cid32170,Articaine,32170,CCCNC(C)C(=O)NC1=C(SC=C1C)C(=O)OC,1
arv_471_cid134562533.png,arv_471_cid134562533,Arv-471,134562533,C1CC2=C(C=CC(=C2)O)[C@H]([C@H]1C3=CC=CC=C3)C4=CC=C(C=C4)N5CCC(CC5)CN6CCN(CC6)C7=CC8=C(C=C7)C(=O)N(C8)[C@H]9CCC(=O)NC9=O,1
asciminib_cid72165228.png,asciminib_cid72165228,Asciminib,72165228,C1CN(C[C@@H]1O)C2=C(C=C(C=N2)C(=O)NC3=CC=C(C=C3)OC(F)(F)Cl)C4=CC=NN4,1
ascomycin_cid5282071.png,ascomycin_cid5282071,Ascomycin,5282071,CC[C@@H]1/C=C(/C[C@@H](C[C@@H]([C@@H]2[C@H](C[C@H]([C@@](O2)(C(=O)C(=O)N3CCCC[C@H]3C(=O)O[C@@H]([C@@H]([C@H](CC1=O)O)C)/C(=C/[C@@H]4CC[C@H]([C@@H](C4)OC)O)/C)O)C)OC)OC)C)\C,1
asenapine_maleate_cid6917875.png,asenapine_maleate_cid6917875,Asenapine Maleate,6917875,CN1C[C@H]2[C@H](C1)C3=C(C=CC(=C3)Cl)OC4=CC=CC=C24.C(=C\C(=O)O)\C(=O)O,1
asimadoline_cid179340.png,asimadoline_cid179340,Asimadoline,179340,CN([C@H](CN1CC[C@@H](C1)O)C2=CC=CC=C2)C(=O)C(C3=CC=CC=C3)C4=CC=CC=C4,1
asparagine_cid6267.png,asparagine_cid6267,(-)-Asparagine,6267,C([C@@H](C(=O)O)N)C(=O)N,1
aspidospermidine_3_carboxylic_acid_4_acetyloxy_6_7_didehydro_cid10629256.png,aspidospermidine_3_carboxylic_acid_4_acetyloxy_6_7_didehydro_cid10629256,"Aspidospermidine-3-carboxylic acid, 4-(acetyloxy)-6,7-didehydro-15-((2R,4R,6S,8S)-4-(1,1-difluoroethyl)-1,3,4,5,6,7,8,9-octahydro-8-(methoxycarbonyl)-2,6-methano-2H-azecino(4,3-b)indol-8-yl)-3-hydroxy-16-methoxy-1-methyl-, methyl ester, (2beta,3beta,4beta,5alpha,12R,19alpha)-",10629256,CC[C@@]12C=CCN3[C@@H]1[C@]4(CC3)[C@H]([C@]([C@@H]2OC(=O)C)(C(=O)OC)O)N(C5=CC(=C(C=C45)[C@]6(C[C@@H]7C[C@H](CN(C7)CC8=C6NC9=CC=CC=C89)C(C)(F)F)C(=O)OC)OC)C,1
aspirin_cid2244.png,aspirin_cid2244,Aspirin,2244,CC(=O)OC1=CC=CC=C1C(=O)O,1
astemizole_cid2247.png,astemizole_cid2247,Astemizole,2247,COC1=CC=C(C=C1)CCN2CCC(CC2)NC3=NC4=CC=CC=C4N3CC5=CC=C(C=C5)F,1
asunaprevir_cid16076883.png,asunaprevir_cid16076883,Asunaprevir,16076883,CC(C)(C)[C@@H](C(=O)N1C[C@@H](C[C@H]1C(=O)N[C@@]2(C[C@H]2C=C)C(=O)NS(=O)(=O)C3CC3)OC4=NC=C(C5=C4C=C(C=C5)Cl)OC)NC(=O)OC(C)(C)C,1
asundexian_cid135206011.png,asundexian_cid135206011,Asundexian,135206011,CC[C@@H](C(=O)NC1=CC(=C(C=C1)C(=O)N)F)N2C=C(C(=CC2=O)C3=C(C=CC(=C3)Cl)N4C=C(N=N4)C(F)(F)F)OC,1
atazanavir_cid148192.png,atazanavir_cid148192,Atazanavir,148192,CC(C)(C)[C@@H](C(=O)N[C@@H](CC1=CC=CC=C1)[C@H](CN(CC2=CC=C(C=C2)C3=CC=CC=N3)NC(=O)[C@H](C(C)(C)C)NC(=O)OC)O)NC(=O)OC,1
atenolol_cid2249.png,atenolol_cid2249,Atenolol,2249,CC(C)NCC(COC1=CC=C(C=C1)CC(=O)N)O,1
atogepant_cid72163100.png,atogepant_cid72163100,Atogepant,72163100,C[C@@H]1[C@@H](C[C@@H](C(=O)N1CC(F)(F)F)NC(=O)C2=CC3=C(C[C@@]4(C3)C5=C(NC4=O)N=CC=C5)N=C2)C6=C(C=CC(=C6F)F)F,1
atomoxetine_hydrochloride_cid54840.png,atomoxetine_hydrochloride_cid54840,Atomoxetine Hydrochloride,54840,CC1=CC=CC=C1O[C@H](CCNC)C2=CC=CC=C2.Cl,1
atorvastatin_calcium_cid60822.png,atorvastatin_calcium_cid60822,Atorvastatin Calcium,60822,CC(C)C1=C(C(=C(N1CC[C@H](C[C@H](CC(=O)[O-])O)O)C2=CC=C(C=C2)F)C3=CC=CC=C3)C(=O)NC4=CC=CC=C4.CC(C)C1=C(C(=C(N1CC[C@H](C[C@H](CC(=O)[O-])O)O)C2=CC=C(C=C2)F)C3=CC=CC=C3)C(=O)NC4=CC=CC=C4.[Ca+2],1
atorvastatin_cid60823.png,atorvastatin_cid60823,Atorvastatin,60823,CC(C)C1=C(C(=C(N1CC[C@H](C[C@H](CC(=O)O)O)O)C2=CC=C(C=C2)F)C3=CC=CC=C3)C(=O)NC4=CC=CC=C4,1
atosiban_cid5311010.png,atosiban_cid5311010,Atosiban,5311010,CC[C@H](C)[C@H]1C(=O)N[C@H](C(=O)N[C@H](C(=O)N[C@@H](CSSCCC(=O)N[C@@H](C(=O)N1)CC2=CC=C(C=C2)OCC)C(=O)N3CCC[C@H]3C(=O)N[C@@H](CCCN)C(=O)NCC(=O)N)CC(=O)N)[C@@H](C)O,1
atracurium_besylate_cid47320.png,atracurium_besylate_cid47320,Atracurium Besylate,47320,C[N+]1(CCC2=CC(=C(C=C2C1CC3=CC(=C(C=C3)OC)OC)OC)OC)CCC(=O)OCCCCCOC(=O)CC[N+]4(CCC5=CC(=C(C=C5C4CC6=CC(=C(C=C6)OC)OC)OC)OC)C.C1=CC=C(C=C1)S(=O)(=O)[O-].C1=CC=C(C=C1)S(=O)(=O)[O-],1
atrazine_cid2256.png,atrazine_cid2256,Atrazine,2256,CCNC1=NC(=NC(=N1)Cl)NC(C)C,1
atropine_sulfate_cid60196398.png,atropine_sulfate_cid60196398,Atropine sulfate,60196398,CN1[C@@H]2CC[C@H]1CC(C2)OC(=O)C(CO)C3=CC=CC=C3.CN1[C@@H]2CC[C@H]1CC(C2)OC(=O)C(CO)C3=CC=CC=C3.OS(=O)(=O)O,1
auranofin_cid16667669.png,auranofin_cid16667669,Auranofin,16667669,CCP(CC)CC.CC(=O)OC[C@@H]1[C@H]([C@@H]([C@H]([C@@H](O1)[S-])OC(=O)C)OC(=O)C)OC(=O)C.[Au+],1
aurate_1_2_hydroxy_3_mercapto_1_propanesulfonato_2_sodium_1__cid10452965.png,aurate_1_2_hydroxy_3_mercapto_1_propanesulfonato_2_sodium_1__cid10452965,"Aurate(1-), (2-hydroxy-3-mercapto-1-propanesulfonato(2-))-, sodium (1:1)",10452965,C(C(CS(=O)(=O)[O-])O)[S-].[Na+].[Au+],1
aurothioglucose_cid6104.png,aurothioglucose_cid6104,Aurothioglucose,6104,C([C@@H]1[C@H]([C@@H]([C@H]([C@H](O1)[S-])O)O)O)O.[Au+],1
avacopan_cid49841217.png,avacopan_cid49841217,Avacopan,49841217,CC1=C(C(=CC=C1)F)C(=O)N2CCC[C@@H]([C@@H]2C3=CC=C(C=C3)NC4CCCC4)C(=O)NC5=CC(=C(C=C5)C)C(F)(F)F,1
avanafil_cid9869929.png,avanafil_cid9869929,Avanafil,9869929,COC1=C(C=C(C=C1)CNC2=NC(=NC=C2C(=O)NCC3=NC=CC=N3)N4CCC[C@H]4CO)Cl,1
avapritinib_cid118023034.png,avapritinib_cid118023034,Avapritinib,118023034,C[C@](C1=CC=C(C=C1)F)(C2=CN=C(N=C2)N3CCN(CC3)C4=NC=NN5C4=CC(=C5)C6=CN(N=C6)C)N,1
avermectin_b1a_cid6434889.png,avermectin_b1a_cid6434889,avermectin B1a,6434889,CC[C@H](C)[C@@H]1[C@H](C=C[C@@]2(O1)C[C@@H]3C[C@H](O2)C/C=C(/[C@H]([C@H](/C=C/C=C/4\CO[C@H]5[C@@]4([C@@H](C=C([C@H]5O)C)C(=O)O3)O)C)O[C@H]6C[C@@H]([C@H]([C@@H](O6)C)O[C@H]7C[C@@H]([C@H]([C@@H](O7)C)O)OC)OC)\C)C,1
avutometinib_cid16719221.png,avutometinib_cid16719221,Avutometinib,16719221,CC1=C(C(=O)OC2=C1C=CC(=C2)OC3=NC=CC=N3)CC4=C(C(=NC=C4)NS(=O)(=O)NC)F,1
azacytidine_cid9444.png,azacytidine_cid9444,Azacytidine,9444,C1=NC(=NC(=O)N1[C@H]2[C@@H]([C@@H]([C@H](O2)CO)O)O)N,1
azaline_b_cid71587609.png,azaline_b_cid71587609,azaline B,71587609,C[C@H](C(=O)N)NC(=O)[C@@H]1CCCN1C(=O)[C@H](CCCCNC(C)C)NC(=O)[C@H](CC(C)C)NC(=O)[C@@H](CC2=CC=C(C=C2)NC3=NN=C(N3)N)NC(=O)[C@H](CC4=CC=C(C=C4)NC5=NN=C(N5)N)NC(=O)[C@H](CO)NC(=O)[C@@H](CC6=CN=CC=C6)NC(=O)[C@@H](CC7=CC=C(C=C7)Cl)NC(=O)[C@@H](CC8=CC9=CC=CC=C9C=C8)NC(=O)C,1
azamulin_cid16072188.png,azamulin_cid16072188,Azamulin,16072188,CC[C@@]1(C[C@H]([C@@]2([C@@H](CC[C@@]3([C@H]2C(=O)CC3)[C@H]([C@@H]1O)C)C)C)OC(=O)CSC4=NNC(=N4)N)C,1
azane_dichloroplatinum_cid5702198.png,azane_dichloroplatinum_cid5702198,azane;dichloroplatinum,5702198,N.N.Cl[Pt]Cl,1
azathioprine_cid2265.png,azathioprine_cid2265,Azathioprine,2265,CN1C=NC(=C1SC2=NC=NC3=C2NC=N3)[N+](=O)[O-],1
azd8871_cid71558565.png,azd8871_cid71558565,Azd8871,71558565,CN(CCCN1C2=C(C=C(C=C2)CNC[C@@H](C3=C4C=CC(=O)NC4=C(C=C3)O)O)N=N1)C5CCC(CC5)OC(=O)C(C6=CC=CS6)(C7=CC=CS7)O,1
azd_1390_cid126689157.png,azd_1390_cid126689157,Azd-1390,126689157,CC(C)N1C2=C(C=NC3=CC(=C(C=C32)C4=CN=C(C=C4)OCCCN5CCCCC5)F)N(C1=O)C,1
azelaic_acid_cid2266.png,azelaic_acid_cid2266,Azelaic Acid,2266,C(CCCC(=O)O)CCCC(=O)O,1
azelnidipine_cid65948.png,azelnidipine_cid65948,Azelnidipine,65948,CC1=C(C(C(=C(N1)N)C(=O)OC2CN(C2)C(C3=CC=CC=C3)C4=CC=CC=C4)C5=CC(=CC=C5)[N+](=O)[O-])C(=O)OC(C)C,1
azilsartan_cid135415867.png,azilsartan_cid135415867,Azilsartan,135415867,CCOC1=NC2=CC=CC(=C2N1CC3=CC=C(C=C3)C4=CC=CC=C4C5=NOC(=O)N5)C(=O)O,1
azithromycin_cid447043.png,azithromycin_cid447043,Azithromycin,447043,CC[C@@H]1[C@@]([C@@H]([C@H](N(C[C@@H](C[C@@]([C@@H]([C@H]([C@@H]([C@H](C(=O)O1)C)O[C@H]2C[C@@]([C@H]([C@@H](O2)C)O)(C)OC)C)O[C@H]3[C@@H]([C@H](C[C@H](O3)C)N(C)C)O)(C)O)C)C)C)O)(C)O,1
azosemide_cid2273.png,azosemide_cid2273,Azosemide,2273,C1=CSC(=C1)CNC2=CC(=C(C=C2C3=NNN=N3)S(=O)(=O)N)Cl,1
aztreonam_cid5742832.png,aztreonam_cid5742832,Aztreonam,5742832,C[C@H]1[C@@H](C(=O)N1S(=O)(=O)O)NC(=O)/C(=N\OC(C)(C)C(=O)O)/C2=CSC(=N2)N,1
bacampicillin_cid441397.png,bacampicillin_cid441397,Bacampicillin,441397,CCOC(=O)OC(C)OC(=O)[C@H]1C(S[C@H]2N1C(=O)[C@H]2NC(=O)[C@@H](C3=CC=CC=C3)N)(C)C,1
bacitracin_cid10909430.png,bacitracin_cid10909430,Bacitracin,10909430,CC[C@H](C)[C@H]1C(=O)N[C@@H](C(=O)N[C@H](C(=O)N[C@@H](C(=O)N[C@H](C(=O)NCCCC[C@@H](C(=O)N[C@@H](C(=O)N1)CCCN)NC(=O)[C@H]([C@@H](C)CC)NC(=O)[C@@H](CCC(=O)O)NC(=O)[C@H](CC(C)C)NC(=O)[C@@H]2CSC(=N2)[C@H]([C@@H](C)CC)N)CC(=O)N)CC(=O)O)CC3=CN=CN3)CC4=CC=CC=C4,1
baclofen_cid2284.png,baclofen_cid2284,Baclofen,2284,C1=CC(=CC=C1C(CC(=O)O)CN)Cl,1
balaglitazone_cid9889200.png,balaglitazone_cid9889200,Balaglitazone,9889200,CN1C(=NC2=CC=CC=C2C1=O)COC3=CC=C(C=C3)CC4C(=O)NC(=O)S4,1
balapiravir_cid11691726.png,balapiravir_cid11691726,Balapiravir,11691726,CC(C)C(=O)OC[C@@]1([C@H]([C@H]([C@@H](O1)N2C=CC(=NC2=O)N)OC(=O)C(C)C)OC(=O)C(C)C)N=[N+]=[N-],1
balhimycin_cid139586033.png,balhimycin_cid139586033,Balhimycin,139586033,CC1C(=O)[C@@](CC(O1)OC2C3C(=O)NC(C4=C(C(=CC(=C4)O)O)C5=C(C=CC(=C5)C(C(=O)N3)NC(=O)C6C7=CC(=C(C(=C7)OC8=C(C=C2C=C8)Cl)OC9C([C@H](C([C@H](O9)CO)O)O)O)OC1=C(C=C(C=C1)C(C(C(=O)NC(C(=O)N6)CC(=O)N)NC(=O)C(CC(C)C)NC)O)Cl)O)C(=O)O)(C)N,1
baloxavir_marboxil_cid124081896.png,baloxavir_marboxil_cid124081896,Baloxavir Marboxil,124081896,COC(=O)OCOC1=C2C(=O)N3CCOC[C@H]3N(N2C=CC1=O)[C@H]4C5=C(CSC6=CC=CC=C46)C(=C(C=C5)F)F,1
bambuterol_cid54766.png,bambuterol_cid54766,Bambuterol,54766,CC(C)(C)NCC(C1=CC(=CC(=C1)OC(=O)N(C)C)OC(=O)N(C)C)O,1
bamifylline_cid16229.png,bamifylline_cid16229,Bamifylline,16229,CCN(CCN1C(=NC2=C1C(=O)N(C(=O)N2C)C)CC3=CC=CC=C3)CCO,1
baricitinib_cid44205240.png,baricitinib_cid44205240,Baricitinib,44205240,CCS(=O)(=O)N1CC(C1)(CC#N)N2C=C(C=N2)C3=C4C=CNC4=NC=N3,1
barium_sulfate_cid24414.png,barium_sulfate_cid24414,Barium Sulfate,24414,[O-]S(=O)(=O)[O-].[Ba+2],1
barnidipine_cid443869.png,barnidipine_cid443869,Barnidipine,443869,CC1=C([C@@H](C(=C(N1)C)C(=O)O[C@H]2CCN(C2)CC3=CC=CC=C3)C4=CC(=CC=C4)[N+](=O)[O-])C(=O)OC,1
barusiban_cid9832431.png,barusiban_cid9832431,Barusiban,9832431,CC[C@H](C)[C@H]1C(=O)N[C@H](C(=O)N[C@H](C(=O)N[C@@H](CCSCCC(=O)N[C@@H](C(=O)N1)CC2=CNC3=CC=CC=C32)C(=O)N(C)[C@@H](CCCN)CO)CC(=O)N)[C@H](C)CC,1
basifungin_cid9919816.png,basifungin_cid9919816,Basifungin,9919816,CC[C@@H](C)[C@H]1C(=O)N([C@H](C(=O)N[C@H](C(=O)N([C@H](C(=O)O[C@@H](C(=O)N([C@H](C(=O)N[C@H](C(=O)N([C@H](C(=O)N2CCC[C@H]2C(=O)N1)CC3=CC=CC=C3)C)CC4=CC=CC=C4)C(C)C)C)[C@H](C)CC)C(C)(C)O)C)CC(C)C)C(C)C)C,1
batefenterol_cid10372836.png,batefenterol_cid10372836,Batefenterol,10372836,COC1=CC(=C(C=C1CNC[C@@H](C2=C3C=CC(=O)NC3=C(C=C2)O)O)Cl)NC(=O)CCN4CCC(CC4)OC(=O)NC5=CC=CC=C5C6=CC=CC=C6,1
baxdrostat_cid71535962.png,baxdrostat_cid71535962,Baxdrostat,71535962,CCC(=O)N[C@@H]1CCCC2=C1C=NC=C2C3=CC4=C(C=C3)N(C(=O)CC4)C,1
bazedoxifene_cid154257.png,bazedoxifene_cid154257,Bazedoxifene,154257,CC1=C(N(C2=C1C=C(C=C2)O)CC3=CC=C(C=C3)OCCN4CCCCCC4)C5=CC=C(C=C5)O,1
beauvericin_cid3007984.png,beauvericin_cid3007984,Beauvericin,3007984,CC(C)[C@@H]1C(=O)N([C@H](C(=O)O[C@@H](C(=O)N([C@H](C(=O)O[C@@H](C(=O)N([C@H](C(=O)O1)CC2=CC=CC=C2)C)C(C)C)CC3=CC=CC=C3)C)C(C)C)CC4=CC=CC=C4)C,1
becampanel_cid5491960.png,becampanel_cid5491960,Becampanel,5491960,C1=C(C=C2C(=C1CNCP(=O)(O)O)NC(=O)C(=O)N2)[N+](=O)[O-],1
beclabuvir_cid56934415.png,beclabuvir_cid56934415,Beclabuvir,56934415,CN1C[C@H]2CC[C@@H](C1)N2C(=O)[C@]34C[C@H]3C5=C(C=CC(=C5)OC)C6=C(C7=C(N6C4)C=C(C=C7)C(=O)NS(=O)(=O)N(C)C)C8CCCCC8,1
beclamide_cid10391.png,beclamide_cid10391,Beclamide,10391,C1=CC=C(C=C1)CNC(=O)CCCl,1
beclomethasone_cid20469.png,beclomethasone_cid20469,Beclomethasone,20469,C[C@H]1C[C@H]2[C@@H]3CCC4=CC(=O)C=C[C@@]4([C@]3([C@H](C[C@@]2([C@]1(C(=O)CO)O)C)O)Cl)C,1
bedaquiline_cid5388906.png,bedaquiline_cid5388906,Bedaquiline,5388906,CN(C)CC[C@@](C1=CC=CC2=CC=CC=C21)([C@H](C3=CC=CC=C3)C4=C(N=C5C=CC(=CC5=C4)Br)OC)O,1
befunolol_cid2309.png,befunolol_cid2309,Befunolol,2309,CC(C)NCC(COC1=CC=CC2=C1OC(=C2)C(=O)C)O,1
belotecan_cid6456014.png,belotecan_cid6456014,Belotecan,6456014,CC[C@@]1(C2=C(COC1=O)C(=O)N3CC4=C(C5=CC=CC=C5N=C4C3=C2)CCNC(C)C)O,1
belvarafenib_cid89655386.png,belvarafenib_cid89655386,Belvarafenib,89655386,CC1=C(C2=C(C=C1)C(=NC=C2)NC3=C(C(=CC=C3)Cl)F)NC(=O)C4=CSC5=C4N=CN=C5N,1
belzutifan_cid117947097.png,belzutifan_cid117947097,Belzutifan,117947097,CS(=O)(=O)C1=C2[C@@H]([C@@H]([C@@H](C2=C(C=C1)OC3=CC(=CC(=C3)C#N)F)F)F)O,1
benazepril_cid5362124.png,benazepril_cid5362124,Benazepril,5362124,CCOC(=O)[C@H](CCC1=CC=CC=C1)N[C@H]2CCC3=CC=CC=C3N(C2=O)CC(=O)O,1
benidipine_cid656668.png,benidipine_cid656668,Benidipine,656668,CC1=C([C@H](C(=C(N1)C)C(=O)O[C@@H]2CCCN(C2)CC3=CC=CC=C3)C4=CC(=CC=C4)[N+](=O)[O-])C(=O)OC,1
benperidol_cid16363.png,benperidol_cid16363,Benperidol,16363,C1CN(CCC1N2C3=CC=CC=C3NC2=O)CCCC(=O)C4=CC=C(C=C4)F,1
benserazide_cid2327.png,benserazide_cid2327,Benserazide,2327,C1=CC(=C(C(=C1CNNC(=O)C(CO)N)O)O)O,1
benzene_cid241.png,benzene_cid241,Benzene,241,C1=CC=CC=C1,1
benzene_d6_cid71601.png,benzene_d6_cid71601,Benzene-D6,71601,[2H]C1=C(C(=C(C(=C1[2H])[2H])[2H])[2H])[2H],1
benznidazole_cid31593.png,benznidazole_cid31593,Benznidazole,31593,C1=CC=C(C=C1)CNC(=O)CN2C=CN=C2[N+](=O)[O-],1
benzo_a_pyrene_cid2336.png,benzo_a_pyrene_cid2336,Benzo[a]pyrene,2336,C1=CC=C2C3=C4C(=CC2=C1)C=CC5=C4C(=CC=C5)C=C3,1
benzocaine_cid2337.png,benzocaine_cid2337,Benzocaine,2337,CCOC(=O)C1=CC=C(C=C1)N,1
benzoic_acid_cid243.png,benzoic_acid_cid243,Benzoic Acid,243,C1=CC=C(C=C1)C(=O)O,1
benzonatate_cid7699.png,benzonatate_cid7699,Benzonatate,7699,CCCCNC1=CC=C(C=C1)C(=O)OCCOCCOCCOCCOCCOCCOCCOCCOCCOC,1
benzoyl_peroxide_cid7187.png,benzoyl_peroxide_cid7187,Benzoyl Peroxide,7187,C1=CC=C(C=C1)C(=O)OOC(=O)C2=CC=CC=C2,1
benzphetamine_hydrochloride_cid11558159.png,benzphetamine_hydrochloride_cid11558159,Benzphetamine Hydrochloride,11558159,C[C@@H](CC1=CC=CC=C1)N(C)CC2=CC=CC=C2.Cl,1
benztropine_mesylate_cid238053.png,benztropine_mesylate_cid238053,Benztropine mesylate,238053,CN1C2CCC1CC(C2)OC(C3=CC=CC=C3)C4=CC=CC=C4.CS(=O)(=O)O,1
benzyl_alcohol_cid244.png,benzyl_alcohol_cid244,Benzyl Alcohol,244,C1=CC=C(C=C1)CO,1
benzylthiouracil_cid685814.png,benzylthiouracil_cid685814,Benzylthiouracil,685814,C1=CC=C(C=C1)CC2=CC(=O)NC(=S)N2,1
bepotastine_cid164522.png,bepotastine_cid164522,Bepotastine,164522,C1CN(CCC1O[C@@H](C2=CC=C(C=C2)Cl)C3=CC=CC=N3)CCCC(=O)O,1
beraprost_sodium_cid23663404.png,beraprost_sodium_cid23663404,Beraprost Sodium,23663404,CC#CCC(C)[C@@H](/C=C/[C@H]1[C@@H](C[C@H]2[C@@H]1C3=CC=CC(=C3O2)CCCC(=O)[O-])O)O.[Na+],1
berberine_cid2353.png,berberine_cid2353,Berberine,2353,COC1=C(C2=C[N+]3=C(C=C2C=C1)C4=CC5=C(C=C4CC3)OCO5)OC,1
berenil_cid65060.png,berenil_cid65060,Berenil,65060,CC(=O)NCC(=O)O.C1=CC(=CC=C1C(=N)N)NN=NC2=CC=C(C=C2)C(=N)N,1
berninamycin_a_cid91617669.png,berninamycin_a_cid91617669,Berninamycin A,91617669,C/C=C\1/C2=NC(=C(O2)C)C(=O)NC(=C)C(=O)N[C@H](C(=O)NC(=C)C3=NC(=C(O3)C)C(=O)NC(=C)C(=O)NC(=C)C4=NC(=CO4)C5=C(C=CC(=N5)C(=O)NC(=C)C(=O)NC(=C)C(=O)N)C6=NC(=CS6)C(=O)N[C@H](C(=O)N1)[C@@H](C)O)C(C)(C)O,1
besifloxacin_cid10178705.png,besifloxacin_cid10178705,Besifloxacin,10178705,C1CCN(C[C@@H](C1)N)C2=C(C=C3C(=C2Cl)N(C=C(C3=O)C(=O)O)C4CC4)F,1
besifovir_cid5270766.png,besifovir_cid5270766,Besifovir,5270766,C1CC1(CN2C=NC3=CN=C(N=C32)N)OCP(=O)(O)O,1
beta_amanitin_cid76959217.png,beta_amanitin_cid76959217,beta-Amanitin,76959217,CC[C@H](C)[C@H]1C(=O)NCC(=O)N[C@H]2C[S@@](=O)C3=C(C[C@@H](C(=O)NCC(=O)N1)NC(=O)[C@@H](NC(=O)[C@@H]4C[C@H](CN4C(=O)[C@@H](NC2=O)CC(=O)O)O)[C@@H](C)[C@H](CO)O)C5=C(N3)C=C(C=C5)O,1
beta_cyclodextrin_cid444041.png,beta_cyclodextrin_cid444041,beta-Cyclodextrin,444041,C([C@@H]1[C@@H]2[C@@H]([C@H]([C@H](O1)O[C@@H]3[C@H](O[C@@H]([C@@H]([C@H]3O)O)O[C@@H]4[C@H](O[C@@H]([C@@H]([C@H]4O)O)O[C@@H]5[C@H](O[C@@H]([C@@H]([C@H]5O)O)O[C@@H]6[C@H](O[C@@H]([C@@H]([C@H]6O)O)O[C@@H]7[C@H](O[C@@H]([C@@H]([C@H]7O)O)O[C@@H]8[C@H](O[C@H](O2)[C@@H]([C@H]8O)O)CO)CO)CO)CO)CO)CO)O)O)O,1
beta_lactose_cid6134.png,beta_lactose_cid6134,beta-Lactose,6134,C([C@@H]1[C@@H]([C@@H]([C@H]([C@@H](O1)O[C@@H]2[C@H](O[C@H]([C@@H]([C@H]2O)O)O)CO)O)O)O)O,1
beta_propiolactone_cid2365.png,beta_propiolactone_cid2365,Beta-Propiolactone,2365,C1COC1=O,1
betahistine_cid2366.png,betahistine_cid2366,Betahistine,2366,CNCCC1=CC=CC=N1,1
betaine_cid247.png,betaine_cid247,Betaine,247,C[N+](C)(C)CC(=O)[O-],1
betamethasone_cid9782.png,betamethasone_cid9782,Betamethasone,9782,C[C@H]1C[C@H]2[C@@H]3CCC4=CC(=O)C=C[C@@]4([C@]3([C@H](C[C@@]2([C@]1(C(=O)CO)O)C)O)F)C,1
betamethasone_valerate_cid16533.png,betamethasone_valerate_cid16533,Betamethasone Valerate,16533,CCCCC(=O)O[C@@]1([C@H](C[C@@H]2[C@@]1(C[C@@H]([C@]3([C@H]2CCC4=CC(=O)C=C[C@@]43C)F)O)C)C)C(=O)CO,1
betazole_cid7741.png,betazole_cid7741,Betazole,7741,C1=C(NN=C1)CCN,1
bethanechol_cid2370.png,bethanechol_cid2370,Bethanechol,2370,CC(C[N+](C)(C)C)OC(=O)N,1
betrixaban_cid10275777.png,betrixaban_cid10275777,Betrixaban,10275777,CN(C)C(=N)C1=CC=C(C=C1)C(=O)NC2=C(C=C(C=C2)OC)C(=O)NC3=NC=C(C=C3)Cl,1
bexagliflozin_cid25195624.png,bexagliflozin_cid25195624,Bexagliflozin,25195624,C1CC1OCCOC2=CC=C(C=C2)CC3=C(C=CC(=C3)[C@H]4[C@@H]([C@H]([C@@H]([C@H](O4)CO)O)O)O)Cl,1
bexarotene_cid82146.png,bexarotene_cid82146,Bexarotene,82146,CC1=CC2=C(C=C1C(=C)C3=CC=C(C=C3)C(=O)O)C(CCC2(C)C)(C)C,1
bicalutamide_cid2375.png,bicalutamide_cid2375,Bicalutamide,2375,CC(CS(=O)(=O)C1=CC=C(C=C1)F)(C(=O)NC2=CC(=C(C=C2)C#N)C(F)(F)F)O,1
bictegravir_cid90311989.png,bictegravir_cid90311989,Bictegravir,90311989,C1C[C@@H]2C[C@H]1N3[C@H](O2)CN4C=C(C(=O)C(=C4C3=O)O)C(=O)NCC5=C(C=C(C=C5F)F)F,1
bimatoprost_cid5311027.png,bimatoprost_cid5311027,Bimatoprost,5311027,CCNC(=O)CCC/C=C\C[C@H]1[C@H](C[C@H]([C@@H]1/C=C/[C@H](CCC2=CC=CC=C2)O)O)O,1
binimetinib_cid10288191.png,binimetinib_cid10288191,Binimetinib,10288191,CN1C=NC2=C1C=C(C(=C2F)NC3=C(C=C(C=C3)Br)F)C(=O)NOCCO,1
biotin_cid171548.png,biotin_cid171548,Biotin,171548,C1[C@H]2[C@@H]([C@@H](S1)CCCCC(=O)O)NC(=O)N2,1
bis_dibenzylideneacetone_palladium_cid9811564.png,bis_dibenzylideneacetone_palladium_cid9811564,Bis(dibenzylideneacetone)palladium,9811564,C1=CC=C(C=C1)/C=C/C(=O)/C=C/C2=CC=CC=C2.C1=CC=C(C=C1)/C=C/C(=O)/C=C/C2=CC=CC=C2.C1=CC=C(C=C1)/C=C/C(=O)/C=C/C2=CC=CC=C2.[Pd].[Pd],1
bis_pinacolato_diborane_cid2733548.png,bis_pinacolato_diborane_cid2733548,Bis(pinacolato)diborane,2733548,B1(OC(C(O1)(C)C)(C)C)B2OC(C(O2)(C)C)(C)C,1
bisacodyl_cid2391.png,bisacodyl_cid2391,Bisacodyl,2391,CC(=O)OC1=CC=C(C=C1)C(C2=CC=C(C=C2)OC(=O)C)C3=CC=CC=N3,1
bismuth_subcitrate_cid10101269.png,bismuth_subcitrate_cid10101269,Bismuth Subcitrate,10101269,C(C(=O)[O-])C(CC(=O)[O-])(C(=O)[O-])O.C(C(=O)[O-])C(CC(=O)[O-])(C(=O)[O-])O.[K+].[K+].[K+].[Bi+3],1
bismuth_subgallate_cid73415769.png,bismuth_subgallate_cid73415769,Bismuth Subgallate,73415769,C1=C(C=C(C(=C1O)[O-])[O-])C(=O)O.[OH-].[Bi+3],1
bismuth_subsalicylate_cid53629521.png,bismuth_subsalicylate_cid53629521,Bismuth Subsalicylate,53629521,C1=CC=C(C(=C1)C(=O)[O-])[O-].[OH-].[Bi+3],1
bisoprolol_cid2405.png,bisoprolol_cid2405,Bisoprolol,2405,CC(C)NCC(COC1=CC=C(C=C1)COCCOC(C)C)O,1
bithionol_cid2406.png,bithionol_cid2406,Bithionol,2406,C1=C(C=C(C(=C1SC2=C(C(=CC(=C2)Cl)Cl)O)O)Cl)Cl,1
bivalirudin_cid16129704.png,bivalirudin_cid16129704,Bivalirudin,16129704,CC[C@H](C)[C@@H](C(=O)N1CCC[C@H]1C(=O)N[C@@H](CCC(=O)O)C(=O)N[C@@H](CCC(=O)O)C(=O)N[C@@H](CC2=CC=C(C=C2)O)C(=O)N[C@@H](CC(C)C)C(=O)O)NC(=O)[C@H](CCC(=O)O)NC(=O)[C@H](CCC(=O)O)NC(=O)[C@H](CC3=CC=CC=C3)NC(=O)[C@H](CC(=O)O)NC(=O)CNC(=O)[C@H](CC(=O)N)NC(=O)CNC(=O)CNC(=O)CNC(=O)CNC(=O)[C@@H]4CCCN4C(=O)[C@H](CCCNC(=N)N)NC(=O)[C@@H]5CCCN5C(=O)[C@@H](CC6=CC=CC=C6)N,1
bleomycin_a2_cid5460769.png,bleomycin_a2_cid5460769,Bleomycin A2,5460769,CC1=C(N=C(N=C1N)[C@H](CC(=O)N)NC[C@@H](C(=O)N)N)C(=O)N[C@@H]([C@H](C2=CN=CN2)O[C@H]3[C@H]([C@H]([C@@H]([C@@H](O3)CO)O)O)O[C@@H]4[C@H]([C@H]([C@@H]([C@H](O4)CO)O)OC(=O)N)O)C(=O)N[C@H](C)[C@H]([C@H](C)C(=O)N[C@@H]([C@@H](C)O)C(=O)NCCC5=NC(=CS5)C6=NC(=CS6)C(=O)NCCC[S+](C)C)O,1
bleomycin_b2_cid5496540.png,bleomycin_b2_cid5496540,Bleomycin B2,5496540,CC1=C(N=C(N=C1N)[C@H](CC(=O)N)NC[C@@H](C(=O)N)N)C(=O)N[C@@H]([C@H](C2=CN=CN2)O[C@H]3[C@H]([C@H]([C@@H]([C@@H](O3)CO)O)O)O[C@@H]4[C@H]([C@H]([C@@H]([C@H](O4)CO)O)OC(=O)N)O)C(=O)N[C@H](C)[C@H]([C@H](C)C(=O)N[C@@H]([C@@H](C)O)C(=O)NCCC5=NC(=CS5)C6=NC(=CS6)C(=O)NCCCCN=C(N)N)O,1
bleomycin_cid5360373.png,bleomycin_cid5360373,Bleomycin,5360373,CC1=C(N=C(N=C1N)[C@H](CC(=O)N)NC[C@@H](C(=O)N)N)C(=O)N[C@@H]([C@H](C2=CN=CN2)OC3C(C(C(C(O3)CO)O)O)OC4C(C(C(C(O4)CO)O)OC(=O)N)O)C(=O)N[C@H](C)[C@H]([C@H](C)C(=O)N[C@@H]([C@@H](C)O)C(=O)NCCC5=NC(=CS5)C6=NC(=CS6)C(=O)NCCC[S+](C)C)O,1
boceprevir_cid10324367.png,boceprevir_cid10324367,Boceprevir,10324367,CC1([C@@H]2[C@H]1[C@H](N(C2)C(=O)[C@H](C(C)(C)C)NC(=O)NC(C)(C)C)C(=O)NC(CC3CCC3)C(=O)C(=O)N)C,1
bocodepsin_cid118551244.png,bocodepsin_cid118551244,Bocodepsin,118551244,CC(C)[C@H]1C(=O)O[C@@H](CC(=O)NCC2=NC(=CS2)C(=O)NC(C(=O)N1)(C)C)/C=C/CCSC(=O)[C@H](C(C)C)N,1
bolasterone_cid102146.png,bolasterone_cid102146,Bolasterone,102146,C[C@@H]1CC2=CC(=O)CC[C@@]2([C@@H]3[C@@H]1[C@@H]4CC[C@]([C@]4(CC3)C)(C)O)C,1
boldenone_cid13308.png,boldenone_cid13308,Boldenone,13308,C[C@]12CC[C@H]3[C@H]([C@@H]1CC[C@@H]2O)CCC4=CC(=O)C=C[C@]34C,1
boric_acid_cid7628.png,boric_acid_cid7628,Boric Acid,7628,B(O)(O)O,1
boro_scopol_cid3000322.png,boro_scopol_cid3000322,Boro-Scopol,3000322,CN1[C@@H]2CC(C[C@H]1[C@H]3[C@@H]2O3)OC(=O)[C@H](CO)C4=CC=CC=C4,1
boron_tribromide_cid25134.png,boron_tribromide_cid25134,Boron tribromide,25134,B(Br)(Br)Br,1
boron_trifluoride_cid6356.png,boron_trifluoride_cid6356,Boron trifluoride,6356,B(F)(F)F,1
bortezomib_cid387447.png,bortezomib_cid387447,Bortezomib,387447,B([C@H](CC(C)C)NC(=O)[C@H](CC1=CC=CC=C1)NC(=O)C2=NC=CN=C2)(O)O,1
bosentan_cid104865.png,bosentan_cid104865,Bosentan,104865,CC(C)(C)C1=CC=C(C=C1)S(=O)(=O)NC2=C(C(=NC(=N2)C3=NC=CC=N3)OCCO)OC4=CC=CC=C4OC,1
bosutinib_cid5328940.png,bosutinib_cid5328940,Bosutinib,5328940,CN1CCN(CC1)CCCOC2=C(C=C3C(=C2)N=CC(=C3NC4=CC(=C(C=C4Cl)Cl)OC)C#N)OC,1
bradykinin_cid439201.png,bradykinin_cid439201,Bradykinin,439201,C1C[C@H](N(C1)C(=O)[C@@H]2CCCN2C(=O)[C@H](CCCN=C(N)N)N)C(=O)NCC(=O)N[C@@H](CC3=CC=CC=C3)C(=O)N[C@@H](CO)C(=O)N4CCC[C@H]4C(=O)N[C@@H](CC5=CC=CC=C5)C(=O)N[C@@H](CCCN=C(N)N)C(=O)O,1
bremelanotide_cid9941379.png,bremelanotide_cid9941379,Bremelanotide,9941379,CCCC[C@@H](C(=O)N[C@H]1CC(=O)NCCCC[C@H](NC(=O)[C@@H](NC(=O)[C@@H](NC(=O)[C@H](NC(=O)[C@@H](NC1=O)CC2=CN=CN2)CC3=CC=CC=C3)CCCN=C(N)N)CC4=CNC5=CC=CC=C54)C(=O)O)NC(=O)C,1
brevetoxin_b_cid10865865.png,brevetoxin_b_cid10865865,Brevetoxin B,10865865,C[C@@H]1C[C@H]2[C@@H](C[C@]3([C@H](O2)C[C@H]4[C@H](O3)C(=CC(=O)O4)C)C)O[C@@H]5[C@@H]1O[C@H]6C[C@@H]7[C@](C[C@@H]8[C@@](O7)(C/C=C\[C@@H]9[C@@H](O8)C[C@@H]1[C@@H](O9)C[C@@H]2[C@@](O1)([C@H](C[C@H](O2)CC(=C)C=O)O)C)C)(O[C@@]6(CC5)C)C,1
brevicidine_cid146684559.png,brevicidine_cid146684559,Brevicidine,146684559,CC[C@H](C)[C@H]1C(=O)NCC(=O)N[C@H](C(=O)O[C@@H]([C@@H](C(=O)N1)NC(=O)[C@H](CC2=CNC3=CC=CC=C32)NC(=O)[C@@H](CCCN)NC(=O)CNC(=O)[C@H](CCCN)NC(=O)[C@@H](CCCN)NC(=O)[C@@H](CC4=CNC5=CC=CC=C54)NC(=O)[C@@H](CC6=CC=C(C=C6)O)NC(=O)[C@@H](CC(=O)N)NC(=O)CCC(C)CC)C)CO,1
brexpiprazole_cid11978813.png,brexpiprazole_cid11978813,Brexpiprazole,11978813,C1CN(CCN1CCCCOC2=CC3=C(C=C2)C=CC(=O)N3)C4=C5C=CSC5=CC=C4,1
brigatinib_cid68165256.png,brigatinib_cid68165256,Brigatinib,68165256,CN1CCN(CC1)C2CCN(CC2)C3=CC(=C(C=C3)NC4=NC=C(C(=N4)NC5=CC=CC=C5P(=O)(C)C)Cl)OC,1
brilacidin_cid25023695.png,brilacidin_cid25023695,Brilacidin,25023695,C1CNC[C@@H]1OC2=C(C=C(C=C2NC(=O)C3=CC(=NC=N3)C(=O)NC4=CC(=CC(=C4O[C@@H]5CCNC5)NC(=O)CCCCN=C(N)N)C(F)(F)F)C(F)(F)F)NC(=O)CCCCN=C(N)N,1
brimonidine_cid2435.png,brimonidine_cid2435,Brimonidine,2435,C1CN=C(N1)NC2=C(C3=NC=CN=C3C=C2)Br,1
brincidofovir_cid483477.png,brincidofovir_cid483477,Brincidofovir,483477,CCCCCCCCCCCCCCCCOCCCOP(=O)(CO[C@@H](CN1C=CC(=NC1=O)N)CO)O,1
brinzolamide_cid68844.png,brinzolamide_cid68844,Brinzolamide,68844,CCN[C@H]1CN(S(=O)(=O)C2=C1C=C(S2)S(=O)(=O)N)CCCOC,1
brivanib_cid11234052.png,brivanib_cid11234052,Brivanib,11234052,CC1=CC2=C(N1)C=CC(=C2F)OC3=NC=NN4C3=C(C(=C4)OC[C@@H](C)O)C,1
brivaracetam_cid9837243.png,brivaracetam_cid9837243,Brivaracetam,9837243,CCC[C@@H]1CC(=O)N(C1)[C@@H](CC)C(=O)N,1
brivudine_cid446727.png,brivudine_cid446727,Brivudine,446727,C1[C@@H]([C@H](O[C@H]1N2C=C(C(=O)NC2=O)/C=C/Br)CO)O,1
brodifacoum_cid54680676.png,brodifacoum_cid54680676,Brodifacoum,54680676,C1C(CC2=CC=CC=C2C1C3=C(C4=CC=CC=C4OC3=O)O)C5=CC=C(C=C5)C6=CC=C(C=C6)Br,1
bromfenac_cid60726.png,bromfenac_cid60726,Bromfenac,60726,C1=CC(=C(C(=C1)C(=O)C2=CC=C(C=C2)Br)N)CC(=O)O,1
bromocriptine_cid31101.png,bromocriptine_cid31101,Bromocriptine,31101,CC(C)C[C@H]1C(=O)N2CCC[C@H]2[C@]3(N1C(=O)[C@](O3)(C(C)C)NC(=O)[C@H]4CN([C@@H]5CC6=C(NC7=CC=CC(=C67)C5=C4)Br)C)O,1
bromperidol_cid2448.png,bromperidol_cid2448,Bromperidol,2448,C1CN(CCC1(C2=CC=C(C=C2)Br)O)CCCC(=O)C3=CC=C(C=C3)F,1
brompheniramine_cid6834.png,brompheniramine_cid6834,Brompheniramine,6834,CN(C)CCC(C1=CC=C(C=C1)Br)C2=CC=CC=N2,1
bryostatin_1_cid5280757.png,bryostatin_1_cid5280757,Bryostatin 1,5280757,CCC/C=C/C=C/C(=O)O[C@H]1/C(=C/C(=O)OC)/C[C@H]2C[C@@H](OC(=O)C[C@@H](C[C@@H]3C[C@@H](C([C@@](O3)(C[C@@H]4C/C(=C/C(=O)OC)/C[C@@H](O4)/C=C/C([C@@]1(O2)O)(C)C)O)(C)C)OC(=O)C)O)[C@@H](C)O,1
bryostatin_cid6435419.png,bryostatin_cid6435419,Bryostatin,6435419,CCC/C=C/C=C/C(=O)O[C@H]1/C(=C/C(=O)OC)/C[C@H]2CC(OC(=O)C[C@@H](CC3CC(C([C@@](O3)(CC4C/C(=C/C(=O)OC)/C[C@@H](O4)/C=C/C([C@@]1(O2)O)(C)C)O)(C)C)OC(=O)C)O)[C@@H](C)O,1
bucillamine_cid656604.png,bucillamine_cid656604,Bucillamine,656604,CC(C)(C(=O)N[C@@H](CS)C(=O)O)S,1
budesonide_cid5281004.png,budesonide_cid5281004,Budesonide,5281004,CCCC1O[C@@H]2C[C@H]3[C@@H]4CCC5=CC(=O)C=C[C@@]5([C@H]4[C@H](C[C@@]3([C@@]2(O1)C(=O)CO)C)O)C,1
budipine_cid68778.png,budipine_cid68778,Budipine,68778,CC(C)(C)N1CCC(CC1)(C2=CC=CC=C2)C3=CC=CC=C3,1
bumadizone_cid19161.png,bumadizone_cid19161,Bumadizone,19161,CCCCC(C(=O)N(C1=CC=CC=C1)NC2=CC=CC=C2)C(=O)O,1
bunitrolol_cid2473.png,bunitrolol_cid2473,(+-)-Bunitrolol,2473,CC(C)(C)NCC(COC1=CC=CC=C1C#N)O,1
bupivacaine_usan_inn_ban_cid2474.png,bupivacaine_usan_inn_ban_cid2474,Bupivacaine (USAN:INN:BAN),2474,CCCCN1CCCCC1C(=O)NC2=C(C=CC=C2C)C,1
bupranolol_cid2475.png,bupranolol_cid2475,Bupranolol,2475,CC1=CC(=C(C=C1)Cl)OCC(CNC(C)(C)C)O,1
buprenorphine_cid644073.png,buprenorphine_cid644073,Buprenorphine,644073,C[C@]([C@H]1C[C@@]23CC[C@@]1([C@H]4[C@@]25CCN([C@@H]3CC6=C5C(=C(C=C6)O)O4)CC7CC7)OC)(C(C)(C)C)O,1
bupropion_cid444.png,bupropion_cid444,Bupropion,444,CC(C(=O)C1=CC(=CC=C1)Cl)NC(C)(C)C,1
buserelin_cid50225.png,buserelin_cid50225,Buserelin,50225,CCNC(=O)[C@@H]1CCCN1C(=O)[C@H](CCCN=C(N)N)NC(=O)[C@H](CC(C)C)NC(=O)[C@@H](COC(C)(C)C)NC(=O)[C@H](CC2=CC=C(C=C2)O)NC(=O)[C@H](CO)NC(=O)[C@H](CC3=CNC4=CC=CC=C43)NC(=O)[C@H](CC5=CN=CN5)NC(=O)[C@@H]6CCC(=O)N6,1
buspirone_cid2477.png,buspirone_cid2477,Buspirone,2477,C1CCC2(C1)CC(=O)N(C(=O)C2)CCCCN3CCN(CC3)C4=NC=CC=N4,1
busulfan_cid2478.png,busulfan_cid2478,Busulfan,2478,CS(=O)(=O)OCCCCOS(=O)(=O)C,1
butalbital_cid2481.png,butalbital_cid2481,Butalbital,2481,CC(C)CC1(C(=O)NC(=O)NC1=O)CC=C,1
butanilicaine_cid22379.png,butanilicaine_cid22379,Butanilicaine,22379,CCCCNCC(=O)NC1=C(C=CC=C1Cl)C,1
butaperazine_cid12598.png,butaperazine_cid12598,Butaperazine,12598,CCCC(=O)C1=CC2=C(C=C1)SC3=CC=CC=C3N2CCCN4CCN(CC4)C,1
butenafine_cid2484.png,butenafine_cid2484,Butenafine,2484,CC(C)(C)C1=CC=C(C=C1)CN(C)CC2=CC=CC3=CC=CC=C32,1
butorphanol_cid5361092.png,butorphanol_cid5361092,Butorphanol,5361092,C1CC[C@]2([C@H]3CC4=C([C@]2(C1)CCN3CC5CCC5)C=C(C=C4)O)O,1
butylphthalide_cid61361.png,butylphthalide_cid61361,Butylphthalide,61361,CCCCC1C2=CC=CC=C2C(=O)O1,1
c_c_dimethyl_n_n_tricyclo_8_2_2_24_7_hexadeca_4_6_10_12_13_1_cid71474517.png,c_c_dimethyl_n_n_tricyclo_8_2_2_24_7_hexadeca_4_6_10_12_13_1_cid71474517,"C,C'-Dimethyl N,N'-(tricyclo(8.2.2.24,7)hexadeca-4,6,10,12,13,15-hexaene-5,11-diylbis(1H-benzimidazole-6,2-diyl((2S,3aS,7aS)-octahydro-1H-indole-2,1-diyl)((1S)-1-(1-methylethyl)-2-oxo-2,1-ethanediyl)))bis(carbamate)",71474517,CC(C)[C@@H](C(=O)N1[C@H]2CCCC[C@H]2C[C@H]1C3=NC4=C(N3)C=C(C=C4)C5=C6CCC7=CC(=C(CCC(=C5)C=C6)C=C7)C8=CC9=C(C=C8)N=C(N9)[C@@H]1C[C@@H]2CCCC[C@@H]2N1C(=O)[C@H](C(C)C)NC(=O)OC)NC(=O)OC,1
c_i_acid_blue_90_cid61363.png,c_i_acid_blue_90_cid61363,C.I. Acid Blue 90,61363,CCN(CC1=CC(=CC=C1)S(=O)(=O)[O-])C2=CC(=C(C=C2)C(=C3C=CC(=[N+](CC)CC4=CC(=CC=C4)S(=O)(=O)[O-])C=C3C)C5=CC=C(C=C5)NC6=CC=C(C=C6)OCC)C.[Na+],1
c_i_acid_orange_52_cid23673835.png,c_i_acid_orange_52_cid23673835,C.I. Acid Orange 52,23673835,CN(C)C1=CC=C(C=C1)N=NC2=CC=C(C=C2)S(=O)(=O)[O-].[Na+],1
c_i_direct_blue_53_cid9409.png,c_i_direct_blue_53_cid9409,C.I. Direct Blue 53,9409,CC1=C(C=CC(=C1)C2=CC(=C(C=C2)N=NC3=C(C4=C(C=C3)C(=CC(=C4N)S(=O)(=O)[O-])S(=O)(=O)[O-])O)C)N=NC5=C(C6=C(C=C5)C(=CC(=C6N)S(=O)(=O)[O-])S(=O)(=O)[O-])O.[Na+].[Na+].[Na+].[Na+],1
cabazitaxel_cid9854073.png,cabazitaxel_cid9854073,Cabazitaxel,9854073,CC1=C2[C@H](C(=O)[C@@]3([C@H](C[C@@H]4[C@]([C@H]3[C@@H]([C@@](C2(C)C)(C[C@@H]1OC(=O)[C@@H]([C@H](C5=CC=CC=C5)NC(=O)OC(C)(C)C)O)O)OC(=O)C6=CC=CC=C6)(CO4)OC(=O)C)OC)C)OC,1
cabergoline_cid54746.png,cabergoline_cid54746,Cabergoline,54746,CCNC(=O)N(CCCN(C)C)C(=O)[C@@H]1C[C@H]2[C@@H](CC3=CNC4=CC=CC2=C34)N(C1)CC=C,1
cabotegravir_cid54713659.png,cabotegravir_cid54713659,Cabotegravir,54713659,C[C@H]1CO[C@H]2N1C(=O)C3=C(C(=O)C(=CN3C2)C(=O)NCC4=C(C=C(C=C4)F)F)O,1
cabozantinib_cid25102847.png,cabozantinib_cid25102847,Cabozantinib,25102847,COC1=CC2=C(C=CN=C2C=C1OC)OC3=CC=C(C=C3)NC(=O)C4(CC4)C(=O)NC5=CC=C(C=C5)F,1
caffeine_cid2519.png,caffeine_cid2519,Caffeine,2519,CN1C=NC2=C1C(=O)N(C(=O)N2C)C,1
calcium_chloride_cid5284359.png,calcium_chloride_cid5284359,Calcium Chloride,5284359,[Cl-].[Cl-].[Ca+2],1
calcium_gluconate_cid9290.png,calcium_gluconate_cid9290,Calcium Gluconate,9290,C([C@H]([C@H]([C@@H]([C@H](C(=O)[O-])O)O)O)O)O.C([C@H]([C@H]([C@@H]([C@H](C(=O)[O-])O)O)O)O)O.[Ca+2],1
calcium_levulinate_cid68651.png,calcium_levulinate_cid68651,Calcium Levulinate,68651,CC(=O)CCC(=O)[O-].CC(=O)CCC(=O)[O-].O.O.[Ca+2],1
calicheamicin_cid11840932.png,calicheamicin_cid11840932,Calicheamicin,11840932,CCN[C@H]1CO[C@H](C[C@@H]1OC)O[C@@H]2[C@H]([C@@H]([C@H](O[C@H]2O[C@H]3C#C/C=C\C#C[C@]\4(CC(=O)C(=C3/C4=C\CSSSC)NC(=O)OC)O)C)NO[C@H]5C[C@@H]([C@@H]([C@H](O5)C)SC(=O)C6=C(C(=C(C(=C6OC)OC)O[C@H]7[C@@H]([C@@H]([C@H]([C@@H](O7)C)O)OC)O)I)C)O)O,1
camostat_cid2536.png,camostat_cid2536,Camostat,2536,CN(C)C(=O)COC(=O)CC1=CC=C(C=C1)OC(=O)C2=CC=C(C=C2)N=C(N)N,1
camphor_cid2537.png,camphor_cid2537,Camphor,2537,CC1(C2CCC1(C(=O)C2)C)C,1
camptothecin_cid24360.png,camptothecin_cid24360,Camptothecin,24360,CC[C@@]1(C2=C(COC1=O)C(=O)N3CC4=CC5=CC=CC=C5N=C4C3=C2)O,1
canagliflozin_cid24812758.png,canagliflozin_cid24812758,Canagliflozin,24812758,CC1=C(C=C(C=C1)[C@H]2[C@@H]([C@H]([C@@H]([C@H](O2)CO)O)O)O)CC3=CC=C(S3)C4=CC=C(C=C4)F,1
candesartan_cid2541.png,candesartan_cid2541,Candesartan,2541,CCOC1=NC2=CC=CC(=C2N1CC3=CC=C(C=C3)C4=CC=CC=C4C5=NNN=N5)C(=O)O,1
candesartan_cilexetil_cid2540.png,candesartan_cilexetil_cid2540,Candesartan Cilexetil,2540,CCOC1=NC2=CC=CC(=C2N1CC3=CC=C(C=C3)C4=CC=CC=C4C5=NNN=N5)C(=O)OC(C)OC(=O)OC6CCCCC6,1
canfosfamide_cid5312109.png,canfosfamide_cid5312109,Canfosfamide,5312109,C1=CC=C(C=C1)[C@H](C(=O)O)NC(=O)[C@H](CS(=O)(=O)CCOP(=O)(N(CCCl)CCCl)N(CCCl)CCCl)NC(=O)CC[C@@H](C(=O)O)N,1
cangrelor_tetrasodium_cid10260031.png,cangrelor_tetrasodium_cid10260031,Cangrelor Tetrasodium,10260031,CSCCNC1=C2C(=NC(=N1)SCCC(F)(F)F)N(C=N2)[C@H]3[C@@H]([C@@H]([C@H](O3)COP(=O)([O-])OP(=O)(C(P(=O)([O-])[O-])(Cl)Cl)[O-])O)O.[Na+].[Na+].[Na+].[Na+],1
cannabidiol_cid644019.png,cannabidiol_cid644019,Cannabidiol,644019,CCCCCC1=CC(=C(C(=C1)O)[C@@H]2C=C(CC[C@H]2C(=C)C)C)O,1
canrenoate_potassium_cid23671691.png,canrenoate_potassium_cid23671691,Canrenoate Potassium,23671691,C[C@]12CCC(=O)C=C1C=C[C@@H]3[C@@H]2CC[C@]4([C@H]3CC[C@]4(CCC(=O)[O-])O)C.[K+],1
canrenone_cid13789.png,canrenone_cid13789,Canrenone,13789,C[C@]12CCC(=O)C=C1C=C[C@@H]3[C@@H]2CC[C@]4([C@H]3CC[C@@]45CCC(=O)O5)C,1
cantharidin_cid5944.png,cantharidin_cid5944,Cantharidin,5944,C[C@@]12[C@H]3CC[C@@H]([C@@]1(C(=O)OC2=O)C)O3,1
capecitabine_cid60953.png,capecitabine_cid60953,Capecitabine,60953,CCCCCOC(=O)NC1=NC(=O)N(C=C1F)[C@H]2[C@@H]([C@@H]([C@H](O2)C)O)O,1
capivasertib_cid25227436.png,capivasertib_cid25227436,Capivasertib,25227436,C1CN(CCC1(C(=O)N[C@@H](CCO)C2=CC=C(C=C2)Cl)N)C3=NC=NC4=C3C=CN4,1
capmatinib_cid25145656.png,capmatinib_cid25145656,Capmatinib,25145656,CNC(=O)C1=C(C=C(C=C1)C2=NN3C(=CN=C3N=C2)CC4=CC5=C(C=C4)N=CC=C5)F,1
capreomycin_cid3000502.png,capreomycin_cid3000502,Capreomycin,3000502,C[C@H]1C(=O)N[C@H](C(=O)N/C(=C/NC(=O)N)/C(=O)N[C@H](C(=O)NC[C@@H](C(=O)N1)N)[C@H]2CCN=C(N2)N)CNC(=O)C[C@H](CCCN)N.C1CN=C(N[C@H]1[C@H]2C(=O)NC[C@@H](C(=O)N[C@H](C(=O)N[C@H](C(=O)N/C(=C/NC(=O)N)/C(=O)N2)CNC(=O)C[C@H](CCCN)N)CO)N)N,1
caprolactam_cid7768.png,caprolactam_cid7768,Caprolactam,7768,C1CCC(=O)NCC1,1
capsaicin_cid1548943.png,capsaicin_cid1548943,Capsaicin,1548943,CC(C)/C=C/CCCCC(=O)NCC1=CC(=C(C=C1)O)OC,1
captopril_cid44093.png,captopril_cid44093,Captopril,44093,C[C@H](CS)C(=O)N1CCC[C@H]1C(=O)O,1
carbachol_cid5831.png,carbachol_cid5831,Carbachol,5831,C[N+](C)(C)CCOC(=O)N.[Cl-],1
carbamazepine_cid2554.png,carbamazepine_cid2554,Carbamazepine,2554,C1=CC=C2C(=C1)C=CC3=CC=CC=C3N2C(=O)N,1
carbazochrome_cid2557.png,carbazochrome_cid2557,Carbazochrome,2557,CN1CC(C2=CC(=C(C=C21)O)N=NC(=O)N)O,1
carbazole_cid6854.png,carbazole_cid6854,Carbazole,6854,C1=CC=C2C(=C1)C3=CC=CC=C3N2,1
carbenicillin_cid20824.png,carbenicillin_cid20824,Carbenicillin,20824,CC1([C@@H](N2[C@H](S1)[C@@H](C2=O)NC(=O)C(C3=CC=CC=C3)C(=O)O)C(=O)O)C,1
carbetocin_cid16681432.png,carbetocin_cid16681432,Carbetocin,16681432,CC[C@H](C)[C@H]1C(=O)N[C@H](C(=O)N[C@H](C(=O)N[C@@H](CSCCCC(=O)N[C@H](C(=O)N1)CC2=CC=C(C=C2)OC)C(=O)N3CCC[C@H]3C(=O)N[C@@H](CC(C)C)C(=O)NCC(=O)N)CC(=O)N)CCC(=O)N,1
carbidopa_cid34359.png,carbidopa_cid34359,Carbidopa,34359,C[C@](CC1=CC(=C(C=C1)O)O)(C(=O)O)NN,1
carbocysteine_cid193653.png,carbocysteine_cid193653,Carbocysteine,193653,C([C@@H](C(=O)O)N)SCC(=O)O,1
carbon_dioxide_cid280.png,carbon_dioxide_cid280,Carbon Dioxide,280,C(=O)=O,1
carboprost_cid5281075.png,carboprost_cid5281075,Carboprost,5281075,CCCCC[C@@](C)(/C=C/[C@H]1[C@@H](C[C@@H]([C@@H]1C/C=C\CCCC(=O)O)O)O)O,1
carbutamide_cid9564.png,carbutamide_cid9564,Carbutamide,9564,CCCCNC(=O)NS(=O)(=O)C1=CC=C(C=C1)N,1
cardiolipin_cid166177218.png,cardiolipin_cid166177218,Cardiolipin,166177218,CCCCC/C=C\C/C=C\CCCCCCCC(=O)OC[C@@H](COP(=O)(O)OCC(COP(=O)([O-])OC[C@@H](COC(=O)CCCCCCC/C=C\C/C=C\CCCCC)OC(=O)CCCCCCC/C=C\C/C=C\CCCCC)O)OC(=O)CCCCCCC/C=C\C/C=C\CCCCC,1
carfilzomib_cid11556711.png,carfilzomib_cid11556711,Carfilzomib,11556711,CC(C)C[C@@H](C(=O)[C@]1(CO1)C)NC(=O)[C@H](CC2=CC=CC=C2)NC(=O)[C@H](CC(C)C)NC(=O)[C@H](CCC3=CC=CC=C3)NC(=O)CN4CCOCC4,1
carglumic_acid_cid121396.png,carglumic_acid_cid121396,Carglumic Acid,121396,C(CC(=O)O)[C@@H](C(=O)O)NC(=O)N,1
cariprazine_cid11154555.png,cariprazine_cid11154555,Cariprazine,11154555,CN(C)C(=O)NC1CCC(CC1)CCN2CCN(CC2)C3=C(C(=CC=C3)Cl)Cl,1
carisbamate_cid6918474.png,carisbamate_cid6918474,Carisbamate,6918474,C1=CC=C(C(=C1)[C@@H](COC(=O)N)O)Cl,1
carisoprodol_cid2576.png,carisoprodol_cid2576,Carisoprodol,2576,CCCC(C)(COC(=O)N)COC(=O)NC(C)C,1
carmegliptin_cid11417567.png,carmegliptin_cid11417567,Carmegliptin,11417567,COC1=C(C=C2[C@@H]3C[C@@H]([C@H](CN3CCC2=C1)N4C[C@H](CC4=O)CF)N)OC,1
carmustine_cid2578.png,carmustine_cid2578,Carmustine,2578,C(CCl)NC(=O)N(CCCl)N=O,1
carnitine_cid10917.png,carnitine_cid10917,(-)-Carnitine,10917,C[N+](C)(C)C[C@@H](CC(=O)[O-])O,1
carnosine_cid439224.png,carnosine_cid439224,Carnosine,439224,C1=C(NC=N1)C[C@@H](C(=O)O)NC(=O)CCN,1
carprofen_cid2581.png,carprofen_cid2581,Carprofen,2581,CC(C1=CC2=C(C=C1)C3=C(N2)C=CC(=C3)Cl)C(=O)O,1
carteolol_cid2583.png,carteolol_cid2583,Carteolol,2583,CC(C)(C)NCC(COC1=CC=CC2=C1CCC(=O)N2)O,1
carumonam_cid6540466.png,carumonam_cid6540466,Carumonam,6540466,C1=C(N=C(S1)N)/C(=N/OCC(=O)O)/C(=O)N[C@H]2[C@H](N(C2=O)S(=O)(=O)O)COC(=O)N,1
carvedilol_cid2585.png,carvedilol_cid2585,Carvedilol,2585,COC1=CC=CC=C1OCCNCC(COC2=CC=CC3=C2C4=CC=CC=C4N3)O,1
casopitant_cid9917021.png,casopitant_cid9917021,Casopitant,9917021,CC1=C(C=CC(=C1)F)[C@H]2C[C@H](CCN2C(=O)N(C)[C@H](C)C3=CC(=CC(=C3)C(F)(F)F)C(F)(F)F)N4CCN(CC4)C(=O)C,1
caspofungin_cid16119814.png,caspofungin_cid16119814,Caspofungin,16119814,CC[C@H](C)C[C@H](C)CCCCCCCCC(=O)N[C@H]1C[C@H]([C@H](NC(=O)[C@@H]2[C@H](CCN2C(=O)[C@@H](NC(=O)[C@@H](NC(=O)[C@@H]3C[C@H](CN3C(=O)[C@@H](NC1=O)[C@@H](C)O)O)[C@@H]([C@H](C4=CC=C(C=C4)O)O)O)[C@@H](CCN)O)O)NCCN)O,1
catechin_cid9064.png,catechin_cid9064,Catechin,9064,C1[C@@H]([C@H](OC2=CC(=CC(=C21)O)O)C3=CC(=C(C=C3)O)O)O,1
cediranib_cid9933475.png,cediranib_cid9933475,Cediranib,9933475,CC1=CC2=C(N1)C=CC(=C2F)OC3=NC=NC4=CC(=C(C=C43)OC)OCCCN5CCCC5,1
cefaclor_cid51039.png,cefaclor_cid51039,Cefaclor,51039,C1C(=C(N2[C@H](S1)[C@@H](C2=O)NC(=O)[C@@H](C3=CC=CC=C3)N)C(=O)O)Cl,1
cefadroxil_cid47965.png,cefadroxil_cid47965,Cefadroxil,47965,CC1=C(N2[C@@H]([C@@H](C2=O)NC(=O)[C@@H](C3=CC=C(C=C3)O)N)SC1)C(=O)O,1
cefamandole_cid456255.png,cefamandole_cid456255,Cefamandole,456255,CN1C(=NN=N1)SCC2=C(N3[C@@H]([C@@H](C3=O)NC(=O)[C@@H](C4=CC=CC=C4)O)SC2)C(=O)O,1
cefazolin_cid33255.png,cefazolin_cid33255,Cefazolin,33255,CC1=NN=C(S1)SCC2=C(N3[C@@H]([C@@H](C3=O)NC(=O)CN4C=NN=N4)SC2)C(=O)O,1
cefcapene_pivoxil_cid5282438.png,cefcapene_pivoxil_cid5282438,Cefcapene pivoxil,5282438,CC/C=C(/C1=CSC(=N1)N)\C(=O)N[C@H]2[C@@H]3N(C2=O)C(=C(CS3)COC(=O)N)C(=O)OCOC(=O)C(C)(C)C,1
cefdinir_cid6915944.png,cefdinir_cid6915944,Cefdinir,6915944,C=CC1=C(N2[C@@H]([C@@H](C2=O)NC(=O)/C(=N\O)/C3=CSC(=N3)N)SC1)C(=O)O,1
cefepime_cid5479537.png,cefepime_cid5479537,Cefepime,5479537,C[N+]1(CCCC1)CC2=C(N3[C@@H]([C@@H](C3=O)NC(=O)/C(=N\OC)/C4=CSC(=N4)N)SC2)C(=O)[O-],1
cefiderocol_cid77843966.png,cefiderocol_cid77843966,Cefiderocol,77843966,CC(C)(C(=O)O)O/N=C(/C1=CSC(=N1)N)\C(=O)N[C@H]2[C@@H]3N(C2=O)C(=C(CS3)C[N+]4(CCCC4)CCNC(=O)C5=C(C(=C(C=C5)O)O)Cl)C(=O)[O-],1
cefilavancin_cid76960417.png,cefilavancin_cid76960417,Cefilavancin,76960417,C[C@H]1[C@H]([C@@](C[C@@H](O1)O[C@@H]2[C@H]([C@@H]([C@H](O[C@H]2OC3=C4C=C5C=C3OC6=C(C=C(C=C6)[C@H]([C@H](C(=O)N[C@H](C(=O)N[C@H]5C(=O)N[C@@H]7C8=CC(=C(C=C8)O)C9=C(C=C(C=C9O)O)[C@H](NC(=O)[C@H]([C@@H](C1=CC(=C(O4)C=C1)Cl)O)NC7=O)C(=O)NCCCO/N=C(/C1=C(SC(=N1)N)Cl)\C(=O)N[C@H]1[C@@H]2N(C1=O)C(=C(CS2)C[N+]1=CC=CC=C1)C(=O)[O-])CC(=O)N)NC(=O)[C@@H](CC(C)C)NC)O)Cl)CO)O)O)(C)N)O,1
cefixime_cid5362065.png,cefixime_cid5362065,Cefixime,5362065,C=CC1=C(N2[C@@H]([C@@H](C2=O)NC(=O)/C(=N\OCC(=O)O)/C3=CSC(=N3)N)SC1)C(=O)O,1
cefmetazole_cid42008.png,cefmetazole_cid42008,Cefmetazole,42008,CN1C(=NN=N1)SCC2=C(N3[C@@H]([C@@](C3=O)(NC(=O)CSCC#N)OC)SC2)C(=O)O,1
cefoperazone_cid44187.png,cefoperazone_cid44187,Cefoperazone,44187,CCN1CCN(C(=O)C1=O)C(=O)N[C@H](C2=CC=C(C=C2)O)C(=O)N[C@H]3[C@@H]4N(C3=O)C(=C(CS4)CSC5=NN=NN5C)C(=O)O,1
cefotaxime_cid5742673.png,cefotaxime_cid5742673,Cefotaxime,5742673,CC(=O)OCC1=C(N2[C@@H]([C@@H](C2=O)NC(=O)/C(=N\OC)/C3=CSC(=N3)N)SC1)C(=O)O,1
cefotetan_cid53025.png,cefotetan_cid53025,Cefotetan,53025,CN1C(=NN=N1)SCC2=C(N3[C@@H]([C@@](C3=O)(NC(=O)C4SC(=C(C(=O)N)C(=O)O)S4)OC)SC2)C(=O)O,1
cefoxitin_cid441199.png,cefoxitin_cid441199,Cefoxitin,441199,CO[C@@]1([C@@H]2N(C1=O)C(=C(CS2)COC(=O)N)C(=O)O)NC(=O)CC3=CC=CS3,1
cefozopran_cid9571080.png,cefozopran_cid9571080,Cefozopran,9571080,CO/N=C(/C1=NSC(=N1)N)\C(=O)N[C@H]2[C@@H]3N(C2=O)C(=C(CS3)C[N+]4=C5C=CC=NN5C=C4)C(=O)[O-],1
cefpirome_cid5479539.png,cefpirome_cid5479539,Cefpirome,5479539,CO/N=C(/C1=CSC(=N1)N)\C(=O)N[C@H]2[C@@H]3N(C2=O)C(=C(CS3)C[N+]4=CC=CC5=C4CCC5)C(=O)[O-],1
cefpodoxime_proxetil_cid6526396.png,cefpodoxime_proxetil_cid6526396,Cefpodoxime Proxetil,6526396,CC(C)OC(=O)OC(C)OC(=O)C1=C(CS[C@H]2N1C(=O)[C@H]2NC(=O)/C(=N\OC)/C3=CSC(=N3)N)COC,1
cefprozil_cid62977.png,cefprozil_cid62977,Cefprozil,62977,CC=CC1=C(N2[C@@H]([C@@H](C2=O)NC(=O)[C@@H](C3=CC=C(C=C3)O)N)SC1)C(=O)O,1
ceftazidime_cid5481173.png,ceftazidime_cid5481173,Ceftazidime,5481173,CC(C)(C(=O)O)O/N=C(/C1=CSC(=N1)N)\C(=O)N[C@H]2[C@@H]3N(C2=O)C(=C(CS3)C[N+]4=CC=CC=C4)C(=O)[O-],1
ceftiofur_cid6328657.png,ceftiofur_cid6328657,Ceftiofur,6328657,CO/N=C(/C1=CSC(=N1)N)\C(=O)N[C@H]2[C@@H]3N(C2=O)C(=C(CS3)CSC(=O)C4=CC=CO4)C(=O)O,1
ceftizoxime_cid6533629.png,ceftizoxime_cid6533629,Ceftizoxime,6533629,CO/N=C(/C1=CSC(=N1)N)\C(=O)N[C@H]2[C@@H]3N(C2=O)C(=CCS3)C(=O)O,1
ceftriaxone_cid5479530.png,ceftriaxone_cid5479530,Ceftriaxone,5479530,CN1C(=NC(=O)C(=O)N1)SCC2=C(N3[C@@H]([C@@H](C3=O)NC(=O)/C(=N\OC)/C4=CSC(=N4)N)SC2)C(=O)O,1
cefuroxime_axetil_cid6321416.png,cefuroxime_axetil_cid6321416,Cefuroxime Axetil,6321416,CC(OC(=O)C)OC(=O)C1=C(CS[C@H]2N1C(=O)[C@H]2NC(=O)/C(=N\OC)/C3=CC=CO3)COC(=O)N,1
cefuroxime_cid5479529.png,cefuroxime_cid5479529,Cefuroxime,5479529,CO/N=C(/C1=CC=CO1)\C(=O)N[C@H]2[C@@H]3N(C2=O)C(=C(CS3)COC(=O)N)C(=O)O,1
celecoxib_cid2662.png,celecoxib_cid2662,Celecoxib,2662,CC1=CC=C(C=C1)C2=CC(=NN2C3=CC=C(C=C3)S(=O)(=O)N)C(F)(F)F,1
celiprolol_cid2663.png,celiprolol_cid2663,Celiprolol,2663,CCN(CC)C(=O)NC1=CC(=C(C=C1)OCC(CNC(C)(C)C)O)C(=O)C,1
cenobamate_cid11962412.png,cenobamate_cid11962412,Cenobamate,11962412,C1=CC=C(C(=C1)[C@H](CN2N=CN=N2)OC(=O)N)Cl,1
centanafadine_cid16095349.png,centanafadine_cid16095349,Centanafadine,16095349,C1[C@H]2[C@@]1(CNC2)C3=CC4=CC=CC=C4C=C3,1
cephaeline_cid442195.png,cephaeline_cid442195,Cephaeline,442195,CC[C@H]1CN2CCC3=CC(=C(C=C3[C@@H]2C[C@@H]1C[C@@H]4C5=CC(=C(C=C5CCN4)O)OC)OC)OC,1
cephalexin_cid27447.png,cephalexin_cid27447,Cephalexin,27447,CC1=C(N2[C@@H]([C@@H](C2=O)NC(=O)[C@@H](C3=CC=CC=C3)N)SC1)C(=O)O,1
cephaloridine_cid5773.png,cephaloridine_cid5773,Cephaloridine,5773,C1C(=C(N2[C@H](S1)[C@@H](C2=O)NC(=O)CC3=CC=CS3)C(=O)[O-])C[N+]4=CC=CC=C4,1
cephalothin_cid6024.png,cephalothin_cid6024,Cephalothin,6024,CC(=O)OCC1=C(N2[C@@H]([C@@H](C2=O)NC(=O)CC3=CC=CS3)SC1)C(=O)O,1
ceritinib_cid57379345.png,ceritinib_cid57379345,Ceritinib,57379345,CC1=CC(=C(C=C1C2CCNCC2)OC(C)C)NC3=NC=C(C(=N3)NC4=CC=CC=C4S(=O)(=O)C(C)C)Cl,1
cerivastatin_cid446156.png,cerivastatin_cid446156,Cerivastatin,446156,CC(C)C1=C(C(=C(C(=N1)C(C)C)COC)C2=CC=C(C=C2)F)/C=C/[C@H](C[C@H](CC(=O)O)O)O,1
cethromycin_cid156417.png,cethromycin_cid156417,Cethromycin,156417,CC[C@@H]1[C@@]2([C@@H]([C@H](C(=O)[C@@H](C[C@@]([C@@H]([C@H](C(=O)[C@H](C(=O)O1)C)C)O[C@H]3[C@@H]([C@H](C[C@H](O3)C)N(C)C)O)(C)OCC=CC4=CC5=CC=CC=C5N=C4)C)C)NC(=O)O2)C,1
cetirizine_cid2678.png,cetirizine_cid2678,Cetirizine,2678,C1CN(CCN1CCOCC(=O)O)C(C2=CC=CC=C2)C3=CC=C(C=C3)Cl,1
cetrorelix_cid25074887.png,cetrorelix_cid25074887,Cetrorelix,25074887,C[C@H](C(=O)N)NC(=O)[C@@H]1CCCN1C(=O)[C@H](CCCN=C(N)N)NC(=O)[C@H](CC(C)C)NC(=O)[C@@H](CCCNC(=O)N)NC(=O)[C@H](CC2=CC=C(C=C2)O)NC(=O)[C@H](CO)NC(=O)[C@@H](CC3=CN=CC=C3)NC(=O)[C@@H](CC4=CC=C(C=C4)Cl)NC(=O)[C@@H](CC5=CC6=CC=CC=C6C=C5)NC(=O)C,1
chloral_hydrate_cid2707.png,chloral_hydrate_cid2707,Chloral Hydrate,2707,C(C(Cl)(Cl)Cl)(O)O,1
chlorambucil_cid2708.png,chlorambucil_cid2708,Chlorambucil,2708,C1=CC(=CC=C1CCCC(=O)O)N(CCCl)CCCl,1
chloramphenicol_cid5959.png,chloramphenicol_cid5959,Chloramphenicol,5959,C1=CC(=CC=C1[C@H]([C@@H](CO)NC(=O)C(Cl)Cl)O)[N+](=O)[O-],1
chlordecone_cid299.png,chlordecone_cid299,Chlordecone,299,C1(=O)C2(C3(C4(C1(C5(C2(C3(C(C45Cl)(Cl)Cl)Cl)Cl)Cl)Cl)Cl)Cl)Cl,1
chlorhexidine_gluconate_cid9552081.png,chlorhexidine_gluconate_cid9552081,Chlorhexidine Gluconate,9552081,C1=CC(=CC=C1N/C(=N/C(=NCCCCCCN=C(/N=C(/NC2=CC=C(C=C2)Cl)\N)N)N)/N)Cl.C(O)[C@@H](O)[C@@H](O)[C@H](O)[C@@H](O)C(=O)O.C(O)[C@@H](O)[C@@H](O)[C@H](O)[C@@H](O)C(=O)O,1
chlormadinone_acetate_cid9324.png,chlormadinone_acetate_cid9324,Chlormadinone Acetate,9324,CC(=O)[C@]1(CC[C@@H]2[C@@]1(CC[C@H]3[C@H]2C=C(C4=CC(=O)CC[C@]34C)Cl)C)OC(=O)C,1
chlormerodrin_cid25210.png,chlormerodrin_cid25210,Chlormerodrin,25210,COC(CNC(=O)N)C[Hg]Cl,1
chlorobutanol_cid5977.png,chlorobutanol_cid5977,Chlorobutanol,5977,CC(C)(C(Cl)(Cl)Cl)O,1
chloroeremomycin_cid445806.png,chloroeremomycin_cid445806,Chloroeremomycin,445806,C[C@H]1[C@@H]([C@@](C[C@@H](O1)O[C@@H]2[C@H]([C@@H]([C@H](O[C@H]2OC3=C4C=C5C=C3OC6=C(C=C(C=C6)[C@H]([C@H]7C(=O)N[C@@H](C8=C(C(=CC(=C8)O)O)C9=C(C=CC(=C9)[C@H](C(=O)N7)NC(=O)[C@@H]5NC(=O)[C@@H](NC(=O)[C@@H]([C@@H](C1=CC(=C(O4)C=C1)Cl)O)NC(=O)[C@@H](CC(C)C)NC)CC(=O)N)O)C(=O)O)O[C@H]1C[C@]([C@H]([C@@H](O1)C)O)(C)N)Cl)CO)O)O)(C)N)O,1
chloroform_d_cid71583.png,chloroform_d_cid71583,Chloroform-D,71583,[2H]C(Cl)(Cl)Cl,1
chloroisopropylmagnesium_cid101955.png,chloroisopropylmagnesium_cid101955,Chloroisopropylmagnesium,101955,C[CH-]C.[Mg+2].[Cl-],1
chlorophacinone_cid19402.png,chlorophacinone_cid19402,Chlorophacinone,19402,C1=CC=C(C=C1)C(C2=CC=C(C=C2)Cl)C(=O)C3C(=O)C4=CC=CC=C4C3=O,1
chlorophyll_a_cid12085802.png,chlorophyll_a_cid12085802,Chlorophyll A,12085802,CCC1=C(C2=NC1=CC3=C(C4=C([N-]3)C(=C5[C@H]([C@@H](C(=N5)C=C6C(=C(C(=C2)[N-]6)C=C)C)C)CCC(=O)OC/C=C(\C)/CCC[C@H](C)CCC[C@H](C)CCCC(C)C)[C@H](C4=O)C(=O)OC)C)C.[Mg+2],1
chlorophyll_b_cid11593175.png,chlorophyll_b_cid11593175,Chlorophyll B,11593175,CCC1=C(C2=NC1=CC3=C(C4=C([N-]3)C(=C5[C@H]([C@@H](C(=N5)C=C6C(=C(C(=C2)[N-]6)C=C)C)C)CCC(=O)OC/C=C(\C)/CCC[C@H](C)CCC[C@H](C)CCCC(C)C)[C@H](C4=O)C(=O)OC)C)C=O.[Mg+2],1
chloroquine_cid2719.png,chloroquine_cid2719,Chloroquine,2719,CCN(CC)CCCC(C)NC1=C2C=CC(=CC2=NC=C1)Cl,1
chlorotrianisene_cid11289.png,chlorotrianisene_cid11289,Chlorotrianisene,11289,COC1=CC=C(C=C1)C(=C(C2=CC=C(C=C2)OC)Cl)C3=CC=C(C=C3)OC,1
chlorotris_triphenylphosphine_rhodium_i_cid84599.png,chlorotris_triphenylphosphine_rhodium_i_cid84599,Chlorotris(triphenylphosphine)rhodium(I),84599,C1=CC=C(C=C1)P(C2=CC=CC=C2)C3=CC=CC=C3.C1=CC=C(C=C1)P(C2=CC=CC=C2)C3=CC=CC=C3.C1=CC=C(C=C1)P(C2=CC=CC=C2)C3=CC=CC=C3.[Cl-].[Rh],1
chlorozotocin_cid451706.png,chlorozotocin_cid451706,Chlorozotocin,451706,C(CCl)N(C(=O)N[C@@H](C=O)[C@H]([C@@H]([C@@H](CO)O)O)O)N=O,1
chlorpheniramine_cid2725.png,chlorpheniramine_cid2725,(+-)-Chlorpheniramine,2725,CN(C)CCC(C1=CC=C(C=C1)Cl)C2=CC=CC=N2,1
chlorpromazine_cid2726.png,chlorpromazine_cid2726,Chlorpromazine,2726,CN(C)CCCN1C2=CC=CC=C2SC3=C1C=C(C=C3)Cl,1
chlorprothixene_cid667467.png,chlorprothixene_cid667467,Chlorprothixene,667467,CN(C)CC/C=C\1/C2=CC=CC=C2SC3=C1C=C(C=C3)Cl,1
chlorzoxazone_cid2733.png,chlorzoxazone_cid2733,Chlorzoxazone,2733,C1=CC2=C(C=C1Cl)NC(=O)O2,1
cholesterol_25_26_26_26_27_27_27_d7_cid5314029.png,cholesterol_25_26_26_26_27_27_27_d7_cid5314029,"Cholesterol-25,26,26,26,27,27,27-d7",5314029,[2H]C([2H])([2H])C([2H])(CCC[C@@H](C)[C@H]1CC[C@@H]2[C@@]1(CC[C@H]3[C@H]2CC=C4[C@@]3(CC[C@@H](C4)O)C)C)C([2H])([2H])[2H],1
cholesterol_cid5997.png,cholesterol_cid5997,Cholesterol,5997,C[C@H](CCCC(C)C)[C@H]1CC[C@@H]2[C@@]1(CC[C@H]3[C@H]2CC=C4[C@@]3(CC[C@@H](C4)O)C)C,1
cholic_acid_cid221493.png,cholic_acid_cid221493,Cholic Acid,221493,C[C@H](CCC(=O)O)[C@H]1CC[C@@H]2[C@@]1([C@H](C[C@H]3[C@H]2[C@@H](C[C@H]4[C@@]3(CC[C@H](C4)O)C)O)O)C,1
choline_chloride_cid6209.png,choline_chloride_cid6209,Choline Chloride,6209,C[N+](C)(C)CCO.[Cl-],1
chromium_hexacarbonyl_cid25589.png,chromium_hexacarbonyl_cid25589,Chromium hexacarbonyl,25589,[C-]#[O+].[C-]#[O+].[C-]#[O+].[C-]#[O+].[C-]#[O+].[C-]#[O+].[Cr],1
chromium_iii_picolinate_cid151932.png,chromium_iii_picolinate_cid151932,Chromium(III) picolinate,151932,C1=CC=NC(=C1)C(=O)[O-].C1=CC=NC(=C1)C(=O)[O-].C1=CC=NC(=C1)C(=O)[O-].[Cr+3],1
chromocene_cid79154.png,chromocene_cid79154,Chromocene,79154,[CH-]1C=CC=C1.[CH-]1C=CC=C1.[Cr+2],1
cibenzoline_cid2747.png,cibenzoline_cid2747,Cibenzoline,2747,C1CN=C(N1)C2CC2(C3=CC=CC=C3)C4=CC=CC=C4,1
ciclesonide_cid6918155.png,ciclesonide_cid6918155,Ciclesonide,6918155,CC(C)C(=O)OCC(=O)[C@@]12[C@@H](C[C@@H]3[C@@]1(C[C@@H]([C@H]4[C@H]3CCC5=CC(=O)C=C[C@]45C)O)C)O[C@H](O2)C6CCCCC6,1
ciclopirox_olamine_cid38911.png,ciclopirox_olamine_cid38911,Ciclopirox Olamine,38911,CC1=CC(=O)N(C(=C1)C2CCCCC2)O.C(CO)N,1
cid_10898559_cid10898559.png,cid_10898559_cid10898559,CID 10898559,10898559,[CH3-].CC1=CC2=C(C=C1C)N(C=N2)[C@@H]3[C@@H]([C@@H]([C@H](O3)CO)OP(=O)([O-])OC(C)CNC(=O)CC[C@@]4([C@H]([C@@H]5[C@]6([C@@]([C@@H](/C(=C(/C7=N/C(=C\C8=N/C(=C(\C4=N5)/C)/[C@H](C8(C)C)CCC(=O)N)/[C@H]([C@]7(C)CC(=O)N)CCC(=O)N)\C)/[N-]6)CCC(=O)N)(C)CC(=O)N)C)CC(=O)N)C)O.[Co+3],1
cidofovir_cid60613.png,cidofovir_cid60613,Cidofovir,60613,C1=CN(C(=O)N=C1N)C[C@@H](CO)OCP(=O)(O)O,1
cilagicin_cid171038003.png,cilagicin_cid171038003,Cilagicin,171038003,CCCCCCCCCCCCCC(=O)N[C@H](CO)C(=O)N[C@H]1[C@H](OC(=O)[C@@H](NC(=O)[C@@H](NC(=O)[C@@H](NC(=O)[C@@H](NC(=O)CNC(=O)[C@H](NC(=O)[C@H](NC(=O)CNC(=O)[C@@H](NC(=O)[C@H](NC1=O)CCN)CC(=O)O)CC(=O)N)CC(=O)O)CC2=CC=C(C=C2)O)C(C)C)CCN)CC3=CC=CC=C3)C,1
cilazapril_cid56330.png,cilazapril_cid56330,Cilazapril,56330,CCOC(=O)[C@H](CCC1=CC=CC=C1)N[C@H]2CCCN3CCC[C@H](N3C2=O)C(=O)O,1
cilengitide_cid176873.png,cilengitide_cid176873,Cilengitide,176873,CC(C)[C@H]1C(=O)N[C@H](C(=O)NCC(=O)N[C@H](C(=O)N[C@@H](C(=O)N1C)CC2=CC=CC=C2)CC(=O)O)CCCN=C(N)N,1
cilnidipine_cid5282138.png,cilnidipine_cid5282138,Cilnidipine,5282138,CC1=C(C(C(=C(N1)C)C(=O)OC/C=C/C2=CC=CC=C2)C3=CC(=CC=C3)[N+](=O)[O-])C(=O)OCCOC,1
cilofexor_cid71228883.png,cilofexor_cid71228883,Cilofexor,71228883,C1CC1C2=C(C(=NO2)C3=C(C=CC=C3Cl)Cl)COC4=CC(=C(C=C4)C5(CN(C5)C6=NC=CC(=C6)C(=O)O)O)Cl,1
cilofungin_cid6918120.png,cilofungin_cid6918120,Cilofungin,6918120,CCCCCCCCOC1=CC=C(C=C1)C(=O)N[C@H]2C[C@H]([C@H](NC(=O)[C@@H]3[C@H]([C@H](CN3C(=O)[C@@H](NC(=O)[C@@H](NC(=O)[C@@H]4C[C@H](CN4C(=O)[C@@H](NC2=O)[C@@H](C)O)O)[C@@H]([C@H](C5=CC=C(C=C5)O)O)O)[C@@H](C)O)C)O)O)O,1
cilostazol_cid2754.png,cilostazol_cid2754,Cilostazol,2754,C1CCC(CC1)N2C(=NN=N2)CCCCOC3=CC4=C(C=C3)NC(=O)CC4,1
cimetidine_cid2756.png,cimetidine_cid2756,Cimetidine,2756,CC1=C(N=CN1)CSCCNC(=NC)NC#N,1
cinacalcet_hydrochloride_cid156418.png,cinacalcet_hydrochloride_cid156418,Cinacalcet Hydrochloride,156418,C[C@H](C1=CC=CC2=CC=CC=C21)NCCCC3=CC(=CC=C3)C(F)(F)F.Cl,1
cinitapride_cid68867.png,cinitapride_cid68867,Cinitapride,68867,CCOC1=CC(=C(C=C1C(=O)NC2CCN(CC2)CC3CCC=CC3)[N+](=O)[O-])N,1
cinnarizine_cid1547484.png,cinnarizine_cid1547484,Cinnarizine,1547484,C1CN(CCN1C/C=C/C2=CC=CC=C2)C(C3=CC=CC=C3)C4=CC=CC=C4,1
cipepofol_cid86301664.png,cipepofol_cid86301664,Cipepofol,86301664,C[C@H](C1CC1)C2=CC=CC(=C2O)C(C)C,1
ciprofloxacin_cid2764.png,ciprofloxacin_cid2764,Ciprofloxacin,2764,C1CC1N2C=C(C(=O)C3=CC(=C(C=C32)N4CCNCC4)F)C(=O)O,1
cis_oxalato_trans_l_1_2_diaminocyclohexaneplatinum_ii_cid9887053.png,cis_oxalato_trans_l_1_2_diaminocyclohexaneplatinum_ii_cid9887053,"cis-oxalato-trans-l-1,2-diaminocyclohexaneplatinum(II)",9887053,C1CC[C@H]([C@@H](C1)[NH-])[NH-].C(=O)(C(=O)O)O.[Pt+2],1
cisapride_cid6917698.png,cisapride_cid6917698,Cisapride,6917698,CO[C@H]1CN(CC[C@H]1NC(=O)C2=CC(=C(C=C2OC)N)Cl)CCCOC3=CC=C(C=C3)F,1
citalopram_cid2771.png,citalopram_cid2771,Citalopram,2771,CN(C)CCCC1(C2=C(CO1)C=C(C=C2)C#N)C3=CC=C(C=C3)F,1
citric_acid_cid311.png,citric_acid_cid311,Citric Acid,311,C(C(=O)O)C(CC(=O)O)(C(=O)O)O,1
citrulline_cid9750.png,citrulline_cid9750,Citrulline,9750,C(C[C@@H](C(=O)O)N)CNC(=O)N,1
cladribine_cid20279.png,cladribine_cid20279,Cladribine,20279,C1[C@@H]([C@H](O[C@H]1N2C=NC3=C(N=C(N=C32)Cl)N)CO)O,1
clarithromycin_cid84029.png,clarithromycin_cid84029,Clarithromycin,84029,CC[C@@H]1[C@@]([C@@H]([C@H](C(=O)[C@@H](C[C@@]([C@@H]([C@H]([C@@H]([C@H](C(=O)O1)C)O[C@H]2C[C@@]([C@H]([C@@H](O2)C)O)(C)OC)C)O[C@H]3[C@@H]([C@H](C[C@H](O3)C)N(C)C)O)(C)OC)C)C)O)(C)O,1
clascoterone_cid11750009.png,clascoterone_cid11750009,Clascoterone,11750009,CCC(=O)O[C@@]1(CC[C@@H]2[C@@]1(CC[C@H]3[C@H]2CCC4=CC(=O)CC[C@]34C)C)C(=O)CO,1
clavulanic_acid_cid5280980.png,clavulanic_acid_cid5280980,Clavulanic Acid,5280980,C1[C@@H]2N(C1=O)[C@H](/C(=C/CO)/O2)C(=O)O,1
clazosentan_cid6433095.png,clazosentan_cid6433095,Clazosentan,6433095,CC1=CN=C(C=C1)S(=O)(=O)NC2=C(C(=NC(=N2)C3=CC(=NC=C3)C4=NNN=N4)OCCO)OC5=CC=CC=C5OC,1
clemastine_cid26987.png,clemastine_cid26987,Clemastine,26987,C[C@@](C1=CC=CC=C1)(C2=CC=C(C=C2)Cl)OCC[C@H]3CCCN3C,1
clenbuterol_cid2783.png,clenbuterol_cid2783,Clenbuterol,2783,CC(C)(C)NCC(C1=CC(=C(C(=C1)Cl)N)Cl)O,1
clidinium_bromide_cid19004.png,clidinium_bromide_cid19004,Clidinium Bromide,19004,C[N+]12CCC(CC1)C(C2)OC(=O)C(C3=CC=CC=C3)(C4=CC=CC=C4)O.[Br-],1
clindamycin_cid446598.png,clindamycin_cid446598,Clindamycin,446598,CCC[C@@H]1C[C@H](N(C1)C)C(=O)N[C@@H]([C@@H]2[C@@H]([C@@H]([C@H]([C@H](O2)SC)O)O)O)[C@H](C)Cl,1
clindamycin_phosphate_cid443385.png,clindamycin_phosphate_cid443385,Clindamycin Phosphate,443385,CCC[C@@H]1C[C@H](N(C1)C)C(=O)N[C@@H]([C@@H]2[C@@H]([C@@H]([C@H]([C@H](O2)SC)OP(=O)(O)O)O)O)[C@H](C)Cl,1
clioquinol_cid2788.png,clioquinol_cid2788,Clioquinol,2788,C1=CC2=C(C(=C(C=C2Cl)I)O)N=C1,1
clobazam_cid2789.png,clobazam_cid2789,Clobazam,2789,CN1C(=O)CC(=O)N(C2=C1C=CC(=C2)Cl)C3=CC=CC=C3,1
clobetasol_propionate_cid32798.png,clobetasol_propionate_cid32798,Clobetasol Propionate,32798,CCC(=O)O[C@@]1([C@H](C[C@@H]2[C@@]1(C[C@@H]([C@]3([C@H]2CCC4=CC(=O)C=C[C@@]43C)F)O)C)C)C(=O)CCl,1
clobutinol_cid26937.png,clobutinol_cid26937,Clobutinol,26937,CC(CN(C)C)C(C)(CC1=CC=C(C=C1)Cl)O,1
clocortolone_cid5311052.png,clocortolone_cid5311052,Clocortolone,5311052,C[C@@H]1C[C@H]2[C@@H]3C[C@@H](C4=CC(=O)C=C[C@@]4([C@]3([C@H](C[C@@]2([C@H]1C(=O)CO)C)O)Cl)C)F,1
clodronate_cid25419.png,clodronate_cid25419,Clodronate,25419,C(P(=O)(O)O)(P(=O)(O)O)(Cl)Cl,1
clofazimine_cid2794.png,clofazimine_cid2794,Clofazimine,2794,CC(C)N=C1C=C2C(=NC3=CC=CC=C3N2C4=CC=C(C=C4)Cl)C=C1NC5=CC=C(C=C5)Cl,1
clomethiazole_cid10783.png,clomethiazole_cid10783,Clomethiazole,10783,CC1=C(SC=N1)CCCl,1
clomiphene_cid2800.png,clomiphene_cid2800,Clomiphene,2800,CCN(CC)CCOC1=CC=C(C=C1)C(=C(C2=CC=CC=C2)Cl)C3=CC=CC=C3,1
clomipramine_cid2801.png,clomipramine_cid2801,Clomipramine,2801,CN(C)CCCN1C2=CC=CC=C2CCC3=C1C=C(C=C3)Cl,1
clonazepam_cid2802.png,clonazepam_cid2802,Clonazepam,2802,C1C(=O)NC2=C(C=C(C=C2)[N+](=O)[O-])C(=N1)C3=CC=CC=C3Cl,1
clonidine_cid2803.png,clonidine_cid2803,Clonidine,2803,C1CN=C(N1)NC2=C(C=CC=C2Cl)Cl,1
clopidogrel_cid60606.png,clopidogrel_cid60606,Clopidogrel,60606,COC(=O)[C@H](C1=CC=CC=C1Cl)N2CCC3=C(C2)C=CS3,1
clopidol_cid18087.png,clopidol_cid18087,Clopidol,18087,CC1=C(C(=O)C(=C(N1)C)Cl)Cl,1
clorindione_cid70846.png,clorindione_cid70846,Clorindione,70846,C1=CC=C2C(=C1)C(=O)C(C2=O)C3=CC=C(C=C3)Cl,1
clorsulon_cid43231.png,clorsulon_cid43231,Clorsulon,43231,C1=C(C(=CC(=C1N)S(=O)(=O)N)S(=O)(=O)N)C(=C(Cl)Cl)Cl,1
clotrimazole_cid2812.png,clotrimazole_cid2812,Clotrimazole,2812,C1=CC=C(C=C1)C(C2=CC=CC=C2)(C3=CC=CC=C3Cl)N4C=CN=C4,1
clovibactin_cid146342518.png,clovibactin_cid146342518,Clovibactin,146342518,C[C@H]1C(=O)N[C@H](C(=O)N[C@H](C(=O)O[C@H]([C@H](C(=O)N1)NC(=O)[C@H](CO)NC(=O)[C@@H](CCCCN)NC(=O)[C@@H](CC(C)C)NC(=O)[C@H](CC2=CC=CC=C2)N)C(=O)N)CC(C)C)CC(C)C,1
cloxacillin_cid6098.png,cloxacillin_cid6098,Cloxacillin,6098,CC1=C(C(=NO1)C2=CC=CC=C2Cl)C(=O)N[C@H]3[C@@H]4N(C3=O)[C@H](C(S4)(C)C)C(=O)O,1
clozapine_cid135398737.png,clozapine_cid135398737,Clozapine,135398737,CN1CCN(CC1)C2=NC3=C(C=CC(=C3)Cl)NC4=CC=CC=C42,1
cobaltocene_cid92884.png,cobaltocene_cid92884,Cobaltocene,92884,[CH-]1C=CC=C1.[CH-]1C=CC=C1.[Co+2],1
cobicistat_cid25151504.png,cobicistat_cid25151504,Cobicistat,25151504,CC(C)C1=NC(=CS1)CN(C)C(=O)N[C@@H](CCN2CCOCC2)C(=O)N[C@H](CC[C@H](CC3=CC=CC=C3)NC(=O)OCC4=CN=CS4)CC5=CC=CC=C5,1
cobimetinib_cid16222096.png,cobimetinib_cid16222096,Cobimetinib,16222096,C1CCN[C@@H](C1)C2(CN(C2)C(=O)C3=C(C(=C(C=C3)F)F)NC4=C(C=C(C=C4)I)F)O,1
cocaine_cid446220.png,cocaine_cid446220,Cocaine,446220,CN1[C@H]2CC[C@@H]1[C@H]([C@H](C2)OC(=O)C3=CC=CC=C3)C(=O)OC,1
codeine_cid5284371.png,codeine_cid5284371,Codeine,5284371,CN1CC[C@]23[C@@H]4[C@H]1CC5=C2C(=C(C=C5)OC)O[C@H]3[C@H](C=C4)O,1
colchicine_cid6167.png,colchicine_cid6167,Colchicine,6167,CC(=O)N[C@H]1CCC2=CC(=C(C(=C2C3=CC=C(C(=O)C=C13)OC)OC)OC)OC,1
colfosceril_palmitate_cid452110.png,colfosceril_palmitate_cid452110,Colfosceril Palmitate,452110,CCCCCCCCCCCCCCCC(=O)OC[C@H](COP(=O)([O-])OCC[N+](C)(C)C)OC(=O)CCCCCCCCCCCCCCC,1
colistin_a_cid24825758.png,colistin_a_cid24825758,Colistin A,24825758,CC[C@H](C)CCCCC(=O)N[C@@H](CCN)C(=O)N[C@@H]([C@@H](C)O)C(=O)N[C@@H](CCN)C(=O)N[C@H]1CCNC(=O)[C@@H](NC(=O)[C@@H](NC(=O)[C@@H](NC(=O)[C@@H](NC(=O)[C@H](NC(=O)[C@@H](NC1=O)CCN)CC(C)C)CC(C)C)CCN)CCN)[C@@H](C)O,1
colistin_cid5311054.png,colistin_cid5311054,Colistin,5311054,CCC(C)CCCC(=O)N[C@@H](CCN)C(=O)N[C@@H]([C@@H](C)O)C(=O)N[C@@H](CCN)C(=O)N[C@H]1CCNC(=O)[C@@H](NC(=O)[C@@H](NC(=O)[C@@H](NC(=O)[C@@H](NC(=O)[C@H](NC(=O)[C@@H](NC1=O)CCN)CC(C)C)CC(C)C)CCN)CCN)[C@@H](C)O,1
complestatin_cid139588957.png,complestatin_cid139588957,Complestatin,139588957,CN1[C@@H](CC2=CC=C(C=C2)OC3=CC4=CC(=C3O)C5=CC6=C(C=C5)C(=CN6)C[C@H](C(=O)N[C@H](C(=O)N[C@H]4C(=O)N[C@@H](C1=O)C7=CC(=C(C(=C7)Cl)O)Cl)C8=CC(=C(C(=C8)Cl)O)Cl)NC(=O)C(=O)C9=CC(=C(C(=C9)Cl)O)Cl)C(=O)NC(C1=CC=C(C=C1)O)C(=O)O,1
congo_red_cid11313.png,congo_red_cid11313,Congo red,11313,C1=CC=C2C(=C1)C(=CC(=C2N)N=NC3=CC=C(C=C3)C4=CC=C(C=C4)N=NC5=C(C6=CC=CC=C6C(=C5)S(=O)(=O)[O-])N)S(=O)(=O)[O-].[Na+].[Na+],1
contezolid_cid25184541.png,contezolid_cid25184541,Contezolid,25184541,C1CN(C=CC1=O)C2=C(C=C(C(=C2F)F)N3C[C@@H](OC3=O)CNC4=NOC=C4)F,1
copanlisib_cid135565596.png,copanlisib_cid135565596,Copanlisib,135565596,COC1=C(C=CC2=C3NCCN3C(=NC(=O)C4=CN=C(N=C4)N)N=C21)OCCCN5CCOCC5,1
copper_ii_acetylacetonate_cid13669119.png,copper_ii_acetylacetonate_cid13669119,Copper(II) acetylacetonate,13669119,CC(=O)[CH-]C(=O)C.CC(=O)[CH-]C(=O)C.[Cu+2],1
coprexa_cid5245480.png,coprexa_cid5245480,Coprexa,5245480,[SH-].[SH-].S=[Mo]=S,1
coronene_cid9115.png,coronene_cid9115,Coronene,9115,C1=CC2=C3C4=C1C=CC5=C4C6=C(C=C5)C=CC7=C6C3=C(C=C2)C=C7,1
corticosterone_cid5753.png,corticosterone_cid5753,Corticosterone,5753,C[C@]12CCC(=O)C=C1CC[C@@H]3[C@@H]2[C@H](C[C@]4([C@H]3CC[C@@H]4C(=O)CO)C)O,1
cortisol_cid5754.png,cortisol_cid5754,Cortisol,5754,C[C@]12CCC(=O)C=C1CC[C@@H]3[C@@H]2[C@H](C[C@]4([C@H]3CC[C@@]4(C(=O)CO)O)C)O,1
cortisone_cid222786.png,cortisone_cid222786,Cortisone,222786,C[C@]12CCC(=O)C=C1CC[C@@H]3[C@@H]2C(=O)C[C@]4([C@H]3CC[C@@]4(C(=O)CO)O)C,1
cositecan_cid148202.png,cositecan_cid148202,Cositecan,148202,CC[C@@]1(C2=C(COC1=O)C(=O)N3CC4=C(C5=CC=CC=C5N=C4C3=C2)CC[Si](C)(C)C)O,1
coumatetralyl_cid54678504.png,coumatetralyl_cid54678504,Coumatetralyl,54678504,C1CC(C2=CC=CC=C2C1)C3=C(C4=CC=CC=C4OC3=O)O,1
creatine_cid586.png,creatine_cid586,Creatine,586,CN(CC(=O)O)C(=N)N,1
crenolanib_cid10366136.png,crenolanib_cid10366136,Crenolanib,10366136,CC1(COC1)COC2=CC3=C(C=C2)N(C=N3)C4=NC5=C(C=CC=C5N6CCC(CC6)N)C=C4,1
crisaborole_cid44591583.png,crisaborole_cid44591583,Crisaborole,44591583,B1(C2=C(CO1)C=C(C=C2)OC3=CC=C(C=C3)C#N)O,1
crizotinib_cid11626560.png,crizotinib_cid11626560,Crizotinib,11626560,C[C@H](C1=C(C=CC(=C1Cl)F)Cl)OC2=C(N=CC(=C2)C3=CN(N=C3)C4CCNCC4)N,1
cromolyn_cid2882.png,cromolyn_cid2882,Cromolyn,2882,C1=CC2=C(C(=C1)OCC(COC3=CC=CC4=C3C(=O)C=C(O4)C(=O)O)O)C(=O)C=C(O2)C(=O)O,1
cryptophycin_52_cid9939639.png,cryptophycin_52_cid9939639,Cryptophycin 52,9939639,C[C@@H]([C@@H]1C/C=C/C(=O)N[C@@H](C(=O)NCC(C(=O)O[C@H](C(=O)O1)CC(C)C)(C)C)CC2=CC(=C(C=C2)OC)Cl)[C@@H]3[C@H](O3)C4=CC=CC=C4,1
crystal_violet_cid11057.png,crystal_violet_cid11057,Crystal Violet,11057,CN(C)C1=CC=C(C=C1)C(=C2C=CC(=[N+](C)C)C=C2)C3=CC=C(C=C3)N(C)C.[Cl-],1
cucurbit_7_uril_cb_7_hydrate_cid6096207.png,cucurbit_7_uril_cb_7_hydrate_cid6096207,Cucurbit[7]uril (CB[7]) hydrate,6096207,C1N2C3C4N(C2=O)CN5C6C7N(C5=O)CN8C9C2N(C8=O)CN5C8C%10N(C5=O)CN5C%11C%12N(C5=O)CN5C%13C%14N(C5=O)CN5C%15C(N1C5=O)N1CN3C(=O)N4CN6C(=O)N7CN9C(=O)N2CN8C(=O)N%10CN%11C(=O)N%12CN%13C(=O)N%14CN%15C1=O,1
cupric_acetate_cid8895.png,cupric_acetate_cid8895,Cupric acetate,8895,CC(=O)[O-].CC(=O)[O-].[Cu+2],1
cupric_chloride_cid24014.png,cupric_chloride_cid24014,Cupric Chloride,24014,Cl[Cu]Cl,1
cyanocobalamin_cid166596686.png,cyanocobalamin_cid166596686,Cyanocobalamin,166596686,CC1=CC2=C(C=C1C)[N+](=CN2)[C@@H]3[C@@H]([C@@H]([C@H](O3)CO)OP(=O)(O)O[C@H](C)CNC(=O)CC[C@@]4([C@H]([C@@H]5[C@]6([C@@]([C@@H](C(=N6)/C(=C\7/[C@@]([C@@H](/C(=C/C8=N/C(=C(\C4=N5)/C)/[C@H](C8(C)C)CCC(=N)[O-])/N7)CCC(=N)[O-])(C)CC(=O)N)/C)CCC(=N)[O-])(C)CC(=O)N)C)CC(=O)N)C)O.[C]#N.[Co+2],1
cyclizine_cid6726.png,cyclizine_cid6726,Cyclizine,6726,CN1CCN(CC1)C(C2=CC=CC=C2)C3=CC=CC=C3,1
cyclobenzaprine_cid2895.png,cyclobenzaprine_cid2895,Cyclobenzaprine,2895,CN(C)CCC=C1C2=CC=CC=C2C=CC3=CC=CC=C31,1
cycloguanil_cid9049.png,cycloguanil_cid9049,Cycloguanil,9049,CC1(N=C(N=C(N1C2=CC=C(C=C2)Cl)N)N)C,1
cyclohexane_d12_cid123129.png,cyclohexane_d12_cid123129,Cyclohexane-D12,123129,[2H]C1(C(C(C(C(C1([2H])[2H])([2H])[2H])([2H])[2H])([2H])[2H])([2H])[2H])[2H],1
cyclophosphamide_cid2907.png,cyclophosphamide_cid2907,Cyclophosphamide,2907,C1CNP(=O)(OC1)N(CCCl)CCCl,1
cycloplatam_cid3035239.png,cycloplatam_cid3035239,Cycloplatam,3035239,C1CCC(C1)N.C(C(C(=O)[O-])O)C(=O)[O-].N.[Pt+2],1
cyclopropane_cid6351.png,cyclopropane_cid6351,Cyclopropane,6351,C1CC1,1
cycloserine_cid6234.png,cycloserine_cid6234,Cycloserine,6234,C1[C@H](C(=O)NO1)N,1
cyclosporin_a_cid5284373.png,cyclosporin_a_cid5284373,Cyclosporin A,5284373,CC[C@H]1C(=O)N(CC(=O)N([C@H](C(=O)N[C@H](C(=O)N([C@H](C(=O)N[C@H](C(=O)N[C@@H](C(=O)N([C@H](C(=O)N([C@H](C(=O)N([C@H](C(=O)N([C@H](C(=O)N1)[C@@H]([C@H](C)C/C=C/C)O)C)C(C)C)C)CC(C)C)C)CC(C)C)C)C)C)CC(C)C)C)C(C)C)CC(C)C)C)C,1
cyclosporin_c_cid5287817.png,cyclosporin_c_cid5287817,Cyclosporin C,5287817,C/C=C/C[C@@H](C)[C@H]([C@H]1C(=O)N[C@H](C(=O)N(CC(=O)N([C@H](C(=O)N[C@H](C(=O)N([C@H](C(=O)N[C@H](C(=O)N[C@@H](C(=O)N([C@H](C(=O)N([C@H](C(=O)N([C@H](C(=O)N1C)C(C)C)C)CC(C)C)C)CC(C)C)C)C)C)CC(C)C)C)C(C)C)CC(C)C)C)C)[C@@H](C)O)O,1
cyproheptadine_hydrochloride_cid13770.png,cyproheptadine_hydrochloride_cid13770,Cyproheptadine Hydrochloride,13770,CN1CCC(=C2C3=CC=CC=C3C=CC4=CC=CC=C42)CC1.Cl,1
cyproterone_acetate_cid9880.png,cyproterone_acetate_cid9880,Cyproterone Acetate,9880,CC(=O)[C@]1(CC[C@@H]2[C@@]1(CC[C@H]3[C@H]2C=C(C4=CC(=O)[C@@H]5C[C@@H]5[C@]34C)Cl)C)OC(=O)C,1
cysteamine_cid6058.png,cysteamine_cid6058,Cysteamine,6058,C(CS)N,1
cystine_cid67678.png,cystine_cid67678,(-)-Cystine,67678,C([C@@H](C(=O)O)N)SSC[C@@H](C(=O)O)N,1
cytarabine_cid6253.png,cytarabine_cid6253,Cytarabine,6253,C1=CN(C(=O)N=C1N)[C@H]2[C@H]([C@@H]([C@H](O2)CO)O)O,1
cythioate_cid8293.png,cythioate_cid8293,Cythioate,8293,COP(=S)(OC)OC1=CC=C(C=C1)S(=O)(=O)N,1
cytisine_cid10235.png,cytisine_cid10235,Cytisine,10235,C1[C@H]2CNC[C@@H]1C3=CC=CC(=O)N3C2,1
d_fructose_cid2723872.png,d_fructose_cid2723872,D-Fructose,2723872,C1[C@H]([C@H]([C@@H](C(O1)(CO)O)O)O)O,1
d_galactose_cid6036.png,d_galactose_cid6036,D-Galactose,6036,C([C@@H]1[C@@H]([C@@H]([C@H](C(O1)O)O)O)O)O,1
d_glucose_cid5793.png,d_glucose_cid5793,D-Glucose,5793,C([C@@H]1[C@H]([C@@H]([C@H](C(O1)O)O)O)O)O,1
d_phenylalanine_2s_n_2r_2_2_3_aminopropyl_phenoxy_propyl_2_c_cid11526696.png,d_phenylalanine_2s_n_2r_2_2_3_aminopropyl_phenoxy_propyl_2_c_cid11526696,"D-Phenylalanine, (2S)-N-((2R)-2-(2-(3-aminopropyl)phenoxy)propyl)-2-cyclopropylglycyl-N-methyl-D-alanyl-4-fluoro-, (3->1)-lactam",11526696,C[C@@H]1CN[C@H](C(=O)N([C@@H](C(=O)N[C@@H](C(=O)NCCCC2=CC=CC=C2O1)CC3=CC=C(C=C3)F)C)C)C4CC4,1
d_ribose_cid10975657.png,d_ribose_cid10975657,D-Ribose,10975657,C1[C@H]([C@H]([C@H](C(O1)O)O)O)O,1
dabigatran_cid216210.png,dabigatran_cid216210,Dabigatran,216210,CN1C2=C(C=C(C=C2)C(=O)N(CCC(=O)O)C3=CC=CC=N3)N=C1CNC4=CC=C(C=C4)C(=N)N,1
dabigatran_etexilate_cid135565674.png,dabigatran_etexilate_cid135565674,Dabigatran Etexilate,135565674,CCCCCCOC(=O)NC(=N)C1=CC=C(C=C1)NCC2=NC3=C(N2C)C=CC(=C3)C(=O)N(CCC(=O)OCC)C4=CC=CC=N4,1
dabigatran_ethyl_ester_cid446804.png,dabigatran_ethyl_ester_cid446804,Dabigatran Ethyl Ester,446804,CCOC(=O)CCN(C1=CC=CC=N1)C(=O)C2=CC3=C(C=C2)N(C(=N3)CNC4=CC=C(C=C4)C(=N)N)C,1
dabrafenib_cid44462760.png,dabrafenib_cid44462760,Dabrafenib,44462760,CC(C)(C)C1=NC(=C(S1)C2=NC(=NC=C2)N)C3=C(C(=CC=C3)NS(=O)(=O)C4=C(C=CC=C4F)F)F,1
daclatasvir_cid25154714.png,daclatasvir_cid25154714,Daclatasvir,25154714,CC(C)[C@@H](C(=O)N1CCC[C@H]1C2=NC=C(N2)C3=CC=C(C=C3)C4=CC=C(C=C4)C5=CN=C(N5)[C@@H]6CCCN6C(=O)[C@H](C(C)C)NC(=O)OC)NC(=O)OC,1
dacomitinib_cid11511120.png,dacomitinib_cid11511120,Dacomitinib,11511120,COC1=C(C=C2C(=C1)N=CN=C2NC3=CC(=C(C=C3)F)Cl)NC(=O)/C=C/CN4CCCCC4,1
dactinomycin_cid457193.png,dactinomycin_cid457193,Dactinomycin,457193,C[C@@H]1[C@@H](C(=O)N[C@@H](C(=O)N2CCC[C@H]2C(=O)N(CC(=O)N([C@H](C(=O)O1)C(C)C)C)C)C(C)C)NC(=O)C3=C4C(=C(C=C3)C)OC5=C(C(=O)C(=C(C5=N4)C(=O)N[C@H]6[C@H](OC(=O)[C@@H](N(C(=O)CN(C(=O)[C@@H]7CCCN7C(=O)[C@H](NC6=O)C(C)C)C)C)C(C)C)C)N)C,1
dalbavancin_cid16134627.png,dalbavancin_cid16134627,Dalbavancin,16134627,CC(C)CCCCCCCCC(=O)N[C@@H]1[C@H]([C@@H]([C@H](O[C@H]1OC2=C3C=C4C=C2OC5=C(C=C(C=C5)[C@H]([C@H]6C(=O)N[C@@H](C7=C(C(=CC(=C7)O)O[C@@H]8[C@H]([C@H]([C@@H]([C@H](O8)CO)O)O)O)C9=C(C=CC(=C9)[C@H](C(=O)N6)NC(=O)[C@@H]4NC(=O)[C@@H]1C2=C(C(=CC(=C2)OC2=C(C=CC(=C2)[C@H](C(=O)N[C@H](CC2=CC=C(O3)C=C2)C(=O)N1)NC)O)O)Cl)O)C(=O)NCCCN(C)C)O)Cl)C(=O)O)O)O,1
dalfopristin_cid6323289.png,dalfopristin_cid6323289,Dalfopristin,6323289,CCN(CC)CCS(=O)(=O)[C@@H]1CCN2[C@H]1C(=O)O[C@@H]([C@@H](/C=C/C(=O)NC/C=C/C(=C/[C@H](CC(=O)CC3=NC(=CO3)C2=O)O)/C)C)C(C)C,1
danofloxacin_cid71335.png,danofloxacin_cid71335,Danofloxacin,71335,CN1C[C@@H]2C[C@H]1CN2C3=C(C=C4C(=C3)N(C=C(C4=O)C(=O)O)C5CC5)F,1
danoprevir_cid11285588.png,danoprevir_cid11285588,Danoprevir,11285588,CC(C)(C)OC(=O)N[C@H]1CCCCC/C=C\[C@@H]2C[C@]2(NC(=O)[C@@H]3C[C@H](CN3C1=O)OC(=O)N4CC5=C(C4)C(=CC=C5)F)C(=O)NS(=O)(=O)C6CC6,1
dantrolene_cid6914273.png,dantrolene_cid6914273,Dantrolene,6914273,C1C(=O)NC(=O)N1/N=C/C2=CC=C(O2)C3=CC=C(C=C3)[N+](=O)[O-],1
danuglipron_tromethamine_cid154702463.png,danuglipron_tromethamine_cid154702463,Danuglipron Tromethamine,154702463,C1CO[C@@H]1CN2C3=C(C=CC(=C3)C(=O)O)N=C2CN4CCC(CC4)C5=NC(=CC=C5)OCC6=C(C=C(C=C6)C#N)F.C(C(CO)(CO)N)O,1
dapagliflozin_cid9887712.png,dapagliflozin_cid9887712,Dapagliflozin,9887712,CCOC1=CC=C(C=C1)CC2=C(C=CC(=C2)[C@H]3[C@@H]([C@H]([C@@H]([C@H](O3)CO)O)O)O)Cl,1
dapansutrile_cid12714644.png,dapansutrile_cid12714644,Dapansutrile,12714644,CS(=O)(=O)CCC#N,1
dapivirine_cid214347.png,dapivirine_cid214347,Dapivirine,214347,CC1=CC(=C(C(=C1)C)NC2=NC(=NC=C2)NC3=CC=C(C=C3)C#N)C,1
dapoxetine_cid71353.png,dapoxetine_cid71353,Dapoxetine,71353,CN(C)[C@@H](CCOC1=CC=CC2=CC=CC=C21)C3=CC=CC=C3,1
dapsone_cid2955.png,dapsone_cid2955,Dapsone,2955,C1=CC(=CC=C1N)S(=O)(=O)C2=CC=C(C=C2)N,1
daptomycin_cid21585658.png,daptomycin_cid21585658,Daptomycin,21585658,CCCCCCCCCC(=O)N[C@@H](CC1=CNC2=CC=CC=C21)C(=O)N[C@H](CC(=O)N)C(=O)N[C@@H](CC(=O)O)C(=O)N[C@H]3[C@H](OC(=O)[C@@H](NC(=O)[C@@H](NC(=O)[C@H](NC(=O)CNC(=O)[C@@H](NC(=O)[C@H](NC(=O)[C@@H](NC(=O)[C@@H](NC(=O)CNC3=O)CCCN)CC(=O)O)C)CC(=O)O)CO)[C@H](C)CC(=O)O)CC(=O)C4=CC=CC=C4N)C,1
darifenacin_hydrobromide_cid444030.png,darifenacin_hydrobromide_cid444030,Darifenacin Hydrobromide,444030,C1CN(C[C@@H]1C(C2=CC=CC=C2)(C3=CC=CC=C3)C(=O)N)CCC4=CC5=C(C=C4)OCC5.Br,1
darinaparsin_cid11683005.png,darinaparsin_cid11683005,Darinaparsin,11683005,C[As](C)SC[C@@H](C(=O)NCC(=O)O)NC(=O)CC[C@@H](C(=O)O)N,1
darobactin_cid154586077.png,darobactin_cid154586077,Darobactin,154586077,C1[C@@H](C(=O)N[C@H](C(=O)NC2[C@@H](C3=CNC4=C3C=CC(=C4)[C@@H]([C@H](NC(=O)[C@@H](NC2=O)CO)C(=O)N[C@@H](CO)C(=O)N[C@@H](CC5=CC=CC=C5)C(=O)O)CCCN)OC6=CC=CC7=C6NC=C71)CC(=O)N)N,1
darolutamide_cid67171867.png,darolutamide_cid67171867,Darolutamide,67171867,C[C@@H](CN1C=CC(=N1)C2=CC(=C(C=C2)C#N)Cl)NC(=O)C3=NNC(=C3)C(C)O,1
darunavir_cid213039.png,darunavir_cid213039,Darunavir,213039,CC(C)CN(C[C@H]([C@H](CC1=CC=CC=C1)NC(=O)O[C@H]2CO[C@@H]3[C@H]2CCO3)O)S(=O)(=O)C4=CC=C(C=C4)N,1
dasatinib_cid3062316.png,dasatinib_cid3062316,Dasatinib,3062316,CC1=C(C(=CC=C1)Cl)NC(=O)C2=CN=C(S2)NC3=CC(=NC(=N3)C)N4CCN(CC4)CCO,1
daunorubicin_cid30323.png,daunorubicin_cid30323,Daunorubicin,30323,C[C@H]1[C@H]([C@H](C[C@@H](O1)O[C@H]2C[C@@](CC3=C2C(=C4C(=C3O)C(=O)C5=C(C4=O)C(=CC=C5)OC)O)(C(=O)C)O)N)O,1
dazoxiben_cid53001.png,dazoxiben_cid53001,Dazoxiben,53001,C1=CC(=CC=C1C(=O)O)OCCN2C=CN=C2,1
decabromodiphenyl_ether_cid14410.png,decabromodiphenyl_ether_cid14410,Decabromodiphenyl ether,14410,C1(=C(C(=C(C(=C1Br)Br)Br)Br)Br)OC2=C(C(=C(C(=C2Br)Br)Br)Br)Br,1
decoquinate_cid29112.png,decoquinate_cid29112,Decoquinate,29112,CCCCCCCCCCOC1=C(C=C2C(=C1)C(=O)C(=CN2)C(=O)OCC)OCC,1
deferasirox_cid214348.png,deferasirox_cid214348,Deferasirox,214348,C1=CC=C(C(=C1)C2=NN(C(=N2)C3=CC=CC=C3O)C4=CC=C(C=C4)C(=O)O)O,1
deferiprone_cid2972.png,deferiprone_cid2972,Deferiprone,2972,CC1=C(C(=O)C=CN1C)O,1
deferoxamine_cid2973.png,deferoxamine_cid2973,Deferoxamine,2973,CC(=O)N(CCCCCNC(=O)CCC(=O)N(CCCCCNC(=O)CCC(=O)N(CCCCCN)O)O)O,1
deflazacort_cid189821.png,deflazacort_cid189821,Deflazacort,189821,CC1=N[C@@]2([C@H](O1)C[C@@H]3[C@@]2(C[C@@H]([C@H]4[C@H]3CCC5=CC(=O)C=C[C@]45C)O)C)C(=O)COC(=O)C,1
degarelix_cid16136245.png,degarelix_cid16136245,Degarelix,16136245,C[C@H](C(=O)N)NC(=O)[C@@H]1CCCN1C(=O)[C@H](CCCCNC(C)C)NC(=O)[C@H](CC(C)C)NC(=O)[C@@H](CC2=CC=C(C=C2)NC(=O)N)NC(=O)[C@H](CC3=CC=C(C=C3)NC(=O)[C@@H]4CC(=O)NC(=O)N4)NC(=O)[C@H](CO)NC(=O)[C@@H](CC5=CN=CC=C5)NC(=O)[C@@H](CC6=CC=C(C=C6)Cl)NC(=O)[C@@H](CC7=CC8=CC=CC=C8C=C7)NC(=O)C,1
delafloxacin_cid487101.png,delafloxacin_cid487101,Delafloxacin,487101,C1C(CN1C2=C(C=C3C(=C2Cl)N(C=C(C3=O)C(=O)O)C4=C(C=C(C(=N4)N)F)F)F)O,1
delamanid_cid6480466.png,delamanid_cid6480466,Delamanid,6480466,C[C@@]1(CN2C=C(N=C2O1)[N+](=O)[O-])COC3=CC=C(C=C3)N4CCC(CC4)OC5=CC=C(C=C5)OC(F)(F)F,1
delanzomib_cid24800541.png,delanzomib_cid24800541,Delanzomib,24800541,B([C@H](CC(C)C)NC(=O)[C@H]([C@@H](C)O)NC(=O)C1=CC=CC(=N1)C2=CC=CC=C2)(O)O,1
delapril_cid5362116.png,delapril_cid5362116,Delapril,5362116,CCOC(=O)[C@H](CCC1=CC=CC=C1)N[C@@H](C)C(=O)N(CC(=O)O)C2CC3=CC=CC=C3C2,1
delavirdine_cid5625.png,delavirdine_cid5625,Delavirdine,5625,CC(C)NC1=C(N=CC=C1)N2CCN(CC2)C(=O)C3=CC4=C(N3)C=CC(=C4)NS(=O)(=O)C,1
deldeprevir_cid56935739.png,deldeprevir_cid56935739,Deldeprevir,56935739,CC1=C(C=CC2=C1N=C(C=C2O[C@@H]3C[C@H]4C(=O)N[C@@]5(C[C@H]5/C=C\CCCCC[C@@H](C(=O)N4C3)CC(=O)N6CCCC(C6)(F)F)C(=O)NS(=O)(=O)C7CC7)C8=NC(=CS8)C(C)C)OC,1
delgocitinib_cid50914062.png,delgocitinib_cid50914062,Delgocitinib,50914062,C[C@H]1CN([C@]12CCN(C2)C3=NC=NC4=C3C=CN4)C(=O)CC#N,1
delorazepam_cid17925.png,delorazepam_cid17925,Delorazepam,17925,C1C(=O)NC2=C(C=C(C=C2)Cl)C(=N1)C3=CC=CC=C3Cl,1
deltamethrin_cid40585.png,deltamethrin_cid40585,Deltamethrin,40585,CC1([C@H]([C@H]1C(=O)O[C@H](C#N)C2=CC(=CC=C2)OC3=CC=CC=C3)C=C(Br)Br)C,1
demecarium_bromide_cid5965.png,demecarium_bromide_cid5965,Demecarium Bromide,5965,CN(CCCCCCCCCCN(C)C(=O)OC1=CC=CC(=C1)[N+](C)(C)C)C(=O)OC2=CC=CC(=C2)[N+](C)(C)C.[Br-].[Br-],1
demoxytocin_cid449224.png,demoxytocin_cid449224,Demoxytocin,449224,CC[C@H](C)[C@H]1C(=O)N[C@H](C(=O)N[C@H](C(=O)N[C@@H](CSSCCC(=O)N[C@H](C(=O)N1)CC2=CC=C(C=C2)O)C(=O)N3CCC[C@H]3C(=O)N[C@@H](CC(C)C)C(=O)NCC(=O)N)CC(=O)N)CCC(=O)N,1
dersimelagon_cid126736894.png,dersimelagon_cid126736894,Dersimelagon,126736894,COC[C@H]1CN(C[C@@H]1C2=C(C=C(C=C2)C(F)(F)F)N3CCC(CC3)C(=O)O)C(=O)[C@@]4(CN(C[C@H]4C5=CC=C(C=C5)OC)C6CCCC6)F,1
deruxtecan_pyrrole_2_5_dione_cid118305111.png,deruxtecan_pyrrole_2_5_dione_cid118305111,"Deruxtecan pyrrole-2,5-dione",118305111,CC[C@@]1(C2=C(COC1=O)C(=O)N3CC4=C5[C@H](CCC6=C5C(=CC(=C6C)F)N=C4C3=C2)NC(=O)COCNC(=O)CNC(=O)[C@H](CC7=CC=CC=C7)NC(=O)CNC(=O)CNC(=O)CCCCCN8C(=O)C=CC8=O)O,1
desferrithiocin_cid135564781.png,desferrithiocin_cid135564781,Desferrithiocin,135564781,C[C@@]1(CSC(=N1)C2=C(C=CC=N2)O)C(=O)[O-].[Na+],1
desflurane_cid42113.png,desflurane_cid42113,Desflurane,42113,C(C(F)(F)F)(OC(F)F)F,1
desipramine_cid2995.png,desipramine_cid2995,Desipramine,2995,CNCCCN1C2=CC=CC=C2CCC3=CC=CC=C31,1
deslanoside_cid28620.png,deslanoside_cid28620,Deslanoside,28620,C[C@@H]1[C@H]([C@H](C[C@@H](O1)O[C@H]2CC[C@]3([C@@H](C2)CC[C@@H]4[C@@H]3C[C@H]([C@]5([C@@]4(CC[C@@H]5C6=CC(=O)OC6)O)C)O)C)O)O[C@H]7C[C@@H]([C@@H]([C@H](O7)C)O[C@H]8C[C@@H]([C@@H]([C@H](O8)C)O[C@H]9[C@@H]([C@H]([C@@H]([C@H](O9)CO)O)O)O)O)O,1
deslorelin_cid25077495.png,deslorelin_cid25077495,Deslorelin,25077495,CCNC(=O)[C@@H]1CCCN1C(=O)[C@H](CCCN=C(N)N)NC(=O)[C@H](CC(C)C)NC(=O)[C@@H](CC2=CNC3=CC=CC=C32)NC(=O)[C@H](CC4=CC=C(C=C4)O)NC(=O)[C@H](CO)NC(=O)[C@H](CC5=CNC6=CC=CC=C65)NC(=O)[C@H](CC7=CN=CN7)NC(=O)[C@@H]8CCC(=O)N8,1
desmopressin_cid5311065.png,desmopressin_cid5311065,Desmopressin,5311065,C1C[C@H](N(C1)C(=O)[C@@H]2CSSCCC(=O)N[C@H](C(=O)N[C@H](C(=O)N[C@H](C(=O)N[C@H](C(=O)N2)CC(=O)N)CCC(=O)N)CC3=CC=CC=C3)CC4=CC=C(C=C4)O)C(=O)N[C@H](CCCN=C(N)N)C(=O)NCC(=O)N,1
desoximetasone_cid5311067.png,desoximetasone_cid5311067,Desoximetasone,5311067,C[C@@H]1C[C@H]2[C@@H]3CCC4=CC(=O)C=C[C@@]4([C@]3([C@H](C[C@@]2([C@H]1C(=O)CO)C)O)F)C,1
destruxin_a_cid11421831.png,destruxin_a_cid11421831,Destruxin A,11421831,CC[C@H](C)[C@H]1C(=O)N([C@H](C(=O)N([C@H](C(=O)NCCC(=O)O[C@@H](C(=O)N2CCC[C@H]2C(=O)N1)CC=C)C)C)C(C)C)C,1
desvenlafaxine_succinate_cid6918664.png,desvenlafaxine_succinate_cid6918664,Desvenlafaxine Succinate,6918664,CN(C)CC(C1=CC=C(C=C1)O)C2(CCCCC2)O.C(CC(=O)O)C(=O)O.O,1
detirelix_cid16129698.png,detirelix_cid16129698,Detirelix,16129698,CCNC(=NCCCC[C@H](C(=O)N[C@@H](CC(C)C)C(=O)N[C@@H](CCCNC(=N)N)C(=O)N1CCC[C@H]1C(=O)N[C@H](C)C(=O)N)NC(=O)[C@H](CC2=CC=C(C=C2)O)NC(=O)[C@H](CO)NC(=O)[C@@H](CC3=CNC4=CC=CC=C43)NC(=O)[C@@H](CC5=CC=C(C=C5)Cl)NC(=O)[C@@H](CC6=CC7=CC=CC=C7C=C6)NC(=O)C)NCC,1
deucravacitinib_cid134821691.png,deucravacitinib_cid134821691,Deucravacitinib,134821691,[2H]C([2H])([2H])NC(=O)C1=NN=C(C=C1NC2=CC=CC(=C2OC)C3=NN(C=N3)C)NC(=O)C4CC4,1
deuruxolitinib_cid72704611.png,deuruxolitinib_cid72704611,Deuruxolitinib,72704611,[2H]C1(C(C(C(C1([2H])[2H])([2H])[2H])([2H])[2H])[C@@H](CC#N)N2C=C(C=N2)C3=C4C=CNC4=NC=N3)[2H],1
deuterated_l_leucine_cid16213587.png,deuterated_l_leucine_cid16213587,Deuterated L-leucine,16213587,[2H][C@@](C(=O)O)(C([2H])([2H])C([2H])(C([2H])([2H])[2H])C([2H])([2H])[2H])N,1
deutivacaftor_cid71470491.png,deutivacaftor_cid71470491,Deutivacaftor,71470491,[2H]C([2H])([2H])C(C1=C(C=C(C(=C1)C(C)(C)C)NC(=O)C2=CNC3=CC=CC=C3C2=O)O)(C([2H])([2H])[2H])C([2H])([2H])[2H],1
dexamethasone_cid5743.png,dexamethasone_cid5743,Dexamethasone,5743,C[C@@H]1C[C@H]2[C@@H]3CCC4=CC(=O)C=C[C@@]4([C@]3([C@H](C[C@@]2([C@]1(C(=O)CO)O)C)O)F)C,1
dexmedetomidine_cid5311068.png,dexmedetomidine_cid5311068,Dexmedetomidine,5311068,CC1=C(C(=CC=C1)[C@H](C)C2=CN=CN2)C,1
dexpanthenol_cid131204.png,dexpanthenol_cid131204,Dexpanthenol,131204,CC(C)(CO)[C@H](C(=O)NCCCO)O,1
dexrazoxane_cid71384.png,dexrazoxane_cid71384,Dexrazoxane,71384,C[C@@H](CN1CC(=O)NC(=O)C1)N2CC(=O)NC(=O)C2,1
dextromethorphan_cid5360696.png,dextromethorphan_cid5360696,Dextromethorphan,5360696,CN1CC[C@@]23CCCC[C@@H]2[C@@H]1CC4=C3C=C(C=C4)OC,1
di_2h3_methyl_sulphoxide_cid75151.png,di_2h3_methyl_sulphoxide_cid75151,Di((2H3)methyl) sulphoxide,75151,[2H]C([2H])([2H])S(=O)C([2H])([2H])[2H],1
diabzi_sting_agonist_1_cid131986624.png,diabzi_sting_agonist_1_cid131986624,Diabzi sting agonist-1,131986624,CCN1C(=CC(=N1)C)C(=O)NC2=NC3=C(N2C/C=C/CN4C5=C(C=C(C=C5OCCCN6CCOCC6)C(=O)N)N=C4NC(=O)C7=CC(=NN7CC)C)C(=CC(=C3)C(=O)N)OC,1
diatrizoate_cid2140.png,diatrizoate_cid2140,Diatrizoate,2140,CC(=O)NC1=C(C(=C(C(=C1I)C(=O)O)I)NC(=O)C)I,1
diazepam_cid3016.png,diazepam_cid3016,Diazepam,3016,CN1C(=O)CN=C(C2=C1C=CC(=C2)Cl)C3=CC=CC=C3,1
dibekacin_cid470999.png,dibekacin_cid470999,Dibekacin,470999,C1C[C@H]([C@H](O[C@@H]1CN)O[C@@H]2[C@H](C[C@H]([C@@H]([C@H]2O)O[C@@H]3[C@@H]([C@H]([C@@H]([C@H](O3)CO)O)N)O)N)N)N,1
dibenzepin_cid9419.png,dibenzepin_cid9419,Dibenzepin,9419,CN1C2=CC=CC=C2C(=O)N(C3=CC=CC=C31)CCN(C)C,1
dibenzo_18_crown_6_cid26541.png,dibenzo_18_crown_6_cid26541,Dibenzo-18-crown-6,26541,C1COC2=CC=CC=C2OCCOCCOC3=CC=CC=C3OCCO1,1
dibenzo_ghi_mno_fluoranthene_cid11831840.png,dibenzo_ghi_mno_fluoranthene_cid11831840,"Dibenzo(ghi,mno)fluoranthene",11831840,C1=CC2=C3C4=C1C=CC5=C4C6=C(C=C5)C=CC(=C36)C=C2,1
dibenzofuran_cid568.png,dibenzofuran_cid568,Dibenzofuran,568,C1=CC=C2C(=C1)C3=CC=CC=C3O2,1
dibenzothiophene_cid3023.png,dibenzothiophene_cid3023,Dibenzothiophene,3023,C1=CC=C2C(=C1)C3=CC=CC=C3S2,1
dibrospidium_chloride_cid72114.png,dibrospidium_chloride_cid72114,Dibrospidium Chloride,72114,C1C[N+]2(CCN1C(=O)CCBr)CC[N+]3(CCN(CC3)C(=O)CCBr)CC2.[Cl-].[Cl-],1
dibutyltin_dilaurate_cid16682738.png,dibutyltin_dilaurate_cid16682738,Dibutyltin dilaurate,16682738,CCCCCCCCCCCC(=O)O[Sn](CCCC)(CCCC)OC(=O)CCCCCCCCCCC,1
dichlororuthenium_2_pyridin_2_ylpyridine_cid10908382.png,dichlororuthenium_2_pyridin_2_ylpyridine_cid10908382,Dichlororuthenium;2-pyridin-2-ylpyridine,10908382,C1=CC=NC(=C1)C2=CC=CC=N2.C1=CC=NC(=C1)C2=CC=CC=N2.C1=CC=NC(=C1)C2=CC=CC=N2.Cl[Ru]Cl,1
dichlorphenamide_cid3038.png,dichlorphenamide_cid3038,Dichlorphenamide,3038,C1=C(C=C(C(=C1S(=O)(=O)N)Cl)Cl)S(=O)(=O)N,1
dichlorvos_cid3039.png,dichlorvos_cid3039,Dichlorvos,3039,COP(=O)(OC)OC=C(Cl)Cl,1
diclazuril_cid456389.png,diclazuril_cid456389,Diclazuril,456389,C1=CC(=CC=C1C(C#N)C2=C(C=C(C=C2Cl)N3C(=O)NC(=O)C=N3)Cl)Cl,1
diclofenac_cid3033.png,diclofenac_cid3033,Diclofenac,3033,C1=CC=C(C(=C1)CC(=O)O)NC2=C(C=CC=C2Cl)Cl,1
diclofenac_sodium_cid5018304.png,diclofenac_sodium_cid5018304,Diclofenac sodium,5018304,C1=CC=C(C(=C1)CC(=O)[O-])NC2=C(C=CC=C2Cl)Cl.[Na+],1
dicloxacillin_cid18381.png,dicloxacillin_cid18381,Dicloxacillin,18381,CC1=C(C(=NO1)C2=C(C=CC=C2Cl)Cl)C(=O)N[C@H]3[C@@H]4N(C3=O)[C@H](C(S4)(C)C)C(=O)O,1
dicoumarol_cid54676038.png,dicoumarol_cid54676038,Dicoumarol,54676038,C1=CC=C2C(=C1)C(=C(C(=O)O2)CC3=C(C4=CC=CC=C4OC3=O)O)O,1
dictyostatin_cid11353099.png,dictyostatin_cid11353099,Dictyostatin,11353099,C[C@H]1CC[C@H]([C@@H]([C@@H](OC(=O)/C=C\C=C\[C@H]([C@H](C[C@@H](/C=C\[C@@H]([C@@H]([C@H](C1)C)O)C)O)O)C)[C@@H](C)/C=C\C=C)C)O,1
dicyclohexano_18_crown_6_cid85955.png,dicyclohexano_18_crown_6_cid85955,Dicyclohexano-18-crown-6,85955,C1CCC2C(C1)OCCOCCOC3CCCCC3OCCOCCO2,1
dicyclomine_hydrochloride_cid441344.png,dicyclomine_hydrochloride_cid441344,Dicyclomine Hydrochloride,441344,CCN(CC)CCOC(=O)C1(CCCCC1)C2CCCCC2.Cl,1
didanosine_cid135398739.png,didanosine_cid135398739,Didanosine,135398739,C1C[C@@H](O[C@@H]1CO)N2C=NC3=C2N=CNC3=O,1
didemnin_b_cid122651.png,didemnin_b_cid122651,Didemnin B,122651,CC[C@H](C)[C@@H]1[C@H](CC(=O)O[C@H](C(=O)[C@@H](C(=O)N[C@H](C(=O)N2CCC[C@H]2C(=O)N([C@H](C(=O)O[C@@H]([C@@H](C(=O)N1)NC(=O)[C@@H](CC(C)C)N(C)C(=O)[C@@H]3CCCN3C(=O)[C@H](C)O)C)CC4=CC=C(C=C4)OC)C)CC(C)C)C)C(C)C)O,1
dideoxycytidine_cid24066.png,dideoxycytidine_cid24066,Dideoxycytidine,24066,C1C[C@@H](O[C@@H]1CO)N2C=CC(=NC2=O)N,1
dieldrin_cid969491.png,dieldrin_cid969491,Dieldrin,969491,C1[C@@H]2[C@H]3[C@@H]([C@H]1[C@H]4[C@@H]2O4)[C@]5(C(=C([C@@]3(C5(Cl)Cl)Cl)Cl)Cl)Cl,1
dienestrol_cid667476.png,dienestrol_cid667476,Dienestrol,667476,C/C=C(/C(=C/C)/C1=CC=C(C=C1)O)\C2=CC=C(C=C2)O,1
diethylpropion_hydrochloride_cid91442.png,diethylpropion_hydrochloride_cid91442,Diethylpropion Hydrochloride,91442,CCN(CC)C(C)C(=O)C1=CC=CC=C1.Cl,1
diethylstilbestrol_cid448537.png,diethylstilbestrol_cid448537,Diethylstilbestrol,448537,CC/C(=C(/CC)\C1=CC=C(C=C1)O)/C2=CC=C(C=C2)O,1
difamilast_cid57855696.png,difamilast_cid57855696,Difamilast,57855696,CCOC1=CC=CC=C1C(=O)NCC2=COC(=N2)C3=CC(=C(C=C3)OC(F)F)OC(C)C,1
difelikefalin_cid24794466.png,difelikefalin_cid24794466,Difelikefalin,24794466,CC(C)C[C@H](C(=O)N[C@H](CCCCN)C(=O)N1CCC(CC1)(C(=O)O)N)NC(=O)[C@@H](CC2=CC=CC=C2)NC(=O)[C@@H](CC3=CC=CC=C3)N,1
difenacoum_cid54676884.png,difenacoum_cid54676884,Difenacoum,54676884,C1C(CC2=CC=CC=C2C1C3=C(C4=CC=CC=C4OC3=O)O)C5=CC=C(C=C5)C6=CC=CC=C6,1
difetarsone_sodium_anhydrous_cid68198.png,difetarsone_sodium_anhydrous_cid68198,Difetarsone sodium anhydrous,68198,C1=CC(=CC=C1NCCNC2=CC=C(C=C2)[As](=O)(O)[O-])[As](=O)(O)[O-].[Na+].[Na+],1
diflucortolone_valerate_cid91670.png,diflucortolone_valerate_cid91670,Diflucortolone Valerate,91670,CCCCC(=O)OCC(=O)[C@H]1[C@@H](C[C@@H]2[C@@]1(C[C@@H]([C@]3([C@H]2C[C@@H](C4=CC(=O)C=C[C@@]43C)F)F)O)C)C,1
diflunisal_cid3059.png,diflunisal_cid3059,Diflunisal,3059,C1=CC(=C(C=C1C2=C(C=C(C=C2)F)F)C(=O)O)O,1
difluprednate_cid443936.png,difluprednate_cid443936,Difluprednate,443936,CCCC(=O)O[C@@]1(CC[C@@H]2[C@@]1(C[C@@H]([C@]3([C@H]2C[C@@H](C4=CC(=O)C=C[C@@]43C)F)F)O)C)C(=O)COC(=O)C,1
digitonin_cid6474107.png,digitonin_cid6474107,Digitonin,6474107,C[C@@H]1CC[C@@]2([C@H]([C@H]3[C@@H](O2)[C@H]([C@@H]4[C@@]3(CC[C@H]5[C@H]4CC[C@@H]6[C@@]5(C[C@H]([C@@H](C6)O[C@H]7[C@@H]([C@H]([C@H]([C@H](O7)CO)O[C@H]8[C@@H]([C@H]([C@@H]([C@H](O8)CO)O)O[C@H]9[C@@H]([C@H]([C@@H](CO9)O)O)O)O[C@H]2[C@@H]([C@H]([C@H]([C@H](O2)CO)O)O[C@H]2[C@@H]([C@H]([C@@H]([C@H](O2)CO)O)O)O)O)O)O)O)C)C)O)C)OC1,1
digitoxin_cid441207.png,digitoxin_cid441207,Digitoxin,441207,C[C@@H]1[C@H]([C@H](C[C@@H](O1)O[C@@H]2[C@H](O[C@H](C[C@@H]2O)O[C@@H]3[C@H](O[C@H](C[C@@H]3O)O[C@H]4CC[C@]5([C@@H](C4)CC[C@@H]6[C@@H]5CC[C@]7([C@@]6(CC[C@@H]7C8=CC(=O)OC8)O)C)C)C)C)O)O,1
digoxin_cid2724385.png,digoxin_cid2724385,Digoxin,2724385,C[C@@H]1[C@H]([C@H](C[C@@H](O1)O[C@@H]2[C@H](O[C@H](C[C@@H]2O)O[C@@H]3[C@H](O[C@H](C[C@@H]3O)O[C@H]4CC[C@]5([C@@H](C4)CC[C@@H]6[C@@H]5C[C@H]([C@]7([C@@]6(CC[C@@H]7C8=CC(=O)OC8)O)C)O)C)C)C)O)O,1
dihydroartemisinin_cid107770.png,dihydroartemisinin_cid107770,Dihydroartemisinin,107770,C[C@@H]1CCC2[C@H]([C@H](O[C@H]3[C@@]24[C@H]1CCC(O3)(OO4)C)O)C,1
dihydroergotamine_cid10531.png,dihydroergotamine_cid10531,Dihydroergotamine,10531,C[C@@]1(C(=O)N2[C@H](C(=O)N3CCC[C@H]3[C@@]2(O1)O)CC4=CC=CC=C4)NC(=O)[C@@H]5C[C@H]6[C@@H](CC7=CNC8=CC=CC6=C78)N(C5)C,1
dihydrotestosterone_cid10635.png,dihydrotestosterone_cid10635,Dihydrotestosterone,10635,C[C@]12CCC(=O)C[C@@H]1CC[C@@H]3[C@@H]2CC[C@]4([C@H]3CC[C@@H]4O)C,1
diisopropyl_fluorophosphate_cid5936.png,diisopropyl_fluorophosphate_cid5936,Diisopropyl Fluorophosphate,5936,CC(C)OP(=O)(OC(C)C)F,1
diltiazem_cid39186.png,diltiazem_cid39186,Diltiazem,39186,CC(=O)O[C@@H]1[C@@H](SC2=CC=CC=C2N(C1=O)CCN(C)C)C3=CC=C(C=C3)OC,1
dimercaprol_cid3080.png,dimercaprol_cid3080,Dimercaprol,3080,C(C(CS)S)O,1
dimethyl_fumarate_cid637568.png,dimethyl_fumarate_cid637568,Dimethyl Fumarate,637568,COC(=O)/C=C/C(=O)OC,1
dimethyl_methylphosphonate_cid12958.png,dimethyl_methylphosphonate_cid12958,Dimethyl methylphosphonate,12958,COP(=O)(C)OC,1
dimethyldioctadecylammonium_bromide_cid77293.png,dimethyldioctadecylammonium_bromide_cid77293,Dimethyldioctadecylammonium bromide,77293,CCCCCCCCCCCCCCCCCC[N+](C)(C)CCCCCCCCCCCCCCCCCC.[Br-],1
dimethylmercury_cid11645.png,dimethylmercury_cid11645,Dimethylmercury,11645,C[Hg]C,1
dinaciclib_cid46926350.png,dinaciclib_cid46926350,Dinaciclib,46926350,CCC1=C2N=C(C=C(N2N=C1)NCC3=C[N+](=CC=C3)[O-])N4CCCC[C@H]4CCO,1
dinoprost_cid5280363.png,dinoprost_cid5280363,Dinoprost,5280363,CCCCC[C@@H](/C=C/[C@H]1[C@@H](C[C@@H]([C@@H]1C/C=C\CCCC(=O)O)O)O)O,1
diodon_cid5284574.png,diodon_cid5284574,Diodon,5284574,C1=C(C(=O)C(=CN1CC(=O)O)I)I.C(CO)NCCO,1
diphacinone_cid6719.png,diphacinone_cid6719,Diphacinone,6719,C1=CC=C(C=C1)C(C2=CC=CC=C2)C(=O)C3C(=O)C4=CC=CC=C4C3=O,1
diphenhydramine_cid3100.png,diphenhydramine_cid3100,Diphenhydramine,3100,CN(C)CCOC(C1=CC=CC=C1)C2=CC=CC=C2,1
diphenhydramine_hydrochloride_cid8980.png,diphenhydramine_hydrochloride_cid8980,Diphenhydramine Hydrochloride,8980,CN(C)CCOC(C1=CC=CC=C1)C2=CC=CC=C2.Cl,1
diphenyl_diselenide_cid15460.png,diphenyl_diselenide_cid15460,Diphenyl diselenide,15460,C1=CC=C(C=C1)[Se][Se]C2=CC=CC=C2,1
dipivefrin_cid3105.png,dipivefrin_cid3105,Dipivefrin,3105,CC(C)(C)C(=O)OC1=C(C=C(C=C1)C(CNC)O)OC(=O)C(C)(C)C,1
dipyridamole_cid3108.png,dipyridamole_cid3108,Dipyridamole,3108,C1CCN(CC1)C2=NC(=NC3=C2N=C(N=C3N4CCCCC4)N(CCO)CCO)N(CCO)CCO,1
diquafosol_cid148197.png,diquafosol_cid148197,Diquafosol,148197,C1=CN(C(=O)NC1=O)[C@H]2[C@@H]([C@@H]([C@H](O2)COP(=O)(O)OP(=O)(O)OP(=O)(O)OP(=O)(O)OC[C@@H]3[C@H]([C@H]([C@@H](O3)N4C=CC(=O)NC4=O)O)O)O)O,1
dirithromycin_cid6473883.png,dirithromycin_cid6473883,Dirithromycin,6473883,CC[C@@H]1[C@@]([C@H]2[C@H]([C@H]([C@@H](C[C@@]([C@@H]([C@H]([C@@H]([C@H](C(=O)O1)C)O[C@H]3C[C@@]([C@H]([C@@H](O3)C)O)(C)OC)C)O[C@H]4[C@@H]([C@H](C[C@H](O4)C)N(C)C)O)(C)O)C)N[C@H](O2)COCCOC)C)(C)O,1
diroximel_fumarate_cid73330464.png,diroximel_fumarate_cid73330464,Diroximel Fumarate,73330464,COC(=O)/C=C/C(=O)OCCN1C(=O)CCC1=O,1
disodium_2_1_3_dioxo_2_3_dihydro_1h_inden_2_yl_quinoline_6_8_cid24671.png,disodium_2_1_3_dioxo_2_3_dihydro_1h_inden_2_yl_quinoline_6_8_cid24671,"Disodium 2-(1,3-dioxo-2,3-dihydro-1H-inden-2-yl)quinoline-6,8-disulfonate",24671,C1=CC=C2C(=C1)C(=O)C(C2=O)C3=NC4=C(C=C(C=C4C=C3)S(=O)(=O)[O-])S(=O)(=O)[O-].[Na+].[Na+],1
disopyramide_cid3114.png,disopyramide_cid3114,Disopyramide,3114,CC(C)N(CCC(C1=CC=CC=C1)(C2=CC=CC=N2)C(=O)N)C(C)C,1
distearoylphosphatidylcholine_cid65146.png,distearoylphosphatidylcholine_cid65146,Distearoylphosphatidylcholine,65146,CCCCCCCCCCCCCCCCCC(=O)OCC(COP(=O)([O-])OCC[N+](C)(C)C)OC(=O)CCCCCCCCCCCCCCCCC,1
distigmine_cid3116.png,distigmine_cid3116,Distigmine,3116,C[N+]1=CC=CC(=C1)OC(=O)N(C)CCCCCCN(C)C(=O)OC2=C[N+](=CC=C2)C,1
disulfiram_cid3117.png,disulfiram_cid3117,Disulfiram,3117,CCN(CC)C(=S)SSC(=S)N(CC)CC,1
dl_selenomethionine_cid15103.png,dl_selenomethionine_cid15103,DL-selenomethionine,15103,C[Se]CCC(C(=O)O)N,1
dobutamine_hydrochloride_cid65324.png,dobutamine_hydrochloride_cid65324,Dobutamine Hydrochloride,65324,CC(CCC1=CC=C(C=C1)O)NCCC2=CC(=C(C=C2)O)O.Cl,1
docetaxel_cid148124.png,docetaxel_cid148124,Docetaxel,148124,CC1=C2[C@H](C(=O)[C@@]3([C@H](C[C@@H]4[C@]([C@H]3[C@@H]([C@@](C2(C)C)(C[C@@H]1OC(=O)[C@@H]([C@H](C5=CC=CC=C5)NC(=O)OC(C)(C)C)O)O)OC(=O)C6=CC=CC=C6)(CO4)OC(=O)C)O)C)O,1
docusate_sodium_cid23673837.png,docusate_sodium_cid23673837,Docusate Sodium,23673837,CCCCC(CC)COC(=O)CC(C(=O)OCC(CC)CCCC)S(=O)(=O)[O-].[Na+],1
dofetilide_cid71329.png,dofetilide_cid71329,Dofetilide,71329,CN(CCC1=CC=C(C=C1)NS(=O)(=O)C)CCOC2=CC=C(C=C2)NS(=O)(=O)C,1
dolasetron_mesylate_cid3033817.png,dolasetron_mesylate_cid3033817,Dolasetron mesylate,3033817,CS(=O)(=O)O.C1[C@@H]2CC(C[C@H]3N2CC(=O)C1C3)OC(=O)C4=CNC5=CC=CC=C54,1
dolastatin_10_cid9810929.png,dolastatin_10_cid9810929,Dolastatin 10,9810929,CC[C@H](C)[C@@H]([C@@H](CC(=O)N1CCC[C@H]1[C@@H]([C@@H](C)C(=O)N[C@@H](CC2=CC=CC=C2)C3=NC=CS3)OC)OC)N(C)C(=O)[C@H](C(C)C)NC(=O)[C@H](C(C)C)N(C)C,1
dolastatin_11_cid354399.png,dolastatin_11_cid354399,Dolastatin 11,354399,CC[C@@H]1[C@@H](C(=O)O[C@H](C(=O)NCC(=O)N([C@H](C(=O)NCC(=O)N([C@H](C(=O)N([C@H](C(=O)N[C@H](C(=O)C(C(=O)N[C@H](C(=O)N1)C)(C)C)C)CC2=CC=C(C=C2)OC)C)C(C)C)C)CC(C)C)C)[C@@H](C)CC)C,1
dolastatin_15_cid9918978.png,dolastatin_15_cid9918978,Dolastatin 15,9918978,CC(C)[C@@H](C(=O)N(C)[C@@H](C(C)C)C(=O)N1CCC[C@H]1C(=O)N2CCC[C@H]2C(=O)O[C@@H](C(C)C)C(=O)N3[C@H](C(=CC3=O)OC)CC4=CC=CC=C4)NC(=O)[C@H](C(C)C)N(C)C,1
dolutegravir_cid54726191.png,dolutegravir_cid54726191,Dolutegravir,54726191,C[C@@H]1CCO[C@@H]2N1C(=O)C3=C(C(=O)C(=CN3C2)C(=O)NCC4=C(C=C(C=C4)F)F)O,1
domperidone_cid3151.png,domperidone_cid3151,Domperidone,3151,C1CN(CCC1N2C3=C(C=C(C=C3)Cl)NC2=O)CCCN4C5=CC=CC=C5NC4=O,1
donafenib_cid25191001.png,donafenib_cid25191001,Donafenib,25191001,[2H]C([2H])([2H])NC(=O)C1=NC=CC(=C1)OC2=CC=C(C=C2)NC(=O)NC3=CC(=C(C=C3)Cl)C(F)(F)F,1
donepezil_cid3152.png,donepezil_cid3152,Donepezil,3152,COC1=C(C=C2C(=C1)CC(C2=O)CC3CCN(CC3)CC4=CC=CC=C4)OC,1
donepezil_hydrochloride_cid5741.png,donepezil_hydrochloride_cid5741,Donepezil Hydrochloride,5741,COC1=C(C=C2C(=C1)CC(C2=O)CC3CCN(CC3)CC4=CC=CC=C4)OC.Cl,1
dopamine_cid681.png,dopamine_cid681,Dopamine,681,C1=CC(=C(C=C1CCN)O)O,1
doramectin_cid9832750.png,doramectin_cid9832750,Doramectin,9832750,C[C@H]1/C=C/C=C/2\CO[C@H]3[C@@]2([C@@H](C=C([C@H]3O)C)C(=O)O[C@H]4C[C@@H](C/C=C(/[C@H]1O[C@H]5C[C@@H]([C@H]([C@@H](O5)C)O[C@H]6C[C@@H]([C@H]([C@@H](O6)C)O)OC)OC)\C)O[C@]7(C4)C=C[C@@H]([C@H](O7)C8CCCCC8)C)O,1
doravirine_cid58460047.png,doravirine_cid58460047,Doravirine,58460047,CN1C(=NNC1=O)CN2C=CC(=C(C2=O)OC3=CC(=CC(=C3)C#N)Cl)C(F)(F)F,1
dorzolamide_cid5284549.png,dorzolamide_cid5284549,Dorzolamide,5284549,CCN[C@H]1C[C@@H](S(=O)(=O)C2=C1C=C(S2)S(=O)(=O)N)C,1
dotatate_cid11170867.png,dotatate_cid11170867,Dotatate,11170867,C[C@H]([C@H]1C(=O)N[C@@H](CSSC[C@@H](C(=O)N[C@H](C(=O)N[C@@H](C(=O)N[C@H](C(=O)N1)CCCCN)CC2=CNC3=CC=CC=C32)CC4=CC=C(C=C4)O)NC(=O)[C@@H](CC5=CC=CC=C5)NC(=O)CN6CCN(CCN(CCN(CC6)CC(=O)O)CC(=O)O)CC(=O)O)C(=O)N[C@@H]([C@@H](C)O)C(=O)O)O,1
doxapram_cid3156.png,doxapram_cid3156,Doxapram,3156,CCN1CC(C(C1=O)(C2=CC=CC=C2)C3=CC=CC=C3)CCN4CCOCC4,1
doxazosin_cid3157.png,doxazosin_cid3157,Doxazosin,3157,COC1=C(C=C2C(=C1)C(=NC(=N2)N3CCN(CC3)C(=O)C4COC5=CC=CC=C5O4)N)OC,1
doxepin_cid3158.png,doxepin_cid3158,Doxepin,3158,CN(C)CCC=C1C2=CC=CC=C2COC3=CC=CC=C31,1
doxorubicin_cid31703.png,doxorubicin_cid31703,Doxorubicin,31703,C[C@H]1[C@H]([C@H](C[C@@H](O1)O[C@H]2C[C@@](CC3=C2C(=C4C(=C3O)C(=O)C5=C(C4=O)C(=CC=C5)OC)O)(C(=O)CO)O)N)O,1
doxylamine_cid3162.png,doxylamine_cid3162,Doxylamine,3162,CC(C1=CC=CC=C1)(C2=CC=CC=N2)OCCN(C)C,1
droloxifene_cid3033767.png,droloxifene_cid3033767,Droloxifene,3033767,CC/C(=C(/C1=CC=C(C=C1)OCCN(C)C)\C2=CC(=CC=C2)O)/C3=CC=CC=C3,1
dromostanolone_cid6011.png,dromostanolone_cid6011,Dromostanolone,6011,C[C@@H]1C[C@]2([C@@H](CC[C@@H]3[C@@H]2CC[C@]4([C@H]3CC[C@@H]4O)C)CC1=O)C,1
dromostanolone_propionate_cid224004.png,dromostanolone_propionate_cid224004,Dromostanolone Propionate,224004,CCC(=O)O[C@H]1CC[C@@H]2[C@@]1(CC[C@H]3[C@H]2CC[C@@H]4[C@@]3(C[C@H](C(=O)C4)C)C)C,1
dronedarone_hydrochloride_cid219025.png,dronedarone_hydrochloride_cid219025,Dronedarone Hydrochloride,219025,CCCCC1=C(C2=C(O1)C=CC(=C2)NS(=O)(=O)C)C(=O)C3=CC=C(C=C3)OCCCN(CCCC)CCCC.Cl,1
drospirenone_cid68873.png,drospirenone_cid68873,Drospirenone,68873,C[C@]12CCC(=O)C=C1[C@@H]3C[C@@H]3[C@@H]4[C@@H]2CC[C@]5([C@H]4[C@@H]6C[C@@H]6[C@@]57CCC(=O)O7)C,1
drotaverine_cid1712095.png,drotaverine_cid1712095,Drotaverine,1712095,CCOC1=C(C=C(C=C1)/C=C\2/C3=CC(=C(C=C3CCN2)OCC)OCC)OCC,1
droxidopa_cid92974.png,droxidopa_cid92974,Droxidopa,92974,C1=CC(=C(C=C1[C@H]([C@@H](C(=O)O)N)O)O)O,1
dsm_265_cid51347395.png,dsm_265_cid51347395,Dsm-265,51347395,CC1=NC2=NC(=NN2C(=C1)NC3=CC=C(C=C3)S(F)(F)(F)(F)F)C(C)(F)F,1
duloxetine_cid60835.png,duloxetine_cid60835,Duloxetine,60835,CNCC[C@@H](C1=CC=CS1)OC2=CC=CC3=CC=CC=C32,1
duloxetine_hydrochloride_cid60834.png,duloxetine_hydrochloride_cid60834,Duloxetine Hydrochloride,60834,CNCC[C@@H](C1=CC=CS1)OC2=CC=CC3=CC=CC=C32.Cl,1
duocarmycin_sa_cid115369.png,duocarmycin_sa_cid115369,Duocarmycin Sa,115369,COC1=C(C(=C2C(=C1)C=C(N2)C(=O)N3C[C@H]4C[C@@]45C3=CC(=O)C6=C5C=C(N6)C(=O)OC)OC)OC,1
durlobactam_cid89851852.png,durlobactam_cid89851852,Durlobactam,89851852,CC1=C[C@@H]2CN([C@@H]1C(=O)N)C(=O)N2OS(=O)(=O)O,1
dutasteride_cid6918296.png,dutasteride_cid6918296,Dutasteride,6918296,C[C@]12CC[C@H]3[C@H]([C@@H]1CC[C@@H]2C(=O)NC4=C(C=CC(=C4)C(F)(F)F)C(F)(F)F)CC[C@@H]5[C@@]3(C=CC(=O)N5)C,1
dutogliptin_cid11253490.png,dutogliptin_cid11253490,Dutogliptin,11253490,B([C@@H]1CCCN1C(=O)CN[C@@H]2CCNC2)(O)O,1
duvelisib_cid50905713.png,duvelisib_cid50905713,Duvelisib,50905713,C[C@@H](C1=CC2=C(C(=CC=C2)Cl)C(=O)N1C3=CC=CC=C3)NC4=NC=NC5=C4NC=N5,1
e129_cid33258.png,e129_cid33258,E129,33258,CC1=CC(=C(C=C1S(=O)(=O)[O-])OC)N=NC2=C(C=CC3=C2C=CC(=C3)S(=O)(=O)[O-])O.[Na+].[Na+],1
eberconazole_cid72051.png,eberconazole_cid72051,Eberconazole,72051,C1CC2=C(C(C3=CC=CC=C31)N4C=CN=C4)C(=CC(=C2)Cl)Cl,1
ebselen_cid3194.png,ebselen_cid3194,Ebselen,3194,C1=CC=C(C=C1)N2C(=O)C3=CC=CC=C3[Se]2,1
ecabet_sodium_cid23663982.png,ecabet_sodium_cid23663982,Ecabet sodium,23663982,CC(C)C1=C(C=C2C(=C1)CC[C@@H]3[C@@]2(CCC[C@@]3(C)C(=O)O)C)S(=O)(=O)[O-].[Na+],1
echinocandin_b_cid9898144.png,echinocandin_b_cid9898144,Echinocandin B,9898144,CCCCC/C=C\C/C=C\CCCCCCCC(=O)N[C@H]1C[C@H]([C@H](NC(=O)[C@@H]2[C@H]([C@H](CN2C(=O)[C@@H](NC(=O)[C@@H](NC(=O)[C@@H]3C[C@H](CN3C(=O)[C@@H](NC1=O)[C@@H](C)O)O)[C@@H]([C@H](C4=CC=C(C=C4)O)O)O)[C@@H](C)O)C)O)O)O,1
echothiophate_cid10548.png,echothiophate_cid10548,Echothiophate,10548,CCOP(=O)(OCC)SCC[N+](C)(C)C,1
econazole_cid3198.png,econazole_cid3198,Econazole,3198,C1=CC(=CC=C1COC(CN2C=CN=C2)C3=C(C=C(C=C3)Cl)Cl)Cl,1
edetate_calcium_disodium_anhydrous_cid6093170.png,edetate_calcium_disodium_anhydrous_cid6093170,Edetate Calcium Disodium Anhydrous,6093170,C(CN(CC(=O)[O-])CC(=O)[O-])N(CC(=O)[O-])CC(=O)[O-].[Na+].[Na+].[Ca+2],1
edotreotide_cid158782.png,edotreotide_cid158782,Edotreotide,158782,C[C@H]([C@H]1C(=O)N[C@@H](CSSC[C@@H](C(=O)N[C@H](C(=O)N[C@@H](C(=O)N[C@H](C(=O)N1)CCCCN)CC2=CNC3=CC=CC=C32)CC4=CC=C(C=C4)O)NC(=O)[C@@H](CC5=CC=CC=C5)NC(=O)CN6CCN(CCN(CCN(CC6)CC(=O)O)CC(=O)O)CC(=O)O)C(=O)N[C@H](CO)[C@@H](C)O)O,1
edoxaban_cid10280735.png,edoxaban_cid10280735,Edoxaban,10280735,CN1CCC2=C(C1)SC(=N2)C(=O)N[C@@H]3C[C@H](CC[C@@H]3NC(=O)C(=O)NC4=NC=C(C=C4)Cl)C(=O)N(C)C,1
edrophonium_chloride_cid8307.png,edrophonium_chloride_cid8307,Edrophonium Chloride,8307,CC[N+](C)(C)C1=CC(=CC=C1)O.[Cl-],1
efavirenz_cid64139.png,efavirenz_cid64139,Efavirenz,64139,C1CC1C#C[C@]2(C3=C(C=CC(=C3)Cl)NC(=O)O2)C(F)(F)F,1
efinaconazole_cid489181.png,efinaconazole_cid489181,Efinaconazole,489181,C[C@H]([C@](CN1C=NC=N1)(C2=C(C=C(C=C2)F)F)O)N3CCC(=C)CC3,1
eflornithine_cid3009.png,eflornithine_cid3009,Eflornithine,3009,C(CC(C(F)F)(C(=O)O)N)CN,1
efonidipine_cid119171.png,efonidipine_cid119171,Efonidipine,119171,CC1=C(C(C(=C(N1)C)P2(=O)OCC(CO2)(C)C)C3=CC(=CC=C3)[N+](=O)[O-])C(=O)OCCN(CC4=CC=CC=C4)C5=CC=CC=C5,1
elacestrant_cid23642301.png,elacestrant_cid23642301,Elacestrant,23642301,CCNCCC1=CC=C(C=C1)CN(CC)C2=C(C=CC(=C2)OC)[C@@H]3CCC4=C(C3)C=CC(=C4)O,1
elagolix_cid11250647.png,elagolix_cid11250647,Elagolix,11250647,CC1=C(C(=O)N(C(=O)N1CC2=C(C=CC=C2F)C(F)(F)F)C[C@@H](C3=CC=CC=C3)NCCCC(=O)O)C4=C(C(=CC=C4)OC)F,1
elbasvir_cid71661251.png,elbasvir_cid71661251,Elbasvir,71661251,CC(C)[C@@H](C(=O)N1CCC[C@H]1C2=NC=C(N2)C3=CC4=C(C=C3)N5[C@@H](OC6=C(C5=C4)C=CC(=C6)C7=CN=C(N7)[C@@H]8CCCN8C(=O)[C@H](C(C)C)NC(=O)OC)C9=CC=CC=C9)NC(=O)OC,1
eletriptan_hydrobromide_cid656631.png,eletriptan_hydrobromide_cid656631,Eletriptan Hydrobromide,656631,CN1CCC[C@@H]1CC2=CNC3=C2C=C(C=C3)CCS(=O)(=O)C4=CC=CC=C4.Br,1
elexacaftor_cid134587348.png,elexacaftor_cid134587348,Elexacaftor,134587348,C[C@H]1CC(N(C1)C2=C(C=CC(=N2)N3C=CC(=N3)OCC(C)(C)C(F)(F)F)C(=O)NS(=O)(=O)C4=CN(N=C4C)C)(C)C,1
elinogrel_cid16066663.png,elinogrel_cid16066663,Elinogrel,16066663,CNC1=C(C=C2C(=C1)NC(=O)N(C2=O)C3=CC=C(C=C3)NC(=O)NS(=O)(=O)C4=CC=C(S4)Cl)F,1
elinzanetant_cid16063568.png,elinzanetant_cid16063568,Elinzanetant,16063568,CC1=C(C=CC(=C1)F)C2=CC(=NC=C2N(C)C(=O)C(C)(C)C3=CC(=CC(=C3)C(F)(F)F)C(F)(F)F)N4C[C@H]5COCCN5C[C@H]4CO,1
eliprodil_cid60703.png,eliprodil_cid60703,Eliprodil,60703,C1CN(CCC1CC2=CC=C(C=C2)F)CC(C3=CC=C(C=C3)Cl)O,1
ellagic_acid_cid5281855.png,ellagic_acid_cid5281855,Ellagic Acid,5281855,C1=C2C3=C(C(=C1O)O)OC(=O)C4=CC(=C(C(=C43)OC2=O)O)O,1
elmustine_cid68804.png,elmustine_cid68804,Elmustine,68804,C(CO)NC(=O)N(CCCl)N=O,1
elobixibat_cid9939892.png,elobixibat_cid9939892,Elobixibat,9939892,CCCCC1(CN(C2=CC(=C(C=C2S(=O)(=O)C1)OCC(=O)N[C@H](C3=CC=CC=C3)C(=O)NCC(=O)O)SC)C4=CC=CC=C4)CCCC,1
elsubrutinib_cid117773770.png,elsubrutinib_cid117773770,Elsubrutinib,117773770,C=CC(=O)N1CCC[C@H](C1)C2=C3C=CNC3=C(C=C2)C(=O)N,1
eltanexor_cid86345880.png,eltanexor_cid86345880,Eltanexor,86345880,C1=C(C=C(C=C1C(F)(F)F)C(F)(F)F)C2=NN(C=N2)/C=C(\C3=CN=CN=C3)/C(=O)N,1
eltrombopag_cid135449332.png,eltrombopag_cid135449332,Eltrombopag,135449332,CC1=C(C=C(C=C1)N2C(=O)C(=C(N2)C)N=NC3=CC=CC(=C3O)C4=CC(=CC=C4)C(=O)O)C,1
eluxadoline_cid11250029.png,eluxadoline_cid11250029,Eluxadoline,11250029,CC1=CC(=CC(=C1C[C@@H](C(=O)N(CC2=CC(=C(C=C2)OC)C(=O)O)[C@@H](C)C3=NC=C(N3)C4=CC=CC=C4)N)C)C(=O)N,1
elvitegravir_cid5277135.png,elvitegravir_cid5277135,Elvitegravir,5277135,CC(C)[C@@H](CO)N1C=C(C(=O)C2=C1C=C(C(=C2)CC3=C(C(=CC=C3)Cl)F)OC)C(=O)O,1
elzovantinib_cid137455315.png,elzovantinib_cid137455315,Elzovantinib,137455315,CCN1CC2=C(C=CC(=C2C#N)F)O[C@H](CNC(=O)C3=C4N=C1C=CN4N=C3N)C,1
emamectin_b1a_cid11136686.png,emamectin_b1a_cid11136686,Emamectin B1A,11136686,CC[C@H](C)[C@@H]1[C@H](C=C[C@@]2(O1)C[C@@H]3C[C@H](O2)C/C=C(/[C@H]([C@H](/C=C/C=C/4\CO[C@H]5[C@@]4([C@@H](C=C([C@H]5O)C)C(=O)O3)O)C)O[C@H]6C[C@@H]([C@H]([C@@H](O6)C)O[C@H]7C[C@@H]([C@@H]([C@@H](O7)C)NC)OC)OC)\C)C,1
emetine_cid10219.png,emetine_cid10219,Emetine,10219,CC[C@H]1CN2CCC3=CC(=C(C=C3[C@@H]2C[C@@H]1C[C@@H]4C5=CC(=C(C=C5CCN4)OC)OC)OC)OC,1
emodepside_cid6918632.png,emodepside_cid6918632,Emodepside,6918632,C[C@@H]1C(=O)N([C@H](C(=O)O[C@@H](C(=O)N([C@H](C(=O)O[C@@H](C(=O)N([C@H](C(=O)O[C@@H](C(=O)N([C@H](C(=O)O1)CC(C)C)C)CC2=CC=C(C=C2)N3CCOCC3)CC(C)C)C)C)CC(C)C)C)CC4=CC=C(C=C4)N5CCOCC5)CC(C)C)C,1
empagliflozin_cid11949646.png,empagliflozin_cid11949646,Empagliflozin,11949646,C1COC[C@H]1OC2=CC=C(C=C2)CC3=C(C=CC(=C3)[C@H]4[C@@H]([C@H]([C@@H]([C@H](O4)CO)O)O)O)Cl,1
emricasan_cid12000240.png,emricasan_cid12000240,Emricasan,12000240,C[C@@H](C(=O)N[C@@H](CC(=O)O)C(=O)COC1=C(C(=CC(=C1F)F)F)F)NC(=O)C(=O)NC2=CC=CC=C2C(C)(C)C,1
emtricitabine_cid60877.png,emtricitabine_cid60877,Emtricitabine,60877,C1[C@H](O[C@H](S1)CO)N2C=C(C(=NC2=O)N)F,1
enadoline_cid60768.png,enadoline_cid60768,Enadoline,60768,CN([C@H]1CC[C@@]2(CCCO2)C[C@@H]1N3CCCC3)C(=O)CC4=C5C=COC5=CC=C4,1
enalapril_cid5388962.png,enalapril_cid5388962,Enalapril,5388962,CCOC(=O)[C@H](CCC1=CC=CC=C1)N[C@@H](C)C(=O)N2CCC[C@H]2C(=O)O,1
enasidenib_cid89683805.png,enasidenib_cid89683805,Enasidenib,89683805,CC(C)(CNC1=NC(=NC(=N1)C2=NC(=CC=C2)C(F)(F)F)NC3=CC(=NC=C3)C(F)(F)F)O,1
encorafenib_cid50922675.png,encorafenib_cid50922675,Encorafenib,50922675,C[C@@H](CNC1=NC=CC(=N1)C2=CN(N=C2C3=C(C(=CC(=C3)Cl)NS(=O)(=O)C)F)C(C)C)NC(=O)OC,1
endo_anti_1_3_3_hydroxy_1_oxo_2_phenylpropoxy_8_isopropyl_8__cid657308.png,endo_anti_1_3_3_hydroxy_1_oxo_2_phenylpropoxy_8_isopropyl_8__cid657308,"(endo,Anti)-(1)-3-(3-hydroxy-1-oxo-2-phenylpropoxy)-8-isopropyl-8-methyl-8-azoniabicyclo(3.2.1)octane bromide",657308,CC(C)[N+]1([C@@H]2CC[C@H]1CC(C2)OC(=O)C(CO)C3=CC=CC=C3)C.[Br-],1
enflurane_cid3226.png,enflurane_cid3226,Enflurane,3226,C(C(OC(F)F)(F)F)(F)Cl,1
enisamium_iodide_cid10089466.png,enisamium_iodide_cid10089466,Enisamium Iodide,10089466,C[N+]1=CC=C(C=C1)C(=O)NCC2=CC=CC=C2.[I-],1
enmetazobactam_cid23653540.png,enmetazobactam_cid23653540,Enmetazobactam,23653540,C[C@@]1([C@@H](N2[C@H](S1(=O)=O)CC2=O)C(=O)[O-])CN3C=C[N+](=N3)C,1
enobosarm_cid11326715.png,enobosarm_cid11326715,Enobosarm,11326715,C[C@](COC1=CC=C(C=C1)C#N)(C(=O)NC2=CC(=C(C=C2)C#N)C(F)(F)F)O,1
enrofloxacin_cid71188.png,enrofloxacin_cid71188,Enrofloxacin,71188,CCN1CCN(CC1)C2=C(C=C3C(=C2)N(C=C(C3=O)C(=O)O)C4CC4)F,1
entacapone_cid5281081.png,entacapone_cid5281081,Entacapone,5281081,CCN(CC)C(=O)/C(=C/C1=CC(=C(C(=C1)O)O)[N+](=O)[O-])/C#N,1
entecavir_cid135398508.png,entecavir_cid135398508,Entecavir,135398508,C=C1[C@H](C[C@@H]([C@H]1CO)O)N2C=NC3=C2N=C(NC3=O)N,1
entospletinib_cid59473233.png,entospletinib_cid59473233,Entospletinib,59473233,C1COCCN1C2=CC=C(C=C2)NC3=NC(=CN4C3=NC=C4)C5=CC6=C(C=C5)C=NN6,1
entrectinib_cid25141092.png,entrectinib_cid25141092,Entrectinib,25141092,CN1CCN(CC1)C2=CC(=C(C=C2)C(=O)NC3=NNC4=C3C=C(C=C4)CC5=CC(=CC(=C5)F)F)NC6CCOCC6,1
enzalutamide_cid15951529.png,enzalutamide_cid15951529,Enzalutamide,15951529,CC1(C(=O)N(C(=S)N1C2=CC(=C(C=C2)C(=O)NC)F)C3=CC(=C(C=C3)C#N)C(F)(F)F)C,1
eosin_cid11048.png,eosin_cid11048,Eosin,11048,C1=CC=C(C(=C1)C2=C3C=C(C(=O)C(=C3OC4=C(C(=C(C=C24)Br)[O-])Br)Br)Br)C(=O)[O-].[Na+].[Na+],1
epetraborole_cid46836890.png,epetraborole_cid46836890,Epetraborole,46836890,B1(C2=C(C=CC=C2OCCCO)[C@H](O1)CN)O,2
epidermin_cid70698381.png,epidermin_cid70698381,Epidermin,70698381,CC[C@H](C)[C@H]1C(=O)N[C@@H](CSC[C@H](C(=O)N[C@H](C(=O)N[C@H](C(=O)N1)CC2=CC=CC=C2)CCCCN)NC(=O)[C@H](C)NC(=O)[C@H]([C@@H](C)CC)N)C(=O)N[C@@H]3[C@@H](SC[C@H](NC(=O)CNC(=O)[C@@H]4CCCN4C3=O)C(=O)N[C@@H](C)C(=O)N[C@@H](CCCCN)C(=O)N/C(=C\C)/C(=O)NCC(=O)N[C@@H]5CSC[C@H]6C(=O)N/C=C\SC[C@H](C(=O)N[C@H](C(=O)N6)CC7=CC=C(C=C7)O)NC(=O)[C@@H](NC(=O)[C@@H](NC5=O)CC8=CC=CC=C8)CC(=O)N)C,2
epigallocatechin_gallate_cid65064.png,epigallocatechin_gallate_cid65064,Epigallocatechin Gallate,65064,C1[C@H]([C@H](OC2=CC(=CC(=C21)O)O)C3=CC(=C(C(=C3)O)O)O)OC(=O)C4=CC(=C(C(=C4)O)O)O,2
epinastine_hydrochloride_cid157313.png,epinastine_hydrochloride_cid157313,Epinastine Hydrochloride,157313,C1C2C3=CC=CC=C3CC4=CC=CC=C4N2C(=N1)N.Cl,2
epinephrine_cid5816.png,epinephrine_cid5816,Epinephrine,5816,CNC[C@@H](C1=CC(=C(C=C1)O)O)O,2
epirubicin_cid41867.png,epirubicin_cid41867,Epirubicin,41867,C[C@H]1[C@@H]([C@H](C[C@@H](O1)O[C@H]2C[C@@](CC3=C2C(=C4C(=C3O)C(=O)C5=C(C4=O)C(=CC=C5)OC)O)(C(=O)CO)O)N)O,2
eplerenone_cid443872.png,eplerenone_cid443872,Eplerenone,443872,C[C@]12CCC(=O)C=C1C[C@H]([C@@H]3[C@]24[C@H](O4)C[C@]5([C@H]3CC[C@@]56CCC(=O)O6)C)C(=O)OC,2
epothilone_b_cid448013.png,epothilone_b_cid448013,Epothilone B,448013,C[C@H]1CCC[C@@]2([C@@H](O2)C[C@H](OC(=O)C[C@@H](C(C(=O)[C@@H]([C@H]1O)C)(C)C)O)/C(=C/C3=CSC(=N3)C)/C)C,2
epothilone_cid10838895.png,epothilone_cid10838895,Epothilone,10838895,C[C@H]1CCC[C@@H]2[C@@H](O2)C[C@H](OC(=O)C[C@H](C(C(=O)[C@@H]([C@H]1O)C)(C)C)O)/C(=C/C3=CSC(=N3)C)/C,2
epothilone_d_cid447865.png,epothilone_d_cid447865,Epothilone D,447865,C[C@H]1CCC/C(=C\C[C@H](OC(=O)C[C@@H](C(C(=O)[C@@H]([C@H]1O)C)(C)C)O)/C(=C/C2=CSC(=N2)C)/C)/C,2
eprosartan_cid5281037.png,eprosartan_cid5281037,Eprosartan,5281037,CCCCC1=NC=C(N1CC2=CC=C(C=C2)C(=O)O)/C=C(\CC3=CC=CS3)/C(=O)O,2
eptaplatin_cid119378.png,eptaplatin_cid119378,Eptaplatin,119378,CC(C)C1O[C@@H]([C@H](O1)CN)CN.C(C(=O)[O-])C(=O)[O-].[Pt+2],2
eptazocine_cid3042090.png,eptazocine_cid3042090,(-)-Eptazocine,3042090,C[C@@]12CCN(C[C@@H](C1)CC3=C2C=C(C=C3)O)C,2
eptifibatide_cid448812.png,eptifibatide_cid448812,Eptifibatide,448812,C1C[C@H]2C(=O)N[C@@H](CSSCCC(=O)N[C@H](C(=O)NCC(=O)N[C@H](C(=O)N[C@H](C(=O)N2C1)CC3=CNC4=CC=CC=C43)CC(=O)O)CCCCN=C(N)N)C(=O)N,2
equilin_cid223368.png,equilin_cid223368,Equilin,223368,C[C@]12CC[C@H]3C(=CCC4=C3C=CC(=C4)O)[C@@H]1CCC2=O,2
erdafitinib_cid67462786.png,erdafitinib_cid67462786,Erdafitinib,67462786,CC(C)NCCN(C1=CC2=NC(=CN=C2C=C1)C3=CN(N=C3)C)C4=CC(=CC(=C4)OC)OC,2
eremomycin_cid122131.png,eremomycin_cid122131,Eremomycin,122131,C[C@H]1[C@@H]([C@@](C[C@@H](O1)O[C@@H]2[C@H]([C@@H]([C@H](O[C@H]2OC3=C4C=C5C=C3OC6=C(C=C(C=C6)[C@H]([C@H](C(=O)N[C@H](C(=O)N[C@H]5C(=O)N[C@@H]7C8=CC(=C(C=C8)O)C9=C(C=C(C=C9O)O)[C@H](NC(=O)[C@H]([C@@H](C1=CC=C(O4)C=C1)O[C@H]1C[C@]([C@H]([C@@H](O1)C)O)(C)N)NC7=O)C(=O)O)CC(=O)N)NC(=O)[C@@H](CC(C)C)NC)O)Cl)CO)O)O)(C)N)O,2
ergocalciferol_cid5280793.png,ergocalciferol_cid5280793,Ergocalciferol,5280793,C[C@H](/C=C/[C@H](C)C(C)C)[C@H]1CC[C@@H]\2[C@@]1(CCC/C2=C\C=C/3\C[C@H](CCC3=C)O)C,2
ergometrine_cid443884.png,ergometrine_cid443884,Ergometrine,443884,C[C@@H](CO)NC(=O)[C@H]1CN([C@@H]2CC3=CNC4=CC=CC(=C34)C2=C1)C,2
ergotamine_cid8223.png,ergotamine_cid8223,Ergotamine,8223,C[C@@]1(C(=O)N2[C@H](C(=O)N3CCC[C@H]3[C@@]2(O1)O)CC4=CC=CC=C4)NC(=O)[C@H]5CN([C@@H]6CC7=CNC8=CC=CC(=C78)C6=C5)C,2
eribaxaban_cid11634458.png,eribaxaban_cid11634458,Eribaxaban,11634458,CO[C@@H]1C[C@@H](N(C1)C(=O)NC2=CC=C(C=C2)Cl)C(=O)NC3=C(C=C(C=C3)N4C=CC=CC4=O)F,2
eribulin_cid11354606.png,eribulin_cid11354606,Eribulin,11354606,C[C@@H]1C[C@@H]2CC[C@H]3C(=C)C[C@@H](O3)CC[C@]45C[C@@H]6[C@H](O4)[C@H]7[C@@H](O6)[C@@H](O5)[C@@H]8[C@@H](O7)CC[C@@H](O8)CC(=O)C[C@H]9[C@H](C[C@H](C1=C)O2)O[C@@H]([C@@H]9OC)C[C@@H](CN)O,2
eritoran_cid6912404.png,eritoran_cid6912404,Eritoran,6912404,CCCCCCCCCCCC(=O)CC(=O)N[C@@H]1[C@H]([C@@H]([C@H](O[C@@H]1OP(=O)(O)O)CO[C@H]2[C@@H]([C@H]([C@@H]([C@H](O2)COC)OP(=O)(O)O)OCC[C@@H](CCCCCCC)OC)NC(=O)CCCCCCCCC/C=C\CCCCCC)O)OCCCCCCCCCC,2
erlotinib_cid176870.png,erlotinib_cid176870,Erlotinib,176870,COCCOC1=C(C=C2C(=C1)C(=NC=N2)NC3=CC=CC(=C3)C#C)OCCOC,2
ertugliflozin_cid44814423.png,ertugliflozin_cid44814423,Ertugliflozin,44814423,CCOC1=CC=C(C=C1)CC2=C(C=CC(=C2)[C@@]34[C@@H]([C@H]([C@@H]([C@@](O3)(CO4)CO)O)O)O)Cl,2
erythritol_cid222285.png,erythritol_cid222285,Erythritol,222285,C([C@H]([C@H](CO)O)O)O,2
erythromycin_cid12560.png,erythromycin_cid12560,Erythromycin,12560,CC[C@@H]1[C@@]([C@@H]([C@H](C(=O)[C@@H](C[C@@]([C@@H]([C@H]([C@@H]([C@H](C(=O)O1)C)O[C@H]2C[C@@]([C@H]([C@@H](O2)C)O)(C)OC)C)O[C@H]3[C@@H]([C@H](C[C@H](O3)C)N(C)C)O)(C)O)C)C)O)(C)O,2
erythromycin_estolate_cid441371.png,erythromycin_estolate_cid441371,Erythromycin Estolate,441371,CCCCCCCCCCCCOS(=O)(=O)O.CC[C@@H]1[C@@]([C@@H]([C@H](C(=O)[C@@H](C[C@@]([C@@H]([C@H]([C@@H]([C@H](C(=O)O1)C)O[C@H]2C[C@@]([C@H]([C@@H](O2)C)O)(C)OC)C)O[C@H]3[C@@H]([C@H](C[C@H](O3)C)N(C)C)OC(=O)CC)(C)O)C)C)O)(C)O,2
erythrosine_cid3259.png,erythrosine_cid3259,Erythrosine,3259,C1=CC=C2C(=C1)C(=O)OC23C4=CC(=C(C(=C4OC5=C(C(=C(C=C35)I)O)I)I)O)I,2
escitalopram_cid146570.png,escitalopram_cid146570,Escitalopram,146570,CN(C)CCC[C@@]1(C2=C(CO1)C=C(C=C2)C#N)C3=CC=C(C=C3)F,2
esketamine_cid182137.png,esketamine_cid182137,Esketamine,182137,CN[C@@]1(CCCCC1=O)C2=CC=CC=C2Cl,2
eslicarbazepine_acetate_cid179344.png,eslicarbazepine_acetate_cid179344,Eslicarbazepine Acetate,179344,CC(=O)O[C@H]1CC2=CC=CC=C2N(C3=CC=CC=C13)C(=O)N,2
esmolol_hydrochloride_cid104769.png,esmolol_hydrochloride_cid104769,Esmolol Hydrochloride,104769,CC(C)NCC(COC1=CC=C(C=C1)CCC(=O)OC)O.Cl,2
esomeprazole_magnesium_cid9568613.png,esomeprazole_magnesium_cid9568613,Esomeprazole Magnesium,9568613,CC1=CN=C(C(=C1OC)C)C[S@](=O)C2=NC3=C([N-]2)C=CC(=C3)OC.CC1=CN=C(C(=C1OC)C)C[S@](=O)C2=NC3=C([N-]2)C=CC(=C3)OC.[Mg+2],2
esorubicin_cid152036.png,esorubicin_cid152036,Esorubicin,152036,C[C@H]1C[C@H](C[C@@H](O1)O[C@H]2C[C@@](CC3=C2C(=C4C(=C3O)C(=O)C5=C(C4=O)C(=CC=C5)OC)O)(C(=O)CO)O)N,2
esperamicin_a1_cid44575615.png,esperamicin_a1_cid44575615,Esperamicin A1,44575615,C[C@@H]1[C@H]([C@@H]([C@H]([C@@H](O1)O[C@H]2C#C/C=C\C#C[C@@]\3([C@@H](C(=O)C(=C2/C3=C\CSSSC)NC(=O)OC)O[C@H]4C[C@@H]([C@@H]([C@@H](O4)C)O)OC(=O)C5=CC(=C(C=C5NC(=O)C(=C)OC)OC)OC)O)O[C@H]6C[C@@H]([C@H](CO6)NC(C)C)OC)O)NO[C@H]7C[C@@H]([C@@H]([C@H](O7)C)SC)O,2
estradiol_cid5757.png,estradiol_cid5757,Estradiol,5757,C[C@]12CC[C@H]3[C@H]([C@@H]1CC[C@@H]2O)CCC4=C3C=CC(=C4)O,2
estramustine_cid259331.png,estramustine_cid259331,Estramustine,259331,C[C@]12CC[C@H]3[C@H]([C@@H]1CC[C@@H]2O)CCC4=C3C=CC(=C4)OC(=O)N(CCCl)CCCl,2
estriol_cid5756.png,estriol_cid5756,Estriol,5756,C[C@]12CC[C@H]3[C@H]([C@@H]1C[C@H]([C@@H]2O)O)CCC4=C3C=CC(=C4)O,2
estrone_cid5870.png,estrone_cid5870,Estrone,5870,C[C@]12CC[C@H]3[C@H]([C@@H]1CCC2=O)CCC4=C3C=CC(=C4)O,2
etamsylate_cid17506.png,etamsylate_cid17506,Etamsylate,17506,CCNCC.C1=CC(=C(C=C1O)S(=O)(=O)O)O,2
etelcalcetide_cid71511839.png,etelcalcetide_cid71511839,Etelcalcetide,71511839,C[C@H](C(=O)N[C@H](CCCN=C(N)N)C(=O)N)NC(=O)[C@@H](CCCN=C(N)N)NC(=O)[C@@H](CCCN=C(N)N)NC(=O)[C@@H](CCCN=C(N)N)NC(=O)[C@@H](C)NC(=O)[C@@H](CSSC[C@@H](C(=O)O)N)NC(=O)C,2
ethambutol_cid14052.png,ethambutol_cid14052,Ethambutol,14052,CC[C@@H](CO)NCCN[C@@H](CC)CO,2
ethaselen_cid10387485.png,ethaselen_cid10387485,Ethaselen,10387485,C1=CC=C2C(=C1)C(=O)N([Se]2)CCN3C(=O)C4=CC=CC=C4[Se]3,2
ethinylestradiol_cid5991.png,ethinylestradiol_cid5991,Ethinylestradiol,5991,C[C@]12CC[C@H]3[C@H]([C@@H]1CC[C@]2(C#C)O)CCC4=C3C=CC(=C4)O,2
ethopropazine_cid3290.png,ethopropazine_cid3290,(+-)-Ethopropazine,3290,CCN(CC)C(C)CN1C2=CC=CC=C2SC3=CC=CC=C31,2
ethosuximide_cid3291.png,ethosuximide_cid3291,Ethosuximide,3291,CCC1(CC(=O)NC1=O)C,2
ethotoin_cid3292.png,ethotoin_cid3292,Ethotoin,3292,CCN1C(=O)C(NC1=O)C2=CC=CC=C2,2
ethyl_alcohol_d6_cid102138.png,ethyl_alcohol_d6_cid102138,Ethyl alcohol-d6,102138,[2H]C([2H])([2H])C([2H])([2H])O[2H],2
ethyl_biscoumacetate_cid54685524.png,ethyl_biscoumacetate_cid54685524,Ethyl Biscoumacetate,54685524,CCOC(=O)C(C1=C(C2=CC=CC=C2OC1=O)O)C3=C(C4=CC=CC=C4OC3=O)O,2
ethyl_p_nitrophenyl_benzenethiophosphonate_cid15764013.png,ethyl_p_nitrophenyl_benzenethiophosphonate_cid15764013,"Ethyl p-nitrophenyl benzenethiophosphonate, (-)-",15764013,CCO[P@@](=S)(C1=CC=CC=C1)OC2=CC=C(C=C2)[N+](=O)[O-],2
ethyl_pyruvate_cid12041.png,ethyl_pyruvate_cid12041,Ethyl pyruvate,12041,CCOC(=O)C(=O)C,2
ethylenediaminetetra_methylenephosphonic_acid_cid15025.png,ethylenediaminetetra_methylenephosphonic_acid_cid15025,Ethylenediaminetetra(methylenephosphonic acid),15025,C(CN(CP(=O)(O)O)CP(=O)(O)O)N(CP(=O)(O)O)CP(=O)(O)O,2
ethylenediaminetetraacetic_acid_cid6049.png,ethylenediaminetetraacetic_acid_cid6049,Ethylenediaminetetraacetic Acid,6049,C(CN(CC(=O)O)CC(=O)O)N(CC(=O)O)CC(=O)O,2
etidocaine_cid37497.png,etidocaine_cid37497,Etidocaine,37497,CCCN(CC)C(CC)C(=O)NC1=C(C=CC=C1C)C,2
etidronic_acid_cid3305.png,etidronic_acid_cid3305,Etidronic Acid,3305,CC(O)(P(=O)(O)O)P(=O)(O)O,2
etodolac_cid3308.png,etodolac_cid3308,Etodolac,3308,CCC1=C2C(=CC=C1)C3=C(N2)C(OCC3)(CC)CC(=O)O,2
etomidate_cid667484.png,etomidate_cid667484,Etomidate,667484,CCOC(=O)C1=CN=CN1[C@H](C)C2=CC=CC=C2,2
etonogestrel_cid6917715.png,etonogestrel_cid6917715,Etonogestrel,6917715,CC[C@]12CC(=C)[C@H]3[C@H]([C@@H]1CC[C@]2(C#C)O)CCC4=CC(=O)CC[C@H]34,2
etoposide_cid36462.png,etoposide_cid36462,Etoposide,36462,C[C@@H]1OC[C@@H]2[C@@H](O1)[C@@H]([C@H]([C@@H](O2)O[C@H]3[C@H]4COC(=O)[C@@H]4[C@@H](C5=CC6=C(C=C35)OCO6)C7=CC(=C(C(=C7)OC)O)OC)O)O,2
etoricoxib_cid123619.png,etoricoxib_cid123619,Etoricoxib,123619,CC1=NC=C(C=C1)C2=C(C=C(C=N2)Cl)C3=CC=C(C=C3)S(=O)(=O)C,2
etrasimod_cid44623998.png,etrasimod_cid44623998,Etrasimod,44623998,C1CCC(C1)C2=C(C=C(C=C2)COC3=CC4=C(C=C3)NC5=C4CC[C@@H]5CC(=O)O)C(F)(F)F,2
etravirine_cid193962.png,etravirine_cid193962,Etravirine,193962,CC1=CC(=CC(=C1OC2=NC(=NC(=C2Br)N)NC3=CC=C(C=C3)C#N)C)C#N,2
etretinate_cid5282375.png,etretinate_cid5282375,Etretinate,5282375,CCOC(=O)/C=C(\C)/C=C/C=C(\C)/C=C/C1=C(C(=C(C=C1C)OC)C)C,2
eugenol_cid3314.png,eugenol_cid3314,Eugenol,3314,COC1=C(C=CC(=C1)CC=C)O,2
evacetrapib_cid49836058.png,evacetrapib_cid49836058,Evacetrapib,49836058,CC1=CC(=C2C(=C1)[C@H](CCCN2CC3CCC(CC3)C(=O)O)N(CC4=CC(=CC(=C4)C(F)(F)F)C(F)(F)F)C5=NN(N=N5)C)C,2
everolimus_cid6442177.png,everolimus_cid6442177,Everolimus,6442177,C[C@@H]1CC[C@H]2C[C@@H](/C(=C/C=C/C=C/[C@H](C[C@H](C(=O)[C@@H]([C@@H](/C(=C/[C@H](C(=O)C[C@H](OC(=O)[C@@H]3CCCCN3C(=O)C(=O)[C@@]1(O2)O)[C@H](C)C[C@@H]4CC[C@H]([C@@H](C4)OC)OCCO)C)/C)O)OC)C)C)/C)OC,2
evobrutinib_cid71479709.png,evobrutinib_cid71479709,Evobrutinib,71479709,C=CC(=O)N1CCC(CC1)CNC2=NC=NC(=C2C3=CC=C(C=C3)OC4=CC=CC=C4)N,2
evodiamine_cid442088.png,evodiamine_cid442088,Evodiamine,442088,CN1[C@@H]2C3=C(CCN2C(=O)C4=CC=CC=C41)C5=CC=CC=C5N3,2
evofosfamide_cid11984561.png,evofosfamide_cid11984561,Evofosfamide,11984561,CN1C(=CN=C1[N+](=O)[O-])COP(=O)(NCCBr)NCCBr,2
examorelin_cid6918297.png,examorelin_cid6918297,Examorelin,6918297,CC1=C(C2=CC=CC=C2N1)C[C@H](C(=O)N[C@@H](C)C(=O)N[C@@H](CC3=CNC4=CC=CC=C43)C(=O)N[C@H](CC5=CC=CC=C5)C(=O)N[C@@H](CCCCN)C(=O)N)NC(=O)[C@H](CC6=CN=CN6)N,2
exatecan_cid151115.png,exatecan_cid151115,Exatecan,151115,CC[C@@]1(C2=C(COC1=O)C(=O)N3CC4=C5[C@H](CCC6=C5C(=CC(=C6C)F)N=C4C3=C2)N)O,2
exemestane_cid60198.png,exemestane_cid60198,Exemestane,60198,C[C@]12CC[C@H]3[C@H]([C@@H]1CCC2=O)CC(=C)C4=CC(=O)C=C[C@]34C,2
ezetimibe_cid150311.png,ezetimibe_cid150311,Ezetimibe,150311,C1=CC(=CC=C1[C@@H]2[C@H](C(=O)N2C3=CC=C(C=C3)F)CC[C@@H](C4=CC=C(C=C4)F)O)O,2
ezlopitant_cid188927.png,ezlopitant_cid188927,Ezlopitant,188927,CC(C)C1=CC(=C(C=C1)OC)CN[C@@H]2[C@@H](N3CCC2CC3)C(C4=CC=CC=C4)C5=CC=CC=C5,2
ezogabine_cid121892.png,ezogabine_cid121892,Ezogabine,121892,CCOC(=O)NC1=C(C=C(C=C1)NCC2=CC=C(C=C2)F)N,2
fadh2_cid446013.png,fadh2_cid446013,Fadh2,446013,CC1=CC2=C(C=C1C)N(C3=C(N2)C(=O)NC(=O)N3)C[C@@H]([C@@H]([C@@H](COP(=O)(O)OP(=O)(O)OC[C@@H]4[C@H]([C@H]([C@@H](O4)N5C=NC6=C(N=CN=C65)N)O)O)O)O)O,2
falecalcitriol_cid5282190.png,falecalcitriol_cid5282190,Falecalcitriol,5282190,C[C@H](CCCC(C(F)(F)F)(C(F)(F)F)O)[C@H]1CC[C@@H]\2[C@@]1(CCC/C2=C\C=C/3\C[C@H](C[C@@H](C3=C)O)O)C,2
famciclovir_cid3324.png,famciclovir_cid3324,Famciclovir,3324,CC(=O)OCC(CCN1C=NC2=CN=C(N=C21)N)COC(=O)C,2
famitinib_cid16662431.png,famitinib_cid16662431,Famitinib,16662431,CCN(CC)CCN1CCC2=C(C1=O)C(=C(N2)/C=C\3/C4=C(C=CC(=C4)F)NC3=O)C,2
famotidine_cid5702160.png,famotidine_cid5702160,Famotidine,5702160,C1=C(N=C(S1)N=C(N)N)CSCC/C(=N/S(=O)(=O)N)/N,2
farxiga_cid24936221.png,farxiga_cid24936221,Farxiga,24936221,CCOC1=CC=C(C=C1)CC2=C(C=CC(=C2)[C@H]3[C@@H]([C@H]([C@@H]([C@H](O3)CO)O)O)O)Cl.CC(CO)O.O,2
fascaplysin_cid73293.png,fascaplysin_cid73293,Fascaplysin,73293,C1=CC=C2C(=C1)C3=C(N2)C4=[N+](C=C3)C5=CC=CC=C5C4=O,2
favipiravir_cid492405.png,favipiravir_cid492405,Favipiravir,492405,C1=C(N=C(C(=O)N1)C(=O)N)F,2
febuxostat_cid134018.png,febuxostat_cid134018,Febuxostat,134018,CC1=C(SC(=N1)C2=CC(=C(C=C2)OCC(C)C)C#N)C(=O)O,2
fedratinib_cid16722836.png,fedratinib_cid16722836,Fedratinib,16722836,CC1=CN=C(N=C1NC2=CC(=CC=C2)S(=O)(=O)NC(C)(C)C)NC3=CC=C(C=C3)OCCN4CCCC4,2
felbinac_cid3332.png,felbinac_cid3332,Felbinac,3332,C1=CC=C(C=C1)C2=CC=C(C=C2)CC(=O)O,2
felcisetrag_cid11961293.png,felcisetrag_cid11961293,Felcisetrag,11961293,CC(C)C1=NC2=C(C=CC=C2N1)C(=O)NCC3CCN(CC3)CC4CCN(CC4)C(=O)OC,2
felodipine_cid3333.png,felodipine_cid3333,Felodipine,3333,CCOC(=O)C1=C(NC(=C(C1C2=C(C(=CC=C2)Cl)Cl)C(=O)OC)C)C,2
felypressin_cid14257662.png,felypressin_cid14257662,Felypressin,14257662,C1C[C@H](N(C1)C(=O)[C@@H]2CSSC[C@@H](C(=O)N[C@H](C(=O)N[C@H](C(=O)N[C@H](C(=O)N[C@H](C(=O)N2)CC(=O)N)CCC(=O)N)CC3=CC=CC=C3)CC4=CC=CC=C4)N)C(=O)N[C@@H](CCCCN)C(=O)NCC(=O)N,2
fenbendazole_cid3334.png,fenbendazole_cid3334,Fenbendazole,3334,COC(=O)NC1=NC2=C(N1)C=C(C=C2)SC3=CC=CC=C3,2
fenbufen_cid3335.png,fenbufen_cid3335,Fenbufen,3335,C1=CC=C(C=C1)C2=CC=C(C=C2)C(=O)CCC(=O)O,2
fendiline_cid3336.png,fendiline_cid3336,Fendiline,3336,CC(C1=CC=CC=C1)NCCC(C2=CC=CC=C2)C3=CC=CC=C3,2
fenebrutinib_cid86567195.png,fenebrutinib_cid86567195,Fenebrutinib,86567195,C[C@H]1CN(CCN1C2=CN=C(C=C2)NC3=CC(=CN(C3=O)C)C4=C(C(=NC=C4)N5CCN6C7=C(CC(C7)(C)C)C=C6C5=O)CO)C8COC8,2
fenfluramine_cid3337.png,fenfluramine_cid3337,Fenfluramine,3337,CCNC(C)CC1=CC(=CC=C1)C(F)(F)F,2
fengycin_cid443591.png,fengycin_cid443591,Fengycin,443591,CCCCCCCCCCCCCC(CC(=O)N[C@@H](CCC(=O)O)C(=O)N[C@H](CCCN)C(=O)N[C@@H]1CC2=CC=C(C=C2)OC(=O)[C@@H](NC(=O)[C@@H](NC(=O)[C@@H](NC(=O)[C@@H]3CCCN3C(=O)[C@H](NC(=O)[C@@H](NC(=O)[C@@H](NC1=O)[C@H](C)O)CCC(=O)O)C)CCC(=O)N)CC4=CC=C(C=C4)O)[C@H](C)CC)O,2
fenofibrate_cid3339.png,fenofibrate_cid3339,Fenofibrate,3339,CC(C)OC(=O)C(C)(C)OC1=CC=C(C=C1)C(=O)C2=CC=C(C=C2)Cl,2
fenoldopam_cid3341.png,fenoldopam_cid3341,Fenoldopam,3341,C1CNCC(C2=CC(=C(C(=C21)Cl)O)O)C3=CC=C(C=C3)O,2
fenoprofen_cid3342.png,fenoprofen_cid3342,Fenoprofen,3342,CC(C1=CC(=CC=C1)OC2=CC=CC=C2)C(=O)O,2
fenoterol_cid3343.png,fenoterol_cid3343,Fenoterol,3343,CC(CC1=CC=C(C=C1)O)NCC(C2=CC(=CC(=C2)O)O)O,2
fentanyl_cid3345.png,fentanyl_cid3345,Fentanyl,3345,CCC(=O)N(C1CCN(CC1)CCC2=CC=CC=C2)C3=CC=CC=C3,2
feprazone_cid35455.png,feprazone_cid35455,Feprazone,35455,CC(=CCC1C(=O)N(N(C1=O)C2=CC=CC=C2)C3=CC=CC=C3)C,2
ferric_acetylacetonate_cid5483663.png,ferric_acetylacetonate_cid5483663,Ferric acetylacetonate,5483663,C/C(=C/C(=O)C)/[O-].C/C(=C/C(=O)C)/[O-].C/C(=C/C(=O)C)/[O-].[Fe+3],2
ferric_citrate_cid61300.png,ferric_citrate_cid61300,Ferric citrate,61300,C(C(=O)[O-])C(CC(=O)[O-])(C(=O)[O-])O.[Fe+3],2
ferric_maltol_cid169535.png,ferric_maltol_cid169535,Ferric Maltol,169535,CC1=C(C(=O)C=CO1)[O-].CC1=C(C(=O)C=CO1)[O-].CC1=C(C(=O)C=CO1)[O-].[Fe+3],2
ferric_pyrophosphate_cid24877.png,ferric_pyrophosphate_cid24877,Ferric Pyrophosphate,24877,[O-]P(=O)([O-])OP(=O)([O-])[O-].[O-]P(=O)([O-])OP(=O)([O-])[O-].[O-]P(=O)([O-])OP(=O)([O-])[O-].[Fe+3].[Fe+3].[Fe+3].[Fe+3],2
ferrocene_cid10219726.png,ferrocene_cid10219726,Ferrocene,10219726,C1=C[CH]C=C1.C1=C[CH]C=C1.[Fe],2
ferrocenecarboxaldehyde_cid15205657.png,ferrocenecarboxaldehyde_cid15205657,Ferrocenecarboxaldehyde,15205657,[CH-]1C=CC=C1.[CH-]1C=CC=C1C=O.[Fe+2],2
ferroquine_cid140118553.png,ferroquine_cid140118553,Ferroquine,140118553,CN(C)CC1=CC=C[C-]1CNC2=C3C=CC(=CC3=NC=C2)Cl.[CH-]1C=CC=C1.[Fe+2],2
ferrous_fumarate_cid6433164.png,ferrous_fumarate_cid6433164,Ferrous Fumarate,6433164,C(=C/C(=O)[O-])\C(=O)[O-].[Fe+2],2
fertirelin_cid188304.png,fertirelin_cid188304,Fertirelin,188304,CCNC(=O)[C@@H]1CCCN1C(=O)[C@H](CCCN=C(N)N)NC(=O)[C@H](CC(C)C)NC(=O)CNC(=O)[C@H](CC2=CC=C(C=C2)O)NC(=O)[C@H](CO)NC(=O)[C@H](CC3=CNC4=CC=CC=C43)NC(=O)[C@H](CC5=CN=CN5)NC(=O)[C@@H]6CCC(=O)N6,2
fesoterodine_fumarate_cid9849808.png,fesoterodine_fumarate_cid9849808,Fesoterodine Fumarate,9849808,CC(C)C(=O)OC1=C(C=C(C=C1)CO)[C@H](CCN(C(C)C)C(C)C)C2=CC=CC=C2.C(=C/C(=O)O)\C(=O)O,2
fevipiprant_cid23582412.png,fevipiprant_cid23582412,Fevipiprant,23582412,CC1=C(C2=C(N1CC3=C(C=C(C=C3)S(=O)(=O)C)C(F)(F)F)N=CC=C2)CC(=O)O,2
fexinidazole_cid68792.png,fexinidazole_cid68792,Fexinidazole,68792,CN1C(=CN=C1COC2=CC=C(C=C2)SC)[N+](=O)[O-],2
fexofenadine_cid3348.png,fexofenadine_cid3348,Fexofenadine,3348,CC(C)(C1=CC=C(C=C1)C(CCCN2CCC(CC2)C(C3=CC=CC=C3)(C4=CC=CC=C4)O)O)C(=O)O,2
fexuprazan_cid122662112.png,fexuprazan_cid122662112,Fexuprazan,122662112,CNCC1=CN(C(=C1OC)C2=C(C=C(C=C2)F)F)S(=O)(=O)C3=CC=CC(=C3)F,2
fidaxomicin_cid10034073.png,fidaxomicin_cid10034073,Fidaxomicin,10034073,CC[C@H]1/C=C(/[C@H](C/C=C/C=C(/C(=O)O[C@@H](C/C=C(/C=C(/[C@@H]1O[C@H]2[C@H]([C@H]([C@@H](C(O2)(C)C)OC(=O)C(C)C)O)O)\C)\C)[C@@H](C)O)\CO[C@H]3[C@H]([C@H]([C@@H]([C@H](O3)C)OC(=O)C4=C(C(=C(C(=C4O)Cl)O)Cl)CC)O)OC)O)\C,2
filgotinib_cid49831257.png,filgotinib_cid49831257,Filgotinib,49831257,C1CC1C(=O)NC2=NN3C(=N2)C=CC=C3C4=CC=C(C=C4)CN5CCS(=O)(=O)CC5,2
fimasartan_cid9870652.png,fimasartan_cid9870652,Fimasartan,9870652,CCCCC1=NC(=C(C(=O)N1CC2=CC=C(C=C2)C3=CC=CC=C3C4=NNN=N4)CC(=S)N(C)C)C,2
finasteride_cid57363.png,finasteride_cid57363,Finasteride,57363,C[C@]12CC[C@H]3[C@H]([C@@H]1CC[C@@H]2C(=O)NC(C)(C)C)CC[C@@H]4[C@@]3(C=CC(=O)N4)C,2
finerenone_cid60150535.png,finerenone_cid60150535,Finerenone,60150535,CCOC1=NC=C(C2=C1[C@@H](C(=C(N2)C)C(=O)N)C3=C(C=C(C=C3)C#N)OC)C,2
fingolimod_cid107970.png,fingolimod_cid107970,Fingolimod,107970,CCCCCCCCC1=CC=C(C=C1)CCC(CO)(CO)N,2
fipronil_cid3352.png,fipronil_cid3352,Fipronil,3352,C1=C(C=C(C(=C1Cl)N2C(=C(C(=N2)C#N)S(=O)C(F)(F)F)N)Cl)C(F)(F)F,2
firocoxib_cid208910.png,firocoxib_cid208910,Firocoxib,208910,CC1(C(=C(C(=O)O1)OCC2CC2)C3=CC=C(C=C3)S(=O)(=O)C)C,2
flavoxate_cid3354.png,flavoxate_cid3354,Flavoxate,3354,CC1=C(OC2=C(C1=O)C=CC=C2C(=O)OCCN3CCCCC3)C4=CC=CC=C4,2
flecainide_cid3356.png,flecainide_cid3356,Flecainide,3356,C1CCNC(C1)CNC(=O)C2=C(C=CC(=C2)OCC(F)(F)F)OCC(F)(F)F,2
flomoxef_cid65864.png,flomoxef_cid65864,Flomoxef,65864,CO[C@@]1([C@@H]2N(C1=O)C(=C(CO2)CSC3=NN=NN3CCO)C(=O)O)NC(=O)CSC(F)F,2
florbetaben_18f_cid11501341.png,florbetaben_18f_cid11501341,Florbetaben (18F),11501341,CNC1=CC=C(C=C1)/C=C/C2=CC=C(C=C2)OCCOCCOCC[18F],2
florbetapir_f_18_cid24822371.png,florbetapir_f_18_cid24822371,Florbetapir F-18,24822371,CNC1=CC=C(C=C1)/C=C/C2=CN=C(C=C2)OCCOCCOCC[18F],2
florfenicol_cid114811.png,florfenicol_cid114811,Florfenicol,114811,CS(=O)(=O)C1=CC=C(C=C1)[C@H]([C@@H](CF)NC(=O)C(Cl)Cl)O,2
flotufolastat_cid149063248.png,flotufolastat_cid149063248,Flotufolastat,149063248,CC(C)(C)[Si](C1=CC=C(C=C1)C(=O)NC[C@H](C(=O)N[C@H](CCCCNC(=O)CCC(=O)NCCC[C@H](C(=O)O)NC(=O)CC[C@@H](C(=O)O)NC(=O)N[C@@H](CCC(=O)O)C(=O)O)C(=O)O)NC(=O)CC[C@@H](C(=O)O)N2CCN(CCN(CCN(CC2)CC(=O)O)CC(=O)O)CC(=O)O)(C(C)(C)C)F,2
floxuridine_cid5790.png,floxuridine_cid5790,Floxuridine,5790,C1[C@@H]([C@H](O[C@H]1N2C=C(C(=O)NC2=O)F)CO)O,2
fluciclovine_cid10820564.png,fluciclovine_cid10820564,Fluciclovine,10820564,C1C(CC1(C(=O)O)N)F,2
flucloxacillin_cid21319.png,flucloxacillin_cid21319,Flucloxacillin,21319,CC1=C(C(=NO1)C2=C(C=CC=C2Cl)F)C(=O)N[C@H]3[C@@H]4N(C3=O)[C@H](C(S4)(C)C)C(=O)O,2
fluconazole_cid3365.png,fluconazole_cid3365,Fluconazole,3365,C1=CC(=C(C=C1F)F)C(CN2C=NC=N2)(CN3C=NC=N3)O,2
flucytosine_cid3366.png,flucytosine_cid3366,Flucytosine,3366,C1=NC(=O)NC(=C1F)N,2
fludarabine_cid657237.png,fludarabine_cid657237,Fludarabine,657237,C1=NC2=C(N=C(N=C2N1[C@H]3[C@H]([C@@H]([C@H](O3)CO)O)O)F)N,2
fludrocortisone_cid31378.png,fludrocortisone_cid31378,Fludrocortisone,31378,C[C@]12CCC(=O)C=C1CC[C@@H]3[C@@]2([C@H](C[C@]4([C@H]3CC[C@@]4(C(=O)CO)O)C)O)F,2
fluindione_cid68942.png,fluindione_cid68942,Fluindione,68942,C1=CC=C2C(=C1)C(=O)C(C2=O)C3=CC=C(C=C3)F,2
flunarizine_cid941361.png,flunarizine_cid941361,Flunarizine,941361,C1CN(CCN1C/C=C/C2=CC=CC=C2)C(C3=CC=C(C=C3)F)C4=CC=C(C=C4)F,2
flunisolide_cid82153.png,flunisolide_cid82153,Flunisolide,82153,C[C@]12C[C@@H]([C@H]3[C@H]([C@@H]1C[C@@H]4[C@]2(OC(O4)(C)C)C(=O)CO)C[C@@H](C5=CC(=O)C=C[C@]35C)F)O,2
flunitrazepam_cid3380.png,flunitrazepam_cid3380,Flunitrazepam,3380,CN1C(=O)CN=C(C2=C1C=CC(=C2)[N+](=O)[O-])C3=CC=CC=C3F,2
fluocinonide_cid9642.png,fluocinonide_cid9642,Fluocinonide,9642,CC(=O)OCC(=O)[C@@]12[C@@H](C[C@@H]3[C@@]1(C[C@@H]([C@]4([C@H]3C[C@@H](C5=CC(=O)C=C[C@@]54C)F)F)O)C)OC(O2)(C)C,2
fluorescein_cid16850.png,fluorescein_cid16850,Fluorescein,16850,C1=CC=C2C(=C1)C(=O)OC23C4=C(C=C(C=C4)O)OC5=C3C=CC(=C5)O,2
fluorodopa_cid107730.png,fluorodopa_cid107730,Fluorodopa,107730,C1=C(C(=CC(=C1O)O)F)C[C@@H](C(=O)O)N,2
fluorometholone_acetate_cid240767.png,fluorometholone_acetate_cid240767,Fluorometholone Acetate,240767,C[C@H]1C[C@H]2[C@@H]3CC[C@@]([C@]3(C[C@@H]([C@@]2([C@@]4(C1=CC(=O)C=C4)C)F)O)C)(C(=O)C)OC(=O)C,2
fluorometholone_cid9878.png,fluorometholone_cid9878,Fluorometholone,9878,C[C@H]1C[C@H]2[C@@H]3CC[C@@]([C@]3(C[C@@H]([C@@]2([C@@]4(C1=CC(=O)C=C4)C)F)O)C)(C(=O)C)O,2
fluoxetine_cid3386.png,fluoxetine_cid3386,Fluoxetine,3386,CNCCC(C1=CC=CC=C1)OC2=CC=C(C=C2)C(F)(F)F,2
fluoxymesterone_cid6446.png,fluoxymesterone_cid6446,Fluoxymesterone,6446,C[C@]12CCC(=O)C=C1CC[C@@H]3[C@@]2([C@H](C[C@]4([C@H]3CC[C@]4(C)O)C)O)F,2
fluphenazine_cid3372.png,fluphenazine_cid3372,Fluphenazine,3372,C1CN(CCN1CCCN2C3=CC=CC=C3SC4=C2C=C(C=C4)C(F)(F)F)CCO,2
flupirtine_cid53276.png,flupirtine_cid53276,Flupirtine,53276,CCOC(=O)NC1=C(N=C(C=C1)NCC2=CC=C(C=C2)F)N,2
fluralaner_cid25144319.png,fluralaner_cid25144319,Fluralaner,25144319,CC1=C(C=CC(=C1)C2=NOC(C2)(C3=CC(=CC(=C3)Cl)Cl)C(F)(F)F)C(=O)NCC(=O)NCC(F)(F)F,2
flurandrenolide_cid15209.png,flurandrenolide_cid15209,Flurandrenolide,15209,C[C@]12CCC(=O)C=C1[C@H](C[C@@H]3[C@@H]2[C@H](C[C@]4([C@H]3C[C@@H]5[C@]4(OC(O5)(C)C)C(=O)CO)C)O)F,2
flurbiprofen_cid3394.png,flurbiprofen_cid3394,Flurbiprofen,3394,CC(C1=CC(=C(C=C1)C2=CC=CC=C2)F)C(=O)O,2
flurithromycin_cid71260.png,flurithromycin_cid71260,Flurithromycin,71260,CC[C@@H]1[C@@]([C@@H]([C@H](C(=O)[C@@](C[C@@]([C@@H]([C@H]([C@@H]([C@H](C(=O)O1)C)O[C@H]2C[C@@]([C@H]([C@@H](O2)C)O)(C)OC)C)O[C@H]3[C@@H]([C@H](C[C@H](O3)C)N(C)C)O)(C)O)(C)F)C)O)(C)O,2
fluspirilene_cid3396.png,fluspirilene_cid3396,Fluspirilene,3396,C1CN(CCC12C(=O)NCN2C3=CC=CC=C3)CCCC(C4=CC=C(C=C4)F)C5=CC=C(C=C5)F,2
flutamide_cid3397.png,flutamide_cid3397,Flutamide,3397,CC(C)C(=O)NC1=CC(=C(C=C1)[N+](=O)[O-])C(F)(F)F,2
fluticasone_furoate_cid9854489.png,fluticasone_furoate_cid9854489,Fluticasone Furoate,9854489,C[C@@H]1C[C@H]2[C@@H]3C[C@@H](C4=CC(=O)C=C[C@@]4([C@]3([C@H](C[C@@]2([C@]1(C(=O)SCF)OC(=O)C5=CC=CO5)C)O)F)C)F,2
fluticasone_propionate_cid444036.png,fluticasone_propionate_cid444036,Fluticasone Propionate,444036,CCC(=O)O[C@@]1([C@@H](C[C@@H]2[C@@]1(C[C@@H]([C@]3([C@H]2C[C@@H](C4=CC(=O)C=C[C@@]43C)F)F)O)C)C)C(=O)SCF,2
fluvastatin_cid1548972.png,fluvastatin_cid1548972,Fluvastatin,1548972,CC(C)N1C2=CC=CC=C2C(=C1/C=C/[C@@H](C[C@@H](CC(=O)O)O)O)C3=CC=C(C=C3)F,2
fluvoxamine_cid5324346.png,fluvoxamine_cid5324346,Fluvoxamine,5324346,COCCCC/C(=N\OCCN)/C1=CC=C(C=C1)C(F)(F)F,2
folic_acid_cid135398658.png,folic_acid_cid135398658,Folic Acid,135398658,C1=CC(=CC=C1C(=O)N[C@@H](CCC(=O)O)C(=O)O)NCC2=CN=C3C(=N2)C(=O)NC(=N3)N,2
formaldehyde_cid712.png,formaldehyde_cid712,Formaldehyde,712,C=O,2
formic_acid_cid284.png,formic_acid_cid284,Formic Acid,284,C(=O)O,2
formocortal_cid289085.png,formocortal_cid289085,Formocortal,289085,CC(=O)OCC(=O)[C@@]12[C@@H](C[C@@H]3[C@@]1(C[C@@H]([C@]4([C@H]3CC(=C5[C@@]4(CCC(=C5)OCCCl)C)C=O)F)O)C)OC(O2)(C)C,2
formoterol_cid3410.png,formoterol_cid3410,Formoterol,3410,CC(CC1=CC=C(C=C1)OC)NCC(C2=CC(=C(C=C2)O)NC=O)O,2
fosamprenavir_cid131536.png,fosamprenavir_cid131536,Fosamprenavir,131536,CC(C)CN(C[C@H]([C@H](CC1=CC=CC=C1)NC(=O)O[C@H]2CCOC2)OP(=O)(O)O)S(=O)(=O)C3=CC=C(C=C3)N,2
fosaprepitant_cid135413538.png,fosaprepitant_cid135413538,Fosaprepitant,135413538,C[C@H](C1=CC(=CC(=C1)C(F)(F)F)C(F)(F)F)O[C@@H]2[C@@H](N(CCO2)CC3=NN(C(=O)N3)P(=O)(O)O)C4=CC=C(C=C4)F,2
foscarnet_cid3415.png,foscarnet_cid3415,Foscarnet,3415,C(=O)(O)P(=O)(O)O,2
fosfluconazole_cid214356.png,fosfluconazole_cid214356,Fosfluconazole,214356,C1=CC(=C(C=C1F)F)C(CN2C=NC=N2)(CN3C=NC=N3)OP(=O)(O)O,2
fosfomycin_cid446987.png,fosfomycin_cid446987,Fosfomycin,446987,C[C@H]1[C@H](O1)P(=O)(O)O,2
fosnetupitant_cid71544786.png,fosnetupitant_cid71544786,Fosnetupitant,71544786,CC1=CC=CC=C1C2=CC(=NC=C2N(C)C(=O)C(C)(C)C3=CC(=CC(=C3)C(F)(F)F)C(F)(F)F)N4CC[N+](CC4)(C)COP(=O)(O)[O-],2
fosphenytoin_cid56339.png,fosphenytoin_cid56339,Fosphenytoin,56339,C1=CC=C(C=C1)C2(C(=O)N(C(=O)N2)COP(=O)(O)O)C3=CC=CC=C3,2
fospropofol_cid3038498.png,fospropofol_cid3038498,Fospropofol,3038498,CC(C)C1=C(C(=CC=C1)C(C)C)OCOP(=O)(O)O,2
fostamatinib_cid11671467.png,fostamatinib_cid11671467,Fostamatinib,11671467,CC1(C(=O)N(C2=C(O1)C=CC(=N2)NC3=NC(=NC=C3F)NC4=CC(=C(C(=C4)OC)OC)OC)COP(=O)(O)O)C,2
fostemsavir_cid11319217.png,fostemsavir_cid11319217,Fostemsavir,11319217,CC1=NN(C=N1)C2=NC=C(C3=C2N(C=C3C(=O)C(=O)N4CCN(CC4)C(=O)C5=CC=CC=C5)COP(=O)(O)O)OC,2
friulimicin_b_cid56842195.png,friulimicin_b_cid56842195,Friulimicin B,56842195,C[C@H]1[C@@H](C(=O)N2CCCC[C@@H]2C(=O)N[C@H](C(=O)N[C@H](C(=O)NCC(=O)N[C@H](C(=O)NCC(=O)N[C@@H](C(=O)N[C@H](C(=O)N3CCC[C@H]3C(=O)N1)C(C)C)[C@@H](C)N)CC(=O)O)CC(=O)O)[C@H](C)C(=O)O)NC(=O)[C@H](CC(=O)N)NC(=O)C/C=C\CCCCCCCC(C)C,2
frovatriptan_succinate_cid152943.png,frovatriptan_succinate_cid152943,Frovatriptan Succinate,152943,CN[C@@H]1CCC2=C(C1)C3=C(N2)C=CC(=C3)C(=O)N.C(CC(=O)O)C(=O)O.O,2
fructose_1_6_bisphosphate_cid445555.png,fructose_1_6_bisphosphate_cid445555,"Fructose 1,6-bisphosphate",445555,C([C@@H]1[C@H]([C@@H]([C@@H](O1)COP(=O)(O)O)O)O)OP(=O)(O)O,2
fudosteine_cid134669.png,fudosteine_cid134669,Fudosteine,134669,C(CO)CSC[C@@H](C(=O)O)N,2
fullerenes_cid123591.png,fullerenes_cid123591,Fullerenes,123591,C12=C3C4=C5C6=C1C7=C8C9=C1C%10=C%11C(=C29)C3=C2C3=C4C4=C5C5=C9C6=C7C6=C7C8=C1C1=C8C%10=C%10C%11=C2C2=C3C3=C4C4=C5C5=C%11C%12=C(C6=C95)C7=C1C1=C%12C5=C%11C4=C3C3=C5C(=C81)C%10=C23,2
fulvestrant_cid104741.png,fulvestrant_cid104741,Fulvestrant,104741,C[C@]12CC[C@H]3[C@H]([C@@H]1CC[C@@H]2O)[C@@H](CC4=C3C=CC(=C4)O)CCCCCCCCCS(=O)CCCC(C(F)(F)F)(F)F,2
fungichromin_cid5282200.png,fungichromin_cid5282200,Fungichromin,5282200,CCCCC[C@H]([C@@H]1[C@H](C[C@H](C[C@H](C[C@H](C[C@H](C[C@H]([C@H]([C@@H](/C(=C/C=C/C=C/C=C/C=C/[C@@H]([C@H](OC1=O)C)O)/C)O)O)O)O)O)O)O)O)O,2
furan_cid8029.png,furan_cid8029,Furan,8029,C1=COC=C1,2
furazolidone_cid5323714.png,furazolidone_cid5323714,Furazolidone,5323714,C1COC(=O)N1/N=C/C2=CC=C(O2)[N+](=O)[O-],2
furosemide_cid3440.png,furosemide_cid3440,Furosemide,3440,C1=COC(=C1)CNC2=CC(=C(C=C2C(=O)O)S(=O)(=O)N)Cl,2
fusidic_acid_cid3000226.png,fusidic_acid_cid3000226,Fusidic Acid,3000226,C[C@H]1[C@@H]2CC[C@]3([C@H]([C@]2(CC[C@H]1O)C)[C@@H](C[C@@H]\4[C@@]3(C[C@@H](/C4=C(/CCC=C(C)C)\C(=O)O)OC(=O)C)C)O)C,2
futibatinib_cid71621331.png,futibatinib_cid71621331,Futibatinib,71621331,COC1=CC(=CC(=C1)C#CC2=NN(C3=NC=NC(=C23)N)[C@H]4CCN(C4)C(=O)C=C)OC,2
gabapentin_cid3446.png,gabapentin_cid3446,Gabapentin,3446,C1CCC(CC1)(CC(=O)O)CN,2
gabapentin_enacarbil_cid9883933.png,gabapentin_enacarbil_cid9883933,Gabapentin Enacarbil,9883933,CC(C)C(=O)OC(C)OC(=O)NCC1(CCCCC1)CC(=O)O,2
gabexate_cid3447.png,gabexate_cid3447,Gabexate,3447,CCOC(=O)C1=CC=C(C=C1)OC(=O)CCCCCN=C(N)N,2
gaboxadol_cid3448.png,gaboxadol_cid3448,Gaboxadol,3448,C1CNCC2=C1C(=O)NO2,2
gadobenate_dimeglumine_cid6918204.png,gadobenate_dimeglumine_cid6918204,Gadobenate Dimeglumine,6918204,CNC[C@@H]([C@H]([C@@H]([C@@H](CO)O)O)O)O.CNC[C@@H]([C@H]([C@@H]([C@@H](CO)O)O)O)O.C1=CC=C(C=C1)COCC(C(=O)[O-])N(CCN(CCN(CC(=O)O)CC(=O)[O-])CC(=O)[O-])CC(=O)O.[Gd+3],2
gadobutrol_cid6102852.png,gadobutrol_cid6102852,Gadobutrol,6102852,C1CN(CCN(CCN(CCN1CC(=O)[O-])CC(=O)[O-])[C@H](CO)[C@@H](CO)O)CC(=O)[O-].[Gd+3],2
gadodiamide_cid153921.png,gadodiamide_cid153921,Gadodiamide,153921,CNC(=O)CN(CCN(CCN(CC(=O)NC)CC(=O)[O-])CC(=O)[O-])CC(=O)[O-].[Gd+3],2
gadofosveset_trisodium_cid73049652.png,gadofosveset_trisodium_cid73049652,Gadofosveset Trisodium,73049652,C1CC(CCC1OP(=O)([O-])OCC(CN(CCN(CC(=O)[O-])CC(=O)[O-])CC(=O)[O-])N(CC(=O)[O-])CC(=O)[O-])(C2=CC=CC=C2)C3=CC=CC=C3.[Na+].[Na+].[Na+].[Gd+3],2
gadopentetate_dimeglumine_cid55466.png,gadopentetate_dimeglumine_cid55466,Gadopentetate Dimeglumine,55466,CNC[C@@H]([C@H]([C@@H]([C@@H](CO)O)O)O)O.CNC[C@@H]([C@H]([C@@H]([C@@H](CO)O)O)O)O.C(CN(CC(=O)O)CC(=O)[O-])N(CCN(CC(=O)O)CC(=O)[O-])CC(=O)[O-].[Gd+3],2
gadopentetic_acid_cid6857474.png,gadopentetic_acid_cid6857474,Gadopentetic Acid,6857474,C(CN(CC(=O)O)CC(=O)[O-])N(CCN(CC(=O)O)CC(=O)[O-])CC(=O)[O-].[Gd+3],2
gadopiclenol_cid16223405.png,gadopiclenol_cid16223405,Gadopiclenol,16223405,C1CN(CC2=NC(=CC=C2)CN(CCN1C(CCC(=O)NCC(CO)O)C(=O)[O-])C(CCC(=O)NCC(CO)O)C(=O)[O-])C(CCC(=O)NCC(CO)O)C(=O)[O-].[Gd+3],2
gadoquatrane_cid156596411.png,gadoquatrane_cid156596411,Gadoquatrane,156596411,CC(C(=O)NCC(=O)NCC(CNC(=O)CNC(=O)C(C)N1CCN(CCN(CCN(CC1)CC(=O)[O-])CC(=O)[O-])CC(=O)[O-])(CNC(=O)CNC(=O)C(C)N2CCN(CCN(CCN(CC2)CC(=O)[O-])CC(=O)[O-])CC(=O)[O-])CNC(=O)CNC(=O)C(C)N3CCN(CCN(CCN(CC3)CC(=O)[O-])CC(=O)[O-])CC(=O)[O-])N4CCN(CCN(CCN(CC4)CC(=O)[O-])CC(=O)[O-])CC(=O)[O-].[Gd+3].[Gd+3].[Gd+3].[Gd+3],2
gadoteric_acid_cid158536.png,gadoteric_acid_cid158536,Gadoteric Acid,158536,C1CN(CCN(CCN(CCN1CC(=O)O)CC(=O)[O-])CC(=O)[O-])CC(=O)[O-].[Gd+3],2
gadoteridol_cid60714.png,gadoteridol_cid60714,Gadoteridol,60714,CC(CN1CCN(CCN(CCN(CC1)CC(=O)[O-])CC(=O)[O-])CC(=O)[O-])O.[Gd+3],2
gadoversetamide_cid444013.png,gadoversetamide_cid444013,Gadoversetamide,444013,COCCNC(=O)CN(CCN(CCN(CC(=O)NCCOC)CC(=O)[O-])CC(=O)[O-])CC(=O)[O-].[Gd+3],2
gadoxetate_disodium_cid91754427.png,gadoxetate_disodium_cid91754427,Gadoxetate Disodium,91754427,CCOC1=CC=C(C=C1)CC(CN(CCN(CC(=O)[O-])CC(=O)[O-])CC(=O)[O-])N(CC(=O)[O-])CC(=O)[O-].[Na+].[Na+].[Gd+3],2
gadoxetic_acid_cid25203894.png,gadoxetic_acid_cid25203894,Gadoxetic Acid,25203894,[H+].[H+].CCOC1=CC=C(C=C1)C[C@@H](CN(CCN(CC(=O)[O-])CC(=O)[O-])CC(=O)[O-])N(CC(=O)[O-])CC(=O)[O-].[Gd+3],2
galantamine_cid9651.png,galantamine_cid9651,(-)-Galantamine,9651,CN1CC[C@@]23C=C[C@@H](C[C@@H]2OC4=C(C=CC(=C34)C1)OC)O,2
gallidermin_cid73348284.png,gallidermin_cid73348284,Gallidermin,73348284,CC[C@H](C)[C@@H](C(=O)N[C@@H](C)C(=O)N[C@@H]1CSC[C@@H](NC(=O)[C@@H](NC(=O)[C@@H](NC(=O)[C@@H](NC1=O)CCCCN)CC2=CC=CC=C2)CC(C)C)C(=O)N[C@@H]3[C@@H](SC[C@@H](NC(=O)CNC(=O)[C@@H]4CCCN4C3=O)C(=O)N[C@@H](C)C(=O)N[C@@H](CCCCN)C(=O)N/C(=C/C)/C(=O)NCC(=O)N[C@@H]5CSC[C@@H]6C(=O)N/C=C/SC[C@H](C(=O)N[C@H](C(=O)N6)CC7=CC=C(C=C7)O)NC(=O)[C@@H](NC(=O)[C@@H](NC5=O)CC8=CC=CC=C8)CC(=O)N)C)N,2
gallium_nitrate_cid61635.png,gallium_nitrate_cid61635,Gallium nitrate,61635,[N+](=O)([O-])[O-].[N+](=O)([O-])[O-].[N+](=O)([O-])[O-].[Ga+3],2
gallium_trinitrate_hydrate_cid121488047.png,gallium_trinitrate_hydrate_cid121488047,Gallium trinitrate hydrate,121488047,[N+](=O)([O-])O[Ga](O[N+](=O)[O-])O[N+](=O)[O-].O,2
ganaxolone_cid6918305.png,ganaxolone_cid6918305,Ganaxolone,6918305,CC(=O)[C@H]1CC[C@@H]2[C@@]1(CC[C@H]3[C@H]2CC[C@@H]4[C@@]3(CC[C@@](C4)(C)O)C)C,2
ganirelix_cid16130957.png,ganirelix_cid16130957,Ganirelix,16130957,CCNC(=NCCCC[C@H](C(=O)N[C@@H](CC(C)C)C(=O)N[C@@H](CCCCN=C(NCC)NCC)C(=O)N1CCC[C@H]1C(=O)N[C@H](C)C(=O)N)NC(=O)[C@H](CC2=CC=C(C=C2)O)NC(=O)[C@H](CO)NC(=O)[C@@H](CC3=CN=CC=C3)NC(=O)[C@@H](CC4=CC=C(C=C4)Cl)NC(=O)[C@@H](CC5=CC6=CC=CC=C6C=C5)NC(=O)C)NCC,2
gantacurium_cid10102486.png,gantacurium_cid10102486,Gantacurium,10102486,C[N@+]1(CCC2=CC(=C(C=C2[C@H]1CC3=CC(=C(C(=C3)OC)OC)OC)OC)OC)CCCOC(=O)/C(=C/C(=O)OCCC[N@+]4(CCC5=CC(=C(C=C5[C@@H]4C6=CC(=C(C(=C6)OC)OC)OC)OC)OC)C)/Cl,2
garenoxacin_cid124093.png,garenoxacin_cid124093,Garenoxacin,124093,C[C@@H]1C2=C(CN1)C=C(C=C2)C3=C(C4=C(C=C3)C(=O)C(=CN4C5CC5)C(=O)O)OC(F)F,2
gedatolisib_cid44516953.png,gedatolisib_cid44516953,Gedatolisib,44516953,CN(C)C1CCN(CC1)C(=O)C2=CC=C(C=C2)NC(=O)NC3=CC=C(C=C3)C4=NC(=NC(=N4)N5CCOCC5)N6CCOCC6,2
gefitinib_cid123631.png,gefitinib_cid123631,Gefitinib,123631,COC1=C(C=C2C(=C1)N=CN=C2NC3=CC(=C(C=C3)F)Cl)OCCCN4CCOCC4,2
geldanamycin_cid5288382.png,geldanamycin_cid5288382,Geldanamycin,5288382,C[C@H]1C[C@@H]([C@@H]([C@H](/C=C(/[C@@H]([C@H](/C=C\C=C(\C(=O)NC2=CC(=O)C(=C(C1)C2=O)OC)/C)OC)OC(=O)N)\C)C)O)OC,2
gemcitabine_cid60750.png,gemcitabine_cid60750,Gemcitabine,60750,C1=CN(C(=O)N=C1N)[C@H]2C([C@@H]([C@H](O2)CO)O)(F)F,2
gemcitabine_hydrochloride_cid60749.png,gemcitabine_hydrochloride_cid60749,Gemcitabine Hydrochloride,60749,C1=CN(C(=O)N=C1N)[C@H]2C([C@@H]([C@H](O2)CO)O)(F)F.Cl,2
gemeprost_cid5282237.png,gemeprost_cid5282237,Gemeprost,5282237,CCCCC(C)(C)[C@@H](/C=C/[C@H]1[C@@H](CC(=O)[C@@H]1CCCC/C=C/C(=O)OC)O)O,2
gemfibrozil_cid3463.png,gemfibrozil_cid3463,Gemfibrozil,3463,CC1=CC(=C(C=C1)C)OCCCC(C)(C)C(=O)O,2
gemigliptin_cid11953153.png,gemigliptin_cid11953153,Gemigliptin,11953153,C1CC(CN(C1=O)C[C@H](CC(=O)N2CCC3=C(C2)N=C(N=C3C(F)(F)F)C(F)(F)F)N)(F)F,2
gentamicin_cid3467.png,gentamicin_cid3467,Gentamicin,3467,CC(C1CCC(C(O1)OC2C(CC(C(C2O)OC3C(C(C(CO3)(C)O)NC)O)N)N)N)NC,2
gepirone_cid55191.png,gepirone_cid55191,Gepirone,55191,CC1(CC(=O)N(C(=O)C1)CCCCN2CCN(CC2)C3=NC=CC=N3)C,2
gilteritinib_cid49803313.png,gilteritinib_cid49803313,Gilteritinib,49803313,CCC1=C(N=C(C(=N1)C(=O)N)NC2=CC(=C(C=C2)N3CCC(CC3)N4CCN(CC4)C)OC)NC5CCOCC5,2
ginkgolide_b_cid11973122.png,ginkgolide_b_cid11973122,Ginkgolide B,11973122,C[C@@H]1C(=O)O[C@@H]2[C@]1([C@@]34C(=O)O[C@H]5[C@]3([C@@H]2O)[C@@]6([C@@H](C5)C(C)(C)C)[C@H](C(=O)O[C@H]6O4)O)O,2
ginsenoside_rb1_cid9898279.png,ginsenoside_rb1_cid9898279,Ginsenoside Rb1,9898279,CC(=CCC[C@@](C)([C@H]1CC[C@@]2([C@@H]1[C@@H](C[C@H]3[C@]2(CC[C@@H]4[C@@]3(CC[C@@H](C4(C)C)O[C@H]5[C@@H]([C@H]([C@@H]([C@H](O5)CO)O)O)O[C@H]6[C@@H]([C@H]([C@@H]([C@H](O6)CO)O)O)O)C)C)O)C)O[C@H]7[C@@H]([C@H]([C@@H]([C@H](O7)CO[C@H]8[C@@H]([C@H]([C@@H]([C@H](O8)CO)O)O)O)O)O)O)C,2
giredestrant_cid121410806.png,giredestrant_cid121410806,Giredestrant,121410806,C[C@@H]1CC2=C([C@H](N1CC(CO)(F)F)C3=C(C=C(C=C3F)NC4CN(C4)CCCF)F)NC5=CC=CC=C25,2
givinostat_cid9804992.png,givinostat_cid9804992,Givinostat,9804992,CCN(CC)CC1=CC2=C(C=C1)C=C(C=C2)COC(=O)NC3=CC=C(C=C3)C(=O)NO,2
glasdegib_cid25166913.png,glasdegib_cid25166913,Glasdegib,25166913,CN1CC[C@H](C[C@@H]1C2=NC3=CC=CC=C3N2)NC(=O)NC4=CC=C(C=C4)C#N,2
glecaprevir_cid66828839.png,glecaprevir_cid66828839,Glecaprevir,66828839,CC1(CC1)S(=O)(=O)NC(=O)[C@]2(C[C@H]2C(F)F)NC(=O)[C@@H]3C[C@@H]4CN3C(=O)[C@@H](NC(=O)O[C@@H]5CCC[C@H]5OC/C=C/C(C6=NC7=CC=CC=C7N=C6O4)(F)F)C(C)(C)C,2
glibenclamide_cid3488.png,glibenclamide_cid3488,Glibenclamide,3488,COC1=C(C=C(C=C1)Cl)C(=O)NCCC2=CC=C(C=C2)S(=O)(=O)NC(=O)NC3CCCCC3,2
glibornuride_cid12818200.png,glibornuride_cid12818200,Glibornuride,12818200,CC1=CC=C(C=C1)S(=O)(=O)NC(=O)N[C@H]2[C@H]3CC[C@@]([C@H]2O)(C3(C)C)C,2
gliclazide_cid3475.png,gliclazide_cid3475,Gliclazide,3475,CC1=CC=C(C=C1)S(=O)(=O)NC(=O)NN2CC3CCCC3C2,2
glipizide_cid3478.png,glipizide_cid3478,Glipizide,3478,CC1=CN=C(C=N1)C(=O)NCCC2=CC=C(C=C2)S(=O)(=O)NC(=O)NC3CCCCC3,2
glisoxepide_cid32778.png,glisoxepide_cid32778,Glisoxepide,32778,CC1=CC(=NO1)C(=O)NCCC2=CC=C(C=C2)S(=O)(=O)NC(=O)NN3CCCCCC3,2
glucose_6_phosphate_cid5958.png,glucose_6_phosphate_cid5958,Glucose 6-phosphate,5958,C([C@@H]1[C@H]([C@@H]([C@H](C(O1)O)O)O)O)OP(=O)(O)O,2
glufosfamide_cid123628.png,glufosfamide_cid123628,Glufosfamide,123628,C(CCl)NP(=O)(NCCCl)O[C@H]1[C@@H]([C@H]([C@@H]([C@H](O1)CO)O)O)O,2
glutaraldehyde_cid3485.png,glutaraldehyde_cid3485,Glutaraldehyde,3485,C(CC=O)CC=O,2
glutathione_cid124886.png,glutathione_cid124886,Glutathione,124886,C(CC(=O)N[C@@H](CS)C(=O)NCC(=O)O)[C@@H](C(=O)O)N,2
glycerol_cid753.png,glycerol_cid753,Glycerol,753,C(C(CO)O)O,2
glycine_cid750.png,glycine_cid750,Glycine,750,C(C(=O)O)N,2
glycobiarsol_cid76957520.png,glycobiarsol_cid76957520,Glycobiarsol,76957520,C1=CC(=CC=C1NC(=O)CO)[As](=O)(O)[O-].[O-2].[Bi+3],2
glycolic_acid_cid757.png,glycolic_acid_cid757,Glycolic Acid,757,C(C(=O)O)O,2
glycopyrronium_cid3494.png,glycopyrronium_cid3494,Glycopyrronium,3494,C[N+]1(CCC(C1)OC(=O)C(C2CCCC2)(C3=CC=CC=C3)O)C,2
glycyrrhizin_cid14982.png,glycyrrhizin_cid14982,Glycyrrhizin,14982,C[C@]12CC[C@](C[C@H]1C3=CC(=O)[C@@H]4[C@]5(CC[C@@H](C([C@@H]5CC[C@]4([C@@]3(CC2)C)C)(C)C)O[C@@H]6[C@@H]([C@H]([C@@H]([C@H](O6)C(=O)O)O)O)O[C@H]7[C@@H]([C@H]([C@@H]([C@H](O7)C(=O)O)O)O)O)C)(C)C(=O)O,2
glymidine_cid9565.png,glymidine_cid9565,Glymidine,9565,COCCOC1=CN=C(N=C1)NS(=O)(=O)C2=CC=CC=C2,2
glyphosate_cid3496.png,glyphosate_cid3496,Glyphosate,3496,C(C(=O)O)NCP(=O)(O)O,2
gold_sodium_thiomalate_cid22318.png,gold_sodium_thiomalate_cid22318,Gold Sodium Thiomalate,22318,C(C(C(=O)[O-])[S-])C(=O)[O-].[Na+].[Na+].[Au+],2
golvatinib_cid16118392.png,golvatinib_cid16118392,Golvatinib,16118392,CN1CCN(CC1)C2CCN(CC2)C(=O)NC3=NC=CC(=C3)OC4=CC(=C(C=C4)NC(=O)C5(CC5)C(=O)NC6=CC=C(C=C6)F)F,2
gonadorelin_cid638793.png,gonadorelin_cid638793,Gonadorelin,638793,CC(C)C[C@@H](C(=O)N[C@@H](CCCN=C(N)N)C(=O)N1CCC[C@H]1C(=O)NCC(=O)N)NC(=O)CNC(=O)[C@H](CC2=CC=C(C=C2)O)NC(=O)[C@H](CO)NC(=O)[C@H](CC3=CNC4=CC=CC=C43)NC(=O)[C@H](CC5=CN=CN5)NC(=O)[C@@H]6CCC(=O)N6,2
goserelin_cid5311128.png,goserelin_cid5311128,Goserelin,5311128,CC(C)C[C@@H](C(=O)N[C@@H](CCCN=C(N)N)C(=O)N1CCC[C@H]1C(=O)NNC(=O)N)NC(=O)[C@@H](COC(C)(C)C)NC(=O)[C@H](CC2=CC=C(C=C2)O)NC(=O)[C@H](CO)NC(=O)[C@H](CC3=CNC4=CC=CC=C43)NC(=O)[C@H](CC5=CN=CN5)NC(=O)[C@@H]6CCC(=O)N6,2
gozetotide_cid60143283.png,gozetotide_cid60143283,Gozetotide,60143283,C1=CC(=C(C=C1CCC(=O)NCCCCCC(=O)NCCCC[C@@H](C(=O)O)NC(=O)N[C@@H](CCC(=O)O)C(=O)O)CN(CCN(CC2=C(C=CC(=C2)CCC(=O)O)O)CC(=O)O)CC(=O)O)O,2
gramicidin_a_cid16132269.png,gramicidin_a_cid16132269,Gramicidin A,16132269,C[C@@H](C(=O)N[C@H](CC(C)C)C(=O)N[C@@H](C)C(=O)N[C@H](C(C)C)C(=O)N[C@@H](C(C)C)C(=O)N[C@H](C(C)C)C(=O)N[C@@H](CC1=CNC2=CC=CC=C21)C(=O)N[C@H](CC(C)C)C(=O)N[C@@H](CC3=CNC4=CC=CC=C43)C(=O)N[C@H](CC(C)C)C(=O)N[C@@H](CC5=CNC6=CC=CC=C65)C(=O)N[C@H](CC(C)C)C(=O)N[C@@H](CC7=CNC8=CC=CC=C87)C(=O)NCCO)NC(=O)CNC(=O)[C@H](C(C)C)NC=O,2
gramicidin_s_cid73357.png,gramicidin_s_cid73357,Gramicidin S,73357,CC(C)C[C@H]1C(=O)N[C@@H](C(=O)N2CCC[C@H]2C(=O)N[C@H](C(=O)N[C@H](C(=O)N[C@H](C(=O)N[C@@H](C(=O)N3CCC[C@H]3C(=O)N[C@H](C(=O)N[C@H](C(=O)N1)CCCN)C(C)C)CC4=CC=CC=C4)CC(C)C)CCCN)C(C)C)CC5=CC=CC=C5,2
granisetron_hydrochloride_cid49799997.png,granisetron_hydrochloride_cid49799997,Granisetron hydrochloride,49799997,CN1[C@H]2CCC[C@H]1CC(C2)NC(=O)C3=NN(C4=CC=CC=C43)C.Cl,2
grapiprant_cid11677589.png,grapiprant_cid11677589,Grapiprant,11677589,CCC1=NC2=C(N1C3=CC=C(C=C3)CCNC(=O)NS(=O)(=O)C4=CC=C(C=C4)C)C=C(N=C2C)C,2
grazoprevir_cid44603531.png,grazoprevir_cid44603531,Grazoprevir,44603531,CC(C)(C)[C@H]1C(=O)N2C[C@@H](C[C@H]2C(=O)N[C@@]3(C[C@H]3C=C)C(=O)NS(=O)(=O)C4CC4)OC5=NC6=C(C=CC(=C6)OC)N=C5CCCCC[C@@H]7C[C@H]7OC(=O)N1,2
griseofulvin_cid441140.png,griseofulvin_cid441140,Griseofulvin,441140,C[C@@H]1CC(=O)C=C([C@]12C(=O)C3=C(O2)C(=C(C=C3OC)OC)Cl)OC,2
guaiacol_cid460.png,guaiacol_cid460,Guaiacol,460,COC1=CC=CC=C1O,2
guaifenesin_cid3516.png,guaifenesin_cid3516,Guaifenesin,3516,COC1=CC=CC=C1OCC(CO)O,2
guanidine_hydrochloride_cid5742.png,guanidine_hydrochloride_cid5742,Guanidine Hydrochloride,5742,C(=N)(N)N.Cl,2
halichondrin_b_cid5488895.png,halichondrin_b_cid5488895,Halichondrin B,5488895,C[C@@H]1C[C@@H]2CC[C@H]3C(=C)C[C@@H](O3)CC[C@]45C[C@@H]6[C@H](O4)[C@H]7[C@@H](O6)[C@@H](O5)[C@@H]8[C@@H](O7)CC[C@@H](O8)CC(=O)O[C@@H]9[C@H]([C@H]3[C@H](C[C@@H]4[C@H](O3)C[C@@]3(O4)C[C@H]4[C@@H](O3)[C@H](C[C@]3(O4)C[C@@H]([C@H]4[C@@H](O3)C[C@H](O4)[C@H](C[C@H](CO)O)O)C)C)O[C@H]9C[C@H](C1=C)O2)C,2
halobetasol_propionate_cid6918178.png,halobetasol_propionate_cid6918178,Halobetasol Propionate,6918178,CCC(=O)O[C@@]1([C@H](C[C@@H]2[C@@]1(C[C@@H]([C@]3([C@H]2C[C@@H](C4=CC(=O)C=C[C@@]43C)F)F)O)C)C)C(=O)CCl,2
halofantrine_hydrochloride_cid37392.png,halofantrine_hydrochloride_cid37392,(+-)-Halofantrine hydrochloride,37392,CCCCN(CCCC)CCC(C1=C2C=CC(=CC2=C3C=C(C=C(C3=C1)Cl)Cl)C(F)(F)F)O.Cl,2
haloperidol_cid3559.png,haloperidol_cid3559,Haloperidol,3559,C1CN(CCC1(C2=CC=C(C=C2)Cl)O)CCCC(=O)C3=CC=C(C=C3)F,2
haloprogin_cid3561.png,haloprogin_cid3561,Haloprogin,3561,C1=C(C(=CC(=C1Cl)Cl)Cl)OCC#CI,2
halothane_cid3562.png,halothane_cid3562,Halothane,3562,C(C(F)(F)F)(Cl)Br,2
harmine_cid5280953.png,harmine_cid5280953,Harmine,5280953,CC1=NC=CC2=C1NC3=C2C=CC(=C3)OC,2
hc_toxin_cid13889849.png,hc_toxin_cid13889849,HC-toxin,13889849,C[C@@H]1C(=O)N[C@H](C(=O)N2CCC[C@@H]2C(=O)N[C@H](C(=O)N1)C)CCCCCC(=O)[C@@H]3CO3,2
heme_b_cid4973.png,heme_b_cid4973,Heme b,4973,CC1=C(C2=CC3=NC(=CC4=C(C(=C([N-]4)C=C5C(=C(C(=N5)C=C1[N-]2)C)C=C)C)C=C)C(=C3CCC(=O)O)C)CCC(=O)O.[Fe+2],2
henagliflozin_cid56832738.png,henagliflozin_cid56832738,Henagliflozin,56832738,CCOC1=C(C=C(C=C1)CC2=C(C=CC(=C2)[C@]34[C@@H]([C@H]([C@@H]([C@](O3)(CO4)CO)O)O)O)Cl)F,2
heparin_disaccharide_i_s_cid5288499.png,heparin_disaccharide_i_s_cid5288499,Heparin Disaccharide I-S,5288499,C1=C(O[C@H]([C@@H]([C@H]1O)OS(=O)(=O)[O-])O[C@@H]2[C@H](O[C@@H]([C@@H]([C@H]2O)NS(=O)(=O)[O-])O)COS(=O)(=O)[O-])C(=O)[O-],2
heparin_pentasaccharide_cid5282448.png,heparin_pentasaccharide_cid5282448,Heparin Pentasaccharide,5282448,CO[C@@H]1[C@@H]([C@H]([C@@H]([C@H](O1)COS(=O)(=O)O)O[C@H]2[C@@H]([C@H]([C@@H]([C@@H](O2)C(=O)O)O[C@@H]3[C@@H]([C@H]([C@@H]([C@H](O3)COS(=O)(=O)O)O[C@H]4[C@@H]([C@H]([C@@H]([C@H](O4)C(=O)O)O[C@@H]5[C@@H]([C@H]([C@@H]([C@H](O5)COS(=O)(=O)O)O)O)NS(=O)(=O)O)O)O)OS(=O)(=O)O)NS(=O)(=O)O)O)OS(=O)(=O)O)O)NS(=O)(=O)O,2
heroin_cid5462328.png,heroin_cid5462328,Heroin,5462328,CC(=O)O[C@H]1C=C[C@H]2[C@H]3CC4=C5[C@]2([C@H]1OC5=C(C=C4)OC(=O)C)CCN3C,2
hesperidin_cid10621.png,hesperidin_cid10621,Hesperidin,10621,C[C@H]1[C@@H]([C@H]([C@H]([C@@H](O1)OC[C@@H]2[C@H]([C@@H]([C@H]([C@@H](O2)OC3=CC(=C4C(=O)C[C@H](OC4=C3)C5=CC(=C(C=C5)OC)O)O)O)O)O)O)O)O,2
hexaaminecobalt_trichloride_cid159295.png,hexaaminecobalt_trichloride_cid159295,Hexaaminecobalt trichloride,159295,N.N.N.N.N.N.[Cl-].[Cl-].[Cl-].[Co+3],2
hexachlorocyclohexane_cid727.png,hexachlorocyclohexane_cid727,Hexachlorocyclohexane,727,C1(C(C(C(C(C1Cl)Cl)Cl)Cl)Cl)Cl,2
hexadecyltrimethylammonium_bromide_cid5974.png,hexadecyltrimethylammonium_bromide_cid5974,Hexadecyltrimethylammonium Bromide,5974,CCCCCCCCCCCCCCCC[N+](C)(C)C.[Br-],2
hexamethylenetetramine_cid4101.png,hexamethylenetetramine_cid4101,Hexamethylenetetramine,4101,C1N2CN3CN1CN(C2)C3,2
hexamethylphosphoramide_cid12679.png,hexamethylphosphoramide_cid12679,Hexamethylphosphoramide,12679,CN(C)P(=O)(N(C)C)N(C)C,2
hexanitrostilbene_cid5462985.png,hexanitrostilbene_cid5462985,Hexanitrostilbene,5462985,C1=C(C=C(C(=C1[N+](=O)[O-])/C=C/C2=C(C=C(C=C2[N+](=O)[O-])[N+](=O)[O-])[N+](=O)[O-])[N+](=O)[O-])[N+](=O)[O-],2
hexestrol_cid192197.png,hexestrol_cid192197,Hexestrol,192197,CC[C@H](C1=CC=C(C=C1)O)[C@@H](CC)C2=CC=C(C=C2)O,2
hexobarbital_cid3608.png,hexobarbital_cid3608,Hexobarbital,3608,CC1(C(=O)NC(=O)N(C1=O)C)C2=CCCCC2,2
hexoprenaline_cid3609.png,hexoprenaline_cid3609,Hexoprenaline,3609,C1=CC(=C(C=C1C(CNCCCCCCNCC(C2=CC(=C(C=C2)O)O)O)O)O)O,2
hexylcaine_cid10770.png,hexylcaine_cid10770,Hexylcaine,10770,CC(CNC1CCCCC1)OC(=O)C2=CC=CC=C2,2
histamine_cid774.png,histamine_cid774,Histamine,774,C1=C(NC=N1)CCN,2
histrelin_cid25077993.png,histrelin_cid25077993,Histrelin,25077993,CCNC(=O)[C@@H]1CCCN1C(=O)[C@H](CCCN=C(N)N)NC(=O)[C@H](CC(C)C)NC(=O)[C@@H](CC2=CN(C=N2)CC3=CC=CC=C3)NC(=O)[C@H](CC4=CC=C(C=C4)O)NC(=O)[C@H](CO)NC(=O)[C@H](CC5=CNC6=CC=CC=C65)NC(=O)[C@H](CC7=CN=CN7)NC(=O)[C@@H]8CCC(=O)N8,2
hmpao_cid9552071.png,hmpao_cid9552071,Hmpao,9552071,C[C@@H](NCC(CN[C@@H](/C(=N/O)/C)C)(C)C)/C(=N/O)/C,2
huperzine_a_cid854026.png,huperzine_a_cid854026,Huperzine A,854026,C/C=C/1\[C@@H]2CC3=C([C@]1(CC(=C2)C)N)C=CC(=O)N3,2
hydralazine_cid3637.png,hydralazine_cid3637,Hydralazine,3637,C1=CC=C2C(=C1)C=NN=C2NN,2
hydrochlorothiazide_cid3639.png,hydrochlorothiazide_cid3639,Hydrochlorothiazide,3639,C1NC2=CC(=C(C=C2S(=O)(=O)N1)S(=O)(=O)N)Cl,2
hydrocodone_cid5284569.png,hydrocodone_cid5284569,Hydrocodone,5284569,CN1CC[C@]23[C@@H]4[C@H]1CC5=C2C(=C(C=C5)OC)O[C@H]3C(=O)CC4,2
hydrocortisone_aceponate_cid68921.png,hydrocortisone_aceponate_cid68921,Hydrocortisone Aceponate,68921,CCC(=O)O[C@@]1(CC[C@@H]2[C@@]1(C[C@@H]([C@H]3[C@H]2CCC4=CC(=O)CC[C@]34C)O)C)C(=O)COC(=O)C,2
hydrogen_peroxide_cid784.png,hydrogen_peroxide_cid784,Hydrogen Peroxide,784,OO,2
hydromorphone_cid5284570.png,hydromorphone_cid5284570,Hydromorphone,5284570,CN1CC[C@]23[C@@H]4[C@H]1CC5=C2C(=C(C=C5)O)O[C@H]3C(=O)CC4,2
hydroquinone_cid785.png,hydroquinone_cid785,Hydroquinone,785,C1=CC(=CC=C1O)O,2
hydroxocobalamin_cid44475014.png,hydroxocobalamin_cid44475014,Hydroxocobalamin,44475014,CC1=CC2=C(C=C1C)N(C=N2)[C@@H]3[C@@H]([C@@H]([C@H](O3)CO)OP(=O)([O-])O[C@H](C)CNC(=O)CC[C@@]\4([C@H]([C@@H]5[C@]6([C@@]([C@@H](C(=N6)/C(=C\7/[C@@]([C@@H](C(=N7)/C=C\8/C([C@@H](C(=N8)/C(=C4\[N-]5)/C)CCC(=O)N)(C)C)CCC(=O)N)(C)CC(=O)N)/C)CCC(=O)N)(C)CC(=O)N)C)CC(=O)N)C)O.[OH-].[Co+3],2
hydroxychloroquine_cid3652.png,hydroxychloroquine_cid3652,Hydroxychloroquine,3652,CCN(CCCC(C)NC1=C2C=CC(=CC2=NC=C1)Cl)CCO,2
hydroxymethanediphosphonic_acid_cid27304.png,hydroxymethanediphosphonic_acid_cid27304,Hydroxymethanediphosphonic acid,27304,C(O)(P(=O)(O)O)P(=O)(O)O,2
hydroxynorketamine_cid133669.png,hydroxynorketamine_cid133669,Hydroxynorketamine,133669,C1CC(C(=O)C(C1)(C2=CC=CC=C2Cl)N)O,2
hydroxypyridinone_cid69975.png,hydroxypyridinone_cid69975,Hydroxypyridinone,69975,C1=CC(=O)N(C=C1)O,2
hydroxyurea_cid3657.png,hydroxyurea_cid3657,Hydroxyurea,3657,C(=O)(N)NO,2
hydroxyzine_cid3658.png,hydroxyzine_cid3658,Hydroxyzine,3658,C1CN(CCN1CCOCCO)C(C2=CC=CC=C2)C3=CC=C(C=C3)Cl,2
hypericin_cid3663.png,hypericin_cid3663,Hypericin,3663,CC1=CC(=O)C2=C(C3=C(C=C(C4=C3C5=C2C1=C6C(=CC(=O)C7=C(C8=C(C=C(C4=C8C5=C67)O)O)O)C)O)O)O,2
hypoxanthine_cid135398638.png,hypoxanthine_cid135398638,Hypoxanthine,135398638,C1=NC2=C(N1)C(=O)NC=N2,2
iberdomide_cid67335295.png,iberdomide_cid67335295,Iberdomide,67335295,C1CC(=O)NC(=O)[C@H]1N2CC3=C(C2=O)C=CC=C3OCC4=CC=C(C=C4)CN5CCOCC5,2
ibogaine_cid197060.png,ibogaine_cid197060,Ibogaine,197060,CC[C@H]1C[C@@H]2C[C@@H]3[C@H]1N(C2)CCC4=C3NC5=C4C=C(C=C5)OC,2
ibrexafungerp_cid46871657.png,ibrexafungerp_cid46871657,Ibrexafungerp,46871657,C[C@H](C(C)C)[C@]1(CC[C@@]2([C@H]3CC[C@H]4[C@]5(COC[C@]4(C3=CC[C@]2([C@@H]1C(=O)O)C)C[C@H]([C@@H]5OC[C@@](C)(C(C)(C)C)N)N6C(=NC=N6)C7=CC=NC=C7)C)C)C,2
ibrutinib_cid24821094.png,ibrutinib_cid24821094,Ibrutinib,24821094,C=CC(=O)N1CCC[C@H](C1)N2C3=NC=NC(=C3C(=N2)C4=CC=C(C=C4)OC5=CC=CC=C5)N,2
ibuprofen_cid3672.png,ibuprofen_cid3672,"Ibuprofen, (+-)-",3672,CC(C)CC1=CC=C(C=C1)C(C)C(=O)O,2
ibuproxam_cid68704.png,ibuproxam_cid68704,Ibuproxam,68704,CC(C)CC1=CC=C(C=C1)C(C)C(=O)NO,2
ibutilide_cid60753.png,ibutilide_cid60753,Ibutilide,60753,CCCCCCCN(CC)CCCC(C1=CC=C(C=C1)NS(=O)(=O)C)O,2
icariin_cid5318997.png,icariin_cid5318997,Icariin,5318997,C[C@H]1[C@@H]([C@H]([C@H]([C@@H](O1)OC2=C(OC3=C(C2=O)C(=CC(=C3CC=C(C)C)O[C@H]4[C@@H]([C@H]([C@@H]([C@H](O4)CO)O)O)O)O)C5=CC=C(C=C5)OC)O)O)O,2
icenticaftor_cid58442344.png,icenticaftor_cid58442344,Icenticaftor,58442344,C[C@](CNC(=O)C1=C(C=C(C(=N1)OC)C(F)(F)F)N)(C(F)(F)F)O,2
iclepertin_cid155259577.png,iclepertin_cid155259577,Iclepertin,155259577,C[C@H](C(F)(F)F)OC1=C(C=C(C=C1)S(=O)(=O)C)C(=O)N2C[C@@H]3C[C@@]3(C2)C4=NOC(=C4)C(F)(F)F,2
icotinib_cid22024915.png,icotinib_cid22024915,Icotinib,22024915,C#CC1=CC(=CC=C1)NC2=NC=NC3=CC4=C(C=C32)OCCOCCOCCO4,2
idarubicin_cid42890.png,idarubicin_cid42890,Idarubicin,42890,C[C@H]1[C@H]([C@H](C[C@@H](O1)O[C@H]2C[C@@](CC3=C2C(=C4C(=C3O)C(=O)C5=CC=CC=C5C4=O)O)(C(=O)C)O)N)O,2
idelalisib_cid11625818.png,idelalisib_cid11625818,Idelalisib,11625818,CC[C@@H](C1=NC2=C(C(=CC=C2)F)C(=O)N1C3=CC=CC=C3)NC4=NC=NC5=C4NC=N5,2
idoxifene_cid3034011.png,idoxifene_cid3034011,Idoxifene,3034011,CC/C(=C(/C1=CC=C(C=C1)OCCN2CCCC2)\C3=CC=C(C=C3)I)/C4=CC=CC=C4,2
idoxuridine_cid5905.png,idoxuridine_cid5905,Idoxuridine,5905,C1[C@@H]([C@H](O[C@H]1N2C=C(C(=O)NC2=O)I)CO)O,2
idrabiotaparinux_cid16202213.png,idrabiotaparinux_cid16202213,Idrabiotaparinux,16202213,CO[C@@H]1[C@H](O[C@@H]([C@@H]([C@H]1OC)NC(=O)CCCCCNC(=O)CCCC[C@H]2[C@@H]3[C@H](CS2)NC(=O)N3)O[C@H]4[C@@H]([C@H]([C@@H](O[C@@H]4C(=O)O)O[C@@H]5[C@H](O[C@@H]([C@@H]([C@H]5OS(=O)(=O)O)OS(=O)(=O)O)O[C@H]6[C@@H]([C@H]([C@@H](O[C@H]6C(=O)O)O[C@@H]7[C@H](O[C@@H]([C@@H]([C@H]7OS(=O)(=O)O)OS(=O)(=O)O)OC)COS(=O)(=O)O)OC)OC)COS(=O)(=O)O)OC)OC)COS(=O)(=O)O,2
ifosfamide_cid3690.png,ifosfamide_cid3690,Ifosfamide,3690,C1CN(P(=O)(OC1)NCCCl)CCCl,2
iguratimod_cid124246.png,iguratimod_cid124246,Iguratimod,124246,CS(=O)(=O)NC1=C(C=C2C(=C1)OC=C(C2=O)NC=O)OC3=CC=CC=C3,2
ilaprazole_cid214351.png,ilaprazole_cid214351,Ilaprazole,214351,CC1=C(C=CN=C1CS(=O)C2=NC3=C(N2)C=C(C=C3)N4C=CC=C4)OC,2
iloperidone_cid71360.png,iloperidone_cid71360,Iloperidone,71360,CC(=O)C1=CC(=C(C=C1)OCCCN2CCC(CC2)C3=NOC4=C3C=CC(=C4)F)OC,2
imatinib_cid5291.png,imatinib_cid5291,Imatinib,5291,CC1=C(C=C(C=C1)NC(=O)C2=CC=C(C=C2)CN3CCN(CC3)C)NC4=NC=CC(=N4)C5=CN=CC=C5,2
imeglimin_cid24812808.png,imeglimin_cid24812808,Imeglimin,24812808,C[C@@H]1N=C(NC(=N1)N(C)C)N,2
imidacloprid_cid86287518.png,imidacloprid_cid86287518,Imidacloprid,86287518,C1CN(/C(=N/[N+](=O)[O-])/N1)CC2=CN=C(C=C2)Cl,2
imidafenacin_cid6433090.png,imidafenacin_cid6433090,Imidafenacin,6433090,CC1=NC=CN1CCC(C2=CC=CC=C2)(C3=CC=CC=C3)C(=O)N,2
imidapril_cid5464343.png,imidapril_cid5464343,Imidapril,5464343,CCOC(=O)[C@H](CCC1=CC=CC=C1)N[C@@H](C)C(=O)N2[C@@H](CN(C2=O)C)C(=O)O,2
imidazo_1_2_a_pyridine_cid78960.png,imidazo_1_2_a_pyridine_cid78960,"Imidazo(1,2-a)pyridine",78960,C1=CC2=NC=CN2C=C1,2
imidazole_cid795.png,imidazole_cid795,Imidazole,795,C1=CN=CN1,2
imipenem_cid104838.png,imipenem_cid104838,Imipenem,104838,C[C@H]([C@@H]1[C@H]2CC(=C(N2C1=O)C(=O)O)SCCN=CN)O,2
imipramine_cid3696.png,imipramine_cid3696,Imipramine,3696,CN(C)CCCN1C2=CC=CC=C2CCC3=CC=CC=C31,2
imiquimod_cid57469.png,imiquimod_cid57469,Imiquimod,57469,CC(C)CN1C=NC2=C1C3=CC=CC=C3N=C2N,2
imunofan_cid15788399.png,imunofan_cid15788399,Imunofan,15788399,CC(C)[C@@H](C(=O)N[C@@H](CC1=CC=C(C=C1)O)C(=O)N[C@@H](CCCN=C(N)N)C(=O)O)NC(=O)[C@H](CCCCN)NC(=O)[C@H](CC(=O)O)NC(=O)[C@H](CCCN=C(N)N)N,2
incadronic_acid_cid3699.png,incadronic_acid_cid3699,Incadronic Acid,3699,C1CCCC(CC1)NC(P(=O)(O)O)P(=O)(O)O,2
indacaterol_cid6918554.png,indacaterol_cid6918554,Indacaterol,6918554,CCC1=C(C=C2CC(CC2=C1)NC[C@@H](C3=C4C=CC(=O)NC4=C(C=C3)O)O)CC,2
indalpine_cid44668.png,indalpine_cid44668,Indalpine,44668,C1CNCCC1CCC2=CNC3=CC=CC=C32,2
indenolol_cid71955.png,indenolol_cid71955,Indenolol,71955,CC(C)NCC(COC1=CC=CC2=C1C=CC2)O,2
indigo_carmine_cid2723854.png,indigo_carmine_cid2723854,Indigo carmine,2723854,C1=CC2=C(C=C1S(=O)(=O)[O-])C(=C(N2)C3=NC4=C(C3=O)C=C(C=C4)S(=O)(=O)[O-])O.[Na+].[Na+],2
indigo_cid10215.png,indigo_cid10215,Indigo,10215,C1=CC=C2C(=C1)C(=C(N2)C3=NC4=CC=CC=C4C3=O)O,2
indinavir_cid5362440.png,indinavir_cid5362440,Indinavir,5362440,CC(C)(C)NC(=O)[C@@H]1CN(CCN1C[C@H](C[C@@H](CC2=CC=CC=C2)C(=O)N[C@@H]3[C@@H](CC4=CC=CC=C34)O)O)CC5=CN=CC=C5,2
indiplon_cid6450813.png,indiplon_cid6450813,Indiplon,6450813,CC(=O)N(C)C1=CC=CC(=C1)C2=CC=NC3=C(C=NN23)C(=O)C4=CC=CS4,2
indocyanine_green_cid5282412.png,indocyanine_green_cid5282412,Indocyanine Green,5282412,CC1(C(=[N+](C2=C1C3=CC=CC=C3C=C2)CCCCS(=O)(=O)[O-])/C=C/C=C/C=C/C=C\4/C(C5=C(N4CCCCS(=O)(=O)[O-])C=CC6=CC=CC=C65)(C)C)C.[Na+],2
indole_cid798.png,indole_cid798,Indole,798,C1=CC=C2C(=C1)C=CN2,2
indolizine_cid9230.png,indolizine_cid9230,Indolizine,9230,C1=CC2=CC=CN2C=C1,2
indomethacin_cid3715.png,indomethacin_cid3715,Indomethacin,3715,CC1=C(C2=C(N1C(=O)C3=CC=C(C=C3)Cl)C=CC(=C2)OC)CC(=O)O,2
indoximod_cid405012.png,indoximod_cid405012,Indoximod,405012,CN1C=C(C2=CC=CC=C21)C[C@H](C(=O)O)N,2
infigratinib_cid53235510.png,infigratinib_cid53235510,Infigratinib,53235510,CCN1CCN(CC1)C2=CC=C(C=C2)NC3=CC(=NC=N3)N(C)C(=O)NC4=C(C(=CC(=C4Cl)OC)OC)Cl,2
ingenol_mebutate_cid6918670.png,ingenol_mebutate_cid6918670,Ingenol Mebutate,6918670,C/C=C(/C)\C(=O)O[C@H]1C(=C[C@@]23[C@@]1([C@@H](C(=C[C@H](C2=O)[C@H]4[C@H](C4(C)C)C[C@H]3C)CO)O)O)C,2
iobitridol_cid65985.png,iobitridol_cid65985,Iobitridol,65985,CN(CC(CO)O)C(=O)C1=C(C(=C(C(=C1I)NC(=O)C(CO)CO)I)C(=O)N(C)CC(CO)O)I,2
iodixanol_cid3724.png,iodixanol_cid3724,Iodixanol,3724,CC(=O)N(CC(CN(C1=C(C(=C(C(=C1I)C(=O)NCC(CO)O)I)C(=O)NCC(CO)O)I)C(=O)C)O)C2=C(C(=C(C(=C2I)C(=O)NCC(CO)O)I)C(=O)NCC(CO)O)I,2
iodoform_cid6374.png,iodoform_cid6374,Iodoform,6374,C(I)(I)I,2
ioflupane_cid10048368.png,ioflupane_cid10048368,Ioflupane,10048368,COC(=O)[C@@H]1[C@H]2CC[C@H](N2CCCF)C[C@@H]1C3=CC=C(C=C3)I,2
iohexol_cid3730.png,iohexol_cid3730,Iohexol,3730,CC(=O)N(CC(CO)O)C1=C(C(=C(C(=C1I)C(=O)NCC(CO)O)I)C(=O)NCC(CO)O)I,2
iomeprol_cid3731.png,iomeprol_cid3731,Iomeprol,3731,CN(C1=C(C(=C(C(=C1I)C(=O)NCC(CO)O)I)C(=O)NCC(CO)O)I)C(=O)CO,2
iopamidol_cid65492.png,iopamidol_cid65492,Iopamidol,65492,C[C@@H](C(=O)NC1=C(C(=C(C(=C1I)C(=O)NC(CO)CO)I)C(=O)NC(CO)CO)I)O,2
iopromide_cid3736.png,iopromide_cid3736,Iopromide,3736,CN(CC(CO)O)C(=O)C1=C(C(=C(C(=C1I)C(=O)NCC(CO)O)I)NC(=O)COC)I,2
iotrolan_cid3738.png,iotrolan_cid3738,Iotrolan,3738,CN(C1=C(C(=C(C(=C1I)C(=O)NC(CO)C(CO)O)I)C(=O)NC(CO)C(CO)O)I)C(=O)CC(=O)N(C)C2=C(C(=C(C(=C2I)C(=O)NC(CO)C(CO)O)I)C(=O)NC(CO)C(CO)O)I,2
ioversol_cid3741.png,ioversol_cid3741,Ioversol,3741,C(CO)N(C1=C(C(=C(C(=C1I)C(=O)NCC(CO)O)I)C(=O)NCC(CO)O)I)C(=O)CO,2
ipamorelin_cid9831659.png,ipamorelin_cid9831659,Ipamorelin,9831659,CC(C)(C(=O)N[C@@H](CC1=CN=CN1)C(=O)N[C@H](CC2=CC3=CC=CC=C3C=C2)C(=O)N[C@H](CC4=CC=CC=C4)C(=O)N[C@@H](CCCCN)C(=O)N)N,2
ipragliflozin_cid10453870.png,ipragliflozin_cid10453870,Ipragliflozin,10453870,C1=CC=C2C(=C1)C=C(S2)CC3=C(C=CC(=C3)[C@H]4[C@@H]([C@H]([C@@H]([C@H](O4)CO)O)O)O)F,2
iproplatin_cid155491322.png,iproplatin_cid155491322,Iproplatin,155491322,CC(C)N.CC(C)N.[OH-].[OH-].[Cl-].[Cl-].[Pt],2
irbesartan_cid3749.png,irbesartan_cid3749,Irbesartan,3749,CCCCC1=NC2(CCCC2)C(=O)N1CC3=CC=C(C=C3)C4=CC=CC=C4C5=NNN=N5,2
irinotecan_cid60838.png,irinotecan_cid60838,Irinotecan,60838,CCC1=C2CN3C(=CC4=C(C3=O)COC(=O)[C@@]4(CC)O)C2=NC5=C1C=C(C=C5)OC(=O)N6CCC(CC6)N7CCCCC7,2
iron_pentacarbonyl_cid26040.png,iron_pentacarbonyl_cid26040,Iron pentacarbonyl,26040,[C]=O.[C]=O.[C]=O.[C]=O.[C]=O.[Fe],2
isavuconazole_cid6918485.png,isavuconazole_cid6918485,Isavuconazole,6918485,C[C@@H](C1=NC(=CS1)C2=CC=C(C=C2)C#N)[C@](CN3C=NC=N3)(C4=C(C=CC(=C4)F)F)O,2
isavuconazonium_cid6918606.png,isavuconazonium_cid6918606,Isavuconazonium,6918606,C[C@@H](C1=NC(=CS1)C2=CC=C(C=C2)C#N)[C@](CN3C=[N+](C=N3)C(C)OC(=O)N(C)C4=C(C=CC=N4)COC(=O)CNC)(C5=C(C=CC(=C5)F)F)O,2
iseganan_cid16131103.png,iseganan_cid16131103,Iseganan,16131103,CC(C)C[C@@H](C(=O)N[C@H]1CSSC[C@H](NC(=O)[C@@H](NC(=O)[C@@H]2CSSC[C@@H](C(=O)N[C@H](C(=O)NCC(=O)N[C@H](C(=O)N[C@H](C(=O)N2)CC3=CC=CC=C3)CCCNC(=N)N)CCCNC(=N)N)NC(=O)[C@@H](NC1=O)CC4=CC=C(C=C4)O)C(C)C)C(=O)N[C@@H](C(C)C)C(=O)NCC(=O)N[C@@H](CCCNC(=N)N)C(=O)N)NC(=O)CNC(=O)CNC(=O)[C@H](CCCNC(=N)N)N,2
isepamicin_cid3037209.png,isepamicin_cid3037209,Isepamicin,3037209,C[C@@]1(CO[C@@H]([C@@H]([C@H]1NC)O)O[C@H]2[C@@H](C[C@@H]([C@H]([C@@H]2O)O[C@@H]3[C@@H]([C@H]([C@@H]([C@H](O3)CN)O)O)O)N)NC(=O)[C@H](CN)O)O,2
isoflurane_cid3763.png,isoflurane_cid3763,Isoflurane,3763,C(C(F)(F)F)(OC(F)F)Cl,2
isoniazid_cid3767.png,isoniazid_cid3767,Isoniazid,3767,C1=CN=CC=C1C(=O)NN,2
isopropyl_unoprostone_cid5282175.png,isopropyl_unoprostone_cid5282175,Isopropyl Unoprostone,5282175,CCCCCCCC(=O)CC[C@H]1[C@@H](C[C@@H]([C@@H]1C/C=C\CCCC(=O)OC(C)C)O)O,2
isosorbide_dinitrate_cid6883.png,isosorbide_dinitrate_cid6883,Isosorbide Dinitrate,6883,C1[C@H]([C@@H]2[C@H](O1)[C@H](CO2)O[N+](=O)[O-])O[N+](=O)[O-],2
isosorbide_mononitrate_cid27661.png,isosorbide_mononitrate_cid27661,Isosorbide Mononitrate,27661,C1[C@@H]([C@@H]2[C@H](O1)[C@@H](CO2)O[N+](=O)[O-])O,2
isotretinoin_cid5282379.png,isotretinoin_cid5282379,Isotretinoin,5282379,CC1=C(C(CCC1)(C)C)/C=C/C(=C/C=C/C(=C\C(=O)O)/C)/C,2
isradipine_cid3784.png,isradipine_cid3784,Isradipine,3784,CC1=C(C(C(=C(N1)C)C(=O)OC(C)C)C2=CC=CC3=NON=C32)C(=O)OC,2
istaroxime_cid9841834.png,istaroxime_cid9841834,Istaroxime,9841834,C[C@]12CC/C(=N\OCCN)/C[C@@H]1C(=O)C[C@@H]3[C@@H]2CC[C@]4([C@H]3CCC4=O)C,2
istradefylline_cid5311037.png,istradefylline_cid5311037,Istradefylline,5311037,CCN1C2=C(C(=O)N(C1=O)CC)N(C(=N2)/C=C/C3=CC(=C(C=C3)OC)OC)C,2
itopride_cid3792.png,itopride_cid3792,Itopride,3792,CN(C)CCOC1=CC=C(C=C1)CNC(=O)C2=CC(=C(C=C2)OC)OC,2
itraconazole_cid55283.png,itraconazole_cid55283,Itraconazole,55283,CCC(C)N1C(=O)N(C=N1)C2=CC=C(C=C2)N3CCN(CC3)C4=CC=C(C=C4)OC[C@H]5CO[C@](O5)(CN6C=NC=N6)C7=C(C=C(C=C7)Cl)Cl,2
ivabradine_hydrochloride_cid3045381.png,ivabradine_hydrochloride_cid3045381,Ivabradine Hydrochloride,3045381,CN(CCCN1CCC2=CC(=C(C=C2CC1=O)OC)OC)C[C@H]3CC4=CC(=C(C=C34)OC)OC.Cl,2
ivermectin_b1a_cid6321424.png,ivermectin_b1a_cid6321424,Ivermectin B1a,6321424,CC[C@H](C)[C@@H]1[C@H](CC[C@@]2(O1)C[C@@H]3C[C@H](O2)C/C=C(/[C@H]([C@H](/C=C/C=C/4\CO[C@H]5[C@@]4([C@@H](C=C([C@H]5O)C)C(=O)O3)O)C)O[C@H]6C[C@@H]([C@H]([C@@H](O6)C)O[C@H]7C[C@@H]([C@H]([C@@H](O7)C)O)OC)OC)\C)C,2
ivosidenib_cid71657455.png,ivosidenib_cid71657455,Ivosidenib,71657455,C1CC(=O)N([C@@H]1C(=O)N(C2=CC(=CN=C2)F)[C@@H](C3=CC=CC=C3Cl)C(=O)NC4CC(C4)(F)F)C5=NC=CC(=C5)C#N,2
ixabepilone_cid6445540.png,ixabepilone_cid6445540,Ixabepilone,6445540,C[C@H]1CCC[C@@]2([C@@H](O2)C[C@H](NC(=O)C[C@@H](C(C(=O)[C@@H]([C@H]1O)C)(C)C)O)/C(=C/C3=CSC(=N3)C)/C)C,2
ixazomib_cid25183872.png,ixazomib_cid25183872,Ixazomib,25183872,B([C@H](CC(C)C)NC(=O)CNC(=O)C1=C(C=CC(=C1)Cl)Cl)(O)O,2
josamycin_cid5282165.png,josamycin_cid5282165,Josamycin,5282165,C[C@@H]1C/C=C/C=C/[C@@H]([C@@H](C[C@@H]([C@@H]([C@H]([C@@H](CC(=O)O1)OC(=O)C)OC)O[C@H]2[C@@H]([C@H]([C@@H]([C@H](O2)C)O[C@H]3C[C@@]([C@H]([C@@H](O3)C)OC(=O)CC(C)C)(C)O)N(C)C)O)CC=O)C)O,2
kahalalide_f_cid9898671.png,kahalalide_f_cid9898671,Kahalalide F,9898671,CC[C@H](C)[C@@H]1C(=O)N[C@@H](C(=O)N[C@H](C(=O)N/C(=C\C)/C(=O)N[C@H](C(=O)O[C@@H]([C@H](C(=O)N1)NC(=O)[C@@H]([C@@H](C)CC)NC(=O)[C@H](CCCN)NC(=O)[C@H]2CCCN2C(=O)[C@@H](C(C)C)NC(=O)[C@H](C(C)C)NC(=O)[C@H]([C@@H](C)O)NC(=O)[C@@H](C(C)C)NC(=O)CCCC(C)C)C)C(C)C)CC3=CC=CC=C3)C(C)C,2
kanglemycin_a_cid139588980.png,kanglemycin_a_cid139588980,Kanglemycin A,139588980,C[C@@H]1[C@H](/C=C/O[C@]2(C(=O)C3=C(O2)C(=C(C4=C3C(=O)C=C(C4=O)NC(=O)/C(=C/C=C/[C@@H]([C@@H]([C@@H]([C@@H]([C@@H]([C@H]1OC(=O)C)C)O)C)O)[C@@H](C)OC(=O)C(C)(C)CC(=O)O)/C)O)C)C)O[C@@H]5C[C@H]6[C@@H]([C@@H](O5)C)OCO6,2
katanosin_b_cid139589288.png,katanosin_b_cid139589288,Katanosin B,139589288,CCC(C)C[C@H]1C(=O)N[C@@H](C(=O)N[C@H](C(=O)N[C@H](C(=O)NCC(=O)N[C@H](C(=O)N[C@H](C(=O)O[C@@H]([C@@H](C(=O)N[C@H](C(=O)N1)[C@@H](C(C)C)O)NC(=O)[C@H](CC(C)C)NC(=O)[C@@H](CC(C)C)N)C2=CC=CC=C2)CO)[C@@H](C(=O)N)O)[C@H](C)O)C(C)C)CCCN=C(N)N,2
kebuzone_cid3824.png,kebuzone_cid3824,Kebuzone,3824,CC(=O)CCC1C(=O)N(N(C1=O)C2=CC=CC=C2)C3=CC=CC=C3,2
ketamine_cid3821.png,ketamine_cid3821,Ketamine,3821,CNC1(CCCCC1=O)C2=CC=CC=C2Cl,2
ketoconazole_cid47576.png,ketoconazole_cid47576,Ketoconazole,47576,CC(=O)N1CCN(CC1)C2=CC=C(C=C2)OC[C@@H]3CO[C@@](O3)(CN4C=CN=C4)C5=C(C=C(C=C5)Cl)Cl,2
ketoprofen_cid3825.png,ketoprofen_cid3825,Ketoprofen,3825,CC(C1=CC(=CC=C1)C(=O)C2=CC=CC=C2)C(=O)O,2
ketorolac_cid3826.png,ketorolac_cid3826,Ketorolac,3826,C1CN2C(=CC=C2C(=O)C3=CC=CC=C3)C1C(=O)O,2
kojic_acid_cid3840.png,kojic_acid_cid3840,Kojic Acid,3840,C1=C(OC=C(C1=O)O)CO,2
kp_1019_cid133083029.png,kp_1019_cid133083029,KP-1019,133083029,C1=CC=C2C(=C1)C=[NH+]N2.C1=CC=C2C(=C1)C=NN2.C1=CC=C2C(=C1)C=NN2.[Cl-].[Cl-].[Cl-].[Cl-].[Ru+3],2
l_alanine_cid5950.png,l_alanine_cid5950,L-Alanine,5950,C[C@@H](C(=O)O)N,2
l_arginine_cid6322.png,l_arginine_cid6322,L-Arginine,6322,C(C[C@@H](C(=O)O)N)CN=C(N)N,2
l_ascorbic_acid_cid54670067.png,l_ascorbic_acid_cid54670067,L-Ascorbic Acid,54670067,C([C@@H]([C@@H]1C(=C(C(=O)O1)O)O)O)O,2
l_aspartic_acid_cid5960.png,l_aspartic_acid_cid5960,L-Aspartic Acid,5960,C([C@@H](C(=O)O)N)C(=O)O,2
l_folinic_acid_cid135398559.png,l_folinic_acid_cid135398559,L-Folinic acid,135398559,C1[C@@H](N(C2=C(N1)N=C(NC2=O)N)C=O)CNC3=CC=C(C=C3)C(=O)N[C@@H](CCC(=O)O)C(=O)O,2
l_glutamic_acid_cid33032.png,l_glutamic_acid_cid33032,L-Glutamic Acid,33032,C(CC(=O)O)[C@@H](C(=O)O)N,2
l_glutamine_cid5961.png,l_glutamine_cid5961,L-Glutamine,5961,C(CC(=O)N)[C@@H](C(=O)O)N,2
l_histidine_cid6274.png,l_histidine_cid6274,L-Histidine,6274,C1=C(NC=N1)C[C@@H](C(=O)O)N,2
l_homocysteine_cid91552.png,l_homocysteine_cid91552,L-Homocysteine,91552,C(CS)[C@@H](C(=O)O)N,2
l_isoleucine_cid6306.png,l_isoleucine_cid6306,L-Isoleucine,6306,CC[C@H](C)[C@@H](C(=O)O)N,2
l_leucine_cid6106.png,l_leucine_cid6106,L-Leucine,6106,CC(C)C[C@@H](C(=O)O)N,2
l_lysine_cid5962.png,l_lysine_cid5962,L-Lysine,5962,C(CCN)C[C@@H](C(=O)O)N,2
l_methionine_cid6137.png,l_methionine_cid6137,L-Methionine,6137,CSCC[C@@H](C(=O)O)N,2
l_methylfolate_cid135398561.png,l_methylfolate_cid135398561,L-Methylfolate,135398561,CN1[C@H](CNC2=C1C(=O)NC(=N2)N)CNC3=CC=C(C=C3)C(=O)N[C@@H](CCC(=O)O)C(=O)O,2
l_ornithine_cid6262.png,l_ornithine_cid6262,L-(-)-Ornithine,6262,C(C[C@@H](C(=O)O)N)CN,2
l_p_boronophenylalanine_cid150315.png,l_p_boronophenylalanine_cid150315,L-p-Boronophenylalanine,150315,B(C1=CC=C(C=C1)C[C@@H](C(=O)O)N)(O)O,2
l_phenylalanine_cid6140.png,l_phenylalanine_cid6140,L-Phenylalanine,6140,C1=CC=C(C=C1)C[C@@H](C(=O)O)N,2
l_proline_cid145742.png,l_proline_cid145742,L-Proline,145742,C1C[C@H](NC1)C(=O)O,2
l_selenocysteine_cid25076.png,l_selenocysteine_cid25076,L-Selenocysteine,25076,C([C@@H](C(=O)O)N)[SeH],2
l_serine_cid5951.png,l_serine_cid5951,L-Serine,5951,C([C@@H](C(=O)O)N)O,2
l_threonine_cid6288.png,l_threonine_cid6288,L-Threonine,6288,C[C@H]([C@@H](C(=O)O)N)O,2
l_tryptophan_cid6305.png,l_tryptophan_cid6305,L-Tryptophan,6305,C1=CC=C2C(=C1)C(=CN2)C[C@@H](C(=O)O)N,2
l_tyrosine_cid6057.png,l_tyrosine_cid6057,L-Tyrosine,6057,C1=CC(=CC=C1C[C@@H](C(=O)O)N)O,2
l_valine_cid6287.png,l_valine_cid6287,L-Valine,6287,CC(C)[C@@H](C(=O)O)N,2
labetalol_cid3869.png,labetalol_cid3869,Labetalol,3869,CC(CCC1=CC=CC=C1)NCC(C2=CC(=C(C=C2)O)C(=O)N)O,2
lacosamide_cid219078.png,lacosamide_cid219078,Lacosamide,219078,CC(=O)N[C@H](COC)C(=O)NCC1=CC=CC=C1,2
lactic_acid_cid612.png,lactic_acid_cid612,Lactic Acid,612,CC(C(=O)O)O,2
lactitol_cid157355.png,lactitol_cid157355,Lactitol,157355,C([C@@H]1[C@@H]([C@@H]([C@H]([C@@H](O1)O[C@H]([C@@H](CO)O)[C@@H]([C@H](CO)O)O)O)O)O)O,2
lactulose_cid11333.png,lactulose_cid11333,Lactulose,11333,C([C@@H]1[C@@H]([C@@H]([C@H]([C@@H](O1)O[C@@H]2[C@H](O[C@@]([C@H]2O)(CO)O)CO)O)O)O)O,2
laidlomycin_cid71454116.png,laidlomycin_cid71454116,Laidlomycin,71454116,CCC(=O)O[C@H]([C@H](C)[C@@H]1[C@@H]([C@H](C[C@@]2(O1)CC[C@@](O2)(C)[C@H]3CC[C@@](O3)(C)[C@H]4[C@H](C[C@@H](O4)[C@@H]5[C@H](C[C@H]([C@@](O5)(CO)O)C)C)C)O)C)[C@H](C)C(=O)O,2
lamivudine_cid60825.png,lamivudine_cid60825,Lamivudine,60825,C1[C@H](O[C@H](S1)CO)N2C=CC(=NC2=O)N,2
lamotrigine_cid3878.png,lamotrigine_cid3878,Lamotrigine,3878,C1=CC(=C(C(=C1)Cl)Cl)C2=C(N=C(N=N2)N)N,2
landiolol_hydrochloride_cid164457.png,landiolol_hydrochloride_cid164457,Landiolol Hydrochloride,164457,CC1(OC[C@H](O1)COC(=O)CCC2=CC=C(C=C2)OC[C@H](CNCCNC(=O)N3CCOCC3)O)C.Cl,2
lanifibranor_cid68677842.png,lanifibranor_cid68677842,Lanifibranor,68677842,C1=CC2=C(C=C1S(=O)(=O)N3C4=C(C=C(C=C4)Cl)C=C3CCCC(=O)O)SC=N2,2
laninamivir_cid502272.png,laninamivir_cid502272,Laninamivir,502272,CC(=O)N[C@@H]1[C@H](C=C(O[C@H]1[C@@H]([C@@H](CO)O)OC)C(=O)O)N=C(N)N,2
lanraplenib_cid118161062.png,lanraplenib_cid118161062,Lanraplenib,118161062,C1CN(CCN1C2COC2)C3=CC=C(C=C3)NC4=NC(=CN5C4=NC=C5)C6=CN=CC(=N6)N,2
lanreotide_cid6918011.png,lanreotide_cid6918011,Lanreotide,6918011,C[C@H]([C@@H](C(=O)N)NC(=O)[C@@H]1CSSC[C@@H](C(=O)N[C@H](C(=O)N[C@@H](C(=O)N[C@H](C(=O)N[C@H](C(=O)N1)C(C)C)CCCCN)CC2=CNC3=CC=CC=C32)CC4=CC=C(C=C4)O)NC(=O)[C@@H](CC5=CC6=CC=CC=C6C=C5)N)O,2
lansoprazole_cid3883.png,lansoprazole_cid3883,Lansoprazole,3883,CC1=C(C=CN=C1CS(=O)C2=NC3=CC=CC=C3N2)OCC(F)(F)F,2
lanthanum_carbonate_anhydrous_cid168924.png,lanthanum_carbonate_anhydrous_cid168924,Lanthanum carbonate anhydrous,168924,C(=O)([O-])[O-].C(=O)([O-])[O-].C(=O)([O-])[O-].[La+3].[La+3],2
lapatinib_cid208908.png,lapatinib_cid208908,Lapatinib,208908,CS(=O)(=O)CCNCC1=CC=C(O1)C2=CC3=C(C=C2)N=CN=C3NC4=CC(=C(C=C4)OCC5=CC(=CC=C5)F)Cl,2
lapretolimod_ammonium_cid134687617.png,lapretolimod_ammonium_cid134687617,Lapretolimod ammonium,134687617,CCCCCCCCCCCCCC(=O)O[C@H](CCCCCCCCCCC)CC(=O)N[C@@H]1[C@H]([C@@H]([C@H](O[C@H]1OC[C@@H]2[C@H]([C@@H]([C@H]([C@H](O2)O)NC(=O)C[C@@H](CCCCCCCCCCC)O)OC(=O)C[C@@H](CCCCCCCCCCC)O)O)CO)OP(=O)(O)[O-])OC(=O)C[C@@H](CCCCCCCCCCC)OC(=O)CCCCCCCCCCCCC.[NH4+],2
larotaxel_cid6918260.png,larotaxel_cid6918260,Larotaxel,6918260,CC1=C2[C@H](C(=O)[C@]34C[C@H]3C[C@@H]5[C@]([C@H]4[C@@H]([C@@](C2(C)C)(C[C@@H]1OC(=O)[C@@H]([C@H](C6=CC=CC=C6)NC(=O)OC(C)(C)C)O)O)OC(=O)C7=CC=CC=C7)(CO5)OC(=O)C)OC(=O)C,2
larotrectinib_cid46188928.png,larotrectinib_cid46188928,Larotrectinib,46188928,C1C[C@@H](N(C1)C2=NC3=C(C=NN3C=C2)NC(=O)N4CC[C@@H](C4)O)C5=C(C=CC(=C5)F)F,2
lasalocid_a_cid5360807.png,lasalocid_a_cid5360807,Lasalocid A,5360807,CC[C@H]([C@@H]1[C@H](C[C@@](O1)(CC)[C@H]2CC[C@@]([C@@H](O2)C)(CC)O)C)C(=O)[C@@H](C)[C@H]([C@H](C)CCC3=C(C(=C(C=C3)C)O)C(=O)O)O,2
lasmiditan_cid11610526.png,lasmiditan_cid11610526,Lasmiditan,11610526,CN1CCC(CC1)C(=O)C2=NC(=CC=C2)NC(=O)C3=C(C=C(C=C3F)F)F,2
lasofoxifene_cid216416.png,lasofoxifene_cid216416,Lasofoxifene,216416,C1CCN(C1)CCOC2=CC=C(C=C2)[C@H]3[C@H](CCC4=C3C=CC(=C4)O)C5=CC=CC=C5,2
laspartomycin_cid139589219.png,laspartomycin_cid139589219,Laspartomycin,139589219,CC[C@@H](C)[C@H]1C(=O)N2CCC[C@H]2C(=O)NC[C@@H](C(=O)N3CCCC[C@H]3C(=O)NCC(=O)N[C@H](C(=O)NCC(=O)N[C@H](C(=O)NC(=O)CC(=O)N[C@H](C(=O)N1)[C@@H](C)O)CC(=O)O)CC(=O)O)NC(=O)[C@H](CC(=O)O)NC(=O)/C=C/CCCCCCCCCC(C)C,2
latanoprost_cid5311221.png,latanoprost_cid5311221,Latanoprost,5311221,CC(C)OC(=O)CCC/C=C\C[C@H]1[C@H](C[C@H]([C@@H]1CC[C@H](CCC2=CC=CC=C2)O)O)O,2
latanoprostene_bunod_cid11156438.png,latanoprostene_bunod_cid11156438,Latanoprostene Bunod,11156438,C1[C@H]([C@@H]([C@H]([C@H]1O)C/C=C\CCCC(=O)OCCCCO[N+](=O)[O-])CC[C@H](CCC2=CC=CC=C2)O)O,2
laulimalide_cid6918457.png,laulimalide_cid6918457,Laulimalide,6918457,C[C@@H]1C[C@@H]2CC=C[C@H](O2)C/C=C\C(=O)O[C@@H](C[C@H]3[C@@H](O3)[C@H](CC(=C)C1)O)[C@H](/C=C/[C@@H]4CC(=CCO4)C)O,2
lazertinib_cid121269225.png,lazertinib_cid121269225,Lazertinib,121269225,CN(C)CC1=CN(N=C1C2=CC=CC=C2)C3=NC(=NC=C3)NC4=C(C=C(C(=C4)NC(=O)C=C)N5CCOCC5)OC,2
lecirelin_cid66577115.png,lecirelin_cid66577115,Lecirelin,66577115,CCNC(=O)[C@@H]1CCCN1C(=O)[C@H](CCCN=C(N)N)NC(=O)[C@H](CC(C)C)NC(=O)[C@@H](C(C)(C)C)NC(=O)[C@H](CC2=CC=C(C=C2)O)NC(=O)[C@H](CO)NC(=O)[C@H](CC3=CNC4=CC=CC=C43)NC(=O)[C@H](CC5=CN=CN5)NC(=O)[C@@H]6CCC(=O)N6,2
ledaborbactam_cid138455079.png,ledaborbactam_cid138455079,Ledaborbactam,138455079,B1([C@H](CC2=C(O1)C(=CC=C2)C(=O)O)NC(=O)CC)O,2
ledipasvir_cid67505836.png,ledipasvir_cid67505836,Ledipasvir,67505836,CC(C)[C@@H](C(=O)N1CC2(CC2)C[C@H]1C3=NC=C(N3)C4=CC5=C(C=C4)C6=C(C5(F)F)C=C(C=C6)C7=CC8=C(C=C7)N=C(N8)[C@@H]9[C@H]1CC[C@H](C1)N9C(=O)[C@H](C(C)C)NC(=O)OC)NC(=O)OC,2
leflunomide_cid3899.png,leflunomide_cid3899,Leflunomide,3899,CC1=C(C=NO1)C(=O)NC2=CC=C(C=C2)C(F)(F)F,2
lemborexant_cid56944144.png,lemborexant_cid56944144,Lemborexant,56944144,CC1=NC(=NC=C1OC[C@]2(C[C@H]2C(=O)NC3=NC=C(C=C3)F)C4=CC(=CC=C4)F)C,2
lenacapavir_cid133082658.png,lenacapavir_cid133082658,Lenacapavir,133082658,CC(C)(C#CC1=NC(=C(C=C1)C2=C3C(=C(C=C2)Cl)C(=NN3CC(F)(F)F)NS(=O)(=O)C)[C@H](CC4=CC(=CC(=C4)F)F)NC(=O)CN5C6=C([C@H]7C[C@H]7C6(F)F)C(=N5)C(F)(F)F)S(=O)(=O)C,2
lenacapavir_sodium_cid153435888.png,lenacapavir_sodium_cid153435888,Lenacapavir Sodium,153435888,CC(C)(C#CC1=NC(=C(C=C1)C2=C3C(=C(C=C2)Cl)C(=NN3CC(F)(F)F)[N-]S(=O)(=O)C)[C@H](CC4=CC(=CC(=C4)F)F)NC(=O)CN5C6=C([C@H]7C[C@H]7C6(F)F)C(=N5)C(F)(F)F)S(=O)(=O)C.[Na+],2
lenalidomide_cid216326.png,lenalidomide_cid216326,Lenalidomide,216326,C1CC(=O)NC(=O)C1N2CC3=C(C2=O)C=CC=C3N,2
lenvatinib_cid9823820.png,lenvatinib_cid9823820,Lenvatinib,9823820,COC1=CC2=NC=CC(=C2C=C1C(=O)N)OC3=CC(=C(C=C3)NC(=O)NC4CC4)Cl,2
lercanidipine_cid65866.png,lercanidipine_cid65866,Lercanidipine,65866,CC1=C(C(C(=C(N1)C)C(=O)OC(C)(C)CN(C)CCC(C2=CC=CC=C2)C3=CC=CC=C3)C4=CC(=CC=C4)[N+](=O)[O-])C(=O)OC,2
lesinurad_cid53465279.png,lesinurad_cid53465279,Lesinurad,53465279,C1CC1C2=CC=C(C3=CC=CC=C23)N4C(=NN=C4Br)SCC(=O)O,2
letermovir_cid45138674.png,letermovir_cid45138674,Letermovir,45138674,COC1=C(C=C(C=C1)C(F)(F)F)N2[C@H](C3=C(C(=CC=C3)F)N=C2N4CCN(CC4)C5=CC(=CC=C5)OC)CC(=O)O,2
letrozole_cid3902.png,letrozole_cid3902,Letrozole,3902,C1=CC(=CC=C1C#N)C(C2=CC=C(C=C2)C#N)N3C=NC=N3,2
leu_enkephalin_cid461776.png,leu_enkephalin_cid461776,Leu-Enkephalin,461776,CC(C)C[C@@H](C(=O)O)NC(=O)[C@H](CC1=CC=CC=C1)NC(=O)CNC(=O)CNC(=O)[C@H](CC2=CC=C(C=C2)O)N,2
leukotriene_b4_cid5280492.png,leukotriene_b4_cid5280492,Leukotriene B4,5280492,CCCCC/C=C\C[C@H](/C=C/C=C/C=C\[C@H](CCCC(=O)O)O)O,2
leuprolide_cid657181.png,leuprolide_cid657181,Leuprolide,657181,CCNC(=O)[C@@H]1CCCN1C(=O)[C@H](CCCN=C(N)N)NC(=O)[C@H](CC(C)C)NC(=O)[C@@H](CC(C)C)NC(=O)[C@H](CC2=CC=C(C=C2)O)NC(=O)[C@H](CO)NC(=O)[C@H](CC3=CNC4=CC=CC=C43)NC(=O)[C@H](CC5=CN=CN5)NC(=O)[C@@H]6CCC(=O)N6,2
levamisole_cid26879.png,levamisole_cid26879,Levamisole,26879,C1CSC2=N[C@H](CN21)C3=CC=CC=C3,2
levetiracetam_cid5284583.png,levetiracetam_cid5284583,Levetiracetam,5284583,CC[C@@H](C(=O)N)N1CCCC1=O,2
levobunolol_cid39468.png,levobunolol_cid39468,Levobunolol,39468,CC(C)(C)NC[C@@H](COC1=CC=CC2=C1CCCC2=O)O,2
levocabastine_cid54385.png,levocabastine_cid54385,Levocabastine,54385,C[C@@H]1CN(CC[C@@]1(C2=CC=CC=C2)C(=O)O)C3CCC(CC3)(C#N)C4=CC=C(C=C4)F,2
levocetirizine_cid1549000.png,levocetirizine_cid1549000,Levocetirizine,1549000,C1CN(CCN1CCOCC(=O)O)[C@H](C2=CC=CC=C2)C3=CC=C(C=C3)Cl,2
levodopa_cid6047.png,levodopa_cid6047,Levodopa,6047,C1=CC(=C(C=C1C[C@@H](C(=O)O)N)O)O,2
levodropropizine_cid65859.png,levodropropizine_cid65859,Levodropropizine,65859,C1CN(CCN1C[C@@H](CO)O)C2=CC=CC=C2,2
levofloxacin_cid149096.png,levofloxacin_cid149096,Levofloxacin,149096,C[C@H]1COC2=C3N1C=C(C(=O)C3=CC(=C2N4CCN(CC4)C)F)C(=O)O,2
levonorgestrel_cid13109.png,levonorgestrel_cid13109,Levonorgestrel,13109,CC[C@]12CC[C@H]3[C@H]([C@@H]1CC[C@]2(C#C)O)CCC4=CC(=O)CC[C@H]34,2
levorphanol_cid5359272.png,levorphanol_cid5359272,Levorphanol,5359272,CN1CC[C@]23CCCC[C@H]2[C@H]1CC4=C3C=C(C=C4)O,2
levosimendan_cid3033825.png,levosimendan_cid3033825,Levosimendan,3033825,C[C@@H]1CC(=O)NN=C1C2=CC=C(C=C2)NN=C(C#N)C#N,2
levothyroxine_sodium_cid23666112.png,levothyroxine_sodium_cid23666112,Levothyroxine Sodium,23666112,C1=C(C=C(C(=C1I)OC2=CC(=C(C(=C2)I)O)I)I)C[C@@H](C(=O)[O-])N.[Na+],2
lidocaine_cid3676.png,lidocaine_cid3676,Lidocaine,3676,CCN(CC)CC(=O)NC1=C(C=CC=C1C)C,2
lifitegrast_cid11965427.png,lifitegrast_cid11965427,Lifitegrast,11965427,CS(=O)(=O)C1=CC=CC(=C1)C[C@@H](C(=O)O)NC(=O)C2=C(C=C3CN(CCC3=C2Cl)C(=O)C4=CC5=C(C=C4)C=CO5)Cl,2
linaclotide_cid16158208.png,linaclotide_cid16158208,Linaclotide,16158208,C[C@H]1C(=O)N[C@H]2CSSC[C@H]3C(=O)N[C@H](C(=O)N[C@H](C(=O)N[C@@H](CSSC[C@H](NC(=O)CNC(=O)[C@@H](NC2=O)[C@@H](C)O)C(=O)N[C@@H](CC4=CC=C(C=C4)O)C(=O)O)C(=O)N[C@@H](CSSC[C@@H](C(=O)N3)N)C(=O)N[C@H](C(=O)N5CCC[C@H]5C(=O)N1)CC(=O)N)CC6=CC=C(C=C6)O)CCC(=O)O,2
linagliptin_cid10096344.png,linagliptin_cid10096344,Linagliptin,10096344,CC#CCN1C2=C(N=C1N3CCC[C@H](C3)N)N(C(=O)N(C2=O)CC4=NC5=CC=CC=C5C(=N4)C)C,2
linalool_cid6549.png,linalool_cid6549,Linalool,6549,CC(=CCCC(C)(C=C)O)C,2
linezolid_cid441401.png,linezolid_cid441401,Linezolid,441401,CC(=O)NC[C@H]1CN(C(=O)O1)C2=CC(=C(C=C2)N3CCOCC3)F,2
linifanib_cid11485656.png,linifanib_cid11485656,Linifanib,11485656,CC1=CC(=C(C=C1)F)NC(=O)NC2=CC=C(C=C2)C3=C4C(=CC=C3)NN=C4N,2
linoleic_acid_cid5280450.png,linoleic_acid_cid5280450,Linoleic Acid,5280450,CCCCC/C=C\C/C=C\CCCCCCCC(=O)O,2
liothyronine_cid5920.png,liothyronine_cid5920,Liothyronine,5920,C1=CC(=C(C=C1OC2=C(C=C(C=C2I)C[C@@H](C(=O)O)N)I)I)O,2
lipid_a_504_cid10877033.png,lipid_a_504_cid10877033,Lipid A 504,10877033,CCCCCCCCCCCCCC(=O)O[C@H](CCCCCCCCCCC)CC(=O)O[C@@H]1[C@H]([C@@H](O[C@@H]([C@H]1OP(=O)(O)O)CO)OC[C@@H]2[C@H]([C@@H]([C@H]([C@H](O2)O)NC(=O)C[C@@H](CCCCCCCCCCC)O)OC(=O)C[C@@H](CCCCCCCCCCC)O)O)NC(=O)C[C@@H](CCCCCCCCCCC)OC(=O)CCCCCCCCCCC,2
lipoic_acid_cid6112.png,lipoic_acid_cid6112,Lipoic acid,6112,C1CSS[C@@H]1CCCCC(=O)O,2
lisaftoclax_cid137355972.png,lisaftoclax_cid137355972,Lisaftoclax,137355972,C1CC2(C1)CCC(=C(C2)C3=CC=C(C=C3)Cl)CN4CCN(CC4)C5=CC(=C(C=C5)C(=O)NS(=O)(=O)C6=CC(=C(C=C6)NC[C@H]7COCCO7)[N+](=O)[O-])OC8=CN=C9C(=C8)C=CN9,2
lisdexamfetamine_cid11597698.png,lisdexamfetamine_cid11597698,Lisdexamfetamine,11597698,C[C@@H](CC1=CC=CC=C1)NC(=O)[C@H](CCCCN)N,2
lisinopril_cid5362119.png,lisinopril_cid5362119,Lisinopril,5362119,C1C[C@H](N(C1)C(=O)[C@H](CCCCN)N[C@@H](CCC2=CC=CC=C2)C(=O)O)C(=O)O,2
lithium_bis_trimethylsilyl_amide_cid57426343.png,lithium_bis_trimethylsilyl_amide_cid57426343,Lithium bis(trimethylsilyl)amide,57426343,[Li].C[Si](C)(C)N[Si](C)(C)C,2
lithium_carbonate_cid11125.png,lithium_carbonate_cid11125,Lithium Carbonate,11125,[Li+].[Li+].C(=O)([O-])[O-],2
lithium_citrate_cid13520.png,lithium_citrate_cid13520,Lithium Citrate,13520,[Li+].[Li+].[Li+].C(C(=O)[O-])C(CC(=O)[O-])(C(=O)[O-])O,2
lithium_diisopropylamide_cid2724682.png,lithium_diisopropylamide_cid2724682,Lithium diisopropylamide,2724682,[Li+].CC(C)[N-]C(C)C,2
ljn452_cid121418176.png,ljn452_cid121418176,Ljn452,121418176,C1C[C@H]2CC(C[C@@H]1N2C3=NC4=C(C=C(C=C4S3)C(=O)O)F)OCC5=C(ON=C5C6=CC=CC=C6OC(F)(F)F)C7CC7,2
ln_1_255_cid23672118.png,ln_1_255_cid23672118,LN-1-255,23672118,C[C@@]1([C@@H](N2[C@H](S1(=O)=O)/C(=C\C3=CC=CC=N3)/C2=O)C(=O)[O-])COC(=O)CC4=CC(=C(C=C4)O)O.[Na+],2
lobaplatin_cid10000860.png,lobaplatin_cid10000860,Lobaplatin,10000860,C[C@@H](C(=O)[O-])[O-].C1C[C@H]([C@@H]1CN)CN.[Pt+2],2
lobeglitazone_cid9826451.png,lobeglitazone_cid9826451,Lobeglitazone,9826451,CN(CCOC1=CC=C(C=C1)CC2C(=O)NC(=O)S2)C3=CC(=NC=N3)OC4=CC=C(C=C4)OC,2
lobeline_cid101616.png,lobeline_cid101616,Lobeline,101616,CN1[C@@H](CCC[C@@H]1CC(=O)C2=CC=CC=C2)C[C@@H](C3=CC=CC=C3)O,2
lobenzarit_cid3946.png,lobenzarit_cid3946,Lobenzarit,3946,C1=CC=C(C(=C1)C(=O)O)NC2=C(C=CC(=C2)Cl)C(=O)O,2
lodoxamide_cid44564.png,lodoxamide_cid44564,Lodoxamide,44564,C1=C(C=C(C(=C1NC(=O)C(=O)O)Cl)NC(=O)C(=O)O)C#N,2
lomitapide_cid9853053.png,lomitapide_cid9853053,Lomitapide,9853053,C1CN(CCC1NC(=O)C2=CC=CC=C2C3=CC=C(C=C3)C(F)(F)F)CCCCC4(C5=CC=CC=C5C6=CC=CC=C64)C(=O)NCC(F)(F)F,2
lonafarnib_cid148195.png,lonafarnib_cid148195,Lonafarnib,148195,C1CN(CCC1CC(=O)N2CCC(CC2)[C@@H]3C4=C(CCC5=C3N=CC(=C5)Br)C=C(C=C4Br)Cl)C(=O)N,2
loperamide_cid3955.png,loperamide_cid3955,Loperamide,3955,CN(C)C(=O)C(CCN1CCC(CC1)(C2=CC=C(C=C2)Cl)O)(C3=CC=CC=C3)C4=CC=CC=C4,2
lopinavir_cid92727.png,lopinavir_cid92727,Lopinavir,92727,CC1=C(C(=CC=C1)C)OCC(=O)N[C@@H](CC2=CC=CC=C2)[C@H](C[C@H](CC3=CC=CC=C3)NC(=O)[C@H](C(C)C)N4CCCNC4=O)O,2
loratadine_cid3957.png,loratadine_cid3957,Loratadine,3957,CCOC(=O)N1CCC(=C2C3=C(CCC4=C2N=CC=C4)C=C(C=C3)Cl)CC1,2
lorazepam_cid3958.png,lorazepam_cid3958,Lorazepam,3958,C1=CC=C(C(=C1)C2=NC(C(=O)NC3=C2C=C(C=C3)Cl)O)Cl,2
lorcaserin_hydrochloride_cid11673085.png,lorcaserin_hydrochloride_cid11673085,Lorcaserin Hydrochloride,11673085,C[C@H]1CNCCC2=C1C=C(C=C2)Cl.Cl,2
lorlatinib_cid71731823.png,lorlatinib_cid71731823,Lorlatinib,71731823,C[C@@H]1C2=C(C=CC(=C2)F)C(=O)N(CC3=NN(C(=C3C4=CC(=C(N=C4)N)O1)C#N)C)C,2
losartan_cid3961.png,losartan_cid3961,Losartan,3961,CCCCC1=NC(=C(N1CC2=CC=C(C=C2)C3=CC=CC=C3C4=NNN=N4)CO)Cl,2
loteprednol_etabonate_cid444025.png,loteprednol_etabonate_cid444025,Loteprednol Etabonate,444025,CCOC(=O)O[C@@]1(CC[C@@H]2[C@@]1(C[C@@H]([C@H]3[C@H]2CCC4=CC(=O)C=C[C@]34C)O)C)C(=O)OCCl,2
lotilaner_cid76959255.png,lotilaner_cid76959255,Lotilaner,76959255,CC1=C(SC(=C1)C2=NO[C@@](C2)(C3=CC(=C(C(=C3)Cl)Cl)Cl)C(F)(F)F)C(=O)NCC(=O)NCC(F)(F)F,2
lovastatin_cid53232.png,lovastatin_cid53232,Lovastatin,53232,CC[C@H](C)C(=O)O[C@H]1C[C@H](C=C2[C@H]1[C@H]([C@H](C=C2)C)CC[C@@H]3C[C@H](CC(=O)O3)O)C,2
loxapine_cid3964.png,loxapine_cid3964,Loxapine,3964,CN1CCN(CC1)C2=NC3=CC=CC=C3OC4=C2C=C(C=C4)Cl,2
luliconazole_cid3003141.png,luliconazole_cid3003141,Luliconazole,3003141,C1[C@H](S/C(=C(\C#N)/N2C=CN=C2)/S1)C3=C(C=C(C=C3)Cl)Cl,2
lumacaftor_cid16678941.png,lumacaftor_cid16678941,Lumacaftor,16678941,CC1=C(N=C(C=C1)NC(=O)C2(CC2)C3=CC4=C(C=C3)OC(O4)(F)F)C5=CC(=CC=C5)C(=O)O,2
lumateperone_cid21302490.png,lumateperone_cid21302490,Lumateperone,21302490,CN1CCN2[C@H]3CCN(C[C@H]3C4=C2C1=CC=C4)CCCC(=O)C5=CC=C(C=C5)F,2
lumefantrine_cid6437380.png,lumefantrine_cid6437380,Lumefantrine,6437380,CCCCN(CCCC)CC(C1=CC(=CC\2=C1C3=C(/C2=C/C4=CC=C(C=C4)Cl)C=C(C=C3)Cl)Cl)O,2
luotonin_a_cid10334120.png,luotonin_a_cid10334120,Luotonin A,10334120,C1C2=CC3=CC=CC=C3N=C2C4=NC5=CC=CC=C5C(=O)N41,2
lurasidone_hydrochloride_cid11237860.png,lurasidone_hydrochloride_cid11237860,Lurasidone Hydrochloride,11237860,C1CC[C@H]([C@@H](C1)CN2CCN(CC2)C3=NSC4=CC=CC=C43)CN5C(=O)[C@H]6[C@@H]7CC[C@@H](C7)[C@H]6C5=O.Cl,2
lurbinectedin_cid57327016.png,lurbinectedin_cid57327016,Lurbinectedin,57327016,CC1=CC2=C([C@@H]3[C@@H]4[C@H]5C6=C(C(=C7C(=C6[C@@H](N4[C@H]([C@H](C2)N3C)O)COC(=O)[C@@]8(CS5)C9=C(CCN8)C2=C(N9)C=CC(=C2)OC)OCO7)C)OC(=O)C)C(=C1OC)O,2
lurtotecan_cid60956.png,lurtotecan_cid60956,Lurtotecan,60956,CC[C@@]1(C2=C(COC1=O)C(=O)N3CC4=C(C5=CC6=C(C=C5N=C4C3=C2)OCCO6)CN7CCN(CC7)C)O,2
luseogliflozin_cid11988953.png,luseogliflozin_cid11988953,Luseogliflozin,11988953,CCOC1=CC=C(C=C1)CC2=CC(=C(C=C2C)OC)[C@H]3[C@@H]([C@H]([C@@H]([C@H](S3)CO)O)O)O,2
lycopene_cid446925.png,lycopene_cid446925,Lycopene,446925,CC(=CCC/C(=C/C=C/C(=C/C=C/C(=C/C=C/C=C(/C=C/C=C(/C=C/C=C(/CCC=C(C)C)\C)\C)\C)/C)/C)/C)C,2
lypressin_cid644076.png,lypressin_cid644076,Lypressin,644076,C1C[C@H](N(C1)C(=O)[C@@H]2CSSC[C@@H](C(=O)N[C@H](C(=O)N[C@H](C(=O)N[C@H](C(=O)N[C@H](C(=O)N2)CC(=O)N)CCC(=O)N)CC3=CC=CC=C3)CC4=CC=C(C=C4)O)N)C(=O)N[C@@H](CCCCN)C(=O)NCC(=O)N,2
lysergic_acid_diethylamide_cid5761.png,lysergic_acid_diethylamide_cid5761,(+)-Lysergic acid diethylamide,5761,CCN(CC)C(=O)[C@H]1CN([C@@H]2CC3=CNC4=CC=CC(=C34)C2=C1)C,2
mabuterol_cid3995.png,mabuterol_cid3995,Mabuterol,3995,CC(C)(C)NCC(C1=CC(=C(C(=C1)Cl)N)C(F)(F)F)O,2
macitentan_cid16004692.png,macitentan_cid16004692,Macitentan,16004692,CCCNS(=O)(=O)NC1=C(C(=NC=N1)OCCOC2=NC=C(C=N2)Br)C3=CC=C(C=C3)Br,2
mafodotin_cid56949327.png,mafodotin_cid56949327,Mafodotin,56949327,CC[C@H](C)[C@@H]([C@@H](CC(=O)N1CCC[C@H]1[C@@H]([C@@H](C)C(=O)N[C@@H](CC2=CC=CC=C2)C(=O)O)OC)OC)N(C)C(=O)[C@H](C(C)C)NC(=O)[C@H](C(C)C)N(C)C(=O)CCCCCN3C(=O)C=CC3=O,2
magnesium_2_pyrrolidone_5_carboxylate_cid18601084.png,magnesium_2_pyrrolidone_5_carboxylate_cid18601084,Magnesium 2-pyrrolidone-5-carboxylate,18601084,C1CC(=O)N[C@@H]1C(=O)[O-].C1CC(=O)N[C@@H]1C(=O)[O-].[Mg+2],2
magnesium_orotate_cid3036905.png,magnesium_orotate_cid3036905,Magnesium Orotate,3036905,C1=C(NC(=O)NC1=O)C(=O)[O-].C1=C(NC(=O)NC1=O)C(=O)[O-].[Mg+2],2
magnesium_stearate_cid11177.png,magnesium_stearate_cid11177,Magnesium Stearate,11177,CCCCCCCCCCCCCCCCCC(=O)[O-].CCCCCCCCCCCCCCCCCC(=O)[O-].[Mg+2],2
magnesium_trisilicate_cid5311266.png,magnesium_trisilicate_cid5311266,Magnesium Trisilicate,5311266,[O-][Si](=O)O[Si]([O-])([O-])O[Si](=O)[O-].[Mg+2].[Mg+2],2
malachite_green_cid11294.png,malachite_green_cid11294,Malachite Green,11294,CN(C)C1=CC=C(C=C1)C(=C2C=CC(=[N+](C)C)C=C2)C3=CC=CC=C3.[Cl-],2
malacidin_a_cid132282518.png,malacidin_a_cid132282518,Malacidin A,132282518,C[C@@H]1C[C@H]2C(=O)NC([C@@H](C(=O)N[C@@H](C(=O)N[C@H](C(=O)N[C@H](C(=O)N[C@H](C(=O)NCC(=O)N[C@@H](C(=O)N[C@H](C(=O)N2C1)C(C)C)C(C)C(=O)O)CC(=O)O)C(C(=O)O)O)CCCCN)C(C)C)NC(=O)[C@H](C(C)C(=O)O)NC(=O)/C=C/C=C\CCC(C)C)C,2
malathion_cid4004.png,malathion_cid4004,Malathion,4004,CCOC(=O)CC(C(=O)OCC)SP(=S)(OC)OC,2
mangafodipir_cid76967443.png,mangafodipir_cid76967443,Mangafodipir,76967443,CC1=C(C(=CC(=N1)COP(=O)(O)[O-])CN(CCN(CC2=CC(=NC(=C2O)C)COP(=O)(O)[O-])CC(=O)O)CC(=O)O)O.[Mn+2],2
mangafodipir_trisodium_cid160036.png,mangafodipir_trisodium_cid160036,Mangafodipir Trisodium,160036,[H+].[H+].[H+].CC1=NC=C(C(=C1[O-])CN(CCN(CC2=C(C(=NC=C2COP(=O)([O-])[O-])C)[O-])CC(=O)[O-])CC(=O)[O-])COP(=O)([O-])[O-].[Na+].[Na+].[Na+].[Mn+2],2
manganese_iii_acetylacetonate_cid12567224.png,manganese_iii_acetylacetonate_cid12567224,Manganese(III) acetylacetonate,12567224,C/C(=C/C(=O)C)/[O-].C/C(=C/C(=O)C)/[O-].C/C(=C/C(=O)C)/[O-].[Mn+3],2
manganese_phthalocyanine_cid6508743.png,manganese_phthalocyanine_cid6508743,Manganese phthalocyanine,6508743,C1=CC=C2C(=C1)C3=NC4=NC(=NC5=C6C=CC=CC6=C([N-]5)N=C7C8=CC=CC=C8C(=N7)N=C2[N-]3)C9=CC=CC=C94.[Mn+2],2
manidipine_cid4008.png,manidipine_cid4008,Manidipine,4008,CC1=C(C(C(=C(N1)C)C(=O)OCCN2CCN(CC2)C(C3=CC=CC=C3)C4=CC=CC=C4)C5=CC(=CC=C5)[N+](=O)[O-])C(=O)OC,2
mannitol_cid6251.png,mannitol_cid6251,Mannitol,6251,C([C@H]([C@H]([C@@H]([C@@H](CO)O)O)O)O)O,2
mannopeptimycin_alpha_cid139585504.png,mannopeptimycin_alpha_cid139585504,Mannopeptimycin alpha,139585504,C[C@H]([C@H]1C(=O)N[C@@H](C(=O)NC(C(=O)N[C@@H](C(=O)N[C@H](C(=O)NCC(=O)N1)CO)[C@H]([C@@H]2CN=C(N2[C@@H]3[C@H]([C@H]([C@@H]([C@H](O3)CO)O)O)O)N)O)[C@H]([C@@H]4CN=C(N4)N)O)CC5=CC=C(C=C5)O[C@@H]6[C@H]([C@H]([C@@H]([C@H](O6)CO)O[C@@H]7[C@H]([C@H]([C@@H]([C@H](O7)CO)O)O)O)O)O)C8=CC=CC=C8,2
maprotiline_cid4011.png,maprotiline_cid4011,Maprotiline,4011,CNCCCC12CCC(C3=CC=CC=C31)C4=CC=CC=C24,2
marcellomycin_cid107861.png,marcellomycin_cid107861,Marcellomycin,107861,CC[C@]1(C[C@@H](C2=C(C3=C(C=C2[C@H]1C(=O)OC)C(=O)C4=C(C=CC(=C4C3=O)O)O)O)O[C@H]5C[C@@H]([C@@H]([C@@H](O5)C)O[C@H]6C[C@@H]([C@@H]([C@@H](O6)C)O[C@H]7C[C@@H]([C@@H]([C@@H](O7)C)O)O)O)N(C)C)O,2
maribavir_cid471161.png,maribavir_cid471161,Maribavir,471161,CC(C)NC1=NC2=CC(=C(C=C2N1[C@@H]3[C@H]([C@H]([C@@H](O3)CO)O)O)Cl)Cl,2
maropitant_cid204108.png,maropitant_cid204108,Maropitant,204108,CC(C)(C)C1=CC(=C(C=C1)OC)CN[C@@H]2[C@@H](N3CCC2CC3)C(C4=CC=CC=C4)C5=CC=CC=C5,2
mavacamten_cid117761397.png,mavacamten_cid117761397,Mavacamten,117761397,C[C@@H](C1=CC=CC=C1)NC2=CC(=O)N(C(=O)N2)C(C)C,2
maxacalcitol_cid6398761.png,maxacalcitol_cid6398761,Maxacalcitol,6398761,C[C@@H]([C@H]1CC[C@@H]\2[C@@]1(CCC/C2=C\C=C/3\C[C@H](C[C@@H](C3=C)O)O)C)OCCC(C)(C)O,2
maytansine_cid5281828.png,maytansine_cid5281828,Maytansine,5281828,C[C@@H]1[C@@H]2C[C@]([C@@H](/C=C/C=C(/CC3=CC(=C(C(=C3)OC)Cl)N(C(=O)C[C@@H]([C@]4([C@H]1O4)C)OC(=O)[C@H](C)N(C)C(=O)C)C)\C)OC)(NC(=O)O2)O,2
maytansinol_cid9915934.png,maytansinol_cid9915934,Maytansinol,9915934,C[C@@H]1[C@@H]2C[C@]([C@@H](/C=C/C=C(/CC3=CC(=C(C(=C3)OC)Cl)N(C(=O)C[C@@H]([C@]4([C@H]1O4)C)O)C)\C)OC)(NC(=O)O2)O,2
mebeverine_hydrochloride_cid17683.png,mebeverine_hydrochloride_cid17683,Mebeverine Hydrochloride,17683,CCN(CCCCOC(=O)C1=CC(=C(C=C1)OC)OC)C(C)CC2=CC=C(C=C2)OC.Cl,2
mechlorethamine_cid4033.png,mechlorethamine_cid4033,Mechlorethamine,4033,CN(CCCl)CCCl,2
meclizine_cid4034.png,meclizine_cid4034,Meclizine,4034,CC1=CC(=CC=C1)CN2CCN(CC2)C(C3=CC=CC=C3)C4=CC=C(C=C4)Cl,2
meclofenamic_acid_cid4037.png,meclofenamic_acid_cid4037,Meclofenamic Acid,4037,CC1=C(C(=C(C=C1)Cl)NC2=CC=CC=C2C(=O)O)Cl,2
medetomidine_cid68602.png,medetomidine_cid68602,Medetomidine,68602,CC1=C(C(=CC=C1)C(C)C2=CN=CN2)C,2
medronic_acid_cid16124.png,medronic_acid_cid16124,Medronic Acid,16124,C(P(=O)(O)O)P(=O)(O)O,2
medroxyprogesterone_cid10631.png,medroxyprogesterone_cid10631,Medroxyprogesterone,10631,C[C@H]1C[C@@H]2[C@H](CC[C@]3([C@H]2CC[C@@]3(C(=O)C)O)C)[C@@]4(C1=CC(=O)CC4)C,2
mefenamic_acid_cid4044.png,mefenamic_acid_cid4044,Mefenamic Acid,4044,CC1=C(C(=CC=C1)NC2=CC=CC=C2C(=O)O)C,2
mefloquine_hydrochloride_cid65329.png,mefloquine_hydrochloride_cid65329,Mefloquine Hydrochloride,65329,C1CCN[C@H](C1)[C@H](C2=CC(=NC3=C2C=CC=C3C(F)(F)F)C(F)(F)F)O.Cl,2
megazol_cid29698.png,megazol_cid29698,Megazol,29698,CN1C(=CN=C1C2=NN=C(S2)N)[N+](=O)[O-],2
megestrol_cid19090.png,megestrol_cid19090,Megestrol,19090,CC1=C[C@@H]2[C@H](CC[C@]3([C@H]2CC[C@@]3(C(=O)C)O)C)[C@@]4(C1=CC(=O)CC4)C,2
meglumine_antimoniate_cid64953.png,meglumine_antimoniate_cid64953,Meglumine Antimoniate,64953,CNC[C@@H]([C@H]([C@@H]([C@@H](CO)O)O)O)O.O[Sb](=O)=O,2
melagatran_cid183797.png,melagatran_cid183797,Melagatran,183797,C1CCC(CC1)[C@H](C(=O)N2CC[C@H]2C(=O)NCC3=CC=C(C=C3)C(=N)N)NCC(=O)O,2
melamine_cid7955.png,melamine_cid7955,Melamine,7955,C1(=NC(=NC(=N1)N)N)N,2
melarsoprol_cid10311.png,melarsoprol_cid10311,Melarsoprol,10311,C1C(S[As](S1)C2=CC=C(C=C2)NC3=NC(=NC(=N3)N)N)CO,2
melatonin_cid896.png,melatonin_cid896,Melatonin,896,CC(=O)NCCC1=CNC2=C1C=C(C=C2)OC,2
melevodopa_cid23497.png,melevodopa_cid23497,Melevodopa,23497,COC(=O)[C@H](CC1=CC(=C(C=C1)O)O)N,2
melitracene_cid25382.png,melitracene_cid25382,Melitracene,25382,CC1(C2=CC=CC=C2C(=CCCN(C)C)C3=CC=CC=C31)C,2
melogliptin_cid11623906.png,melogliptin_cid11623906,Melogliptin,11623906,C1C[C@H](C[C@H]1CN2C=NC=N2)NCC(=O)N3C[C@H](C[C@H]3C#N)F,2
meloxicam_cid54677470.png,meloxicam_cid54677470,Meloxicam,54677470,CC1=CN=C(S1)NC(=O)C2=C(C3=CC=CC=C3S(=O)(=O)N2C)O,2
melphalan_cid460612.png,melphalan_cid460612,Melphalan,460612,C1=CC(=CC=C1C[C@@H](C(=O)O)N)N(CCCl)CCCl,2
memantine_cid4054.png,memantine_cid4054,Memantine,4054,CC12CC3CC(C1)(CC(C3)(C2)N)C,2
menadione_cid4055.png,menadione_cid4055,Menadione,4055,CC1=CC(=O)C2=CC=CC=C2C1=O,2
menadione_sodium_bisulfite_cid23665888.png,menadione_sodium_bisulfite_cid23665888,Menadione Sodium Bisulfite,23665888,CC1(CC(=O)C2=CC=CC=C2C1=O)S(=O)(=O)[O-].[Na+],2
menthol_cid1254.png,menthol_cid1254,Menthol,1254,CC1CCC(C(C1)O)C(C)C,2
meperidine_cid4058.png,meperidine_cid4058,Meperidine,4058,CCOC(=O)C1(CCN(CC1)C)C2=CC=CC=C2,2
mephobarbital_cid8271.png,mephobarbital_cid8271,Mephobarbital,8271,CCC1(C(=O)NC(=O)N(C1=O)C)C2=CC=CC=C2,2
mepivacaine_cid4062.png,mepivacaine_cid4062,Mepivacaine,4062,CC1=C(C(=CC=C1)C)NC(=O)C2CCCCN2C,2
meprylcaine_cid4065.png,meprylcaine_cid4065,Meprylcaine,4065,CCCNC(C)(C)COC(=O)C1=CC=CC=C1,2
merbromin_cid9853537.png,merbromin_cid9853537,Merbromin,9853537,C1=CC=C(C(=C1)C2=C3C=C(C(=O)C=C3OC4=C(C(=C(C=C24)Br)[O-])[Hg+])Br)C(=O)[O-].[OH-].[Na+].[Na+],2
mercuric_chloride_cid24085.png,mercuric_chloride_cid24085,Mercuric Chloride,24085,Cl[Hg]Cl,2
meropenem_cid441130.png,meropenem_cid441130,Meropenem,441130,C[C@@H]1[C@@H]2[C@H](C(=O)N2C(=C1S[C@H]3C[C@H](NC3)C(=O)N(C)C)C(=O)O)[C@@H](C)O,2
merotocin_cid76073634.png,merotocin_cid76073634,Merotocin,76073634,CC[C@H](C)[C@H]1C(=O)N[C@H](C(=O)N[C@H](C(=O)N[C@@H](CSCCCC(=O)N[C@H](C(=O)N1)CC2=CC=C(C=C2)O)C(=O)N(CC3=CC=C(C=C3)F)CC(=O)N[C@@H](CC(C)C)C(=O)NCC(=O)N)CC(=O)N)CCC(=O)N,2
mersacidin_cid70698380.png,mersacidin_cid70698380,Mersacidin,70698380,CC[C@@H](C)[C@H]1C(=O)N/C=C/S[C@H](C2C(=O)NC(=C)C(=O)N[C@H](C(=O)N[C@@H](CS[C@H]([C@H](C(=O)N[C@H](C(=O)N2)CC(C)C)NC(=O)[C@@H]3CS[C@H]([C@H](C(=O)N[C@H](C(=O)N4CCC[C@H]4C(=O)NCC(=O)NCC(=O)NCC(=O)NCC(=O)N[C@H](C(=O)N3)C(C)C)CC(C)C)NC(=O)[C@H](CC5=CC=CC=C5)NC(=O)[C@H]6[C@@H](SC[C@@H](C(=O)N6)N)C)C)C)C(=O)N1)CCC(=O)O)C,2
mersalyl_cid9806195.png,mersalyl_cid9806195,Mersalyl,9806195,COC(CNC(=O)C1=CC=CC=C1OCC(=O)[O-])C[Hg+].[OH-].[Na+],2
mertansine_cid11343137.png,mertansine_cid11343137,Mertansine,11343137,C[C@@H]1[C@@H]2C[C@]([C@@H](/C=C/C=C(/CC3=CC(=C(C(=C3)OC)Cl)N(C(=O)C[C@@H]([C@]4([C@H]1O4)C)OC(=O)[C@H](C)N(C)C(=O)CCS)C)\C)OC)(NC(=O)O2)O,2
mescaline_cid4076.png,mescaline_cid4076,Mescaline,4076,COC1=CC(=CC(=C1OC)OC)CCN,2
mesna_cid23662354.png,mesna_cid23662354,Mesna,23662354,C(CS(=O)(=O)[O-])S.[Na+],2
mesoridazine_cid4078.png,mesoridazine_cid4078,Mesoridazine,4078,CN1CCCCC1CCN2C3=CC=CC=C3SC4=C2C=C(C=C4)S(=O)C,2
mesterolone_cid15020.png,mesterolone_cid15020,Mesterolone,15020,C[C@H]1CC(=O)C[C@H]2[C@]1([C@H]3CC[C@]4([C@H]([C@@H]3CC2)CC[C@@H]4O)C)C,2
mestranol_cid6291.png,mestranol_cid6291,Mestranol,6291,C[C@]12CC[C@H]3[C@H]([C@@H]1CC[C@]2(C#C)O)CCC4=C3C=CC(=C4)OC,2
metahexamide_cid11259.png,metahexamide_cid11259,Metahexamide,11259,CC1=C(C=C(C=C1)S(=O)(=O)NC(=O)NC2CCCCC2)N,2
metamizole_cid3111.png,metamizole_cid3111,Metamizole,3111,CC1=C(C(=O)N(N1C)C2=CC=CC=C2)N(C)CS(=O)(=O)O,2
metaproterenol_cid4086.png,metaproterenol_cid4086,Metaproterenol,4086,CC(C)NCC(C1=CC(=CC(=C1)O)O)O,2
metformin_cid4091.png,metformin_cid4091,Metformin,4091,CN(C)C(=N)N=C(N)N,2
metformin_hydrochloride_cid14219.png,metformin_hydrochloride_cid14219,Metformin Hydrochloride,14219,CN(C)C(=N)N=C(N)N.Cl,2
methadone_cid4095.png,methadone_cid4095,Methadone,4095,CCC(=O)C(CC(C)N(C)C)(C1=CC=CC=C1)C2=CC=CC=C2,2
methamphetamine_cid10836.png,methamphetamine_cid10836,Methamphetamine,10836,C[C@@H](CC1=CC=CC=C1)NC,2
methanol_13c_cid11205710.png,methanol_13c_cid11205710,Methanol-13C,11205710,[13CH3]O,2
methanol_d4_cid71568.png,methanol_d4_cid71568,Methanol-D4,71568,[2H]C([2H])([2H])O[2H],2
methaqualone_cid6292.png,methaqualone_cid6292,Methaqualone,6292,CC1=CC=CC=C1N2C(=NC3=CC=CC=C3C2=O)C,2
methenolone_cid3037705.png,methenolone_cid3037705,Methenolone,3037705,CC1=CC(=O)C[C@H]2[C@]1([C@H]3CC[C@]4([C@H]([C@@H]3CC2)CC[C@@H]4O)C)C,2
methicillin_cid6087.png,methicillin_cid6087,Methicillin,6087,CC1([C@@H](N2[C@H](S1)[C@@H](C2=O)NC(=O)C3=C(C=CC=C3OC)OC)C(=O)O)C,2
methimazole_cid1349907.png,methimazole_cid1349907,Methimazole,1349907,CN1C=CNC1=S,2
methisazone_cid667492.png,methisazone_cid667492,Methisazone,667492,CN1C2=CC=CC=C2C(=C1O)N=NC(=S)N,2
methocarbamol_cid4107.png,methocarbamol_cid4107,Methocarbamol,4107,COC1=CC=CC=C1OCC(COC(=O)N)O,2
methohexital_cid9034.png,methohexital_cid9034,Methohexital,9034,CCC#CC(C)C1(C(=O)NC(=O)N(C1=O)C)CC=C,2
methotrexate_cid126941.png,methotrexate_cid126941,Methotrexate,126941,CN(CC1=CN=C2C(=N1)C(=NC(=N2)N)N)C3=CC=C(C=C3)C(=O)N[C@@H](CCC(=O)O)C(=O)O,2
methoxyflurane_cid4116.png,methoxyflurane_cid4116,Methoxyflurane,4116,COC(C(Cl)Cl)(F)F,2
methscopolamine_bromide_cid5459110.png,methscopolamine_bromide_cid5459110,Methscopolamine bromide,5459110,C[N+]1([C@@H]2CC(C[C@H]1[C@H]3[C@@H]2O3)OC(=O)[C@H](CO)C4=CC=CC=C4)C.[Br-],2
methyl_aminolevulinate_cid157922.png,methyl_aminolevulinate_cid157922,Methyl Aminolevulinate,157922,COC(=O)CCC(=O)CN,2
methyl_magnesium_bromide_cid6349.png,methyl_magnesium_bromide_cid6349,Methyl magnesium bromide,6349,[CH3-].[Mg+2].[Br-],2
methyl_o_2_3_4_tri_o_methyl_6_o_sulfo_alpha_d_glucopyranosyl_cid3083445.png,methyl_o_2_3_4_tri_o_methyl_6_o_sulfo_alpha_d_glucopyranosyl_cid3083445,"Methyl O-2,3,4-tri-O-methyl-6-O-sulfo-alpha-D-glucopyranosyl-(1->4)-O-2,3-di-O-methyl-beta-D-glucopyranuronosyl-(1->4)-O-2,3,6-tri-O-sulfo-alpha-D-glucopyranosyl-(1->4)-O-2,3-di-O-methyl-alpha-L-idopyranuronosyl-(1->4)-alpha-D-glucopyranoside 2,3,6-tris(hydrogen sulfate)",3083445,CO[C@@H]1[C@H](O[C@@H]([C@@H]([C@H]1OC)OC)O[C@H]2[C@@H]([C@H]([C@@H](O[C@@H]2C(=O)O)O[C@@H]3[C@H](O[C@@H]([C@@H]([C@H]3OS(=O)(=O)O)OS(=O)(=O)O)O[C@H]4[C@@H]([C@H]([C@@H](O[C@H]4C(=O)O)O[C@@H]5[C@H](O[C@@H]([C@@H]([C@H]5OS(=O)(=O)O)OS(=O)(=O)O)OC)COS(=O)(=O)O)OC)OC)COS(=O)(=O)O)OC)OC)COS(=O)(=O)O,2
methyl_parathion_cid4130.png,methyl_parathion_cid4130,Methyl Parathion,4130,COP(=S)(OC)OC1=CC=C(C=C1)[N+](=O)[O-],2
methylcymantrene_cid25511.png,methylcymantrene_cid25511,Methylcymantrene,25511,CC1=C[CH-]C=C1.[C-]#[O+].[C-]#[O+].[C-]#[O+].[Mn],2
methyldigoxin_cid443946.png,methyldigoxin_cid443946,Methyldigoxin,443946,C[C@@H]1[C@H]([C@H](C[C@@H](O1)O[C@@H]2[C@H](O[C@H](C[C@@H]2O)O[C@@H]3[C@H](O[C@H](C[C@@H]3O)O[C@H]4CC[C@]5([C@@H](C4)CC[C@@H]6[C@@H]5C[C@H]([C@]7([C@@]6(CC[C@@H]7C8=CC(=O)OC8)O)C)O)C)C)C)O)OC,2
methyldopa_cid38853.png,methyldopa_cid38853,Methyldopa,38853,C[C@](CC1=CC(=C(C=C1)O)O)(C(=O)O)N,2
methylene_blue_cid6099.png,methylene_blue_cid6099,Methylene Blue,6099,CN(C)C1=CC2=C(C=C1)N=C3C=CC(=[N+](C)C)C=C3S2.[Cl-],2
methylergometrine_cid8226.png,methylergometrine_cid8226,Methylergometrine,8226,CC[C@@H](CO)NC(=O)[C@H]1CN([C@@H]2CC3=CNC4=CC=CC(=C34)C2=C1)C,2
methyllithium_cid2724049.png,methyllithium_cid2724049,Methyllithium,2724049,[Li+].[CH3-],2
methylnaltrexone_bromide_cid5361917.png,methylnaltrexone_bromide_cid5361917,Methylnaltrexone Bromide,5361917,C[N+]1(CC[C@]23[C@@H]4C(=O)CC[C@]2([C@H]1CC5=C3C(=C(C=C5)O)O4)O)CC6CC6.[Br-],2
methylone_cid45789647.png,methylone_cid45789647,Methylone,45789647,CC(C(=O)C1=CC2=C(C=C1)OCO2)NC,2
methylparaben_cid7456.png,methylparaben_cid7456,Methylparaben,7456,COC(=O)C1=CC=C(C=C1)O,2
methylphenidate_cid4158.png,methylphenidate_cid4158,Methylphenidate,4158,COC(=O)C(C1CCCCN1)C2=CC=CC=C2,2
methylprednisolone_aceponate_cid63019.png,methylprednisolone_aceponate_cid63019,Methylprednisolone Aceponate,63019,CCC(=O)O[C@@]1(CC[C@@H]2[C@@]1(C[C@@H]([C@H]3[C@H]2C[C@@H](C4=CC(=O)C=C[C@]34C)C)O)C)C(=O)COC(=O)C,2
methylprednisolone_cid6741.png,methylprednisolone_cid6741,Methylprednisolone,6741,C[C@H]1C[C@H]2[C@@H]3CC[C@@]([C@]3(C[C@@H]([C@@H]2[C@@]4(C1=CC(=O)C=C4)C)O)C)(C(=O)CO)O,2
methylselenocysteine_cid147004.png,methylselenocysteine_cid147004,Methylselenocysteine,147004,C[Se]C[C@@H](C(=O)O)N,2
methyltestosterone_cid6010.png,methyltestosterone_cid6010,Methyltestosterone,6010,C[C@]12CCC(=O)C=C1CC[C@@H]3[C@@H]2CC[C@]4([C@H]3CC[C@]4(C)O)C,2
metixene_cid4167.png,metixene_cid4167,Metixene,4167,CN1CCCC(C1)CC2C3=CC=CC=C3SC4=CC=CC=C24,2
metoclopramide_cid4168.png,metoclopramide_cid4168,Metoclopramide,4168,CCN(CC)CCNC(=O)C1=CC(=C(C=C1OC)N)Cl,2
metoprolol_cid4171.png,metoprolol_cid4171,Metoprolol,4171,CC(C)NCC(COC1=CC=C(C=C1)CCOC)O,2
metoprolol_succinate_cid62937.png,metoprolol_succinate_cid62937,Metoprolol Succinate,62937,CC(C)NCC(COC1=CC=C(C=C1)CCOC)O.CC(C)NCC(COC1=CC=C(C=C1)CCOC)O.C(CC(=O)O)C(=O)O,2
metra_cid120608.png,metra_cid120608,Metra,120608,C[C@H]1[C@@H](OCCN1C)C2=CC=CC=C2.[C@@H]([C@H](C(=O)O)O)(C(=O)O)O,2
metrizamide_cid443944.png,metrizamide_cid443944,Metrizamide,443944,CC(=O)NC1=C(C(=C(C(=C1I)C(=O)N[C@@H]2[C@H]([C@@H]([C@H](OC2O)CO)O)O)I)N(C)C(=O)C)I,2
metrizoic_acid_cid2528.png,metrizoic_acid_cid2528,Metrizoic Acid,2528,CC(=O)NC1=C(C(=C(C(=C1I)C(=O)O)I)N(C)C(=O)C)I,2
metronidazole_cid4173.png,metronidazole_cid4173,Metronidazole,4173,CC1=NC=C(N1CCO)[N+](=O)[O-],2
mexiletine_cid4178.png,mexiletine_cid4178,Mexiletine,4178,CC1=C(C(=CC=C1)C)OCC(C)N,2
mezigdomide_cid137379043.png,mezigdomide_cid137379043,Mezigdomide,137379043,C1CC(=O)NC(=O)[C@H]1N2CC3=C(C2=O)C=CC=C3OCC4=CC=C(C=C4)CN5CCN(CC5)C6=C(C=C(C=C6)C#N)F,2
mezlocillin_cid656511.png,mezlocillin_cid656511,Mezlocillin,656511,CC1([C@@H](N2[C@H](S1)[C@@H](C2=O)NC(=O)[C@@H](C3=CC=CC=C3)NC(=O)N4CCN(C4=O)S(=O)(=O)C)C(=O)O)C,2
mibefradil_cid60663.png,mibefradil_cid60663,Mibefradil,60663,CC(C)[C@H]1C2=C(CC[C@@]1(CCN(C)CCCC3=NC4=CC=CC=C4N3)OC(=O)COC)C=C(C=C2)F,2
micafungin_cid477468.png,micafungin_cid477468,Micafungin,477468,CCCCCOC1=CC=C(C=C1)C2=CC(=NO2)C3=CC=C(C=C3)C(=O)N[C@H]4C[C@H]([C@H](NC(=O)[C@@H]5[C@H]([C@H](CN5C(=O)[C@@H](NC(=O)[C@@H](NC(=O)[C@@H]6C[C@H](CN6C(=O)[C@@H](NC4=O)[C@@H](C)O)O)[C@@H]([C@H](C7=CC(=C(C=C7)O)OS(=O)(=O)O)O)O)[C@@H](CC(=O)N)O)C)O)O)O,2
miconazole_nitrate_cid68553.png,miconazole_nitrate_cid68553,Miconazole Nitrate,68553,C1=CC(=C(C=C1Cl)Cl)COC(CN2C=CN=C2)C3=C(C=C(C=C3)Cl)Cl.[N+](=O)(O)[O-],2
micrococcin_cid5282052.png,micrococcin_cid5282052,Micrococcin,5282052,C/C=C\1/C2=NC(=CS2)C(=O)N[C@@H](C3=NC(=CS3)C(=O)N[C@H](C4=NC(=CS4)C5=C(C=CC(=N5)C6=NC(=CS6)C7=NC(=CS7)C(=O)N/C(=C\C)/C(=O)NC[C@H](C)O)C8=NC(=CS8)C(=O)N[C@H](C(=O)N1)[C@@H](C)O)[C@@H](C)O)C(C)C,2
microcystin_lr_cid445434.png,microcystin_lr_cid445434,Microcystin-lr,445434,C[C@H]1[C@@H](NC(=O)[C@@H](NC(=O)[C@H]([C@@H](NC(=O)[C@@H](NC(=O)[C@H](NC(=O)C(=C)N(C(=O)CC[C@@H](NC1=O)C(=O)O)C)C)CC(C)C)C(=O)O)C)CCCN=C(N)N)/C=C/C(=C/[C@H](C)[C@H](CC2=CC=CC=C2)OC)/C,2
midazolam_cid4192.png,midazolam_cid4192,Midazolam,4192,CC1=NC=C2N1C3=C(C=C(C=C3)Cl)C(=NC2)C4=CC=CC=C4F,2
midodrine_hydrochloride_cid18340.png,midodrine_hydrochloride_cid18340,Midodrine Hydrochloride,18340,COC1=CC(=C(C=C1)OC)C(CNC(=O)CN)O.Cl,2
midostaurin_cid9829523.png,midostaurin_cid9829523,Midostaurin,9829523,C[C@@]12[C@@H]([C@@H](C[C@@H](O1)N3C4=CC=CC=C4C5=C6C(=C7C8=CC=CC=C8N2C7=C53)CNC6=O)N(C)C(=O)C9=CC=CC=C9)OC,2
mifamurtide_anhydrous_cid123133557.png,mifamurtide_anhydrous_cid123133557,Mifamurtide anhydrous,123133557,CCCCCCCCCCCCCCCC(=O)OC[C@H](COP(=O)([O-])OCCNC(=O)[C@H](C)NC(=O)CC[C@H](C(=O)N)NC(=O)[C@H](C)NC(=O)[C@@H](C)O[C@H]([C@H](C=O)NC(=O)C)[C@@H]([C@@H](CO)O)O)OC(=O)CCCCCCCCCCCCCCC.O.[Na+],2
mifepristone_cid55245.png,mifepristone_cid55245,Mifepristone,55245,CC#C[C@@]1(CC[C@@H]2[C@@]1(C[C@@H](C3=C4CCC(=O)C=C4CC[C@@H]23)C5=CC=C(C=C5)N(C)C)C)O,2
migalastat_cid176077.png,migalastat_cid176077,Migalastat,176077,C1[C@@H]([C@H]([C@H]([C@H](N1)CO)O)O)O,2
miglitol_cid441314.png,miglitol_cid441314,Miglitol,441314,C1[C@@H]([C@H]([C@@H]([C@H](N1CCO)CO)O)O)O,2
miglustat_cid51634.png,miglustat_cid51634,Miglustat,51634,CCCCN1C[C@@H]([C@H]([C@@H]([C@H]1CO)O)O)O,2
milademetan_cid73297272.png,milademetan_cid73297272,Milademetan,73297272,CC1(CCC2(CC1)[C@@]3([C@H]([C@@H](N2)C(=O)N[C@@H]4CC[C@H](OC4)C(=O)N)C5=C(C(=NC=C5)Cl)F)C6=C(C=C(C=C6)Cl)NC3=O)C,2
milataxel_cid6918589.png,milataxel_cid6918589,Milataxel,6918589,CCC(=O)O[C@H]1C[C@@H]2[C@@](CO2)([C@@H]3[C@@]1(C(=O)[C@@H](C4=C([C@H](C[C@@]([C@H]3OC(=O)C5=CC=CC=C5)(C4(C)C)O)OC(=O)[C@@H]([C@H](C6=CC=CO6)NC(=O)OC(C)(C)C)O)C)O)C)OC(=O)C,2
milnacipran_hydrochloride_cid163701.png,milnacipran_hydrochloride_cid163701,Milnacipran Hydrochloride,163701,CCN(CC)C(=O)[C@@]1(C[C@@H]1CN)C2=CC=CC=C2.Cl,2
milrinone_cid4197.png,milrinone_cid4197,Milrinone,4197,CC1=C(C=C(C(=O)N1)C#N)C2=CC=NC=C2,2
milvexian_cid118277544.png,milvexian_cid118277544,Milvexian,118277544,C[C@@H]1CCC[C@@H](C2=NC=CC(=C2)C3=C(C=NN3C(F)F)NC1=O)N4C=NC(=CC4=O)C5=C(C=CC(=C5)Cl)N6C=C(N=N6)Cl,2
minaxolone_cid71960.png,minaxolone_cid71960,Minaxolone,71960,CCO[C@H]1C[C@]2([C@@H](CC[C@@H]3[C@@H]2[C@@H](C[C@]4([C@H]3CC[C@@H]4C(=O)C)C)N(C)C)C[C@@H]1O)C,2
minocycline_cid54675783.png,minocycline_cid54675783,Minocycline,54675783,CN(C)[C@H]1[C@@H]2C[C@@H]3CC4=C(C=CC(=C4C(=C3C(=O)[C@@]2(C(=C(C1=O)C(=O)N)O)O)O)O)N(C)C,2
minodronic_acid_cid130956.png,minodronic_acid_cid130956,Minodronic Acid,130956,C1=CC2=NC=C(N2C=C1)CC(O)(P(=O)(O)O)P(=O)(O)O,2
minoxidil_cid4201.png,minoxidil_cid4201,Minoxidil,4201,C1CCN(CC1)C2=NC(=N)N(C(=C2)N)O,2
miocamycin_cid5282188.png,miocamycin_cid5282188,Miocamycin,5282188,CCC(=O)O[C@@H]1CC(=O)O[C@@H](C/C=C/C=C/[C@@H]([C@@H](C[C@@H]([C@@H]([C@H]1OC)O[C@H]2[C@@H]([C@H]([C@@H]([C@H](O2)C)O[C@H]3C[C@@]([C@H]([C@@H](O3)C)OC(=O)CC)(C)OC(=O)C)N(C)C)O)CC=O)C)OC(=O)C)C,2
mirabegron_cid9865528.png,mirabegron_cid9865528,Mirabegron,9865528,C1=CC=C(C=C1)[C@H](CNCCC2=CC=C(C=C2)NC(=O)CC3=CSC(=N3)N)O,2
mirex_cid16945.png,mirex_cid16945,Mirex,16945,C12(C3(C4(C5(C3(C(C1(C5(C2(C4(Cl)Cl)Cl)Cl)Cl)(Cl)Cl)Cl)Cl)Cl)Cl)Cl,2
mirogabalin_cid59509752.png,mirogabalin_cid59509752,Mirogabalin,59509752,CCC1=C[C@@H]2[C@H](C1)C[C@@]2(CC(=O)O)CN,2
mirtazapine_cid4205.png,mirtazapine_cid4205,Mirtazapine,4205,CN1CCN2C(C1)C3=CC=CC=C3CC4=C2N=CC=C4,2
misoprostol_cid5282381.png,misoprostol_cid5282381,Misoprostol,5282381,CCCCC(C)(C/C=C/[C@H]1[C@@H](CC(=O)[C@@H]1CCCCCCC(=O)OC)O)O,2
mitapivat_cid59634741.png,mitapivat_cid59634741,Mitapivat,59634741,C1CC1CN2CCN(CC2)C(=O)C3=CC=C(C=C3)NS(=O)(=O)C4=CC=CC5=C4N=CC=C5,2
mithramycin_cid163659.png,mithramycin_cid163659,Mithramycin,163659,C[C@@H]1[C@H]([C@@H](C[C@@H](O1)O[C@@H]2C[C@@H](O[C@@H]([C@H]2O)C)OC3=CC4=CC5=C(C(=O)[C@H]([C@@H](C5)[C@@H](C(=O)[C@H]([C@@H](C)O)O)OC)O[C@H]6C[C@H]([C@@H]([C@H](O6)C)O)O[C@H]7C[C@H]([C@H]([C@H](O7)C)O)O[C@H]8C[C@]([C@@H]([C@H](O8)C)O)(C)O)C(=C4C(=C3C)O)O)O)O,2
mitiglinide_cid121891.png,mitiglinide_cid121891,Mitiglinide,121891,C1CC[C@H]2CN(C[C@H]2C1)C(=O)C[C@H](CC3=CC=CC=C3)C(=O)O,2
mitomycin_c_cid5746.png,mitomycin_c_cid5746,Mitomycin C,5746,CC1=C(C(=O)C2=C(C1=O)N3C[C@H]4[C@@H]([C@@]3([C@@H]2COC(=O)N)OC)N4)N,2
mitotane_cid4211.png,mitotane_cid4211,Mitotane,4211,C1=CC=C(C(=C1)C(C2=CC=C(C=C2)Cl)C(Cl)Cl)Cl,2
mitoxantrone_cid4212.png,mitoxantrone_cid4212,Mitoxantrone,4212,C1=CC(=C2C(=C1NCCNCCO)C(=O)C3=C(C=CC(=C3C2=O)O)O)NCCNCCO,2
mivacurium_chloride_cid5281080.png,mivacurium_chloride_cid5281080,Mivacurium Chloride,5281080,C[N+]1(CCC2=CC(=C(C=C2[C@H]1CC3=CC(=C(C(=C3)OC)OC)OC)OC)OC)CCCOC(=O)CC/C=C/CCC(=O)OCCC[N+]4(CCC5=CC(=C(C=C5[C@H]4CC6=CC(=C(C(=C6)OC)OC)OC)OC)OC)C.[Cl-].[Cl-],2
mk_1775_cid24856436.png,mk_1775_cid24856436,MK 1775,24856436,CC(C)(C1=NC(=CC=C1)N2C3=NC(=NC=C3C(=O)N2CC=C)NC4=CC=C(C=C4)N5CCN(CC5)C)O,2
ml_rr_s2_cda_sodium_salt_cid135390762.png,ml_rr_s2_cda_sodium_salt_cid135390762,ML RR-S2 CDA Sodium Salt,135390762,C1[C@@H]2[C@H]([C@H]([C@@H](O2)N3C=NC4=C(N=CN=C43)N)OP(=O)(OC[C@@H]5[C@H]([C@H]([C@@H](O5)N6C=NC7=C(N=CN=C76)N)O)OP(=S)(O1)[O-])[S-])O.[Na+].[Na+],2
mm_47761_cid195570.png,mm_47761_cid195570,MM 47761,195570,CC1C(C(C(C(O1)OC2C(C(C(OC2OC3=C4C=C5C=C3OC6=C(C=C(C=C6)C(C(C(=O)NC(C(=O)NC5C(=O)NC7C8=CC(=C(C=C8)O)C9=C(C=C(C=C9O)O)C(NC(=O)C(C(C1=CC=C(O4)C=C1)OC1CC(C(C(O1)C)O)(C)N)NC7=O)C(=O)O)CC(=O)N)NC(=O)C(CC(C)C)NC)O)Cl)CO)O)O)O)O)O,2
mobocertinib_cid118607832.png,mobocertinib_cid118607832,Mobocertinib,118607832,CC(C)OC(=O)C1=CN=C(N=C1C2=CN(C3=CC=CC=C32)C)NC4=C(C=C(C(=C4)NC(=O)C=C)N(C)CCN(C)C)OC,2
moclobemide_cid4235.png,moclobemide_cid4235,Moclobemide,4235,C1COCCN1CCNC(=O)C2=CC=C(C=C2)Cl,2
modafinil_cid4236.png,modafinil_cid4236,Modafinil,4236,C1=CC=C(C=C1)C(C2=CC=CC=C2)S(=O)CC(=O)N,2
moexipril_cid91270.png,moexipril_cid91270,Moexipril,91270,CCOC(=O)[C@H](CCC1=CC=CC=C1)N[C@@H](C)C(=O)N2CC3=CC(=C(C=C3C[C@H]2C(=O)O)OC)OC,2
molindone_cid23897.png,molindone_cid23897,Molindone,23897,CCC1=C(NC2=C1C(=O)C(CC2)CN3CCOCC3)C,2
molnupiravir_cid145996610.png,molnupiravir_cid145996610,Molnupiravir,145996610,CC(C)C(=O)OC[C@@H]1[C@H]([C@H]([C@@H](O1)N2C=CC(=NC2=O)NO)O)O,2
molsidomine_cid5353788.png,molsidomine_cid5353788,Molsidomine,5353788,CCO/C(=N/C1=C[N+](=NO1)N2CCOCC2)/[O-],2
momelotinib_cid25062766.png,momelotinib_cid25062766,Momelotinib,25062766,C1COCCN1C2=CC=C(C=C2)NC3=NC=CC(=N3)C4=CC=C(C=C4)C(=O)NCC#N,2
mometasone_furoate_cid441336.png,mometasone_furoate_cid441336,Mometasone Furoate,441336,C[C@@H]1C[C@H]2[C@@H]3CCC4=CC(=O)C=C[C@@]4([C@]3([C@H](C[C@@]2([C@]1(C(=O)CCl)OC(=O)C5=CC=CO5)C)O)Cl)C,2
monensin_cid441145.png,monensin_cid441145,Monensin,441145,CC[C@]1(CC[C@@H](O1)[C@@]2(CC[C@@]3(O2)C[C@@H]([C@H]([C@H](O3)[C@@H](C)[C@H]([C@H](C)C(=O)O)OC)C)O)C)[C@H]4[C@H](C[C@@H](O4)[C@@H]5[C@H](C[C@H]([C@@](O5)(CO)O)C)C)C,2
monobenzone_cid7638.png,monobenzone_cid7638,Monobenzone,7638,C1=CC=C(C=C1)COC2=CC=C(C=C2)O,2
monomethyl_fumarate_cid5369209.png,monomethyl_fumarate_cid5369209,Monomethyl Fumarate,5369209,COC(=O)/C=C/C(=O)O,2
monomethylauristatin_e_cid11542188.png,monomethylauristatin_e_cid11542188,Monomethylauristatin E,11542188,CC[C@H](C)[C@@H]([C@@H](CC(=O)N1CCC[C@H]1[C@@H]([C@@H](C)C(=O)N[C@H](C)[C@H](C2=CC=CC=C2)O)OC)OC)N(C)C(=O)[C@H](C(C)C)NC(=O)[C@H](C(C)C)NC,2
monophosphoryl_lipid_a_cid24978548.png,monophosphoryl_lipid_a_cid24978548,Monophosphoryl Lipid A,24978548,CCCCCCCCCCCCCC(=O)O[C@H](CCCCCCCCCCC)CC(=O)N[C@@H]1[C@H]([C@H]([C@H](O[C@H]1OC[C@@H]2[C@@H](C([C@H]([C@H](O2)O)O)NC(=O)C[C@@H](CCCCCCCCCCC)O)OC(=O)C[C@@H](CCCCCCCCCCC)O)CO)OP(=O)(O)O)OC(=O)C[C@@H](CCCCCCCCCCC)OC(=O)CCCCCCCCCCCCC,2
montelukast_cid5281040.png,montelukast_cid5281040,Montelukast,5281040,CC(C)(C1=CC=CC=C1CC[C@H](C2=CC=CC(=C2)/C=C/C3=NC4=C(C=CC(=C4)Cl)C=C3)SCC5(CC5)CC(=O)O)O,2
montelukast_sodium_cid23663996.png,montelukast_sodium_cid23663996,Montelukast Sodium,23663996,CC(C)(C1=CC=CC=C1CC[C@H](C2=CC=CC(=C2)/C=C/C3=NC4=C(C=CC(=C4)Cl)C=C3)SCC5(CC5)CC(=O)[O-])O.[Na+],2
morantel_tartrate_cid6433951.png,morantel_tartrate_cid6433951,Morantel Tartrate,6433951,CC1=C(SC=C1)/C=C/C2=NCCCN2C.[C@@H]([C@H](C(=O)O)O)(C(=O)O)O,2
moroxydine_cid71655.png,moroxydine_cid71655,Moroxydine,71655,C1COCCN1C(=N)N=C(N)N,2
morphine_6_glucuronide_cid5360621.png,morphine_6_glucuronide_cid5360621,Morphine 6-glucuronide,5360621,CN1CC[C@]23[C@@H]4[C@H]1CC5=C2C(=C(C=C5)O)O[C@H]3[C@H](C=C4)O[C@H]6[C@@H]([C@H]([C@@H]([C@H](O6)C(=O)O)O)O)O,2
morphine_cid5288826.png,morphine_cid5288826,Morphine,5288826,CN1CC[C@]23[C@@H]4[C@H]1CC5=C2C(=C(C=C5)O)O[C@H]3[C@H](C=C4)O,2
morphine_sulfate_cid16051935.png,morphine_sulfate_cid16051935,Morphine Sulfate,16051935,CN1CC[C@]23[C@@H]4[C@H]1CC5=C2C(=C(C=C5)O)O[C@H]3[C@H](C=C4)O.CN1CC[C@]23[C@@H]4[C@H]1CC5=C2C(=C(C=C5)O)O[C@H]3[C@H](C=C4)O.OS(=O)(=O)O,2
mosapride_cid119584.png,mosapride_cid119584,Mosapride,119584,CCOC1=CC(=C(C=C1C(=O)NCC2CN(CCO2)CC3=CC=C(C=C3)F)Cl)N,2
mosliciguat_cid154572869.png,mosliciguat_cid154572869,Mosliciguat,154572869,C1C[C@@H](C2=C(C1)N=C(C=C2)C(=O)O)N(CCC3=CC=C(C=C3)C(=O)O)CCC4=CC=CC=C4OCC5=C(C=C(C=C5)C6=CC=C(C=C6)C(F)(F)F)Cl,2
mosnodenvir_cid133083036.png,mosnodenvir_cid133083036,Mosnodenvir,133083036,COC1=CC(=CC(=C1)N[C@@H](C2=C(C=C(C=C2)Cl)OC)C(=O)C3=CNC4=C3C=C(C=C4)OC(F)(F)F)S(=O)(=O)C,2
motexafin_lutetium_cid3081907.png,motexafin_lutetium_cid3081907,Motexafin lutetium,3081907,CCC1=C(C2=CC3=NC(=CN=C4C=C(C(=CC4=NC=C5C(=C(C(=N5)C=C1[N-]2)CCCO)C)OCCOCCOCCOC)OCCOCCOCCOC)C(=C3CCCO)C)CC.CC(=O)[O-].CC(=O)[O-].O.[Lu+3],2
moxalactam_cid47499.png,moxalactam_cid47499,Moxalactam,47499,CN1C(=NN=N1)SCC2=C(N3[C@@H]([C@@](C3=O)(NC(=O)C(C4=CC=C(C=C4)O)C(=O)O)OC)OC2)C(=O)O,2
moxidectin_cid9832912.png,moxidectin_cid9832912,Moxidectin,9832912,C[C@@H]\1C/C(=C/C[C@@H]2C[C@@H](C[C@@]3(O2)C/C(=N\OC)/[C@@H]([C@H](O3)/C(=C/C(C)C)/C)C)OC(=O)[C@@H]4C=C([C@H]([C@@H]5[C@]4(/C(=C/C=C1)/CO5)O)O)C)/C,2
moxifloxacin_cid152946.png,moxifloxacin_cid152946,Moxifloxacin,152946,COC1=C2C(=CC(=C1N3C[C@@H]4CCCN[C@@H]4C3)F)C(=O)C(=CN2C5CC5)C(=O)O,2
mufemilast_cid137355584.png,mufemilast_cid137355584,Mufemilast,137355584,CCOC1=C(C=CC(=C1)[C@@H](CS(=O)(=O)C)N2C(=O)C3=CSC(=C3C2=O)NC(=O)C)OC,2
mulundocandin_cid121225706.png,mulundocandin_cid121225706,Mulundocandin,121225706,CCC(C)CCCCCCCCCCC(=O)N[C@H]1C[C@H]([C@H](NC(=O)[C@@H]2[C@H]([C@H](CN2C(=O)[C@@H](NC(=O)[C@@H](NC(=O)[C@@H]3C[C@H](CN3C(=O)[C@@H](NC1=O)[C@@H](C)O)O)[C@@H](C(C4=CC=C(C=C4)O)O)O)CO)C)O)O)O,2
mupirocin_cid446596.png,mupirocin_cid446596,Mupirocin,446596,C[C@H]([C@H]1[C@@H](O1)C[C@H]2CO[C@H]([C@@H]([C@@H]2O)O)C/C(=C/C(=O)OCCCCCCCCC(=O)O)/C)[C@H](C)O,2
murabutide_cid91617595.png,murabutide_cid91617595,Murabutide,91617595,CCCCOC(=O)[C@@H](CCC(=O)N)NC(=O)[C@H](C)NC(=O)[C@@H](C)O[C@H]([C@H](C=O)NC(=O)C)[C@@H]([C@@H](CO)O)O,2
muraglitazar_cid206044.png,muraglitazar_cid206044,Muraglitazar,206044,CC1=C(N=C(O1)C2=CC=CC=C2)CCOC3=CC=C(C=C3)CN(CC(=O)O)C(=O)OC4=CC=C(C=C4)OC,2
muramyl_dipeptide_cid451714.png,muramyl_dipeptide_cid451714,Muramyl Dipeptide,451714,C[C@@H](C(=O)N[C@H](CCC(=O)O)C(=O)N)NC(=O)[C@@H](C)O[C@@H]1[C@H]([C@@H](O[C@@H]([C@H]1O)CO)O)NC(=O)C,2
murepavadin_cid91824766.png,murepavadin_cid91824766,Murepavadin,91824766,CC[C@H](C)[C@H]1C(=O)N[C@H](C(=O)N[C@H](C(=O)N[C@@H](C(=O)N[C@H](C(=O)N[C@H](C(=O)N[C@H](C(=O)N[C@H](C(=O)N[C@H](C(=O)N[C@H](C(=O)N2CCC[C@@H]2C(=O)N3CCC[C@H]3C(=O)N[C@H](C(=O)N[C@H](C(=O)N1)CC4=CNC5=CC=CC=C54)[C@@H](C)O)CO)C)CCN)CCN)CC6=CNC7=CC=CC=C76)CCN)CCN)CCCN)CCN,2
mycophenolate_mofetil_cid5281078.png,mycophenolate_mofetil_cid5281078,Mycophenolate Mofetil,5281078,CC1=C2COC(=O)C2=C(C(=C1OC)C/C=C(\C)/CCC(=O)OCCN3CCOCC3)O,2
mycophenolic_acid_cid446541.png,mycophenolic_acid_cid446541,Mycophenolic Acid,446541,CC1=C2COC(=O)C2=C(C(=C1OC)C/C=C(\C)/CCC(=O)O)O,2
n2_1s_1_4_fluorophenyl_ethyl_4_1_methyl_1h_pyrazol_4_yl_n6_2_cid46866319.png,n2_1s_1_4_fluorophenyl_ethyl_4_1_methyl_1h_pyrazol_4_yl_n6_2_cid46866319,"N2-((1S)-1-(4-Fluorophenyl)ethyl)-4-(1-methyl-1H-pyrazol-4-yl)-N6-2-pyrazinyl-2,6-pyridinediamine",46866319,C[C@@H](C1=CC=C(C=C1)F)NC2=CC(=CC(=N2)NC3=NC=CN=C3)C4=CN(N=C4)C,2
n_1_8_3_methyl_4_1_methyl_1h_benzo_d_imidazol_5_yl_oxy_pheny_cid160283094.png,n_1_8_3_methyl_4_1_methyl_1h_benzo_d_imidazol_5_yl_oxy_pheny_cid160283094,"N-(1-(8-((3-methyl-4-((1-methyl-1H-benzo(d)imidazol-5-yl)oxy)phenyl)amino)pyrimido(5,4-d)pyrimidin-2-yl)piperidin-4-yl)acrylamide",160283094,CC1=C(C=CC(=C1)NC2=NC=NC3=CN=C(N=C32)N4CCC(CC4)NC(=O)C=C)OC5=CC6=C(C=C5)N(C=N6)C,2
n_1r_2r_2_2_3_dihydro_1_4_benzodioxin_6_yl_2_hydroxy_1_1_pyr_cid23652731.png,n_1r_2r_2_2_3_dihydro_1_4_benzodioxin_6_yl_2_hydroxy_1_1_pyr_cid23652731,"N-((1R,2R)-2-(2,3-Dihydro-1,4-benzodioxin-6-yl)-2-hydroxy-1-(1-pyrrolidinylmethyl)ethyl)octanamide",23652731,CCCCCCCC(=O)N[C@H](CN1CCCC1)[C@@H](C2=CC3=C(C=C2)OCCO3)O,2
n_21_ethyl_20_2_1_methoxyethyl_5_4_methylpiperazin_1_yl_3_py_cid164885345.png,n_21_ethyl_20_2_1_methoxyethyl_5_4_methylpiperazin_1_yl_3_py_cid164885345,"N-[21-ethyl-20-[2-(1-methoxyethyl)-5-(4-methylpiperazin-1-yl)-3-pyridinyl]-17,17-dimethyl-8,14-dioxo-15-oxa-4-thia-9,21,27,28-tetrazapentacyclo[17.5.2.12,5.19,13.022,26]octacosa-1(25),2,5(28),19,22(26),23-hexaen-7-yl]-2-methylcyclopropane-1-carboxamide",164885345,CCN1C2=C3C=C(C=C2)C4=CSC(=N4)CC(C(=O)N5CCCC(N5)C(=O)OCC(CC3=C1C6=C(N=CC(=C6)N7CCN(CC7)C)C(C)OC)(C)C)NC(=O)C8CC8C,2
n_2_6_7_dihydro_9_10_dimethoxy_4_oxo_2_2_4_6_trimethylphenyl_cid9934746.png,n_2_6_7_dihydro_9_10_dimethoxy_4_oxo_2_2_4_6_trimethylphenyl_cid9934746,"N-[2-[6,7-Dihydro-9,10-dimethoxy-4-oxo-2-[(2,4,6-trimethylphenyl)imino]-2H-pyrimido[6,1-a]isoquinolin-3(4H)-yl]ethyl]urea",9934746,CC1=CC(=C(C(=C1)C)N=C2C=C3C4=CC(=C(C=C4CCN3C(=O)N2CCNC(=O)N)OC)OC)C,2
n_2r_2_3_dihydroxypropoxy_3_4_difluoro_2_2_fluoro_4_iodophen_cid9826528.png,n_2r_2_3_dihydroxypropoxy_3_4_difluoro_2_2_fluoro_4_iodophen_cid9826528,"N-((2R)-2,3-Dihydroxypropoxy)-3,4-difluoro-2-((2-fluoro-4-iodophenyl)amino)benzamide",9826528,C1=CC(=C(C=C1I)F)NC2=C(C=CC(=C2F)F)C(=O)NOC[C@@H](CO)O,2
n_5_aminosulfonyl_4_methyl_1_3_thiazol_2_yl_n_methyl_2_4_2_p_cid491941.png,n_5_aminosulfonyl_4_methyl_1_3_thiazol_2_yl_n_methyl_2_4_2_p_cid491941,"N-(5-(Aminosulfonyl)-4-methyl-1,3-thiazol-2-yl)-N-methyl-2-(4-(2-pyridinyl)phenyl)acetamide",491941,CC1=C(SC(=N1)N(C)C(=O)CC2=CC=C(C=C2)C3=CC=CC=N3)S(=O)(=O)N,2
n_acetyl_l_cysteine_cid12035.png,n_acetyl_l_cysteine_cid12035,N-Acetyl-L-Cysteine,12035,CC(=O)N[C@@H](CS)C(=O)O,2
n_acetylcysteine_amide_cid10176265.png,n_acetylcysteine_amide_cid10176265,N-Acetylcysteine amide,10176265,CC(=O)N[C@@H](CS)C(=O)N,2
n_butylscopolammonium_bromide_cid6852391.png,n_butylscopolammonium_bromide_cid6852391,N-Butylscopolammonium Bromide,6852391,CCCC[N+]1([C@@H]2CC(C[C@H]1[C@H]3[C@@H]2O3)OC(=O)[C@H](CO)C4=CC=CC=C4)C.[Br-],2
nabilone_cid5284592.png,nabilone_cid5284592,Nabilone,5284592,CCCCCCC(C)(C)C1=CC(=C2[C@@H]3CC(=O)CC[C@H]3C(OC2=C1)(C)C)O,2
nabumetone_cid4409.png,nabumetone_cid4409,Nabumetone,4409,CC(=O)CCC1=CC2=C(C=C1)C=C(C=C2)OC,2
nadolol_cid39147.png,nadolol_cid39147,Nadolol,39147,CC(C)(C)NCC(COC1=CC=CC2=C1C[C@@H]([C@@H](C2)O)O)O,2
nafarelin_cid25077405.png,nafarelin_cid25077405,Nafarelin,25077405,CC(C)C[C@@H](C(=O)N[C@@H](CCCN=C(N)N)C(=O)N1CCC[C@H]1C(=O)NCC(=O)N)NC(=O)[C@@H](CC2=CC3=CC=CC=C3C=C2)NC(=O)[C@H](CC4=CC=C(C=C4)O)NC(=O)[C@H](CO)NC(=O)[C@H](CC5=CNC6=CC=CC=C65)NC(=O)[C@H](CC7=CN=CN7)NC(=O)[C@@H]8CCC(=O)N8,2
nafcillin_cid8982.png,nafcillin_cid8982,Nafcillin,8982,CCOC1=C(C2=CC=CC=C2C=C1)C(=O)N[C@H]3[C@@H]4N(C3=O)[C@H](C(S4)(C)C)C(=O)O,2
nafithromycin_cid117587595.png,nafithromycin_cid117587595,Nafithromycin,117587595,CC[C@@H]1[C@@]2([C@@H]([C@H](C(=O)[C@@H](C[C@@]([C@@H]([C@H](C(=O)[C@H](C(=O)O1)C)C)O[C@H]3[C@@H]([C@H](C[C@H](O3)C)N(C)C)O)(C)OC)C)C)[C@@H](C(=O)O2)/C(=N/O[C@@H](C)C4=NN=C(S4)C5=CC=CC=N5)/N)C,2
naftazone_cid71688.png,naftazone_cid71688,Naftazone,71688,C1=CC=C2C(=C1)C=CC(=C2O)N=NC(=O)N,2
naftifine_cid47641.png,naftifine_cid47641,Naftifine,47641,CN(C/C=C/C1=CC=CC=C1)CC2=CC=CC3=CC=CC=C32,2
nalbuphine_cid5311304.png,nalbuphine_cid5311304,Nalbuphine,5311304,C1CC(C1)CN2CC[C@]34[C@@H]5[C@H](CC[C@]3([C@H]2CC6=C4C(=C(C=C6)O)O5)O)O,2
nalidixic_acid_cid4421.png,nalidixic_acid_cid4421,Nalidixic Acid,4421,CCN1C=C(C(=O)C2=C1N=C(C=C2)C)C(=O)O,2
nalmefene_hydrochloride_cid5388881.png,nalmefene_hydrochloride_cid5388881,Nalmefene Hydrochloride,5388881,C=C1CC[C@]2([C@H]3CC4=C5[C@]2([C@H]1OC5=C(C=C4)O)CCN3CC6CC6)O.Cl,2
naloxegol_oxalate_cid56959086.png,naloxegol_oxalate_cid56959086,Naloxegol oxalate,56959086,COCCOCCOCCOCCOCCOCCOCCO[C@H]1CC[C@]2([C@H]3CC4=C5[C@]2([C@H]1OC5=C(C=C4)O)CCN3CC=C)O.C(=O)(C(=O)O)O,2
naloxone_cid5284596.png,naloxone_cid5284596,Naloxone,5284596,C=CCN1CC[C@]23[C@@H]4C(=O)CC[C@]2([C@H]1CC5=C3C(=C(C=C5)O)O4)O,2
naloxone_hydrochloride_cid5464092.png,naloxone_hydrochloride_cid5464092,Naloxone Hydrochloride,5464092,C=CCN1CC[C@]23[C@@H]4C(=O)CC[C@]2([C@H]1CC5=C3C(=C(C=C5)O)O4)O.Cl,2
naltrexone_cid5360515.png,naltrexone_cid5360515,Naltrexone,5360515,C1CC1CN2CC[C@]34[C@@H]5C(=O)CC[C@]3([C@H]2CC6=C4C(=C(C=C6)O)O5)O,2
nandrolone_cid9904.png,nandrolone_cid9904,Nandrolone,9904,C[C@]12CC[C@H]3[C@H]([C@@H]1CC[C@@H]2O)CCC4=CC(=O)CC[C@H]34,2
naphazoline_cid4436.png,naphazoline_cid4436,Naphazoline,4436,C1CN=C(N1)CC2=CC=CC3=CC=CC=C32,2
naphthalene_cid931.png,naphthalene_cid931,Naphthalene,931,C1=CC=C2C=CC=CC2=C1,2
naproxen_cid156391.png,naproxen_cid156391,Naproxen,156391,C[C@@H](C1=CC2=C(C=C1)C=C(C=C2)OC)C(=O)O,2
naproxen_sodium_cid23681059.png,naproxen_sodium_cid23681059,Naproxen Sodium,23681059,C[C@@H](C1=CC2=C(C=C1)C=C(C=C2)OC)C(=O)[O-].[Na+],2
napsagatran_cid11954363.png,napsagatran_cid11954363,Napsagatran,11954363,C1C[C@H](CN(C1)C(=N)N)CNC(=O)C[C@@H](C(=O)N(CC(=O)O)C2CC2)NS(=O)(=O)C3=CC4=CC=CC=C4C=C3.O,2
narasin_cid65452.png,narasin_cid65452,Narasin,65452,CC[C@H]([C@H]1[C@H](C[C@@H]([C@@H](O1)[C@@H](C)[C@@H]([C@H](C)C(=O)[C@H](CC)[C@@H]2[C@H](C[C@H]([C@]3(O2)C=C[C@H]([C@@]4(O3)CC[C@@](O4)(C)[C@H]5CC[C@@]([C@@H](O5)C)(CC)O)O)C)C)O)C)C)C(=O)O,2
naratriptan_cid4440.png,naratriptan_cid4440,Naratriptan,4440,CNS(=O)(=O)CCC1=CC2=C(C=C1)NC=C2C3CCN(CC3)C,2
natamycin_cid5284447.png,natamycin_cid5284447,Natamycin,5284447,C[C@@H]1C/C=C/C=C/C=C/C=C/[C@@H](C[C@H]2[C@@H]([C@H](C[C@](O2)(C[C@H](C[C@@H]3[C@H](O3)/C=C/C(=O)O1)O)O)O)C(=O)O)O[C@H]4[C@H]([C@H]([C@@H]([C@H](O4)C)O)N)O,2
nateglinide_cid5311309.png,nateglinide_cid5311309,Nateglinide,5311309,CC(C)C1CCC(CC1)C(=O)N[C@H](CC2=CC=CC=C2)C(=O)O,2
navtemadlin_cid58573469.png,navtemadlin_cid58573469,Navtemadlin,58573469,CC(C)[C@@H](CS(=O)(=O)C(C)C)N1[C@@H]([C@H](C[C@](C1=O)(C)CC(=O)O)C2=CC(=CC=C2)Cl)C3=CC=C(C=C3)Cl,2
nebivolol_cid71301.png,nebivolol_cid71301,Nebivolol,71301,C1CC2=C(C=CC(=C2)F)OC1C(CNCC(C3CCC4=C(O3)C=CC(=C4)F)O)O,2
nedaplatin_cid9796440.png,nedaplatin_cid9796440,Nedaplatin,9796440,C(C(=O)[O-])[O-].N.N.[Pt+2],2
nefazodone_cid4449.png,nefazodone_cid4449,Nefazodone,4449,CCC1=NN(C(=O)N1CCOC2=CC=CC=C2)CCCN3CCN(CC3)C4=CC(=CC=C4)Cl,2
nelfinavir_cid64143.png,nelfinavir_cid64143,Nelfinavir,64143,CC1=C(C=CC=C1O)C(=O)N[C@@H](CSC2=CC=CC=C2)[C@@H](CN3C[C@H]4CCCC[C@H]4C[C@H]3C(=O)NC(C)(C)C)O,2
nemadectin_cid6436124.png,nemadectin_cid6436124,Nemadectin,6436124,C[C@@H]\1C/C(=C/C[C@@H]2C[C@@H](C[C@@]3(O2)C[C@@H]([C@@H]([C@H](O3)/C(=C/C(C)C)/C)C)O)OC(=O)[C@@H]4C=C([C@H]([C@@H]5[C@]4(/C(=C/C=C1)/CO5)O)O)C)/C,2
neoarsphenamine_cid76961391.png,neoarsphenamine_cid76961391,Neoarsphenamine,76961391,C1=CC(=C(C=C1[As]=[As]C2=CC(=C(C=C2)O)NCOS[O-])N)O.[Na+],2
neomycin_cid8378.png,neomycin_cid8378,Neomycin,8378,C1[C@H]([C@@H]([C@H]([C@@H]([C@H]1N)O[C@@H]2[C@@H]([C@H]([C@@H]([C@H](O2)CN)O)O)N)O[C@H]3[C@@H]([C@@H]([C@H](O3)CO)O[C@@H]4[C@@H]([C@H]([C@@H]([C@@H](O4)CN)O)O)N)O)O)N,2
nepafenac_cid151075.png,nepafenac_cid151075,Nepafenac,151075,C1=CC=C(C=C1)C(=O)C2=CC=CC(=C2N)CC(=O)N,2
neramexane_cid6433106.png,neramexane_cid6433106,Neramexane,6433106,CC1(CC(CC(C1)(C)N)(C)C)C,2
neratinib_cid9915743.png,neratinib_cid9915743,Neratinib,9915743,CCOC1=C(C=C2C(=C1)N=CC(=C2NC3=CC(=C(C=C3)OCC4=CC=CC=N4)Cl)C#N)NC(=O)/C=C/CN(C)C,2
netarsudil_cid66599893.png,netarsudil_cid66599893,Netarsudil,66599893,CC1=CC(=C(C=C1)C(=O)OCC2=CC=C(C=C2)[C@@H](CN)C(=O)NC3=CC4=C(C=C3)C=NC=C4)C,2
neticonazole_cid5282433.png,neticonazole_cid5282433,Neticonazole,5282433,CCCCCOC1=CC=CC=C1/C(=C\SC)/N2C=CN=C2,2
netupitant_cid6451149.png,netupitant_cid6451149,Netupitant,6451149,CC1=CC=CC=C1C2=CC(=NC=C2N(C)C(=O)C(C)(C)C3=CC(=CC(=C3)C(F)(F)F)C(F)(F)F)N4CCN(CC4)C,2
nevirapine_cid4463.png,nevirapine_cid4463,Nevirapine,4463,CC1=C2C(=NC=C1)N(C3=C(C=CC=N3)C(=O)N2)C4CC4,2
nicardipine_cid4474.png,nicardipine_cid4474,Nicardipine,4474,CC1=C(C(C(=C(N1)C)C(=O)OCCN(C)CC2=CC=CC=C2)C3=CC(=CC=C3)[N+](=O)[O-])C(=O)OC,2
nickel_tetracarbonyl_cid26039.png,nickel_tetracarbonyl_cid26039,Nickel tetracarbonyl,26039,[C-]#[O+].[C-]#[O+].[C-]#[O+].[C-]#[O+].[Ni],2
nickelocene_cid62390.png,nickelocene_cid62390,Nickelocene,62390,[CH-]1C=CC=C1.[CH-]1C=CC=C1.[Ni+2],2
niclosamide_cid4477.png,niclosamide_cid4477,Niclosamide,4477,C1=CC(=C(C=C1[N+](=O)[O-])Cl)NC(=O)C2=C(C=CC(=C2)Cl)O,2
nicomorphine_cid5362460.png,nicomorphine_cid5362460,Nicomorphine,5362460,CN1CC[C@]23[C@@H]4[C@H]1CC5=C2C(=C(C=C5)OC(=O)C6=CN=CC=C6)O[C@H]3[C@H](C=C4)OC(=O)C7=CN=CC=C7,2
nicorandil_cid47528.png,nicorandil_cid47528,Nicorandil,47528,C1=CC(=CN=C1)C(=O)NCCO[N+](=O)[O-],2
nicotinamide_cid936.png,nicotinamide_cid936,Nicotinamide,936,C1=CC(=CN=C1)C(=O)N,2
nicotine_cid89594.png,nicotine_cid89594,Nicotine,89594,CN1CCC[C@H]1C2=CN=CC=C2,2
nicotinic_acid_cid938.png,nicotinic_acid_cid938,Nicotinic Acid,938,C1=CC(=CN=C1)C(=O)O,2
nifedipine_cid4485.png,nifedipine_cid4485,Nifedipine,4485,CC1=C(C(C(=C(N1)C)C(=O)OC)C2=CC=CC=C2[N+](=O)[O-])C(=O)OC,2
nifekalant_cid4486.png,nifekalant_cid4486,Nifekalant,4486,CN1C(=CC(=O)N(C1=O)C)NCCN(CCCC2=CC=C(C=C2)[N+](=O)[O-])CCO,2
nifenazone_cid4487.png,nifenazone_cid4487,Nifenazone,4487,CC1=C(C(=O)N(N1C)C2=CC=CC=C2)NC(=O)C3=CN=CC=C3,2
nifuroxazide_cid5337997.png,nifuroxazide_cid5337997,Nifuroxazide,5337997,C1=CC(=CC=C1C(=O)N/N=C/C2=CC=C(O2)[N+](=O)[O-])O,2
niguldipine_cid60602.png,niguldipine_cid60602,Niguldipine,60602,CC1=C([C@@H](C(=C(N1)C)C(=O)OCCCN2CCC(CC2)(C3=CC=CC=C3)C4=CC=CC=C4)C5=CC(=CC=C5)[N+](=O)[O-])C(=O)OC,2
nikkomycin_x_cid194647.png,nikkomycin_x_cid194647,Nikkomycin X,194647,CC(C(C1=NC=C(C=C1)O)O)C(C(=O)NC(C2C(C(C(O2)N3C=C(NC3=O)C=O)O)O)C(=O)O)N,2
nikkomycin_z_cid456557.png,nikkomycin_z_cid456557,Nikkomycin Z,456557,C[C@H]([C@@H](C1=NC=C(C=C1)O)O)[C@@H](C(=O)N[C@@H]([C@@H]2[C@H]([C@H]([C@@H](O2)N3C=CC(=O)NC3=O)O)O)C(=O)O)N,2
nilotinib_cid644241.png,nilotinib_cid644241,Nilotinib,644241,CC1=C(C=C(C=C1)C(=O)NC2=CC(=CC(=C2)C(F)(F)F)N3C=C(N=C3)C)NC4=NC=CC(=N4)C5=CN=CC=C5,2
niludipine_cid89767.png,niludipine_cid89767,Niludipine,89767,CCCOCCOC(=O)C1=C(NC(=C(C1C2=CC(=CC=C2)[N+](=O)[O-])C(=O)OCCOCCC)C)C,2
nilvadipine_cid4494.png,nilvadipine_cid4494,Nilvadipine,4494,CC1=C(C(C(=C(N1)C#N)C(=O)OC)C2=CC(=CC=C2)[N+](=O)[O-])C(=O)OC(C)C,2
nimesulide_cid4495.png,nimesulide_cid4495,Nimesulide,4495,CS(=O)(=O)NC1=C(C=C(C=C1)[N+](=O)[O-])OC2=CC=CC=C2,2
nimodipine_cid4497.png,nimodipine_cid4497,Nimodipine,4497,CC1=C(C(C(=C(N1)C)C(=O)OC(C)C)C2=CC(=CC=C2)[N+](=O)[O-])C(=O)OCCOC,2
nintedanib_esylate_cid135476717.png,nintedanib_esylate_cid135476717,Nintedanib esylate,135476717,CCS(=O)(=O)O.CN1CCN(CC1)CC(=O)N(C)C2=CC=C(C=C2)N=C(C3=CC=CC=C3)C4=C(NC5=C4C=CC(=C5)C(=O)OC)O,2
nipradilol_cid72006.png,nipradilol_cid72006,Nipradilol,72006,CC(C)NCC(COC1=CC=CC2=C1OCC(C2)O[N+](=O)[O-])O,2
niraparib_cid24958200.png,niraparib_cid24958200,Niraparib,24958200,C1C[C@H](CNC1)C2=CC=C(C=C2)N3C=C4C=CC=C(C4=N3)C(=O)N,2
nirmatrelvir_cid155903259.png,nirmatrelvir_cid155903259,Nirmatrelvir,155903259,CC1([C@@H]2[C@H]1[C@H](N(C2)C(=O)[C@H](C(C)(C)C)NC(=O)C(F)(F)F)C(=O)N[C@@H](C[C@@H]3CCNC3=O)C#N)C,2
nisoldipine_cid4499.png,nisoldipine_cid4499,Nisoldipine,4499,CC1=C(C(C(=C(N1)C)C(=O)OCC(C)C)C2=CC=CC=C2[N+](=O)[O-])C(=O)OC,2
nitarsone_cid66826.png,nitarsone_cid66826,Nitarsone,66826,C1=CC(=CC=C1[N+](=O)[O-])[As](=O)(O)O,2
nitazoxanide_cid41684.png,nitazoxanide_cid41684,Nitazoxanide,41684,CC(=O)OC1=CC=CC=C1C(=O)NC2=NC=C(S2)[N+](=O)[O-],2
nitisinone_cid115355.png,nitisinone_cid115355,Nitisinone,115355,C1CC(=O)C(C(=O)C1)C(=O)C2=C(C=C(C=C2)C(F)(F)F)[N+](=O)[O-],2
nitramine_cid10178.png,nitramine_cid10178,Nitramine,10178,CN(C1=C(C=C(C=C1[N+](=O)[O-])[N+](=O)[O-])[N+](=O)[O-])[N+](=O)[O-],2
nitrazepam_cid4506.png,nitrazepam_cid4506,Nitrazepam,4506,C1C(=O)NC2=C(C=C(C=C2)[N+](=O)[O-])C(=N1)C3=CC=CC=C3,2
nitrendipine_cid4507.png,nitrendipine_cid4507,Nitrendipine,4507,CCOC(=O)C1=C(NC(=C(C1C2=CC(=CC=C2)[N+](=O)[O-])C(=O)OC)C)C,2
nitric_acid_cid944.png,nitric_acid_cid944,Nitric Acid,944,[N+](=O)(O)[O-],2
nitric_oxide_cid145068.png,nitric_oxide_cid145068,Nitric Oxide,145068,[N]=O,2
nitrobenzene_d5_cid123210.png,nitrobenzene_d5_cid123210,Nitrobenzene-d5,123210,[2H]C1=C(C(=C(C(=C1[2H])[2H])[N+](=O)[O-])[2H])[2H],2
nitrofurantoin_cid6604200.png,nitrofurantoin_cid6604200,Nitrofurantoin,6604200,C1C(=O)NC(=O)N1/N=C/C2=CC=C(O2)[N+](=O)[O-],2
nitrofurazone_cid5447130.png,nitrofurazone_cid5447130,Nitrofurazone,5447130,C1=C(OC(=C1)[N+](=O)[O-])/C=N/NC(=O)N,2
nitroglycerin_cid4510.png,nitroglycerin_cid4510,Nitroglycerin,4510,C(C(CO[N+](=O)[O-])O[N+](=O)[O-])O[N+](=O)[O-],2
nitrous_oxide_cid948.png,nitrous_oxide_cid948,Nitrous Oxide,948,[N-]=[N+]=O,2
nizatidine_cid4513.png,nizatidine_cid4513,Nizatidine,4513,CNC(=C[N+](=O)[O-])NCCSCC1=CSC(=N1)CN(C)C,2
nocathiacin_i_cid16142519.png,nocathiacin_i_cid16142519,Nocathiacin I,16142519,C[C@H]1[C@H]([C@@](C[C@@H](O1)O[C@H]2[C@@H]3[C@H]4C5=NC(=CS5)C(=O)N[C@@H](COC(=O)C6=C(CO3)C7=C(COC2=O)C=CC=C7N6O)C8=NC(=CS8)C9=NC(=C(C=C9C1=NC(=CS1)C(=O)N[C@H](C(=O)N/C(=C(\C)/OC)/C1=NC(=CS1)C(=O)N4)[C@@H](C)O)O)C1=NC(=CS1)C(=O)NC(=C)C(=O)N)(C)O)N(C)C,2
nogalamycin_cid5289019.png,nogalamycin_cid5289019,Nogalamycin,5289019,C[C@H]1[C@@H]([C@@]([C@H]([C@@H](O1)O[C@H]2C[C@]([C@@H](C3=CC4=C(C(=C23)O)C(=O)C5=C(C=C6C(=C5C4=O)O[C@H]7[C@H]([C@@H]([C@H]([C@@]6(O7)C)O)N(C)C)O)O)C(=O)OC)(C)O)OC)(C)OC)OC,2
nonactin_cid72519.png,nonactin_cid72519,Nonactin,72519,C[C@@H]1C[C@H]2CC[C@H](O2)[C@@H](C(=O)O[C@H](C[C@@H]3CC[C@@H](O3)[C@H](C(=O)O[C@@H](C[C@H]4CC[C@H](O4)[C@@H](C(=O)O[C@H](C[C@@H]5CC[C@@H](O5)[C@H](C(=O)O1)C)C)C)C)C)C)C,2
norelgestromin_cid62930.png,norelgestromin_cid62930,Norelgestromin,62930,CC[C@]12CC[C@H]3[C@H]([C@@H]1CC[C@]2(C#C)O)CCC4=CC(=NO)CC[C@H]34,2
norepinephrine_cid439260.png,norepinephrine_cid439260,Norepinephrine,439260,C1=CC(=C(C=C1[C@H](CN)O)O)O,2
norethandrolone_cid5858.png,norethandrolone_cid5858,Norethandrolone,5858,CC[C@@]1(CC[C@@H]2[C@@]1(CC[C@H]3[C@H]2CCC4=CC(=O)CC[C@H]34)C)O,2
norethindrone_cid6230.png,norethindrone_cid6230,Norethindrone,6230,C[C@]12CC[C@H]3[C@H]([C@@H]1CC[C@]2(C#C)O)CCC4=CC(=O)CC[C@H]34,2
nortriptyline_cid4543.png,nortriptyline_cid4543,Nortriptyline,4543,CNCCC=C1C2=CC=CC=C2CCC3=CC=CC=C31,2
norucholic_acid_cid192254.png,norucholic_acid_cid192254,Norucholic Acid,192254,C[C@H](CC(=O)O)[C@H]1CC[C@@H]2[C@@]1(CC[C@H]3[C@H]2[C@H](C[C@H]4[C@@]3(CC[C@H](C4)O)C)O)C,2
noscapine_cid275196.png,noscapine_cid275196,Noscapine,275196,CN1CCC2=CC3=C(C(=C2[C@@H]1[C@@H]4C5=C(C(=C(C=C5)OC)OC)C(=O)O4)OC)OCO3,2
nosiheptide_cid16130051.png,nosiheptide_cid16130051,Nosiheptide,16130051,CC=C1C2=NC(=CS2)C(=O)NC3CC(C(=O)OCC4=C5C(=C(C(=O)SCC(C6=NC(=CS6)C7=NC(=C(C=C7C8=NC(=CS8)C(=O)NC(C(=O)N1)C(C)O)O)C9=NC(=CS9)C(=O)NC(=C)C(=O)N)NC(=O)C1=CSC3=N1)NC5=CC=C4)C)O,2
novolimus_cid9854320.png,novolimus_cid9854320,Novolimus,9854320,C[C@@H]1CC[C@H]2C[C@@H](/C(=C/C=C/C=C/[C@H](C[C@H](C(=O)[C@@H]([C@@H](/C(=C/[C@H](C(=O)C[C@H](OC(=O)[C@@H]3CCCCN3C(=O)C(=O)[C@@]1(O2)O)[C@H](C)C[C@@H]4CC[C@H]([C@@H](C4)OC)O)C)/C)O)OC)C)C)/C)O,2
noxiptiline_cid21087.png,noxiptiline_cid21087,Noxiptiline,21087,CN(C)CCON=C1C2=CC=CC=C2CCC3=CC=CC=C31,2
npc209773_cid174174.png,npc209773_cid174174,Npc209773,174174,CN1[C@@H]2CC[C@H]1CC(C2)OC(=O)C(CO)C3=CC=CC=C3,2
nystatin_usp_inn_ban_jan_cid6433272.png,nystatin_usp_inn_ban_jan_cid6433272,Nystatin [USP:INN:BAN:JAN],6433272,C[C@H]1/C=C/C=C/CC/C=C/C=C/C=C/C=C/C(CC2C(C(C[C@](O2)(CC(C(CCC(CC(CC(CC(=O)O[C@H]([C@@H]([C@@H]1O)C)C)O)O)O)O)O)O)O)C(=O)O)O[C@@H]3[C@H]([C@H]([C@@H]([C@H](O3)C)O)N)O,2
o_acetylpsilocin_cid15429212.png,o_acetylpsilocin_cid15429212,O-Acetylpsilocin,15429212,CC(=O)OC1=CC=CC2=C1C(=CN2)CCN(C)C,2
obeticholic_acid_cid447715.png,obeticholic_acid_cid447715,Obeticholic Acid,447715,CC[C@@H]1[C@@H]2C[C@@H](CC[C@@]2([C@H]3CC[C@]4([C@H]([C@@H]3[C@@H]1O)CC[C@@H]4[C@H](C)CCC(=O)O)C)C)O,2
obicetrapib_cid11498596.png,obicetrapib_cid11498596,Obicetrapib,11498596,CC[C@@H]1C[C@@H](C2=C(N1C(=O)OCC)C=CC(=C2)C(F)(F)F)N(CC3=CC(=CC(=C3)C(F)(F)F)C(F)(F)F)C4=NC=C(C=N4)OCCCC(=O)O,2
obidoxime_chloride_cid135566074.png,obidoxime_chloride_cid135566074,Obidoxime Chloride,135566074,C1=C[N+](=CC=C1/C=N/O)COC[N+]2=CC=C(C=C2)/C=N/O.[Cl-].[Cl-],2
oclacitinib_cid44631938.png,oclacitinib_cid44631938,Oclacitinib,44631938,CNS(=O)(=O)CC1CCC(CC1)N(C)C2=NC=NC3=C2C=CN3,2
octapeptin_cid3084738.png,octapeptin_cid3084738,Octapeptin,3084738,CCC(C)CCCCC(CC(=O)N[C@H]1CCNC(=O)[C@@H](NC(=O)[C@@H](NC(=O)[C@@H](NC(=O)[C@@H](NC(=O)[C@@H](NC(=O)[C@@H](NC(=O)[C@@H](NC1=O)CCN)CCN)CC(C)C)CC(C)C)CCN)CCN)CC(C)C)O,2
octenidine_hydrochloride_cid51166.png,octenidine_hydrochloride_cid51166,Octenidine Hydrochloride,51166,CCCCCCCCN=C1C=CN(C=C1)CCCCCCCCCCN2C=CC(=NCCCCCCCC)C=C2.Cl.Cl,2
octogen_cid17596.png,octogen_cid17596,Octogen,17596,C1N(CN(CN(CN1[N+](=O)[O-])[N+](=O)[O-])[N+](=O)[O-])[N+](=O)[O-],2
octreotide_acetate_cid155804637.png,octreotide_acetate_cid155804637,Octreotide Acetate,155804637,C[C@H]([C@H]1C(=O)N[C@@H](CSSC[C@@H](C(=O)N[C@H](C(=O)N[C@@H](C(=O)N[C@H](C(=O)N1)CCCCN)CC2=CNC3=CC=CC=C32)CC4=CC=CC=C4)NC(=O)[C@@H](CC5=CC=CC=C5)N)C(=O)N[C@H](CO)[C@@H](C)O)O.CC(=O)O.CC(=O)O,2
octreotide_cid448601.png,octreotide_cid448601,Octreotide,448601,C[C@H]([C@H]1C(=O)N[C@@H](CSSC[C@@H](C(=O)N[C@H](C(=O)N[C@@H](C(=O)N[C@H](C(=O)N1)CCCCN)CC2=CNC3=CC=CC=C32)CC4=CC=CC=C4)NC(=O)[C@@H](CC5=CC=CC=C5)N)C(=O)N[C@H](CO)[C@@H](C)O)O,2
oglemilast_cid11387409.png,oglemilast_cid11387409,Oglemilast,11387409,CS(=O)(=O)NC1=CC2=C(C=C1)OC3=C(C=CC(=C23)C(=O)NC4=C(C=NC=C4Cl)Cl)OC(F)F,2
okadaic_acid_cid446512.png,okadaic_acid_cid446512,Okadaic Acid,446512,C[C@@H]1CC[C@]2(CCCCO2)O[C@@H]1[C@@H](C)C[C@@H]([C@@H]3C(=C)[C@H]([C@H]4[C@H](O3)CC[C@]5(O4)CC[C@@H](O5)/C=C/[C@@H](C)[C@@H]6CC(=C[C@@]7(O6)[C@@H](CC[C@H](O7)C[C@](C)(C(=O)O)O)O)C)O)O,2
olanzapine_cid135398745.png,olanzapine_cid135398745,Olanzapine,135398745,CC1=CC2=C(S1)NC3=CC=CC=C3N=C2N4CCN(CC4)C,2
olaparib_cid23725625.png,olaparib_cid23725625,Olaparib,23725625,C1CC1C(=O)N2CCN(CC2)C(=O)C3=C(C=CC(=C3)CC4=NNC(=O)C5=CC=CC=C54)F,2
olcegepant_cid6918509.png,olcegepant_cid6918509,Olcegepant,6918509,C1CN(CCC1N2CC3=CC=CC=C3NC2=O)C(=O)N[C@H](CC4=CC(=C(C(=C4)Br)O)Br)C(=O)N[C@@H](CCCCN)C(=O)N5CCN(CC5)C6=CC=NC=C6,2
oleandomycin_cid72493.png,oleandomycin_cid72493,Oleandomycin,72493,C[C@@H]1C[C@@H]([C@H]([C@@H](O1)O[C@H]2[C@H](C[C@@]3(CO3)C(=O)[C@@H]([C@H]([C@H]([C@H](OC(=O)[C@@H]([C@H]([C@@H]2C)O[C@H]4C[C@@H]([C@H]([C@@H](O4)C)O)OC)C)C)C)O)C)C)O)N(C)C,2
oleic_acid_cid445639.png,oleic_acid_cid445639,Oleic Acid,445639,CCCCCCCC/C=C\CCCCCCCC(=O)O,3
oliceridine_cid66553195.png,oliceridine_cid66553195,Oliceridine,66553195,COC1=C(SC=C1)CNCC[C@]2(CCOC3(C2)CCCC3)C4=CC=CC=N4,3
olinciguat_cid90445883.png,olinciguat_cid90445883,Olinciguat,90445883,C1=CC=C(C(=C1)CN2C(=CC(=N2)C3=NC=C(C(=N3)NC[C@@](C(=O)N)(C(F)(F)F)O)F)C4=NOC=C4)F,3
olmesartan_cid158781.png,olmesartan_cid158781,Olmesartan,158781,CCCC1=NC(=C(N1CC2=CC=C(C=C2)C3=CC=CC=C3C4=NNN=N4)C(=O)O)C(C)(C)O,3
olodaterol_cid11504295.png,olodaterol_cid11504295,Olodaterol,11504295,CC(C)(CC1=CC=C(C=C1)OC)NC[C@@H](C2=C3C(=CC(=C2)O)NC(=O)CO3)O,3
olodaterol_tiotropium_bromide_cid5487426.png,olodaterol_tiotropium_bromide_cid5487426,Olodaterol/tiotropium bromide,5487426,C[N+]1([C@@H]2CC(C[C@H]1[C@H]3[C@@H]2O3)OC(=O)C(C4=CC=CS4)(C5=CC=CS5)O)C.[Br-],3
olopatadine_cid5281071.png,olopatadine_cid5281071,Olopatadine,5281071,CN(C)CC/C=C\1/C2=CC=CC=C2COC3=C1C=C(C=C3)CC(=O)O,3
olorigliflozin_cid122660464.png,olorigliflozin_cid122660464,Olorigliflozin,122660464,CCOC1=CC=C(C=C1)CC2=C(C=CC(=C2)[C@@]34[C@@H]([C@H]([C@@H]([C@@](O3)(CO4)[C@@H](C)O)O)O)O)Cl,3
olsalazine_cid22419.png,olsalazine_cid22419,Olsalazine,22419,C1=CC(=C(C=C1N=NC2=CC(=C(C=C2)O)C(=O)O)C(=O)O)O,3
olutasidenib_cid118955396.png,olutasidenib_cid118955396,Olutasidenib,118955396,C[C@@H](C1=CC2=C(C=CC(=C2)Cl)NC1=O)NC3=CC=C(N(C3=O)C)C#N,3
omarigliptin_cid46209133.png,omarigliptin_cid46209133,Omarigliptin,46209133,CS(=O)(=O)N1C=C2CN(CC2=N1)[C@@H]3C[C@@H]([C@H](OC3)C4=C(C=CC(=C4)F)F)N,3
ombitasvir_cid54767916.png,ombitasvir_cid54767916,Ombitasvir,54767916,CC(C)[C@@H](C(=O)N1CCC[C@H]1C(=O)NC2=CC=C(C=C2)[C@@H]3CC[C@H](N3C4=CC=C(C=C4)C(C)(C)C)C5=CC=C(C=C5)NC(=O)[C@@H]6CCCN6C(=O)[C@H](C(C)C)NC(=O)OC)NC(=O)OC,3
omeprazole_cid4594.png,omeprazole_cid4594,Omeprazole,4594,CC1=CN=C(C(=C1OC)C)CS(=O)C2=NC3=C(N2)C=C(C=C3)OC,3
ondansetron_cid4595.png,ondansetron_cid4595,Ondansetron,4595,CC1=NC=CN1CC2CCC3=C(C2=O)C4=CC=CC=C4N3C,3
ondansetron_hydrochloride_cid68647.png,ondansetron_hydrochloride_cid68647,Ondansetron Hydrochloride,68647,CC1=NC=CN1CC2CCC3=C(C2=O)C4=CC=CC=C4N3C.Cl,3
ontazolast_cid71458.png,ontazolast_cid71458,Ontazolast,71458,CC1=CC2=C(C=C1)OC(=N2)N[C@@H](CC3CCCCC3)C4=CC=CC=N4,3
opicapone_cid135565903.png,opicapone_cid135565903,Opicapone,135565903,CC1=C(C(=[N+](C(=C1Cl)C)[O-])Cl)C2=NOC(=N2)C3=CC(=C(C(=C3)O)O)[N+](=O)[O-],3
orforglipron_cid137319706.png,orforglipron_cid137319706,Orforglipron,137319706,C[C@H]1C[C@]1(C2=NOC(=O)N2)N3C4=C(C=C(C=C4)[C@H]5CCOC(C5)(C)C)C=C3C(=O)N6CCC7=NN(C(=C7[C@@H]6C)N8C=CN(C8=O)C9=C(C1=C(C=C9)N(N=C1)C)F)C1=CC(=C(C(=C1)C)F)C,3
oridonin_cid5321010.png,oridonin_cid5321010,Oridonin,5321010,CC1(CC[C@@H]([C@]23[C@@H]1[C@@H]([C@]([C@]45[C@H]2CC[C@H]([C@H]4O)C(=C)C5=O)(OC3)O)O)O)C,3
orismilast_cid54765967.png,orismilast_cid54765967,Orismilast,54765967,C1CS(=O)(=O)CCC12OC3=C(C=CC(=C3O2)OC(F)F)C(=O)CC4=C(C=[N+](C=C4Cl)[O-])Cl,3
oritavancin_cid16136912.png,oritavancin_cid16136912,Oritavancin,16136912,C[C@H]1[C@@H]([C@@](C[C@@H](O1)O[C@H]2[C@H]3C(=O)N[C@@H](C4=C(C(=CC(=C4)O)O)C5=C(C=CC(=C5)[C@H](C(=O)N3)NC(=O)[C@H]6C7=CC(=C(C(=C7)OC8=C(C=C2C=C8)Cl)O[C@H]9[C@@H]([C@H]([C@@H]([C@H](O9)CO)O)O)O[C@H]1C[C@]([C@H]([C@@H](O1)C)O)(C)NCC1=CC=C(C=C1)C1=CC=C(C=C1)Cl)OC1=C(C=C(C=C1)[C@H]([C@H](C(=O)N[C@H](C(=O)N6)CC(=O)N)NC(=O)[C@@H](CC(C)C)NC)O)Cl)O)C(=O)O)(C)N)O,3
orlistat_cid3034010.png,orlistat_cid3034010,Orlistat,3034010,CCCCCCCCCCC[C@@H](C[C@H]1[C@@H](C(=O)O1)CCCCCC)OC(=O)[C@H](CC(C)C)NC=O,3
ormaplatin_cid6434704.png,ormaplatin_cid6434704,Ormaplatin,6434704,C1CC[C@H]([C@@H](C1)N)N.Cl[Pt+2](Cl)(Cl)Cl,3
ornidazole_cid28061.png,ornidazole_cid28061,Ornidazole,28061,CC1=NC=C(N1CC(CCl)O)[N+](=O)[O-],3
ornipressin_cid14257660.png,ornipressin_cid14257660,Ornipressin,14257660,C1C[C@H](N(C1)C(=O)[C@@H]2CSSC[C@@H](C(=O)N[C@H](C(=O)N[C@H](C(=O)N[C@H](C(=O)N[C@H](C(=O)N2)CC(=O)N)CCC(=O)N)CC3=CC=CC=C3)CC4=CC=C(C=C4)O)N)C(=O)N[C@@H](CCCN)C(=O)NCC(=O)N,3
orphenadrine_cid4601.png,orphenadrine_cid4601,Orphenadrine,4601,CC1=CC=CC=C1C(C2=CC=CC=C2)OCCN(C)C,3
ortataxel_cid6918412.png,ortataxel_cid6918412,Ortataxel,6918412,CC1=C2[C@H](C(=O)[C@@]3([C@H](C[C@@H]4[C@]([C@H]3[C@@H]([C@@]5(C2(C)C)[C@H]([C@@H]1OC(=O)[C@@H]([C@H](CC(C)C)NC(=O)OC(C)(C)C)O)OC(=O)O5)OC(=O)C6=CC=CC=C6)(CO4)OC(=O)C)O)C)OC(=O)C,3
orvepitant_cid9852175.png,orvepitant_cid9852175,Orvepitant,9852175,CC1=C(C=CC(=C1)F)[C@H]2C[C@H](CCN2C(=O)N(C)[C@H](C)C3=CC(=CC(=C3)C(F)(F)F)C(F)(F)F)N4CCN5[C@H](C4)CCC5=O,3
oseltamivir_cid65028.png,oseltamivir_cid65028,Oseltamivir,65028,CCC(CC)O[C@@H]1C=C(C[C@@H]([C@H]1NC(=O)C)N)C(=O)OCC,3
osilodrostat_cid44139752.png,osilodrostat_cid44139752,Osilodrostat,44139752,C1CC2=CN=CN2[C@H]1C3=C(C=C(C=C3)C#N)F,3
osimertinib_cid71496458.png,osimertinib_cid71496458,Osimertinib,71496458,CN1C=C(C2=CC=CC=C21)C3=NC(=NC=C3)NC4=C(C=C(C(=C4)NC(=O)C=C)N(C)CCN(C)C)OC,3
osimertinib_mesylate_cid78357807.png,osimertinib_mesylate_cid78357807,Osimertinib Mesylate,78357807,CN1C=C(C2=CC=CC=C21)C3=NC(=NC=C3)NC4=C(C=C(C(=C4)NC(=O)C=C)N(C)CCN(C)C)OC.CS(=O)(=O)O,3
ospemifene_cid3036505.png,ospemifene_cid3036505,Ospemifene,3036505,C1=CC=C(C=C1)/C(=C(/C2=CC=CC=C2)\C3=CC=C(C=C3)OCCO)/CCCl,3
otamixaban_cid5496659.png,otamixaban_cid5496659,Otamixaban,5496659,C[C@H]([C@@H](CC1=CC(=CC=C1)C(=N)N)C(=O)OC)NC(=O)C2=CC=C(C=C2)C3=CC=[N+](C=C3)[O-],3
oteseconazole_cid77050711.png,oteseconazole_cid77050711,Oteseconazole,77050711,C1=CC(=CC=C1C2=CN=C(C=C2)C([C@](CN3C=NN=N3)(C4=C(C=C(C=C4)F)F)O)(F)F)OCC(F)(F)F,3
otilonium_bromide_cid72092.png,otilonium_bromide_cid72092,Otilonium Bromide,72092,CCCCCCCCOC1=CC=CC=C1C(=O)NC2=CC=C(C=C2)C(=O)OCC[N+](C)(CC)CC.[Br-],3
ouabain_cid439501.png,ouabain_cid439501,Ouabain,439501,C[C@H]1[C@@H]([C@H]([C@H]([C@@H](O1)O[C@H]2C[C@H]([C@@]3([C@@H]4[C@@H](CC[C@@]3(C2)O)[C@]5(CC[C@@H]([C@]5(C[C@H]4O)C)C6=CC(=O)OC6)O)CO)O)O)O)O,3
oveporexton_cid154617563.png,oveporexton_cid154617563,Oveporexton,154617563,CCS(=O)(=O)N[C@@H]1[C@@H](N(CC1(F)F)C(=O)C(C)(C)O)CC2=C(C(=CC=C2)C3=CC(=CC(=C3)F)F)F,3
oxacillin_cid6196.png,oxacillin_cid6196,Oxacillin,6196,CC1=C(C(=NO1)C2=CC=CC=C2)C(=O)N[C@H]3[C@@H]4N(C3=O)[C@H](C(S4)(C)C)C(=O)O,3
oxalic_acid_cid971.png,oxalic_acid_cid971,Oxalic Acid,971,C(=O)(C(=O)O)O,3
oxamarin_cid27190.png,oxamarin_cid27190,Oxamarin,27190,CCN(CC)CCOC1=C(C=C2C(=C1)C(=CC(=O)O2)C)OCCN(CC)CC,3
oxandrolone_cid5878.png,oxandrolone_cid5878,Oxandrolone,5878,C[C@]12CC[C@H]3[C@H]([C@@H]1CC[C@]2(C)O)CC[C@@H]4[C@@]3(COC(=O)C4)C,3
oxaprozin_cid4614.png,oxaprozin_cid4614,Oxaprozin,4614,C1=CC=C(C=C1)C2=C(OC(=N2)CCC(=O)O)C3=CC=CC=C3,3
oxcarbazepine_cid34312.png,oxcarbazepine_cid34312,Oxcarbazepine,34312,C1C2=CC=CC=C2N(C3=CC=CC=C3C1=O)C(=O)N,3
oxeladin_cid4619.png,oxeladin_cid4619,Oxeladin,4619,CCC(CC)(C1=CC=CC=C1)C(=O)OCCOCCN(CC)CC,3
oxfendazole_cid40854.png,oxfendazole_cid40854,Oxfendazole,40854,COC(=O)NC1=NC2=C(N1)C=C(C=C2)S(=O)C3=CC=CC=C3,3
oxiconazole_nitrate_cid9556529.png,oxiconazole_nitrate_cid9556529,Oxiconazole Nitrate,9556529,C1=CC(=C(C=C1Cl)Cl)CO/N=C(\CN2C=CN=C2)/C3=C(C=C(C=C3)Cl)Cl.[N+](=O)(O)[O-],3
oxitropium_bromide_cid6917865.png,oxitropium_bromide_cid6917865,Oxitropium bromide,6917865,CC[N+]1([C@@H]2CC(C[C@H]1[C@H]3[C@@H]2O3)OC(=O)[C@H](CO)C4=CC=CC=C4)C.[Br-],3
oxprenolol_cid4631.png,oxprenolol_cid4631,Oxprenolol,4631,CC(C)NCC(COC1=CC=CC=C1OCC=C)O,3
oxybuprocaine_cid4633.png,oxybuprocaine_cid4633,Oxybuprocaine,4633,CCCCOC1=C(C=CC(=C1)C(=O)OCCN(CC)CC)N,3
oxybutynin_cid4634.png,oxybutynin_cid4634,Oxybutynin,4634,CCN(CC)CC#CCOC(=O)C(C1CCCCC1)(C2=CC=CC=C2)O,3
oxycodone_cid5284603.png,oxycodone_cid5284603,Oxycodone,5284603,CN1CC[C@]23[C@@H]4C(=O)CC[C@]2([C@H]1CC5=C3C(=C(C=C5)OC)O4)O,3
oxycodone_hydrochloride_cid5462350.png,oxycodone_hydrochloride_cid5462350,Oxycodone Hydrochloride,5462350,CN1CC[C@]23[C@@H]4C(=O)CC[C@]2([C@H]1CC5=C3C(=C(C=C5)OC)O4)O.Cl,3
oxymetazoline_cid4636.png,oxymetazoline_cid4636,Oxymetazoline,4636,CC1=CC(=C(C(=C1CC2=NCCN2)C)O)C(C)(C)C,3
oxymorphone_cid5284604.png,oxymorphone_cid5284604,Oxymorphone,5284604,CN1CC[C@]23[C@@H]4C(=O)CC[C@]2([C@H]1CC5=C3C(=C(C=C5)O)O4)O,3
oxypurinol_cid135398752.png,oxypurinol_cid135398752,Oxypurinol,135398752,C1=NNC2=C1C(=O)NC(=O)N2,3
oxytocin_cid439302.png,oxytocin_cid439302,Oxytocin,439302,CC[C@H](C)[C@H]1C(=O)N[C@H](C(=O)N[C@H](C(=O)N[C@@H](CSSC[C@@H](C(=O)N[C@H](C(=O)N1)CC2=CC=C(C=C2)O)N)C(=O)N3CCC[C@H]3C(=O)N[C@@H](CC(C)C)C(=O)NCC(=O)N)CC(=O)N)CCC(=O)N,3
ozanimod_cid52938427.png,ozanimod_cid52938427,Ozanimod,52938427,CC(C)OC1=C(C=C(C=C1)C2=NC(=NO2)C3=C4CC[C@@H](C4=CC=C3)NCCO)C#N,3
ozone_cid24823.png,ozone_cid24823,Ozone,24823,[O-][O+]=O,3
paclitaxel_cid36314.png,paclitaxel_cid36314,Paclitaxel,36314,CC1=C2[C@H](C(=O)[C@@]3([C@H](C[C@@H]4[C@]([C@H]3[C@@H]([C@@](C2(C)C)(C[C@@H]1OC(=O)[C@@H]([C@H](C5=CC=CC=C5)NC(=O)C6=CC=CC=C6)O)O)OC(=O)C7=CC=CC=C7)(CO4)OC(=O)C)O)C)OC(=O)C,3
pacritinib_cid46216796.png,pacritinib_cid46216796,Pacritinib,46216796,C1CCN(C1)CCOC2=C3COC/C=C/COCC4=CC(=CC=C4)C5=NC(=NC=C5)NC(=C3)C=C2,3
padeliporfin_cid171041442.png,padeliporfin_cid171041442,Padeliporfin,171041442,[H+].[H+].CC[C@@H]1[C@H](C2=NC1=CC3=C(C(=C([N-]3)C(=C4[C@H]([C@@H](C(=N4)C=C5C(=C(C(=C2)[N-]5)C(=O)C)C)C)CCC(=O)[O-])CC(=O)OC)C(=O)NCCS(=O)(=O)[O-])C)C.[Pd+2],3
padsevonil_cid52911611.png,padsevonil_cid52911611,Padsevonil,52911611,COCC1=NN2C(=C(N=C2S1)C(F)(F)F)CN3C[C@H](CC3=O)CC(F)(F)Cl,3
palbociclib_cid5330286.png,palbociclib_cid5330286,Palbociclib,5330286,CC1=C(C(=O)N(C2=NC(=NC=C12)NC3=NC=C(C=C3)N4CCNCC4)C5CCCC5)C(=O)C,3
palifosfamide_cid100427.png,palifosfamide_cid100427,Palifosfamide,100427,C(CCl)NP(=O)(NCCCl)O,3
paliperidone_cid115237.png,paliperidone_cid115237,Paliperidone,115237,CC1=C(C(=O)N2CCCC(C2=N1)O)CCN3CCC(CC3)C4=NOC5=C4C=CC(=C5)F,3
paliperidone_palmitate_cid9852746.png,paliperidone_palmitate_cid9852746,Paliperidone Palmitate,9852746,CCCCCCCCCCCCCCCC(=O)OC1CCCN2C1=NC(=C(C2=O)CCN3CCC(CC3)C4=NOC5=C4C=CC(=C5)F)C,3
palmatine_cid19009.png,palmatine_cid19009,Palmatine,19009,COC1=C(C2=C[N+]3=C(C=C2C=C1)C4=CC(=C(C=C4CC3)OC)OC)OC,3
palmitic_acid_cid985.png,palmitic_acid_cid985,Palmitic Acid,985,CCCCCCCCCCCCCCCC(=O)O,3
palonosetron_hydrochloride_cid6918303.png,palonosetron_hydrochloride_cid6918303,Palonosetron Hydrochloride,6918303,C1C[C@@H]2CN(C(=O)C3=CC=CC(=C23)C1)[C@@H]4CN5CCC4CC5.Cl,3
palovarotene_cid10295295.png,palovarotene_cid10295295,Palovarotene,10295295,CC1(CCC(C2=C1C=C(C(=C2)/C=C/C3=CC=C(C=C3)C(=O)O)CN4C=CC=N4)(C)C)C,3
paltusotine_cid134168328.png,paltusotine_cid134168328,Paltusotine,134168328,C1CN(CCC1N)C2=C3C=C(C=CC3=NC=C2C4=CC(=CC(=C4)F)F)C5=CC=CC(=C5O)C#N,3
pamiparib_cid135565554.png,pamiparib_cid135565554,Pamiparib,135565554,C[C@]12CCCN1CC3=NNC(=O)C4=C5C3=C2NC5=CC(=C4)F,3
pancuronium_bromide_cid27350.png,pancuronium_bromide_cid27350,Pancuronium Bromide,27350,CC(=O)O[C@H]1C[C@@H]2CC[C@@H]3[C@@H]([C@]2(C[C@@H]1[N+]4(CCCCC4)C)C)CC[C@]5([C@H]3C[C@@H]([C@@H]5OC(=O)C)[N+]6(CCCCC6)C)C.[Br-].[Br-],3
pantoprazole_cid4679.png,pantoprazole_cid4679,Pantoprazole,4679,COC1=C(C(=NC=C1)CS(=O)C2=NC3=C(N2)C=C(C=C3)OC(F)F)OC,3
pantothenic_acid_cid6613.png,pantothenic_acid_cid6613,Pantothenic Acid,6613,CC(C)(CO)[C@H](C(=O)NCCC(=O)O)O,3
papaverine_cid4680.png,papaverine_cid4680,Papaverine,4680,COC1=C(C=C(C=C1)CC2=NC=CC3=CC(=C(C=C32)OC)OC)OC,3
paramethadione_cid8280.png,paramethadione_cid8280,Paramethadione,8280,CCC1(C(=O)N(C(=O)O1)C)C,3
paramethasone_cid5875.png,paramethasone_cid5875,Paramethasone,5875,C[C@@H]1C[C@H]2[C@@H]3C[C@@H](C4=CC(=O)C=C[C@@]4([C@H]3[C@H](C[C@@]2([C@]1(C(=O)CO)O)C)O)C)F,3
paraquat_cid15939.png,paraquat_cid15939,Paraquat,15939,C[N+]1=CC=C(C=C1)C2=CC=[N+](C=C2)C,3
paritaprevir_cid45110509.png,paritaprevir_cid45110509,Paritaprevir,45110509,CC1=CN=C(C=N1)C(=O)N[C@H]2CCCCC/C=C\[C@@H]3C[C@]3(NC(=O)[C@@H]4C[C@H](CN4C2=O)OC5=NC6=CC=CC=C6C7=CC=CC=C75)C(=O)NS(=O)(=O)C8CC8,3
paromomycin_cid165580.png,paromomycin_cid165580,Paromomycin,165580,C1[C@H]([C@@H]([C@H]([C@@H]([C@H]1N)O[C@@H]2[C@@H]([C@H]([C@@H]([C@H](O2)CO)O)O)N)O[C@H]3[C@@H]([C@@H]([C@H](O3)CO)O[C@@H]4[C@@H]([C@H]([C@@H]([C@@H](O4)CN)O)O)N)O)O)N,3
paroxetine_cid43815.png,paroxetine_cid43815,Paroxetine,43815,C1CNC[C@H]([C@@H]1C2=CC=C(C=C2)F)COC3=CC4=C(C=C3)OCO4,3
pasireotide_cid9941444.png,pasireotide_cid9941444,Pasireotide,9941444,C1[C@H](CN2[C@@H]1C(=O)N[C@H](C(=O)N[C@@H](C(=O)N[C@H](C(=O)N[C@H](C(=O)N[C@H](C2=O)CC3=CC=CC=C3)CC4=CC=C(C=C4)OCC5=CC=CC=C5)CCCCN)CC6=CNC7=CC=CC=C76)C8=CC=CC=C8)OC(=O)NCCN,3
patulin_cid4696.png,patulin_cid4696,Patulin,4696,C1C=C2C(=CC(=O)O2)C(O1)O,3
pazopanib_cid10113978.png,pazopanib_cid10113978,Pazopanib,10113978,CC1=C(C=C(C=C1)NC2=NC=CC(=N2)N(C)C3=CC4=NN(C(=C4C=C3)C)C)S(=O)(=O)N,3
pazufloxacin_cid65957.png,pazufloxacin_cid65957,Pazufloxacin,65957,C[C@H]1COC2=C3N1C=C(C(=O)C3=CC(=C2C4(CC4)N)F)C(=O)O,3
peforelin_cid16197823.png,peforelin_cid16197823,Peforelin,16197823,C1C[C@H](N(C1)C(=O)[C@H](CCCCN)NC(=O)[C@H](CC2=CNC3=CC=CC=C32)NC(=O)[C@H](CC(=O)O)NC(=O)[C@H](CC4=CN=CN4)NC(=O)[C@H](CO)NC(=O)[C@H](CC5=CNC6=CC=CC=C65)NC(=O)[C@H](CC7=CN=CN7)NC(=O)[C@@H]8CCC(=O)N8)C(=O)NCC(=O)N,3
pelabresib_cid118591411.png,pelabresib_cid118591411,Pelabresib,118591411,CC1=NOC2=C1C3=CC=CC=C3C(=N[C@H]2CC(=O)N)C4=CC=C(C=C4)Cl.O,3
pelcitoclax_cid76900653.png,pelcitoclax_cid76900653,Pelcitoclax,76900653,CC1=C(C(=C(N1C(C)C)C2=CC=C(C=C2)Cl)C3=CC(=CC(=C3)F)N4CCN(CC4)C5=CC=C(C=C5)NS(=O)(=O)C6=CC(=C(C=C6)N[C@H](CCN7CCC(CC7)C(=O)OCCCP(=O)(O)O)CSC8=CC=CC=C8)S(=O)(=O)C(F)(F)F)S(=O)(=O)C,3
peloruside_a_cid6918506.png,peloruside_a_cid6918506,Peloruside A,6918506,CC[C@H](CO)/C=C(/C)\[C@H]1C[C@@H](C[C@H](C([C@]2([C@H]([C@H](C[C@H](O2)C[C@@H]([C@H](C(=O)O1)O)OC)OC)O)O)(C)C)O)OC,3
pemafibrate_cid11526038.png,pemafibrate_cid11526038,Pemafibrate,11526038,CC[C@H](C(=O)O)OC1=CC=CC(=C1)CN(CCCOC2=CC=C(C=C2)OC)C3=NC4=CC=CC=C4O3,3
pemetrexed_cid135410875.png,pemetrexed_cid135410875,Pemetrexed,135410875,C1=CC(=CC=C1CCC2=CNC3=C2C(=O)NC(=N3)N)C(=O)N[C@@H](CCC(=O)O)C(=O)O,3
pemigatinib_cid86705695.png,pemigatinib_cid86705695,Pemigatinib,86705695,CCN1C2=C3C=C(NC3=NC=C2CN(C1=O)C4=C(C(=CC(=C4F)OC)OC)F)CN5CCOCC5,3
penbutolol_cid37464.png,penbutolol_cid37464,Penbutolol,37464,CC(C)(C)NC[C@@H](COC1=CC=CC=C1C2CCCC2)O,3
penfluridol_cid33630.png,penfluridol_cid33630,Penfluridol,33630,C1CN(CCC1(C2=CC(=C(C=C2)Cl)C(F)(F)F)O)CCCC(C3=CC=C(C=C3)F)C4=CC=C(C=C4)F,3
penicillamine_cid5852.png,penicillamine_cid5852,Penicillamine,5852,CC(C)([C@H](C(=O)O)N)S,3
penicillin_g_cid5904.png,penicillin_g_cid5904,Penicillin G,5904,CC1([C@@H](N2[C@H](S1)[C@@H](C2=O)NC(=O)CC3=CC=CC=C3)C(=O)O)C,3
penicillin_v_cid6869.png,penicillin_v_cid6869,Penicillin V,6869,CC1([C@@H](N2[C@H](S1)[C@@H](C2=O)NC(=O)COC3=CC=CC=C3)C(=O)O)C,3
pentacene_cid8671.png,pentacene_cid8671,Pentacene,8671,C1=CC=C2C=C3C=C4C=C5C=CC=CC5=CC4=CC3=CC2=C1,3
pentachlorophenol_cid992.png,pentachlorophenol_cid992,Pentachlorophenol,992,C1(=C(C(=C(C(=C1Cl)Cl)Cl)Cl)Cl)O,3
pentaerythritol_tetranitrate_cid6518.png,pentaerythritol_tetranitrate_cid6518,Pentaerythritol Tetranitrate,6518,C(C(CO[N+](=O)[O-])(CO[N+](=O)[O-])CO[N+](=O)[O-])O[N+](=O)[O-],3
pentamidine_isethionate_cid8813.png,pentamidine_isethionate_cid8813,Pentamidine Isethionate,8813,C1=CC(=CC=C1C(=N)N)OCCCCCOC2=CC=C(C=C2)C(=N)N.C(CS(=O)(=O)O)O.C(CS(=O)(=O)O)O,3
pentazocine_cid441278.png,pentazocine_cid441278,Pentazocine,441278,C[C@H]1[C@H]2CC3=C([C@@]1(CCN2CC=C(C)C)C)C=C(C=C3)O,3
pentetreotide_cid72128.png,pentetreotide_cid72128,Pentetreotide,72128,C[C@H]([C@H]1C(=O)N[C@@H](CSSC[C@@H](C(=O)N[C@H](C(=O)N[C@@H](C(=O)N[C@H](C(=O)N1)CCCCN)CC2=CNC3=CC=CC=C32)CC4=CC=CC=C4)NC(=O)[C@@H](CC5=CC=CC=C5)NC(=O)CN(CCN(CCN(CC(=O)O)CC(=O)O)CC(=O)O)CC(=O)O)C(=O)N[C@H](CO)[C@@H](C)O)O,3
peplomycin_cid6852373.png,peplomycin_cid6852373,Peplomycin,6852373,CC1=C(N=C(N=C1N)[C@H](CC(=O)N)NC[C@@H](C(=O)N)N)C(=O)N[C@@H]([C@H](C2=CN=CN2)O[C@H]3[C@H]([C@H]([C@@H]([C@@H](O3)CO)O)O)O[C@@H]4[C@H]([C@H]([C@@H]([C@H](O4)CO)O)OC(=O)N)O)C(=O)N[C@H](C)[C@H]([C@H](C)C(=O)N[C@@H]([C@@H](C)O)C(=O)NCCC5=NC(=CS5)C6=NC(=CS6)C(=O)NCCCN[C@@H](C)C7=CC=CC=C7)O,3
peposertib_cid86292849.png,peposertib_cid86292849,Peposertib,86292849,COC1=NN=C(C=C1)[C@H](C2=C(C=C(C(=C2)C3=NC=NC4=C3C=CC(=C4)N5CCOCC5)F)Cl)O,3
perampanel_cid9924495.png,perampanel_cid9924495,Perampanel,9924495,C1=CC=C(C=C1)N2C=C(C=C(C2=O)C3=CC=CC=C3C#N)C4=CC=CC=N4,3
perfluorodecalin_cid9386.png,perfluorodecalin_cid9386,Perfluorodecalin,9386,C12(C(C(C(C(C1(F)F)(F)F)(F)F)(F)F)(C(C(C(C2(F)F)(F)F)(F)F)(F)F)F)F,3
perfluorohexyloctane_cid10477896.png,perfluorohexyloctane_cid10477896,Perfluorohexyloctane,10477896,CCCCCCCCC(C(C(C(C(C(F)(F)F)(F)F)(F)F)(F)F)(F)F)(F)F,3
perfluorooctane_cid9387.png,perfluorooctane_cid9387,Perfluorooctane,9387,C(C(C(C(C(F)(F)F)(F)F)(F)F)(F)F)(C(C(C(F)(F)F)(F)F)(F)F)(F)F,3
perfluorooctanesulfonamide_cid69785.png,perfluorooctanesulfonamide_cid69785,Perfluorooctanesulfonamide,69785,C(C(C(C(C(F)(F)S(=O)(=O)N)(F)F)(F)F)(F)F)(C(C(C(F)(F)F)(F)F)(F)F)(F)F,3
perfluorooctanesulfonic_acid_cid74483.png,perfluorooctanesulfonic_acid_cid74483,Perfluorooctanesulfonic acid,74483,C(C(C(C(C(F)(F)S(=O)(=O)O)(F)F)(F)F)(F)F)(C(C(C(F)(F)F)(F)F)(F)F)(F)F,3
perfluorooctanoic_acid_cid9554.png,perfluorooctanoic_acid_cid9554,Perfluorooctanoic acid,9554,C(=O)(C(C(C(C(C(C(C(F)(F)F)(F)F)(F)F)(F)F)(F)F)(F)F)(F)F)O,3
perfluoropropane_cid6432.png,perfluoropropane_cid6432,Perfluoropropane,6432,C(C(F)(F)F)(C(F)(F)F)(F)F,3
pergolide_cid47811.png,pergolide_cid47811,Pergolide,47811,CCCN1C[C@@H](C[C@H]2[C@H]1CC3=CNC4=CC=CC2=C34)CSC,3
perifosine_cid148177.png,perifosine_cid148177,Perifosine,148177,CCCCCCCCCCCCCCCCCCOP(=O)([O-])OC1CC[N+](CC1)(C)C,3
permethrin_cid40326.png,permethrin_cid40326,Permethrin,40326,CC1(C(C1C(=O)OCC2=CC(=CC=C2)OC3=CC=CC=C3)C=C(Cl)Cl)C,3
perylene_cid9142.png,perylene_cid9142,Perylene,9142,C1=CC2=C3C(=C1)C4=CC=CC5=C4C(=CC=C5)C3=CC=C2,3
pevonedistat_cid16720766.png,pevonedistat_cid16720766,Pevonedistat,16720766,C1CC2=CC=CC=C2[C@H]1NC3=C4C=CN(C4=NC=N3)[C@@H]5C[C@H]([C@H](C5)O)COS(=O)(=O)N,3
pexidartinib_cid25151352.png,pexidartinib_cid25151352,Pexidartinib,25151352,C1=CC(=NC=C1CC2=CNC3=C2C=C(C=N3)Cl)NCC4=CN=C(C=C4)C(F)(F)F,3
pexiganan_cid16132253.png,pexiganan_cid16132253,Pexiganan,16132253,CC[C@H](C)[C@@H](C(=O)NCC(=O)N[C@@H](CCCCN)C(=O)N[C@@H](CC1=CC=CC=C1)C(=O)N[C@@H](CC(C)C)C(=O)N[C@@H](CCCCN)C(=O)N[C@@H](CCCCN)C(=O)N[C@@H](C)C(=O)N[C@@H](CCCCN)C(=O)N[C@@H](CCCCN)C(=O)N[C@@H](CC2=CC=CC=C2)C(=O)NCC(=O)N[C@@H](CCCCN)C(=O)N[C@@H](C)C(=O)N[C@@H](CC3=CC=CC=C3)C(=O)N[C@@H](C(C)C)C(=O)N[C@@H](CCCCN)C(=O)N[C@@H]([C@@H](C)CC)C(=O)N[C@@H](CC(C)C)C(=O)N[C@@H](CCCCN)C(=O)N[C@@H](CCCCN)C(=O)N)NC(=O)CN,3
phenacemide_cid4753.png,phenacemide_cid4753,Phenacemide,4753,C1=CC=C(C=C1)CC(=O)NC(=O)N,3
phenacetin_cid4754.png,phenacetin_cid4754,Phenacetin,4754,CCOC1=CC=C(C=C1)NC(=O)C,3
phenazine_cid4757.png,phenazine_cid4757,Phenazine,4757,C1=CC=C2C(=C1)N=C3C=CC=CC3=N2,3
phenazopyridine_hydrochloride_cid8691.png,phenazopyridine_hydrochloride_cid8691,Phenazopyridine hydrochloride,8691,C1=CC=C(C=C1)N=NC2=C(N=C(C=C2)N)N.Cl,3
phenelzine_cid3675.png,phenelzine_cid3675,Phenelzine,3675,C1=CC=C(C=C1)CCNN,3
pheniramine_cid4761.png,pheniramine_cid4761,Pheniramine,4761,CN(C)CCC(C1=CC=CC=C1)C2=CC=CC=N2,3
phenobarbital_cid4763.png,phenobarbital_cid4763,Phenobarbital,4763,CCC1(C(=O)NC(=O)NC1=O)C2=CC=CC=C2,3
phenol_cid996.png,phenol_cid996,Phenol,996,C1=CC=C(C=C1)O,3
phenol_d6_cid123295.png,phenol_d6_cid123295,Phenol-d6,123295,[2H]C1=C(C(=C(C(=C1[2H])[2H])O[2H])[2H])[2H],3
phenoperidine_cid11226.png,phenoperidine_cid11226,Phenoperidine,11226,CCOC(=O)C1(CCN(CC1)CCC(C2=CC=CC=C2)O)C3=CC=CC=C3,3
phenothiazine_cid7108.png,phenothiazine_cid7108,Phenothiazine,7108,C1=CC=C2C(=C1)NC3=CC=CC=C3S2,3
phenoxazine_cid67278.png,phenoxazine_cid67278,Phenoxazine,67278,C1=CC=C2C(=C1)NC3=CC=CC=C3O2,3
phenoxyethanol_cid31236.png,phenoxyethanol_cid31236,Phenoxyethanol,31236,C1=CC=C(C=C1)OCCO,3
phenprocoumon_cid54680692.png,phenprocoumon_cid54680692,Phenprocoumon,54680692,CCC(C1=CC=CC=C1)C2=C(C3=CC=CC=C3OC2=O)O,3
phensuximide_cid6839.png,phensuximide_cid6839,Phensuximide,6839,CN1C(=O)CC(C1=O)C2=CC=CC=C2,3
phentermine_cid4771.png,phentermine_cid4771,Phentermine,4771,CC(C)(CC1=CC=CC=C1)N,3
phentolamine_cid5775.png,phentolamine_cid5775,Phentolamine,5775,CC1=CC=C(C=C1)N(CC2=NCCN2)C3=CC(=CC=C3)O,3
phenylbutazone_cid4781.png,phenylbutazone_cid4781,Phenylbutazone,4781,CCCCC1C(=O)N(N(C1=O)C2=CC=CC=C2)C3=CC=CC=C3,3
phenylephrine_cid6041.png,phenylephrine_cid6041,Phenylephrine,6041,CNC[C@@H](C1=CC(=CC=C1)O)O,3
phenylmercuric_acetate_cid16682730.png,phenylmercuric_acetate_cid16682730,Phenylmercuric Acetate,16682730,CC(=O)O[Hg]C1=CC=CC=C1,3
phenylmercuric_nitrate_cid16682924.png,phenylmercuric_nitrate_cid16682924,Phenylmercuric Nitrate,16682924,C1=CC=C(C=C1)[Hg]O[N+](=O)[O-],3
phenytoin_cid1775.png,phenytoin_cid1775,Phenytoin,1775,C1=CC=C(C=C1)C2(C(=O)NC(=O)N2)C3=CC=CC=C3,3
pheophorbide_a_cid253193.png,pheophorbide_a_cid253193,Pheophorbide a,253193,CCC1=C(C2=NC1=CC3=C(C4=C([C@@H](C(=C5[C@H]([C@@H](C(=CC6=NC(=C2)C(=C6C)C=C)N5)C)CCC(=O)O)C4=N3)C(=O)OC)O)C)C,3
phosphocreatine_cid9548602.png,phosphocreatine_cid9548602,Phosphocreatine,9548602,CN(CC(=O)O)/C(=N/P(=O)(O)O)/N,3
phosphoenolpyruvate_cid1005.png,phosphoenolpyruvate_cid1005,Phosphoenolpyruvate,1005,C=C(C(=O)O)OP(=O)(O)O,3
phosphoric_acid_cid1004.png,phosphoric_acid_cid1004,Phosphoric Acid,1004,OP(=O)(O)O,3
phthalocyanine_cid86280045.png,phthalocyanine_cid86280045,Phthalocyanine,86280045,C1=CC=C2C(=C1)C3=NC4=NC(=NC5=C6C=CC=CC6=C(N5)N=C7C8=CC=CC=C8C(=N7)N=C2N3)C9=CC=CC=C94,3
phylloquinone_cid5284607.png,phylloquinone_cid5284607,Phylloquinone,5284607,CC1=C(C(=O)C2=CC=CC=C2C1=O)C/C=C(\C)/CCC[C@H](C)CCC[C@H](C)CCCC(C)C,3
physostigmine_cid5983.png,physostigmine_cid5983,Physostigmine,5983,C[C@@]12CCN([C@@H]1N(C3=C2C=C(C=C3)OC(=O)NC)C)C,3
phytate_cid890.png,phytate_cid890,Phytate,890,C1(C(C(C(C(C1OP(=O)(O)O)OP(=O)(O)O)OP(=O)(O)O)OP(=O)(O)O)OP(=O)(O)O)OP(=O)(O)O,3
pibrentasvir_cid58031952.png,pibrentasvir_cid58031952,Pibrentasvir,58031952,C[C@H]([C@@H](C(=O)N1CCC[C@H]1C2=NC3=C(N2)C=C(C(=C3)F)[C@H]4CC[C@@H](N4C5=CC(=C(C(=C5)F)N6CCC(CC6)C7=CC=C(C=C7)F)F)C8=CC9=C(C=C8F)N=C(N9)[C@@H]1CCCN1C(=O)[C@H]([C@@H](C)OC)NC(=O)OC)NC(=O)OC)OC,3
piclamilast_cid154575.png,piclamilast_cid154575,Piclamilast,154575,COC1=C(C=C(C=C1)C(=O)NC2=C(C=NC=C2Cl)Cl)OC3CCCC3,3
picoplatin_cid177358.png,picoplatin_cid177358,Picoplatin,177358,CC1=CC=CC=N1.N.[Cl-].[Cl-].[Pt+2],3
picotamide_cid4814.png,picotamide_cid4814,Picotamide,4814,COC1=C(C=C(C=C1)C(=O)NCC2=CN=CC=C2)C(=O)NCC3=CN=CC=C3,3
pidotimod_cid65944.png,pidotimod_cid65944,Pidotimod,65944,C1CC(=O)N[C@@H]1C(=O)N2CSC[C@H]2C(=O)O,3
pilocarpine_cid5910.png,pilocarpine_cid5910,Pilocarpine,5910,CC[C@H]1[C@H](COC1=O)CC2=CN=CN2C,3
pimavanserin_cid10071196.png,pimavanserin_cid10071196,Pimavanserin,10071196,CC(C)COC1=CC=C(C=C1)CNC(=O)N(CC2=CC=C(C=C2)F)C3CCN(CC3)C,3
pimecrolimus_cid6509979.png,pimecrolimus_cid6509979,Pimecrolimus,6509979,CC[C@@H]1/C=C(/C[C@@H](C[C@@H]([C@@H]2[C@H](C[C@H]([C@@](O2)(C(=O)C(=O)N3CCCC[C@H]3C(=O)O[C@@H]([C@@H]([C@H](CC1=O)O)C)/C(=C/[C@@H]4CC[C@@H]([C@@H](C4)OC)Cl)/C)O)C)OC)OC)C)\C,3
pimobendan_cid4823.png,pimobendan_cid4823,Pimobendan,4823,CC1CC(=O)NN=C1C2=CC3=C(C=C2)N=C(N3)C4=CC=C(C=C4)OC,3
pimodivir_cid67286591.png,pimodivir_cid67286591,Pimodivir,67286591,C1CC2CCC1[C@@H]([C@H]2NC3=NC(=NC=C3F)C4=CNC5=C4C=C(C=N5)F)C(=O)O,3
pimozide_cid16362.png,pimozide_cid16362,Pimozide,16362,C1CN(CCC1N2C3=CC=CC=C3NC2=O)CCCC(C4=CC=C(C=C4)F)C5=CC=C(C=C5)F,3
pinaverium_bromide_cid40703.png,pinaverium_bromide_cid40703,Pinaverium Bromide,40703,CC1(C2CCC(C1C2)CCOCC[N+]3(CCOCC3)CC4=CC(=C(C=C4Br)OC)OC)C.[Br-],3
pinazepam_cid40391.png,pinazepam_cid40391,Pinazepam,40391,C#CCN1C(=O)CN=C(C2=C1C=CC(=C2)Cl)C3=CC=CC=C3,3
pindolol_cid4828.png,pindolol_cid4828,Pindolol,4828,CC(C)NCC(COC1=CC=CC2=C1C=CN2)O,3
pindone_cid6732.png,pindone_cid6732,Pindone,6732,CC(C)(C)C(=O)C1C(=O)C2=CC=CC=C2C1=O,3
pioglitazone_cid4829.png,pioglitazone_cid4829,Pioglitazone,4829,CCC1=CN=C(C=C1)CCOC2=CC=C(C=C2)CC3C(=O)NC(=O)S3,3
piperacillin_cid43672.png,piperacillin_cid43672,Piperacillin,43672,CCN1CCN(C(=O)C1=O)C(=O)N[C@H](C2=CC=CC=C2)C(=O)N[C@H]3[C@@H]4N(C3=O)[C@H](C(S4)(C)C)C(=O)O,3
piperaquine_cid122262.png,piperaquine_cid122262,Piperaquine,122262,C1CN(CCN1CCCN2CCN(CC2)C3=C4C=CC(=CC4=NC=C3)Cl)C5=C6C=CC(=CC6=NC=C5)Cl,3
piperazine_cid4837.png,piperazine_cid4837,Piperazine,4837,C1CNCCN1,3
pipotiazine_cid62867.png,pipotiazine_cid62867,Pipotiazine,62867,CN(C)S(=O)(=O)C1=CC2=C(C=C1)SC3=CC=CC=C3N2CCCN4CCC(CC4)CCO,3
pirarubicin_cid11296583.png,pirarubicin_cid11296583,Pirarubicin,11296583,C[C@H]1[C@H]([C@H](C[C@@H](O1)O[C@H]2C[C@@](CC3=C2C(=C4C(=C3O)C(=O)C5=C(C4=O)C(=CC=C5)OC)O)(C(=O)CO)O)N)O[C@@H]6CCCCO6,3
piretanide_cid4849.png,piretanide_cid4849,Piretanide,4849,C1CCN(C1)C2=C(C(=CC(=C2)C(=O)O)S(=O)(=O)N)OC3=CC=CC=C3,3
pirfenidone_cid40632.png,pirfenidone_cid40632,Pirfenidone,40632,CC1=CN(C(=O)C=C1)C2=CC=CC=C2,3
piroctone_olamine_cid50258.png,piroctone_olamine_cid50258,Piroctone Olamine,50258,CC1=CC(=O)N(C(=C1)CC(C)CC(C)(C)C)O.C(CO)N,3
piroxicam_cid54676228.png,piroxicam_cid54676228,Piroxicam,54676228,CN1C(=C(C2=CC=CC=C2S1(=O)=O)O)C(=O)NC3=CC=CC=N3,3
pirtobrutinib_cid129269915.png,pirtobrutinib_cid129269915,Pirtobrutinib,129269915,C[C@@H](C(F)(F)F)N1C(=C(C(=N1)C2=CC=C(C=C2)CNC(=O)C3=C(C=CC(=C3)F)OC)C(=O)N)N,3
pitavastatin_cid5282452.png,pitavastatin_cid5282452,Pitavastatin,5282452,C1CC1C2=NC3=CC=CC=C3C(=C2/C=C/[C@H](C[C@H](CC(=O)O)O)O)C4=CC=C(C=C4)F,3
pitolisant_cid9948102.png,pitolisant_cid9948102,Pitolisant,9948102,C1CCN(CC1)CCCOCCCC2=CC=C(C=C2)Cl,3
pivmecillinam_cid115163.png,pivmecillinam_cid115163,Pivmecillinam,115163,CC1([C@@H](N2[C@H](S1)[C@@H](C2=O)N=CN3CCCCCC3)C(=O)OCOC(=O)C(C)(C)C)C,3
planosporicin_cid139586698.png,planosporicin_cid139586698,Planosporicin,139586698,CC[C@H](C)[C@@H](C(=O)N/C(=C\C)/C(=O)N[C@H]1CSC[C@H]2C(=O)N[C@H](C(=O)NCC(=O)NCC(=O)NCC(=O)N[C@H]3CSC[C@H]4C(=O)N[C@@H](CSC[C@@H](C(=O)N[C@H](C(=O)N4)CC5=CN=CN5)NC(=O)[C@H](CSC[C@@H](C(=O)N[C@H]6CCSC[C@@H](C(=O)N[C@H](C(=O)N2)[C@@H](C)O)NC6=O)NC(=O)[C@@H](NC(=O)C(=C)NC(=O)[C@@H](NC1=O)C(C)C)CC7=CNC8=CC=CC=C87)NC(=O)CNC3=O)C(=O)N9CCC[C@H]9C(=O)NCC(=O)O)CCC(=O)O)N,3
platinum_ii_1_cyclobutanedicarboxylato_diammine_cis_cid426756.png,platinum_ii_1_cyclobutanedicarboxylato_diammine_cis_cid426756,"Platinum(II),1-cyclobutanedicarboxylato)diammine-, cis-",426756,C1CC(C1)(C(=O)O)C(=O)O.[NH2-].[NH2-].[Pt+2],3
plecanatide_cid70693500.png,plecanatide_cid70693500,Plecanatide,70693500,C[C@H]1C(=O)N[C@H]2CSSC[C@@H](C(=O)N[C@H](C(=O)N[C@H](C(=O)N[C@@H](CSSC[C@H](NC(=O)CNC(=O)[C@@H](NC2=O)[C@@H](C)O)C(=O)N[C@@H](CC(C)C)C(=O)O)C(=O)N[C@H](C(=O)N[C@H](C(=O)N[C@H](C(=O)N1)C(C)C)CC(=O)N)C(C)C)CC(C)C)CCC(=O)O)NC(=O)[C@H](CCC(=O)O)NC(=O)[C@H](CC(=O)O)NC(=O)[C@H](CC(=O)N)N,3
plerixafor_cid65015.png,plerixafor_cid65015,Plerixafor,65015,C1CNCCNCCCN(CCNC1)CC2=CC=C(C=C2)CN3CCCNCCNCCCNCC3,3
plinabulin_cid9949641.png,plinabulin_cid9949641,Plinabulin,9949641,CC(C)(C)C1=C(N=CN1)/C=C\2/C(=O)N/C(=C\C3=CC=CC=C3)/C(=O)N2,3
plitidepsin_cid9812534.png,plitidepsin_cid9812534,Plitidepsin,9812534,CC[C@H](C)[C@@H]1[C@H](CC(=O)O[C@H](C(=O)[C@@H](C(=O)N[C@H](C(=O)N2CCC[C@H]2C(=O)N([C@H](C(=O)O[C@@H]([C@@H](C(=O)N1)NC(=O)[C@@H](CC(C)C)N(C)C(=O)[C@@H]3CCCN3C(=O)C(=O)C)C)CC4=CC=C(C=C4)OC)C)CC(C)C)C)C(C)C)O,3
plocabulin_cid57788271.png,plocabulin_cid57788271,Plocabulin,57788271,C/C=C\C[C@@H](C/C=C\NC(=O)[C@H](C(C)(C)C)NC(=O)/C=C\C=C/C(=C/[C@H](C)[C@@H]1CC=C(C(=O)O1)OC)/C)OC(=O)N,3
pneumocandin_b_0_cid16119739.png,pneumocandin_b_0_cid16119739,Pneumocandin B(0),16119739,CC[C@H](C)C[C@H](C)CCCCCCCCC(=O)N[C@H]1C[C@H]([C@H](NC(=O)[C@@H]2[C@H](CCN2C(=O)[C@@H](NC(=O)[C@@H](NC(=O)[C@@H]3C[C@H](CN3C(=O)[C@@H](NC1=O)[C@@H](C)O)O)[C@@H]([C@H](C4=CC=C(C=C4)O)O)O)[C@@H](CC(=O)N)O)O)O)O,3
pnu_159682_cid9874188.png,pnu_159682_cid9874188,Pnu-159682,9874188,C[C@H]1[C@@H]2[C@H](C[C@@H](O1)O[C@H]3C[C@@](CC4=C3C(=C5C(=C4O)C(=O)C6=C(C5=O)C(=CC=C6)OC)O)(C(=O)CO)O)N7CCO[C@@H]([C@H]7O2)OC,3
podophyllotoxin_cid10607.png,podophyllotoxin_cid10607,Podophyllotoxin,10607,COC1=CC(=CC(=C1OC)OC)[C@H]2[C@@H]3[C@H](COC3=O)[C@H](C4=CC5=C(C=C24)OCO5)O,3
pomalidomide_cid134780.png,pomalidomide_cid134780,Pomalidomide,134780,C1CC(=O)NC(=O)C1N2C(=O)C3=C(C2=O)C(=CC=C3)N,3
ponatinib_cid24826799.png,ponatinib_cid24826799,Ponatinib,24826799,CC1=C(C=C(C=C1)C(=O)NC2=CC(=C(C=C2)CN3CCN(CC3)C)C(F)(F)F)C#CC4=CN=C5N4N=CC=C5,3
ponazuril_cid3050408.png,ponazuril_cid3050408,Ponazuril,3050408,CC1=C(C=CC(=C1)N2C(=O)NC(=O)N(C2=O)C)OC3=CC=C(C=C3)S(=O)(=O)C(F)(F)F,3
ponesimod_cid11363176.png,ponesimod_cid11363176,Ponesimod,11363176,CCCN=C1N(C(=O)/C(=C/C2=CC(=C(C=C2)OC[C@@H](CO)O)Cl)/S1)C3=CC=CC=C3C,3
posaconazole_cid468595.png,posaconazole_cid468595,Posaconazole,468595,CC[C@@H]([C@H](C)O)N1C(=O)N(C=N1)C2=CC=C(C=C2)N3CCN(CC3)C4=CC=C(C=C4)OC[C@H]5C[C@](OC5)(CN6C=NC=N6)C7=C(C=C(C=C7)F)F,3
potassium_citrate_cid2735208.png,potassium_citrate_cid2735208,Potassium Citrate,2735208,C(C(=O)[O-])C(CC(=O)[O-])(C(=O)[O-])O.O.[K+].[K+].[K+],3
potassium_ferrocyanide_cid9605257.png,potassium_ferrocyanide_cid9605257,Potassium Ferrocyanide,9605257,[C-]#N.[C-]#N.[C-]#N.[C-]#N.[C-]#N.[C-]#N.[K+].[K+].[K+].[K+].[Fe+2],3
potassium_hexachloroplatinate_iv_cid61856.png,potassium_hexachloroplatinate_iv_cid61856,Potassium hexachloroplatinate(IV),61856,Cl[Pt-2](Cl)(Cl)(Cl)(Cl)Cl.[K+].[K+],3
potassium_iodide_cid4875.png,potassium_iodide_cid4875,Potassium Iodide,4875,[K+].[I-],3
potassium_perchlorate_cid516900.png,potassium_perchlorate_cid516900,Potassium Perchlorate,516900,[O-]Cl(=O)(=O)=O.[K+],3
potassium_permanganate_cid516875.png,potassium_permanganate_cid516875,Potassium Permanganate,516875,[O-][Mn](=O)(=O)=O.[K+],3
potassium_trichloro_ethylene_platinate_ii_hydrate_cid71311337.png,potassium_trichloro_ethylene_platinate_ii_hydrate_cid71311337,Potassium trichloro(ethylene)platinate(II) hydrate,71311337,C=C.O.Cl[Pt-](Cl)Cl.[K+],3
povorcitinib_cid86280672.png,povorcitinib_cid86280672,Povorcitinib,86280672,CC1=C(C(=NN1)C)C2=CN(N=C2)C3(CN(C3)C4=C(C=C(C(=C4)F)C(=O)N[C@@H](C)C(F)(F)F)F)CC#N,3
pracinostat_cid49855250.png,pracinostat_cid49855250,Pracinostat,49855250,CCCCC1=NC2=C(N1CCN(CC)CC)C=CC(=C2)/C=C/C(=O)NO,3
practolol_cid4883.png,practolol_cid4883,Practolol,4883,CC(C)NCC(COC1=CC=C(C=C1)NC(=O)C)O,3
pralatrexate_cid148121.png,pralatrexate_cid148121,Pralatrexate,148121,C#CCC(CC1=CN=C2C(=N1)C(=NC(=N2)N)N)C3=CC=C(C=C3)C(=O)N[C@@H](CCC(=O)O)C(=O)O,3
pralidoxime_chloride_cid135445761.png,pralidoxime_chloride_cid135445761,Pralidoxime Chloride,135445761,C[N+]1=CC=CC=C1/C=N/O.[Cl-],3
pralmorelin_cid6918245.png,pralmorelin_cid6918245,Pralmorelin,6918245,C[C@H](C(=O)N[C@H](CC1=CC2=CC=CC=C2C=C1)C(=O)N[C@@H](C)C(=O)N[C@@H](CC3=CNC4=CC=CC=C43)C(=O)N[C@H](CC5=CC=CC=C5)C(=O)N[C@@H](CCCCN)C(=O)N)N,3
pramiconazole_cid3013050.png,pramiconazole_cid3013050,Pramiconazole,3013050,CC(C)N1CCN(C1=O)C2=CC=C(C=C2)N3CCN(CC3)C4=CC=C(C=C4)OC[C@H]5OC[C@](O5)(CN6C=NC=N6)C7=C(C=C(C=C7)F)F,3
pramipexole_cid119570.png,pramipexole_cid119570,Pramipexole,119570,CCCN[C@H]1CCC2=C(C1)SC(=N2)N,3
pranidipine_cid6436048.png,pranidipine_cid6436048,Pranidipine,6436048,CC1=C(C(C(=C(N1)C)C(=O)OC/C=C/C2=CC=CC=C2)C3=CC(=CC=C3)[N+](=O)[O-])C(=O)OC,3
pranlukast_cid4887.png,pranlukast_cid4887,Pranlukast,4887,C1=CC=C(C=C1)CCCCOC2=CC=C(C=C2)C(=O)NC3=CC=CC4=C3OC(=CC4=O)C5=NNN=N5,3
pranoprofen_cid4888.png,pranoprofen_cid4888,Pranoprofen,4888,CC(C1=CC2=C(C=C1)OC3=C(C2)C=CC=N3)C(=O)O,3
prasugrel_cid6918456.png,prasugrel_cid6918456,Prasugrel,6918456,CC(=O)OC1=CC2=C(S1)CCN(C2)C(C3=CC=CC=C3F)C(=O)C4CC4,3
pravastatin_cid54687.png,pravastatin_cid54687,Pravastatin,54687,CC[C@H](C)C(=O)O[C@H]1C[C@@H](C=C2[C@H]1[C@H]([C@H](C=C2)C)CC[C@H](C[C@H](CC(=O)O)O)O)O,3
praziquantel_cid4891.png,praziquantel_cid4891,Praziquantel,4891,C1CCC(CC1)C(=O)N2CC3C4=CC=CC=C4CCN3C(=O)C2,3
prazosin_cid4893.png,prazosin_cid4893,Prazosin,4893,COC1=C(C=C2C(=C1)C(=NC(=N2)N3CCN(CC3)C(=O)C4=CC=CO4)N)OC,3
prednisolone_cid5755.png,prednisolone_cid5755,Prednisolone,5755,C[C@]12C[C@@H]([C@H]3[C@H]([C@@H]1CC[C@@]2(C(=O)CO)O)CCC4=CC(=O)C=C[C@]34C)O,3
prednisone_cid5865.png,prednisone_cid5865,Prednisone,5865,C[C@]12CC(=O)[C@H]3[C@H]([C@@H]1CC[C@@]2(C(=O)CO)O)CCC4=CC(=O)C=C[C@]34C,3
pregabalin_cid5486971.png,pregabalin_cid5486971,Pregabalin,5486971,CC(C)C[C@@H](CC(=O)O)CN,3
pregnenolone_cid8955.png,pregnenolone_cid8955,Pregnenolone,8955,CC(=O)[C@H]1CC[C@@H]2[C@@]1(CC[C@H]3[C@H]2CC=C4[C@@]3(CC[C@@H](C4)O)C)C,3
pretomanid_cid456199.png,pretomanid_cid456199,Pretomanid,456199,C1[C@@H](COC2=NC(=CN21)[N+](=O)[O-])OCC3=CC=C(C=C3)OC(F)(F)F,3
prilocaine_cid4906.png,prilocaine_cid4906,Prilocaine,4906,CCCNC(C)C(=O)NC1=CC=CC=C1C,3
primidone_cid4909.png,primidone_cid4909,Primidone,4909,CCC1(C(=O)NCNC1=O)C2=CC=CC=C2,3
procarbazine_cid4915.png,procarbazine_cid4915,Procarbazine,4915,CC(C)NC(=O)C1=CC=C(C=C1)CNNC,3
procaterol_cid688563.png,procaterol_cid688563,Procaterol,688563,CC[C@H]([C@H](C1=C2C=CC(=O)NC2=C(C=C1)O)O)NC(C)C,3
procyanidin_b2_cid122738.png,procyanidin_b2_cid122738,Procyanidin B2,122738,C1[C@H]([C@H](OC2=C1C(=CC(=C2[C@@H]3[C@H]([C@H](OC4=CC(=CC(=C34)O)O)C5=CC(=C(C=C5)O)O)O)O)O)C6=CC(=C(C=C6)O)O)O,3
procyclidine_cid4919.png,procyclidine_cid4919,Procyclidine,4919,C1CCC(CC1)C(CCN2CCCC2)(C3=CC=CC=C3)O,3
progesterone_cid5994.png,progesterone_cid5994,Progesterone,5994,CC(=O)[C@H]1CC[C@@H]2[C@@]1(CC[C@H]3[C@H]2CCC4=CC(=O)CC[C@]34C)C,3
proglumetacin_cid4921.png,proglumetacin_cid4921,Proglumetacin,4921,CCCN(CCC)C(=O)C(CCC(=O)OCCCN1CCN(CC1)CCOC(=O)CC2=C(N(C3=C2C=C(C=C3)OC)C(=O)C4=CC=C(C=C4)Cl)C)NC(=O)C5=CC=CC=C5,3
promethazine_cid4927.png,promethazine_cid4927,Promethazine,4927,CC(CN1C2=CC=CC=C2SC3=CC=CC=C31)N(C)C,3
propafenone_hydrochloride_cid36708.png,propafenone_hydrochloride_cid36708,Propafenone Hydrochloride,36708,CCCNCC(COC1=CC=CC=C1C(=O)CCC2=CC=CC=C2)O.Cl,3
propantheline_bromide_cid9279.png,propantheline_bromide_cid9279,Propantheline Bromide,9279,CC(C)[N+](C)(CCOC(=O)C1C2=CC=CC=C2OC3=CC=CC=C13)C(C)C.[Br-],3
proparacaine_hydrochloride_cid517321.png,proparacaine_hydrochloride_cid517321,Proparacaine Hydrochloride,517321,CCCOC1=C(C=C(C=C1)C(=O)OCCN(CC)CC)N.Cl,3
propiverine_cid4942.png,propiverine_cid4942,Propiverine,4942,CCCOC(C1=CC=CC=C1)(C2=CC=CC=C2)C(=O)OC3CCN(CC3)C,3
propofol_cid4943.png,propofol_cid4943,Propofol,4943,CC(C)C1=C(C(=CC=C1)C(C)C)O,3
propoxycaine_cid6843.png,propoxycaine_cid6843,Propoxycaine,6843,CCCOC1=C(C=CC(=C1)N)C(=O)OCCN(CC)CC,3
propoxyphene_cid10100.png,propoxyphene_cid10100,Propoxyphene,10100,CCC(=O)O[C@](CC1=CC=CC=C1)(C2=CC=CC=C2)[C@H](C)CN(C)C,3
propranolol_cid4946.png,propranolol_cid4946,Propranolol,4946,CC(C)NCC(COC1=CC=CC2=CC=CC=C21)O,3
propranolol_hydrochloride_cid62882.png,propranolol_hydrochloride_cid62882,Propranolol Hydrochloride,62882,CC(C)NCC(COC1=CC=CC2=CC=CC=C21)O.Cl,3
propylparaben_cid7175.png,propylparaben_cid7175,Propylparaben,7175,CCCOC(=O)C1=CC=C(C=C1)O,3
propylthiouracil_cid657298.png,propylthiouracil_cid657298,Propylthiouracil,657298,CCCC1=CC(=O)NC(=S)N1,3
prostaglandin_e2_cid5280360.png,prostaglandin_e2_cid5280360,Prostaglandin E2,5280360,CCCCC[C@@H](/C=C/[C@H]1[C@@H](CC(=O)[C@@H]1C/C=C\CCCC(=O)O)O)O,3
protirelin_cid638678.png,protirelin_cid638678,Protirelin,638678,C1C[C@H](N(C1)C(=O)[C@H](CC2=CN=CN2)NC(=O)[C@@H]3CCC(=O)N3)C(=O)N,3
protoporphyrin_ix_cid4971.png,protoporphyrin_ix_cid4971,protoporphyrin IX,4971,CC1=C(C2=CC3=NC(=CC4=NC(=CC5=C(C(=C(N5)C=C1N2)C=C)C)C(=C4CCC(=O)O)C)C(=C3C)CCC(=O)O)C=C,3
proxyphylline_cid4977.png,proxyphylline_cid4977,Proxyphylline,4977,CC(CN1C=NC2=C1C(=O)N(C(=O)N2C)C)O,3
prucalopride_cid3052762.png,prucalopride_cid3052762,Prucalopride,3052762,COCCCN1CCC(CC1)NC(=O)C2=CC(=C(C3=C2OCC3)N)Cl,3
prulifloxacin_cid65947.png,prulifloxacin_cid65947,Prulifloxacin,65947,CC1N2C3=CC(=C(C=C3C(=O)C(=C2S1)C(=O)O)F)N4CCN(CC4)CC5=C(OC(=O)O5)C,3
pseudoephedrine_cid7028.png,pseudoephedrine_cid7028,Pseudoephedrine,7028,C[C@@H]([C@H](C1=CC=CC=C1)O)NC,3
punicalagin_cid16129719.png,punicalagin_cid16129719,Punicalagin,16129719,C1C(C(OC(=O)C2=CC(=C(C(=C2C3=C(C(=C4C5=C3C(=O)OC6=C(C(=C(C7=C(C(=C(C=C7C(=O)O1)O)O)O)C(=C56)C(=O)O4)O)O)O)O)O)O)O)C8C(OC(=O)C9=CC(=C(C(=C9C1=C(C(=C(C=C1C(=O)O8)O)O)O)O)O)O)C=O)O,3
purine_cid1044.png,purine_cid1044,Purine,1044,C1=C2C(=NC=N1)N=CN2,3
pyrantel_pamoate_cid5281033.png,pyrantel_pamoate_cid5281033,Pyrantel Pamoate,5281033,CN1CCCN=C1/C=C/C2=CC=CS2.C1=CC=C2C(=C1)C=C(C(=C2CC3=C(C(=CC4=CC=CC=C43)C(=O)O)O)O)C(=O)O,3
pyrazinamide_cid1046.png,pyrazinamide_cid1046,Pyrazinamide,1046,C1=CN=C(C=N1)C(=O)N,3
pyrene_cid31423.png,pyrene_cid31423,Pyrene,31423,C1=CC2=C3C(=C1)C=CC4=CC=CC(=C43)C=C2,3
pyridine_cid1049.png,pyridine_cid1049,Pyridine,1049,C1=CC=NC=C1,3
pyridine_d5_cid558519.png,pyridine_d5_cid558519,Pyridine-D5,558519,[2H]C1=C(C(=NC(=C1[2H])[2H])[2H])[2H],3
pyridinium_4_2_6r_7r_2_carboxy_7_2z_2_ethoxyimino_2_5_phosph_cid9852981.png,pyridinium_4_2_6r_7r_2_carboxy_7_2z_2_ethoxyimino_2_5_phosph_cid9852981,"Pyridinium, 4-(2-(((6R,7R)-2-carboxy-7-(((2Z)-2-(ethoxyimino)-2-(5-(phosphonoamino)-1,2,4-thiadiazol-3-yl)acetyl)amino)-8-oxo-5-thia-1-azabicyclo(4.2.0)oct-2-en-3-yl)thio)-4-thiazolyl)-1-methyl-, inner salt",9852981,CCO/N=C(/C1=NSC(=N1)NP(=O)(O)O)\C(=O)N[C@H]2[C@@H]3N(C2=O)C(=C(CS3)SC4=NC(=CS4)C5=CC=[N+](C=C5)C)C(=O)[O-],3
pyridostigmine_bromide_cid7550.png,pyridostigmine_bromide_cid7550,Pyridostigmine Bromide,7550,C[N+]1=CC=CC(=C1)OC(=O)N(C)C.[Br-],3
pyridoxal_cid1050.png,pyridoxal_cid1050,Pyridoxal,1050,CC1=NC=C(C(=C1O)C=O)CO,3
pyrithione_zinc_cid26041.png,pyrithione_zinc_cid26041,Pyrithione Zinc,26041,C1=CC=[N+](C(=C1)[S-])[O-].C1=CC=[N+](C(=C1)[S-])[O-].[Zn+2],3
pyronaridine_tetraphosphate_cid156867.png,pyronaridine_tetraphosphate_cid156867,Pyronaridine tetraphosphate,156867,COC1=NC2=C(C3=C(C=C(C=C3)Cl)N=C2C=C1)NC4=CC(=C(C(=C4)CN5CCCC5)O)CN6CCCC6.OP(=O)(O)O.OP(=O)(O)O.OP(=O)(O)O.OP(=O)(O)O,3
qpx7728_cid140830474.png,qpx7728_cid140830474,Qpx7728,140830474,B1([C@@H]2C[C@@H]2C3=C(O1)C(=C(C=C3)F)C(=O)O)O,3
qs_21_apiose_isomer_cid73652135.png,qs_21_apiose_isomer_cid73652135,qs-21-apiose isomer,73652135,CC[C@H](C)[C@H](C[C@@H](CC(=O)O[C@@H](C[C@@H](CC(=O)O[C@H]1[C@H](O[C@H]([C@@H]([C@H]1O)O[C@H]2[C@@H]([C@@H]([C@H]([C@@H](O2)C)O[C@H]3[C@@H]([C@H]([C@@H](CO3)O)O[C@H]4[C@@H]([C@](CO4)(CO)O)O)O)O)O)OC(=O)[C@]56CCC(C[C@H]5C7=CC[C@@H]8[C@]9(CC[C@@H]([C@@]([C@@H]9CC[C@]8([C@@]7(C[C@H]6O)C)C)(C)C=O)O[C@H]1[C@@H]([C@H]([C@@H]([C@H](O1)C(=O)O)O)O[C@H]1[C@@H]([C@H]([C@@H](CO1)O)O)O)O[C@H]1[C@@H]([C@H]([C@H]([C@H](O1)CO)O)O)O)C)(C)C)C)O)[C@@H](C)CC)O)O[C@H]1[C@@H]([C@H]([C@@H](O1)CO)O)O,3
quetiapine_cid5002.png,quetiapine_cid5002,Quetiapine,5002,C1CN(CCN1CCOCCO)C2=NC3=CC=CC=C3SC4=CC=CC=C42,3
quinacrine_dihydrochloride_cid6239.png,quinacrine_dihydrochloride_cid6239,Quinacrine Dihydrochloride,6239,CCN(CC)CCCC(C)NC1=C2C=C(C=CC2=NC3=C1C=CC(=C3)Cl)OC.Cl.Cl,3
quinagolide_cid3086401.png,quinagolide_cid3086401,Quinagolide,3086401,CCCN1C[C@H](C[C@H]2[C@H]1CC3=C(C2)C(=CC=C3)O)NS(=O)(=O)N(CC)CC,3
quinapril_cid54892.png,quinapril_cid54892,Quinapril,54892,CCOC(=O)[C@H](CCC1=CC=CC=C1)N[C@@H](C)C(=O)N2CC3=CC=CC=C3C[C@H]2C(=O)O,3
quinazoline_cid9210.png,quinazoline_cid9210,Quinazoline,9210,C1=CC=C2C(=C1)C=NC=N2,3
quinidine_cid441074.png,quinidine_cid441074,Quinidine,441074,COC1=CC2=C(C=CN=C2C=C1)[C@@H]([C@H]3C[C@@H]4CCN3C[C@@H]4C=C)O,3
quinine_cid3034034.png,quinine_cid3034034,Quinine,3034034,COC1=CC2=C(C=CN=C2C=C1)[C@H]([C@@H]3C[C@@H]4CCN3C[C@@H]4C=C)O,3
quinoxaline_cid7045.png,quinoxaline_cid7045,Quinoxaline,7045,C1=CC=C2C(=C1)N=CC=N2,3
quinupristin_cid5388937.png,quinupristin_cid5388937,Quinupristin,5388937,CC[C@@H]1C(=O)N2CCC[C@H]2C(=O)N([C@H](C(=O)N3C[C@H](C(=O)C[C@H]3C(=O)N[C@H](C(=O)O[C@@H]([C@@H](C(=O)N1)NC(=O)C4=C(C=CC=N4)O)C)C5=CC=CC=C5)CS[C@@H]6CN7CCC6CC7)CC8=CC=C(C=C8)N(C)C)C,3
quizartinib_cid24889392.png,quizartinib_cid24889392,Quizartinib,24889392,CC(C)(C)C1=CC(=NO1)NC(=O)NC2=CC=C(C=C2)C3=CN4C5=C(C=C(C=C5)OCCN6CCOCC6)SC4=N3,3
rabeprazole_cid5029.png,rabeprazole_cid5029,Rabeprazole,5029,CC1=C(C=CN=C1CS(=O)C2=NC3=CC=CC=C3N2)OCCCOC,3
radezolid_cid11224409.png,radezolid_cid11224409,Radezolid,11224409,CC(=O)NC[C@H]1CN(C(=O)O1)C2=CC(=C(C=C2)C3=CC=C(C=C3)CNCC4=NNN=C4)F,3
radotinib_cid16063245.png,radotinib_cid16063245,Radotinib,16063245,CC1=C(C=C(C=C1)C(=O)NC2=CC(=CC(=C2)C(F)(F)F)N3C=C(N=C3)C)NC4=NC=CC(=N4)C5=NC=CN=C5,3
raloxifene_cid5035.png,raloxifene_cid5035,Raloxifene,5035,C1CCN(CC1)CCOC2=CC=C(C=C2)C(=O)C3=C(SC4=C3C=CC(=C4)O)C5=CC=C(C=C5)O,3
raltegravir_cid54671008.png,raltegravir_cid54671008,Raltegravir,54671008,CC1=NN=C(O1)C(=O)NC(C)(C)C2=NC(=C(C(=O)N2C)O)C(=O)NCC3=CC=C(C=C3)F,3
raltitrexed_cid135400182.png,raltitrexed_cid135400182,Raltitrexed,135400182,CC1=NC2=C(C=C(C=C2)CN(C)C3=CC=C(S3)C(=O)N[C@@H](CCC(=O)O)C(=O)O)C(=O)N1,3
ramelteon_cid208902.png,ramelteon_cid208902,Ramelteon,208902,CCC(=O)NCC[C@@H]1CCC2=C1C3=C(C=C2)OCC3,3
ramipril_cid5362129.png,ramipril_cid5362129,Ramipril,5362129,CCOC(=O)[C@H](CCC1=CC=CC=C1)N[C@@H](C)C(=O)N2[C@H]3CCC[C@H]3C[C@H]2C(=O)O,3
ramosetron_cid108000.png,ramosetron_cid108000,Ramosetron,108000,CN1C=C(C2=CC=CC=C21)C(=O)[C@@H]3CCC4=C(C3)NC=N4,3
ranitidine_cid3001055.png,ranitidine_cid3001055,Ranitidine,3001055,CN/C(=C\[N+](=O)[O-])/NCCSCC1=CC=C(O1)CN(C)C,3
ranolazine_cid56959.png,ranolazine_cid56959,Ranolazine,56959,CC1=C(C(=CC=C1)C)NC(=O)CN2CCN(CC2)CC(COC3=CC=CC=C3OC)O,3
rasagiline_cid3052776.png,rasagiline_cid3052776,Rasagiline,3052776,C#CCN[C@@H]1CCC2=CC=CC=C12,3
ravidasvir_cid52918888.png,ravidasvir_cid52918888,Ravidasvir,52918888,CC(C)[C@@H](C(=O)N1CCC[C@H]1C2=NC3=C(N2)C=C(C=C3)C4=CC5=C(C=C4)C=C(C=C5)C6=CN=C(N6)[C@@H]7CCCN7C(=O)[C@H](C(C)C)NC(=O)OC)NC(=O)OC,3
ravtansine_cid11686439.png,ravtansine_cid11686439,Ravtansine,11686439,C[C@@H]1[C@@H]2C[C@]([C@@H](/C=C/C=C(/CC3=CC(=C(C(=C3)OC)Cl)N(C(=O)C[C@@H]([C@]4([C@H]1O4)C)OC(=O)[C@H](C)N(C)C(=O)CCC(C)(C)S)C)\C)OC)(NC(=O)O2)O,3
razaxaban_cid204102.png,razaxaban_cid204102,Razaxaban,204102,CN(C)CC1=NC=CN1C2=CC(=C(C=C2)NC(=O)C3=CC(=NN3C4=CC5=C(C=C4)ON=C5N)C(F)(F)F)F,3
refametinib_cid44182295.png,refametinib_cid44182295,Refametinib,44182295,COC1=CC(=C(C(=C1NS(=O)(=O)C2(CC2)C[C@@H](CO)O)NC3=C(C=C(C=C3)I)F)F)F,3
regadenoson_cid219024.png,regadenoson_cid219024,Regadenoson,219024,CNC(=O)C1=CN(N=C1)C2=NC(=C3C(=N2)N(C=N3)[C@H]4[C@@H]([C@@H]([C@H](O4)CO)O)O)N,3
regorafenib_cid11167602.png,regorafenib_cid11167602,Regorafenib,11167602,CNC(=O)C1=NC=CC(=C1)OC2=CC(=C(C=C2)NC(=O)NC3=CC(=C(C=C3)Cl)C(F)(F)F)F,3
relebactam_cid44129647.png,relebactam_cid44129647,Relebactam,44129647,C1C[C@H](N2C[C@@H]1N(C2=O)OS(=O)(=O)O)C(=O)NC3CCNCC3,3
relugolix_cid10348973.png,relugolix_cid10348973,Relugolix,10348973,CN(C)CC1=C(SC2=C1C(=O)N(C(=O)N2CC3=C(C=CC=C3F)F)C4=NN=C(C=C4)OC)C5=CC=C(C=C5)NC(=O)NOC,3
remdesivir_cid121304016.png,remdesivir_cid121304016,Remdesivir,121304016,CCC(CC)COC(=O)[C@H](C)N[P@](=O)(OC[C@@H]1[C@H]([C@H]([C@](O1)(C#N)C2=CC=C3N2N=CN=C3N)O)O)OC4=CC=CC=C4,3
remifentanil_cid60815.png,remifentanil_cid60815,Remifentanil,60815,CCC(=O)N(C1=CC=CC=C1)C2(CCN(CC2)CCC(=O)OC)C(=O)OC,3
remimazolam_cid9867812.png,remimazolam_cid9867812,Remimazolam,9867812,CC1=CN=C2N1C3=C(C=C(C=C3)Br)C(=N[C@H]2CCC(=O)OC)C4=CC=CC=N4,3
repaglinide_cid65981.png,repaglinide_cid65981,Repaglinide,65981,CCOC1=C(C=CC(=C1)CC(=O)N[C@@H](CC(C)C)C2=CC=CC=C2N3CCCCC3)C(=O)O,3
repotrectinib_cid135565923.png,repotrectinib_cid135565923,Repotrectinib,135565923,C[C@H]1CNC(=O)C2=C3N=C(C=CN3N=C2)N[C@@H](C4=C(O1)C=CC(=C4)F)C,3
reproxalap_cid16088030.png,reproxalap_cid16088030,Reproxalap,16088030,CC(C)(C1=C(C=C2C=C(C=CC2=N1)Cl)N)O,3
reserpine_cid5770.png,reserpine_cid5770,Reserpine,5770,CO[C@H]1[C@@H](C[C@@H]2CN3CCC4=C([C@H]3C[C@@H]2[C@@H]1C(=O)OC)NC5=C4C=CC(=C5)OC)OC(=O)C6=CC(=C(C(=C6)OC)OC)OC,3
resiquimod_hydrochloride_cid67340588.png,resiquimod_hydrochloride_cid67340588,Resiquimod hydrochloride,67340588,CCOCC1=NC2=C(N1CC(C)(C)O)C3=CC=CC=C3N=C2N.Cl,3
resmetirom_cid15981237.png,resmetirom_cid15981237,Resmetirom,15981237,CC(C)C1=CC(=NNC1=O)OC2=C(C=C(C=C2Cl)N3C(=O)NC(=O)C(=N3)C#N)Cl,3
resminostat_cid11609955.png,resminostat_cid11609955,Resminostat,11609955,CN(C)CC1=CC=C(C=C1)S(=O)(=O)N2C=CC(=C2)/C=C/C(=O)NO,3
resorcinol_cid5054.png,resorcinol_cid5054,Resorcinol,5054,C1=CC(=CC(=C1)O)O,3
retapamulin_cid6918462.png,retapamulin_cid6918462,Retapamulin,6918462,C[C@@H]1CC[C@@]23CCC(=O)[C@H]2[C@@]1([C@@H](C[C@@]([C@H]([C@@H]3C)O)(C)C=C)OC(=O)CSC4C[C@H]5CC[C@@H](C4)N5C)C,3
retinoic_acid_cid444795.png,retinoic_acid_cid444795,Retinoic Acid,444795,CC1=C(C(CCC1)(C)C)/C=C/C(=C/C=C/C(=C/C(=O)O)/C)/C,3
retinol_palmitate_cid5280531.png,retinol_palmitate_cid5280531,Retinol Palmitate,5280531,CCCCCCCCCCCCCCCC(=O)OC/C=C(\C)/C=C/C=C(\C)/C=C/C1=C(CCCC1(C)C)C,3
revefenacin_cid11753673.png,revefenacin_cid11753673,Revefenacin,11753673,CN(CCN1CCC(CC1)OC(=O)NC2=CC=CC=C2C3=CC=CC=C3)C(=O)C4=CC=C(C=C4)CN5CCC(CC5)C(=O)N,3
rezafungin_cid78318119.png,rezafungin_cid78318119,Rezafungin,78318119,CCCCCOC1=CC=C(C=C1)C2=CC=C(C=C2)C3=CC=C(C=C3)C(=O)N[C@H]4C[C@H]([C@H](NC(=O)[C@@H]5[C@H]([C@H](CN5C(=O)[C@@H](NC(=O)[C@@H](NC(=O)[C@@H]6C[C@H](CN6C(=O)[C@@H](NC4=O)[C@@H](C)O)O)[C@@H]([C@H](C7=CC=C(C=C7)O)O)O)[C@@H](C)O)C)O)OCC[N+](C)(C)C)O,3
rhodamine_b_cid6694.png,rhodamine_b_cid6694,Rhodamine B,6694,CCN(CC)C1=CC2=C(C=C1)C(=C3C=CC(=[N+](CC)CC)C=C3O2)C4=CC=CC=C4C(=O)O.[Cl-],3
ribavirin_cid37542.png,ribavirin_cid37542,Ribavirin,37542,C1=NC(=NN1[C@H]2[C@@H]([C@@H]([C@H](O2)CO)O)O)C(=O)N,3
ribociclib_cid44631912.png,ribociclib_cid44631912,Ribociclib,44631912,CN(C)C(=O)C1=CC2=CN=C(N=C2N1C3CCCC3)NC4=NC=C(C=C4)N5CCNCC5,3
riboflavin_cid493570.png,riboflavin_cid493570,Riboflavin,493570,CC1=CC2=C(C=C1C)N(C3=NC(=O)NC(=O)C3=N2)C[C@@H]([C@@H]([C@@H](CO)O)O)O,3
ricinoleic_acid_cid643684.png,ricinoleic_acid_cid643684,Ricinoleic Acid,643684,CCCCCC[C@H](C/C=C\CCCCCCCC(=O)O)O,3
ridaforolimus_cid11520894.png,ridaforolimus_cid11520894,Ridaforolimus,11520894,C[C@@H]1CC[C@H]2C[C@@H](/C(=C/C=C/C=C/[C@H](C[C@H](C(=O)[C@@H]([C@@H](/C(=C/[C@H](C(=O)C[C@H](OC(=O)[C@@H]3CCCCN3C(=O)C(=O)[C@@]1(O2)O)[C@H](C)C[C@@H]4CC[C@H]([C@@H](C4)OC)OP(=O)(C)C)C)/C)O)OC)C)C)/C)OC,3
rifabutin_cid135415564.png,rifabutin_cid135415564,Rifabutin,135415564,C[C@H]1/C=C/C=C(\C(=O)NC2=C(C3=C(C4=C(C(=C3O)C)O[C@@](C4=O)(O/C=C/[C@@H]([C@H]([C@H]([C@@H]([C@@H]([C@@H]([C@H]1O)C)O)C)OC(=O)C)C)OC)C)C5=NC6(CCN(CC6)CC(C)C)N=C25)O)/C,3
rifalazil_cid135431094.png,rifalazil_cid135431094,Rifalazil,135431094,C[C@H]1/C=C/C=C(\C(=O)NC2=C3C(=C4C(=C(C(=C5C4=C([C@](O5)(O/C=C/[C@@H]([C@H]([C@H]([C@@H]([C@@H]([C@@H]([C@H]1O)C)O)C)OC(=O)C)C)OC)C)O)C)O)C2=O)N=C6C(=CC(=CC6=O)N7CCN(CC7)CC(C)C)O3)/C,3
rifampicin_cid135398735.png,rifampicin_cid135398735,Rifampicin,135398735,C[C@H]1/C=C/C=C(\C(=O)NC2=C(C(=C3C(=C2O)C(=C(C4=C3C(=O)[C@](O4)(O/C=C/[C@@H]([C@H]([C@H]([C@@H]([C@@H]([C@@H]([C@H]1O)C)O)C)OC(=O)C)C)OC)C)C)O)O)/C=N/N5CCN(CC5)C)/C,3
rifamycin_b_cid5459948.png,rifamycin_b_cid5459948,Rifamycin B,5459948,C[C@H]1/C=C/C=C(\C(=O)NC2=CC(=C3C(=C2O)C(=C(C4=C3C(=O)[C@](O4)(O/C=C/[C@@H]([C@H]([C@H]([C@@H]([C@@H]([C@@H]([C@H]1O)C)O)C)OC(=O)C)C)OC)C)C)O)OCC(=O)O)/C,3
rifamycin_cid6324616.png,rifamycin_cid6324616,Rifamycin,6324616,C[C@H]1/C=C/C=C(\C(=O)NC2=CC(=C3C(=C2O)C(=C(C4=C3C(=O)[C@](O4)(O/C=C/[C@@H]([C@H]([C@H]([C@@H]([C@@H]([C@@H]([C@H]1O)C)O)C)OC(=O)C)C)OC)C)C)O)O)/C,3
rifapentine_cid135403821.png,rifapentine_cid135403821,Rifapentine,135403821,C[C@H]1/C=C/C=C(\C(=O)NC2=C(C(=C3C(=C2O)C(=C(C4=C3C(=O)[C@](O4)(O/C=C/[C@@H]([C@H]([C@H]([C@@H]([C@@H]([C@@H]([C@H]1O)C)O)C)OC(=O)C)C)OC)C)C)O)O)/C=N/N5CCN(CC5)C6CCCC6)/C,3
rilmenidine_cid68712.png,rilmenidine_cid68712,Rilmenidine,68712,C1CC1C(C2CC2)NC3=NCCO3,3
rilpivirine_cid6451164.png,rilpivirine_cid6451164,Rilpivirine,6451164,CC1=CC(=CC(=C1NC2=NC(=NC=C2)NC3=CC=C(C=C3)C#N)C)/C=C/C#N,3
riluzole_cid5070.png,riluzole_cid5070,Riluzole,5070,C1=CC2=C(C=C1OC(F)(F)F)SC(=N2)N,3
rimantadine_hydrochloride_cid15165.png,rimantadine_hydrochloride_cid15165,Rimantadine Hydrochloride,15165,CC(C12CC3CC(C1)CC(C3)C2)N.Cl,3
rimexolone_cid5311412.png,rimexolone_cid5311412,Rimexolone,5311412,CCC(=O)[C@]1([C@@H](C[C@@H]2[C@@]1(C[C@@H]([C@H]3[C@H]2CCC4=CC(=O)C=C[C@]34C)O)C)C)C,3
rimocidin_cid6440843.png,rimocidin_cid6440843,Rimocidin,6440843,CCC[C@@H]1C/C=C/C=C/C=C/C=C/[C@@H](C[C@H]2[C@@H]([C@H](C[C@](O2)(C[C@H](CCCC(=O)C[C@H]([C@@H](C(=O)O1)CC)O)O)O)O)C(=O)O)O[C@H]3[C@H]([C@H]([C@@H]([C@H](O3)C)O)N)O,3
rimonabant_cid104850.png,rimonabant_cid104850,Rimonabant,104850,CC1=C(N(N=C1C(=O)NN2CCCCC2)C3=C(C=C(C=C3)Cl)Cl)C4=CC=C(C=C4)Cl,3
rintatolimod_cid135537060.png,rintatolimod_cid135537060,Rintatolimod,135537060,C1=CN(C(=O)N=C1N)[C@H]2[C@@H]([C@@H]([C@H](O2)COP(=O)(O)O)O)O.C1=CN(C(=O)NC1=O)[C@H]2[C@@H]([C@@H]([C@H](O2)COP(=O)(O)O)O)O.C1=NC2=C(C(=O)N1)N=CN2[C@H]3[C@@H]([C@@H]([C@H](O3)COP(=O)(O)O)O)O,3
rintodestrant_cid129205616.png,rintodestrant_cid129205616,Rintodestrant,129205616,CC1=CC(=CC(=C1C(=O)C2=C(C3=C(S2)C=C(C=C3)O)OC4=CC=C(C=C4)/C=C/C(=O)O)C)F,3
riociguat_cid11304743.png,riociguat_cid11304743,Riociguat,11304743,CN(C1=C(N=C(N=C1N)C2=NN(C3=C2C=CC=N3)CC4=CC=CC=C4F)N)C(=O)OC,3
ripasudil_cid9863672.png,ripasudil_cid9863672,Ripasudil,9863672,C[C@H]1CNCCCN1S(=O)(=O)C2=CC=CC3=CN=CC(=C32)F,3
ripretinib_cid71584930.png,ripretinib_cid71584930,Ripretinib,71584930,CCN1C2=CC(=NC=C2C=C(C1=O)C3=CC(=C(C=C3Br)F)NC(=O)NC4=CC=CC=C4)NC,3
risdiplam_cid118513932.png,risdiplam_cid118513932,Risdiplam,118513932,CC1=CC(=NN2C1=NC(=C2)C)C3=CC(=O)N4C=C(C=CC4=N3)N5CCNC6(C5)CC6,3
risperidone_cid5073.png,risperidone_cid5073,Risperidone,5073,CC1=C(C(=O)N2CCCCC2=N1)CCN3CCC(CC3)C4=NOC5=C4C=CC(=C5)F,3
ristocetin_a_cid16131418.png,ristocetin_a_cid16131418,Ristocetin A,16131418,CC1C(C(CC(O1)OC2C3C(=O)NC(C4=C(C(=CC(=C4)O)OC5C(C(C(C(O5)CO)O)O)O)C6=C(C=CC(=C6)C(C(=O)N3)NC(=O)C7C8=CC(=C(C(=C8)OC9=CC=C2C=C9)OC1C(C(C(C(O1)COC1C(C(C(C(O1)C)O)O)O)O)O)OC1C(C(C(C(O1)CO)O)O)OC1C(C(C(CO1)O)O)O)OC1=CC=C(C=C1)C(C1C(=O)NC(C2=CC(=C(C(=C2)OC2=C(C=CC(=C2)C(C(=O)N1)N)O)C)O)C(=O)N7)O)O)C(=O)OC)N)O,3
risuteganib_cid130476723.png,risuteganib_cid130476723,Risuteganib,130476723,C[C@H]([C@@H](C(=O)N1CCC[C@H]1C(=O)O)NC(=O)[C@H](CS(=O)(=O)O)NC(=O)CNC(=O)[C@H](CCCN=C(N)N)NC(=O)CN)O,3
ritlecitinib_cid118115473.png,ritlecitinib_cid118115473,Ritlecitinib,118115473,C[C@H]1CC[C@H](CN1C(=O)C=C)NC2=NC=NC3=C2C=CN3,3
ritobegron_cid9820882.png,ritobegron_cid9820882,Ritobegron,9820882,CC1=CC(=C(C=C1OCC(=O)O)C)CCN[C@@H](C)[C@@H](C2=CC=C(C=C2)O)O,3
ritodrine_cid33572.png,ritodrine_cid33572,Ritodrine,33572,C[C@@H]([C@@H](C1=CC=C(C=C1)O)O)NCCC2=CC=C(C=C2)O,3
ritonavir_cid392622.png,ritonavir_cid392622,Ritonavir,392622,CC(C)C1=NC(=CS1)CN(C)C(=O)N[C@@H](C(C)C)C(=O)N[C@@H](CC2=CC=CC=C2)C[C@@H]([C@H](CC3=CC=CC=C3)NC(=O)OCC4=CN=CS4)O,3
rivaroxaban_cid9875401.png,rivaroxaban_cid9875401,Rivaroxaban,9875401,C1COCC(=O)N1C2=CC=C(C=C2)N3C[C@@H](OC3=O)CNC(=O)C4=CC=C(S4)Cl,3
rivastigmine_cid77991.png,rivastigmine_cid77991,Rivastigmine,77991,CCN(C)C(=O)OC1=CC=CC(=C1)[C@H](C)N(C)C,3
riviciclib_cid24887371.png,riviciclib_cid24887371,Riviciclib,24887371,CN1CC[C@@H]([C@H]1CO)C2=C(C=C(C3=C2OC(=CC3=O)C4=CC=CC=C4Cl)O)O,3
rizatriptan_cid5078.png,rizatriptan_cid5078,Rizatriptan,5078,CN(C)CCC1=CNC2=C1C=C(C=C2)CN3C=NC=N3,3
robenacoxib_cid6433107.png,robenacoxib_cid6433107,Robenacoxib,6433107,CCC1=CC(=C(C=C1)NC2=C(C(=CC(=C2F)F)F)F)CC(=O)O,3
rocuronium_bromide_cid441351.png,rocuronium_bromide_cid441351,Rocuronium Bromide,441351,CC(=O)O[C@H]1[C@H](C[C@@H]2[C@@]1(CC[C@H]3[C@H]2CC[C@@H]4[C@@]3(C[C@@H]([C@H](C4)O)N5CCOCC5)C)C)[N+]6(CCCC6)CC=C.[Br-],3
rodorubicin_cid57097.png,rodorubicin_cid57097,Rodorubicin,57097,CC[C@]1(C[C@@H](C2=C([C@H]1O[C@H]3C[C@@H]([C@@H]([C@@H](O3)C)O)N(C)C)C(=C4C(=C2O)C(=O)C5=C(C4=O)C=CC=C5O)O)O[C@H]6C[C@@H]([C@@H]([C@@H](O6)C)O[C@H]7C[C@H]8[C@@H]([C@@H](O7)C)O[C@H]9[C@@H](O8)CC(=O)[C@@H](O9)C)N(C)C)O,3
rofecoxib_cid5090.png,rofecoxib_cid5090,Rofecoxib,5090,CS(=O)(=O)C1=CC=C(C=C1)C2=C(C(=O)OC2)C3=CC=CC=C3,3
roflumilast_cid449193.png,roflumilast_cid449193,Roflumilast,449193,C1CC1COC2=C(C=CC(=C2)C(=O)NC3=C(C=NC=C3Cl)Cl)OC(F)F,3
rokitamycin_cid5282211.png,rokitamycin_cid5282211,Rokitamycin,5282211,CCCC(=O)O[C@H]1[C@@H](O[C@H](C[C@@]1(C)OC(=O)CC)O[C@@H]2[C@H](O[C@H]([C@@H]([C@H]2N(C)C)O)O[C@H]3[C@H](C[C@H]([C@H](/C=C/C=C/C[C@H](OC(=O)C[C@H]([C@@H]3OC)O)C)O)C)CC=O)C)C,3
rolapitant_hydrochloride_cid16203739.png,rolapitant_hydrochloride_cid16203739,Rolapitant Hydrochloride,16203739,C[C@H](C1=CC(=CC(=C1)C(F)(F)F)C(F)(F)F)OC[C@]2(CC[C@]3(CCC(=O)N3)CN2)C4=CC=CC=C4.O.Cl,3
romidepsin_cid5352062.png,romidepsin_cid5352062,Romidepsin,5352062,C/C=C\1/C(=O)N[C@H](C(=O)O[C@H]\2CC(=O)N[C@@H](C(=O)N[C@H](CSSCC/C=C2)C(=O)N1)C(C)C)C(C)C,3
romurtide_cid9940969.png,romurtide_cid9940969,Romurtide,9940969,CCCCCCCCCCCCCCCCCC(=O)NCCCC[C@@H](C(=O)O)NC(=O)CC[C@H](C(=O)N)NC(=O)[C@H](C)NC(=O)[C@@H](C)O[C@H]([C@H](C=O)NC(=O)C)[C@@H]([C@@H](CO)O)O,3
ronifibrate_cid68671.png,ronifibrate_cid68671,Ronifibrate,68671,CC(C)(C(=O)OCCCOC(=O)C1=CN=CC=C1)OC2=CC=C(C=C2)Cl,3
ropinirole_cid5095.png,ropinirole_cid5095,Ropinirole,5095,CCCN(CCC)CCC1=C2CC(=O)NC2=CC=C1,3
ropivacaine_cid175805.png,ropivacaine_cid175805,Ropivacaine,175805,CCCN1CCCC[C@H]1C(=O)NC2=C(C=CC=C2C)C,3
roscovitine_cid160355.png,roscovitine_cid160355,Roscovitine,160355,CC[C@H](CO)NC1=NC(=C2C(=N1)N(C=N2)C(C)C)NCC3=CC=CC=C3,3
rosiglitazone_cid77999.png,rosiglitazone_cid77999,Rosiglitazone,77999,CN(CCOC1=CC=C(C=C1)CC2C(=O)NC(=O)S2)C3=CC=CC=N3,3
rosuvastatin_calcium_cid5282455.png,rosuvastatin_calcium_cid5282455,Rosuvastatin Calcium,5282455,CC(C1=NC(=NC(=C1/C=C/[C@@H](O)C[C@@H](O)CC(=O)[O-])C2=CC=C(C=C2)F)N(S(=O)(=O)C)C)C.CC(C1=NC(=NC(=C1/C=C/[C@@H](O)C[C@@H](O)CC(=O)[O-])C2=CC=C(C=C2)F)N(S(=O)(=O)C)C)C.[Ca+2],3
rotigotine_cid59227.png,rotigotine_cid59227,Rotigotine,59227,CCCN(CCC1=CC=CS1)[C@H]2CCC3=C(C2)C=CC=C3O,3
roxarsone_cid5104.png,roxarsone_cid5104,Roxarsone,5104,C1=CC(=C(C=C1[As](=O)(O)O)[N+](=O)[O-])O,3
roxatidine_cid91276.png,roxatidine_cid91276,Roxatidine,91276,C1CCN(CC1)CC2=CC(=CC=C2)OCCCNC(=O)CO,3
roxithromycin_cid6915744.png,roxithromycin_cid6915744,Roxithromycin,6915744,CC[C@@H]1[C@@]([C@@H]([C@H](/C(=N/OCOCCOC)/[C@@H](C[C@@]([C@@H]([C@H]([C@@H]([C@H](C(=O)O1)C)O[C@H]2C[C@@]([C@H]([C@@H](O2)C)O)(C)OC)C)O[C@H]3[C@@H]([C@H](C[C@H](O3)C)N(C)C)O)(C)O)C)C)O)(C)O,3
rubitecan_cid472335.png,rubitecan_cid472335,Rubitecan,472335,CC[C@@]1(C2=C(COC1=O)C(=O)N3CC4=CC5=C(C=CC=C5[N+](=O)[O-])N=C4C3=C2)O,3
ruboxistaurin_cid153999.png,ruboxistaurin_cid153999,Ruboxistaurin,153999,CN(C)C[C@@H]1CCN2C=C(C3=CC=CC=C32)C4=C(C5=CN(CCO1)C6=CC=CC=C65)C(=O)NC4=O,3
rubrene_cid68203.png,rubrene_cid68203,Rubrene,68203,C1=CC=C(C=C1)C2=C3C=CC=CC3=C(C4=C(C5=CC=CC=C5C(=C24)C6=CC=CC=C6)C7=CC=CC=C7)C8=CC=CC=C8,3
rucaparib_cid9931954.png,rucaparib_cid9931954,Rucaparib,9931954,CNCC1=CC=C(C=C1)C2=C3CCNC(=O)C4=C3C(=CC(=C4)F)N2,3
rufinamide_cid129228.png,rufinamide_cid129228,Rufinamide,129228,C1=CC(=C(C(=C1)F)CN2C=C(N=N2)C(=O)N)F,3
runcaciguat_cid134440946.png,runcaciguat_cid134440946,Runcaciguat,134440946,C[C@H]([C@@H](C1=CC=C(C=C1)Cl)C(=O)NC2=C(C=CC(=C2)[C@@H](CC(=O)O)C3CC3)Cl)C(F)(F)F,3
ruthenocene_cid11020720.png,ruthenocene_cid11020720,Ruthenocene,11020720,C1=C[CH]C=C1.C1=C[CH]C=C1.[Ru],3
sacubitril_cid9811834.png,sacubitril_cid9811834,Sacubitril,9811834,CCOC(=O)[C@H](C)C[C@@H](CC1=CC=C(C=C1)C2=CC=CC=C2)NC(=O)CCC(=O)O,3
saffan_cid24732.png,saffan_cid24732,Saffan,24732,CC(=O)[C@H]1CC[C@@H]2[C@@]1(CC(=O)[C@H]3[C@H]2CC[C@@H]4[C@@]3(CC[C@H](C4)O)C)C.CC(=O)OCC(=O)[C@H]1CC[C@@H]2[C@@]1(CC(=O)[C@H]3[C@H]2CC[C@@H]4[C@@]3(CC[C@H](C4)O)C)C,3
safinamide_cid131682.png,safinamide_cid131682,Safinamide,131682,C[C@@H](C(=O)N)NCC1=CC=C(C=C1)OCC2=CC(=CC=C2)F,3
salacinol_cid6451151.png,salacinol_cid6451151,Salacinol,6451151,C1[C@H]([C@@H]([C@H]([S+]1C[C@H]([C@H](CO)OS(=O)(=O)[O-])O)CO)O)O,3
salbutamol_cid2083.png,salbutamol_cid2083,Salbutamol,2083,CC(C)(C)NCC(C1=CC(=C(C=C1)O)CO)O,3
salicylanilide_cid6872.png,salicylanilide_cid6872,Salicylanilide,6872,C1=CC=C(C=C1)NC(=O)C2=CC=CC=C2O,3
salicylic_acid_cid338.png,salicylic_acid_cid338,Salicylic Acid,338,C1=CC=C(C(=C1)C(=O)O)O,3
salmeterol_cid5152.png,salmeterol_cid5152,Salmeterol,5152,C1=CC=C(C=C1)CCCCOCCCCCCNCC(C2=CC(=C(C=C2)O)CO)O,3
samuraciclib_cid91844733.png,samuraciclib_cid91844733,Samuraciclib,91844733,CC(C)C1=C2N=C(C=C(N2N=C1)NCC3=CC=CC=C3)NC[C@H]4CCNC[C@@H]4O,3
sapropterin_cid135398654.png,sapropterin_cid135398654,Sapropterin,135398654,C[C@@H]([C@@H]([C@H]1CNC2=C(N1)C(=O)NC(=N2)N)O)O,3
saquinavir_cid441243.png,saquinavir_cid441243,Saquinavir,441243,CC(C)(C)NC(=O)[C@@H]1C[C@@H]2CCCC[C@@H]2CN1C[C@H]([C@H](CC3=CC=CC=C3)NC(=O)[C@H](CC(=O)N)NC(=O)C4=NC5=CC=CC=C5C=C4)O,3
saracatinib_cid10302451.png,saracatinib_cid10302451,Saracatinib,10302451,CN1CCN(CC1)CCOC2=CC3=C(C(=C2)OC4CCOCC4)C(=NC=N3)NC5=C(C=CC6=C5OCO6)Cl,3
sarcosine_cid1088.png,sarcosine_cid1088,Sarcosine,1088,CNCC(=O)O,3
sarolaner_cid73169092.png,sarolaner_cid73169092,Sarolaner,73169092,CS(=O)(=O)CC(=O)N1CC2(C1)C3=C(CO2)C=C(C=C3)C4=NO[C@@](C4)(C5=CC(=C(C(=C5)Cl)F)Cl)C(F)(F)F,3
sarpogrelate_cid5160.png,sarpogrelate_cid5160,Sarpogrelate,5160,CN(C)CC(COC1=CC=CC=C1CCC2=CC(=CC=C2)OC)OC(=O)CCC(=O)O,3
saruparib_cid155586901.png,saruparib_cid155586901,Saruparib,155586901,CCC1=CC2=C(C=C(C=N2)CN3CCN(CC3)C4=CN=C(C=C4)C(=O)NC)NC1=O,3
satoreotide_cid121488181.png,satoreotide_cid121488181,Satoreotide,121488181,C[C@H]([C@H]1C(=O)N[C@@H](CSSC[C@H](C(=O)N[C@H](C(=O)N[C@@H](C(=O)N[C@H](C(=O)N1)CCCCN)CC2=CC=C(C=C2)NC(=O)N)CC3=CC=C(C=C3)NC(=O)[C@@H]4CC(=O)NC(=O)N4)NC(=O)[C@H](CC5=CC=C(C=C5)Cl)N)C(=O)N[C@H](CC6=CC=C(C=C6)O)C(=O)N)O,3
satraplatin_cid123974.png,satraplatin_cid123974,Satraplatin,123974,CC(=O)[O-].CC(=O)[O-].C1CCC(CC1)N.N.[Cl-].[Cl-].[Pt+4],3
savolitinib_cid68289010.png,savolitinib_cid68289010,Savolitinib,68289010,C[C@@H](C1=CN2C=CN=C2C=C1)N3C4=NC(=CN=C4N=N3)C5=CN(N=C5)C,3
saxagliptin_hydrochloride_cid49800073.png,saxagliptin_hydrochloride_cid49800073,Saxagliptin Hydrochloride,49800073,C1[C@@H]2C[C@@H]2N([C@@H]1C#N)C(=O)[C@H](C34CC5CC(C3)CC(C5)(C4)O)N.Cl,3
seglitide_cid5311430.png,seglitide_cid5311430,Seglitide,5311430,C[C@H]1C(=O)N[C@H](C(=O)N[C@@H](C(=O)N[C@H](C(=O)N[C@H](C(=O)N[C@H](C(=O)N1C)CC2=CC=CC=C2)C(C)C)CCCCN)CC3=CNC4=CC=CC=C43)CC5=CC=C(C=C5)O,3
seladelpar_cid11236126.png,seladelpar_cid11236126,Seladelpar,11236126,CCO[C@H](COC1=CC=C(C=C1)C(F)(F)F)CSC2=CC(=C(C=C2)OCC(=O)O)C,3
selamectin_cid9578507.png,selamectin_cid9578507,Selamectin,9578507,C[C@H]1CC[C@]2(C[C@@H]3C[C@H](O2)C/C=C(/[C@H]([C@H](/C=C/C=C/4\CO[C@H]\5[C@@]4([C@@H](C=C(/C5=N/O)C)C(=O)O3)O)C)O[C@H]6C[C@@H]([C@H]([C@@H](O6)C)O)OC)\C)O[C@@H]1C7CCCCC7,3
selatogrel_cid59534142.png,selatogrel_cid59534142,Selatogrel,59534142,CCCCOC(=O)N1CCN(CC1)C(=O)[C@H](CP(=O)(O)O)NC(=O)C2=CC(=NC(=N2)C3=CC=CC=C3)N4CC[C@@H](C4)OC,3
selegiline_cid26757.png,selegiline_cid26757,Selegiline,26757,C[C@H](CC1=CC=CC=C1)N(C)CC#C,3
selenium_disulfide_cid24087.png,selenium_disulfide_cid24087,Selenium disulfide,24087,S=[Se]=S,3
selenium_sulfide_ses_cid24011.png,selenium_sulfide_ses_cid24011,Selenium sulfide (SeS),24011,S=[Se],3
selenocystine_cid207306.png,selenocystine_cid207306,Selenocystine,207306,C([C@@H](C(=O)O)N)[Se][Se]C[C@@H](C(=O)O)N,3
seletalisib_cid56928390.png,seletalisib_cid56928390,Seletalisib,56928390,C1=CC2=CC(=C(N=C2C(=C1)Cl)C3=C[N+](=CC=C3)[O-])[C@H](C(F)(F)F)NC4=NC=NC5=C4N=CC=C5,3
selexipag_cid9913767.png,selexipag_cid9913767,Selexipag,9913767,CC(C)N(CCCCOCC(=O)NS(=O)(=O)C)C1=CN=C(C(=N1)C2=CC=CC=C2)C3=CC=CC=C3,3
selinexor_cid71481097.png,selinexor_cid71481097,Selinexor,71481097,C1=CN=C(C=N1)NNC(=O)/C=C\N2C=NC(=N2)C3=CC(=CC(=C3)C(F)(F)F)C(F)(F)F,3
selpercatinib_cid134436906.png,selpercatinib_cid134436906,Selpercatinib,134436906,CC(C)(COC1=CN2C(=C(C=N2)C#N)C(=C1)C3=CN=C(C=C3)N4CC5CC(C4)N5CC6=CN=C(C=C6)OC)O,3
sematilide_cid58505.png,sematilide_cid58505,Sematilide,58505,CCN(CC)CCNC(=O)C1=CC=C(C=C1)NS(=O)(=O)C,3
semaxanib_cid5329098.png,semaxanib_cid5329098,Semaxanib,5329098,CC1=CC(=C(N1)/C=C\2/C3=CC=CC=C3NC2=O)C,3
semduramicin_cid71327.png,semduramicin_cid71327,Semduramicin,71327,C[C@H]1C[C@H]([C@@](O[C@@H]1[C@H]2C[C@@H]([C@@H](O2)[C@@]3(CC[C@@H](O3)[C@@]4(CC[C@@]5(O4)C[C@@H]([C@H]([C@H](O5)[C@@H](C)[C@H]6[C@@H]([C@H]([C@@H]([C@](O6)(CC(=O)O)O)C)O)OC)C)O)C)C)O[C@H]7CC[C@@H]([C@H](O7)C)OC)(C)O)C,3
sempervirine_cid168919.png,sempervirine_cid168919,Sempervirine,168919,C1CCC2=CN3C=CC4=C5C=CC=CC5=NC4=C3C=C2C1,3
senna_cid73111.png,senna_cid73111,Senna,73111,C1=CC2=C(C(=C1)O[C@H]3[C@@H]([C@H]([C@@H]([C@H](O3)CO)O)O)O)C(=O)C4=C([C@@H]2[C@@H]5C6=C(C(=CC=C6)O[C@H]7[C@@H]([C@H]([C@@H]([C@H](O7)CO)O)O)O)C(=O)C8=C5C=C(C=C8O)C(=O)O)C=C(C=C4O)C(=O)O,3
serlopitant_cid23653789.png,serlopitant_cid23653789,Serlopitant,23653789,C[C@H](C1=CC(=CC(=C1)C(F)(F)F)C(F)(F)F)O[C@H]2CC[C@@H]3CN(C[C@H]3[C@@H]2C4=CC=C(C=C4)F)C5=CC(=O)CC5,3
serotonin_cid5202.png,serotonin_cid5202,Serotonin,5202,C1=CC2=C(C=C1O)C(=CN2)CCN,3
sertindole_cid60149.png,sertindole_cid60149,Sertindole,60149,C1CN(CCC1C2=CN(C3=C2C=C(C=C3)Cl)C4=CC=C(C=C4)F)CCN5CCNC5=O,3
sertraline_cid68617.png,sertraline_cid68617,Sertraline,68617,CN[C@H]1CC[C@H](C2=CC=CC=C12)C3=CC(=C(C=C3)Cl)Cl,3
sertraline_hydrochloride_cid63009.png,sertraline_hydrochloride_cid63009,Sertraline Hydrochloride,63009,CN[C@H]1CC[C@H](C2=CC=CC=C12)C3=CC(=C(C=C3)Cl)Cl.Cl,3
setipiprant_cid49843471.png,setipiprant_cid49843471,Setipiprant,49843471,C1CN(CC2=C1N(C3=C2C=C(C=C3)F)CC(=O)O)C(=O)C4=CC=CC5=CC=CC=C54,3
setiptiline_cid5205.png,setiptiline_cid5205,Setiptiline,5205,CN1CCC2=C(C1)C3=CC=CC=C3CC4=CC=CC=C24,3
setmelanotide_cid11993702.png,setmelanotide_cid11993702,Setmelanotide,11993702,C[C@@H]1C(=O)N[C@H](C(=O)N[C@@H](C(=O)N[C@H](C(=O)N[C@H](C(=O)N[C@@H](CSSC[C@@H](C(=O)N1)NC(=O)[C@H](CCCN=C(N)N)NC(=O)C)C(=O)N)CC2=CNC3=CC=CC=C32)CCCN=C(N)N)CC4=CC=CC=C4)CC5=CN=CN5,3
sevoflurane_cid5206.png,sevoflurane_cid5206,Sevoflurane,5206,C(OC(C(F)(F)F)C(F)(F)F)F,3
shr0302_cid71622431.png,shr0302_cid71622431,Shr0302,71622431,CN(C1C[C@@H]2CN(C[C@@H]2C1)C(=O)NC3=NC(=NS3)OC)C4=NC=NC5=C4C=CN5,3
sibutramine_cid5210.png,sibutramine_cid5210,Sibutramine,5210,CC(C)CC(C1(CCC1)C2=CC=C(C=C2)Cl)N(C)C,3
sildenafil_cid135398744.png,sildenafil_cid135398744,Sildenafil,135398744,CCCC1=NN(C2=C1N=C(NC2=O)C3=C(C=CC(=C3)S(=O)(=O)N4CCN(CC4)C)OCC)C,3
silica_cid24261.png,silica_cid24261,Silica,24261,O=[Si]=O,3
silodosin_cid5312125.png,silodosin_cid5312125,Silodosin,5312125,C[C@H](CC1=CC2=C(C(=C1)C(=O)N)N(CC2)CCCO)NCCOC3=CC=CC=C3OCC(F)(F)F,3
silperisone_cid178568.png,silperisone_cid178568,Silperisone,178568,C[Si](C)(CC1=CC=C(C=C1)F)CN2CCCCC2,3
silver_i_trifluoromethanesulfonate_cid76223.png,silver_i_trifluoromethanesulfonate_cid76223,Silver(I) trifluoromethanesulfonate,76223,C(F)(F)(F)S(=O)(=O)[O-].[Ag+],3
silver_sulfadiazine_cid441244.png,silver_sulfadiazine_cid441244,Silver Sulfadiazine,441244,C1=CN=C(N=C1)[N-]S(=O)(=O)C2=CC=C(C=C2)N.[Ag+],3
simeprevir_cid24873435.png,simeprevir_cid24873435,Simeprevir,24873435,CC1=C(C=CC2=C1N=C(C=C2O[C@@H]3C[C@@H]4[C@@H](C3)C(=O)N(CCCC/C=C\[C@@H]5C[C@]5(NC4=O)C(=O)NS(=O)(=O)C6CC6)C)C7=NC(=CS7)C(C)C)OC,3
simfibrate_cid5217.png,simfibrate_cid5217,Simfibrate,5217,CC(C)(C(=O)OCCCOC(=O)C(C)(C)OC1=CC=C(C=C1)Cl)OC2=CC=C(C=C2)Cl,3
simvastatin_cid54454.png,simvastatin_cid54454,Simvastatin,54454,CCC(C)(C)C(=O)O[C@H]1C[C@H](C=C2[C@H]1[C@H]([C@H](C=C2)C)CC[C@@H]3C[C@H](CC(=O)O3)O)C,3
sincalide_cid9833444.png,sincalide_cid9833444,Sincalide,9833444,CSCC[C@@H](C(=O)NCC(=O)N[C@@H](CC1=CNC2=CC=CC=C21)C(=O)N[C@@H](CCSC)C(=O)N[C@@H](CC(=O)O)C(=O)N[C@@H](CC3=CC=CC=C3)C(=O)N)NC(=O)[C@H](CC4=CC=C(C=C4)OS(=O)(=O)O)NC(=O)[C@H](CC(=O)O)N,3
sinefungin_cid65482.png,sinefungin_cid65482,Sinefungin,65482,C1=NC(=C2C(=N1)N(C=N2)[C@H]3[C@@H]([C@@H]([C@H](O3)C[C@H](CC[C@@H](C(=O)O)N)N)O)O)N,3
siomycin_a_cid121225689.png,siomycin_a_cid121225689,Siomycin A,121225689,C/C=C\1/C2=N[C@H](CS2)C(=O)N[C@H](C3=NC(=CS3)C(=O)N[C@H]4[C@H](OC(=O)C5=NC6=C(C=C[C@H]([C@@H]6O)N[C@H](C(=O)NC(=C)C(=O)NC(=C)C(=O)N[C@H](C(=O)N[C@@]7(CCC(=N[C@@H]7C8=CSC4=N8)C9=NC(=CS9)C(=O)NC(=C)C(=O)NC(=C)C(=O)N)C2=NC(=CS2)C(=O)N[C@H](C(=O)N1)[C@@H](C)O)C)C(C)C)C(=C5)[C@H](C)O)C)[C@@](C)([C@@H](C)O)O,3
siponimod_cid44599207.png,siponimod_cid44599207,Siponimod,44599207,CCC1=C(C=CC(=C1)/C(=N/OCC2=CC(=C(C=C2)C3CCCCC3)C(F)(F)F)/C)CN4CC(C4)C(=O)O,3
sirolimus_cid5284616.png,sirolimus_cid5284616,Sirolimus,5284616,C[C@@H]1CC[C@H]2C[C@@H](/C(=C/C=C/C=C/[C@H](C[C@H](C(=O)[C@@H]([C@@H](/C(=C/[C@H](C(=O)C[C@H](OC(=O)[C@@H]3CCCCN3C(=O)C(=O)[C@@]1(O2)O)[C@H](C)C[C@@H]4CC[C@H]([C@@H](C4)OC)O)C)/C)O)OC)C)C)/C)OC,3
sitafloxacin_cid461399.png,sitafloxacin_cid461399,Sitafloxacin,461399,C1CC12CN(C[C@H]2N)C3=C(C=C4C(=C3Cl)N(C=C(C4=O)C(=O)O)[C@@H]5C[C@@H]5F)F,3
sitagliptin_cid4369359.png,sitagliptin_cid4369359,Sitagliptin,4369359,C1CN2C(=NN=C2C(F)(F)F)CN1C(=O)C[C@@H](CC3=CC(=C(C=C3F)F)F)N,3
sm_102_cid126697616.png,sm_102_cid126697616,SM-102,126697616,CCCCCCCCCCCOC(=O)CCCCCN(CCCCCCCC(=O)OC(CCCCCCCC)CCCCCCCC)CCO,3
sobetirome_cid9862248.png,sobetirome_cid9862248,Sobetirome,9862248,CC1=CC(=CC(=C1CC2=CC(=C(C=C2)O)C(C)C)C)OCC(=O)O,3
sobrerol_cid91463.png,sobrerol_cid91463,Sobrerol,91463,CC1=CCC(CC1O)C(C)(C)O,3
sodium_acetate_cid31372.png,sodium_acetate_cid31372,Sodium acetate,31372,CC(=O)[O-].[Na+],3
sodium_arsenite_cid443495.png,sodium_arsenite_cid443495,Sodium Arsenite,443495,[O-][As]=O.[Na+],3
sodium_borohydride_cid4311764.png,sodium_borohydride_cid4311764,Sodium borohydride,4311764,[BH4-].[Na+],3
sodium_butyrate_cid5222465.png,sodium_butyrate_cid5222465,Sodium Butyrate,5222465,CCCC(=O)[O-].[Na+],3
sodium_cacodylate_cid2724247.png,sodium_cacodylate_cid2724247,Sodium Cacodylate,2724247,C[As](=O)(C)[O-].[Na+],3
sodium_chloride_cid5234.png,sodium_chloride_cid5234,Sodium Chloride,5234,[Na+].[Cl-],3
sodium_deoxycholate_cid23668196.png,sodium_deoxycholate_cid23668196,Sodium Deoxycholate,23668196,C[C@H](CCC(=O)[O-])[C@H]1CC[C@@H]2[C@@]1([C@H](C[C@H]3[C@H]2CC[C@H]4[C@@]3(CC[C@H](C4)O)C)O)C.[Na+],3
sodium_fluoride_cid5235.png,sodium_fluoride_cid5235,Sodium Fluoride,5235,[F-].[Na+],3
sodium_lauryl_sulfate_cid3423265.png,sodium_lauryl_sulfate_cid3423265,Sodium Lauryl Sulfate,3423265,CCCCCCCCCCCCOS(=O)(=O)[O-].[Na+],3
sodium_metavanadate_cid4148882.png,sodium_metavanadate_cid4148882,Sodium metavanadate,4148882,[O-][V](=O)=O.[Na+],3
sodium_molybdate_cid61424.png,sodium_molybdate_cid61424,Sodium Molybdate,61424,[O-][Mo](=O)(=O)[O-].[Na+].[Na+],3
sodium_nitrite_cid23668193.png,sodium_nitrite_cid23668193,Sodium Nitrite,23668193,N(=O)[O-].[Na+],3
sodium_nitroprusside_dihydrate_cid11953895.png,sodium_nitroprusside_dihydrate_cid11953895,Sodium nitroprusside dihydrate,11953895,[C-]#N.[C-]#N.[C-]#N.[C-]#N.[C-]#N.[N-]=O.O.O.[Na+].[Na+].[Fe+4],3
sodium_oxybate_cid23663870.png,sodium_oxybate_cid23663870,Sodium Oxybate,23663870,C(CC(=O)[O-])CO.[Na+],3
sodium_perborate_cid517072.png,sodium_perborate_cid517072,Sodium Perborate,517072,B(=O)O[O-].[Na+],3
sodium_phenylacetate_cid23690424.png,sodium_phenylacetate_cid23690424,Sodium Phenylacetate,23690424,C1=CC=C(C=C1)CC(=O)[O-].[Na+],3
sodium_phenylbutyrate_cid5258.png,sodium_phenylbutyrate_cid5258,Sodium Phenylbutyrate,5258,C1=CC=C(C=C1)CCCC(=O)[O-].[Na+],3
sodium_picosulfate_cid68654.png,sodium_picosulfate_cid68654,Sodium Picosulfate,68654,C1=CC=NC(=C1)C(C2=CC=C(C=C2)OS(=O)(=O)[O-])C3=CC=C(C=C3)OS(=O)(=O)[O-].[Na+].[Na+],3
sodium_pyruvate_cid23662274.png,sodium_pyruvate_cid23662274,Sodium pyruvate,23662274,CC(=O)C(=O)[O-].[Na+],3
sodium_selenate_cid25960.png,sodium_selenate_cid25960,Sodium Selenate,25960,[O-][Se](=O)(=O)[O-].[Na+].[Na+],3
sodium_selenite_cid24934.png,sodium_selenite_cid24934,Sodium Selenite,24934,[O-][Se](=O)[O-].[Na+].[Na+],3
sodium_silicate_cid23266.png,sodium_silicate_cid23266,Sodium Silicate,23266,[O-][Si](=O)[O-].[Na+].[Na+],3
sodium_stibogluconate_inn_ban_dcf_cid16683012.png,sodium_stibogluconate_inn_ban_dcf_cid16683012,Sodium stibogluconate (INN:BAN:DCF),16683012,C([C@H]([C@@H]1[C@@H]([C@@H](O[Sb](=O)(O1)O[Sb]2(=O)O[C@@H]([C@@H]([C@@H](O2)C(=O)[O-])O)[C@@H](CO)O)C(=O)[O-])O)O)O.O.O.O.O.O.O.O.O.O.[Na+].[Na+].[Na+],3
sodium_tetraborate_cid10219853.png,sodium_tetraborate_cid10219853,Sodium Tetraborate,10219853,B1(OB2OB(OB(O1)O2)[O-])[O-].[Na+].[Na+],3
sodium_tetrathionate_dihydrate_6ci_7ci_cid203055.png,sodium_tetrathionate_dihydrate_6ci_7ci_cid203055,"Sodium tetrathionate, dihydrate (6CI,7CI)",203055,O.O.[O-]S(=O)(=O)SSS(=O)(=O)[O-].[Na+].[Na+],3
sodium_thiocyanate_cid516871.png,sodium_thiocyanate_cid516871,Sodium thiocyanate,516871,C(#N)[S-].[Na+],3
sodium_thiosulfate_cid24477.png,sodium_thiosulfate_cid24477,Sodium Thiosulfate,24477,[O-]S(=O)(=S)[O-].[Na+].[Na+],3
sodium_triacetoxyborohydride_cid5049666.png,sodium_triacetoxyborohydride_cid5049666,Sodium triacetoxyborohydride,5049666,[BH-](OC(=O)C)(OC(=O)C)OC(=O)C.[Na+],3
sodium_tungstate_cid26052.png,sodium_tungstate_cid26052,Sodium tungstate,26052,[O-][W](=O)(=O)[O-].[Na+].[Na+],3
sodium_valproate_cid16760703.png,sodium_valproate_cid16760703,Sodium Valproate,16760703,CCCC(CCC)C(=O)[O-].[Na+],3
sodium_zirconium_cyclosilicate_cid155804812.png,sodium_zirconium_cyclosilicate_cid155804812,Sodium Zirconium Cyclosilicate,155804812,[O-][Si]1(O[Si](O[Si](O1)([O-])[O-])([O-])[O-])[O-].[Na+].[Na+].[Zr+4],3
sofosbuvir_cid45375808.png,sofosbuvir_cid45375808,Sofosbuvir,45375808,C[C@@H](C(=O)OC(C)C)N[P@](=O)(OC[C@@H]1[C@H]([C@@]([C@@H](O1)N2C=CC(=O)NC2=O)(C)F)O)OC3=CC=CC=C3,3
solifenacin_succinate_cid216457.png,solifenacin_succinate_cid216457,Solifenacin Succinate,216457,C1CN2CCC1[C@H](C2)OC(=O)N3CCC4=CC=CC=C4[C@@H]3C5=CC=CC=C5.C(CC(=O)O)C(=O)O,3
solithromycin_cid25242512.png,solithromycin_cid25242512,Solithromycin,25242512,CC[C@@H]1[C@@]2([C@@H]([C@H](C(=O)[C@@H](C[C@@]([C@@H]([C@H](C(=O)[C@](C(=O)O1)(C)F)C)O[C@H]3[C@@H]([C@H](C[C@H](O3)C)N(C)C)O)(C)OC)C)C)N(C(=O)O2)CCCCN4C=C(N=N4)C5=CC(=CC=C5)N)C,3
solriamfetol_cid10130337.png,solriamfetol_cid10130337,Solriamfetol,10130337,C1=CC=C(C=C1)C[C@H](COC(=O)N)N,3
somatostatin_cid16129706.png,somatostatin_cid16129706,Somatostatin,16129706,C[C@H]([C@H]1C(=O)N[C@H](C(=O)N[C@H](C(=O)N[C@H](C(=O)N[C@@H](CSSC[C@@H](C(=O)N[C@H](C(=O)N[C@H](C(=O)N[C@H](C(=O)N[C@H](C(=O)N[C@H](C(=O)N[C@H](C(=O)N1)CCCCN)CC2=CNC3=CC=CC=C32)CC4=CC=CC=C4)CC5=CC=CC=C5)CC(=O)N)CCCCN)NC(=O)CNC(=O)[C@H](C)N)C(=O)O)CO)[C@@H](C)O)CC6=CC=CC=C6)O,3
sonidegib_cid24775005.png,sonidegib_cid24775005,Sonidegib,24775005,C[C@@H]1CN(C[C@@H](O1)C)C2=NC=C(C=C2)NC(=O)C3=CC=CC(=C3C)C4=CC=C(C=C4)OC(F)(F)F,3
sonrotoclax_cid149553242.png,sonrotoclax_cid149553242,Sonrotoclax,149553242,CC(C)C1=CC=CC=C1[C@@H]2CCCN2C3CC4(C3)CCN(CC4)C5=CC(=C(C=C5)C(=O)NS(=O)(=O)C6=CC(=C(C=C6)NCC7CCC(CC7)(C)O)[N+](=O)[O-])OC8=CN=C9C(=C8)C=CN9,3
sorafenib_cid216239.png,sorafenib_cid216239,Sorafenib,216239,CNC(=O)C1=NC=CC(=C1)OC2=CC=C(C=C2)NC(=O)NC3=CC(=C(C=C3)Cl)C(F)(F)F,3
sorangicin_a_cid657059.png,sorangicin_a_cid657059,Sorangicin A,657059,C[C@H]1[C@H]2C/C=C/[C@H]3[C@@H]([C@H]4C[C@@H](O3)[C@H](O4)/C=C/C=C\C=C/C(=O)O[C@H]5C=C[C@H](C/C=C/CC/C=C/[C@@H]([C@@H]([C@H](O2)C[C@@H]1O)O)O)O[C@H]5/C(=C/[C@H](C)CCCCC(=O)O)/C)C,3
sorbic_acid_cid643460.png,sorbic_acid_cid643460,Sorbic Acid,643460,C/C=C/C=C/C(=O)O,3
sotagliflozin_cid24831714.png,sotagliflozin_cid24831714,Sotagliflozin,24831714,CCOC1=CC=C(C=C1)CC2=C(C=CC(=C2)[C@H]3[C@@H]([C@H]([C@@H]([C@H](O3)SC)O)O)O)Cl,3
sotalol_cid5253.png,sotalol_cid5253,Sotalol,5253,CC(C)NCC(C1=CC=C(C=C1)NS(=O)(=O)C)O,3
sotorasib_cid137278711.png,sotorasib_cid137278711,Sotorasib,137278711,C[C@H]1CN(CCN1C2=NC(=O)N(C3=NC(=C(C=C32)F)C4=C(C=CC=C4F)O)C5=C(C=CN=C5C(C)C)C)C(=O)C=C,3
sp_4_2_1r_2r_1_2_cyclohexanediamine_kappan1_kappan2_bis_tetr_cid9832045.png,sp_4_2_1r_2r_1_2_cyclohexanediamine_kappan1_kappan2_bis_tetr_cid9832045,"(SP-4-2)-((1R,2R)-1,2-Cyclohexanediamine-kappaN1,kappaN2)bis(tetradecanoato-kappaO)platinum",9832045,CCCCCCCCCCCCCC(=O)[O-].CCCCCCCCCCCCCC(=O)[O-].C1CC[C@H]([C@@H](C1)N)N.[Pt+2],3
sparfloxacin_cid60464.png,sparfloxacin_cid60464,Sparfloxacin,60464,C[C@@H]1CN(C[C@@H](N1)C)C2=C(C(=C3C(=C2F)N(C=C(C3=O)C(=O)O)C4CC4)N)F,3
sparteine_cid644020.png,sparteine_cid644020,Sparteine,644020,C1CCN2C[C@@H]3C[C@H]([C@H]2C1)CN4[C@H]3CCCC4,3
spectinomycin_cid15541.png,spectinomycin_cid15541,Spectinomycin,15541,C[C@@H]1CC(=O)[C@]2([C@@H](O1)O[C@@H]3[C@H]([C@@H]([C@@H]([C@@H]([C@H]3O2)NC)O)NC)O)O,3
sphingosine_cid5280335.png,sphingosine_cid5280335,Sphingosine,5280335,CCCCCCCCCCCCC/C=C/[C@H]([C@H](CO)N)O,3
spinosyn_a_cid443059.png,spinosyn_a_cid443059,Spinosyn A,443059,CC[C@H]1CCC[C@@H]([C@H](C(=O)C2=C[C@H]3[C@@H]4C[C@@H](C[C@H]4C=C[C@H]3[C@@H]2CC(=O)O1)O[C@H]5[C@@H]([C@@H]([C@H]([C@@H](O5)C)OC)OC)OC)C)O[C@H]6CC[C@@H]([C@H](O6)C)N(C)C,3
spiperone_cid5265.png,spiperone_cid5265,Spiperone,5265,C1CN(CCC12C(=O)NCN2C3=CC=CC=C3)CCCC(=O)C4=CC=C(C=C4)F,3
spiramycin_ii_cid49787020.png,spiramycin_ii_cid49787020,spiramycin II,49787020,C[C@@H]1C/C=C/C=C/[C@@H]([C@@H](C[C@@H]([C@@H]([C@H]([C@@H](CC(=O)O1)OC(=O)C)OC)O[C@H]2[C@@H]([C@H]([C@@H]([C@H](O2)C)O[C@H]3C[C@@]([C@H]([C@@H](O3)C)O)(C)O)N(C)C)O)CC=O)C)O[C@H]4CC[C@@H]([C@H](O4)C)N(C)C,3
spirapril_cid5311447.png,spirapril_cid5311447,Spirapril,5311447,CCOC(=O)[C@H](CCC1=CC=CC=C1)N[C@@H](C)C(=O)N2CC3(C[C@H]2C(=O)O)SCCS3,3
spironolactone_cid5833.png,spironolactone_cid5833,Spironolactone,5833,CC(=O)S[C@@H]1CC2=CC(=O)CC[C@@]2([C@@H]3[C@@H]1[C@@H]4CC[C@]5([C@]4(CC3)C)CCC(=O)O5)C,3
spiroplatin_cid23725025.png,spiroplatin_cid23725025,Spiroplatin,23725025,C1CCC(CC1)(CN)CN.[O-]S(=O)(=O)[O-].[Pt+2],3
squalene_cid638072.png,squalene_cid638072,Squalene,638072,CC(=CCC/C(=C/CC/C(=C/CC/C=C(/CC/C=C(/CCC=C(C)C)\C)\C)/C)/C)C,3
stanozolol_cid25249.png,stanozolol_cid25249,Stanozolol,25249,C[C@]12CC[C@H]3[C@H]([C@@H]1CC[C@]2(C)O)CC[C@@H]4[C@@]3(CC5=C(C4)NN=C5)C,3
stavudine_cid18283.png,stavudine_cid18283,Stavudine,18283,CC1=CN(C(=O)NC1=O)[C@H]2C=C[C@H](O2)CO,3
stevioside_cid442089.png,stevioside_cid442089,Stevioside,442089,C[C@@]12CCC[C@@]([C@H]1CC[C@]34[C@H]2CC[C@](C3)(C(=C)C4)O[C@H]5[C@@H]([C@H]([C@@H]([C@H](O5)CO)O)O)O[C@H]6[C@@H]([C@H]([C@@H]([C@H](O6)CO)O)O)O)(C)C(=O)O[C@H]7[C@@H]([C@H]([C@@H]([C@H](O7)CO)O)O)O,3
stibophen_cid16683008.png,stibophen_cid16683008,Stibophen,16683008,C1=C(C=C(C2=C1O[Sb](O2)OC3=C(C(=CC(=C3)S(=O)(=O)[O-])S(=O)(=O)[O-])[O-])S(=O)(=O)[O-])S(=O)(=O)[O-].O.O.O.O.O.O.O.[Na+].[Na+].[Na+].[Na+].[Na+],3
stiripentol_cid5311454.png,stiripentol_cid5311454,Stiripentol,5311454,CC(C)(C)C(/C=C/C1=CC2=C(C=C1)OCO2)O,3
stop_cid24550.png,stop_cid24550,Stop,24550,F[Sn]F,3
streptomycin_cid19649.png,streptomycin_cid19649,Streptomycin,19649,C[C@H]1[C@@]([C@H]([C@@H](O1)O[C@@H]2[C@H]([C@@H]([C@H]([C@@H]([C@H]2O)O)N=C(N)N)O)N=C(N)N)O[C@H]3[C@H]([C@@H]([C@H]([C@@H](O3)CO)O)O)NC)(C=O)O,3
strontium_ranelate_cid6918182.png,strontium_ranelate_cid6918182,Strontium Ranelate,6918182,C(C1=C(SC(=C1C#N)N(CC(=O)[O-])CC(=O)[O-])C(=O)[O-])C(=O)[O-].[Sr+2].[Sr+2],3
substance_p_cid36511.png,substance_p_cid36511,Substance P,36511,CC(C)C[C@@H](C(=O)N[C@@H](CCSC)C(=O)N)NC(=O)CNC(=O)[C@H](CC1=CC=CC=C1)NC(=O)[C@H](CC2=CC=CC=C2)NC(=O)[C@H](CCC(=O)N)NC(=O)[C@H](CCC(=O)N)NC(=O)[C@@H]3CCCN3C(=O)[C@H](CCCCN)NC(=O)[C@@H]4CCCN4C(=O)[C@H](CCCN=C(N)N)N,3
succimer_cid2724354.png,succimer_cid2724354,Succimer,2724354,[C@@H]([C@@H](C(=O)O)S)(C(=O)O)S,3
succinylcholine_chloride_cid22475.png,succinylcholine_chloride_cid22475,Succinylcholine Chloride,22475,C[N+](C)(C)CCOC(=O)CCC(=O)OCC[N+](C)(C)C.[Cl-].[Cl-],3
sucrose_cid5988.png,sucrose_cid5988,Sucrose,5988,C([C@@H]1[C@H]([C@@H]([C@H]([C@H](O1)O[C@]2([C@H]([C@@H]([C@H](O2)CO)O)O)CO)O)O)O)O,3
sufentanil_cid41693.png,sufentanil_cid41693,Sufentanil,41693,CCC(=O)N(C1=CC=CC=C1)C2(CCN(CC2)CCC3=CC=CS3)COC,3
sugammadex_cid6918585.png,sugammadex_cid6918585,Sugammadex,6918585,C(CSC[C@@H]1[C@@H]2[C@@H]([C@H]([C@H](O1)O[C@@H]3[C@H](O[C@@H]([C@@H]([C@H]3O)O)O[C@@H]4[C@H](O[C@@H]([C@@H]([C@H]4O)O)O[C@@H]5[C@H](O[C@@H]([C@@H]([C@H]5O)O)O[C@@H]6[C@H](O[C@@H]([C@@H]([C@H]6O)O)O[C@@H]7[C@H](O[C@@H]([C@@H]([C@H]7O)O)O[C@@H]8[C@H](O[C@@H]([C@@H]([C@H]8O)O)O[C@@H]9[C@H](O[C@H](O2)[C@@H]([C@H]9O)O)CSCCC(=O)O)CSCCC(=O)O)CSCCC(=O)O)CSCCC(=O)O)CSCCC(=O)O)CSCCC(=O)O)CSCCC(=O)O)O)O)C(=O)O,3
sulbactam_cid130313.png,sulbactam_cid130313,Sulbactam,130313,CC1([C@@H](N2[C@H](S1(=O)=O)CC2=O)C(=O)O)C,3
sulfamethoxazole_cid5329.png,sulfamethoxazole_cid5329,Sulfamethoxazole,5329,CC1=CC(=NO1)NS(=O)(=O)C2=CC=C(C=C2)N,3
sulfasalazine_cid5339.png,sulfasalazine_cid5339,Sulfasalazine,5339,C1=CC=NC(=C1)NS(=O)(=O)C2=CC=C(C=C2)N=NC3=CC(=C(C=C3)O)C(=O)O,3
sulfathiazole_cid5340.png,sulfathiazole_cid5340,Sulfathiazole,5340,C1=CC(=CC=C1N)S(=O)(=O)NC2=NC=CS2,3
sulfinpyrazone_cid5342.png,sulfinpyrazone_cid5342,Sulfinpyrazone,5342,C1=CC=C(C=C1)N2C(=O)C(C(=O)N2C3=CC=CC=C3)CCS(=O)C4=CC=CC=C4,3
sulfur_hexafluoride_cid17358.png,sulfur_hexafluoride_cid17358,Sulfur Hexafluoride,17358,FS(F)(F)(F)(F)F,3
sulfuric_acid_cid1118.png,sulfuric_acid_cid1118,Sulfuric Acid,1118,OS(=O)(=O)O,3
sulindac_cid1548887.png,sulindac_cid1548887,Sulindac,1548887,CC\1=C(C2=C(/C1=C\C3=CC=C(C=C3)S(=O)C)C=CC(=C2)F)CC(=O)O,3
sulpiride_cid5355.png,sulpiride_cid5355,Sulpiride,5355,CCN1CCCC1CNC(=O)C2=C(C=CC(=C2)S(=O)(=O)N)OC,3
sumatriptan_cid5358.png,sumatriptan_cid5358,Sumatriptan,5358,CNS(=O)(=O)CC1=CC2=C(C=C1)NC=C2CCN(C)C,3
sunitinib_cid5329102.png,sunitinib_cid5329102,Sunitinib,5329102,CCN(CC)CCNC(=O)C1=C(NC(=C1C)/C=C\2/C3=C(C=CC(=C3)F)NC2=O)C,3
suramin_cid5361.png,suramin_cid5361,Suramin,5361,CC1=C(C=C(C=C1)C(=O)NC2=C3C(=CC(=CC3=C(C=C2)S(=O)(=O)O)S(=O)(=O)O)S(=O)(=O)O)NC(=O)C4=CC(=CC=C4)NC(=O)NC5=CC=CC(=C5)C(=O)NC6=C(C=CC(=C6)C(=O)NC7=C8C(=CC(=CC8=C(C=C7)S(=O)(=O)O)S(=O)(=O)O)S(=O)(=O)O)C,3
sutezolid_cid465951.png,sutezolid_cid465951,Sutezolid,465951,CC(=O)NC[C@H]1CN(C(=O)O1)C2=CC(=C(C=C2)N3CCSCC3)F,3
suvorexant_cid24965990.png,suvorexant_cid24965990,Suvorexant,24965990,C[C@@H]1CCN(CCN1C(=O)C2=C(C=CC(=C2)C)N3N=CC=N3)C4=NC5=C(O4)C=CC(=C5)Cl,3
suzetrigine_cid156445116.png,suzetrigine_cid156445116,Suzetrigine,156445116,C[C@H]1[C@H]([C@@H](O[C@@]1(C)C(F)(F)F)C(=O)NC2=CC(=NC=C2)C(=O)N)C3=C(C(=C(C=C3)F)F)OC,3
tacrolimus_cid445643.png,tacrolimus_cid445643,Tacrolimus,445643,C[C@@H]1C[C@@H]([C@@H]2[C@H](C[C@H]([C@@](O2)(C(=O)C(=O)N3CCCC[C@H]3C(=O)O[C@@H]([C@@H]([C@H](CC(=O)[C@@H](/C=C(/C1)\C)CC=C)O)C)/C(=C/[C@@H]4CC[C@H]([C@@H](C4)OC)O)/C)O)C)OC)OC,3
tadalafil_cid110635.png,tadalafil_cid110635,Tadalafil,110635,CN1CC(=O)N2[C@@H](C1=O)CC3=C([C@H]2C4=CC5=C(C=C4)OCO5)NC6=CC=CC=C36,3
tafamidis_cid11001318.png,tafamidis_cid11001318,Tafamidis,11001318,C1=CC2=C(C=C1C(=O)O)OC(=N2)C3=CC(=CC(=C3)Cl)Cl,3
tafluprost_cid9868491.png,tafluprost_cid9868491,Tafluprost,9868491,CC(C)OC(=O)CCC/C=C\C[C@H]1[C@H](C[C@H]([C@@H]1/C=C/C(COC2=CC=CC=C2)(F)F)O)O,3
talabostat_cid6918572.png,talabostat_cid6918572,Talabostat,6918572,B([C@@H]1CCCN1C(=O)[C@H](C(C)C)N)(O)O,3
talazoparib_cid135565082.png,talazoparib_cid135565082,Talazoparib,135565082,CN1C(=NC=N1)[C@@H]2[C@H](NC3=CC(=CC4=C3C2=NNC4=O)F)C5=CC=C(C=C5)F,3
talinolol_cid68770.png,talinolol_cid68770,Talinolol,68770,CC(C)(C)NCC(COC1=CC=C(C=C1)NC(=O)NC2CCCCC2)O,3
tamoxifen_cid2733526.png,tamoxifen_cid2733526,Tamoxifen,2733526,CC/C(=C(\C1=CC=CC=C1)/C2=CC=C(C=C2)OCCN(C)C)/C3=CC=CC=C3,3
tamsulosin_cid129211.png,tamsulosin_cid129211,Tamsulosin,129211,CCOC1=CC=CC=C1OCCN[C@H](C)CC2=CC(=C(C=C2)OC)S(=O)(=O)N,3
taniborbactam_cid76902493.png,taniborbactam_cid76902493,Taniborbactam,76902493,B1([C@H](CC2=C(O1)C(=CC=C2)C(=O)O)NC(=O)CC3CCC(CC3)NCCN)O,3
tapentadol_cid9838022.png,tapentadol_cid9838022,Tapentadol,9838022,CC[C@@H](C1=CC(=CC=C1)O)[C@@H](C)CN(C)C,3
tapinarof_cid6439522.png,tapinarof_cid6439522,Tapinarof,6439522,CC(C)C1=C(C=C(C=C1O)/C=C/C2=CC=CC=C2)O,3
tartrazine_cid164825.png,tartrazine_cid164825,Tartrazine,164825,C1=CC(=CC=C1N=NC2C(=NN(C2=O)C3=CC=C(C=C3)S(=O)(=O)[O-])C(=O)[O-])S(=O)(=O)[O-].[Na+].[Na+].[Na+],3
tasimelteon_cid10220503.png,tasimelteon_cid10220503,Tasimelteon,10220503,CCC(=O)NC[C@@H]1C[C@H]1C2=C3CCOC3=CC=C2,3
tatb_cid18286.png,tatb_cid18286,Tatb,18286,C1(=C(C(=C(C(=C1[N+](=O)[O-])N)[N+](=O)[O-])N)[N+](=O)[O-])N,3
taurine_cid1123.png,taurine_cid1123,Taurine,1123,C(CS(=O)(=O)O)N,3
tavaborole_cid11499245.png,tavaborole_cid11499245,Tavaborole,11499245,B1(C2=C(CO1)C=C(C=C2)F)O,3
tazarotene_cid5381.png,tazarotene_cid5381,Tazarotene,5381,CCOC(=O)C1=CN=C(C=C1)C#CC2=CC3=C(C=C2)SCCC3(C)C,3
tazemetostat_cid66558664.png,tazemetostat_cid66558664,Tazemetostat,66558664,CCN(C1CCOCC1)C2=CC(=CC(=C2C)C(=O)NCC3=C(C=C(NC3=O)C)C)C4=CC=C(C=C4)CN5CCOCC5,3
tazobactam_cid123630.png,tazobactam_cid123630,Tazobactam,123630,C[C@@]1([C@@H](N2[C@H](S1(=O)=O)CC2=O)C(=O)O)CN3C=CN=N3,3
tecarfarin_cid54718618.png,tecarfarin_cid54718618,Tecarfarin,54718618,CC(C(F)(F)F)(C(F)(F)F)OC(=O)C1=CC=C(C=C1)CC2=C(C3=CC=CC=C3OC2=O)O,3
technetium_tc_99m_sestamibi_cid449763.png,technetium_tc_99m_sestamibi_cid449763,Technetium Tc 99m sestamibi,449763,CC(C)(C[N+]#[C-])OC.CC(C)(C[N+]#[C-])OC.CC(C)(C[N+]#[C-])OC.CC(C)(C[N+]#[C-])OC.CC(C)(C[N+]#[C-])OC.CC(C)(C[N+]#[C-])OC.[99Tc],3
tedizolid_cid11234049.png,tedizolid_cid11234049,Tedizolid,11234049,CN1N=C(N=N1)C2=NC=C(C=C2)C3=C(C=C(C=C3)N4C[C@@H](OC4=O)CO)F,3
tegafur_cid5386.png,tegafur_cid5386,Tegafur,5386,C1CC(OC1)N2C=C(C(=O)NC2=O)F,3
tegaserod_cid135409453.png,tegaserod_cid135409453,Tegaserod,135409453,CCCCCN=C(N)N/N=C/C1=CNC2=C1C=C(C=C2)OC,3
tegobuvir_cid23649154.png,tegobuvir_cid23649154,Tegobuvir,23649154,C1=CC=C(C(=C1)C2=NC3=CN(C=CC3=N2)CC4=NN=C(C=C4)C5=C(C=C(C=C5)C(F)(F)F)C(F)(F)F)F,3
tegoprazan_cid23582846.png,tegoprazan_cid23582846,Tegoprazan,23582846,CC1=NC2=C(N1)C=C(C=C2O[C@H]3CCOC4=C3C(=CC(=C4)F)F)C(=O)N(C)C,3
teicoplanin_a2_2_cid16198036.png,teicoplanin_a2_2_cid16198036,Teicoplanin A2-2,16198036,CC(C)CCCCCCC(=O)N[C@@H]1[C@H]([C@@H]([C@H](O[C@H]1OC2=C3C=C4C=C2OC5=C(C=C(C=C5)[C@H]([C@H]6C(=O)N[C@@H](C7=C(C(=CC(=C7)O)O[C@@H]8[C@H]([C@H]([C@@H]([C@H](O8)CO)O)O)O)C9=C(C=CC(=C9)[C@H](C(=O)N6)NC(=O)[C@@H]4NC(=O)[C@@H]1C2=CC(=CC(=C2)OC2=C(C=CC(=C2)[C@H](C(=O)N[C@H](CC2=CC(=C(O3)C=C2)Cl)C(=O)N1)N)O)O)O)C(=O)O)O[C@H]1[C@@H]([C@H]([C@@H]([C@H](O1)CO)O)O)NC(=O)C)Cl)CO)O)O,3
teixobactin_cid86341926.png,teixobactin_cid86341926,Teixobactin,86341926,CC[C@H](C)[C@H]1C(=O)O[C@H]([C@H](C(=O)N[C@H](C(=O)N[C@H](C(=O)N1)C[C@H]2CN=C(N2)N)C)NC(=O)[C@H](CO)NC(=O)[C@H]([C@@H](C)CC)NC(=O)[C@@H]([C@@H](C)CC)NC(=O)[C@@H](CCC(=O)N)NC(=O)[C@H](CO)NC(=O)[C@H]([C@@H](C)CC)NC(=O)[C@@H](CC3=CC=CC=C3)NC)C,3
telaprevir_cid3010818.png,telaprevir_cid3010818,Telaprevir,3010818,CCC[C@@H](C(=O)C(=O)NC1CC1)NC(=O)[C@@H]2[C@H]3CCC[C@H]3CN2C(=O)[C@H](C(C)(C)C)NC(=O)[C@H](C4CCCCC4)NC(=O)C5=NC=CN=C5,3
telavancin_cid3081362.png,telavancin_cid3081362,Telavancin,3081362,CCCCCCCCCCNCCN[C@]1(C[C@@H](O[C@H]([C@H]1O)C)O[C@@H]2[C@H]([C@@H]([C@H](O[C@H]2OC3=C4C=C5C=C3OC6=C(C=C(C=C6)[C@H]([C@H](C(=O)N[C@H](C(=O)N[C@H]5C(=O)N[C@@H]7C8=CC(=C(C=C8)O)C9=C(C(=C(C=C9[C@H](NC(=O)[C@H]([C@@H](C1=CC(=C(O4)C=C1)Cl)O)NC7=O)C(=O)O)O)CNCP(=O)(O)O)O)CC(=O)N)NC(=O)[C@@H](CC(C)C)NC)O)Cl)CO)O)O)C,3
telcagepant_cid11319053.png,telcagepant_cid11319053,Telcagepant,11319053,C1C[C@H](C(=O)N(C[C@@H]1C2=C(C(=CC=C2)F)F)CC(F)(F)F)NC(=O)N3CCC(CC3)N4C5=C(NC4=O)N=CC=C5,3
telithromycin_cid3002190.png,telithromycin_cid3002190,Telithromycin,3002190,CC[C@@H]1[C@@]2([C@@H]([C@H](C(=O)[C@@H](C[C@@]([C@@H]([C@H](C(=O)[C@H](C(=O)O1)C)C)O[C@H]3[C@@H]([C@H](C[C@H](O3)C)N(C)C)O)(C)OC)C)C)N(C(=O)O2)CCCCN4C=C(N=C4)C5=CN=CC=C5)C,3
telmisartan_cid65999.png,telmisartan_cid65999,Telmisartan,65999,CCCC1=NC2=C(N1CC3=CC=C(C=C3)C4=CC=CC=C4C(=O)O)C=C(C=C2C)C5=NC6=CC=CC=C6N5C,3
telratolimod_cid56833311.png,telratolimod_cid56833311,Telratolimod,56833311,CCCCCCCCCCCCCCCCCC(=O)NCCCCON1C(=NC2=C1C3=CC=CC=C3N=C2N)CCCC,3
temocillin_cid171758.png,temocillin_cid171758,Temocillin,171758,CC1([C@@H](N2[C@H](S1)[C@@](C2=O)(NC(=O)C(C3=CSC=C3)C(=O)O)OC)C(=O)O)C,3
temoporfin_cid60751.png,temoporfin_cid60751,Temoporfin,60751,C1CC2=NC1=C(C3=CC=C(N3)C(=C4C=CC(=N4)C(=C5C=CC(=C2C6=CC(=CC=C6)O)N5)C7=CC(=CC=C7)O)C8=CC(=CC=C8)O)C9=CC(=CC=C9)O,3
temozolomide_cid5394.png,temozolomide_cid5394,Temozolomide,5394,CN1C(=O)N2C=NC(=C2N=N1)C(=O)N,3
tempo_cid2724126.png,tempo_cid2724126,Tempo,2724126,CC1(CCCC(N1[O])(C)C)C,3
temsavir_cid11317439.png,temsavir_cid11317439,Temsavir,11317439,CC1=NN(C=N1)C2=NC=C(C3=C2NC=C3C(=O)C(=O)N4CCN(CC4)C(=O)C5=CC=CC=C5)OC,3
temsirolimus_cid6918289.png,temsirolimus_cid6918289,Temsirolimus,6918289,C[C@@H]1CC[C@H]2C[C@@H](/C(=C/C=C/C=C/[C@H](C[C@H](C(=O)[C@@H]([C@@H](/C(=C/[C@H](C(=O)C[C@H](OC(=O)[C@@H]3CCCCN3C(=O)C(=O)[C@@]1(O2)O)[C@H](C)C[C@@H]4CC[C@H]([C@@H](C4)OC)OC(=O)C(C)(CO)CO)C)/C)O)OC)C)C)/C)OC,3
temurtide_cid76972485.png,temurtide_cid76972485,Temurtide,76972485,C[C@H]([C@@H](C(=O)N[C@H](CCC(=O)O)C(=O)N)NC(=O)[C@@H](C)O[C@H]([C@H](C=O)NC(=O)C)[C@@H]([C@@H](CO)O)O)O,3
tenapanor_cid71587953.png,tenapanor_cid71587953,Tenapanor,71587953,CN1C[C@H](C2=C(C1)C(=CC(=C2)Cl)Cl)C3=CC(=CC=C3)S(=O)(=O)NCCOCCOCCNC(=O)NCCCCNC(=O)NCCOCCOCCNS(=O)(=O)C4=CC=CC(=C4)[C@@H]5CN(CC6=C5C=C(C=C6Cl)Cl)C,3
tenatoprazole_cid636411.png,tenatoprazole_cid636411,Tenatoprazole,636411,CC1=CN=C(C(=C1OC)C)CS(=O)C2=NC3=C(N2)C=CC(=N3)OC,3
teneligliptin_cid11949652.png,teneligliptin_cid11949652,Teneligliptin,11949652,CC1=NN(C(=C1)N2CCN(CC2)[C@H]3C[C@H](NC3)C(=O)N4CCSC4)C5=CC=CC=C5,3
tenofovir_alafenamide_cid9574768.png,tenofovir_alafenamide_cid9574768,Tenofovir Alafenamide,9574768,C[C@H](CN1C=NC2=C(N=CN=C21)N)OC[P@@](=O)(N[C@@H](C)C(=O)OC(C)C)OC3=CC=CC=C3,3
tenofovir_cid464205.png,tenofovir_cid464205,Tenofovir,464205,C[C@H](CN1C=NC2=C(N=CN=C21)N)OCP(=O)(O)O,3
tenofovir_disoproxil_cid5481350.png,tenofovir_disoproxil_cid5481350,Tenofovir Disoproxil,5481350,C[C@H](CN1C=NC2=C(N=CN=C21)N)OCP(=O)(OCOC(=O)OC(C)C)OCOC(=O)OC(C)C,3
tepotinib_cid25171648.png,tepotinib_cid25171648,Tepotinib,25171648,CN1CCC(CC1)COC2=CN=C(N=C2)C3=CC=CC(=C3)CN4C(=O)C=CC(=N4)C5=CC=CC(=C5)C#N,3
terazosin_cid5401.png,terazosin_cid5401,Terazosin,5401,COC1=C(C=C2C(=C1)C(=NC(=N2)N3CCN(CC3)C(=O)C4CCCO4)N)OC,3
terbinafine_cid1549008.png,terbinafine_cid1549008,Terbinafine,1549008,CC(C)(C)C#C/C=C/CN(C)CC1=CC=CC2=CC=CC=C21,3
terbutaline_cid5403.png,terbutaline_cid5403,Terbutaline,5403,CC(C)(C)NCC(C1=CC(=CC(=C1)O)O)O,3
terfenadine_cid5405.png,terfenadine_cid5405,Terfenadine,5405,CC(C)(C)C1=CC=C(C=C1)C(CCCN2CCC(CC2)C(C3=CC=CC=C3)(C4=CC=CC=C4)O)O,3
terlipressin_cid72081.png,terlipressin_cid72081,Terlipressin,72081,C1C[C@H](N(C1)C(=O)[C@@H]2CSSC[C@@H](C(=O)N[C@H](C(=O)N[C@H](C(=O)N[C@H](C(=O)N[C@H](C(=O)N2)CC(=O)N)CCC(=O)N)CC3=CC=CC=C3)CC4=CC=C(C=C4)O)NC(=O)CNC(=O)CNC(=O)CN)C(=O)N[C@@H](CCCCN)C(=O)NCC(=O)N,3
terodiline_cid23480.png,terodiline_cid23480,Terodiline,23480,CC(CC(C1=CC=CC=C1)C2=CC=CC=C2)NC(C)(C)C,3
tert_butyllithium_cid53628101.png,tert_butyllithium_cid53628101,Tert-Butyllithium,53628101,[Li].C[C](C)C,3
tertatolol_cid36920.png,tertatolol_cid36920,Tertatolol,36920,CC(C)(C)NCC(COC1=CC=CC2=C1SCCC2)O,3
tesetaxel_cid6918574.png,tesetaxel_cid6918574,Tesetaxel,6918574,CC1=C2[C@@H]3[C@H]([C@@]4(CC[C@@H]5[C@]([C@H]4[C@@H]([C@@](C2(C)C)(C[C@@H]1OC(=O)[C@@H]([C@H](C6=C(C=CC=N6)F)NC(=O)OC(C)(C)C)O)O)OC(=O)C7=CC=CC=C7)(CO5)OC(=O)C)C)O[C@@H](O3)CN(C)C,3
tesirine_cid73672523.png,tesirine_cid73672523,Tesirine,73672523,CC1=CN2[C@@H](C1)C=NC3=CC(=C(C=C3C2=O)OC)OCCCCCOC4=C(C=C5C(=C4)N([C@H]([C@@H]6CC(=CN6C5=O)C)O)C(=O)OCC7=CC=C(C=C7)NC(=O)[C@H](C)NC(=O)[C@H](C(C)C)NC(=O)CCOCCOCCOCCOCCOCCOCCOCCOCCNC(=O)CCN8C(=O)C=CC8=O)OC,3
testosterone_cid6013.png,testosterone_cid6013,Testosterone,6013,C[C@]12CC[C@H]3[C@H]([C@@H]1CC[C@@H]2O)CCC4=CC(=O)CC[C@]34C,3
testosterone_enanthate_cid9416.png,testosterone_enanthate_cid9416,Testosterone Enanthate,9416,CCCCCCC(=O)O[C@H]1CC[C@@H]2[C@@]1(CC[C@H]3[C@H]2CCC4=CC(=O)CC[C@]34C)C,3
testosterone_propionate_cid5995.png,testosterone_propionate_cid5995,Testosterone Propionate,5995,CCC(=O)O[C@H]1CC[C@@H]2[C@@]1(CC[C@H]3[C@H]2CCC4=CC(=O)CC[C@]34C)C,3
testosterone_undecanoate_cid65157.png,testosterone_undecanoate_cid65157,"Testosterone, undecanoate",65157,CCCCCCCCCCC(=O)O[C@H]1CC[C@@H]2[C@@]1(CC[C@H]3[C@H]2CCC4=CC(=O)CC[C@]34C)C,3
tetomilast_cid3025803.png,tetomilast_cid3025803,Tetomilast,3025803,CCOC1=C(C=C(C=C1)C2=NC(=CS2)C3=NC(=CC=C3)C(=O)O)OCC,3
tetrabutylammonium_bromide_cid74236.png,tetrabutylammonium_bromide_cid74236,Tetrabutylammonium Bromide,74236,CCCC[N+](CCCC)(CCCC)CCCC.[Br-],3
tetraethyllead_cid6511.png,tetraethyllead_cid6511,Tetraethyllead,6511,CC[Pb](CC)(CC)CC,3
tetrafluoroethylene_cid8301.png,tetrafluoroethylene_cid8301,Tetrafluoroethylene,8301,C(=C(F)F)(F)F,3
tetrahydrocannabinol_cid16078.png,tetrahydrocannabinol_cid16078,Tetrahydrocannabinol,16078,CCCCCC1=CC(=C2[C@@H]3C=C(CC[C@H]3C(OC2=C1)(C)C)C)O,3
tetrahydrofuran_cid8028.png,tetrahydrofuran_cid8028,Tetrahydrofuran,8028,C1CCOC1,3
tetrahydrozoline_cid5419.png,tetrahydrozoline_cid5419,(+-)-Tetrahydrozoline,5419,C1CC(C2=CC=CC=C2C1)C3=NCCN3,3
tetrakis_triphenylphosphine_palladium_cid11979704.png,tetrakis_triphenylphosphine_palladium_cid11979704,Tetrakis(triphenylphosphine)palladium,11979704,C1=CC=C(C=C1)P(C2=CC=CC=C2)C3=CC=CC=C3.C1=CC=C(C=C1)P(C2=CC=CC=C2)C3=CC=CC=C3.C1=CC=C(C=C1)P(C2=CC=CC=C2)C3=CC=CC=C3.C1=CC=C(C=C1)P(C2=CC=CC=C2)C3=CC=CC=C3.[Pd],3
tetraphenylphosphonium_chloride_cid164911.png,tetraphenylphosphonium_chloride_cid164911,Tetraphenylphosphonium Chloride,164911,C1=CC=C(C=C1)[P+](C2=CC=CC=C2)(C3=CC=CC=C3)C4=CC=CC=C4.[Cl-],3
tetraphenylporphyrin_cid86280046.png,tetraphenylporphyrin_cid86280046,Tetraphenylporphyrin,86280046,C1=CC=C(C=C1)C2=C3C=CC(=C(C4=NC(=C(C5=CC=C(N5)C(=C6C=CC2=N6)C7=CC=CC=C7)C8=CC=CC=C8)C=C4)C9=CC=CC=C9)N3,3
tetrofosmin_cid4274.png,tetrofosmin_cid4274,Tetrofosmin,4274,CCOCCP(CCOCC)CCP(CCOCC)CCOCC,3
teverelix_acetate_cid172866763.png,teverelix_acetate_cid172866763,Teverelix acetate,172866763,C[C@H](C(=O)N)NC(=O)[C@@H]1CCCN1C(=O)[C@H](CCCCNC(C)C)NC(=O)[C@H](CC(C)C)NC(=O)[C@@H](CCCCNC(=O)N)NC(=O)[C@H](CC2=CC=C(C=C2)O)NC(=O)[C@H](CO)NC(=O)[C@@H](CC3=CN=CC=C3)NC(=O)[C@@H](CC4=CC=C(C=C4)Cl)NC(=O)[C@@H](CC5=CC6=CC=CC=C6C=C5)NC(=O)C.CC(=O)O,3
thalidomide_cid5426.png,thalidomide_cid5426,Thalidomide,5426,C1CC(=O)NC(=O)C1N2C(=O)C3=CC=CC=C3C2=O,3
theaflavin_cid135403798.png,theaflavin_cid135403798,Theaflavin,135403798,C1[C@H]([C@H](OC2=CC(=CC(=C21)O)O)C3=CC4=C(C(=C(C=C4[C@@H]5[C@@H](CC6=C(C=C(C=C6O5)O)O)O)O)O)C(=O)C(=C3)O)O,3
thebaine_cid5324289.png,thebaine_cid5324289,Thebaine,5324289,CN1CC[C@]23[C@@H]4C(=CC=C2[C@H]1CC5=C3C(=C(C=C5)OC)O4)OC,3
theophylline_cid2153.png,theophylline_cid2153,Theophylline,2153,CN1C2=C(C(=O)N(C1=O)C)NC=N2,3
thiamine_cid1130.png,thiamine_cid1130,Thiamine,1130,CC1=C(SC=[N+]1CC2=CN=C(N=C2N)C)CCO,3
thiamine_pyrophosphate_cid5431.png,thiamine_pyrophosphate_cid5431,Thiamine Pyrophosphate,5431,CC1=C(SC=[N+]1CC2=CN=C(N=C2N)C)CCOP(=O)(O)OP(=O)(O)[O-],3
thiamphenicol_cid27200.png,thiamphenicol_cid27200,Thiamphenicol,27200,CS(=O)(=O)C1=CC=C(C=C1)[C@H]([C@@H](CO)NC(=O)C(Cl)Cl)O,3
thiethylperazine_cid5440.png,thiethylperazine_cid5440,Thiethylperazine,5440,CCSC1=CC2=C(C=C1)SC3=CC=CC=C3N2CCCN4CCN(CC4)C,3
thimerosal_cid16684434.png,thimerosal_cid16684434,Thimerosal,16684434,CC[Hg]SC1=CC=CC=C1C(=O)[O-].[Na+],3
thiocillin_cid5282053.png,thiocillin_cid5282053,Thiocillin,5282053,C/C=C\1/C2=NC(=CS2)C(=O)N[C@@H](C3=NC(=CS3)C(=O)N[C@H](C4=NC(=CS4)C5=C(C=CC(=N5)C6=NC(=CS6)C7=NC(=CS7)C(=O)N/C(=C\C)/C(=O)NC[C@H](C)O)C8=NC(=CS8)C(=O)N[C@H](C(=O)N1)[C@@H](C)O)C(C)C)C(C)C,3
thioguanine_cid2723601.png,thioguanine_cid2723601,Thioguanine,2723601,C1=NC2=C(N1)C(=S)N=C(N2)N,3
thiopental_cid3000715.png,thiopental_cid3000715,Thiopental,3000715,CCCC(C)C1(C(=O)NC(=S)NC1=O)CC,3
thiophene_cid8030.png,thiophene_cid8030,Thiophene,8030,C1=CSC=C1,3
thioridazine_cid5452.png,thioridazine_cid5452,Thioridazine,5452,CN1CCCCC1CCN2C3=CC=CC=C3SC4=C2C=C(C=C4)SC,3
thiostrepton_cid16129666.png,thiostrepton_cid16129666,Thiostrepton,16129666,CCC(C)C1C(=O)NC(C(=O)NC(=C)C(=O)NC(C(=O)NC23CCC(=NC2C4=CSC(=N4)C(C(OC(=O)C5=NC6=C(C=CC(C6O)N1)C(=C5)C(C)O)C)NC(=O)C7=CSC(=N7)C(NC(=O)C8CSC(=N8)/C(=C\C)/NC(=O)C(NC(=O)C9=CSC3=N9)C(C)O)C(C)(C(C)O)O)C1=NC(=CS1)C(=O)NC(=C)C(=O)NC(=C)C(=O)N)C)C,3
thiotepa_cid5453.png,thiotepa_cid5453,Thiotepa,5453,C1CN1P(=S)(N2CC2)N3CC3,3
thiothixene_cid941651.png,thiothixene_cid941651,Thiothixene,941651,CN1CCN(CC1)CC/C=C\2/C3=CC=CC=C3SC4=C2C=C(C=C4)S(=O)(=O)N(C)C,3
threonyl_muramyl_dipeptide_cid121596037.png,threonyl_muramyl_dipeptide_cid121596037,Threonyl muramyl dipeptide,121596037,C[C@H]([C@@H](C(=O)N[C@H](CCC(=O)O)C(=O)N)NC(=O)[C@@H](C)O[C@@H]1[C@H]([C@@H](O[C@H]([C@H]1O)CO)O)NC(=O)C)O,3
thymol_cid6989.png,thymol_cid6989,Thymol,6989,CC1=CC(=C(C=C1)C(C)C)O,3
thymopentin_cid451417.png,thymopentin_cid451417,Thymopentin,451417,CC(C)[C@@H](C(=O)N[C@@H](CC1=CC=C(C=C1)O)C(=O)O)NC(=O)[C@H](CC(=O)O)NC(=O)[C@H](CCCCN)NC(=O)[C@H](CCCN=C(N)N)N,3
thyroxine_cid5819.png,thyroxine_cid5819,Thyroxine,5819,C1=C(C=C(C(=C1I)OC2=CC(=C(C(=C2)I)O)I)I)C[C@@H](C(=O)O)N,3
tiagabine_cid60648.png,tiagabine_cid60648,Tiagabine,60648,CC1=C(SC=C1)C(=CCCN2CCC[C@H](C2)C(=O)O)C3=C(C=CS3)C,3
tiapride_cid5467.png,tiapride_cid5467,Tiapride,5467,CCN(CC)CCNC(=O)C1=C(C=CC(=C1)S(=O)(=O)C)OC,3
tiaprofenic_acid_cid5468.png,tiaprofenic_acid_cid5468,Tiaprofenic Acid,5468,CC(C1=CC=C(S1)C(=O)C2=CC=CC=C2)C(=O)O,3
ticlopidine_cid5472.png,ticlopidine_cid5472,Ticlopidine,5472,C1CN(CC2=C1SC=C2)CC3=CC=CC=C3Cl,3
tildipirosin_cid24860548.png,tildipirosin_cid24860548,Tildipirosin,24860548,CC[C@@H]1[C@H](/C=C(/C=C/C(=O)[C@@H](C[C@@H]([C@@H]([C@H]([C@@H](CC(=O)O1)O)C)O[C@H]2[C@@H]([C@H]([C@@H]([C@H](O2)C)O)N(C)C)O)CCN3CCCCC3)C)\C)CN4CCCCC4,3
tilidine_cid30131.png,tilidine_cid30131,Tilidine,30131,CCOC(=O)[C@@]1(CCC=C[C@H]1N(C)C)C2=CC=CC=C2,3
tilmicosin_cid5282521.png,tilmicosin_cid5282521,Tilmicosin,5282521,CC[C@@H]1[C@H](/C=C(/C=C/C(=O)[C@@H](C[C@@H]([C@@H]([C@H]([C@@H](CC(=O)O1)O)C)O[C@H]2[C@@H]([C@H]([C@@H]([C@H](O2)C)O)N(C)C)O)CCN3C[C@@H](C[C@@H](C3)C)C)C)\C)CO[C@H]4[C@@H]([C@@H]([C@@H]([C@H](O4)C)O)OC)OC,3
timolol_cid33624.png,timolol_cid33624,Timolol,33624,CC(C)(C)NC[C@@H](COC1=NSN=C1N2CCOCC2)O,3
tiopronin_cid5483.png,tiopronin_cid5483,Tiopronin,5483,CC(C(=O)NCC(=O)O)S,3
tipifarnib_cid159324.png,tipifarnib_cid159324,Tipifarnib,159324,CN1C=NC=C1[C@@](C2=CC=C(C=C2)Cl)(C3=CC4=C(C=C3)N(C(=O)C=C4C5=CC(=CC=C5)Cl)C)N,3
tipranavir_cid54682461.png,tipranavir_cid54682461,Tipranavir,54682461,CCC[C@]1(CC(=C(C(=O)O1)[C@H](CC)C2=CC(=CC=C2)NS(=O)(=O)C3=NC=C(C=C3)C(F)(F)F)O)CCC4=CC=CC=C4,3
tirapazamine_cid135413511.png,tirapazamine_cid135413511,Tirapazamine,135413511,C1=CC=C2C(=C1)[N+](=C(N=[N+]2[O-])N)[O-],3
tiratricol_cid5803.png,tiratricol_cid5803,Tiratricol,5803,C1=CC(=C(C=C1OC2=C(C=C(C=C2I)CC(=O)O)I)I)O,3
tirbanibulin_cid23635314.png,tirbanibulin_cid23635314,Tirbanibulin,23635314,C1COCCN1CCOC2=CC=C(C=C2)C3=CN=C(C=C3)CC(=O)NCC4=CC=CC=C4,3
tirofiban_hydrochloride_anhydrous_cid64781.png,tirofiban_hydrochloride_anhydrous_cid64781,Tirofiban hydrochloride anhydrous,64781,CCCCS(=O)(=O)N[C@@H](CC1=CC=C(C=C1)OCCCCC2CCNCC2)C(=O)O.Cl,3
titanium_dioxide_cid26042.png,titanium_dioxide_cid26042,Titanium dioxide,26042,O=[Ti]=O,3
titanocene_dichloride_cid76030824.png,titanocene_dichloride_cid76030824,Titanocene dichloride,76030824,[CH-]1C=CC=C1.[CH-]1C=CC=C1.[Cl-].[Cl-].[Ti+4],3
tixocortol_pivalate_cid15052414.png,tixocortol_pivalate_cid15052414,Tixocortol Pivalate,15052414,C[C@]12CCC(=O)C=C1CC[C@@H]3[C@@H]2[C@H](C[C@]4([C@H]3CC[C@@]4(C(=O)CSC(=O)C(C)(C)C)O)C)O,3
tizanidine_cid5487.png,tizanidine_cid5487,Tizanidine,5487,C1CN=C(N1)NC2=C(C=CC3=NSN=C32)Cl,3
tobramycin_cid36294.png,tobramycin_cid36294,Tobramycin,36294,C1[C@@H]([C@H]([C@@H]([C@H]([C@@H]1N)O[C@@H]2[C@@H]([C@H]([C@@H]([C@H](O2)CO)O)N)O)O)O[C@@H]3[C@@H](C[C@@H]([C@H](O3)CN)O)N)N,3
tofacitinib_cid9926791.png,tofacitinib_cid9926791,Tofacitinib,9926791,C[C@@H]1CCN(C[C@@H]1N(C)C2=NC=NC3=C2C=CN3)C(=O)CC#N,3
tofenacin_cid25315.png,tofenacin_cid25315,Tofenacin,25315,CC1=CC=CC=C1C(C2=CC=CC=C2)OCCNC,3
tofogliflozin_cid46908929.png,tofogliflozin_cid46908929,Tofogliflozin,46908929,CCC1=CC=C(C=C1)CC2=CC3=C(CO[C@@]34[C@@H]([C@H]([C@@H]([C@H](O4)CO)O)O)O)C=C2,3
tolazoline_cid5504.png,tolazoline_cid5504,Tolazoline,5504,C1CN=C(N1)CC2=CC=CC=C2,3
tolbutamide_cid5505.png,tolbutamide_cid5505,Tolbutamide,5505,CCCCNC(=O)NS(=O)(=O)C1=CC=C(C=C1)C,3
tolcapone_cid4659569.png,tolcapone_cid4659569,Tolcapone,4659569,CC1=CC=C(C=C1)C(=O)C2=CC(=C(C(=C2)O)O)[N+](=O)[O-],3
tolfenamic_acid_cid610479.png,tolfenamic_acid_cid610479,Tolfenamic Acid,610479,CC1=C(C=CC=C1Cl)NC2=CC=CC=C2C(=O)O,3
tolnaftate_cid5510.png,tolnaftate_cid5510,Tolnaftate,5510,CC1=CC(=CC=C1)N(C)C(=S)OC2=CC3=CC=CC=C3C=C2,3
tolperisone_cid5511.png,tolperisone_cid5511,Tolperisone,5511,CC1=CC=C(C=C1)C(=O)C(C)CN2CCCCC2,3
tolterodine_tartrate_cid443878.png,tolterodine_tartrate_cid443878,Tolterodine Tartrate,443878,CC1=CC(=C(C=C1)O)[C@H](CCN(C(C)C)C(C)C)C2=CC=CC=C2.[C@@H]([C@H](C(=O)O)O)(C(=O)O)O,3
toltrazuril_cid68591.png,toltrazuril_cid68591,Toltrazuril,68591,CC1=C(C=CC(=C1)N2C(=O)NC(=O)N(C2=O)C)OC3=CC=C(C=C3)SC(F)(F)F,3
toluene_cid1140.png,toluene_cid1140,Toluene,1140,CC1=CC=CC=C1,3
tomatine_cid28523.png,tomatine_cid28523,Tomatine,28523,C[C@H]1CC[C@]2([C@H]([C@H]3[C@@H](O2)C[C@@H]4[C@@]3(CC[C@H]5[C@H]4CC[C@@H]6[C@@]5(CC[C@@H](C6)O[C@H]7[C@@H]([C@H]([C@H]([C@H](O7)CO)O[C@H]8[C@@H]([C@H]([C@@H]([C@H](O8)CO)O)O[C@H]9[C@@H]([C@H]([C@@H](CO9)O)O)O)O[C@H]2[C@@H]([C@H]([C@@H]([C@H](O2)CO)O)O)O)O)O)C)C)C)NC1,3
topiramate_cid5284627.png,topiramate_cid5284627,Topiramate,5284627,CC1(O[C@@H]2CO[C@@]3([C@H]([C@@H]2O1)OC(O3)(C)C)COS(=O)(=O)N)C,3
topotecan_cid60700.png,topotecan_cid60700,Topotecan,60700,CC[C@@]1(C2=C(COC1=O)C(=O)N3CC4=CC5=C(C=CC(=C5CN(C)C)O)N=C4C3=C2)O,3
torasemide_cid41781.png,torasemide_cid41781,Torasemide,41781,CC1=CC(=CC=C1)NC2=C(C=NC=C2)S(=O)(=O)NC(=O)NC(C)C,3
torcetrapib_cid159325.png,torcetrapib_cid159325,Torcetrapib,159325,CC[C@@H]1C[C@@H](C2=C(N1C(=O)OCC)C=CC(=C2)C(F)(F)F)N(CC3=CC(=CC(=C3)C(F)(F)F)C(F)(F)F)C(=O)OC,3
toremifene_cid3005573.png,toremifene_cid3005573,Toremifene,3005573,CN(C)CCOC1=CC=C(C=C1)/C(=C(/CCCl)\C2=CC=CC=C2)/C3=CC=CC=C3,3
tovorafenib_cid25161177.png,tovorafenib_cid25161177,Tovorafenib,25161177,C[C@H](C1=NC=C(S1)C(=O)NC2=NC=C(C(=C2)C(F)(F)F)Cl)NC(=O)C3=C(C(=NC=N3)N)Cl,3
trabectedin_cid108150.png,trabectedin_cid108150,Trabectedin,108150,CC1=CC2=C([C@@H]3[C@@H]4[C@H]5C6=C(C(=C7C(=C6[C@@H](N4[C@H]([C@H](C2)N3C)O)COC(=O)[C@@]8(CS5)C9=CC(=C(C=C9CCN8)O)OC)OCO7)C)OC(=O)C)C(=C1OC)O,3
tradipitant_cid9916461.png,tradipitant_cid9916461,Tradipitant,9916461,C1=CC=C(C(=C1)C(=O)C2=C(N=CC=C2)C3=C(N(N=N3)CC4=CC(=CC(=C4)C(F)(F)F)C(F)(F)F)C5=CC=NC=C5)Cl,3
tramadol_cid33741.png,tramadol_cid33741,Tramadol,33741,CN(C)C[C@H]1CCCC[C@@]1(C2=CC(=CC=C2)OC)O,3
trametinib_cid11707110.png,trametinib_cid11707110,Trametinib,11707110,CC1=C2C(=C(N(C1=O)C)NC3=C(C=C(C=C3)I)F)C(=O)N(C(=O)N2C4=CC=CC(=C4)NC(=O)C)C5CC5,3
tranimilast_cid70662473.png,tranimilast_cid70662473,Tranimilast,70662473,CS(=O)(=O)NC1=C(C=C(C=C1)C(=O)O[C@@H](CC2=C(C=[N+](C=C2Cl)[O-])Cl)C3=CC(=C(C=C3)OC(F)F)OCC4CC4)OCC5CC5,3
trans_diamminedichloroplatinum_cid441203.png,trans_diamminedichloroplatinum_cid441203,trans-Diamminedichloroplatinum,441203,N.N.Cl[Pt+2]Cl,3
tranylcypromine_cid5530.png,tranylcypromine_cid5530,Tranylcypromine,5530,C1C(C1N)C2=CC=CC=C2,3
trapidil_cid5531.png,trapidil_cid5531,Trapidil,5531,CCN(CC)C1=CC(=NC2=NC=NN12)C,3
travoprost_cid5282226.png,travoprost_cid5282226,Travoprost,5282226,CC(C)OC(=O)CCC/C=C\C[C@H]1[C@H](C[C@H]([C@@H]1/C=C/[C@H](COC2=CC=CC(=C2)C(F)(F)F)O)O)O,3
trazodone_cid5533.png,trazodone_cid5533,Trazodone,5533,C1CN(CCN1CCCN2C(=O)N3C=CC=CC3=N2)C4=CC(=CC=C4)Cl,3
trehalose_cid7427.png,trehalose_cid7427,Trehalose,7427,C([C@@H]1[C@H]([C@@H]([C@H]([C@H](O1)O[C@@H]2[C@@H]([C@H]([C@@H]([C@H](O2)CO)O)O)O)O)O)O)O,3
trelagliptin_cid15983988.png,trelagliptin_cid15983988,Trelagliptin,15983988,CN1C(=O)C=C(N(C1=O)CC2=C(C=CC(=C2)F)C#N)N3CCC[C@H](C3)N,3
trenbolone_cid25015.png,trenbolone_cid25015,Trenbolone,25015,C[C@]12C=CC3=C4CCC(=O)C=C4CC[C@H]3[C@@H]1CC[C@@H]2O,3
treprostinil_diolamine_cid11179459.png,treprostinil_diolamine_cid11179459,Treprostinil Diolamine,11179459,CCCCC[C@@H](CC[C@H]1[C@@H](C[C@H]2[C@@H]1CC3=C(C2)C(=CC=C3)OCC(=O)O)O)O.C(CO)NCCO,3
triamcinolone_acetonide_cid6436.png,triamcinolone_acetonide_cid6436,Triamcinolone Acetonide,6436,C[C@]12C[C@@H]([C@]3([C@H]([C@@H]1C[C@@H]4[C@]2(OC(O4)(C)C)C(=O)CO)CCC5=CC(=O)C=C[C@@]53C)F)O,3
triamcinolone_cid31307.png,triamcinolone_cid31307,Triamcinolone,31307,C[C@]12C[C@@H]([C@]3([C@H]([C@@H]1C[C@H]([C@@]2(C(=O)CO)O)O)CCC4=CC(=O)C=C[C@@]43C)F)O,3
tribendimidine_cid3086564.png,tribendimidine_cid3086564,Tribendimidine,3086564,CC(=NC1=CC=C(C=C1)N=CC2=CC=C(C=C2)C=NC3=CC=C(C=C3)N=C(C)N(C)C)N(C)C,3
trichlorfon_cid5853.png,trichlorfon_cid5853,Trichlorfon,5853,COP(=O)(C(C(Cl)(Cl)Cl)O)OC,3
trichloroethylene_cid6575.png,trichloroethylene_cid6575,Trichloroethylene,6575,C(=C(Cl)Cl)Cl,3
triclabendazole_cid50248.png,triclabendazole_cid50248,Triclabendazole,50248,CSC1=NC2=CC(=C(C=C2N1)Cl)OC3=C(C(=CC=C3)Cl)Cl,3
triethyl_phosphite_cid31215.png,triethyl_phosphite_cid31215,Triethyl phosphite,31215,CCOP(OCC)OCC,3
trifarotene_cid11518241.png,trifarotene_cid11518241,Trifarotene,11518241,CC(C)(C)C1=C(C=CC(=C1)C2=C(C=CC(=C2)C3=CC=C(C=C3)C(=O)O)OCCO)N4CCCC4,3
trifluoroacetic_acid_d_cid71502.png,trifluoroacetic_acid_d_cid71502,Trifluoroacetic acid-d,71502,[2H]OC(=O)C(F)(F)F,3
triflupromazine_cid5568.png,triflupromazine_cid5568,Triflupromazine,5568,CN(C)CCCN1C2=CC=CC=C2SC3=C1C=C(C=C3)C(F)(F)F,3
trifluridine_cid6256.png,trifluridine_cid6256,Trifluridine,6256,C1[C@@H]([C@H](O[C@H]1N2C=C(C(=O)NC2=O)C(F)(F)F)CO)O,3
triflusal_cid9458.png,triflusal_cid9458,Triflusal,9458,CC(=O)OC1=C(C=CC(=C1)C(F)(F)F)C(=O)O,3
triheptanoin_cid69286.png,triheptanoin_cid69286,Triheptanoin,69286,CCCCCCC(=O)OCC(COC(=O)CCCCCC)OC(=O)CCCCCC,3
trihexyphenidyl_cid5572.png,trihexyphenidyl_cid5572,Trihexyphenidyl,5572,C1CCC(CC1)C(CCN2CCCCC2)(C3=CC=CC=C3)O,3
trilostane_cid656583.png,trilostane_cid656583,Trilostane,656583,C[C@]12CC[C@H]3[C@H]([C@@H]1CC[C@@H]2O)CC[C@]45[C@@]3(CC(=C([C@H]4O5)O)C#N)C,3
trimebutine_maleate_cid5388977.png,trimebutine_maleate_cid5388977,Trimebutine Maleate,5388977,CCC(COC(=O)C1=CC(=C(C(=C1)OC)OC)OC)(C2=CC=CC=C2)N(C)C.C(=C\C(=O)O)\C(=O)O,3
trimedoxime_cid135539427.png,trimedoxime_cid135539427,Trimedoxime,135539427,C1=C[N+](=CC=C1/C=N/O)CCC[N+]2=CC=C(C=C2)/C=N/O,3
trimegestone_cid68926.png,trimegestone_cid68926,Trimegestone,68926,C[C@@H](C(=O)[C@]1(CC[C@@H]2[C@@]1(CCC3=C4CCC(=O)C=C4CC[C@@H]23)C)C)O,3
trimeprazine_cid5574.png,trimeprazine_cid5574,(+-)-Trimeprazine,5574,CC(CN1C2=CC=CC=C2SC3=CC=CC=C31)CN(C)C,3
trimethadione_cid5576.png,trimethadione_cid5576,Trimethadione,5576,CC1(C(=O)N(C(=O)O1)C)C,3
trimethobenzamide_cid5577.png,trimethobenzamide_cid5577,Trimethobenzamide,5577,CN(C)CCOC1=CC=C(C=C1)CNC(=O)C2=CC(=C(C(=C2)OC)OC)OC,3
trimethoprim_cid5578.png,trimethoprim_cid5578,Trimethoprim,5578,COC1=CC(=CC(=C1OC)OC)CC2=CN=C(N=C2N)N,3
trimethyl_borate_cid8470.png,trimethyl_borate_cid8470,Trimethyl borate,8470,B(OC)(OC)OC,3
trimethyl_phosphate_cid10541.png,trimethyl_phosphate_cid10541,Trimethyl Phosphate,10541,COP(=O)(OC)OC,3
trimethylaluminum_cid16682925.png,trimethylaluminum_cid16682925,Trimethylaluminum,16682925,C[Al](C)C,3
triphenyl_phosphate_cid8289.png,triphenyl_phosphate_cid8289,Triphenyl Phosphate,8289,C1=CC=C(C=C1)OP(=O)(OC2=CC=CC=C2)OC3=CC=CC=C3,3
triphenylene_cid9170.png,triphenylene_cid9170,Triphenylene,9170,C1=CC=C2C(=C1)C3=CC=CC=C3C4=CC=CC=C24,3
triphenyltin_chloride_cid12540.png,triphenyltin_chloride_cid12540,Triphenyltin Chloride,12540,C1=CC=C(C=C1)[Sn](C2=CC=CC=C2)(C3=CC=CC=C3)Cl,3
triplatin_cid71587574.png,triplatin_cid71587574,Triplatin,71587574,C(CCCN)CCN.C(CCCN)CCN.N.N.N.N.N.N.[Cl-].[Cl-].[Pt+2].[Pt+2].[Pt+2],3
tripropeptin_c_cid58960776.png,tripropeptin_c_cid58960776,Tripropeptin C,58960776,CC(C)CCCCCCCCCC1CC(=O)NC(C(=O)N2CCCC2C(=O)N3CCCC3C(=O)NC(C(=O)NC(C(=O)NC(C(=O)N4CCC(C4C(=O)NC(C(=O)O1)C(C(=O)O)O)O)CO)C(C(=O)O)O)CCCN=C(N)N)C(C)O,3
triptorelin_cid25074470.png,triptorelin_cid25074470,Triptorelin,25074470,CC(C)C[C@@H](C(=O)N[C@@H](CCCN=C(N)N)C(=O)N1CCC[C@H]1C(=O)NCC(=O)N)NC(=O)[C@@H](CC2=CNC3=CC=CC=C32)NC(=O)[C@H](CC4=CC=C(C=C4)O)NC(=O)[C@H](CO)NC(=O)[C@H](CC5=CNC6=CC=CC=C65)NC(=O)[C@H](CC7=CN=CN7)NC(=O)[C@@H]8CCC(=O)N8,3
tris_hydroxymethyl_aminomethane_cid6503.png,tris_hydroxymethyl_aminomethane_cid6503,Tris(hydroxymethyl)aminomethane,6503,C(C(CO)(CO)N)O,3
trofosfamide_cid65702.png,trofosfamide_cid65702,Trofosfamide,65702,C1CN(P(=O)(OC1)N(CCCl)CCCl)CCCl,3
troglitazone_cid5591.png,troglitazone_cid5591,Troglitazone,5591,CC1=C(C2=C(CCC(O2)(C)COC3=CC=C(C=C3)CC4C(=O)NC(=O)S4)C(=C1O)C)C,3
troleandomycin_cid202225.png,troleandomycin_cid202225,Troleandomycin,202225,C[C@@H]1C[C@@H]([C@H]([C@@H](O1)O[C@H]2[C@H](C[C@@]3(CO3)C(=O)[C@@H]([C@H]([C@H]([C@H](OC(=O)[C@@H]([C@H]([C@@H]2C)O[C@H]4C[C@@H]([C@H]([C@@H](O4)C)OC(=O)C)OC)C)C)C)OC(=O)C)C)C)OC(=O)C)N(C)C,3
tromantadine_cid64377.png,tromantadine_cid64377,Tromantadine,64377,CN(C)CCOCC(=O)NC12CC3CC(C1)CC(C3)C2,3
tropicamide_cid5593.png,tropicamide_cid5593,Tropicamide,5593,CCN(CC1=CC=NC=C1)C(=O)C(CO)C2=CC=CC=C2,3
trospium_chloride_cid5284631.png,trospium_chloride_cid5284631,Trospium chloride,5284631,C1CC[N+]2(C1)[C@@H]3CC[C@H]2CC(C3)OC(=O)C(C4=CC=CC=C4)(C5=CC=CC=C5)O.[Cl-],3
trypan_blue_cid4407718.png,trypan_blue_cid4407718,Trypan blue,4407718,CC1=C(C=CC(=C1)C2=CC(=C(C=C2)N=NC3=C(C4=C(C=C(C=C4C=C3S(=O)(=O)[O-])S(=O)(=O)[O-])N)O)C)N=NC5=C(C6=C(C=C(C=C6C=C5S(=O)(=O)[O-])S(=O)(=O)[O-])N)O,3
tryparsamide_cid23665572.png,tryparsamide_cid23665572,Tryparsamide,23665572,C1=CC(=CC=C1NCC(=O)N)[As](=O)(O)[O-].[Na+],3
tubocurarine_cid6000.png,tubocurarine_cid6000,Tubocurarine,6000,CN1CCC2=CC(=C3C=C2[C@@H]1CC4=CC=C(C=C4)OC5=C6[C@@H](CC7=CC(=C(C=C7)O)O3)[N+](CCC6=CC(=C5O)OC)(C)C)OC,3
tucaresol_cid55223.png,tucaresol_cid55223,Tucaresol,55223,C1=CC(=C(C(=C1)OCC2=CC=C(C=C2)C(=O)O)C=O)O,3
tucatinib_cid51039094.png,tucatinib_cid51039094,Tucatinib,51039094,CC1=C(C=CC(=C1)NC2=NC=NC3=C2C=C(C=C3)NC4=NC(CO4)(C)C)OC5=CC6=NC=NN6C=C5,3
tucidinostat_cid12136798.png,tucidinostat_cid12136798,Tucidinostat,12136798,C1=CC(=CN=C1)/C=C/C(=O)NCC2=CC=C(C=C2)C(=O)NC3=C(C=C(C=C3)F)N,3
tulathromycin_cid9832301.png,tulathromycin_cid9832301,Tulathromycin,9832301,CCCNC[C@@]1([C@@H](O[C@H](C[C@@]1(C)OC)O[C@H]2[C@@H]([C@H]([C@](C[C@H](CN[C@@H]([C@H]([C@]([C@H](OC(=O)[C@@H]2C)CC)(C)O)O)C)C)(C)O)O[C@H]3[C@@H]([C@H](C[C@H](O3)C)N(C)C)O)C)C)O,3
tungsten_hexacarbonyl_cid98884.png,tungsten_hexacarbonyl_cid98884,Tungsten hexacarbonyl,98884,[C-]#[O+].[C-]#[O+].[C-]#[O+].[C-]#[O+].[C-]#[O+].[C-]#[O+].[W],3
tylosin_cid5280440.png,tylosin_cid5280440,Tylosin,5280440,CC[C@@H]1[C@H](/C=C(/C=C/C(=O)[C@@H](C[C@@H]([C@@H]([C@H]([C@@H](CC(=O)O1)O)C)O[C@H]2[C@@H]([C@H]([C@@H]([C@H](O2)C)O[C@H]3C[C@@]([C@H]([C@@H](O3)C)O)(C)O)N(C)C)O)CC=O)C)\C)CO[C@H]4[C@@H]([C@@H]([C@@H]([C@H](O4)C)O)OC)OC,3
tyrocidine_a_cid16129635.png,tyrocidine_a_cid16129635,Tyrocidine A,16129635,CC(C)C[C@H]1C(=O)N[C@@H](C(=O)N2CCC[C@H]2C(=O)N[C@H](C(=O)N[C@@H](C(=O)N[C@H](C(=O)N[C@H](C(=O)N[C@H](C(=O)N[C@H](C(=O)N[C@H](C(=O)N1)CCCN)C(C)C)CC3=CC=C(C=C3)O)CCC(=O)N)CC(=O)N)CC4=CC=CC=C4)CC5=CC=CC=C5)CC6=CC=CC=C6,3
ubenimex_hydrochloride_cid11957481.png,ubenimex_hydrochloride_cid11957481,Ubenimex hydrochloride,11957481,CC(C)C[C@@H](C(=O)O)NC(=O)[C@H]([C@@H](CC1=CC=CC=C1)N)O.Cl,3
ulipristal_acetate_cid130904.png,ulipristal_acetate_cid130904,Ulipristal Acetate,130904,CC(=O)[C@]1(CC[C@@H]2[C@@]1(C[C@@H](C3=C4CCC(=O)C=C4CC[C@@H]23)C5=CC=C(C=C5)N(C)C)C)OC(=O)C,3
ulonivirine_cid73505111.png,ulonivirine_cid73505111,Ulonivirine,73505111,C1=C(C=C(C=C1OC2=C(N=CN(C2=O)CC3=NNC(=O)C(=C3)C(F)(F)F)C(F)(F)F)Cl)C#N,3
umbralisib_cid72950888.png,umbralisib_cid72950888,Umbralisib,72950888,C[C@@H](C1=C(C(=O)C2=C(O1)C=CC(=C2)F)C3=CC(=CC=C3)F)N4C5=NC=NC(=C5C(=N4)C6=CC(=C(C=C6)OC(C)C)F)N,3
umeclidinium_bromide_cid11519069.png,umeclidinium_bromide_cid11519069,Umeclidinium bromide,11519069,C1C[N+]2(CCC1(CC2)C(C3=CC=CC=C3)(C4=CC=CC=C4)O)CCOCC5=CC=CC=C5.[Br-],3
unithiol_cid2724039.png,unithiol_cid2724039,Unithiol,2724039,C(C(CS(=O)(=O)[O-])S)S.[Na+],3
unoprostone_cid5311236.png,unoprostone_cid5311236,Unoprostone,5311236,CCCCCCCC(=O)CC[C@H]1[C@@H](C[C@@H]([C@@H]1C/C=C\CCCC(=O)O)O)O,3
upadacitinib_cid58557659.png,upadacitinib_cid58557659,Upadacitinib,58557659,CC[C@@H]1CN(C[C@@H]1C2=CN=C3N2C4=C(NC=C4)N=C3)C(=O)NCC(F)(F)F,3
uracil_mustard_cid6194.png,uracil_mustard_cid6194,Uracil Mustard,6194,C1=C(C(=O)NC(=O)N1)N(CCCl)CCCl,3
uranocene_cid129654785.png,uranocene_cid129654785,Uranocene,129654785,C\1=C\[C-]=C/C=C\[C-]=C1.C\1=C\[C-]=C/C=C\[C-]=C1.[U+4],3
urapidil_cid5639.png,urapidil_cid5639,Urapidil,5639,CN1C(=CC(=O)N(C1=O)C)NCCCN2CCN(CC2)C3=CC=CC=C3OC,3
urea_cid1176.png,urea_cid1176,Urea,1176,C(=O)(N)N,3
ursodeoxycholic_acid_cid31401.png,ursodeoxycholic_acid_cid31401,Ursodeoxycholic Acid,31401,C[C@H](CCC(=O)O)[C@H]1CC[C@@H]2[C@@]1(CC[C@H]3[C@H]2[C@H](C[C@H]4[C@@]3(CC[C@H](C4)O)C)O)C,3
vaborbactam_cid56649692.png,vaborbactam_cid56649692,Vaborbactam,56649692,B1([C@H](CC[C@H](O1)CC(=O)O)NC(=O)CC2=CC=CS2)O,3
valacyclovir_hydrochloride_cid135398741.png,valacyclovir_hydrochloride_cid135398741,Valacyclovir Hydrochloride,135398741,CC(C)[C@@H](C(=O)OCCOCN1C=NC2=C1N=C(NC2=O)N)N.Cl,3
valbenazine_cid24795069.png,valbenazine_cid24795069,Valbenazine,24795069,CC(C)C[C@@H]1CN2CCC3=CC(=C(C=C3[C@H]2C[C@H]1OC(=O)[C@H](C(C)C)N)OC)OC,3
valdecoxib_cid119607.png,valdecoxib_cid119607,Valdecoxib,119607,CC1=C(C(=NO1)C2=CC=CC=C2)C3=CC=C(C=C3)S(=O)(=O)N,3
valganciclovir_cid135413535.png,valganciclovir_cid135413535,Valganciclovir,135413535,CC(C)[C@@H](C(=O)OCC(CO)OCN1C=NC2=C1N=C(NC2=O)N)N,3
valinomycin_cid3000706.png,valinomycin_cid3000706,Valinomycin,3000706,C[C@H]1C(=O)N[C@H](C(=O)O[C@@H](C(=O)N[C@@H](C(=O)O[C@H](C(=O)N[C@H](C(=O)O[C@@H](C(=O)N[C@@H](C(=O)O[C@H](C(=O)N[C@H](C(=O)O[C@@H](C(=O)N[C@@H](C(=O)O1)C(C)C)C(C)C)C(C)C)C)C(C)C)C(C)C)C(C)C)C)C(C)C)C(C)C)C(C)C,3
valnemulin_cid9850878.png,valnemulin_cid9850878,Valnemulin,9850878,C[C@@H]1CC[C@@]23CCC(=O)[C@H]2[C@@]1([C@@H](C[C@@]([C@H]([C@@H]3C)O)(C)C=C)OC(=O)CSC(C)(C)CNC(=O)[C@@H](C(C)C)N)C,3
valnoctamide_cid20140.png,valnoctamide_cid20140,Valnoctamide,20140,CCC(C)C(CC)C(=O)N,3
valproic_acid_cid3121.png,valproic_acid_cid3121,Valproic Acid,3121,CCCC(CCC)C(=O)O,3
valpromide_cid71113.png,valpromide_cid71113,Valpromide,71113,CCCC(CCC)C(=O)N,3
valrubicin_cid454216.png,valrubicin_cid454216,Valrubicin,454216,CCCCC(=O)OCC(=O)[C@]1(C[C@@H](C2=C(C1)C(=C3C(=C2O)C(=O)C4=C(C3=O)C=CC=C4OC)O)O[C@H]5C[C@@H]([C@@H]([C@@H](O5)C)O)NC(=O)C(F)(F)F)O,3
valsartan_cid60846.png,valsartan_cid60846,Valsartan,60846,CCCCC(=O)N(CC1=CC=C(C=C1)C2=CC=CC=C2C3=NNN=N3)[C@@H](C(C)C)C(=O)O,3
vanadocene_cid71311455.png,vanadocene_cid71311455,Vanadocene,71311455,[CH-]1C=CC=C1.[CH-]1C=CC=C1.[V+2],3
vanadyl_acetylacetonate_cid2724114.png,vanadyl_acetylacetonate_cid2724114,Vanadyl acetylacetonate,2724114,CC(=O)[CH-]C(=O)C.CC(=O)[CH-]C(=O)C.O=[V+2],3
vancomycin_cid14969.png,vancomycin_cid14969,Vancomycin,14969,C[C@H]1[C@H]([C@@](C[C@@H](O1)O[C@@H]2[C@H]([C@@H]([C@H](O[C@H]2OC3=C4C=C5C=C3OC6=C(C=C(C=C6)[C@H]([C@H](C(=O)N[C@H](C(=O)N[C@H]5C(=O)N[C@@H]7C8=CC(=C(C=C8)O)C9=C(C=C(C=C9O)O)[C@H](NC(=O)[C@H]([C@@H](C1=CC(=C(O4)C=C1)Cl)O)NC7=O)C(=O)O)CC(=O)N)NC(=O)[C@@H](CC(C)C)NC)O)Cl)CO)O)O)(C)N)O,3
vandetanib_cid3081361.png,vandetanib_cid3081361,Vandetanib,3081361,CN1CCC(CC1)COC2=C(C=C3C(=C2)N=CN=C3NC4=C(C=C(C=C4)Br)F)OC,3
vanzacaftor_cid139399801.png,vanzacaftor_cid139399801,Vanzacaftor,139399801,CC1(C[C@@H]2CCCNC3=NC(=CC=C3)S(=O)(=O)NC(=O)C4=C(N1C2)N=C(C=C4)N5C=CC(=N5)OCCC6C7(C68CC8)CC7)C,3
vapreotide_cid6918026.png,vapreotide_cid6918026,Vapreotide,6918026,CC(C)[C@H]1C(=O)N[C@@H](CSSC[C@@H](C(=O)N[C@H](C(=O)N[C@@H](C(=O)N[C@H](C(=O)N1)CCCCN)CC2=CNC3=CC=CC=C32)CC4=CC=C(C=C4)O)NC(=O)[C@@H](CC5=CC=CC=C5)N)C(=O)N[C@@H](CC6=CNC7=CC=CC=C76)C(=O)N,3
vardenafil_hydrochloride_cid135438569.png,vardenafil_hydrochloride_cid135438569,Vardenafil Hydrochloride,135438569,CCCC1=NC(=C2N1N=C(NC2=O)C3=C(C=CC(=C3)S(=O)(=O)N4CCN(CC4)CC)OCC)C.Cl,3
varenicline_tartrate_cid6918678.png,varenicline_tartrate_cid6918678,Varenicline Tartrate,6918678,C1[C@@H]2CNC[C@H]1C3=CC4=NC=CN=C4C=C23.[C@@H]([C@H](C(=O)O)O)(C(=O)O)O,3
vecabrutinib_cid72547837.png,vecabrutinib_cid72547837,Vecabrutinib,72547837,C1C[C@H](C(=O)N(C1)[C@H]2CN(CC[C@@H]2C(=O)N)C3=NC=NC(=C3F)N)NC4=CC(=CC(=C4)C(F)(F)F)Cl,3
vecuronium_bromide_cid39764.png,vecuronium_bromide_cid39764,Vecuronium Bromide,39764,CC(=O)O[C@H]1C[C@@H]2CC[C@@H]3[C@@H]([C@]2(C[C@@H]1N4CCCCC4)C)CC[C@]5([C@H]3C[C@@H]([C@@H]5OC(=O)C)[N+]6(CCCCC6)C)C.[Br-],3
veliparib_cid11960529.png,veliparib_cid11960529,Veliparib,11960529,C[C@@]1(CCCN1)C2=NC3=C(C=CC=C3N2)C(=O)N,3
velpatasvir_cid67683363.png,velpatasvir_cid67683363,Velpatasvir,67683363,C[C@H]1CC[C@H](N1C(=O)[C@H](C(C)C)NC(=O)OC)C2=NC3=C(N2)C=CC4=CC5=C(C=C43)OCC6=C5C=CC(=C6)C7=CN=C(N7)[C@@H]8C[C@@H](CN8C(=O)[C@@H](C9=CC=CC=C9)NC(=O)OC)COC,3
vemurafenib_cid42611257.png,vemurafenib_cid42611257,Vemurafenib,42611257,CCCS(=O)(=O)NC1=C(C(=C(C=C1)F)C(=O)C2=CNC3=C2C=C(C=N3)C4=CC=C(C=C4)Cl)F,3
venetoclax_cid49846579.png,venetoclax_cid49846579,Venetoclax,49846579,CC1(CCC(=C(C1)C2=CC=C(C=C2)Cl)CN3CCN(CC3)C4=CC(=C(C=C4)C(=O)NS(=O)(=O)C5=CC(=C(C=C5)NCC6CCOCC6)[N+](=O)[O-])OC7=CN=C8C(=C7)C=CN8)C,3
venlafaxine_cid5656.png,venlafaxine_cid5656,Venlafaxine,5656,CN(C)CC(C1=CC=C(C=C1)OC)C2(CCCCC2)O,3
verapamil_cid2520.png,verapamil_cid2520,Verapamil,2520,CC(C)C(CCCN(C)CCC1=CC(=C(C=C1)OC)OC)(C#N)C2=CC(=C(C=C2)OC)OC,3
verapamil_hydrochloride_cid62969.png,verapamil_hydrochloride_cid62969,Verapamil Hydrochloride,62969,CC(C)C(CCCN(C)CCC1=CC(=C(C=C1)OC)OC)(C#N)C2=CC(=C(C=C2)OC)OC.Cl,3
vericiguat_cid54674461.png,vericiguat_cid54674461,Vericiguat,54674461,COC(=O)NC1=C(N=C(N=C1N)C2=NN(C3=C2C=C(C=N3)F)CC4=CC=CC=C4F)N,3
verinurad_cid54767229.png,verinurad_cid54767229,Verinurad,54767229,CC(C)(C(=O)O)SC1=C(C=NC=C1)C2=CC=C(C3=CC=CC=C32)C#N,3
vernakalant_hydrochloride_cid9930048.png,vernakalant_hydrochloride_cid9930048,Vernakalant Hydrochloride,9930048,COC1=C(C=C(C=C1)CCO[C@@H]2CCCC[C@H]2N3CC[C@H](C3)O)OC.Cl,3
vesatolimod_cid46241268.png,vesatolimod_cid46241268,Vesatolimod,46241268,CCCCOC1=NC(=C2C(=N1)N(CC(=O)N2)CC3=CC=CC(=C3)CN4CCCC4)N,3
vidofludimus_cid9820008.png,vidofludimus_cid9820008,Vidofludimus,9820008,COC1=CC=CC(=C1)C2=CC(=C(C=C2)NC(=O)C3=C(CCC3)C(=O)O)F,3
vigabatrin_cid5665.png,vigabatrin_cid5665,Vigabatrin,5665,C=CC(CCC(=O)O)N,3
vilanterol_cid10184665.png,vilanterol_cid10184665,Vilanterol,10184665,C1=CC(=C(C(=C1)Cl)COCCOCCCCCCNC[C@@H](C2=CC(=C(C=C2)O)CO)O)Cl,3
vilazodone_cid6918314.png,vilazodone_cid6918314,Vilazodone,6918314,C1CN(CCN1CCCCC2=CNC3=C2C=C(C=C3)C#N)C4=CC5=C(C=C4)OC(=C5)C(=O)N,3
vildagliptin_cid6918537.png,vildagliptin_cid6918537,Vildagliptin,6918537,C1C[C@H](N(C1)C(=O)CNC23CC4CC(C2)CC(C4)(C3)O)C#N,3
vinblastine_cid13342.png,vinblastine_cid13342,Vinblastine,13342,CC[C@@]1(C[C@H]2C[C@@](C3=C(CCN(C2)C1)C4=CC=CC=C4N3)(C5=C(C=C6C(=C5)[C@]78CCN9[C@H]7[C@@](C=CC9)([C@H]([C@@]([C@@H]8N6C)(C(=O)OC)O)OC(=O)C)CC)OC)C(=O)OC)O,3
vincristine_cid5978.png,vincristine_cid5978,Vincristine,5978,CC[C@@]1(C[C@@H]2C[C@@](C3=C(CCN(C2)C1)C4=CC=CC=C4N3)(C5=C(C=C6C(=C5)[C@]78CCN9[C@H]7[C@@](C=CC9)([C@H]([C@@]([C@@H]8N6C=O)(C(=O)OC)O)OC(=O)C)CC)OC)C(=O)OC)O,3
vindesine_cid40839.png,vindesine_cid40839,Vindesine,40839,CC[C@@]1(C[C@@H]2C[C@@](C3=C(CCN(C2)C1)C4=CC=CC=C4N3)(C5=C(C=C6C(=C5)[C@]78CCN9[C@H]7[C@@](C=CC9)([C@H]([C@@]([C@@H]8N6C)(C(=O)N)O)O)CC)OC)C(=O)OC)O,3
vinorelbine_cid5311497.png,vinorelbine_cid5311497,Vinorelbine,5311497,CCC1=C[C@H]2C[C@@](C3=C(CN(C2)C1)C4=CC=CC=C4N3)(C5=C(C=C6C(=C5)[C@]78CCN9[C@H]7[C@@](C=CC9)([C@H]([C@@]([C@@H]8N6C)(C(=O)OC)O)OC(=O)C)CC)OC)C(=O)OC,3
viomycin_cid135398671.png,viomycin_cid135398671,Viomycin,135398671,C1[C@@H](N=C(N[C@H]1O)N)[C@H]2C(=O)NC[C@@H](C(=O)N[C@H](C(=O)N[C@H](C(=O)N/C(=C\NC(=O)N)/C(=O)N2)CO)CO)NC(=O)C[C@H](CCCN)N,3
vipivotide_tetraxetan_cid122706786.png,vipivotide_tetraxetan_cid122706786,Vipivotide tetraxetan,122706786,C1CC(CCC1CNC(=O)CN2CCN(CCN(CCN(CC2)CC(=O)O)CC(=O)O)CC(=O)O)C(=O)N[C@@H](CC3=CC4=CC=CC=C4C=C3)C(=O)NCCCC[C@@H](C(=O)O)NC(=O)N[C@@H](CCC(=O)O)C(=O)O,3
vismodegib_cid24776445.png,vismodegib_cid24776445,Vismodegib,24776445,CS(=O)(=O)C1=CC(=C(C=C1)C(=O)NC2=CC(=C(C=C2)Cl)C3=CC=CC=N3)Cl,3
vistusertib_cid25262792.png,vistusertib_cid25262792,Vistusertib,25262792,C[C@H]1COCCN1C2=NC(=NC3=C2C=CC(=N3)C4=CC(=CC=C4)C(=O)NC)N5CCOC[C@@H]5C,3
vitamin_b12_cid165339223.png,vitamin_b12_cid165339223,Vitamin B12,165339223,CC1=CC2=C(C=C1C)N(C=N2)[C@@H]3C([C@@H]([C@H](O3)CO)OP(=O)([O-])O[C@H](C)CNC(=O)CC[C@@]\4([C@H]([C@@H]5[C@]6([C@@]([C@@H](C(=N6)/C(=C\7/[C@@]([C@@H](C(=N7)/C=C\8/C([C@@H](C(=N8)/C(=C4\[N-]5)/C)CCC(=O)N)(C)C)CCC(=O)N)(C)CC(=O)N)/C)CCC(=O)N)(C)CC(=O)N)C)CC(=O)N)C)O.[C-]#N.[Co+3],3
vitamin_b6_cid104817.png,vitamin_b6_cid104817,Vitamin B6,104817,CC1=C(C(=NC=C1COP(=O)([O-])[O-])C)O,3
vitamin_d3_cid5280795.png,vitamin_d3_cid5280795,Vitamin D3,5280795,C[C@H](CCCC(C)C)[C@H]1CC[C@@H]\2[C@@]1(CCC/C2=C\C=C/3\C[C@H](CCC3=C)O)C,3
vitamin_e_cid69540411.png,vitamin_e_cid69540411,Vitamin-E,69540411,CC1=C(C2=C(CC[C@@](O2)(C)CCC[C@H](C)CCC[C@H](C)CCCC(C)C)C(=C1O)C)C.C(CC(=O)[O-])C(=O)[O-].[Ca+2],3
vk_5211_cid44137686.png,vk_5211_cid44137686,Vk-5211,44137686,C1C[C@@H](N(C1)C2=CC(=C(C=C2)C#N)C(F)(F)F)[C@H](C(F)(F)F)O,3
voclosporin_cid6918486.png,voclosporin_cid6918486,Voclosporin,6918486,CC[C@H]1C(=O)N(CC(=O)N([C@H](C(=O)N[C@H](C(=O)N([C@H](C(=O)N[C@H](C(=O)N[C@@H](C(=O)N([C@H](C(=O)N([C@H](C(=O)N([C@H](C(=O)N([C@H](C(=O)N1)[C@@H]([C@H](C)C/C=C/C=C)O)C)C(C)C)C)CC(C)C)C)CC(C)C)C)C)C)CC(C)C)C)C(C)C)CC(C)C)C)C,3
voglibose_cid444020.png,voglibose_cid444020,Voglibose,444020,C1[C@@H]([C@@H]([C@H]([C@@H]([C@]1(CO)O)O)O)O)NC(CO)CO,3
volasertib_cid10461508.png,volasertib_cid10461508,Volasertib,10461508,CC[C@@H]1C(=O)N(C2=CN=C(N=C2N1C(C)C)NC3=C(C=C(C=C3)C(=O)NC4CCC(CC4)N5CCN(CC5)CC6CC6)OC)C,3
vonoprazan_cid15981397.png,vonoprazan_cid15981397,Vonoprazan,15981397,CNCC1=CN(C(=C1)C2=CC=CC=C2F)S(=O)(=O)C3=CN=CC=C3,3
vorapaxar_sulfate_cid10077129.png,vorapaxar_sulfate_cid10077129,Vorapaxar Sulfate,10077129,CCOC(=O)N[C@@H]1CC[C@@H]2[C@@H](C1)C[C@@H]3[C@H]([C@H]2/C=C/C4=NC=C(C=C4)C5=CC(=CC=C5)F)[C@H](OC3=O)C.OS(=O)(=O)O,3
vorasidenib_cid117817422.png,vorasidenib_cid117817422,Vorasidenib,117817422,C[C@H](C(F)(F)F)NC1=NC(=NC(=N1)C2=NC(=CC=C2)Cl)N[C@H](C)C(F)(F)F,3
voriconazole_cid71616.png,voriconazole_cid71616,Voriconazole,71616,C[C@@H](C1=NC=NC=C1F)[C@](CN2C=NC=N2)(C3=C(C=C(C=C3)F)F)O,3
vorinostat_cid5311.png,vorinostat_cid5311,Vorinostat,5311,C1=CC=C(C=C1)NC(=O)CCCCCCC(=O)NO,3
vorolanib_cid59215954.png,vorolanib_cid59215954,Vorolanib,59215954,CC1=C(NC(=C1C(=O)N[C@H]2CCN(C2)C(=O)N(C)C)C)/C=C\3/C4=C(C=CC(=C4)F)NC3=O,3
vortioxetine_cid9966051.png,vortioxetine_cid9966051,Vortioxetine,9966051,CC1=CC(=C(C=C1)SC2=CC=CC=C2N3CCNCC3)C,3
voxelotor_cid71602803.png,voxelotor_cid71602803,Voxelotor,71602803,CC(C)N1C(=CC=N1)C2=C(C=CC=N2)COC3=CC=CC(=C3C=O)O,3
voxilaprevir_cid89921642.png,voxilaprevir_cid89921642,Voxilaprevir,89921642,CC[C@@H]1[C@@H]2CN([C@@H]1C(=O)N[C@@]3(C[C@H]3C(F)F)C(=O)NS(=O)(=O)C4(CC4)C)C(=O)[C@@H](NC(=O)O[C@@H]5C[C@H]5CCCCC(C6=NC7=C(C=C(C=C7)OC)N=C6O2)(F)F)C(C)(C)C,3
warfarin_cid54678486.png,warfarin_cid54678486,Warfarin,54678486,CC(=O)CC(C1=CC=CC=C1)C2=C(C3=CC=CC=C3OC2=O)O,3
warfarin_sodium_cid16204922.png,warfarin_sodium_cid16204922,Warfarin Sodium,16204922,CC(=O)CC(C1=CC=CC=C1)C2=C(C3=CC=CC=C3OC2=O)[O-].[Na+],3
xanomeline_cid60809.png,xanomeline_cid60809,Xanomeline,60809,CCCCCCOC1=NSN=C1C2=CCCN(C2)C,3
xemilofiban_cid60957.png,xemilofiban_cid60957,Xemilofiban,60957,CCOC(=O)C[C@@H](C#C)NC(=O)CCC(=O)NC1=CC=C(C=C1)C(=N)N,3
ximelagatran_cid9574101.png,ximelagatran_cid9574101,Ximelagatran,9574101,CCOC(=O)CN[C@H](C1CCCCC1)C(=O)N2CC[C@H]2C(=O)NCC3=CC=C(C=C3)/C(=N/O)/N,3
xylazine_cid5707.png,xylazine_cid5707,Xylazine,5707,CC1=C(C(=CC=C1)C)NC2=NCCCS2,3
yohimbine_cid8969.png,yohimbine_cid8969,Yohimbine,8969,COC(=O)[C@H]1[C@H](CC[C@@H]2[C@@H]1C[C@H]3C4=C(CCN3C2)C5=CC=CC=C5N4)O,3
zanamivir_cid60855.png,zanamivir_cid60855,Zanamivir,60855,CC(=O)N[C@@H]1[C@H](C=C(O[C@H]1[C@@H]([C@@H](CO)O)O)C(=O)O)N=C(N)N,3
zandelisib_cid66571003.png,zandelisib_cid66571003,Zandelisib,66571003,CC(C)(CC1=CC=CC=C1C2CCN(CC2)C)NC3=NC(=NC(=N3)N4CCOCC4)N5C6=CC=CC=C6N=C5C(F)F,3
zanubrutinib_cid135565884.png,zanubrutinib_cid135565884,Zanubrutinib,135565884,C=CC(=O)N1CCC(CC1)[C@@H]2CCNC3=C(C(=NN23)C4=CC=C(C=C4)OC5=CC=CC=C5)C(=O)N,3
zavegepant_cid53472683.png,zavegepant_cid53472683,Zavegepant,53472683,CC1=CC(=CC2=C1NN=C2)C[C@H](C(=O)N3CCN(CC3)C4CCN(CC4)C)NC(=O)N5CCC(CC5)C6=CC7=CC=CC=C7NC6=O,3
zb_716_cid126480615.png,zb_716_cid126480615,Zb-716,126480615,B(C1=CC2=C(C=C1)[C@H]3CC[C@]4([C@H]([C@@H]3[C@@H](C2)CCCCCCCCCS(=O)CCCC(C(F)(F)F)(F)F)CC[C@@H]4O)C)(O)O,3
zearalenone_cid5281576.png,zearalenone_cid5281576,Zearalenone,5281576,C[C@H]1CCCC(=O)CCC/C=C/C2=C(C(=CC(=C2)O)O)C(=O)O1,3
zeranol_cid2999413.png,zeranol_cid2999413,Zeranol,2999413,C[C@H]1CCC[C@@H](CCCCCC2=C(C(=CC(=C2)O)O)C(=O)O1)O,3
zibotentan_cid9910224.png,zibotentan_cid9910224,Zibotentan,9910224,CC1=CN=C(C(=N1)OC)NS(=O)(=O)C2=C(N=CC=C2)C3=CC=C(C=C3)C4=NN=CO4,3
zidebactam_cid77846445.png,zidebactam_cid77846445,Zidebactam,77846445,C1C[C@H](CNC1)C(=O)NNC(=O)[C@@H]2CC[C@@H]3CN2C(=O)N3OS(=O)(=O)O,3
zidovudine_cid35370.png,zidovudine_cid35370,Zidovudine,35370,CC1=CN(C(=O)NC1=O)[C@H]2C[C@@H]([C@H](O2)CO)N=[N+]=[N-],3
zifrosilone_cid60811.png,zifrosilone_cid60811,Zifrosilone,60811,C[Si](C)(C)C1=CC=CC(=C1)C(=O)C(F)(F)F,3
zileuton_cid60490.png,zileuton_cid60490,Zileuton,60490,CC(C1=CC2=CC=CC=C2S1)N(C(=O)N)O,3
zimelidine_cid5365247.png,zimelidine_cid5365247,Zimelidine,5365247,CN(C)C/C=C(/C1=CC=C(C=C1)Br)\C2=CN=CC=C2,3
zinc_acetate_cid11192.png,zinc_acetate_cid11192,Zinc Acetate,11192,CC(=O)[O-].CC(=O)[O-].[Zn+2],3
zinc_acetylacetonate_cid25022293.png,zinc_acetylacetonate_cid25022293,Zinc acetylacetonate,25022293,CC(=O)[CH-]C(=O)C.CC(=O)[CH-]C(=O)C.[Zn+2],3
zinc_chloride_cid5727.png,zinc_chloride_cid5727,Zinc Chloride,5727,Cl[Zn]Cl,3
zinc_phthalocyanine_cid114933.png,zinc_phthalocyanine_cid114933,Zinc Phthalocyanine,114933,C1=CC=C2C(=C1)C3=NC2=NC4=C5C=CC=CC5=C([N-]4)N=C6C7=CC=CC=C7C(=N6)N=C8C9=CC=CC=C9C(=N8)[N-]3.[Zn+2],3
ziprasidone_hydrochloride_cid219099.png,ziprasidone_hydrochloride_cid219099,Ziprasidone Hydrochloride,219099,C1CN(CCN1CCC2=C(C=C3C(=C2)CC(=O)N3)Cl)C4=NSC5=CC=CC=C54.Cl,3
zirconocene_dichloride_cid102092.png,zirconocene_dichloride_cid102092,"Zirconocene, dichloride",102092,[CH-]1C=CC=C1.[CH-]1C=CC=C1.Cl[Zr+2]Cl,3
zofenopril_cid92400.png,zofenopril_cid92400,Zofenopril,92400,C[C@H](CSC(=O)C1=CC=CC=C1)C(=O)N2C[C@H](C[C@H]2C(=O)O)SC3=CC=CC=C3,3
zoldonrasib_cid168201327.png,zoldonrasib_cid168201327,Zoldonrasib,168201327,C[C@@H](C1=C(C=C(C=N1)N2CCN(CC2)C3CC3)C4=C5CC(COC(=O)[C@@H]6CCCN(N6)C(=O)[C@H](C[C@H]7CN(CCO7)C8=CC5=C(N4CC(F)(F)F)C=C8)NC(=O)[C@H](C9CCCC9)N1CC[C@@]2(C1)CCN(C2)C(=O)[C@H]1[C@H](N1C)C1CC1)(C)C)OC,3
zoledronic_acid_cid68740.png,zoledronic_acid_cid68740,Zoledronic Acid,68740,C1=CN(C=N1)CC(O)(P(=O)(O)O)P(=O)(O)O,3
zolmitriptan_cid60857.png,zolmitriptan_cid60857,Zolmitriptan,60857,CN(C)CCC1=CNC2=C1C=C(C=C2)C[C@H]3COC(=O)N3,3
zolpidem_cid5732.png,zolpidem_cid5732,Zolpidem,5732,CC1=CC=C(C=C1)C2=C(N3C=C(C=CC3=N2)C)CC(=O)N(C)C,3
zonisamide_cid5734.png,zonisamide_cid5734,Zonisamide,5734,C1=CC=C2C(=C1)C(=NO2)CS(=O)(=O)N,3
zopiclone_cid5735.png,zopiclone_cid5735,Zopiclone,5735,CN1CCN(CC1)C(=O)OC2C3=NC=CN=C3C(=O)N2C4=NC=C(C=C4)Cl,3
zosurabalpin_cid148636827.png,zosurabalpin_cid148636827,Zosurabalpin,148636827,CN1[C@H](C(=O)NCC2=C(C=CC=C2SC3=C(CN[C@H](C(=O)N[C@H](C1=O)CCCCN)CCCN)C=CC=N3)C4=CC=C(C=C4)C(=O)O)CC5=CNC6=CC=CC=C65,3
zotarolimus_cid9876378.png,zotarolimus_cid9876378,Zotarolimus,9876378,C[C@@H]1CC[C@H]2C[C@@H](/C(=C/C=C/C=C/[C@H](C[C@H](C(=O)[C@@H]([C@@H](/C(=C/[C@H](C(=O)C[C@H](OC(=O)[C@@H]3CCCCN3C(=O)C(=O)[C@@]1(O2)O)[C@H](C)C[C@@H]4CC[C@@H]([C@@H](C4)OC)N5C=NN=N5)C)/C)O)OC)C)C)/C)OC,3
zotiraciclib_cid16739650.png,zotiraciclib_cid16739650,Zotiraciclib,16739650,CN1C/C=C/CCOC2=CC=CC(=C2)C3=NC(=NC=C3)NC4=CC=CC(=C4)C1,3
zuclopenthixol_cid5311507.png,zuclopenthixol_cid5311507,Zuclopenthixol,5311507,C1CN(CCN1CC/C=C\2/C3=CC=CC=C3SC4=C2C=C(C=C4)Cl)CCO,3
zunsemetinib_cid86291496.png,zunsemetinib_cid86291496,Zunsemetinib,86291496,CC1=CC(=C(C(=O)N1C2=CC(=NC=C2C)C3=NC(=NC=C3)C(C)(C)O)Cl)OCC4=C(C=C(C=N4)F)F,3
zuranolone_cid86294073.png,zuranolone_cid86294073,Zuranolone,86294073,C[C@]1(CC[C@H]2[C@@H](C1)CC[C@@H]3[C@@H]2CC[C@]4([C@H]3CC[C@@H]4C(=O)CN5C=C(C=N5)C#N)C)O,3
