group,figure,segment,file_name,tier,tier_by_threshold,confidence,verdict,matched_name,closest_name,closest_tanimoto,pred_heavy,closest_heavy,grade,grade_largest,graded_match,decoded,dephantom,dedup,largest,best_tanimoto,skeleton_match,formula_match,elem_delta,n_fragments,phantom_frags,duplicate_frags,dropped_by_largest,smiles
15_crown_5_cid36336,,,15_crown_5_cid36336.png,high,high,0.8744933991638285,exact,15-Crown-5,15-Crown-5,1.0,15,15,exact,exact,15-Crown-5,False,False,False,False,1.0,True,True,0,1,,,,C1COCCOCCOCCOCCO1
18_crown_6_cid28557,,,18_crown_6_cid28557.png,low,low,0.8313523725052034,exact,18-Crown-6,18-Crown-6,1.0,18,18,exact,exact,18-Crown-6,False,False,False,False,1.0,True,True,0,1,,,,C1COCCOCCOCCOCCOCCO1
1_butyl_3_methylimidazolium_chloride_cid2734161,,,1_butyl_3_methylimidazolium_chloride_cid2734161.png,high,high,0.8877516410861898,exact,1-Butyl-3-methylimidazolium chloride,1-Butyl-3-methylimidazolium chloride,1.0,11,11,exact,exact,1-Butyl-3-methylimidazolium chloride,False,False,False,False,1.0,True,True,0,2,,,,CCCCn1cc[n+](C)c1.[Cl-]
1_methyl_4_prop_1_en_2_ylcyclohexene_cid22311,,,1_methyl_4_prop_1_en_2_ylcyclohexene_cid22311.png,high,high,0.8835913740309785,exact,1-Methyl-4-Prop-1-En-2-Ylcyclohexene,1-Methyl-4-Prop-1-En-2-Ylcyclohexene,1.0,10,10,exact,exact,1-Methyl-4-Prop-1-En-2-Ylcyclohexene,False,False,False,False,1.0,True,True,0,1,,,,[H]C1(C(=C)C)CC=C(C)CC1
1h_pyrrole_1_carboxamide_3_ethyl_2_5_dihydro_4_methyl_n_2_4__cid3476,,,1h_pyrrole_1_carboxamide_3_ethyl_2_5_dihydro_4_methyl_n_2_4__cid3476.png,high,high,0.9012025120099192,exact,"1H-Pyrrole-1-carboxamide, 3-ethyl-2,5-dihydro-4-methyl-N-2-4-(trans-4-methylcyclohexyl)aminocarbonylaminosulfonylphenylethyl-2-oxo-","1H-Pyrrole-1-carboxamide, 3-ethyl-2,5-dihydro-4-methyl-N-2-4-(trans-4-methylcyclohexyl)aminocarbonylaminosulfonylphenylethyl-2-oxo-",1.0,34,34,exact,exact,"1H-Pyrrole-1-carboxamide, 3-ethyl-2,5-dihydro-4-methyl-N-2-4-(trans-4-methylcyclohexyl)aminocarbonylaminosulfonylphenylethyl-2-oxo-",False,False,False,False,1.0,True,True,0,1,,,,CCC1=C(C)CN(C(=O)NCCc2ccc(S(=O)(=O)NC(=O)NC3CCC(C)CC3)cc2)C1=O
5_adp_cid6022,,,5_adp_cid6022.png,high,high,0.8736704727265904,wrong,,5'-Adp,1.0,27,27,exact,exact,5'-Adp,False,True,False,False,1.0,False,False,5,6,[H].[H].[H].[H].[H],,,"[H].[H].[H].[H].[H].[H]OP(=O)(O)OP(=O)(O)OC[C@H]1O[C@@H](n2cnc3c(N)ncnc32)[C@H](O)[C@@H]1O |^1:0,1,2,3,4|"
5_aminosalicylic_acid_cid4075,,,5_aminosalicylic_acid_cid4075.png,high,high,0.8649825586601245,exact,5-Aminosalicylic Acid,5-Aminosalicylic Acid,1.0,11,11,exact,exact,5-Aminosalicylic Acid,False,False,False,False,1.0,True,True,0,1,,,,[H]OC(=O)c1cc(N([H])[H])ccc1O
5_atp_cid5957,,,5_atp_cid5957.png,high,high,0.855763168621072,wrong,,5'-Atp,0.981,31,31,exact,exact,5'-Atp,False,True,False,False,1.0,False,False,7,7,[HH].[H].[H].[H].[H].[H],,,"Nc1ncnc2c1ncn2[C@@H]1O[C@H](COP(=O)(O)OP(=O)(O)OP(=O)(O)O)[C@@H](O)[C@H]1O.[HH].[H].[H].[H].[H].[H] |^1:32,33,34,35,36|"
5_fluorouracil_cid3385,,,5_fluorouracil_cid3385.png,low,low,0.8336530097733476,exact,5-Fluorouracil,5-Fluorouracil,1.0,9,9,exact,exact,5-Fluorouracil,False,False,False,False,1.0,True,True,0,1,,,,[H]n1cc(F)c(=O)n([H])c1=O
6_mercaptopurine_cid667490,,,6_mercaptopurine_cid667490.png,high,high,0.8518612708730174,exact,6-Mercaptopurine,6-Mercaptopurine,1.0,10,10,exact,exact,6-Mercaptopurine,False,False,False,False,1.0,True,True,0,1,,,,[H]n1cnc(=S)c2c1ncn2[H]
abemaciclib_cid46220502,,,abemaciclib_cid46220502.png,high,high,0.9018550353802409,exact,Abemaciclib,Abemaciclib,1.0,37,37,exact,exact,Abemaciclib,False,False,False,False,1.0,True,True,0,1,,,,CCN1CCN(Cc2ccc(Nc3ncc(F)c(-c4cc(F)c5nc(C)n(C(C)C)c5c4)n3)nc2)CC1
acalabrutinib_cid71226662,,,acalabrutinib_cid71226662.png,high,high,0.8817277176188718,wrong,,Acalabrutinib,0.763,35,35,wrong,wrong,,False,False,False,False,0.763,False,False,2,1,,,,[H][C@@]1(c2nc(-c3ccc(C(=O)Nc4ccccn4)cc3)c3c(N)nccn23)CCCN1C(=O)/C=C/C
acetaminophen_cid1983,,,acetaminophen_cid1983.png,high,high,0.8671822619862024,wrong,,Acetaminophen,0.952,11,11,exact,exact,Acetaminophen,False,True,False,False,1.0,False,False,2,2,[HH],,,CC(=O)Nc1ccc(O)cc1.[HH]
acetic_acid_cid176,,,acetic_acid_cid176.png,low,low,0.821608040188709,exact,Acetic Acid,Acetic Acid,1.0,4,4,exact,exact,Acetic Acid,False,False,False,False,1.0,True,True,0,1,,,,[H]OC(C)=O
acetone_d6_cid522220,,,acetone_d6_cid522220.png,low,low,0.8045094684216122,exact,Acetone-D6,Acetone-D6,1.0,4,4,exact,exact,Acetone-D6,False,False,False,False,1.0,True,True,0,1,,,,[2H]C([2H])([2H])C(=O)C([2H])([2H])[2H]
acetylglucosamine_cid1738118,,,acetylglucosamine_cid1738118.png,high,high,0.8633918657231093,exact,Acetylglucosamine,Acetylglucosamine,1.0,15,15,exact,exact,Acetylglucosamine,False,False,False,False,1.0,True,True,0,1,,,,[H]OC[C@@H](O)[C@@H](O[H])[C@H](O)[C@H](C([H])=O)N([H])C(C)=O
aclidinium_cid11434515,,,aclidinium_cid11434515.png,low,low,0.07383874831475484,invalid,,,,,,invalid,invalid,,False,False,False,False,,False,,,,,,,O=C(OC1CC23CCN24(CCCOC2=CC=CC=C2)CCC1C3C4)C(O)(C1=CC=CS1)C1=CC=CS1
adenosine_monophosphate_cid6083,,,adenosine_monophosphate_cid6083.png,high,high,0.8786038858055862,wrong,,Adenosine Monophosphate,1.0,23,23,exact,exact,Adenosine Monophosphate,False,True,False,False,1.0,False,False,4,5,[H].[H].[H].[H],,,"Nc1ncnc2c1ncn2[C@@H]1O[C@H](COP(=O)(O)O)[C@@H](O)[C@H]1O.[H].[H].[H].[H] |^1:23,24,25,26|"
aldosterone_cid5839,,,aldosterone_cid5839.png,high,high,0.8662036191935316,exact,Aldosterone,Aldosterone,1.0,26,26,exact,exact,Aldosterone,False,False,False,False,1.0,True,True,0,1,,,,[H]O[C@H]1C[C@]2(C([H])=O)[C@@H](C(=O)CO)CC[C@@]2([H])[C@]2([H])CCC3=CC(=O)CC[C@]3(C)[C@@]12[H]
allicin_cid65036,,,allicin_cid65036.png,low,low,0.8112573259779006,exact,Allicin,Allicin,1.0,9,9,exact,exact,Allicin,False,False,False,False,1.0,True,True,0,1,,,,C=CCSS(=O)CC=C
alpha_cyclodextrin_cid444913,,,alpha_cyclodextrin_cid444913.png,low,low,0.009463011840521318,invalid,,,,,,invalid,invalid,,False,False,False,False,,False,,,,,,,[H]OCC1OC2([H])OC([H])C(CO)OC3([H])[CH]C(O)C([H])O[CH]4(O[H])C(O)C([H])(O3)C(CO)OC4([H])OC3([H])C(CO)OC([H])(OC4([H])C(CO)OC([H])(OC5([H])C(CO)OC([H])(OC1([H])C(O[H])C2O[H])C(O)C5O)C(O)C4O)C(O)C3O
alpha_tocopherol_cid14985,,,alpha_tocopherol_cid14985.png,high,high,0.9006566742164446,exact,alpha-Tocopherol,alpha-Tocopherol,1.0,31,31,exact,exact,alpha-Tocopherol,False,False,False,False,1.0,True,True,0,1,,,,Cc1c(C)c2c(c(C)c1O)CC[C@@](C)(CCC[C@H](C)CCC[C@H](C)CCCC(C)C)O2
alprazolam_cid2118,,,alprazolam_cid2118.png,high,high,0.8868132285762246,exact,Alprazolam,Alprazolam,1.0,22,22,exact,exact,Alprazolam,False,False,False,False,1.0,True,True,0,1,,,,Cc1nnc2n1-c1ccc(Cl)cc1C(c1ccccc1)=NC2
alvelestat_cid46861623,,,alvelestat_cid46861623.png,high,high,0.902712783182673,exact,Alvelestat,Alvelestat,1.0,38,38,exact,exact,Alvelestat,False,False,False,False,1.0,True,True,0,1,,,,Cc1c(-c2ccnn2C)cc(C(=O)NCc2ccc(S(C)(=O)=O)cn2)c(=O)n1-c1cccc(C(F)(F)F)c1
amantadine_cid2130,,,amantadine_cid2130.png,low,low,0.7912957924721659,exact,Amantadine,Amantadine,1.0,11,11,exact,exact,Amantadine,False,False,False,False,1.0,True,True,0,1,,,,[H]NC12CC3CC(CC(C3)C1)C2
amiodarone_cid2157,,,amiodarone_cid2157.png,high,high,0.8920139387423826,exact,Amiodarone,Amiodarone,1.0,31,31,exact,exact,Amiodarone,False,False,False,False,1.0,True,True,0,1,,,,CCCCc1oc2ccccc2c1C(=O)c1cc(I)c(OCCN(CC)CC)c(I)c1
amitriptyline_cid2160,,,amitriptyline_cid2160.png,high,high,0.8542392108139627,exact,Amitriptyline,Amitriptyline,1.0,21,21,exact,exact,Amitriptyline,False,False,False,False,1.0,True,True,0,1,,,,CN(C)CCC=C1c2ccccc2CCc2ccccc21
amlodipine_cid2162,,,amlodipine_cid2162.png,high,high,0.8883895413377295,exact,Amlodipine,Amlodipine,1.0,28,28,exact,exact,Amlodipine,False,False,False,False,1.0,True,True,0,1,,,,[H]NCCOCC1=C(C(=O)OCC)C(c2ccccc2Cl)C(C(=O)OC)=C(C)N1
ammonium_sulfate_cid6097028,,,ammonium_sulfate_cid6097028.png,low,low,0.7640860166585881,invalid,,,,,,invalid,invalid,,False,False,False,False,,False,,,,,,,O=S(=O)([O-])O.[H]N([H])([H])[H].[H][N+]([H])([H])[H]
amoxicillin_cid33613,,,amoxicillin_cid33613.png,high,high,0.8605024836309386,wrong,,Amoxicillin,0.979,25,25,exact,exact,Amoxicillin,False,True,False,False,1.0,False,False,2,3,[H].[H],,,"[H].[H].[H][C@]12SC(C)(C)[C@H](C(=O)O)N1C(=O)[C@H]2NC(=O)[C@H](N)c1ccc(O)cc1 |^1:0,1|"
amphotericin_b_cid5280965,,,amphotericin_b_cid5280965.png,low,low,0.007082007364751433,invalid,,,,,,invalid,invalid,,False,False,False,False,,False,,,,,,,[H]NC1C(O)C(C)OC(OC2CC([H])(O)OC(O)CC(O)CC(O)C(O)CCC(O)CC(O)CC(=O)OC(C)C3CC4([H])=C[CH](C)(C=4=C([H])C=C([H])C=C([H])C=C([H])C=C([H])C([H])=C([H])C=C2[H])C3O)C1O
ampicillin_cid6249,,,ampicillin_cid6249.png,high,high,0.8836798898683558,exact,Ampicillin,Ampicillin,1.0,24,24,exact,exact,Ampicillin,False,False,False,False,1.0,True,True,0,1,,,,[H]OC(=O)[C@@H]1N2C(=O)[C@@H](N([H])C(=O)[C@H](N)c3ccccc3)[C@@]2([H])SC1(C)C
anastrozole_cid2187,,,anastrozole_cid2187.png,high,high,0.8890024201118227,exact,Anastrozole,Anastrozole,1.0,22,22,exact,exact,Anastrozole,False,False,False,False,1.0,True,True,0,1,,,,CC(C)(C#N)c1cc(Cn2cncn2)cc(C(C)(C)C#N)c1
androstenedione_cid6128,,,androstenedione_cid6128.png,low,low,0.8407855400229141,exact,Androstenedione,Androstenedione,1.0,21,21,exact,exact,Androstenedione,False,False,False,False,1.0,True,True,0,1,,,,[H][C@@]12CCC3=CC(=O)CC[C@]3(C)[C@@]1([H])CC[C@]1(C)C(=O)CC[C@@]21[H]
angiotensin_ii_cid172198,,,angiotensin_ii_cid172198.png,low,low,0.4372361199083432,stereo,Angiotensin Ii,Angiotensin Ii,1.0,75,75,stereo,stereo,Angiotensin Ii,False,False,False,False,1.0,True,True,0,1,,,,[H]N/C(N)=N/CCCC(NC(=O)[C@H](CC(=O)O)N[H])C(=O)N[C@@H](C(=O)N[C@H](Cc1ccc(O)cc1)C(=O)N[C@H](C(=O)N[C@@H](Cc1cnc[nH]1)C(=O)N1CCC[C@H]1C(=O)N[C@@H](Cc1ccccc1)C(=O)O)[C@@H](C)CC)C(C)C
aniline_cid6115,,,aniline_cid6115.png,low,low,0.8257587977727917,exact,Aniline,Aniline,1.0,7,7,exact,exact,Aniline,False,False,False,False,1.0,True,True,0,1,,,,[H]N([H])c1ccccc1
ansamitocins_cid131750198,,,ansamitocins_cid131750198.png,low,low,4.423371581371165e-37,invalid,,,,,,invalid,invalid,,False,False,False,False,,False,,,,,,,C.CCC(=O)CCO[CH]1(O)[CH]C1O.CCC=C(Cl)C[CH]N(C)CC.[H]C1=CC23([H])=C4([H])C([H])=C=2([H])C4256=C4789%10%11C%12=C(OC)C%13%14%15%16%17%18%19%20%21(Cl)=C%22%23%24%25%26=C=%13%27%28%29%30%31%32%33%34%35%36%37(Cl)=CC=24%13%38%39%40%41=C([H])(C=C13[H])C1C([H])(O)C(OCC2C34%42CC2(C)(C3)(C4)C%42)CC(=O)(=O)N23C%274%42%43%44C%27%45%46%47%48%49(Cl)=C=%28%50%51%52%53%54C%29(OC)=C%27%28%29%55%56%57(Cl)=C=%1424%45%30%27%58%59%60%61%62=C=%31%1524%14%30=C=%16%42%46%32%15%31%45%63=C=%3332%47%28%27%16%32%42C=%171%434%15%58%34C=%22%44%50%14%29%31%16%18%591234%15%17ClC%23%51%55%19(=C71%14%16%18C58%13=C=%3892C%126%14%10%3912=C=%3535=C=%20%16%24%5243ClC=%30=%215%25%53%56%45%32%60%36(Cl)(C%48%61%37)C=1=%40%113%15C%18%26%54%57%63%42%62(Cl)=C%492%41)Cl%17
anthracene_cid8418,,,anthracene_cid8418.png,high,high,0.8536178777783127,exact,Anthracene,Anthracene,1.0,14,14,exact,exact,Anthracene,False,False,False,False,1.0,True,True,0,1,,,,c1ccc2cc3ccccc3cc2c1
apixaban_cid10182969,,,apixaban_cid10182969.png,high,high,0.8862355246585254,wrong,,Apixaban,0.962,34,34,exact,exact,Apixaban,False,True,False,False,1.0,False,False,3,3,[HH].[H],,,COc1ccc(-n2nc(C(N)=O)c3c2C(=O)N(c2ccc(N4CCCCC4=O)cc2)CC3)cc1.[HH].[H] |^1:35|
arachidonic_acid_cid444899,,,arachidonic_acid_cid444899.png,high,high,0.9038607567802777,exact,Arachidonic Acid,Arachidonic Acid,1.0,22,22,exact,exact,Arachidonic Acid,False,False,False,False,1.0,True,True,0,1,,,,[H]/C(CCCCC)=C(\[H])C/C([H])=C(/[H])C/C([H])=C(/[H])C/C([H])=C(/[H])CCCC(=O)O
aripiprazole_cid60795,,,aripiprazole_cid60795.png,high,high,0.9001623691032635,exact,Aripiprazole,Aripiprazole,1.0,30,30,exact,exact,Aripiprazole,False,False,False,False,1.0,True,True,0,1,,,,O=C1CCc2ccc(OCCCCN3CCN(c4cccc(Cl)c4Cl)CC3)cc2N1
articaine_cid32170,,,articaine_cid32170.png,high,high,0.905247479580047,wrong,,Articaine,0.519,19,19,wrong,wrong,,False,False,False,False,0.519,False,False,0,1,,,,CCCNC(C)C(=O)NC1=C(C(=O)OC)[S-]C=C1C |^1:15|
asparagine_cid6267,,,asparagine_cid6267.png,high,high,0.886868456961181,exact,(-)-Asparagine,(-)-Asparagine,1.0,9,9,exact,exact,(-)-Asparagine,False,False,False,False,1.0,True,True,0,1,,,,[H]NC(=O)C[C@H](N[H])C(=O)O[H]
aspidospermidine_3_carboxylic_acid_4_acetyloxy_6_7_didehydro_cid10629256,,,aspidospermidine_3_carboxylic_acid_4_acetyloxy_6_7_didehydro_cid10629256.png,low,low,0.2337466673203938,exact,"Aspidospermidine-3-carboxylic acid, 4-(acetyloxy)-6,7-didehydro-15-((2R,4R,6S,8S)-4-(1,1-difluoroethyl)-1,3,4,5,6,7,8,9-octahydro-8-(methoxycarbonyl)-2,6-methano-2H-azecino(4,3-b)indol-8-yl)-3-hydroxy-16-methoxy-1-methyl-, methyl ester, (2beta,3beta,4beta,5alpha,12R,19alpha)-","Aspidospermidine-3-carboxylic acid, 4-(acetyloxy)-6,7-didehydro-15-((2R,4R,6S,8S)-4-(1,1-difluoroethyl)-1,3,4,5,6,7,8,9-octahydro-8-(methoxycarbonyl)-2,6-methano-2H-azecino(4,3-b)indol-8-yl)-3-hydroxy-16-methoxy-1-methyl-, methyl ester, (2beta,3beta,4beta,5alpha,12R,19alpha)-",1.0,59,59,exact,exact,"Aspidospermidine-3-carboxylic acid, 4-(acetyloxy)-6,7-didehydro-15-((2R,4R,6S,8S)-4-(1,1-difluoroethyl)-1,3,4,5,6,7,8,9-octahydro-8-(methoxycarbonyl)-2,6-methano-2H-azecino(4,3-b)indol-8-yl)-3-hydroxy-16-methoxy-1-methyl-, methyl ester, (2beta,3beta,4beta,5alpha,12R,19alpha)-",False,False,False,False,1.0,True,True,0,1,,,,[H][C@]12C[C@@H](C(C)(F)F)CN(Cc3c([nH]c4ccccc34)[C@@](C(=O)OC)(c3cc4c(cc3OC)N(C)[C@]3([H])[C@]45CCN4CC=C[C@@](CC)([C@@H](OC(C)=O)[C@]3(O)C(=O)OC)[C@]45[H])C1)C2
aspirin_cid2244,,,aspirin_cid2244.png,high,high,0.8850884207906824,exact,Aspirin,Aspirin,1.0,13,13,exact,exact,Aspirin,False,False,False,False,1.0,True,True,0,1,,,,[H]OC(=O)c1ccccc1OC(C)=O
atazanavir_cid148192,,,atazanavir_cid148192.png,low,low,0.7158293375846496,stereo,Atazanavir,Atazanavir,1.0,51,51,stereo,stereo,Atazanavir,False,False,False,False,1.0,True,True,0,1,,,,COC(=O)N[C@H](C(=O)NN(Cc1ccc(-c2ccccn2)cc1)C[C@H](O)[C@H](Cc1ccccc1)NC(=O)[C@H](NC(=O)OC)C(C)(C)C)C(C)(C)C
atenolol_cid2249,,,atenolol_cid2249.png,high,high,0.8657032792417418,wrong,,Atenolol,0.974,19,19,exact,exact,Atenolol,False,True,False,False,1.0,False,False,3,4,[H].[H].[H],,,"[H].[H].[H].[H]OC([H])(CNC(C)C)COc1ccc(CC(N)=O)cc1 |^1:0,1,2|"
atorvastatin_cid60823,,,atorvastatin_cid60823.png,high,high,0.8833556958154735,wrong,,Atorvastatin,0.983,41,41,exact,exact,Atorvastatin,False,True,False,False,1.0,False,False,4,3,[HH].[HH],,,CC(C)c1c(C(=O)Nc2ccccc2)c(-c2ccccc2)c(-c2ccc(F)cc2)n1CC[C@@H](O)C[C@@H](O)CC(=O)O.[HH].[HH]
atrazine_cid2256,,,atrazine_cid2256.png,high,high,0.8811439166059736,exact,Atrazine,Atrazine,1.0,14,14,exact,exact,Atrazine,False,False,False,False,1.0,True,True,0,1,,,,[H]N(CC)c1nc(Cl)nc(NC(C)C)n1
auranofin_cid16667669,,,auranofin_cid16667669.png,low,low,0.5220692244841498,stereo,Auranofin,Auranofin,1.0,32,32,stereo,stereo,Auranofin,False,False,False,False,1.0,True,True,0,3,,,,CC(=O)OC[C@H]1O[C@H]([S-])[C@H](OC(C)=O)[C@@H](OC(C)=O)[C@@H]1OC(C)=O.CCP(CC)CC.[Au+]
avermectin_b1a_cid6434889,,,avermectin_b1a_cid6434889.png,low,low,0.1683625165297618,wrong,,avermectin B1a,0.667,61,62,wrong,wrong,,False,False,False,False,0.667,False,False,3,1,,,,"[H][C]1C[C@]2(C=C[C@H](C)[C@@]([H])([CH]CC)O2)O[C@]([H])(C)C/C([H])=C(\C)[C@H](O[C@H]2C[C@H](OC)[C@@H](O[C@@H]3C[C@H](OC)[C@H](O)[C@H](C)O3)[C@H](C)O2)[C@@H](C)/C=C([H])/C([H])=C2\CO[C@@]3([H])[C@H](O)C(C)=C[C@]([H])(C(=O)O1)[C@]23O |^1:1,10|"
azane_dichloroplatinum_cid5702198,,,azane_dichloroplatinum_cid5702198.png,high,high,0.8874552911180098,exact,azane;dichloroplatinum,azane;dichloroplatinum,1.0,5,5,exact,exact,azane;dichloroplatinum,False,False,False,False,1.0,True,True,0,3,,N,,[Cl][Pt][Cl].[H]N([H])[H].[H]N([H])[H]
azathioprine_cid2265,,,azathioprine_cid2265.png,high,high,0.9046383401323277,exact,Azathioprine,Azathioprine,1.0,19,19,exact,exact,Azathioprine,False,False,False,False,1.0,True,True,0,1,,,,Cn1cnc([N+](=O)[O-])c1Sc1ncnc2nc[nH]c12
azd_1390_cid126689157,,,azd_1390_cid126689157.png,high,high,0.8973593708062519,exact,Azd-1390,Azd-1390,1.0,35,35,exact,exact,Azd-1390,False,False,False,False,1.0,True,True,0,1,,,,CC(C)n1c(=O)n(C)c2cnc3cc(F)c(-c4ccc(OCCCN5CCCCC5)nc4)cc3c21
azilsartan_cid135415867,,,azilsartan_cid135415867.png,high,high,0.8963587377644275,exact,Azilsartan,Azilsartan,1.0,34,34,exact,exact,Azilsartan,False,False,False,False,1.0,True,True,0,1,,,,[H]OC(=O)c1cccc2nc(OCC)n(Cc3ccc(-c4ccccc4-c4noc(=O)n4[H])cc3)c12
azithromycin_cid447043,,,azithromycin_cid447043.png,low,low,0.8350071690387634,wrong,,Azithromycin,1.0,52,52,exact,exact,Azithromycin,False,True,False,False,1.0,False,False,4,5,[H].[H].[H].[H],,,"CC[C@H]1OC(=O)[C@H](C)[C@@H](O[C@H]2C[C@@](C)(OC)[C@@H](O)[C@H](C)O2)[C@H](C)[C@@H](O[C@@H]2O[C@H](C)C[C@H](N(C)C)[C@H]2O)[C@](C)(O)C[C@@H](C)CN(C)[C@H](C)[C@@H](O)[C@]1(C)O.[H].[H].[H].[H] |^1:52,53,54,55|"
bacitracin_cid10909430,,,bacitracin_cid10909430.png,low,low,0.1859424894946808,wrong,,Bacitracin,0.967,100,100,near,near,,False,False,False,False,0.967,False,False,3,1,,,,CC[C@H](C)C1NC(=O)[C@@H](CCCN)NC(=O)[C@@H](NC(=O)[C@H](NC(=O)[C@H](CCC(=O)O)NC(=O)C(CC(C)C)NC(=O)[C@@H]2CSC([C@@H](N)[C@@H](C)CC)=N2)[C@@H](C)CC)CCCCNC(=O)C(CC(=O)O)NC(=O)[C@@H](CC(=O)O)NC(=O)[C@H](Cc2cnc[nH]2)NC(=O)[C@@H](Cc2ccccc2)NC1=O
baclofen_cid2284,,,baclofen_cid2284.png,low,low,0.8096387034721997,wrong,,Baclofen,0.931,14,14,exact,exact,Baclofen,False,True,False,False,1.0,False,False,3,3,[HH].[H],,,[HH].[H].[H]NCC(CC(=O)O)c1ccc(Cl)cc1 |^1:1|
beclomethasone_cid20469,,,beclomethasone_cid20469.png,low,low,0.8017256418600729,exact,Beclomethasone,Beclomethasone,1.0,28,28,exact,exact,Beclomethasone,False,False,False,False,1.0,True,True,0,1,,,,[H]O[C@H]1C[C@@]2(C)[C@@]([H])(C[C@H](C)[C@]2(O)C(=O)CO)[C@]2([H])CCC3=CC(=O)C=C[C@]3(C)[C@@]12Cl
bedaquiline_cid5388906,,,bedaquiline_cid5388906.png,high,high,0.9058578094129389,exact,Bedaquiline,Bedaquiline,1.0,37,37,exact,exact,Bedaquiline,False,False,False,False,1.0,True,True,0,1,,,,[H]O[C@](CCN(C)C)(c1cccc2ccccc12)[C@H](c1ccccc1)c1cc2cc(Br)ccc2nc1OC
benzene_cid241,,,benzene_cid241.png,high,high,0.8631495544925772,exact,Benzene,Benzene,1.0,6,6,exact,exact,Benzene,False,False,False,False,1.0,True,True,0,1,,,,c1ccccc1
benzene_d6_cid71601,,,benzene_d6_cid71601.png,high,high,0.8590541817516564,exact,Benzene-D6,Benzene-D6,1.0,6,6,exact,exact,Benzene-D6,False,False,False,False,1.0,True,True,0,1,,,,[2H]c1c([2H])c([2H])c([2H])c([2H])c1[2H]
benzo_a_pyrene_cid2336,,,benzo_a_pyrene_cid2336.png,low,low,0.8389862069715414,exact,Benzo[a]pyrene,Benzo[a]pyrene,1.0,20,20,exact,exact,Benzo[a]pyrene,False,False,False,False,1.0,True,True,0,1,,,,c1ccc2c(c1)cc1ccc3cccc4ccc2c1c34
benzocaine_cid2337,,,benzocaine_cid2337.png,high,high,0.8981273367838861,exact,Benzocaine,Benzocaine,1.0,12,12,exact,exact,Benzocaine,False,False,False,False,1.0,True,True,0,1,,,,[H]Nc1ccc(C(=O)OCC)cc1
benzoic_acid_cid243,,,benzoic_acid_cid243.png,high,high,0.8649057062856956,exact,Benzoic Acid,Benzoic Acid,1.0,9,9,exact,exact,Benzoic Acid,False,False,False,False,1.0,True,True,0,1,,,,O=C(O)c1ccccc1
beta_cyclodextrin_cid444041,,,beta_cyclodextrin_cid444041.png,low,low,0.009531467654238663,invalid,,,,,,invalid,invalid,,False,False,False,False,,False,,,,,,,[H].[H].[H].[H].[H].[H].[H].[H]OCOC12([H])OC([H])C(O)C(O)C([H])OC([H])C(O)C(O)C(O)OC([H])C(O)C(O)C3[H]C(O3)C(O)C(O)C3[H]C([H])(O3)C(O)C(O)C(O)OC3([H])C(CO)OC4(OC4C3O)OC([H])(C(CO)O1)C(O)C2O
beta_lactose_cid6134,,,beta_lactose_cid6134.png,high,high,0.8824626533309571,wrong,,beta-Lactose,1.0,23,23,exact,exact,beta-Lactose,False,True,False,False,1.0,False,False,3,4,[H].[H].[H],,,"[H].[H].[H].[H]OC[C@H]1O[C@@H](O)[C@H](O[H])[C@@H](O)[C@@H]1O[C@@H]1O[C@H](CO)[C@H](O[H])[C@H](O)[C@H]1O[H] |^1:0,1,2|"
betaine_cid247,,,betaine_cid247.png,high,high,0.8546058616280895,exact,Betaine,Betaine,1.0,8,8,exact,exact,Betaine,False,False,False,False,1.0,True,True,0,1,,,,C[N+](C)(C)CC(=O)[O-]
betamethasone_cid9782,,,betamethasone_cid9782.png,low,low,0.815833313628131,exact,Betamethasone,Betamethasone,1.0,28,28,exact,exact,Betamethasone,False,False,False,False,1.0,True,True,0,1,,,,[H]O[C@H]1C[C@@]2(C)[C@@]([H])(C[C@H](C)[C@]2(O)C(=O)CO)[C@]2([H])CCC3=CC(=O)C=C[C@]3(C)[C@@]12F
bicalutamide_cid2375,,,bicalutamide_cid2375.png,high,high,0.9067965645489168,exact,Bicalutamide,Bicalutamide,1.0,29,29,exact,exact,Bicalutamide,False,False,False,False,1.0,True,True,0,1,,,,CC(O)(CS(=O)(=O)c1ccc(F)cc1)C(=O)Nc1ccc(C#N)c(C(F)(F)F)c1
bismuth_subsalicylate_cid53629521,,,bismuth_subsalicylate_cid53629521.png,high,high,0.8740955749478148,wrong,,Bismuth Subsalicylate,0.864,11,12,near,near,,False,False,False,False,0.864,False,False,2,2,,,,O=C([O-])c1ccccc1[O-].[H]O
bleomycin_a2_cid5460769,,,bleomycin_a2_cid5460769.png,low,low,0.02662423382213369,wrong,,Bleomycin A2,0.825,95,96,wrong,wrong,,False,False,False,False,0.825,False,False,3,1,,,,[H]NC(=O)[C@H](N)CN[C@@H](CC(N)=O)c1nc(N)c(C)c(C(=O)N[C@H](C(=O)N[C@@H](C)[C@@H](O)[C@H](C)C(=O)N[C@H](C(=O)NCCc2nc(-c3nc(C(=O)NCCC[Si](C)C)cs3)cs2)[C@H](C)O)[C@H](O[C@H]2O[C@@H](CO)[C@H](O)C([H])[C@H]2O[C@@H]2O[C@H](CO)[C@@H](O)[C@@H](OC(N)=O)[C@@H]2O)c2cnc[nH]2)n1 |^1:54|
bleomycin_cid5360373,,,bleomycin_cid5360373.png,low,low,0.1463509290040171,wrong,,Bleomycin,0.904,96,96,near,near,,False,False,False,False,0.904,False,False,1,1,,,,[H]NC(=O)[C@H](N)CN[C@@H](CC(N)=O)c1nc(N)c(C)c(C(=O)N[C@H](C(=O)N[C@@H](C)[C@@H](O)[C@H](C)C(=O)N[C@H](C(=O)NCCc2nc(-c3nc(C(=O)NCCC[SH](C)C)cs3)cs2)[C@H](C)O)[C@H](OC2OC(CO)C(O)C(O)C2OC2OC(CO)C(O)C(OC(N)=O)C2O)c2cnc[nH]2)n1
bosentan_cid104865,,,bosentan_cid104865.png,high,high,0.916289520370137,exact,Bosentan,Bosentan,1.0,39,39,exact,exact,Bosentan,False,False,False,False,1.0,True,True,0,1,,,,COc1ccccc1Oc1c(NS(=O)(=O)c2ccc(C(C)(C)C)cc2)nc(-c2ncccn2)nc1OCCO
bradykinin_cid439201,,,bradykinin_cid439201.png,low,low,0.2426117873564461,invalid,,,,,,invalid,invalid,,False,False,False,False,,False,,,,,,,[H]NC(N)=NCCCC(N)C(=O)N1CCCC1C(=O)N1CCC[CH]12C(NCCN[CH]CN[CH]CN[CH]CNC(CCC)C(=O)NC(CCCN=C(N)N)C(=O)O)=O=C2(=O)NCC(=O)NC(CC1=CC=CC=C1)C(=O)NC(CO)C(=O)N1CCCC1C(=O)NC(CC1=CC=CC=C1)C(=O)NC(CCCN=C(N)N)C(=O)O
brevetoxin_b_cid10865865,,,brevetoxin_b_cid10865865.png,low,low,1.658368252767641e-05,invalid,,,,,,invalid,invalid,,False,False,False,False,,False,,,,,,,[H]C(=O)C(=C)CC1CC(O)C2(C)OC3([H])CC4([H])OC5([H])CC6(C)(OC(C)CCC78OC9([H])CC%10(C)OC%11([H])C(C)=CC(=O)OC%11([H])CC%10=OC9%10([H])C9C(C)C7%11%12%13[H]C8([H]%11)(O%12)C9%10%13C)C789([H])OC5(C)(CC([H])=C([H])C4([H])OC3([H])CC2([H])O1)O7C612([H])C8C1([H])C92
brexpiprazole_cid11978813,,,brexpiprazole_cid11978813.png,high,high,0.9145332398898001,exact,Brexpiprazole,Brexpiprazole,1.0,31,31,exact,exact,Brexpiprazole,False,False,False,False,1.0,True,True,0,1,,,,O=c1ccc2ccc(OCCCCN3CCN(c4cccc5sccc45)CC3)cc2[nH]1
bromocriptine_cid31101,,,bromocriptine_cid31101.png,low,low,0.8162194522381983,stereo,Bromocriptine,Bromocriptine,1.0,43,43,stereo,stereo,Bromocriptine,False,False,False,False,1.0,True,True,0,1,,,,[H][C@]12Cc3c(Br)[nH]c4cccc(c34)C1=C[C@@H](C(=O)N[C@]1(C(C)C)O[C@]3(O)N(C1=O)[C@@H](CC(C)C)C(=O)N1CCC[C@]13[H])CN2C
brompheniramine_cid6834,,,brompheniramine_cid6834.png,high,high,0.8899617561914541,exact,Brompheniramine,Brompheniramine,1.0,19,19,exact,exact,Brompheniramine,False,False,False,False,1.0,True,True,0,1,,,,CN(C)CCC(c1ccc(Br)cc1)c1ccccn1
bryostatin_1_cid5280757,,,bryostatin_1_cid5280757.png,low,low,0.005066685658924816,invalid,,,,,,invalid,invalid,,False,False,False,False,,False,,,,,,,[H]OC1=C2CCC3([H])(CC45([H])(C(C)O)O(C(=O)CC(O)CC([H])O)C([H])(C34C([H])OC(O)[CH]OC3([H])=O=C([H])C=3[H])[CH]5(C)O)OC3(O)C(C)(C)C3(C([H])=C([H])C([H])=C([H])CCC)OC3456[H]C7([H]3)(O4)C5C(=C([H])C(=O)OC)CC([H])(CC2(O)C(C)(C)C(OC(C)=O)C1)O76
bryostatin_cid6435419,,,bryostatin_cid6435419.png,low,low,7.067190940906149e-05,invalid,,,,,,invalid,invalid,,False,False,False,False,,False,,,,,,,[H]C(=O)OC1C2=C3C4(O)O(C)C56(CC(OC(C)=O)C4(C)C)(C[CH]4(O)CC(=O)OC78([H])(C(C)O)CC([H])(C2)(CC([H])(O7C(=O)CC(O)C45C2C4C(OC(C)=O)C5(C)(C)C(OC)OC57([H])OC4276=O)[CH]8(C)O)OC1(O)C(C)(C)CC([H])=C([H])C([H])=C([H])CCC)C31=O=C1OC
bupivacaine_usan_inn_ban_cid2474,,,bupivacaine_usan_inn_ban_cid2474.png,high,high,0.9200810904791938,exact,Bupivacaine (USAN:INN:BAN),Bupivacaine (USAN:INN:BAN),1.0,21,21,exact,exact,Bupivacaine (USAN:INN:BAN),False,False,False,False,1.0,True,True,0,1,,,,CCCCN1CCCCC1C(=O)Nc1c(C)cccc1C
bupropion_cid444,,,bupropion_cid444.png,high,high,0.8707698952136729,exact,Bupropion,Bupropion,1.0,16,16,exact,exact,Bupropion,False,False,False,False,1.0,True,True,0,1,,,,CC(NC(C)(C)C)C(=O)c1cccc(Cl)c1
buspirone_cid2477,,,buspirone_cid2477.png,high,high,0.9105060670701508,exact,Buspirone,Buspirone,1.0,28,28,exact,exact,Buspirone,False,False,False,False,1.0,True,True,0,1,,,,O=C1CC2(CCCC2)CC(=O)N1CCCCN1CCN(c2ncccn2)CC1
busulfan_cid2478,,,busulfan_cid2478.png,high,high,0.8592639273753532,exact,Busulfan,Busulfan,1.0,14,14,exact,exact,Busulfan,False,False,False,False,1.0,True,True,0,1,,,,CS(=O)(=O)OCCCCOS(C)(=O)=O
butalbital_cid2481,,,butalbital_cid2481.png,high,high,0.8876493421182576,exact,Butalbital,Butalbital,1.0,16,16,exact,exact,Butalbital,False,False,False,False,1.0,True,True,0,1,,,,[H]N1C(=O)N([H])C(=O)C(CC=C)(CC(C)C)C1=O
c_i_acid_orange_52_cid23673835,,,c_i_acid_orange_52_cid23673835.png,high,high,0.899059710784125,wrong,,C.I. Acid Orange 52,0.629,22,22,wrong,wrong,,False,False,False,False,0.629,False,False,0,1,,,,CN(C)c1ccc(/N=N/c2ccc(S(=O)(=O)[O][Na+])cc2)cc1 |17|
cabazitaxel_cid9854073,,,cabazitaxel_cid9854073.png,low,low,0.8123780238409513,stereo,Cabazitaxel,Cabazitaxel,1.0,60,60,stereo,stereo,Cabazitaxel,False,False,False,False,1.0,True,True,0,1,,,,[H][C@@]12[C@H](OC(=O)c3ccccc3)[C@]3(O)C[C@H](OC(=O)[C@H](O)[C@@H](NC(=O)OC(C)(C)C)c4ccccc4)C(C)=C([C@@H](OC)C(=O)[C@]1(C)[C@@H](OC)C[C@]1([H])OC[C@@]21OC(C)=O)C3(C)C
cabergoline_cid54746,,,cabergoline_cid54746.png,low,low,0.7684754415527876,wrong,,Cabergoline,0.533,33,33,wrong,wrong,,False,False,False,False,0.533,False,False,2,1,,,,[H]N1C=C2C[C@@]3([H])N(CC=C)C[C@H](C(=O)N(CCCN(C)C)C(=O)NCC)C[C@]3([H])C3C=CC=C1C23
cabozantinib_cid25102847,,,cabozantinib_cid25102847.png,high,high,0.9011326394055901,exact,Cabozantinib,Cabozantinib,1.0,37,37,exact,exact,Cabozantinib,False,False,False,False,1.0,True,True,0,1,,,,COc1cc2nccc(Oc3ccc(NC(=O)C4(C(=O)Nc5ccc(F)cc5)CC4)cc3)c2cc1OC
caffeine_cid2519,,,caffeine_cid2519.png,high,high,0.8991433543559918,exact,Caffeine,Caffeine,1.0,14,14,exact,exact,Caffeine,False,False,False,False,1.0,True,True,0,1,,,,Cn1c(=O)c2c(ncn2C)n(C)c1=O
calcium_gluconate_cid9290,,,calcium_gluconate_cid9290.png,low,low,0.4958320366275008,wrong,,Calcium Gluconate,0.909,26,27,near,near,,False,False,False,False,0.909,False,False,7,8,[H].[H].[H].[H].[H].[H],,,"O=C([O-])[C@@H](O)[C@@H](O)[C@@H](O)[C@H](O)CO.O=C([O-])[C@H](O)[C@@H](O)[C@H](O)[C@H](O)CO.[H].[H].[H].[H].[H].[H] |^1:26,27,28,29,30,31|"
camphor_cid2537,,,camphor_cid2537.png,low,low,0.7907202529167531,exact,Camphor,Camphor,1.0,11,11,exact,exact,Camphor,False,False,False,False,1.0,True,True,0,1,,,,[H]C12CCC(C)(C(=O)C1)C2(C)C
camptothecin_cid24360,,,camptothecin_cid24360.png,high,high,0.9074393201088072,exact,Camptothecin,Camptothecin,1.0,26,26,exact,exact,Camptothecin,False,False,False,False,1.0,True,True,0,1,,,,CC[C@@]1(O)C(=O)OCc2c1cc1n(c2=O)Cc2cc3ccccc3nc2-1
candesartan_cid2541,,,candesartan_cid2541.png,high,high,0.9073018639044236,exact,Candesartan,Candesartan,1.0,33,33,exact,exact,Candesartan,False,False,False,False,1.0,True,True,0,1,,,,[H]OC(=O)c1cccc2nc(OCC)n(Cc3ccc(-c4ccccc4-c4nn[nH]n4)cc3)c12
candesartan_cilexetil_cid2540,,,candesartan_cilexetil_cid2540.png,high,high,0.9093030685222158,exact,Candesartan Cilexetil,Candesartan Cilexetil,1.0,45,45,exact,exact,Candesartan Cilexetil,False,False,False,False,1.0,True,True,0,1,,,,CCOc1nc2cccc(C(=O)OC(C)OC(=O)OC3CCCCC3)c2n1Cc1ccc(-c2ccccc2-c2nn[nH]n2)cc1
caprolactam_cid7768,,,caprolactam_cid7768.png,low,low,0.6774769539880625,exact,Caprolactam,Caprolactam,1.0,8,8,exact,exact,Caprolactam,False,False,False,False,1.0,True,True,0,1,,,,[H]N1CCCCCC1=O
carbamazepine_cid2554,,,carbamazepine_cid2554.png,high,high,0.8850490955688458,exact,Carbamazepine,Carbamazepine,1.0,18,18,exact,exact,Carbamazepine,False,False,False,False,1.0,True,True,0,1,,,,[H]NC(=O)N1c2ccccc2C=Cc2ccccc21
carbon_dioxide_cid280,,,carbon_dioxide_cid280.png,low,low,0.8176446905096638,exact,Carbon Dioxide,Carbon Dioxide,1.0,3,3,exact,exact,Carbon Dioxide,False,False,False,False,1.0,True,True,0,1,,,,O=C=O
cardiolipin_cid166177218,,,cardiolipin_cid166177218.png,low,low,1.077143503910642e-12,invalid,,,,,,invalid,invalid,,False,False,False,False,,False,,,,,,,[1*]C123C45C[CH]41(N)N[CH]52CCCCCCCC1C(CCCCCC[CH]3(N)CC(=O)C(O)CCCCC)CC1NC1CC1C(O)(O)C=CC[CH]1(O)CO1C1CC1[CH](O)(O)OC1[CH]C2C(CCCCCCCC(N)C(N)CC3O[CH]3(O)CCCCC)N[CH]12CCC(O)CCCCCCCC(N)C[CH]C(O)C(N)CCCCC |$R1;;;;;;;;;;;;;;;;;;;;;;;;;;;;;;;;;;;;;;;;;;;;;;;;;;;;;;;;;;;;;;;;;;;;;;;;;;;;;;;;;;;;;;;;;;;;;;;;;;;;;;;;;;;;$|
carisoprodol_cid2576,,,carisoprodol_cid2576.png,high,high,0.8849683467249806,exact,Carisoprodol,Carisoprodol,1.0,18,18,exact,exact,Carisoprodol,False,False,False,False,1.0,True,True,0,1,,,,[H]NC(=O)OCC(C)(CCC)COC(=O)NC(C)C
catechin_cid9064,,,catechin_cid9064.png,high,high,0.8756336097413184,wrong,,Catechin,0.972,21,21,exact,exact,Catechin,False,True,False,False,1.0,False,False,4,4,[HH].[H].[H],,,"Oc1cc(O)c2c(c1)O[C@H](c1ccc(O)c(O)c1)[C@@H](O)C2.[HH].[H].[H] |^1:22,23|"
cediranib_cid9933475,,,cediranib_cid9933475.png,high,high,0.8943330156478548,wrong,,Cediranib,0.983,33,33,exact,exact,Cediranib,False,True,False,False,1.0,False,False,1,2,[H],,,COc1cc2c(Oc3ccc4[nH]c(C)cc4c3F)ncnc2cc1OCCCN1CCCC1.[H] |^1:33|
cefazolin_cid33255,,,cefazolin_cid33255.png,low,low,0.4945777101283139,stereo,Cefazolin,Cefazolin,1.0,29,29,stereo,stereo,Cefazolin,False,False,False,False,1.0,True,True,0,1,,,,[H][C@@]12SCC(CSc3nnc(C)s3)=C(C(=O)O)N1C(=O)[C@H]2NC(=O)Cn1cnnn1
cefepime_cid5479537,,,cefepime_cid5479537.png,high,high,0.8737406091427855,wrong,,Cefepime,0.986,32,32,exact,exact,Cefepime,False,True,False,False,1.0,False,False,2,3,[H].[H],,,"[H].[H].[H][C@]12SCC(C[N+]3(C)CCCC3)=C(C(=O)[O-])N1C(=O)[C@H]2NC(=O)/C(=N\OC)c1csc(N)n1 |^1:0,1|"
ceftazidime_cid5481173,,,ceftazidime_cid5481173.png,low,low,0.6637072297956355,wrong,,Ceftazidime,0.986,37,37,exact,exact,Ceftazidime,False,True,False,False,1.0,False,False,2,3,[H].[H],,,"[H].[H].[H]Nc1nc(/C(=N/OC(C)(C)C(=O)O)C(=O)N[C@@H]2C(=O)N3C(C(=O)[O-])=C(C[n+]4ccccc4)CS[C@]23[H])cs1 |^1:0,1|"
cefuroxime_cid5479529,,,cefuroxime_cid5479529.png,high,high,0.8668738407357871,wrong,,Cefuroxime,0.97,29,29,exact,exact,Cefuroxime,False,True,False,False,1.0,False,False,5,5,[HH].[H].[H].[H],,,"[HH].[H].[H].[H].[H][C@]12SCC(COC(N)=O)=C(C(=O)O)N1C(=O)[C@H]2NC(=O)/C(=N\OC)c1ccco1 |^1:1,2,3|"
celecoxib_cid2662,,,celecoxib_cid2662.png,high,high,0.8833624001363445,wrong,,Celecoxib,0.976,26,26,exact,exact,Celecoxib,False,True,False,False,1.0,False,False,2,3,[H].[H],,,"Cc1ccc(-c2cc(C(F)(F)F)nn2-c2ccc(S(N)(=O)=O)cc2)cc1.[H].[H] |^1:26,27|"
cephalexin_cid27447,,,cephalexin_cid27447.png,high,high,0.8788922770805446,exact,Cephalexin,Cephalexin,1.0,24,24,exact,exact,Cephalexin,False,False,False,False,1.0,True,True,0,1,,,,[H]OC(=O)C1=C(C)CS[C@]2([H])[C@H](N([H])C(=O)[C@H](N)c3ccccc3)C(=O)N12
cetirizine_cid2678,,,cetirizine_cid2678.png,high,high,0.9102471259276099,exact,Cetirizine,Cetirizine,1.0,27,27,exact,exact,Cetirizine,False,False,False,False,1.0,True,True,0,1,,,,O=C(O)COCCN1CCN(C(c2ccccc2)c2ccc(Cl)cc2)CC1
cetrorelix_cid25074887,,,cetrorelix_cid25074887.png,low,low,0.1246073691342382,invalid,,,,,,invalid,invalid,,False,False,False,False,,False,,,,,,,CC(=O)NC1CC2C=CCC(=C2)CC2=C(=C3(=CC=C(O)C=C3)CC(C(=O)NC(CCCNC(N)=O)C(=O)NC(CC(C)C)C(=O)NC(CCCN=C(N)N)C(=O)N3CCCC3C(=O)NC(C)C(N)=O)NC(=O)C(CO)NC(=O)C(CC3=CN=CC=C3)NC(=O)C(CC3=CC=C(Cl)C=C3)NC1=O)C=C(O)C=C2
chlorambucil_cid2708,,,chlorambucil_cid2708.png,high,high,0.8970045522212746,exact,Chlorambucil,Chlorambucil,1.0,19,19,exact,exact,Chlorambucil,False,False,False,False,1.0,True,True,0,1,,,,O=C(O)CCCc1ccc(N(CCCl)CCCl)cc1
chloramphenicol_cid5959,,,chloramphenicol_cid5959.png,high,high,0.9002632122234764,wrong,,Chloramphenicol,0.973,20,20,exact,exact,Chloramphenicol,False,True,False,False,1.0,False,False,1,2,[H],,,[H].[H]OC[C@@H](NC(=O)C(Cl)Cl)[C@H](O)c1ccc([N+](=O)[O-])cc1 |^1:0|
chloroform_d_cid71583,,,chloroform_d_cid71583.png,low,low,0.619870594063985,exact,Chloroform-D,Chloroform-D,1.0,4,4,exact,exact,Chloroform-D,False,False,False,False,1.0,True,True,0,1,,,,[2H]C(Cl)(Cl)Cl
chlorophyll_a_cid12085802,,,chlorophyll_a_cid12085802.png,low,low,0.41627961466347,wrong,,Chlorophyll A,0.433,66,65,wrong,wrong,,False,False,False,False,0.433,False,False,7,1,,,,"C=CC1=C(C)C2=[N]([Mg])/C1=C\C1N/C(=C\c3[nH]c4c(c3C)C(=O)[C@H](C(=O)OC)/C4=C3\[C@@H](CCC(=O)OC/C=C(\C)CCC[C@H](C)CCC[C@H](C)CCCC(C)C)[C@H](C)/C(=C/2)N3C)C(CC)=C1C |^1:7,C:6.6|"
chloroquine_cid2719,,,chloroquine_cid2719.png,high,high,0.9022460056225482,exact,Chloroquine,Chloroquine,1.0,22,22,exact,exact,Chloroquine,False,False,False,False,1.0,True,True,0,1,,,,[H]C(C)(CCCN(CC)CC)Nc1ccnc2cc(Cl)ccc12
chlorotris_triphenylphosphine_rhodium_i_cid84599,,,chlorotris_triphenylphosphine_rhodium_i_cid84599.png,low,low,0.0572061170310678,invalid,,,,,,invalid,invalid,,False,False,False,False,,False,,,,,,,C1=CC=C(P(C2=CC=CC=C2)C23=C(=C4(=CC=CC=C4)[PH]2(C2=CC=CC=C2)C2=CC=CC=C2)C=CC=C3)C=C1.C1=CC=C(P(C2=CC=CC=C2)C2=CC=CC=C2)C=C1.C1=CC=C(P(C2=CC=CC=C2)C2=CC=CC=C2)C=C1.[Rh]
chlorpheniramine_cid2725,,,chlorpheniramine_cid2725.png,high,high,0.8711596454496928,exact,(+-)-Chlorpheniramine,(+-)-Chlorpheniramine,1.0,19,19,exact,exact,(+-)-Chlorpheniramine,False,False,False,False,1.0,True,True,0,1,,,,CN(C)CCC(c1ccc(Cl)cc1)c1ccccn1
chlorpromazine_cid2726,,,chlorpromazine_cid2726.png,high,high,0.8972590599828981,wrong,,Chlorpromazine,0.617,21,21,wrong,wrong,,False,False,False,False,0.617,False,False,0,1,,,,CN(C)CCCN1c2ccccc2[S-]c2ccc(Cl)cc21 |^1:13|
cholesterol_cid5997,,,cholesterol_cid5997.png,low,low,0.2366793018965934,wrong,,Cholesterol,1.0,28,28,stereo,stereo,Cholesterol,False,True,False,False,1.0,False,False,1,2,[H],,,[H].[H][C@]12CC=C3C[C@@H](O)CC[C@]3(C)[C@@]1([H])CC[C@@]1(C)[C@@]2([H])CC[C@]1([H])[C@H](C)CCCC(C)C |^1:0|
choline_chloride_cid6209,,,choline_chloride_cid6209.png,high,high,0.8705592816493386,exact,Choline Chloride,Choline Chloride,1.0,8,8,exact,exact,Choline Chloride,False,False,False,False,1.0,True,True,0,2,,,,[Cl-].[H]OCC[N+](C)(C)C
chromium_hexacarbonyl_cid25589,,,chromium_hexacarbonyl_cid25589.png,low,low,0.5216250530732907,wrong,,Chromium hexacarbonyl,0.111,5,13,wrong,wrong,,False,False,False,False,0.111,False,False,23,17,,*.*.*.*.*.*.*.*.*.*.*.*.*.[C-]=O,,*.*.*.*.*.*.*.*.*.*.*.*.*.*.*=O.[C-]=O.[C-]=O |$+;+;+;+;+;+;+;+;+;+;+;+;+;+;+;;;;;$|
cilengitide_cid176873,,,cilengitide_cid176873.png,high,high,0.8933734955035707,exact,Cilengitide,Cilengitide,1.0,42,42,exact,exact,Cilengitide,False,False,False,False,1.0,True,True,0,1,,,,CC(C)[C@H]1C(=O)N[C@@H](CCCN=C(N)N)C(=O)NCC(=O)N[C@@H](CC(=O)O)C(=O)N[C@H](Cc2ccccc2)C(=O)N1C
ciprofloxacin_cid2764,,,ciprofloxacin_cid2764.png,high,high,0.9017473976146023,wrong,,Ciprofloxacin,0.808,24,24,charge,charge,Ciprofloxacin,False,True,False,False,0.824,False,False,0,2,[H],,,[H].[H]N1CCN(c2cc3c(cc2F)c(=O)c(C(=O)[O-])cn3C2CC2)CC1 |^1:0|
cis_oxalato_trans_l_1_2_diaminocyclohexaneplatinum_ii_cid9887053,,,cis_oxalato_trans_l_1_2_diaminocyclohexaneplatinum_ii_cid9887053.png,low,low,0.0442043619252664,wrong,,"cis-oxalato-trans-l-1,2-diaminocyclohexaneplatinum(II)",0.188,15,15,wrong,wrong,,False,False,False,False,0.188,False,False,2,1,,,,[H][N]1[C@]2([H])CCCC[C@@]2([H])[NH][Pt+]12[O]C(=O)C(=O)[O]2
citalopram_cid2771,,,citalopram_cid2771.png,high,high,0.8963084818869687,exact,Citalopram,Citalopram,1.0,24,24,exact,exact,Citalopram,False,False,False,False,1.0,True,True,0,1,,,,CN(C)CCCC1(c2ccc(F)cc2)OCc2cc(C#N)ccc21
citric_acid_cid311,,,citric_acid_cid311.png,high,high,0.8680705387232396,exact,Citric Acid,Citric Acid,1.0,13,13,exact,exact,Citric Acid,False,False,False,False,1.0,True,True,0,1,,,,[H]OC(=O)CC(CC(=O)O[H])(O[H])C(=O)O[H]
clarithromycin_cid84029,,,clarithromycin_cid84029.png,low,low,0.7739169285666034,wrong,,Clarithromycin,1.0,52,52,exact,exact,Clarithromycin,False,True,False,False,1.0,False,False,3,4,[H].[H].[H],,,"CC[C@H]1OC(=O)[C@H](C)[C@@H](O[C@H]2C[C@@](C)(OC)[C@@H](O)[C@H](C)O2)[C@H](C)[C@@H](O[C@@H]2O[C@H](C)C[C@H](N(C)C)[C@H]2O)[C@](C)(OC)C[C@@H](C)C(=O)[C@H](C)[C@@H](O)[C@]1(C)O.[H].[H].[H] |^1:52,53,54|"
clobazam_cid2789,,,clobazam_cid2789.png,high,high,0.8835858878011937,exact,Clobazam,Clobazam,1.0,21,21,exact,exact,Clobazam,False,False,False,False,1.0,True,True,0,1,,,,CN1C(=O)CC(=O)N(c2ccccc2)c2cc(Cl)ccc21
clomiphene_cid2800,,,clomiphene_cid2800.png,high,high,0.8937484755414085,wrong,,Clomiphene,0.532,29,29,wrong,wrong,,False,False,False,False,0.532,False,False,2,1,,,,CCN(CC)CCOc1ccc(C(c2ccccc2)C(Cl)c2ccccc2)cc1
clonidine_cid2803,,,clonidine_cid2803.png,high,high,0.9078575830752931,exact,Clonidine,Clonidine,1.0,14,14,exact,exact,Clonidine,False,False,False,False,1.0,True,True,0,1,,,,[H]N(C1=NCCN1)c1c(Cl)cccc1Cl
clopidogrel_cid60606,,,clopidogrel_cid60606.png,high,high,0.9162609010441294,exact,Clopidogrel,Clopidogrel,1.0,21,21,exact,exact,Clopidogrel,False,False,False,False,1.0,True,True,0,1,,,,COC(=O)[C@H](c1ccccc1Cl)N1CCc2sccc2C1
cobaltocene_cid92884,,,cobaltocene_cid92884.png,low,low,0.7256449396358332,wrong,,Cobaltocene,0.5,15,11,wrong,wrong,,False,False,False,False,0.5,False,False,10,3,,c1cc[cH-]c1,,[C-]1C=CC=C1.[H][c-]1cccc1.[H][c-]1cccc1 |^1:0|
colchicine_cid6167,,,colchicine_cid6167.png,high,high,0.8887977202497731,exact,Colchicine,Colchicine,1.0,29,29,exact,exact,Colchicine,False,False,False,False,1.0,True,True,0,1,,,,COc1cc2c(c(OC)c1OC)-c1ccc(OC)c(=O)cc1[C@@H](NC(C)=O)CC2
colfosceril_palmitate_cid452110,,,colfosceril_palmitate_cid452110.png,low,low,1.815365959076927e-07,invalid,,,,,,invalid,invalid,,False,False,False,False,,False,,,,,,,CCCCCCCCCCCCCCCC(=O)OCC12(CO)COCC(C1O)O1C3=O=C14(=O)(CC1CCCC5C6CCC7CC89C(CC7CC5C6CCC1CC34)CC81C(C)C9C1C)O2.O.O.O.O
colistin_a_cid24825758,,,colistin_a_cid24825758.png,low,low,0.05263787834870987,wrong,,Colistin A,0.546,83,82,wrong,wrong,,False,False,False,False,0.546,False,False,3,1,,,,"CC[C@H](C)CCCCC(=O)N[C](CCN)C(=O)N[C@H](C(=O)N[C](CCN)C(=O)N[C@@H]1CCNC(=O)C([C@@H](C)O)N[C@@H](O)[C@@H](CCN)NC(=O)C(CCN)NC(=O)[C@H](CC(C)C)NC(=O)[C@@H](CC(C)C)NC(=O)[C@H](CCN)NC1=O)C(C)(C)O |^1:11,22|"
colistin_cid5311054,,,colistin_cid5311054.png,low,low,0.2532826481011327,wrong,,Colistin,0.778,80,81,wrong,wrong,,False,False,False,False,0.778,False,False,3,1,,,,CCC(C)CCCC(=O)N[C@H](CCN)C(=O)N[C@@H](C(=O)N[C@H](CCN)C(=O)N[C@H]1CCNC(=O)[C@H](CO)NC(=O)[C@H](CCN)NC(=O)[C@H](CCN)NC(=O)[C@H](CC(C)C)[NH+]C(=O)[C@@H](CC(C)C)NC(=O)[C@H](CCN)NC1=O)[C@H](C)O |^1:59|
congo_red_cid11313,,,congo_red_cid11313.png,high,high,0.8896742082964912,wrong,,Congo red,0.455,46,48,wrong,wrong,,False,False,False,False,0.455,False,False,8,2,,,,Nc1ccc(-c2ccc(NNc3cc(S(=O)(=O)[O-])c4ccccc4c3N)cc2)cc1.[H]Nc1c(N)cc(S(=O)(=O)[O-])c2ccccc12
copper_ii_acetylacetonate_cid13669119,,,copper_ii_acetylacetonate_cid13669119.png,low,low,0.5082049988265793,wrong,,Copper(II) acetylacetonate,0.263,15,15,wrong,wrong,,False,False,False,False,0.263,False,False,0,1,,,,"[H][C-]([Cu+][C-]([H])(C(C)=O)C(C)=O)(C(C)=O)C(C)=O |C:1.1,3.2|"
coronene_cid9115,,,coronene_cid9115.png,low,low,0.8396691082996594,exact,Coronene,Coronene,1.0,24,24,exact,exact,Coronene,False,False,False,False,1.0,True,True,0,1,,,,c1cc2ccc3ccc4ccc5ccc6ccc1c1c2c3c4c5c61
corticosterone_cid5753,,,corticosterone_cid5753.png,high,high,0.8687847634192108,wrong,,Corticosterone,1.0,25,25,exact,exact,Corticosterone,False,True,False,False,1.0,False,False,1,2,[H],,,[H].[H]O[C@H]1C[C@]2(C)[C@@H](C(=O)CO)CC[C@@]2([H])[C@]2([H])CCC3=CC(=O)CC[C@]3(C)[C@@]12[H] |^1:0|
cortisol_cid5754,,,cortisol_cid5754.png,low,low,0.5082213719871143,wrong,,Cortisol,1.0,26,26,exact,exact,Cortisol,False,True,False,False,1.0,False,False,1,2,[H],,,[H].[H]O[C@H]1C[C@@]2(C)[C@@]([H])(CC[C@]2(O)C(=O)CO)[C@]2([H])CCC3=CC(=O)CC[C@]3(C)[C@@]12[H] |^1:0|
cromolyn_cid2882,,,cromolyn_cid2882.png,high,high,0.8901994934473997,wrong,,Cromolyn,0.974,34,34,exact,exact,Cromolyn,False,True,False,False,1.0,False,False,2,3,[H].[H],,,"O=C(O)c1cc(=O)c2c(OCC(O)COc3cccc4oc(C(=O)O)cc(=O)c34)cccc2o1.[H].[H] |^1:34,35|"
crystal_violet_cid11057,,,crystal_violet_cid11057.png,high,high,0.9042209141744876,exact,Crystal Violet,Crystal Violet,1.0,29,29,exact,exact,Crystal Violet,False,False,False,False,1.0,True,True,0,2,,,,CN(C)c1ccc(C(=C2C=CC(=[N+](C)C)C=C2)c2ccc(N(C)C)cc2)cc1.[Cl-]
cucurbit_7_uril_cb_7_hydrate_cid6096207,,,cucurbit_7_uril_cb_7_hydrate_cid6096207.png,low,low,7.27678641644872e-14,invalid,,,,,,invalid,invalid,,False,False,False,False,,False,,,,,,,CNC1C2N3C(=O)N1CN1456C78=O=C1(=O=7)N8(CN1CN7(C1)C(=O)N1C8C7NC(=O)N879C8%10C7%11N87%12%13C(=O)N8%14%15CN%16%17C%18C(C%19N2C%19%162N%16CC%162%19CNC(=O)N%19)N(CNC2%16=O=C%19C%20%21N2C3%20N%19%21%16)C(=O)N%182C8N3C2%17%14N2C8(=O)N%14%16C7%17%18C32%157C%14%17%122N%108%187C1%11%1692%13)C12NC(=O)N3C147C251NC(=O)N2CC(NCN458C9%10N%11%12%13C%14N9%15%16(C)CN%14%109%17%18C%11%10=O=C9(=O)NC4(N%10)(C%125%15%17)C%138%16%18)NC(=O)(=O)NC23176
cyanocobalamin_cid166596686,,,cyanocobalamin_cid166596686.png,low,low,6.100583827310267e-06,invalid,,,,,,invalid,invalid,,False,False,False,False,,False,,,,,,,CC1=CC2N=CN(C3OC(CO)C(O)C3O)C2=CC1C.CCO.[H]C1=C234NC5(=C(C)C(CCC(=N)O[C-])C6(CC789(=O)=O=C(C67)N86[H]N9[H]6)C(C)C([H])N=CC6(C)C78C9CC%10C%11=N%12%13=[H]N(=C=%12%10([O-])(CC[CH]7%10C2(C)(C)C2(=N83C96%10=N2)C4=CC5(C)CC(N)=O)[O-]%11)[H]%13)C(C)(CC(N)=O)C1CCC(=N)O[C-]
cyclobenzaprine_cid2895,,,cyclobenzaprine_cid2895.png,high,high,0.8573253243784815,exact,Cyclobenzaprine,Cyclobenzaprine,1.0,21,21,exact,exact,Cyclobenzaprine,False,False,False,False,1.0,True,True,0,1,,,,CN(C)CCC=C1c2ccccc2C=Cc2ccccc21
cyclophosphamide_cid2907,,,cyclophosphamide_cid2907.png,high,high,0.893597938022633,exact,Cyclophosphamide,Cyclophosphamide,1.0,14,14,exact,exact,Cyclophosphamide,False,False,False,False,1.0,True,True,0,1,,,,O=P1(N(CCCl)CCCl)NCCCO1
cyclosporin_a_cid5284373,,,cyclosporin_a_cid5284373.png,low,low,0.7580511743746031,wrong,,Cyclosporin A,0.759,89,85,wrong,wrong,,False,False,False,False,0.759,False,False,4,2,,,,CC[C@@H]1NC(=O)C(C(=O)O)N(C)C(=O)[C@H](C(C)C)N(C)C(=O)[C@H](CC(C)C)N(C)C(=O)[C@H](CC(C)C)N(C)C(=O)[C@@H](C)NC(=O)[C@@H](C)NC(=O)[C@H](CC(C)C)N(C)C(=O)[C@H](C(C)C)NC(=O)[C@H](CC(C)C)N(C)C(=O)CN(C)C1=O.[H]/C(=C\C)C[C@@H](C)C(=O)O
d_fructose_cid2723872,,,d_fructose_cid2723872.png,high,high,0.8772809626981752,wrong,,D-Fructose,0.567,12,12,charge,charge,D-Fructose,False,False,False,False,0.567,False,False,1,1,,,,[H]OCC1([O-])OC[C@@H](O[H])[C@@H](O[H])[C@@H]1O[H]
d_galactose_cid6036,,,d_galactose_cid6036.png,high,high,0.8808943305383627,wrong,,D-Galactose,1.0,12,12,exact,exact,D-Galactose,False,True,False,False,1.0,False,False,1,2,[H],,,[H].[H]OC[C@H]1OC(O[H])[C@H](O[H])[C@@H](O)[C@H]1O[H] |^1:0|
d_glucose_cid5793,,,d_glucose_cid5793.png,high,high,0.8821927115714859,exact,D-Glucose,D-Glucose,1.0,12,12,exact,exact,D-Glucose,False,False,False,False,1.0,True,True,0,1,,,,[H]OC[C@H]1OC(O[H])[C@H](O[H])[C@@H](O)[C@@H]1O[H]
d_ribose_cid10975657,,,d_ribose_cid10975657.png,high,high,0.8746015173911357,exact,D-Ribose,D-Ribose,1.0,10,10,exact,exact,D-Ribose,False,False,False,False,1.0,True,True,0,1,,,,[H]OC1OC[C@@H](O[H])[C@@H](O[H])[C@H]1O
daptomycin_cid21585658,,,daptomycin_cid21585658.png,low,low,6.110425290538076e-05,invalid,,,,,,invalid,invalid,,False,False,False,False,,False,,,,,,,O.[H]NCCC[CH]123N4C56=O=C78CN9[CH]%10(C(C)OC(=O)(=O)C(CC(O)C%11=CC=CC=C%11N)NC(=O)C(C(C)CC(=O)O)NCC(CO)NC(=O)CNC(=O)C(CC(=O)O)NCC(C)NC(=O)C(CC(=O)O)NC1%11%12=O=C2(=O=%11)[CH]4%123(CCCN[H])N75)[CH]1(C)N(C86)[CH]91%10NC[CH]NC[CH]NCCNCCCCCCCCCC
desmopressin_cid5311065,,,desmopressin_cid5311065.png,low,low,0.8266470454461887,wrong,,Desmopressin,0.48,75,74,wrong,wrong,,False,False,False,False,0.48,False,False,3,1,,,,[H]NC(=O)CNC(=O)[C@@H](CCCN=C(N[H])N[H])NC(=O)[C@@H]1CCCN1C(=O)[C@H](CS)NC(=O)[C@H](CC(N)=O)NC(=O)[C@H](CCC(N)=O)NC(=O)[C@H](Cc1ccccc1)NC(=O)[C@H](Cc1ccc(O)cc1)NC(=O)CCSS
di_2h3_methyl_sulphoxide_cid75151,,,di_2h3_methyl_sulphoxide_cid75151.png,low,low,0.748422504139405,exact,Di((2H3)methyl) sulphoxide,Di((2H3)methyl) sulphoxide,1.0,4,4,exact,exact,Di((2H3)methyl) sulphoxide,False,False,False,False,1.0,True,True,0,1,,,,[2H]C([2H])([2H])S(=O)C([2H])([2H])[2H]
dibenzo_18_crown_6_cid26541,,,dibenzo_18_crown_6_cid26541.png,high,high,0.9050784771719309,exact,Dibenzo-18-crown-6,Dibenzo-18-crown-6,1.0,26,26,exact,exact,Dibenzo-18-crown-6,False,False,False,False,1.0,True,True,0,1,,,,c1ccc2c(c1)OCCOCCOc1ccccc1OCCOCCO2
dibenzo_ghi_mno_fluoranthene_cid11831840,,,dibenzo_ghi_mno_fluoranthene_cid11831840.png,low,low,0.7786928206950774,exact,"Dibenzo(ghi,mno)fluoranthene","Dibenzo(ghi,mno)fluoranthene",1.0,20,20,exact,exact,"Dibenzo(ghi,mno)fluoranthene",False,False,False,False,1.0,True,True,0,1,,,,c1cc2ccc3ccc4ccc5ccc1c1c2c3c4c51
dichlororuthenium_2_pyridin_2_ylpyridine_cid10908382,,,dichlororuthenium_2_pyridin_2_ylpyridine_cid10908382.png,high,high,0.905794799369907,wrong,,Dichlororuthenium;2-pyridin-2-ylpyridine,0.75,38,39,wrong,wrong,,False,False,False,False,0.75,False,False,1,4,,c1ccc(-c2ccccn2)nc1.c1ccc(-c2ccccn2)nc1,,[Cl][Ru].c1ccc(-c2ccccn2)nc1.c1ccc(-c2ccccn2)nc1.c1ccc(-c2ccccn2)nc1
diflunisal_cid3059,,,diflunisal_cid3059.png,low,low,0.8310577523493679,wrong,,Diflunisal,0.969,18,18,exact,exact,Diflunisal,False,True,False,False,1.0,False,False,4,3,[HH].[HH],,,O=C(O)c1cc(-c2ccc(F)cc2F)ccc1O.[HH].[HH]
dihydrotestosterone_cid10635,,,dihydrotestosterone_cid10635.png,low,low,0.6497082848786913,stereo,Dihydrotestosterone,Dihydrotestosterone,1.0,21,21,stereo,stereo,Dihydrotestosterone,False,False,False,False,1.0,True,True,0,1,,,,[H][C@@]12CC[C@@]3([H])[C@]([H])(CC[C@]4(C)[C@@H](O)CC[C@@]34[H])[C@@]1(C)CCC(=O)C2
diltiazem_cid39186,,,diltiazem_cid39186.png,high,high,0.9045796681577394,exact,Diltiazem,Diltiazem,1.0,29,29,exact,exact,Diltiazem,False,False,False,False,1.0,True,True,0,1,,,,COc1ccc([C@@H]2Sc3ccccc3N(CCN(C)C)C(=O)[C@@H]2OC(C)=O)cc1
dimethylmercury_cid11645,,,dimethylmercury_cid11645.png,low,low,0.7486490219858793,exact,Dimethylmercury,Dimethylmercury,1.0,3,3,exact,exact,Dimethylmercury,False,False,False,False,1.0,True,True,0,1,,,,[CH3][Hg][CH3]
diphenhydramine_cid3100,,,diphenhydramine_cid3100.png,high,high,0.8978206350505962,exact,Diphenhydramine,Diphenhydramine,1.0,19,19,exact,exact,Diphenhydramine,False,False,False,False,1.0,True,True,0,1,,,,CN(C)CCOC(c1ccccc1)c1ccccc1
disulfiram_cid3117,,,disulfiram_cid3117.png,high,high,0.8940431329578896,exact,Disulfiram,Disulfiram,1.0,16,16,exact,exact,Disulfiram,False,False,False,False,1.0,True,True,0,1,,,,CCN(CC)C(=S)SSC(=S)N(CC)CC
donepezil_cid3152,,,donepezil_cid3152.png,high,high,0.9148442219082196,exact,Donepezil,Donepezil,1.0,28,28,exact,exact,Donepezil,False,False,False,False,1.0,True,True,0,1,,,,COc1cc2c(cc1OC)C(=O)C(CC1CCN(Cc3ccccc3)CC1)C2
dopamine_cid681,,,dopamine_cid681.png,high,high,0.8538249367607534,wrong,,Dopamine,0.955,11,11,exact,exact,Dopamine,False,True,False,False,1.0,False,False,1,2,[H],,,[H].[H]NCCc1ccc(O[H])c(O)c1 |^1:0|
doxazosin_cid3157,,,doxazosin_cid3157.png,high,high,0.8987980289273144,exact,Doxazosin,Doxazosin,1.0,33,33,exact,exact,Doxazosin,False,False,False,False,1.0,True,True,0,1,,,,COc1cc2nc(N3CCN(C(=O)C4COc5ccccc5O4)CC3)nc(N)c2cc1OC
doxepin_cid3158,,,doxepin_cid3158.png,high,high,0.860595400261485,stereo,Doxepin,Doxepin,1.0,21,21,stereo,stereo,Doxepin,False,False,False,False,1.0,True,True,0,1,,,,CN(C)CC/C=C1\c2ccccc2COc2ccccc21
doxorubicin_cid31703,,,doxorubicin_cid31703.png,high,high,0.8778436526219883,wrong,,Doxorubicin,1.0,39,39,exact,exact,Doxorubicin,False,True,False,False,1.0,False,False,3,4,[H].[H].[H],,,"[H].[H].[H].[H]Oc1c2c(c(O[H])c3c1C(=O)c1cccc(OC)c1C3=O)[C@@H](O[C@H]1C[C@H](N)[C@H](O)[C@H](C)O1)C[C@](O)(C(=O)CO)C2 |^1:0,1,2|"
edoxaban_cid10280735,,,edoxaban_cid10280735.png,high,high,0.8922683501169042,exact,Edoxaban,Edoxaban,1.0,37,37,exact,exact,Edoxaban,False,False,False,False,1.0,True,True,0,1,,,,CN1CCc2nc(C(=O)N[C@@H]3C[C@@H](C(=O)N(C)C)CC[C@@H]3NC(=O)C(=O)Nc3ccc(Cl)cn3)sc2C1
entacapone_cid5281081,,,entacapone_cid5281081.png,high,high,0.8922480679136717,wrong,,Entacapone,0.977,22,22,exact,exact,Entacapone,False,True,False,False,1.0,False,False,1,2,[H],,,[H].[H]/C(=C(/C#N)C(=O)N(CC)CC)c1cc(O)c(O)c([N+](=O)[O-])c1 |^1:0|
eosin_cid11048,,,eosin_cid11048.png,high,high,0.9046189944589405,exact,Eosin,Eosin,1.0,31,31,exact,exact,Eosin,False,False,False,False,1.0,True,True,0,3,,[Na+],,O=C([O-])c1ccccc1-c1c2cc(Br)c(=O)c(Br)c-2oc2c(Br)c([O-])c(Br)cc12.[Na+].[Na+]
epinephrine_cid5816,,,epinephrine_cid5816.png,high,high,0.8768866945081614,wrong,,Epinephrine,0.963,13,13,exact,exact,Epinephrine,False,True,False,False,1.0,False,False,1,2,[H],,,[H].[H]O[C@@H](CNC)c1ccc(O)c(O)c1 |^1:0|
epothilone_b_cid448013,,,epothilone_b_cid448013.png,high,high,0.8753077445713068,stereo,Epothilone B,Epothilone B,1.0,35,35,stereo,stereo,Epothilone B,False,False,False,False,1.0,True,True,0,1,,,,[H]C(=C(C)[C@@H]1C[C@]2([H])O[C@]2(C)CCC[C@H](C)[C@H](O)[C@@H](C)C(=O)C(C)(C)[C@@H](O)CC(=O)O1)c1csc(C)n1
epothilone_cid10838895,,,epothilone_cid10838895.png,high,high,0.873232370747973,stereo,Epothilone,Epothilone,1.0,34,34,stereo,stereo,Epothilone,False,False,False,False,1.0,True,True,0,1,,,,[H]C(=C(C)[C@@H]1C[C@@H]2O[C@@H]2CCC[C@H](C)[C@H](O)[C@@H](C)C(=O)C(C)(C)[C@H](O)CC(=O)O1)c1csc(C)n1
eribulin_cid11354606,,,eribulin_cid11354606.png,low,low,6.96893649327895e-11,invalid,,,,,,invalid,invalid,,False,False,False,False,,False,,,,,,,[H]NCC(O)CC1OC2([H])CC3([H])OC([H])CCC4([H])OC([H])(CCC567OC89%10%11%12([H])[CH]5%13O6C%137856O7C98([H])OC9%13%14%15%16%17([H])O8C98%18%19%20([H])O%139%21%22%23C%13%24%25%26[H]C%1398%27%28([H])O%10%18%14C75%11(OC57([H])C8C9%10C5%11C5C9%21%13%14%18([H])O%24C5%10%22%139([H])(CC5%10%13(=O)=O=C(C5(C3(=C)[CH]8%11C)C2([H])(C%10)C1OC)C%13%149)O%18C7%25%23%27%19%15[H])(O6%12%16)C%26%28%20%17[H])CC4=C
erythromycin_cid12560,,,erythromycin_cid12560.png,low,low,0.7702208259265406,wrong,,Erythromycin,1.0,51,51,exact,exact,Erythromycin,False,True,False,False,1.0,False,False,3,4,[H].[H].[H],,,"[H].[H].[H].[H]O[C@]1(C)C[C@@H](C)C(=O)[C@H](C)[C@@H](O)[C@](C)(O)[C@@H](CC)OC(=O)[C@H](C)[C@@H](O[C@H]2C[C@@](C)(OC)[C@@H](O)[C@H](C)O2)[C@H](C)[C@H]1O[C@@H]1O[C@H](C)C[C@H](N(C)C)[C@H]1O |^1:0,1,2|"
esomeprazole_magnesium_cid9568613,,,esomeprazole_magnesium_cid9568613.png,low,low,0.5181446962832584,wrong,,Esomeprazole Magnesium,0.456,48,49,wrong,wrong,,False,False,False,False,0.456,False,False,5,1,,,,COc1ccc2c(c1)N=C(S(=O)(=O)S(Cc1ncc(C)c(OC)c1C)(c1nc3cc(OC)ccc3[n-]1)c1ncc(C)c(OC)c1C)[N+]2[Np] |^1:46|
estradiol_cid5757,,,estradiol_cid5757.png,high,high,0.8672555574463507,exact,Estradiol,Estradiol,1.0,20,20,exact,exact,Estradiol,False,False,False,False,1.0,True,True,0,1,,,,[H][C@@]12CCc3cc(O)ccc3[C@@]1([H])CC[C@]1(C)[C@@H](O)CC[C@@]21[H]
estriol_cid5756,,,estriol_cid5756.png,high,high,0.8898237675967644,exact,Estriol,Estriol,1.0,21,21,exact,exact,Estriol,False,False,False,False,1.0,True,True,0,1,,,,[H]O[C@@H]1C[C@@]2([H])[C@]3([H])CCc4cc(O)ccc4[C@@]3([H])CC[C@]2(C)[C@H]1O
estrone_cid5870,,,estrone_cid5870.png,high,high,0.8768587258721368,exact,Estrone,Estrone,1.0,20,20,exact,exact,Estrone,False,False,False,False,1.0,True,True,0,1,,,,[H][C@@]12CCC(=O)[C@@]1(C)CC[C@]1([H])c3ccc(O)cc3CC[C@@]21[H]
ethambutol_cid14052,,,ethambutol_cid14052.png,high,high,0.8714858943148965,wrong,,Ethambutol,0.944,14,14,exact,exact,Ethambutol,False,True,False,False,1.0,False,False,1,2,[H],,,[H].[H]N(CCN[C@@H](CC)CO)[C@@H](CC)CO |^1:0|
ethosuximide_cid3291,,,ethosuximide_cid3291.png,high,high,0.8535503956165206,exact,Ethosuximide,Ethosuximide,1.0,10,10,exact,exact,Ethosuximide,False,False,False,False,1.0,True,True,0,1,,,,[H]N1C(=O)CC(C)(CC)C1=O
ethylenediaminetetraacetic_acid_cid6049,,,ethylenediaminetetraacetic_acid_cid6049.png,high,high,0.8563382868175085,wrong,,Ethylenediaminetetraacetic Acid,0.933,20,20,exact,exact,Ethylenediaminetetraacetic Acid,False,True,False,False,1.0,False,False,3,4,[H].[H].[H],,,"O=C(O)CN(CCN(CC(=O)O)CC(=O)O)CC(=O)O.[H].[H].[H] |^1:20,21,22|"
etidocaine_cid37497,,,etidocaine_cid37497.png,high,high,0.8847736490868424,exact,Etidocaine,Etidocaine,1.0,20,20,exact,exact,Etidocaine,False,False,False,False,1.0,True,True,0,1,,,,CCCN(CC)C(CC)C(=O)Nc1c(C)cccc1C
etodolac_cid3308,,,etodolac_cid3308.png,high,high,0.8874222300014988,exact,Etodolac,Etodolac,1.0,21,21,exact,exact,Etodolac,False,False,False,False,1.0,True,True,0,1,,,,[H]OC(=O)CC1(CC)OCCc2c1[nH]c1c(CC)cccc21
etoposide_cid36462,,,etoposide_cid36462.png,low,low,0.7922836781575311,stereo,Etoposide,Etoposide,1.0,42,42,stereo,stereo,Etoposide,False,False,False,False,1.0,True,True,0,1,,,,[H]Oc1c(OC)cc([C@@H]2c3cc4c(cc3[C@@H](O[C@@H]3O[C@]5([H])CO[C@@H](C)O[C@]5([H])[C@H](O)[C@H]3O)[C@@]3([H])COC(=O)[C@@]23[H])OCO4)cc1OC
eugenol_cid3314,,,eugenol_cid3314.png,high,high,0.8863575300505021,exact,Eugenol,Eugenol,1.0,12,12,exact,exact,Eugenol,False,False,False,False,1.0,True,True,0,1,,,,[H]Oc1ccc(CC=C)cc1OC
everolimus_cid6442177,,,everolimus_cid6442177.png,low,low,0.0002286932653050292,invalid,,,,,,invalid,invalid,,False,False,False,False,,False,,,,,,,[H]OC1C(C)=C([H])C(C)C(=O)CC23([H])(OC(=O)C4([H])CCCCN4C(=O)C(=O)C4([CH]C)(O[H])OC56([H])C[CH]78(OC)C5(C([H])O46)[CH]4(OC)C75=C6([H])=C48(C)=C5(OC)C[CH]4(CCC([H])=C([H])C(C)CC(C)C(=O)C1OC)CCC(OCCO)C(OC)C64)[CH]14C5[CH]267([H])C[CH]53([H])(C16)C47
exemestane_cid60198,,,exemestane_cid60198.png,high,high,0.8569066395563104,exact,Exemestane,Exemestane,1.0,22,22,exact,exact,Exemestane,False,False,False,False,1.0,True,True,0,1,,,,[H][C@@]12CC(=C)C3=CC(=O)C=C[C@]3(C)[C@@]1([H])CC[C@]1(C)C(=O)CC[C@@]21[H]
fadh2_cid446013,,,fadh2_cid446013.png,low,low,0.09144135556471335,invalid,,,,,,invalid,invalid,,False,False,False,False,,False,,,,,,,NC1=C2N=CN(C3O[CH]4(COC4OPOP)C(O)C3O)C2=NC=N1.[H]O(O)P(=O)(O)(O)OCC(O)C(O)C(O)CN1C2=C(C=C(C)C(C)=C2)NC2=C1NC(=O)NC2=O
famciclovir_cid3324,,,famciclovir_cid3324.png,high,high,0.87847272401849,wrong,,Famciclovir,0.977,23,23,exact,exact,Famciclovir,False,True,False,False,1.0,False,False,1,2,[H],,,CC(=O)OCC(CCn1cnc2cnc(N)nc21)COC(C)=O.[H] |^1:23|
farxiga_cid24936221,,,farxiga_cid24936221.png,high,high,0.8845341722834762,wrong,,Farxiga,0.982,34,34,exact,exact,Farxiga,False,True,False,False,1.0,False,False,10,9,[HH].[HH].[HH].[HH].[H].[H],,,"CC(O)CO.CCOc1ccc(Cc2cc([C@@H]3O[C@H](CO)[C@@H](O)[C@H](O)[C@H]3O)ccc2Cl)cc1.O.[HH].[HH].[HH].[HH].[H].[H] |^1:38,39|"
felodipine_cid3333,,,felodipine_cid3333.png,high,high,0.8994124657229239,exact,Felodipine,Felodipine,1.0,25,25,exact,exact,Felodipine,False,False,False,False,1.0,True,True,0,1,,,,CCOC(=O)C1=C(C)NC(C)=C(C(=O)OC)C1c1cccc(Cl)c1Cl
fenofibrate_cid3339,,,fenofibrate_cid3339.png,high,high,0.8922228862642985,exact,Fenofibrate,Fenofibrate,1.0,25,25,exact,exact,Fenofibrate,False,False,False,False,1.0,True,True,0,1,,,,CC(C)OC(=O)C(C)(C)Oc1ccc(C(=O)c2ccc(Cl)cc2)cc1
fenoldopam_cid3341,,,fenoldopam_cid3341.png,high,high,0.8832153779614602,wrong,,Fenoldopam,0.95,21,21,exact,exact,Fenoldopam,False,True,False,False,1.0,False,False,3,3,[HH].[H],,,[HH].[H].[H]Oc1cc2c(c(Cl)c1O)CCNCC2c1ccc(O)cc1 |^1:1|
fenoprofen_cid3342,,,fenoprofen_cid3342.png,high,high,0.9020504118452295,wrong,,Fenoprofen,1.0,18,18,exact,exact,Fenoprofen,False,True,False,False,1.0,False,False,1,2,[H],,,CC(C(=O)O)c1cccc(Oc2ccccc2)c1.[H] |^1:18|
fentanyl_cid3345,,,fentanyl_cid3345.png,high,high,0.9051977631653192,exact,Fentanyl,Fentanyl,1.0,25,25,exact,exact,Fentanyl,False,False,False,False,1.0,True,True,0,1,,,,CCC(=O)N(c1ccccc1)C1CCN(CCc2ccccc2)CC1
ferrocene_cid10219726,,,ferrocene_cid10219726.png,low,low,0.7142877166829367,wrong,,Ferrocene,0.231,11,11,wrong,wrong,,False,False,False,False,0.231,False,False,2,3,,C1=CCC=C1,,C1=CCC=C1.C1=CCC=C1.[Fe]
fexofenadine_cid3348,,,fexofenadine_cid3348.png,high,high,0.8968098914320164,exact,Fexofenadine,Fexofenadine,1.0,37,37,exact,exact,Fexofenadine,False,False,False,False,1.0,True,True,0,1,,,,CC(C)(C(=O)O)c1ccc(C(O)CCCN2CCC(C(O)(c3ccccc3)c3ccccc3)CC2)cc1
fidaxomicin_cid10034073,,,fidaxomicin_cid10034073.png,low,low,0.1551126600283208,wrong,,Fidaxomicin,0.624,69,72,wrong,wrong,,False,False,False,False,0.624,False,False,6,1,,,,[H]C/C1=C(\CO[C@H]2O[C@H](C)[C@@H](OC(=O)c3c(O)c(Cl)c(O)c(Cl)c3CC)[C@@H](O)[C@H]2OC)C(=O)O[C]([H])C/C([H])=C(C)/C=C(\C)[C@H](O[C@@H]2OC(C)(C)[C@H](OC(=O)C(C)C)[C@H](O)[C@@H]2O)[C@@H](CC)/C=C(\[H])[C@H](O)CC([H])([H])C1 |^1:34|
fimasartan_cid9870652,,,fimasartan_cid9870652.png,high,high,0.9145297472978293,exact,Fimasartan,Fimasartan,1.0,36,36,exact,exact,Fimasartan,False,False,False,False,1.0,True,True,0,1,,,,CCCCc1nc(C)c(CC(=S)N(C)C)c(=O)n1Cc1ccc(-c2ccccc2-c2nn[nH]n2)cc1
finasteride_cid57363,,,finasteride_cid57363.png,low,low,0.7463718336411821,wrong,,Finasteride,0.98,27,27,exact,exact,Finasteride,False,True,False,False,1.0,False,False,1,2,[H],,,[H].[H][C@@]12CC[C@@]3([H])NC(=O)C=C[C@]3(C)[C@@]1([H])CC[C@]1(C)[C@@H](C(=O)NC(C)(C)C)CC[C@@]21[H] |^1:0|
flecainide_cid3356,,,flecainide_cid3356.png,high,high,0.8855016124184462,wrong,,Flecainide,0.961,28,28,exact,exact,Flecainide,False,True,False,False,1.0,False,False,5,4,[HH].[HH].[H],,,O=C(NCC1CCCCN1)c1cc(OCC(F)(F)F)ccc1OCC(F)(F)F.[HH].[HH].[H] |^1:30|
fludrocortisone_cid31378,,,fludrocortisone_cid31378.png,low,low,0.4505185309655887,wrong,,Fludrocortisone,1.0,27,27,exact,exact,Fludrocortisone,False,True,False,False,1.0,False,False,1,2,[H],,,[H].[H]O[C@H]1C[C@@]2(C)[C@@]([H])(CC[C@]2(O)C(=O)CO)[C@]2([H])CCC3=CC(=O)CC[C@]3(C)[C@@]12F |^1:0|
fluorescein_cid16850,,,fluorescein_cid16850.png,high,high,0.9044328808414297,exact,Fluorescein,Fluorescein,1.0,25,25,exact,exact,Fluorescein,False,False,False,False,1.0,True,True,0,1,,,,[H]Oc1ccc2c(c1)Oc1cc(O)ccc1C21OC(=O)c2ccccc21
fluoxetine_cid3386,,,fluoxetine_cid3386.png,high,high,0.9103836292349816,exact,Fluoxetine,Fluoxetine,1.0,22,22,exact,exact,Fluoxetine,False,False,False,False,1.0,True,True,0,1,,,,[H]N(C)CCC(Oc1ccc(C(F)(F)F)cc1)c1ccccc1
flurbiprofen_cid3394,,,flurbiprofen_cid3394.png,high,high,0.9012560954233919,wrong,,Flurbiprofen,0.969,18,18,exact,exact,Flurbiprofen,False,True,False,False,1.0,False,False,2,2,[HH],,,[HH].[H]C(C)(C(=O)O)c1ccc(-c2ccccc2)c(F)c1
flutamide_cid3397,,,flutamide_cid3397.png,high,high,0.893753414831406,exact,Flutamide,Flutamide,1.0,19,19,exact,exact,Flutamide,False,False,False,False,1.0,True,True,0,1,,,,[H]N(C(=O)C(C)C)c1ccc([N+](=O)[O-])c(C(F)(F)F)c1
formic_acid_cid284,,,formic_acid_cid284.png,high,high,0.8617902978795736,exact,Formic Acid,Formic Acid,1.0,3,3,exact,exact,Formic Acid,False,False,False,False,1.0,True,True,0,1,,,,[H]OC([H])=O
formoterol_cid3410,,,formoterol_cid3410.png,high,high,0.8841338726899377,wrong,,Formoterol,0.98,25,25,exact,exact,Formoterol,False,True,False,False,1.0,False,False,3,4,[H].[H].[H],,,"[H].[H].[H].[H]C(=O)Nc1cc(C(O)CNC(C)Cc2ccc(OC)cc2)ccc1O |^1:0,1,2|"
foscarnet_cid3415,,,foscarnet_cid3415.png,high,high,0.8500747664195323,exact,Foscarnet,Foscarnet,1.0,7,7,exact,exact,Foscarnet,False,False,False,False,1.0,True,True,0,1,,,,[H]OC(=O)P(=O)(O[H])O[H]
fosfomycin_cid446987,,,fosfomycin_cid446987.png,high,high,0.8618742973992252,exact,Fosfomycin,Fosfomycin,1.0,8,8,exact,exact,Fosfomycin,False,False,False,False,1.0,True,True,0,1,,,,[H]OP(=O)(O[H])[C@H]1O[C@H]1C
fullerenes_cid123591,,,fullerenes_cid123591.png,low,low,6.476174532012034e-32,invalid,,,,,,invalid,invalid,,False,False,False,False,,False,,,,,,,C1=CC234=C56=C78=C29C52=C75%10%11=C=69C2867=C5289C5%12%13%14=C%15%16%17C%18=C%19%20%21%22%23C%24=C1%25C1%26%27%28=C%155%29%30C%181%195%15=C%201%18%19=C%21%20%31%32%33=C%2415%21%34C15=C%26C%24(=C%26%35=C%36%37%38%39C%40%41=C%36%42%43%44%45C%37%36=C1%42%37%46%47C1%42%48%49=C5%36%43%37%50C%465%36%37=C1%43%46%51%52%53%54C1%55%56=C%43%57%58C%20%46%43%59=C%22%31%20%46C%18%23%21%22=C%20%43%32%18C1%57%425%51%20%21=C%47%50%52(=C%55%58%48%36%53%20=C%22%46%59%18%34%33%54%21)C%49%3715%18=C%40%20%21%22=C%38%44%23%31=C%20%32%33%34C%21(=C%32%221C5=C%56%18)C%3315=C%18%20%21%22%32C%33%36%37%38%40C%42%43%44%46=C%47C%26%48(=C%34%23C%41%481%31%18=C5%33%201%18C%42%36%215%20%23=C%43%37%21%26C=35%31C%44%21%38%221%20=C%31%46%26%40%32%18%23)C=%24%47%35%39%45)C4=C=6=%1021C%12%29%2723=C=%28%16%19%15C%25%17%13%3082=C%1497%1113
furan_cid8029,,,furan_cid8029.png,low,low,0.6617197316980057,exact,Furan,Furan,1.0,5,5,exact,exact,Furan,False,False,False,False,1.0,True,True,0,1,,,,c1ccoc1
gabapentin_cid3446,,,gabapentin_cid3446.png,high,high,0.8730953060546152,wrong,,Gabapentin,0.667,12,12,charge,charge,Gabapentin,False,False,False,False,0.667,True,False,1,1,,,,[H]NCC1(CC(=O)[O-])CCCCC1
gadopentetate_dimeglumine_cid55466,,,gadopentetate_dimeglumine_cid55466.png,low,low,0.5572481344422489,wrong,,Gadopentetate Dimeglumine,1.0,54,54,skeleton,skeleton,,False,False,False,False,1.0,True,False,1,4,,CNC[C@H](O)[C@@H](O)[C@H](O)[C@@H](O)CO,,CNC[C@H](O)[C@@H](O)[C@H](O)[C@@H](O)CO.CNC[C@H](O)[C@@H](O)[C@H](O)[C@@H](O)CO.O=C([O-])CN(CCN(CCN(CC(=O)[O-])CC(=O)O)CC(=O)O)CC(=O)O.[Gd+3] |^1:53|
geldanamycin_cid5288382,,,geldanamycin_cid5288382.png,high,high,0.8704131377353305,stereo,Geldanamycin,Geldanamycin,1.0,40,40,stereo,stereo,Geldanamycin,False,False,False,False,1.0,True,True,0,1,,,,[H]C1=C(\[H])[C@H](OC)[C@@H](OC(N)=O)/C(C)=C(\[H])[C@H](C)[C@@H](O)[C@@H](OC)C[C@H](C)CC2=C(OC)C(=O)C=C(NC(=O)/C(C)=C/1[H])C2=O
gemcitabine_cid60750,,,gemcitabine_cid60750.png,high,high,0.8749511855371359,exact,Gemcitabine,Gemcitabine,1.0,18,18,exact,exact,Gemcitabine,False,False,False,False,1.0,True,True,0,1,,,,[H]OC[C@H]1O[C@@H](n2ccc(N)nc2=O)C(F)(F)[C@@H]1O[H]
gemfibrozil_cid3463,,,gemfibrozil_cid3463.png,high,high,0.8651816455548496,exact,Gemfibrozil,Gemfibrozil,1.0,18,18,exact,exact,Gemfibrozil,False,False,False,False,1.0,True,True,0,1,,,,Cc1ccc(C)c(OCCCC(C)(C)C(=O)O)c1
gentamicin_cid3467,,,gentamicin_cid3467.png,high,high,0.8453703307629236,wrong,,Gentamicin,0.981,34,33,salt,exact,Gentamicin,False,True,False,True,0.981,False,False,9,7,[H].[H].[H].[H].[H],,N,"[H].[H].[H].[H].[H].[H]N.[H]NC1CCC([H])(C([H])(C)N([H])C)OC1OC1C(N[H])CC(N[H])C(OC2OCC(C)(O)C(NC)C2O[H])C1O |^1:0,1,2,3,4|"
ginsenoside_rb1_cid9898279,,,ginsenoside_rb1_cid9898279.png,low,low,0.02261834931421224,wrong,,Ginsenoside Rb1,0.409,76,77,wrong,wrong,,False,False,False,False,0.409,False,False,11,1,,,,[H]C1(C)C2CC[C@]3(C)C(C[C@H](O)[C@]4([H])C3CC[C@@]4([H])[C@@](C)(OCC=C(C)C)O[C@@H]3O[C@H](COC4O[C@H](CO)[C@H](O)[C@@H](O)[C@@H]4O)[C@H](O)[C@@H](O)[C@H]3O)[C@@]2(C)CC[C@H]1O[C@@H]1O[C@H](CO)[C@@H](O)C(O)(O)[C@@H]1O[C@H]1O[C@H](CO)[C@@H](O)[C@@H](O)[C@@H]1O
glibenclamide_cid3488,,,glibenclamide_cid3488.png,high,high,0.9124687647275936,exact,Glibenclamide,Glibenclamide,1.0,33,33,exact,exact,Glibenclamide,False,False,False,False,1.0,True,True,0,1,,,,COc1ccc(Cl)cc1C(=O)NCCc1ccc(S(=O)(=O)NC(=O)NC2CCCCC2)cc1
gliclazide_cid3475,,,gliclazide_cid3475.png,high,high,0.8893010433438613,exact,Gliclazide,Gliclazide,1.0,22,22,exact,exact,Gliclazide,False,False,False,False,1.0,True,True,0,1,,,,[H]N(C(=O)N([H])S(=O)(=O)c1ccc(C)cc1)N1CC2CCCC2C1
glipizide_cid3478,,,glipizide_cid3478.png,high,high,0.9186896801502844,exact,Glipizide,Glipizide,1.0,31,31,exact,exact,Glipizide,False,False,False,False,1.0,True,True,0,1,,,,Cc1cnc(C(=O)NCCc2ccc(S(=O)(=O)NC(=O)NC3CCCCC3)cc2)cn1
glutathione_cid124886,,,glutathione_cid124886.png,high,high,0.8920337886281903,wrong,,Glutathione,0.972,20,20,exact,exact,Glutathione,False,True,False,False,1.0,False,False,3,4,[H].[H].[H],,,"[H].[H].[H].[H]SC[C@@H](C(=O)N([H])CC(=O)O)N([H])C(=O)CC[C@H](N)C(=O)O |^1:0,1,2|"
glycerol_cid753,,,glycerol_cid753.png,high,high,0.8907818791164898,exact,Glycerol,Glycerol,1.0,6,6,exact,exact,Glycerol,False,False,False,False,1.0,True,True,0,1,,,,[H]OCC(O)CO[H]
glycine_cid750,,,glycine_cid750.png,high,high,0.8981934182730893,exact,Glycine,Glycine,1.0,5,5,exact,exact,Glycine,False,False,False,False,1.0,True,True,0,1,,,,[H]OC(=O)CN([H])[H]
glycopyrronium_cid3494,,,glycopyrronium_cid3494.png,high,high,0.8961555343431168,exact,Glycopyrronium,Glycopyrronium,1.0,23,23,exact,exact,Glycopyrronium,False,False,False,False,1.0,True,True,0,1,,,,[H]OC(C(=O)OC1([H])CC[N+](C)(C)C1)(c1ccccc1)C1CCCC1
glycyrrhizin_cid14982,,,glycyrrhizin_cid14982.png,low,low,0.340551362777775,stereo,Glycyrrhizin,Glycyrrhizin,1.0,58,58,stereo,stereo,Glycyrrhizin,False,False,False,False,1.0,True,True,0,1,,,,[H]C12C(=O)C=C3[C@@]4([H])C[C@@](C)(C(=O)O)CC[C@]4(C)CC[C@@]3(C)[C@]1(C)CC[C@@]1([H])C(C)(C)[C@H](O[C@H]3O[C@H](C(=O)O)[C@@H](O)[C@@H](O)[C@@H]3O[C@H]3O[C@H](C(=O)O)[C@@H](O)[C@@H](O)[C@H]3O)CC[C@]21C
glyphosate_cid3496,,,glyphosate_cid3496.png,high,high,0.8949661676576611,exact,Glyphosate,Glyphosate,1.0,10,10,exact,exact,Glyphosate,False,False,False,False,1.0,True,True,0,1,,,,[H]OC(=O)CN([H])CP(=O)(O[H])O[H]
goserelin_cid5311128,,,goserelin_cid5311128.png,low,low,0.01425211173582957,invalid,,,,,,invalid,invalid,,False,False,False,False,,False,,,,,,,[H]NC(N)=NCCCC(NC(=O)[CH]1(NC(=O)C(COC(C)(C)C)NC(=O)C(CC2=CC=C(O)C=C2)NC(=O)C(CO)NC(=O)C(CC2=CNC3=CC=CC=C23)NC(=O)C(CC2=CN=CN2)NC(=O)C2CCC(=O)N2)C2C3(C)CC2(C)C31)C(=O)N1CCCC1C(=O)NNC(N)=O
gramicidin_s_cid73357,,,gramicidin_s_cid73357.png,low,low,0.0001700155165133419,invalid,,,,,,invalid,invalid,,False,False,False,False,,False,,,,,,,[H]C1N2C(=O)NC(=O)C(CC(C)C)NC(=O)[CH]3(CCCN)NC(=O=C45(=O)(=O=C4(C(C(C)(C)C)NC4(=O)=O=C(NC(C6(C)CC(C)(C)C6)C2=O)C2([H])C6CCN2C2=O=C(=O)(N7CCCC674[H])C4(=CC=CC=C4)=C4=C2C=CC=C4)C5CC2=CC=CC=C2)N3)NC23([H])NC(=O)C(C(C)C)NC2(=O)=O=C13N[CH]CC
guaifenesin_cid3516,,,guaifenesin_cid3516.png,high,high,0.8815953027052588,exact,Guaifenesin,Guaifenesin,1.0,14,14,exact,exact,Guaifenesin,False,False,False,False,1.0,True,True,0,1,,,,[H]OCC(COc1ccccc1OC)O[H]
guanidine_hydrochloride_cid5742,,,guanidine_hydrochloride_cid5742.png,low,low,0.8311824518006756,wrong,,Guanidine Hydrochloride,0.545,5,5,salt,salt,Guanidine Hydrochloride,False,False,False,False,0.545,True,True,0,2,,,,[H]/N=C(\N[H])N([H])[H].[H]Cl
halichondrin_b_cid5488895,,,halichondrin_b_cid5488895.png,low,low,5.567993919074262e-82,invalid,,,,,,invalid,invalid,,False,False,False,False,,False,,,,,,,[H]CC1CC1C(C1C2[H]C1(C([H])([H])CCCCC([H])O[CH]13456789%10[CH]%11%12%13%14%15%16[CH]1%17%18%19%20%21[CH]31%22%23%24%25[CH]%1143%26%27%28[CH]%12%1754%11%29([CH]5%12%17([H])[CH]%30%31%32%33[CH]%34%35%36[CH]%305%37%38[CH]%34%315%30[CH]%31%34%39%40%41[CH]%35%32%37%42%43%44[CH]%36%33%38%12%32%35[CH]%17%42%12%33%36%37%38[H]%17[CH]%42%45%46%47%48%49%50%51[CH]%52%53%54%55%56%57%58%59[CH]%60%61%62[CH]%63%64%65%66%67%68[CH]C%63[CH]%60%64%52%42%63%69%70%71%72[CH]%61%65%53%42%52%60[CH]%66%54%63%53%61%64%65[CH]%62%67%42%55%69%54%63%66%73%74[CH]%68%53%56%45%70%42%55%62%67%69[CH]%17%12%46%45%53%56%68%70%75%76[CH]%31%32%33%12%17%46%77[CH]5%34%43%36%45%31%32%33[H]5[CH]%39%12%31%53%34%36%43%45[CH]5%61%17%47%56%54%42%12%31%39%53[H][CH]%52%64%57%34%48%71%68%63%55%125%17[CH]%60%65%58%36%49%72%70%66%62%31%12[CH]%40%35%37%46%32%43%50%75%73%67%395([H])[CH]%30%41%44%38%77%59%33%45%51%76%74%69%53%12%17)[CH]%13165%12%17[CH]%14%22%183716[CH]%23%19%265483C%15%24%20%27%12%1119C%16%25%21%28%17%2963%10[H])[H]2)C([H])([H])[H]
haloperidol_cid3559,,,haloperidol_cid3559.png,high,high,0.9153705337871214,exact,Haloperidol,Haloperidol,1.0,26,26,exact,exact,Haloperidol,False,False,False,False,1.0,True,True,0,1,,,,O=C(CCCN1CCC(O)(c2ccc(Cl)cc2)CC1)c1ccc(F)cc1
heme_b_cid4973,,,heme_b_cid4973.png,low,low,0.0141961432785904,invalid,,,,,,invalid,invalid,,False,False,False,False,,False,,,,,,,C=CC1=C(C)C2=[N]3C1=CC1=C(C)C(C=C)=C4C=C56C(C)=C(CCC(=O)O)C78=[N]5[Fe]3([N]67)([N]3=C(=C2)C(C)=C(CCC(=O)O)C3=C8)[N]14C.[H]
heparin_disaccharide_i_s_cid5288499,,,heparin_disaccharide_i_s_cid5288499.png,high,high,0.8866848056659835,wrong,,Heparin Disaccharide I-S,1.0,35,35,exact,exact,Heparin Disaccharide I-S,False,True,False,False,1.0,False,False,1,2,[H],,,[H].[H]O[C@H]1O[C@H](COS(=O)(=O)[O-])[C@@H](O[C@@H]2OC(C(=O)[O-])=C[C@H](O)[C@H]2OS(=O)(=O)[O-])[C@H](O)[C@H]1N([H])S(=O)(=O)[O-] |^1:0|
hexadecyltrimethylammonium_bromide_cid5974,,,hexadecyltrimethylammonium_bromide_cid5974.png,high,high,0.8806643945824966,exact,Hexadecyltrimethylammonium Bromide,Hexadecyltrimethylammonium Bromide,1.0,21,21,exact,exact,Hexadecyltrimethylammonium Bromide,False,False,False,False,1.0,True,True,0,2,,,,CCCCCCCCCCCCCCCC[N+](C)(C)C.[Br-]
hexamethylenetetramine_cid4101,,,hexamethylenetetramine_cid4101.png,low,low,0.5614349662116062,invalid,,,,,,invalid,invalid,,False,False,False,False,,False,,,,,,,C1N2CN3CN4(C2)CN1C34
histamine_cid774,,,histamine_cid774.png,high,high,0.8978433394047328,exact,Histamine,Histamine,1.0,8,8,exact,exact,Histamine,False,False,False,False,1.0,True,True,0,1,,,,[H]N([H])CCc1cncn1[H]
hydralazine_cid3637,,,hydralazine_cid3637.png,high,high,0.8820569490821186,exact,Hydralazine,Hydralazine,1.0,12,12,exact,exact,Hydralazine,False,False,False,False,1.0,True,True,0,1,,,,[H]NN([H])c1nncc2ccccc12
hydrogen_peroxide_cid784,,,hydrogen_peroxide_cid784.png,low,low,0.7861575091282303,wrong,,Hydrogen Peroxide,0.667,2,2,exact,exact,Hydrogen Peroxide,False,True,False,False,1.0,False,False,2,3,[H].[H],,,"OO.[H].[H] |^1:2,3|"
hydroxychloroquine_cid3652,,,hydroxychloroquine_cid3652.png,high,high,0.8802252089961706,wrong,,Hydroxychloroquine,0.98,23,23,exact,exact,Hydroxychloroquine,False,True,False,False,1.0,False,False,2,3,[H].[H],,,"[H].[H].[H]C(C)(CCCN(CC)CCO)Nc1ccnc2cc(Cl)ccc12 |^1:0,1|"
hydroxyurea_cid3657,,,hydroxyurea_cid3657.png,high,high,0.867857535103643,exact,Hydroxyurea,Hydroxyurea,1.0,5,5,exact,exact,Hydroxyurea,False,False,False,False,1.0,True,True,0,1,,,,[H]NC(=O)N([H])O[H]
hypericin_cid3663,,,hypericin_cid3663.png,low,low,0.7554950720214109,wrong,,Hypericin,0.962,38,38,exact,exact,Hypericin,False,True,False,False,1.0,False,False,4,5,[H].[H].[H].[H],,,"Cc1cc(=O)c2c(O)c3c(O)cc(O)c4c5c(O)cc(O)c6c(O)c7c(=O)cc(C)c8c1c2c(c34)c(c65)c78.[H].[H].[H].[H] |^1:38,39,40,41|"
ibrutinib_cid24821094,,,ibrutinib_cid24821094.png,high,high,0.8887173001594242,exact,Ibrutinib,Ibrutinib,1.0,33,33,exact,exact,Ibrutinib,False,False,False,False,1.0,True,True,0,1,,,,C=CC(=O)N1CCC[C@@H](n2nc(-c3ccc(Oc4ccccc4)cc3)c3c(N)ncnc32)C1
ibuprofen_cid3672,,,ibuprofen_cid3672.png,high,high,0.8829553015697132,exact,"Ibuprofen, (+-)-","Ibuprofen, (+-)-",1.0,15,15,exact,exact,"Ibuprofen, (+-)-",False,False,False,False,1.0,True,True,0,1,,,,CC(C)Cc1ccc(C(C)C(=O)O)cc1
ibutilide_cid60753,,,ibutilide_cid60753.png,high,high,0.9108897474703811,exact,Ibutilide,Ibutilide,1.0,26,26,exact,exact,Ibutilide,False,False,False,False,1.0,True,True,0,1,,,,CCCCCCCN(CC)CCCC(O)c1ccc(NS(C)(=O)=O)cc1
ifosfamide_cid3690,,,ifosfamide_cid3690.png,high,high,0.8908892738735502,exact,Ifosfamide,Ifosfamide,1.0,14,14,exact,exact,Ifosfamide,False,False,False,False,1.0,True,True,0,1,,,,[H]N(CCCl)P1(=O)OCCCN1CCCl
imatinib_cid5291,,,imatinib_cid5291.png,high,high,0.9082813018079128,exact,Imatinib,Imatinib,1.0,37,37,exact,exact,Imatinib,False,False,False,False,1.0,True,True,0,1,,,,Cc1ccc(NC(=O)c2ccc(CN3CCN(C)CC3)cc2)cc1Nc1nccc(-c2cccnc2)n1
imidacloprid_cid86287518,,,imidacloprid_cid86287518.png,high,high,0.8955477645451656,exact,Imidacloprid,Imidacloprid,1.0,17,17,exact,exact,Imidacloprid,False,False,False,False,1.0,True,True,0,1,,,,[H]N1CCN(Cc2ccc(Cl)nc2)/C1=N/[N+](=O)[O-]
imidazole_cid795,,,imidazole_cid795.png,high,high,0.8707828684431861,exact,Imidazole,Imidazole,1.0,5,5,exact,exact,Imidazole,False,False,False,False,1.0,True,True,0,1,,,,[H]n1ccnc1
imipramine_cid3696,,,imipramine_cid3696.png,high,high,0.8757730996599548,exact,Imipramine,Imipramine,1.0,21,21,exact,exact,Imipramine,False,False,False,False,1.0,True,True,0,1,,,,CN(C)CCCN1c2ccccc2CCc2ccccc21
indigo_carmine_cid2723854,,,indigo_carmine_cid2723854.png,high,high,0.8847622763970866,wrong,,Indigo carmine,0.976,29,30,salt,salt,Indigo carmine,False,True,False,False,1.0,False,False,2,3,[H],,,O=C1C(c2[nH]c3ccc(S(=O)(=O)[O-])cc3c2O)=Nc2ccc(S(=O)(=O)[O-])cc21.[H].[Na+] |^1:28|
indigo_cid10215,,,indigo_cid10215.png,high,high,0.9103197418704679,exact,Indigo,Indigo,1.0,20,20,exact,exact,Indigo,False,False,False,False,1.0,True,True,0,1,,,,[H]n1c(C2=Nc3ccccc3C2=O)c(O)c2ccccc21
indole_cid798,,,indole_cid798.png,high,high,0.8470518618295662,exact,Indole,Indole,1.0,9,9,exact,exact,Indole,False,False,False,False,1.0,True,True,0,1,,,,[H]n1ccc2ccccc21
indomethacin_cid3715,,,indomethacin_cid3715.png,high,high,0.8967567968147224,wrong,,Indomethacin,0.978,25,25,exact,exact,Indomethacin,False,True,False,False,1.0,False,False,1,2,[H],,,COc1ccc2c(c1)c(CC(=O)O)c(C)n2C(=O)c1ccc(Cl)cc1.[H] |^1:25|
irbesartan_cid3749,,,irbesartan_cid3749.png,high,high,0.9066979209571941,exact,Irbesartan,Irbesartan,1.0,32,32,exact,exact,Irbesartan,False,False,False,False,1.0,True,True,0,1,,,,CCCCC1=NC2(CCCC2)C(=O)N1Cc1ccc(-c2ccccc2-c2nn[nH]n2)cc1
iron_pentacarbonyl_cid26040,,,iron_pentacarbonyl_cid26040.png,high,high,0.8854734492002433,wrong,,Iron pentacarbonyl,0.167,10,11,wrong,wrong,,False,False,False,False,0.167,False,False,11,5,,C=O.C=O.C=O.C=O,,C=O.C=O.C=O.C=O.C=O
isoniazid_cid3767,,,isoniazid_cid3767.png,low,low,0.7997443323155629,exact,Isoniazid,Isoniazid,1.0,10,10,exact,exact,Isoniazid,False,False,False,False,1.0,True,True,0,1,,,,[H]N([H])N([H])C(=O)c1ccncc1
isosorbide_dinitrate_cid6883,,,isosorbide_dinitrate_cid6883.png,low,low,0.839848544636254,exact,Isosorbide Dinitrate,Isosorbide Dinitrate,1.0,16,16,exact,exact,Isosorbide Dinitrate,False,False,False,False,1.0,True,True,0,1,,,,[H][C@]12OC[C@@H](O[N+](=O)[O-])[C@@]1([H])OC[C@@H]2O[N+](=O)[O-]
isosorbide_mononitrate_cid27661,,,isosorbide_mononitrate_cid27661.png,high,high,0.8705620285157774,exact,Isosorbide Mononitrate,Isosorbide Mononitrate,1.0,13,13,exact,exact,Isosorbide Mononitrate,False,False,False,False,1.0,True,True,0,1,,,,[H]O[C@H]1CO[C@]2([H])[C@H](O[N+](=O)[O-])CO[C@]12[H]
isradipine_cid3784,,,isradipine_cid3784.png,high,high,0.8996917168056001,exact,Isradipine,Isradipine,1.0,27,27,exact,exact,Isradipine,False,False,False,False,1.0,True,True,0,1,,,,COC(=O)C1=C(C)NC(C)=C(C(=O)OC(C)C)C1c1cccc2nonc12
ivosidenib_cid71657455,,,ivosidenib_cid71657455.png,high,high,0.8922434623851208,wrong,,Ivosidenib,0.776,35,41,wrong,wrong,,False,False,False,False,0.776,False,False,10,1,,,,[H]NC(=O)[C@H](c1ccccc1Cl)N(C(=O)[C@@H]1CCC(=O)N1c1cc(C#N)ccn1)c1cncc(F)c1
ixabepilone_cid6445540,,,ixabepilone_cid6445540.png,high,high,0.8736600712018037,stereo,Ixabepilone,Ixabepilone,1.0,35,35,stereo,stereo,Ixabepilone,False,False,False,False,1.0,True,True,0,1,,,,[H]O[C@H]1[C@@H](C)CCC[C@@]2(C)O[C@@]2([H])C[C@@H](C(C)=C([H])c2csc(C)n2)NC(=O)C[C@H](O)C(C)(C)C(=O)[C@@H]1C
ketamine_cid3821,,,ketamine_cid3821.png,low,low,0.7685121149613027,exact,Ketamine,Ketamine,1.0,16,16,exact,exact,Ketamine,False,False,False,False,1.0,True,True,0,1,,,,CNC1(c2ccccc2Cl)CCCCC1=O
ketorolac_cid3826,,,ketorolac_cid3826.png,high,high,0.8827067246652991,exact,Ketorolac,Ketorolac,1.0,19,19,exact,exact,Ketorolac,False,False,False,False,1.0,True,True,0,1,,,,[H]OC(=O)C1([H])CCn2c(C(=O)c3ccccc3)ccc21
l_alanine_cid5950,,,l_alanine_cid5950.png,high,high,0.8621554469018059,exact,L-Alanine,L-Alanine,1.0,6,6,exact,exact,L-Alanine,False,False,False,False,1.0,True,True,0,1,,,,[H]OC(=O)[C@H](C)N([H])[H]
l_arginine_cid6322,,,l_arginine_cid6322.png,high,high,0.8565293712370663,wrong,,L-Arginine,0.96,12,12,exact,exact,L-Arginine,False,True,False,False,1.0,False,False,1,2,[H],,,[H].[H]NC(=NCCC[C@H](N[H])C(=O)O)N[H] |^1:0|
l_ascorbic_acid_cid54670067,,,l_ascorbic_acid_cid54670067.png,high,high,0.8624155519973823,wrong,,L-Ascorbic Acid,0.962,12,12,exact,exact,L-Ascorbic Acid,False,True,False,False,1.0,False,False,1,2,[H],,,[H].[H]OC1=C(O)[C@@]([H])([C@H](CO)O[H])OC1=O |^1:0|
l_aspartic_acid_cid5960,,,l_aspartic_acid_cid5960.png,high,high,0.8965561888288758,exact,L-Aspartic Acid,L-Aspartic Acid,1.0,9,9,exact,exact,L-Aspartic Acid,False,False,False,False,1.0,True,True,0,1,,,,[H]N[C@@H](CC(=O)O[H])C(=O)O[H]
l_glutamic_acid_cid33032,,,l_glutamic_acid_cid33032.png,high,high,0.8458941720188269,exact,L-Glutamic Acid,L-Glutamic Acid,1.0,10,10,exact,exact,L-Glutamic Acid,False,False,False,False,1.0,True,True,0,1,,,,[H]N[C@@H](CCC(=O)O[H])C(=O)O[H]
l_glutamine_cid5961,,,l_glutamine_cid5961.png,high,high,0.8846944417187451,exact,L-Glutamine,L-Glutamine,1.0,10,10,exact,exact,L-Glutamine,False,False,False,False,1.0,True,True,0,1,,,,[H]N[C@@H](CCC(=O)N([H])[H])C(=O)O[H]
l_histidine_cid6274,,,l_histidine_cid6274.png,high,high,0.8739767375983788,exact,L-Histidine,L-Histidine,1.0,11,11,exact,exact,L-Histidine,False,False,False,False,1.0,True,True,0,1,,,,[H]N[C@@H](Cc1cncn1[H])C(=O)O[H]
l_isoleucine_cid6306,,,l_isoleucine_cid6306.png,low,low,0.8259312767625789,exact,L-Isoleucine,L-Isoleucine,1.0,9,9,exact,exact,L-Isoleucine,False,False,False,False,1.0,True,True,0,1,,,,[H]N[C@H](C(=O)O[H])[C@@H](C)CC
l_leucine_cid6106,,,l_leucine_cid6106.png,high,high,0.8580471196694317,exact,L-Leucine,L-Leucine,1.0,9,9,exact,exact,L-Leucine,False,False,False,False,1.0,True,True,0,1,,,,[H]N[C@@H](CC(C)C)C(=O)O[H]
l_lysine_cid5962,,,l_lysine_cid5962.png,high,high,0.8880764464115667,exact,L-Lysine,L-Lysine,1.0,10,10,exact,exact,L-Lysine,False,False,False,False,1.0,True,True,0,1,,,,[H]NCCCC[C@H](N[H])C(=O)O[H]
l_methionine_cid6137,,,l_methionine_cid6137.png,high,high,0.8521450854713999,exact,L-Methionine,L-Methionine,1.0,9,9,exact,exact,L-Methionine,False,False,False,False,1.0,True,True,0,1,,,,[H]N[C@@H](CCSC)C(=O)O[H]
l_phenylalanine_cid6140,,,l_phenylalanine_cid6140.png,low,low,0.8221507501345894,exact,L-Phenylalanine,L-Phenylalanine,1.0,12,12,exact,exact,L-Phenylalanine,False,False,False,False,1.0,True,True,0,1,,,,[H]N[C@@H](Cc1ccccc1)C(=O)O[H]
l_proline_cid145742,,,l_proline_cid145742.png,high,high,0.8903707052281444,exact,L-Proline,L-Proline,1.0,8,8,exact,exact,L-Proline,False,False,False,False,1.0,True,True,0,1,,,,[H]OC(=O)[C@@H]1CCCN1[H]
l_serine_cid5951,,,l_serine_cid5951.png,high,high,0.8812201371659119,exact,L-Serine,L-Serine,1.0,7,7,exact,exact,L-Serine,False,False,False,False,1.0,True,True,0,1,,,,[H]N[C@@H](CO[H])C(=O)O[H]
l_threonine_cid6288,,,l_threonine_cid6288.png,high,high,0.8812598755195346,exact,L-Threonine,L-Threonine,1.0,8,8,exact,exact,L-Threonine,False,False,False,False,1.0,True,True,0,1,,,,[H]N[C@H](C(=O)O[H])[C@@H](C)O[H]
l_tryptophan_cid6305,,,l_tryptophan_cid6305.png,high,high,0.8820177044165121,exact,L-Tryptophan,L-Tryptophan,1.0,15,15,exact,exact,L-Tryptophan,False,False,False,False,1.0,True,True,0,1,,,,[H]N[C@@H](Cc1cn([H])c2ccccc12)C(=O)O[H]
l_tyrosine_cid6057,,,l_tyrosine_cid6057.png,high,high,0.869822836702429,exact,L-Tyrosine,L-Tyrosine,1.0,13,13,exact,exact,L-Tyrosine,False,False,False,False,1.0,True,True,0,1,,,,[H]OC(=O)[C@H](Cc1ccc(O)cc1)N([H])[H]
l_valine_cid6287,,,l_valine_cid6287.png,high,high,0.874495168769898,exact,L-Valine,L-Valine,1.0,8,8,exact,exact,L-Valine,False,False,False,False,1.0,True,True,0,1,,,,[H]OC(=O)[C@H](C(C)C)N([H])[H]
labetalol_cid3869,,,labetalol_cid3869.png,high,high,0.9001176337550373,wrong,,Labetalol,0.978,24,24,exact,exact,Labetalol,False,True,False,False,1.0,False,False,6,4,[HH].[HH].[HH],,,CC(CCc1ccccc1)NCC(O)c1ccc(O)c(C(N)=O)c1.[HH].[HH].[HH]
lamotrigine_cid3878,,,lamotrigine_cid3878.png,high,high,0.8912780867037372,exact,Lamotrigine,Lamotrigine,1.0,16,16,exact,exact,Lamotrigine,False,False,False,False,1.0,True,True,0,1,,,,[H]Nc1nnc(-c2cccc(Cl)c2Cl)c(N[H])n1
lansoprazole_cid3883,,,lansoprazole_cid3883.png,high,high,0.9065558659522832,exact,Lansoprazole,Lansoprazole,1.0,25,25,exact,exact,Lansoprazole,False,False,False,False,1.0,True,True,0,1,,,,Cc1c(OCC(F)(F)F)ccnc1CS(=O)c1nc2ccccc2[nH]1
lapatinib_cid208908,,,lapatinib_cid208908.png,high,high,0.9150663395846157,wrong,,Lapatinib,0.783,40,40,wrong,wrong,,False,False,False,False,0.783,False,False,2,1,,,,C[SH](=O)(O)CCNCc1ccc(-c2ccc3ncnc(Nc4ccc(OCc5cccc(F)c5)c(Cl)c4)c3c2)o1
lazertinib_cid121269225,,,lazertinib_cid121269225.png,high,high,0.8982252938452163,exact,Lazertinib,Lazertinib,1.0,41,41,exact,exact,Lazertinib,False,False,False,False,1.0,True,True,0,1,,,,C=CC(=O)Nc1cc(Nc2nccc(-n3cc(CN(C)C)c(-c4ccccc4)n3)n2)c(OC)cc1N1CCOCC1
ledipasvir_cid67505836,,,ledipasvir_cid67505836.png,low,low,7.332360210245981e-06,invalid,,,,,,invalid,invalid,,False,False,False,False,,False,,,,,,,[H]C(NC(=O)C(NC(=O)OC)C(C)C)C1=NC=C(C2=CC3=C(C=C2)C2=C(C=C(C45=CC67=C89%10(=C(C8=C4)N69C4689N7%11C47%12%13%14%15[H]C%1164%16%17(=O86=C74(N%10)C69%164([H])N%12%17(C(=O)C(NC(=O)OC)C(C)C)C6789(CC%10C6%11CC%10%11([H])C)CC76([H])CC8C694%13[H])([H]%14)[H]%15)C=C5)C=C2)C3(F)F)N1
lenalidomide_cid216326,,,lenalidomide_cid216326.png,high,high,0.9033065746474758,exact,Lenalidomide,Lenalidomide,1.0,19,19,exact,exact,Lenalidomide,False,False,False,False,1.0,True,True,0,1,,,,[H]Nc1cccc2c1CN(C1CCC(=O)N([H])C1=O)C2=O
letrozole_cid3902,,,letrozole_cid3902.png,high,high,0.9102998663893496,exact,Letrozole,Letrozole,1.0,22,22,exact,exact,Letrozole,False,False,False,False,1.0,True,True,0,1,,,,N#Cc1ccc(C(c2ccc(C#N)cc2)n2cncn2)cc1
leu_enkephalin_cid461776,,,leu_enkephalin_cid461776.png,low,low,0.5784997029793129,stereo,Leu-Enkephalin,Leu-Enkephalin,1.0,40,40,stereo,stereo,Leu-Enkephalin,False,False,False,False,1.0,True,True,0,1,,,,[H]N(CC(=O)NCC(=O)N[C@H](Cc1ccccc1)C(=O)N[C@@H](CC(C)C)C(=O)O)C(=O)[C@@H](N)Cc1ccc(O)cc1
leukotriene_b4_cid5280492,,,leukotriene_b4_cid5280492.png,high,high,0.8800548896489047,exact,Leukotriene B4,Leukotriene B4,1.0,24,24,exact,exact,Leukotriene B4,False,False,False,False,1.0,True,True,0,1,,,,[H]/C(CCCCC)=C(\[H])C[C@@H](O)/C([H])=C([H])/C([H])=C([H])/C([H])=C(/[H])[C@@H](O)CCCC(=O)O
leuprolide_cid657181,,,leuprolide_cid657181.png,low,low,0.5122978199711425,invalid,,,,,,invalid,invalid,,False,False,False,False,,False,,,,,,,[H]OC1=CC=C(CC(NC(=O)C(CO)NC(=O)C(CC2=CNC3=CC=CC=C23)NC(=O)C(CC2=CN=CN2)NC(=O)C2CCC(=O)N2)C(=O)(=O)NC(CC(C)C)C(=O)NC(CC(C)C)C(=O)NC(CCCN=C(N)N)C(=O)N2CCCC2C(=O)NCC)C=C1
levetiracetam_cid5284583,,,levetiracetam_cid5284583.png,high,high,0.8992640349362863,exact,Levetiracetam,Levetiracetam,1.0,12,12,exact,exact,Levetiracetam,False,False,False,False,1.0,True,True,0,1,,,,[H]N([H])C(=O)[C@H](CC)N1CCCC1=O
levodopa_cid6047,,,levodopa_cid6047.png,high,high,0.8813549761104128,wrong,,Levodopa,0.964,14,14,exact,exact,Levodopa,False,True,False,False,1.0,False,False,1,2,[H],,,[H].[H]N[C@@H](Cc1ccc(O)c(O[H])c1)C(=O)O[H] |^1:0|
levonorgestrel_cid13109,,,levonorgestrel_cid13109.png,low,low,0.8338561157029841,wrong,,Levonorgestrel,0.979,23,23,exact,exact,Levonorgestrel,False,True,False,False,1.0,False,False,1,2,[H],,,[H].[H][C@@]12CCC3=CC(=O)CC[C@]3([H])[C@@]1([H])CC[C@@]1(CC)[C@@]2([H])CC[C@@]1(O)C#C |^1:0|
lidocaine_cid3676,,,lidocaine_cid3676.png,high,high,0.8962108104157723,exact,Lidocaine,Lidocaine,1.0,17,17,exact,exact,Lidocaine,False,False,False,False,1.0,True,True,0,1,,,,CCN(CC)CC(=O)Nc1c(C)cccc1C
linagliptin_cid10096344,,,linagliptin_cid10096344.png,high,high,0.8855907741541342,wrong,,Linagliptin,0.985,35,35,exact,exact,Linagliptin,False,True,False,False,1.0,False,False,1,2,[H],,,CC#CCn1c(N2CCC[C@@H](N)C2)nc2c1c(=O)n(Cc1nc(C)c3ccccc3n1)c(=O)n2C.[H] |^1:35|
linalool_cid6549,,,linalool_cid6549.png,high,high,0.8912828657235684,exact,Linalool,Linalool,1.0,11,11,exact,exact,Linalool,False,False,False,False,1.0,True,True,0,1,,,,[H]OC(C)(C=C)CCC=C(C)C
linoleic_acid_cid5280450,,,linoleic_acid_cid5280450.png,high,high,0.8937625691029216,wrong,,Linoleic Acid,0.963,20,20,exact,exact,Linoleic Acid,False,True,False,False,1.0,False,False,1,2,[H],,,[H].[H]/C(CCCCC)=C(\[H])C/C([H])=C(/[H])CCCCCCCC(=O)O |^1:0|
liothyronine_cid5920,,,liothyronine_cid5920.png,high,high,0.8947041188204867,wrong,,Liothyronine,0.975,23,23,exact,exact,Liothyronine,False,True,False,False,1.0,False,False,1,2,[H],,,[H].[H]N[C@@H](Cc1cc(I)c(Oc2ccc(O)c(I)c2)c(I)c1)C(=O)O[H] |^1:0|
lipoic_acid_cid6112,,,lipoic_acid_cid6112.png,low,low,0.6285571832036753,exact,Lipoic acid,Lipoic acid,1.0,12,12,exact,exact,Lipoic acid,False,False,False,False,1.0,True,True,0,1,,,,O=C(O)CCCC[C@@H]1CCSS1
lithium_carbonate_cid11125,,,lithium_carbonate_cid11125.png,high,high,0.8917553797376873,exact,Lithium Carbonate,Lithium Carbonate,1.0,6,6,exact,exact,Lithium Carbonate,False,False,False,False,1.0,True,True,0,3,,[Li+],,O=C([O-])[O-].[Li+].[Li+]
lithium_citrate_cid13520,,,lithium_citrate_cid13520.png,low,low,0.7795568694651775,wrong,,Lithium Citrate,0.375,16,16,salt,salt,Lithium Citrate,False,False,False,False,0.375,True,False,3,4,,[Li+].[Li+],,[H]OC(CC(=O)O)(CC(=O)O)C(=O)O.[Li+].[Li+].[Li+]
loperamide_cid3955,,,loperamide_cid3955.png,high,high,0.8983479608413825,exact,Loperamide,Loperamide,1.0,34,34,exact,exact,Loperamide,False,False,False,False,1.0,True,True,0,1,,,,CN(C)C(=O)C(CCN1CCC(O)(c2ccc(Cl)cc2)CC1)(c1ccccc1)c1ccccc1
lopinavir_cid92727,,,lopinavir_cid92727.png,high,high,0.8815597514253309,wrong,,Lopinavir,0.985,46,46,exact,exact,Lopinavir,False,True,False,False,1.0,False,False,2,3,[H].[H],,,"Cc1cccc(C)c1OCC(=O)N[C@@H](Cc1ccccc1)[C@@H](O)C[C@H](Cc1ccccc1)NC(=O)[C@H](C(C)C)N1CCCNC1=O.[H].[H] |^1:46,47|"
loratadine_cid3957,,,loratadine_cid3957.png,high,high,0.9042032497685184,exact,Loratadine,Loratadine,1.0,27,27,exact,exact,Loratadine,False,False,False,False,1.0,True,True,0,1,,,,CCOC(=O)N1CCC(=C2c3ccc(Cl)cc3CCc3cccnc32)CC1
lorazepam_cid3958,,,lorazepam_cid3958.png,high,high,0.8955966375105806,exact,Lorazepam,Lorazepam,1.0,21,21,exact,exact,Lorazepam,False,False,False,False,1.0,True,True,0,1,,,,[H]OC1N=C(c2ccccc2Cl)c2cc(Cl)ccc2N([H])C1=O
lorlatinib_cid71731823,,,lorlatinib_cid71731823.png,high,high,0.8691468608186783,wrong,,Lorlatinib,0.984,30,30,exact,exact,Lorlatinib,False,True,False,False,1.0,False,False,2,3,[H].[H],,,"C[C@H]1Oc2cc(cnc2N)-c2c(nn(C)c2C#N)CN(C)C(=O)c2ccc(F)cc21.[H].[H] |^1:30,31|"
losartan_cid3961,,,losartan_cid3961.png,high,high,0.9183020884084633,exact,Losartan,Losartan,1.0,30,30,exact,exact,Losartan,False,False,False,False,1.0,True,True,0,1,,,,[H]OCc1c(Cl)nc(CCCC)n1Cc1ccc(-c2ccccc2-c2nn[nH]n2)cc1
lovastatin_cid53232,,,lovastatin_cid53232.png,high,high,0.8767959231295177,exact,Lovastatin,Lovastatin,1.0,29,29,exact,exact,Lovastatin,False,False,False,False,1.0,True,True,0,1,,,,[H]O[C@H]1CC(=O)O[C@H](CC[C@H]2[C@@H](C)C=CC3=C[C@H](C)C[C@H](OC(=O)[C@@H](C)CC)[C@@]32[H])C1
loxapine_cid3964,,,loxapine_cid3964.png,high,high,0.887799507235698,exact,Loxapine,Loxapine,1.0,23,23,exact,exact,Loxapine,False,False,False,False,1.0,True,True,0,1,,,,CN1CCN(C2=Nc3ccccc3Oc3ccc(Cl)cc32)CC1
lurbinectedin_cid57327016,,,lurbinectedin_cid57327016.png,low,low,2.562643359580311e-05,invalid,,,,,,invalid,invalid,,False,False,False,False,,False,,,,,,,[H]NC1(CO[H])CSC2([H])C34=C(OC(C)=O)C(C)=C5OCOC5=C3C3([H])COC5=N6=C7C(O)N3C1238([H])C4([H])SCC312(N[H])CC3=C(C(O)=C(OC)C(C)=C3)C183=C571=C64=C(C=C(OC)C=C4)C1=C32OC
lycopene_cid446925,,,lycopene_cid446925.png,low,low,0.758138180151875,wrong,,Lycopene,0.686,40,40,wrong,wrong,,False,False,False,False,0.686,False,False,2,1,,,,[H]CC(/C=C/C/C=C(C)/C([H])=C/C=C(C)/C=C/C=C(\C)CCC=C(C)C)=C\C([H])=C\C(C)=C\C/C=C(\C)CCC=C(C)C
magnesium_stearate_cid11177,,,magnesium_stearate_cid11177.png,low,low,0.8200130646342589,invalid,,,,,,invalid,invalid,,False,False,False,False,,False,,,,,,,C=C1(CCCCCCCCCCCCCCCCC)CC(NC(C)CCCCCCCCCCCCCCCCC)C1
malachite_green_cid11294,,,malachite_green_cid11294.png,high,high,0.895790750750738,exact,Malachite Green,Malachite Green,1.0,26,26,exact,exact,Malachite Green,False,False,False,False,1.0,True,True,0,2,,,,CN(C)c1ccc(C(=C2C=CC(=[N+](C)C)C=C2)c2ccccc2)cc1.[Cl-]
malathion_cid4004,,,malathion_cid4004.png,high,high,0.889482136134618,exact,Malathion,Malathion,1.0,19,19,exact,exact,Malathion,False,False,False,False,1.0,True,True,0,1,,,,CCOC(=O)CC(SP(=S)(OC)OC)C(=O)OCC
manganese_iii_acetylacetonate_cid12567224,,,manganese_iii_acetylacetonate_cid12567224.png,high,high,0.8777524573291139,exact,Manganese(III) acetylacetonate,Manganese(III) acetylacetonate,1.0,22,22,exact,exact,Manganese(III) acetylacetonate,False,False,False,False,1.0,True,True,0,4,,CC(=O)/C=C(/C)[O-].CC(=O)/C=C(/C)[O-],,[H]/C(C(C)=O)=C(\C)[O-].[H]/C(C(C)=O)=C(\C)[O-].[H]/C(C(C)=O)=C(\C)[O-].[Mn+3]
maprotiline_cid4011,,,maprotiline_cid4011.png,low,low,0.2232856658515146,invalid,,,,,,invalid,invalid,,False,False,False,False,,False,,,,,,,CNCCCC123C4=CC=CC=C4C14CCC421C2=C4=C15=CC=CC=C253=CC=C4
maytansine_cid5281828,,,maytansine_cid5281828.png,high,high,0.8465420682934557,exact,Maytansine,Maytansine,1.0,48,48,exact,exact,Maytansine,False,False,False,False,1.0,True,True,0,1,,,,[H]C1=C(/C)Cc2cc(OC)c(Cl)c(c2)N(C)C(=O)C[C@H](OC(=O)[C@H](C)N(C)C(C)=O)[C@]2(C)O[C@@]2([H])[C@H](C)[C@]2([H])C[C@@](O)(NC(=O)O2)[C@H](OC)\C([H])=C\1[H]
meclizine_cid4034,,,meclizine_cid4034.png,high,high,0.9144864376661739,exact,Meclizine,Meclizine,1.0,28,28,exact,exact,Meclizine,False,False,False,False,1.0,True,True,0,1,,,,Cc1cccc(CN2CCN(C(c3ccccc3)c3ccc(Cl)cc3)CC2)c1
medroxyprogesterone_cid10631,,,medroxyprogesterone_cid10631.png,high,high,0.8652906518252776,exact,Medroxyprogesterone,Medroxyprogesterone,1.0,25,25,exact,exact,Medroxyprogesterone,False,False,False,False,1.0,True,True,0,1,,,,[H][C@@]12C[C@H](C)C3=CC(=O)CC[C@]3(C)[C@@]1([H])CC[C@@]1(C)[C@@]2([H])CC[C@]1(O)C(C)=O
mefenamic_acid_cid4044,,,mefenamic_acid_cid4044.png,high,high,0.9073604030412332,exact,Mefenamic Acid,Mefenamic Acid,1.0,18,18,exact,exact,Mefenamic Acid,False,False,False,False,1.0,True,True,0,1,,,,Cc1cccc(Nc2ccccc2C(=O)O)c1C
megestrol_cid19090,,,megestrol_cid19090.png,high,high,0.8636890865672491,exact,Megestrol,Megestrol,1.0,25,25,exact,exact,Megestrol,False,False,False,False,1.0,True,True,0,1,,,,[H][C@@]12C=C(C)C3=CC(=O)CC[C@]3(C)[C@@]1([H])CC[C@@]1(C)[C@@]2([H])CC[C@]1(O)C(C)=O
melamine_cid7955,,,melamine_cid7955.png,high,high,0.8577829996870451,exact,Melamine,Melamine,1.0,9,9,exact,exact,Melamine,False,False,False,False,1.0,True,True,0,1,,,,[H]Nc1nc(N[H])nc(N[H])n1
melatonin_cid896,,,melatonin_cid896.png,high,high,0.903311930550976,exact,Melatonin,Melatonin,1.0,17,17,exact,exact,Melatonin,False,False,False,False,1.0,True,True,0,1,,,,COc1ccc2[nH]cc(CCNC(C)=O)c2c1
memantine_cid4054,,,memantine_cid4054.png,low,low,0.6922086148376244,exact,Memantine,Memantine,1.0,13,13,exact,exact,Memantine,False,False,False,False,1.0,True,True,0,1,,,,[H]NC12CC3CC(C)(CC(C)(C3)C1)C2
menthol_cid1254,,,menthol_cid1254.png,low,low,0.8309039773813895,exact,Menthol,Menthol,1.0,11,11,exact,exact,Menthol,False,False,False,False,1.0,True,True,0,1,,,,[H]C1(C)CCC([H])(C(C)C)C([H])(O)C1
meperidine_cid4058,,,meperidine_cid4058.png,high,high,0.899133029386818,exact,Meperidine,Meperidine,1.0,18,18,exact,exact,Meperidine,False,False,False,False,1.0,True,True,0,1,,,,CCOC(=O)C1(c2ccccc2)CCN(C)CC1
mepivacaine_cid4062,,,mepivacaine_cid4062.png,high,high,0.9123385395405581,exact,Mepivacaine,Mepivacaine,1.0,18,18,exact,exact,Mepivacaine,False,False,False,False,1.0,True,True,0,1,,,,Cc1cccc(C)c1NC(=O)C1CCCCN1C
metformin_cid4091,,,metformin_cid4091.png,low,low,0.8430383478385828,wrong,,Metformin,0.682,9,9,charge,charge,Metformin,False,False,False,False,0.682,True,True,0,1,,,,[H]/N=C(/N=C(N[H])N[H])N(C)C
methadone_cid4095,,,methadone_cid4095.png,high,high,0.8630139153251877,exact,Methadone,Methadone,1.0,23,23,exact,exact,Methadone,False,False,False,False,1.0,True,True,0,1,,,,CCC(=O)C(CC(C)N(C)C)(c1ccccc1)c1ccccc1
methanol_d4_cid71568,,,methanol_d4_cid71568.png,low,low,0.8365781530328295,wrong,,Methanol-D4,0.556,2,2,skeleton,skeleton,,False,False,False,False,0.556,True,True,0,1,,,,[2H]C([2H])([2H])O
methocarbamol_cid4107,,,methocarbamol_cid4107.png,high,high,0.9106491585416162,wrong,,Methocarbamol,0.97,17,17,exact,exact,Methocarbamol,False,True,False,False,1.0,False,False,2,3,[H].[H],,,"[H].[H].[H]OC(COC(N)=O)COc1ccccc1OC |^1:0,1|"
methylene_blue_cid6099,,,methylene_blue_cid6099.png,high,high,0.8955464878075629,exact,Methylene Blue,Methylene Blue,1.0,21,21,exact,exact,Methylene Blue,False,False,False,False,1.0,True,True,0,2,,,,CN(C)c1ccc2nc3ccc(=[N+](C)C)cc-3sc2c1.[Cl-]
methylphenidate_cid4158,,,methylphenidate_cid4158.png,high,high,0.8986246695129866,exact,Methylphenidate,Methylphenidate,1.0,17,17,exact,exact,Methylphenidate,False,False,False,False,1.0,True,True,0,1,,,,COC(=O)C(c1ccccc1)C1CCCCN1
methylprednisolone_cid6741,,,methylprednisolone_cid6741.png,low,low,0.7018116165502223,exact,Methylprednisolone,Methylprednisolone,1.0,27,27,exact,exact,Methylprednisolone,False,False,False,False,1.0,True,True,0,1,,,,[H]O[C@H]1C[C@@]2(C)[C@@]([H])(CC[C@]2(O)C(=O)CO)[C@]2([H])C[C@H](C)C3=CC(=O)C=C[C@]3(C)[C@@]12[H]
metoprolol_cid4171,,,metoprolol_cid4171.png,high,high,0.8880713116430221,exact,Metoprolol,Metoprolol,1.0,19,19,exact,exact,Metoprolol,False,False,False,False,1.0,True,True,0,1,,,,[H]OC([H])(CNC(C)C)COc1ccc(CCOC)cc1
metoprolol_succinate_cid62937,,,metoprolol_succinate_cid62937.png,high,high,0.9010298796281858,wrong,,Metoprolol Succinate,0.977,46,46,near,near,,False,False,False,False,0.977,False,False,1,4,[H],COCCc1ccc(OCC(O)CNC(C)C)cc1,,COCCc1ccc(OCC(O)CNC(C)C)cc1.COCCc1ccc(OCC(O)CNC(C)C)cc1.O=C(O)CCC(=O)O.[H] |^1:46|
metronidazole_cid4173,,,metronidazole_cid4173.png,high,high,0.8770346679348366,exact,Metronidazole,Metronidazole,1.0,12,12,exact,exact,Metronidazole,False,False,False,False,1.0,True,True,0,1,,,,[H]OCCn1c([N+](=O)[O-])cnc1C
midostaurin_cid9829523,,,midostaurin_cid9829523.png,low,low,0.2302937882045218,invalid,,,,,,invalid,invalid,,False,False,False,False,,False,,,,,,,[H]C12CC(N(C)C(=O)C3=CC=CC=C3)C(OC)C3(C)C1(O2)N1C2=CC=CC=C2C2=C4C(=O)NCC4=C4C5=CC=CC=C5N3(C)C4=C21
minoxidil_cid4201,,,minoxidil_cid4201.png,high,high,0.8980462227860553,wrong,,Minoxidil,0.778,15,15,charge,charge,Minoxidil,False,True,False,False,0.8,False,False,1,2,[H],,,[H].[H]/N=c1\nc(N2CCCCC2)cc(N([H])[H])n1O |^1:0|
mirtazapine_cid4205,,,mirtazapine_cid4205.png,high,high,0.8873455573295204,exact,Mirtazapine,Mirtazapine,1.0,20,20,exact,exact,Mirtazapine,False,False,False,False,1.0,True,True,0,1,,,,CN1CCN2c3ncccc3Cc3ccccc3C2C1
mithramycin_cid163659,,,mithramycin_cid163659.png,low,low,0.05637053326697453,stereo,Mithramycin,Mithramycin,1.0,76,76,stereo,stereo,Mithramycin,False,False,False,False,1.0,True,True,0,1,,,,[H][C@]1([C@H](OC)C(=O)[C@H](O)[C@H](C)O)Cc2cc3cc(O[C@@H]4C[C@@H](O[C@@H]5C[C@H](O)[C@H](O)[C@@H](C)O5)[C@H](O)[C@@H](C)O4)c(C)c(O)c3c(O)c2C(=O)[C@@H]1O[C@@H]1C[C@@H](O[C@@H]2C[C@@H](O[C@@H]3C[C@](C)(O)[C@@H](O)[C@@H](C)O3)[C@H](O)[C@@H](C)O2)[C@@H](O)[C@@H](C)O1
mitomycin_c_cid5746,,,mitomycin_c_cid5746.png,high,high,0.8520436147869469,exact,Mitomycin C,Mitomycin C,1.0,24,24,exact,exact,Mitomycin C,False,False,False,False,1.0,True,True,0,1,,,,[H]NC1=C(C)C(=O)C2=C(C1=O)[C@@H](COC(N)=O)[C@@]1(OC)[C@H]3N[C@H]3CN21
mk_1775_cid24856436,,,mk_1775_cid24856436.png,high,high,0.8894007302986634,wrong,,MK 1775,0.985,37,37,exact,exact,MK 1775,False,True,False,False,1.0,False,False,1,2,[H],,,C=CCn1c(=O)c2cnc(Nc3ccc(N4CCN(C)CC4)cc3)nc2n1-c1cccc(C(C)(C)O)n1.[H] |^1:37|
mobocertinib_cid118607832,,,mobocertinib_cid118607832.png,high,high,0.8906194504582413,exact,Mobocertinib,Mobocertinib,1.0,43,43,exact,exact,Mobocertinib,False,False,False,False,1.0,True,True,0,1,,,,C=CC(=O)Nc1cc(Nc2ncc(C(=O)OC(C)C)c(-c3cn(C)c4ccccc34)n2)c(OC)cc1N(C)CCN(C)C
montelukast_cid5281040,,,montelukast_cid5281040.png,high,high,0.8929256160369621,wrong,,Montelukast,0.986,41,41,exact,exact,Montelukast,False,True,False,False,1.0,False,False,1,2,[H],,,[H].[H]/C(=C(/[H])c1ccc2ccc(Cl)cc2n1)c1cccc([C@@H](CCc2ccccc2C(C)(C)O)SCC2(CC(=O)O)CC2)c1 |^1:0|
n_21_ethyl_20_2_1_methoxyethyl_5_4_methylpiperazin_1_yl_3_py_cid164885345,,,n_21_ethyl_20_2_1_methoxyethyl_5_4_methylpiperazin_1_yl_3_py_cid164885345.png,low,low,0.02387262725381966,invalid,,,,,,invalid,invalid,,False,False,False,False,,False,,,,,,,[H]NCC1=NC(C23=C4C567=C=2C428=C5(C=C3)N3C(C)N4(CC)C59=C62%10CC(C)(C)(COC(=O)C2CCCN(C(=O)CNC(=O)C6CC6C)N2)C%10C=578=C34(C2=C(C(C)OC)N=CC(N3CCN(C)CC3)=C2)C92=C(C(C)OC)N=CC(N3CCN(C)CC3)=C2)=CS1
nadolol_cid39147,,,nadolol_cid39147.png,high,high,0.8954871605537248,exact,Nadolol,Nadolol,1.0,22,22,exact,exact,Nadolol,False,False,False,False,1.0,True,True,0,1,,,,[H]OC(CNC(C)(C)C)COc1cccc2c1C[C@H](O[H])[C@H](O[H])C2
nafcillin_cid8982,,,nafcillin_cid8982.png,high,high,0.8935381506987133,stereo,Nafcillin,Nafcillin,1.0,29,29,stereo,stereo,Nafcillin,False,False,False,False,1.0,True,True,0,1,,,,[H]OC(=O)[C@@H]1N2C(=O)[C@@H](NC(=O)c3c(OCC)ccc4ccccc34)[C@]2([H])SC1(C)C
nandrolone_cid9904,,,nandrolone_cid9904.png,low,low,0.6856828058083411,exact,Nandrolone,Nandrolone,1.0,20,20,exact,exact,Nandrolone,False,False,False,False,1.0,True,True,0,1,,,,[H][C@@]12CCC3=CC(=O)CC[C@]3([H])[C@@]1([H])CC[C@]1(C)[C@@H](O)CC[C@@]21[H]
naphthalene_cid931,,,naphthalene_cid931.png,low,low,0.8254291024423486,exact,Naphthalene,Naphthalene,1.0,10,10,exact,exact,Naphthalene,False,False,False,False,1.0,True,True,0,1,,,,c1ccc2ccccc2c1
naratriptan_cid4440,,,naratriptan_cid4440.png,high,high,0.8918543151618684,exact,Naratriptan,Naratriptan,1.0,23,23,exact,exact,Naratriptan,False,False,False,False,1.0,True,True,0,1,,,,[H]n1cc(C2CCN(C)CC2)c2cc(CCS(=O)(=O)NC)ccc21
nefazodone_cid4449,,,nefazodone_cid4449.png,high,high,0.9142741935939351,exact,Nefazodone,Nefazodone,1.0,33,33,exact,exact,Nefazodone,False,False,False,False,1.0,True,True,0,1,,,,CCc1nn(CCCN2CCN(c3cccc(Cl)c3)CC2)c(=O)n1CCOc1ccccc1
nevirapine_cid4463,,,nevirapine_cid4463.png,high,high,0.8792426543281023,exact,Nevirapine,Nevirapine,1.0,20,20,exact,exact,Nevirapine,False,False,False,False,1.0,True,True,0,1,,,,[H]N1C(=O)c2cccnc2N(C2CC2)c2nccc(C)c21
nicardipine_cid4474,,,nicardipine_cid4474.png,high,high,0.9127552427767976,exact,Nicardipine,Nicardipine,1.0,35,35,exact,exact,Nicardipine,False,False,False,False,1.0,True,True,0,1,,,,[H]C1(c2cccc([N+](=O)[O-])c2)C(C(=O)OC)=C(C)NC(C)=C1C(=O)OCCN(C)Cc1ccccc1
nickelocene_cid62390,,,nickelocene_cid62390.png,low,low,0.7375699357107538,wrong,,Nickelocene,0.8,11,11,wrong,near,,False,False,False,True,0.8,False,False,0,3,,c1cc[cH-]c1,[Ni+],[H][c-]1cccc1.[H][c-]1cccc1.[Ni+] |^1:12|
nicotine_cid89594,,,nicotine_cid89594.png,high,high,0.8611175728047921,exact,Nicotine,Nicotine,1.0,12,12,exact,exact,Nicotine,False,False,False,False,1.0,True,True,0,1,,,,CN1CCC[C@H]1c1cccnc1
nicotinic_acid_cid938,,,nicotinic_acid_cid938.png,high,high,0.84515111090313,exact,Nicotinic Acid,Nicotinic Acid,1.0,9,9,exact,exact,Nicotinic Acid,False,False,False,False,1.0,True,True,0,1,,,,[H]OC(=O)c1cccnc1
nifedipine_cid4485,,,nifedipine_cid4485.png,high,high,0.9070294185280832,exact,Nifedipine,Nifedipine,1.0,25,25,exact,exact,Nifedipine,False,False,False,False,1.0,True,True,0,1,,,,COC(=O)C1=C(C)NC(C)=C(C(=O)OC)C1c1ccccc1[N+](=O)[O-]
nilotinib_cid644241,,,nilotinib_cid644241.png,high,high,0.9061753646062456,exact,Nilotinib,Nilotinib,1.0,39,39,exact,exact,Nilotinib,False,False,False,False,1.0,True,True,0,1,,,,Cc1cn(-c2cc(NC(=O)c3ccc(C)c(Nc4nccc(-c5cccnc5)n4)c3)cc(C(F)(F)F)c2)cn1
nirmatrelvir_cid155903259,,,nirmatrelvir_cid155903259.png,high,high,0.8706636645732002,wrong,,Nirmatrelvir,0.985,35,35,exact,exact,Nirmatrelvir,False,True,False,False,1.0,False,False,2,2,[HH],,,[HH].[H]N(C(=O)[C@H]1N(C(=O)[C@@H](NC(=O)C(F)(F)F)C(C)(C)C)C[C@]2([H])C(C)(C)[C@]12[H])[C@H](C#N)C[C@@H]1CCNC1=O
nitazoxanide_cid41684,,,nitazoxanide_cid41684.png,low,low,0.824850368321081,invalid,,,,,,invalid,invalid,,False,False,False,False,,False,,,,,,,CC(=O)OC1=CC=CC=C1C(=O)NC1=NC=C(N(=O)[O-])S1
nitric_acid_cid944,,,nitric_acid_cid944.png,high,high,0.8686604760561355,exact,Nitric Acid,Nitric Acid,1.0,4,4,exact,exact,Nitric Acid,False,False,False,False,1.0,True,True,0,1,,,,[H]O[N+](=O)[O-]
nitrofurantoin_cid6604200,,,nitrofurantoin_cid6604200.png,high,low,0.8929331752886576,invalid,,,,,,invalid,invalid,,False,False,False,False,,False,,,,,,,[H]C(=NN1CC(=O)N([H])C1=O)C1=CC=C(N(=O)[O-])O1
nitroglycerin_cid4510,,,nitroglycerin_cid4510.png,low,low,0.8297506575359539,exact,Nitroglycerin,Nitroglycerin,1.0,15,15,exact,exact,Nitroglycerin,False,False,False,False,1.0,True,True,0,1,,,,O=[N+]([O-])OCC(CO[N+](=O)[O-])O[N+](=O)[O-]
nonactin_cid72519,,,nonactin_cid72519.png,low,low,0.3663223599935096,stereo,Nonactin,Nonactin,1.0,52,52,stereo,stereo,Nonactin,False,False,False,False,1.0,True,True,0,1,,,,[H][C@@]12CC[C@@]([H])(O1)[C@@H](C)C(=O)O[C@H](C)C[C@@]1([H])CC[C@]([H])(O1)[C@H](C)C(=O)O[C@@H](C)C[C@]1([H])CC[C@]([H])(O1)[C@@H](C)C(=O)O[C@H](C)C[C@@]1([H])CC[C@]([H])(O1)[C@H](C)C(=O)O[C@@H](C)C2
norepinephrine_cid439260,,,norepinephrine_cid439260.png,high,high,0.8715378664584489,wrong,,Norepinephrine,0.958,12,12,exact,exact,Norepinephrine,False,True,False,False,1.0,False,False,1,2,[H],,,[H].[H]NC[C@H](O[H])c1ccc(O)c(O[H])c1 |^1:0|
norethindrone_cid6230,,,norethindrone_cid6230.png,high,high,0.8754213683280758,wrong,,Norethindrone,0.978,22,22,exact,exact,Norethindrone,False,True,False,False,1.0,False,False,1,2,[H],,,[H].[H][C@@]12CCC3=CC(=O)CC[C@]3([H])[C@@]1([H])CC[C@@]1(C)[C@@]2([H])CC[C@@]1(O)C#C |^1:0|
nortriptyline_cid4543,,,nortriptyline_cid4543.png,high,high,0.8448377971225873,wrong,,Nortriptyline,0.967,20,20,exact,exact,Nortriptyline,False,True,False,False,1.0,False,False,2,2,[HH],,,[HH].[H]N(C)CCC=C1c2ccccc2CCc2ccccc21
nystatin_usp_inn_ban_jan_cid6433272,,,nystatin_usp_inn_ban_jan_cid6433272.png,low,low,0.3644956613365493,wrong,,Nystatin [USP:INN:BAN:JAN],0.726,84,65,wrong,wrong,,False,False,False,False,0.726,False,False,39,1,,,,"[H]N[C@@H]1[C@H](O)[C@H](OC2CC3O[C@@](O)(CC(O)C(O)CCC(O)CC(O)CC(O)CC(=O)O[C@@H](C)[C@H](C/C=C\C([H])=C\C/C=C([H])/C=C([H])/C=C([H])/C=C(\[H])CO[CH]O[CH]C)[C@@H](O)[C@@H](C)/C=C([H])/C=C(\[H])CC/C=C([H])/C=C([H])/C=C([H])/C=C/2[H])CC(O)C3C(=O)O)O[C@H](C)[C@@H]1O |^1:56,58|"
octreotide_cid448601,,,octreotide_cid448601.png,low,low,0.01030003160999681,invalid,,,,,,invalid,invalid,,False,False,False,False,,False,,,,,,,C.[H]NCCCCC1NC(=O)C(CC2=CNC3=CC=CC=C23)NC(=O)C(CC2=CC=CC=C2)NC(=O)C(NC(=O)C(CC2=CC=CC=C2)N[H])CSSC(C2N([H])C(=O)C2([H])([H])C(C)O)C(C(=O)NC(CO)C(C)O)NC(=O)C([H])(C(C)O)NC1=O
okadaic_acid_cid446512,,,okadaic_acid_cid446512.png,low,low,0.0006167936267655004,invalid,,,,,,invalid,invalid,,False,False,False,False,,False,,,,,,,[H].[H]C(OC1([H])OC(CC(C)(O)C(=O)O)CCC1O)C([H])C=CC1CCC23(CC4C567[H]C48([H])(C5C2)O6=C(=O)(C(O)CC(C)C2([H])OC4(CCCCO4)CCC2C)C(=C)C(O)[CH]78O3)O1.[H]C=CC(C)C1([H])CC(C)=CC([H])O1
oleic_acid_cid445639,,,oleic_acid_cid445639.png,high,high,0.9101017861691298,exact,Oleic Acid,Oleic Acid,1.0,20,20,exact,exact,Oleic Acid,False,False,False,False,1.0,True,True,0,1,,,,[H]/C(CCCCCCCC)=C(\[H])CCCCCCCC(=O)O
olmesartan_cid158781,,,olmesartan_cid158781.png,high,high,0.9061607261106295,wrong,,Olmesartan,0.983,33,33,exact,exact,Olmesartan,False,True,False,False,1.0,False,False,1,2,[H],,,[H].[H]OC(=O)c1c(C(C)(C)O)nc(CCC)n1Cc1ccc(-c2ccccc2-c2nn[nH]n2)cc1 |^1:0|
omeprazole_cid4594,,,omeprazole_cid4594.png,low,low,0.4714542213467179,wrong,,Omeprazole,0.778,24,24,wrong,wrong,,False,False,False,False,0.778,False,False,1,1,,,,COc1ccc2nc([S](O)Cc3ncc(C)c(OC)c3C)[nH]c2c1 |^1:8|
ondansetron_cid4595,,,ondansetron_cid4595.png,high,high,0.9094423785035064,exact,Ondansetron,Ondansetron,1.0,22,22,exact,exact,Ondansetron,False,False,False,False,1.0,True,True,0,1,,,,Cc1nccn1CC1CCc2c(c3ccccc3n2C)C1=O
oritavancin_cid16136912,,,oritavancin_cid16136912.png,low,low,9.058263462079565e-10,invalid,,,,,,invalid,invalid,,False,False,False,False,,False,,,,,,,[H]C1(C)CC(O2C3=C2=C3=C[CH]23([H])N4C5=O=C5(=O)NCC=CC(O)=C5C6=C78=C9%10(=O%11=C9(NC=%11%10[CH]79%10NC(=O)(=O)C42([H])(NCCNCCNC[CH]NCC(NC(=O)C(CC(C)C)NC)C(O)CC=CCOC[CH]O[CH][CH]O[CH]O[CH]C)C93N%102C3C[CH]24NC34)C=652=C3C=CC=23)C(O)=CC(O)=C8)OC(C)C1O
orphenadrine_cid4601,,,orphenadrine_cid4601.png,high,high,0.9029796726485232,exact,Orphenadrine,Orphenadrine,1.0,20,20,exact,exact,Orphenadrine,False,False,False,False,1.0,True,True,0,1,,,,Cc1ccccc1C(OCCN(C)C)c1ccccc1
osimertinib_cid71496458,,,osimertinib_cid71496458.png,high,high,0.8973167239882165,exact,Osimertinib,Osimertinib,1.0,37,37,exact,exact,Osimertinib,False,False,False,False,1.0,True,True,0,1,,,,C=CC(=O)Nc1cc(Nc2nccc(-c3cn(C)c4ccccc34)n2)c(OC)cc1N(C)CCN(C)C
osimertinib_mesylate_cid78357807,,,osimertinib_mesylate_cid78357807.png,low,low,0.8219772318988557,exact,Osimertinib Mesylate,Osimertinib Mesylate,1.0,42,42,exact,exact,Osimertinib Mesylate,False,False,False,False,1.0,True,True,0,2,,,,C=CC(=O)Nc1cc(Nc2nccc(-c3cn(C)c4ccccc34)n2)c(OC)cc1N(C)CCN(C)C.CS(=O)(=O)O
oxalic_acid_cid971,,,oxalic_acid_cid971.png,high,high,0.8612627189811295,exact,Oxalic Acid,Oxalic Acid,1.0,6,6,exact,exact,Oxalic Acid,False,False,False,False,1.0,True,True,0,1,,,,[H]OC(=O)C(=O)O[H]
oxandrolone_cid5878,,,oxandrolone_cid5878.png,high,high,0.8680324916891894,wrong,,Oxandrolone,0.975,22,22,exact,exact,Oxandrolone,False,True,False,False,1.0,False,False,1,2,[H],,,[H].[H][C@@]12CC[C@]3([H])[C@]([H])(CC[C@@]4(C)[C@@]3([H])CC[C@]4(C)O)[C@@]1(C)COC(=O)C2 |^1:0|
oxaprozin_cid4614,,,oxaprozin_cid4614.png,high,high,0.9113584051666312,exact,Oxaprozin,Oxaprozin,1.0,22,22,exact,exact,Oxaprozin,False,False,False,False,1.0,True,True,0,1,,,,[H]OC(=O)CCc1nc(-c2ccccc2)c(-c2ccccc2)o1
oxcarbazepine_cid34312,,,oxcarbazepine_cid34312.png,high,high,0.8744611771824419,exact,Oxcarbazepine,Oxcarbazepine,1.0,19,19,exact,exact,Oxcarbazepine,False,False,False,False,1.0,True,True,0,1,,,,[H]NC(=O)N1c2ccccc2CC(=O)c2ccccc21
oxytocin_cid439302,,,oxytocin_cid439302.png,low,low,0.2328318548812301,wrong,,Oxytocin,0.423,70,69,wrong,wrong,,False,False,False,False,0.423,False,False,5,1,,,,[H]N([H])[C@](C)(CS)C(=O)N[C@@H](Cc1ccc(O)cc1)C(=O)N[C@@]([H])(C(=O)N[C@@H](CCC(N)=O)C(=O)N[C@@H](CC(N)=O)C(=O)N[C@@H](CS)C(=O)N1CCC[C@H]1C(=O)N[C@@H](CC(C)C)C(=O)NCC(N)=O)[C@@H](C)CC
ozone_cid24823,,,ozone_cid24823.png,low,low,0.7980767526319404,invalid,,,,,,invalid,invalid,,False,False,False,False,,False,,,,,,,O=O[O-]
paclitaxel_cid36314,,,paclitaxel_cid36314.png,low,low,0.701886169214712,stereo,Paclitaxel,Paclitaxel,1.0,62,62,stereo,stereo,Paclitaxel,False,False,False,False,1.0,True,True,0,1,,,,[H][C@@]12[C@H](OC(=O)c3ccccc3)[C@]3(O)C[C@H](OC(=O)[C@H](O)[C@@H](NC(=O)c4ccccc4)c4ccccc4)C(C)=C([C@@H](OC(C)=O)C(=O)[C@]1(C)[C@@H](O)C[C@]1([H])OC[C@@]21OC(C)=O)C3(C)C
palmitic_acid_cid985,,,palmitic_acid_cid985.png,high,high,0.8779595281882917,exact,Palmitic Acid,Palmitic Acid,1.0,18,18,exact,exact,Palmitic Acid,False,False,False,False,1.0,True,True,0,1,,,,CCCCCCCCCCCCCCCC(=O)O
pantoprazole_cid4679,,,pantoprazole_cid4679.png,high,high,0.9056135502542662,exact,Pantoprazole,Pantoprazole,1.0,26,26,exact,exact,Pantoprazole,False,False,False,False,1.0,True,True,0,1,,,,COc1ccnc(CS(=O)c2nc3ccc(OC(F)F)cc3[nH]2)c1OC
pantothenic_acid_cid6613,,,pantothenic_acid_cid6613.png,high,high,0.8753942670975688,wrong,,Pantothenic Acid,0.966,15,15,exact,exact,Pantothenic Acid,False,True,False,False,1.0,False,False,2,3,[H].[H],,,"CC(C)(CO)[C@@H](O)C(=O)NCCC(=O)O.[H].[H] |^1:15,16|"
paraquat_cid15939,,,paraquat_cid15939.png,high,low,0.8866402511034582,invalid,,,,,,invalid,invalid,,False,False,False,False,,False,,,,,,,CN1=CC=C(C2=CC=[N+](C)C=C2)C=C1
paroxetine_cid43815,,,paroxetine_cid43815.png,high,high,0.9062946058776076,exact,Paroxetine,Paroxetine,1.0,24,24,exact,exact,Paroxetine,False,False,False,False,1.0,True,True,0,1,,,,Fc1ccc([C@@H]2CCNC[C@H]2COc2ccc3c(c2)OCO3)cc1
patulin_cid4696,,,patulin_cid4696.png,high,high,0.8984622051943572,exact,Patulin,Patulin,1.0,11,11,exact,exact,Patulin,False,False,False,False,1.0,True,True,0,1,,,,[H]OC1OCC=C2OC(=O)C=C21
pazopanib_cid10113978,,,pazopanib_cid10113978.png,high,high,0.9146513455608704,exact,Pazopanib,Pazopanib,1.0,31,31,exact,exact,Pazopanib,False,False,False,False,1.0,True,True,0,1,,,,Cc1ccc(Nc2nccc(N(C)c3ccc4c(C)n(C)nc4c3)n2)cc1S(N)(=O)=O
penicillin_g_cid5904,,,penicillin_g_cid5904.png,high,high,0.8965715199040153,exact,Penicillin G,Penicillin G,1.0,23,23,exact,exact,Penicillin G,False,False,False,False,1.0,True,True,0,1,,,,[H][C@]12SC(C)(C)[C@H](C(=O)O)N1C(=O)[C@H]2NC(=O)Cc1ccccc1
pentacene_cid8671,,,pentacene_cid8671.png,low,low,0.5932462824671174,invalid,,,,,,invalid,invalid,,False,False,False,False,,False,,,,,,,C1=CC=CC2=CC3=CC4=CC5=C(C=CC=C5)C=C4C=C3C=C=12
perfluorooctanesulfonic_acid_cid74483,,,perfluorooctanesulfonic_acid_cid74483.png,high,low,0.8454286222589616,invalid,,,,,,invalid,invalid,,False,False,False,False,,False,,,,,,,O=S(=O)(O)C(F)(F)C(F)(F)C(F)(F)C(F)(F)(F)C(F)(F)C(F)(F)C(F)(F)C(F)(F)F.[H]
perfluorooctanoic_acid_cid9554,,,perfluorooctanoic_acid_cid9554.png,low,low,0.8180345119630573,wrong,,Perfluorooctanoic acid,0.944,25,25,exact,exact,Perfluorooctanoic acid,False,True,False,False,1.0,False,False,1,2,[H],,,O=C(O)C(F)(F)C(F)(F)C(F)(F)C(F)(F)C(F)(F)C(F)(F)C(F)(F)F.[H] |^1:25|
pergolide_cid47811,,,pergolide_cid47811.png,high,high,0.8869527604526611,exact,Pergolide,Pergolide,1.0,22,22,exact,exact,Pergolide,False,False,False,False,1.0,True,True,0,1,,,,[H]n1cc2c3c(cccc31)[C@@]1([H])C[C@@H](CSC)CN(CCC)[C@]1([H])C2
permethrin_cid40326,,,permethrin_cid40326.png,high,high,0.9026569383221004,exact,Permethrin,Permethrin,1.0,26,26,exact,exact,Permethrin,False,False,False,False,1.0,True,True,0,1,,,,CC1(C)C(C=C(Cl)Cl)C1C(=O)OCc1cccc(Oc2ccccc2)c1
perylene_cid9142,,,perylene_cid9142.png,low,low,0.8202506299792345,exact,Perylene,Perylene,1.0,20,20,exact,exact,Perylene,False,False,False,False,1.0,True,True,0,1,,,,c1cc2cccc3c4cccc5cccc(c(c1)c23)c54
phenobarbital_cid4763,,,phenobarbital_cid4763.png,high,high,0.8952913336375161,exact,Phenobarbital,Phenobarbital,1.0,17,17,exact,exact,Phenobarbital,False,False,False,False,1.0,True,True,0,1,,,,[H]N1C(=O)N([H])C(=O)C(CC)(c2ccccc2)C1=O
phenol_cid996,,,phenol_cid996.png,low,low,0.8364215272408408,wrong,,Phenol,0.917,7,7,exact,exact,Phenol,False,True,False,False,1.0,False,False,2,2,[HH],,,Oc1ccccc1.[HH]
phenylephrine_cid6041,,,phenylephrine_cid6041.png,high,high,0.8791280015901679,exact,Phenylephrine,Phenylephrine,1.0,12,12,exact,exact,Phenylephrine,False,False,False,False,1.0,True,True,0,1,,,,[H]Oc1cccc([C@H](CN([H])C)O[H])c1
phenytoin_cid1775,,,phenytoin_cid1775.png,high,high,0.8901195123411226,exact,Phenytoin,Phenytoin,1.0,19,19,exact,exact,Phenytoin,False,False,False,False,1.0,True,True,0,1,,,,[H]N1C(=O)NC(=O)C1(c1ccccc1)c1ccccc1
phosphoric_acid_cid1004,,,phosphoric_acid_cid1004.png,low,low,0.8181956517644345,exact,Phosphoric Acid,Phosphoric Acid,1.0,5,5,exact,exact,Phosphoric Acid,False,False,False,False,1.0,True,True,0,1,,,,[H]OP(=O)(O[H])O[H]
phthalocyanine_cid86280045,,,phthalocyanine_cid86280045.png,low,low,0.6163868604455939,invalid,,,,,,invalid,invalid,,False,False,False,False,,False,,,,,,,C1=CC=C2C(=C1)C1=NC2=NC2=C3C=CC=CC3=C(=NC3=NC(N=C4NC(=N1)C1=CC=CC=C14)C1=CC=CC=C13)N2
pimozide_cid16362,,,pimozide_cid16362.png,high,high,0.8938891983962002,exact,Pimozide,Pimozide,1.0,34,34,exact,exact,Pimozide,False,False,False,False,1.0,True,True,0,1,,,,O=c1[nH]c2ccccc2n1C1CCN(CCCC(c2ccc(F)cc2)c2ccc(F)cc2)CC1
pioglitazone_cid4829,,,pioglitazone_cid4829.png,high,high,0.9031275005288274,exact,Pioglitazone,Pioglitazone,1.0,25,25,exact,exact,Pioglitazone,False,False,False,False,1.0,True,True,0,1,,,,CCc1ccc(CCOc2ccc(CC3SC(=O)NC3=O)cc2)nc1
piperacillin_cid43672,,,piperacillin_cid43672.png,high,high,0.8948953122541802,exact,Piperacillin,Piperacillin,1.0,36,36,exact,exact,Piperacillin,False,False,False,False,1.0,True,True,0,1,,,,[H][C@]12SC(C)(C)[C@H](C(=O)O)N1C(=O)[C@H]2NC(=O)[C@H](NC(=O)N1CCN(CC)C(=O)C1=O)c1ccccc1
platinum_ii_1_cyclobutanedicarboxylato_diammine_cis_cid426756,,,platinum_ii_1_cyclobutanedicarboxylato_diammine_cis_cid426756.png,low,low,0.0539392081692476,wrong,,"Platinum(II),1-cyclobutanedicarboxylato)diammine-, cis-",0.194,13,13,wrong,wrong,,False,False,False,False,0.194,False,False,2,1,,,,[H][NH][Pt+]1([NH][H])[O]C(=O)C2(CCC2)C(=O)[O]1
pomalidomide_cid134780,,,pomalidomide_cid134780.png,high,high,0.9071437219884182,exact,Pomalidomide,Pomalidomide,1.0,20,20,exact,exact,Pomalidomide,False,False,False,False,1.0,True,True,0,1,,,,[H]Nc1cccc2c1C(=O)N(C1CCC(=O)N([H])C1=O)C2=O
potassium_citrate_cid2735208,,,potassium_citrate_cid2735208.png,low,low,0.8270050609711086,wrong,,Potassium Citrate,0.667,18,17,wrong,wrong,,False,False,False,False,0.667,False,False,4,8,[H].[H].[H],[K+].[K+],,"O.[H].[H].[H].[H]OC(CC(=O)[O-])(CC(=O)[O][K+])C(=O)[O-].[K+].[K+].[K+] |^1:1,2,3,15|"
potassium_trichloro_ethylene_platinate_ii_hydrate_cid71311337,,,potassium_trichloro_ethylene_platinate_ii_hydrate_cid71311337.png,high,high,0.8672034356277671,wrong,,Potassium trichloro(ethylene)platinate(II) hydrate,0.455,8,8,wrong,wrong,,False,False,False,False,0.455,False,False,0,4,,,,C=C.[Cl][Pt]([Cl])[Cl].[H]O.[K+]
pravastatin_cid54687,,,pravastatin_cid54687.png,high,high,0.8819257460039284,exact,Pravastatin,Pravastatin,1.0,30,30,exact,exact,Pravastatin,False,False,False,False,1.0,True,True,0,1,,,,[H]OC(=O)C[C@@H](C[C@@H](CC[C@H]1[C@@H](C)C=CC2=C[C@@H](O[H])C[C@H](OC(=O)[C@@H](C)CC)[C@@]21[H])O[H])O[H]
praziquantel_cid4891,,,praziquantel_cid4891.png,high,high,0.9071634917992202,exact,Praziquantel,Praziquantel,1.0,23,23,exact,exact,Praziquantel,False,False,False,False,1.0,True,True,0,1,,,,O=C(C1CCCCC1)N1CC(=O)N2CCc3ccccc3C2C1
prazosin_cid4893,,,prazosin_cid4893.png,high,high,0.8995502587114935,wrong,,Prazosin,0.981,28,28,exact,exact,Prazosin,False,True,False,False,1.0,False,False,1,2,[H],,,COc1cc2nc(N3CCN(C(=O)c4ccco4)CC3)nc(N)c2cc1OC.[H] |^1:28|
prednisolone_cid5755,,,prednisolone_cid5755.png,low,low,0.5037255166342314,wrong,,Prednisolone,1.0,26,26,exact,exact,Prednisolone,False,True,False,False,1.0,False,False,1,2,[H],,,[H].[H]O[C@H]1C[C@@]2(C)[C@@]([H])(CC[C@]2(O)C(=O)CO)[C@]2([H])CCC3=CC(=O)C=C[C@]3(C)[C@@]12[H] |^1:0|
prednisone_cid5865,,,prednisone_cid5865.png,low,low,0.5149642566366504,wrong,,Prednisone,0.98,26,26,exact,exact,Prednisone,False,True,False,False,1.0,False,False,1,2,[H],,,[H].[H][C@@]12CC[C@](O)(C(=O)CO)[C@@]1(C)CC(=O)[C@@]1([H])[C@@]2([H])CCC2=CC(=O)C=C[C@@]21C |^1:0|
pregabalin_cid5486971,,,pregabalin_cid5486971.png,high,high,0.8686123440905518,exact,Pregabalin,Pregabalin,1.0,11,11,exact,exact,Pregabalin,False,False,False,False,1.0,True,True,0,1,,,,[H]N([H])C[C@H](CC(=O)O)CC(C)C
pregnenolone_cid8955,,,pregnenolone_cid8955.png,low,low,0.8232074314397906,wrong,,Pregnenolone,1.0,23,23,exact,exact,Pregnenolone,False,True,False,False,1.0,False,False,1,2,[H],,,[H].[H][C@@]12CC=C3C[C@@H](O)CC[C@]3(C)[C@@]1([H])CC[C@]1(C)[C@@H](C(C)=O)CC[C@@]21[H] |^1:0|
pretomanid_cid456199,,,pretomanid_cid456199.png,high,high,0.8937713762442598,exact,Pretomanid,Pretomanid,1.0,25,25,exact,exact,Pretomanid,False,False,False,False,1.0,True,True,0,1,,,,O=[N+]([O-])c1cn2c(n1)OC[C@@H](OCc1ccc(OC(F)(F)F)cc1)C2
prilocaine_cid4906,,,prilocaine_cid4906.png,high,high,0.8788103013833225,wrong,,Prilocaine,0.971,16,16,exact,exact,Prilocaine,False,True,False,False,1.0,False,False,2,2,[HH],,,CCCNC(C)C(=O)Nc1ccccc1C.[HH]
primidone_cid4909,,,primidone_cid4909.png,high,high,0.8898259269270918,exact,Primidone,Primidone,1.0,16,16,exact,exact,Primidone,False,False,False,False,1.0,True,True,0,1,,,,[H]N1CN([H])C(=O)C(CC)(c2ccccc2)C1=O
procarbazine_cid4915,,,procarbazine_cid4915.png,high,high,0.8951603435416227,exact,Procarbazine,Procarbazine,1.0,16,16,exact,exact,Procarbazine,False,False,False,False,1.0,True,True,0,1,,,,[H]N(C(=O)c1ccc(CN([H])N([H])C)cc1)C(C)C
progesterone_cid5994,,,progesterone_cid5994.png,high,high,0.8487954544577009,exact,Progesterone,Progesterone,1.0,23,23,exact,exact,Progesterone,False,False,False,False,1.0,True,True,0,1,,,,[H][C@@]12CCC3=CC(=O)CC[C@]3(C)[C@@]1([H])CC[C@]1(C)[C@@H](C(C)=O)CC[C@@]21[H]
propofol_cid4943,,,propofol_cid4943.png,high,high,0.9089566892107909,exact,Propofol,Propofol,1.0,13,13,exact,exact,Propofol,False,False,False,False,1.0,True,True,0,1,,,,[H]Oc1c(C(C)C)cccc1C(C)C
propranolol_cid4946,,,propranolol_cid4946.png,high,high,0.904477214990157,exact,Propranolol,Propranolol,1.0,19,19,exact,exact,Propranolol,False,False,False,False,1.0,True,True,0,1,,,,[H]C(O)(CNC(C)C)COc1cccc2ccccc12
pseudoephedrine_cid7028,,,pseudoephedrine_cid7028.png,low,low,0.8200758069923518,exact,Pseudoephedrine,Pseudoephedrine,1.0,12,12,exact,exact,Pseudoephedrine,False,False,False,False,1.0,True,True,0,1,,,,[H]O[C@@H](c1ccccc1)[C@H](C)N([H])C
pyrene_cid31423,,,pyrene_cid31423.png,high,high,0.8887918701291645,exact,Pyrene,Pyrene,1.0,16,16,exact,exact,Pyrene,False,False,False,False,1.0,True,True,0,1,,,,c1cc2ccc3cccc4ccc(c1)c2c34
pyridine_cid1049,,,pyridine_cid1049.png,low,low,0.8231994056441619,exact,Pyridine,Pyridine,1.0,6,6,exact,exact,Pyridine,False,False,False,False,1.0,True,True,0,1,,,,c1ccncc1
pyridinium_4_2_6r_7r_2_carboxy_7_2z_2_ethoxyimino_2_5_phosph_cid9852981,,,pyridinium_4_2_6r_7r_2_carboxy_7_2z_2_ethoxyimino_2_5_phosph_cid9852981.png,high,high,0.8523956299496988,wrong,,"Pyridinium, 4-(2-(((6R,7R)-2-carboxy-7-(((2Z)-2-(ethoxyimino)-2-(5-(phosphonoamino)-1,2,4-thiadiazol-3-yl)acetyl)amino)-8-oxo-5-thia-1-azabicyclo(4.2.0)oct-2-en-3-yl)thio)-4-thiazolyl)-1-methyl-, inner salt",0.703,42,43,wrong,wrong,,False,False,False,False,0.703,False,False,4,1,,,,[H]C12SCC(Sc3nc(-c4cc[n+](C)cc4)cs3)=C(C(=O)[O-])N1C(=O)[C@H]2NC(=O)/C(C/N=C(\S)NP(=O)(O)O)=N\OCC
pyridoxal_cid1050,,,pyridoxal_cid1050.png,high,high,0.8664314578906717,exact,Pyridoxal,Pyridoxal,1.0,12,12,exact,exact,Pyridoxal,False,False,False,False,1.0,True,True,0,1,,,,[H]OCc1cnc(C)c(O)c1C([H])=O
quetiapine_cid5002,,,quetiapine_cid5002.png,high,high,0.89389659789047,exact,Quetiapine,Quetiapine,1.0,27,27,exact,exact,Quetiapine,False,False,False,False,1.0,True,True,0,1,,,,OCCOCCN1CCN(C2=Nc3ccccc3Sc3ccccc32)CC1
quinapril_cid54892,,,quinapril_cid54892.png,low,low,0.6849415075345137,invalid,,,,,,invalid,invalid,,False,False,False,False,,False,,,,,,,CCOC(=O)C1N[CH](C)(C(=O)N2CC3=CC=CC=C3CC2C(=O)O)C1CC1=CC=CC=C1
quinupristin_cid5388937,,,quinupristin_cid5388937.png,low,low,0.001319136888425383,invalid,,,,,,invalid,invalid,,False,False,False,False,,False,,,,,,,[H]C12CC(=O)C(CS[CH]34C5CC6CCN53C64)CN1C(=O)[CH]1(CC3=C4=C5(=CC=C6(=C4=C(C=C3)N(C)CN6(C)C)C=C5)C1)N(C)C(=O)C1([H])CCCN1C(=O)C(CC)NC1(=O)[CH]345N6C(=O)C7=C(O)(=C8(=C(O)C=CC=N8)C(=O)NC(CN[CH]CC)[CH]3(C)(OC(=O)C(C3=CC=CC=C3)NC2=O)[CH]614[CH]5(C)(C)O)C=CC=N7
rabeprazole_cid5029,,,rabeprazole_cid5029.png,high,high,0.9058971380687636,exact,Rabeprazole,Rabeprazole,1.0,25,25,exact,exact,Rabeprazole,False,False,False,False,1.0,True,True,0,1,,,,COCCCOc1ccnc(CS(=O)c2nc3ccccc3[nH]2)c1C
raloxifene_cid5035,,,raloxifene_cid5035.png,high,high,0.913733790657941,wrong,,Raloxifene,0.981,34,34,exact,exact,Raloxifene,False,True,False,False,1.0,False,False,1,2,[H],,,O=C(c1ccc(OCCN2CCCCC2)cc1)c1c(-c2ccc(O)cc2)sc2cc(O)ccc12.[H] |^1:34|
ranitidine_cid3001055,,,ranitidine_cid3001055.png,high,high,0.8973725969335372,exact,Ranitidine,Ranitidine,1.0,21,21,exact,exact,Ranitidine,False,False,False,False,1.0,True,True,0,1,,,,[H]/C(=C(/NC)NCCSCc1ccc(CN(C)C)o1)[N+](=O)[O-]
ranolazine_cid56959,,,ranolazine_cid56959.png,high,high,0.9099581421162487,exact,Ranolazine,Ranolazine,1.0,31,31,exact,exact,Ranolazine,False,False,False,False,1.0,True,True,0,1,,,,COc1ccccc1OCC(O)CN1CCN(CC(=O)Nc2c(C)cccc2C)CC1
regorafenib_cid11167602,,,regorafenib_cid11167602.png,high,high,0.9085974534490927,exact,Regorafenib,Regorafenib,1.0,33,33,exact,exact,Regorafenib,False,False,False,False,1.0,True,True,0,1,,,,CNC(=O)c1cc(Oc2ccc(NC(=O)Nc3ccc(Cl)c(C(F)(F)F)c3)c(F)c2)ccn1
rhodamine_b_cid6694,,,rhodamine_b_cid6694.png,high,high,0.8902970863884159,wrong,,Rhodamine B,0.982,34,34,exact,exact,Rhodamine B,False,True,False,False,1.0,False,False,2,3,[HH],,,CCN(CC)c1ccc2c(-c3ccccc3C(=O)O)c3ccc(=[N+](CC)CC)cc-3oc2c1.[Cl-].[HH]
ribavirin_cid37542,,,ribavirin_cid37542.png,high,high,0.8897443677916395,wrong,,Ribavirin,1.0,17,17,exact,exact,Ribavirin,False,True,False,False,1.0,False,False,1,2,[H],,,[H].[H]NC(=O)c1ncn([C@@H]2O[C@H](CO)[C@@H](O[H])[C@H]2O)n1 |^1:0|
rifabutin_cid135415564,,,rifabutin_cid135415564.png,low,low,0.2148059621441032,invalid,,,,,,invalid,invalid,,False,False,False,False,,False,,,,,,,[H].[H].[H].[H].[H]OC1[CH]23CCN45CCC6(CC4C2)N=C2C(=N6)C4=C(C(O)=C(C)C6=C4C(=O)C(C)(OC([H])=C([H])C(OC)C(C)C(OC(C)=O)C(C)C(O)[CH]1(C)[CH](C)(C)C5)O6)C(O)=C2NC(=O)C(C)=C([H])C([H])=C3[H]
rifampicin_cid135398735,,,rifampicin_cid135398735.png,low,low,0.007915030931268573,invalid,,,,,,invalid,invalid,,False,False,False,False,,False,,,,,,,[H]OC1C(C)C([H])=CC([H])=C(C)CNC23=C4C([H])=NN5[CH]67(C)C[CH]589[CH]65(OC(C)=O)[CH]6%10(C)[CH]%11%12(OC)C%13([H])=C%14([H])=C%11([H])(=C([H])O%11CC%15(=O)=O=C%16(=O)C%17=C%18(=C%15C(=C4O)C(=C2O)(C(O)=C%18C)C%17=C(O)C=3C([H])=NN234(C)CCN(C)CC2[CH]83(O)[CH]14C)OC%11%16(C)O%14)[CH]%136(OC)[CH]%125(C)[CH]79%10OC(C)=O
risperidone_cid5073,,,risperidone_cid5073.png,high,high,0.8923544203983391,exact,Risperidone,Risperidone,1.0,30,30,exact,exact,Risperidone,False,False,False,False,1.0,True,True,0,1,,,,Cc1nc2n(c(=O)c1CCN1CCC(c3noc4cc(F)ccc34)CC1)CCCC2
ritonavir_cid392622,,,ritonavir_cid392622.png,high,high,0.8788829301447624,exact,Ritonavir,Ritonavir,1.0,50,50,exact,exact,Ritonavir,False,False,False,False,1.0,True,True,0,1,,,,CC(C)c1nc(CN(C)C(=O)N[C@H](C(=O)N[C@@H](Cc2ccccc2)C[C@H](O)[C@H](Cc2ccccc2)NC(=O)OCc2cncs2)C(C)C)cs1
rivaroxaban_cid9875401,,,rivaroxaban_cid9875401.png,high,high,0.8940932473601544,exact,Rivaroxaban,Rivaroxaban,1.0,29,29,exact,exact,Rivaroxaban,False,False,False,False,1.0,True,True,0,1,,,,O=C(NC[C@H]1CN(c2ccc(N3CCOCC3=O)cc2)C(=O)O1)c1ccc(Cl)s1
rizatriptan_cid5078,,,rizatriptan_cid5078.png,high,high,0.9146159638891557,exact,Rizatriptan,Rizatriptan,1.0,20,20,exact,exact,Rizatriptan,False,False,False,False,1.0,True,True,0,1,,,,CN(C)CCc1c[nH]c2ccc(Cn3cncn3)cc12
romidepsin_cid5352062,,,romidepsin_cid5352062.png,low,low,0.7125764045102289,exact,Romidepsin,Romidepsin,1.0,36,36,exact,exact,Romidepsin,False,False,False,False,1.0,True,True,0,1,,,,[H]/C(C)=C1/NC(=O)[C@@]2([H])CSSCC/C([H])=C(\[H])[C@]([H])(CC(=O)N[C@H](C(C)C)C(=O)N2)OC(=O)[C@H](C(C)C)N([H])C1=O
ropinirole_cid5095,,,ropinirole_cid5095.png,high,high,0.9120991265473252,exact,Ropinirole,Ropinirole,1.0,19,19,exact,exact,Ropinirole,False,False,False,False,1.0,True,True,0,1,,,,[H]N1C(=O)Cc2c(CCN(CCC)CCC)cccc21
rosuvastatin_calcium_cid5282455,,,rosuvastatin_calcium_cid5282455.png,low,low,0.4610880865276003,wrong,,Rosuvastatin Calcium,0.75,67,67,wrong,wrong,,False,False,False,False,0.75,False,False,14,5,,[CsH],,CC(C)c1nc(N(C)C)nc(-c2ccc(F)cc2)c1/C=C/[C@H](O)C[C@H](O)CC(=O)[O-].C[SH](=O)(O)O.[CsH].[CsH].[H]/C(=C/c1c(-c2ccc(F)cc2)nc(N(C)C)nc1C(C)C)[C@@H](O)C[C@@H](O)CC(=O)[O-]
rotigotine_cid59227,,,rotigotine_cid59227.png,high,high,0.9034764272252304,exact,Rotigotine,Rotigotine,1.0,22,22,exact,exact,Rotigotine,False,False,False,False,1.0,True,True,0,1,,,,CCCN(CCc1cccs1)[C@H]1CCc2c(O)cccc2C1
rubrene_cid68203,,,rubrene_cid68203.png,high,high,0.9034146448632476,exact,Rubrene,Rubrene,1.0,42,42,exact,exact,Rubrene,False,False,False,False,1.0,True,True,0,1,,,,c1ccc(-c2c3ccccc3c(-c3ccccc3)c3c(-c4ccccc4)c4ccccc4c(-c4ccccc4)c23)cc1
ruthenocene_cid11020720,,,ruthenocene_cid11020720.png,low,low,0.7820525292340135,wrong,,Ruthenocene,0.154,10,11,wrong,wrong,,False,False,False,False,0.154,False,False,3,2,,C1=CCC=C1,,C1=CCC=C1.C1=CCC=C1
salbutamol_cid2083,,,salbutamol_cid2083.png,high,high,0.8906739906104632,wrong,,Salbutamol,0.971,17,17,exact,exact,Salbutamol,False,True,False,False,1.0,False,False,1,2,[H],,,[H].[H]OC([H])(CN([H])C(C)(C)C)c1ccc(O)c(CO)c1 |^1:0|
salicylic_acid_cid338,,,salicylic_acid_cid338.png,high,high,0.8625113045393853,exact,Salicylic Acid,Salicylic Acid,1.0,10,10,exact,exact,Salicylic Acid,False,False,False,False,1.0,True,True,0,1,,,,[H]Oc1ccccc1C(=O)O
savolitinib_cid68289010,,,savolitinib_cid68289010.png,high,high,0.9074574312672538,exact,Savolitinib,Savolitinib,1.0,26,26,exact,exact,Savolitinib,False,False,False,False,1.0,True,True,0,1,,,,C[C@@H](c1ccc2nccn2c1)n1nnc2ncc(-c3cnn(C)c3)nc21
selegiline_cid26757,,,selegiline_cid26757.png,low,low,0.834429646787231,exact,Selegiline,Selegiline,1.0,14,14,exact,exact,Selegiline,False,False,False,False,1.0,True,True,0,1,,,,C#CCN(C)[C@H](C)Cc1ccccc1
serotonin_cid5202,,,serotonin_cid5202.png,high,high,0.8857381737926026,wrong,,Serotonin,0.967,13,13,exact,exact,Serotonin,False,True,False,False,1.0,False,False,1,2,[H],,,[H].[H]n1cc(CCN)c2cc(O)ccc21 |^1:0|
simvastatin_cid54454,,,simvastatin_cid54454.png,high,high,0.880989952892373,exact,Simvastatin,Simvastatin,1.0,30,30,exact,exact,Simvastatin,False,False,False,False,1.0,True,True,0,1,,,,[H]O[C@H]1CC(=O)O[C@H](CC[C@H]2[C@@H](C)C=CC3=C[C@H](C)C[C@H](OC(=O)C(C)(C)CC)[C@@]32[H])C1
sirolimus_cid5284616,,,sirolimus_cid5284616.png,low,low,0.004398094284764043,invalid,,,,,,invalid,invalid,,False,False,False,False,,False,,,,,,,[H]OC1CC[CH]23CC(C)C4([H])CC(=O)C(C)C([H])=C(C)C(O)C(OC)C(=O)C(C)CC(C)C([H])=C([H])C([H])=CC([H])([H])=C5(C)=C([H])(=C(C)C(OC)C6C7([H])OC([CH]C)(O[H])(OC67([H])CC5OC)C(=O)C(=O)N5CCCCC5([H])C(=O)O4)C([H])=C4([H])C2[CH]1(OC)C43
sodium_acetate_cid31372,,,sodium_acetate_cid31372.png,low,low,0.8303340073705685,exact,Sodium acetate,Sodium acetate,1.0,5,5,exact,exact,Sodium acetate,False,False,False,False,1.0,True,True,0,2,,,,CC(=O)[O-].[Na+]
sodium_chloride_cid5234,,,sodium_chloride_cid5234.png,low,low,0.6791083318606645,invalid,,,,,,invalid,invalid,,False,False,False,False,,False,,,,,,,[Na+][Cl-]
sodium_lauryl_sulfate_cid3423265,,,sodium_lauryl_sulfate_cid3423265.png,high,high,0.8977910007205385,wrong,,Sodium Lauryl Sulfate,0.63,18,18,salt,salt,Sodium Lauryl Sulfate,False,False,False,False,0.63,True,False,1,2,,,,CCCCCCCCCCCCOS(=O)(=O)O.[Na+]
sodium_nitroprusside_dihydrate_cid11953895,,,sodium_nitroprusside_dihydrate_cid11953895.png,low,low,0.6141072644096487,wrong,,Sodium nitroprusside dihydrate,0.364,16,17,wrong,wrong,,False,False,False,False,0.364,False,False,7,10,[H],[C-]#N.[C-]#N.[C-]#N.[C-]#N.[C-]#N.[C-]#N,,[C-]#N.[C-]#N.[C-]#N.[C-]#N.[C-]#N.[C-]#N.[C-]#N.[H].[H]O[H].[H][O-] |^1:14|
sodium_zirconium_cyclosilicate_cid155804812,,,sodium_zirconium_cyclosilicate_cid155804812.png,low,low,0.4211691109361582,wrong,,Sodium Zirconium Cyclosilicate,0.4,15,15,wrong,wrong,,False,False,False,False,0.4,False,False,7,6,,[Na+].[Zn+4].[Zn+4],,[Na+].[Na+].[O-][Si]1([O-])O[Si]2([O-])O[Si]2(O)O1.[Zn+4].[Zn+4].[Zn+4]
somatostatin_cid16129706,,,somatostatin_cid16129706.png,low,low,0.3311457577591373,invalid,,,,,,invalid,invalid,,False,False,False,False,,False,,,,,,,[H]C(CNC(CC1=CC=CC=C1)C(=O)NC1CNC(CO)C(=O)N1C)(NC(=O)(=O)C(CCCCN)NC(=O)C(CC1=CNC2=CC=CC=C12)NC(=O)C(CC1=CC=CC=C1)NC(=O)C(CC1=CC=CC=C1)NC(=O)C(CC(N)=O)NC(=O)C(CCCCN)NC(=O)C(CSS)NC(=O)CNC(=O)C(C)N)C(C)O
sorafenib_cid216239,,,sorafenib_cid216239.png,high,high,0.9120975961324407,exact,Sorafenib,Sorafenib,1.0,32,32,exact,exact,Sorafenib,False,False,False,False,1.0,True,True,0,1,,,,CNC(=O)c1cc(Oc2ccc(NC(=O)Nc3ccc(Cl)c(C(F)(F)F)c3)cc2)ccn1
sotalol_cid5253,,,sotalol_cid5253.png,high,high,0.888764546405631,exact,Sotalol,Sotalol,1.0,18,18,exact,exact,Sotalol,False,False,False,False,1.0,True,True,0,1,,,,[H]OC([H])(CN([H])C(C)C)c1ccc(NS(C)(=O)=O)cc1
sotorasib_cid137278711,,,sotorasib_cid137278711.png,high,high,0.9026621382359936,exact,Sotorasib,Sotorasib,1.0,41,41,exact,exact,Sotorasib,False,False,False,False,1.0,True,True,0,1,,,,C=CC(=O)N1CCN(c2nc(=O)n(-c3c(C)ccnc3C(C)C)c3nc(-c4c(O)cccc4F)c(F)cc23)[C@@H](C)C1
spectinomycin_cid15541,,,spectinomycin_cid15541.png,high,high,0.8543584720616499,wrong,,Spectinomycin,1.0,23,23,exact,exact,Spectinomycin,False,True,False,False,1.0,False,False,3,4,[H].[H].[H],,,"[H].[H].[H].[H]N(C)[C@@H]1[C@H](O)[C@H](NC)[C@@]2([H])O[C@@]3(O)C(=O)C[C@@H](C)O[C@@]3([H])O[C@]2([H])[C@H]1O |^1:0,1,2|"
sphingosine_cid5280335,,,sphingosine_cid5280335.png,high,high,0.8729886355812703,exact,Sphingosine,Sphingosine,1.0,21,21,exact,exact,Sphingosine,False,False,False,False,1.0,True,True,0,1,,,,[H]N[C@@H](CO)[C@H](O)/C([H])=C(\[H])CCCCCCCCCCCCC
spironolactone_cid5833,,,spironolactone_cid5833.png,low,low,0.4725820868244361,exact,Spironolactone,Spironolactone,1.0,29,29,exact,exact,Spironolactone,False,False,False,False,1.0,True,True,0,1,,,,[H][C@]12CC[C@]3(C)[C@]4(CCC(=O)O4)CC[C@@]3([H])[C@]1([H])[C@H](SC(C)=O)CC1=CC(=O)CC[C@@]12C
squalene_cid638072,,,squalene_cid638072.png,high,high,0.8694851847580095,exact,Squalene,Squalene,1.0,30,30,exact,exact,Squalene,False,False,False,False,1.0,True,True,0,1,,,,[H]/C(CC/C(C)=C(\[H])CC/C=C(\C)CC/C=C(\C)CCC=C(C)C)=C(/C)CCC=C(C)C
stanozolol_cid25249,,,stanozolol_cid25249.png,high,high,0.8570421104725643,wrong,,Stanozolol,0.978,24,24,exact,exact,Stanozolol,False,True,False,False,1.0,False,False,1,2,[H],,,[H].[H][C@@]12CC[C@]3([H])[C@]([H])(CC[C@@]4(C)[C@@]3([H])CC[C@]4(C)O)[C@@]1(C)Cc1cn[nH]c1C2 |^1:0|
stevioside_cid442089,,,stevioside_cid442089.png,low,low,0.201125023154541,stereo,Stevioside,Stevioside,1.0,56,56,stereo,stereo,Stevioside,False,False,False,False,1.0,True,True,0,1,,,,[H]O[C@@H]1[C@H](O)[C@@H](CO)O[C@@H](O[C@]23CC[C@@]4([H])[C@](CC[C@]5([H])[C@@]4(C)CCC[C@@]5(C)C(=O)O[C@@H]4O[C@H](CO)[C@H](O)[C@@H](O)[C@H]4O)(CC2=C)C3)[C@@H]1O[C@H]1O[C@H](CO)[C@@H](O[H])[C@@H](O)[C@@H]1O
streptomycin_cid19649,,,streptomycin_cid19649.png,low,low,0.784538368089561,wrong,,Streptomycin,1.0,40,40,exact,exact,Streptomycin,False,True,False,False,1.0,False,False,12,13,[H].[H].[H].[H].[H].[H].[H].[H].[H].[H].[H].[H],,,"[H].[H].[H].[H].[H].[H].[H].[H].[H].[H].[H].[H].[H]O[C@@H]1[C@@H](O)[C@H](O[C@@H]2O[C@@H](C)[C@](O)(C([H])=O)[C@H]2O[C@@H]2O[C@@H](CO)[C@H](O)[C@@H](O)[C@@H]2NC)[C@@H](N=C(N)N)[C@H](O)[C@H]1N=C(N)N |^1:0,1,2,3,4,5,6,7,8,9,10,11|"
substance_p_cid36511,,,substance_p_cid36511.png,low,low,0.0563523043343994,invalid,,,,,,invalid,invalid,,False,False,False,False,,False,,,,,,,[H]NC(=O)C(CCSC)NC1(=O)C(NC(=O)CNC(=O)C(CC2=CC=CC=C2)NC(=O)C(CC2=CC=CC=C2)NC(=O)C(CCC(N)=O)NC(=O)C(CCC(N)=O)NC(=O)C2CCCN2C(=O)C(CCCCN)NC(=O)C2CCCN2C(=O)C(N)CCCN=C(N)N[H])CC1(C)C
sucrose_cid5988,,,sucrose_cid5988.png,high,high,0.8703703486130919,wrong,,Sucrose,1.0,23,23,exact,exact,Sucrose,False,True,False,False,1.0,False,False,3,4,[H].[H].[H],,,"[H].[H].[H].[H]OC[C@H]1O[C@@](CO)(O[C@H]2O[C@H](CO)[C@@H](O[H])[C@H](O)[C@H]2O[H])[C@@H](O[H])[C@@H]1O |^1:0,1,2|"
sulfamethoxazole_cid5329,,,sulfamethoxazole_cid5329.png,high,high,0.8683594109581334,exact,Sulfamethoxazole,Sulfamethoxazole,1.0,17,17,exact,exact,Sulfamethoxazole,False,False,False,False,1.0,True,True,0,1,,,,[H]Nc1ccc(S(=O)(=O)Nc2cc(C)on2)cc1
sulfur_hexafluoride_cid17358,,,sulfur_hexafluoride_cid17358.png,low,low,0.794768972582341,exact,Sulfur Hexafluoride,Sulfur Hexafluoride,1.0,7,7,exact,exact,Sulfur Hexafluoride,False,False,False,False,1.0,True,True,0,1,,,,FS(F)(F)(F)(F)F
sulfuric_acid_cid1118,,,sulfuric_acid_cid1118.png,low,low,0.6201818366929971,invalid,,,,,,invalid,invalid,,False,False,False,False,,False,,,,,,,[H]OS1(=O)(=O)CO1[H]
sumatriptan_cid5358,,,sumatriptan_cid5358.png,high,high,0.8934606972117961,exact,Sumatriptan,Sumatriptan,1.0,20,20,exact,exact,Sumatriptan,False,False,False,False,1.0,True,True,0,1,,,,[H]N(C)S(=O)(=O)Cc1ccc2c(c1)c(CCN(C)C)cn2[H]
tacrolimus_cid445643,,,tacrolimus_cid445643.png,low,low,0.7317069866492429,wrong,,Tacrolimus,0.716,57,57,wrong,wrong,,False,False,False,False,0.716,False,True,0,1,,,,[H]/C1=C\C[C@H](C)C[C@H](OC)[C@@]2([H])O[C@@](O)(C(=O)C(=O)N3CCCC[C@@]3([H])C(=O)CO[C@H](C(C)=C([H])[C@@H]3CC[C@@H](O)[C@H](OC)C3)[C@H](C)[C@@H](O)CC(=O)[C@@H]1CC=C)[C@H](C)C[C@@H]2OC
talazoparib_cid135565082,,,talazoparib_cid135565082.png,low,low,0.8366091750944967,stereo,Talazoparib,Talazoparib,1.0,28,28,stereo,stereo,Talazoparib,False,False,False,False,1.0,True,True,0,1,,,,[H]N1c2cc(F)cc3c(=O)[nH]nc(c23)[C@@]([H])(c2ncnn2C)[C@H]1c1ccc(F)cc1
technetium_tc_99m_sestamibi_cid449763,,,technetium_tc_99m_sestamibi_cid449763.png,low,low,0.3759926929152906,invalid,,,,,,invalid,invalid,,False,False,False,False,,False,,,,,,,[C-]#[N-]CC(C)(C)OC.[C-][N-]CC(C)(C)OC.[C-][N-]CC(C)(C)OC.[C-][N-]CC(C)(C)OC.[C-][N-]CC(C)(C)OC.[C-][N-]CC(C)(C)OC.[C-][N-]CC(C)(C)OC.[Tc]
teixobactin_cid86341926,,,teixobactin_cid86341926.png,low,low,0.02827852766925869,wrong,,Teixobactin,0.886,88,88,near,near,,False,False,False,False,0.886,False,False,1,1,,,,[H]NC(=O)CC[C](NC(=O)[C@@H](CO)NC(=O)[C@@H](NC(=O)[C@@H](Cc1ccccc1)NC)[C@@H](C)CC)C(=O)N[C@@H](C(=O)N[C@H](C(=O)N[C@H](CO)C(=O)N[C@@H]1C(=O)N[C@@H](C)C(=O)N[C@@H](C[C@H]2CN=C(N)N2)C(=O)N[C@H]([C@H](C)CC)C(=O)O[C@H]1C)[C@@H](C)CC)[C@H](C)CC |^1:6|
telavancin_cid3081362,,,telavancin_cid3081362.png,low,low,2.012518176387585e-10,invalid,,,,,,invalid,invalid,,False,False,False,False,,False,,,,,,,[CH]OC([CH]O1C2OC3[CH]4(NCCNCCCCCCCCCC)[CH]O[CH]21CC(C)(C)C34(O)O)OC12=C3OC4(=CC5=C4CC(O)C4(C(=O)O)OC6789=O%10=C6(O47)C=%108(NC(=O)C(NC4=O=C(N)(=O)C4)C4(=O)=C(=C4(=O)C=C1)C=2O)C9OC(CNC(C1=CC2(O)=C4C(NCO)C426=C(O)(O6)C=12=C14=C6=CC=C1(O)=C=462)C(=O)(=O)O)C(O)C5O)O3
telmisartan_cid65999,,,telmisartan_cid65999.png,high,high,0.9015964784928474,exact,Telmisartan,Telmisartan,1.0,39,39,exact,exact,Telmisartan,False,False,False,False,1.0,True,True,0,1,,,,CCCc1nc2c(C)cc(-c3nc4ccccc4n3C)cc2n1Cc1ccc(-c2ccccc2C(=O)O)cc1
temozolomide_cid5394,,,temozolomide_cid5394.png,high,high,0.9054813407642992,exact,Temozolomide,Temozolomide,1.0,14,14,exact,exact,Temozolomide,False,False,False,False,1.0,True,True,0,1,,,,[H]NC(=O)c1ncn2c(=O)n(C)nnc12
tempo_cid2724126,,,tempo_cid2724126.png,high,high,0.8858559359082964,exact,Tempo,Tempo,1.0,11,11,exact,exact,Tempo,False,False,False,False,1.0,True,True,0,1,,,,CC1(C)CCCC(C)(C)N1[O] |^1:10|
temsirolimus_cid6918289,,,temsirolimus_cid6918289.png,low,low,0.01028840755417776,invalid,,,,,,invalid,invalid,,False,False,False,False,,False,,,,,,,[H]OC1([CH]C)C2(=O)C3(=O)N4CCCCC456([H])C(=O)OC4([H])C(C)C(=O)(C(C)C([H])=C(C)C(O)C(OC)C(=O)C(C)CC(C)C([H])=C([H])C([H])=C([H])[H])C4C([H])(C(C)C(=O)C4CCC(OC(=O)C7(C)COC7O)C(OC)C4)OC5(=O)C4([H])CCCCN436C2(=O)C1(=O)=O
terazosin_cid5401,,,terazosin_cid5401.png,high,high,0.8953840889426233,wrong,,Terazosin,0.981,28,28,exact,exact,Terazosin,False,True,False,False,1.0,False,False,1,2,[H],,,COc1cc2nc(N3CCN(C(=O)C4CCCO4)CC3)nc(N)c2cc1OC.[H] |^1:28|
terbutaline_cid5403,,,terbutaline_cid5403.png,high,high,0.8936562380791423,exact,Terbutaline,Terbutaline,1.0,16,16,exact,exact,Terbutaline,False,False,False,False,1.0,True,True,0,1,,,,[H]Oc1cc(O[H])cc(C(CN([H])C(C)(C)C)O[H])c1
testosterone_cid6013,,,testosterone_cid6013.png,low,low,0.7913457390691376,stereo,Testosterone,Testosterone,1.0,21,21,stereo,stereo,Testosterone,False,False,False,False,1.0,True,True,0,1,,,,[H][C@]12CCC3=CC(=O)CC[C@]3(C)[C@@]1([H])CC[C@]1(C)[C@@H](O)CC[C@@]21[H]
tetrabutylammonium_bromide_cid74236,,,tetrabutylammonium_bromide_cid74236.png,high,high,0.8550710871930963,exact,Tetrabutylammonium Bromide,Tetrabutylammonium Bromide,1.0,18,18,exact,exact,Tetrabutylammonium Bromide,False,False,False,False,1.0,True,True,0,2,,,,CCCC[N+](CCCC)(CCCC)CCCC.[Br-]
tetraethyllead_cid6511,,,tetraethyllead_cid6511.png,high,high,0.8531808468784465,exact,Tetraethyllead,Tetraethyllead,1.0,9,9,exact,exact,Tetraethyllead,False,False,False,False,1.0,True,True,0,1,,,,C[CH2][Pb]([CH2]C)([CH2]C)[CH2]C
tetrafluoroethylene_cid8301,,,tetrafluoroethylene_cid8301.png,high,high,0.8600170039731666,exact,Tetrafluoroethylene,Tetrafluoroethylene,1.0,6,6,exact,exact,Tetrafluoroethylene,False,False,False,False,1.0,True,True,0,1,,,,FC(F)=C(F)F
tetrahydrocannabinol_cid16078,,,tetrahydrocannabinol_cid16078.png,high,high,0.8842892361524003,stereo,Tetrahydrocannabinol,Tetrahydrocannabinol,1.0,23,23,stereo,stereo,Tetrahydrocannabinol,False,False,False,False,1.0,True,True,0,1,,,,[H][C@@]12CCC(C)=C[C@]1([H])c1c(O)cc(CCCCC)cc1OC2(C)C
tetrahydrofuran_cid8028,,,tetrahydrofuran_cid8028.png,low,low,0.7358662817788856,exact,Tetrahydrofuran,Tetrahydrofuran,1.0,5,5,exact,exact,Tetrahydrofuran,False,False,False,False,1.0,True,True,0,1,,,,C1CCOC1
tetraphenylphosphonium_chloride_cid164911,,,tetraphenylphosphonium_chloride_cid164911.png,high,high,0.8900686562718888,exact,Tetraphenylphosphonium Chloride,Tetraphenylphosphonium Chloride,1.0,26,26,exact,exact,Tetraphenylphosphonium Chloride,False,False,False,False,1.0,True,True,0,2,,,,[Cl-].c1ccc([P+](c2ccccc2)(c2ccccc2)c2ccccc2)cc1
tetraphenylporphyrin_cid86280046,,,tetraphenylporphyrin_cid86280046.png,low,low,0.111395012394813,invalid,,,,,,invalid,invalid,,False,False,False,False,,False,,,,,,,[H]NC1C2(C3=CC=C(C(C4=CC=CC=C4)=C4C=CC(CC5=CC=CC=C5)=N4)N3)=CC=CC3(CC4=CC=CC=C4)=NC(=C14C21=C(=C42=CC=CC=C2)C=CC=C1)C=C3
thalidomide_cid5426,,,thalidomide_cid5426.png,high,high,0.9089613917052807,exact,Thalidomide,Thalidomide,1.0,19,19,exact,exact,Thalidomide,False,False,False,False,1.0,True,True,0,1,,,,[H]N1C(=O)CCC(N2C(=O)c3ccccc3C2=O)C1=O
theophylline_cid2153,,,theophylline_cid2153.png,high,high,0.910743574926745,exact,Theophylline,Theophylline,1.0,13,13,exact,exact,Theophylline,False,False,False,False,1.0,True,True,0,1,,,,[H]n1cnc2c1c(=O)n(C)c(=O)n2C
thiamine_cid1130,,,thiamine_cid1130.png,low,low,0.8084349272446417,wrong,,Thiamine,0.976,18,18,exact,exact,Thiamine,False,True,False,False,1.0,False,False,6,4,[HH].[HH].[HH],,,Cc1ncc(C[n+]2csc(CCO)c2C)c(N)n1.[HH].[HH].[HH]
thiamine_pyrophosphate_cid5431,,,thiamine_pyrophosphate_cid5431.png,high,high,0.8716870742772153,wrong,,Thiamine Pyrophosphate,0.831,26,26,skeleton,skeleton,,False,True,False,False,0.86,False,False,4,3,[HH].[H],,,Cc1ncc(C[n+]2csc(CCOP(=O)(O)OP(=O)(O)O)c2C)c(N)n1.[HH].[H] |^1:27|
thioguanine_cid2723601,,,thioguanine_cid2723601.png,high,high,0.8646702560208106,exact,Thioguanine,Thioguanine,1.0,11,11,exact,exact,Thioguanine,False,False,False,False,1.0,True,True,0,1,,,,[H]Nc1nc(=S)c2c(ncn2[H])[nH]1
thiophene_cid8030,,,thiophene_cid8030.png,low,low,0.8153610442827804,exact,Thiophene,Thiophene,1.0,5,5,exact,exact,Thiophene,False,False,False,False,1.0,True,True,0,1,,,,c1ccsc1
thioridazine_cid5452,,,thioridazine_cid5452.png,high,high,0.8992077745137311,wrong,,Thioridazine,0.679,25,25,wrong,wrong,,False,False,False,False,0.679,False,False,0,1,,,,CSc1ccc2c(c1)N(CCC1CCCCN1C)c1ccccc1[S+]2 |^1:24|
thymol_cid6989,,,thymol_cid6989.png,high,high,0.8848645573279523,exact,Thymol,Thymol,1.0,11,11,exact,exact,Thymol,False,False,False,False,1.0,True,True,0,1,,,,Cc1ccc(C(C)C)c(O)c1
thyroxine_cid5819,,,thyroxine_cid5819.png,high,high,0.8696363249216303,wrong,,Thyroxine,0.973,24,24,exact,exact,Thyroxine,False,True,False,False,1.0,False,False,3,4,[H].[H].[H],,,"N[C@@H](Cc1cc(I)c(Oc2cc(I)c(O)c(I)c2)c(I)c1)C(=O)O.[H].[H].[H] |^1:24,25,26|"
ticlopidine_cid5472,,,ticlopidine_cid5472.png,high,high,0.8946169071452637,exact,Ticlopidine,Ticlopidine,1.0,17,17,exact,exact,Ticlopidine,False,False,False,False,1.0,True,True,0,1,,,,Clc1ccccc1CN1CCc2sccc2C1
titanocene_dichloride_cid76030824,,,titanocene_dichloride_cid76030824.png,low,low,0.8133541227935138,exact,Titanocene dichloride,Titanocene dichloride,1.0,13,13,exact,exact,Titanocene dichloride,False,False,False,False,1.0,True,True,0,5,,[Cl-].c1cc[cH-]c1,,[Cl-].[Cl-].[H][c-]1cccc1.[H][c-]1cccc1.[Ti+4]
tizanidine_cid5487,,,tizanidine_cid5487.png,high,high,0.9035184243460559,exact,Tizanidine,Tizanidine,1.0,16,16,exact,exact,Tizanidine,False,False,False,False,1.0,True,True,0,1,,,,[H]N(C1=NCCN1)c1c(Cl)ccc2nsnc12
tobramycin_cid36294,,,tobramycin_cid36294.png,low,low,0.8250559164347676,wrong,,Tobramycin,1.0,32,32,exact,exact,Tobramycin,False,True,False,False,1.0,False,False,10,11,[H].[H].[H].[H].[H].[H].[H].[H].[H].[H],,,"[H].[H].[H].[H].[H].[H].[H].[H].[H].[H].[H]N[C@@H]1C[C@H](N)[C@@H](O[C@H]2O[C@H](CN)[C@@H](O)C[C@H]2N)[C@H](O)[C@H]1O[C@H]1O[C@H](CO)[C@@H](O[H])[C@H](N)[C@H]1O |^1:0,1,2,3,4,5,6,7,8,9|"
tolcapone_cid4659569,,,tolcapone_cid4659569.png,high,high,0.9109287347954267,wrong,,Tolcapone,0.971,20,20,exact,exact,Tolcapone,False,True,False,False,1.0,False,False,1,2,[H],,,[H].[H]Oc1cc(C(=O)c2ccc(C)cc2)cc([N+](=O)[O-])c1O |^1:0|
toluene_cid1140,,,toluene_cid1140.png,high,high,0.909343375708331,exact,Toluene,Toluene,1.0,7,7,exact,exact,Toluene,False,False,False,False,1.0,True,True,0,1,,,,Cc1ccccc1
topotecan_cid60700,,,topotecan_cid60700.png,high,high,0.886999233561762,exact,Topotecan,Topotecan,1.0,31,31,exact,exact,Topotecan,False,False,False,False,1.0,True,True,0,1,,,,CC[C@@]1(O)C(=O)OCc2c1cc1n(c2=O)Cc2cc3c(CN(C)C)c(O)ccc3nc2-1
tramadol_cid33741,,,tramadol_cid33741.png,high,high,0.8947085373413599,exact,Tramadol,Tramadol,1.0,19,19,exact,exact,Tramadol,False,False,False,False,1.0,True,True,0,1,,,,[H]O[C@]1(c2cccc(OC)c2)CCCC[C@@H]1CN(C)C
trametinib_cid11707110,,,trametinib_cid11707110.png,high,high,0.9129868789435522,exact,Trametinib,Trametinib,1.0,37,37,exact,exact,Trametinib,False,False,False,False,1.0,True,True,0,1,,,,CC(=O)Nc1cccc(-n2c(=O)n(C3CC3)c(=O)c3c(Nc4ccc(I)cc4F)n(C)c(=O)c(C)c32)c1
trazodone_cid5533,,,trazodone_cid5533.png,high,high,0.9051838568670154,exact,Trazodone,Trazodone,1.0,26,26,exact,exact,Trazodone,False,False,False,False,1.0,True,True,0,1,,,,O=c1n(CCCN2CCN(c3cccc(Cl)c3)CC2)nc2ccccn12
triamcinolone_cid31307,,,triamcinolone_cid31307.png,low,low,0.8034931701234774,exact,Triamcinolone,Triamcinolone,1.0,28,28,exact,exact,Triamcinolone,False,False,False,False,1.0,True,True,0,1,,,,[H]OCC(=O)[C@@]1(O)[C@H](O[H])C[C@@]2([H])[C@]3([H])CCC4=CC(=O)C=C[C@]4(C)[C@@]3(F)[C@@H](O[H])C[C@@]21C
trihexyphenidyl_cid5572,,,trihexyphenidyl_cid5572.png,high,high,0.9031825852189844,exact,Trihexyphenidyl,Trihexyphenidyl,1.0,22,22,exact,exact,Trihexyphenidyl,False,False,False,False,1.0,True,True,0,1,,,,[H]OC(CCN1CCCCC1)(c1ccccc1)C1CCCCC1
trimethoprim_cid5578,,,trimethoprim_cid5578.png,high,high,0.881605876313501,wrong,,Trimethoprim,0.971,21,21,exact,exact,Trimethoprim,False,True,False,False,1.0,False,False,3,4,[H].[H].[H],,,"[H].[H].[H].[H]Nc1nc(N)ncc1Cc1cc(OC)c(OC)c(OC)c1 |^1:0,1,2|"
trimethylaluminum_cid16682925,,,trimethylaluminum_cid16682925.png,low,low,0.7348485494015187,exact,Trimethylaluminum,Trimethylaluminum,1.0,4,4,exact,exact,Trimethylaluminum,False,False,False,False,1.0,True,True,0,1,,,,[CH3][Al]([CH3])[CH3]
triphenylene_cid9170,,,triphenylene_cid9170.png,low,low,0.3196460746393458,invalid,,,,,,invalid,invalid,,False,False,False,False,,False,,,,,,,CC=C1CC2=CC=CC=C23C2=C4=C35=CC=CC=C125=CC=C4
tungsten_hexacarbonyl_cid98884,,,tungsten_hexacarbonyl_cid98884.png,low,low,0.1928412981400285,wrong,,Tungsten hexacarbonyl,0.059,11,13,wrong,wrong,,False,False,False,False,0.059,False,False,8,2,,,,C=O.O=[CH][W]([CH]=O)([CH]=O)[CH]=[O+] |^1:10|
tylosin_cid5280440,,,tylosin_cid5280440.png,low,low,0.001519071047384151,invalid,,,,,,invalid,invalid,,False,False,False,False,,False,,,,,,,[H]C(=O)CC1CC(C)C(=O)C([H])=C([H])C(C)=C([H])[CH]2(CO34C2O2[CH]356O3C7C[CH]89(C)O[CH]234%10[CH]52O3(C)CO[CH]36%10C3O(C)[CH]24(OC)[CH]8(O)O[CH]7394)[CH]2(CCC2C)OC(=O)CC(O)C(C)C1OC1OC(C)C(OC2CC(C)(O)C(O)C(C)O2)C(N(C)C)C1O
tyrocidine_a_cid16129635,,,tyrocidine_a_cid16129635.png,low,low,0.0002300523722420994,invalid,,,,,,invalid,invalid,,False,False,False,False,,False,,,,,,,[H]NC(=O)CCC(=O)NC1CC(=O)N2C3(=O)C45C(C6=CC=CC=C6)[CH]436C(=O=C(CCN)C(=O)(NC(CC3=CC=CC=C3)C(=O)NC(=O)CC3=CC=CC=C3)C23([H])CC1C1(=CC=C(O)C=C1)=C1=C(C=CC(O)=C1)C([CH]CC(=O)C(=O)N[CH]CC)C3C([H])C(=O)N[CH]CC)NC1C2=O=C13(=O)N[CH](CC(C)C)(C1N5[H]N16)N23
urea_cid1176,,,urea_cid1176.png,high,high,0.8737560093567006,exact,Urea,Urea,1.0,4,4,exact,exact,Urea,False,False,False,False,1.0,True,True,0,1,,,,[H]N([H])C(=O)N([H])[H]
valinomycin_cid3000706,,,valinomycin_cid3000706.png,high,high,0.8665344580314885,stereo,Valinomycin,Valinomycin,1.0,78,78,stereo,stereo,Valinomycin,False,False,False,False,1.0,True,True,0,1,,,,CC(C)[C@@H]1NC(=O)[C@H](C)OC(=O)[C@@H](C(C)C)NC(=O)[C@@H](C(C)C)OC(=O)[C@H](C(C)C)NC(=O)[C@H](C)OC(=O)[C@@H](C(C)C)NC(=O)[C@@H](C(C)C)OC(=O)[C@H](C(C)C)NC(=O)[C@H](C)OC(=O)[C@@H](C(C)C)NC(=O)[C@H](C(C)C)OC1=O
valproic_acid_cid3121,,,valproic_acid_cid3121.png,high,high,0.8640432565414838,exact,Valproic Acid,Valproic Acid,1.0,10,10,exact,exact,Valproic Acid,False,False,False,False,1.0,True,True,0,1,,,,[H]OC(=O)C(CCC)CCC
vancomycin_cid14969,,,vancomycin_cid14969.png,low,low,4.857325566572474e-09,invalid,,,,,,invalid,invalid,,False,False,False,False,,False,,,,,,,[H]C1CC=C(OC2C=CC34[CH]5(O)C67(C=CCO2Cl)[CH]289(O)C%10%11%12%13%14=O%15%16%17=C%18%19%20N%10%21CC%10N%22[CH]%23%24CNC52%11%25%26%27%28%29[H]C8%1225%11%30([H]%25)([H]%26)C8(=O=C%22%272C=%158952([H])(N%18%13C=%16%215C%1989[H]C%205([H]8)(CC=CC(O)=CC5=C%10%23C=C(O)C=C5O)N9)C=%1736%28%11O[CH]47%142%29%30)N%24)C(O[CH][CH]O[CH]O[CH]C)COCC(Cl)=CCC(O)C(NC(=O)C(CC(C)C)NC)CN[CH]CN1
velpatasvir_cid67683363,,,velpatasvir_cid67683363.png,low,low,0.1422260603011902,wrong,,Velpatasvir,0.884,70,65,near,near,,False,False,False,False,0.884,False,False,8,1,,,,COC[C@H]1CC(c2ncc(-c3ccc4c(c3)COc3cc5c(ccc6[nH]c([C@@H]7CC[C@H](CNC(=O)OC)N7C(=O)[C@H](NC(=O)OC)C(C)C)nc65)cc3-4)[nH]2)N(C(=O)[C@@H](NC(=O)OC)c2ccccc2)C1
vemurafenib_cid42611257,,,vemurafenib_cid42611257.png,high,high,0.8962001468482146,exact,Vemurafenib,Vemurafenib,1.0,33,33,exact,exact,Vemurafenib,False,False,False,False,1.0,True,True,0,1,,,,CCCS(=O)(=O)Nc1ccc(F)c(C(=O)c2c[nH]c3ncc(-c4ccc(Cl)cc4)cc23)c1F
venetoclax_cid49846579,,,venetoclax_cid49846579.png,high,high,0.8947996944653789,exact,Venetoclax,Venetoclax,1.0,61,61,exact,exact,Venetoclax,False,False,False,False,1.0,True,True,0,1,,,,CC1(C)CCC(CN2CCN(c3ccc(C(=O)NS(=O)(=O)c4ccc(NCC5CCOCC5)c([N+](=O)[O-])c4)c(Oc4cnc5[nH]ccc5c4)c3)CC2)=C(c2ccc(Cl)cc2)C1
venlafaxine_cid5656,,,venlafaxine_cid5656.png,high,high,0.8964165970989421,exact,Venlafaxine,Venlafaxine,1.0,20,20,exact,exact,Venlafaxine,False,False,False,False,1.0,True,True,0,1,,,,COc1ccc(C(CN(C)C)C2(O)CCCCC2)cc1
verapamil_cid2520,,,verapamil_cid2520.png,high,high,0.9137364732525911,exact,Verapamil,Verapamil,1.0,33,33,exact,exact,Verapamil,False,False,False,False,1.0,True,True,0,1,,,,COc1ccc(CCN(C)CCCC(C#N)(c2ccc(OC)c(OC)c2)C(C)C)cc1OC
vilazodone_cid6918314,,,vilazodone_cid6918314.png,high,high,0.906801178891604,exact,Vilazodone,Vilazodone,1.0,33,33,exact,exact,Vilazodone,False,False,False,False,1.0,True,True,0,1,,,,N#Cc1ccc2[nH]cc(CCCCN3CCN(c4ccc5oc(C(N)=O)cc5c4)CC3)c2c1
vinblastine_cid13342,,,vinblastine_cid13342.png,low,low,0.2114832719498051,stereo,Vinblastine,Vinblastine,1.0,59,59,stereo,stereo,Vinblastine,False,False,False,False,1.0,True,True,0,1,,,,[H][C@@]12CN(CCc3c([nH]c4ccccc34)[C@@](C(=O)OC)(c3cc4c(cc3OC)N(C)[C@]3([H])[C@]45CCN4CC=C[C@@](CC)([C@@H](OC(C)=O)[C@]3(O)C(=O)OC)[C@@]45[H])C1)C[C@](O)(CC)C2
vincristine_cid5978,,,vincristine_cid5978.png,low,low,0.03410108204597243,invalid,,,,,,invalid,invalid,,False,False,False,False,,False,,,,,,,[H]C(=O)N1C2([H])C(O)(C(=O)OC)C(OC(C)=O)C3(CC)C=CCN4CCC256(C2C57=CC5=C8(OC)C=C179=CC(OC)=C8(C=C296)C51(C(=O)OC)CC2([H])CN(CCC5=C1NC1=CC=CC=C15)CC(O)(CC)C2)C43[H]
vinorelbine_cid5311497,,,vinorelbine_cid5311497.png,low,low,0.2872069151376837,wrong,,Vinorelbine,0.696,57,57,wrong,wrong,,False,False,False,False,0.696,False,False,1,2,,,,[H][C@]12C=C(CC)CN(Cc3c([nH]c4ccccc34)[C](C(=O)OC)C1)C2.[H][C@]12N(C)c3cc(OC)ccc3[C@@]13CCN1CC=C[C@@](CC)([C@@H](OC(C)=O)[C@]2(O)C(=O)OC)[C@@]13[H] |^1:18|
vitamin_b12_cid165339223,,,vitamin_b12_cid165339223.png,low,low,0.1021910970135745,invalid,,,,,,invalid,invalid,,False,False,False,False,,False,,,,,,,CC1C=CC2N=CN(C3OC(CO)C(O)C3O[C](=N)[Co])C2=C1.[H]C1C(CC(N)=O)C2(C)(CCC(=O)NCC(C)O)C(=NC)=C(C)(=C2(=NC)C(C)CCCNCC(C)OC)C2=NC(=CC3N=C(C(C)=C4NC1(C)C(CC(N)=O)C4CCC(N)=O)C(C)(CC(N)=O)C3CCC(N)=O)C(C)(C)C2CCC(N)=O
vitamin_b6_cid104817,,,vitamin_b6_cid104817.png,high,high,0.881623718119966,exact,Vitamin B6,Vitamin B6,1.0,15,15,exact,exact,Vitamin B6,False,False,False,False,1.0,True,True,0,1,,,,[H]Oc1c(C)ncc(COP(=O)([O-])[O-])c1C
vitamin_e_cid69540411,,,vitamin_e_cid69540411.png,high,high,0.8957118631664901,wrong,,Vitamin-E,0.98,39,40,near,near,,False,False,False,False,0.98,False,False,1,2,,,,Cc1c(C)c2c(c(C)c1O)CC[C@@](C)(CCC[C@H](C)CCC[C@H](C)CCCC(C)C)O2.O=C([O-])CCC(=O)[O-]
zearalenone_cid5281576,,,zearalenone_cid5281576.png,high,high,0.8932306857411433,wrong,,Zearalenone,0.977,23,23,stereo,stereo,Zearalenone,False,True,False,False,1.0,False,False,1,2,[H],,,[H].[H]/C1=C(/[H])c2cc(O)cc(O)c2C(=O)O[C@@H](C)CCCC(=O)CCC1 |^1:0|
zibotentan_cid9910224,,,zibotentan_cid9910224.png,high,high,0.9127769855244718,exact,Zibotentan,Zibotentan,1.0,30,30,exact,exact,Zibotentan,False,False,False,False,1.0,True,True,0,1,,,,COc1nc(C)cnc1NS(=O)(=O)c1cccnc1-c1ccc(-c2nnco2)cc1
zidovudine_cid35370,,,zidovudine_cid35370.png,high,high,0.8812411228633922,exact,Zidovudine,Zidovudine,1.0,19,19,exact,exact,Zidovudine,False,False,False,False,1.0,True,True,0,1,,,,[H]OC[C@H]1O[C@@H](n2cc(C)c(=O)n([H])c2=O)C[C@@H]1N=[N+]=[N-]
zinc_phthalocyanine_cid114933,,,zinc_phthalocyanine_cid114933.png,low,low,0.4113427093014436,invalid,,,,,,invalid,invalid,,False,False,False,False,,False,,,,,,,C1=CC=C2C(=C1)C1=NC2=NC2=C3C=CC=CC3=C(=NC3=NC([N-]C4=NC(=N1)C1=CC=CC=C14)C1=CC=CC=C13)[N-]2.[Zn+4]
zirconocene_dichloride_cid102092,,,zirconocene_dichloride_cid102092.png,low,low,0.4122654462018496,wrong,,"Zirconocene, dichloride",0.087,13,13,wrong,wrong,,False,False,False,False,0.087,False,False,0,1,,,,[H][C]1([Zr+]([Cl])([Cl])[C]2([H])C=CC=C2)C=CC=C1
zonisamide_cid5734,,,zonisamide_cid5734.png,high,high,0.9056303314097526,exact,Zonisamide,Zonisamide,1.0,14,14,exact,exact,Zonisamide,False,False,False,False,1.0,True,True,0,1,,,,[H]NS(=O)(=O)Cc1noc2ccccc12
