group,figure,segment,file_name,tier,tier_by_threshold,confidence,verdict,matched_name,closest_name,closest_tanimoto,pred_heavy,closest_heavy,grade,grade_largest,graded_match,decoded,dephantom,dedup,largest,best_tanimoto,skeleton_match,formula_match,elem_delta,n_fragments,phantom_frags,duplicate_frags,dropped_by_largest,smiles
1_1_1_3_3_3_hexafluoro_2_5_fluoro_2_1_2_fluorophenyl_methyl__cid86269973,,,1_1_1_3_3_3_hexafluoro_2_5_fluoro_2_1_2_fluorophenyl_methyl__cid86269973.png,high,high,0.8726569637109447,exact,"1,1,1,3,3,3-Hexafluoro-2-(((5-fluoro-2-(1-((2-fluorophenyl)methyl)-5-(3-isoxazolyl)-1H-pyrazol-3-yl)-4-pyrimidinyl)amino)methyl)-2-propanol","1,1,1,3,3,3-Hexafluoro-2-(((5-fluoro-2-(1-((2-fluorophenyl)methyl)-5-(3-isoxazolyl)-1H-pyrazol-3-yl)-4-pyrimidinyl)amino)methyl)-2-propanol",1.0,37,37,exact,exact,"1,1,1,3,3,3-Hexafluoro-2-(((5-fluoro-2-(1-((2-fluorophenyl)methyl)-5-(3-isoxazolyl)-1H-pyrazol-3-yl)-4-pyrimidinyl)amino)methyl)-2-propanol",False,False,False,False,1.0,True,True,0,1,,,,OC(CNc1nc(-c2cc(-c3ccon3)n(Cc3ccccc3F)n2)ncc1F)(C(F)(F)F)C(F)(F)F
1_3_dimethyl_2_6_dioxo_1_2_3_6_tetrahydro_7h_purin_7_yl_acet_cid176595,,,1_3_dimethyl_2_6_dioxo_1_2_3_6_tetrahydro_7h_purin_7_yl_acet_cid176595.png,high,high,0.8599520308213987,exact,"(1,3-Dimethyl-2,6-dioxo-1,2,3,6-tetrahydro-7H-purin-7-yl)acetic acid--4-(((2-amino-3,5-dibromophenyl)methyl)amino)cyclohexan-1-ol (1/1)","(1,3-Dimethyl-2,6-dioxo-1,2,3,6-tetrahydro-7H-purin-7-yl)acetic acid--4-(((2-amino-3,5-dibromophenyl)methyl)amino)cyclohexan-1-ol (1/1)",1.0,35,35,exact,exact,"(1,3-Dimethyl-2,6-dioxo-1,2,3,6-tetrahydro-7H-purin-7-yl)acetic acid--4-(((2-amino-3,5-dibromophenyl)methyl)amino)cyclohexan-1-ol (1/1)",False,False,False,False,1.0,True,True,0,2,,,,Cn1c(=O)c2c(ncn2CC(=O)O)n(C)c1=O.Nc1c(Br)cc(Br)cc1CNC1CCC(O)CC1
1_5_dihydro_1_beta_d_ribofuranosyl_4h_pyrazolo_3_4_d_pyrimid_cid135407110,,,1_5_dihydro_1_beta_d_ribofuranosyl_4h_pyrazolo_3_4_d_pyrimid_cid135407110.png,high,high,0.8728093766208128,exact,"1,5-Dihydro-1-beta-D-ribofuranosyl-4H-pyrazolo(3,4-d)pyrimidin-4-one","1,5-Dihydro-1-beta-D-ribofuranosyl-4H-pyrazolo(3,4-d)pyrimidin-4-one",1.0,19,19,exact,exact,"1,5-Dihydro-1-beta-D-ribofuranosyl-4H-pyrazolo(3,4-d)pyrimidin-4-one",False,False,False,False,1.0,True,True,0,1,,,,O=c1[nH]cnc2c1cnn2[C@@H]1O[C@H](CO)[C@@H](O)[C@H]1O
216014_14_1_non_salt_cid172966628,,,216014_14_1_non_salt_cid172966628.png,low,low,1.854171362061735e-06,invalid,,,,,,invalid,invalid,,False,False,False,False,,False,,,,,,,*C[CH]12OC(OCC(NC(=O)CC(CCCCCCCCCCC)OC(=O)CCCCCCCCC)C(=O)[O-])O[CH]3(C*)[CH]145O([Si]([H])([O-])[O-])[CH]231(O[Si]([H])([O-])[O-])[CH]42OC(=O)C3[CH]46C7CCCCCCCCCCC(C)CCCCCCCCC[CH]738(OC37(=O)=O=C(C9CCCCCCC%10CC(CCCCCC9C3)C%10)O478)C6C(=O)O[CH]251 |$OBz;;;;;;;;;;;;;;;;;;;;;;;;;;;;;;;;;;;;;;;;;;OBz;;;;;;;;;;;;;;;;;;;;;;;;;;;;;;;;;;;;;;;;;;;;;;;;;;;;;;;;;;;;;;;;;;;;;;$|
25_hydroxyvitamin_d3_cid5283731,,,25_hydroxyvitamin_d3_cid5283731.png,low,low,0.7896228437963266,exact,25-Hydroxyvitamin D3,25-Hydroxyvitamin D3,1.0,29,29,exact,exact,25-Hydroxyvitamin D3,False,False,False,False,1.0,True,True,0,1,,,,[H][C@@]12CC[C@H]([C@H](C)CCCC(C)(C)O)[C@@]1(C)CCC/C2=C\C=C1\C[C@@H](O)CCC1=C
2_4_amino_3_chloro_5_trifluoromethyl_phenyl_2_tert_butylamin_cid9997788,,,2_4_amino_3_chloro_5_trifluoromethyl_phenyl_2_tert_butylamin_cid9997788.png,high,high,0.8577426446334293,exact,2-(4-Amino-3-chloro-5-trifluoromethyl-phenyl)-2-tert-butylaminoethanol hydrochloride,2-(4-Amino-3-chloro-5-trifluoromethyl-phenyl)-2-tert-butylaminoethanol hydrochloride,1.0,21,21,exact,exact,2-(4-Amino-3-chloro-5-trifluoromethyl-phenyl)-2-tert-butylaminoethanol hydrochloride,False,False,False,False,1.0,True,True,0,2,,,,CC(C)(C)NC(CO)c1cc(Cl)c(N)c(C(F)(F)F)c1.Cl
2_5_dimethoxy_4_iodoamphetamine_cid1229,,,2_5_dimethoxy_4_iodoamphetamine_cid1229.png,low,low,0.8396451967280464,exact,"2,5-Dimethoxy-4-iodoamphetamine","2,5-Dimethoxy-4-iodoamphetamine",1.0,15,15,exact,exact,"2,5-Dimethoxy-4-iodoamphetamine",False,False,False,False,1.0,True,True,0,1,,,,COc1cc(CC(C)N)c(OC)cc1I
3r_6r_3_2_3_dihydro_1h_inden_2_yl_1_1r_1_2_6_dimethyl_3_pyri_cid11634973,,,3r_6r_3_2_3_dihydro_1h_inden_2_yl_1_1r_1_2_6_dimethyl_3_pyri_cid11634973.png,high,high,0.8648986371258701,exact,"(3R,6R)-3-(2,3-Dihydro-1H-inden-2-yl)-1-((1R)-1-(2,6-dimethyl-3-pyridinyl)-2-(4-morpholinyl)-2-oxoethyl)-6-((1S)-1-methylpropyl)-2,5-piperazinedione","(3R,6R)-3-(2,3-Dihydro-1H-inden-2-yl)-1-((1R)-1-(2,6-dimethyl-3-pyridinyl)-2-(4-morpholinyl)-2-oxoethyl)-6-((1S)-1-methylpropyl)-2,5-piperazinedione",1.0,38,38,exact,exact,"(3R,6R)-3-(2,3-Dihydro-1H-inden-2-yl)-1-((1R)-1-(2,6-dimethyl-3-pyridinyl)-2-(4-morpholinyl)-2-oxoethyl)-6-((1S)-1-methylpropyl)-2,5-piperazinedione",False,False,False,False,1.0,True,True,0,1,,,,CC[C@H](C)[C@@H]1C(=O)N[C@H](C2Cc3ccccc3C2)C(=O)N1[C@@H](C(=O)N1CCOCC1)c1ccc(C)nc1C
abediterol_cid11962616,,,abediterol_cid11962616.png,high,high,0.8459524817758093,exact,Abediterol,Abediterol,1.0,33,33,exact,exact,Abediterol,False,False,False,False,1.0,True,True,0,1,,,,O=c1ccc2c([C@@H](O)CNCCCCCCOCC(F)(F)c3ccccc3)ccc(O)c2[nH]1
acetanilide_cid904,,,acetanilide_cid904.png,low,low,0.7555777303546598,exact,Acetanilide,Acetanilide,1.0,10,10,exact,exact,Acetanilide,False,False,False,False,1.0,True,True,0,1,,,,CC(=O)Nc1ccccc1
acetarsol_cid1985,,,acetarsol_cid1985.png,high,high,0.8585749179181716,exact,Acetarsol,Acetarsol,1.0,15,15,exact,exact,Acetarsol,False,False,False,False,1.0,True,True,0,1,,,,CC(=O)Nc1cc([As](=O)(O)O)ccc1O
acotiamide_cid5282338,,,acotiamide_cid5282338.png,high,high,0.8483269233532614,exact,Acotiamide,Acotiamide,1.0,31,31,exact,exact,Acotiamide,False,False,False,False,1.0,True,True,0,1,,,,COc1cc(O)c(C(=O)Nc2nc(C(=O)NCCN(C(C)C)C(C)C)cs2)cc1OC
aculeacin_a_cid53297328,,,aculeacin_a_cid53297328.png,low,low,1.571147523212951e-05,invalid,,,,,,invalid,invalid,,False,False,False,False,,False,,,,,,,CCCCCCCCCCCCCCCC(=O)N[CH]1234OC(O)C(O)NC5(=O)C6789%10%11CC56%12%13%14%15%16%17(C)(CC(C)[CH]7%12(O)[CH]%13567CC5%12(C)(CC(C)[CH]%1268%14O)[C]79%15(=O)[Ni][CH](O)C(O)O[CH]5(N1C(=O)CCCCCCCCCCCCCCC)O21[CH](C(=O)NCC(C)O)(N3C(=O)CCCCCCCCCCCCCCC)C514=O)C%101=O2=C%11%16[CH]=2%17N1
afegostat_cid447607,,,afegostat_cid447607.png,high,high,0.8705725653148917,exact,Afegostat,Afegostat,1.0,10,10,exact,exact,Afegostat,False,False,False,False,1.0,True,True,0,1,,,,OC[C@H]1CNC[C@@H](O)[C@@H]1O
albaconazole_cid208952,,,albaconazole_cid208952.png,high,high,0.8445081591431961,exact,Albaconazole,Albaconazole,1.0,30,30,exact,exact,Albaconazole,False,False,False,False,1.0,True,True,0,1,,,,C[C@@H](n1cnc2cc(Cl)ccc2c1=O)[C@](O)(Cn1cncn1)c1ccc(F)cc1F
alcaftadine_cid19371515,,,alcaftadine_cid19371515.png,high,high,0.8554816407230236,exact,Alcaftadine,Alcaftadine,1.0,23,23,exact,exact,Alcaftadine,False,False,False,False,1.0,True,True,0,1,,,,CN1CCC(=C2c3ccccc3CCn3c(C=O)cnc32)CC1
almotriptan_malate_cid123607,,,almotriptan_malate_cid123607.png,high,high,0.8811704014443518,exact,Almotriptan Malate,Almotriptan Malate,1.0,32,32,exact,exact,Almotriptan Malate,False,False,False,False,1.0,True,True,0,2,,,,CN(C)CCc1c[nH]c2ccc(CS(=O)(=O)N3CCCC3)cc12.O=C(O)CC(O)C(=O)O
alpha_galactosylceramide_cid2826713,,,alpha_galactosylceramide_cid2826713.png,low,low,0.464459206135849,exact,Alpha-Galactosylceramide,Alpha-Galactosylceramide,1.0,60,60,exact,exact,Alpha-Galactosylceramide,False,False,False,False,1.0,True,True,0,1,,,,CCCCCCCCCCCCCCCCCCCCCCCCCC(=O)N[C@@H](CO[C@H]1O[C@H](CO)[C@H](O)[C@H](O)[C@H]1O)[C@H](O)[C@H](O)CCCCCCCCCCCCCC
alphaxalone_cid104845,,,alphaxalone_cid104845.png,low,low,0.8129522751619856,exact,Alphaxalone,Alphaxalone,1.0,24,24,exact,exact,Alphaxalone,False,False,False,False,1.0,True,True,0,1,,,,[H][C@@]12CC[C@@]3([H])[C@]4([H])CC[C@H](C(C)=O)[C@@]4(C)CC(=O)[C@]3([H])[C@@]1(C)CC[C@@H](O)C2
altiratinib_cid54576299,,,altiratinib_cid54576299.png,high,high,0.8953260305507229,exact,Altiratinib,Altiratinib,1.0,37,37,exact,exact,Altiratinib,False,False,False,False,1.0,True,True,0,1,,,,O=C(Nc1cc(Oc2cc(F)c(NC(=O)C3(C(=O)Nc4ccc(F)cc4)CC3)cc2F)ccn1)C1CC1
aluminum_clofibrate_cid10390009,,,aluminum_clofibrate_cid10390009.png,high,high,0.8798653147145287,wrong,,Aluminum Clofibrate,0.964,29,30,near,near,,False,False,False,False,0.964,False,False,1,3,,CC(C)(Oc1ccc(Cl)cc1)C(=O)[O-],,CC(C)(Oc1ccc(Cl)cc1)C(=O)[O-].CC(C)(Oc1ccc(Cl)cc1)C(=O)[O-].[OH-]
alvocidib_cid5287969,,,alvocidib_cid5287969.png,high,high,0.8831301381545681,exact,Alvocidib,Alvocidib,1.0,28,28,exact,exact,Alvocidib,False,False,False,False,1.0,True,True,0,1,,,,CN1CC[C@H](c2c(O)cc(O)c3c(=O)cc(-c4ccccc4Cl)oc23)[C@H](O)C1
amdinocillin_cid36273,,,amdinocillin_cid36273.png,high,high,0.8538571317855143,exact,Amdinocillin,Amdinocillin,1.0,22,22,exact,exact,Amdinocillin,False,False,False,False,1.0,True,True,0,1,,,,[H][C@]12SC(C)(C)[C@H](C(=O)O)N1C(=O)[C@H]2N=CN1CCCCCC1
amenamevir_cid11397521,,,amenamevir_cid11397521.png,high,high,0.8657547181671329,exact,Amenamevir,Amenamevir,1.0,34,34,exact,exact,Amenamevir,False,False,False,False,1.0,True,True,0,1,,,,Cc1cccc(C)c1N(CC(=O)Nc1ccc(-c2ncon2)cc1)C(=O)C1CCS(=O)(=O)CC1
amfenac_cid2136,,,amfenac_cid2136.png,low,low,0.8399943839418641,exact,Amfenac,Amfenac,1.0,19,19,exact,exact,Amfenac,False,False,False,False,1.0,True,True,0,1,,,,Nc1c(CC(=O)O)cccc1C(=O)c1ccccc1
aminoglutethimide_cid2145,,,aminoglutethimide_cid2145.png,high,high,0.8698634964903241,exact,Aminoglutethimide,Aminoglutethimide,1.0,17,17,exact,exact,Aminoglutethimide,False,False,False,False,1.0,True,True,0,1,,,,CCC1(c2ccc(N)cc2)CCC(=O)NC1=O
amodiaquine_hydrochloride_cid64646,,,amodiaquine_hydrochloride_cid64646.png,low,low,0.7681260284252305,wrong,,Amodiaquine Hydrochloride,1.0,29,29,salt,salt,Amodiaquine Hydrochloride,False,False,False,False,1.0,False,False,3,5,,O.O,,CCN(CC)Cc1cc(Nc2ccnc3cc(Cl)ccc23)ccc1O.Cl.O.O.O
amorolfine_cid54260,,,amorolfine_cid54260.png,high,high,0.8535985822981097,exact,Amorolfine,Amorolfine,1.0,23,23,exact,exact,Amorolfine,False,False,False,False,1.0,True,True,0,1,,,,CCC(C)(C)c1ccc(CC(C)CN2C[C@@H](C)O[C@@H](C)C2)cc1
amphotericin_b_monomethyl_ester_cid11968030,,,amphotericin_b_monomethyl_ester_cid11968030.png,low,low,0.6725510066067468,wrong,,Amphotericin B monomethyl ester,0.895,67,66,near,near,,False,False,False,False,0.895,False,False,3,1,,,,COC(=O)[C@@H]1[C@@H](O)C[C@@]2(O)C[C@@H](O)C[C@@H](O)[C@H](O)CC[C@@H](O)CC(O)CC(=O)OC(C)[C@H](C)[C@@H](O)[C@@H](C)/C=C/C=C/C=C/C=C/C=C/C=C/C=C/[C@H](O[C@@H]3O[C@H](C)[C@@H](O)[C@H](N)[C@@H]3OC)C[C@H]1O2
amprolium_cid73341,,,amprolium_cid73341.png,high,high,0.9041255606865718,exact,Amprolium,Amprolium,1.0,19,19,exact,exact,Amprolium,False,False,False,False,1.0,True,True,0,2,,,,CCCc1ncc(C[n+]2ccccc2C)c(N)n1.[Cl-]
anagrelide_cid135409400,,,anagrelide_cid135409400.png,high,high,0.8587801928017451,exact,Anagrelide,Anagrelide,1.0,16,16,exact,exact,Anagrelide,False,False,False,False,1.0,True,True,0,1,,,,O=C1CN2Cc3c(ccc(Cl)c3Cl)N=C2N1
anserine_cid112072,,,anserine_cid112072.png,low,low,0.8048729328668742,exact,Anserine,Anserine,1.0,17,17,exact,exact,Anserine,False,False,False,False,1.0,True,True,0,1,,,,Cn1cncc1C[C@H](NC(=O)CCN)C(=O)O
anthralin_cid2202,,,anthralin_cid2202.png,high,high,0.900337949298709,exact,Anthralin,Anthralin,1.0,17,17,exact,exact,Anthralin,False,False,False,False,1.0,True,True,0,1,,,,O=C1c2c(O)cccc2Cc2cccc(O)c21
apilimod_cid10173277,,,apilimod_cid10173277.png,high,high,0.8726157164480093,exact,Apilimod,Apilimod,1.0,31,31,exact,exact,Apilimod,False,False,False,False,1.0,True,True,0,1,,,,Cc1cccc(/C=N/Nc2cc(N3CCOCC3)nc(OCCc3ccccn3)n2)c1
apomorphine_cid6005,,,apomorphine_cid6005.png,high,high,0.8750554716002205,wrong,,Apomorphine,0.529,20,20,wrong,wrong,,False,False,False,False,0.529,False,False,2,1,,,,*[C@@]12Cc3ccc(O)c(O)c3-c3cccc(c31)CCN2C |$Ph;;;;;;;;;;;;;;;;;;;;$|
apraclonidine_cid2216,,,apraclonidine_cid2216.png,high,high,0.85563932722116,exact,Apraclonidine,Apraclonidine,1.0,15,15,exact,exact,Apraclonidine,False,False,False,False,1.0,True,True,0,1,,,,Nc1cc(Cl)c(NC2=NCCN2)c(Cl)c1
aprocitentan_cid25099191,,,aprocitentan_cid25099191.png,high,high,0.8735915027101684,wrong,,Aprocitentan,0.655,29,29,wrong,wrong,,False,False,False,False,0.655,False,False,2,1,,,,NS(=O)(=O)Nc1ncnc(OCCO[C]2=NC=C(Br)[CH]=[W]2)c1-c1ccc(Br)cc1
ar_67_cid6712744,,,ar_67_cid6712744.png,high,high,0.8742941246066047,exact,Ar-67,Ar-67,1.0,34,34,exact,exact,Ar-67,False,False,False,False,1.0,True,True,0,1,,,,CC[C@@]1(O)C(=O)OCc2c1cc1n(c2=O)Cc2c-1nc1ccc(O)cc1c2[Si](C)(C)C(C)(C)C
aranidipine_cid2225,,,aranidipine_cid2225.png,high,low,0.8534761971518716,invalid,,,,,,invalid,invalid,,False,False,False,False,,False,,,,,,,COC(=O)C12=C(C)NC(C)=C(C(=O)OCC(C)=O)C1C1=CC=CC=C1[N+]([O-])=C2O
argipressin_cid644077,,,argipressin_cid644077.png,low,low,0.6797809880371268,wrong,,Argipressin,0.693,75,75,wrong,wrong,,False,False,False,False,0.693,False,False,14,1,,,,NC(=O)CC[C@@H]1NC(=O)C(Cc2ccccc2)NC(=O)[C@H](Cc2ccc(O)cc2)NC(=O)[C@@H](N)CSCC[C@@H](C(=O)N2CCC[C@H]2C(=O)N[C@@H](CC[CH2][W]=[C]([W])[W])C(=O)NC[C](=O)[W])NC(=O)[C@H](CC(N)=O)NC1=O
aripiprazole_lauroxil_cid49831411,,,aripiprazole_lauroxil_cid49831411.png,high,high,0.8607494720412678,wrong,,Aripiprazole Lauroxil,0.453,45,45,wrong,wrong,,False,False,False,False,0.453,False,False,6,1,,,,CCCCCCCCCCCC(=O)O[CH2][W]1[C](=O)CCc2ccc(OCCC[CH2][W]3[CH2][CH2][W]([c]4cccc(Cl)c4Cl)[CH2][CH2]3)c[c]21
arterolane_cid10475633,,,arterolane_cid10475633.png,low,low,0.8161207582188335,exact,Arterolane,Arterolane,1.0,28,28,exact,exact,Arterolane,False,False,False,False,1.0,True,True,0,1,,,,CC(C)(N)CNC(=O)CC1CCC2(CC1)OOC1(O2)C2CC3CC(C2)CC1C3
arv_471_cid134562533,,,arv_471_cid134562533.png,high,high,0.8485880170276845,exact,Arv-471,Arv-471,1.0,54,54,exact,exact,Arv-471,False,False,False,False,1.0,True,True,0,1,,,,O=C1CC[C@H](N2Cc3cc(N4CCN(CC5CCN(c6ccc([C@@H]7c8ccc(O)cc8CC[C@@H]7c7ccccc7)cc6)CC5)CC4)ccc3C2=O)C(=O)N1
ascomycin_cid5282071,,,ascomycin_cid5282071.png,high,high,0.8578522042254362,wrong,,Ascomycin,0.667,56,56,wrong,wrong,,False,False,False,False,0.667,False,True,0,1,,,,[H][C@]12O[C@](O)(CC[C@@H]1OC)C(=O)C(=O)N1CCCC[C@@]1(C)C(=O)O[C@H](C(C)=C[C@@H]1CC[C@@H](O)[C@H](OC)C1)[C@H](C)[C@@H](O)CC(=O)[C@H](CC)/C=C(\C)C[C@H](C)C[C@@H]2OC
asimadoline_cid179340,,,asimadoline_cid179340.png,high,high,0.8464753432174268,exact,Asimadoline,Asimadoline,1.0,31,31,exact,exact,Asimadoline,False,False,False,False,1.0,True,True,0,1,,,,CN(C(=O)C(c1ccccc1)c1ccccc1)[C@H](CN1CC[C@H](O)C1)c1ccccc1
asundexian_cid135206011,,,asundexian_cid135206011.png,high,high,0.895162535948769,exact,Asundexian,Asundexian,1.0,41,41,exact,exact,Asundexian,False,False,False,False,1.0,True,True,0,1,,,,CC[C@@H](C(=O)Nc1ccc(C(N)=O)c(F)c1)n1cc(OC)c(-c2cc(Cl)ccc2-n2cc(C(F)(F)F)nn2)cc1=O
azaline_b_cid71587609,,,azaline_b_cid71587609.png,low,low,0.754797587022063,wrong,,azaline B,0.479,109,116,wrong,wrong,,False,False,False,False,0.479,False,False,20,3,,,,CC.CC(=O)N[C@H](C)C(=O)N[C@H](Cc1ccc(O)cc1)C(=O)N[C@H](CC1=[CH][W]=[CH]C=C1)C(=O)N[C@@H](CO)C(=O)N[C@@H](Cc1ccc(N[C]2=[W][N]=C(N)N2)cc1)C(=O)N[C@H](Cc1ccc(N[C]2=[W][N]=C(N)N2)cc1)C(=O)N[C@@H](CC(C)C)C(=O)N[C@@H](C)C(=O)N1CCC[C@H]1C(=O)N[C@H](C)C(N)=O.CCCCNC(C)C
azamulin_cid16072188,,,azamulin_cid16072188.png,low,low,0.6583084163171384,wrong,,Azamulin,0.649,32,33,wrong,wrong,,False,False,False,False,0.649,False,False,3,1,,,,[H][C@@]12C(=O)CC[C@@]13CC[C@@]2(C)[C@](C)(OC(=O)CSc1n[nH]c(N)n1)C[C@@](C)(CC)[C@@H](O)[C@@H]3C
azd8871_cid71558565,,,azd8871_cid71558565.png,low,low,0.6329903584989384,exact,Azd8871,Azd8871,1.0,52,52,exact,exact,Azd8871,False,False,False,False,1.0,True,True,0,1,,,,CN(CCCn1nnc2cc(CNC[C@H](O)c3ccc(O)c4[nH]c(=O)ccc34)ccc21)C1CCC(OC(=O)C(O)(c2cccs2)c2cccs2)CC1
aztreonam_cid5742832,,,aztreonam_cid5742832.png,high,high,0.8719514255404776,exact,Aztreonam,Aztreonam,1.0,28,28,exact,exact,Aztreonam,False,False,False,False,1.0,True,True,0,1,,,,C[C@H]1[C@H](NC(=O)/C(=N\OC(C)(C)C(=O)O)c2csc(N)n2)C(=O)N1S(=O)(=O)O
balaglitazone_cid9889200,,,balaglitazone_cid9889200.png,high,high,0.8762322074755641,exact,Balaglitazone,Balaglitazone,1.0,28,28,exact,exact,Balaglitazone,False,False,False,False,1.0,True,True,0,1,,,,Cn1c(COc2ccc(CC3SC(=O)NC3=O)cc2)nc2ccccc2c1=O
balapiravir_cid11691726,,,balapiravir_cid11691726.png,high,high,0.8778899956463819,exact,Balapiravir,Balapiravir,1.0,35,35,exact,exact,Balapiravir,False,False,False,False,1.0,True,True,0,1,,,,CC(C)C(=O)OC[C@@]1(N=[N+]=[N-])O[C@@H](n2ccc(N)nc2=O)[C@H](OC(=O)C(C)C)[C@@H]1OC(=O)C(C)C
balhimycin_cid139586033,,,balhimycin_cid139586033.png,low,low,0.4925277250573859,invalid,,,,,,invalid,invalid,,False,False,False,False,,False,,,,,,,CNC(CC(C)C)C(=O)NC1C(=O)NC(CC(N)=O)C(=O)NC2C(=O)NC3C(=O)NC(C(=O)NC(C(=O)O)C4=CC(O)=CC(O)=C4C4=C(O)C=CC3=C4)C(OC3CC(C)(N)C(=O)C(C)O3)C3=CC(Cl)=C(C=C3)OC3=C4C2=CC4(=C3OC2OC(CO)C(O)C(O)C2O)OC2=C(Cl)C=C(C=C2)C1O
baloxavir_marboxil_cid124081896,,,baloxavir_marboxil_cid124081896.png,high,high,0.8766369188803527,wrong,,Baloxavir Marboxil,0.688,40,40,wrong,wrong,,False,False,False,False,0.688,False,False,2,1,,,,[H][C@@]12COCCN1C(=O)c1c(OCOC(=O)OC)c(=O)cc[n]1[W]2[C@@H]1c2ccccc2SCc2c1ccc(F)c2F
barnidipine_cid443869,,,barnidipine_cid443869.png,high,high,0.887798237104309,exact,Barnidipine,Barnidipine,1.0,36,36,exact,exact,Barnidipine,False,False,False,False,1.0,True,True,0,1,,,,COC(=O)C1=C(C)NC(C)=C(C(=O)O[C@H]2CCN(Cc3ccccc3)C2)[C@H]1c1cccc([N+](=O)[O-])c1
barusiban_cid9832431,,,barusiban_cid9832431.png,high,high,0.8628479113309357,exact,Barusiban,Barusiban,1.0,58,58,exact,exact,Barusiban,False,False,False,False,1.0,True,True,0,1,,,,CC[C@@H](C)[C@@H]1NC(=O)[C@H]([C@@H](C)CC)NC(=O)[C@@H](Cc2c[nH]c3ccccc23)NC(=O)CCSCC[C@@H](C(=O)N(C)[C@H](CO)CCCN)NC(=O)[C@H](CC(N)=O)NC1=O
baxdrostat_cid71535962,,,baxdrostat_cid71535962.png,high,high,0.8666586367212884,exact,Baxdrostat,Baxdrostat,1.0,27,27,exact,exact,Baxdrostat,False,False,False,False,1.0,True,True,0,1,,,,CCC(=O)N[C@@H]1CCCc2c(-c3ccc4c(c3)CCC(=O)N4C)cncc21
bazedoxifene_cid154257,,,bazedoxifene_cid154257.png,high,high,0.8896346016663272,exact,Bazedoxifene,Bazedoxifene,1.0,35,35,exact,exact,Bazedoxifene,False,False,False,False,1.0,True,True,0,1,,,,Cc1c(-c2ccc(O)cc2)n(Cc2ccc(OCCN3CCCCCC3)cc2)c2ccc(O)cc12
beauvericin_cid3007984,,,beauvericin_cid3007984.png,high,high,0.8741479158248756,exact,Beauvericin,Beauvericin,1.0,57,57,exact,exact,Beauvericin,False,False,False,False,1.0,True,True,0,1,,,,CC(C)[C@H]1OC(=O)[C@H](Cc2ccccc2)N(C)C(=O)[C@@H](C(C)C)OC(=O)[C@H](Cc2ccccc2)N(C)C(=O)[C@@H](C(C)C)OC(=O)[C@H](Cc2ccccc2)N(C)C1=O
becampanel_cid5491960,,,becampanel_cid5491960.png,high,high,0.8688338966938687,wrong,,Becampanel,0.64,21,22,wrong,wrong,,False,False,False,False,0.64,False,False,2,1,,,,O=*([O-])c1cc(CNCP(=O)(O)O)c2[nH]c(=O)c(=O)[nH]c2c1 |$;Nu;;;;;;;;;;;;;;;;;;;;$|
beclabuvir_cid56934415,,,beclabuvir_cid56934415.png,low,low,0.5565927749494934,invalid,,,,,,invalid,invalid,,False,False,False,False,,False,,,,,,,[H]C1CCC2([H])CC(C)(=O)C34(CN5C6=C(C=CC(C(=O)NS(=O)(=O)N(C)C)=C6)C(C6CCCCC6)=C5C5=C(C=C(OC)C=C5)C3([H])C4)C(=O)N12
befunolol_cid2309,,,befunolol_cid2309.png,high,high,0.8859410878460604,exact,Befunolol,Befunolol,1.0,21,21,exact,exact,Befunolol,False,False,False,False,1.0,True,True,0,1,,,,CC(=O)c1cc2cccc(OCC(O)CNC(C)C)c2o1
belvarafenib_cid89655386,,,belvarafenib_cid89655386.png,high,high,0.8686110757426503,exact,Belvarafenib,Belvarafenib,1.0,33,33,exact,exact,Belvarafenib,False,False,False,False,1.0,True,True,0,1,,,,Cc1ccc2c(Nc3cccc(Cl)c3F)nccc2c1NC(=O)c1csc2c(N)ncnc12
benidipine_cid656668,,,benidipine_cid656668.png,high,high,0.8840491621955361,exact,Benidipine,Benidipine,1.0,37,37,exact,exact,Benidipine,False,False,False,False,1.0,True,True,0,1,,,,COC(=O)C1=C(C)NC(C)=C(C(=O)O[C@@H]2CCCN(Cc3ccccc3)C2)[C@@H]1c1cccc([N+](=O)[O-])c1
benperidol_cid16363,,,benperidol_cid16363.png,high,high,0.8462143488858425,exact,Benperidol,Benperidol,1.0,28,28,exact,exact,Benperidol,False,False,False,False,1.0,True,True,0,1,,,,O=C(CCCN1CCC(n2c(=O)[nH]c3ccccc32)CC1)c1ccc(F)cc1
benznidazole_cid31593,,,benznidazole_cid31593.png,high,high,0.8707242563467067,exact,Benznidazole,Benznidazole,1.0,19,19,exact,exact,Benznidazole,False,False,False,False,1.0,True,True,0,1,,,,O=C(Cn1ccnc1[N+](=O)[O-])NCc1ccccc1
benzphetamine_hydrochloride_cid11558159,,,benzphetamine_hydrochloride_cid11558159.png,high,high,0.8861660343112479,exact,Benzphetamine Hydrochloride,Benzphetamine Hydrochloride,1.0,19,19,exact,exact,Benzphetamine Hydrochloride,False,False,False,False,1.0,True,True,0,2,,,,C[C@@H](Cc1ccccc1)N(C)Cc1ccccc1.Cl
beraprost_sodium_cid23663404,,,beraprost_sodium_cid23663404.png,low,low,0.8401666544559694,stereo,Beraprost Sodium,Beraprost Sodium,1.0,30,30,stereo,stereo,Beraprost Sodium,False,False,False,False,1.0,True,True,0,2,,,,[H][C@]12C[C@@H](O)[C@H](C=C[C@@H](O)C(C)CC#CC)[C@@]1([H])c1cccc(CCCC(=O)[O-])c1O2.[Na+]
berninamycin_a_cid91617669,,,berninamycin_a_cid91617669.png,low,low,0.32666069468885,wrong,,Berninamycin A,0.836,82,82,wrong,wrong,,False,False,False,False,0.836,False,False,5,1,,,,C=C(NC(=O)C(=C)NC(=O)c1ccc2c(n1)-c1coc(n1)C(=C)NC(=O)C(=C)NC(=O)c1cc(oc1C)C(=C)NC(=O)[C@H](C(C)(C)O)NC(=O)C(=C)NC(=O)c1nc(oc1C)/C(=C/C)NC(=O)[C@H]([C@@H](C)O)NC(=O)c1csc-2n1)[C](=O)[Rf]
besifovir_cid5270766,,,besifovir_cid5270766.png,high,high,0.8738120912760023,exact,Besifovir,Besifovir,1.0,20,20,exact,exact,Besifovir,False,False,False,False,1.0,True,True,0,1,,,,Nc1ncc2ncn(CC3(OCP(=O)(O)O)CC3)c2n1
betahistine_cid2366,,,betahistine_cid2366.png,high,high,0.9078466451696168,exact,Betahistine,Betahistine,1.0,10,10,exact,exact,Betahistine,False,False,False,False,1.0,True,True,0,1,,,,CNCCc1ccccn1
bethanechol_cid2370,,,bethanechol_cid2370.png,high,high,0.8556635328927501,exact,Bethanechol,Bethanechol,1.0,11,11,exact,exact,Bethanechol,False,False,False,False,1.0,True,True,0,1,,,,CC(C[N+](C)(C)C)OC(N)=O
bexarotene_cid82146,,,bexarotene_cid82146.png,high,high,0.853050747515039,exact,Bexarotene,Bexarotene,1.0,26,26,exact,exact,Bexarotene,False,False,False,False,1.0,True,True,0,1,,,,C=C(c1ccc(C(=O)O)cc1)c1cc2c(cc1C)C(C)(C)CCC2(C)C
biotin_cid171548,,,biotin_cid171548.png,high,high,0.8594543022227892,exact,Biotin,Biotin,1.0,16,16,exact,exact,Biotin,False,False,False,False,1.0,True,True,0,1,,,,[H][C@]12CS[C@@H](CCCCC(=O)O)[C@@]1([H])NC(=O)N2
bismuth_subgallate_cid73415769,,,bismuth_subgallate_cid73415769.png,high,high,0.8787266874761673,wrong,,Bismuth Subgallate,0.958,13,14,near,near,,False,False,False,False,0.958,False,False,1,2,,,,O=C(O)c1cc([O-])c([O-])c(O)c1.[OH-]
bleomycin_b2_cid5496540,,,bleomycin_b2_cid5496540.png,low,low,0.06526322127449288,invalid,,,,,,invalid,invalid,,False,False,False,False,,False,,,,,,,<invalid>
bolasterone_cid102146,,,bolasterone_cid102146.png,high,high,0.8709341348002371,exact,Bolasterone,Bolasterone,1.0,23,23,exact,exact,Bolasterone,False,False,False,False,1.0,True,True,0,1,,,,[H][C@]12CC[C@@]3(C)[C@@]([H])(CC[C@]3(C)O)[C@]1([H])[C@H](C)CC1=CC(=O)CC[C@@]12C
boric_acid_cid7628,,,boric_acid_cid7628.png,low,low,0.8291450798807478,exact,Boric Acid,Boric Acid,1.0,4,4,exact,exact,Boric Acid,False,False,False,False,1.0,True,True,0,1,,,,OB(O)O
brilacidin_cid25023695,,,brilacidin_cid25023695.png,low,low,0.3457065224647522,invalid,,,,,,invalid,invalid,,False,False,False,False,,False,,,,,,,
brivanib_cid11234052,,,brivanib_cid11234052.png,high,high,0.8711126882712756,exact,Brivanib,Brivanib,1.0,27,27,exact,exact,Brivanib,False,False,False,False,1.0,True,True,0,1,,,,Cc1cc2c(F)c(Oc3ncnn4cc(OC[C@@H](C)O)c(C)c34)ccc2[nH]1
brivudine_cid446727,,,brivudine_cid446727.png,high,high,0.8684571872128352,exact,Brivudine,Brivudine,1.0,19,19,exact,exact,Brivudine,False,False,False,False,1.0,True,True,0,1,,,,O=c1[nH]c(=O)n([C@H]2C[C@H](O)[C@@H](CO)O2)cc1/C=C/Br
brodifacoum_cid54680676,,,brodifacoum_cid54680676.png,high,high,0.9071152076179974,exact,Brodifacoum,Brodifacoum,1.0,35,35,exact,exact,Brodifacoum,False,False,False,False,1.0,True,True,0,1,,,,O=c1oc2ccccc2c(O)c1C1CC(c2ccc(-c3ccc(Br)cc3)cc2)Cc2ccccc21
bupranolol_cid2475,,,bupranolol_cid2475.png,high,high,0.8528908371817144,exact,Bupranolol,Bupranolol,1.0,18,18,exact,exact,Bupranolol,False,False,False,False,1.0,True,True,0,1,,,,Cc1ccc(Cl)c(OCC(O)CNC(C)(C)C)c1
butenafine_cid2484,,,butenafine_cid2484.png,low,low,0.8418961391697117,exact,Butenafine,Butenafine,1.0,24,24,exact,exact,Butenafine,False,False,False,False,1.0,True,True,0,1,,,,CN(Cc1ccc(C(C)(C)C)cc1)Cc1cccc2ccccc12
c_c_dimethyl_n_n_tricyclo_8_2_2_24_7_hexadeca_4_6_10_12_13_1_cid71474517,,,c_c_dimethyl_n_n_tricyclo_8_2_2_24_7_hexadeca_4_6_10_12_13_1_cid71474517.png,low,low,0.6244261596024124,invalid,,,,,,invalid,invalid,,False,False,False,False,,False,,,,,,,[H]C12CCCCC1([H])N(C(=O)C(NC(=O)OC)C(C)C)C(C)C2.[H]C12CCCCC1([H])N(C(=O)C(NC(=O)OC)C(C)C)C(C1=NC3=C(C=C(C4=C5C=CC(=C4)CCC46=C(C=C(C=C4)CC5)C4=CC5=[C](C=C46)[W]=[CH]N5)C=C3)N1)C2
calcium_chloride_cid5284359,,,calcium_chloride_cid5284359.png,low,low,0.8034053460490211,exact,Calcium Chloride,Calcium Chloride,1.0,3,3,exact,exact,Calcium Chloride,False,False,False,False,1.0,True,True,0,3,,[Cl-],,[Ca+2].[Cl-].[Cl-]
canfosfamide_cid5312109,,,canfosfamide_cid5312109.png,high,high,0.8682759638020263,exact,Canfosfamide,Canfosfamide,1.0,47,47,exact,exact,Canfosfamide,False,False,False,False,1.0,True,True,0,1,,,,N[C@@H](CCC(=O)N[C@@H](CS(=O)(=O)CCOP(=O)(N(CCCl)CCCl)N(CCCl)CCCl)C(=O)N[C@@H](C(=O)O)c1ccccc1)C(=O)O
cannabidiol_cid644019,,,cannabidiol_cid644019.png,high,high,0.8746036642457874,exact,Cannabidiol,Cannabidiol,1.0,23,23,exact,exact,Cannabidiol,False,False,False,False,1.0,True,True,0,1,,,,C=C(C)[C@@H]1CCC(C)=C[C@H]1c1c(O)cc(CCCCC)cc1O
canrenone_cid13789,,,canrenone_cid13789.png,low,low,0.8350475557435079,exact,Canrenone,Canrenone,1.0,25,25,exact,exact,Canrenone,False,False,False,False,1.0,True,True,0,1,,,,[H][C@@]12C=CC3=CC(=O)CC[C@]3(C)[C@@]1([H])CC[C@]1(C)[C@]3(CCC(=O)O3)CC[C@@]21[H]
cantharidin_cid5944,,,cantharidin_cid5944.png,high,high,0.8766029975055234,exact,Cantharidin,Cantharidin,1.0,14,14,exact,exact,Cantharidin,False,False,False,False,1.0,True,True,0,1,,,,[H][C@]12CC[C@]([H])(O1)[C@]1(C)C(=O)OC(=O)[C@@]12C
captopril_cid44093,,,captopril_cid44093.png,high,high,0.8772997294054703,exact,Captopril,Captopril,1.0,14,14,exact,exact,Captopril,False,False,False,False,1.0,True,True,0,1,,,,C[C@H](CS)C(=O)N1CCC[C@H]1C(=O)O
carbachol_cid5831,,,carbachol_cid5831.png,high,high,0.8642128803188831,exact,Carbachol,Carbachol,1.0,11,11,exact,exact,Carbachol,False,False,False,False,1.0,True,True,0,2,,,,C[N+](C)(C)CCOC(N)=O.[Cl-]
carbenicillin_cid20824,,,carbenicillin_cid20824.png,high,high,0.861482629764996,exact,Carbenicillin,Carbenicillin,1.0,26,26,exact,exact,Carbenicillin,False,False,False,False,1.0,True,True,0,1,,,,[H][C@]12SC(C)(C)[C@H](C(=O)O)N1C(=O)[C@H]2NC(=O)C(C(=O)O)c1ccccc1
carisbamate_cid6918474,,,carisbamate_cid6918474.png,high,high,0.8544141100106383,exact,Carisbamate,Carisbamate,1.0,14,14,exact,exact,Carisbamate,False,False,False,False,1.0,True,True,0,1,,,,NC(=O)OC[C@@H](O)c1ccccc1Cl
carmegliptin_cid11417567,,,carmegliptin_cid11417567.png,high,high,0.8637406341023822,exact,Carmegliptin,Carmegliptin,1.0,27,27,exact,exact,Carmegliptin,False,False,False,False,1.0,True,True,0,1,,,,[H][C@@]12C[C@H](N)[C@@H](N3C[C@@H](CF)CC3=O)CN1CCc1cc(OC)c(OC)cc12
carnosine_cid439224,,,carnosine_cid439224.png,low,low,0.8349505425518349,exact,Carnosine,Carnosine,1.0,16,16,exact,exact,Carnosine,False,False,False,False,1.0,True,True,0,1,,,,NCCC(=O)N[C@@H](Cc1cnc[nH]1)C(=O)O
carumonam_cid6540466,,,carumonam_cid6540466.png,high,high,0.8961406402859613,exact,Carumonam,Carumonam,1.0,30,30,exact,exact,Carumonam,False,False,False,False,1.0,True,True,0,1,,,,NC(=O)OC[C@@H]1[C@H](NC(=O)/C(=N\OCC(=O)O)c2csc(N)n2)C(=O)N1S(=O)(=O)O
cefaclor_cid51039,,,cefaclor_cid51039.png,high,high,0.8784837406516183,exact,Cefaclor,Cefaclor,1.0,24,24,exact,exact,Cefaclor,False,False,False,False,1.0,True,True,0,1,,,,[H][C@]12SCC(Cl)=C(C(=O)O)N1C(=O)[C@H]2NC(=O)[C@H](N)c1ccccc1
cefamandole_cid456255,,,cefamandole_cid456255.png,high,high,0.8518960039792827,exact,Cefamandole,Cefamandole,1.0,31,31,exact,exact,Cefamandole,False,False,False,False,1.0,True,True,0,1,,,,[H][C@]12SCC(CSc3nnnn3C)=C(C(=O)O)N1C(=O)[C@H]2NC(=O)[C@H](O)c1ccccc1
cefdinir_cid6915944,,,cefdinir_cid6915944.png,high,high,0.8535079633429804,exact,Cefdinir,Cefdinir,1.0,26,26,exact,exact,Cefdinir,False,False,False,False,1.0,True,True,0,1,,,,[H][C@]12SCC(C=C)=C(C(=O)O)N1C(=O)[C@H]2NC(=O)/C(=N\O)c1csc(N)n1
cefiderocol_cid77843966,,,cefiderocol_cid77843966.png,high,high,0.8683073270559649,exact,Cefiderocol,Cefiderocol,1.0,50,50,exact,exact,Cefiderocol,False,False,False,False,1.0,True,True,0,1,,,,[H][C@]12SCC(C[N+]3(CCNC(=O)c4ccc(O)c(O)c4Cl)CCCC3)=C(C(=O)[O-])N1C(=O)[C@H]2NC(=O)/C(=N\OC(C)(C)C(=O)O)c1csc(N)n1
cefilavancin_cid76960417,,,cefilavancin_cid76960417.png,low,low,6.472155276208967e-05,invalid,,,,,,invalid,invalid,,False,False,False,False,,False,,,,,,,*C1=CC=C23C456C78=C249%10NC(=O)C(NC(=O)C([H])(NC(=O)C([H])NC(=O)[CH]CC(C)C)C1)C(=O)N[CH]3759C6%10(=O)N[CH]C(=O)NC(=O)[CH]123C=C(O)C=C(O)C45=CC4(=C(O)C=C8)C5(O)=CC(O)=C1C2C3(=O)NCCON=C(C(=O)NC1C(=O)N2C(C(=O)[O-])=C(C[P+]3=CC=CC=C3)CCC12[H])C1=C2*C(*)(=N1)O2 |$RNRN;;;;;;;;;;;;;;;;;;;;;;;;;;;;;;;;;;;;;;;;;;;;;;;;;;;;;;;;;;;;;;;;;;;;;;;;;;;;;;;;;;;;;;;;;;;;;;;;;;RN;;RN;;$|
cefixime_cid5362065,,,cefixime_cid5362065.png,high,high,0.8913816859061263,exact,Cefixime,Cefixime,1.0,30,30,exact,exact,Cefixime,False,False,False,False,1.0,True,True,0,1,,,,[H][C@]12SCC(C=C)=C(C(=O)O)N1C(=O)[C@H]2NC(=O)/C(=N\OCC(=O)O)c1csc(N)n1
cefmetazole_cid42008,,,cefmetazole_cid42008.png,high,high,0.8495561455400403,exact,Cefmetazole,Cefmetazole,1.0,30,30,exact,exact,Cefmetazole,False,False,False,False,1.0,True,True,0,1,,,,[H][C@]12SCC(CSc3nnnn3C)=C(C(=O)O)N1C(=O)[C@]2(NC(=O)CSCC#N)OC
cefoperazone_cid44187,,,cefoperazone_cid44187.png,low,low,0.8142504945702808,wrong,,Cefoperazone,0.809,44,44,wrong,wrong,,False,False,False,False,0.809,False,False,3,1,,,,[H][C@]12SCC(CSc3nnnn3C)=C(C(=O)O)N1C(=O)[C@H]2NC(=O)[C@H](NC(=O)N1CCC(CC)C(=O)C1=O)c1ccc(O)cc1
cefotaxime_cid5742673,,,cefotaxime_cid5742673.png,high,high,0.8891359133493779,exact,Cefotaxime,Cefotaxime,1.0,30,30,exact,exact,Cefotaxime,False,False,False,False,1.0,True,True,0,1,,,,[H][C@]12SCC(COC(C)=O)=C(C(=O)O)N1C(=O)[C@H]2NC(=O)/C(=N\OC)c1csc(N)n1
cefotetan_cid53025,,,cefotetan_cid53025.png,high,high,0.8594375817924853,exact,Cefotetan,Cefotetan,1.0,36,36,exact,exact,Cefotetan,False,False,False,False,1.0,True,True,0,1,,,,[H][C@]12SCC(CSc3nnnn3C)=C(C(=O)O)N1C(=O)[C@]2(NC(=O)C1SC(=C(C(N)=O)C(=O)O)S1)OC
cefoxitin_cid441199,,,cefoxitin_cid441199.png,high,high,0.8645722984981534,exact,Cefoxitin,Cefoxitin,1.0,28,28,exact,exact,Cefoxitin,False,False,False,False,1.0,True,True,0,1,,,,[H][C@]12SCC(COC(N)=O)=C(C(=O)O)N1C(=O)[C@]2(NC(=O)Cc1cccs1)OC
cefozopran_cid9571080,,,cefozopran_cid9571080.png,high,high,0.8495859494038625,exact,Cefozopran,Cefozopran,1.0,35,35,exact,exact,Cefozopran,False,False,False,False,1.0,True,True,0,1,,,,[H][C@]12SCC(C[n+]3ccn4ncccc43)=C(C(=O)[O-])N1C(=O)[C@H]2NC(=O)/C(=N\OC)c1nsc(N)n1
cefprozil_cid62977,,,cefprozil_cid62977.png,high,high,0.8853528506687569,stereo,Cefprozil,Cefprozil,1.0,27,27,stereo,stereo,Cefprozil,False,False,False,False,1.0,True,True,0,1,,,,[H][C@]12SCC(/C=C/C)=C(C(=O)O)N1C(=O)[C@H]2NC(=O)[C@H](N)c1ccc(O)cc1
ceftizoxime_cid6533629,,,ceftizoxime_cid6533629.png,high,high,0.8827892321544247,exact,Ceftizoxime,Ceftizoxime,1.0,25,25,exact,exact,Ceftizoxime,False,False,False,False,1.0,True,True,0,1,,,,[H][C@]12SCC=C(C(=O)O)N1C(=O)[C@H]2NC(=O)/C(=N\OC)c1csc(N)n1
centanafadine_cid16095349,,,centanafadine_cid16095349.png,high,high,0.8784121131184026,exact,Centanafadine,Centanafadine,1.0,16,16,exact,exact,Centanafadine,False,False,False,False,1.0,True,True,0,1,,,,[H][C@@]12CNC[C@]1(c1ccc3ccccc3c1)C2
cephaloridine_cid5773,,,cephaloridine_cid5773.png,high,high,0.8886942201661945,wrong,,Cephaloridine,0.864,28,28,skeleton,skeleton,,False,False,False,False,0.864,True,False,1,1,,,,[H][C@]12SCC(C[n+]3ccccc3)=C(C(=O)O)N1C(=O)[C@H]2NC(=O)Cc1cccs1
cephalothin_cid6024,,,cephalothin_cid6024.png,high,high,0.866635307251342,exact,Cephalothin,Cephalothin,1.0,26,26,exact,exact,Cephalothin,False,False,False,False,1.0,True,True,0,1,,,,[H][C@]12SCC(COC(C)=O)=C(C(=O)O)N1C(=O)[C@H]2NC(=O)Cc1cccs1
chlormadinone_acetate_cid9324,,,chlormadinone_acetate_cid9324.png,high,high,0.8553266976229689,exact,Chlormadinone Acetate,Chlormadinone Acetate,1.0,28,28,exact,exact,Chlormadinone Acetate,False,False,False,False,1.0,True,True,0,1,,,,[H][C@@]12C=C(Cl)C3=CC(=O)CC[C@]3(C)[C@@]1([H])CC[C@@]1(C)[C@@]2([H])CC[C@]1(OC(C)=O)C(C)=O
chloroeremomycin_cid445806,,,chloroeremomycin_cid445806.png,low,low,0.2604688605152533,wrong,,Chloroeremomycin,0.379,90,111,wrong,wrong,,False,False,False,False,0.379,False,False,30,1,,,,*C(=O)C[C@]([H])(NC(=O)C([H])NC(=O)[C@@H](CC(C)C)NC)C(=O)NC1C(=O)N[C@@H](O)C(=O)N[C@H](C(=O)N[C@@H](/C=C/C(O)=C\CO)C(=O)O)[C@]([H])(O[C@H]2C[C@@](*)(C)[C@@H](O)[C@H](C)O2)/C=C/C(Cl)=C/Oc2cc1ccc2O[C@@H]1O[C@H](CO)[C@@H](O)[C@H](O)[C@H]1O[C@H]1C[C@](C)(N)[C@@H](O)[C@H](C)O1 |$NR1;;;;;;;;;;;;;;;;;;;;;;;;;;;;;;;;;;;;;;;;;;;;;;;;;;;;;;HNH3+;;;;;;;;;;;;;;;;;;;;;;;;;;;;;;;;;;;;;;;;$|
chlorotrianisene_cid11289,,,chlorotrianisene_cid11289.png,high,high,0.8496030684941489,exact,Chlorotrianisene,Chlorotrianisene,1.0,27,27,exact,exact,Chlorotrianisene,False,False,False,False,1.0,True,True,0,1,,,,COc1ccc(C(Cl)=C(c2ccc(OC)cc2)c2ccc(OC)cc2)cc1
chlorozotocin_cid451706,,,chlorozotocin_cid451706.png,low,low,0.8245618836955424,exact,Chlorozotocin,Chlorozotocin,1.0,20,20,exact,exact,Chlorozotocin,False,False,False,False,1.0,True,True,0,1,,,,O=C[C@H](NC(=O)N(CCCl)N=O)[C@@H](O)[C@H](O)[C@H](O)CO
chlorprothixene_cid667467,,,chlorprothixene_cid667467.png,high,high,0.8749040418584395,exact,Chlorprothixene,Chlorprothixene,1.0,21,21,exact,exact,Chlorprothixene,False,False,False,False,1.0,True,True,0,1,,,,CN(C)CC/C=C1/c2ccccc2Sc2ccc(Cl)cc21
chlorzoxazone_cid2733,,,chlorzoxazone_cid2733.png,high,high,0.8680005970494055,exact,Chlorzoxazone,Chlorzoxazone,1.0,11,11,exact,exact,Chlorzoxazone,False,False,False,False,1.0,True,True,0,1,,,,O=c1[nH]c2cc(Cl)ccc2o1
cilagicin_cid171038003,,,cilagicin_cid171038003.png,low,low,0.1594849871259184,wrong,,Cilagicin,0.868,111,104,near,near,,False,False,False,False,0.868,False,False,13,1,,,,CCCCCCCCCCCCCC(=O)N[C@H](CO)C(=O)N[C@H]1C(=O)N[C@@H](CCN)C(=O)N[C@@H](CC(=O)O)C(=O)NCC(=O)N[C@H](CC(N)=O)C(=O)N[C@H](CC(=O)O)C(=O)NCC(=O)N[C@@H](Cc2ccc(O)cc2)C(=O)N[C@@H](C(C)C)C(=O)N[C@@H](CCN)C(=O)N[C@@H](Cc2ccccc2)C(=O)O[C@@H]1NC(=O)[C@@H](CO)NC
cilazapril_cid56330,,,cilazapril_cid56330.png,high,high,0.8828564225896851,exact,Cilazapril,Cilazapril,1.0,30,30,exact,exact,Cilazapril,False,False,False,False,1.0,True,True,0,1,,,,CCOC(=O)[C@H](CCc1ccccc1)N[C@H]1CCCN2CCC[C@@H](C(=O)O)N2C1=O
cinnarizine_cid1547484,,,cinnarizine_cid1547484.png,high,high,0.8508873858185404,exact,Cinnarizine,Cinnarizine,1.0,28,28,exact,exact,Cinnarizine,False,False,False,False,1.0,True,True,0,1,,,,C(=C/c1ccccc1)\CN1CCN(C(c2ccccc2)c2ccccc2)CC1
citrulline_cid9750,,,citrulline_cid9750.png,low,low,0.8364131718512694,exact,Citrulline,Citrulline,1.0,12,12,exact,exact,Citrulline,False,False,False,False,1.0,True,True,0,1,,,,NC(=O)NCCC[C@H](N)C(=O)O
clavulanic_acid_cid5280980,,,clavulanic_acid_cid5280980.png,high,high,0.8852037184737366,exact,Clavulanic Acid,Clavulanic Acid,1.0,14,14,exact,exact,Clavulanic Acid,False,False,False,False,1.0,True,True,0,1,,,,[H][C@@]12CC(=O)N1[C@@H](C(=O)O)/C(=C/CO)O2
clazosentan_cid6433095,,,clazosentan_cid6433095.png,high,high,0.896832043788162,exact,Clazosentan,Clazosentan,1.0,41,41,exact,exact,Clazosentan,False,False,False,False,1.0,True,True,0,1,,,,COc1ccccc1Oc1c(NS(=O)(=O)c2ccc(C)cn2)nc(-c2ccnc(-c3nn[nH]n3)c2)nc1OCCO
clocortolone_cid5311052,,,clocortolone_cid5311052.png,high,high,0.8503522430095071,exact,Clocortolone,Clocortolone,1.0,28,28,exact,exact,Clocortolone,False,False,False,False,1.0,True,True,0,1,,,,[H][C@@]12C[C@H](F)C3=CC(=O)C=C[C@]3(C)[C@@]1(Cl)[C@@H](O)C[C@]1(C)[C@@H](C(=O)CO)[C@H](C)C[C@@]21[H]
clotrimazole_cid2812,,,clotrimazole_cid2812.png,high,high,0.8914342956893073,exact,Clotrimazole,Clotrimazole,1.0,25,25,exact,exact,Clotrimazole,False,False,False,False,1.0,True,True,0,1,,,,Clc1ccccc1C(c1ccccc1)(c1ccccc1)n1ccnc1
clovibactin_cid146342518,,,clovibactin_cid146342518.png,high,high,0.8664922872187844,exact,Clovibactin,Clovibactin,1.0,64,64,exact,exact,Clovibactin,False,False,False,False,1.0,True,True,0,1,,,,CC(C)C[C@@H]1NC(=O)[C@H](C)NC(=O)[C@H](NC(=O)[C@H](CO)NC(=O)[C@@H](CCCCN)NC(=O)[C@@H](CC(C)C)NC(=O)[C@@H](N)Cc2ccccc2)[C@H](C(N)=O)OC(=O)[C@H](CC(C)C)NC1=O
cloxacillin_cid6098,,,cloxacillin_cid6098.png,high,high,0.866033590587043,exact,Cloxacillin,Cloxacillin,1.0,29,29,exact,exact,Cloxacillin,False,False,False,False,1.0,True,True,0,1,,,,[H][C@]12SC(C)(C)[C@H](C(=O)O)N1C(=O)[C@H]2NC(=O)c1c(-c2ccccc2Cl)noc1C
contezolid_cid25184541,,,contezolid_cid25184541.png,high,high,0.8689533339817372,exact,Contezolid,Contezolid,1.0,29,29,exact,exact,Contezolid,False,False,False,False,1.0,True,True,0,1,,,,O=C1C=CN(c2c(F)cc(N3C[C@H](CNc4ccon4)OC3=O)c(F)c2F)CC1
coprexa_cid5245480,,,coprexa_cid5245480.png,high,high,0.8672000230444167,exact,Coprexa,Coprexa,1.0,5,5,exact,exact,Coprexa,False,False,False,False,1.0,True,True,0,3,,[SH-],,[SH-].[SH-].[S]=[Mo]=[S]
creatine_cid586,,,creatine_cid586.png,high,high,0.8443135863606421,exact,Creatine,Creatine,1.0,9,9,exact,exact,Creatine,False,False,False,False,1.0,True,True,0,1,,,,CN(CC(=O)O)C(=N)N
crenolanib_cid10366136,,,crenolanib_cid10366136.png,high,high,0.8783121334382389,exact,Crenolanib,Crenolanib,1.0,33,33,exact,exact,Crenolanib,False,False,False,False,1.0,True,True,0,1,,,,CC1(COc2ccc3c(c2)ncn3-c2ccc3cccc(N4CCC(N)CC4)c3n2)COC1
cycloguanil_cid9049,,,cycloguanil_cid9049.png,high,high,0.8748542136049013,exact,Cycloguanil,Cycloguanil,1.0,17,17,exact,exact,Cycloguanil,False,False,False,False,1.0,True,True,0,1,,,,CC1(C)N=C(N)N=C(N)N1c1ccc(Cl)cc1
cyclopropane_cid6351,,,cyclopropane_cid6351.png,low,low,0.7183564902597126,exact,Cyclopropane,Cyclopropane,1.0,3,3,exact,exact,Cyclopropane,False,False,False,False,1.0,True,True,0,1,,,,C1CC1
cystine_cid67678,,,cystine_cid67678.png,low,low,0.8371267069441826,exact,(-)-Cystine,(-)-Cystine,1.0,14,14,exact,exact,(-)-Cystine,False,False,False,False,1.0,True,True,0,1,,,,N[C@@H](CSSC[C@H](N)C(=O)O)C(=O)O
dabrafenib_cid44462760,,,dabrafenib_cid44462760.png,high,high,0.8699758805790251,exact,Dabrafenib,Dabrafenib,1.0,35,35,exact,exact,Dabrafenib,False,False,False,False,1.0,True,True,0,1,,,,CC(C)(C)c1nc(-c2cccc(NS(=O)(=O)c3c(F)cccc3F)c2F)c(-c2ccnc(N)n2)s1
dantrolene_cid6914273,,,dantrolene_cid6914273.png,high,high,0.8873734066576996,exact,Dantrolene,Dantrolene,1.0,23,23,exact,exact,Dantrolene,False,False,False,False,1.0,True,True,0,1,,,,O=C1CN(/N=C/c2ccc(-c3ccc([N+](=O)[O-])cc3)o2)C(=O)N1
danuglipron_tromethamine_cid154702463,,,danuglipron_tromethamine_cid154702463.png,high,high,0.8702403577702676,exact,Danuglipron Tromethamine,Danuglipron Tromethamine,1.0,49,49,exact,exact,Danuglipron Tromethamine,False,False,False,False,1.0,True,True,0,2,,,,N#Cc1ccc(COc2cccc(C3CCN(Cc4nc5ccc(C(=O)O)cc5n4C[C@@H]4CCO4)CC3)n2)c(F)c1.NC(CO)(CO)CO
dapivirine_cid214347,,,dapivirine_cid214347.png,high,high,0.8889804167048931,exact,Dapivirine,Dapivirine,1.0,25,25,exact,exact,Dapivirine,False,False,False,False,1.0,True,True,0,1,,,,Cc1cc(C)c(Nc2ccnc(Nc3ccc(C#N)cc3)n2)c(C)c1
darobactin_cid154586077,,,darobactin_cid154586077.png,low,low,0.1136210842810306,invalid,,,,,,invalid,invalid,,False,False,False,False,,False,,,,,,,[H]C1(CO)NC(=O)C2NC(=O)C(CC(N)=O)NC(=O)C(N)CC34=CC56=C(C=CC=C=53C=C46)CC2C2=CNC3=C2C=CC(=C3)C([H])(CCCN)C([H])(C(=O)NC(CO)C(=O)NC(CC2=CC=CC=C2)C(=O)O)NC1=O
darolutamide_cid67171867,,,darolutamide_cid67171867.png,high,high,0.8481761323158032,exact,Darolutamide,Darolutamide,1.0,28,28,exact,exact,Darolutamide,False,False,False,False,1.0,True,True,0,1,,,,CC(O)c1cc(C(=O)N[C@@H](C)Cn2ccc(-c3ccc(C#N)c(Cl)c3)n2)n[nH]1
delamanid_cid6480466,,,delamanid_cid6480466.png,low,low,0.839386900981488,invalid,,,,,,invalid,invalid,,False,False,False,False,,False,,,,,,,CC1(COC2=CC=C(N3CCC(OC4=CC=C(OC(F)(F)F)C=C4)CC3)C=C2)CN2C=[C]([16N](=O)[O-])[W]=[C]2O1
delapril_cid5362116,,,delapril_cid5362116.png,high,high,0.8753150936779391,exact,Delapril,Delapril,1.0,33,33,exact,exact,Delapril,False,False,False,False,1.0,True,True,0,1,,,,CCOC(=O)[C@H](CCc1ccccc1)N[C@@H](C)C(=O)N(CC(=O)O)C1Cc2ccccc2C1
delavirdine_cid5625,,,delavirdine_cid5625.png,high,high,0.8456474444529034,exact,Delavirdine,Delavirdine,1.0,32,32,exact,exact,Delavirdine,False,False,False,False,1.0,True,True,0,1,,,,CC(C)Nc1cccnc1N1CCN(C(=O)c2cc3cc(NS(C)(=O)=O)ccc3[nH]2)CC1
deldeprevir_cid56935739,,,deldeprevir_cid56935739.png,high,high,0.8486225117937765,exact,Deldeprevir,Deldeprevir,1.0,63,63,exact,exact,Deldeprevir,False,False,False,False,1.0,True,True,0,1,,,,[H][C@@]12C[C@@H](Oc3cc(-c4nc(C(C)C)cs4)nc4c(C)c(OC)ccc34)CN1C(=O)[C@@H](CC(=O)N1CCCC(F)(F)C1)CCCCC/C=C\[C@]1([H])C[C@@]1(C(=O)NS(=O)(=O)C1CC1)NC2=O
demoxytocin_cid449224,,,demoxytocin_cid449224.png,high,high,0.8634660813656116,exact,Demoxytocin,Demoxytocin,1.0,68,68,exact,exact,Demoxytocin,False,False,False,False,1.0,True,True,0,1,,,,CC[C@H](C)[C@@H]1NC(=O)[C@H](Cc2ccc(O)cc2)NC(=O)CCSSC[C@@H](C(=O)N2CCC[C@H]2C(=O)N[C@@H](CC(C)C)C(=O)NCC(N)=O)NC(=O)[C@H](CC(N)=O)NC(=O)[C@H](CCC(N)=O)NC1=O
desferrithiocin_cid135564781,,,desferrithiocin_cid135564781.png,high,high,0.8484654598024849,exact,Desferrithiocin,Desferrithiocin,1.0,17,17,exact,exact,Desferrithiocin,False,False,False,False,1.0,True,True,0,2,,,,C[C@]1(C(=O)[O-])CSC(c2ncccc2O)=N1.[Na+]
desoximetasone_cid5311067,,,desoximetasone_cid5311067.png,low,low,0.8284378219949721,exact,Desoximetasone,Desoximetasone,1.0,27,27,exact,exact,Desoximetasone,False,False,False,False,1.0,True,True,0,1,,,,[H][C@@]12CCC3=CC(=O)C=C[C@]3(C)[C@@]1(F)[C@@H](O)C[C@]1(C)[C@@H](C(=O)CO)[C@H](C)C[C@@]21[H]
desvenlafaxine_succinate_cid6918664,,,desvenlafaxine_succinate_cid6918664.png,high,high,0.8525182699477856,exact,Desvenlafaxine Succinate,Desvenlafaxine Succinate,1.0,28,28,exact,exact,Desvenlafaxine Succinate,False,False,False,False,1.0,True,True,0,3,,,,CN(C)CC(c1ccc(O)cc1)C1(O)CCCCC1.O.O=C(O)CCC(=O)O
detirelix_cid16129698,,,detirelix_cid16129698.png,low,low,0.8215406187776902,wrong,,Detirelix,0.7,111,110,wrong,wrong,,False,False,False,False,0.7,False,False,11,2,,,,CCNC(=NCCCC[C@@H](NC(=O)[C@H](Cc1ccc(O)cc1)NC(=O)[C@H](CO)NC(=O)[C@@H](Cc1c[nH]c2ccccc12)NC(=O)[C@@H](Cc1ccc(Cl)cc1)NC(=O)[C@@H](C)NC(C)=O)C(=O)N[C@@H](CC(C)C)C(=O)N[C@@H](CCCCC(=N)N)C(=O)C1CCC[C@H]1C(=O)N[C@H](C)C(N)=O)NCC.Cc1ccc2ccccc2c1
dexpanthenol_cid131204,,,dexpanthenol_cid131204.png,high,high,0.8563413680235478,exact,Dexpanthenol,Dexpanthenol,1.0,14,14,exact,exact,Dexpanthenol,False,False,False,False,1.0,True,True,0,1,,,,CC(C)(CO)[C@@H](O)C(=O)NCCCO
dibekacin_cid470999,,,dibekacin_cid470999.png,high,high,0.8721443891490023,exact,Dibekacin,Dibekacin,1.0,31,31,exact,exact,Dibekacin,False,False,False,False,1.0,True,True,0,1,,,,NC[C@@H]1CC[C@@H](N)[C@@H](O[C@H]2[C@H](O)[C@@H](O[C@H]3O[C@H](CO)[C@@H](O)[C@H](N)[C@H]3O)[C@H](N)C[C@@H]2N)O1
dibrospidium_chloride_cid72114,,,dibrospidium_chloride_cid72114.png,high,high,0.8441376759634174,exact,Dibrospidium Chloride,Dibrospidium Chloride,1.0,28,28,exact,exact,Dibrospidium Chloride,False,False,False,False,1.0,True,True,0,3,,[Cl-],,O=C(CCBr)N1CC[N+]2(CC1)CC[N+]1(CCN(C(=O)CCBr)CC1)CC2.[Cl-].[Cl-]
diclazuril_cid456389,,,diclazuril_cid456389.png,high,high,0.8968727282015285,exact,Diclazuril,Diclazuril,1.0,26,26,exact,exact,Diclazuril,False,False,False,False,1.0,True,True,0,1,,,,N#CC(c1ccc(Cl)cc1)c1c(Cl)cc(-n2ncc(=O)[nH]c2=O)cc1Cl
dicloxacillin_cid18381,,,dicloxacillin_cid18381.png,high,high,0.8874841366628528,exact,Dicloxacillin,Dicloxacillin,1.0,30,30,exact,exact,Dicloxacillin,False,False,False,False,1.0,True,True,0,1,,,,[H][C@]12SC(C)(C)[C@H](C(=O)O)N1C(=O)[C@H]2NC(=O)c1c(-c2c(Cl)cccc2Cl)noc1C
dideoxycytidine_cid24066,,,dideoxycytidine_cid24066.png,high,high,0.8650931473022521,exact,Dideoxycytidine,Dideoxycytidine,1.0,15,15,exact,exact,Dideoxycytidine,False,False,False,False,1.0,True,True,0,1,,,,Nc1ccn([C@H]2CC[C@@H](CO)O2)c(=O)n1
diethylpropion_hydrochloride_cid91442,,,diethylpropion_hydrochloride_cid91442.png,high,high,0.8440497462404384,exact,Diethylpropion Hydrochloride,Diethylpropion Hydrochloride,1.0,16,16,exact,exact,Diethylpropion Hydrochloride,False,False,False,False,1.0,True,True,0,2,,,,CCN(CC)C(C)C(=O)c1ccccc1.Cl
difamilast_cid57855696,,,difamilast_cid57855696.png,high,high,0.8847113664068696,exact,Difamilast,Difamilast,1.0,32,32,exact,exact,Difamilast,False,False,False,False,1.0,True,True,0,1,,,,CCOc1ccccc1C(=O)NCc1coc(-c2ccc(OC(F)F)c(OC(C)C)c2)n1
difetarsone_sodium_anhydrous_cid68198,,,difetarsone_sodium_anhydrous_cid68198.png,low,low,0.8130928978984228,wrong,,Difetarsone sodium anhydrous,0.471,24,26,wrong,wrong,,False,False,False,False,0.471,False,False,4,3,,[Na+],,O=*([O-])(O)c1ccc(NCCNc2ccc(*(=O)([O-])O)cc2)cc1.[Na+].[Na+] |$;36;;;;;;;;;;;;;;;36;;;;;;;;;$|
diflucortolone_valerate_cid91670,,,diflucortolone_valerate_cid91670.png,low,low,0.7080474666675903,wrong,,Diflucortolone Valerate,0.838,34,34,wrong,wrong,,False,False,False,False,0.838,False,False,5,1,,,,[H][C@@]12C[C@H](F)C3=CC(=O)C=C[C@]3(C)[C@]1(C)[C@@H](O)C[C@]1(C)[C@@H](C(=O)COC(=O)CCCC)[C@H](C)C[C@@]21[H]
difluprednate_cid443936,,,difluprednate_cid443936.png,low,low,0.6313043088279601,stereo,Difluprednate,Difluprednate,1.0,36,36,stereo,stereo,Difluprednate,False,False,False,False,1.0,True,True,0,1,,,,[H][C@@]12CC[C@](OC(=O)CCC)(C(=O)COC(C)=O)[C@@]1(C)C[C@H](O)[C@@]1(F)[C@@]2([H])C[C@@H](F)C2=CC(=O)C=C[C@@]21C
digitonin_cid6474107,,,digitonin_cid6474107.png,low,low,0.009555400098526071,invalid,,,,,,invalid,invalid,,False,False,False,False,,False,,,,,,,CO.OCC1OC(O)C(O)C(O)C1O.O[CH]OC(CO)C(O)[CH]OC1OCC(O)C(O)C1O.[H]C12OC3(CCC(C)CO3)C(C)C1([H])C1(C)CCC34([H])C56([H])CCC789([H])CC(O)C(O)CC37(C)C53C([H])(CCC85([H])CC(O)C(O)CC3459C)C16([H])C2O
dihydroergotamine_cid10531,,,dihydroergotamine_cid10531.png,high,high,0.8649298148923572,exact,Dihydroergotamine,Dihydroergotamine,1.0,43,43,exact,exact,Dihydroergotamine,False,False,False,False,1.0,True,True,0,1,,,,[H][C@@]12Cc3c[nH]c4cccc(c34)[C@@]1([H])C[C@@H](C(=O)N[C@]1(C)O[C@]3(O)N(C1=O)[C@@H](Cc1ccccc1)C(=O)N1CCC[C@]13[H])CN2C
dimethyl_fumarate_cid637568,,,dimethyl_fumarate_cid637568.png,low,low,0.8420699304999448,exact,Dimethyl Fumarate,Dimethyl Fumarate,1.0,10,10,exact,exact,Dimethyl Fumarate,False,False,False,False,1.0,True,True,0,1,,,,COC(=O)/C=C/C(=O)OC
dinaciclib_cid46926350,,,dinaciclib_cid46926350.png,high,high,0.8902536716530646,exact,Dinaciclib,Dinaciclib,1.0,29,29,exact,exact,Dinaciclib,False,False,False,False,1.0,True,True,0,1,,,,CCc1cnn2c(NCc3ccc[n+]([O-])c3)cc(N3CCCC[C@H]3CCO)nc12
diphenyl_diselenide_cid15460,,,diphenyl_diselenide_cid15460.png,high,high,0.890882888578149,exact,Diphenyl diselenide,Diphenyl diselenide,1.0,14,14,exact,exact,Diphenyl diselenide,False,False,False,False,1.0,True,True,0,1,,,,c1ccc([Se][Se]c2ccccc2)cc1
diquafosol_cid148197,,,diquafosol_cid148197.png,high,high,0.8690730569804391,wrong,,Diquafosol,0.726,49,49,wrong,wrong,,False,False,False,False,0.726,False,False,2,1,,,,O=C1C=CB([C@@H]2O[C@H](COP(=O)(O)OP(=O)(O)OP(=O)(O)OP(=O)(O)OC[C@H]3O[C@@H](n4ccc(=O)[nH]c4=O)[C@H](O)[C@@H]3O)[C@@H](O)[C@H]2O)C(=O)N1
diroximel_fumarate_cid73330464,,,diroximel_fumarate_cid73330464.png,low,low,0.8336567894190441,exact,Diroximel Fumarate,Diroximel Fumarate,1.0,18,18,exact,exact,Diroximel Fumarate,False,False,False,False,1.0,True,True,0,1,,,,COC(=O)/C=C/C(=O)OCCN1C(=O)CCC1=O
distigmine_cid3116,,,distigmine_cid3116.png,low,low,0.8419089480159847,invalid,,,,,,invalid,invalid,,False,False,False,False,,False,,,,,,,CN(CCCCCCN(C)C(=O)OC1=C[N+](C)=CC=C1)C(=O)OC1=CN(C)=CC=C1
dolasetron_mesylate_cid3033817,,,dolasetron_mesylate_cid3033817.png,low,low,0.8199452327203582,invalid,,,,,,invalid,invalid,,False,False,False,False,,False,,,,,,,CS(=O)(=O)O.[H]C1CC(OC(=O)C2=CNC3=CC=CC=C32)CC23([H])CC(C2)C(=O)CN13
doxapram_cid3156,,,doxapram_cid3156.png,high,high,0.8641084367847606,exact,Doxapram,Doxapram,1.0,28,28,exact,exact,Doxapram,False,False,False,False,1.0,True,True,0,1,,,,CCN1CC(CCN2CCOCC2)C(c2ccccc2)(c2ccccc2)C1=O
dromostanolone_cid6011,,,dromostanolone_cid6011.png,high,high,0.8536761391753139,exact,Dromostanolone,Dromostanolone,1.0,22,22,exact,exact,Dromostanolone,False,False,False,False,1.0,True,True,0,1,,,,[H][C@@]12CC[C@]3([H])[C@]([H])(CC[C@]4(C)[C@@H](O)CC[C@@]34[H])[C@@]1(C)C[C@@H](C)C(=O)C2
dsm_265_cid51347395,,,dsm_265_cid51347395.png,low,low,0.8306639673166852,invalid,,,,,,invalid,invalid,,False,False,False,False,,False,,,,,,,CC1=NC2=NC(C(C)(F)F)=NN2C(NC2=CC=C(S(F)(F)(F)(F)(F)F)C=C2)=C1
duocarmycin_sa_cid115369,,,duocarmycin_sa_cid115369.png,high,high,0.8812178871679833,exact,Duocarmycin Sa,Duocarmycin Sa,1.0,35,35,exact,exact,Duocarmycin Sa,False,False,False,False,1.0,True,True,0,1,,,,[H][C@@]12CN(C(=O)c3cc4cc(OC)c(OC)c(OC)c4[nH]3)C3=CC(=O)c4[nH]c(C(=O)OC)cc4[C@]31C2
eberconazole_cid72051,,,eberconazole_cid72051.png,high,high,0.8907173542159942,exact,Eberconazole,Eberconazole,1.0,22,22,exact,exact,Eberconazole,False,False,False,False,1.0,True,True,0,1,,,,Clc1cc(Cl)c2c(c1)CCc1ccccc1C2n1ccnc1
ecabet_sodium_cid23663982,,,ecabet_sodium_cid23663982.png,low,low,0.7983183147992883,exact,Ecabet sodium,Ecabet sodium,1.0,27,27,exact,exact,Ecabet sodium,False,False,False,False,1.0,True,True,0,2,,,,[H][C@@]12CCc3cc(C(C)C)c(S(=O)(=O)[O-])cc3[C@@]1(C)CCC[C@@]2(C)C(=O)O.[Na+]
echinocandin_b_cid9898144,,,echinocandin_b_cid9898144.png,low,low,0.6834396702877227,wrong,,Echinocandin B,0.37,72,75,wrong,wrong,,False,False,False,False,0.37,False,False,3,1,,,,[H][C]1C[C@@H](O)CN1C(=O)[C@H](CO)NC(=O)[C@H](C[C@@H](O)[C@@H](O)NC(=O)[C@]1([H])[C@@H](O)[C@@H](C)CN1C(=O)[C@@H](NC(=O)[C@@H](C)[C@H](O)[C@@H](O)c1ccc(O)cc1)[C@@H](C)O)NC(=O)CCCCCCC/C=C\C/C=C\CCCCC |^1:1|
elinogrel_cid16066663,,,elinogrel_cid16066663.png,high,high,0.867716144114621,exact,Elinogrel,Elinogrel,1.0,34,34,exact,exact,Elinogrel,False,False,False,False,1.0,True,True,0,1,,,,CNc1cc2[nH]c(=O)n(-c3ccc(NC(=O)NS(=O)(=O)c4ccc(Cl)s4)cc3)c(=O)c2cc1F
elinzanetant_cid16063568,,,elinzanetant_cid16063568.png,high,high,0.8809888136391124,exact,Elinzanetant,Elinzanetant,1.0,47,47,exact,exact,Elinzanetant,False,False,False,False,1.0,True,True,0,1,,,,[H][C@]12COCCN1C[C@@H](CO)N(c1cc(-c3ccc(F)cc3C)c(N(C)C(=O)C(C)(C)c3cc(C(F)(F)F)cc(C(F)(F)F)c3)cn1)C2
eliprodil_cid60703,,,eliprodil_cid60703.png,low,low,0.8401664893534164,exact,Eliprodil,Eliprodil,1.0,24,24,exact,exact,Eliprodil,False,False,False,False,1.0,True,True,0,1,,,,OC(CN1CCC(Cc2ccc(F)cc2)CC1)c1ccc(Cl)cc1
elmustine_cid68804,,,elmustine_cid68804.png,high,high,0.8482028540669125,exact,Elmustine,Elmustine,1.0,12,12,exact,exact,Elmustine,False,False,False,False,1.0,True,True,0,1,,,,O=NN(CCCl)C(=O)NCCO
elobixibat_cid9939892,,,elobixibat_cid9939892.png,high,high,0.8832073945295235,wrong,,Elobixibat,0.705,48,48,wrong,wrong,,False,False,False,False,0.705,False,False,2,1,,,,CCCCC1(CCCC)[CH2][W]([c]2ccccc2)[c]2cc(SC)c(OCC(=O)N[C@@H](C(=O)NCC(=O)O)c3ccccc3)cc2S(=O)(=O)C1
elsubrutinib_cid117773770,,,elsubrutinib_cid117773770.png,high,high,0.8735450020151387,exact,Elsubrutinib,Elsubrutinib,1.0,22,22,exact,exact,Elsubrutinib,False,False,False,False,1.0,True,True,0,1,,,,C=CC(=O)N1CCC[C@@H](c2ccc(C(N)=O)c3[nH]ccc23)C1
eluxadoline_cid11250029,,,eluxadoline_cid11250029.png,high,high,0.8860386051822825,exact,Eluxadoline,Eluxadoline,1.0,42,42,exact,exact,Eluxadoline,False,False,False,False,1.0,True,True,0,1,,,,COc1ccc(CN(C(=O)[C@@H](N)Cc2c(C)cc(C(N)=O)cc2C)[C@@H](C)c2ncc(-c3ccccc3)[nH]2)cc1C(=O)O
enadoline_cid60768,,,enadoline_cid60768.png,high,high,0.8634891013653146,exact,Enadoline,Enadoline,1.0,29,29,exact,exact,Enadoline,False,False,False,False,1.0,True,True,0,1,,,,CN(C(=O)Cc1cccc2occc12)[C@H]1CC[C@@]2(CCCO2)C[C@@H]1N1CCCC1
enisamium_iodide_cid10089466,,,enisamium_iodide_cid10089466.png,high,high,0.8872080423532401,exact,Enisamium Iodide,Enisamium Iodide,1.0,18,18,exact,exact,Enisamium Iodide,False,False,False,False,1.0,True,True,0,2,,,,C[n+]1ccc(C(=O)NCc2ccccc2)cc1.[I-]
enmetazobactam_cid23653540,,,enmetazobactam_cid23653540.png,high,high,0.8542318727051845,exact,Enmetazobactam,Enmetazobactam,1.0,21,21,exact,exact,Enmetazobactam,False,False,False,False,1.0,True,True,0,1,,,,[H][C@@]12CC(=O)N1[C@@H](C(=O)[O-])[C@](C)(Cn1cc[n+](C)n1)S2(=O)=O
epidermin_cid70698381,,,epidermin_cid70698381.png,low,low,5.200752285828126e-10,invalid,,,,,,invalid,invalid,,False,False,False,False,,False,,,,,,,*CCCCC(NC(=O)C1(NC(=O)C(C)NC(=O)C(N)C(C)CC)C=C(C)N(C)C1)C(=O)NC(CC1=CC2=CC=2=C1)C(=O)NC(CC)C(=O)CCNC(=O)CCCC([H])C12(=O)NC=CCCC3([H])CCC=CNC4(=O)C1(=O)C42([H])CC1C2C(=O)(NC45[H]C6([H])(C4)(C[CH](C)(NC(C)=O)C56)C3=O)C12=O.[H]CCCCC |$WMe2;;;;;;;;;;;;;;;;;;;;;;;;;;;;;;;;;;;;;;;;;;;;;;;;;;;;;;;;;;;;;;;;;;;;;;;;;;;;;;;;;;;;;;;;;;;;;;;;;;;;;;;;;;;$|
eplerenone_cid443872,,,eplerenone_cid443872.png,low,low,0.8400411514596475,exact,Eplerenone,Eplerenone,1.0,30,30,exact,exact,Eplerenone,False,False,False,False,1.0,True,True,0,1,,,,[H][C@@]12CC[C@@]3(CCC(=O)O3)[C@@]1(C)C[C@@]1([H])O[C@@]13[C@@]2([H])[C@H](C(=O)OC)CC1=CC(=O)CC[C@@]13C
eprosartan_cid5281037,,,eprosartan_cid5281037.png,high,high,0.8699855522019814,exact,Eprosartan,Eprosartan,1.0,30,30,exact,exact,Eprosartan,False,False,False,False,1.0,True,True,0,1,,,,CCCCc1ncc(/C=C(\Cc2cccs2)C(=O)O)n1Cc1ccc(C(=O)O)cc1
eptazocine_cid3042090,,,eptazocine_cid3042090.png,low,low,0.8194025224402248,exact,(-)-Eptazocine,(-)-Eptazocine,1.0,17,17,exact,exact,(-)-Eptazocine,False,False,False,False,1.0,True,True,0,1,,,,[H][C@]12Cc3ccc(O)cc3[C@](C)(CCN(C)C1)C2
equilin_cid223368,,,equilin_cid223368.png,high,high,0.8491073988761344,exact,Equilin,Equilin,1.0,20,20,exact,exact,Equilin,False,False,False,False,1.0,True,True,0,1,,,,[H][C@]12CC[C@]3(C)C(=O)CC[C@@]3([H])C1=CCc1cc(O)ccc12
eremomycin_cid122131,,,eremomycin_cid122131.png,low,low,3.598787854282497e-06,invalid,,,,,,invalid,invalid,,False,False,False,False,,False,,,,,,,[2*]C(=O)C[C]([H])[W][C](=O)C(NC(=O)C(CC(C)C)NC)C([H])(O)C=CC=COC=CC=CCOC1=CC=C(C2(C)(OC3CC(C)(C)C(O)C(C)O3)C34N(C(C)=O)[CH]25[C]3(=O)[W][CH]2367C(C45=O)[CH]4(C2(=O)O)(C3(=O)O)C6235=C689C(O)=CC(O)=C2C64372=C53(C(O)=CC(O)=C2)C82=C45OC67(O)=C493C23=C(C=C6)C=3C=C57)C=C1 |$R2;;;;;;;;;;;;;;;;;;;;;;;;;;;;;;;;;;;;;;;;;;;;;;;;;;;;;;;;;;;;;;;;;;;;;;;;;;;;;;;;;;;;;;;;;;;;;;;;;;;;;$|
eritoran_cid6912404,,,eritoran_cid6912404.png,low,low,0.1870651635001116,invalid,,,,,,invalid,invalid,,False,False,False,False,,False,,,,,,,<invalid>
erythritol_cid222285,,,erythritol_cid222285.png,high,high,0.8561012590591524,exact,Erythritol,Erythritol,1.0,8,8,exact,exact,Erythritol,False,False,False,False,1.0,True,True,0,1,,,,OC[C@@H](O)[C@@H](O)CO
esorubicin_cid152036,,,esorubicin_cid152036.png,high,high,0.8880770505866589,exact,Esorubicin,Esorubicin,1.0,38,38,exact,exact,Esorubicin,False,False,False,False,1.0,True,True,0,1,,,,COc1cccc2c1C(=O)c1c(O)c3c(c(O)c1C2=O)C[C@@](O)(C(=O)CO)C[C@@H]3O[C@H]1C[C@H](N)C[C@H](C)O1
ethyl_pyruvate_cid12041,,,ethyl_pyruvate_cid12041.png,high,high,0.8567631385936331,exact,Ethyl pyruvate,Ethyl pyruvate,1.0,8,8,exact,exact,Ethyl pyruvate,False,False,False,False,1.0,True,True,0,1,,,,CCOC(=O)C(C)=O
etonogestrel_cid6917715,,,etonogestrel_cid6917715.png,high,high,0.8933559353880594,exact,Etonogestrel,Etonogestrel,1.0,24,24,exact,exact,Etonogestrel,False,False,False,False,1.0,True,True,0,1,,,,[H][C@@]12CC[C@@](O)(C#C)[C@@]1(CC)CC(=C)[C@@]1([H])[C@@]2([H])CCC2=CC(=O)CC[C@@]21[H]
evobrutinib_cid71479709,,,evobrutinib_cid71479709.png,high,high,0.85272677630121,exact,Evobrutinib,Evobrutinib,1.0,32,32,exact,exact,Evobrutinib,False,False,False,False,1.0,True,True,0,1,,,,C=CC(=O)N1CCC(CNc2ncnc(N)c2-c2ccc(Oc3ccccc3)cc2)CC1
evofosfamide_cid11984561,,,evofosfamide_cid11984561.png,high,high,0.8663475264889055,exact,Evofosfamide,Evofosfamide,1.0,21,21,exact,exact,Evofosfamide,False,False,False,False,1.0,True,True,0,1,,,,Cn1c(COP(=O)(NCCBr)NCCBr)cnc1[N+](=O)[O-]
examorelin_cid6918297,,,examorelin_cid6918297.png,high,high,0.8753343226227697,exact,Examorelin,Examorelin,1.0,65,65,exact,exact,Examorelin,False,False,False,False,1.0,True,True,0,1,,,,Cc1[nH]c2ccccc2c1C[C@@H](NC(=O)[C@@H](N)Cc1cnc[nH]1)C(=O)N[C@@H](C)C(=O)N[C@@H](Cc1c[nH]c2ccccc12)C(=O)N[C@H](Cc1ccccc1)C(=O)N[C@@H](CCCCN)C(N)=O
ezlopitant_cid188927,,,ezlopitant_cid188927.png,low,low,0.06075637703331301,invalid,,,,,,invalid,invalid,,False,False,False,False,,False,,,,,,,[H]C1(NCC2=C(OC)C=CC(C(C)C)=C2)C23CCNC4([H])C1(C(C1=CC=CC=C1)C1=CC=CC=C1)C4([H])(C2)NCC3
ezogabine_cid121892,,,ezogabine_cid121892.png,low,low,0.6153961284679833,wrong,,Ezogabine,1.0,44,22,exact,exact,Ezogabine,False,False,True,False,1.0,False,False,40,2,,CCOC(=O)Nc1ccc(NCc2ccc(F)cc2)cc1N,,CCOC(=O)Nc1ccc(NCc2ccc(F)cc2)cc1N.CCOC(=O)Nc1ccc(NCc2ccc(F)cc2)cc1N
falecalcitriol_cid5282190,,,falecalcitriol_cid5282190.png,low,low,0.8260172243410078,exact,Falecalcitriol,Falecalcitriol,1.0,36,36,exact,exact,Falecalcitriol,False,False,False,False,1.0,True,True,0,1,,,,[H][C@@]12CC[C@H]([C@H](C)CCCC(O)(C(F)(F)F)C(F)(F)F)[C@@]1(C)CCC/C2=C\C=C1\C[C@@H](O)C[C@H](O)C1=C
famitinib_cid16662431,,,famitinib_cid16662431.png,high,high,0.8807672620038393,exact,Famitinib,Famitinib,1.0,30,30,exact,exact,Famitinib,False,False,False,False,1.0,True,True,0,1,,,,CCN(CC)CCN1CCc2[nH]c(/C=C3\C(=O)Nc4ccc(F)cc43)c(C)c2C1=O
fendiline_cid3336,,,fendiline_cid3336.png,high,high,0.8704529225491007,exact,Fendiline,Fendiline,1.0,24,24,exact,exact,Fendiline,False,False,False,False,1.0,True,True,0,1,,,,CC(NCCC(c1ccccc1)c1ccccc1)c1ccccc1
fexuprazan_cid122662112,,,fexuprazan_cid122662112.png,high,high,0.8860245483106602,exact,Fexuprazan,Fexuprazan,1.0,28,28,exact,exact,Fexuprazan,False,False,False,False,1.0,True,True,0,1,,,,CNCc1cn(S(=O)(=O)c2cccc(F)c2)c(-c2ccc(F)cc2F)c1OC
finerenone_cid60150535,,,finerenone_cid60150535.png,high,high,0.8910285187687866,exact,Finerenone,Finerenone,1.0,28,28,exact,exact,Finerenone,False,False,False,False,1.0,True,True,0,1,,,,CCOc1ncc(C)c2c1[C@H](c1ccc(C#N)cc1OC)C(C(N)=O)=C(C)N2
firocoxib_cid208910,,,firocoxib_cid208910.png,high,high,0.853087294971853,exact,Firocoxib,Firocoxib,1.0,23,23,exact,exact,Firocoxib,False,False,False,False,1.0,True,True,0,1,,,,CC1(C)OC(=O)C(OCC2CC2)=C1c1ccc(S(C)(=O)=O)cc1
flavoxate_cid3354,,,flavoxate_cid3354.png,high,high,0.902436162228182,exact,Flavoxate,Flavoxate,1.0,29,29,exact,exact,Flavoxate,False,False,False,False,1.0,True,True,0,1,,,,Cc1c(-c2ccccc2)oc2c(C(=O)OCCN3CCCCC3)cccc2c1=O
flomoxef_cid65864,,,flomoxef_cid65864.png,high,high,0.881064947225292,exact,Flomoxef,Flomoxef,1.0,32,32,exact,exact,Flomoxef,False,False,False,False,1.0,True,True,0,1,,,,[H][C@]12OCC(CSc3nnnn3CCO)=C(C(=O)O)N1C(=O)[C@]2(NC(=O)CSC(F)F)OC
flotufolastat_cid149063248,,,flotufolastat_cid149063248.png,low,low,0.4686777871463961,invalid,,,,,,invalid,invalid,,False,False,False,False,,False,,,,,,,CC(C)(C)C1(F)(C2=CC=C(C(=O)NCC(NC(=O)CCC(C(=O)O)[NH]3CCN(CC(=O)O)CCN(CC(=O)O)CCN(CC(=O)O)CC3)C(=O)NC(CCCCNC(=O)CCC(=O)NCCCC(NC(=O)CCC(NC(=O)NC(CCC(=O)O)C(=O)O)C(=O)O)C(=O)O)C(=O)O)C=C2)C234CC1(C)(C)(C2)(C3)C4
fluciclovine_cid10820564,,,fluciclovine_cid10820564.png,low,low,0.8173740072092359,exact,Fluciclovine,Fluciclovine,1.0,9,9,exact,exact,Fluciclovine,False,False,False,False,1.0,True,True,0,1,,,,NC1(C(=O)O)CC(F)C1
flucloxacillin_cid21319,,,flucloxacillin_cid21319.png,high,high,0.8869299759399776,exact,Flucloxacillin,Flucloxacillin,1.0,30,30,exact,exact,Flucloxacillin,False,False,False,False,1.0,True,True,0,1,,,,[H][C@]12SC(C)(C)[C@H](C(=O)O)N1C(=O)[C@H]2NC(=O)c1c(-c2c(F)cccc2Cl)noc1C
fluorodopa_cid107730,,,fluorodopa_cid107730.png,high,high,0.8586150431422364,exact,Fluorodopa,Fluorodopa,1.0,15,15,exact,exact,Fluorodopa,False,False,False,False,1.0,True,True,0,1,,,,N[C@@H](Cc1cc(O)c(O)cc1F)C(=O)O
flupirtine_cid53276,,,flupirtine_cid53276.png,high,high,0.8641177055676053,exact,Flupirtine,Flupirtine,1.0,22,22,exact,exact,Flupirtine,False,False,False,False,1.0,True,True,0,1,,,,CCOC(=O)Nc1ccc(NCc2ccc(F)cc2)nc1N
flurandrenolide_cid15209,,,flurandrenolide_cid15209.png,low,low,0.842047569837618,exact,Flurandrenolide,Flurandrenolide,1.0,31,31,exact,exact,Flurandrenolide,False,False,False,False,1.0,True,True,0,1,,,,[H][C@@]12C[C@@]3([H])OC(C)(C)O[C@@]3(C(=O)CO)[C@@]1(C)C[C@H](O)[C@@]1([H])[C@@]2([H])C[C@H](F)C2=CC(=O)CC[C@@]21C
folic_acid_cid135398658,,,folic_acid_cid135398658.png,high,high,0.8711096235558723,exact,Folic Acid,Folic Acid,1.0,32,32,exact,exact,Folic Acid,False,False,False,False,1.0,True,True,0,1,,,,Nc1nc2ncc(CNc3ccc(C(=O)N[C@@H](CCC(=O)O)C(=O)O)cc3)nc2c(=O)[nH]1
friulimicin_b_cid56842195,,,friulimicin_b_cid56842195.png,low,low,0.6453346009230235,wrong,,Friulimicin B,0.633,94,92,wrong,wrong,,False,False,False,False,0.633,False,False,10,1,,,,[H][C@]12CCCCN1C(=O)[C@@H](NC(=O)[C@H](CC(N)=O)NC(=O)C/C=C\CCCCCCCC(C)C)CNC(=O)[C@]1(C)CCCN1C(=O)[C@H](C(C)C)NC(=O)[C@@H]([C@@H](C)N)NC(=O)C*C(=O)[C@H](CC(=O)O)NC(=O)CNC(=O)[C@H](CC(=O)O)NC(=O)[C@H]([C@H](C)C(=O)OCCC)NC2=O |$;;;;;;;;;;;;;;;;;;;;;;;;;;;;;;;;;;;;;;;;;;;;;;;;;;;;;;;;;;;;;Me;;;;;;;;;;;;;;;;;;;;;;;;;;;;;;;;;;$|
fudosteine_cid134669,,,fudosteine_cid134669.png,high,high,0.8452928782581396,exact,Fudosteine,Fudosteine,1.0,11,11,exact,exact,Fudosteine,False,False,False,False,1.0,True,True,0,1,,,,N[C@@H](CSCCCO)C(=O)O
fungichromin_cid5282200,,,fungichromin_cid5282200.png,high,high,0.8540851517622573,exact,Fungichromin,Fungichromin,1.0,47,47,exact,exact,Fungichromin,False,False,False,False,1.0,True,True,0,1,,,,CCCCC[C@@H](O)[C@H]1C(=O)O[C@H](C)[C@@H](O)/C=C/C=C/C=C/C=C/C=C(\C)[C@@H](O)[C@H](O)[C@H](O)C[C@H](O)C[C@H](O)C[C@H](O)C[C@H](O)C[C@@H]1O
gabexate_cid3447,,,gabexate_cid3447.png,high,high,0.8500147290543529,exact,Gabexate,Gabexate,1.0,23,23,exact,exact,Gabexate,False,False,False,False,1.0,True,True,0,1,,,,CCOC(=O)c1ccc(OC(=O)CCCCCN=C(N)N)cc1
gadobenate_dimeglumine_cid6918204,,,gadobenate_dimeglumine_cid6918204.png,high,high,0.870772180934333,wrong,,Gadobenate Dimeglumine,0.817,62,63,wrong,wrong,,False,False,False,False,0.817,False,False,4,3,,CNC[C@H](O)[C@@H](O)[C@H](O)[C@H](O)CO,,CNC[C@H](O)[C@@H](O)[C@H](O)[C@H](O)CO.CNC[C@H](O)[C@@H](O)[C@H](O)[C@H](O)CO.O=C([O-])CC(CCN(CCN(CC(=O)O)C(COCc1ccccc1)C(=O)[O-])CC(=O)[O-])CC(=O)O
gadofosveset_trisodium_cid73049652,,,gadofosveset_trisodium_cid73049652.png,low,low,0.8241626757578504,wrong,,Gadofosveset Trisodium,1.0,54,55,salt,salt,Gadofosveset Trisodium,False,False,False,False,1.0,False,False,1,4,,[Na+],,O=C([O-])CN(CCN(CC(=O)[O-])CC(COP(=O)([O-])OC1CCC(c2ccccc2)(c2ccccc2)CC1)N(CC(=O)[O-])CC(=O)[O-])CC(=O)[O-].[Gd+3].[Na+].[Na+] |^1:51|
gadoversetamide_cid444013,,,gadoversetamide_cid444013.png,low,low,0.8412525066720661,invalid,,,,,,invalid,invalid,,False,False,False,False,,False,,,,,,,<invalid>
gallidermin_cid73348284,,,gallidermin_cid73348284.png,low,low,4.92067528861133e-11,invalid,,,,,,invalid,invalid,,False,False,False,False,,False,,,,,,,*CCCCC1NC(=O)C(NC(=O)C(C)NC(=O)C(N)C(C)CC)CSC[CH]234C(=O)NC56789CCC(O)=CC%10%11%12%13=C%14N%15C%16%17%18C%19%20%21=C%22%23%24(N=CCSCC[H])C%16%25%26%27(=O)C%19%22%16%28=C%17%23%25(C%15%20%26N%14%18%15C(=C%10(C%11C(=O)NCC=CC=CC=C)C%15%12=O)C%10[CH]5%11%12%14N(C25(=O)=O=C53N4C(CC(C)C)NC(=O)C(CC2=CC=CC=C2)NC1=O)[CH]%106(C%117C%13)(C%128=O)C%149=O)[CH]%21%24%16%27CCC%28 |$WR;;;;;;;;;;;;;;;;;;;;;;;;;;;;;;;;;;;;;;;;;;;;;;;;;;;;;;;;;;;;;;;;;;;;;;;;;;;;;;;;;;;;;;;;;;;;;;;;;;;;;;;;;;;;$|
garenoxacin_cid124093,,,garenoxacin_cid124093.png,high,high,0.8819993095223405,exact,Garenoxacin,Garenoxacin,1.0,31,31,exact,exact,Garenoxacin,False,False,False,False,1.0,True,True,0,1,,,,C[C@H]1NCc2cc(-c3ccc4c(=O)c(C(=O)O)cn(C5CC5)c4c3OC(F)F)ccc21
gedatolisib_cid44516953,,,gedatolisib_cid44516953.png,high,high,0.8719536421412698,exact,Gedatolisib,Gedatolisib,1.0,45,45,exact,exact,Gedatolisib,False,False,False,False,1.0,True,True,0,1,,,,CN(C)C1CCN(C(=O)c2ccc(NC(=O)Nc3ccc(-c4nc(N5CCOCC5)nc(N5CCOCC5)n4)cc3)cc2)CC1
gemeprost_cid5282237,,,gemeprost_cid5282237.png,low,low,0.7240631152594296,stereo,Gemeprost,Gemeprost,1.0,28,28,stereo,stereo,Gemeprost,False,False,False,False,1.0,True,True,0,1,,,,CCCCC(C)(C)[C@H](O)C=C[C@H]1[C@H](O)CC(=O)[C@@H]1CCCC/C=C/C(=O)OC
glibornuride_cid12818200,,,glibornuride_cid12818200.png,low,low,0.8423242202473956,exact,Glibornuride,Glibornuride,1.0,25,25,exact,exact,Glibornuride,False,False,False,False,1.0,True,True,0,1,,,,[H][C@@]12CC[C@@](C)([C@@H](O)[C@H]1NC(=O)NS(=O)(=O)c1ccc(C)cc1)C2(C)C
glufosfamide_cid123628,,,glufosfamide_cid123628.png,high,high,0.9023507792813249,exact,Glufosfamide,Glufosfamide,1.0,22,22,exact,exact,Glufosfamide,False,False,False,False,1.0,True,True,0,1,,,,O=P(NCCCl)(NCCCl)O[C@@H]1O[C@H](CO)[C@@H](O)[C@H](O)[C@H]1O
granisetron_hydrochloride_cid49799997,,,granisetron_hydrochloride_cid49799997.png,high,high,0.8484278187530434,exact,Granisetron hydrochloride,Granisetron hydrochloride,1.0,24,24,exact,exact,Granisetron hydrochloride,False,False,False,False,1.0,True,True,0,2,,,,Cl.[H][C@]12CCC[C@@]([H])(CC(NC(=O)c3nn(C)c4ccccc34)C1)N2C
grapiprant_cid11677589,,,grapiprant_cid11677589.png,high,high,0.8811799856782697,exact,Grapiprant,Grapiprant,1.0,35,35,exact,exact,Grapiprant,False,False,False,False,1.0,True,True,0,1,,,,CCc1nc2c(C)nc(C)cc2n1-c1ccc(CCNC(=O)NS(=O)(=O)c2ccc(C)cc2)cc1
hydroquinone_cid785,,,hydroquinone_cid785.png,high,high,0.8978609262790465,exact,Hydroquinone,Hydroquinone,1.0,8,8,exact,exact,Hydroquinone,False,False,False,False,1.0,True,True,0,1,,,,Oc1ccc(O)cc1
hydroxynorketamine_cid133669,,,hydroxynorketamine_cid133669.png,low,low,0.8149335575480077,exact,Hydroxynorketamine,Hydroxynorketamine,1.0,16,16,exact,exact,Hydroxynorketamine,False,False,False,False,1.0,True,True,0,1,,,,NC1(c2ccccc2Cl)CCCC(O)C1=O
hydroxypyridinone_cid69975,,,hydroxypyridinone_cid69975.png,high,high,0.9235205527953573,exact,Hydroxypyridinone,Hydroxypyridinone,1.0,8,8,exact,exact,Hydroxypyridinone,False,False,False,False,1.0,True,True,0,1,,,,O=c1ccccn1O
hydroxyzine_cid3658,,,hydroxyzine_cid3658.png,high,high,0.8839318561046523,exact,Hydroxyzine,Hydroxyzine,1.0,26,26,exact,exact,Hydroxyzine,False,False,False,False,1.0,True,True,0,1,,,,OCCOCCN1CCN(C(c2ccccc2)c2ccc(Cl)cc2)CC1
ibogaine_cid197060,,,ibogaine_cid197060.png,low,low,0.2280829647148117,invalid,,,,,,invalid,invalid,,False,False,False,False,,False,,,,,,,[H]C12CC3([H])C4=C(CCNC3([H])C([H])(CC)(C1)C2)C1=C(C=CC(OC)=C1)N4
idoxuridine_cid5905,,,idoxuridine_cid5905.png,high,high,0.862534222762116,wrong,,Idoxuridine,0.75,16,17,wrong,wrong,,False,False,False,False,0.75,False,False,2,1,,,,*c1cn([C@H]2C[C@H](O)[C@@H](CO)O2)c(=O)[nH]c1=O |$J;;;;;;;;;;;;;;;;$|
idrabiotaparinux_cid16202213,,,idrabiotaparinux_cid16202213.png,low,low,0.1069282734158972,invalid,,,,,,invalid,invalid,,False,False,False,False,,False,,,,,,,[H]C123NC4(=O)N5C1678[H]C52([H]6)(C7C3CCCCC(=O)NCCCCCC(=O)NC1C(O[CH]C(OC)C([CH]O[CH]C(COS(=O)(=O)O)O[CH]OC2C(C(=O)O)OC(O[CH]C(COS(=O)(=O)O)OC([CH]OS(=O)(=O)O)OC)C(OC)C2OC)OC)OC(COS(=O)(=O)O)C(OC)C1OC)N48
iguratimod_cid124246,,,iguratimod_cid124246.png,high,high,0.8973380934899726,exact,Iguratimod,Iguratimod,1.0,26,26,exact,exact,Iguratimod,False,False,False,False,1.0,True,True,0,1,,,,CS(=O)(=O)Nc1cc2occ(NC=O)c(=O)c2cc1Oc1ccccc1
imidafenacin_cid6433090,,,imidafenacin_cid6433090.png,high,high,0.8636106721409439,exact,Imidafenacin,Imidafenacin,1.0,24,24,exact,exact,Imidafenacin,False,False,False,False,1.0,True,True,0,1,,,,Cc1nccn1CCC(C(N)=O)(c1ccccc1)c1ccccc1
imidapril_cid5464343,,,imidapril_cid5464343.png,high,high,0.8843843783520577,exact,Imidapril,Imidapril,1.0,29,29,exact,exact,Imidapril,False,False,False,False,1.0,True,True,0,1,,,,CCOC(=O)[C@H](CCc1ccccc1)N[C@@H](C)C(=O)N1C(=O)N(C)C[C@H]1C(=O)O
imipenem_cid104838,,,imipenem_cid104838.png,high,high,0.867526316546339,stereo,Imipenem,Imipenem,1.0,20,20,stereo,stereo,Imipenem,False,False,False,False,1.0,True,True,0,1,,,,[H][C@]12CC(SCC/N=C/N)=C(C(=O)O)N1C(=O)[C@@H]2[C@@H](C)O
iseganan_cid16131103,,,iseganan_cid16131103.png,low,low,0.0007310835262763646,invalid,,,,,,invalid,invalid,,False,False,False,False,,False,,,,,,,CC(C)C(NC(=O)[CH]CCCC[CH]12C(=O)N[CH]3(C(=O)NCC=O)CCCNC(=N)(N)N(C(=N)N)CCCC(NC(=O)[CH]1(CCNC(=O)C(CC1=CC=CC=C1)N[CH]CCCNC(=N)N)N2C(=O)[CH]CC1=CC=C(O)C=C1)C3(=O)NCC(=O)NCCCNC(=N)N)C(=O)N[CH]C(=O)N[CH]C(=O)NCC(=O)N[CH]CCCNC(=N)N
istaroxime_cid9841834,,,istaroxime_cid9841834.png,high,high,0.8532027893204359,exact,Istaroxime,Istaroxime,1.0,26,26,exact,exact,Istaroxime,False,False,False,False,1.0,True,True,0,1,,,,[H][C@@]12CC(=O)[C@@]3([H])C/C(=N/OCCN)CC[C@]3(C)[C@@]1([H])CC[C@]1(C)C(=O)CC[C@@]21[H]
kanglemycin_a_cid139588980,,,kanglemycin_a_cid139588980.png,low,low,0.3712738834650033,wrong,,Kanglemycin A,0.679,72,70,wrong,wrong,,False,False,False,False,0.679,False,False,6,1,,,,[H]C1(C)[C@]([H])(OC(C)=O)C(C)(C)[C@@]([H])(O)C(C)(C)[C@@]([H])(O)[C@@]([H])([C@@H](C)OC(=O)C(C)(C)CC(=O)O)/C=C/C=C(\C)C(=O)NC2=CC(=O)c3c(c(O)c(C)c4c3C(=O)C(CO/C=C/[C@]1([H])O[C@@H]1C[C@]3([H])OCO[C@]3([H])[C@H](C)O1)O4)C2=O
katanosin_b_cid139589288,,,katanosin_b_cid139589288.png,low,low,0.8299677451430607,wrong,,Katanosin B,0.65,81,90,wrong,wrong,,False,False,False,False,0.65,False,False,20,1,,,,[1*]/C(N)=N/CCC[C@H]1NC(=O)[C@H](CC(C)CC)NC(=O)[C@H]([C@H](O)C(C)C)NC(=O)[C@@H](NC(=O)[C@H](CC(C)C)NC(=O)[C@H](N)CC(C)C)OC(=O)[C@H](CO)NC(=O)[C@H]([C@H](O)C(N)=O)NC(=O)C*C(=O)[C@H]([C@H](C)O)NC(=O)[C@H](C(C)C)NC1=O |$R1;;;;;;;;;;;;;;;;;;;;;;;;;;;;;;;;;;;;;;;;;;;;;;;;;;;;;;;;;;;;;;;;;;bal;;;;;;;;;;;;;;;;$|
kojic_acid_cid3840,,,kojic_acid_cid3840.png,high,high,0.8757043277550624,exact,Kojic Acid,Kojic Acid,1.0,10,10,exact,exact,Kojic Acid,False,False,False,False,1.0,True,True,0,1,,,,O=c1cc(CO)occ1O
kp_1019_cid133083029,,,kp_1019_cid133083029.png,high,high,0.8736736613352143,wrong,,KP-1019,0.967,31,32,near,near,,False,False,False,False,0.967,False,False,1,7,,[Cl-].[Cl-].[Cl-].c1ccc2[nH]ncc2c1,,[Cl-].[Cl-].[Cl-].[Cl-].c1ccc2[nH][nH+]cc2c1.c1ccc2[nH]ncc2c1.c1ccc2[nH]ncc2c1
l_homocysteine_cid91552,,,l_homocysteine_cid91552.png,low,low,0.8414986528487769,exact,L-Homocysteine,L-Homocysteine,1.0,8,8,exact,exact,L-Homocysteine,False,False,False,False,1.0,True,True,0,1,,,,N[C@@H](CCS)C(=O)O
l_methylfolate_cid135398561,,,l_methylfolate_cid135398561.png,high,high,0.8610180731392276,exact,L-Methylfolate,L-Methylfolate,1.0,33,33,exact,exact,L-Methylfolate,False,False,False,False,1.0,True,True,0,1,,,,CN1c2c(nc(N)[nH]c2=O)NC[C@@H]1CNc1ccc(C(=O)N[C@@H](CCC(=O)O)C(=O)O)cc1
l_ornithine_cid6262,,,l_ornithine_cid6262.png,low,low,0.8374566412458887,exact,L-(-)-Ornithine,L-(-)-Ornithine,1.0,9,9,exact,exact,L-(-)-Ornithine,False,False,False,False,1.0,True,True,0,1,,,,NCCC[C@H](N)C(=O)O
laidlomycin_cid71454116,,,laidlomycin_cid71454116.png,low,low,0.6840302511915862,exact,Laidlomycin,Laidlomycin,1.0,49,49,exact,exact,Laidlomycin,False,False,False,False,1.0,True,True,0,1,,,,CCC(=O)O[C@H]([C@H](C)[C@H]1O[C@@]2(CC[C@@](C)([C@H]3CC[C@@](C)([C@@H]4O[C@@H]([C@H]5O[C@@](O)(CO)[C@H](C)C[C@@H]5C)C[C@@H]4C)O3)O2)C[C@H](O)[C@H]1C)[C@H](C)C(=O)O
laninamivir_cid502272,,,laninamivir_cid502272.png,high,high,0.8806963877094282,exact,Laninamivir,Laninamivir,1.0,24,24,exact,exact,Laninamivir,False,False,False,False,1.0,True,True,0,1,,,,CO[C@@H]([C@@H]1OC(C(=O)O)=C[C@H](N=C(N)N)[C@H]1NC(C)=O)[C@H](O)CO
lanraplenib_cid118161062,,,lanraplenib_cid118161062.png,high,high,0.8882349045012184,exact,Lanraplenib,Lanraplenib,1.0,33,33,exact,exact,Lanraplenib,False,False,False,False,1.0,True,True,0,1,,,,Nc1cncc(-c2cn3ccnc3c(Nc3ccc(N4CCN(C5COC5)CC4)cc3)n2)n1
lapretolimod_ammonium_cid134687617,,,lapretolimod_ammonium_cid134687617.png,low,low,0.02926918099098912,invalid,,,,,,invalid,invalid,,False,False,False,False,,False,,,,,,,CCCCCCCCCCCCCC(=O)O[CH]CC(=O)O[CH]C(O)OC1OC2C3OC(O)C(NC(=O)C[CH]O)[CH]4(OC(=O)CC(O)CCCCCCCCCCC)C(NC(=O)CC(O)CCCCCCCCCCC)C(O)O[CH]2(C3O[CH]C1NC(=O)CC(CCCCCCCCCCC)OC(=O)CCCCCCCCCCCCC)C4O
lasalocid_a_cid5360807,,,lasalocid_a_cid5360807.png,low,low,0.8415444236373408,exact,Lasalocid A,Lasalocid A,1.0,42,42,exact,exact,Lasalocid A,False,False,False,False,1.0,True,True,0,1,,,,CC[C@@H](C(=O)[C@@H](C)[C@@H](O)[C@H](C)CCc1ccc(C)c(O)c1C(=O)O)[C@H]1O[C@](CC)([C@H]2CC[C@](O)(CC)[C@H](C)O2)C[C@@H]1C
lasofoxifene_cid216416,,,lasofoxifene_cid216416.png,high,high,0.8816725065456243,exact,Lasofoxifene,Lasofoxifene,1.0,31,31,exact,exact,Lasofoxifene,False,False,False,False,1.0,True,True,0,1,,,,Oc1ccc2c(c1)CC[C@H](c1ccccc1)[C@@H]2c1ccc(OCCN2CCCC2)cc1
laspartomycin_cid139589219,,,laspartomycin_cid139589219.png,low,low,0.4774568012377197,wrong,,Laspartomycin,0.636,109,90,wrong,wrong,,False,False,False,False,0.636,False,False,36,2,,,,CC[C@@H](C)[C@@H]1NC(=O)[C@H]([C@@H](C)O)NC(=O)CC(=O)NC(=O)[C@H](CC(=O)O)NC(=O)CNC(=O)[C@H](CC(=O)O)NC(=O)*NC(=O)[C@]2(C)CCCCN2C(=O)[C@@H](NC(=O)[C@H](CC(=O)O)NC(=O)/C=C/CCCCCCCCCC(C)C)CNC(=O)[C@]2(C)CCCN2C1=O.C[C@@H](O)[CH]NC(=O)CC(=O)NC(=O)[CH]CC(=O)O |$;;;;;;;;;;;;;;;;;;;;;;;;;;;;;;;;;;;;;;;;;*;;;;;;;;;;;;;;;;;;;;;;;;;;;;;;;;;;;;;;;;;;;;;;;;;;;;;;;;;;;;;;;;;;;;$|
laulimalide_cid6918457,,,laulimalide_cid6918457.png,low,low,0.4036341898621691,wrong,,Laulimalide,0.674,36,37,wrong,wrong,,False,False,False,False,0.674,False,False,2,1,,,,[H]C1C/C=C\[CH]C/C=C\C(=O)O[C@H]([C@@H](O)C=C[C@@H]2CC(C)=CCO2)C[C@]2([H])O[C@@]2([H])[C@@H](O)CC(=C)C[C@H](C)C1 |^1:5|
lenacapavir_sodium_cid153435888,,,lenacapavir_sodium_cid153435888.png,high,high,0.8481541826332705,wrong,,Lenacapavir Sodium,0.838,65,65,wrong,wrong,,False,False,False,False,0.838,False,False,2,2,,,,[H][C@@]12C[C@]1([H])c1c(C(F)(F)F)nn(CC(=O)N[C@@H](Cc3cc(F)cc(F)c3)c3nc(C#CC(C)(C)S(C)(=O)=O)ccc3-c3ccc(Cl)c4[c]([W][S](C)(=O)=O)nn(CC(F)(F)F)c34)c1C2(F)F.[Na+]
lercanidipine_cid65866,,,lercanidipine_cid65866.png,high,high,0.8828027137707449,exact,Lercanidipine,Lercanidipine,1.0,45,45,exact,exact,Lercanidipine,False,False,False,False,1.0,True,True,0,1,,,,COC(=O)C1=C(C)NC(C)=C(C(=O)OC(C)(C)CN(C)CCC(c2ccccc2)c2ccccc2)C1c1cccc([N+](=O)[O-])c1
levocabastine_cid54385,,,levocabastine_cid54385.png,low,low,0.7956008835695323,exact,Levocabastine,Levocabastine,1.0,31,31,exact,exact,Levocabastine,False,False,False,False,1.0,True,True,0,1,,,,C[C@@H]1CN(C2CCC(C#N)(c3ccc(F)cc3)CC2)CC[C@]1(C(=O)O)c1ccccc1
ljn452_cid121418176,,,ljn452_cid121418176.png,low,low,0.0006642969805293605,invalid,,,,,,invalid,invalid,,False,False,False,False,,False,,,,,,,[H]C12CCC3([H])CC456(=NC78=C9CC%10%11%12%13%14(C(=O)O)=C%15%16%17%18%19%20C(O4)O5C7%15=C%104C%165O%11N=C%17(C7=CC=CC=C7OC(F)(F)F)C5%12%18(=C8%19S6)C4%20(F)(C9%13)C%14(=O)O)(C1)N23
ln_1_255_cid23672118,,,ln_1_255_cid23672118.png,high,high,0.857532119241089,exact,LN-1-255,LN-1-255,1.0,35,35,exact,exact,LN-1-255,False,False,False,False,1.0,True,True,0,2,,,,[H][C@@]12/C(=C\c3ccccn3)C(=O)N1[C@@H](C(=O)[O-])[C@](C)(COC(=O)Cc1ccc(O)c(O)c1)S2(=O)=O.[Na+]
lobeglitazone_cid9826451,,,lobeglitazone_cid9826451.png,high,high,0.8961187256102732,exact,Lobeglitazone,Lobeglitazone,1.0,34,34,exact,exact,Lobeglitazone,False,False,False,False,1.0,True,True,0,1,,,,COc1ccc(Oc2cc(N(C)CCOc3ccc(CC4SC(=O)NC4=O)cc3)ncn2)cc1
lodoxamide_cid44564,,,lodoxamide_cid44564.png,high,high,0.8771895707546427,exact,Lodoxamide,Lodoxamide,1.0,21,21,exact,exact,Lodoxamide,False,False,False,False,1.0,True,True,0,1,,,,N#Cc1cc(NC(=O)C(=O)O)c(Cl)c(NC(=O)C(=O)O)c1
loteprednol_etabonate_cid444025,,,loteprednol_etabonate_cid444025.png,low,low,0.8308726302224466,exact,Loteprednol Etabonate,Loteprednol Etabonate,1.0,32,32,exact,exact,Loteprednol Etabonate,False,False,False,False,1.0,True,True,0,1,,,,[H][C@@]12CC[C@](OC(=O)OCC)(C(=O)OCCl)[C@@]1(C)C[C@H](O)[C@@]1([H])[C@@]2([H])CCC2=CC(=O)C=C[C@@]21C
mabuterol_cid3995,,,mabuterol_cid3995.png,high,high,0.8693464794281524,exact,Mabuterol,Mabuterol,1.0,20,20,exact,exact,Mabuterol,False,False,False,False,1.0,True,True,0,1,,,,CC(C)(C)NCC(O)c1cc(Cl)c(N)c(C(F)(F)F)c1
malacidin_a_cid132282518,,,malacidin_a_cid132282518.png,low,low,0.775692676769351,wrong,,Malacidin A,0.797,89,88,wrong,wrong,,False,False,False,False,0.797,False,False,3,1,,,,CC(C)CC/C=C\C=C\C(=O)N[C@H](C(=O)N[C@@H]1C(=O)N[C@@H](C(C)C)C(=O)N[C@@H](CCCCN)C(=O)N[C@@H]([C@@H](O)C(=O)O)C(=O)N[C@@H](CC(=O)O)C(=O)NCC(=O)NC([C@H](C)C(=O)O)C(=O)N[C@@H](C(C)C)C(=O)N2C[C@H](C)C[C@@]2(C)C(=O)NC1C)C(C)C(=O)O
mangafodipir_trisodium_cid160036,,,mangafodipir_trisodium_cid160036.png,low,low,0.816471943461726,wrong,,Mangafodipir Trisodium,0.979,46,46,near,near,,False,False,False,False,0.979,False,False,4,6,,[Na+].[Na+].[Na+],,Cc1ncc(COP(=O)([O-])[O-])c(CN(CCN(CC(=O)[O-])Cc2c(COP(=O)([O-])[O-])cnc(C)c2[O-])CC(=O)[O-])c1[O-].[H+].[Na+].[Na+].[Na+].[Na+]
mannopeptimycin_alpha_cid139585504,,,mannopeptimycin_alpha_cid139585504.png,low,low,0.7562842669597547,wrong,,Mannopeptimycin alpha,0.664,87,91,wrong,wrong,,False,False,False,False,0.664,False,False,13,1,,,,*C1=*C[C@@H]([C@H](O)C2NC(=O)[C@@H](Cc3ccc(O[C@H]4O[C@H](CO)[C@@H](O[C@H]5O[C@H](CO)[C@@H](O)[C@H](O)[C@@H]5O)[C@H](O)[C@@H]4O)cc3)NC(=O)[C@H]([C@@H](C)c3ccccc3)NC(=O)C*C(=O)[C@H](CO)NC(=O)[C@@H]([C@@H](O)[C@@H]3CN=C(*)N3[C@H]3O[C@H](CO)[C@@H](O)[C@H](O)[C@@H]3O)NC2=O)N1 |$10*;;R;;;;;;;;;;;;;;;;;;;;;;;;;;;;;;;;;;;;;;;;;;;;;;;;;;;;;;;;NMe;;;;;;;;;;;;;;;;10*;;;;;;;;;;;;;;;;$|
maytansinol_cid9915934,,,maytansinol_cid9915934.png,low,low,0.6329569415000111,exact,Maytansinol,Maytansinol,1.0,39,39,exact,exact,Maytansinol,False,False,False,False,1.0,True,True,0,1,,,,[H][C@@]12O[C@@]1(C)[C@@H](O)CC(=O)N(C)c1cc(cc(OC)c1Cl)C/C(C)=C/C=C/[C@@H](OC)[C@@]1(O)C[C@H](OC(=O)N1)[C@H]2C
mefloquine_hydrochloride_cid65329,,,mefloquine_hydrochloride_cid65329.png,high,high,0.8789270950683242,exact,Mefloquine Hydrochloride,Mefloquine Hydrochloride,1.0,27,27,exact,exact,Mefloquine Hydrochloride,False,False,False,False,1.0,True,True,0,2,,,,Cl.O[C@@H](c1cc(C(F)(F)F)nc2c(C(F)(F)F)cccc12)[C@H]1CCCCN1
megazol_cid29698,,,megazol_cid29698.png,high,high,0.8642607965558262,exact,Megazol,Megazol,1.0,15,15,exact,exact,Megazol,False,False,False,False,1.0,True,True,0,1,,,,Cn1c([N+](=O)[O-])cnc1-c1nnc(N)s1
melagatran_cid183797,,,melagatran_cid183797.png,high,high,0.8589597305188249,exact,Melagatran,Melagatran,1.0,31,31,exact,exact,Melagatran,False,False,False,False,1.0,True,True,0,1,,,,N=C(N)c1ccc(CNC(=O)[C@@H]2CCN2C(=O)[C@H](NCC(=O)O)C2CCCCC2)cc1
melogliptin_cid11623906,,,melogliptin_cid11623906.png,high,high,0.8619661472552805,stereo,Melogliptin,Melogliptin,1.0,23,23,stereo,stereo,Melogliptin,False,False,False,False,1.0,True,True,0,1,,,,N#C[C@@H]1C[C@@H](F)CN1C(=O)CN[C@@H]1CC[C@H](Cn2cncn2)C1
merbromin_cid9853537,,,merbromin_cid9853537.png,high,high,0.8593512060704983,wrong,,Merbromin,1.0,30,31,near,near,,False,False,False,False,1.0,False,False,1,3,,,,O=C([O-])c1ccccc1-c1c2cc(Br)c(=O)cc-2oc2[c]([Hg+])c([O-])c(Br)cc12.[Na+].[OH-]
merotocin_cid76073634,,,merotocin_cid76073634.png,low,low,0.8365461425995484,wrong,,Merotocin,0.865,73,73,near,near,,False,False,False,False,0.865,False,False,4,1,,,,CC[C@H](C)[C@@H]1NC(=O)[C@H](Cc2ccc(O)cc2)NC(=O)CCCCC[C@@H](C(=O)N(CC(=O)N[C@@H](CC(C)C)C(=O)NCC(N)=O)Cc2ccc(F)cc2)NC(=O)[C@H](CC(N)=O)NC(=O)[C@H](CCC(N)=O)NC1=O
mersacidin_cid70698380,,,mersacidin_cid70698380.png,low,low,1.025557905342316e-05,invalid,,,,,,invalid,invalid,,False,False,False,False,,False,,,,,,,[H]C123[H][CH]45C1C(C42)C(C)(CC(=O)NC1(=O)[CH]24NC(=O)[CH2][W][C](=O)C6*C(=O)CNC(=O)C7NC8(=O)[CH]9%10CCCN9C(=O)C(CC(C)C)NC(=O)C(NC(=O)[CH]CC9=CC=CC=C9)C(C)C(=O)NC2(=O)[CH]1(C(C)C)(NC(=O)[CH2][W][C](=O)C*6C(=O)CNC(=O)CN78C%10=O)C4(C)C)(C(=O)C(=C)C(C)O)C(=O)N53 |$;;;;;;;;;;;;;;;;;;;;;;;;Wa;;;;;;;;;;;;;;;;;;;;;;;;;;;;;;;;;;;;;;;;;;;;;;;;;;;;;;;;;Wa;;;;;;;;;;;;;;;;;;;;;;;$|
mersalyl_cid9806195,,,mersalyl_cid9806195.png,low,low,0.8414281591116799,wrong,,Mersalyl,0.796,21,22,wrong,wrong,,False,False,False,False,0.796,False,False,2,3,,,,*CC(CNC(=O)c1ccccc1OCC(=O)[O-])OC.[Na+].[OH-] |$Hgx;;;;;;;;;;;;;;;;;;;;;$|
mesna_cid23662354,,,mesna_cid23662354.png,low,low,0.8290194984896315,exact,Mesna,Mesna,1.0,8,8,exact,exact,Mesna,False,False,False,False,1.0,True,True,0,2,,,,O=S(=O)([O-])CCS.[Na+]
metahexamide_cid11259,,,metahexamide_cid11259.png,high,high,0.8876295536112357,exact,Metahexamide,Metahexamide,1.0,21,21,exact,exact,Metahexamide,False,False,False,False,1.0,True,True,0,1,,,,Cc1ccc(S(=O)(=O)NC(=O)NC2CCCCC2)cc1N
methenolone_cid3037705,,,methenolone_cid3037705.png,high,high,0.8509199852526016,exact,Methenolone,Methenolone,1.0,22,22,exact,exact,Methenolone,False,False,False,False,1.0,True,True,0,1,,,,[H][C@@]12CC[C@]3([H])[C@]([H])(CC[C@]4(C)[C@@H](O)CC[C@@]34[H])[C@@]1(C)C(C)=CC(=O)C2
methicillin_cid6087,,,methicillin_cid6087.png,high,high,0.8731123392864123,exact,Methicillin,Methicillin,1.0,26,26,exact,exact,Methicillin,False,False,False,False,1.0,True,True,0,1,,,,[H][C@]12SC(C)(C)[C@H](C(=O)O)N1C(=O)[C@H]2NC(=O)c1c(OC)cccc1OC
methisazone_cid667492,,,methisazone_cid667492.png,high,high,0.8899870962757552,stereo,Methisazone,Methisazone,1.0,16,16,stereo,stereo,Methisazone,False,False,False,False,1.0,True,True,0,1,,,,Cn1c(O)c(/N=N/C(N)=S)c2ccccc21
methohexital_cid9034,,,methohexital_cid9034.png,low,low,0.8311726870984552,exact,Methohexital,Methohexital,1.0,19,19,exact,exact,Methohexital,False,False,False,False,1.0,True,True,0,1,,,,C=CCC1(C(C)C#CCC)C(=O)NC(=O)N(C)C1=O
metrizoic_acid_cid2528,,,metrizoic_acid_cid2528.png,low,low,0.8387786502785983,wrong,,Metrizoic Acid,0.561,18,21,wrong,wrong,,False,False,False,False,0.561,False,False,6,1,,,,*c1c(NC(C)=O)c(*)c(N(C)C(C)=O)c(*)c1C(=O)O |$J;;;;;;;;J;;;;;;;;J;;;;$|
milataxel_cid6918589,,,milataxel_cid6918589.png,high,high,0.854630955783888,exact,Milataxel,Milataxel,1.0,61,61,exact,exact,Milataxel,False,False,False,False,1.0,True,True,0,1,,,,[H][C@]12[C@H](OC(=O)c3ccccc3)[C@]3(O)C[C@H](OC(=O)[C@H](O)[C@@H](NC(=O)OC(C)(C)C)c4ccco4)C(C)=C([C@@H](O)C(=O)[C@]1(C)[C@@H](OC(=O)CC)C[C@@]1([H])OC[C@@]21OC(C)=O)C3(C)C
mirogabalin_cid59509752,,,mirogabalin_cid59509752.png,low,low,0.8207333201030461,exact,Mirogabalin,Mirogabalin,1.0,15,15,exact,exact,Mirogabalin,False,False,False,False,1.0,True,True,0,1,,,,[H][C@]12CC(CC)=C[C@@]1([H])[C@@](CN)(CC(=O)O)C2
mitoxantrone_cid4212,,,mitoxantrone_cid4212.png,high,high,0.915095988227579,exact,Mitoxantrone,Mitoxantrone,1.0,32,32,exact,exact,Mitoxantrone,False,False,False,False,1.0,True,True,0,1,,,,O=C1c2c(O)ccc(O)c2C(=O)c2c(NCCNCCO)ccc(NCCNCCO)c21
mm_47761_cid195570,,,mm_47761_cid195570.png,low,low,0.003109449826884757,invalid,,,,,,invalid,invalid,,False,False,False,False,,False,,,,,,,*C(=O)CC(NC(=O)CNC(=O)C(*C)CC(C)C)C(=O)N1C(C2=C3C45=C67OC8OC(CO)C(O)C9(O)C%10(O)C(CO)OC%11(OC4(=C365OC3=CC=CC=C3Cl)C7=C2)C(OC23(OC(C)C(O)C(O)C2O)O(C2OC(C)C(O)C(O)C23O)C8%119)C%10O)C1(=O)NC1C(=O)NCC(=O)NC(C(=O)O)C2=C(C(*)=CC(O)=C2)C2=C(O)C=CC1=C2 |$alkyl;;;;;;;;;;;;;alk;;;;;;;;;;;;;;;;;;;;;;;;;;;;;;;;;;;;;;;;;;;;;;;;;;;;;;;;;;;;;;;;;;;;;;;;;;;;;;;;;;;;;;;;alkyl;;;;;;;;;;;$|
moclobemide_cid4235,,,moclobemide_cid4235.png,high,high,0.8866793597430344,exact,Moclobemide,Moclobemide,1.0,18,18,exact,exact,Moclobemide,False,False,False,False,1.0,True,True,0,1,,,,O=C(NCCN1CCOCC1)c1ccc(Cl)cc1
moexipril_cid91270,,,moexipril_cid91270.png,high,high,0.8894335642226272,exact,Moexipril,Moexipril,1.0,36,36,exact,exact,Moexipril,False,False,False,False,1.0,True,True,0,1,,,,CCOC(=O)[C@H](CCc1ccccc1)N[C@@H](C)C(=O)N1Cc2cc(OC)c(OC)cc2C[C@H]1C(=O)O
molindone_cid23897,,,molindone_cid23897.png,high,high,0.860014139810474,exact,Molindone,Molindone,1.0,20,20,exact,exact,Molindone,False,False,False,False,1.0,True,True,0,1,,,,CCc1c(C)[nH]c2c1C(=O)C(CN1CCOCC1)CC2
monobenzone_cid7638,,,monobenzone_cid7638.png,high,high,0.8711454651865195,exact,Monobenzone,Monobenzone,1.0,15,15,exact,exact,Monobenzone,False,False,False,False,1.0,True,True,0,1,,,,Oc1ccc(OCc2ccccc2)cc1
monomethyl_fumarate_cid5369209,,,monomethyl_fumarate_cid5369209.png,low,low,0.8418704841997331,exact,Monomethyl Fumarate,Monomethyl Fumarate,1.0,9,9,exact,exact,Monomethyl Fumarate,False,False,False,False,1.0,True,True,0,1,,,,COC(=O)/C=C/C(=O)O
monomethylauristatin_e_cid11542188,,,monomethylauristatin_e_cid11542188.png,high,high,0.8624265213604518,exact,Monomethylauristatin E,Monomethylauristatin E,1.0,51,51,exact,exact,Monomethylauristatin E,False,False,False,False,1.0,True,True,0,1,,,,CC[C@H](C)[C@@H]([C@@H](CC(=O)N1CCC[C@H]1[C@H](OC)[C@@H](C)C(=O)N[C@H](C)[C@@H](O)c1ccccc1)OC)N(C)C(=O)[C@@H](NC(=O)[C@@H](NC)C(C)C)C(C)C
mosliciguat_cid154572869,,,mosliciguat_cid154572869.png,high,high,0.8742548666913615,exact,Mosliciguat,Mosliciguat,1.0,52,52,exact,exact,Mosliciguat,False,False,False,False,1.0,True,True,0,1,,,,O=C(O)c1ccc(CCN(CCc2ccccc2OCc2ccc(-c3ccc(C(F)(F)F)cc3)cc2Cl)[C@H]2CCCc3nc(C(=O)O)ccc32)cc1
mosnodenvir_cid133083036,,,mosnodenvir_cid133083036.png,high,high,0.8888129926793406,exact,Mosnodenvir,Mosnodenvir,1.0,39,39,exact,exact,Mosnodenvir,False,False,False,False,1.0,True,True,0,1,,,,COc1cc(N[C@H](C(=O)c2c[nH]c3ccc(OC(F)(F)F)cc23)c2ccc(Cl)cc2OC)cc(S(C)(=O)=O)c1
moxalactam_cid47499,,,moxalactam_cid47499.png,high,high,0.8493130287400431,exact,Moxalactam,Moxalactam,1.0,36,36,exact,exact,Moxalactam,False,False,False,False,1.0,True,True,0,1,,,,[H][C@]12OCC(CSc3nnnn3C)=C(C(=O)O)N1C(=O)[C@]2(NC(=O)C(C(=O)O)c1ccc(O)cc1)OC
mulundocandin_cid121225706,,,mulundocandin_cid121225706.png,low,low,0.1199535032013116,invalid,,,,,,invalid,invalid,,False,False,False,False,,False,,,,,,,CCC(C)CCCCCCCCCCC(=O)N[CH]1(SC(O)C(O)NC(=O)C2(C)(C(O)C(C)CNC(=O)C(CO)NC(=O)C3C(C)C(O)C45(=CC=C(O)C=C4)C4=CC(O)=CC=C4C5(O)C3O)CC(C)C2O)C(=O)NC2(C[O][Ac])C(=O)N3CC(O)CC3(C)N3(CC(O)CC3C)C(=O)C(C[O][Ac])N2C1=O
muraglitazar_cid206044,,,muraglitazar_cid206044.png,high,high,0.887656324123467,exact,Muraglitazar,Muraglitazar,1.0,38,38,exact,exact,Muraglitazar,False,False,False,False,1.0,True,True,0,1,,,,COc1ccc(OC(=O)N(CC(=O)O)Cc2ccc(OCCc3nc(-c4ccccc4)oc3C)cc2)cc1
mycophenolic_acid_cid446541,,,mycophenolic_acid_cid446541.png,high,high,0.880469314094558,exact,Mycophenolic Acid,Mycophenolic Acid,1.0,23,23,exact,exact,Mycophenolic Acid,False,False,False,False,1.0,True,True,0,1,,,,COc1c(C)c2c(c(O)c1C/C=C(\C)CCC(=O)O)C(=O)OC2
n2_1s_1_4_fluorophenyl_ethyl_4_1_methyl_1h_pyrazol_4_yl_n6_2_cid46866319,,,n2_1s_1_4_fluorophenyl_ethyl_4_1_methyl_1h_pyrazol_4_yl_n6_2_cid46866319.png,high,high,0.8820103322512569,exact,"N2-((1S)-1-(4-Fluorophenyl)ethyl)-4-(1-methyl-1H-pyrazol-4-yl)-N6-2-pyrazinyl-2,6-pyridinediamine","N2-((1S)-1-(4-Fluorophenyl)ethyl)-4-(1-methyl-1H-pyrazol-4-yl)-N6-2-pyrazinyl-2,6-pyridinediamine",1.0,29,29,exact,exact,"N2-((1S)-1-(4-Fluorophenyl)ethyl)-4-(1-methyl-1H-pyrazol-4-yl)-N6-2-pyrazinyl-2,6-pyridinediamine",False,False,False,False,1.0,True,True,0,1,,,,C[C@H](Nc1cc(-c2cnn(C)c2)cc(Nc2cnccn2)n1)c1ccc(F)cc1
n_1_8_3_methyl_4_1_methyl_1h_benzo_d_imidazol_5_yl_oxy_pheny_cid160283094,,,n_1_8_3_methyl_4_1_methyl_1h_benzo_d_imidazol_5_yl_oxy_pheny_cid160283094.png,high,high,0.8776511987116613,exact,"N-(1-(8-((3-methyl-4-((1-methyl-1H-benzo(d)imidazol-5-yl)oxy)phenyl)amino)pyrimido(5,4-d)pyrimidin-2-yl)piperidin-4-yl)acrylamide","N-(1-(8-((3-methyl-4-((1-methyl-1H-benzo(d)imidazol-5-yl)oxy)phenyl)amino)pyrimido(5,4-d)pyrimidin-2-yl)piperidin-4-yl)acrylamide",1.0,40,40,exact,exact,"N-(1-(8-((3-methyl-4-((1-methyl-1H-benzo(d)imidazol-5-yl)oxy)phenyl)amino)pyrimido(5,4-d)pyrimidin-2-yl)piperidin-4-yl)acrylamide",False,False,False,False,1.0,True,True,0,1,,,,C=CC(=O)NC1CCN(c2ncc3ncnc(Nc4ccc(Oc5ccc6c(c5)ncn6C)c(C)c4)c3n2)CC1
n_5_aminosulfonyl_4_methyl_1_3_thiazol_2_yl_n_methyl_2_4_2_p_cid491941,,,n_5_aminosulfonyl_4_methyl_1_3_thiazol_2_yl_n_methyl_2_4_2_p_cid491941.png,high,high,0.8703303656636164,exact,"N-(5-(Aminosulfonyl)-4-methyl-1,3-thiazol-2-yl)-N-methyl-2-(4-(2-pyridinyl)phenyl)acetamide","N-(5-(Aminosulfonyl)-4-methyl-1,3-thiazol-2-yl)-N-methyl-2-(4-(2-pyridinyl)phenyl)acetamide",1.0,27,27,exact,exact,"N-(5-(Aminosulfonyl)-4-methyl-1,3-thiazol-2-yl)-N-methyl-2-(4-(2-pyridinyl)phenyl)acetamide",False,False,False,False,1.0,True,True,0,1,,,,Cc1nc(N(C)C(=O)Cc2ccc(-c3ccccn3)cc2)sc1S(N)(=O)=O
n_acetylcysteine_amide_cid10176265,,,n_acetylcysteine_amide_cid10176265.png,high,high,0.8543522284032372,exact,N-Acetylcysteine amide,N-Acetylcysteine amide,1.0,10,10,exact,exact,N-Acetylcysteine amide,False,False,False,False,1.0,True,True,0,1,,,,CC(=O)N[C@@H](CS)C(N)=O
nabilone_cid5284592,,,nabilone_cid5284592.png,low,low,0.8410836129430637,exact,Nabilone,Nabilone,1.0,27,27,exact,exact,Nabilone,False,False,False,False,1.0,True,True,0,1,,,,[H][C@@]12CC(=O)CC[C@@]1([H])C(C)(C)Oc1cc(C(C)(C)CCCCCC)cc(O)c12
naftifine_cid47641,,,naftifine_cid47641.png,high,high,0.8866158649869298,exact,Naftifine,Naftifine,1.0,22,22,exact,exact,Naftifine,False,False,False,False,1.0,True,True,0,1,,,,CN(C/C=C/c1ccccc1)Cc1cccc2ccccc12
nalbuphine_cid5311304,,,nalbuphine_cid5311304.png,low,low,0.7130077991591264,wrong,,Nalbuphine,0.514,30,26,wrong,wrong,,False,False,False,False,0.514,False,False,12,1,,,,[H][C@]1(CC2CCC2)Cc2ccc(O)c3c2[C@]2(CNCC4CCC4)[C@@]1(O)CC[C@H](O)[C@]2([H])O3
naloxegol_oxalate_cid56959086,,,naloxegol_oxalate_cid56959086.png,low,low,0.00756877381398841,invalid,,,,,,invalid,invalid,,False,False,False,False,,False,,,,,,,O=C(O)C(=O)O.[H]C12345[H]C6789C1C1%10(CC=C)CC%11(=C62C(=C(O)C=C%11)N[CH]73C(OCCOCCOCCOCCOCCOCCOCCOC)CCC184O)C%1095
narasin_cid65452,,,narasin_cid65452.png,high,high,0.8583340573713223,wrong,,Narasin,0.713,55,54,wrong,wrong,,False,False,False,False,0.713,False,False,5,1,,,,CC[C@@H](C(=O)[C@@H](C)[C@@H](O)[C@H](C)[C@@H]1O[C@@H]([C@@H](CC)C(=O)O)[C@@H](C)C[C@@H]1C)[C@@H](O)[C@@H](C)C[C@@H](C)[C@]1(C)C=C[C@@H](O)[C@]2(CC[C@@](C)([C@H]3CC[C@](O)(CC)[C@H](C)O3)O2)O1
navtemadlin_cid58573469,,,navtemadlin_cid58573469.png,high,high,0.8804443522054289,exact,Navtemadlin,Navtemadlin,1.0,37,37,exact,exact,Navtemadlin,False,False,False,False,1.0,True,True,0,1,,,,CC(C)[C@@H](CS(=O)(=O)C(C)C)N1C(=O)[C@@](C)(CC(=O)O)C[C@H](c2cccc(Cl)c2)[C@H]1c1ccc(Cl)cc1
neoarsphenamine_cid76961391,,,neoarsphenamine_cid76961391.png,low,low,0.7770172553057606,stereo,Neoarsphenamine,Neoarsphenamine,1.0,23,23,stereo,stereo,Neoarsphenamine,False,False,False,False,1.0,True,True,0,2,,,,Nc1cc(/[As]=[As]/c2ccc(O)c(NCOS[O-])c2)ccc1O.[Na+]
neramexane_cid6433106,,,neramexane_cid6433106.png,high,high,0.8474467697636423,exact,Neramexane,Neramexane,1.0,12,12,exact,exact,Neramexane,False,False,False,False,1.0,True,True,0,1,,,,CC1(C)CC(C)(C)CC(C)(N)C1
neticonazole_cid5282433,,,neticonazole_cid5282433.png,high,high,0.9103555781889121,exact,Neticonazole,Neticonazole,1.0,21,21,exact,exact,Neticonazole,False,False,False,False,1.0,True,True,0,1,,,,CCCCCOc1ccccc1/C(=C\SC)n1ccnc1
niclosamide_cid4477,,,niclosamide_cid4477.png,high,high,0.8876631283293571,exact,Niclosamide,Niclosamide,1.0,21,21,exact,exact,Niclosamide,False,False,False,False,1.0,True,True,0,1,,,,O=C(Nc1ccc([N+](=O)[O-])cc1Cl)c1cc(Cl)ccc1O
nicorandil_cid47528,,,nicorandil_cid47528.png,low,low,0.8290811790051256,wrong,,Nicorandil,0.78,15,15,wrong,wrong,,False,False,False,False,0.78,False,False,1,1,,,,O=C(NCCO[N+](=O)O)c1cccnc1
nikkomycin_x_cid194647,,,nikkomycin_x_cid194647.png,high,high,0.8798452540872176,exact,Nikkomycin X,Nikkomycin X,1.0,35,35,exact,exact,Nikkomycin X,False,False,False,False,1.0,True,True,0,1,,,,CC(C(N)C(=O)NC(C(=O)O)C1OC(n2cc(C=O)[nH]c2=O)C(O)C1O)C(O)c1ccc(O)cn1
niludipine_cid89767,,,niludipine_cid89767.png,high,high,0.8751862714403311,exact,Niludipine,Niludipine,1.0,35,35,exact,exact,Niludipine,False,False,False,False,1.0,True,True,0,1,,,,CCCOCCOC(=O)C1=C(C)NC(C)=C(C(=O)OCCOCCC)C1c1cccc([N+](=O)[O-])c1
nintedanib_esylate_cid135476717,,,nintedanib_esylate_cid135476717.png,high,high,0.8534037928296466,stereo,Nintedanib esylate,Nintedanib esylate,1.0,46,46,stereo,stereo,Nintedanib esylate,False,False,False,False,1.0,True,True,0,2,,,,CCS(=O)(=O)O.COC(=O)c1ccc2c(/C(=N/c3ccc(N(C)C(=O)CN4CCN(C)CC4)cc3)c3ccccc3)c(O)[nH]c2c1
nisoldipine_cid4499,,,nisoldipine_cid4499.png,low,low,0.8159439196742844,invalid,,,,,,invalid,invalid,,False,False,False,False,,False,,,,,,,COC(=O)C12=C(C)NC(C)=C(C(=O)OCC(C)C)C1C1=CC=CC=C1[N+]([O-])=C2O
nitarsone_cid66826,,,nitarsone_cid66826.png,high,high,0.9141155396417622,exact,Nitarsone,Nitarsone,1.0,13,13,exact,exact,Nitarsone,False,False,False,False,1.0,True,True,0,1,,,,O=[N+]([O-])c1ccc([As](=O)(O)O)cc1
nitric_oxide_cid145068,,,nitric_oxide_cid145068.png,low,low,0.4896750572791713,wrong,,Nitric Oxide,0.2,2,2,wrong,wrong,,False,False,False,False,0.2,False,False,1,1,,,,N=O
nogalamycin_cid5289019,,,nogalamycin_cid5289019.png,high,high,0.8627574880856858,exact,Nogalamycin,Nogalamycin,1.0,56,56,exact,exact,Nogalamycin,False,False,False,False,1.0,True,True,0,1,,,,[H][C@@]12Oc3c(cc(O)c4c3C(=O)c3cc5c(c(O)c3C4=O)[C@@H](O[C@@H]3O[C@@H](C)[C@H](OC)[C@@](C)(OC)[C@H]3OC)C[C@](C)(O)[C@@H]5C(=O)OC)[C@@](C)(O1)[C@H](O)[C@@H](N(C)C)[C@@H]2O
norethandrolone_cid5858,,,norethandrolone_cid5858.png,high,high,0.8432931684901084,exact,Norethandrolone,Norethandrolone,1.0,22,22,exact,exact,Norethandrolone,False,False,False,False,1.0,True,True,0,1,,,,[H][C@@]12CCC3=CC(=O)CC[C@]3([H])[C@@]1([H])CC[C@]1(C)[C@](O)(CC)CC[C@@]21[H]
norucholic_acid_cid192254,,,norucholic_acid_cid192254.png,high,high,0.8576491863107016,exact,Norucholic Acid,Norucholic Acid,1.0,27,27,exact,exact,Norucholic Acid,False,False,False,False,1.0,True,True,0,1,,,,[H][C@@]12C[C@H](O)CC[C@]1(C)[C@@]1([H])CC[C@]3(C)[C@@H]([C@H](C)CC(=O)O)CC[C@@]3([H])[C@]1([H])[C@@H](O)C2
nosiheptide_cid16130051,,,nosiheptide_cid16130051.png,low,low,0.0001804864595434856,invalid,,,,,,invalid,invalid,,False,False,False,False,,False,,,,,,,C=C(NC(=O)C12=CSC3=N14C1(=N2)C2=C56=C78=C9%10%11=C5%12=C=79(C%10=N2=C314=C%128(O)O6)C%111=NC(C(=O)NC(C(=O)NC(=CC)C2=NC(C(=O)NC3CC(O)C(=O)OCC4=C567C(=CC=C4)C5NC(=C6C7C)C(=O)SCC(C=N)NC(=O)C45=CCC34=N5)=CS2)C(C)O)=CS1)C(N)=O
novolimus_cid9854320,,,novolimus_cid9854320.png,low,low,0.8190516857930232,wrong,,Novolimus,0.761,63,64,wrong,wrong,,False,False,False,False,0.761,False,False,2,1,,,,[H][C]1CC[C@@H](C)[C@H](O)C(=O)C(=O)N2CCCC[C@@]2([H])C(=O)O[C@H]([C@H](C)C[C@@H]2CC[C@@H](O)[C@H](OC)C2)CC(=O)[C@H](C)/C=C(\C)[C@@H](O)[C@@H](OC)C(=O)[C@H](C)C[C@H](C)/C=C/C=C/C=C(\C)[C@@H](O)C1 |^1:1|
octapeptin_cid3084738,,,octapeptin_cid3084738.png,high,high,0.8663384642748485,exact,Octapeptin,Octapeptin,1.0,72,72,exact,exact,Octapeptin,False,False,False,False,1.0,True,True,0,1,,,,CCC(C)CCCCC(O)CC(=O)N[C@H]1CCNC(=O)[C@H](CC(C)C)NC(=O)[C@H](CCN)NC(=O)[C@H](CCN)NC(=O)[C@H](CC(C)C)NC(=O)[C@H](CC(C)C)NC(=O)[C@H](CCN)NC(=O)[C@H](CCN)NC1=O
olinciguat_cid90445883,,,olinciguat_cid90445883.png,low,low,0.8418674995697559,exact,Olinciguat,Olinciguat,1.0,36,36,exact,exact,Olinciguat,False,False,False,False,1.0,True,True,0,1,,,,NC(=O)[C@](O)(CNc1nc(-c2cc(-c3ccon3)n(Cc3ccccc3F)n2)ncc1F)C(F)(F)F
olorigliflozin_cid122660464,,,olorigliflozin_cid122660464.png,high,high,0.879249116967256,exact,Olorigliflozin,Olorigliflozin,1.0,31,31,exact,exact,Olorigliflozin,False,False,False,False,1.0,True,True,0,1,,,,CCOc1ccc(Cc2cc([C@]34OC[C@]([C@@H](C)O)(O3)[C@@H](O)[C@H](O)[C@H]4O)ccc2Cl)cc1
ontazolast_cid71458,,,ontazolast_cid71458.png,high,high,0.8449799356174382,exact,Ontazolast,Ontazolast,1.0,25,25,exact,exact,Ontazolast,False,False,False,False,1.0,True,True,0,1,,,,Cc1ccc2oc(N[C@@H](CC3CCCCC3)c3ccccn3)nc2c1
ormaplatin_cid6434704,,,ormaplatin_cid6434704.png,low,low,0.8202130212010096,exact,Ormaplatin,Ormaplatin,1.0,13,13,exact,exact,Ormaplatin,False,False,False,False,1.0,True,True,0,2,,,,N[C@@H]1CCCC[C@H]1N.[Cl][Pt+2]([Cl])([Cl])[Cl]
otamixaban_cid5496659,,,otamixaban_cid5496659.png,high,high,0.8673864061364686,wrong,,Otamixaban,0.847,33,33,wrong,wrong,,False,False,False,False,0.847,False,False,1,1,,,,COC(=O)[C@H](Cc1cccc(C(=N)N)c1)[C@@H](C)NC(=O)c1ccc(-c2cc[n+](O)cc2)cc1
otilonium_bromide_cid72092,,,otilonium_bromide_cid72092.png,high,high,0.8955952712820455,exact,Otilonium Bromide,Otilonium Bromide,1.0,36,36,exact,exact,Otilonium Bromide,False,False,False,False,1.0,True,True,0,2,,,,CCCCCCCCOc1ccccc1C(=O)Nc1ccc(C(=O)OCC[N+](C)(CC)CC)cc1.[Br-]
oxacillin_cid6196,,,oxacillin_cid6196.png,low,low,0.8309213850096018,exact,Oxacillin,Oxacillin,1.0,28,28,exact,exact,Oxacillin,False,False,False,False,1.0,True,True,0,1,,,,[H][C@]12SC(C)(C)[C@H](C(=O)O)N1C(=O)[C@H]2NC(=O)c1c(-c2ccccc2)noc1C
pamiparib_cid135565554,,,pamiparib_cid135565554.png,low,low,0.8417765382209592,exact,Pamiparib,Pamiparib,1.0,22,22,exact,exact,Pamiparib,False,False,False,False,1.0,True,True,0,1,,,,C[C@]12CCCN1CC1=NNC(=O)c3cc(F)cc4[nH]c2c1c34
pancuronium_bromide_cid27350,,,pancuronium_bromide_cid27350.png,low,low,0.841985763935001,wrong,,Pancuronium Bromide,1.0,42,43,salt,salt,Pancuronium Bromide,False,False,False,False,1.0,False,False,1,2,,,,[Br-].[H][C@@]12CC[C@]3([H])[C@]([H])(CC[C@]4(C)[C@@H](OC(C)=O)[C@@H]([N+]5(C)CCCCC5)C[C@@]34[H])[C@@]1(C)C[C@H]([N+]1(C)CCCCC1)[C@@H](OC(C)=O)C2
pazufloxacin_cid65957,,,pazufloxacin_cid65957.png,high,high,0.8543232702542255,exact,Pazufloxacin,Pazufloxacin,1.0,23,23,exact,exact,Pazufloxacin,False,False,False,False,1.0,True,True,0,1,,,,C[C@H]1COc2c(C3(N)CC3)c(F)cc3c(=O)c(C(=O)O)cn1c23
pelabresib_cid118591411,,,pelabresib_cid118591411.png,high,high,0.8488175058856776,exact,Pelabresib,Pelabresib,1.0,27,27,exact,exact,Pelabresib,False,False,False,False,1.0,True,True,0,2,,,,Cc1noc2c1-c1ccccc1C(c1ccc(Cl)cc1)=N[C@H]2CC(N)=O.O
penbutolol_cid37464,,,penbutolol_cid37464.png,high,high,0.8849776937257454,exact,Penbutolol,Penbutolol,1.0,21,21,exact,exact,Penbutolol,False,False,False,False,1.0,True,True,0,1,,,,CC(C)(C)NC[C@H](O)COc1ccccc1C1CCCC1
penicillin_v_cid6869,,,penicillin_v_cid6869.png,high,high,0.8587212495774379,exact,Penicillin V,Penicillin V,1.0,24,24,exact,exact,Penicillin V,False,False,False,False,1.0,True,True,0,1,,,,[H][C@]12SC(C)(C)[C@H](C(=O)O)N1C(=O)[C@H]2NC(=O)COc1ccccc1
pentamidine_isethionate_cid8813,,,pentamidine_isethionate_cid8813.png,high,high,0.9053628430034156,exact,Pentamidine Isethionate,Pentamidine Isethionate,1.0,39,39,exact,exact,Pentamidine Isethionate,False,False,False,False,1.0,True,True,0,3,,O=S(=O)(O)CCO,,N=C(N)c1ccc(OCCCCCOc2ccc(C(=N)N)cc2)cc1.O=S(=O)(O)CCO.O=S(=O)(O)CCO
peplomycin_cid6852373,,,peplomycin_cid6852373.png,low,low,0.01082594634917854,invalid,,,,,,invalid,invalid,,False,False,False,False,,False,,,,,,,*C(=O)CC(C=NC(*)=C(C)CC(=O)NC1C2(=O)NC(C)C(O)C(C)C(=O)N[CH]C(=O)NCCcN[CH]3(C)[CH]4(O)[CH]56*C(*)(=O)*(C(*)=O)[CH]47[CH]5(*)[CH]4(O[CH]OC(C)[CH]367O)C(*)C(O)C(CO)O[CH]43O[CH]1(C2*C)C312=CC=C3=C1=C=23)NCC(*)C(*)=O |$MeR2;;;;;;;;MeR2;;;;;;;;;;;;;;;;;;;;;;;;;;;;;;;;;G;;MeR2;;G;;MeR2;;;;Me;;;;;;;;;;Me;;;;;;;;;;;Me;;;;;;;;;;;MeR2;;MeR;$|
perfluoropropane_cid6432,,,perfluoropropane_cid6432.png,high,high,0.8907839660058507,exact,Perfluoropropane,Perfluoropropane,1.0,11,11,exact,exact,Perfluoropropane,False,False,False,False,1.0,True,True,0,1,,,,FC(F)(F)C(F)(F)C(F)(F)F
pevonedistat_cid16720766,,,pevonedistat_cid16720766.png,low,low,0.194167273057676,invalid,,,,,,invalid,invalid,,False,False,False,False,,False,,,,,,,NS(=O)(=O)OCC1CC2C[CH]1(O)[CH]1(COS(N)(=O)=O)CC(CC1O)N1C=CC34=C(N=CN=C13)N[CH]13CCC5(=CC=CC=C51)C315=CC=CC=C1CCC5NC1=C3C=CN2C34=NC=N1
pexidartinib_cid25151352,,,pexidartinib_cid25151352.png,low,low,0.761074994313066,exact,Pexidartinib,Pexidartinib,1.0,29,29,exact,exact,Pexidartinib,False,False,False,False,1.0,True,True,0,1,,,,FC(F)(F)c1ccc(CNc2ccc(Cc3c[nH]c4ncc(Cl)cc34)cn2)cn1
pexiganan_cid16132253,,,pexiganan_cid16132253.png,low,low,0.0002842385518015932,invalid,,,,,,invalid,invalid,,False,False,False,False,,False,,,,,,,*CCCCC(C=O)NC(=O)CNC(=O)C(NC(=O)C*)C1C2CC1C2.*CCCCC(NC(=O)[CH]CC1C2C(=O)(C3=CC=CC(CC*)=C3C(=O)=O=C([CH])*CC(=O)N(*)C(CCCC*)C(=O)[CH]C(=O)N[CH])[CH]12NCC(*)*)NC1=O=C(=O)(C(N)CC(C)C)NC1CCCC* |$M1R1;;;;;;;;;;;;;;;;;;;;M1R1;;;;;;M1R1;;;;;;;;;;;;;;;;;;;;;;M1R1;;;;;;;M1;;;;;M1R1;;;;;;M1R1;;;;;;;;;;;;M1R1;M1;;;;;;;;;;;;;;;;;;M1R1$|
phenazopyridine_hydrochloride_cid8691,,,phenazopyridine_hydrochloride_cid8691.png,high,high,0.8978964289876903,stereo,Phenazopyridine hydrochloride,Phenazopyridine hydrochloride,1.0,17,17,stereo,stereo,Phenazopyridine hydrochloride,False,False,False,False,1.0,True,True,0,2,,,,Cl.Nc1ccc(/N=N/c2ccccc2)c(N)n1
pheniramine_cid4761,,,pheniramine_cid4761.png,high,high,0.8904869805770597,exact,Pheniramine,Pheniramine,1.0,18,18,exact,exact,Pheniramine,False,False,False,False,1.0,True,True,0,1,,,,CN(C)CCC(c1ccccc1)c1ccccn1
phenoxyethanol_cid31236,,,phenoxyethanol_cid31236.png,high,high,0.8620556219895302,exact,Phenoxyethanol,Phenoxyethanol,1.0,10,10,exact,exact,Phenoxyethanol,False,False,False,False,1.0,True,True,0,1,,,,OCCOc1ccccc1
phenylmercuric_nitrate_cid16682924,,,phenylmercuric_nitrate_cid16682924.png,high,high,0.843185347295492,exact,Phenylmercuric Nitrate,Phenylmercuric Nitrate,1.0,11,11,exact,exact,Phenylmercuric Nitrate,False,False,False,False,1.0,True,True,0,1,,,,O=[N+]([O-])[O][Hg][c]1ccccc1
pidotimod_cid65944,,,pidotimod_cid65944.png,high,high,0.8761218766140615,exact,Pidotimod,Pidotimod,1.0,16,16,exact,exact,Pidotimod,False,False,False,False,1.0,True,True,0,1,,,,O=C1CC[C@@H](C(=O)N2CSC[C@H]2C(=O)O)N1
pimodivir_cid67286591,,,pimodivir_cid67286591.png,low,low,0.0001569990516773631,invalid,,,,,,invalid,invalid,,False,False,False,False,,False,,,,,,,[H]C12C3CC4C567CC489C54%10C685([H])C68C%11%12([H])C(NC%13=NC(C%14=CNC%15=C%14C=C(F)C=N%15)=NC=C%13F)C316%114([H])C2879%12%105
piperaquine_cid122262,,,piperaquine_cid122262.png,high,high,0.9068476620087506,exact,Piperaquine,Piperaquine,1.0,37,37,exact,exact,Piperaquine,False,False,False,False,1.0,True,True,0,1,,,,Clc1ccc2c(N3CCN(CCCN4CCN(c5ccnc6cc(Cl)ccc56)CC4)CC3)ccnc2c1
pirarubicin_cid11296583,,,pirarubicin_cid11296583.png,high,high,0.8794374757986829,exact,Pirarubicin,Pirarubicin,1.0,45,45,exact,exact,Pirarubicin,False,False,False,False,1.0,True,True,0,1,,,,COc1cccc2c1C(=O)c1c(O)c3c(c(O)c1C2=O)C[C@@](O)(C(=O)CO)C[C@@H]3O[C@H]1C[C@H](N)[C@H](O[C@@H]2CCCCO2)[C@H](C)O1
piroctone_olamine_cid50258,,,piroctone_olamine_cid50258.png,high,high,0.8780633480699565,exact,Piroctone Olamine,Piroctone Olamine,1.0,21,21,exact,exact,Piroctone Olamine,False,False,False,False,1.0,True,True,0,2,,,,Cc1cc(CC(C)CC(C)(C)C)n(O)c(=O)c1.NCCO
planosporicin_cid139586698,,,planosporicin_cid139586698.png,low,low,1.861857312188197e-13,invalid,,,,,,invalid,invalid,,False,False,False,False,,False,,,,,,,[H]CCCC(O)C1(=O)NC(=O)CC23([H])CCC4C(CC2([H])(C)N3C(=O)C(C)NC(=O)[CH]1(O)C(=O)NC(=O)CNC(=O)CCC1(=O)C2CC1C2=O)C1O[CH]2(N3[CH]56O=C3(N)(C5C3=CNC5=CC=CC=C53)C6(=O)NC(C)C35(=O)[CH]67CC8CCC9[CH]%10%11%12(C)C[CH]93%13%14%15C%10CCC86[CH]53(C7CCCCC)C(=O)(N%11%13)N3%12%14C%15(=O)C(N)CO)C4O12
plinabulin_cid9949641,,,plinabulin_cid9949641.png,high,high,0.867265122811862,exact,Plinabulin,Plinabulin,1.0,25,25,exact,exact,Plinabulin,False,False,False,False,1.0,True,True,0,1,,,,CC(C)(C)c1[nH]cnc1/C=c1\[nH]c(=O)/c(=C/c2ccccc2)[nH]c1=O
plocabulin_cid57788271,,,plocabulin_cid57788271.png,high,high,0.8637048239777632,exact,Plocabulin,Plocabulin,1.0,41,41,exact,exact,Plocabulin,False,False,False,False,1.0,True,True,0,1,,,,C/C=C\C[C@@H](C/C=C\NC(=O)[C@@H](NC(=O)/C=C\C=C/C(C)=C/[C@H](C)[C@@H]1CC=C(OC)C(=O)O1)C(C)(C)C)OC(N)=O
pneumocandin_b_0_cid16119739,,,pneumocandin_b_0_cid16119739.png,low,low,0.52324355954904,wrong,,Pneumocandin B(0),0.551,77,75,wrong,wrong,,False,False,False,False,0.551,False,False,4,1,,,,CC[C@H](C)C[C@H](C)CCCCCCCCC(=O)NC1S[C@H](O)[C@@H](O)NC(=O)[C@]2(C)[C@@H](O)CCN2C(=O)[C@H]([C@H](O)CC(N)=O)NC(=O)[C@@H]([C@H](O)[C@@H](O)c2ccc(O)cc2)NC(=O)[C@]2(C)C[C@@H](O)CN2C(=O)[C@H]([C@@H](C)O)NC1=O
pnu_159682_cid9874188,,,pnu_159682_cid9874188.png,high,high,0.8576912836273884,exact,Pnu-159682,Pnu-159682,1.0,46,46,exact,exact,Pnu-159682,False,False,False,False,1.0,True,True,0,1,,,,[H][C@]12O[C@]3([H])[C@H](C)O[C@@H](O[C@H]4C[C@](O)(C(=O)CO)Cc5c(O)c6c(c(O)c54)C(=O)c4c(OC)cccc4C6=O)C[C@]3([H])N1CCO[C@@H]2OC
potassium_permanganate_cid516875,,,potassium_permanganate_cid516875.png,low,low,0.7546300710390131,exact,Potassium Permanganate,Potassium Permanganate,1.0,6,6,exact,exact,Potassium Permanganate,False,False,False,False,1.0,True,True,0,2,,,,[K+].[O]=[Mn](=[O])(=[O])[O-]
povorcitinib_cid86280672,,,povorcitinib_cid86280672.png,low,low,0.2833756842492383,invalid,,,,,,invalid,invalid,,False,False,False,False,,False,,,,,,,CC1=NNC(C)=C1C12=CN(N=C1)C1(CC#N)(CN(C3=C(F)C=C(C(=O)NC(C)C(F)(F)F)C(F)=C3)C1)C1N(C3=C(F)C=C(C(=O)NC(C)C(F)(F)F)C(F)=C3)CC1(CC#N)N1C=C(C=N1)C21=C(C)NN=C1C
practolol_cid4883,,,practolol_cid4883.png,high,high,0.8572183315352846,exact,Practolol,Practolol,1.0,19,19,exact,exact,Practolol,False,False,False,False,1.0,True,True,0,1,,,,CC(=O)Nc1ccc(OCC(O)CNC(C)C)cc1
pralatrexate_cid148121,,,pralatrexate_cid148121.png,high,high,0.8722891678935374,exact,Pralatrexate,Pralatrexate,1.0,35,35,exact,exact,Pralatrexate,False,False,False,False,1.0,True,True,0,1,,,,C#CCC(Cc1cnc2nc(N)nc(N)c2n1)c1ccc(C(=O)N[C@@H](CCC(=O)O)C(=O)O)cc1
pralidoxime_chloride_cid135445761,,,pralidoxime_chloride_cid135445761.png,high,high,0.8908849937297818,exact,Pralidoxime Chloride,Pralidoxime Chloride,1.0,11,11,exact,exact,Pralidoxime Chloride,False,False,False,False,1.0,True,True,0,2,,,,C[n+]1ccccc1/C=N/O.[Cl-]
pramiconazole_cid3013050,,,pramiconazole_cid3013050.png,low,low,0.8095133093656767,wrong,,Pramiconazole,0.462,48,48,wrong,wrong,,False,False,False,False,0.462,False,False,12,1,,,,CC(C)P1CCN(c2ccc(P3CCP(c4ccc(OC[C@H]5OC[C@](Cp6cpcp6)(c6ccc(F)cc6F)O5)cc4)CC3)cc2)C1=O
pranlukast_cid4887,,,pranlukast_cid4887.png,high,high,0.8671923540965818,wrong,,Pranlukast,0.689,36,36,wrong,wrong,,False,False,False,False,0.689,False,False,5,1,,,,O=C(Nc1cccc2c(=O)cc([C]3=[W][W][N]=N3)oc12)c1ccc(OCCCCc2ccccc2)cc1
procaterol_cid688563,,,procaterol_cid688563.png,high,high,0.8751848929223854,exact,Procaterol,Procaterol,1.0,21,21,exact,exact,Procaterol,False,False,False,False,1.0,True,True,0,1,,,,CC[C@@H](NC(C)C)[C@@H](O)c1ccc(O)c2[nH]c(=O)ccc12
procyclidine_cid4919,,,procyclidine_cid4919.png,high,high,0.8887260014062383,exact,Procyclidine,Procyclidine,1.0,21,21,exact,exact,Procyclidine,False,False,False,False,1.0,True,True,0,1,,,,OC(CCN1CCCC1)(c1ccccc1)C1CCCCC1
propiverine_cid4942,,,propiverine_cid4942.png,high,high,0.8792008730534933,exact,Propiverine,Propiverine,1.0,27,27,exact,exact,Propiverine,False,False,False,False,1.0,True,True,0,1,,,,CCCOC(C(=O)OC1CCN(C)CC1)(c1ccccc1)c1ccccc1
protirelin_cid638678,,,protirelin_cid638678.png,high,high,0.8727744144413574,exact,Protirelin,Protirelin,1.0,26,26,exact,exact,Protirelin,False,False,False,False,1.0,True,True,0,1,,,,NC(=O)[C@@H]1CCCN1C(=O)[C@H](Cc1cnc[nH]1)NC(=O)[C@@H]1CCC(=O)N1
proxyphylline_cid4977,,,proxyphylline_cid4977.png,high,high,0.8654118988689073,exact,Proxyphylline,Proxyphylline,1.0,17,17,exact,exact,Proxyphylline,False,False,False,False,1.0,True,True,0,1,,,,CC(O)Cn1cnc2c1c(=O)n(C)c(=O)n2C
pyridostigmine_bromide_cid7550,,,pyridostigmine_bromide_cid7550.png,high,high,0.8431908324361571,exact,Pyridostigmine Bromide,Pyridostigmine Bromide,1.0,14,14,exact,exact,Pyridostigmine Bromide,False,False,False,False,1.0,True,True,0,2,,,,CN(C)C(=O)Oc1ccc[n+](C)c1.[Br-]
radotinib_cid16063245,,,radotinib_cid16063245.png,low,low,0.691882131802054,invalid,,,,,,invalid,invalid,,False,False,False,False,,False,,,,,,,CC1=CN(C2=CC(C(F)(F)F)=CC(NC(=O)C3=CC(NC4=NC=CC(C5=NC=CN=C5)=N4)=C(C)C=C3)(C3=C(NC(=O)C4=CC(NC5=NC=CC(C6=NC=CN=C6)=N5)=C(C)C=C4)C=C(C(F)(F)F)C=C3N3C=NC(C)=C3)=C2)C=N1
ravidasvir_cid52918888,,,ravidasvir_cid52918888.png,low,low,0.8064122419468345,wrong,,Ravidasvir,0.713,56,56,wrong,wrong,,False,False,False,False,0.713,False,False,2,1,,,,COC(=O)N[C@H](C(=O)N1CCC[C@H]1[C]1=[W][c]2ccc(-c3ccc4cc(-c5cnc([C@@H]6CCCN6C(=O)[C@@H](NC(=O)OC)C(C)C)[nH]5)ccc4c3)cc2N1)C(C)C
refametinib_cid44182295,,,refametinib_cid44182295.png,high,high,0.8682429349186722,exact,Refametinib,Refametinib,1.0,31,31,exact,exact,Refametinib,False,False,False,False,1.0,True,True,0,1,,,,COc1cc(F)c(F)c(Nc2ccc(I)cc2F)c1NS(=O)(=O)C1(C[C@H](O)CO)CC1
resminostat_cid11609955,,,resminostat_cid11609955.png,low,low,0.8419158463019589,exact,Resminostat,Resminostat,1.0,24,24,exact,exact,Resminostat,False,False,False,False,1.0,True,True,0,1,,,,CN(C)Cc1ccc(S(=O)(=O)n2ccc(/C=C/C(=O)NO)c2)cc1
retinol_palmitate_cid5280531,,,retinol_palmitate_cid5280531.png,low,low,0.8222660175010388,exact,Retinol Palmitate,Retinol Palmitate,1.0,38,38,exact,exact,Retinol Palmitate,False,False,False,False,1.0,True,True,0,1,,,,CCCCCCCCCCCCCCCC(=O)OC/C=C(C)/C=C/C=C(C)/C=C/C1=C(C)CCCC1(C)C
riboflavin_cid493570,,,riboflavin_cid493570.png,high,high,0.8930450467261506,exact,Riboflavin,Riboflavin,1.0,27,27,exact,exact,Riboflavin,False,False,False,False,1.0,True,True,0,1,,,,Cc1cc2nc3c(=O)[nH]c(=O)nc-3n(C[C@H](O)[C@H](O)[C@H](O)CO)c2cc1C
ridaforolimus_cid11520894,,,ridaforolimus_cid11520894.png,low,low,0.6822121803886805,invalid,,,,,,invalid,invalid,,False,False,False,False,,False,,,,,,,[H]C12CCC(C)C(O1)C(=O)C(=O)C1CCCCC1([H])C(=O)OC(C(C)CC1CCC(OC(C)(C)=O)C(OC)C1)CC(=O)C(C)C=C(C)C(O)C(OC)C(=O)C(C)CC(C)C=CC=CC=C(C)C(OC)C2
rilmenidine_cid68712,,,rilmenidine_cid68712.png,high,high,0.8572193480601311,exact,Rilmenidine,Rilmenidine,1.0,13,13,exact,exact,Rilmenidine,False,False,False,False,1.0,True,True,0,1,,,,C1COC(NC(C2CC2)C2CC2)=N1
rilpivirine_cid6451164,,,rilpivirine_cid6451164.png,high,high,0.8887571806804228,exact,Rilpivirine,Rilpivirine,1.0,28,28,exact,exact,Rilpivirine,False,False,False,False,1.0,True,True,0,1,,,,Cc1cc(/C=C/C#N)cc(C)c1Nc1ccnc(Nc2ccc(C#N)cc2)n1
rimexolone_cid5311412,,,rimexolone_cid5311412.png,high,high,0.8615816279229571,exact,Rimexolone,Rimexolone,1.0,27,27,exact,exact,Rimexolone,False,False,False,False,1.0,True,True,0,1,,,,[H][C@@]12C[C@@H](C)[C@](C)(C(=O)CC)[C@@]1(C)C[C@H](O)[C@@]1([H])[C@@]2([H])CCC2=CC(=O)C=C[C@@]21C
rimocidin_cid6440843,,,rimocidin_cid6440843.png,low,low,2.171202409097941e-05,invalid,,,,,,invalid,invalid,,False,False,False,False,,False,,,,,,,CCCC1CC=CC=CC=CC=C[CH]2345[CH][CH]67(C2)OC(O)(CC(O)CCCC(=O)CC(O)C(CC)C(=O)O1)CC(O)C6C(O)=O[CH]12689O3%10[CH]3%11%12%13O41[CH]%1014%14(O75)O325[CH]23(O)[CH]7%10O%15[CH]2%16%17%18%19O[CH]%1532%20(O%16)([CH]75%17O)[CH]%10357N%10[CH]%182%15%16%17N[CH]%10%19%20(N)([CH]%11361%15O)([CH]%12584%16O)[CH]%1379%14%17O
rintatolimod_cid135537060,,,rintatolimod_cid135537060.png,high,high,0.8586547602136781,exact,Rintatolimod,Rintatolimod,1.0,65,65,exact,exact,Rintatolimod,False,False,False,False,1.0,True,True,0,3,,,,Nc1ccn([C@@H]2O[C@H](COP(=O)(O)O)[C@@H](O)[C@H]2O)c(=O)n1.O=c1[nH]cnc2c1ncn2[C@@H]1O[C@H](COP(=O)(O)O)[C@@H](O)[C@H]1O.O=c1ccn([C@@H]2O[C@H](COP(=O)(O)O)[C@@H](O)[C@H]2O)c(=O)[nH]1
rintodestrant_cid129205616,,,rintodestrant_cid129205616.png,high,high,0.880047222752459,exact,Rintodestrant,Rintodestrant,1.0,33,33,exact,exact,Rintodestrant,False,False,False,False,1.0,True,True,0,1,,,,Cc1cc(F)cc(C)c1C(=O)c1sc2cc(O)ccc2c1Oc1ccc(/C=C/C(=O)O)cc1
ritobegron_cid9820882,,,ritobegron_cid9820882.png,high,high,0.8820514471903382,exact,Ritobegron,Ritobegron,1.0,27,27,exact,exact,Ritobegron,False,False,False,False,1.0,True,True,0,1,,,,Cc1cc(OCC(=O)O)c(C)cc1CCN[C@@H](C)[C@H](O)c1ccc(O)cc1
ritodrine_cid33572,,,ritodrine_cid33572.png,high,high,0.8685549383844744,exact,Ritodrine,Ritodrine,1.0,21,21,exact,exact,Ritodrine,False,False,False,False,1.0,True,True,0,1,,,,C[C@H](NCCc1ccc(O)cc1)[C@H](O)c1ccc(O)cc1
riviciclib_cid24887371,,,riviciclib_cid24887371.png,high,high,0.8726664686400473,exact,Riviciclib,Riviciclib,1.0,28,28,exact,exact,Riviciclib,False,False,False,False,1.0,True,True,0,1,,,,CN1CC[C@H](c2c(O)cc(O)c3c(=O)cc(-c4ccccc4Cl)oc23)[C@H]1CO
roscovitine_cid160355,,,roscovitine_cid160355.png,high,high,0.8675917394450101,exact,Roscovitine,Roscovitine,1.0,26,26,exact,exact,Roscovitine,False,False,False,False,1.0,True,True,0,1,,,,CC[C@H](CO)Nc1nc(NCc2ccccc2)c2ncn(C(C)C)c2n1
roxarsone_cid5104,,,roxarsone_cid5104.png,high,high,0.8883763181380628,exact,Roxarsone,Roxarsone,1.0,14,14,exact,exact,Roxarsone,False,False,False,False,1.0,True,True,0,1,,,,O=[N+]([O-])c1cc([As](=O)(O)O)ccc1O
roxatidine_cid91276,,,roxatidine_cid91276.png,high,high,0.8937783840876924,exact,Roxatidine,Roxatidine,1.0,22,22,exact,exact,Roxatidine,False,False,False,False,1.0,True,True,0,1,,,,O=C(CO)NCCCOc1cccc(CN2CCCCC2)c1
rubitecan_cid472335,,,rubitecan_cid472335.png,high,high,0.869507017435233,exact,Rubitecan,Rubitecan,1.0,29,29,exact,exact,Rubitecan,False,False,False,False,1.0,True,True,0,1,,,,CC[C@@]1(O)C(=O)OCc2c1cc1n(c2=O)Cc2cc3c([N+](=O)[O-])cccc3nc2-1
ruboxistaurin_cid153999,,,ruboxistaurin_cid153999.png,high,high,0.8810457006555223,exact,Ruboxistaurin,Ruboxistaurin,1.0,35,35,exact,exact,Ruboxistaurin,False,False,False,False,1.0,True,True,0,1,,,,CN(C)C[C@@H]1CCn2cc(c3ccccc32)C2=C(C(=O)NC2=O)c2cn(c3ccccc23)CCO1
runcaciguat_cid134440946,,,runcaciguat_cid134440946.png,high,high,0.8608528698878661,exact,Runcaciguat,Runcaciguat,1.0,32,32,exact,exact,Runcaciguat,False,False,False,False,1.0,True,True,0,1,,,,C[C@H]([C@H](C(=O)Nc1cc([C@@H](CC(=O)O)C2CC2)ccc1Cl)c1ccc(Cl)cc1)C(F)(F)F
saffan_cid24732,,,saffan_cid24732.png,low,low,0.8364886562496655,exact,Saffan,Saffan,1.0,52,52,exact,exact,Saffan,False,False,False,False,1.0,True,True,0,2,,,,[H][C@@]12CC[C@@]3([H])[C@]4([H])CC[C@H](C(=O)COC(C)=O)[C@@]4(C)CC(=O)[C@]3([H])[C@@]1(C)CC[C@@H](O)C2.[H][C@@]12CC[C@@]3([H])[C@]4([H])CC[C@H](C(C)=O)[C@@]4(C)CC(=O)[C@]3([H])[C@@]1(C)CC[C@@H](O)C2
salacinol_cid6451151,,,salacinol_cid6451151.png,high,high,0.8553090333182479,exact,Salacinol,Salacinol,1.0,20,20,exact,exact,Salacinol,False,False,False,False,1.0,True,True,0,1,,,,O=S(=O)([O-])O[C@@H](CO)[C@H](O)C[S+]1C[C@@H](O)[C@H](O)[C@H]1CO
sarcosine_cid1088,,,sarcosine_cid1088.png,high,high,0.8445263874311818,exact,Sarcosine,Sarcosine,1.0,6,6,exact,exact,Sarcosine,False,False,False,False,1.0,True,True,0,1,,,,CNCC(=O)O
sarpogrelate_cid5160,,,sarpogrelate_cid5160.png,high,high,0.8754871145649284,exact,Sarpogrelate,Sarpogrelate,1.0,31,31,exact,exact,Sarpogrelate,False,False,False,False,1.0,True,True,0,1,,,,COc1cccc(CCc2ccccc2OCC(CN(C)C)OC(=O)CCC(=O)O)c1
seglitide_cid5311430,,,seglitide_cid5311430.png,high,high,0.8813429867872461,exact,Seglitide,Seglitide,1.0,59,59,exact,exact,Seglitide,False,False,False,False,1.0,True,True,0,1,,,,CC(C)[C@@H]1NC(=O)[C@H](CCCCN)NC(=O)[C@@H](Cc2c[nH]c3ccccc23)NC(=O)[C@H](Cc2ccc(O)cc2)NC(=O)[C@H](C)N(C)C(=O)[C@H](Cc2ccccc2)NC1=O
selenium_disulfide_cid24087,,,selenium_disulfide_cid24087.png,low,low,0.6577299376604718,wrong,,Selenium disulfide,0.111,3,3,wrong,wrong,,False,False,False,False,0.111,False,False,5,1,,,,C=[Se]S |^1:1|
seletalisib_cid56928390,,,seletalisib_cid56928390.png,high,high,0.8582846495685656,exact,Seletalisib,Seletalisib,1.0,34,34,exact,exact,Seletalisib,False,False,False,False,1.0,True,True,0,1,,,,[O-][n+]1cccc(-c2nc3c(Cl)cccc3cc2[C@@H](Nc2ncnc3cccnc23)C(F)(F)F)c1
semduramicin_cid71327,,,semduramicin_cid71327.png,low,low,0.3105527675055588,wrong,,Semduramicin,0.612,87,61,wrong,wrong,,False,False,False,False,0.612,False,False,64,2,,,,"CO[C@@H]1[C@@H](O)[C@H](C)[C@@](O)(CC(=O)O)O[C@H]1[C@H](C)[C@H]1O[C@]2(CC[C@@](C)([C@H]3CC[C@@](C)([C@@H]4O[C@@H]([C@H]5O[C@](C)(O)[C@H](C)C[C@@H]5C)C[C@@H]4C)O3)O2)C[C@H](O)[C@H]1C.CO[CH]CC[CH]O[C@H]1C[C@H]([C@H]2O[C@](C)(O)[C@H](C)C[C@@H]2C)O[C@H]1[C](C)CC[CH][C](C)CC[C]C[CH]O |^1:54,57,74,78,79,85,^2:83|"
serlopitant_cid23653789,,,serlopitant_cid23653789.png,high,high,0.8696990035054123,exact,Serlopitant,Serlopitant,1.0,39,39,exact,exact,Serlopitant,False,False,False,False,1.0,True,True,0,1,,,,[H][C@]12CC[C@H](O[C@H](C)c3cc(C(F)(F)F)cc(C(F)(F)F)c3)[C@@H](c3ccc(F)cc3)[C@]1([H])CN(C1=CC(=O)CC1)C2
setipiprant_cid49843471,,,setipiprant_cid49843471.png,high,high,0.8715536630610407,exact,Setipiprant,Setipiprant,1.0,30,30,exact,exact,Setipiprant,False,False,False,False,1.0,True,True,0,1,,,,O=C(O)Cn1c2c(c3cc(F)ccc31)CN(C(=O)c1cccc3ccccc13)CC2
simeprevir_cid24873435,,,simeprevir_cid24873435.png,high,high,0.860668159363169,exact,Simeprevir,Simeprevir,1.0,52,52,exact,exact,Simeprevir,False,False,False,False,1.0,True,True,0,1,,,,[H][C@@]12C[C@@H](Oc3cc(-c4nc(C(C)C)cs4)nc4c(C)c(OC)ccc34)C[C@@]1([H])C(=O)N(C)CCCC/C=C\[C@]1([H])C[C@@]1(C(=O)NS(=O)(=O)C1CC1)NC2=O
simfibrate_cid5217,,,simfibrate_cid5217.png,high,high,0.9172166094521758,exact,Simfibrate,Simfibrate,1.0,31,31,exact,exact,Simfibrate,False,False,False,False,1.0,True,True,0,1,,,,CC(C)(Oc1ccc(Cl)cc1)C(=O)OCCCOC(=O)C(C)(C)Oc1ccc(Cl)cc1
sinefungin_cid65482,,,sinefungin_cid65482.png,high,high,0.8754367876621707,exact,Sinefungin,Sinefungin,1.0,27,27,exact,exact,Sinefungin,False,False,False,False,1.0,True,True,0,1,,,,Nc1ncnc2c1ncn2[C@@H]1O[C@H](C[C@@H](N)CC[C@H](N)C(=O)O)[C@@H](O)[C@H]1O
sm_102_cid126697616,,,sm_102_cid126697616.png,low,low,0.8288971076859862,wrong,,SM-102,0.633,50,50,wrong,wrong,,False,False,False,False,0.633,False,False,5,1,,,,CCCCCCCCCCCOC(=O)CCCCCC(CCS)CCCCCCCC(=O)OC(CCCCCCCC)CCCCCCCC
sodium_arsenite_cid443495,,,sodium_arsenite_cid443495.png,high,high,0.8512192325553164,wrong,,Sodium Arsenite,0.273,5,4,wrong,wrong,,False,False,False,False,0.273,False,False,1,2,,,,O=[As](=O)[O-].[Na+]
sodium_butyrate_cid5222465,,,sodium_butyrate_cid5222465.png,low,low,0.7546534368902226,exact,Sodium Butyrate,Sodium Butyrate,1.0,7,7,exact,exact,Sodium Butyrate,False,False,False,False,1.0,True,True,0,2,,,,CCCC(=O)[O-].[Na+]
sodium_fluoride_cid5235,,,sodium_fluoride_cid5235.png,low,low,0.622121081099368,exact,Sodium Fluoride,Sodium Fluoride,1.0,2,2,exact,exact,Sodium Fluoride,False,False,False,False,1.0,True,True,0,2,,,,[F-].[Na+]
sodium_perborate_cid517072,,,sodium_perborate_cid517072.png,low,low,0.6482213946913878,exact,Sodium Perborate,Sodium Perborate,1.0,5,5,exact,exact,Sodium Perborate,False,False,False,False,1.0,True,True,0,2,,,,O=BO[O-].[Na+]
sodium_phenylbutyrate_cid5258,,,sodium_phenylbutyrate_cid5258.png,low,low,0.8353496534993382,exact,Sodium Phenylbutyrate,Sodium Phenylbutyrate,1.0,13,13,exact,exact,Sodium Phenylbutyrate,False,False,False,False,1.0,True,True,0,2,,,,O=C([O-])CCCc1ccccc1.[Na+]
sodium_pyruvate_cid23662274,,,sodium_pyruvate_cid23662274.png,high,high,0.8816103701070386,exact,Sodium pyruvate,Sodium pyruvate,1.0,7,7,exact,exact,Sodium pyruvate,False,False,False,False,1.0,True,True,0,2,,,,CC(=O)C(=O)[O-].[Na+]
sodium_selenate_cid25960,,,sodium_selenate_cid25960.png,low,low,0.7104383918904046,invalid,,,,,,invalid,invalid,,False,False,False,False,,False,,,,,,,O=[Se](=O)(=O)([O-])[O-].[Na+]
sodium_tetrathionate_dihydrate_6ci_7ci_cid203055,,,sodium_tetrathionate_dihydrate_6ci_7ci_cid203055.png,high,high,0.852099522693698,wrong,,"Sodium tetrathionate, dihydrate (6CI,7CI)",1.0,13,14,salt,salt,"Sodium tetrathionate, dihydrate (6CI,7CI)",False,False,False,False,1.0,False,False,1,4,,O,,O.O.O=S(=O)([O-])SSS(=O)(=O)[O-].[Na+]
sodium_thiocyanate_cid516871,,,sodium_thiocyanate_cid516871.png,low,low,0.7472407502291523,exact,Sodium thiocyanate,Sodium thiocyanate,1.0,4,4,exact,exact,Sodium thiocyanate,False,False,False,False,1.0,True,True,0,2,,,,N#C[S-].[Na+]
sorangicin_a_cid657059,,,sorangicin_a_cid657059.png,low,low,0.1229934769531011,invalid,,,,,,invalid,invalid,,False,False,False,False,,False,,,,,,,[H]C1OC2([H])C=CC=CC=CC(=O)O[H]C3C=CC([H])(CC=CCCC=CC([H])(O)C([H])(O)C([H])(O)O[CH]CC=CC4([H])OC2(C(C)C)C1C4C)OC3([H])C(C)=CC(C)CCCCC(=O)O
spiramycin_ii_cid49787020,,,spiramycin_ii_cid49787020.png,low,low,0.5674497820436836,wrong,,spiramycin II,0.979,67,62,near,exact,,False,False,False,True,0.979,False,False,11,2,,,COC(C)=O,COC(C)=O.CO[C@@H]1[C@@H](O[C@@H]2O[C@H](C)[C@@H](O[C@H]3C[C@@](C)(O)[C@@H](O)[C@H](C)O3)[C@H](N(C)C)[C@H]2O)[C@@H](CC=O)C[C@@H](C)[C@@H](O[C@H]2CC[C@H](N(C)C)[C@@H](C)O2)/C=C/C=C/C[C@@H](C)OC(=O)C[C@H]1OC(C)=O
spirapril_cid5311447,,,spirapril_cid5311447.png,high,high,0.9039901050470222,exact,Spirapril,Spirapril,1.0,31,31,exact,exact,Spirapril,False,False,False,False,1.0,True,True,0,1,,,,CCOC(=O)[C@H](CCc1ccccc1)N[C@@H](C)C(=O)N1CC2(C[C@H]1C(=O)O)SCCS2
stibophen_cid16683008,,,stibophen_cid16683008.png,low,low,0.7868693993727981,wrong,,Stibophen,0.518,37,45,wrong,wrong,,False,False,False,False,0.518,False,False,16,6,,O.O.[Na+],,O.O.O.O=S(=O)([O-])c1cc2c(c(S(=O)(=O)[O-])c1)O*(Oc1cc(S(=O)(=O)O)cc(S(=O)(=O)[O-])c1[O-])O2.[Na+].[Na+] |$;;;;;;;;;;;;;;;;;;Bp;;;;;;;;;;;;;;;;;;;$|
stop_cid24550,,,stop_cid24550.png,low,low,0.646349985230425,exact,Stop,Stop,1.0,3,3,exact,exact,Stop,False,False,False,False,1.0,True,True,0,1,,,,[F][Sn][F] |^2:1|
succinylcholine_chloride_cid22475,,,succinylcholine_chloride_cid22475.png,high,high,0.8612245721947636,exact,Succinylcholine Chloride,Succinylcholine Chloride,1.0,22,22,exact,exact,Succinylcholine Chloride,False,False,False,False,1.0,True,True,0,3,,[Cl-],,C[N+](C)(C)CCOC(=O)CCC(=O)OCC[N+](C)(C)C.[Cl-].[Cl-]
sulfasalazine_cid5339,,,sulfasalazine_cid5339.png,high,high,0.8582454333839333,stereo,Sulfasalazine,Sulfasalazine,1.0,28,28,stereo,stereo,Sulfasalazine,False,False,False,False,1.0,True,True,0,1,,,,O=C(O)c1cc(/N=N/c2ccc(S(=O)(=O)Nc3ccccn3)cc2)ccc1O
sulfinpyrazone_cid5342,,,sulfinpyrazone_cid5342.png,high,high,0.8726473475497948,exact,Sulfinpyrazone,Sulfinpyrazone,1.0,29,29,exact,exact,Sulfinpyrazone,False,False,False,False,1.0,True,True,0,1,,,,O=C1C(CCS(=O)c2ccccc2)C(=O)N(c2ccccc2)N1c1ccccc1
sutezolid_cid465951,,,sutezolid_cid465951.png,high,high,0.8961579858990402,exact,Sutezolid,Sutezolid,1.0,24,24,exact,exact,Sutezolid,False,False,False,False,1.0,True,True,0,1,,,,CC(=O)NC[C@H]1CN(c2ccc(N3CCSCC3)c(F)c2)C(=O)O1
suvorexant_cid24965990,,,suvorexant_cid24965990.png,high,high,0.8770477831839963,exact,Suvorexant,Suvorexant,1.0,32,32,exact,exact,Suvorexant,False,False,False,False,1.0,True,True,0,1,,,,Cc1ccc(-n2nccn2)c(C(=O)N2CCN(c3nc4cc(Cl)ccc4o3)CC[C@H]2C)c1
suzetrigine_cid156445116,,,suzetrigine_cid156445116.png,high,high,0.874683234313034,exact,Suzetrigine,Suzetrigine,1.0,33,33,exact,exact,Suzetrigine,False,False,False,False,1.0,True,True,0,1,,,,COc1c([C@H]2[C@H](C(=O)Nc3ccnc(C(N)=O)c3)O[C@@](C)(C(F)(F)F)[C@H]2C)ccc(F)c1F
taurine_cid1123,,,taurine_cid1123.png,low,low,0.842188912506311,exact,Taurine,Taurine,1.0,7,7,exact,exact,Taurine,False,False,False,False,1.0,True,True,0,1,,,,NCCS(=O)(=O)O
tazarotene_cid5381,,,tazarotene_cid5381.png,high,high,0.8616050048696422,exact,Tazarotene,Tazarotene,1.0,25,25,exact,exact,Tazarotene,False,False,False,False,1.0,True,True,0,1,,,,CCOC(=O)c1ccc(C#Cc2ccc3c(c2)C(C)(C)CCS3)nc1
tazemetostat_cid66558664,,,tazemetostat_cid66558664.png,high,high,0.8879836268263674,exact,Tazemetostat,Tazemetostat,1.0,42,42,exact,exact,Tazemetostat,False,False,False,False,1.0,True,True,0,1,,,,CCN(c1cc(-c2ccc(CN3CCOCC3)cc2)cc(C(=O)NCc2c(C)cc(C)[nH]c2=O)c1C)C1CCOCC1
tazobactam_cid123630,,,tazobactam_cid123630.png,high,high,0.8703361757841012,exact,Tazobactam,Tazobactam,1.0,20,20,exact,exact,Tazobactam,False,False,False,False,1.0,True,True,0,1,,,,[H][C@@]12CC(=O)N1[C@@H](C(=O)O)[C@](C)(Cn1ccnn1)S2(=O)=O
tecarfarin_cid54718618,,,tecarfarin_cid54718618.png,high,high,0.8569054833680964,exact,Tecarfarin,Tecarfarin,1.0,32,32,exact,exact,Tecarfarin,False,False,False,False,1.0,True,True,0,1,,,,CC(OC(=O)c1ccc(Cc2c(O)c3ccccc3oc2=O)cc1)(C(F)(F)F)C(F)(F)F
tegobuvir_cid23649154,,,tegobuvir_cid23649154.png,high,high,0.8873491349878341,exact,Tegobuvir,Tegobuvir,1.0,37,37,exact,exact,Tegobuvir,False,False,False,False,1.0,True,True,0,1,,,,Fc1ccccc1-c1nc2ccn(Cc3ccc(-c4ccc(C(F)(F)F)cc4C(F)(F)F)nn3)cc-2n1
telratolimod_cid56833311,,,telratolimod_cid56833311.png,low,low,0.8425172707124312,wrong,,Telratolimod,0.405,43,43,wrong,wrong,,False,False,False,False,0.405,False,False,6,1,,,,CCCCCCCCCCCCCCCCCC(=O)NCCCC[O][W]1[C](CCCC)=[W][C]2=[C]1c1cccc[c]1[W]=[C]2N
temurtide_cid76972485,,,temurtide_cid76972485.png,high,high,0.8828760292429255,exact,Temurtide,Temurtide,1.0,36,36,exact,exact,Temurtide,False,False,False,False,1.0,True,True,0,1,,,,CC(=O)N[C@@H](C=O)[C@@H](O[C@H](C)C(=O)N[C@H](C(=O)N[C@H](CCC(=O)O)C(N)=O)[C@@H](C)O)[C@H](O)[C@H](O)CO
tenatoprazole_cid636411,,,tenatoprazole_cid636411.png,low,low,0.8388775326791402,exact,Tenatoprazole,Tenatoprazole,1.0,24,24,exact,exact,Tenatoprazole,False,False,False,False,1.0,True,True,0,1,,,,COc1ccc2[nH]c(S(=O)Cc3ncc(C)c(OC)c3C)nc2n1
terlipressin_cid72081,,,terlipressin_cid72081.png,low,low,0.3014090978508198,wrong,,Terlipressin,0.659,82,85,wrong,wrong,,False,False,False,False,0.659,False,False,17,1,,,,*C(=O)C[C@@H]1NC(=O)[C@H](CC[C](=O)[W])NC(=O)[C@H](Cc2ccccc2)NC(=O)[C@H](Cc2ccc(O)cc2)NC(=O)[C@@H](NC(=O)CNC(=O)C*C(=O)C[18H])CSCC[C@@H](C(=O)N2CCC[C@H]2C(=O)N[C@@H](CCCCN)C(=O)NC[C](=O)[W])NC1=O |$18HN;;;;;;;;;;;;;;;;;;;;;;;;;;;;;;;;;;;;;;;;;;;;;;;;;M;;;;;;;;;;;;;;;;;;;;;;;;;;;;;;;;;;;$|
terodiline_cid23480,,,terodiline_cid23480.png,high,high,0.8657007989832164,exact,Terodiline,Terodiline,1.0,21,21,exact,exact,Terodiline,False,False,False,False,1.0,True,True,0,1,,,,CC(CC(c1ccccc1)c1ccccc1)NC(C)(C)C
tertatolol_cid36920,,,tertatolol_cid36920.png,high,high,0.8558215398038358,exact,Tertatolol,Tertatolol,1.0,20,20,exact,exact,Tertatolol,False,False,False,False,1.0,True,True,0,1,,,,CC(C)(C)NCC(O)COc1cccc2c1SCCC2
thebaine_cid5324289,,,thebaine_cid5324289.png,low,low,0.4398266209480041,invalid,,,,,,invalid,invalid,,False,False,False,False,,False,,,,,,,[H]C12OC3=C(OC)C=CC4=C3C13CC1N(C)C1([H])(C4)C3=CC=C2OC
thiocillin_cid5282053,,,thiocillin_cid5282053.png,low,low,0.4046319676538835,wrong,,Thiocillin,0.728,76,76,wrong,wrong,,False,False,False,False,0.728,False,False,6,1,,,,C/C=C(\NC(=O)c1csc(-c2csc(-c3ccc4c(n3)-c3coc(n3)[C@H](C(C)C)NC(=O)C3=CCC(=N3)[C@@H](C(C)C)NC(=O)c3csc(n3)/C(=C/C)NC(=O)[C@H]([C@@H](C)O)NC(=O)c3csc-4n3)n2)n1)C(=O)NC[C@H](C)O
thiothixene_cid941651,,,thiothixene_cid941651.png,high,high,0.8650287323647096,exact,Thiothixene,Thiothixene,1.0,30,30,exact,exact,Thiothixene,False,False,False,False,1.0,True,True,0,1,,,,CN1CCN(CC/C=C2/c3ccccc3Sc3ccc(S(=O)(=O)N(C)C)cc32)CC1
tiapride_cid5467,,,tiapride_cid5467.png,high,high,0.8710543979894435,exact,Tiapride,Tiapride,1.0,22,22,exact,exact,Tiapride,False,False,False,False,1.0,True,True,0,1,,,,CCN(CC)CCNC(=O)c1cc(S(C)(=O)=O)ccc1OC
tilidine_cid30131,,,tilidine_cid30131.png,high,high,0.861355849158728,exact,Tilidine,Tilidine,1.0,20,20,exact,exact,Tilidine,False,False,False,False,1.0,True,True,0,1,,,,CCOC(=O)[C@]1(c2ccccc2)CCC=C[C@H]1N(C)C
tiopronin_cid5483,,,tiopronin_cid5483.png,high,high,0.8633632056448112,exact,Tiopronin,Tiopronin,1.0,10,10,exact,exact,Tiopronin,False,False,False,False,1.0,True,True,0,1,,,,CC(S)C(=O)NCC(=O)O
tipifarnib_cid159324,,,tipifarnib_cid159324.png,high,high,0.8518114044235813,exact,Tipifarnib,Tipifarnib,1.0,34,34,exact,exact,Tipifarnib,False,False,False,False,1.0,True,True,0,1,,,,Cn1cncc1[C@@](N)(c1ccc(Cl)cc1)c1ccc2c(c1)c(-c1cccc(Cl)c1)cc(=O)n2C
tirapazamine_cid135413511,,,tirapazamine_cid135413511.png,low,low,0.7646973307779972,exact,Tirapazamine,Tirapazamine,1.0,13,13,exact,exact,Tirapazamine,False,False,False,False,1.0,True,True,0,1,,,,Nc1n[n+]([O-])c2ccccc2[n+]1[O-]
tirbanibulin_cid23635314,,,tirbanibulin_cid23635314.png,high,high,0.872065878527392,exact,Tirbanibulin,Tirbanibulin,1.0,32,32,exact,exact,Tirbanibulin,False,False,False,False,1.0,True,True,0,1,,,,O=C(Cc1ccc(-c2ccc(OCCN3CCOCC3)cc2)cn1)NCc1ccccc1
tixocortol_pivalate_cid15052414,,,tixocortol_pivalate_cid15052414.png,low,low,0.8384604262351765,exact,Tixocortol Pivalate,Tixocortol Pivalate,1.0,32,32,exact,exact,Tixocortol Pivalate,False,False,False,False,1.0,True,True,0,1,,,,[H][C@@]12CC[C@](O)(C(=O)CSC(=O)C(C)(C)C)[C@@]1(C)C[C@H](O)[C@@]1([H])[C@@]2([H])CCC2=CC(=O)CC[C@@]21C
tolfenamic_acid_cid610479,,,tolfenamic_acid_cid610479.png,high,high,0.8763456862814799,exact,Tolfenamic Acid,Tolfenamic Acid,1.0,18,18,exact,exact,Tolfenamic Acid,False,False,False,False,1.0,True,True,0,1,,,,Cc1c(Cl)cccc1Nc1ccccc1C(=O)O
tolnaftate_cid5510,,,tolnaftate_cid5510.png,low,low,0.8349200399731408,exact,Tolnaftate,Tolnaftate,1.0,22,22,exact,exact,Tolnaftate,False,False,False,False,1.0,True,True,0,1,,,,Cc1cccc(N(C)C(=S)Oc2ccc3ccccc3c2)c1
tomatine_cid28523,,,tomatine_cid28523.png,low,low,0.3000107850606563,wrong,,Tomatine,0.488,79,72,wrong,wrong,,False,False,False,False,0.488,False,False,16,2,,,,"[H][C@@]12CC[C@]3(C)[C@]([H])(CCC4[C@@]5([H])[C@H](C)C6([CH]CC(C)CC6)O[C@@]5([H])C[C@]43[H])[C@@]1(C)CC[C@H](O[C@@H]1O[C@H](CO)[C@H](O[C@@H]3O[C@H](CO)C(O)(O)[C@H](O[C@@H]4OC[C@@H](O)[C@H](O)[C@H]4O)[C@H]3O[C@@H]3O[C@H](CO)[C@@H](O)[C@H](O)[C@H]3O)[C@H](O)[C@H]1O)C2.[H][C](O)[C@H](O)CO |^1:16,79|"
torcetrapib_cid159325,,,torcetrapib_cid159325.png,high,high,0.8535535598035042,exact,Torcetrapib,Torcetrapib,1.0,41,41,exact,exact,Torcetrapib,False,False,False,False,1.0,True,True,0,1,,,,CCOC(=O)N1c2ccc(C(F)(F)F)cc2[C@@H](N(Cc2cc(C(F)(F)F)cc(C(F)(F)F)c2)C(=O)OC)C[C@H]1CC
toremifene_cid3005573,,,toremifene_cid3005573.png,high,high,0.8901262015751671,exact,Toremifene,Toremifene,1.0,29,29,exact,exact,Toremifene,False,False,False,False,1.0,True,True,0,1,,,,CN(C)CCOc1ccc(/C(=C(/CCCl)c2ccccc2)c2ccccc2)cc1
trans_diamminedichloroplatinum_cid441203,,,trans_diamminedichloroplatinum_cid441203.png,high,high,0.8519841048244892,exact,trans-Diamminedichloroplatinum,trans-Diamminedichloroplatinum,1.0,5,5,exact,exact,trans-Diamminedichloroplatinum,False,False,False,False,1.0,True,True,0,3,,N,,N.N.[Cl][Pt+2][Cl]
trapidil_cid5531,,,trapidil_cid5531.png,high,high,0.8836265083834586,exact,Trapidil,Trapidil,1.0,15,15,exact,exact,Trapidil,False,False,False,False,1.0,True,True,0,1,,,,CCN(CC)c1cc(C)nc2ncnn12
tribendimidine_cid3086564,,,tribendimidine_cid3086564.png,low,low,0.8302672557687294,stereo,Tribendimidine,Tribendimidine,1.0,34,34,stereo,stereo,Tribendimidine,False,False,False,False,1.0,True,True,0,1,,,,C/C(=N/c1ccc(/N=C/c2ccc(/C=N/c3ccc(/N=C(/C)N(C)C)cc3)cc2)cc1)N(C)C
trichlorfon_cid5853,,,trichlorfon_cid5853.png,high,high,0.8488287780193379,exact,Trichlorfon,Trichlorfon,1.0,12,12,exact,exact,Trichlorfon,False,False,False,False,1.0,True,True,0,1,,,,COP(=O)(OC)C(O)C(Cl)(Cl)Cl
trichloroethylene_cid6575,,,trichloroethylene_cid6575.png,high,high,0.8800198244188311,exact,Trichloroethylene,Trichloroethylene,1.0,5,5,exact,exact,Trichloroethylene,False,False,False,False,1.0,True,True,0,1,,,,ClC=C(Cl)Cl
triflusal_cid9458,,,triflusal_cid9458.png,high,high,0.8762880003811908,exact,Triflusal,Triflusal,1.0,17,17,exact,exact,Triflusal,False,False,False,False,1.0,True,True,0,1,,,,CC(=O)Oc1cc(C(F)(F)F)ccc1C(=O)O
trimegestone_cid68926,,,trimegestone_cid68926.png,high,high,0.8717399734629558,exact,Trimegestone,Trimegestone,1.0,25,25,exact,exact,Trimegestone,False,False,False,False,1.0,True,True,0,1,,,,[H][C@@]12CC[C@](C)(C(=O)[C@H](C)O)[C@@]1(C)CCC1=C3CCC(=O)C=C3CC[C@]12[H]
trimeprazine_cid5574,,,trimeprazine_cid5574.png,low,low,0.7894261337235967,exact,(+-)-Trimeprazine,(+-)-Trimeprazine,1.0,21,21,exact,exact,(+-)-Trimeprazine,False,False,False,False,1.0,True,True,0,1,,,,CC(CN(C)C)CN1c2ccccc2Sc2ccccc21
tripropeptin_c_cid58960776,,,tripropeptin_c_cid58960776.png,low,low,0.7824477565180717,wrong,,Tripropeptin C,0.842,81,81,wrong,wrong,,False,False,False,False,0.842,False,False,2,1,,,,CC(C)CCCCCCCCCC1CC(=O)NC(C(C)O)C(=O)N2CCCC2C(=O)N2CCCC2C(=O)NC(CC[CH2][W]=[C](N)N)C(=O)NC(C(O)C(=O)O)C(=O)NC(CO)C(=O)N2CCC(O)C2C(=O)NC(C(O)C(=O)O)C(=O)O1
trofosfamide_cid65702,,,trofosfamide_cid65702.png,high,high,0.8527366394198872,exact,Trofosfamide,Trofosfamide,1.0,17,17,exact,exact,Trofosfamide,False,False,False,False,1.0,True,True,0,1,,,,O=P1(N(CCCl)CCCl)OCCCN1CCCl
trospium_chloride_cid5284631,,,trospium_chloride_cid5284631.png,low,low,0.2395646390950071,wrong,,Trospium chloride,0.091,17,30,wrong,wrong,,False,False,False,False,0.091,False,False,20,3,,[Cl-],,[Cl-].[Cl-].[H]C1CCC([H])C2C1C([H])CCC2[N+]1CCCC1 |^1:15|
tryparsamide_cid23665572,,,tryparsamide_cid23665572.png,low,low,0.7315055075193163,exact,Tryparsamide,Tryparsamide,1.0,16,16,exact,exact,Tryparsamide,False,False,False,False,1.0,True,True,0,2,,,,NC(=O)CNc1ccc([As](=O)([O-])O)cc1.[Na+]
tucaresol_cid55223,,,tucaresol_cid55223.png,high,high,0.8668093981793297,exact,Tucaresol,Tucaresol,1.0,20,20,exact,exact,Tucaresol,False,False,False,False,1.0,True,True,0,1,,,,O=Cc1c(O)cccc1OCc1ccc(C(=O)O)cc1
tucidinostat_cid12136798,,,tucidinostat_cid12136798.png,high,high,0.869757810545945,exact,Tucidinostat,Tucidinostat,1.0,29,29,exact,exact,Tucidinostat,False,False,False,False,1.0,True,True,0,1,,,,Nc1cc(F)ccc1NC(=O)c1ccc(CNC(=O)/C=C/c2cccnc2)cc1
umbralisib_cid72950888,,,umbralisib_cid72950888.png,high,high,0.855640773862099,exact,Umbralisib,Umbralisib,1.0,42,42,exact,exact,Umbralisib,False,False,False,False,1.0,True,True,0,1,,,,CC(C)Oc1ccc(-c2nn([C@@H](C)c3oc4ccc(F)cc4c(=O)c3-c3cccc(F)c3)c3ncnc(N)c23)cc1F
uracil_mustard_cid6194,,,uracil_mustard_cid6194.png,low,low,0.8304388728093739,exact,Uracil Mustard,Uracil Mustard,1.0,15,15,exact,exact,Uracil Mustard,False,False,False,False,1.0,True,True,0,1,,,,O=c1[nH]cc(N(CCCl)CCCl)c(=O)[nH]1
urapidil_cid5639,,,urapidil_cid5639.png,high,high,0.8833600397920651,exact,Urapidil,Urapidil,1.0,28,28,exact,exact,Urapidil,False,False,False,False,1.0,True,True,0,1,,,,COc1ccccc1N1CCN(CCCNc2cc(=O)n(C)c(=O)n2C)CC1
valnemulin_cid9850878,,,valnemulin_cid9850878.png,low,low,0.02615689292628254,invalid,,,,,,invalid,invalid,,False,False,False,False,,False,,,,,,,[H]C12C(=O)CCC13456CC21(C)C(C)C(C)(C=C)C3(C)(O)C4237CCC(=O)C125([H])C(C)(C3)C(C)C(C)(C=C)C76(C)O
valrubicin_cid454216,,,valrubicin_cid454216.png,high,high,0.8782475882296865,exact,Valrubicin,Valrubicin,1.0,51,51,exact,exact,Valrubicin,False,False,False,False,1.0,True,True,0,1,,,,CCCCC(=O)OCC(=O)[C@]1(O)Cc2c(O)c3c(c(O)c2[C@@H](O[C@H]2C[C@H](NC(=O)C(F)(F)F)[C@H](O)[C@H](C)O2)C1)C(=O)c1c(OC)cccc1C3=O
vanzacaftor_cid139399801,,,vanzacaftor_cid139399801.png,low,low,0.2385332343349723,invalid,,,,,,invalid,invalid,,False,False,False,False,,False,,,,,,,[H]C12CCCNC3=CC=CC(=N3)S(=O)(=O)NC(=O)C3=C(N=C(N45C=CC(=N4)OCCC46C7(CCOC=N5)C45(CC5)C764CC4)C=C3)N(C1)C(C)(C)C2
vecabrutinib_cid72547837,,,vecabrutinib_cid72547837.png,high,high,0.8590534135046163,exact,Vecabrutinib,Vecabrutinib,1.0,36,36,exact,exact,Vecabrutinib,False,False,False,False,1.0,True,True,0,1,,,,NC(=O)[C@H]1CCN(c2ncnc(N)c2F)C[C@@H]1N1CCC[C@@H](Nc2cc(Cl)cc(C(F)(F)F)c2)C1=O
vecuronium_bromide_cid39764,,,vecuronium_bromide_cid39764.png,low,low,0.8361848445643699,exact,Vecuronium Bromide,Vecuronium Bromide,1.0,41,41,exact,exact,Vecuronium Bromide,False,False,False,False,1.0,True,True,0,2,,,,[Br-].[H][C@@]12CC[C@]3([H])[C@]([H])(CC[C@]4(C)[C@@H](OC(C)=O)[C@@H]([N+]5(C)CCCCC5)C[C@@]34[H])[C@@]1(C)C[C@H](N1CCCCC1)[C@@H](OC(C)=O)C2
vernakalant_hydrochloride_cid9930048,,,vernakalant_hydrochloride_cid9930048.png,low,low,0.8342297384002534,exact,Vernakalant Hydrochloride,Vernakalant Hydrochloride,1.0,26,26,exact,exact,Vernakalant Hydrochloride,False,False,False,False,1.0,True,True,0,2,,,,COc1ccc(CCO[C@@H]2CCCC[C@H]2N2CC[C@@H](O)C2)cc1OC.Cl
vesatolimod_cid46241268,,,vesatolimod_cid46241268.png,high,high,0.8731594725385976,exact,Vesatolimod,Vesatolimod,1.0,30,30,exact,exact,Vesatolimod,False,False,False,False,1.0,True,True,0,1,,,,CCCCOc1nc(N)c2c(n1)N(Cc1cccc(CN3CCCC3)c1)CC(=O)N2
vidofludimus_cid9820008,,,vidofludimus_cid9820008.png,high,high,0.8484224884733567,exact,Vidofludimus,Vidofludimus,1.0,26,26,exact,exact,Vidofludimus,False,False,False,False,1.0,True,True,0,1,,,,COc1cccc(-c2ccc(NC(=O)C3=C(C(=O)O)CCC3)c(F)c2)c1
vigabatrin_cid5665,,,vigabatrin_cid5665.png,low,low,0.8205953998093807,exact,Vigabatrin,Vigabatrin,1.0,9,9,exact,exact,Vigabatrin,False,False,False,False,1.0,True,True,0,1,,,,C=CC(N)CCC(=O)O
vistusertib_cid25262792,,,vistusertib_cid25262792.png,high,high,0.8814782613716259,exact,Vistusertib,Vistusertib,1.0,34,34,exact,exact,Vistusertib,False,False,False,False,1.0,True,True,0,1,,,,CNC(=O)c1cccc(-c2ccc3c(N4CCOC[C@@H]4C)nc(N4CCOC[C@@H]4C)nc3n2)c1
voglibose_cid444020,,,voglibose_cid444020.png,high,high,0.8447694880331007,exact,Voglibose,Voglibose,1.0,18,18,exact,exact,Voglibose,False,False,False,False,1.0,True,True,0,1,,,,OCC(CO)N[C@H]1C[C@](O)(CO)[C@@H](O)[C@H](O)[C@H]1O
volasertib_cid10461508,,,volasertib_cid10461508.png,high,high,0.8460296055854141,exact,Volasertib,Volasertib,1.0,45,45,exact,exact,Volasertib,False,False,False,False,1.0,True,True,0,1,,,,CC[C@@H]1C(=O)N(C)c2cnc(Nc3ccc(C(=O)NC4CCC(N5CCN(CC6CC6)CC5)CC4)cc3OC)nc2N1C(C)C
xanomeline_cid60809,,,xanomeline_cid60809.png,high,high,0.8885163422550029,exact,Xanomeline,Xanomeline,1.0,19,19,exact,exact,Xanomeline,False,False,False,False,1.0,True,True,0,1,,,,CCCCCCOc1nsnc1C1=CCCN(C)C1
xemilofiban_cid60957,,,xemilofiban_cid60957.png,high,high,0.8689714787807036,exact,Xemilofiban,Xemilofiban,1.0,26,26,exact,exact,Xemilofiban,False,False,False,False,1.0,True,True,0,1,,,,C#C[C@H](CC(=O)OCC)NC(=O)CCC(=O)Nc1ccc(C(=N)N)cc1
ximelagatran_cid9574101,,,ximelagatran_cid9574101.png,high,high,0.8538983345438387,exact,Ximelagatran,Ximelagatran,1.0,34,34,exact,exact,Ximelagatran,False,False,False,False,1.0,True,True,0,1,,,,CCOC(=O)CN[C@@H](C(=O)N1CC[C@H]1C(=O)NCc1ccc(/C(N)=N/O)cc1)C1CCCCC1
zandelisib_cid66571003,,,zandelisib_cid66571003.png,low,low,0.8391284578996309,exact,Zandelisib,Zandelisib,1.0,42,42,exact,exact,Zandelisib,False,False,False,False,1.0,True,True,0,1,,,,CN1CCC(c2ccccc2CC(C)(C)Nc2nc(N3CCOCC3)nc(-n3c(C(F)F)nc4ccccc43)n2)CC1
zb_716_cid126480615,,,zb_716_cid126480615.png,low,low,0.8199839638195803,invalid,,,,,,invalid,invalid,,False,False,False,False,,False,,,,,,,[H]C12CCC3(C)C(O)CCC3([H])C1([H])C(CCCCCCCCCN(=O)CCCC(F)(F)C(F)(F)F)CC1=C2C=CC(B(O)O)=C1
zeranol_cid2999413,,,zeranol_cid2999413.png,high,high,0.8850879543590482,exact,Zeranol,Zeranol,1.0,23,23,exact,exact,Zeranol,False,False,False,False,1.0,True,True,0,1,,,,C[C@H]1CCC[C@H](O)CCCCCc2cc(O)cc(O)c2C(=O)O1
zoldonrasib_cid168201327,,,zoldonrasib_cid168201327.png,low,low,0.1373591335571268,invalid,,,,,,invalid,invalid,,False,False,False,False,,False,,,,,,,CCN(CC1(C)CCN(C(=O)[CH]C2CC2)C1)C(C(=O)NCCC1CCCNC1)C1CCCC1.COC(C)C1=C(C2=C3CC(C)(C)COC(=O)C45CCCN6(C7=O=C7CC7CCCN(C7)C7=CC3=C(C=C7)N2CC(F)(F)F)C4C56)C=C(C2CCC(C3CC3)CC2)C=C1
zuclopenthixol_cid5311507,,,zuclopenthixol_cid5311507.png,high,high,0.8511477565186026,exact,Zuclopenthixol,Zuclopenthixol,1.0,27,27,exact,exact,Zuclopenthixol,False,False,False,False,1.0,True,True,0,1,,,,OCCN1CCN(CC/C=C2/c3ccccc3Sc3ccc(Cl)cc32)CC1
