group,figure,segment,file_name,tier,tier_by_threshold,confidence,verdict,matched_name,closest_name,closest_tanimoto,pred_heavy,closest_heavy,grade,grade_largest,graded_match,decoded,dephantom,dedup,largest,best_tanimoto,skeleton_match,formula_match,elem_delta,n_fragments,phantom_frags,duplicate_frags,dropped_by_largest,smiles
1_2_2_difluoro_1_3_benzodioxol_5_yl_n_1_2r_2_3_dihydroxyprop_cid46199646,,,1_2_2_difluoro_1_3_benzodioxol_5_yl_n_1_2r_2_3_dihydroxyprop_cid46199646.png,high,high,0.8786434166675303,wrong,,"1-(2,2-Difluoro-1,3-benzodioxol-5-yl)-N-(1-((2R)-2,3-dihydroxypropyl)-6-fluoro-2-(2-hydroxy-1,1-dimethylethyl)-1H-indol-5-yl)cyclopropanecarboxamide",0.971,37,37,exact,exact,"1-(2,2-Difluoro-1,3-benzodioxol-5-yl)-N-(1-((2R)-2,3-dihydroxypropyl)-6-fluoro-2-(2-hydroxy-1,1-dimethylethyl)-1H-indol-5-yl)cyclopropanecarboxamide",False,True,False,False,1.0,False,False,3,3,[HH].[H],,,CC(C)(CO)c1cc2cc(NC(=O)C3(c4ccc5c(c4)OC(F)(F)O5)CC3)c(F)cc2n1C[C@@H](O)CO.[HH].[H] |^1:38|
2_3_cyclic_guanosine_monophosphate_adenosine_monophosphate_cid135564529,,,2_3_cyclic_guanosine_monophosphate_adenosine_monophosphate_cid135564529.png,low,low,0.460525346539883,invalid,,,,,,invalid,invalid,,False,False,False,False,,False,,,,,,,[H].[H].[H].[H].[H].[H]NC1=NC2=C(C(=O)N1)N1=CN2C2OC3([H])COP(=O)(O[H])OC4([H])C(O[H])C(N5C=NC6=C(N)N=CN=C65)OC4([H])C=1(=NC)OP(=O)(O[H])OC2([H])C3O[H]
2_deoxy_4_c_ethynyl_2_fluoroadenosine_cid6483431,,,2_deoxy_4_c_ethynyl_2_fluoroadenosine_cid6483431.png,high,high,0.8596374175124555,wrong,,2'-Deoxy-4'-C-ethynyl-2-fluoroadenosine,1.0,21,21,exact,exact,2'-Deoxy-4'-C-ethynyl-2-fluoroadenosine,False,True,False,False,1.0,False,False,2,3,[H].[H],,,"[H].[H].[H]Nc1nc(F)nc2c1ncn2[C@H]1C[C@H](O[H])[C@@](C#C)(CO)O1 |^1:0,1|"
2_naphthacenecarboxamide_4_dimethylamino_1_4_4a_5_5a_6_11_12_cid54704426,,,2_naphthacenecarboxamide_4_dimethylamino_1_4_4a_5_5a_6_11_12_cid54704426.png,high,high,0.858276112679119,wrong,,"2-Naphthacenecarboxamide, 4-(dimethylamino)-1,4,4a,5,5a,6,11,12a-octahydro-3,6,10,12,12a-pentahydroxy-6-methyl-1,11-dioxo-, hydrochloride (1:1), (4S,4aS,5aS,6S,12aS)-",0.983,33,33,exact,exact,"2-Naphthacenecarboxamide, 4-(dimethylamino)-1,4,4a,5,5a,6,11,12a-octahydro-3,6,10,12,12a-pentahydroxy-6-methyl-1,11-dioxo-, hydrochloride (1:1), (4S,4aS,5aS,6S,12aS)-",False,True,False,False,1.0,False,False,3,5,[H].[H].[H],,,"[H].[H].[H].[H]Cl.[H]NC(=O)C1=C(O[H])[C@@]2(O)C(=O)C3=C(O)c4c(O)cccc4[C@@](C)(O)[C@@]3([H])C[C@@]2([H])[C@H](N(C)C)C1=O |^1:0,1,2|"
3_4_diaminopyridine_cid5918,,,3_4_diaminopyridine_cid5918.png,high,high,0.8730923023906566,exact,"3,4-Diaminopyridine","3,4-Diaminopyridine",1.0,8,8,exact,exact,"3,4-Diaminopyridine",False,False,False,False,1.0,True,True,0,1,,,,[H]Nc1cnccc1N([H])[H]
4_dimethylamino_phenol_cid22174,,,4_dimethylamino_phenol_cid22174.png,high,high,0.8981555019867684,exact,4-(Dimethylamino)phenol,4-(Dimethylamino)phenol,1.0,10,10,exact,exact,4-(Dimethylamino)phenol,False,False,False,False,1.0,True,True,0,1,,,,CN(C)c1ccc(O)cc1
4_methoxyphenol_cid9015,,,4_methoxyphenol_cid9015.png,high,high,0.8660146900060612,wrong,,4-Methoxyphenol,0.941,9,9,exact,exact,4-Methoxyphenol,False,True,False,False,1.0,False,False,2,2,[HH],,,COc1ccc(O)cc1.[HH]
4_methylpyrazole_cid3406,,,4_methylpyrazole_cid3406.png,high,high,0.8803170442356874,exact,4-Methylpyrazole,4-Methylpyrazole,1.0,6,6,exact,exact,4-Methylpyrazole,False,False,False,False,1.0,True,True,0,1,,,,[H]n1cc(C)cn1
5_aza_2_deoxycytidine_cid451668,,,5_aza_2_deoxycytidine_cid451668.png,high,high,0.8448985586438938,exact,5-Aza-2'-deoxycytidine,5-Aza-2'-deoxycytidine,1.0,16,16,exact,exact,5-Aza-2'-deoxycytidine,False,False,False,False,1.0,True,True,0,1,,,,[H]Nc1ncn([C@H]2C[C@H](O[H])[C@@H](CO)O2)c(=O)n1
6_2_5_dioxo_2_5_dihydro_1h_pyrrol_1_yl_n_s_1_s_1_4_s_7_metho_cid89396500,,,6_2_5_dioxo_2_5_dihydro_1h_pyrrol_1_yl_n_s_1_s_1_4_s_7_metho_cid89396500.png,low,low,1.466977100864201e-05,invalid,,,,,,invalid,invalid,,False,False,False,False,,False,,,,,,,*C1=C(CCCCCC(C)C(=O)C([CH]NC(C)[CH]2(C)(C)C3=C45=C2(N3)C=423=C(C=C(C(=C)C=C4C=CC6=CC789=C(CCCCNC%10C=C%11C=CC(*)(CCC%12=CC=C(OC)C=C%12)[CH]%12%13C=C(C%14=CC=C(CC)C=C%14)CC%12(*)C=CC%12=CC(=C%10(NC)C=C%12%11C%13*)NCCCN7)C=8C7=C68(C=C9CC)C4=C78)C=C2)C=35)C(C)C)CC=C1.O |$Bu;;;;;;;;;;;;;;;;;;;;;;;;;;;;;;;;;;;;;;;;;;;;;;;;;Bu;;;;;;;;;;;;;;;;;;;;;;;;Bu;;;;;;;;;;;;iBu;;;;;;;;;;;;;;;;;;;;;;;;$|
7_ethyl_10_hydroxycamptothecin_cid104842,,,7_ethyl_10_hydroxycamptothecin_cid104842.png,high,high,0.8847852230768732,exact,7-Ethyl-10-Hydroxycamptothecin,7-Ethyl-10-Hydroxycamptothecin,1.0,29,29,exact,exact,7-Ethyl-10-Hydroxycamptothecin,False,False,False,False,1.0,True,True,0,1,,,,[H]Oc1ccc2nc3c(c(CC)c2c1)Cn1c-3cc2c(c1=O)COC(=O)[C@]2(O)CC
8_methoxypsoralen_cid4114,,,8_methoxypsoralen_cid4114.png,high,high,0.9081753066510622,exact,8-Methoxypsoralen,8-Methoxypsoralen,1.0,16,16,exact,exact,8-Methoxypsoralen,False,False,False,False,1.0,True,True,0,1,,,,COc1c2occc2cc2ccc(=O)oc12
abacavir_sulfate_cid441384,,,abacavir_sulfate_cid441384.png,low,low,0.6826222514953023,wrong,,Abacavir Sulfate,0.981,47,47,stereo,stereo,Abacavir Sulfate,False,True,False,False,1.0,False,False,4,7,[H].[H].[H].[H],,,"Nc1nc(NC2CC2)c2ncn([C@@H]3C=C[C@@H](CO)C3)c2n1.Nc1nc(NC2CC2)c2ncn([C@H]3C=C[C@@H](CO)C3)c2n1.O=S(=O)(O)O.[H].[H].[H].[H] |^1:47,48,49,50|"
abarelix_cid16131215,,,abarelix_cid16131215.png,low,low,0.01015963744255632,invalid,,,,,,invalid,invalid,,False,False,False,False,,False,,,,,,,[H]NC(=O)CC(NC(=O)C(CC1=CC=C(O)C=C1)N1COC(O)C(NC(=O)C(CC2=CN=CC=C2)NC(=O)C(CC2=CC=C(Cl)C=C2)NC(=O)C(CC2=CC3=CC=CC=C3C=C2)NC(C)=O)C1=O)C(=O)NC(CC(C)C)C(=O)N[CH](CCCC)(CCCC[NH2+]CC)C(=O)N1CCCC1C(=O)NC(C)C(=O)N[H]
abiraterone_cid132971,,,abiraterone_cid132971.png,low,low,0.8279620210104257,exact,Abiraterone,Abiraterone,1.0,26,26,exact,exact,Abiraterone,False,False,False,False,1.0,True,True,0,1,,,,[H][C@@]12CC=C3C[C@@H](O)CC[C@]3(C)[C@@]1([H])CC[C@]1(C)C(c3cccnc3)=CC[C@@]21[H]
abt_263_cid24978538,,,abt_263_cid24978538.png,low,low,0.8285184806744039,wrong,,Abt 263,0.711,63,65,wrong,wrong,,False,False,False,False,0.711,False,False,5,2,,,,CC1(C)CCC(c2ccc(Cl)cc2)=C(CN2CCN(c3ccc(C(=O)NO)cc3)CC2)C1.OSc1ccc(N[C@@H](CCN2CCOCC2)CSc2ccccc2)c(SC(O)(F)F)c1
acamprosate_cid71158,,,acamprosate_cid71158.png,high,high,0.8625461538752378,exact,Acamprosate,Acamprosate,1.0,11,11,exact,exact,Acamprosate,False,False,False,False,1.0,True,True,0,1,,,,[H]OS(=O)(=O)CCCN([H])C(C)=O
acenocoumarol_cid54676537,,,acenocoumarol_cid54676537.png,high,high,0.904839981284057,exact,Acenocoumarol,Acenocoumarol,1.0,26,26,exact,exact,Acenocoumarol,False,False,False,False,1.0,True,True,0,1,,,,CC(=O)CC(c1ccc([N+](=O)[O-])cc1)c1c(O)c2ccccc2oc1=O
acetohydroxamic_acid_cid1990,,,acetohydroxamic_acid_cid1990.png,high,high,0.8822224043126285,exact,Acetohydroxamic Acid,Acetohydroxamic Acid,1.0,5,5,exact,exact,Acetohydroxamic Acid,False,False,False,False,1.0,True,True,0,1,,,,[H]ON([H])C(C)=O
acetylcholine_cid187,,,acetylcholine_cid187.png,high,high,0.8757094945841388,exact,Acetylcholine,Acetylcholine,1.0,10,10,exact,exact,Acetylcholine,False,False,False,False,1.0,True,True,0,1,,,,CC(=O)OCC[N+](C)(C)C
afamelanotide_cid16197727,,,afamelanotide_cid16197727.png,low,low,4.554829078856759e-09,invalid,,,,,,invalid,invalid,,False,False,False,False,,False,,,,,,,CCCC[CH]CNC(N)CN[CH]CN[CH]CN[CH]CNC1C2=O=C(NCCN[CH]34567C89%10=O=C(=O)(NC(CC%11CN%12CCC%12N%11)C(=O)NC(C(N)=O)C(C)C)[CH]83%11%12%13%14%15(NCCN2)C23C%118%16C24%12%11C85%1324N9C%1026%14C3%16%1147%15)C(C)C1C1=CNC2=CC=CC=C21.CCCC[CH]NC(=O)C(CO)NC(=O)C(CC1=CC=C(O)C=C1)NC(=O)C(CO)NC(C)=O
afatinib_cid10184653,,,afatinib_cid10184653.png,high,high,0.9063956438928731,exact,Afatinib,Afatinib,1.0,34,34,exact,exact,Afatinib,False,False,False,False,1.0,True,True,0,1,,,,[H]/C(CN(C)C)=C(/[H])C(=O)Nc1cc2c(Nc3ccc(F)c(Cl)c3)ncnc2cc1O[C@H]1CCOC1
aficamten_cid139331495,,,aficamten_cid139331495.png,high,high,0.9106689509118907,exact,Aficamten,Aficamten,1.0,25,25,exact,exact,Aficamten,False,False,False,False,1.0,True,True,0,1,,,,CCc1nc(-c2ccc3c(c2)CC[C@H]3NC(=O)c2cnn(C)c2)no1
agomelatine_cid82148,,,agomelatine_cid82148.png,high,high,0.9150265098106383,exact,Agomelatine,Agomelatine,1.0,18,18,exact,exact,Agomelatine,False,False,False,False,1.0,True,True,0,1,,,,[H]N(CCc1cccc2ccc(OC)cc12)C(C)=O
albendazole_cid2082,,,albendazole_cid2082.png,high,high,0.883727226750275,exact,Albendazole,Albendazole,1.0,18,18,exact,exact,Albendazole,False,False,False,False,1.0,True,True,0,1,,,,CCCSc1ccc2nc(NC(=O)OC)[nH]c2c1
alflutinib_cid118861389,,,alflutinib_cid118861389.png,high,high,0.9005584957137813,exact,Alflutinib,Alflutinib,1.0,41,41,exact,exact,Alflutinib,False,False,False,False,1.0,True,True,0,1,,,,C=CC(=O)Nc1cc(Nc2nccc(-c3cn(C)c4ccccc34)n2)c(OCC(F)(F)F)nc1N(C)CCN(C)C
almitrine_cid33887,,,almitrine_cid33887.png,high,high,0.9177345431788178,exact,Almitrine,Almitrine,1.0,35,35,exact,exact,Almitrine,False,False,False,False,1.0,True,True,0,1,,,,C=CCNc1nc(NCC=C)nc(N2CCN(C(c3ccc(F)cc3)c3ccc(F)cc3)CC2)n1
alpelisib_cid56649450,,,alpelisib_cid56649450.png,high,high,0.9010863093481006,wrong,,Alpelisib,0.984,30,30,exact,exact,Alpelisib,False,True,False,False,1.0,False,False,2,3,[H].[H],,,"Cc1nc(NC(=O)N2CCC[C@H]2C(N)=O)sc1-c1ccnc(C(C)(C)C(F)(F)F)c1.[H].[H] |^1:30,31|"
alpha_amanitin_cid9543442,,,alpha_amanitin_cid9543442.png,low,low,0.03041031960457284,invalid,,,,,,invalid,invalid,,False,False,False,False,,False,,,,,,,[H]NC(=O)CC1NC(=O)(=O)C2([H])CS([O-])C3=C(C4=C(C=C(O)C=C4)N3)C3C([H])([H])C4(=O)NC5CC5(=O)NC([H])(C(C)CC)(NC(=O)CNC(=O)C34([H])NC(=O)C([H])([CH](C)(C)C(O)CO)N([H])CC3([H])CC(O)CN3C1=O)C(=O)NCC(=O)N2
alprostadil_cid5280723,,,alprostadil_cid5280723.png,high,high,0.8784143668999608,wrong,,Alprostadil,1.0,25,25,exact,exact,Alprostadil,False,True,False,False,1.0,False,False,1,2,[H],,,[H].[H]/C(=C(/[H])[C@@H](O)CCCCC)[C@H]1[C@H](O)CC(=O)[C@@H]1CCCCCCC(=O)O |^1:0|
alvimopan_cid5488548,,,alvimopan_cid5488548.png,high,high,0.8907100552497548,wrong,,Alvimopan,0.983,31,31,exact,exact,Alvimopan,False,True,False,False,1.0,False,False,2,3,[H].[H],,,"C[C@H]1CN(C[C@H](Cc2ccccc2)C(=O)NCC(=O)O)CC[C@@]1(C)c1cccc(O)c1.[H].[H] |^1:31,32|"
ambrisentan_cid6918493,,,ambrisentan_cid6918493.png,high,high,0.8956405911367636,exact,Ambrisentan,Ambrisentan,1.0,28,28,exact,exact,Ambrisentan,False,False,False,False,1.0,True,True,0,1,,,,COC(c1ccccc1)(c1ccccc1)[C@H](Oc1nc(C)cc(C)n1)C(=O)O
amisulpride_cid2159,,,amisulpride_cid2159.png,high,high,0.9037314772882006,exact,Amisulpride,Amisulpride,1.0,25,25,exact,exact,Amisulpride,False,False,False,False,1.0,True,True,0,1,,,,[H]Nc1cc(OC)c(C(=O)NCC2CCCN2CC)cc1S(=O)(=O)CC
anacetrapib_cid11556427,,,anacetrapib_cid11556427.png,high,high,0.9007958143523559,exact,Anacetrapib,Anacetrapib,1.0,44,44,exact,exact,Anacetrapib,False,False,False,False,1.0,True,True,0,1,,,,COc1cc(F)c(C(C)C)cc1-c1ccc(C(F)(F)F)cc1CN1C(=O)O[C@H](c2cc(C(F)(F)F)cc(C(F)(F)F)c2)[C@@H]1C
anagliptin_cid44513473,,,anagliptin_cid44513473.png,high,high,0.8891302265163369,exact,Anagliptin,Anagliptin,1.0,28,28,exact,exact,Anagliptin,False,False,False,False,1.0,True,True,0,1,,,,Cc1cc2ncc(C(=O)NCC(C)(C)NCC(=O)N3CCC[C@H]3C#N)cn2n1
apalutamide_cid24872560,,,apalutamide_cid24872560.png,high,high,0.9004061116677063,exact,Apalutamide,Apalutamide,1.0,33,33,exact,exact,Apalutamide,False,False,False,False,1.0,True,True,0,1,,,,CNC(=O)c1ccc(N2C(=S)N(c3cnc(C#N)c(C(F)(F)F)c3)C(=O)C23CCC3)cc1F
aprepitant_cid135413536,,,aprepitant_cid135413536.png,high,high,0.8665529754199603,exact,Aprepitant,Aprepitant,1.0,37,37,exact,exact,Aprepitant,False,False,False,False,1.0,True,True,0,1,,,,C[C@@H](O[C@H]1OCCN(Cc2n[nH]c(=O)[nH]2)[C@H]1c1ccc(F)cc1)c1cc(C(F)(F)F)cc(C(F)(F)F)c1
artemisone_cid11531457,,,artemisone_cid11531457.png,low,low,0.8154605465738313,stereo,Artemisone,Artemisone,1.0,27,27,stereo,stereo,Artemisone,False,False,False,False,1.0,True,True,0,1,,,,[H][C@]12O[C@@H](N3CCS(=O)(=O)CC3)[C@H](C)[C@@]3([H])CC[C@@H](C)[C@@]4([H])CC[C@@](C)(OO[C@]143)O2
asciminib_cid72165228,,,asciminib_cid72165228.png,high,high,0.8993959568725781,wrong,,Asciminib,1.0,31,31,exact,exact,Asciminib,False,True,False,False,1.0,False,False,1,2,[H],,,O=C(Nc1ccc(OC(F)(F)Cl)cc1)c1cnc(N2CC[C@@H](O)C2)c(-c2ccn[nH]2)c1.[H] |^1:31|
atomoxetine_hydrochloride_cid54840,,,atomoxetine_hydrochloride_cid54840.png,high,high,0.8935116952547687,exact,Atomoxetine Hydrochloride,Atomoxetine Hydrochloride,1.0,20,20,exact,exact,Atomoxetine Hydrochloride,False,False,False,False,1.0,True,True,0,2,,,,CNCC[C@@H](Oc1ccccc1C)c1ccccc1.[H]Cl
atracurium_besylate_cid47320,,,atracurium_besylate_cid47320.png,low,low,0.05893141514672211,invalid,,,,,,invalid,invalid,,False,False,False,False,,False,,,,,,,CC[N+](C)(CCC1=CC(OC)=C(OC)C=C1CCC1=CC(OC)=C(OC)C=C1)CC(=O)OCCCCCOC1(=O)=O=C(OCCCCCOC(=O)CC[N+](C)(C)CC2=CC=C(OC)C(OC)=C2)=CC[N+]2(C)C(CC3=CC(OC)=CC=C3)C3=C4=C56=CC(OC)=C(OC)C=C5CC[N+](C)(CC1)(C6CC1=CC(OC)=C(OC)C=C1)C2CC3=CC(OC)=C4OC
aurothioglucose_cid6104,,,aurothioglucose_cid6104.png,low,low,0.4696838301318492,wrong,,Aurothioglucose,0.467,13,13,wrong,wrong,,False,False,False,False,0.467,False,True,0,1,,,,[H]OC[C@H]1O[C@H]([S-][Au+])[C@H](O[H])[C@@H](O)[C@@H]1O[H] |C:6.6|
avacopan_cid49841217,,,avacopan_cid49841217.png,high,high,0.9163049780725373,exact,Avacopan,Avacopan,1.0,42,42,exact,exact,Avacopan,False,False,False,False,1.0,True,True,0,1,,,,Cc1ccc(NC(=O)[C@H]2CCCN(C(=O)c3c(C)cccc3F)[C@H]2c2ccc(NC3CCCC3)cc2)cc1C(F)(F)F
avanafil_cid9869929,,,avanafil_cid9869929.png,high,high,0.8944494476666438,wrong,,Avanafil,0.986,34,34,exact,exact,Avanafil,False,True,False,False,1.0,False,False,2,3,[H].[H],,,"COc1ccc(CNc2nc(N3CCC[C@H]3CO)ncc2C(=O)NCc2ncccn2)cc1Cl.[H].[H] |^1:34,35|"
avapritinib_cid118023034,,,avapritinib_cid118023034.png,high,high,0.8548754540559617,exact,Avapritinib,Avapritinib,1.0,37,37,exact,exact,Avapritinib,False,False,False,False,1.0,True,True,0,1,,,,Cn1cc(-c2cc3c(N4CCN(c5ncc([C@@](C)(N)c6ccc(F)cc6)cn5)CC4)ncnn3c2)cn1
avutometinib_cid16719221,,,avutometinib_cid16719221.png,high,high,0.900276690823277,exact,Avutometinib,Avutometinib,1.0,33,33,exact,exact,Avutometinib,False,False,False,False,1.0,True,True,0,1,,,,CNS(=O)(=O)Nc1nccc(Cc2c(C)c3ccc(Oc4ncccn4)cc3oc2=O)c1F
azacytidine_cid9444,,,azacytidine_cid9444.png,high,high,0.873442038142404,wrong,,Azacytidine,1.0,17,17,exact,exact,Azacytidine,False,True,False,False,1.0,False,False,1,2,[H],,,[H].[H]Nc1ncn([C@@H]2O[C@H](CO)[C@@H](O[H])[C@H]2O)c(=O)n1 |^1:0|
azelaic_acid_cid2266,,,azelaic_acid_cid2266.png,high,high,0.897721297021928,wrong,,Azelaic Acid,0.923,13,13,exact,exact,Azelaic Acid,False,True,False,False,1.0,False,False,1,2,[H],,,[H].[H]OC(=O)CCCCCCCC(=O)O |^1:0|
azelnidipine_cid65948,,,azelnidipine_cid65948.png,high,high,0.9048842145872508,exact,Azelnidipine,Azelnidipine,1.0,43,43,exact,exact,Azelnidipine,False,False,False,False,1.0,True,True,0,1,,,,CC1=C(C(=O)OC(C)C)C(c2cccc([N+](=O)[O-])c2)C(C(=O)OC2CN(C(c3ccccc3)c3ccccc3)C2)=C(N)N1
bambuterol_cid54766,,,bambuterol_cid54766.png,high,high,0.9009543893264789,exact,Bambuterol,Bambuterol,1.0,26,26,exact,exact,Bambuterol,False,False,False,False,1.0,True,True,0,1,,,,[H]OC(CNC(C)(C)C)c1cc(OC(=O)N(C)C)cc(OC(=O)N(C)C)c1
batefenterol_cid10372836,,,batefenterol_cid10372836.png,low,low,0.6019552025215394,stereo,Batefenterol,Batefenterol,1.0,53,53,stereo,stereo,Batefenterol,False,False,False,False,1.0,True,True,0,1,,,,COc1cc(NC(=O)CCN2CCC(OC(=O)Nc3ccccc3-c3ccccc3)CC2)c(Cl)cc1CNC[C@@H](O)c1ccc(O)c2[nH]c(=O)ccc12
belotecan_cid6456014,,,belotecan_cid6456014.png,high,high,0.8981675552694025,exact,Belotecan,Belotecan,1.0,32,32,exact,exact,Belotecan,False,False,False,False,1.0,True,True,0,1,,,,[H]O[C@]1(CC)C(=O)OCc2c1cc1n(c2=O)Cc2c-1nc1ccccc1c2CCN([H])C(C)C
belzutifan_cid117947097,,,belzutifan_cid117947097.png,high,high,0.9037105307590247,exact,Belzutifan,Belzutifan,1.0,26,26,exact,exact,Belzutifan,False,False,False,False,1.0,True,True,0,1,,,,CS(=O)(=O)c1ccc(Oc2cc(F)cc(C#N)c2)c2c1[C@H](O)[C@H](F)[C@@H]2F
benazepril_cid5362124,,,benazepril_cid5362124.png,high,high,0.8760240304157887,exact,Benazepril,Benazepril,1.0,31,31,exact,exact,Benazepril,False,False,False,False,1.0,True,True,0,1,,,,CCOC(=O)[C@H](CCc1ccccc1)N[C@H]1CCc2ccccc2N(CC(=O)O)C1=O
benserazide_cid2327,,,benserazide_cid2327.png,high,high,0.8820105085105561,wrong,,Benserazide,0.971,18,18,exact,exact,Benserazide,False,True,False,False,1.0,False,False,2,3,[H].[H],,,"[H].[H].[H]NC(CO[H])C(=O)NNCc1ccc(O)c(O)c1O |^1:0,1|"
benzoyl_peroxide_cid7187,,,benzoyl_peroxide_cid7187.png,high,high,0.874357989025331,exact,Benzoyl Peroxide,Benzoyl Peroxide,1.0,18,18,exact,exact,Benzoyl Peroxide,False,False,False,False,1.0,True,True,0,1,,,,O=C(OOC(=O)c1ccccc1)c1ccccc1
benztropine_mesylate_cid238053,,,benztropine_mesylate_cid238053.png,low,low,0.01017802581367592,invalid,,,,,,invalid,invalid,,False,False,False,False,,False,,,,,,,CN1C23CCC4CC567CC4128(CCC(OC1C2=C(=C4(=CC=CC=C4)C4(O5)C15=C(=C41=CC=CC=C1)C=CC=C5)C=CC=C2)C68)C37.CS(=O)(=O)O
bepotastine_cid164522,,,bepotastine_cid164522.png,high,high,0.8995837731777185,exact,Bepotastine,Bepotastine,1.0,27,27,exact,exact,Bepotastine,False,False,False,False,1.0,True,True,0,1,,,,O=C(O)CCCN1CCC(O[C@@H](c2ccc(Cl)cc2)c2ccccn2)CC1
berenil_cid65060,,,berenil_cid65060.png,high,high,0.8610188347901586,wrong,,Berenil,0.976,29,29,stereo,stereo,Berenil,False,True,False,False,1.0,False,False,5,7,[H].[H].[H].[H].[H],,,"CC(=O)NCC(=O)O.N=C(N)c1ccc(/N=N/Nc2ccc(C(=N)N)cc2)cc1.[H].[H].[H].[H].[H] |^1:29,30,31,32,33|"
besifloxacin_cid10178705,,,besifloxacin_cid10178705.png,high,high,0.8961939422626435,wrong,,Besifloxacin,0.982,27,27,exact,exact,Besifloxacin,False,True,False,False,1.0,False,False,1,2,[H],,,[H].[H]N[C@@H]1CCCCN(c2c(F)cc3c(=O)c(C(=O)O)cn(C4CC4)c3c2Cl)C1 |^1:0|
beta_propiolactone_cid2365,,,beta_propiolactone_cid2365.png,low,low,0.7621730906765727,exact,Beta-Propiolactone,Beta-Propiolactone,1.0,5,5,exact,exact,Beta-Propiolactone,False,False,False,False,1.0,True,True,0,1,,,,O=C1CCO1
bictegravir_cid90311989,,,bictegravir_cid90311989.png,low,low,0.739780023268307,stereo,Bictegravir,Bictegravir,1.0,32,32,stereo,stereo,Bictegravir,False,False,False,False,1.0,True,True,0,1,,,,[H][C@@]12CC[C@]([H])(C1)N1C(=O)c3c(O)c(=O)c(C(=O)NCc4c(F)cc(F)cc4F)cn3C[C@@]1([H])O2
boldenone_cid13308,,,boldenone_cid13308.png,high,high,0.8560776475179148,stereo,Boldenone,Boldenone,1.0,21,21,stereo,stereo,Boldenone,False,False,False,False,1.0,True,True,0,1,,,,[H][C@]12CCC3=CC(=O)C=C[C@]3(C)[C@@]1([H])CC[C@]1(C)[C@@H](O)CC[C@@]21[H]
bosutinib_cid5328940,,,bosutinib_cid5328940.png,high,high,0.9122938751410019,exact,Bosutinib,Bosutinib,1.0,36,36,exact,exact,Bosutinib,False,False,False,False,1.0,True,True,0,1,,,,COc1cc(Nc2c(C#N)cnc3cc(OCCCN4CCN(C)CC4)c(OC)cc23)c(Cl)cc1Cl
bremelanotide_cid9941379,,,bremelanotide_cid9941379.png,low,low,0.8179005835361058,stereo,Bremelanotide,Bremelanotide,1.0,74,74,stereo,stereo,Bremelanotide,False,False,False,False,1.0,True,True,0,1,,,,CCCC[C@H](NC(C)=O)C(=O)N[C@@H]1CC(=O)NCCCC[C@@H](C(=O)O)NC(=O)[C@H](Cc2c[nH]c3ccccc23)NC(=O)[C@H](CCCN=C(N)N)NC(=O)[C@@H](Cc2ccccc2)NC(=O)[C@H](Cc2cnc[nH]2)NC1=O
brincidofovir_cid483477,,,brincidofovir_cid483477.png,low,low,0.788779217244558,wrong,,Brincidofovir,0.692,42,38,wrong,wrong,,False,False,False,False,0.692,False,False,9,2,,,,CCCCCCCCCCCCCCCCOCCCOCP(O)O.Nc1ccn(CC(CO)OCP(O)O)c(=O)n1
brinzolamide_cid68844,,,brinzolamide_cid68844.png,high,high,0.8961328569828608,wrong,,Brinzolamide,0.981,23,23,exact,exact,Brinzolamide,False,True,False,False,1.0,False,False,1,2,[H],,,[H].[H]NS(=O)(=O)c1cc2c(s1)S(=O)(=O)N(CCCOC)C[C@@H]2NCC |^1:0|
brivaracetam_cid9837243,,,brivaracetam_cid9837243.png,high,high,0.8601366491737454,exact,Brivaracetam,Brivaracetam,1.0,15,15,exact,exact,Brivaracetam,False,False,False,False,1.0,True,True,0,1,,,,[H]NC(=O)[C@H](CC)N1C[C@H](CCC)CC1=O
bucillamine_cid656604,,,bucillamine_cid656604.png,high,high,0.8812681402688202,wrong,,Bucillamine,0.962,13,13,exact,exact,Bucillamine,False,True,False,False,1.0,False,False,1,2,[H],,,[H].[H]SC[C@@H](C(=O)O)N([H])C(=O)C(C)(C)S |^1:0|
c_i_acid_blue_90_cid61363,,,c_i_acid_blue_90_cid61363.png,high,high,0.8886600103110615,wrong,,C.I. Acid Blue 90,0.556,59,60,wrong,wrong,,False,False,False,False,0.556,False,False,7,3,[HH],,,CCOc1ccc(Nc2ccc(C(c3ccc(N(CC)Cc4cccc(S(=O)(=O)O)c4)cc3C)C3C=C/C(=[N+](/CC)Cc4cccc([S+](=O)O)c4)C=C3C)cc2)cc1.[HH].[Na+] |^1:47|
cabotegravir_cid54713659,,,cabotegravir_cid54713659.png,low,low,0.8101311916307333,exact,Cabotegravir,Cabotegravir,1.0,29,29,exact,exact,Cabotegravir,False,False,False,False,1.0,True,True,0,1,,,,[H][C@@]12Cn3cc(C(=O)NCc4ccc(F)cc4F)c(=O)c(O)c3C(=O)N1[C@@H](C)CO2
calicheamicin_cid11840932,,,calicheamicin_cid11840932.png,low,low,3.969697439912165e-05,invalid,,,,,,invalid,invalid,,False,False,False,False,,False,,,,,,,C[CH]O[CH]OCC(OC)=C(CCSC1C(O)CC(O)OC1C)OC.[H]OC1C(N)C(C)OC(O[CH]2345(C)CC6789%10(=C([H])C=C([H])C)=C%11([H])(=O)(C[Si]([H])([H])S)=C%12%13%14C6(C)(O)C6C%15(=O)C%16(NC(=O)OC)(=C%1227%17%18=C%152(NC(=O)OC)=C%13%16387[CH]%174(C)C=2=%11%147%1859)CCC6%10(C)O)C1OC1CC(OC)C(NCC)CO1
camostat_cid2536,,,camostat_cid2536.png,high,high,0.8742450439398526,wrong,,Camostat,0.958,29,29,exact,exact,Camostat,False,True,False,False,1.0,False,False,6,5,[HH].[HH].[H].[H],,,"CN(C)C(=O)COC(=O)Cc1ccc(OC(=O)c2ccc(N=C(N)N)cc2)cc1.[HH].[HH].[H].[H] |^1:31,32|"
cangrelor_tetrasodium_cid10260031,,,cangrelor_tetrasodium_cid10260031.png,low,low,0.4701755677830466,wrong,,Cangrelor Tetrasodium,0.713,48,48,wrong,wrong,,False,False,False,False,0.713,False,False,12,7,,[Na+].[Na+].[Na+],,CSCCNc1nc(SCCC(F)(F)F)nc2c1ncn2[C@@H]1O[C@H](COP(=O)([O-])[O-])[C@H](O)[C@@H]1O.OPC(PO)P(O)O.[Na+].[Na+].[Na+].[Na+].[OH][Na]
capivasertib_cid25227436,,,capivasertib_cid25227436.png,high,high,0.8869699793247945,exact,Capivasertib,Capivasertib,1.0,30,30,exact,exact,Capivasertib,False,False,False,False,1.0,True,True,0,1,,,,[H]NC1(C(=O)N([H])[C@@H](CCO)c2ccc(Cl)cc2)CCN(c2ncnc3[nH]ccc23)CC1
carbetocin_cid16681432,,,carbetocin_cid16681432.png,low,low,0.00744997888028607,invalid,,,,,,invalid,invalid,,False,False,False,False,,False,,,,,,,C.CC(C)CC(NC(=O)[CH]N12CC3(C)C1CC32)C(=O)NCC(N)=O.O.O.[H]NC(=O)CC(NC(=O)CC(N)=O)C(=O)N[CH]CSCCCCN[CH]C1NC([H])([H])C(=O)(=O)NC(CCC(N)=O)C(=O)N[CH]2(CC(=O)N[H])C3([H])=O=C2(=O=3)N[CH]CSCCCC(=O)N[CH]1(CC1=CC=C(OC)C=C1)C(=O)NC([H])C(C)CC
carbidopa_cid34359,,,carbidopa_cid34359.png,low,low,0.8309922884718577,wrong,,Carbidopa,0.941,17,16,salt,exact,Carbidopa,False,True,False,True,0.97,False,False,6,4,[H].[H],,N,"[H].[H].[H]N.[H]N(N)[C@@](C)(Cc1ccc(O)c(O)c1)C(=O)O |^1:0,1|"
carboprost_cid5281075,,,carboprost_cid5281075.png,high,high,0.8947456613156267,wrong,,Carboprost,1.0,26,26,exact,exact,Carboprost,False,True,False,False,1.0,False,False,1,2,[H],,,[H].[H]OC(=O)CCC/C([H])=C(/[H])C[C@@H]1[C@@H](/C([H])=C(\[H])[C@@](C)(O)CCCCC)[C@H](O)C[C@@H]1O[H] |^1:0|
carglumic_acid_cid121396,,,carglumic_acid_cid121396.png,high,high,0.8654883381586204,wrong,,Carglumic Acid,0.958,13,13,exact,exact,Carglumic Acid,False,True,False,False,1.0,False,False,1,2,[H],,,[H].[H]NC(=O)N([H])[C@@H](CCC(=O)O[H])C(=O)O |^1:0|
carnitine_cid10917,,,carnitine_cid10917.png,high,high,0.8913142429806337,exact,(-)-Carnitine,(-)-Carnitine,1.0,11,11,exact,exact,(-)-Carnitine,False,False,False,False,1.0,True,True,0,1,,,,C[N+](C)(C)C[C@H](O)CC(=O)[O-]
carteolol_cid2583,,,carteolol_cid2583.png,high,high,0.8873146151532989,exact,Carteolol,Carteolol,1.0,21,21,exact,exact,Carteolol,False,False,False,False,1.0,True,True,0,1,,,,[H]OC(CNC(C)(C)C)COc1cccc2c1CCC(=O)N2
cefadroxil_cid47965,,,cefadroxil_cid47965.png,high,high,0.8815280065739295,wrong,,Cefadroxil,0.98,25,25,exact,exact,Cefadroxil,False,True,False,False,1.0,False,False,2,3,[H].[H],,,"[H].[H].[H]OC(=O)C1=C(C)CS[C@]2([H])[C@H](NC(=O)[C@H](N)c3ccc(O)cc3)C(=O)N12 |^1:0,1|"
cefpirome_cid5479539,,,cefpirome_cid5479539.png,high,high,0.8753269044448992,wrong,,Cefpirome,0.988,35,35,exact,exact,Cefpirome,False,True,False,False,1.0,False,False,2,3,[H].[H],,,"[H].[H].[H][C@]12SCC(C[n+]3cccc4c3CCC4)=C(C(=O)[O-])N1C(=O)[C@H]2NC(=O)/C(=N\OC)c1csc(N)n1 |^1:0,1|"
ceritinib_cid57379345,,,ceritinib_cid57379345.png,high,high,0.8973195819214796,wrong,,Ceritinib,0.763,39,38,wrong,wrong,,False,False,False,False,0.763,False,False,4,2,,,,[H]Nc1ccccc1S(=O)(=O)C(C)C.[H]Nc1nc(Nc2cc(C)c(C3CCNCC3)cc2OC(C)C)ncc1Cl
cethromycin_cid156417,,,cethromycin_cid156417.png,high,high,0.8814510018155715,wrong,,Cethromycin,0.79,55,55,wrong,wrong,,False,False,False,False,0.79,False,False,2,1,,,,[H][C@@]12NC(=O)O[C@]1(C)[C@@H](CC)OC(=O)[C@H](C)C(=O)[C@H](C)[C@@H](O[C@@H]1O[C@H](C)C[C@H](N(C)C)[C@H]1O)[C@](C)(OCCCc1cnc3ccccc3c1)C[C@@H](C)C(=O)[C@@H]2C
chlorhexidine_gluconate_cid9552081,,,chlorhexidine_gluconate_cid9552081.png,low,low,0.01354883641462,invalid,,,,,,invalid,invalid,,False,False,False,False,,False,,,,,,,[H]NC(=NCCCCCCN=C(N=C(N[H])NC1=CC=C(Cl)C=C1)N[H])N=C(N[H])NC1=CC=C(Cl)C=C1.[H]OC(=O)C(O)C(O)C(O)C(O)CO.[H]OC1(=O)=O=C2(O)[CH]34O[CH]215(O)[CH]31(O[H])[CH]236O[CH]17(O)([CH]21(O)C2OC1(O)[CH]237O)[CH]465O[H]
cholic_acid_cid221493,,,cholic_acid_cid221493.png,low,low,0.3651628636054935,wrong,,Cholic Acid,1.0,29,29,stereo,stereo,Cholic Acid,False,True,False,False,1.0,False,False,2,3,[H].[H],,,"[H].[H].[H]O[C@@H]1C[C@@]2([H])C[C@H](O)CC[C@]2(C)[C@@]2([H])C[C@H](O)[C@@]3(C)[C@@]([H])(CC[C@]3([H])[C@H](C)CCC(=O)O)[C@@]12[H] |^1:0,1|"
ciclopirox_olamine_cid38911,,,ciclopirox_olamine_cid38911.png,high,high,0.9094012387372581,exact,Ciclopirox Olamine,Ciclopirox Olamine,1.0,19,19,exact,exact,Ciclopirox Olamine,False,False,False,False,1.0,True,True,0,2,,,,Cc1cc(C2CCCCC2)n(O)c(=O)c1.[H]NCCO[H]
cilnidipine_cid5282138,,,cilnidipine_cid5282138.png,high,high,0.9085626822409327,exact,Cilnidipine,Cilnidipine,1.0,36,36,exact,exact,Cilnidipine,False,False,False,False,1.0,True,True,0,1,,,,[H]/C(COC(=O)C1=C(C)NC(C)=C(C(=O)OCCOC)C1c1cccc([N+](=O)[O-])c1)=C(/[H])c1ccccc1
cilofexor_cid71228883,,,cilofexor_cid71228883.png,high,high,0.9002827931053391,wrong,,Cilofexor,0.986,39,39,exact,exact,Cilofexor,False,True,False,False,1.0,False,False,2,3,[H].[H],,,"O=C(O)c1ccnc(N2CC(O)(c3ccc(OCc4c(-c5c(Cl)cccc5Cl)noc4C4CC4)cc3Cl)C2)c1.[H].[H] |^1:39,40|"
cilostazol_cid2754,,,cilostazol_cid2754.png,high,high,0.897033001788001,exact,Cilostazol,Cilostazol,1.0,27,27,exact,exact,Cilostazol,False,False,False,False,1.0,True,True,0,1,,,,O=C1CCc2cc(OCCCCc3nnnn3C3CCCCC3)ccc2N1
cinacalcet_hydrochloride_cid156418,,,cinacalcet_hydrochloride_cid156418.png,high,high,0.8916548446098255,exact,Cinacalcet Hydrochloride,Cinacalcet Hydrochloride,1.0,27,27,exact,exact,Cinacalcet Hydrochloride,False,False,False,False,1.0,True,True,0,2,,,,C[C@@H](NCCCc1cccc(C(F)(F)F)c1)c1cccc2ccccc12.[H]Cl
cipepofol_cid86301664,,,cipepofol_cid86301664.png,high,high,0.8744683905432074,wrong,,Cipepofol,0.963,15,15,exact,exact,Cipepofol,False,True,False,False,1.0,False,False,2,2,[HH],,,CC(C)c1cccc([C@H](C)C2CC2)c1O.[HH]
cladribine_cid20279,,,cladribine_cid20279.png,high,high,0.8747733227743639,wrong,,Cladribine,1.0,19,19,exact,exact,Cladribine,False,True,False,False,1.0,False,False,1,2,[H],,,[H].[H]Nc1nc(Cl)nc2c1ncn2[C@H]1C[C@H](O)[C@@H](CO[H])O1 |^1:0|
clascoterone_cid11750009,,,clascoterone_cid11750009.png,low,low,0.4940331476775262,exact,Clascoterone,Clascoterone,1.0,29,29,exact,exact,Clascoterone,False,False,False,False,1.0,True,True,0,1,,,,[H][C@@]12CCC3=CC(=O)CC[C@]3(C)[C@@]1([H])CC[C@@]1(C)[C@@]2([H])CC[C@]1(OC(=O)CC)C(=O)CO
clemastine_cid26987,,,clemastine_cid26987.png,high,high,0.8931854942659178,exact,Clemastine,Clemastine,1.0,24,24,exact,exact,Clemastine,False,False,False,False,1.0,True,True,0,1,,,,CN1CCC[C@@H]1CCO[C@](C)(c1ccccc1)c1ccc(Cl)cc1
clidinium_bromide_cid19004,,,clidinium_bromide_cid19004.png,high,high,0.8551016300131468,exact,Clidinium Bromide,Clidinium Bromide,1.0,27,27,exact,exact,Clidinium Bromide,False,False,False,False,1.0,True,True,0,2,,,,C[N+]12CCC(CC1)C(OC(=O)C(O)(c1ccccc1)c1ccccc1)C2.[Br-]
clindamycin_cid446598,,,clindamycin_cid446598.png,high,high,0.877296012182395,wrong,,Clindamycin,1.0,27,27,exact,exact,Clindamycin,False,True,False,False,1.0,False,False,3,4,[H].[H].[H],,,"[H].[H].[H].[H]O[C@@H]1[C@H](O)[C@@H](O)[C@@H](SC)O[C@]1([H])[C@H](NC(=O)[C@@H]1C[C@@H](CCC)CN1C)[C@H](C)Cl |^1:0,1,2|"
clindamycin_phosphate_cid443385,,,clindamycin_phosphate_cid443385.png,high,high,0.8574976745971407,wrong,,Clindamycin Phosphate,1.0,31,31,exact,exact,Clindamycin Phosphate,False,True,False,False,1.0,False,False,3,4,[H].[H].[H],,,"[H].[H].[H].[H]O[C@@H]1[C@H](O)[C@@H](OP(=O)(O)O)[C@@H](SC)O[C@]1([H])[C@H](NC(=O)[C@@H]1C[C@@H](CCC)CN1C)[C@H](C)Cl |^1:0,1,2|"
clioquinol_cid2788,,,clioquinol_cid2788.png,low,low,0.8317170069498654,wrong,,Clioquinol,0.967,13,13,exact,exact,Clioquinol,False,True,False,False,1.0,False,False,2,2,[HH],,,Oc1c(I)cc(Cl)c2cccnc12.[HH]
clomipramine_cid2801,,,clomipramine_cid2801.png,high,high,0.9045858432204982,exact,Clomipramine,Clomipramine,1.0,22,22,exact,exact,Clomipramine,False,False,False,False,1.0,True,True,0,1,,,,CN(C)CCCN1c2ccccc2CCc2ccc(Cl)cc21
cobicistat_cid25151504,,,cobicistat_cid25151504.png,high,high,0.8846993193320909,exact,Cobicistat,Cobicistat,1.0,54,54,exact,exact,Cobicistat,False,False,False,False,1.0,True,True,0,1,,,,CC(C)c1nc(CN(C)C(=O)N[C@@H](CCN2CCOCC2)C(=O)N[C@H](CC[C@H](Cc2ccccc2)NC(=O)OCc2cncs2)Cc2ccccc2)cs1
cortisone_cid222786,,,cortisone_cid222786.png,low,low,0.4755167058532661,wrong,,Cortisone,0.98,26,26,stereo,stereo,Cortisone,False,True,False,False,1.0,False,False,1,2,[H],,,[H].[H][C@@]12CC[C@](O)(C(=O)CO)[C@@]1(C)CC(=O)[C@@]1([H])[C@]2([H])CCC2=CC(=O)CC[C@@]21C |^1:0|
cositecan_cid148202,,,cositecan_cid148202.png,high,high,0.889515813828993,exact,Cositecan,Cositecan,1.0,32,32,exact,exact,Cositecan,False,False,False,False,1.0,True,True,0,1,,,,CC[C@@]1(O)C(=O)OCc2c1cc1n(c2=O)Cc2c-1nc1ccccc1c2CC[Si](C)(C)C
crizotinib_cid11626560,,,crizotinib_cid11626560.png,high,high,0.8619621301717294,wrong,,Crizotinib,0.984,30,30,exact,exact,Crizotinib,False,True,False,False,1.0,False,False,4,3,[HH].[HH],,,C[C@@H](Oc1cc(-c2cnn(C3CCNCC3)c2)cnc1N)c1c(Cl)ccc(F)c1Cl.[HH].[HH]
cryptophycin_52_cid9939639,,,cryptophycin_52_cid9939639.png,high,high,0.8443801190293398,stereo,Cryptophycin 52,Cryptophycin 52,1.0,47,47,stereo,stereo,Cryptophycin 52,False,False,False,False,1.0,True,True,0,1,,,,[H]/C1=C(/[H])C(=O)N[C@H](Cc2ccc(OC)c(Cl)c2)C(=O)NCC(C)(C)C(=O)O[C@@H](CC(C)C)C(=O)O[C@@]([H])([C@H](C)[C@H]2O[C@@H]2c2ccccc2)C1
cyproheptadine_hydrochloride_cid13770,,,cyproheptadine_hydrochloride_cid13770.png,high,high,0.8875968465815156,exact,Cyproheptadine Hydrochloride,Cyproheptadine Hydrochloride,1.0,23,23,exact,exact,Cyproheptadine Hydrochloride,False,False,False,False,1.0,True,True,0,2,,,,CN1CCC(=C2c3ccccc3C=Cc3ccccc32)CC1.[H]Cl
cytarabine_cid6253,,,cytarabine_cid6253.png,high,high,0.8816062348684786,exact,Cytarabine,Cytarabine,1.0,17,17,exact,exact,Cytarabine,False,False,False,False,1.0,True,True,0,1,,,,[H]OC[C@H]1O[C@@H](n2ccc(N)nc2=O)[C@@H](O[H])[C@@H]1O[H]
d_phenylalanine_2s_n_2r_2_2_3_aminopropyl_phenoxy_propyl_2_c_cid11526696,,,d_phenylalanine_2s_n_2r_2_2_3_aminopropyl_phenoxy_propyl_2_c_cid11526696.png,high,high,0.8918238937980723,exact,"D-Phenylalanine, (2S)-N-((2R)-2-(2-(3-aminopropyl)phenoxy)propyl)-2-cyclopropylglycyl-N-methyl-D-alanyl-4-fluoro-, (3->1)-lactam","D-Phenylalanine, (2S)-N-((2R)-2-(2-(3-aminopropyl)phenoxy)propyl)-2-cyclopropylglycyl-N-methyl-D-alanyl-4-fluoro-, (3->1)-lactam",1.0,39,39,exact,exact,"D-Phenylalanine, (2S)-N-((2R)-2-(2-(3-aminopropyl)phenoxy)propyl)-2-cyclopropylglycyl-N-methyl-D-alanyl-4-fluoro-, (3->1)-lactam",False,False,False,False,1.0,True,True,0,1,,,,[H][C@@]1(C2CC2)NC[C@@H](C)Oc2ccccc2CCCNC(=O)[C@@H](Cc2ccc(F)cc2)NC(=O)[C@@H](C)N(C)C1=O
dabigatran_cid216210,,,dabigatran_cid216210.png,high,high,0.8850664439793401,wrong,,Dabigatran,0.984,35,35,exact,exact,Dabigatran,False,True,False,False,1.0,False,False,5,4,[HH].[HH].[H],,,Cn1c(CNc2ccc(C(=N)N)cc2)nc2cc(C(=O)N(CCC(=O)O)c3ccccn3)ccc21.[HH].[HH].[H] |^1:37|
dapansutrile_cid12714644,,,dapansutrile_cid12714644.png,low,low,0.743952992683621,exact,Dapansutrile,Dapansutrile,1.0,8,8,exact,exact,Dapansutrile,False,False,False,False,1.0,True,True,0,1,,,,CS(=O)(=O)CCC#N
dapoxetine_cid71353,,,dapoxetine_cid71353.png,high,high,0.9051736710220762,exact,Dapoxetine,Dapoxetine,1.0,23,23,exact,exact,Dapoxetine,False,False,False,False,1.0,True,True,0,1,,,,CN(C)[C@@H](CCOc1cccc2ccccc12)c1ccccc1
darifenacin_hydrobromide_cid444030,,,darifenacin_hydrobromide_cid444030.png,high,high,0.8765087469261211,wrong,,Darifenacin Hydrobromide,0.981,33,33,stereo,stereo,Darifenacin Hydrobromide,False,True,False,False,1.0,False,False,2,4,[H].[H],,,"[H].[H].[H]Br.[H][C@]1(C(C(N)=O)(c2ccccc2)c2ccccc2)CCN(CCc2ccc3c(c2)CCO3)C1 |^1:0,1|"
darinaparsin_cid11683005,,,darinaparsin_cid11683005.png,high,high,0.8825208784150771,wrong,,Darinaparsin,0.976,23,23,exact,exact,Darinaparsin,False,True,False,False,1.0,False,False,3,4,[H].[H].[H],,,"C[As](C)SC[C@H](NC(=O)CC[C@H](N)C(=O)O)C(=O)NCC(=O)O.[H].[H].[H] |^1:23,24,25|"
decoquinate_cid29112,,,decoquinate_cid29112.png,high,high,0.8920441566552048,exact,Decoquinate,Decoquinate,1.0,30,30,exact,exact,Decoquinate,False,False,False,False,1.0,True,True,0,1,,,,CCCCCCCCCCOc1cc2c(=O)c(C(=O)OCC)c[nH]c2cc1OCC
deflazacort_cid189821,,,deflazacort_cid189821.png,low,low,0.4396014569982815,invalid,,,,,,invalid,invalid,,False,False,False,False,,False,,,,,,,[H]C1(CC2([H])C(C)CC(O)C3([H])C4(C)C=CC(=O)C=C4CCC23[H])OC23=C(C)(C2)O13
delanzomib_cid24800541,,,delanzomib_cid24800541.png,high,high,0.8824019040786439,exact,Delanzomib,Delanzomib,1.0,30,30,exact,exact,Delanzomib,False,False,False,False,1.0,True,True,0,1,,,,[H]N(C(=O)[C@@H](NC(=O)c1cccc(-c2ccccc2)n1)[C@@H](C)O)[C@@H](CC(C)C)B(O)O
delgocitinib_cid50914062,,,delgocitinib_cid50914062.png,high,high,0.8642623341260537,exact,Delgocitinib,Delgocitinib,1.0,23,23,exact,exact,Delgocitinib,False,False,False,False,1.0,True,True,0,1,,,,C[C@H]1CN(C(=O)CC#N)[C@]12CCN(c1ncnc3[nH]ccc13)C2
dersimelagon_cid126736894,,,dersimelagon_cid126736894.png,high,high,0.8927775652462061,exact,Dersimelagon,Dersimelagon,1.0,48,48,exact,exact,Dersimelagon,False,False,False,False,1.0,True,True,0,1,,,,[H][C@]1(c2ccc(C(F)(F)F)cc2N2CCC(C(=O)O)CC2)CN(C(=O)[C@]2(F)CN(C3CCCC3)C[C@H]2c2ccc(OC)cc2)C[C@@H]1COC
deruxtecan_pyrrole_2_5_dione_cid118305111,,,deruxtecan_pyrrole_2_5_dione_cid118305111.png,low,low,0.2232291768792373,wrong,,"Deruxtecan pyrrole-2,5-dione",0.848,75,75,wrong,wrong,,False,False,False,False,0.848,False,False,1,1,,,,CC[C@]1(O)C(=O)OCc2c1cc1n(c2=O)Cc2c-1nc1cc(F)c(C)c3c1c2[C@@H](NC(=O)COCNC(=O)CNC(=O)[C](Cc1ccccc1)NC(=O)CNC(=O)CNC(=O)CCCCCN1C(=O)C=CC1=O)CC3 |^1:42|
desflurane_cid42113,,,desflurane_cid42113.png,high,high,0.881808226010617,exact,Desflurane,Desflurane,1.0,10,10,exact,exact,Desflurane,False,False,False,False,1.0,True,True,0,1,,,,[H]C(F)(OC(F)F)C(F)(F)F
desipramine_cid2995,,,desipramine_cid2995.png,high,high,0.8953245192329096,exact,Desipramine,Desipramine,1.0,20,20,exact,exact,Desipramine,False,False,False,False,1.0,True,True,0,1,,,,[H]N(C)CCCN1c2ccccc2CCc2ccccc21
deslanoside_cid28620,,,deslanoside_cid28620.png,low,low,0.06136527570228863,invalid,,,,,,invalid,invalid,,False,False,False,False,,False,,,,,,,[H]C12CCC34OC35(O)CCC(C3=CC(=O)OC3)C5(C)C(O)CC4(C)C1(C)CCC(OC1CC(O)C(OC3CC(O)C(OC4CC(O)C(OC5OC(CO)C(O)C(O)C5O)C(C)O4)C(C)O3)C(C)O1)C2
deucravacitinib_cid134821691,,,deucravacitinib_cid134821691.png,high,high,0.9116133111710741,exact,Deucravacitinib,Deucravacitinib,1.0,31,31,exact,exact,Deucravacitinib,False,False,False,False,1.0,True,True,0,1,,,,[H]N(C(=O)c1nnc(NC(=O)C2CC2)cc1Nc1cccc(-c2ncn(C)n2)c1OC)C([2H])([2H])[2H]
dexrazoxane_cid71384,,,dexrazoxane_cid71384.png,high,high,0.8880805294857628,wrong,,Dexrazoxane,0.962,19,19,exact,exact,Dexrazoxane,False,True,False,False,1.0,False,False,1,2,[H],,,C[C@@H](CN1CC(=O)NC(=O)C1)N1CC(=O)NC(=O)C1.[H] |^1:19|
dicyclomine_hydrochloride_cid441344,,,dicyclomine_hydrochloride_cid441344.png,high,high,0.899992389434319,exact,Dicyclomine Hydrochloride,Dicyclomine Hydrochloride,1.0,23,23,exact,exact,Dicyclomine Hydrochloride,False,False,False,False,1.0,True,True,0,2,,,,CCN(CC)CCOC(=O)C1(C2CCCCC2)CCCCC1.[H]Cl
difelikefalin_cid24794466,,,difelikefalin_cid24794466.png,low,low,0.696145572855372,stereo,Difelikefalin,Difelikefalin,1.0,49,49,stereo,stereo,Difelikefalin,False,False,False,False,1.0,True,True,0,1,,,,[H]N[C@H](Cc1ccccc1)C(=O)N[C@@H](Cc1ccccc1)C(=O)N[C@H](CC(C)C)C(=O)N[C@H](CCCCN)C(=O)N1CCC(N)(C(=O)O)CC1
digitoxin_cid441207,,,digitoxin_cid441207.png,low,low,0.1057362269162974,wrong,,Digitoxin,0.766,55,54,wrong,wrong,,False,False,False,False,0.766,False,False,1,1,,,,[H]O[C@]12CC[C@@]3([H])C[C@@H](O[C@@H]4C[C@H](O)[C@H](O[C@@H]5C[C@@H](O)[C@H](O[C@H]6C[C@@H](O)[C@@H](O)[C@@H](C)O6)[C@@H](C)O5)[C@@H](C)O4)CC[C@]3(C)[C@@]1([H])CC[C@]1(C)[C@@H](C3=CC(=O)OC3)CC[C@]21O
dihydroartemisinin_cid107770,,,dihydroartemisinin_cid107770.png,low,low,0.4343506278779378,stereo,Dihydroartemisinin,Dihydroartemisinin,1.0,20,20,stereo,stereo,Dihydroartemisinin,False,False,False,False,1.0,True,True,0,1,,,,[H]O[C@H]1O[C@]2([H])OC3(C)CC[C@]4([H])[C@H](C)CCC([C@H]1C)[C@@]24OO3
dinoprost_cid5280363,,,dinoprost_cid5280363.png,high,high,0.8928814643921127,stereo,Dinoprost,Dinoprost,1.0,25,25,stereo,stereo,Dinoprost,False,False,False,False,1.0,True,True,0,1,,,,[H]O[C@@H](CCCCC)C([H])=C([H])[C@@H]1[C@@H](C/C([H])=C(/[H])CCCC(=O)O)[C@@H](O[H])C[C@H]1O[H]
dirithromycin_cid6473883,,,dirithromycin_cid6473883.png,low,low,0.5798342060845938,wrong,,Dirithromycin,0.863,57,58,near,near,,False,False,False,False,0.863,False,False,1,1,,,,[H]N1[C@@H](COCCOC)O[C@]2([H])[C@@H](C)[C@@]1([H])[C@H](C)CC([H])(C)[C@@H](O[C@@H]1O[C@H](C)C[C@H](N(C)C)[C@H]1O)[C@@H](C)[C@H](O[C@H]1C[C@@](C)(OC)[C@H](O)[C@H](C)O1)[C@@H](C)C(=O)O[C@H](CC)[C@@]2(C)O
disopyramide_cid3114,,,disopyramide_cid3114.png,high,high,0.8985120459943533,exact,Disopyramide,Disopyramide,1.0,25,25,exact,exact,Disopyramide,False,False,False,False,1.0,True,True,0,1,,,,[H]NC(=O)C(CCN(C(C)C)C(C)C)(c1ccccc1)c1ccccn1
distearoylphosphatidylcholine_cid65146,,,distearoylphosphatidylcholine_cid65146.png,low,low,0.7280463826600423,wrong,,Distearoylphosphatidylcholine,0.52,55,54,wrong,wrong,,False,False,False,False,0.52,False,False,25,12,,O.O.O.O.O.O.O.O.O.O,,CCCCCCCCCCCCCCCCCC(=O)OCC(CO)OC(=O)CCCCCCCCCCCCCCCCC.O.O.O.O.O.O.O.O.O.O.O
dl_selenomethionine_cid15103,,,dl_selenomethionine_cid15103.png,high,high,0.8851688848690484,exact,DL-selenomethionine,DL-selenomethionine,1.0,9,9,exact,exact,DL-selenomethionine,False,False,False,False,1.0,True,True,0,1,,,,[H]NC(CC[Se]C)C(=O)O[H]
dobutamine_hydrochloride_cid65324,,,dobutamine_hydrochloride_cid65324.png,high,high,0.9185580574640111,wrong,,Dobutamine Hydrochloride,0.972,23,23,exact,exact,Dobutamine Hydrochloride,False,True,False,False,1.0,False,False,2,4,[H].[H],,,"CC(CCc1ccc(O)cc1)NCCc1ccc(O)c(O)c1.[H].[H].[H]Cl |^1:22,23|"
dofetilide_cid71329,,,dofetilide_cid71329.png,high,high,0.9107799519102194,exact,Dofetilide,Dofetilide,1.0,29,29,exact,exact,Dofetilide,False,False,False,False,1.0,True,True,0,1,,,,CN(CCOc1ccc(NS(C)(=O)=O)cc1)CCc1ccc(NS(C)(=O)=O)cc1
domperidone_cid3151,,,domperidone_cid3151.png,high,high,0.889953996615082,wrong,,Domperidone,0.98,30,30,exact,exact,Domperidone,False,True,False,False,1.0,False,False,1,2,[H],,,O=c1[nH]c2ccccc2n1CCCN1CCC(n2c(=O)[nH]c3cc(Cl)ccc32)CC1.[H] |^1:30|
doramectin_cid9832750,,,doramectin_cid9832750.png,low,low,0.06933715453803664,stereo,Doramectin,Doramectin,1.0,64,64,stereo,stereo,Doramectin,False,False,False,False,1.0,True,True,0,1,,,,[H]/C1=C(/C)[C@H](O[C@H]2C[C@@H](OC)[C@H](O[C@H]3C[C@H](OC)[C@@H](O)[C@H](C)O3)[C@H](C)O2)[C@@H](C)/C([H])=C([H])/C([H])=C2\CO[C@@]3([H])[C@H](O)C(C)=C[C@@]([H])(C(=O)O[C@@]4([H])C[C@]([H])(C1)O[C@@]1(C=C[C@H](C)C([H])(C5CCCCC5)O1)C4)[C@]23O
dronedarone_hydrochloride_cid219025,,,dronedarone_hydrochloride_cid219025.png,high,high,0.8914347320024207,wrong,,Dronedarone Hydrochloride,0.873,40,40,near,near,,False,False,False,False,0.873,False,False,4,2,,,,CCCCc1oc2ccc(NS(=O)(=O)O)cc2c1C(=O)c1ccc(OCCCN(CCCC)CCCC)cc1.Cl
droxidopa_cid92974,,,droxidopa_cid92974.png,high,high,0.8937050426178245,exact,Droxidopa,Droxidopa,1.0,15,15,exact,exact,Droxidopa,False,False,False,False,1.0,True,True,0,1,,,,[H]N[C@H](C(=O)O[H])[C@H](O[H])c1ccc(O)c(O[H])c1
durlobactam_cid89851852,,,durlobactam_cid89851852.png,high,high,0.8639390466200633,wrong,,Durlobactam,0.975,18,18,stereo,stereo,Durlobactam,False,True,False,False,1.0,False,False,3,4,[H].[H].[H],,,"[H].[H].[H].[H][C@]12C=C(C)[C@@H](C(N)=O)N(C1)C(=O)N2OS(=O)(=O)O |^1:0,1,2|"
dutogliptin_cid11253490,,,dutogliptin_cid11253490.png,high,high,0.8745824403660447,exact,Dutogliptin,Dutogliptin,1.0,17,17,exact,exact,Dutogliptin,False,False,False,False,1.0,True,True,0,1,,,,[H]OB(O[H])[C@]1([H])CCCN1C(=O)CN([H])[C@@H]1CCN([H])C1
echothiophate_cid10548,,,echothiophate_cid10548.png,high,high,0.8730630351653126,exact,Echothiophate,Echothiophate,1.0,15,15,exact,exact,Echothiophate,False,False,False,False,1.0,True,True,0,1,,,,CCOP(=O)(OCC)SCC[N+](C)(C)C
edrophonium_chloride_cid8307,,,edrophonium_chloride_cid8307.png,high,low,0.8732684652563577,invalid,,,,,,invalid,invalid,,False,False,False,False,,False,,,,,,,[Cl-].[H]OC1=CC=CC(N(C)(C)CC)=C1
efinaconazole_cid489181,,,efinaconazole_cid489181.png,high,high,0.8872806814910618,exact,Efinaconazole,Efinaconazole,1.0,25,25,exact,exact,Efinaconazole,False,False,False,False,1.0,True,True,0,1,,,,[H]O[C@@](Cn1cncn1)(c1ccc(F)cc1F)[C@@H](C)N1CCC(=C)CC1
efonidipine_cid119171,,,efonidipine_cid119171.png,high,high,0.9128222098614638,exact,Efonidipine,Efonidipine,1.0,45,45,exact,exact,Efonidipine,False,False,False,False,1.0,True,True,0,1,,,,CC1=C(C(=O)OCCN(Cc2ccccc2)c2ccccc2)C(c2cccc([N+](=O)[O-])c2)C(P2(=O)OCC(C)(C)CO2)=C(C)N1
elacestrant_cid23642301,,,elacestrant_cid23642301.png,high,high,0.8920101450757372,wrong,,Elacestrant,0.984,34,34,stereo,stereo,Elacestrant,False,True,False,False,1.0,False,False,1,2,[H],,,[H].[H][C@]1(c2ccc(OC)cc2N(CC)Cc2ccc(CCNCC)cc2)CCc2cc(O)ccc2C1 |^1:0|
elagolix_cid11250647,,,elagolix_cid11250647.png,high,high,0.892349408908477,wrong,,Elagolix,1.0,45,45,exact,exact,Elagolix,False,True,False,False,1.0,False,False,4,3,[HH].[HH],,,COc1cccc(-c2c(C)n(Cc3c(F)cccc3C(F)(F)F)c(=O)n(C[C@H](NCCCC(=O)O)c3ccccc3)c2=O)c1F.[HH].[HH]
elbasvir_cid71661251,,,elbasvir_cid71661251.png,low,low,0.08160770103606008,invalid,,,,,,invalid,invalid,,False,False,False,False,,False,,,,,,,[H]N1C(C2=CC3=C(C=C2)C2=CC4=C(C=CC(C5=CN=C(C6([H])CCCN6C(=O)C(NC(=O)OC)C(C)C)N5)=C4)N24[CH]25O3[CH]43C2467=C28=C539%10=C=43C24=C25=C83=C=43=C2(=C69)=C7%10=C53)=CN=C1C1([H])CCCN1C(=O)C(NC(=O)OC)C(C)C
eletriptan_hydrobromide_cid656631,,,eletriptan_hydrobromide_cid656631.png,high,high,0.9067185274667159,exact,Eletriptan Hydrobromide,Eletriptan Hydrobromide,1.0,28,28,exact,exact,Eletriptan Hydrobromide,False,False,False,False,1.0,True,True,0,2,,,,CN1CCC[C@@H]1Cc1c[nH]c2ccc(CCS(=O)(=O)c3ccccc3)cc12.[H]Br
elexacaftor_cid134587348,,,elexacaftor_cid134587348.png,high,high,0.8972804517262527,exact,Elexacaftor,Elexacaftor,1.0,41,41,exact,exact,Elexacaftor,False,False,False,False,1.0,True,True,0,1,,,,Cc1nn(C)cc1S(=O)(=O)NC(=O)c1ccc(-n2ccc(OCC(C)(C)C(F)(F)F)n2)nc1N1C[C@@H](C)CC1(C)C
eltanexor_cid86345880,,,eltanexor_cid86345880.png,low,low,0.8349133970428345,wrong,,Eltanexor,0.957,30,30,exact,exact,Eltanexor,False,True,False,False,1.0,False,False,3,3,[HH].[H],,,[HH].[H].[H]/C(=C(\C(N)=O)c1cncnc1)n1cnc(-c2cc(C(F)(F)F)cc(C(F)(F)F)c2)n1 |^1:1|
eltrombopag_cid135449332,,,eltrombopag_cid135449332.png,high,high,0.8884537085089041,wrong,,Eltrombopag,0.982,33,33,stereo,stereo,Eltrombopag,False,True,False,False,1.0,False,False,2,3,[H].[H],,,"Cc1ccc(-n2[nH]c(C)c(/N=N/c3cccc(-c4cccc(C(=O)O)c4)c3O)c2=O)cc1C.[H].[H] |^1:33,34|"
elvitegravir_cid5277135,,,elvitegravir_cid5277135.png,high,high,0.9036092483679394,wrong,,Elvitegravir,0.984,31,31,exact,exact,Elvitegravir,False,True,False,False,1.0,False,False,1,2,[H],,,COc1cc2c(cc1Cc1cccc(Cl)c1F)c(=O)c(C(=O)O)cn2[C@H](CO)C(C)C.[H] |^1:31|
emamectin_b1a_cid11136686,,,emamectin_b1a_cid11136686.png,low,low,0.3884111681792405,stereo,Emamectin B1A,Emamectin B1A,1.0,63,63,stereo,stereo,Emamectin B1A,False,False,False,False,1.0,True,True,0,1,,,,[H]/C1=C(/C)[C@H](O[C@H]2C[C@@H](OC)[C@@H](O[C@@H]3C[C@H](OC)[C@H](NC)[C@H](C)O3)[C@H](C)O2)[C@@H](C)/C([H])=C([H])/C([H])=C2\CO[C@@]3([H])[C@H](O)C(C)=C[C@@]([H])(C(=O)O[C@]4([H])C[C@]([H])(C1)O[C@]1(C=C[C@H](C)C([C@@H](C)CC)O1)C4)[C@]23O
emtricitabine_cid60877,,,emtricitabine_cid60877.png,low,low,0.781609504185645,wrong,,Emtricitabine,0.976,16,16,exact,exact,Emtricitabine,False,True,False,False,1.0,False,False,4,3,[HH].[HH],,,Nc1nc(=O)n([C@@H]2CS[C@H](CO)O2)cc1F.[HH].[HH]
encorafenib_cid50922675,,,encorafenib_cid50922675.png,high,high,0.9105241764463696,exact,Encorafenib,Encorafenib,1.0,36,36,exact,exact,Encorafenib,False,False,False,False,1.0,True,True,0,1,,,,COC(=O)N[C@@H](C)CNc1nccc(-c2cn(C(C)C)nc2-c2cc(Cl)cc(NS(C)(=O)=O)c2F)n1
enflurane_cid3226,,,enflurane_cid3226.png,low,low,0.8361752930280046,exact,Enflurane,Enflurane,1.0,10,10,exact,exact,Enflurane,False,False,False,False,1.0,True,True,0,1,,,,[H]C(F)(Cl)C(F)(F)OC(F)F
entecavir_cid135398508,,,entecavir_cid135398508.png,high,high,0.8770006095317685,wrong,,Entecavir,1.0,20,20,exact,exact,Entecavir,False,True,False,False,1.0,False,False,2,3,[H].[H],,,"[H].[H].[H]n1c(N)nc2c(ncn2[C@H]2C[C@H](O)[C@@H](CO)C2=C)c1=O |^1:0,1|"
entrectinib_cid25141092,,,entrectinib_cid25141092.png,high,high,0.894296472622754,exact,Entrectinib,Entrectinib,1.0,41,41,exact,exact,Entrectinib,False,False,False,False,1.0,True,True,0,1,,,,[H]n1nc(NC(=O)c2ccc(N3CCN(C)CC3)cc2NC2CCOCC2)c2cc(Cc3cc(F)cc(F)c3)ccc21
eptaplatin_cid119378,,,eptaplatin_cid119378.png,high,high,0.8435336359876204,wrong,,Eptaplatin,0.931,19,20,near,near,,False,False,False,False,0.931,False,False,7,5,[HH].[HH].[HH],,,CC(C)C1O[C@H](CN)[C@@H](CN)O1.O=C([O-])CC(=O)[O-].[HH].[HH].[HH]
eptifibatide_cid448812,,,eptifibatide_cid448812.png,low,low,0.002618212774949156,invalid,,,,,,invalid,invalid,,False,False,False,False,,False,,,,,,,[H].[H].[H].[H].[H].[H].[H].[H].[H].[H]NC(=O)C(CC(=O)O)NC(=O)CNC1N234C56([H])CC78CN59C25(C2=O=C5(=O)N[CH]15%10(CCCCN=C(N)N[H])N2C(C935=O)C4%10(=O)(=O)N1[H]NC(=O)C(CC(=O)O)NC(=O)C1)C7*C86 |$;;;;;;;;;;;;;;;;;;;;;;;;;;;;;;;;;;;;;;;;;;;;;;;;;;;;;;;;;;;;;;;;;;;;;Z;$|
ergometrine_cid443884,,,ergometrine_cid443884.png,low,low,0.8208107635507238,exact,Ergometrine,Ergometrine,1.0,24,24,exact,exact,Ergometrine,False,False,False,False,1.0,True,True,0,1,,,,[H]OC[C@H](C)N([H])C(=O)[C@@H]1C=C2c3cccc4[nH]cc(c34)C[C@@]2([H])N(C)C1
ertugliflozin_cid44814423,,,ertugliflozin_cid44814423.png,high,high,0.8530550524621572,wrong,,Ertugliflozin,1.0,30,30,exact,exact,Ertugliflozin,False,True,False,False,1.0,False,False,3,4,[H].[H].[H],,,"CCOc1ccc(Cc2cc([C@]34OC[C@](CO)(O3)[C@@H](O)[C@H](O)[C@H]4O)ccc2Cl)cc1.[H].[H].[H] |^1:30,31,32|"
esmolol_hydrochloride_cid104769,,,esmolol_hydrochloride_cid104769.png,high,high,0.8886381852918454,wrong,,Esmolol Hydrochloride,0.976,22,22,exact,exact,Esmolol Hydrochloride,False,True,False,False,1.0,False,False,2,4,[H].[H],,,"COC(=O)CCc1ccc(OCC(O)CNC(C)C)cc1.[H].[H].[H]Cl |^1:21,22|"
etelcalcetide_cid71511839,,,etelcalcetide_cid71511839.png,low,low,0.1176263238786393,wrong,,Etelcalcetide,0.75,71,71,wrong,wrong,,False,False,False,False,0.75,False,False,2,2,,,,[H]N/C(N)=N\CCC[C@@H](NC(=O)[C@H](C)NC(=O)[C@@H](CCCN=C(N)N)NC(=O)[C@@H](CCCN=C(N)N)NC(=O)[C@@H](CCC/N=C(/N)N[H])NC(=O)[C@H](C)NC(=O)[C@H](CS)NC(C)=O)C(N)=O.[H]N[C@@H](CS)C(=O)O
ethaselen_cid10387485,,,ethaselen_cid10387485.png,high,high,0.8930815618393753,exact,Ethaselen,Ethaselen,1.0,22,22,exact,exact,Ethaselen,False,False,False,False,1.0,True,True,0,1,,,,O=c1c2ccccc2[se]n1CCn1[se]c2ccccc2c1=O
ethinylestradiol_cid5991,,,ethinylestradiol_cid5991.png,low,low,0.6188321454022899,wrong,,Ethinylestradiol,0.977,22,22,exact,exact,Ethinylestradiol,False,True,False,False,1.0,False,False,2,3,[H].[H],,,"[H].[H].[H][C@@]12CC[C@@](O)(C#C)[C@@]1(C)CC[C@]1([H])c3ccc(O)cc3CC[C@@]21[H] |^1:0,1|"
etomidate_cid667484,,,etomidate_cid667484.png,high,high,0.8706983502139609,exact,Etomidate,Etomidate,1.0,18,18,exact,exact,Etomidate,False,False,False,False,1.0,True,True,0,1,,,,CCOC(=O)c1cncn1[C@H](C)c1ccccc1
etoricoxib_cid123619,,,etoricoxib_cid123619.png,high,high,0.9122337354497381,exact,Etoricoxib,Etoricoxib,1.0,24,24,exact,exact,Etoricoxib,False,False,False,False,1.0,True,True,0,1,,,,Cc1ccc(-c2ncc(Cl)cc2-c2ccc(S(C)(=O)=O)cc2)cn1
etrasimod_cid44623998,,,etrasimod_cid44623998.png,high,high,0.8982997237007133,exact,Etrasimod,Etrasimod,1.0,33,33,exact,exact,Etrasimod,False,False,False,False,1.0,True,True,0,1,,,,O=C(O)C[C@H]1CCc2c1[nH]c1ccc(OCc3ccc(C4CCCC4)c(C(F)(F)F)c3)cc21
etretinate_cid5282375,,,etretinate_cid5282375.png,high,high,0.8683213794769663,exact,Etretinate,Etretinate,1.0,26,26,exact,exact,Etretinate,False,False,False,False,1.0,True,True,0,1,,,,[H]/C(C(=O)OCC)=C(C)\C([H])=C([H])\C([H])=C(C)\C([H])=C(/[H])c1c(C)cc(OC)c(C)c1C
exatecan_cid151115,,,exatecan_cid151115.png,high,high,0.877696084464746,exact,Exatecan,Exatecan,1.0,32,32,exact,exact,Exatecan,False,False,False,False,1.0,True,True,0,1,,,,[H]N[C@H]1CCc2c(C)c(F)cc3nc4c(c1c23)Cn1c-4cc2c(c1=O)COC(=O)[C@]2(O)CC
febuxostat_cid134018,,,febuxostat_cid134018.png,high,high,0.8822147881305814,wrong,,Febuxostat,0.574,22,22,wrong,wrong,,False,False,False,False,0.574,False,False,0,1,,,,[H]OC(=O)C1=C(C)N=C(c2ccc(OCC(C)C)c(C#N)c2)[S-]1 |^1:22|
fedratinib_cid16722836,,,fedratinib_cid16722836.png,high,high,0.9057540973669905,exact,Fedratinib,Fedratinib,1.0,37,37,exact,exact,Fedratinib,False,False,False,False,1.0,True,True,0,1,,,,Cc1cnc(Nc2ccc(OCCN3CCCC3)cc2)nc1Nc1cccc(S(=O)(=O)NC(C)(C)C)c1
felypressin_cid14257662,,,felypressin_cid14257662.png,low,low,0.01881774725479913,wrong,,Felypressin,0.414,99,72,wrong,wrong,,False,False,False,False,0.414,False,False,58,2,,,,"[H]NC(=O)C[C@H](NC[CH]NC[C@H](C[CH]C([H])=O)NC(=O)[CH]CC/C=C\C)C(=O)N[C@@H](CS)C(N)=O.[H]NCCCC[C@H](NC(=O)[C@@H]1CCCN1C(=O)[C@H](CS)NC(=O)[C@H](CC(=O)N[H])NC(=O)[C@H](CCC(N)=O)NC(=O)[C@@H]1CC(C([H])=O)/C=C\C=C/[C@H](Cc2ccccc2)C(=O)N1)C(=O)NCC(=O)N[H] |^1:8,13,20|"
fenebrutinib_cid86567195,,,fenebrutinib_cid86567195.png,high,high,0.9116503487523958,exact,Fenebrutinib,Fenebrutinib,1.0,49,49,exact,exact,Fenebrutinib,False,False,False,False,1.0,True,True,0,1,,,,C[C@H]1CN(C2COC2)CCN1c1ccc(Nc2cc(-c3ccnc(N4CCn5c(cc6c5CC(C)(C)C6)C4=O)c3CO)cn(C)c2=O)nc1
fenoterol_cid3343,,,fenoterol_cid3343.png,high,high,0.898805080561981,exact,Fenoterol,Fenoterol,1.0,22,22,exact,exact,Fenoterol,False,False,False,False,1.0,True,True,0,1,,,,[H]Oc1ccc(CC([H])(C)NCC([H])(O[H])c2cc(O[H])cc(O[H])c2)cc1
ferric_maltol_cid169535,,,ferric_maltol_cid169535.png,high,high,0.8977058399845839,wrong,,Ferric Maltol,0.677,28,28,wrong,wrong,,False,False,False,False,0.677,False,True,0,3,,Cc1occc(=O)c1[O-],,Cc1occc(=O)c1[O-].Cc1occc(=O)c1[O-].Cc1occc(=O)c1[O-][Fe+3] |C:26.27|
ferroquine_cid140118553,,,ferroquine_cid140118553.png,low,low,0.5471831625735489,wrong,,Ferroquine,0.427,28,28,wrong,wrong,,False,False,False,False,0.427,False,False,0,1,,,,[H][C]1([Fe+][C@@]2(CNc3ccnc4cc(Cl)ccc34)C=CC=C2CN(C)C)C=CC=C1
ferrous_fumarate_cid6433164,,,ferrous_fumarate_cid6433164.png,high,high,0.897501108595706,wrong,,Ferrous Fumarate,0.833,9,9,wrong,near,,False,False,False,True,0.833,False,False,0,2,,,[Fe+4],[Fe+4].[H]/C(C(=O)[O-])=C(/[H])C(=O)[O-]
fesoterodine_fumarate_cid9849808,,,fesoterodine_fumarate_cid9849808.png,high,high,0.8988720499843172,exact,Fesoterodine Fumarate,Fesoterodine Fumarate,1.0,38,38,exact,exact,Fesoterodine Fumarate,False,False,False,False,1.0,True,True,0,2,,,,CC(C)C(=O)Oc1ccc(CO)cc1[C@H](CCN(C(C)C)C(C)C)c1ccccc1.[H]/C(C(=O)O)=C(/[H])C(=O)O
fevipiprant_cid23582412,,,fevipiprant_cid23582412.png,high,high,0.8976229773271636,exact,Fevipiprant,Fevipiprant,1.0,29,29,exact,exact,Fevipiprant,False,False,False,False,1.0,True,True,0,1,,,,Cc1c(CC(=O)O)c2cccnc2n1Cc1ccc(S(C)(=O)=O)cc1C(F)(F)F
fexinidazole_cid68792,,,fexinidazole_cid68792.png,high,high,0.8957543127939444,wrong,,Fexinidazole,0.696,19,19,wrong,wrong,,False,False,False,False,0.696,False,False,0,1,,,,C[S-]c1ccc(OCc2ncc([N+](=O)[O-])n2C)cc1 |^1:1|
fingolimod_cid107970,,,fingolimod_cid107970.png,high,high,0.8728179767894089,wrong,,Fingolimod,0.967,22,22,exact,exact,Fingolimod,False,True,False,False,1.0,False,False,6,4,[HH].[HH].[HH],,,CCCCCCCCc1ccc(CCC(N)(CO)CO)cc1.[HH].[HH].[HH]
floxuridine_cid5790,,,floxuridine_cid5790.png,high,high,0.8709409687113984,exact,Floxuridine,Floxuridine,1.0,17,17,exact,exact,Floxuridine,False,False,False,False,1.0,True,True,0,1,,,,[H]OC[C@H]1O[C@@H](n2cc(F)c(=O)n([H])c2=O)C[C@@H]1O[H]
fludarabine_cid657237,,,fludarabine_cid657237.png,high,high,0.8688080854622177,wrong,,Fludarabine,1.0,20,20,exact,exact,Fludarabine,False,True,False,False,1.0,False,False,3,4,[H].[H].[H],,,"[H].[H].[H].[H]OC[C@H]1O[C@@H](n2cnc3c(N)nc(F)nc32)[C@@H](O)[C@@H]1O |^1:0,1,2|"
flunitrazepam_cid3380,,,flunitrazepam_cid3380.png,high,high,0.9015407723895852,exact,Flunitrazepam,Flunitrazepam,1.0,23,23,exact,exact,Flunitrazepam,False,False,False,False,1.0,True,True,0,1,,,,CN1C(=O)CN=C(c2ccccc2F)c2cc([N+](=O)[O-])ccc21
fluoxymesterone_cid6446,,,fluoxymesterone_cid6446.png,low,low,0.5690902516291428,exact,Fluoxymesterone,Fluoxymesterone,1.0,24,24,exact,exact,Fluoxymesterone,False,False,False,False,1.0,True,True,0,1,,,,[H]O[C@H]1C[C@@]2(C)[C@@]([H])(CC[C@]2(C)O)[C@]2([H])CCC3=CC(=O)CC[C@]3(C)[C@@]12F
fluphenazine_cid3372,,,fluphenazine_cid3372.png,high,high,0.9059726084551919,exact,Fluphenazine,Fluphenazine,1.0,30,30,exact,exact,Fluphenazine,False,False,False,False,1.0,True,True,0,1,,,,[H]OCCN1CCN(CCCN2c3ccccc3Sc3ccc(C(F)(F)F)cc32)CC1
flurithromycin_cid71260,,,flurithromycin_cid71260.png,low,low,0.837679393098248,wrong,,Flurithromycin,1.0,52,52,exact,exact,Flurithromycin,False,True,False,False,1.0,False,False,2,3,[H].[H],,,"[H].[H].[H]O[C@]1(C)C[C@](C)(F)C(=O)[C@H](C)[C@@H](O)[C@](C)(O)[C@@H](CC)OC(=O)[C@H](C)[C@@H](O[C@H]2C[C@@](C)(OC)[C@@H](O)[C@H](C)O2)[C@H](C)[C@H]1O[C@@H]1O[C@H](C)C[C@H](N(C)C)[C@H]1O |^1:0,1|"
formaldehyde_cid712,,,formaldehyde_cid712.png,low,low,0.6955600904796844,wrong,,Formaldehyde,0.25,2,2,wrong,wrong,,False,False,False,False,0.25,False,False,4,1,,,,[H]C([H])=C
fosfluconazole_cid214356,,,fosfluconazole_cid214356.png,high,high,0.8525210584647719,exact,Fosfluconazole,Fosfluconazole,1.0,26,26,exact,exact,Fosfluconazole,False,False,False,False,1.0,True,True,0,1,,,,[H]OP(=O)(O)OC(Cn1cncn1)(Cn1cncn1)c1ccc(F)cc1F
frovatriptan_succinate_cid152943,,,frovatriptan_succinate_cid152943.png,high,high,0.8802564934137844,wrong,,Frovatriptan Succinate,0.96,26,27,salt,salt,Frovatriptan Succinate,False,True,False,False,0.98,False,False,4,7,[H].[H].[H].[H].[H],,,"O=C(O)CCC(=O)O.[H].[H].[H].[H].[H].[H]N(C)[C@@H]1CCc2[nH]c3ccc(C(N)=O)cc3c2C1 |^1:8,9,10,11,12|"
fulvestrant_cid104741,,,fulvestrant_cid104741.png,low,low,0.3945821993390889,wrong,,Fulvestrant,0.783,40,41,wrong,wrong,,False,False,False,False,0.783,False,False,1,1,,,,[H][C@@]12CC[C@@H](O)[C@@]1(C)CC[C@]1([H])c3ccc(O)cc3C[C@@H](CCCCCCCCCSCCCC(F)(F)C(F)(F)F)[C@]21[H]
furazolidone_cid5323714,,,furazolidone_cid5323714.png,high,high,0.8824800209603388,exact,Furazolidone,Furazolidone,1.0,16,16,exact,exact,Furazolidone,False,False,False,False,1.0,True,True,0,1,,,,[H]/C(=N\N1CCOC1=O)c1ccc([N+](=O)[O-])o1
gabapentin_enacarbil_cid9883933,,,gabapentin_enacarbil_cid9883933.png,high,high,0.9048667435855646,exact,Gabapentin Enacarbil,Gabapentin Enacarbil,1.0,23,23,exact,exact,Gabapentin Enacarbil,False,False,False,False,1.0,True,True,0,1,,,,[H]N(CC1(CC(=O)O)CCCCC1)C(=O)OC(C)OC(=O)C(C)C
gantacurium_cid10102486,,,gantacurium_cid10102486.png,low,low,0.7489570959598953,invalid,,,,,,invalid,invalid,,False,False,False,False,,False,,,,,,,COC1=CC(CC2C3=CC(OC)=C(OC)C=C3CC[N+]2(C)CCCOC(=O)C(Cl)=CC(=O)OCCCN2(C)CCC3=CC(OC)=C(OC)C=C3C2C2=CC(OC)=C(OC)C(OC)=C2)=CC(OC)=C1OC
gemigliptin_cid11953153,,,gemigliptin_cid11953153.png,high,high,0.9028425143041723,exact,Gemigliptin,Gemigliptin,1.0,33,33,exact,exact,Gemigliptin,False,False,False,False,1.0,True,True,0,1,,,,N[C@@H](CC(=O)N1CCc2c(nc(C(F)(F)F)nc2C(F)(F)F)C1)CN1CC(F)(F)CCC1=O
gilteritinib_cid49803313,,,gilteritinib_cid49803313.png,high,high,0.8991964030355755,wrong,,Gilteritinib,0.986,40,40,exact,exact,Gilteritinib,False,True,False,False,1.0,False,False,2,3,[H].[H],,,"CCc1nc(C(N)=O)c(Nc2ccc(N3CCC(N4CCN(C)CC4)CC3)c(OC)c2)nc1NC1CCOCC1.[H].[H] |^1:40,41|"
giredestrant_cid121410806,,,giredestrant_cid121410806.png,high,high,0.8924556134855969,exact,Giredestrant,Giredestrant,1.0,37,37,exact,exact,Giredestrant,False,False,False,False,1.0,True,True,0,1,,,,C[C@@H]1Cc2c([nH]c3ccccc23)[C@@H](c2c(F)cc(NC3CN(CCCF)C3)cc2F)N1CC(F)(F)CO
givinostat_cid9804992,,,givinostat_cid9804992.png,high,high,0.9121014654034252,exact,Givinostat,Givinostat,1.0,31,31,exact,exact,Givinostat,False,False,False,False,1.0,True,True,0,1,,,,CCN(CC)Cc1ccc2cc(COC(=O)Nc3ccc(C(=O)NO)cc3)ccc2c1
glasdegib_cid25166913,,,glasdegib_cid25166913.png,high,high,0.9001884570025773,wrong,,Glasdegib,0.983,28,28,stereo,stereo,Glasdegib,False,True,False,False,1.0,False,False,1,2,[H],,,[H].[H][C@@]1(c2nc3ccccc3[nH]2)C[C@H](NC(=O)Nc2ccc(C#N)cc2)CCN1C |^1:0|
glutaraldehyde_cid3485,,,glutaraldehyde_cid3485.png,high,high,0.8743299793014567,exact,Glutaraldehyde,Glutaraldehyde,1.0,7,7,exact,exact,Glutaraldehyde,False,False,False,False,1.0,True,True,0,1,,,,[H]C(=O)CCCC([H])=O
glycolic_acid_cid757,,,glycolic_acid_cid757.png,low,low,0.8409308610764389,exact,Glycolic Acid,Glycolic Acid,1.0,5,5,exact,exact,Glycolic Acid,False,False,False,False,1.0,True,True,0,1,,,,[H]OCC(=O)O[H]
gonadorelin_cid638793,,,gonadorelin_cid638793.png,low,low,0.1261438182521386,stereo,Gonadorelin,Gonadorelin,1.0,85,85,stereo,stereo,Gonadorelin,False,False,False,False,1.0,True,True,0,1,,,,CC(C)C[C@H](NC(=O)CNC(=O)C(Cc1ccc(O)cc1)NC(=O)[C@H](CO)NC(=O)[C@H](Cc1c[nH]c2ccccc12)NC(=O)[C@H](Cc1cnc[nH]1)NC(=O)[C@@H]1CCC(=O)N1)C(=O)N[C@@H](CCCN=C(N)N)C(=O)N1CCC[C@H]1C(=O)NCC(N)=O
grazoprevir_cid44603531,,,grazoprevir_cid44603531.png,low,low,0.004815763220172867,invalid,,,,,,invalid,invalid,,False,False,False,False,,False,,,,,,,[H]C12CC(C(=O)NC3(C(=O)NS(=O)(=O)C4CC4)CC3C=C)N(C1)C(=N)(=O)C1([H])NC3=O=C4(=O)(NC([H])(C(C)(C)C)C1(C)(C)C)OC15([H])(C)C6([H])CCCCC7C8C(CCCCC9([H])C([H])(C961)O345)C713=NC4=C(C=C(OC)C=C4)N=C1(=NC1=C(=N=38)C=CC(OC)=C1)O2
halofantrine_hydrochloride_cid37392,,,halofantrine_hydrochloride_cid37392.png,high,high,0.9073944007809599,exact,(+-)-Halofantrine hydrochloride,(+-)-Halofantrine hydrochloride,1.0,34,34,exact,exact,(+-)-Halofantrine hydrochloride,False,False,False,False,1.0,True,True,0,2,,,,CCCCN(CCCC)CCC(O)c1cc2c(Cl)cc(Cl)cc2c2cc(C(F)(F)F)ccc12.[H]Cl
haloprogin_cid3561,,,haloprogin_cid3561.png,low,low,0.8400449029882404,exact,Haloprogin,Haloprogin,1.0,14,14,exact,exact,Haloprogin,False,False,False,False,1.0,True,True,0,1,,,,Clc1cc(Cl)c(OCC#CI)cc1Cl
henagliflozin_cid56832738,,,henagliflozin_cid56832738.png,high,high,0.8676629126965293,wrong,,Henagliflozin,1.0,31,31,exact,exact,Henagliflozin,False,True,False,False,1.0,False,False,4,5,[H].[H].[H].[H],,,"CCOc1ccc(Cc2cc([C@@]34OC[C@@](CO)(O3)[C@@H](O)[C@H](O)[C@H]4O)ccc2Cl)cc1F.[H].[H].[H].[H] |^1:31,32,33,34|"
hexachlorocyclohexane_cid727,,,hexachlorocyclohexane_cid727.png,high,high,0.873029567665511,exact,Hexachlorocyclohexane,Hexachlorocyclohexane,1.0,12,12,exact,exact,Hexachlorocyclohexane,False,False,False,False,1.0,True,True,0,1,,,,ClC1C(Cl)C(Cl)C(Cl)C(Cl)C1Cl
hexestrol_cid192197,,,hexestrol_cid192197.png,high,high,0.8523799096846336,wrong,,Hexestrol,0.95,20,20,exact,exact,Hexestrol,False,True,False,False,1.0,False,False,2,2,[HH],,,CC[C@H](c1ccc(O)cc1)[C@@H](CC)c1ccc(O)cc1.[HH]
hexoprenaline_cid3609,,,hexoprenaline_cid3609.png,high,high,0.9085414596329948,exact,Hexoprenaline,Hexoprenaline,1.0,30,30,exact,exact,Hexoprenaline,False,False,False,False,1.0,True,True,0,1,,,,Oc1ccc(C(O)CNCCCCCCNCC(O)c2ccc(O)c(O)c2)cc1O
histrelin_cid25077993,,,histrelin_cid25077993.png,low,low,0.07152778732850369,invalid,,,,,,invalid,invalid,,False,False,False,False,,False,,,,,,,[H]NC(N)=NCCCC(NC(=O)C(CC(C)C)NC(=O)C(CC1=CN(CC2=CC=CC=C2)C=N1)NC(=O)C(CC1=CC=C(O)C=C1)NC(=O)C(CO[H])NC(=O)C(CC1=CN2C3=CC=CC=C132)NC(=O)C(CC1=CN=CN1)NC(=O)C1CCC(=O)N1)C(=O)N1CCCC1C(=O)NCC
iberdomide_cid67335295,,,iberdomide_cid67335295.png,high,high,0.8966766911795155,exact,Iberdomide,Iberdomide,1.0,33,33,exact,exact,Iberdomide,False,False,False,False,1.0,True,True,0,1,,,,[H]N1C(=O)CC[C@H](N2Cc3c(OCc4ccc(CN5CCOCC5)cc4)cccc3C2=O)C1=O
iclepertin_cid155259577,,,iclepertin_cid155259577.png,high,high,0.878920280304394,exact,Iclepertin,Iclepertin,1.0,34,34,exact,exact,Iclepertin,False,False,False,False,1.0,True,True,0,1,,,,[H][C@]12CN(C(=O)c3cc(S(C)(=O)=O)ccc3O[C@H](C)C(F)(F)F)C[C@@]1(c1cc(C(F)(F)F)on1)C2
icotinib_cid22024915,,,icotinib_cid22024915.png,high,high,0.9066914459896076,wrong,,Icotinib,0.979,29,29,exact,exact,Icotinib,False,True,False,False,1.0,False,False,1,2,[H],,,C#Cc1cccc(Nc2ncnc3cc4c(cc23)OCCOCCOCCO4)c1.[H] |^1:29|
idarubicin_cid42890,,,idarubicin_cid42890.png,high,high,0.8918289421553188,exact,Idarubicin,Idarubicin,1.0,36,36,exact,exact,Idarubicin,False,False,False,False,1.0,True,True,0,1,,,,[H]N[C@H]1C[C@H](O[C@H]2C[C@](O)(C(C)=O)Cc3c(O[H])c4c(c(O[H])c32)C(=O)c2ccccc2C4=O)O[C@@H](C)[C@H]1O[H]
idelalisib_cid11625818,,,idelalisib_cid11625818.png,high,high,0.9041248517835484,exact,Idelalisib,Idelalisib,1.0,31,31,exact,exact,Idelalisib,False,False,False,False,1.0,True,True,0,1,,,,CC[C@H](Nc1ncnc2nc[nH]c12)c1nc2cccc(F)c2c(=O)n1-c1ccccc1
ilaprazole_cid214351,,,ilaprazole_cid214351.png,high,high,0.8983391796802894,exact,Ilaprazole,Ilaprazole,1.0,26,26,exact,exact,Ilaprazole,False,False,False,False,1.0,True,True,0,1,,,,COc1ccnc(CS(=O)c2nc3ccc(-n4cccc4)cc3[nH]2)c1C
iloperidone_cid71360,,,iloperidone_cid71360.png,high,high,0.9106890336251072,exact,Iloperidone,Iloperidone,1.0,31,31,exact,exact,Iloperidone,False,False,False,False,1.0,True,True,0,1,,,,COc1cc(C(C)=O)ccc1OCCCN1CCC(c2noc3cc(F)ccc23)CC1
imeglimin_cid24812808,,,imeglimin_cid24812808.png,high,high,0.8810770644996314,exact,Imeglimin,Imeglimin,1.0,11,11,exact,exact,Imeglimin,False,False,False,False,1.0,True,True,0,1,,,,[H]N([H])C1=N[C@@H](C)N=C(N(C)C)N1[H]
indacaterol_cid6918554,,,indacaterol_cid6918554.png,high,high,0.8972378095969137,wrong,,Indacaterol,0.98,29,29,exact,exact,Indacaterol,False,True,False,False,1.0,False,False,2,3,[H].[H],,,"[H].[H].[H]n1c(=O)ccc2c([C@@H](O)CNC3Cc4cc(CC)c(CC)cc4C3)ccc(O)c21 |^1:0,1|"
indoximod_cid405012,,,indoximod_cid405012.png,high,high,0.8661129188029504,exact,Indoximod,Indoximod,1.0,16,16,exact,exact,Indoximod,False,False,False,False,1.0,True,True,0,1,,,,[H]N[C@H](Cc1cn(C)c2ccccc12)C(=O)O[H]
infigratinib_cid53235510,,,infigratinib_cid53235510.png,high,high,0.9014622837507957,exact,Infigratinib,Infigratinib,1.0,38,38,exact,exact,Infigratinib,False,False,False,False,1.0,True,True,0,1,,,,CCN1CCN(c2ccc(Nc3cc(N(C)C(=O)Nc4c(Cl)c(OC)cc(OC)c4Cl)ncn3)cc2)CC1
ipragliflozin_cid10453870,,,ipragliflozin_cid10453870.png,high,high,0.8773403880570664,wrong,,Ipragliflozin,0.574,28,28,wrong,wrong,,False,False,False,False,0.574,False,False,0,1,,,,[H]OC[C@H]1O[C@@H](c2ccc(F)c(CC3=Cc4ccccc4[S-]3)c2)[C@H](O[H])[C@@H](O[H])[C@@H]1O[H] |^1:21|
isavuconazole_cid6918485,,,isavuconazole_cid6918485.png,high,high,0.9016918150936094,exact,Isavuconazole,Isavuconazole,1.0,31,31,exact,exact,Isavuconazole,False,False,False,False,1.0,True,True,0,1,,,,C[C@@H](c1nc(-c2ccc(C#N)cc2)cs1)[C@](O)(Cn1cncn1)c1cc(F)ccc1F
isepamicin_cid3037209,,,isepamicin_cid3037209.png,low,low,0.7738859266045962,wrong,,Isepamicin,1.0,39,39,exact,exact,Isepamicin,False,True,False,False,1.0,False,False,12,13,[H].[H].[H].[H].[H].[H].[H].[H].[H].[H].[H].[H],,,"[H].[H].[H].[H].[H].[H].[H].[H].[H].[H].[H].[H].[H]O[C@H]1[C@@H](O[C@H]2[C@H](O)[C@@H](O[C@H]3OC[C@](C)(O)[C@H](NC)[C@H]3O)[C@H](NC(=O)[C@@H](O)CN)C[C@@H]2N)O[C@H](CN)[C@@H](O[H])[C@@H]1O |^1:0,1,2,3,4,5,6,7,8,9,10,11|"
ivabradine_hydrochloride_cid3045381,,,ivabradine_hydrochloride_cid3045381.png,high,low,0.9147567445221949,invalid,,,,,,invalid,invalid,,False,False,False,False,,False,,,,,,,COC1=C(OC)C=C2CC(=O)N(CCCN(C)CC3CC4=CC(OC)=C(OC)C=C43)CCC2=C1.[H][Cl-]
ivermectin_b1a_cid6321424,,,ivermectin_b1a_cid6321424.png,low,low,0.1213973096986147,stereo,Ivermectin B1a,Ivermectin B1a,1.0,62,62,stereo,stereo,Ivermectin B1a,False,False,False,False,1.0,True,True,0,1,,,,[H]/C1=C(/C)[C@H](O[C@H]2C[C@@H](OC)[C@@H](O[C@H]3C[C@@H](OC)[C@@H](O)[C@H](C)O3)[C@H](C)O2)[C@@H](C)/C([H])=C([H])/C([H])=C2\CO[C@@]3([H])[C@H](O)C(C)=C[C@@]([H])(C(=O)O[C@]4([H])C[C@]([H])(C1)O[C@]1(CC[C@H](C)[C@@]([H])([C@@H](C)CC)O1)C4)[C@]23O
ketoconazole_cid47576,,,ketoconazole_cid47576.png,high,high,0.9004040078164496,exact,Ketoconazole,Ketoconazole,1.0,36,36,exact,exact,Ketoconazole,False,False,False,False,1.0,True,True,0,1,,,,CC(=O)N1CCN(c2ccc(OC[C@@H]3CO[C@@](Cn4ccnc4)(c4ccc(Cl)cc4Cl)O3)cc2)CC1
ketoprofen_cid3825,,,ketoprofen_cid3825.png,high,high,0.8926537903802314,exact,Ketoprofen,Ketoprofen,1.0,19,19,exact,exact,Ketoprofen,False,False,False,False,1.0,True,True,0,1,,,,[H]OC(=O)C(C)c1cccc(C(=O)c2ccccc2)c1
l_folinic_acid_cid135398559,,,l_folinic_acid_cid135398559.png,high,high,0.8855947591324509,wrong,,L-Folinic acid,0.985,34,34,exact,exact,L-Folinic acid,False,True,False,False,1.0,False,False,4,5,[H].[H].[H].[H],,,"[H].[H].[H].[H].[H]C(=O)N1c2c(nc(N)[nH]c2=O)NC[C@@H]1CNc1ccc(C(=O)N[C@@H](CCC(=O)O)C(=O)O)cc1 |^1:0,1,2,3|"
lacosamide_cid219078,,,lacosamide_cid219078.png,high,high,0.9019027982998811,exact,Lacosamide,Lacosamide,1.0,18,18,exact,exact,Lacosamide,False,False,False,False,1.0,True,True,0,1,,,,COC[C@@H](NC(C)=O)C(=O)NCc1ccccc1
lactic_acid_cid612,,,lactic_acid_cid612.png,high,high,0.8712881988888873,exact,Lactic Acid,Lactic Acid,1.0,6,6,exact,exact,Lactic Acid,False,False,False,False,1.0,True,True,0,1,,,,[H]OC(=O)C([H])(C)O[H]
landiolol_hydrochloride_cid164457,,,landiolol_hydrochloride_cid164457.png,high,high,0.844536497392494,stereo,Landiolol Hydrochloride,Landiolol Hydrochloride,1.0,37,37,stereo,stereo,Landiolol Hydrochloride,False,False,False,False,1.0,True,True,0,2,,,,CC1(C)OC[C@@H](COC(=O)CCc2ccc(OC[C@H](O)CNCCNC(=O)N3CCOCC3)cc2)O1.[H]Cl
larotrectinib_cid46188928,,,larotrectinib_cid46188928.png,high,high,0.9025206699931967,exact,Larotrectinib,Larotrectinib,1.0,31,31,exact,exact,Larotrectinib,False,False,False,False,1.0,True,True,0,1,,,,[H]O[C@H]1CCN(C(=O)Nc2cnn3ccc(N4CCC[C@@H]4c4cc(F)ccc4F)nc23)C1
lasmiditan_cid11610526,,,lasmiditan_cid11610526.png,high,high,0.8900638620394237,exact,Lasmiditan,Lasmiditan,1.0,27,27,exact,exact,Lasmiditan,False,False,False,False,1.0,True,True,0,1,,,,CN1CCC(C(=O)c2cccc(NC(=O)c3c(F)cc(F)cc3F)n2)CC1
lenacapavir_cid133082658,,,lenacapavir_cid133082658.png,low,low,0.3341955930249838,invalid,,,,,,invalid,invalid,,False,False,False,False,,False,,,,,,,[H]C12C3CC31([H])C1=C(N(CC(=O)NC(CC3=CC(F)=CC(F)=C3)C3=C(C4=C5C(=C(Cl)C=C4)C(NS(C)(=O)=O)=NN5CC(F)(F)F)C=CC(C#CC(C)(C)S(C)(=O)=O)=N3)N=C1C(F)(F)F)C2(F)F
lenvatinib_cid9823820,,,lenvatinib_cid9823820.png,high,high,0.8872882373029631,exact,Lenvatinib,Lenvatinib,1.0,30,30,exact,exact,Lenvatinib,False,False,False,False,1.0,True,True,0,1,,,,COc1cc2nccc(Oc3ccc(NC(=O)NC4CC4)c(Cl)c3)c2cc1C(N)=O
levobunolol_cid39468,,,levobunolol_cid39468.png,high,high,0.9005230739208987,exact,Levobunolol,Levobunolol,1.0,21,21,exact,exact,Levobunolol,False,False,False,False,1.0,True,True,0,1,,,,CC(C)(C)NC[C@H](O)COc1cccc2c1CCCC2=O
levodropropizine_cid65859,,,levodropropizine_cid65859.png,high,high,0.9000857213616115,wrong,,Levodropropizine,0.967,17,17,exact,exact,Levodropropizine,False,True,False,False,1.0,False,False,1,2,[H],,,[H].[H]OC[C@@H](O)CN1CCN(c2ccccc2)CC1 |^1:0|
levosimendan_cid3033825,,,levosimendan_cid3033825.png,high,high,0.8983775425879977,exact,Levosimendan,Levosimendan,1.0,21,21,exact,exact,Levosimendan,False,False,False,False,1.0,True,True,0,1,,,,C[C@@H]1CC(=O)NN=C1c1ccc(NN=C(C#N)C#N)cc1
linaclotide_cid16158208,,,linaclotide_cid16158208.png,low,low,1.548431405273016e-05,invalid,,,,,,invalid,invalid,,False,False,False,False,,False,,,,,,,[H]C1CSSCCC(N)C(=O)NC2([H])CNC3C(C2SC(=O)C2(C(N)=CC=C)(C4=O=C2([CH])(=O)N4)C([H])C(=O)N[CH]2(C(C)(O)C(=O)C(C)NC(=O)C4([H])CCCN4C(=O)C(CC(N)=O)NC1=O)C(N)(=O)C1NC(=O)(=O)C(C(=O)NC(CC4=CC=C(O)C=C4)C(=O)O)NCC4=C12N4)C1C2C3C13C(O)=O=C23(=O)O
linifanib_cid11485656,,,linifanib_cid11485656.png,high,high,0.8624179336178027,wrong,,Linifanib,0.963,28,28,exact,exact,Linifanib,False,True,False,False,1.0,False,False,7,5,[HH].[HH].[HH].[H],,,Cc1ccc(F)c(NC(=O)Nc2ccc(-c3cccc4[nH]nc(N)c34)cc2)c1.[HH].[HH].[HH].[H] |^1:31|
lipid_a_504_cid10877033,,,lipid_a_504_cid10877033.png,low,low,5.469258968948594e-10,invalid,,,,,,invalid,invalid,,False,False,False,False,,False,,,,,,,*CC[CH]1(*)(C)(CCCCCCCCCCC)C(CCCCCC)C(*)C1C(*)[CH]CC(O)C1C(CCCCCCCC23C456C78C9%10%11C4%12C274%13C59C38%12%104C6%11%13)C[CH]1(O)CC=C1C([CH])OC1C1C2[CH]C1[CH]2(CCCCCCCCCCC)CCOC1[CH]23C(=C(CCCCCCCCCCCCC)CNCCCCCCCCCCCCCC)[CH]12O3C(*)=O |$Me;;;;Me;;;;;;;;;;;;;;;;;;;;;Me;;;Me;;;;;;;;;;;;;;;;;;;;;;;;;;;;;;;;;;;;;;;;;;;;;;;;;;;;;;;;;;;;;;;;;;;;;;;;;;;;;;;;;;;;;;;;Me;$|
lisaftoclax_cid137355972,,,lisaftoclax_cid137355972.png,high,high,0.9119610144833811,exact,Lisaftoclax,Lisaftoclax,1.0,62,62,exact,exact,Lisaftoclax,False,False,False,False,1.0,True,True,0,1,,,,O=C(NS(=O)(=O)c1ccc(NC[C@H]2COCCO2)c([N+](=O)[O-])c1)c1ccc(N2CCN(CC3=C(c4ccc(Cl)cc4)CC4(CCC4)CC3)CC2)cc1Oc1cnc2[nH]ccc2c1
lorcaserin_hydrochloride_cid11673085,,,lorcaserin_hydrochloride_cid11673085.png,high,high,0.8986173675702575,exact,Lorcaserin Hydrochloride,Lorcaserin Hydrochloride,1.0,14,14,exact,exact,Lorcaserin Hydrochloride,False,False,False,False,1.0,True,True,0,2,,,,[H]Cl.[H]N1CCc2ccc(Cl)cc2[C@@H](C)C1
lotilaner_cid76959255,,,lotilaner_cid76959255.png,high,high,0.9012023420341249,exact,Lotilaner,Lotilaner,1.0,36,36,exact,exact,Lotilaner,False,False,False,False,1.0,True,True,0,1,,,,Cc1cc(C2=NO[C@@](c3cc(Cl)c(Cl)c(Cl)c3)(C(F)(F)F)C2)sc1C(=O)NCC(=O)NCC(F)(F)F
luliconazole_cid3003141,,,luliconazole_cid3003141.png,high,high,0.8681311141921491,wrong,,Luliconazole,0.655,21,21,wrong,wrong,,False,False,False,False,0.655,False,False,0,1,,,,N#C/C(=C1/SC[C@@H](c2ccc(Cl)cc2Cl)[S-]1)n1ccnc1 |^1:15|
lumacaftor_cid16678941,,,lumacaftor_cid16678941.png,high,high,0.9098201596015876,exact,Lumacaftor,Lumacaftor,1.0,33,33,exact,exact,Lumacaftor,False,False,False,False,1.0,True,True,0,1,,,,Cc1ccc(NC(=O)C2(c3ccc4c(c3)OC(F)(F)O4)CC2)nc1-c1cccc(C(=O)O)c1
lumefantrine_cid6437380,,,lumefantrine_cid6437380.png,high,high,0.9036990986102715,exact,Lumefantrine,Lumefantrine,1.0,35,35,exact,exact,Lumefantrine,False,False,False,False,1.0,True,True,0,1,,,,[H]/C(=C1\c2cc(Cl)ccc2-c2c1cc(Cl)cc2C(O)CN(CCCC)CCCC)c1ccc(Cl)cc1
lurasidone_hydrochloride_cid11237860,,,lurasidone_hydrochloride_cid11237860.png,low,low,0.4141483319717607,invalid,,,,,,invalid,invalid,,False,False,False,False,,False,,,,,,,Cl.[H]C12C(=O)N(CC3CCCCC3CN3CCN(C4=NSC5=CC=CC=C54)CC3)C(=O)C1([H])C13([H])CCC2([H])(C1)C3
lurtotecan_cid60956,,,lurtotecan_cid60956.png,high,high,0.8921494640682176,exact,Lurtotecan,Lurtotecan,1.0,38,38,exact,exact,Lurtotecan,False,False,False,False,1.0,True,True,0,1,,,,CC[C@@]1(O)C(=O)OCc2c1cc1n(c2=O)Cc2c-1nc1cc3c(cc1c2CN1CCN(C)CC1)OCCO3
luseogliflozin_cid11988953,,,luseogliflozin_cid11988953.png,high,high,0.8676431784938994,wrong,,Luseogliflozin,0.98,30,30,exact,exact,Luseogliflozin,False,True,False,False,1.0,False,False,5,5,[HH].[H].[H].[H],,,"[HH].[H].[H].[H].[H][C@@]1(c2cc(Cc3ccc(OCC)cc3)c(C)cc2OC)S[C@H](CO)[C@@H](O)[C@H](O)[C@H]1O |^1:1,2,3|"
lypressin_cid644076,,,lypressin_cid644076.png,low,low,0.0003711962074557836,invalid,,,,,,invalid,invalid,,False,False,False,False,,False,,,,,,,[H]NCCCCC(NC(=O)C1CCCN1C(=O)C(CSSCC12345(N)CSC1C2(N)(C3S)C4C=CC=N1(C5=O)C2CC3456=CC78=C9%10(O)=C%11=C7(O9)C(=C3C(=C=4%118)C5C21)=C6=C%10)NC(=O)C(CC(N)=O)NC(=O)C(CCC(N)=O)NC(=O)C1CC(C(N)=O)NC(CC2=CC=C(O)C=C2)C(=O)N1)C(=O)NCC(=O)N[H]
macitentan_cid16004692,,,macitentan_cid16004692.png,high,high,0.909908223859533,exact,Macitentan,Macitentan,1.0,32,32,exact,exact,Macitentan,False,False,False,False,1.0,True,True,0,1,,,,CCCNS(=O)(=O)Nc1ncnc(OCCOc2ncc(Br)cn2)c1-c1ccc(Br)cc1
mafodotin_cid56949327,,,mafodotin_cid56949327.png,low,low,0.0977389371732283,invalid,,,,,,invalid,invalid,,False,False,False,False,,False,,,,,,,NC(CC1=CC=CC=C1)C(=O)O.O.[H][CH]1(C)CCCN1C(=O)CC(OC)C(C(C)CC)N(C)C(=O)C(NC(=O)C(C(C)C)N(C)C(=O)CCCCCN1C(=O)C=CC1=O)C(C)C
maribavir_cid471161,,,maribavir_cid471161.png,high,high,0.8893915521738124,exact,Maribavir,Maribavir,1.0,24,24,exact,exact,Maribavir,False,False,False,False,1.0,True,True,0,1,,,,[H]OC[C@@H]1O[C@H](n2c(NC(C)C)nc3cc(Cl)c(Cl)cc32)[C@@H](O[H])[C@H]1O[H]
mavacamten_cid117761397,,,mavacamten_cid117761397.png,low,low,0.6559765126452806,exact,Mavacamten,Mavacamten,1.0,20,20,exact,exact,Mavacamten,False,False,False,False,1.0,True,True,0,1,,,,[H]N(c1cc(=O)n(C(C)C)c(=O)n1[H])[C@@H](C)c1ccccc1
maxacalcitol_cid6398761,,,maxacalcitol_cid6398761.png,high,high,0.8565541923737792,wrong,,Maxacalcitol,1.0,30,30,exact,exact,Maxacalcitol,False,True,False,False,1.0,False,False,1,2,[H],,,[H].[H]O[C@@H]1C/C(=C([H])/C([H])=C2\CCC[C@@]3(C)[C@@]2([H])CC[C@]3([H])[C@H](C)OCCC(C)(C)O)C(=C)[C@@H](O[H])C1 |^1:0|
mebeverine_hydrochloride_cid17683,,,mebeverine_hydrochloride_cid17683.png,high,high,0.9006191685590722,exact,Mebeverine Hydrochloride,Mebeverine Hydrochloride,1.0,32,32,exact,exact,Mebeverine Hydrochloride,False,False,False,False,1.0,True,True,0,2,,,,CCN(CCCCOC(=O)c1ccc(OC)c(OC)c1)C(C)Cc1ccc(OC)cc1.[H]Cl
mechlorethamine_cid4033,,,mechlorethamine_cid4033.png,high,high,0.866068952925001,exact,Mechlorethamine,Mechlorethamine,1.0,8,8,exact,exact,Mechlorethamine,False,False,False,False,1.0,True,True,0,1,,,,CN(CCCl)CCCl
meclofenamic_acid_cid4037,,,meclofenamic_acid_cid4037.png,high,high,0.883073141108941,wrong,,Meclofenamic Acid,0.971,19,19,exact,exact,Meclofenamic Acid,False,True,False,False,1.0,False,False,2,2,[HH],,,Cc1ccc(Cl)c(Nc2ccccc2C(=O)O)c1Cl.[HH]
melphalan_cid460612,,,melphalan_cid460612.png,high,high,0.8448031377367214,wrong,,Melphalan,0.97,19,19,exact,exact,Melphalan,False,True,False,False,1.0,False,False,6,4,[HH].[HH].[HH],,,N[C@@H](Cc1ccc(N(CCCl)CCCl)cc1)C(=O)O.[HH].[HH].[HH]
menadione_cid4055,,,menadione_cid4055.png,high,high,0.8613093987611745,exact,Menadione,Menadione,1.0,13,13,exact,exact,Menadione,False,False,False,False,1.0,True,True,0,1,,,,CC1=CC(=O)c2ccccc2C1=O
mertansine_cid11343137,,,mertansine_cid11343137.png,low,low,0.7573142971144553,stereo,Mertansine,Mertansine,1.0,50,50,stereo,stereo,Mertansine,False,False,False,False,1.0,True,True,0,1,,,,[H]C1=C(/C)Cc2cc(OC)c(Cl)c(c2)N(C)C(=O)C[C@H](OC(=O)[C@H](C)N(C)C(=O)CCS)[C@]2(C)O[C@]2([H])[C@H](C)[C@@]2([H])C[C@@](O)(NC(=O)O2)[C@@H](OC)\C([H])=C\1[H]
mestranol_cid6291,,,mestranol_cid6291.png,low,low,0.6574829974503404,wrong,,Mestranol,0.979,23,23,exact,exact,Mestranol,False,True,False,False,1.0,False,False,1,2,[H],,,[H].[H][C@@]12CC[C@@](O)(C#C)[C@@]1(C)CC[C@]1([H])c3ccc(OC)cc3CC[C@@]21[H] |^1:0|
methoxyflurane_cid4116,,,methoxyflurane_cid4116.png,high,high,0.8603031176025268,exact,Methoxyflurane,Methoxyflurane,1.0,8,8,exact,exact,Methoxyflurane,False,False,False,False,1.0,True,True,0,1,,,,COC(F)(F)C(Cl)Cl
methscopolamine_bromide_cid5459110,,,methscopolamine_bromide_cid5459110.png,low,low,0.02857084728705602,invalid,,,,,,invalid,invalid,,False,False,False,False,,False,,,,,,,[Br-].[H]C123CC456OC7(=O)=O=C(OC8(C41)C5C1([H])(C86)C2(C2OC23)[N+]1(C)C)C1C(O)[CH]72(CO)C13=C(=C21=CC=CC=C1)C=CC=C3
methyl_o_2_3_4_tri_o_methyl_6_o_sulfo_alpha_d_glucopyranosyl_cid3083445,,,methyl_o_2_3_4_tri_o_methyl_6_o_sulfo_alpha_d_glucopyranosyl_cid3083445.png,low,low,0.198225303653963,wrong,,"Methyl O-2,3,4-tri-O-methyl-6-O-sulfo-alpha-D-glucopyranosyl-(1->4)-O-2,3-di-O-methyl-beta-D-glucopyranuronosyl-(1->4)-O-2,3,6-tri-O-sulfo-alpha-D-glucopyranosyl-(1->4)-O-2,3-di-O-methyl-alpha-L-idopyranuronosyl-(1->4)-alpha-D-glucopyranoside 2,3,6-tris(hydrogen sulfate)",0.519,95,94,wrong,wrong,,False,False,False,False,0.519,False,False,26,11,,O.O.O.O.O,,CO[C@@H]1O[C@H](CO)[C@H](O[C@@H]2O[C@@H](C(=O)O)[C@H](O[C@H]3O[C@H](COSO)[C@@H](O[C@@H]4O[C@H](C(=O)O)[C@H](O[C@H]5O[C@H](CO)[C@@H](OC)[C@@H](OC)[C@H]5OC)[C@@H](OC)[C@@H]4OC)[C@@H](O)[C@H]3OSO)[C@H](OC)[C@@H]2OC)[C@H](OS(=O)(=O)O)[C@@H]1O.O.O.O.O.O.OS.OS(O)(O)O.OSO.O[SH](O)(O)O.[H]O |^1:90|
methyldigoxin_cid443946,,,methyldigoxin_cid443946.png,low,low,0.3008272245074042,wrong,,Methyldigoxin,0.766,57,56,wrong,wrong,,False,False,False,False,0.766,False,False,3,1,,,,[H]O[C@@H]1C[C@]2([H])[C@@]3(C)CC[C@@H](O[C@@H]4C[C@H](O)[C@H](O[C@@H]5C[C@H](O)[C@H](O[C@@H]6C[C@H](O)[C@H](OC)[C@@H](C)O6)[C@@H](C)O5)[C@@H](C)O4)C[C@@]3([H])CC[C@@]2(O[H])[C@@]2(C)CC[C@H](C3=CC(=O)OC3)[C@@]12C
methyldopa_cid38853,,,methyldopa_cid38853.png,high,high,0.848443498619495,wrong,,Methyldopa,0.967,15,15,exact,exact,Methyldopa,False,True,False,False,1.0,False,False,2,3,[H].[H],,,"[H].[H].[H]N[C@@](C)(Cc1ccc(O)c(O)c1)C(=O)O |^1:0,1|"
methylergometrine_cid8226,,,methylergometrine_cid8226.png,high,high,0.8517775949160448,exact,Methylergometrine,Methylergometrine,1.0,25,25,exact,exact,Methylergometrine,False,False,False,False,1.0,True,True,0,1,,,,[H]OC[C@H](CC)NC(=O)[C@@H]1C=C2c3cccc4c3c(cn4[H])C[C@@]2([H])N(C)C1
methylnaltrexone_bromide_cid5361917,,,methylnaltrexone_bromide_cid5361917.png,low,low,0.3246560937275714,stereo,Methylnaltrexone Bromide,Methylnaltrexone Bromide,1.0,27,27,stereo,stereo,Methylnaltrexone Bromide,False,False,False,False,1.0,True,True,0,2,,,,[Br-].[H]Oc1ccc2c3c1O[C@]1([H])C(=O)CC[C@]4(O[H])[C@@]31CC[N+](C)(CC1CC1)[C@]4([H])C2
methyltestosterone_cid6010,,,methyltestosterone_cid6010.png,low,low,0.5110785752728919,exact,Methyltestosterone,Methyltestosterone,1.0,22,22,exact,exact,Methyltestosterone,False,False,False,False,1.0,True,True,0,1,,,,[H][C@@]12CCC3=CC(=O)CC[C@]3(C)[C@@]1([H])CC[C@@]1(C)[C@@]2([H])CC[C@]1(C)O
metra_cid120608,,,metra_cid120608.png,low,low,0.8415793146557221,invalid,,,,,,invalid,invalid,,False,False,False,False,,False,,,,,,,CC1C(C2=CC=CC=C2)OCCN1C.O=C(O)[H](O)C(O)C(=O)O.[H].[H].[H].[H].[H].[H]
mezigdomide_cid137379043,,,mezigdomide_cid137379043.png,high,high,0.9106988950368491,exact,Mezigdomide,Mezigdomide,1.0,42,42,exact,exact,Mezigdomide,False,False,False,False,1.0,True,True,0,1,,,,N#Cc1ccc(N2CCN(Cc3ccc(COc4cccc5c4CN([C@H]4CCC(=O)NC4=O)C5=O)cc3)CC2)c(F)c1
mezlocillin_cid656511,,,mezlocillin_cid656511.png,high,high,0.8839214345564056,exact,Mezlocillin,Mezlocillin,1.0,36,36,exact,exact,Mezlocillin,False,False,False,False,1.0,True,True,0,1,,,,[H][C@]12SC(C)(C)[C@H](C(=O)O)N1C(=O)[C@H]2NC(=O)[C@H](NC(=O)N1CCN(S(C)(=O)=O)C1=O)c1ccccc1
miconazole_nitrate_cid68553,,,miconazole_nitrate_cid68553.png,low,low,0.7889290430109346,wrong,,Miconazole Nitrate,1.0,33,29,exact,exact,Miconazole Nitrate,False,False,True,False,1.0,False,False,5,3,,O=[N+]([O-])O,,O=[N+]([O-])O.O=[N+]([O-])O.[H]C(Cn1ccnc1)(OCc1ccc(Cl)cc1Cl)c1ccc(Cl)cc1Cl
midodrine_hydrochloride_cid18340,,,midodrine_hydrochloride_cid18340.png,high,high,0.8775490033626827,exact,Midodrine Hydrochloride,Midodrine Hydrochloride,1.0,19,19,exact,exact,Midodrine Hydrochloride,False,False,False,False,1.0,True,True,0,2,,,,[H]Cl.[H]OC(CNC(=O)CN)c1cc(OC)ccc1OC
mifamurtide_anhydrous_cid123133557,,,mifamurtide_anhydrous_cid123133557.png,low,low,0.01695485492473463,invalid,,,,,,invalid,invalid,,False,False,False,False,,False,,,,,,,CCCCCCCCCCCCCCCC(=O)CC(OC(=O)CCCCCCCCCCCCCCC)C(=O)[O][Na].[H]N[CH]C(CCC(=O)NC(C)C(=O)NCCO[O-])NC(=O)C(C)NC(=O)C(C)OC(C(O)O)C(NC(C)=O)C([H])(=O)O
migalastat_cid176077,,,migalastat_cid176077.png,high,high,0.8773509220676359,exact,Migalastat,Migalastat,1.0,11,11,exact,exact,Migalastat,False,False,False,False,1.0,True,True,0,1,,,,[H]O[C@@H]1[C@H](O[H])[C@@H](O[H])CN([H])[C@@H]1CO
miglitol_cid441314,,,miglitol_cid441314.png,high,high,0.8770772491467207,exact,Miglitol,Miglitol,1.0,14,14,exact,exact,Miglitol,False,False,False,False,1.0,True,True,0,1,,,,[H]OCCN1C[C@H](O[H])[C@@H](O[H])[C@H](O[H])[C@H]1CO
miglustat_cid51634,,,miglustat_cid51634.png,high,high,0.8877861915870295,exact,Miglustat,Miglustat,1.0,15,15,exact,exact,Miglustat,False,False,False,False,1.0,True,True,0,1,,,,[H]O[C@H]1[C@H](O)[C@@H](O[H])CN(CCCC)[C@@H]1CO
milademetan_cid73297272,,,milademetan_cid73297272.png,low,low,0.616471665046632,wrong,,Milademetan,0.814,43,42,wrong,wrong,,False,False,False,False,0.814,False,False,3,1,,,,[H]NC(=O)[C@@H]1CC[C@@H](NC(=O)[C@@H]2NC3(CCC(C)(C)CC3=O)[C@@]3(C(=O)Nc4cc(Cl)ccc43)[C@H]2c2ccnc(Cl)c2F)CO1
milnacipran_hydrochloride_cid163701,,,milnacipran_hydrochloride_cid163701.png,high,high,0.891082924181563,wrong,,Milnacipran Hydrochloride,0.947,19,19,exact,exact,Milnacipran Hydrochloride,False,True,False,False,1.0,False,False,3,4,[HH].[H],,,CCN(CC)C(=O)[C@]1(c2ccccc2)C[C@@H]1CN.[HH].[H].[H]Cl |^1:19|
milrinone_cid4197,,,milrinone_cid4197.png,high,high,0.906032534318086,exact,Milrinone,Milrinone,1.0,16,16,exact,exact,Milrinone,False,False,False,False,1.0,True,True,0,1,,,,Cc1[nH]c(=O)c(C#N)cc1-c1ccncc1
milvexian_cid118277544,,,milvexian_cid118277544.png,low,low,0.0627863540108256,invalid,,,,,,invalid,invalid,,False,False,False,False,,False,,,,,,,C[CH]123(CCCC(=O)N4C=NC(C5=C(N6C=C(Cl)N=N6)C=CC(Cl)=C5)=CC4=O)CC4C1CCC(N1C=NC(C5=C(N6C=C(Cl)N=N6)C=CC(Cl)=C5)=CC1=O)C1=NC=CC(=C1)C1=C(C=NN1C(F)F)NC2(=O)=O=C43N
miocamycin_cid5282188,,,miocamycin_cid5282188.png,low,low,0.5067886482801272,stereo,Miocamycin,Miocamycin,1.0,63,63,stereo,stereo,Miocamycin,False,False,False,False,1.0,True,True,0,1,,,,[H]C(=O)C[C@H]1C[C@@H](C)[C@H](OC(C)=O)/C([H])=C([H])/C([H])=C(\[H])C[C@@H](C)OC(=O)C[C@@H](OC(=O)CC)[C@@H](OC)[C@@H]1O[C@@H]1O[C@H](C)[C@@H](O[C@H]2C[C@@](C)(OC(C)=O)[C@H](OC(=O)CC)[C@H](C)O2)[C@H](N(C)C)[C@H]1O
mitiglinide_cid121891,,,mitiglinide_cid121891.png,high,high,0.8849073875300338,exact,Mitiglinide,Mitiglinide,1.0,23,23,exact,exact,Mitiglinide,False,False,False,False,1.0,True,True,0,1,,,,[H][C@@]12CCCC[C@]1([H])CN(C(=O)C[C@H](Cc1ccccc1)C(=O)O)C2
mitotane_cid4211,,,mitotane_cid4211.png,high,high,0.8814849726533436,exact,Mitotane,Mitotane,1.0,18,18,exact,exact,Mitotane,False,False,False,False,1.0,True,True,0,1,,,,Clc1ccc(C(c2ccccc2Cl)C(Cl)Cl)cc1
mivacurium_chloride_cid5281080,,,mivacurium_chloride_cid5281080.png,low,low,0.1770391492341644,invalid,,,,,,invalid,invalid,,False,False,False,False,,False,,,,,,,[Cl-].[Cl-].[Cl-].[H]C(CCC(=O)OCC=CN1(C)CCC2=CC(OC)=C(OC)C=C2C1CC12C=C(OC)C(OC)=C1O2C)=C([H])CCC(=O)(=O)OCCC[N+]123CC4=CC(OC)=C(OC)C=C45[CH]14C[N+]52(C3)C4C1=CC(OC)=C1
ml_rr_s2_cda_sodium_salt_cid135390762,,,ml_rr_s2_cda_sodium_salt_cid135390762.png,low,low,0.5772744023042723,wrong,,ML RR-S2 CDA Sodium Salt,0.778,46,46,wrong,wrong,,False,False,False,False,0.778,False,False,6,9,[H].[H].[H].[H].[H].[H],[Na+],,"[H].[H].[H].[H].[H].[H].[H]O[C@H]1[C@]2([H])O[P-](=O)([S-])OC[C@@]3([H])O[C@@H](n4cnc5c(N)ncnc54)[C@H](O)[C@]3([H])OP([O-])(=S)OC[C@@]1([H])O[C@H]2n1cnc2c(N)ncnc21.[Na+].[Na+] |^1:0,1,2,3,4,5|"
molsidomine_cid5353788,,,molsidomine_cid5353788.png,low,low,0.8062203264689926,invalid,,,,,,invalid,invalid,,False,False,False,False,,False,,,,,,,CCOC([O-])=NC1=CN(N2CCOCC2)=NO1
mometasone_furoate_cid441336,,,mometasone_furoate_cid441336.png,low,low,0.7237048859284545,exact,Mometasone Furoate,Mometasone Furoate,1.0,35,35,exact,exact,Mometasone Furoate,False,False,False,False,1.0,True,True,0,1,,,,[H]O[C@H]1C[C@@]2(C)[C@@]([H])(C[C@@H](C)[C@]2(OC(=O)c2ccco2)C(=O)CCl)[C@]2([H])CCC3=CC(=O)C=C[C@]3(C)[C@@]12Cl
monophosphoryl_lipid_a_cid24978548,,,monophosphoryl_lipid_a_cid24978548.png,low,low,1.233965920829885e-06,invalid,,,,,,invalid,invalid,,False,False,False,False,,False,,,,,,,CCCCCCCCCCCCCCNC(C)C1CC1C([CH]C[CH]12C(C)C(C)C(CC(C)CCCCCCCCCCC)C3O[CH]345C3=O=C36=O=C(C[CH]3(O)CCCCCCCCC(CC)C(CCC)CCCCCCCC(O)(C6)C3)C3[CH]14[CH]325C)C1(=O)=O=C1CC(CCCCCCCCCCC)NC123=C=C1(=C=2)C3CCCCCCCCCCC
morantel_tartrate_cid6433951,,,morantel_tartrate_cid6433951.png,high,high,0.8808129953255076,wrong,,Morantel Tartrate,0.978,25,25,exact,exact,Morantel Tartrate,False,True,False,False,1.0,False,False,1,3,[H],,,[H].[H]/C(C1=NCCCN1C)=C(/[H])c1sccc1C.[H]OC(=O)[C@H](O)[C@@H](O)C(=O)O |^1:0|
moroxydine_cid71655,,,moroxydine_cid71655.png,high,high,0.8687738296580129,wrong,,Moroxydine,0.75,12,12,charge,charge,Moroxydine,False,False,False,False,0.75,True,True,0,1,,,,[H]/N=C(\N=C(N([H])[H])N([H])[H])N1CCOCC1
mosapride_cid119584,,,mosapride_cid119584.png,high,high,0.897941654310079,wrong,,Mosapride,0.984,29,29,exact,exact,Mosapride,False,True,False,False,1.0,False,False,2,3,[H].[H],,,"CCOc1cc(N)c(Cl)cc1C(=O)NCC1CN(Cc2ccc(F)cc2)CCO1.[H].[H] |^1:29,30|"
muramyl_dipeptide_cid451714,,,muramyl_dipeptide_cid451714.png,high,high,0.8606970357473892,wrong,,Muramyl Dipeptide,1.0,34,34,exact,exact,Muramyl Dipeptide,False,True,False,False,1.0,False,False,6,6,[HH].[H].[H].[H].[H],,,"CC(=O)N[C@@H]1[C@@H](O[C@H](C)C(=O)N[C@@H](C)C(=O)N[C@H](CCC(=O)O)C(N)=O)[C@H](O)[C@@H](CO)O[C@H]1O.[HH].[H].[H].[H].[H] |^1:35,36,37,38|"
murepavadin_cid91824766,,,murepavadin_cid91824766.png,low,low,5.413652334044398e-05,invalid,,,,,,invalid,invalid,,False,False,False,False,,False,,,,,,,O.[H]C([CH]CC)(NCC1NC234567=O=C89%10%11=O=2=C2%12%13(=O=3=C3%14(N)C824%15%16[H]C39%12524([H])C3(C)(C)(O)CC%1525([H])(O)CC%164([H])(O)C%143%10%1356[H])N1%117[H])C(=O)N[CH][CH]N[CH]CN[CH]CN[CH]CN[CH]CN[CH]CN[CH]CNC(C)C(=O)NC(CO)C(=O)N1CCCC1([H])C(=O)N123C4C56C1C41C54C25789[H]C435([H]7)(C8=O)C619
n_1r_2r_2_2_3_dihydro_1_4_benzodioxin_6_yl_2_hydroxy_1_1_pyr_cid23652731,,,n_1r_2r_2_2_3_dihydro_1_4_benzodioxin_6_yl_2_hydroxy_1_1_pyr_cid23652731.png,high,high,0.9180217848886894,exact,"N-((1R,2R)-2-(2,3-Dihydro-1,4-benzodioxin-6-yl)-2-hydroxy-1-(1-pyrrolidinylmethyl)ethyl)octanamide","N-((1R,2R)-2-(2,3-Dihydro-1,4-benzodioxin-6-yl)-2-hydroxy-1-(1-pyrrolidinylmethyl)ethyl)octanamide",1.0,29,29,exact,exact,"N-((1R,2R)-2-(2,3-Dihydro-1,4-benzodioxin-6-yl)-2-hydroxy-1-(1-pyrrolidinylmethyl)ethyl)octanamide",False,False,False,False,1.0,True,True,0,1,,,,CCCCCCCC(=O)N[C@H](CN1CCCC1)[C@H](O)c1ccc2c(c1)OCCO2
n_2r_2_3_dihydroxypropoxy_3_4_difluoro_2_2_fluoro_4_iodophen_cid9826528,,,n_2r_2_3_dihydroxypropoxy_3_4_difluoro_2_2_fluoro_4_iodophen_cid9826528.png,high,high,0.8861800398388155,wrong,,"N-((2R)-2,3-Dihydroxypropoxy)-3,4-difluoro-2-((2-fluoro-4-iodophenyl)amino)benzamide",0.961,26,26,exact,exact,"N-((2R)-2,3-Dihydroxypropoxy)-3,4-difluoro-2-((2-fluoro-4-iodophenyl)amino)benzamide",False,True,False,False,1.0,False,False,3,3,[HH].[H],,,[HH].[H].[H]O[C@H](CO)CONC(=O)c1ccc(F)c(F)c1Nc1ccc(I)cc1F |^1:1|
nafarelin_cid25077405,,,nafarelin_cid25077405.png,low,low,0.09699914870901674,invalid,,,,,,invalid,invalid,,False,False,False,False,,False,,,,,,,CC(C)CC(NC(=O)C(CC1=CC2=CC=CC=C2C=C1)NC(=O)C(CC1=CC=C(O)C=C1)NC(=O)C(CO)NC(=O)C(CC1=CNC2=CC=CC=C12)NC(=O)C(CC1=CN=CN1)NC(=O)C1CCC(=O)N1)C(=O)(=O)NC(CCCN=C(N)N)C(=O)N1CCCC1C(=O)NCC(N)=O
nafithromycin_cid117587595,,,nafithromycin_cid117587595.png,low,low,0.8103598704837636,wrong,,Nafithromycin,0.653,59,60,wrong,wrong,,False,False,False,False,0.653,False,False,5,1,,,,"[H][C@]12[C@@H](C)C(=O)[C@H](C)C[C](OC)[C@H](O[C@H]3O[C@H](C)C[C@@H](N(C)C)[C@H]3O)[C@@H](C)C(=O)[C@@H](C)C(=O)O[C](CC)[C@@]1(C)OC(=O)[C@H]2/C(N)=N/O[C@@H](C)c1nnc(-c2ccccn2)s1 |^1:9,34|"
nalmefene_hydrochloride_cid5388881,,,nalmefene_hydrochloride_cid5388881.png,low,low,0.03001916361242199,invalid,,,,,,invalid,invalid,,False,False,False,False,,False,,,,,,,[H]Cl.[H]OC123CCC(=C)C4([H])OC5=C(O)C=CC6=C5C41(CC)(CCN(CC1CC1)C2([H])C6)CC3
napsagatran_cid11954363,,,napsagatran_cid11954363.png,high,high,0.8830979244684043,wrong,,Napsagatran,0.986,40,40,exact,exact,Napsagatran,False,True,False,False,1.0,False,False,6,5,[HH].[HH].[HH],,,N=C(N)N1CCC[C@@H](CNC(=O)C[C@H](NS(=O)(=O)c2ccc3ccccc3c2)C(=O)N(CC(=O)O)C2CC2)C1.O.[HH].[HH].[HH]
natamycin_cid5284447,,,natamycin_cid5284447.png,low,low,0.842516278160259,wrong,,Natamycin,1.0,47,47,stereo,stereo,Natamycin,False,True,False,False,1.0,False,False,2,3,[H].[H],,,"[H].[H].[H]N[C@@H]1[C@H](O[H])[C@H](O[C@@H]2C[C@@]3([H])O[C@](O)(C[C@@H](O[H])C[C@@H]4O[C@@H]4/C([H])=C(/[H])C(=O)O[C@H](C)C/C([H])=C([H])\C([H])=C([H])\C([H])=C([H])\C([H])=C\2[H])C[C@H](O[H])[C@H]3C(=O)O)O[C@H](C)[C@H]1O[H] |^1:0,1|"
nateglinide_cid5311309,,,nateglinide_cid5311309.png,high,high,0.8508322776911129,wrong,,Nateglinide,0.974,23,23,exact,exact,Nateglinide,False,True,False,False,1.0,False,False,4,3,[HH].[HH],,,CC(C)C1CCC(C(=O)N[C@H](Cc2ccccc2)C(=O)O)CC1.[HH].[HH]
netarsudil_cid66599893,,,netarsudil_cid66599893.png,high,high,0.9059221100518238,exact,Netarsudil,Netarsudil,1.0,34,34,exact,exact,Netarsudil,False,False,False,False,1.0,True,True,0,1,,,,Cc1ccc(C(=O)OCc2ccc([C@@H](CN)C(=O)Nc3ccc4cnccc4c3)cc2)c(C)c1
netupitant_cid6451149,,,netupitant_cid6451149.png,high,high,0.8963860512674278,exact,Netupitant,Netupitant,1.0,41,41,exact,exact,Netupitant,False,False,False,False,1.0,True,True,0,1,,,,Cc1ccccc1-c1cc(N2CCN(C)CC2)ncc1N(C)C(=O)C(C)(C)c1cc(C(F)(F)F)cc(C(F)(F)F)c1
nicotinamide_cid936,,,nicotinamide_cid936.png,high,high,0.8725969924203743,exact,Nicotinamide,Nicotinamide,1.0,9,9,exact,exact,Nicotinamide,False,False,False,False,1.0,True,True,0,1,,,,[H]N([H])C(=O)c1cccnc1
nifuroxazide_cid5337997,,,nifuroxazide_cid5337997.png,high,high,0.8708100971943453,wrong,,Nifuroxazide,0.975,20,20,exact,exact,Nifuroxazide,False,True,False,False,1.0,False,False,2,2,[HH],,,[HH].[H]/C(=N\NC(=O)c1ccc(O)cc1)c1ccc([N+](=O)[O-])o1
nikkomycin_z_cid456557,,,nikkomycin_z_cid456557.png,high,high,0.866616390523888,wrong,,Nikkomycin Z,1.0,35,35,exact,exact,Nikkomycin Z,False,True,False,False,1.0,False,False,4,5,[H].[H].[H].[H],,,"[H].[H].[H].[H].[H]N[C@H](C(=O)N([H])[C@H](C(=O)O[H])[C@@]1([H])O[C@@H](n2ccc(=O)[nH]c2=O)[C@H](O)[C@@H]1O)[C@H](C)[C@H](O)c1ccc(O)cn1 |^1:0,1,2,3|"
nimesulide_cid4495,,,nimesulide_cid4495.png,high,high,0.9043121397040045,exact,Nimesulide,Nimesulide,1.0,21,21,exact,exact,Nimesulide,False,False,False,False,1.0,True,True,0,1,,,,CS(=O)(=O)Nc1ccc([N+](=O)[O-])cc1Oc1ccccc1
nimodipine_cid4497,,,nimodipine_cid4497.png,high,high,0.9089253236947248,exact,Nimodipine,Nimodipine,1.0,30,30,exact,exact,Nimodipine,False,False,False,False,1.0,True,True,0,1,,,,COCCOC(=O)C1=C(C)NC(C)=C(C(=O)OC(C)C)C1c1cccc([N+](=O)[O-])c1
niraparib_cid24958200,,,niraparib_cid24958200.png,high,high,0.9026537331100496,wrong,,Niraparib,0.98,24,24,exact,exact,Niraparib,False,True,False,False,1.0,False,False,1,2,[H],,,NC(=O)c1cccc2cn(-c3ccc([C@@H]4CCCNC4)cc3)nc12.[H] |^1:24|
nitisinone_cid115355,,,nitisinone_cid115355.png,high,high,0.8567444568843713,wrong,,Nitisinone,0.791,23,23,wrong,wrong,,False,False,False,False,0.791,False,False,1,1,,,,O=C1CCCC(=O)C1C(=O)c1ccc(C(F)(F)F)cc1[N+](=O)O
nitrous_oxide_cid948,,,nitrous_oxide_cid948.png,low,low,0.6898183613087953,invalid,,,,,,invalid,invalid,,False,False,False,False,,False,,,,,,,N=N=O
nizatidine_cid4513,,,nizatidine_cid4513.png,high,high,0.86506724541248,wrong,,Nizatidine,0.617,21,21,wrong,wrong,,False,False,False,False,0.617,False,False,2,1,,,,[H]N(C)C(C[N+](=O)[O-])N([H])CCSCc1csc(CN(C)C)n1
norelgestromin_cid62930,,,norelgestromin_cid62930.png,low,low,0.01117503264146887,invalid,,,,,,invalid,invalid,,False,False,False,False,,False,,,,,,,[H].[H]ON1C23=N(O[H])=C145=C2=C12CCC6([H])C7([H])CCC(O)(C#C)C7(CC)CCC67([H])C16[H]C271([H])C(C4)C35C61
obicetrapib_cid11498596,,,obicetrapib_cid11498596.png,high,high,0.9088970367187872,exact,Obicetrapib,Obicetrapib,1.0,50,50,exact,exact,Obicetrapib,False,False,False,False,1.0,True,True,0,1,,,,CCOC(=O)N1c2ccc(C(F)(F)F)cc2[C@@H](N(Cc2cc(C(F)(F)F)cc(C(F)(F)F)c2)c2ncc(OCCCC(=O)O)cn2)C[C@H]1CC
obidoxime_chloride_cid135566074,,,obidoxime_chloride_cid135566074.png,high,high,0.9065898456306114,exact,Obidoxime Chloride,Obidoxime Chloride,1.0,23,23,exact,exact,Obidoxime Chloride,False,False,False,False,1.0,True,True,0,3,,[Cl-],,[Cl-].[Cl-].[H]/C(=N\O)c1cc[n+](COC[n+]2ccc(/C([H])=N/O)cc2)cc1
octenidine_hydrochloride_cid51166,,,octenidine_hydrochloride_cid51166.png,low,low,0.580884445391253,invalid,,,,,,invalid,invalid,,False,False,False,False,,False,,,,,,,CCCCCCCCN=C1C=CN(CCCCCCCCCC[N+]2=CCC(=NCCCCCCCC)C=C2)=CC1.Cl.Cl.Cl.[H]
olodaterol_cid11504295,,,olodaterol_cid11504295.png,high,high,0.8917673301490057,exact,Olodaterol,Olodaterol,1.0,28,28,exact,exact,Olodaterol,False,False,False,False,1.0,True,True,0,1,,,,[H]O[C@@H](CNC(C)(C)Cc1ccc(OC)cc1)c1cc(O)cc2c1OCC(=O)N2
olutasidenib_cid118955396,,,olutasidenib_cid118955396.png,high,high,0.8985817749258689,exact,Olutasidenib,Olutasidenib,1.0,25,25,exact,exact,Olutasidenib,False,False,False,False,1.0,True,True,0,1,,,,[H]n1c(=O)c([C@H](C)Nc2ccc(C#N)n(C)c2=O)cc2cc(Cl)ccc21
omarigliptin_cid46209133,,,omarigliptin_cid46209133.png,high,high,0.8851233857673869,exact,Omarigliptin,Omarigliptin,1.0,27,27,exact,exact,Omarigliptin,False,False,False,False,1.0,True,True,0,1,,,,CS(=O)(=O)n1cc2c(n1)CN([C@H]1CO[C@H](c3cc(F)ccc3F)[C@@H](N)C1)C2
opicapone_cid135565903,,,opicapone_cid135565903.png,high,high,0.8704344438854605,wrong,,Opicapone,0.98,27,27,exact,exact,Opicapone,False,True,False,False,1.0,False,False,1,2,[H],,,Cc1c(Cl)c(C)[n+]([O-])c(Cl)c1-c1noc(-c2cc(O)c(O)c([N+](=O)[O-])c2)n1.[H] |^1:27|
orforglipron_cid137319706,,,orforglipron_cid137319706.png,low,low,0.6117823250366121,stereo,Orforglipron,Orforglipron,1.0,65,65,stereo,stereo,Orforglipron,False,False,False,False,1.0,True,True,0,1,,,,Cc1cc(-n2nc3c(c2-n2ccn(-c4ccc5c(cnn5C)c4F)c2=O)[C@H](C)N(C(=O)c2cc4cc([C@H]5CCOC(C)(C)C5)ccc4n2[C@]2(c4noc(=O)[nH]4)C[C@@H]2C)CC3)cc(C)c1F
orlistat_cid3034010,,,orlistat_cid3034010.png,low,low,0.7195053646957565,exact,Orlistat,Orlistat,1.0,35,35,exact,exact,Orlistat,False,False,False,False,1.0,True,True,0,1,,,,[H]C(=O)N[C@@H](CC(C)C)C(=O)O[C@@H](CCCCCCCCCCC)C[C@@H]1OC(=O)[C@H]1CCCCCC
ornidazole_cid28061,,,ornidazole_cid28061.png,high,high,0.8874667456115902,exact,Ornidazole,Ornidazole,1.0,14,14,exact,exact,Ornidazole,False,False,False,False,1.0,True,True,0,1,,,,Cc1ncc([N+](=O)[O-])n1CC(O)CCl
ortataxel_cid6918412,,,ortataxel_cid6918412.png,low,low,0.4440226378837544,stereo,Ortataxel,Ortataxel,1.0,62,62,stereo,stereo,Ortataxel,False,False,False,False,1.0,True,True,0,1,,,,[H][C@@]12[C@H](OC(=O)c3ccccc3)[C@]34OC(=O)O[C@]3([H])[C@@H](OC(=O)[C@H](O)[C@H](CC(C)C)NC(=O)OC(C)(C)C)C(C)=C([C@@H](OC(C)=O)C(=O)[C@]1(C)[C@@H](O)C[C@]1([H])OC[C@@]21OC(C)=O)C4(C)C
ouabain_cid439501,,,ouabain_cid439501.png,low,low,0.3103197612806755,wrong,,Ouabain,0.735,42,41,wrong,wrong,,False,False,False,False,0.735,False,False,4,4,[H].[H].[H],,,"[H].[H].[H].[H][C@]12[C@H](O)C[C@]3(C)[C@@H](C4=CC(=O)OC4)CC[C@]3(O)[C@@]1(O)CC[C@]1(O)C[C@H](O[C@@H]3O[C@@H](C)[C@H](O)[C@@H](O)[C@H]3O)C[C@@H](O)[C@@]12CO |^1:0,1,2|"
oxfendazole_cid40854,,,oxfendazole_cid40854.png,high,high,0.8953813965313411,exact,Oxfendazole,Oxfendazole,1.0,22,22,exact,exact,Oxfendazole,False,False,False,False,1.0,True,True,0,1,,,,[H]N(C(=O)OC)c1nc2ccc(S(=O)c3ccccc3)cc2n1[H]
oxiconazole_nitrate_cid9556529,,,oxiconazole_nitrate_cid9556529.png,low,low,0.6452384345473396,wrong,,Oxiconazole Nitrate,1.0,34,30,exact,exact,Oxiconazole Nitrate,False,False,True,False,1.0,False,False,5,3,,O=[N+]([O-])O,,Clc1ccc(CO/N=C(\Cn2ccnc2)c2ccc(Cl)cc2Cl)c(Cl)c1.O=[N+]([O-])O.O=[N+]([O-])O
oxybuprocaine_cid4633,,,oxybuprocaine_cid4633.png,high,high,0.8835734959522338,wrong,,Oxybuprocaine,0.953,22,22,exact,exact,Oxybuprocaine,False,True,False,False,1.0,False,False,3,3,[HH].[H],,,CCCCOc1cc(C(=O)OCCN(CC)CC)ccc1N.[HH].[H] |^1:23|
padsevonil_cid52911611,,,padsevonil_cid52911611.png,high,high,0.899258178984244,exact,Padsevonil,Padsevonil,1.0,27,27,exact,exact,Padsevonil,False,False,False,False,1.0,True,True,0,1,,,,COCc1nn2c(CN3C[C@@H](CC(F)(F)Cl)CC3=O)c(C(F)(F)F)nc2s1
paliperidone_cid115237,,,paliperidone_cid115237.png,high,high,0.908041893009179,exact,Paliperidone,Paliperidone,1.0,31,31,exact,exact,Paliperidone,False,False,False,False,1.0,True,True,0,1,,,,Cc1nc2n(c(=O)c1CCN1CCC(c3noc4cc(F)ccc34)CC1)CCCC2O
paliperidone_palmitate_cid9852746,,,paliperidone_palmitate_cid9852746.png,high,high,0.9139308541547136,wrong,,Paliperidone Palmitate,0.67,48,48,wrong,wrong,,False,False,False,False,0.67,False,False,2,1,,,,CCCCCCCCCCCCCCCC(=O)OC1CCCn2c1nc(C)c(CCN1CCC(C(=N)c3ccc(F)cc3O)CC1)c2=O
palonosetron_hydrochloride_cid6918303,,,palonosetron_hydrochloride_cid6918303.png,low,low,0.1788405417254059,invalid,,,,,,invalid,invalid,,False,False,False,False,,False,,,,,,,[H]C12CCCC3=C1C(=CC=C3)C(=O)N([CH]1345C6N17CCC1CCC16738C41CN158)C2.[H]Cl
paromomycin_cid165580,,,paromomycin_cid165580.png,low,low,0.0675283271498279,invalid,,,,,,invalid,invalid,,False,False,False,False,,False,,,,,,,[H]NC1C(OC2C(CO)OC(O[CH]C(O)[CH]3(N[H])C4C(N)C(OC5OC(CO)C(O)C(O[H])C5N[H])C(OC5OC(CO)C(OC6OC(CN)C(O)C(O)C6N[H])C5O)[CH]3(O)C4N[H])C2O)OC(CN)C(O)C1O
pasireotide_cid9941444,,,pasireotide_cid9941444.png,low,low,0.06489552626253826,wrong,,Pasireotide,0.689,87,77,wrong,wrong,,False,False,False,False,0.689,False,False,24,1,,,,[H]NCCNC(=O)O[C@@H]1CNC(=O)[C@H](Cc2ccccc2)NC(=O)[C@H](Cc2ccc(OCc3ccccc3)cc2)NC(=O)[C@H](CCCCN)NC(=O)[C@@H](Cc2c[nH]c3ccccc23)NC(=O)[C@H](c2ccccc2)NC(=O)C([H])(C[C@@H](C)OC(=O)NCCN[H])C1
pemafibrate_cid11526038,,,pemafibrate_cid11526038.png,low,low,0.7668336355205984,wrong,,Pemafibrate,0.984,36,36,stereo,stereo,Pemafibrate,False,True,False,False,1.0,False,False,1,2,[H],,,CC[C@H](Oc1cccc(CN(CCCOc2ccc(OC)cc2)c2nc3ccccc3o2)c1)C(=O)O.[H] |^1:36|
pemetrexed_cid135410875,,,pemetrexed_cid135410875.png,high,high,0.882928586487678,wrong,,Pemetrexed,1.0,31,31,exact,exact,Pemetrexed,False,True,False,False,1.0,False,False,10,6,[HH].[HH].[HH].[HH].[HH],,,Nc1nc2[nH]cc(CCc3ccc(C(=O)N[C@@H](CCC(=O)O)C(=O)O)cc3)c2c(=O)[nH]1.[HH].[HH].[HH].[HH].[HH]
pemigatinib_cid86705695,,,pemigatinib_cid86705695.png,high,high,0.897395793165701,exact,Pemigatinib,Pemigatinib,1.0,35,35,exact,exact,Pemigatinib,False,False,False,False,1.0,True,True,0,1,,,,CCN1C(=O)N(c2c(F)c(OC)cc(OC)c2F)Cc2cnc3[nH]c(CN4CCOCC4)cc3c21
penicillamine_cid5852,,,penicillamine_cid5852.png,high,high,0.8794402678435943,exact,Penicillamine,Penicillamine,1.0,9,9,exact,exact,Penicillamine,False,False,False,False,1.0,True,True,0,1,,,,[H]N[C@@H](C(=O)O[H])C(C)(C)S[H]
peposertib_cid86292849,,,peposertib_cid86292849.png,high,high,0.9005298582237229,exact,Peposertib,Peposertib,1.0,34,34,exact,exact,Peposertib,False,False,False,False,1.0,True,True,0,1,,,,COc1ccc([C@@H](O)c2cc(-c3ncnc4cc(N5CCOCC5)ccc34)c(F)cc2Cl)nn1
perampanel_cid9924495,,,perampanel_cid9924495.png,high,high,0.9050264339602959,exact,Perampanel,Perampanel,1.0,27,27,exact,exact,Perampanel,False,False,False,False,1.0,True,True,0,1,,,,N#Cc1ccccc1-c1cc(-c2ccccn2)cn(-c2ccccc2)c1=O
phenelzine_cid3675,,,phenelzine_cid3675.png,low,low,0.7630153375578854,exact,Phenelzine,Phenelzine,1.0,10,10,exact,exact,Phenelzine,False,False,False,False,1.0,True,True,0,1,,,,[H]NN([H])CCc1ccccc1
phenprocoumon_cid54680692,,,phenprocoumon_cid54680692.png,high,high,0.9046552260032209,exact,Phenprocoumon,Phenprocoumon,1.0,21,21,exact,exact,Phenprocoumon,False,False,False,False,1.0,True,True,0,1,,,,CCC(c1ccccc1)c1c(O)c2ccccc2oc1=O
phentolamine_cid5775,,,phentolamine_cid5775.png,high,high,0.9002172024090734,exact,Phentolamine,Phentolamine,1.0,21,21,exact,exact,Phentolamine,False,False,False,False,1.0,True,True,0,1,,,,[H]Oc1cccc(N(CC2=NCCN2[H])c2ccc(C)cc2)c1
phylloquinone_cid5284607,,,phylloquinone_cid5284607.png,high,high,0.8956558559592533,exact,Phylloquinone,Phylloquinone,1.0,33,33,exact,exact,Phylloquinone,False,False,False,False,1.0,True,True,0,1,,,,[H]/C(CC1=C(C)C(=O)c2ccccc2C1=O)=C(/C)CCC[C@H](C)CCC[C@H](C)CCCC(C)C
pinaverium_bromide_cid40703,,,pinaverium_bromide_cid40703.png,high,high,0.8938472762044887,exact,Pinaverium Bromide,Pinaverium Bromide,1.0,33,33,exact,exact,Pinaverium Bromide,False,False,False,False,1.0,True,True,0,2,,,,[Br-].[H]C12CC(CCC1CCOCC[N+]1(Cc3cc(OC)c(OC)cc3Br)CCOCC1)C2(C)C
pindolol_cid4828,,,pindolol_cid4828.png,high,high,0.9064056034200787,exact,Pindolol,Pindolol,1.0,18,18,exact,exact,Pindolol,False,False,False,False,1.0,True,True,0,1,,,,[H]OC(CNC(C)C)COc1cccc2[nH]ccc12
piperazine_cid4837,,,piperazine_cid4837.png,low,low,0.7860835067419191,exact,Piperazine,Piperazine,1.0,6,6,exact,exact,Piperazine,False,False,False,False,1.0,True,True,0,1,,,,[H]N1CCN([H])CC1
pirfenidone_cid40632,,,pirfenidone_cid40632.png,high,high,0.8509245553182155,exact,Pirfenidone,Pirfenidone,1.0,14,14,exact,exact,Pirfenidone,False,False,False,False,1.0,True,True,0,1,,,,Cc1ccc(=O)n(-c2ccccc2)c1
piroxicam_cid54676228,,,piroxicam_cid54676228.png,high,high,0.8968974738498985,wrong,,Piroxicam,0.977,23,23,exact,exact,Piroxicam,False,True,False,False,1.0,False,False,1,2,[H],,,CN1C(C(=O)Nc2ccccn2)=C(O)c2ccccc2S1(=O)=O.[H] |^1:23|
pivmecillinam_cid115163,,,pivmecillinam_cid115163.png,high,high,0.8800629888237695,exact,Pivmecillinam,Pivmecillinam,1.0,30,30,exact,exact,Pivmecillinam,False,False,False,False,1.0,True,True,0,1,,,,[H]C(=N[C@@H]1C(=O)N2[C@@H](C(=O)OCOC(=O)C(C)(C)C)C(C)(C)S[C@]12[H])N1CCCCCC1
plecanatide_cid70693500,,,plecanatide_cid70693500.png,low,low,2.129499498700303e-05,invalid,,,,,,invalid,invalid,,False,False,False,False,,False,,,,,,,O.[CH]C.[H]C1CNCC(=O)N([H])CC(=O)NC(C(=O)NC(CC(C)C)C(=O)O)CSSCC([H])C([H])(=O)NC(=O)(C(C)(C)C)C2(=O)N(C([H])=O)C(CCC)NC(=O)[CH]2(C([H])(=O)CC(=O)O)NC(=O)(=O)C(CS)N[CH]23(CN[CH]C4CN4)C(=O)N[CH]C45(=O)(=O=C24(=O=5)CCC2456=O=C(=O=2)(O4)(O5)C6C3C)N[CH]C(=O)N1
ponesimod_cid11363176,,,ponesimod_cid11363176.png,high,high,0.899620950602327,stereo,Ponesimod,Ponesimod,1.0,31,31,stereo,stereo,Ponesimod,False,False,False,False,1.0,True,True,0,1,,,,[H]/C(=C1/S/C(=N\CCC)N(c2ccccc2C)C1=O)c1ccc(OC[C@H](O)CO)c(Cl)c1
posaconazole_cid468595,,,posaconazole_cid468595.png,high,high,0.867483542329543,stereo,Posaconazole,Posaconazole,1.0,51,51,stereo,stereo,Posaconazole,False,False,False,False,1.0,True,True,0,1,,,,CC[C@@H]([C@@H](C)O)n1ncn(-c2ccc(N3CCN(c4ccc(OC[C@@H]5CO[C@@](Cn6cncn6)(c6ccc(F)cc6F)C5)cc4)CC3)cc2)c1=O
potassium_perchlorate_cid516900,,,potassium_perchlorate_cid516900.png,low,low,0.7879729303264426,wrong,,Potassium Perchlorate,0.273,6,6,wrong,wrong,,False,False,False,False,0.273,False,False,0,1,,,,[O-][Cl+3]([O-])([O-])[O][K+] |5|
pracinostat_cid49855250,,,pracinostat_cid49855250.png,high,high,0.8957647161162566,exact,Pracinostat,Pracinostat,1.0,26,26,exact,exact,Pracinostat,False,False,False,False,1.0,True,True,0,1,,,,[H]/C(C(=O)NO)=C(/[H])c1ccc2c(c1)nc(CCCC)n2CCN(CC)CC
pralmorelin_cid6918245,,,pralmorelin_cid6918245.png,low,low,0.746027360529483,stereo,Pralmorelin,Pralmorelin,1.0,60,60,stereo,stereo,Pralmorelin,False,False,False,False,1.0,True,True,0,1,,,,[H]NC(=O)[C@@H](CCCCN)NC(=O)[C@@H](Cc1ccccc1)NC(=O)[C@@H](Cc1c[nH]c2ccccc12)NC(=O)[C@H](C)NC(=O)[C@@H](Cc1ccc2ccccc2c1)NC(=O)[C@@H](C)N[H]
propafenone_hydrochloride_cid36708,,,propafenone_hydrochloride_cid36708.png,high,high,0.9211268901475068,exact,Propafenone Hydrochloride,Propafenone Hydrochloride,1.0,26,26,exact,exact,Propafenone Hydrochloride,False,False,False,False,1.0,True,True,0,2,,,,CCCNCC(O)COc1ccccc1C(=O)CCc1ccccc1.[H]Cl
propantheline_bromide_cid9279,,,propantheline_bromide_cid9279.png,high,high,0.9054403690035017,exact,Propantheline Bromide,Propantheline Bromide,1.0,28,28,exact,exact,Propantheline Bromide,False,False,False,False,1.0,True,True,0,2,,,,CC(C)[N+](C)(CCOC(=O)C1c2ccccc2Oc2ccccc21)C(C)C.[Br-]
propoxyphene_cid10100,,,propoxyphene_cid10100.png,high,high,0.8850964561138162,exact,Propoxyphene,Propoxyphene,1.0,25,25,exact,exact,Propoxyphene,False,False,False,False,1.0,True,True,0,1,,,,CCC(=O)O[C@](Cc1ccccc1)(c1ccccc1)[C@H](C)CN(C)C
prostaglandin_e2_cid5280360,,,prostaglandin_e2_cid5280360.png,high,high,0.884477421515959,stereo,Prostaglandin E2,Prostaglandin E2,1.0,25,25,stereo,stereo,Prostaglandin E2,False,False,False,False,1.0,True,True,0,1,,,,[H]O[C@@H](CCCCC)C([H])=C([H])[C@H]1[C@H](O[H])CC(=O)[C@@H]1C/C([H])=C(/[H])CCCC(=O)O
prucalopride_cid3052762,,,prucalopride_cid3052762.png,high,high,0.8991738221898015,wrong,,Prucalopride,0.982,25,25,exact,exact,Prucalopride,False,True,False,False,1.0,False,False,4,3,[HH].[HH],,,COCCCN1CCC(NC(=O)c2cc(Cl)c(N)c3c2OCC3)CC1.[HH].[HH]
pyrantel_pamoate_cid5281033,,,pyrantel_pamoate_cid5281033.png,high,high,0.8923254760876228,wrong,,Pyrantel Pamoate,0.982,43,43,exact,exact,Pyrantel Pamoate,False,True,False,False,1.0,False,False,2,4,[H].[H],,,"O=C(O)c1cc2ccccc2c(Cc2c(O)c(C(=O)O)cc3ccccc23)c1O.[H].[H].[H]/C(C1=NCCCN1C)=C(/[H])c1cccs1 |^1:29,30|"
pyrazinamide_cid1046,,,pyrazinamide_cid1046.png,high,high,0.9120165401641367,exact,Pyrazinamide,Pyrazinamide,1.0,9,9,exact,exact,Pyrazinamide,False,False,False,False,1.0,True,True,0,1,,,,[H]NC(=O)c1cnccn1
pyrithione_zinc_cid26041,,,pyrithione_zinc_cid26041.png,low,low,0.1416090046895991,wrong,,Pyrithione Zinc,0.333,17,17,wrong,wrong,,False,False,False,False,0.333,False,True,0,1,,,,[O-][n+]1ccccc1[S][Zn+][S-]c1cccc[n+]1[O-] |C:9.9|
pyronaridine_tetraphosphate_cid156867,,,pyronaridine_tetraphosphate_cid156867.png,low,low,0.1169076552967528,invalid,,,,,,invalid,invalid,,False,False,False,False,,False,,,,,,,COC1=NC2=C(NC3=CC(CN4CCCC4)=C(O)C(CN4CCCC4)=C3)C3=C(C=C(Cl)C=C3)N=C2C=C1.O.O[PH](O)(O)O.O[PH](O)(O)O.[H]O1[H](O)(O)(O)(O)OP1(O)(O)(O)O.[H]O[PH](O)(O)O.[H]O[PH](O)(O)O
qs_21_apiose_isomer_cid73652135,,,qs_21_apiose_isomer_cid73652135.png,low,low,8.107007322792469e-13,invalid,,,,,,invalid,invalid,,False,False,False,False,,False,,,,,,,CC[CH][CH]O[CH]CCO[CH]C(O)CCCO[CH]C(O)[CH]O[CH]O[CH]C1(CO)[CH]O[CH]23C45=C67=C2(=C=42C6[CH]46(C72)[CH]27C8C(CC8324)C2C3(C)(O)[CH]48C(CC2736C)C2C4[CH]3(O[CH]46[CH]379OC(O)(C3OC[CH]%10%11O[CH]%10(O%11)C(O)C3O)[CH]3%10(O)C(O)C(O)C(O)O%11[CH]437%12O[CH]%116%109%12)O28)C15
quinacrine_dihydrochloride_cid6239,,,quinacrine_dihydrochloride_cid6239.png,high,high,0.9007050513661724,exact,Quinacrine Dihydrochloride,Quinacrine Dihydrochloride,1.0,30,30,exact,exact,Quinacrine Dihydrochloride,False,False,False,False,1.0,True,True,0,3,,Cl,,CCN(CC)CCCC(C)Nc1c2ccc(Cl)cc2nc2ccc(OC)cc12.[H]Cl.[H]Cl
quinagolide_cid3086401,,,quinagolide_cid3086401.png,high,high,0.9020358140213993,stereo,Quinagolide,Quinagolide,1.0,27,27,stereo,stereo,Quinagolide,False,False,False,False,1.0,True,True,0,1,,,,[H][C@]12Cc3c(O)cccc3C[C@@]1([H])N(CCC)C[C@@H](NS(=O)(=O)N(CC)CC)C2
radezolid_cid11224409,,,radezolid_cid11224409.png,high,high,0.8948958986885731,exact,Radezolid,Radezolid,1.0,32,32,exact,exact,Radezolid,False,False,False,False,1.0,True,True,0,1,,,,CC(=O)NC[C@H]1CN(c2ccc(-c3ccc(CNCc4cn[nH]n4)cc3)c(F)c2)C(=O)O1
raltitrexed_cid135400182,,,raltitrexed_cid135400182.png,high,high,0.8907306087842649,exact,Raltitrexed,Raltitrexed,1.0,32,32,exact,exact,Raltitrexed,False,False,False,False,1.0,True,True,0,1,,,,Cc1nc2ccc(CN(C)c3ccc(C(=O)N[C@@H](CCC(=O)O)C(=O)O)s3)cc2c(=O)[nH]1
ramelteon_cid208902,,,ramelteon_cid208902.png,high,high,0.8658307388163313,exact,Ramelteon,Ramelteon,1.0,19,19,exact,exact,Ramelteon,False,False,False,False,1.0,True,True,0,1,,,,[H]N(CC[C@@H]1CCc2ccc3c(c21)CCO3)C(=O)CC
ramosetron_cid108000,,,ramosetron_cid108000.png,high,high,0.8793871736652406,exact,Ramosetron,Ramosetron,1.0,21,21,exact,exact,Ramosetron,False,False,False,False,1.0,True,True,0,1,,,,Cn1cc(C(=O)[C@@H]2CCc3nc[nH]c3C2)c2ccccc21
rasagiline_cid3052776,,,rasagiline_cid3052776.png,high,high,0.8793887086319689,exact,Rasagiline,Rasagiline,1.0,13,13,exact,exact,Rasagiline,False,False,False,False,1.0,True,True,0,1,,,,[H]C#CCN([H])[C@@H]1CCc2ccccc21
ravtansine_cid11686439,,,ravtansine_cid11686439.png,low,low,2.993630981315136e-18,invalid,,,,,,invalid,invalid,,False,False,False,False,,False,,,,,,,[H]C12OC13(C)CC1456789%10%11C%12%13%14%15%16C%17%18%19%20%21%22%23%24=C%25%26%27(Cl)=C%12%28%29%30%31%32%33%34=C%171%12%35%36=C=%25%131%17%37%38%39(=C=%18=%284%13(Cl)=C4%18%25%28%40%41=C%42%43%44%45%46C=5%47%48%49%50%51%52%53C=45%54%55%56%57C=%474%58%59%60%61C%47%62%63=C%64%65%66=CC=%18%64%47%67%68(=C%26%425%18O%255%26CO%28(C)(C5O%40)C=%27=%54=%67%26%43%13C=%19=%29%18%4116Cl)C=%65=%62=%14=4=%48%44%12%55156=C=%17%20%30%4974C=%35=%58=%50%45%15%567%12%13=C=%21=%31=%37=%51=8=1%59=C=%63=%52=7%66%46%16%36%574%68%601(=C%61%22%32%38%539%125)CC457(C)=C89([H])=C4(C)(=C54([H])C85%12([H])=C8%14%15([H])=C5%16%17%18=C=9=84%12([H])([H]%16)[CH]%17%144(OC)C589%12%14OC45%16%17(O)(C8C4([H])(OC58%19=O=C(=O=5)(O4)(N89%16)N%19%12%17)C2C)[CH]%18%15%14OC)C7%1361)N%23%33%10124CN%24%34%39%115(C1)C2167(=O)=O=C1452(=O)C6[CH]3(OC[CH]NCCCC(C)S)C72
relebactam_cid44129647,,,relebactam_cid44129647.png,low,low,0.6701517165340042,stereo,Relebactam,Relebactam,1.0,23,23,stereo,stereo,Relebactam,False,False,False,False,1.0,True,True,0,1,,,,[H][C@]12CC[C@@H](C(=O)NC3CCNCC3)N(C1)C(=O)N2OS(=O)(=O)O
remimazolam_cid9867812,,,remimazolam_cid9867812.png,high,high,0.9057215362346472,exact,Remimazolam,Remimazolam,1.0,28,28,exact,exact,Remimazolam,False,False,False,False,1.0,True,True,0,1,,,,COC(=O)CC[C@@H]1N=C(c2ccccn2)c2cc(Br)ccc2-n2c(C)cnc21
retapamulin_cid6918462,,,retapamulin_cid6918462.png,low,low,0.08847417054599825,wrong,,Retapamulin,0.34,36,36,wrong,wrong,,False,False,False,False,0.34,False,False,4,1,,,,"[H][C@]12CC[C@@]3([H])C4C(SCC(=O)O[C@@H]5C[C@@](C)(C=C)[C@@H](O)[C@H](C)[C]6CCC(=O)[C@@]6([H])[C@@]5(C)[CH]C)(C1)C[C@]42N3C |^1:23,32|"
rifamycin_cid6324616,,,rifamycin_cid6324616.png,low,low,0.4389981119642177,stereo,Rifamycin,Rifamycin,1.0,50,50,stereo,stereo,Rifamycin,False,False,False,False,1.0,True,True,0,1,,,,[H]C1=C(\C)C(=O)Nc2cc(O)c3c4c(c(C)c(O)c3c2O)O[C@](C)(O/C([H])=C(\[H])[C@H](OC)[C@@H](C)[C@@H](OC(C)=O)[C@H](C)[C@H](O)[C@H](C)[C@H](O)[C@@H](C)/C([H])=C/1[H])C4=O
riluzole_cid5070,,,riluzole_cid5070.png,low,low,0.8389074294909106,exact,Riluzole,Riluzole,1.0,15,15,exact,exact,Riluzole,False,False,False,False,1.0,True,True,0,1,,,,[H]Nc1nc2ccc(OC(F)(F)F)cc2s1
rimantadine_hydrochloride_cid15165,,,rimantadine_hydrochloride_cid15165.png,high,high,0.8462980867617752,exact,Rimantadine Hydrochloride,Rimantadine Hydrochloride,1.0,14,14,exact,exact,Rimantadine Hydrochloride,False,False,False,False,1.0,True,True,0,2,,,,[H]Cl.[H]NC(C)C12CC3CC(CC(C3)C1)C2
riociguat_cid11304743,,,riociguat_cid11304743.png,high,high,0.8879768861661572,wrong,,Riociguat,0.983,31,31,exact,exact,Riociguat,False,True,False,False,1.0,False,False,3,4,[H].[H].[H],,,"COC(=O)N(C)c1c(N)nc(-c2nn(Cc3ccccc3F)c3ncccc23)nc1N.[H].[H].[H] |^1:31,32,33|"
ripasudil_cid9863672,,,ripasudil_cid9863672.png,high,high,0.8921780145973658,exact,Ripasudil,Ripasudil,1.0,22,22,exact,exact,Ripasudil,False,False,False,False,1.0,True,True,0,1,,,,C[C@H]1CNCCCN1S(=O)(=O)c1cccc2cncc(F)c12
robenacoxib_cid6433107,,,robenacoxib_cid6433107.png,high,high,0.8742246501231036,wrong,,Robenacoxib,0.974,23,23,exact,exact,Robenacoxib,False,True,False,False,1.0,False,False,1,2,[H],,,CCc1ccc(Nc2c(F)c(F)cc(F)c2F)c(CC(=O)O)c1.[H] |^1:23|
rocuronium_bromide_cid441351,,,rocuronium_bromide_cid441351.png,low,low,0.4235437205431782,invalid,,,,,,invalid,invalid,,False,False,False,False,,False,,,,,,,[Br-].[H]C12CCC3([H])C4([H])CC([H])(N5(CC=C)CCCC5)C(OC(C)=O)C4(C)CCC3([H])C1(C)CC(N1CCOCC1)C(O)C2
roflumilast_cid449193,,,roflumilast_cid449193.png,high,high,0.9089499700246981,exact,Roflumilast,Roflumilast,1.0,26,26,exact,exact,Roflumilast,False,False,False,False,1.0,True,True,0,1,,,,[H]N(C(=O)c1ccc(OC(F)F)c(OCC2CC2)c1)c1c(Cl)cncc1Cl
rokitamycin_cid5282211,,,rokitamycin_cid5282211.png,low,low,0.458350989964583,exact,Rokitamycin,Rokitamycin,1.0,58,58,exact,exact,Rokitamycin,False,False,False,False,1.0,True,True,0,1,,,,[H]C(=O)C[C@H]1C[C@@H](C)[C@@H](O)/C([H])=C/C([H])=C(\[H])C[C@@H](C)OC(=O)C[C@@H](O)[C@H](OC)[C@H]1O[C@@H]1O[C@H](C)[C@@H](O[C@H]2C[C@@](C)(OC(=O)CC)[C@@H](OC(=O)CCC)[C@H](C)O2)[C@H](N(C)C)[C@H]1O
rolapitant_hydrochloride_cid16203739,,,rolapitant_hydrochloride_cid16203739.png,low,low,0.8173311570425923,wrong,,Rolapitant Hydrochloride,0.95,37,37,exact,exact,Rolapitant Hydrochloride,False,True,False,False,1.0,False,False,4,6,[H].[H].[H][H],,,"C[C@@H](OC[C@@]1(c2ccccc2)CC[C@]2(CCC(=O)N2)CN1)c1cc(C(F)(F)F)cc(C(F)(F)F)c1.O.[H].[H].[H]Cl.[H][H] |^1:36,37|"
rosiglitazone_cid77999,,,rosiglitazone_cid77999.png,high,high,0.9089121374325789,exact,Rosiglitazone,Rosiglitazone,1.0,25,25,exact,exact,Rosiglitazone,False,False,False,False,1.0,True,True,0,1,,,,CN(CCOc1ccc(CC2SC(=O)NC2=O)cc1)c1ccccn1
rucaparib_cid9931954,,,rucaparib_cid9931954.png,high,high,0.9052877175711291,exact,Rucaparib,Rucaparib,1.0,24,24,exact,exact,Rucaparib,False,False,False,False,1.0,True,True,0,1,,,,[H]n1c(-c2ccc(CNC)cc2)c2c3c(cc(F)cc31)C(=O)NCC2
rufinamide_cid129228,,,rufinamide_cid129228.png,low,low,0.7532800097494237,wrong,,Rufinamide,0.971,17,17,exact,exact,Rufinamide,False,True,False,False,1.0,False,False,2,2,[HH],,,NC(=O)c1cn(Cc2c(F)cccc2F)nn1.[HH]
samuraciclib_cid91844733,,,samuraciclib_cid91844733.png,high,high,0.9123737171995656,exact,Samuraciclib,Samuraciclib,1.0,29,29,exact,exact,Samuraciclib,False,False,False,False,1.0,True,True,0,1,,,,[H]O[C@H]1CNCC[C@@H]1CNc1cc(N([H])Cc2ccccc2)n2ncc(C(C)C)c2n1
sapropterin_cid135398654,,,sapropterin_cid135398654.png,high,high,0.8544098263137987,wrong,,Sapropterin,0.974,17,17,exact,exact,Sapropterin,False,True,False,False,1.0,False,False,2,3,[H].[H],,,"[H].[H].[H]O[C@@H](C)[C@H](O)[C@@]1([H])CNc2nc(N)n([H])c(=O)c2N1[H] |^1:0,1|"
saruparib_cid155586901,,,saruparib_cid155586901.png,high,high,0.9069847454969122,exact,Saruparib,Saruparib,1.0,30,30,exact,exact,Saruparib,False,False,False,False,1.0,True,True,0,1,,,,CCc1cc2ncc(CN3CCN(c4ccc(C(=O)NC)nc4)CC3)cc2[nH]c1=O
saxagliptin_hydrochloride_cid49800073,,,saxagliptin_hydrochloride_cid49800073.png,high,high,0.8766766931710137,wrong,,Saxagliptin Hydrochloride,0.978,24,24,exact,exact,Saxagliptin Hydrochloride,False,True,False,False,1.0,False,False,1,3,[H],,,[H].[H]Cl.[H]N[C@H](C(=O)N1[C@H](C#N)C[C@]2([H])C[C@]12[H])C12CC3CC(CC(O)(C3)C1)C2 |^1:0|
selatogrel_cid59534142,,,selatogrel_cid59534142.png,low,low,0.554756169268963,stereo,Selatogrel,Selatogrel,1.0,43,43,stereo,stereo,Selatogrel,False,False,False,False,1.0,True,True,0,1,,,,CCCCOC(=O)N1CCN(C(=O)[C@@H](CP(=O)(O)O)NC(=O)c2cc(N3CC[C@H](OC)C3)nc(-c3ccccc3)n2)CC1
selenium_sulfide_ses_cid24011,,,selenium_sulfide_ses_cid24011.png,low,low,0.6146673034517828,exact,Selenium sulfide (SeS),Selenium sulfide (SeS),1.0,2,2,exact,exact,Selenium sulfide (SeS),False,False,False,False,1.0,True,True,0,1,,,,S=[Se]
selexipag_cid9913767,,,selexipag_cid9913767.png,high,high,0.9112962316867937,exact,Selexipag,Selexipag,1.0,35,35,exact,exact,Selexipag,False,False,False,False,1.0,True,True,0,1,,,,CC(C)N(CCCCOCC(=O)NS(C)(=O)=O)c1cnc(-c2ccccc2)c(-c2ccccc2)n1
semaxanib_cid5329098,,,semaxanib_cid5329098.png,high,high,0.8951657441968547,exact,Semaxanib,Semaxanib,1.0,18,18,exact,exact,Semaxanib,False,False,False,False,1.0,True,True,0,1,,,,[H]/C(=C1/C(=O)Nc2ccccc21)c1c(C)cc(C)n1[H]
senna_cid73111,,,senna_cid73111.png,low,low,0.632328242108856,wrong,,Senna,1.0,62,62,stereo,stereo,Senna,False,True,False,False,1.0,False,False,5,6,[H].[H].[H].[H].[H],,,"[H].[H].[H].[H].[H].[H]C1([C@@]2([H])c3cc(C(=O)O)cc(O)c3C(=O)c3c(O[C@@H]4O[C@H](CO)[C@@H](O)[C@H](O)[C@H]4O)cccc32)c2cc(C(=O)O)cc(O)c2C(=O)c2c(O[C@@H]3O[C@H](CO)[C@@H](O)[C@H](O)[C@H]3O)cccc21 |^1:0,1,2,3,4|"
sertindole_cid60149,,,sertindole_cid60149.png,high,high,0.8935321211671234,exact,Sertindole,Sertindole,1.0,31,31,exact,exact,Sertindole,False,False,False,False,1.0,True,True,0,1,,,,O=C1NCCN1CCN1CCC(c2cn(-c3ccc(F)cc3)c3ccc(Cl)cc23)CC1
sevoflurane_cid5206,,,sevoflurane_cid5206.png,high,high,0.8475980175923605,exact,Sevoflurane,Sevoflurane,1.0,12,12,exact,exact,Sevoflurane,False,False,False,False,1.0,True,True,0,1,,,,FCOC(C(F)(F)F)C(F)(F)F
shr0302_cid71622431,,,shr0302_cid71622431.png,high,high,0.8609937853090509,exact,Shr0302,Shr0302,1.0,29,29,exact,exact,Shr0302,False,False,False,False,1.0,True,True,0,1,,,,[H][C@@]12CC(N(C)c3ncnc4[nH]ccc34)C[C@]1([H])CN(C(=O)Nc1nc(OC)ns1)C2
silodosin_cid5312125,,,silodosin_cid5312125.png,high,high,0.8601080056873519,wrong,,Silodosin,0.985,35,35,exact,exact,Silodosin,False,True,False,False,1.0,False,False,2,3,[H].[H],,,"[H].[H].[H]NC(=O)c1cc(C[C@@H](C)NCCOc2ccccc2OCC(F)(F)F)cc2c1N(CCCO)CC2 |^1:0,1|"
silperisone_cid178568,,,silperisone_cid178568.png,high,high,0.8862723891925521,exact,Silperisone,Silperisone,1.0,18,18,exact,exact,Silperisone,False,False,False,False,1.0,True,True,0,1,,,,C[Si](C)(Cc1ccc(F)cc1)CN1CCCCC1
sitafloxacin_cid461399,,,sitafloxacin_cid461399.png,high,high,0.8824852476944576,wrong,,Sitafloxacin,0.966,28,28,exact,exact,Sitafloxacin,False,True,False,False,1.0,False,False,3,3,[HH].[H],,,[HH].[H].[H]N[C@@H]1CN(c2c(F)cc3c(=O)c(C(=O)O)cn([C@@H]4C[C@@H]4F)c3c2Cl)CC12CC2 |^1:1|
sodium_deoxycholate_cid23668196,,,sodium_deoxycholate_cid23668196.png,low,low,0.4387172213473483,wrong,,Sodium Deoxycholate,0.763,29,29,wrong,wrong,,False,False,False,False,0.763,False,False,2,3,[H].[H],,,"[H].[H].[H][C@@]12CC[C@@]3([H])[C@]([H])(C[C@H](O)[C@@]4(C)[C@@]3([H])CC[C@]4([H])[C@H](C)CCC(=O)[O][Na+])[C@@]1(C)CC[C@@H](O)C2 |^1:0,1,28|"
sodium_nitrite_cid23668193,,,sodium_nitrite_cid23668193.png,high,high,0.8624543988499785,wrong,,Sodium Nitrite,0.231,4,4,wrong,wrong,,False,False,False,False,0.231,False,True,0,1,,,,"O=N[O-][Na+] |3,C:2.2|"
sodium_oxybate_cid23663870,,,sodium_oxybate_cid23663870.png,high,high,0.8591657435085123,wrong,,Sodium Oxybate,0.417,8,8,wrong,wrong,,False,False,False,False,0.417,False,False,0,1,,,,[H]OCCCC(=O)[O][Na+] |8|
sodium_phenylacetate_cid23690424,,,sodium_phenylacetate_cid23690424.png,low,low,0.4672841333920497,wrong,,Sodium Phenylacetate,0.519,11,11,wrong,wrong,,False,False,False,False,0.519,False,False,0,1,,,,O=C(Cc1ccccc1)[O][Na+] |10|
sodium_selenite_cid24934,,,sodium_selenite_cid24934.png,high,high,0.9039333406357084,exact,Sodium Selenite,Sodium Selenite,1.0,6,6,exact,exact,Sodium Selenite,False,False,False,False,1.0,True,True,0,3,,[Na+],,O=[Se]([O-])[O-].[Na+].[Na+]
sodium_thiosulfate_cid24477,,,sodium_thiosulfate_cid24477.png,high,high,0.8624252030365863,wrong,,Sodium Thiosulfate,0.533,7,7,wrong,wrong,,False,False,False,False,0.533,False,False,0,2,,,,O=S([O-])(=S)[O][Na+].[Na+] |5|
solifenacin_succinate_cid216457,,,solifenacin_succinate_cid216457.png,low,low,0.8112161858899347,wrong,,Solifenacin Succinate,0.98,35,35,exact,exact,Solifenacin Succinate,False,True,False,False,1.0,False,False,1,3,[H],,,O=C(O)CCC(=O)O.O=C(O[C@H]1CN2CCC1CC2)N1CCc2ccccc2[C@@H]1c1ccccc1.[H] |^1:35|
solithromycin_cid25242512,,,solithromycin_cid25242512.png,low,low,0.006705998551743651,invalid,,,,,,invalid,invalid,,False,False,False,False,,False,,,,,,,[H]NC1=CC=CC(C2=CN(CCCCN3C(=O)OC45(C)C(CC)OC6=O=C(=O)(OC4CC)C47(C)(F)CC68(F)C4(=O)[CH]4(C)C(OC6OC(C)CC(N(C)C)C6O)C6(OC)CC(C)C(=O)C(C6)C35([H])C3C=C3O=C487)N=N2)=C1
sonrotoclax_cid149553242,,,sonrotoclax_cid149553242.png,low,low,0.791962918443378,wrong,,Sonrotoclax,0.717,72,64,wrong,wrong,,False,False,False,False,0.717,False,False,30,11,,O.O.O.O.O.O.O.O,,CC(C)c1ccccc1C1CCCN1C1CC2(CCN(c3ccc(C(=O)NO)c(Oc4cnc5[nH]ccc5c4)c3)CC2)C1.CC1(O)CCC(CNc2ccc(SO)cc2NO)CC1.O.O.O.O.O.O.O.O.O
sotagliflozin_cid24831714,,,sotagliflozin_cid24831714.png,low,low,0.7182064385261523,wrong,,Sotagliflozin,0.98,28,28,stereo,stereo,Sotagliflozin,False,True,False,False,1.0,False,False,4,4,[HH].[H].[H],,,"CCOc1ccc(Cc2cc([C@@H]3O[C@@H](SC)[C@@H](O)[C@H](O)[C@H]3O)ccc2Cl)cc1.[HH].[H].[H] |^1:29,30|"
spinosyn_a_cid443059,,,spinosyn_a_cid443059.png,low,low,0.4275886996017064,stereo,Spinosyn A,Spinosyn A,1.0,52,52,stereo,stereo,Spinosyn A,False,False,False,False,1.0,True,True,0,1,,,,[H][C@@]12C=C3C(=O)[C@H](C)[C@@H](O[C@H]4CC[C@@H](N(C)C)[C@@H](C)O4)CCC[C@H](CC)OC(=O)C[C@]3([H])[C@]1([H])C=C[C@@]1([H])C[C@@H](O[C@@H]3O[C@@H](C)[C@H](OC)[C@@H](OC)[C@H]3OC)C[C@]21[H]
stiripentol_cid5311454,,,stiripentol_cid5311454.png,high,high,0.8975615019887266,wrong,,Stiripentol,0.971,17,17,exact,exact,Stiripentol,False,True,False,False,1.0,False,False,1,2,[H],,,[H].[H]/C(=C(/[H])C(O)C(C)(C)C)c1ccc2c(c1)OCO2 |^1:0|
sulbactam_cid130313,,,sulbactam_cid130313.png,low,low,0.8338998992923391,exact,Sulbactam,Sulbactam,1.0,15,15,exact,exact,Sulbactam,False,False,False,False,1.0,True,True,0,1,,,,[H]OC(=O)[C@@H]1N2C(=O)C[C@@]2([H])S(=O)(=O)C1(C)C
sulpiride_cid5355,,,sulpiride_cid5355.png,high,high,0.8920967590315393,exact,Sulpiride,Sulpiride,1.0,23,23,exact,exact,Sulpiride,False,False,False,False,1.0,True,True,0,1,,,,[H]NS(=O)(=O)c1ccc(OC)c(C(=O)NCC2CCCN2CC)c1
tafamidis_cid11001318,,,tafamidis_cid11001318.png,high,high,0.8744332096740564,exact,Tafamidis,Tafamidis,1.0,20,20,exact,exact,Tafamidis,False,False,False,False,1.0,True,True,0,1,,,,[H]OC(=O)c1ccc2nc(-c3cc(Cl)cc(Cl)c3)oc2c1
tafluprost_cid9868491,,,tafluprost_cid9868491.png,high,high,0.881451154214994,stereo,Tafluprost,Tafluprost,1.0,32,32,stereo,stereo,Tafluprost,False,False,False,False,1.0,True,True,0,1,,,,[H]/C(CCCC(=O)OC(C)C)=C(\[H])C[C@@H]1[C@@H](C([H])=C([H])C(F)(F)COc2ccccc2)[C@H](O)C[C@@H]1O
talabostat_cid6918572,,,talabostat_cid6918572.png,high,high,0.8709040661947398,exact,Talabostat,Talabostat,1.0,15,15,exact,exact,Talabostat,False,False,False,False,1.0,True,True,0,1,,,,[H]N[C@H](C(=O)N1CCC[C@@]1([H])B(O[H])O[H])C(C)C
tasimelteon_cid10220503,,,tasimelteon_cid10220503.png,high,high,0.9104413847284178,exact,Tasimelteon,Tasimelteon,1.0,18,18,exact,exact,Tasimelteon,False,False,False,False,1.0,True,True,0,1,,,,[H][C@@]1(c2cccc3c2CCO3)C[C@H]1CNC(=O)CC
tedizolid_cid11234049,,,tedizolid_cid11234049.png,high,high,0.8880225789243337,exact,Tedizolid,Tedizolid,1.0,27,27,exact,exact,Tedizolid,False,False,False,False,1.0,True,True,0,1,,,,Cn1nnc(-c2ccc(-c3ccc(N4C[C@H](CO)OC4=O)cc3F)cn2)n1
tegoprazan_cid23582846,,,tegoprazan_cid23582846.png,high,high,0.9016835139399318,exact,Tegoprazan,Tegoprazan,1.0,28,28,exact,exact,Tegoprazan,False,False,False,False,1.0,True,True,0,1,,,,Cc1nc2c(O[C@H]3CCOc4cc(F)cc(F)c43)cc(C(=O)N(C)C)cc2[nH]1
teicoplanin_a2_2_cid16198036,,,teicoplanin_a2_2_cid16198036.png,low,low,3.132053272315584e-10,invalid,,,,,,invalid,invalid,,False,False,False,False,,False,,,,,,,CCCCCCCCCN[CH][CH]OC123=C(OCC=CCCCNC)=C=14=C21OC2C1=CCC(OC1OC(CO)C(O)C(O)C1NC(C)=O)[CH]NC[CH]15N6C7C(N)CN7C67C16(=C7189=C567=C1C8(O[CH]15C6O1O[CH]5(O)C(O)[CH]15(O)O[CH]618C(O)C58)=CC(O)=C79)NC[CH]NC1CN15C1N6C789C%10%11%12NC7%13%14(N)(N%10)C%1187C65%12%13C197%14=CO2C43
temsavir_cid11317439,,,temsavir_cid11317439.png,high,high,0.899955505144488,exact,Temsavir,Temsavir,1.0,35,35,exact,exact,Temsavir,False,False,False,False,1.0,True,True,0,1,,,,COc1cnc(-n2cnc(C)n2)c2[nH]cc(C(=O)C(=O)N3CCN(C(=O)c4ccccc4)CC3)c12
tenapanor_cid71587953,,,tenapanor_cid71587953.png,low,low,3.995085409544378e-40,invalid,,,,,,invalid,invalid,,False,False,False,False,,False,,,,,,,C[CH]CC[CH]CCCC1C2C(CC3=CC3CC=CCCC34C56(O[CH]35789%10C35%11%12%13C%14%15%16%17C37%18%19%20C%14537C%155C%14%15C%21[CH]%22(C%14[CH]%21%15%22)C%14CC%15%21%22=C%23%24%25C%26%27C%23%28%29%30[CH]%23(C%31C%23[CH]%31%23C%31[CH]%23%32[CH]%31%23%33[CH]%32%31%34[CH]%23%32%35[CH]%23%36%37C%38%39%40C(C=CCCN=C%41C%42C(C%43C%44C(CC%45C%46C4%11%188[CH]%45%46%12%199C%163%13%20%10C5%177)C%44%43)[CH]%41%42%14%15N)C%38[CH]%39%233[CH]%404[CH]3%31%36%32[CH]4%33%34%37%35)[CH]%283C=%21%26%24%29C=%22%273%25%30)C34C57C38C456C7834C56C37C543C4=C=C4673)O12
teneligliptin_cid11949652,,,teneligliptin_cid11949652.png,high,high,0.8966495990885762,exact,Teneligliptin,Teneligliptin,1.0,30,30,exact,exact,Teneligliptin,False,False,False,False,1.0,True,True,0,1,,,,Cc1cc(N2CCN([C@@H]3CN[C@H](C(=O)N4CCSC4)C3)CC2)n(-c2ccccc2)n1
tenofovir_cid464205,,,tenofovir_cid464205.png,high,high,0.8777220963099642,wrong,,Tenofovir,0.977,19,19,exact,exact,Tenofovir,False,True,False,False,1.0,False,False,2,3,[H].[H],,,"[H].[H].[H]Nc1ncnc2c1ncn2C[C@@H](C)OCP(=O)(O)O[H] |^1:0,1|"
tesetaxel_cid6918574,,,tesetaxel_cid6918574.png,low,low,0.8019317728677281,stereo,Tesetaxel,Tesetaxel,1.0,63,63,stereo,stereo,Tesetaxel,False,False,False,False,1.0,True,True,0,1,,,,[H][C@]12O[C@H](CN(C)C)O[C@@]1([H])C1=C(C)[C@@H](OC(=O)[C@H](O)[C@@H](NC(=O)OC(C)(C)C)c3ncccc3F)C[C@@](O)([C@@H](OC(=O)c3ccccc3)[C@]3([H])[C@@]2(C)CC[C@]2([H])OC[C@@]32OC(C)=O)C1(C)C
testosterone_enanthate_cid9416,,,testosterone_enanthate_cid9416.png,low,low,0.8386855560160988,stereo,Testosterone Enanthate,Testosterone Enanthate,1.0,29,29,stereo,stereo,Testosterone Enanthate,False,False,False,False,1.0,True,True,0,1,,,,[H][C@]12CCC3=CC(=O)CC[C@]3(C)[C@@]1([H])CC[C@]1(C)[C@H](OC(=O)CCCCCC)CC[C@@]21[H]
testosterone_propionate_cid5995,,,testosterone_propionate_cid5995.png,low,low,0.462735638355375,stereo,Testosterone Propionate,Testosterone Propionate,1.0,25,25,stereo,stereo,Testosterone Propionate,False,False,False,False,1.0,True,True,0,1,,,,[H][C@@]12CCC3=CC(=O)CC[C@]3(C)[C@@]1([H])CC[C@]1(C)[C@H](OC(=O)CC)CC[C@@]21[H]
testosterone_undecanoate_cid65157,,,testosterone_undecanoate_cid65157.png,low,low,0.4658259926356069,invalid,,,,,,invalid,invalid,,False,False,False,False,,False,,,,,,,[H]C12CCC3(C)C(OC(=O)CCCCCCCCCC)CCC34([H])[H]C14CCC1=CC(=O)CCC12C
thiamphenicol_cid27200,,,thiamphenicol_cid27200.png,high,high,0.8919060559122852,exact,Thiamphenicol,Thiamphenicol,1.0,21,21,exact,exact,Thiamphenicol,False,False,False,False,1.0,True,True,0,1,,,,[H]O[C@H](c1ccc(S(C)(=O)=O)cc1)[C@@H](CO)N([H])C(=O)C(Cl)Cl
thimerosal_cid16684434,,,thimerosal_cid16684434.png,low,low,0.5030579174964759,wrong,,Thimerosal,0.632,14,14,wrong,wrong,,False,False,False,False,0.632,False,True,0,1,,,,"C[CH2][Hg][S]c1ccccc1C(=O)[O-][Na+] |13,C:12.13|"
thiopental_cid3000715,,,thiopental_cid3000715.png,high,high,0.8781527063884224,exact,Thiopental,Thiopental,1.0,16,16,exact,exact,Thiopental,False,False,False,False,1.0,True,True,0,1,,,,[H]N1C(=O)C(CC)(C(C)CCC)C(=O)N([H])C1=S
thiotepa_cid5453,,,thiotepa_cid5453.png,high,high,0.8611034937693329,exact,Thiotepa,Thiotepa,1.0,11,11,exact,exact,Thiotepa,False,False,False,False,1.0,True,True,0,1,,,,S=P(N1CC1)(N1CC1)N1CC1
tildipirosin_cid24860548,,,tildipirosin_cid24860548.png,low,low,0.199793275966216,wrong,,Tildipirosin,0.295,51,52,wrong,wrong,,False,False,False,False,0.295,False,False,8,2,,,,C1C2C3C4C56C7N2C5C47C136.[H]/C=C(/[H])C(=C)[C@H](C)C[C@H](CCN1CCCCC1)[C@H](O[C@@H]1O[C@H](C)[C@@H](O)[C@H](N(C)C)[C@H]1O)[C@@H](C)[C@H](O)CC(=O)O[CH]CC |^1:50|
tilmicosin_cid5282521,,,tilmicosin_cid5282521.png,low,low,0.2008251144795289,wrong,,Tilmicosin,0.752,61,61,wrong,wrong,,False,False,False,False,0.752,False,False,2,1,,,,[H]/C1=C([H])\C(C)=C\[C@H](CO[C@H]2O[C@H](C)[C@@H](O)[C@@H](OC)[C@H]2OC)[C@@H](CC)OC(=O)C[C@H]2O[C@@H]([C@H](CCN3C[C@H](C)C[C@H](C)C3)[C@H](O[C@H]3O[C@H](C)[C@@H](O)[C@H](N(C)C)[C@H]3O)[C@H]2C)[C@@H](C)C1=O
tirofiban_hydrochloride_anhydrous_cid64781,,,tirofiban_hydrochloride_anhydrous_cid64781.png,high,high,0.9113089915982859,exact,Tirofiban hydrochloride anhydrous,Tirofiban hydrochloride anhydrous,1.0,31,31,exact,exact,Tirofiban hydrochloride anhydrous,False,False,False,False,1.0,True,True,0,2,,,,CCCCS(=O)(=O)N[C@@H](Cc1ccc(OCCCCC2CCNCC2)cc1)C(=O)O.[H]Cl
tofogliflozin_cid46908929,,,tofogliflozin_cid46908929.png,low,low,0.4287068430669142,wrong,,Tofogliflozin,1.0,28,28,exact,exact,Tofogliflozin,False,True,False,False,1.0,False,False,3,4,[H].[H].[H],,,"[H].[H].[H].[H]O[C@H]1[C@H](O)[C@@H](CO)O[C@]2(OCc3ccc(Cc4ccc(CC)cc4)cc32)[C@@H]1O |^1:0,1,2|"
tolazoline_cid5504,,,tolazoline_cid5504.png,high,high,0.8934804982048826,exact,Tolazoline,Tolazoline,1.0,12,12,exact,exact,Tolazoline,False,False,False,False,1.0,True,True,0,1,,,,[H]N1CCN=C1Cc1ccccc1
tolbutamide_cid5505,,,tolbutamide_cid5505.png,high,high,0.8987187062322763,exact,Tolbutamide,Tolbutamide,1.0,18,18,exact,exact,Tolbutamide,False,False,False,False,1.0,True,True,0,1,,,,CCCCNC(=O)NS(=O)(=O)c1ccc(C)cc1
tolperisone_cid5511,,,tolperisone_cid5511.png,high,high,0.871612404656003,exact,Tolperisone,Tolperisone,1.0,18,18,exact,exact,Tolperisone,False,False,False,False,1.0,True,True,0,1,,,,Cc1ccc(C(=O)C(C)CN2CCCCC2)cc1
tolterodine_tartrate_cid443878,,,tolterodine_tartrate_cid443878.png,low,low,0.4257181544486166,invalid,,,,,,invalid,invalid,,False,False,False,False,,False,,,,,,,CC1=CC(C(CCN(C(C)C)C(C)C)C2=CC=CC=C2)=C(O)C=C1.O=C(O)[H](O)C(O)C(=O)O.[H].[H]
torasemide_cid41781,,,torasemide_cid41781.png,high,high,0.8796178865977103,wrong,,Torasemide,0.979,24,24,exact,exact,Torasemide,False,True,False,False,1.0,False,False,4,3,[HH].[HH],,,Cc1cccc(Nc2ccncc2S(=O)(=O)NC(=O)NC(C)C)c1.[HH].[HH]
tranylcypromine_cid5530,,,tranylcypromine_cid5530.png,low,low,0.6559317883902445,exact,Tranylcypromine,Tranylcypromine,1.0,10,10,exact,exact,Tranylcypromine,False,False,False,False,1.0,True,True,0,1,,,,[H]N([H])C1CC1c1ccccc1
trehalose_cid7427,,,trehalose_cid7427.png,high,high,0.8870351111119854,wrong,,Trehalose,1.0,23,23,exact,exact,Trehalose,False,True,False,False,1.0,False,False,2,3,[H].[H],,,"[H].[H].[H]OC[C@H]1O[C@H](O[C@H]2O[C@H](CO)[C@@H](O[H])[C@H](O)[C@H]2O[H])[C@H](O)[C@@H](O[H])[C@@H]1O |^1:0,1|"
trelagliptin_cid15983988,,,trelagliptin_cid15983988.png,high,high,0.8873417087711699,exact,Trelagliptin,Trelagliptin,1.0,26,26,exact,exact,Trelagliptin,False,False,False,False,1.0,True,True,0,1,,,,[H]N[C@@H]1CCCN(c2cc(=O)n(C)c(=O)n2Cc2cc(F)ccc2C#N)C1
trenbolone_cid25015,,,trenbolone_cid25015.png,low,low,0.8286942367433,stereo,Trenbolone,Trenbolone,1.0,20,20,stereo,stereo,Trenbolone,False,False,False,False,1.0,True,True,0,1,,,,[H][C@@]12CC[C@H](O)[C@@]1(C)C=CC1=C3CCC(=O)C=C3CC[C@@]12[H]
trifarotene_cid11518241,,,trifarotene_cid11518241.png,high,high,0.8952384347112965,wrong,,Trifarotene,0.981,34,34,exact,exact,Trifarotene,False,True,False,False,1.0,False,False,2,2,[HH],,,CC(C)(C)c1cc(-c2cc(-c3ccc(C(=O)O)cc3)ccc2OCCO)ccc1N1CCCC1.[HH]
trifluridine_cid6256,,,trifluridine_cid6256.png,high,high,0.8802698001022329,exact,Trifluridine,Trifluridine,1.0,20,20,exact,exact,Trifluridine,False,False,False,False,1.0,True,True,0,1,,,,[H]O[C@H]1C[C@H](n2cc(C(F)(F)F)c(=O)n([H])c2=O)O[C@@H]1CO
trilostane_cid656583,,,trilostane_cid656583.png,low,low,0.3655364368015898,wrong,,Trilostane,1.0,24,24,exact,exact,Trilostane,False,True,False,False,1.0,False,False,1,2,[H],,,[H].[H][C@@]12CC[C@@]34O[C@]3([H])C(O)=C(C#N)C[C@]4(C)[C@@]1([H])CC[C@]1(C)[C@@H](O)CC[C@@]21[H] |^1:0|
trimebutine_maleate_cid5388977,,,trimebutine_maleate_cid5388977.png,high,high,0.9025571847280737,exact,Trimebutine Maleate,Trimebutine Maleate,1.0,36,36,exact,exact,Trimebutine Maleate,False,False,False,False,1.0,True,True,0,2,,,,CCC(COC(=O)c1cc(OC)c(OC)c(OC)c1)(c1ccccc1)N(C)C.[H]/C(C(=O)O)=C(\[H])C(=O)O
trimedoxime_cid135539427,,,trimedoxime_cid135539427.png,high,high,0.8939618369882871,wrong,,Trimedoxime,0.958,21,21,exact,exact,Trimedoxime,False,True,False,False,1.0,False,False,1,2,[H],,,[H].[H]O/N=C(\[H])c1cc[n+](CCC[n+]2ccc(/C([H])=N/O)cc2)cc1 |^1:0|
triplatin_cid71587574,,,triplatin_cid71587574.png,low,low,0.3788197150234147,wrong,,Triplatin,0.45,23,27,wrong,wrong,,False,False,False,False,0.45,False,False,9,21,[H].[H].[H].[H].[H].[H].[H].[H][H].[H][H].[H][H].[H][H].[H][H],[Cl-].[Pt].[Pt].[Pt].[Pt],,"[Cl-].[Cl-].[H].[H].[H].[H].[H].[H].[H].[H]NCCCCCC[NH2+].[H][H].[H][H].[H][H].[H][H].[H][H].[NH2+]CCCCCC[NH2+].[Pt].[Pt].[Pt].[Pt].[Pt] |^1:2,3,4,5,6,7,8,17,28,35|"
tris_hydroxymethyl_aminomethane_cid6503,,,tris_hydroxymethyl_aminomethane_cid6503.png,high,high,0.8793835793837536,exact,Tris(hydroxymethyl)aminomethane,Tris(hydroxymethyl)aminomethane,1.0,8,8,exact,exact,Tris(hydroxymethyl)aminomethane,False,False,False,False,1.0,True,True,0,1,,,,[H]OCC(CO[H])(CO[H])N([H])[H]
tromantadine_cid64377,,,tromantadine_cid64377.png,high,high,0.8705808063535282,exact,Tromantadine,Tromantadine,1.0,20,20,exact,exact,Tromantadine,False,False,False,False,1.0,True,True,0,1,,,,CN(C)CCOCC(=O)NC12CC3CC(CC(C3)C1)C2
trypan_blue_cid4407718,,,trypan_blue_cid4407718.png,high,high,0.8433172809807958,wrong,,Trypan blue,0.494,62,58,wrong,wrong,,False,False,False,False,0.494,False,False,29,10,,O.O.O.O.O.O.O.O,,O.O.O.O.O.O.O.O.O.[H]Nc1cc(S)cc2cc(SO)c(/N=N/c3ccc(-c4ccc(/N=N/c5c([SH](=O)([O-])O)cc6cc(S(O)(O)O)cc(N)c6c5O)c(C)c4)cc3C)c(O)c12
tulathromycin_cid9832301,,,tulathromycin_cid9832301.png,low,low,0.4564445120740043,wrong,,Tulathromycin,0.828,54,56,wrong,wrong,,False,False,False,False,0.828,False,False,2,3,[H].[H],,,"[H].[H].[H][C@]1(C)C[C@H](O[C@H]2[C@H](C)[C@@H](O[C@@H]3O[C@H](C)C[C@H](N(C)C)[C@H]3O)[C@@](C)(O)C[C@@H](C)CN[C@H](C)[C@@H](O)[C@@](C)(O)[C@@H](CC)OC(=O)[C@@H]2C)O[C@@H](C)[C@]1(O)CNCCC |^1:0,1|"
ulipristal_acetate_cid130904,,,ulipristal_acetate_cid130904.png,low,low,0.7034236288426576,exact,Ulipristal Acetate,Ulipristal Acetate,1.0,35,35,exact,exact,Ulipristal Acetate,False,False,False,False,1.0,True,True,0,1,,,,[H][C@@]12CC[C@](OC(C)=O)(C(C)=O)[C@@]1(C)C[C@H](c1ccc(N(C)C)cc1)C1=C3CCC(=O)C=C3CC[C@]12[H]
ulonivirine_cid73505111,,,ulonivirine_cid73505111.png,high,high,0.9011652954359599,exact,Ulonivirine,Ulonivirine,1.0,33,33,exact,exact,Ulonivirine,False,False,False,False,1.0,True,True,0,1,,,,N#Cc1cc(Cl)cc(Oc2c(C(F)(F)F)ncn(Cc3cc(C(F)(F)F)c(=O)[nH]n3)c2=O)c1
unithiol_cid2724039,,,unithiol_cid2724039.png,low,low,0.4593474346357477,wrong,,Unithiol,0.5,10,10,wrong,wrong,,False,False,False,False,0.5,False,False,0,1,,,,[H]SCC(CS(=O)(=O)[O][Na+])S[H] |9|
ursodeoxycholic_acid_cid31401,,,ursodeoxycholic_acid_cid31401.png,low,low,0.6956447802105653,wrong,,Ursodeoxycholic Acid,1.0,28,28,stereo,stereo,Ursodeoxycholic Acid,False,True,False,False,1.0,False,False,1,2,[H],,,[H].[H]O[C@H]1C[C@@]2([H])C[C@H](O)CC[C@]2(C)[C@@]2([H])CC[C@@]3(C)[C@@]([H])(CC[C@]3([H])[C@H](C)CCC(=O)O)[C@@]12[H] |^1:0|
valacyclovir_hydrochloride_cid135398741,,,valacyclovir_hydrochloride_cid135398741.png,high,high,0.8760924661785308,wrong,,Valacyclovir Hydrochloride,0.98,24,24,exact,exact,Valacyclovir Hydrochloride,False,True,False,False,1.0,False,False,3,5,[H].[H].[H],,,"[H].[H].[H].[H]Cl.[H]N[C@H](C(=O)OCCOCn1cnc2c(=O)[nH]c(N)nc21)C(C)C |^1:0,1,2|"
vandetanib_cid3081361,,,vandetanib_cid3081361.png,high,high,0.914575832457194,exact,Vandetanib,Vandetanib,1.0,30,30,exact,exact,Vandetanib,False,False,False,False,1.0,True,True,0,1,,,,COc1cc2c(Nc3ccc(Br)cc3F)ncnc2cc1OCC1CCN(C)CC1
vardenafil_hydrochloride_cid135438569,,,vardenafil_hydrochloride_cid135438569.png,high,high,0.9157466449708767,exact,Vardenafil Hydrochloride,Vardenafil Hydrochloride,1.0,35,35,exact,exact,Vardenafil Hydrochloride,False,False,False,False,1.0,True,True,0,2,,,,CCCc1nc(C)c2c(=O)[nH]c(-c3cc(S(=O)(=O)N4CCN(CC)CC4)ccc3OCC)nn12.[H]Cl
varenicline_tartrate_cid6918678,,,varenicline_tartrate_cid6918678.png,low,low,0.4391215971781289,wrong,,Varenicline Tartrate,0.686,16,26,salt,salt,Varenicline Tartrate,False,True,False,False,0.706,False,False,11,8,[H].[H].[H].[H].[H].[H].[H],,,"[H].[H].[H].[H].[H].[H].[H].[H]N1C[C@]2([H])C[C@@]([H])(C1)c1cc3nccnc3cc12 |^1:0,1,2,3,4,5,6|"
veliparib_cid11960529,,,veliparib_cid11960529.png,high,high,0.8904406419650225,exact,Veliparib,Veliparib,1.0,18,18,exact,exact,Veliparib,False,False,False,False,1.0,True,True,0,1,,,,[H]NC(=O)c1cccc2c1nc([C@@]1(C)CCCN1[H])n2[H]
vilanterol_cid10184665,,,vilanterol_cid10184665.png,high,high,0.907448288458017,stereo,Vilanterol,Vilanterol,1.0,32,32,stereo,stereo,Vilanterol,False,False,False,False,1.0,True,True,0,1,,,,OCc1cc([C@H](O)CNCCCCCCOCCOCc2c(Cl)cccc2Cl)ccc1O
vildagliptin_cid6918537,,,vildagliptin_cid6918537.png,high,high,0.8948210005008858,exact,Vildagliptin,Vildagliptin,1.0,22,22,exact,exact,Vildagliptin,False,False,False,False,1.0,True,True,0,1,,,,[H]N(CC(=O)N1CCC[C@H]1C#N)C12CC3CC(CC(O)(C3)C1)C2
vismodegib_cid24776445,,,vismodegib_cid24776445.png,high,high,0.9141578729549363,exact,Vismodegib,Vismodegib,1.0,27,27,exact,exact,Vismodegib,False,False,False,False,1.0,True,True,0,1,,,,CS(=O)(=O)c1ccc(C(=O)Nc2ccc(Cl)c(-c3ccccn3)c2)c(Cl)c1
vitamin_d3_cid5280795,,,vitamin_d3_cid5280795.png,high,high,0.8656743164681553,exact,Vitamin D3,Vitamin D3,1.0,28,28,exact,exact,Vitamin D3,False,False,False,False,1.0,True,True,0,1,,,,[H]O[C@H]1CCC(=C)/C(=C([H])\C([H])=C2/CCC[C@@]3(C)[C@@]2([H])CC[C@]3([H])[C@H](C)CCCC(C)C)C1
voclosporin_cid6918486,,,voclosporin_cid6918486.png,low,low,0.793869202807994,wrong,,Voclosporin,0.753,87,86,wrong,wrong,,False,False,False,False,0.753,False,False,1,2,,,,C=C/C=C/C[C@@H](C)C(=O)O.[H]C1C(=O)NC(CC)C(=O)N(C)CC(=O)N(C)[C@@H](CC(C)C)C(=O)N[C@@H](C(C)C)C(=O)N(C)[C@@H](CC(C)C)C(=O)N[C@H](C)C(=O)N[C@H](C)C(=O)N(C)[C@@H](CC(C)C)C(=O)N(C)[C@@H](CC(C)C)C(=O)N(C)[C@@H](C(C)C)C(=O)N1C
vonoprazan_cid15981397,,,vonoprazan_cid15981397.png,high,high,0.9095321798718278,exact,Vonoprazan,Vonoprazan,1.0,24,24,exact,exact,Vonoprazan,False,False,False,False,1.0,True,True,0,1,,,,CNCc1cc(-c2ccccc2F)n(S(=O)(=O)c2cccnc2)c1
vorapaxar_sulfate_cid10077129,,,vorapaxar_sulfate_cid10077129.png,low,low,0.7899694932272328,stereo,Vorapaxar Sulfate,Vorapaxar Sulfate,1.0,41,41,stereo,stereo,Vorapaxar Sulfate,False,False,False,False,1.0,True,True,0,2,,,,O=S(=O)(O)O.[H]/C(=C(/[H])[C@@H]1[C@@]2([H])[C@@H](C)OC(=O)[C@@]2([H])C[C@@]2([H])C[C@H](NC(=O)OCC)CC[C@@]12[H])c1ccc(-c2cccc(F)c2)cn1
voriconazole_cid71616,,,voriconazole_cid71616.png,high,high,0.8799709687108196,exact,Voriconazole,Voriconazole,1.0,25,25,exact,exact,Voriconazole,False,False,False,False,1.0,True,True,0,1,,,,[H]O[C@@](Cn1cncn1)(c1ccc(F)cc1F)[C@@H](C)c1ncncc1F
vorinostat_cid5311,,,vorinostat_cid5311.png,high,high,0.8850223375905371,wrong,,Vorinostat,0.964,19,19,exact,exact,Vorinostat,False,True,False,False,1.0,False,False,4,3,[HH].[HH],,,O=C(CCCCCCC(=O)Nc1ccccc1)NO.[HH].[HH]
vortioxetine_cid9966051,,,vortioxetine_cid9966051.png,high,high,0.9051498699791702,exact,Vortioxetine,Vortioxetine,1.0,21,21,exact,exact,Vortioxetine,False,False,False,False,1.0,True,True,0,1,,,,[H]N1CCN(c2ccccc2Sc2ccc(C)cc2C)CC1
voxelotor_cid71602803,,,voxelotor_cid71602803.png,high,high,0.8958518398583125,wrong,,Voxelotor,0.98,25,25,exact,exact,Voxelotor,False,True,False,False,1.0,False,False,1,2,[H],,,[H].[H]C(=O)c1c(O)cccc1OCc1cccnc1-c1ccnn1C(C)C |^1:0|
zanamivir_cid60855,,,zanamivir_cid60855.png,low,low,0.6961081669590174,wrong,,Zanamivir,0.978,23,23,stereo,stereo,Zanamivir,False,True,False,False,1.0,False,False,7,8,[H].[H].[H].[H].[H].[H].[H],,,"[H].[H].[H].[H].[H].[H].[H].[H][C@]1([C@H](O)[C@H](O)CO)OC(C(=O)O)=C[C@H](N=C(N)N)[C@H]1NC(C)=O |^1:0,1,2,3,4,5,6|"
zanubrutinib_cid135565884,,,zanubrutinib_cid135565884.png,low,low,0.5573774552824455,wrong,,Zanubrutinib,0.984,35,35,exact,exact,Zanubrutinib,False,True,False,False,1.0,False,False,2,3,[H].[H],,,"[H].[H].[H][C@@]1(C2CCN(C(=O)C=C)CC2)CCNc2c(C(N)=O)c(-c3ccc(Oc4ccccc4)cc3)nn21 |^1:0,1|"
zavegepant_cid53472683,,,zavegepant_cid53472683.png,high,high,0.9072053843063175,exact,Zavegepant,Zavegepant,1.0,47,47,exact,exact,Zavegepant,False,False,False,False,1.0,True,True,0,1,,,,Cc1cc(C[C@@H](NC(=O)N2CCC(c3cc4ccccc4[nH]c3=O)CC2)C(=O)N2CCN(C3CCN(C)CC3)CC2)cc2cn[nH]c12
zidebactam_cid77846445,,,zidebactam_cid77846445.png,low,low,0.3935615133389051,wrong,,Zidebactam,0.545,28,26,wrong,wrong,,False,False,False,False,0.545,False,False,6,3,[H].[H],,,"[H].[H].[H][C@@]12CC[C@@H](C(=O)NNC(=O)[C@@H]3CCCNC3)C13CN(C3)C(=O)N2OS(=O)(=O)O |^1:0,1|"
zifrosilone_cid60811,,,zifrosilone_cid60811.png,high,high,0.868295665068444,exact,Zifrosilone,Zifrosilone,1.0,16,16,exact,exact,Zifrosilone,False,False,False,False,1.0,True,True,0,1,,,,C[Si](C)(C)c1cccc(C(=O)C(F)(F)F)c1
zileuton_cid60490,,,zileuton_cid60490.png,high,high,0.8699094709188312,exact,Zileuton,Zileuton,1.0,16,16,exact,exact,Zileuton,False,False,False,False,1.0,True,True,0,1,,,,[H]NC(=O)N(O[H])C(C)c1cc2ccccc2s1
ziprasidone_hydrochloride_cid219099,,,ziprasidone_hydrochloride_cid219099.png,high,high,0.9089396659318318,exact,Ziprasidone Hydrochloride,Ziprasidone Hydrochloride,1.0,29,29,exact,exact,Ziprasidone Hydrochloride,False,False,False,False,1.0,True,True,0,2,,,,O=C1Cc2cc(CCN3CCN(c4nsc5ccccc45)CC3)c(Cl)cc2N1.[H]Cl
zofenopril_cid92400,,,zofenopril_cid92400.png,high,high,0.8935623164041835,wrong,,Zofenopril,0.667,29,29,wrong,wrong,,False,False,False,False,0.667,False,False,0,1,,,,C[C@H](CSC(=O)c1ccccc1)C(=O)N1C[C@@H]([S-]c2ccccc2)C[C@H]1C(=O)O |^1:17|
zolmitriptan_cid60857,,,zolmitriptan_cid60857.png,high,high,0.900024338857929,exact,Zolmitriptan,Zolmitriptan,1.0,21,21,exact,exact,Zolmitriptan,False,False,False,False,1.0,True,True,0,1,,,,CN(C)CCc1c[nH]c2ccc(C[C@H]3COC(=O)N3)cc12
zotiraciclib_cid16739650,,,zotiraciclib_cid16739650.png,high,high,0.8943210398977101,exact,Zotiraciclib,Zotiraciclib,1.0,28,28,exact,exact,Zotiraciclib,False,False,False,False,1.0,True,True,0,1,,,,[H]/C1=C(\[H])CN(C)Cc2cccc(c2)Nc2nccc(n2)-c2cccc(c2)OCC1
