group,source,name,label,heavy_atoms,recovered,structures_in_group,best_confidence,matching_structures,recovered_grade,recovered_grade_largest
s2_basic_01,s2_basic_01.pdf,caffeine,1  caffeine,14,exact,12,0.8911527520582175,1,exact,exact
s2_basic_01,s2_basic_01.pdf,carbamazepine,2  carbamazepine,18,exact,12,0.9135958834171098,1,exact,exact
s2_basic_01,s2_basic_01.pdf,diphenhydramine,3  diphenhydramine,19,exact,12,0.8814590350176783,1,exact,exact
s2_basic_01,s2_basic_01.pdf,gabapentin,4  gabapentin,12,exact,12,0.8432034535292546,1,exact,exact
s2_basic_01,s2_basic_01.pdf,ibuprofen,5  ibuprofen,15,exact,12,0.8668918267752482,1,exact,exact
s2_basic_01,s2_basic_01.pdf,ketamine,6  ketamine,16,exact,12,0.8907398746873286,1,exact,exact
s2_basic_01,s2_basic_01.pdf,lamotrigine,7  lamotrigine,16,exact,12,0.9102763074401375,1,exact,exact
s2_basic_01,s2_basic_01.pdf,letrozole,8  letrozole,22,exact,12,0.9163193120653208,1,exact,exact
s2_basic_01,s2_basic_01.pdf,lidocaine,9  lidocaine,17,exact,12,0.8645677414828137,1,exact,exact
s2_basic_01,s2_basic_01.pdf,melatonin,10  melatonin,17,exact,12,0.8515359448685629,1,exact,exact
s2_basic_01,s2_basic_01.pdf,metoprolol,11  metoprolol,19,exact,12,0.860329516483113,1,exact,exact
s2_basic_01,s2_basic_01.pdf,metronidazole,12  metronidazole,12,exact,12,0.893901338467495,1,exact,exact
s2_basic_02,s2_basic_02.pdf,minoxidil,13  minoxidil,15,exact,12,0.9228717259763569,1,exact,exact
s2_basic_02,s2_basic_02.pdf,phenobarbital,14  phenobarbital,17,exact,12,0.9088805177801075,1,exact,exact
s2_basic_02,s2_basic_02.pdf,phenytoin,15  phenytoin,19,exact,12,0.9183260474100468,1,exact,exact
s2_basic_02,s2_basic_02.pdf,propranolol,16  propranolol,19,exact,12,0.8545314365771914,1,exact,exact
s2_basic_02,s2_basic_02.pdf,sulfamethoxazole,17  sulfamethoxazole,17,exact,12,0.8689696018211365,1,exact,exact
s2_basic_02,s2_basic_02.pdf,temozolomide,18  temozolomide,14,exact,12,0.9136267501057405,1,exact,exact
s2_basic_02,s2_basic_02.pdf,thalidomide,19  thalidomide,19,exact,12,0.7982105147733571,1,exact,exact
s2_basic_02,s2_basic_02.pdf,theophylline,20  theophylline,13,exact,12,0.9018813419038157,1,exact,exact
s2_basic_02,s2_basic_02.pdf,trimethoprim,21  trimethoprim,21,exact,12,0.8626851479993302,1,exact,exact
s2_basic_02,s2_basic_02.pdf,warfarin,22  warfarin,23,exact,12,0.9032708681791691,1,exact,exact
s2_basic_02,s2_basic_02.pdf,acyclovir,23  acyclovir,16,exact,12,0.8275043771751616,1,exact,exact
s2_basic_02,s2_basic_02.pdf,acetaminophen,24  acetaminophen,11,exact,12,0.91419226551312,1,exact,exact
s2_basic_03,s2_basic_03.pdf,albuterol,25  albuterol,17,exact,12,0.8647677150213824,1,exact,exact
s2_basic_03,s2_basic_03.pdf,amantadine,26  amantadine,11,no,12,,0,no,no
s2_basic_03,s2_basic_03.pdf,almotriptan,27  almotriptan,23,exact,12,0.8920943491085706,1,exact,exact
s2_basic_03,s2_basic_03.pdf,anthracene,28  anthracene,14,exact,12,0.9184895024373018,1,exact,exact
s2_basic_03,s2_basic_03.pdf,alprazolam,29  alprazolam,22,exact,12,0.8968692483779587,1,exact,exact
s2_basic_03,s2_basic_03.pdf,aspirin,30  aspirin,13,exact,12,0.9019590614131241,1,exact,exact
s2_basic_03,s2_basic_03.pdf,amitriptyline,31  amitriptyline,21,exact,12,0.8920347385087399,1,exact,exact
s2_basic_03,s2_basic_03.pdf,atrazine,32  atrazine,14,exact,12,0.9014133049356104,1,exact,exact
s2_basic_03,s2_basic_03.pdf,anastrozole,33  anastrozole,22,exact,12,0.8848346460970326,1,exact,exact
s2_basic_03,s2_basic_03.pdf,baclofen,34  baclofen,14,exact,12,0.882133669793891,1,exact,exact
s2_basic_03,s2_basic_03.pdf,articaine,35  articaine,19,exact,12,0.897438428188846,1,exact,exact
s2_basic_03,s2_basic_03.pdf,benzocaine,36  benzocaine,12,exact,12,0.8858981912853365,1,exact,exact
s2_basic_04,s2_basic_04.pdf,atenolol,37  atenolol,19,exact,12,0.8514879764054366,1,exact,exact
s2_basic_04,s2_basic_04.pdf,benzoic acid,38  benzoic acid,9,exact,12,0.8766141872891794,1,exact,exact
s2_basic_04,s2_basic_04.pdf,azathioprine,39  azathioprine,19,exact,12,0.8977461639541927,1,exact,exact
s2_basic_04,s2_basic_04.pdf,camphor,40  camphor,11,no,12,,0,no,no
s2_basic_04,s2_basic_04.pdf,brompheniramine,41  brompheniramine,19,exact,12,0.903197343689973,1,exact,exact
s2_basic_04,s2_basic_04.pdf,clonidine,42  clonidine,14,exact,12,0.8836722592687993,1,exact,exact
s2_basic_04,s2_basic_04.pdf,bupivacaine,43  bupivacaine,21,exact,12,0.8952224628363327,1,exact,exact
s2_basic_04,s2_basic_04.pdf,cyclophosphamide,44  cyclophosphamide,14,exact,12,0.8563525027584024,1,exact,exact
s2_basic_04,s2_basic_04.pdf,bupropion,45  bupropion,16,exact,12,0.9018089610341002,1,exact,exact
s2_basic_04,s2_basic_04.pdf,dopamine,46  dopamine,11,exact,12,0.878024100847346,1,exact,exact
s2_basic_04,s2_basic_04.pdf,butalbital,47  butalbital,16,exact,12,0.8849409041308384,1,exact,exact
s2_basic_04,s2_basic_04.pdf,ethosuximide,48  ethosuximide,10,exact,12,0.8593884550519081,1,exact,exact
s2_basic_05,s2_basic_05.pdf,capsaicin,49  capsaicin,22,exact,12,0.8791361451856736,1,exact,exact
s2_basic_05,s2_basic_05.pdf,eugenol,50  eugenol,12,exact,12,0.8919061833239526,1,exact,exact
s2_basic_05,s2_basic_05.pdf,celecoxib,51  celecoxib,26,exact,12,0.8836120676770968,1,exact,exact
s2_basic_05,s2_basic_05.pdf,fluorouracil,52  fluorouracil,9,exact,12,0.8916635620413506,1,exact,exact
s2_basic_05,s2_basic_05.pdf,chlorambucil,53  chlorambucil,19,exact,12,0.8904089280942322,1,exact,exact
s2_basic_05,s2_basic_05.pdf,furan,54  furan,5,exact,12,0.830499175496459,1,exact,exact
s2_basic_05,s2_basic_05.pdf,chloroquine,55  chloroquine,22,exact,12,0.9081810136524058,1,exact,exact
s2_basic_05,s2_basic_05.pdf,guaifenesin,56  guaifenesin,14,exact,12,0.8894892306258998,1,exact,exact
s2_basic_05,s2_basic_05.pdf,chlorpheniramine,57  chlorpheniramine,19,exact,12,0.8798702144749221,1,exact,exact
s2_basic_05,s2_basic_05.pdf,histamine,58  histamine,8,exact,12,0.870761509027877,1,exact,exact
s2_basic_05,s2_basic_05.pdf,chlorpromazine,59  chlorpromazine,21,exact,12,0.8539520740609747,1,exact,exact
s2_basic_05,s2_basic_05.pdf,hydralazine,60  hydralazine,12,exact,12,0.9140406136076724,1,exact,exact
s2_basic_06,s2_basic_06.pdf,ciprofloxacin,61  ciprofloxacin,24,exact,6,0.8762547621035665,1,exact,exact
s2_basic_06,s2_basic_06.pdf,ifosfamide,62  ifosfamide,14,exact,6,0.8026820951608091,1,exact,exact
s2_basic_06,s2_basic_06.pdf,citalopram,63  citalopram,24,exact,6,0.8398693365839629,1,exact,exact
s2_basic_06,s2_basic_06.pdf,imidazole,64  imidazole,5,exact,6,0.8524150810313573,1,exact,exact
s2_basic_06,s2_basic_06.pdf,clobazam,65  clobazam,21,exact,6,0.8853859112048496,1,exact,exact
s2_basic_06,s2_basic_06.pdf,indole,66  indole,9,exact,6,0.91134737995357,1,exact,exact
s2_stereo_01,s2_stereo_01.pdf,alogliptin,67  alogliptin,25,exact,12,0.8695185432914322,1,exact,exact
s2_stereo_01,s2_stereo_01.pdf,abediterol,68  abediterol,33,exact,12,0.8478900356001716,1,exact,exact
s2_stereo_01,s2_stereo_01.pdf,alanine,69  alanine,6,exact,12,0.8532495723976129,1,exact,exact
s2_stereo_01,s2_stereo_01.pdf,ambrisentan,70  ambrisentan,28,exact,12,0.8954640109670554,1,exact,exact
s2_stereo_01,s2_stereo_01.pdf,acalabrutinib,71  acalabrutinib,35,exact,12,0.8935900269849222,1,exact,exact
s2_stereo_01,s2_stereo_01.pdf,arginine,72  arginine,12,exact,12,0.845805591055215,1,exact,exact
s2_stereo_01,s2_stereo_01.pdf,armodafinil,73  armodafinil,19,stereo,12,0.8059985724991946,1,stereo,stereo
s2_stereo_01,s2_stereo_01.pdf,afatinib,74  afatinib,34,exact,12,0.619516592267879,1,exact,exact
s2_stereo_01,s2_stereo_01.pdf,asparagine,75  asparagine,9,exact,12,0.8695887916023981,1,exact,exact
s2_stereo_01,s2_stereo_01.pdf,azd5363,76  azd5363,30,exact,12,0.8474296874803303,1,exact,exact
s2_stereo_01,s2_stereo_01.pdf,azd3759,77  azd3759,32,exact,12,0.8946580152542408,1,exact,exact
s2_stereo_01,s2_stereo_01.pdf,aspartic acid,78  aspartic acid,9,exact,12,0.8602691972038896,1,exact,exact
s2_stereo_02,s2_stereo_02.pdf,brinzolamide,79  brinzolamide,23,exact,12,0.8731090217835094,1,exact,exact
s2_stereo_02,s2_stereo_02.pdf,elacestrant,80  elacestrant,34,exact,12,0.8770561553454317,1,exact,exact
s2_stereo_02,s2_stereo_02.pdf,epinephrine,81  epinephrine,13,exact,12,0.911694480542198,1,exact,exact
s2_stereo_02,s2_stereo_02.pdf,camptothecin,82  camptothecin,26,exact,12,0.8764099984209721,1,exact,exact
s2_stereo_02,s2_stereo_02.pdf,elvitegravir,83  elvitegravir,31,exact,12,0.905538549431502,1,exact,exact
s2_stereo_02,s2_stereo_02.pdf,glutamic acid,84  glutamic acid,10,exact,12,0.8553002137360668,1,exact,exact
s2_stereo_02,s2_stereo_02.pdf,clopidogrel,85  clopidogrel,21,exact,12,0.8527149756972401,1,exact,exact
s2_stereo_02,s2_stereo_02.pdf,folic acid,86  folic acid,32,exact,12,0.8237598870427394,1,exact,exact
s2_stereo_02,s2_stereo_02.pdf,glutamine,87  glutamine,10,exact,12,0.7415437826919918,1,exact,exact
s2_stereo_02,s2_stereo_02.pdf,colchicine,88  colchicine,29,exact,12,0.8975062569800637,1,exact,exact
s2_stereo_02,s2_stereo_02.pdf,futibatinib,89  futibatinib,31,exact,12,0.8943659483561568,1,exact,exact
s2_stereo_02,s2_stereo_02.pdf,histidine,90  histidine,11,exact,12,0.9006727084438867,1,exact,exact
s2_stereo_03,s2_stereo_03.pdf,crizotinib,91  crizotinib,30,exact,12,0.8830041966124949,1,exact,exact
s2_stereo_03,s2_stereo_03.pdf,ibrutinib,92  ibrutinib,33,exact,12,0.9138896923602875,1,exact,exact
s2_stereo_03,s2_stereo_03.pdf,leucine,93  leucine,9,exact,12,0.8767988965187021,1,exact,exact
s2_stereo_03,s2_stereo_03.pdf,duloxetine,94  duloxetine,21,exact,12,0.8534637595624951,1,exact,exact
s2_stereo_03,s2_stereo_03.pdf,irinotecan,95  irinotecan,43,exact,12,0.8345328949443771,1,exact,exact
s2_stereo_03,s2_stereo_03.pdf,levetiracetam,96  levetiracetam,12,exact,12,0.8937546135014508,1,exact,exact
s2_stereo_03,s2_stereo_03.pdf,cephalexin,97  cephalexin,24,exact,12,0.8721348583521703,1,exact,exact
s2_stereo_03,s2_stereo_03.pdf,gemcitabine,98  gemcitabine,18,exact,12,0.850507201853541,1,exact,exact
s2_stereo_03,s2_stereo_03.pdf,oseltamivir,99  oseltamivir,22,exact,12,0.8485572075575389,1,exact,exact
s2_stereo_03,s2_stereo_03.pdf,abacavir,100  abacavir,21,exact,12,0.881175221318625,1,exact,exact
s2_stereo_03,s2_stereo_03.pdf,adagrasib,101  adagrasib,43,exact,12,0.8858118058567539,1,exact,exact
s2_stereo_03,s2_stereo_03.pdf,ethambutol,102  ethambutol,14,exact,12,0.8503109721125073,1,exact,exact
s2_stereo_04,s2_stereo_04.pdf,ascorbyl palmitate,103  ascorbyl palmitate,29,exact,12,0.5040928863032352,1,exact,exact
s2_stereo_04,s2_stereo_04.pdf,alpha tocopherol,104  alpha tocopherol,31,no,12,,0,no,no
s2_stereo_04,s2_stereo_04.pdf,fosfomycin,105  fosfomycin,8,exact,12,0.8567930144838841,1,exact,exact
s2_stereo_04,s2_stereo_04.pdf,atropine,106  atropine,21,exact,12,0.8476116700646891,1,exact,exact
s2_stereo_04,s2_stereo_04.pdf,argatroban,107  argatroban,35,exact,12,0.8876764815499805,1,exact,exact
s2_stereo_04,s2_stereo_04.pdf,fructose,108  fructose,12,exact,12,0.9001372517772295,1,exact,exact
s2_stereo_04,s2_stereo_04.pdf,aztreonam,109  aztreonam,28,exact,12,0.8629769016444799,1,exact,exact
s2_stereo_04,s2_stereo_04.pdf,atorvastatin,110  atorvastatin,41,exact,12,0.8713762748932012,1,exact,exact
s2_stereo_04,s2_stereo_04.pdf,isoleucine,111  isoleucine,9,exact,12,0.8912643378347691,1,exact,exact
s2_stereo_04,s2_stereo_04.pdf,benztropine,112  benztropine,23,exact,12,0.8689590680158819,1,exact,exact
s2_stereo_04,s2_stereo_04.pdf,azd2014,113  azd2014,34,exact,12,0.8808449012395533,1,exact,exact
s2_stereo_04,s2_stereo_04.pdf,lamivudine,114  lamivudine,15,exact,12,0.8931578393387744,1,exact,exact
s2_stereo_05,s2_stereo_05.pdf,biotin,115  biotin,16,exact,12,0.8565689682942672,1,exact,exact
s2_stereo_05,s2_stereo_05.pdf,azd4547,116  azd4547,34,exact,12,0.8741140413654218,1,exact,exact
s2_stereo_05,s2_stereo_05.pdf,pseudoephedrine,117  pseudoephedrine,12,no,12,,0,no,no
s2_stereo_05,s2_stereo_05.pdf,bortezomib,118  bortezomib,28,exact,12,0.8403357744653156,1,exact,exact
s2_stereo_05,s2_stereo_05.pdf,azd8055,119  azd8055,34,exact,12,0.8903275361486214,1,exact,exact
s2_stereo_05,s2_stereo_05.pdf,ribose,120  ribose,10,exact,12,0.8932541883962625,1,exact,exact
s2_stereo_05,s2_stereo_05.pdf,butorphanol,121  butorphanol,24,no,12,,0,no,no
s2_stereo_05,s2_stereo_05.pdf,baloxavir,122  baloxavir,34,exact,12,0.884148550972654,1,exact,exact
s2_stereo_05,s2_stereo_05.pdf,threonine,123  threonine,8,exact,12,0.8767806010127385,1,exact,exact
s2_stereo_05,s2_stereo_05.pdf,cannabidiol,124  cannabidiol,23,exact,12,0.9036546913431025,1,exact,exact
s2_stereo_05,s2_stereo_05.pdf,bedaquiline,125  bedaquiline,37,exact,12,0.8722271565327683,1,exact,exact
s2_stereo_05,s2_stereo_05.pdf,vitamin c,126  vitamin c,12,exact,12,0.9038819780260346,1,exact,exact
s2_stereo_06,s2_stereo_06.pdf,amoxicillin,127  amoxicillin,25,exact,12,0.8678101848257568,1,exact,exact
s2_stereo_06,s2_stereo_06.pdf,artemisinin,128  artemisinin,20,no,12,,0,no,no
s2_stereo_06,s2_stereo_06.pdf,codeine,129  codeine,22,no,12,,0,no,no
s2_stereo_06,s2_stereo_06.pdf,doxycycline,130  doxycycline,32,exact,12,0.8659362851307987,1,exact,exact
s2_stereo_06,s2_stereo_06.pdf,estradiol,131  estradiol,20,exact,12,0.8640212975429011,1,exact,exact
s2_stereo_06,s2_stereo_06.pdf,finasteride,132  finasteride,27,exact,12,0.8310454348894026,1,exact,exact
s2_stereo_06,s2_stereo_06.pdf,morphine,133  morphine,21,no,12,,0,no,no
s2_stereo_06,s2_stereo_06.pdf,naloxone,134  naloxone,24,no,12,,0,no,no
s2_stereo_06,s2_stereo_06.pdf,oxycodone,135  oxycodone,23,no,12,,0,no,no
s2_stereo_06,s2_stereo_06.pdf,prednisolone,136  prednisolone,26,exact,12,0.7754582083872513,1,exact,exact
s2_stereo_06,s2_stereo_06.pdf,progesterone,137  progesterone,23,exact,12,0.8546348011795176,1,exact,exact
s2_stereo_06,s2_stereo_06.pdf,quinine,138  quinine,24,exact,12,0.8502587893993313,1,exact,exact
s2_stereo_07,s2_stereo_07.pdf,simvastatin,139  simvastatin,30,exact,12,0.8477164196293003,1,exact,exact
s2_stereo_07,s2_stereo_07.pdf,spironolactone,140  spironolactone,29,stereo,12,0.8731896682354983,1,stereo,stereo
s2_stereo_07,s2_stereo_07.pdf,testosterone,141  testosterone,21,exact,12,0.8712026532710517,1,exact,exact
s2_stereo_07,s2_stereo_07.pdf,abiraterone,142  abiraterone,26,exact,12,0.8862557342966648,1,exact,exact
s2_stereo_07,s2_stereo_07.pdf,aliskiren,143  aliskiren,39,exact,12,0.8460401373219486,1,exact,exact
s2_stereo_07,s2_stereo_07.pdf,atazanavir,144  atazanavir,51,exact,12,0.8706079151408035,1,exact,exact
s2_stereo_07,s2_stereo_07.pdf,galactose,145  galactose,12,exact,12,0.8840585748958278,1,exact,exact
s2_stereo_07,s2_stereo_07.pdf,adp,146  adp,27,exact,12,0.8768956976678153,1,exact,exact
s2_stereo_07,s2_stereo_07.pdf,atp,147  atp,31,exact,12,0.88650359317979,1,exact,exact
s2_stereo_07,s2_stereo_07.pdf,bryostatin,148  bryostatin,64,no,12,,0,no,no
s2_stereo_07,s2_stereo_07.pdf,glucose,149  glucose,12,exact,12,0.8962052888280678,1,exact,exact
s2_stereo_07,s2_stereo_07.pdf,aldosterone,150  aldosterone,26,exact,12,0.8603048811405329,1,exact,exact
s2_stereo_08,s2_stereo_08.pdf,azd6140,151  azd6140,36,exact,12,0.8759344932373455,1,exact,exact
s2_stereo_08,s2_stereo_08.pdf,daclatasvir,152  daclatasvir,54,exact,12,0.7230280447470645,1,exact,exact
s2_stereo_08,s2_stereo_08.pdf,isosorbide mononitrate,153  isosorbide mononitrate,13,exact,12,0.8525608067313787,1,exact,exact
s2_stereo_08,s2_stereo_08.pdf,amp,154  amp,23,exact,12,0.7697068548609312,1,exact,exact
s2_stereo_08,s2_stereo_08.pdf,bromocriptine,155  bromocriptine,43,exact,12,0.8386938067320356,1,exact,exact
s2_stereo_08,s2_stereo_08.pdf,desmopressin,156  desmopressin,74,exact,12,0.8742384121782598,1,exact,exact
s2_stereo_08,s2_stereo_08.pdf,betamethasone,157  betamethasone,28,exact,12,0.827640460772594,1,exact,exact
s2_stereo_08,s2_stereo_08.pdf,cholesterol,158  cholesterol,28,exact,12,0.8904346948301138,1,exact,exact
s2_stereo_08,s2_stereo_08.pdf,lovastatin,159  lovastatin,29,exact,12,0.877279011845853,1,exact,exact
s2_stereo_08,s2_stereo_08.pdf,beclomethasone,160  beclomethasone,28,exact,12,0.8500007581447839,1,exact,exact
s2_stereo_08,s2_stereo_08.pdf,acarbose,161  acarbose,44,exact,12,0.8649802976544587,1,exact,exact
s2_stereo_08,s2_stereo_08.pdf,amphotericin b,162  amphotericin b,65,no,12,,0,no,no
s2_stereo_09,s2_stereo_09.pdf,clindamycin,163  clindamycin,27,exact,12,0.8898075161693723,1,exact,exact
s2_stereo_09,s2_stereo_09.pdf,amikacin,164  amikacin,40,exact,12,0.8886529302705363,1,exact,exact
s2_stereo_09,s2_stereo_09.pdf,anidulafungin,165  anidulafungin,82,stereo,12,0.110863357958833,1,stereo,stereo
s2_stereo_09,s2_stereo_09.pdf,clobetasol,166  clobetasol,28,exact,12,0.8448879873791285,1,exact,exact
s2_stereo_09,s2_stereo_09.pdf,arbekacin,167  arbekacin,38,exact,12,0.8748063612347625,1,exact,exact
s2_stereo_09,s2_stereo_09.pdf,azithromycin,168  azithromycin,52,exact,12,0.8700895955612866,1,exact,exact
s2_stereo_09,s2_stereo_09.pdf,eplerenone,169  eplerenone,30,exact,12,0.8669656403459088,1,exact,exact
s2_stereo_09,s2_stereo_09.pdf,budesonide,170  budesonide,31,no,12,,0,no,no
s2_stereo_09,s2_stereo_09.pdf,bacitracin A,171  bacitracin A,100,no,12,,0,no,no
s2_stereo_09,s2_stereo_09.pdf,fluticasone,172  fluticasone,30,stereo,12,0.782709290305276,1,stereo,stereo
s2_stereo_09,s2_stereo_09.pdf,discodermolide,173  discodermolide,42,exact,12,0.8839201301000807,1,exact,exact
s2_stereo_09,s2_stereo_09.pdf,cabazitaxel,174  cabazitaxel,60,exact,12,0.8535984142606444,1,exact,exact
s2_stereo_10,s2_stereo_10.pdf,lactose,175  lactose,23,exact,12,0.8767475240141871,1,exact,exact
s2_stereo_10,s2_stereo_10.pdf,etoposide,176  etoposide,42,exact,12,0.8676441774659661,1,exact,exact
s2_stereo_10,s2_stereo_10.pdf,caspofungin,177  caspofungin,77,no,12,,0,no,no
s2_stereo_10,s2_stereo_10.pdf,methylprednisolone,178  methylprednisolone,27,exact,12,0.8558839132338993,1,exact,exact
s2_stereo_10,s2_stereo_10.pdf,kanamycin A,179  kanamycin A,33,exact,12,0.8221646380026536,1,exact,exact
s2_stereo_10,s2_stereo_10.pdf,clarithromycin,180  clarithromycin,52,no,12,,0,no,no
s2_stereo_10,s2_stereo_10.pdf,mometasone,181  mometasone,28,exact,12,0.8469160203354897,1,exact,exact
s2_stereo_10,s2_stereo_10.pdf,lefamulin,182  lefamulin,35,stereo,12,0.5457483031104192,1,stereo,stereo
s2_stereo_10,s2_stereo_10.pdf,colistin,183  colistin,81,exact,12,0.8633016860283123,1,exact,exact
s2_stereo_10,s2_stereo_10.pdf,pravastatin,184  pravastatin,30,exact,12,0.8665652381315946,1,exact,exact
s2_stereo_10,s2_stereo_10.pdf,maltotriose,185  maltotriose,34,exact,12,0.8637547745023594,1,exact,exact
s2_stereo_10,s2_stereo_10.pdf,colistin A,186  colistin A,82,exact,12,0.8461764002860231,1,exact,exact
s2_abbreviated_01,s2_abbreviated_01.pdf,apixaban,187  apixaban,34,exact,12,0.8596330298342318,1,exact,exact
s2_abbreviated_01,s2_abbreviated_01.pdf,cefazolin,188  cefazolin,29,exact,12,0.8246948875759492,1,exact,exact
s2_abbreviated_01,s2_abbreviated_01.pdf,alvelestat,189  alvelestat,38,exact,12,0.8836885093395124,1,exact,exact
s2_abbreviated_01,s2_abbreviated_01.pdf,eribulin,190  eribulin,52,no,12,,0,no,no
s2_abbreviated_01,s2_abbreviated_01.pdf,foscarnet,191  foscarnet,7,exact,12,0.8137250594831563,1,exact,exact
s2_abbreviated_01,s2_abbreviated_01.pdf,chloramphenicol,192  chloramphenicol,20,no,12,,0,exact,exact
s2_abbreviated_01,s2_abbreviated_01.pdf,atacand,193  atacand,45,exact,12,0.8482320601618217,1,exact,exact
s2_abbreviated_01,s2_abbreviated_01.pdf,glecaprevir,194  glecaprevir,58,no,12,,0,exact,exact
s2_abbreviated_01,s2_abbreviated_01.pdf,glycine,195  glycine,5,exact,12,0.7299406971895913,1,exact,exact
s2_abbreviated_01,s2_abbreviated_01.pdf,diflunisal,196  diflunisal,18,no,12,,0,exact,exact
s2_abbreviated_01,s2_abbreviated_01.pdf,azd1390,197  azd1390,35,no,12,,0,exact,exact
s2_abbreviated_01,s2_abbreviated_01.pdf,lanreotide,198  lanreotide,77,no,12,,0,exact,exact
s2_abbreviated_02,s2_abbreviated_02.pdf,glyphosate,199  glyphosate,10,exact,12,0.7885960460970549,1,exact,exact
s2_abbreviated_02,s2_abbreviated_02.pdf,doripenem,200  doripenem,27,stereo,12,0.8373888909235528,1,stereo,stereo
s2_abbreviated_02,s2_abbreviated_02.pdf,betrixaban,201  betrixaban,32,no,12,,0,exact,exact
s2_abbreviated_02,s2_abbreviated_02.pdf,nystatin A1,202  nystatin A1,65,stereo,12,0.5562614817819379,1,stereo,stereo
s2_abbreviated_02,s2_abbreviated_02.pdf,levodopa,203  levodopa,14,no,12,,0,exact,exact
s2_abbreviated_02,s2_abbreviated_02.pdf,dorzolamide,204  dorzolamide,19,no,12,,0,exact,exact
s2_abbreviated_02,s2_abbreviated_02.pdf,brigatinib,205  brigatinib,40,exact,12,0.7462644535695474,1,exact,exact
s2_abbreviated_02,s2_abbreviated_02.pdf,plicamycin,206  plicamycin,76,no,12,,0,exact,exact
s2_abbreviated_02,s2_abbreviated_02.pdf,lysine,207  lysine,10,no,12,,0,exact,exact
s2_abbreviated_02,s2_abbreviated_02.pdf,efavirenz,208  efavirenz,21,no,12,,0,exact,exact
s2_abbreviated_02,s2_abbreviated_02.pdf,cabergoline,209  cabergoline,33,no,12,,0,exact,exact
s2_abbreviated_02,s2_abbreviated_02.pdf,menthol,210  menthol,11,no,12,,0,exact,exact
s2_abbreviated_03,s2_abbreviated_03.pdf,eletriptan,211  eletriptan,27,no,12,,0,exact,exact
s2_abbreviated_03,s2_abbreviated_03.pdf,camizestrant,212  camizestrant,34,no,12,,0,exact,exact
s2_abbreviated_03,s2_abbreviated_03.pdf,mesalamine,213  mesalamine,11,no,12,,0,exact,exact
s2_abbreviated_03,s2_abbreviated_03.pdf,ergocalciferol,214  ergocalciferol,29,no,12,,0,exact,exact
s2_abbreviated_03,s2_abbreviated_03.pdf,cediranib,215  cediranib,33,no,12,,0,exact,exact
s2_abbreviated_03,s2_abbreviated_03.pdf,niacin,216  niacin,9,no,12,,0,exact,exact
s2_abbreviated_03,s2_abbreviated_03.pdf,ertugliflozin,217  ertugliflozin,30,no,12,,0,no,no
s2_abbreviated_03,s2_abbreviated_03.pdf,divarasib,218  divarasib,43,no,12,,0,exact,exact
s2_abbreviated_03,s2_abbreviated_03.pdf,pantothenic acid,219  pantothenic acid,15,no,12,,0,exact,exact
s2_abbreviated_03,s2_abbreviated_03.pdf,escitalopram,220  escitalopram,24,exact,12,0.7899817072166916,1,exact,exact
s2_abbreviated_03,s2_abbreviated_03.pdf,doxorubicin,221  doxorubicin,39,exact,12,0.842252723621441,1,exact,exact
s2_abbreviated_03,s2_abbreviated_03.pdf,phenylephrine,222  phenylephrine,12,no,12,,0,exact,exact
s2_abbreviated_04,s2_abbreviated_04.pdf,esketamine,223  esketamine,16,no,12,,0,exact,exact
s2_abbreviated_04,s2_abbreviated_04.pdf,epirubicin,224  epirubicin,39,exact,12,0.8327998871406951,1,exact,exact
s2_abbreviated_04,s2_abbreviated_04.pdf,pramipexole,225  pramipexole,14,no,12,,0,exact,exact
s2_abbreviated_04,s2_abbreviated_04.pdf,fenofibrate,226  fenofibrate,25,no,12,,0,exact,exact
s2_abbreviated_04,s2_abbreviated_04.pdf,amlodipine,227  amlodipine,28,no,12,,0,exact,exact
s2_abbreviated_04,s2_abbreviated_04.pdf,bicalutamide,228  bicalutamide,29,no,12,,0,exact,exact
s2_abbreviated_04,s2_abbreviated_04.pdf,bosentan,229  bosentan,39,no,12,,0,exact,exact
s2_abbreviated_04,s2_abbreviated_04.pdf,candesartan,230  candesartan,33,no,12,,0,exact,exact
s2_abbreviated_04,s2_abbreviated_04.pdf,naproxen,231  naproxen,17,no,12,,0,exact,exact
s2_abbreviated_04,s2_abbreviated_04.pdf,ampicillin,232  ampicillin,24,no,12,,0,exact,exact
s2_abbreviated_04,s2_abbreviated_04.pdf,abemaciclib,233  abemaciclib,37,no,12,,0,exact,exact
s2_abbreviated_04,s2_abbreviated_04.pdf,erythromycin,234  erythromycin,51,no,12,,0,exact,exact
s2_abbreviated_05,s2_abbreviated_05.pdf,methionine,235  methionine,9,no,12,,0,exact,exact
s2_abbreviated_05,s2_abbreviated_05.pdf,bimatoprost,236  bimatoprost,30,no,12,,0,stereo,stereo
s2_abbreviated_05,s2_abbreviated_05.pdf,azilsartan,237  azilsartan,34,no,12,,0,exact,exact
s2_abbreviated_05,s2_abbreviated_05.pdf,goserelin,238  goserelin,91,no,12,,0,exact,exact
s2_abbreviated_05,s2_abbreviated_05.pdf,phenylalanine,239  phenylalanine,12,no,12,,0,exact,exact
s2_abbreviated_05,s2_abbreviated_05.pdf,carisoprodol,240  carisoprodol,18,no,12,,0,exact,exact
s2_abbreviated_05,s2_abbreviated_05.pdf,buprenorphine,241  buprenorphine,34,no,12,,0,no,no
s2_abbreviated_05,s2_abbreviated_05.pdf,grazoprevir,242  grazoprevir,54,no,12,,0,exact,exact
s2_abbreviated_05,s2_abbreviated_05.pdf,propofol,243  propofol,13,no,12,,0,exact,exact
s2_abbreviated_05,s2_abbreviated_05.pdf,cefixime,244  cefixime,30,exact,12,0.8589209385678356,1,exact,exact
s2_abbreviated_05,s2_abbreviated_05.pdf,cabozantinib,245  cabozantinib,37,no,12,,0,exact,exact
s2_abbreviated_05,s2_abbreviated_05.pdf,nigericin,246  nigericin,51,exact,12,0.7686396681691334,1,exact,exact
s2_abbreviated_06,s2_abbreviated_06.pdf,cefuroxime,247  cefuroxime,29,no,12,,0,exact,exact
s2_abbreviated_06,s2_abbreviated_06.pdf,ceftriaxone,248  ceftriaxone,36,exact,12,0.8252252623644363,1,exact,exact
s2_abbreviated_06,s2_abbreviated_06.pdf,octreotide,249  octreotide,71,exact,12,0.8063600142120736,1,exact,exact
s2_abbreviated_06,s2_abbreviated_06.pdf,cetirizine,250  cetirizine,27,exact,12,0.6899405572666857,1,exact,exact
s2_abbreviated_06,s2_abbreviated_06.pdf,cefuroxime axetil,251  cefuroxime axetil,35,exact,12,0.792765792548507,1,exact,exact
s2_abbreviated_06,s2_abbreviated_06.pdf,quinupristin,252  quinupristin,73,no,12,,0,no,no
s2_abbreviated_06,s2_abbreviated_06.pdf,clevidipine,253  clevidipine,30,no,12,,0,exact,exact
s2_abbreviated_06,s2_abbreviated_06.pdf,cromolyn,254  cromolyn,34,exact,12,0.9054923024439898,1,exact,exact
s2_abbreviated_06,s2_abbreviated_06.pdf,rifampin,255  rifampin,59,no,12,,0,no,no
s2_abbreviated_06,s2_abbreviated_06.pdf,curcumin,256  curcumin,27,no,12,,0,exact,exact
s2_abbreviated_06,s2_abbreviated_06.pdf,darunavir,257  darunavir,38,no,12,,0,exact,exact
s2_abbreviated_06,s2_abbreviated_06.pdf,rifapentine,258  rifapentine,63,no,12,,0,no,no
s2_abbreviated_07,s2_abbreviated_07.pdf,diltiazem,259  diltiazem,29,no,12,,0,no,no
s2_abbreviated_07,s2_abbreviated_07.pdf,daunorubicin,260  daunorubicin,38,no,12,,0,no,no
s2_abbreviated_07,s2_abbreviated_07.pdf,rifaximin,261  rifaximin,57,no,12,,0,no,no
s2_abbreviated_07,s2_abbreviated_07.pdf,erlotinib,262  erlotinib,29,no,12,,0,exact,exact
s2_abbreviated_07,s2_abbreviated_07.pdf,doxazosin,263  doxazosin,33,no,12,,0,exact,exact
s2_abbreviated_07,s2_abbreviated_07.pdf,rmc6236,264  rmc6236,58,no,12,,0,exact,exact
s2_abbreviated_07,s2_abbreviated_07.pdf,esomeprazole,265  esomeprazole,24,no,12,,0,no,no
s2_abbreviated_07,s2_abbreviated_07.pdf,enasidenib,266  enasidenib,33,no,12,,0,exact,exact
s2_abbreviated_07,s2_abbreviated_07.pdf,amiodarone,267  amiodarone,31,no,12,,0,no,no
s2_abbreviated_07,s2_abbreviated_07.pdf,benazepril,268  benazepril,31,no,12,,0,no,no
s2_abbreviated_07,s2_abbreviated_07.pdf,cefotaxime,269  cefotaxime,30,exact,12,0.7019222318742828,1,exact,exact
s2_abbreviated_07,s2_abbreviated_07.pdf,bosutinib,270  bosutinib,36,no,12,,0,exact,exact
s2_abbreviated_08,s2_abbreviated_08.pdf,cyclosporin A,271  cyclosporin A,85,no,12,,0,exact,exact
s2_abbreviated_08,s2_abbreviated_08.pdf,citric acid,272  citric acid,13,no,12,,0,exact,exact
s2_abbreviated_08,s2_abbreviated_08.pdf,cefpodoxime proxetil,273  cefpodoxime proxetil,37,no,12,,0,exact,exact
s2_abbreviated_08,s2_abbreviated_08.pdf,dactinomycin,274  dactinomycin,90,no,12,,0,exact,exact
s2_abbreviated_08,s2_abbreviated_08.pdf,nitroglycerin,275  nitroglycerin,15,exact,12,0.7561654863583999,1,exact,exact
s2_abbreviated_08,s2_abbreviated_08.pdf,clomiphene,276  clomiphene,29,stereo,12,0.4341291711907931,1,stereo,stereo
s2_abbreviated_08,s2_abbreviated_08.pdf,dronedarone,277  dronedarone,39,no,12,,0,exact,exact
s2_abbreviated_08,s2_abbreviated_08.pdf,docetaxel,278  docetaxel,58,no,12,,0,no,no
s2_abbreviated_08,s2_abbreviated_08.pdf,valproic acid,279  valproic acid,10,no,12,,0,exact,exact
s2_abbreviated_08,s2_abbreviated_08.pdf,disulfiram,280  disulfiram,16,exact,12,0.5499830390243134,1,exact,exact
s2_abbreviated_08,s2_abbreviated_08.pdf,enzalutamide,281  enzalutamide,32,no,12,,0,no,no
s2_abbreviated_08,s2_abbreviated_08.pdf,elbasvir,282  elbasvir,65,no,12,,0,exact,exact
s2_abbreviated_09,s2_abbreviated_09.pdf,donepezil,283  donepezil,28,no,12,,0,exact,exact
s2_abbreviated_09,s2_abbreviated_09.pdf,fexofenadine,284  fexofenadine,37,no,12,,0,exact,exact
s2_abbreviated_09,s2_abbreviated_09.pdf,everolimus,285  everolimus,68,no,12,,0,no,no
s2_abbreviated_09,s2_abbreviated_09.pdf,enalapril,286  enalapril,27,no,12,,0,exact,exact
s2_abbreviated_09,s2_abbreviated_09.pdf,fosinopril,287  fosinopril,39,no,12,,0,stereo,stereo
s2_abbreviated_09,s2_abbreviated_09.pdf,fidaxomicin,288  fidaxomicin,72,no,12,,0,no,no
s2_abbreviated_09,s2_abbreviated_09.pdf,entacapone,289  entacapone,22,no,12,,0,exact,exact
s2_abbreviated_09,s2_abbreviated_09.pdf,geldanamycin,290  geldanamycin,40,no,12,,0,no,no
s2_abbreviated_09,s2_abbreviated_09.pdf,glycyrrhizin,291  glycyrrhizin,58,no,12,,0,exact,exact
s2_abbreviated_09,s2_abbreviated_09.pdf,eprosartan,292  eprosartan,30,no,12,,0,exact,exact
s2_abbreviated_09,s2_abbreviated_09.pdf,infigratinib,293  infigratinib,38,no,12,,0,no,no
s2_abbreviated_09,s2_abbreviated_09.pdf,josamycin,294  josamycin,58,no,12,,0,exact,exact
s2_abbreviated_10,s2_abbreviated_10.pdf,etidocaine,295  etidocaine,20,no,11,,0,exact,exact
s2_abbreviated_10,s2_abbreviated_10.pdf,iptacopan,296  iptacopan,31,no,11,,0,exact,exact
s2_abbreviated_10,s2_abbreviated_10.pdf,ledipasvir,297  ledipasvir,65,no,11,,0,exact,exact
s2_abbreviated_10,s2_abbreviated_10.pdf,etodolac,298  etodolac,21,no,11,,0,exact,exact
s2_abbreviated_10,s2_abbreviated_10.pdf,ivabradine,299  ivabradine,34,no,11,,0,exact,exact
s2_abbreviated_10,s2_abbreviated_10.pdf,leuprolide,300  leuprolide,87,no,11,,0,no,no
s2_abbreviated_10,s2_abbreviated_10.pdf,fentanyl,301  fentanyl,25,no,11,,0,exact,exact
s2_abbreviated_10,s2_abbreviated_10.pdf,letermovir,302  letermovir,41,no,11,,0,exact,exact
s2_abbreviated_10,s2_abbreviated_10.pdf,lurbinectedin,303  lurbinectedin,56,no,11,,0,no,no
s2_abbreviated_10,s2_abbreviated_10.pdf,fluoxetine,304  fluoxetine,22,no,11,,0,exact,exact
s2_abbreviated_10,s2_abbreviated_10.pdf,lopinavir,305  lopinavir,46,no,11,,0,exact,exact
s2_complex_01,s2_complex_01.pdf,lorlatinib,306  lorlatinib,30,exact,12,0.8997191825376633,1,exact,exact
s2_complex_01,s2_complex_01.pdf,epothilone,307  epothilone,34,stereo,12,0.8684400737594846,1,stereo,stereo
s2_complex_01,s2_complex_01.pdf,daptomycin,308  daptomycin,115,no,12,,0,no,no
s2_complex_01,s2_complex_01.pdf,ixabepilone,309  ixabepilone,35,stereo,12,0.7157893541488273,1,stereo,stereo
s2_complex_01,s2_complex_01.pdf,ivermectin B1a,310  ivermectin B1a,62,no,12,,0,no,no
s2_complex_01,s2_complex_01.pdf,maytansine,311  maytansine,48,exact,12,0.8747518324003377,1,exact,exact
s2_complex_01,s2_complex_01.pdf,micafungin,312  micafungin,89,no,12,,0,no,no
s2_complex_01,s2_complex_01.pdf,moxidectin,313  moxidectin,46,no,12,,0,no,no
s2_complex_01,s2_complex_01.pdf,oritavancin,314  oritavancin,125,no,12,,0,no,no
s2_complex_01,s2_complex_01.pdf,natamycin,315  natamycin,47,exact,12,0.8292863441454689,1,exact,exact
s2_complex_01,s2_complex_01.pdf,oxytocin,316  oxytocin,69,exact,12,0.8830828162143712,1,exact,exact
s2_complex_01,s2_complex_01.pdf,romidepsin,317  romidepsin,36,no,12,,0,no,no
s2_complex_02,s2_complex_02.pdf,paritaprevir,318  paritaprevir,55,exact,12,0.608950268138643,1,exact,exact
s2_complex_02,s2_complex_02.pdf,pimecrolimus,319  pimecrolimus,56,stereo,12,0.8192026282552518,1,stereo,stereo
s2_complex_02,s2_complex_02.pdf,rifabutin,320  rifabutin,61,exact,12,0.858841513887562,1,exact,exact
s2_complex_02,s2_complex_02.pdf,roxithromycin,321  roxithromycin,58,exact,12,0.8775046855065075,1,exact,exact
s2_complex_02,s2_complex_02.pdf,simeprevir,322  simeprevir,52,exact,12,0.8588992834856425,1,exact,exact
s2_complex_02,s2_complex_02.pdf,sirolimus,323  sirolimus,65,no,12,,0,no,no
s2_complex_02,s2_complex_02.pdf,tacrolimus,324  tacrolimus,57,no,12,,0,no,no
s2_complex_02,s2_complex_02.pdf,teicoplanin,325  teicoplanin,132,no,12,,0,no,no
s2_complex_02,s2_complex_02.pdf,telavancin,326  telavancin,121,no,12,,0,no,no
s2_complex_02,s2_complex_02.pdf,telithromycin,327  telithromycin,58,exact,12,0.786837222656497,1,exact,exact
s2_complex_02,s2_complex_02.pdf,androstenedione,328  androstenedione,21,exact,12,0.8688748461574997,1,exact,exact
s2_complex_02,s2_complex_02.pdf,faslodex,329  faslodex,41,no,12,,0,no,no
s2_complex_03,s2_complex_03.pdf,digitoxin,330  digitoxin,54,no,12,,0,no,no
s2_complex_03,s2_complex_03.pdf,memantine,331  memantine,13,exact,12,0.8590784639734628,1,exact,exact
s2_complex_03,s2_complex_03.pdf,corticosterone,332  corticosterone,25,exact,12,0.8493677777145934,1,exact,exact
s2_complex_03,s2_complex_03.pdf,idarubicin,333  idarubicin,36,exact,12,0.8817444954918358,1,exact,exact
s2_complex_03,s2_complex_03.pdf,digoxin,334  digoxin,55,exact,12,0.8583213893422691,1,exact,exact
s2_complex_03,s2_complex_03.pdf,methenamine,335  methenamine,10,exact,12,0.7525672775164942,1,exact,exact
s2_complex_03,s2_complex_03.pdf,cortisol,336  cortisol,26,exact,12,0.8708777300603898,1,exact,exact
s2_complex_03,s2_complex_03.pdf,midostaurin,337  midostaurin,43,exact,12,0.871746514448613,1,exact,exact
s2_complex_03,s2_complex_03.pdf,ginsenoside Rb1,338  ginsenoside Rb1,77,no,12,,0,no,no
s2_complex_03,s2_complex_03.pdf,dihydrotestosterone,339  dihydrotestosterone,21,exact,12,0.8477905745503314,1,exact,exact
s2_complex_03,s2_complex_03.pdf,minocycline,340  minocycline,33,exact,12,0.8747263023200817,1,exact,exact
s2_complex_03,s2_complex_03.pdf,paclitaxel,341  paclitaxel,62,exact,12,0.8801073252589459,1,exact,exact
s2_complex_04,s2_complex_04.pdf,estriol,342  estriol,21,exact,12,0.8936292531720167,1,exact,exact
s2_complex_04,s2_complex_04.pdf,ouabain,343  ouabain,41,no,12,,0,exact,exact
s2_complex_04,s2_complex_04.pdf,rebaudioside A,344  rebaudioside A,67,no,12,,0,no,no
s2_complex_04,s2_complex_04.pdf,estrone,345  estrone,20,exact,12,0.8539606603240211,1,exact,exact
s2_complex_04,s2_complex_04.pdf,tetracycline,346  tetracycline,32,exact,12,0.8451780024446528,1,exact,exact
s2_complex_04,s2_complex_04.pdf,stevioside,347  stevioside,56,exact,12,0.8673911002629336,1,exact,exact
s2_complex_04,s2_complex_04.pdf,exemestane,348  exemestane,22,exact,12,0.8384222495116276,1,exact,exact
s2_complex_04,s2_complex_04.pdf,tigecycline,349  tigecycline,42,exact,12,0.8494297858711831,1,exact,exact
s2_complex_04,s2_complex_04.pdf,bleomycin,350  bleomycin,96,no,12,,0,no,no
s2_complex_04,s2_complex_04.pdf,bleomycin A2,351  bleomycin A2,96,no,12,,0,no,no
s2_complex_04,s2_complex_04.pdf,fadh2,352  fadh2,53,exact,12,0.8529411333757932,1,exact,exact
s2_complex_04,s2_complex_04.pdf,ombitasvir,353  ombitasvir,65,exact,12,0.7396851118073619,1,exact,exact
s2_complex_05,s2_complex_05.pdf,pibrentasvir,354  pibrentasvir,80,no,12,,0,no,no
s2_complex_05,s2_complex_05.pdf,salinomycin,355  salinomycin,53,exact,12,0.8336660018608834,1,exact,exact
s2_complex_05,s2_complex_05.pdf,temsirolimus,356  temsirolimus,73,no,12,,0,no,no
s2_complex_05,s2_complex_05.pdf,tylosin,357  tylosin,64,exact,12,0.8600229808911201,1,exact,exact
s2_complex_05,s2_complex_05.pdf,vancomycin,358  vancomycin,101,no,12,,0,no,no
s2_complex_05,s2_complex_05.pdf,voxilaprevir,359  voxilaprevir,60,exact,12,0.8566893809658163,1,exact,exact
s2_complex_05,s2_complex_05.pdf,fludrocortisone,360  fludrocortisone,27,exact,12,0.870281282974227,1,exact,exact
s2_complex_05,s2_complex_05.pdf,topotecan,361  topotecan,31,exact,12,0.8532279745022513,1,exact,exact
s2_complex_05,s2_complex_05.pdf,trabectedin,362  trabectedin,54,no,12,,0,no,no
s2_complex_05,s2_complex_05.pdf,hydrocodone,363  hydrocodone,22,stereo,12,0.4578640744922924,1,stereo,stereo
s2_complex_05,s2_complex_05.pdf,velpatasvir,364  velpatasvir,65,exact,12,0.8443213308802651,1,exact,exact
s2_complex_05,s2_complex_05.pdf,levonorgestrel,365  levonorgestrel,23,exact,12,0.871285713673195,1,exact,exact
s2_complex_06,s2_complex_06.pdf,vinblastine,366  vinblastine,59,no,6,,0,no,no
s2_complex_06,s2_complex_06.pdf,maprotiline,367  maprotiline,21,exact,6,0.8925708545630403,1,exact,exact
s2_complex_06,s2_complex_06.pdf,vincristine,368  vincristine,60,no,6,,0,no,no
s2_complex_06,s2_complex_06.pdf,medroxyprogesterone,369  medroxyprogesterone,25,exact,6,0.8587798406818347,1,exact,exact
s2_complex_06,s2_complex_06.pdf,vindesine,370  vindesine,55,no,6,,0,no,no
s2_complex_06,s2_complex_06.pdf,megestrol,371  megestrol,25,exact,6,0.8667203587922114,1,exact,exact
s2_salt_01,s2_salt_01.pdf,alendronate sodium,372  alendronate sodium,18,no,12,,0,salt,salt
s2_salt_01,s2_salt_01.pdf,aclidinium,373  aclidinium,33,no,12,,0,no,no
s2_salt_01,s2_salt_01.pdf,ansamitocin,374  ansamitocin,174,no,12,,0,no,no
s2_salt_01,s2_salt_01.pdf,arginine hydrochloride,375  arginine hydrochloride,13,exact,12,0.847899323243677,1,exact,exact
s2_salt_01,s2_salt_01.pdf,amoxicillin trihydrate,376  amoxicillin trihydrate,28,no,12,,0,salt,salt
s2_salt_01,s2_salt_01.pdf,amlodipine besylate,377  amlodipine besylate,38,exact,12,0.8964040264084384,1,exact,exact
s2_salt_01,s2_salt_01.pdf,azithromycin dihydrate,378  azithromycin dihydrate,54,exact,12,0.850446824901298,1,exact,exact
s2_salt_01,s2_salt_01.pdf,betaine hydrochloride,379  betaine hydrochloride,9,exact,12,0.8529334624156247,1,exact,exact
s2_salt_01,s2_salt_01.pdf,amphetamine sulfate,380  amphetamine sulfate,25,exact,12,0.8936197794607462,1,exact,exact
s2_salt_01,s2_salt_01.pdf,cabozantinib malate,381  cabozantinib malate,46,exact,12,0.8926882672505936,1,exact,exact
s2_salt_01,s2_salt_01.pdf,crestor,382  crestor,67,exact,12,0.8605619029262314,1,exact,exact
s2_salt_01,s2_salt_01.pdf,bismuth subsalicylate,383  bismuth subsalicylate,12,exact,12,0.8762034527862256,1,exact,exact
s2_salt_02,s2_salt_02.pdf,ampicillin sodium,384  ampicillin sodium,25,exact,12,0.8524219433293095,1,exact,exact
s2_salt_02,s2_salt_02.pdf,cefotaxime sodium,385  cefotaxime sodium,31,exact,12,0.8829157732013211,1,exact,exact
s2_salt_02,s2_salt_02.pdf,doxycycline hyclate,386  doxycycline hyclate,70,no,12,,0,no,no
s2_salt_02,s2_salt_02.pdf,carboplatin,387  carboplatin,13,exact,12,0.8341428366003739,1,exact,exact
s2_salt_02,s2_salt_02.pdf,atomoxetine hydrochloride,388  atomoxetine hydrochloride,20,exact,12,0.8681496512625503,1,exact,exact
s2_salt_02,s2_salt_02.pdf,ceftriaxone sodium,389  ceftriaxone sodium,38,no,12,,0,salt,salt
s2_salt_02,s2_salt_02.pdf,gentamicin sulfate,390  gentamicin sulfate,101,no,12,,0,no,no
s2_salt_02,s2_salt_02.pdf,choline chloride,391  choline chloride,8,exact,12,0.8227323833152552,1,exact,exact
s2_salt_02,s2_salt_02.pdf,benzalkonium chloride,392  benzalkonium chloride,24,exact,12,0.9037817633099537,1,exact,exact
s2_salt_02,s2_salt_02.pdf,doxazosin mesylate,393  doxazosin mesylate,38,exact,12,0.8919909598762362,1,exact,exact
s2_salt_02,s2_salt_02.pdf,lapatinib ditosylate,394  lapatinib ditosylate,63,no,12,,0,no,salt
s2_salt_02,s2_salt_02.pdf,clonidine hydrochloride,395  clonidine hydrochloride,15,exact,12,0.8838512908530441,1,exact,exact
s2_salt_03,s2_salt_03.pdf,bupropion hydrochloride,396  bupropion hydrochloride,17,exact,12,0.9003569097398859,1,exact,exact
s2_salt_03,s2_salt_03.pdf,eosin Y,397  eosin Y,31,exact,12,0.8854133359431201,1,exact,exact
s2_salt_03,s2_salt_03.pdf,quetiapine fumarate,398  quetiapine fumarate,62,no,12,,0,no,no
s2_salt_03,s2_salt_03.pdf,cysteine hydrochloride,399  cysteine hydrochloride,8,exact,12,0.7239018176304968,1,exact,exact
s2_salt_03,s2_salt_03.pdf,calcium gluconate,400  calcium gluconate,27,exact,12,0.8656500180134905,1,exact,exact
s2_salt_03,s2_salt_03.pdf,farxiga,401  farxiga,34,no,12,,0,exact,exact
s2_salt_03,s2_salt_03.pdf,vancomycin hydrochloride,402  vancomycin hydrochloride,102,no,12,,0,no,no
s2_salt_03,s2_salt_03.pdf,ferrous fumarate,403  ferrous fumarate,9,exact,12,0.8857719142436342,1,exact,exact
s2_salt_03,s2_salt_03.pdf,cefazolin sodium,404  cefazolin sodium,30,exact,12,0.8733053697454706,1,exact,exact
s2_salt_03,s2_salt_03.pdf,fexofenadine hydrochloride,405  fexofenadine hydrochloride,38,exact,12,0.8485512368018079,1,exact,exact
s2_salt_03,s2_salt_03.pdf,vitamin b12,406  vitamin b12,93,no,12,,0,no,no
s2_salt_03,s2_salt_03.pdf,imidazolium chloride,407  imidazolium chloride,6,exact,12,0.8632608191624797,1,exact,exact
s2_salt_04,s2_salt_04.pdf,cetirizine dihydrochloride,408  cetirizine dihydrochloride,29,no,12,,0,salt,salt
s2_salt_04,s2_salt_04.pdf,imatinib mesylate,409  imatinib mesylate,42,exact,12,0.9023369377440897,1,exact,exact
s2_salt_04,s2_salt_04.pdf,lithium carbonate,410  lithium carbonate,6,no,12,,0,salt,salt
s2_salt_04,s2_salt_04.pdf,cetylpyridinium chloride,411  cetylpyridinium chloride,23,exact,12,0.868357203963485,1,exact,exact
s2_salt_04,s2_salt_04.pdf,irinotecan hydrochloride,412  irinotecan hydrochloride,44,exact,12,0.8582336810923378,1,exact,exact
s2_salt_04,s2_salt_04.pdf,lokelma,413  lokelma,15,no,12,,0,no,no
s2_salt_04,s2_salt_04.pdf,chlorpromazine hydrochloride,414  chlorpromazine hydrochloride,22,exact,12,0.8760097799147443,1,exact,exact
s2_salt_04,s2_salt_04.pdf,leucovorin calcium,415  leucovorin calcium,35,no,12,,0,salt,salt
s2_salt_04,s2_salt_04.pdf,lysine hydrochloride,416  lysine hydrochloride,11,exact,12,0.8331650702471395,1,exact,exact
s2_salt_04,s2_salt_04.pdf,choline bitartrate,417  choline bitartrate,17,exact,12,0.8814996835886421,1,exact,exact
s2_salt_04,s2_salt_04.pdf,methotrexate sodium,418  methotrexate sodium,35,exact,12,0.8681053050188298,1,exact,exact
s2_salt_04,s2_salt_04.pdf,magnesium sulfate,419  magnesium sulfate,6,exact,12,0.8594018260983648,1,exact,exact
s2_salt_05,s2_salt_05.pdf,ciprofloxacin hydrochloride,420  ciprofloxacin hydrochloride,26,no,12,,0,salt,salt
s2_salt_05,s2_salt_05.pdf,minocycline hydrochloride,421  minocycline hydrochloride,34,exact,12,0.8689987485087421,1,exact,exact
s2_salt_05,s2_salt_05.pdf,memantine hydrochloride,422  memantine hydrochloride,14,exact,12,0.856792669030299,1,exact,exact
s2_salt_05,s2_salt_05.pdf,citalopram hydrobromide,423  citalopram hydrobromide,25,exact,12,0.8676051319608379,1,exact,exact
s2_salt_05,s2_salt_05.pdf,morphine sulfate,424  morphine sulfate,47,no,12,,0,no,no
s2_salt_05,s2_salt_05.pdf,metformin hydrochloride,425  metformin hydrochloride,10,exact,12,0.8851865346782083,1,exact,exact
s2_salt_05,s2_salt_05.pdf,clindamycin hydrochloride,426  clindamycin hydrochloride,28,exact,12,0.8907405981259713,1,exact,exact
s2_salt_05,s2_salt_05.pdf,nexium,427  nexium,49,no,12,,0,salt,salt
s2_salt_05,s2_salt_05.pdf,ornithine hydrochloride,428  ornithine hydrochloride,10,exact,12,0.8305743227814824,1,exact,exact
s2_salt_05,s2_salt_05.pdf,crystal violet,429  crystal violet,29,exact,12,0.8842563732502239,1,exact,exact
s2_salt_05,s2_salt_05.pdf,nilotinib hydrochloride,430  nilotinib hydrochloride,40,exact,12,0.9081059433226869,1,exact,exact
s2_salt_05,s2_salt_05.pdf,oxaliplatin,431  oxaliplatin,15,no,12,,0,no,no
s2_salt_06,s2_salt_06.pdf,dextroamphetamine sulfate,432  dextroamphetamine sulfate,25,exact,6,0.8966738577566007,1,exact,exact
s2_salt_06,s2_salt_06.pdf,pazopanib hydrochloride,433  pazopanib hydrochloride,32,exact,6,0.8840131629308584,1,exact,exact
s2_salt_06,s2_salt_06.pdf,pamidronate disodium,434  pamidronate disodium,15,exact,6,0.7253786684478498,1,exact,exact
s2_salt_06,s2_salt_06.pdf,diclofenac sodium,435  diclofenac sodium,20,exact,6,0.9017054896571726,1,exact,exact
s2_salt_06,s2_salt_06.pdf,pemetrexed disodium,436  pemetrexed disodium,33,no,6,,0,salt,salt
s2_salt_06,s2_salt_06.pdf,pyridinium chloride,437  pyridinium chloride,7,exact,6,0.9129280567161268,1,exact,exact
s2_markush_01,s2_markush_01.pdf,scaffold of adavosertib,438  scaffold of adavosertib,27,exact,12,0.8317940069572439,1,exact,exact
s2_markush_01,s2_markush_01.pdf,scaffold of aripiprazole,439  scaffold of aripiprazole,10,stereo,12,0.825000045945859,1,no,no
s2_markush_01,s2_markush_01.pdf,scaffold of beta carotene,440  scaffold of beta carotene,29,stereo,12,0.8810735571217929,1,stereo,stereo
s2_markush_01,s2_markush_01.pdf,scaffold of bromophenol blue,441  scaffold of bromophenol blue,20,stereo,12,0.8522331162259866,1,no,no
s2_markush_01,s2_markush_01.pdf,scaffold of calcitriol,442  scaffold of calcitriol,20,no,12,,0,no,no
s2_markush_01,s2_markush_01.pdf,scaffold of canagliflozin,443  scaffold of canagliflozin,19,no,12,,0,no,no
s2_markush_01,s2_markush_01.pdf,scaffold of capecitabine,444  scaffold of capecitabine,16,stereo,12,0.8758601578616675,1,no,no
s2_markush_01,s2_markush_01.pdf,scaffold of cariprazine,445  scaffold of cariprazine,16,no,12,,0,no,no
s2_markush_01,s2_markush_01.pdf,scaffold of catechin,446  scaffold of catechin,13,exact,12,0.7521848706178015,1,exact,exact
s2_markush_01,s2_markush_01.pdf,scaffold of cefepime,447  scaffold of cefepime,13,no,12,,0,no,no
s2_markush_01,s2_markush_01.pdf,scaffold of ceftaroline,448  scaffold of ceftaroline,31,stereo,12,0.8973479861234517,1,stereo,stereo
s2_markush_01,s2_markush_01.pdf,scaffold of ceftazidime,449  scaffold of ceftazidime,30,stereo,12,0.8584327134362107,1,stereo,stereo
s2_markush_02,s2_markush_02.pdf,scaffold of ceralasertib,450  scaffold of ceralasertib,20,stereo,12,0.8659118366137468,1,no,no
s2_markush_02,s2_markush_02.pdf,scaffold of cladribine,451  scaffold of cladribine,10,stereo,12,0.8917235092065199,1,no,no
s2_markush_02,s2_markush_02.pdf,scaffold of clozapine,452  scaffold of clozapine,16,exact,12,0.8822976232455529,1,exact,exact
s2_markush_02,s2_markush_02.pdf,scaffold of cyclobenzaprine,453  scaffold of cyclobenzaprine,16,exact,12,0.8893081681461731,1,exact,exact
s2_markush_02,s2_markush_02.pdf,scaffold of cytarabine,454  scaffold of cytarabine,15,exact,12,0.7918559375491773,1,exact,exact
s2_markush_02,s2_markush_02.pdf,scaffold of dasatinib,455  scaffold of dasatinib,13,no,12,,0,no,no
s2_markush_02,s2_markush_02.pdf,scaffold of dofetilide,456  scaffold of dofetilide,17,exact,12,0.8633006167970939,1,exact,exact
s2_markush_02,s2_markush_02.pdf,scaffold of dolutegravir,457  scaffold of dolutegravir,17,no,12,,0,no,no
s2_markush_02,s2_markush_02.pdf,scaffold of doxepin,458  scaffold of doxepin,16,stereo,12,0.8877601838557274,1,stereo,stereo
s2_markush_02,s2_markush_02.pdf,scaffold of edoxaban,459  scaffold of edoxaban,13,no,12,,0,no,no
s2_markush_02,s2_markush_02.pdf,scaffold of empagliflozin,460  scaffold of empagliflozin,19,exact,12,0.8852837425417527,1,exact,exact
s2_markush_02,s2_markush_02.pdf,scaffold of emtricitabine,461  scaffold of emtricitabine,13,exact,12,0.8776434882901202,1,exact,exact
s2_markush_03,s2_markush_03.pdf,scaffold of epigallocatechin gallate,462  scaffold of epigallocatechin gallate,21,exact,12,0.8780417946647153,1,exact,exact
s2_markush_03,s2_markush_03.pdf,scaffold of ertapenem,463  scaffold of ertapenem,21,exact,12,0.846515233977984,1,exact,exact
s2_markush_03,s2_markush_03.pdf,scaffold of eslicarbazepine,464  scaffold of eslicarbazepine,16,exact,12,0.9030274808391262,1,exact,exact
s2_markush_03,s2_markush_03.pdf,scaffold of ezetimibe,465  scaffold of ezetimibe,12,no,12,,0,no,no
s2_markush_03,s2_markush_03.pdf,scaffold of famciclovir,466  scaffold of famciclovir,11,exact,12,0.8651842156284214,1,exact,exact
s2_markush_03,s2_markush_03.pdf,scaffold of felodipine,467  scaffold of felodipine,12,stereo,12,0.8892056264565025,1,no,no
s2_markush_03,s2_markush_03.pdf,scaffold of fenoldopam,468  scaffold of fenoldopam,14,exact,12,0.8737784044884389,1,exact,exact
s2_markush_03,s2_markush_03.pdf,scaffold of fenoprofen,469  scaffold of fenoprofen,10,no,12,,0,no,no
s2_markush_03,s2_markush_03.pdf,scaffold of fimasartan,470  scaffold of fimasartan,25,exact,12,0.8478600305829347,1,exact,exact
s2_markush_03,s2_markush_03.pdf,scaffold of flecainide,471  scaffold of flecainide,12,no,12,,0,no,no
s2_markush_03,s2_markush_03.pdf,scaffold of fludarabine phosphate,472  scaffold of fludarabine phosphate,13,no,12,,0,no,no
s2_markush_03,s2_markush_03.pdf,scaffold of fluorescein,473  scaffold of fluorescein,23,exact,12,0.8517394097717753,1,exact,exact
s2_markush_04,s2_markush_04.pdf,scaffold of flurbiprofen,474  scaffold of flurbiprofen,12,no,12,,0,no,no
s2_markush_04,s2_markush_04.pdf,scaffold of formoterol,475  scaffold of formoterol,10,no,12,,0,no,no
s2_markush_04,s2_markush_04.pdf,scaffold of frovatriptan,476  scaffold of frovatriptan,15,exact,12,0.8878846441725042,1,exact,exact
s2_markush_04,s2_markush_04.pdf,scaffold of ganciclovir,477  scaffold of ganciclovir,10,stereo,12,0.8773271412202462,1,no,no
s2_markush_04,s2_markush_04.pdf,scaffold of gefitinib,478  scaffold of gefitinib,21,no,12,,0,no,no
s2_markush_04,s2_markush_04.pdf,scaffold of gentamicin,479  scaffold of gentamicin,21,exact,12,0.8588395753771956,1,exact,exact
s2_markush_04,s2_markush_04.pdf,scaffold of gliclazide,480  scaffold of gliclazide,11,no,12,,0,no,no
s2_markush_04,s2_markush_04.pdf,scaffold of glimepiride,481  scaffold of glimepiride,22,no,12,,0,no,no
s2_markush_04,s2_markush_04.pdf,scaffold of glipizide,482  scaffold of glipizide,19,exact,12,0.8808301963577564,1,exact,exact
s2_markush_04,s2_markush_04.pdf,scaffold of glyburide,483  scaffold of glyburide,11,no,12,,0,no,no
s2_markush_04,s2_markush_04.pdf,scaffold of glycopyrronium,484  scaffold of glycopyrronium,13,exact,12,0.8781323122986079,1,exact,exact
s2_markush_04,s2_markush_04.pdf,scaffold of granisetron,485  scaffold of granisetron,10,no,12,,0,no,no
s2_markush_05,s2_markush_05.pdf,scaffold of gtp,486  scaffold of gtp,20,exact,12,0.8786517800503736,1,exact,exact
s2_markush_05,s2_markush_05.pdf,scaffold of haloperidol,487  scaffold of haloperidol,13,no,12,,0,no,no
s2_markush_05,s2_markush_05.pdf,scaffold of hydroxychloroquine,488  scaffold of hydroxychloroquine,11,exact,12,0.8762912595663046,1,exact,exact
s2_markush_05,s2_markush_05.pdf,scaffold of imatinib,489  scaffold of imatinib,25,no,12,,0,no,no
s2_markush_05,s2_markush_05.pdf,scaffold of imipenem,490  scaffold of imipenem,14,exact,12,0.8782483724286483,1,exact,exact
s2_markush_05,s2_markush_05.pdf,scaffold of imipramine,491  scaffold of imipramine,15,exact,12,0.8879750450957228,1,exact,exact
s2_markush_05,s2_markush_05.pdf,scaffold of inavolisib,492  scaffold of inavolisib,20,no,12,,0,no,no
s2_markush_05,s2_markush_05.pdf,scaffold of indigo,493  scaffold of indigo,19,stereo,12,0.8862086035616072,1,no,no
s2_markush_05,s2_markush_05.pdf,scaffold of indinavir,494  scaffold of indinavir,34,exact,12,0.8747327368293494,1,exact,exact
s2_markush_05,s2_markush_05.pdf,scaffold of indomethacin,495  scaffold of indomethacin,12,stereo,12,0.8863287806882665,1,no,no
s2_markush_05,s2_markush_05.pdf,scaffold of irbesartan,496  scaffold of irbesartan,21,no,12,,0,no,no
s2_markush_05,s2_markush_05.pdf,scaffold of isosorbide dinitrate,497  scaffold of isosorbide dinitrate,11,exact,12,0.8525383355367622,1,exact,exact
s2_markush_06,s2_markush_06.pdf,scaffold of isradipine,498  scaffold of isradipine,18,exact,6,0.8355305513514502,1,exact,exact
s2_markush_06,s2_markush_06.pdf,scaffold of ivosidenib,499  scaffold of ivosidenib,32,stereo,6,0.8971924567883881,1,no,no
s2_markush_06,s2_markush_06.pdf,scaffold of ketorolac,500  scaffold of ketorolac,11,exact,6,0.8819426013957984,1,exact,exact
s2_markush_06,s2_markush_06.pdf,scaffold of koselugo,501  scaffold of koselugo,11,stereo,6,0.8826003025947006,1,no,no
s2_markush_06,s2_markush_06.pdf,scaffold of labetalol,502  scaffold of labetalol,12,exact,6,0.8868000840598621,1,exact,exact
s2_markush_06,s2_markush_06.pdf,scaffold of lansoprazole,503  scaffold of lansoprazole,12,no,6,,0,no,no
s2_mixed_01,s2_mixed_01.pdf,citalopram,504  citalopram,24,exact,12,0.8485154176997768,1,exact,exact
s2_mixed_01,s2_mixed_01.pdf,imidazole,505  imidazole,5,exact,12,0.8539406947225228,1,exact,exact
s2_mixed_01,s2_mixed_01.pdf,clobazam,506  clobazam,21,exact,12,0.8853420477516524,1,exact,exact
s2_mixed_01,s2_mixed_01.pdf,indole,507  indole,9,exact,12,0.9112921597394656,1,exact,exact
s2_mixed_01,s2_mixed_01.pdf,colistin,508  colistin,81,exact,12,0.8630587068368607,1,exact,exact
s2_mixed_01,s2_mixed_01.pdf,pravastatin,509  pravastatin,30,exact,12,0.8639733399242808,1,exact,exact
s2_mixed_01,s2_mixed_01.pdf,maltotriose,510  maltotriose,34,exact,12,0.8637372991880479,1,exact,exact
s2_mixed_01,s2_mixed_01.pdf,colistin A,511  colistin A,82,exact,12,0.8473986027387307,1,exact,exact
s2_mixed_01,s2_mixed_01.pdf,letermovir,512  letermovir,41,no,12,,0,exact,exact
s2_mixed_01,s2_mixed_01.pdf,lurbinectedin,513  lurbinectedin,56,no,12,,0,no,no
s2_mixed_01,s2_mixed_01.pdf,fluoxetine,514  fluoxetine,22,no,12,,0,exact,exact
s2_mixed_01,s2_mixed_01.pdf,lopinavir,515  lopinavir,46,no,12,,0,exact,exact
s2_mixed_02,s2_mixed_02.pdf,vincristine,516  vincristine,60,no,12,,0,no,no
s2_mixed_02,s2_mixed_02.pdf,medroxyprogesterone,517  medroxyprogesterone,25,exact,12,0.8588187252984478,1,exact,exact
s2_mixed_02,s2_mixed_02.pdf,vindesine,518  vindesine,55,no,12,,0,no,no
s2_mixed_02,s2_mixed_02.pdf,megestrol,519  megestrol,25,exact,12,0.866659729067972,1,exact,exact
s2_mixed_02,s2_mixed_02.pdf,pamidronate disodium,520  pamidronate disodium,15,exact,12,0.7271072893543045,1,exact,exact
s2_mixed_02,s2_mixed_02.pdf,diclofenac sodium,521  diclofenac sodium,20,exact,12,0.9020051839558334,1,exact,exact
s2_mixed_02,s2_mixed_02.pdf,pemetrexed disodium,522  pemetrexed disodium,33,exact,12,0.803516873672107,1,exact,exact
s2_mixed_02,s2_mixed_02.pdf,pyridinium chloride,523  pyridinium chloride,7,exact,12,0.9129763176048481,1,exact,exact
s2_mixed_02,s2_mixed_02.pdf,scaffold of ketorolac,524  scaffold of ketorolac,11,exact,12,0.8819426013957984,1,exact,exact
s2_mixed_02,s2_mixed_02.pdf,scaffold of koselugo,525  scaffold of koselugo,11,stereo,12,0.8826003025947006,1,no,no
s2_mixed_02,s2_mixed_02.pdf,scaffold of labetalol,526  scaffold of labetalol,12,exact,12,0.8868000840598621,1,exact,exact
s2_mixed_02,s2_mixed_02.pdf,scaffold of lansoprazole,527  scaffold of lansoprazole,12,no,12,,0,no,no
s2_dens_1_01,s2_dens_1_01.pdf,caffeine,528  caffeine,14,exact,12,0.8885650415916669,1,exact,exact
s2_dens_1_01,s2_dens_1_01.pdf,carbamazepine,529  carbamazepine,18,exact,12,0.910619699966802,1,exact,exact
s2_dens_1_01,s2_dens_1_01.pdf,diphenhydramine,530  diphenhydramine,19,exact,12,0.89079239886773,1,exact,exact
s2_dens_1_01,s2_dens_1_01.pdf,gabapentin,531  gabapentin,12,exact,12,0.8593952170776707,1,exact,exact
s2_dens_1_01,s2_dens_1_01.pdf,ibuprofen,532  ibuprofen,15,exact,12,0.8920874359188453,1,exact,exact
s2_dens_1_01,s2_dens_1_01.pdf,ketamine,533  ketamine,16,exact,12,0.8931050756906076,1,exact,exact
s2_dens_1_01,s2_dens_1_01.pdf,lamotrigine,534  lamotrigine,16,exact,12,0.9142112608282208,1,exact,exact
s2_dens_1_01,s2_dens_1_01.pdf,letrozole,535  letrozole,22,exact,12,0.9118047304150794,1,exact,exact
s2_dens_1_01,s2_dens_1_01.pdf,lidocaine,536  lidocaine,17,exact,12,0.8666137907642957,1,exact,exact
s2_dens_1_01,s2_dens_1_01.pdf,melatonin,537  melatonin,17,exact,12,0.884137319504622,1,exact,exact
s2_dens_1_01,s2_dens_1_01.pdf,metoprolol,538  metoprolol,19,exact,12,0.8224866908669047,1,exact,exact
s2_dens_1_01,s2_dens_1_01.pdf,metronidazole,539  metronidazole,12,exact,12,0.8839630867297653,1,exact,exact
s2_dens_1_02,s2_dens_1_02.pdf,minoxidil,540  minoxidil,15,exact,12,0.9181470219062517,1,exact,exact
s2_dens_1_02,s2_dens_1_02.pdf,phenobarbital,541  phenobarbital,17,exact,12,0.9152664943691967,1,exact,exact
s2_dens_1_02,s2_dens_1_02.pdf,phenytoin,542  phenytoin,19,exact,12,0.8965722007600394,1,exact,exact
s2_dens_1_02,s2_dens_1_02.pdf,propranolol,543  propranolol,19,exact,12,0.8549283812837307,1,exact,exact
s2_dens_1_02,s2_dens_1_02.pdf,alogliptin,544  alogliptin,25,exact,12,0.9002881733604969,1,exact,exact
s2_dens_1_02,s2_dens_1_02.pdf,abediterol,545  abediterol,33,exact,12,0.8403859393174011,1,exact,exact
s2_dens_1_02,s2_dens_1_02.pdf,alanine,546  alanine,6,exact,12,0.882640853745206,1,exact,exact
s2_dens_1_02,s2_dens_1_02.pdf,ambrisentan,547  ambrisentan,28,exact,12,0.9087935142181934,1,exact,exact
s2_dens_1_02,s2_dens_1_02.pdf,acalabrutinib,548  acalabrutinib,35,exact,12,0.8957097169913486,1,exact,exact
s2_dens_1_02,s2_dens_1_02.pdf,arginine,549  arginine,12,exact,12,0.8761665972040733,1,exact,exact
s2_dens_1_02,s2_dens_1_02.pdf,armodafinil,550  armodafinil,19,stereo,12,0.6943591370544052,1,stereo,stereo
s2_dens_1_02,s2_dens_1_02.pdf,afatinib,551  afatinib,34,exact,12,0.8983488335592905,1,exact,exact
s2_dens_1_03,s2_dens_1_03.pdf,asparagine,552  asparagine,9,exact,12,0.8495367932856454,1,exact,exact
s2_dens_1_03,s2_dens_1_03.pdf,azd5363,553  azd5363,30,exact,12,0.9023753844344345,1,exact,exact
s2_dens_1_03,s2_dens_1_03.pdf,azd3759,554  azd3759,32,exact,12,0.905786659910377,1,exact,exact
s2_dens_1_03,s2_dens_1_03.pdf,aspartic acid,555  aspartic acid,9,exact,12,0.8626787217042521,1,exact,exact
s2_dens_1_03,s2_dens_1_03.pdf,brinzolamide,556  brinzolamide,23,exact,12,0.9109013080325202,1,exact,exact
s2_dens_1_03,s2_dens_1_03.pdf,elacestrant,557  elacestrant,34,exact,12,0.9106525429748037,1,exact,exact
s2_dens_1_03,s2_dens_1_03.pdf,epinephrine,558  epinephrine,13,exact,12,0.9248871816440472,1,exact,exact
s2_dens_1_03,s2_dens_1_03.pdf,camptothecin,559  camptothecin,26,exact,12,0.9068372708274022,1,exact,exact
s2_dens_1_03,s2_dens_1_03.pdf,apixaban,560  apixaban,34,no,12,,0,exact,exact
s2_dens_1_03,s2_dens_1_03.pdf,cefazolin,561  cefazolin,29,no,12,,0,exact,exact
s2_dens_1_03,s2_dens_1_03.pdf,alvelestat,562  alvelestat,38,no,12,,0,exact,exact
s2_dens_1_03,s2_dens_1_03.pdf,eribulin,563  eribulin,52,no,12,,0,no,no
s2_dens_1_04,s2_dens_1_04.pdf,foscarnet,564  foscarnet,7,exact,12,0.8166347807910412,1,exact,exact
s2_dens_1_04,s2_dens_1_04.pdf,chloramphenicol,565  chloramphenicol,20,no,12,,0,exact,exact
s2_dens_1_04,s2_dens_1_04.pdf,atacand,566  atacand,45,no,12,,0,exact,exact
s2_dens_1_04,s2_dens_1_04.pdf,glecaprevir,567  glecaprevir,58,no,12,,0,exact,exact
s2_dens_1_04,s2_dens_1_04.pdf,glycine,568  glycine,5,exact,12,0.7344899974551599,1,exact,exact
s2_dens_1_04,s2_dens_1_04.pdf,diflunisal,569  diflunisal,18,no,12,,0,exact,exact
s2_dens_1_04,s2_dens_1_04.pdf,azd1390,570  azd1390,35,no,12,,0,exact,exact
s2_dens_1_04,s2_dens_1_04.pdf,lanreotide,571  lanreotide,77,no,12,,0,exact,exact
s2_dens_1_04,s2_dens_1_04.pdf,glyphosate,572  glyphosate,10,no,12,,0,exact,exact
s2_dens_1_04,s2_dens_1_04.pdf,doripenem,573  doripenem,27,no,12,,0,stereo,stereo
s2_dens_1_04,s2_dens_1_04.pdf,betrixaban,574  betrixaban,32,no,12,,0,exact,exact
s2_dens_1_04,s2_dens_1_04.pdf,nystatin A1,575  nystatin A1,65,no,12,,0,no,no
s2_dens_12_01,s2_dens_12_01.pdf,caffeine,576  caffeine,14,exact,12,0.8651985010980018,1,exact,exact
s2_dens_12_01,s2_dens_12_01.pdf,carbamazepine,577  carbamazepine,18,exact,12,0.8918719721161609,1,exact,exact
s2_dens_12_01,s2_dens_12_01.pdf,diphenhydramine,578  diphenhydramine,19,exact,12,0.8864098599566234,1,exact,exact
s2_dens_12_01,s2_dens_12_01.pdf,gabapentin,579  gabapentin,12,exact,12,0.865818871077247,1,exact,exact
s2_dens_12_01,s2_dens_12_01.pdf,ibuprofen,580  ibuprofen,15,exact,12,0.8090889288320127,1,exact,exact
s2_dens_12_01,s2_dens_12_01.pdf,ketamine,581  ketamine,16,exact,12,0.8167653503405439,1,exact,exact
s2_dens_12_01,s2_dens_12_01.pdf,lamotrigine,582  lamotrigine,16,exact,12,0.8843202565698606,1,exact,exact
s2_dens_12_01,s2_dens_12_01.pdf,letrozole,583  letrozole,22,exact,12,0.9166480368793796,1,exact,exact
s2_dens_12_01,s2_dens_12_01.pdf,lidocaine,584  lidocaine,17,exact,12,0.794106756225135,1,exact,exact
s2_dens_12_01,s2_dens_12_01.pdf,melatonin,585  melatonin,17,exact,12,0.8606957740391622,1,exact,exact
s2_dens_12_01,s2_dens_12_01.pdf,metoprolol,586  metoprolol,19,exact,12,0.8690685101703489,1,exact,exact
s2_dens_12_01,s2_dens_12_01.pdf,metronidazole,587  metronidazole,12,exact,12,0.8749799309829173,1,exact,exact
s2_dens_12_02,s2_dens_12_02.pdf,minoxidil,588  minoxidil,15,exact,12,0.915465506547444,1,exact,exact
s2_dens_12_02,s2_dens_12_02.pdf,phenobarbital,589  phenobarbital,17,exact,12,0.8722659560124112,1,exact,exact
s2_dens_12_02,s2_dens_12_02.pdf,phenytoin,590  phenytoin,19,exact,12,0.9187833056031188,1,exact,exact
s2_dens_12_02,s2_dens_12_02.pdf,propranolol,591  propranolol,19,exact,12,0.8578830536296213,1,exact,exact
s2_dens_12_02,s2_dens_12_02.pdf,alogliptin,592  alogliptin,25,exact,12,0.8739076163768046,1,exact,exact
s2_dens_12_02,s2_dens_12_02.pdf,abediterol,593  abediterol,33,exact,12,0.5328306548851868,1,exact,exact
s2_dens_12_02,s2_dens_12_02.pdf,alanine,594  alanine,6,exact,12,0.8866963871091468,1,exact,exact
s2_dens_12_02,s2_dens_12_02.pdf,ambrisentan,595  ambrisentan,28,exact,12,0.8754501545066297,1,exact,exact
s2_dens_12_02,s2_dens_12_02.pdf,acalabrutinib,596  acalabrutinib,35,exact,12,0.9083578307259309,1,exact,exact
s2_dens_12_02,s2_dens_12_02.pdf,arginine,597  arginine,12,exact,12,0.805134233016392,1,exact,exact
s2_dens_12_02,s2_dens_12_02.pdf,armodafinil,598  armodafinil,19,stereo,12,0.8730930260635987,1,stereo,stereo
s2_dens_12_02,s2_dens_12_02.pdf,afatinib,599  afatinib,34,stereo,12,0.9019387295622074,1,stereo,stereo
s2_dens_12_03,s2_dens_12_03.pdf,asparagine,600  asparagine,9,exact,12,0.8410995723819532,1,exact,exact
s2_dens_12_03,s2_dens_12_03.pdf,azd5363,601  azd5363,30,exact,12,0.8898260135815252,1,exact,exact
s2_dens_12_03,s2_dens_12_03.pdf,azd3759,602  azd3759,32,exact,12,0.8921300252798137,1,exact,exact
s2_dens_12_03,s2_dens_12_03.pdf,aspartic acid,603  aspartic acid,9,exact,12,0.8468048826445942,1,exact,exact
s2_dens_12_03,s2_dens_12_03.pdf,brinzolamide,604  brinzolamide,23,exact,12,0.8739479086085925,1,exact,exact
s2_dens_12_03,s2_dens_12_03.pdf,elacestrant,605  elacestrant,34,exact,12,0.9028925035387975,1,exact,exact
s2_dens_12_03,s2_dens_12_03.pdf,epinephrine,606  epinephrine,13,exact,12,0.8049598325977286,1,exact,exact
s2_dens_12_03,s2_dens_12_03.pdf,camptothecin,607  camptothecin,26,exact,12,0.849531059371016,1,exact,exact
s2_dens_12_03,s2_dens_12_03.pdf,apixaban,608  apixaban,34,no,12,,0,exact,exact
s2_dens_12_03,s2_dens_12_03.pdf,cefazolin,609  cefazolin,29,no,12,,0,exact,exact
s2_dens_12_03,s2_dens_12_03.pdf,alvelestat,610  alvelestat,38,exact,12,0.85506839312927,1,exact,exact
s2_dens_12_03,s2_dens_12_03.pdf,eribulin,611  eribulin,52,no,12,,0,no,no
s2_dens_12_04,s2_dens_12_04.pdf,foscarnet,612  foscarnet,7,exact,12,0.7844714511150355,1,exact,exact
s2_dens_12_04,s2_dens_12_04.pdf,chloramphenicol,613  chloramphenicol,20,no,12,,0,exact,exact
s2_dens_12_04,s2_dens_12_04.pdf,atacand,614  atacand,45,exact,12,0.8456093745721672,1,exact,exact
s2_dens_12_04,s2_dens_12_04.pdf,glecaprevir,615  glecaprevir,58,no,12,,0,exact,exact
s2_dens_12_04,s2_dens_12_04.pdf,glycine,616  glycine,5,exact,12,0.7848600507476675,1,exact,exact
s2_dens_12_04,s2_dens_12_04.pdf,diflunisal,617  diflunisal,18,no,12,,0,exact,exact
s2_dens_12_04,s2_dens_12_04.pdf,azd1390,618  azd1390,35,no,12,,0,exact,exact
s2_dens_12_04,s2_dens_12_04.pdf,lanreotide,619  lanreotide,77,no,12,,0,exact,exact
s2_dens_12_04,s2_dens_12_04.pdf,glyphosate,620  glyphosate,10,exact,12,0.7327325421754254,1,exact,exact
s2_dens_12_04,s2_dens_12_04.pdf,doripenem,621  doripenem,27,stereo,12,0.8160846326476465,1,stereo,stereo
s2_dens_12_04,s2_dens_12_04.pdf,betrixaban,622  betrixaban,32,no,12,,0,exact,exact
s2_dens_12_04,s2_dens_12_04.pdf,nystatin A1,623  nystatin A1,65,no,12,,0,no,no
s2_dens_20_01,s2_dens_20_01.pdf,caffeine,624  caffeine,14,exact,20,0.8656775492894686,1,exact,exact
s2_dens_20_01,s2_dens_20_01.pdf,carbamazepine,625  carbamazepine,18,exact,20,0.8944917179200419,1,exact,exact
s2_dens_20_01,s2_dens_20_01.pdf,diphenhydramine,626  diphenhydramine,19,exact,20,0.8861715282668509,1,exact,exact
s2_dens_20_01,s2_dens_20_01.pdf,gabapentin,627  gabapentin,12,exact,20,0.8738453128675626,1,exact,exact
s2_dens_20_01,s2_dens_20_01.pdf,ibuprofen,628  ibuprofen,15,exact,20,0.8821015052963859,1,exact,exact
s2_dens_20_01,s2_dens_20_01.pdf,ketamine,629  ketamine,16,exact,20,0.8546486554438194,1,exact,exact
s2_dens_20_01,s2_dens_20_01.pdf,lamotrigine,630  lamotrigine,16,exact,20,0.887075425746001,1,exact,exact
s2_dens_20_01,s2_dens_20_01.pdf,letrozole,631  letrozole,22,exact,20,0.912082920558552,1,exact,exact
s2_dens_20_01,s2_dens_20_01.pdf,lidocaine,632  lidocaine,17,exact,20,0.8181619373677808,1,exact,exact
s2_dens_20_01,s2_dens_20_01.pdf,melatonin,633  melatonin,17,exact,20,0.8638044941808308,1,exact,exact
s2_dens_20_01,s2_dens_20_01.pdf,metoprolol,634  metoprolol,19,exact,20,0.7965120751363225,1,exact,exact
s2_dens_20_01,s2_dens_20_01.pdf,metronidazole,635  metronidazole,12,exact,20,0.8606219026007315,1,exact,exact
s2_dens_20_01,s2_dens_20_01.pdf,minoxidil,636  minoxidil,15,exact,20,0.9201869639986852,1,exact,exact
s2_dens_20_01,s2_dens_20_01.pdf,phenobarbital,637  phenobarbital,17,exact,20,0.8696894154067469,1,exact,exact
s2_dens_20_01,s2_dens_20_01.pdf,phenytoin,638  phenytoin,19,exact,20,0.8563534361592763,1,exact,exact
s2_dens_20_01,s2_dens_20_01.pdf,propranolol,639  propranolol,19,exact,20,0.86400482947724,1,exact,exact
s2_dens_20_01,s2_dens_20_01.pdf,alogliptin,640  alogliptin,25,exact,20,0.886156229281303,1,exact,exact
s2_dens_20_01,s2_dens_20_01.pdf,abediterol,641  abediterol,33,stereo,20,0.335447256579379,1,stereo,stereo
s2_dens_20_01,s2_dens_20_01.pdf,alanine,642  alanine,6,exact,20,0.9030409760489945,1,exact,exact
s2_dens_20_01,s2_dens_20_01.pdf,ambrisentan,643  ambrisentan,28,exact,20,0.8799341175395196,1,exact,exact
s2_dens_20_02,s2_dens_20_02.pdf,acalabrutinib,644  acalabrutinib,35,exact,20,0.9032054168497378,1,exact,exact
s2_dens_20_02,s2_dens_20_02.pdf,arginine,645  arginine,12,exact,20,0.8747712685155133,1,exact,exact
s2_dens_20_02,s2_dens_20_02.pdf,armodafinil,646  armodafinil,19,stereo,20,0.8771485372893932,1,stereo,stereo
s2_dens_20_02,s2_dens_20_02.pdf,afatinib,647  afatinib,34,stereo,20,0.895701491270489,1,stereo,stereo
s2_dens_20_02,s2_dens_20_02.pdf,asparagine,648  asparagine,9,exact,20,0.8530395799025653,1,exact,exact
s2_dens_20_02,s2_dens_20_02.pdf,azd5363,649  azd5363,30,exact,20,0.901565692288223,1,exact,exact
s2_dens_20_02,s2_dens_20_02.pdf,azd3759,650  azd3759,32,exact,20,0.868072977642085,1,exact,exact
s2_dens_20_02,s2_dens_20_02.pdf,aspartic acid,651  aspartic acid,9,exact,20,0.8383999540781453,1,exact,exact
s2_dens_20_02,s2_dens_20_02.pdf,brinzolamide,652  brinzolamide,23,exact,20,0.8694008144522003,1,exact,exact
s2_dens_20_02,s2_dens_20_02.pdf,elacestrant,653  elacestrant,34,exact,20,0.9070500065543321,1,exact,exact
s2_dens_20_02,s2_dens_20_02.pdf,epinephrine,654  epinephrine,13,exact,20,0.8902672548629406,1,exact,exact
s2_dens_20_02,s2_dens_20_02.pdf,camptothecin,655  camptothecin,26,stereo,20,0.8738979154035482,1,stereo,stereo
s2_dens_20_02,s2_dens_20_02.pdf,apixaban,656  apixaban,34,no,20,,0,exact,exact
s2_dens_20_02,s2_dens_20_02.pdf,cefazolin,657  cefazolin,29,no,20,,0,exact,exact
s2_dens_20_02,s2_dens_20_02.pdf,alvelestat,658  alvelestat,38,no,20,,0,exact,exact
s2_dens_20_02,s2_dens_20_02.pdf,eribulin,659  eribulin,52,no,20,,0,no,no
s2_dens_20_02,s2_dens_20_02.pdf,foscarnet,660  foscarnet,7,exact,20,0.7669388414336975,1,exact,exact
s2_dens_20_02,s2_dens_20_02.pdf,chloramphenicol,661  chloramphenicol,20,no,20,,0,exact,exact
s2_dens_20_02,s2_dens_20_02.pdf,atacand,662  atacand,45,no,20,,0,exact,exact
s2_dens_20_02,s2_dens_20_02.pdf,glecaprevir,663  glecaprevir,58,no,20,,0,exact,exact
s2_dens_20_03,s2_dens_20_03.pdf,glycine,664  glycine,5,exact,8,0.7940646149858885,1,exact,exact
s2_dens_20_03,s2_dens_20_03.pdf,diflunisal,665  diflunisal,18,no,8,,0,exact,exact
s2_dens_20_03,s2_dens_20_03.pdf,azd1390,666  azd1390,35,no,8,,0,exact,exact
s2_dens_20_03,s2_dens_20_03.pdf,lanreotide,667  lanreotide,77,no,8,,0,stereo,stereo
s2_dens_20_03,s2_dens_20_03.pdf,glyphosate,668  glyphosate,10,exact,8,0.7646798353810984,1,exact,exact
s2_dens_20_03,s2_dens_20_03.pdf,doripenem,669  doripenem,27,no,8,,0,stereo,stereo
s2_dens_20_03,s2_dens_20_03.pdf,betrixaban,670  betrixaban,32,no,8,,0,exact,exact
s2_dens_20_03,s2_dens_20_03.pdf,nystatin A1,671  nystatin A1,65,no,8,,0,no,no
s2_dens_4_01,s2_dens_4_01.pdf,caffeine,672  caffeine,14,exact,12,0.8886338917336711,1,exact,exact
s2_dens_4_01,s2_dens_4_01.pdf,carbamazepine,673  carbamazepine,18,exact,12,0.910432713110079,1,exact,exact
s2_dens_4_01,s2_dens_4_01.pdf,diphenhydramine,674  diphenhydramine,19,exact,12,0.8868170417977898,1,exact,exact
s2_dens_4_01,s2_dens_4_01.pdf,gabapentin,675  gabapentin,12,exact,12,0.8607968166589225,1,exact,exact
s2_dens_4_01,s2_dens_4_01.pdf,ibuprofen,676  ibuprofen,15,exact,12,0.8733504487744065,1,exact,exact
s2_dens_4_01,s2_dens_4_01.pdf,ketamine,677  ketamine,16,exact,12,0.8931050756906076,1,exact,exact
s2_dens_4_01,s2_dens_4_01.pdf,lamotrigine,678  lamotrigine,16,exact,12,0.9153455494184176,1,exact,exact
s2_dens_4_01,s2_dens_4_01.pdf,letrozole,679  letrozole,22,exact,12,0.9153143712321229,1,exact,exact
s2_dens_4_01,s2_dens_4_01.pdf,lidocaine,680  lidocaine,17,exact,12,0.8603869257144376,1,exact,exact
s2_dens_4_01,s2_dens_4_01.pdf,melatonin,681  melatonin,17,exact,12,0.8561518733618413,1,exact,exact
s2_dens_4_01,s2_dens_4_01.pdf,metoprolol,682  metoprolol,19,exact,12,0.860386451855834,1,exact,exact
s2_dens_4_01,s2_dens_4_01.pdf,metronidazole,683  metronidazole,12,exact,12,0.9005472002208383,1,exact,exact
s2_dens_4_02,s2_dens_4_02.pdf,minoxidil,684  minoxidil,15,exact,12,0.9200293023255078,1,exact,exact
s2_dens_4_02,s2_dens_4_02.pdf,phenobarbital,685  phenobarbital,17,exact,12,0.9110049862328901,1,exact,exact
s2_dens_4_02,s2_dens_4_02.pdf,phenytoin,686  phenytoin,19,exact,12,0.9189924007798348,1,exact,exact
s2_dens_4_02,s2_dens_4_02.pdf,propranolol,687  propranolol,19,exact,12,0.8565783579385967,1,exact,exact
s2_dens_4_02,s2_dens_4_02.pdf,alogliptin,688  alogliptin,25,exact,12,0.8872155799116405,1,exact,exact
s2_dens_4_02,s2_dens_4_02.pdf,abediterol,689  abediterol,33,exact,12,0.8494569127806901,1,exact,exact
s2_dens_4_02,s2_dens_4_02.pdf,alanine,690  alanine,6,exact,12,0.8818801094579195,1,exact,exact
s2_dens_4_02,s2_dens_4_02.pdf,ambrisentan,691  ambrisentan,28,exact,12,0.8936734874412952,1,exact,exact
s2_dens_4_02,s2_dens_4_02.pdf,acalabrutinib,692  acalabrutinib,35,exact,12,0.8923341226901621,1,exact,exact
s2_dens_4_02,s2_dens_4_02.pdf,arginine,693  arginine,12,exact,12,0.8505552471890561,1,exact,exact
s2_dens_4_02,s2_dens_4_02.pdf,armodafinil,694  armodafinil,19,stereo,12,0.8036378396185735,1,stereo,stereo
s2_dens_4_02,s2_dens_4_02.pdf,afatinib,695  afatinib,34,exact,12,0.7737642885339541,1,exact,exact
s2_dens_4_03,s2_dens_4_03.pdf,asparagine,696  asparagine,9,exact,12,0.8495367932856454,1,exact,exact
s2_dens_4_03,s2_dens_4_03.pdf,azd5363,697  azd5363,30,exact,12,0.8591334228228846,1,exact,exact
s2_dens_4_03,s2_dens_4_03.pdf,azd3759,698  azd3759,32,exact,12,0.8959046498402176,1,exact,exact
s2_dens_4_03,s2_dens_4_03.pdf,aspartic acid,699  aspartic acid,9,exact,12,0.8625179075998239,1,exact,exact
s2_dens_4_03,s2_dens_4_03.pdf,brinzolamide,700  brinzolamide,23,exact,12,0.8742094821733305,1,exact,exact
s2_dens_4_03,s2_dens_4_03.pdf,elacestrant,701  elacestrant,34,exact,12,0.8780285020956115,1,exact,exact
s2_dens_4_03,s2_dens_4_03.pdf,epinephrine,702  epinephrine,13,exact,12,0.8959257333665626,1,exact,exact
s2_dens_4_03,s2_dens_4_03.pdf,camptothecin,703  camptothecin,26,exact,12,0.8757834699875752,1,exact,exact
s2_dens_4_03,s2_dens_4_03.pdf,apixaban,704  apixaban,34,exact,12,0.8581958049485048,1,exact,exact
s2_dens_4_03,s2_dens_4_03.pdf,cefazolin,705  cefazolin,29,exact,12,0.8298664424883965,1,exact,exact
s2_dens_4_03,s2_dens_4_03.pdf,alvelestat,706  alvelestat,38,exact,12,0.8794369142255842,1,exact,exact
s2_dens_4_03,s2_dens_4_03.pdf,eribulin,707  eribulin,52,no,12,,0,no,no
s2_dens_4_04,s2_dens_4_04.pdf,foscarnet,708  foscarnet,7,exact,12,0.8165623526781668,1,exact,exact
s2_dens_4_04,s2_dens_4_04.pdf,chloramphenicol,709  chloramphenicol,20,no,12,,0,exact,exact
s2_dens_4_04,s2_dens_4_04.pdf,atacand,710  atacand,45,exact,12,0.8459877698682755,1,exact,exact
s2_dens_4_04,s2_dens_4_04.pdf,glecaprevir,711  glecaprevir,58,no,12,,0,exact,exact
s2_dens_4_04,s2_dens_4_04.pdf,glycine,712  glycine,5,exact,12,0.7344899974551599,1,exact,exact
s2_dens_4_04,s2_dens_4_04.pdf,diflunisal,713  diflunisal,18,no,12,,0,exact,exact
s2_dens_4_04,s2_dens_4_04.pdf,azd1390,714  azd1390,35,no,12,,0,exact,exact
s2_dens_4_04,s2_dens_4_04.pdf,lanreotide,715  lanreotide,77,no,12,,0,exact,exact
s2_dens_4_04,s2_dens_4_04.pdf,glyphosate,716  glyphosate,10,exact,12,0.7916584387857083,1,exact,exact
s2_dens_4_04,s2_dens_4_04.pdf,doripenem,717  doripenem,27,stereo,12,0.8320261939493441,1,stereo,stereo
s2_dens_4_04,s2_dens_4_04.pdf,betrixaban,718  betrixaban,32,no,12,,0,exact,exact
s2_dens_4_04,s2_dens_4_04.pdf,nystatin A1,719  nystatin A1,65,stereo,12,0.6114358273305315,1,stereo,stereo
s2_dens_std_01,s2_dens_std_01.pdf,caffeine,720  caffeine,14,exact,12,0.8911527520582175,1,exact,exact
s2_dens_std_01,s2_dens_std_01.pdf,carbamazepine,721  carbamazepine,18,exact,12,0.9135958834171098,1,exact,exact
s2_dens_std_01,s2_dens_std_01.pdf,diphenhydramine,722  diphenhydramine,19,exact,12,0.8814590350176783,1,exact,exact
s2_dens_std_01,s2_dens_std_01.pdf,gabapentin,723  gabapentin,12,exact,12,0.8432034535292546,1,exact,exact
s2_dens_std_01,s2_dens_std_01.pdf,ibuprofen,724  ibuprofen,15,exact,12,0.8668918267752482,1,exact,exact
s2_dens_std_01,s2_dens_std_01.pdf,ketamine,725  ketamine,16,exact,12,0.8907398746873286,1,exact,exact
s2_dens_std_01,s2_dens_std_01.pdf,lamotrigine,726  lamotrigine,16,exact,12,0.9102763074401375,1,exact,exact
s2_dens_std_01,s2_dens_std_01.pdf,letrozole,727  letrozole,22,exact,12,0.9163193120653208,1,exact,exact
s2_dens_std_01,s2_dens_std_01.pdf,lidocaine,728  lidocaine,17,exact,12,0.8645677414828137,1,exact,exact
s2_dens_std_01,s2_dens_std_01.pdf,melatonin,729  melatonin,17,exact,12,0.8515359448685629,1,exact,exact
s2_dens_std_01,s2_dens_std_01.pdf,metoprolol,730  metoprolol,19,exact,12,0.860329516483113,1,exact,exact
s2_dens_std_01,s2_dens_std_01.pdf,metronidazole,731  metronidazole,12,exact,12,0.893901338467495,1,exact,exact
s2_dens_std_02,s2_dens_std_02.pdf,minoxidil,732  minoxidil,15,exact,12,0.9228717259763569,1,exact,exact
s2_dens_std_02,s2_dens_std_02.pdf,phenobarbital,733  phenobarbital,17,exact,12,0.9088805177801075,1,exact,exact
s2_dens_std_02,s2_dens_std_02.pdf,phenytoin,734  phenytoin,19,exact,12,0.9183260474100468,1,exact,exact
s2_dens_std_02,s2_dens_std_02.pdf,propranolol,735  propranolol,19,exact,12,0.8545314365771914,1,exact,exact
s2_dens_std_02,s2_dens_std_02.pdf,alogliptin,736  alogliptin,25,exact,12,0.8673277256183608,1,exact,exact
s2_dens_std_02,s2_dens_std_02.pdf,abediterol,737  abediterol,33,exact,12,0.8470544011785225,1,exact,exact
s2_dens_std_02,s2_dens_std_02.pdf,alanine,738  alanine,6,exact,12,0.835288611316235,1,exact,exact
s2_dens_std_02,s2_dens_std_02.pdf,ambrisentan,739  ambrisentan,28,exact,12,0.8955473018812583,1,exact,exact
s2_dens_std_02,s2_dens_std_02.pdf,acalabrutinib,740  acalabrutinib,35,exact,12,0.9028262829422022,1,exact,exact
s2_dens_std_02,s2_dens_std_02.pdf,arginine,741  arginine,12,exact,12,0.8467984134965653,1,exact,exact
s2_dens_std_02,s2_dens_std_02.pdf,armodafinil,742  armodafinil,19,stereo,12,0.8068105070047379,1,stereo,stereo
s2_dens_std_02,s2_dens_std_02.pdf,afatinib,743  afatinib,34,exact,12,0.5648666235741269,1,exact,exact
s2_dens_std_03,s2_dens_std_03.pdf,asparagine,744  asparagine,9,exact,12,0.8694036449608266,1,exact,exact
s2_dens_std_03,s2_dens_std_03.pdf,azd5363,745  azd5363,30,exact,12,0.8490123750472709,1,exact,exact
s2_dens_std_03,s2_dens_std_03.pdf,azd3759,746  azd3759,32,exact,12,0.8945427655897414,1,exact,exact
s2_dens_std_03,s2_dens_std_03.pdf,aspartic acid,747  aspartic acid,9,exact,12,0.8598301873225567,1,exact,exact
s2_dens_std_03,s2_dens_std_03.pdf,brinzolamide,748  brinzolamide,23,exact,12,0.8735634386295851,1,exact,exact
s2_dens_std_03,s2_dens_std_03.pdf,elacestrant,749  elacestrant,34,exact,12,0.8795611210331924,1,exact,exact
s2_dens_std_03,s2_dens_std_03.pdf,epinephrine,750  epinephrine,13,exact,12,0.911157348914397,1,exact,exact
s2_dens_std_03,s2_dens_std_03.pdf,camptothecin,751  camptothecin,26,exact,12,0.8805724069082398,1,exact,exact
s2_dens_std_03,s2_dens_std_03.pdf,apixaban,752  apixaban,34,exact,12,0.8598552755717895,1,exact,exact
s2_dens_std_03,s2_dens_std_03.pdf,cefazolin,753  cefazolin,29,exact,12,0.8253085908143322,1,exact,exact
s2_dens_std_03,s2_dens_std_03.pdf,alvelestat,754  alvelestat,38,exact,12,0.8834307869787474,1,exact,exact
s2_dens_std_03,s2_dens_std_03.pdf,eribulin,755  eribulin,52,no,12,,0,no,no
s2_dens_std_04,s2_dens_std_04.pdf,foscarnet,756  foscarnet,7,exact,12,0.8117487161771977,1,exact,exact
s2_dens_std_04,s2_dens_std_04.pdf,chloramphenicol,757  chloramphenicol,20,no,12,,0,exact,exact
s2_dens_std_04,s2_dens_std_04.pdf,atacand,758  atacand,45,exact,12,0.848283939012199,1,exact,exact
s2_dens_std_04,s2_dens_std_04.pdf,glecaprevir,759  glecaprevir,58,no,12,,0,exact,exact
s2_dens_std_04,s2_dens_std_04.pdf,glycine,760  glycine,5,exact,12,0.761052042028982,1,exact,exact
s2_dens_std_04,s2_dens_std_04.pdf,diflunisal,761  diflunisal,18,no,12,,0,exact,exact
s2_dens_std_04,s2_dens_std_04.pdf,azd1390,762  azd1390,35,no,12,,0,exact,exact
s2_dens_std_04,s2_dens_std_04.pdf,lanreotide,763  lanreotide,77,no,12,,0,exact,exact
s2_dens_std_04,s2_dens_std_04.pdf,glyphosate,764  glyphosate,10,no,12,,0,exact,exact
s2_dens_std_04,s2_dens_std_04.pdf,doripenem,765  doripenem,27,stereo,12,0.8386827523258557,1,stereo,stereo
s2_dens_std_04,s2_dens_std_04.pdf,betrixaban,766  betrixaban,32,no,12,,0,exact,exact
s2_dens_std_04,s2_dens_std_04.pdf,nystatin A1,767  nystatin A1,65,stereo,12,0.5800923726274838,1,stereo,stereo
s2_ink_thick_01,s2_ink_thick_01.pdf,caffeine,768  caffeine,14,exact,12,0.8768264087035058,1,exact,exact
s2_ink_thick_01,s2_ink_thick_01.pdf,carbamazepine,769  carbamazepine,18,exact,12,0.879241478226682,1,exact,exact
s2_ink_thick_01,s2_ink_thick_01.pdf,diphenhydramine,770  diphenhydramine,19,exact,12,0.8880055191988203,1,exact,exact
s2_ink_thick_01,s2_ink_thick_01.pdf,gabapentin,771  gabapentin,12,exact,12,0.6452893299248444,1,exact,exact
s2_ink_thick_01,s2_ink_thick_01.pdf,ibuprofen,772  ibuprofen,15,exact,12,0.8809970993410334,1,exact,exact
s2_ink_thick_01,s2_ink_thick_01.pdf,ketamine,773  ketamine,16,exact,12,0.85146174785353,1,exact,exact
s2_ink_thick_01,s2_ink_thick_01.pdf,lamotrigine,774  lamotrigine,16,exact,12,0.8984885128363052,1,exact,exact
s2_ink_thick_01,s2_ink_thick_01.pdf,letrozole,775  letrozole,22,exact,12,0.9191455691128506,1,exact,exact
s2_ink_thick_01,s2_ink_thick_01.pdf,lidocaine,776  lidocaine,17,exact,12,0.8370048020706299,1,exact,exact
s2_ink_thick_01,s2_ink_thick_01.pdf,melatonin,777  melatonin,17,exact,12,0.8481026685603611,1,exact,exact
s2_ink_thick_01,s2_ink_thick_01.pdf,metoprolol,778  metoprolol,19,exact,12,0.8561052738658025,1,exact,exact
s2_ink_thick_01,s2_ink_thick_01.pdf,metronidazole,779  metronidazole,12,exact,12,0.8478650369319577,1,exact,exact
s2_ink_thick_02,s2_ink_thick_02.pdf,minoxidil,780  minoxidil,15,exact,12,0.8805882572058844,1,exact,exact
s2_ink_thick_02,s2_ink_thick_02.pdf,phenobarbital,781  phenobarbital,17,exact,12,0.8706263772181064,1,exact,exact
s2_ink_thick_02,s2_ink_thick_02.pdf,phenytoin,782  phenytoin,19,exact,12,0.869214455326565,1,exact,exact
s2_ink_thick_02,s2_ink_thick_02.pdf,propranolol,783  propranolol,19,exact,12,0.8490994606328292,1,exact,exact
s2_ink_thick_02,s2_ink_thick_02.pdf,alogliptin,784  alogliptin,25,exact,12,0.794846376675181,1,exact,exact
s2_ink_thick_02,s2_ink_thick_02.pdf,abediterol,785  abediterol,33,stereo,12,0.7951992661969225,1,stereo,stereo
s2_ink_thick_02,s2_ink_thick_02.pdf,alanine,786  alanine,6,exact,12,0.9075995622119735,1,exact,exact
s2_ink_thick_02,s2_ink_thick_02.pdf,ambrisentan,787  ambrisentan,28,exact,12,0.8768091280607092,1,exact,exact
s2_ink_thick_02,s2_ink_thick_02.pdf,acalabrutinib,788  acalabrutinib,35,exact,12,0.9084064704061814,1,exact,exact
s2_ink_thick_02,s2_ink_thick_02.pdf,arginine,789  arginine,12,exact,12,0.792874535853621,1,exact,exact
s2_ink_thick_02,s2_ink_thick_02.pdf,armodafinil,790  armodafinil,19,stereo,12,0.8723237816638783,1,stereo,stereo
s2_ink_thick_02,s2_ink_thick_02.pdf,afatinib,791  afatinib,34,stereo,12,0.9106179007433381,1,stereo,stereo
s2_ink_thick_03,s2_ink_thick_03.pdf,asparagine,792  asparagine,9,exact,12,0.8420504182977242,1,exact,exact
s2_ink_thick_03,s2_ink_thick_03.pdf,azd5363,793  azd5363,30,exact,12,0.9095118385191112,1,exact,exact
s2_ink_thick_03,s2_ink_thick_03.pdf,azd3759,794  azd3759,32,exact,12,0.8788826309590383,1,exact,exact
s2_ink_thick_03,s2_ink_thick_03.pdf,aspartic acid,795  aspartic acid,9,exact,12,0.8525018204780749,1,exact,exact
s2_ink_thick_03,s2_ink_thick_03.pdf,brinzolamide,796  brinzolamide,23,exact,12,0.8765458766706395,1,exact,exact
s2_ink_thick_03,s2_ink_thick_03.pdf,elacestrant,797  elacestrant,34,exact,12,0.9191253580251041,1,exact,exact
s2_ink_thick_03,s2_ink_thick_03.pdf,epinephrine,798  epinephrine,13,exact,12,0.893880190879264,1,exact,exact
s2_ink_thick_03,s2_ink_thick_03.pdf,camptothecin,799  camptothecin,26,stereo,12,0.7816672699659034,1,stereo,stereo
s2_ink_thick_03,s2_ink_thick_03.pdf,apixaban,800  apixaban,34,no,12,,0,exact,exact
s2_ink_thick_03,s2_ink_thick_03.pdf,cefazolin,801  cefazolin,29,no,12,,0,exact,exact
s2_ink_thick_03,s2_ink_thick_03.pdf,alvelestat,802  alvelestat,38,no,12,,0,exact,exact
s2_ink_thick_03,s2_ink_thick_03.pdf,eribulin,803  eribulin,52,no,12,,0,no,no
s2_ink_thick_04,s2_ink_thick_04.pdf,foscarnet,804  foscarnet,7,no,12,,0,exact,exact
s2_ink_thick_04,s2_ink_thick_04.pdf,chloramphenicol,805  chloramphenicol,20,no,12,,0,exact,exact
s2_ink_thick_04,s2_ink_thick_04.pdf,atacand,806  atacand,45,no,12,,0,exact,exact
s2_ink_thick_04,s2_ink_thick_04.pdf,glecaprevir,807  glecaprevir,58,no,12,,0,exact,exact
s2_ink_thick_04,s2_ink_thick_04.pdf,glycine,808  glycine,5,no,12,,0,exact,exact
s2_ink_thick_04,s2_ink_thick_04.pdf,diflunisal,809  diflunisal,18,no,12,,0,exact,exact
s2_ink_thick_04,s2_ink_thick_04.pdf,azd1390,810  azd1390,35,no,12,,0,exact,exact
s2_ink_thick_04,s2_ink_thick_04.pdf,lanreotide,811  lanreotide,77,no,12,,0,stereo,stereo
s2_ink_thick_04,s2_ink_thick_04.pdf,glyphosate,812  glyphosate,10,exact,12,0.7479829609308323,1,exact,exact
s2_ink_thick_04,s2_ink_thick_04.pdf,doripenem,813  doripenem,27,no,12,,0,stereo,stereo
s2_ink_thick_04,s2_ink_thick_04.pdf,betrixaban,814  betrixaban,32,no,12,,0,exact,exact
s2_ink_thick_04,s2_ink_thick_04.pdf,nystatin A1,815  nystatin A1,65,no,12,,0,no,no
s2_ink_thin_01,s2_ink_thin_01.pdf,caffeine,816  caffeine,14,exact,12,0.9047158538883395,1,exact,exact
s2_ink_thin_01,s2_ink_thin_01.pdf,carbamazepine,817  carbamazepine,18,exact,12,0.9218594716015566,1,exact,exact
s2_ink_thin_01,s2_ink_thin_01.pdf,diphenhydramine,818  diphenhydramine,19,exact,12,0.8908296190472691,1,exact,exact
s2_ink_thin_01,s2_ink_thin_01.pdf,gabapentin,819  gabapentin,12,exact,12,0.8996760592261285,1,exact,exact
s2_ink_thin_01,s2_ink_thin_01.pdf,ibuprofen,820  ibuprofen,15,exact,12,0.8781024551034468,1,exact,exact
s2_ink_thin_01,s2_ink_thin_01.pdf,ketamine,821  ketamine,16,exact,12,0.8858568637356192,1,exact,exact
s2_ink_thin_01,s2_ink_thin_01.pdf,lamotrigine,822  lamotrigine,16,exact,12,0.9032259644948969,1,exact,exact
s2_ink_thin_01,s2_ink_thin_01.pdf,letrozole,823  letrozole,22,exact,12,0.9204675726827892,1,exact,exact
s2_ink_thin_01,s2_ink_thin_01.pdf,lidocaine,824  lidocaine,17,exact,12,0.8809845581987102,1,exact,exact
s2_ink_thin_01,s2_ink_thin_01.pdf,melatonin,825  melatonin,17,exact,12,0.8920798129762976,1,exact,exact
s2_ink_thin_01,s2_ink_thin_01.pdf,metoprolol,826  metoprolol,19,exact,12,0.8731164442764257,1,exact,exact
s2_ink_thin_01,s2_ink_thin_01.pdf,metronidazole,827  metronidazole,12,exact,12,0.8966765930494573,1,exact,exact
s2_ink_thin_02,s2_ink_thin_02.pdf,minoxidil,828  minoxidil,15,exact,12,0.9212901639270191,1,exact,exact
s2_ink_thin_02,s2_ink_thin_02.pdf,phenobarbital,829  phenobarbital,17,exact,12,0.9151346574130439,1,exact,exact
s2_ink_thin_02,s2_ink_thin_02.pdf,phenytoin,830  phenytoin,19,exact,12,0.9100303435366456,1,exact,exact
s2_ink_thin_02,s2_ink_thin_02.pdf,propranolol,831  propranolol,19,exact,12,0.8740788889730812,1,exact,exact
s2_ink_thin_02,s2_ink_thin_02.pdf,alogliptin,832  alogliptin,25,exact,12,0.9113484299541919,1,exact,exact
s2_ink_thin_02,s2_ink_thin_02.pdf,abediterol,833  abediterol,33,exact,12,0.8545272279643625,1,exact,exact
s2_ink_thin_02,s2_ink_thin_02.pdf,alanine,834  alanine,6,exact,12,0.8384379629188694,1,exact,exact
s2_ink_thin_02,s2_ink_thin_02.pdf,ambrisentan,835  ambrisentan,28,exact,12,0.8989585687281372,1,exact,exact
s2_ink_thin_02,s2_ink_thin_02.pdf,acalabrutinib,836  acalabrutinib,35,exact,12,0.904970774456801,1,exact,exact
s2_ink_thin_02,s2_ink_thin_02.pdf,arginine,837  arginine,12,exact,12,0.8724747283361532,1,exact,exact
s2_ink_thin_02,s2_ink_thin_02.pdf,armodafinil,838  armodafinil,19,stereo,12,0.7948019431685761,1,stereo,stereo
s2_ink_thin_02,s2_ink_thin_02.pdf,afatinib,839  afatinib,34,exact,12,0.9108887022295837,1,exact,exact
s2_ink_thin_03,s2_ink_thin_03.pdf,asparagine,840  asparagine,9,exact,12,0.866484089076537,1,exact,exact
s2_ink_thin_03,s2_ink_thin_03.pdf,azd5363,841  azd5363,30,exact,12,0.9086693127858013,1,exact,exact
s2_ink_thin_03,s2_ink_thin_03.pdf,azd3759,842  azd3759,32,exact,12,0.8893579284012821,1,exact,exact
s2_ink_thin_03,s2_ink_thin_03.pdf,aspartic acid,843  aspartic acid,9,exact,12,0.8801336787010189,1,exact,exact
s2_ink_thin_03,s2_ink_thin_03.pdf,brinzolamide,844  brinzolamide,23,exact,12,0.8942041860821053,1,exact,exact
s2_ink_thin_03,s2_ink_thin_03.pdf,elacestrant,845  elacestrant,34,exact,12,0.9110413788813517,1,exact,exact
s2_ink_thin_03,s2_ink_thin_03.pdf,epinephrine,846  epinephrine,13,exact,12,0.904130037336815,1,exact,exact
s2_ink_thin_03,s2_ink_thin_03.pdf,camptothecin,847  camptothecin,26,exact,12,0.908348672752316,1,exact,exact
s2_ink_thin_03,s2_ink_thin_03.pdf,apixaban,848  apixaban,34,no,12,,0,exact,exact
s2_ink_thin_03,s2_ink_thin_03.pdf,cefazolin,849  cefazolin,29,exact,12,0.8254377389579741,1,exact,exact
s2_ink_thin_03,s2_ink_thin_03.pdf,alvelestat,850  alvelestat,38,no,12,,0,exact,exact
s2_ink_thin_03,s2_ink_thin_03.pdf,eribulin,851  eribulin,52,no,12,,0,no,no
s2_ink_thin_04,s2_ink_thin_04.pdf,foscarnet,852  foscarnet,7,exact,12,0.8182370110904165,1,exact,exact
s2_ink_thin_04,s2_ink_thin_04.pdf,chloramphenicol,853  chloramphenicol,20,no,12,,0,exact,exact
s2_ink_thin_04,s2_ink_thin_04.pdf,atacand,854  atacand,45,no,12,,0,exact,exact
s2_ink_thin_04,s2_ink_thin_04.pdf,glecaprevir,855  glecaprevir,58,no,12,,0,exact,exact
s2_ink_thin_04,s2_ink_thin_04.pdf,glycine,856  glycine,5,no,12,,0,exact,exact
s2_ink_thin_04,s2_ink_thin_04.pdf,diflunisal,857  diflunisal,18,no,12,,0,exact,exact
s2_ink_thin_04,s2_ink_thin_04.pdf,azd1390,858  azd1390,35,no,12,,0,exact,exact
s2_ink_thin_04,s2_ink_thin_04.pdf,lanreotide,859  lanreotide,77,no,12,,0,exact,exact
s2_ink_thin_04,s2_ink_thin_04.pdf,glyphosate,860  glyphosate,10,no,12,,0,exact,exact
s2_ink_thin_04,s2_ink_thin_04.pdf,doripenem,861  doripenem,27,no,12,,0,exact,exact
s2_ink_thin_04,s2_ink_thin_04.pdf,betrixaban,862  betrixaban,32,no,12,,0,exact,exact
s2_ink_thin_04,s2_ink_thin_04.pdf,nystatin A1,863  nystatin A1,65,stereo,12,0.7055657007302373,1,stereo,stereo
s2_space_tight_01,s2_space_tight_01.pdf,caffeine,864  caffeine,14,exact,12,0.8911527520582175,1,exact,exact
s2_space_tight_01,s2_space_tight_01.pdf,carbamazepine,865  carbamazepine,18,exact,12,0.9135958834171098,1,exact,exact
s2_space_tight_01,s2_space_tight_01.pdf,diphenhydramine,866  diphenhydramine,19,exact,12,0.8814031409820945,1,exact,exact
s2_space_tight_01,s2_space_tight_01.pdf,gabapentin,867  gabapentin,12,exact,12,0.8453943986356761,1,exact,exact
s2_space_tight_01,s2_space_tight_01.pdf,ibuprofen,868  ibuprofen,15,exact,12,0.8667984302044542,1,exact,exact
s2_space_tight_01,s2_space_tight_01.pdf,ketamine,869  ketamine,16,exact,12,0.8907884267409609,1,exact,exact
s2_space_tight_01,s2_space_tight_01.pdf,lamotrigine,870  lamotrigine,16,exact,12,0.9102763074401375,1,exact,exact
s2_space_tight_01,s2_space_tight_01.pdf,letrozole,871  letrozole,22,exact,12,0.9163193120653208,1,exact,exact
s2_space_tight_01,s2_space_tight_01.pdf,lidocaine,872  lidocaine,17,exact,12,0.8645181010873787,1,exact,exact
s2_space_tight_01,s2_space_tight_01.pdf,melatonin,873  melatonin,17,exact,12,0.8479016309439656,1,exact,exact
s2_space_tight_01,s2_space_tight_01.pdf,metoprolol,874  metoprolol,19,exact,12,0.8599719886345316,1,exact,exact
s2_space_tight_01,s2_space_tight_01.pdf,metronidazole,875  metronidazole,12,exact,12,0.892287345379113,1,exact,exact
s2_space_tight_02,s2_space_tight_02.pdf,minoxidil,876  minoxidil,15,exact,12,0.9228717259763569,1,exact,exact
s2_space_tight_02,s2_space_tight_02.pdf,phenobarbital,877  phenobarbital,17,exact,12,0.9088805177801075,1,exact,exact
s2_space_tight_02,s2_space_tight_02.pdf,phenytoin,878  phenytoin,19,exact,12,0.9181175162577728,1,exact,exact
s2_space_tight_02,s2_space_tight_02.pdf,propranolol,879  propranolol,19,exact,12,0.8547775730032614,1,exact,exact
s2_space_tight_02,s2_space_tight_02.pdf,alogliptin,880  alogliptin,25,exact,12,0.8731465002577322,1,exact,exact
s2_space_tight_02,s2_space_tight_02.pdf,abediterol,881  abediterol,33,exact,12,0.8458047556843714,1,exact,exact
s2_space_tight_02,s2_space_tight_02.pdf,alanine,882  alanine,6,exact,12,0.835288611316235,1,exact,exact
s2_space_tight_02,s2_space_tight_02.pdf,ambrisentan,883  ambrisentan,28,exact,12,0.8955473018812583,1,exact,exact
s2_space_tight_02,s2_space_tight_02.pdf,acalabrutinib,884  acalabrutinib,35,exact,12,0.8929307333283157,1,exact,exact
s2_space_tight_02,s2_space_tight_02.pdf,arginine,885  arginine,12,exact,12,0.8460791038235771,1,exact,exact
s2_space_tight_02,s2_space_tight_02.pdf,armodafinil,886  armodafinil,19,stereo,12,0.8091591878786746,1,stereo,stereo
s2_space_tight_02,s2_space_tight_02.pdf,afatinib,887  afatinib,34,exact,12,0.571267025736759,1,exact,exact
s2_space_tight_03,s2_space_tight_03.pdf,asparagine,888  asparagine,9,exact,12,0.8694201106240654,1,exact,exact
s2_space_tight_03,s2_space_tight_03.pdf,azd5363,889  azd5363,30,exact,12,0.8490123750472709,1,exact,exact
s2_space_tight_03,s2_space_tight_03.pdf,azd3759,890  azd3759,32,exact,12,0.8945728075315026,1,exact,exact
s2_space_tight_03,s2_space_tight_03.pdf,aspartic acid,891  aspartic acid,9,exact,12,0.8603250705291381,1,exact,exact
s2_space_tight_03,s2_space_tight_03.pdf,brinzolamide,892  brinzolamide,23,exact,12,0.873707195160406,1,exact,exact
s2_space_tight_03,s2_space_tight_03.pdf,elacestrant,893  elacestrant,34,exact,12,0.8767094234806008,1,exact,exact
s2_space_tight_03,s2_space_tight_03.pdf,epinephrine,894  epinephrine,13,exact,12,0.911157348914397,1,exact,exact
s2_space_tight_03,s2_space_tight_03.pdf,camptothecin,895  camptothecin,26,exact,12,0.8805724069082398,1,exact,exact
s2_space_tight_03,s2_space_tight_03.pdf,apixaban,896  apixaban,34,exact,12,0.8590716263906845,1,exact,exact
s2_space_tight_03,s2_space_tight_03.pdf,cefazolin,897  cefazolin,29,exact,12,0.8245779577878082,1,exact,exact
s2_space_tight_03,s2_space_tight_03.pdf,alvelestat,898  alvelestat,38,exact,12,0.8834445600467865,1,exact,exact
s2_space_tight_03,s2_space_tight_03.pdf,eribulin,899  eribulin,52,no,12,,0,no,no
s2_space_tight_04,s2_space_tight_04.pdf,foscarnet,900  foscarnet,7,exact,12,0.8117487161771977,1,exact,exact
s2_space_tight_04,s2_space_tight_04.pdf,chloramphenicol,901  chloramphenicol,20,no,12,,0,exact,exact
s2_space_tight_04,s2_space_tight_04.pdf,atacand,902  atacand,45,exact,12,0.8482844058462784,1,exact,exact
s2_space_tight_04,s2_space_tight_04.pdf,glecaprevir,903  glecaprevir,58,no,12,,0,exact,exact
s2_space_tight_04,s2_space_tight_04.pdf,glycine,904  glycine,5,exact,12,0.7577011538296705,1,exact,exact
s2_space_tight_04,s2_space_tight_04.pdf,diflunisal,905  diflunisal,18,no,12,,0,exact,exact
s2_space_tight_04,s2_space_tight_04.pdf,azd1390,906  azd1390,35,no,12,,0,exact,exact
s2_space_tight_04,s2_space_tight_04.pdf,lanreotide,907  lanreotide,77,no,12,,0,exact,exact
s2_space_tight_04,s2_space_tight_04.pdf,glyphosate,908  glyphosate,10,no,12,,0,exact,exact
s2_space_tight_04,s2_space_tight_04.pdf,doripenem,909  doripenem,27,stereo,12,0.8365692135892874,1,stereo,stereo
s2_space_tight_04,s2_space_tight_04.pdf,betrixaban,910  betrixaban,32,no,12,,0,exact,exact
s2_space_tight_04,s2_space_tight_04.pdf,nystatin A1,911  nystatin A1,65,stereo,12,0.5769171472271104,1,stereo,stereo
s2_vocab_in_01,s2_vocab_in_01.pdf,apixaban,912  apixaban,34,exact,12,0.8596330298342318,1,exact,exact
s2_vocab_in_01,s2_vocab_in_01.pdf,cefazolin,913  cefazolin,29,no,12,,0,no,no
s2_vocab_in_01,s2_vocab_in_01.pdf,eribulin,914  eribulin,52,no,12,,0,no,no
s2_vocab_in_01,s2_vocab_in_01.pdf,foscarnet,915  foscarnet,7,exact,12,0.78972404868912,1,exact,exact
s2_vocab_in_01,s2_vocab_in_01.pdf,glycine,916  glycine,5,exact,12,0.7737680286504088,1,exact,exact
s2_vocab_in_01,s2_vocab_in_01.pdf,diflunisal,917  diflunisal,18,no,12,,0,exact,exact
s2_vocab_in_01,s2_vocab_in_01.pdf,glyphosate,918  glyphosate,10,no,12,,0,exact,exact
s2_vocab_in_01,s2_vocab_in_01.pdf,doripenem,919  doripenem,27,no,12,,0,stereo,stereo
s2_vocab_in_01,s2_vocab_in_01.pdf,betrixaban,920  betrixaban,32,no,12,,0,exact,exact
s2_vocab_in_01,s2_vocab_in_01.pdf,nystatin A1,921  nystatin A1,65,stereo,12,0.5199706236052734,1,stereo,stereo
s2_vocab_in_01,s2_vocab_in_01.pdf,levodopa,922  levodopa,14,no,12,,0,exact,exact
s2_vocab_in_01,s2_vocab_in_01.pdf,brigatinib,923  brigatinib,40,exact,12,0.7376880967521604,1,exact,exact
s2_vocab_out_01,s2_vocab_out_01.pdf,apixaban,924  apixaban,34,no,12,,0,no,no
s2_vocab_out_01,s2_vocab_out_01.pdf,cefazolin,925  cefazolin,29,exact,12,0.847896661259449,1,exact,exact
s2_vocab_out_01,s2_vocab_out_01.pdf,eribulin,926  eribulin,52,no,12,,0,no,no
s2_vocab_out_01,s2_vocab_out_01.pdf,foscarnet,927  foscarnet,7,no,12,,0,no,no
s2_vocab_out_01,s2_vocab_out_01.pdf,glycine,928  glycine,5,no,12,,0,exact,exact
s2_vocab_out_01,s2_vocab_out_01.pdf,diflunisal,929  diflunisal,18,no,12,,0,exact,exact
s2_vocab_out_01,s2_vocab_out_01.pdf,glyphosate,930  glyphosate,10,no,12,,0,no,no
s2_vocab_out_01,s2_vocab_out_01.pdf,doripenem,931  doripenem,27,stereo,12,0.8263319871959566,1,stereo,stereo
s2_vocab_out_01,s2_vocab_out_01.pdf,betrixaban,932  betrixaban,32,no,12,,0,no,no
s2_vocab_out_01,s2_vocab_out_01.pdf,nystatin A1,933  nystatin A1,65,no,12,,0,no,no
s2_vocab_out_01,s2_vocab_out_01.pdf,levodopa,934  levodopa,14,no,12,,0,exact,exact
s2_vocab_out_01,s2_vocab_out_01.pdf,brigatinib,935  brigatinib,40,no,12,,0,no,no
s2_vocab_in_02,s2_vocab_in_02.pdf,plicamycin,936  plicamycin,76,no,12,,0,exact,exact
s2_vocab_in_02,s2_vocab_in_02.pdf,lysine,937  lysine,10,no,12,,0,exact,exact
s2_vocab_in_02,s2_vocab_in_02.pdf,mesalamine,938  mesalamine,11,no,12,,0,exact,exact
s2_vocab_in_02,s2_vocab_in_02.pdf,cediranib,939  cediranib,33,no,12,,0,exact,exact
s2_vocab_in_02,s2_vocab_in_02.pdf,niacin,940  niacin,9,no,12,,0,exact,exact
s2_vocab_in_02,s2_vocab_in_02.pdf,pantothenic acid,941  pantothenic acid,15,no,12,,0,exact,exact
s2_vocab_in_02,s2_vocab_in_02.pdf,doxorubicin,942  doxorubicin,39,exact,12,0.8329359073026389,1,exact,exact
s2_vocab_in_02,s2_vocab_in_02.pdf,epirubicin,943  epirubicin,39,exact,12,0.8327998871406951,1,exact,exact
s2_vocab_in_02,s2_vocab_in_02.pdf,amlodipine,944  amlodipine,28,no,12,,0,exact,exact
s2_vocab_in_02,s2_vocab_in_02.pdf,bosentan,945  bosentan,39,no,12,,0,exact,exact
s2_vocab_in_02,s2_vocab_in_02.pdf,candesartan,946  candesartan,33,no,12,,0,exact,exact
s2_vocab_in_02,s2_vocab_in_02.pdf,naproxen,947  naproxen,17,no,12,,0,exact,exact
s2_vocab_out_02,s2_vocab_out_02.pdf,plicamycin,948  plicamycin,76,no,12,,0,no,no
s2_vocab_out_02,s2_vocab_out_02.pdf,lysine,949  lysine,10,no,12,,0,exact,exact
s2_vocab_out_02,s2_vocab_out_02.pdf,mesalamine,950  mesalamine,11,no,12,,0,exact,exact
s2_vocab_out_02,s2_vocab_out_02.pdf,cediranib,951  cediranib,33,no,12,,0,no,no
s2_vocab_out_02,s2_vocab_out_02.pdf,niacin,952  niacin,9,no,12,,0,exact,exact
s2_vocab_out_02,s2_vocab_out_02.pdf,pantothenic acid,953  pantothenic acid,15,no,12,,0,exact,exact
s2_vocab_out_02,s2_vocab_out_02.pdf,doxorubicin,954  doxorubicin,39,no,12,,0,no,no
s2_vocab_out_02,s2_vocab_out_02.pdf,epirubicin,955  epirubicin,39,no,12,,0,no,no
s2_vocab_out_02,s2_vocab_out_02.pdf,amlodipine,956  amlodipine,28,no,12,,0,no,no
s2_vocab_out_02,s2_vocab_out_02.pdf,bosentan,957  bosentan,39,no,12,,0,no,no
s2_vocab_out_02,s2_vocab_out_02.pdf,candesartan,958  candesartan,33,no,12,,0,no,no
s2_vocab_out_02,s2_vocab_out_02.pdf,naproxen,959  naproxen,17,no,12,,0,no,no
s2_vocab_in_03,s2_vocab_in_03.pdf,ampicillin,960  ampicillin,24,no,12,,0,exact,exact
s2_vocab_in_03,s2_vocab_in_03.pdf,erythromycin,961  erythromycin,51,no,12,,0,exact,exact
s2_vocab_in_03,s2_vocab_in_03.pdf,methionine,962  methionine,9,no,12,,0,exact,exact
s2_vocab_in_03,s2_vocab_in_03.pdf,azilsartan,963  azilsartan,34,no,12,,0,exact,exact
s2_vocab_in_03,s2_vocab_in_03.pdf,phenylalanine,964  phenylalanine,12,no,12,,0,exact,exact
s2_vocab_in_03,s2_vocab_in_03.pdf,buprenorphine,965  buprenorphine,34,no,12,,0,no,no
s2_vocab_in_03,s2_vocab_in_03.pdf,grazoprevir,966  grazoprevir,54,no,12,,0,no,no
s2_vocab_in_03,s2_vocab_in_03.pdf,cefixime,967  cefixime,30,no,12,,0,exact,exact
s2_vocab_in_03,s2_vocab_in_03.pdf,cabozantinib,968  cabozantinib,37,no,12,,0,exact,exact
s2_vocab_in_03,s2_vocab_in_03.pdf,nigericin,969  nigericin,51,exact,12,0.7655129393100777,1,exact,exact
s2_vocab_in_03,s2_vocab_in_03.pdf,cefuroxime,970  cefuroxime,29,no,12,,0,exact,exact
s2_vocab_in_03,s2_vocab_in_03.pdf,ceftriaxone,971  ceftriaxone,36,no,12,,0,exact,exact
s2_vocab_out_03,s2_vocab_out_03.pdf,ampicillin,972  ampicillin,24,no,12,,0,no,no
s2_vocab_out_03,s2_vocab_out_03.pdf,erythromycin,973  erythromycin,51,no,12,,0,no,no
s2_vocab_out_03,s2_vocab_out_03.pdf,methionine,974  methionine,9,no,12,,0,exact,exact
s2_vocab_out_03,s2_vocab_out_03.pdf,azilsartan,975  azilsartan,34,no,12,,0,no,no
s2_vocab_out_03,s2_vocab_out_03.pdf,phenylalanine,976  phenylalanine,12,no,12,,0,exact,exact
s2_vocab_out_03,s2_vocab_out_03.pdf,buprenorphine,977  buprenorphine,34,no,12,,0,no,no
s2_vocab_out_03,s2_vocab_out_03.pdf,grazoprevir,978  grazoprevir,54,no,12,,0,no,no
s2_vocab_out_03,s2_vocab_out_03.pdf,cefixime,979  cefixime,30,exact,12,0.8177845466361737,1,exact,exact
s2_vocab_out_03,s2_vocab_out_03.pdf,cabozantinib,980  cabozantinib,37,no,12,,0,no,no
s2_vocab_out_03,s2_vocab_out_03.pdf,nigericin,981  nigericin,51,no,12,,0,no,no
s2_vocab_out_03,s2_vocab_out_03.pdf,cefuroxime,982  cefuroxime,29,no,12,,0,no,no
s2_vocab_out_03,s2_vocab_out_03.pdf,ceftriaxone,983  ceftriaxone,36,no,12,,0,no,no
s2_vocab_in_04,s2_vocab_in_04.pdf,cetirizine,984  cetirizine,27,no,12,,0,exact,exact
s2_vocab_in_04,s2_vocab_in_04.pdf,cefuroxime axetil,985  cefuroxime axetil,35,exact,12,0.793272614645138,1,exact,exact
s2_vocab_in_04,s2_vocab_in_04.pdf,clevidipine,986  clevidipine,30,no,12,,0,exact,exact
s2_vocab_in_04,s2_vocab_in_04.pdf,cromolyn,987  cromolyn,34,no,12,,0,exact,exact
s2_vocab_in_04,s2_vocab_in_04.pdf,rifampin,988  rifampin,59,no,12,,0,no,no
s2_vocab_in_04,s2_vocab_in_04.pdf,curcumin,989  curcumin,27,no,12,,0,exact,exact
s2_vocab_in_04,s2_vocab_in_04.pdf,rifapentine,990  rifapentine,63,no,12,,0,no,no
s2_vocab_in_04,s2_vocab_in_04.pdf,diltiazem,991  diltiazem,29,no,12,,0,exact,exact
s2_vocab_in_04,s2_vocab_in_04.pdf,daunorubicin,992  daunorubicin,38,no,12,,0,no,no
s2_vocab_in_04,s2_vocab_in_04.pdf,rifaximin,993  rifaximin,57,no,12,,0,stereo,stereo
s2_vocab_in_04,s2_vocab_in_04.pdf,erlotinib,994  erlotinib,29,no,12,,0,no,no
s2_vocab_in_04,s2_vocab_in_04.pdf,doxazosin,995  doxazosin,33,no,12,,0,exact,exact
s2_vocab_out_04,s2_vocab_out_04.pdf,cetirizine,996  cetirizine,27,exact,12,0.7619260687227547,1,exact,exact
s2_vocab_out_04,s2_vocab_out_04.pdf,cefuroxime axetil,997  cefuroxime axetil,35,no,12,,0,no,no
s2_vocab_out_04,s2_vocab_out_04.pdf,clevidipine,998  clevidipine,30,no,12,,0,exact,exact
s2_vocab_out_04,s2_vocab_out_04.pdf,cromolyn,999  cromolyn,34,exact,12,0.9060009117089212,1,exact,exact
s2_vocab_out_04,s2_vocab_out_04.pdf,rifampin,1000  rifampin,59,no,12,,0,no,no
s2_vocab_out_04,s2_vocab_out_04.pdf,curcumin,1001  curcumin,27,no,12,,0,no,no
s2_vocab_out_04,s2_vocab_out_04.pdf,rifapentine,1002  rifapentine,63,no,12,,0,no,no
s2_vocab_out_04,s2_vocab_out_04.pdf,diltiazem,1003  diltiazem,29,no,12,,0,no,no
s2_vocab_out_04,s2_vocab_out_04.pdf,daunorubicin,1004  daunorubicin,38,no,12,,0,no,no
s2_vocab_out_04,s2_vocab_out_04.pdf,rifaximin,1005  rifaximin,57,no,12,,0,no,no
s2_vocab_out_04,s2_vocab_out_04.pdf,erlotinib,1006  erlotinib,29,no,12,,0,no,no
s2_vocab_out_04,s2_vocab_out_04.pdf,doxazosin,1007  doxazosin,33,no,12,,0,no,no
s2_vocab_in_05,s2_vocab_in_05.pdf,rmc6236,1008  rmc6236,58,no,12,,0,exact,exact
s2_vocab_in_05,s2_vocab_in_05.pdf,esomeprazole,1009  esomeprazole,24,no,12,,0,no,no
s2_vocab_in_05,s2_vocab_in_05.pdf,benazepril,1010  benazepril,31,no,12,,0,exact,exact
s2_vocab_in_05,s2_vocab_in_05.pdf,cefotaxime,1011  cefotaxime,30,no,12,,0,exact,exact
s2_vocab_in_05,s2_vocab_in_05.pdf,bosutinib,1012  bosutinib,36,no,12,,0,exact,exact
s2_vocab_in_05,s2_vocab_in_05.pdf,citric acid,1013  citric acid,13,no,12,,0,exact,exact
s2_vocab_in_05,s2_vocab_in_05.pdf,cefpodoxime proxetil,1014  cefpodoxime proxetil,37,no,12,,0,exact,exact
s2_vocab_in_05,s2_vocab_in_05.pdf,docetaxel,1015  docetaxel,58,no,12,,0,exact,exact
s2_vocab_in_05,s2_vocab_in_05.pdf,valproic acid,1016  valproic acid,10,no,12,,0,exact,exact
s2_vocab_in_05,s2_vocab_in_05.pdf,elbasvir,1017  elbasvir,65,no,12,,0,exact,exact
s2_vocab_in_05,s2_vocab_in_05.pdf,donepezil,1018  donepezil,28,no,12,,0,exact,exact
s2_vocab_in_05,s2_vocab_in_05.pdf,fexofenadine,1019  fexofenadine,37,no,12,,0,exact,exact
s2_vocab_out_05,s2_vocab_out_05.pdf,rmc6236,1020  rmc6236,58,no,12,,0,no,no
s2_vocab_out_05,s2_vocab_out_05.pdf,esomeprazole,1021  esomeprazole,24,no,12,,0,no,no
s2_vocab_out_05,s2_vocab_out_05.pdf,benazepril,1022  benazepril,31,no,12,,0,no,no
s2_vocab_out_05,s2_vocab_out_05.pdf,cefotaxime,1023  cefotaxime,30,no,12,,0,no,no
s2_vocab_out_05,s2_vocab_out_05.pdf,bosutinib,1024  bosutinib,36,no,12,,0,no,no
s2_vocab_out_05,s2_vocab_out_05.pdf,citric acid,1025  citric acid,13,no,12,,0,exact,exact
s2_vocab_out_05,s2_vocab_out_05.pdf,cefpodoxime proxetil,1026  cefpodoxime proxetil,37,no,12,,0,no,no
s2_vocab_out_05,s2_vocab_out_05.pdf,docetaxel,1027  docetaxel,58,no,12,,0,no,no
s2_vocab_out_05,s2_vocab_out_05.pdf,valproic acid,1028  valproic acid,10,no,12,,0,exact,exact
s2_vocab_out_05,s2_vocab_out_05.pdf,elbasvir,1029  elbasvir,65,no,12,,0,no,no
s2_vocab_out_05,s2_vocab_out_05.pdf,donepezil,1030  donepezil,28,no,12,,0,no,no
s2_vocab_out_05,s2_vocab_out_05.pdf,fexofenadine,1031  fexofenadine,37,no,12,,0,exact,exact
