group,figure,segment,file_name,tier,tier_by_threshold,confidence,verdict,matched_name,closest_name,closest_tanimoto,pred_heavy,closest_heavy,grade,grade_largest,graded_match,decoded,dephantom,dedup,largest,best_tanimoto,skeleton_match,formula_match,elem_delta,n_fragments,phantom_frags,duplicate_frags,dropped_by_largest,smiles
1_2_2_difluoro_1_3_benzodioxol_5_yl_n_1_2r_2_3_dihydroxyprop_cid46199646,,,1_2_2_difluoro_1_3_benzodioxol_5_yl_n_1_2r_2_3_dihydroxyprop_cid46199646.png,high,high,0.8660402902456218,exact,"1-(2,2-Difluoro-1,3-benzodioxol-5-yl)-N-(1-((2R)-2,3-dihydroxypropyl)-6-fluoro-2-(2-hydroxy-1,1-dimethylethyl)-1H-indol-5-yl)cyclopropanecarboxamide","1-(2,2-Difluoro-1,3-benzodioxol-5-yl)-N-(1-((2R)-2,3-dihydroxypropyl)-6-fluoro-2-(2-hydroxy-1,1-dimethylethyl)-1H-indol-5-yl)cyclopropanecarboxamide",1.0,37,37,exact,exact,"1-(2,2-Difluoro-1,3-benzodioxol-5-yl)-N-(1-((2R)-2,3-dihydroxypropyl)-6-fluoro-2-(2-hydroxy-1,1-dimethylethyl)-1H-indol-5-yl)cyclopropanecarboxamide",False,False,False,False,1.0,True,True,0,1,,,,CC(C)(CO)c1cc2cc(NC(=O)C3(c4ccc5c(c4)OC(F)(F)O5)CC3)c(F)cc2n1C[C@@H](O)CO
2_3_cyclic_guanosine_monophosphate_adenosine_monophosphate_cid135564529,,,2_3_cyclic_guanosine_monophosphate_adenosine_monophosphate_cid135564529.png,low,low,0.3395373159007019,invalid,,,,,,invalid,invalid,,False,False,False,False,,False,,,,,,,[H]C1[CH]N(C=NC2([H])OC(N3C=NC4=C3N=CN=C4N)C(O)C2([H])OP(=O)(O)OC)=C2=C(OP(=O)(O)O1)C(=O)NC(N)=N2
2_deoxy_4_c_ethynyl_2_fluoroadenosine_cid6483431,,,2_deoxy_4_c_ethynyl_2_fluoroadenosine_cid6483431.png,high,high,0.8951852002171262,exact,2'-Deoxy-4'-C-ethynyl-2-fluoroadenosine,2'-Deoxy-4'-C-ethynyl-2-fluoroadenosine,1.0,21,21,exact,exact,2'-Deoxy-4'-C-ethynyl-2-fluoroadenosine,False,False,False,False,1.0,True,True,0,1,,,,C#C[C@]1(CO)O[C@@H](n2cnc3c(N)nc(F)nc32)C[C@@H]1O
2_naphthacenecarboxamide_4_dimethylamino_1_4_4a_5_5a_6_11_12_cid54704426,,,2_naphthacenecarboxamide_4_dimethylamino_1_4_4a_5_5a_6_11_12_cid54704426.png,high,high,0.8901963104435882,exact,"2-Naphthacenecarboxamide, 4-(dimethylamino)-1,4,4a,5,5a,6,11,12a-octahydro-3,6,10,12,12a-pentahydroxy-6-methyl-1,11-dioxo-, hydrochloride (1:1), (4S,4aS,5aS,6S,12aS)-","2-Naphthacenecarboxamide, 4-(dimethylamino)-1,4,4a,5,5a,6,11,12a-octahydro-3,6,10,12,12a-pentahydroxy-6-methyl-1,11-dioxo-, hydrochloride (1:1), (4S,4aS,5aS,6S,12aS)-",1.0,33,33,exact,exact,"2-Naphthacenecarboxamide, 4-(dimethylamino)-1,4,4a,5,5a,6,11,12a-octahydro-3,6,10,12,12a-pentahydroxy-6-methyl-1,11-dioxo-, hydrochloride (1:1), (4S,4aS,5aS,6S,12aS)-",False,False,False,False,1.0,True,True,0,2,,,,Cl.[H][C@]12C[C@@]3([H])[C@H](N(C)C)C(=O)C(C(N)=O)=C(O)[C@@]3(O)C(=O)C1=C(O)c1c(O)cccc1[C@@]2(C)O
3_4_diaminopyridine_cid5918,,,3_4_diaminopyridine_cid5918.png,high,high,0.9251361504333354,exact,"3,4-Diaminopyridine","3,4-Diaminopyridine",1.0,8,8,exact,exact,"3,4-Diaminopyridine",False,False,False,False,1.0,True,True,0,1,,,,Nc1ccncc1N
4_dimethylamino_phenol_cid22174,,,4_dimethylamino_phenol_cid22174.png,high,high,0.9009309838927683,exact,4-(Dimethylamino)phenol,4-(Dimethylamino)phenol,1.0,10,10,exact,exact,4-(Dimethylamino)phenol,False,False,False,False,1.0,True,True,0,1,,,,CN(C)c1ccc(O)cc1
4_methoxyphenol_cid9015,,,4_methoxyphenol_cid9015.png,high,high,0.9160667821582886,exact,4-Methoxyphenol,4-Methoxyphenol,1.0,9,9,exact,exact,4-Methoxyphenol,False,False,False,False,1.0,True,True,0,1,,,,COc1ccc(O)cc1
4_methylpyrazole_cid3406,,,4_methylpyrazole_cid3406.png,high,high,0.8598553999126183,exact,4-Methylpyrazole,4-Methylpyrazole,1.0,6,6,exact,exact,4-Methylpyrazole,False,False,False,False,1.0,True,True,0,1,,,,Cc1cn[nH]c1
5_aza_2_deoxycytidine_cid451668,,,5_aza_2_deoxycytidine_cid451668.png,high,high,0.8977655314429405,exact,5-Aza-2'-deoxycytidine,5-Aza-2'-deoxycytidine,1.0,16,16,exact,exact,5-Aza-2'-deoxycytidine,False,False,False,False,1.0,True,True,0,1,,,,Nc1ncn([C@H]2C[C@H](O)[C@@H](CO)O2)c(=O)n1
6_2_5_dioxo_2_5_dihydro_1h_pyrrol_1_yl_n_s_1_s_1_4_s_7_metho_cid89396500,,,6_2_5_dioxo_2_5_dihydro_1h_pyrrol_1_yl_n_s_1_s_1_4_s_7_metho_cid89396500.png,low,low,1.619484462000295e-18,invalid,,,,,,invalid,invalid,,False,False,False,False,,False,,,,,,,[H]C12C=NC3=C(C=C(OC)C(OCCCOC4=CC5=C(C=C4OC)C(=O)NC(CC(=C)C4=CC=C(NC(=O)C(C)NC(=O)[CH]6(C(C)C)N7C89=O=C7%10(CCCCCN7(CCCCC8%10)C(=O)C=CC7=O)N96)C=C4)C=N5)=C3)C(=O)N1C=C(C1=CC=C(OC)C=C1)C2
7_ethyl_10_hydroxycamptothecin_cid104842,,,7_ethyl_10_hydroxycamptothecin_cid104842.png,low,low,0.589572344280424,stereo,7-Ethyl-10-Hydroxycamptothecin,7-Ethyl-10-Hydroxycamptothecin,1.0,29,29,stereo,stereo,7-Ethyl-10-Hydroxycamptothecin,False,False,False,False,1.0,True,True,0,1,,,,CCc1c2c(nc3ccc(O)cc13)-c1cc3c(c(=O)n1C2)COC(=O)[C@@]3(O)CC
8_methoxypsoralen_cid4114,,,8_methoxypsoralen_cid4114.png,high,high,0.9111473656080271,exact,8-Methoxypsoralen,8-Methoxypsoralen,1.0,16,16,exact,exact,8-Methoxypsoralen,False,False,False,False,1.0,True,True,0,1,,,,COc1c2occc2cc2ccc(=O)oc12
abacavir_sulfate_cid441384,,,abacavir_sulfate_cid441384.png,high,high,0.8503628269955315,stereo,Abacavir Sulfate,Abacavir Sulfate,1.0,47,47,stereo,stereo,Abacavir Sulfate,False,False,False,False,1.0,True,True,0,3,,,,Nc1nc(NC2CC2)c2ncn(C3C=C[C@@H](CO)C3)c2n1.Nc1nc(NC2CC2)c2ncn([C@H]3C=C[C@@H](CO)C3)c2n1.O=S(=O)(O)O
abarelix_cid16131215,,,abarelix_cid16131215.png,low,low,4.817840932076133e-10,invalid,,,,,,invalid,invalid,,False,False,False,False,,False,,,,,,,CC(=O)NC(CC=CC=C123C=CC=CC1=CC=CC2=C3)C(=O)NC(CC1=CC=C(Cl)C=C1)C(=O)NC(CC1=CC=CN=C1)C1=O[CH](CO)(C(=O)NC(CC2=CC=C(O)C=C2)C(=O)NC(CC(N)=O)C(=O)NC(CC(C)C)C(=O)NC(CCCCNC(C)C)C(=O)N2CCCC2C(=O)NC(C)C(N)=O)N1
abiraterone_cid132971,,,abiraterone_cid132971.png,low,low,0.802879815877003,invalid,,,,,,invalid,invalid,,False,False,False,False,,False,,,,,,,[H]C12CC=C(C3=CC=CN=C3)C13(C)C1C4C3C1C41C3(C)CCC(O)CC3=CCC12O
abt_263_cid24978538,,,abt_263_cid24978538.png,low,low,1.028768189325085e-08,wrong,,Abt 263,0.84,65,65,wrong,wrong,,False,False,False,False,0.84,False,False,4,1,,,,CC1(C)CCC(c2ccc(Cl)cc2)=C(CN2CCN(c3ccc(C(=O)NS(O)(O)c4ccc(NC(CCN5CCOCC5)CSc5ccccc5)c(S(O)(O)C(F)(F)F)c4)cc3)CC2)C1
acamprosate_cid71158,,,acamprosate_cid71158.png,high,high,0.893335209094481,exact,Acamprosate,Acamprosate,1.0,11,11,exact,exact,Acamprosate,False,False,False,False,1.0,True,True,0,1,,,,CC(=O)NCCCS(=O)(=O)O
acenocoumarol_cid54676537,,,acenocoumarol_cid54676537.png,high,high,0.9235480495545106,exact,Acenocoumarol,Acenocoumarol,1.0,26,26,exact,exact,Acenocoumarol,False,False,False,False,1.0,True,True,0,1,,,,CC(=O)CC(c1ccc([N+](=O)[O-])cc1)c1c(O)c2ccccc2oc1=O
acetohydroxamic_acid_cid1990,,,acetohydroxamic_acid_cid1990.png,high,high,0.8934739161639933,exact,Acetohydroxamic Acid,Acetohydroxamic Acid,1.0,5,5,exact,exact,Acetohydroxamic Acid,False,False,False,False,1.0,True,True,0,1,,,,CC(=O)NO
acetylcholine_cid187,,,acetylcholine_cid187.png,high,high,0.8926216397652019,exact,Acetylcholine,Acetylcholine,1.0,10,10,exact,exact,Acetylcholine,False,False,False,False,1.0,True,True,0,1,,,,CC(=O)OCC[N+](C)(C)C
afamelanotide_cid16197727,,,afamelanotide_cid16197727.png,low,low,4.000668097346235e-18,invalid,,,,,,invalid,invalid,,False,False,False,False,,False,,,,,,,CCCCC(NC(=O)C(CO)NC(=O)C(CC1=CC=C(O)C=C1)NC(=O)C(CO)NC(C)=O)C(=O)NC(CCC(=O)O)C(=O)NC(CC1=CNCN1)C(=O)NC(CC1=CC=CCC1)C(=O)NC(CCCNC(N)N)C(=O)NC1C2(=O)(NC(=O)NC(CCCCN)C(=O)N3CCCC3C(=O)NC(C(N)=O)C(C)C)=O=C134=O=C(C3C)N24
afatinib_cid10184653,,,afatinib_cid10184653.png,high,high,0.8970063232770762,exact,Afatinib,Afatinib,1.0,34,34,exact,exact,Afatinib,False,False,False,False,1.0,True,True,0,1,,,,CN(C)C/C=C/C(=O)Nc1cc2c(Nc3ccc(F)c(Cl)c3)ncnc2cc1O[C@H]1CCOC1
aficamten_cid139331495,,,aficamten_cid139331495.png,high,high,0.9135981448575393,exact,Aficamten,Aficamten,1.0,25,25,exact,exact,Aficamten,False,False,False,False,1.0,True,True,0,1,,,,CCc1nc(-c2ccc3c(c2)CC[C@H]3NC(=O)c2cnn(C)c2)no1
agomelatine_cid82148,,,agomelatine_cid82148.png,high,high,0.9230989322720569,exact,Agomelatine,Agomelatine,1.0,18,18,exact,exact,Agomelatine,False,False,False,False,1.0,True,True,0,1,,,,COc1ccc2cccc(CCNC(C)=O)c2c1
albendazole_cid2082,,,albendazole_cid2082.png,high,high,0.9106500066979222,exact,Albendazole,Albendazole,1.0,18,18,exact,exact,Albendazole,False,False,False,False,1.0,True,True,0,1,,,,CCCSc1ccc2nc(NC(=O)OC)[nH]c2c1
alflutinib_cid118861389,,,alflutinib_cid118861389.png,high,high,0.9069134244324734,exact,Alflutinib,Alflutinib,1.0,41,41,exact,exact,Alflutinib,False,False,False,False,1.0,True,True,0,1,,,,C=CC(=O)Nc1cc(Nc2nccc(-c3cn(C)c4ccccc34)n2)c(OCC(F)(F)F)nc1N(C)CCN(C)C
almitrine_cid33887,,,almitrine_cid33887.png,high,high,0.9095153817322577,exact,Almitrine,Almitrine,1.0,35,35,exact,exact,Almitrine,False,False,False,False,1.0,True,True,0,1,,,,C=CCNc1nc(NCC=C)nc(N2CCN(C(c3ccc(F)cc3)c3ccc(F)cc3)CC2)n1
alpelisib_cid56649450,,,alpelisib_cid56649450.png,high,high,0.9092500919451093,exact,Alpelisib,Alpelisib,1.0,30,30,exact,exact,Alpelisib,False,False,False,False,1.0,True,True,0,1,,,,Cc1nc(NC(=O)N2CCC[C@H]2C(N)=O)sc1-c1ccnc(C(C)(C)C(F)(F)F)c1
alpha_amanitin_cid9543442,,,alpha_amanitin_cid9543442.png,low,low,0.09395905995526727,wrong,,Alpha-Amanitin,0.573,50,64,wrong,wrong,,False,False,False,False,0.573,False,False,23,1,,,,"[H][C]1NC(=O)[C@H]([C@@H](C)[C@@H](O)CO)NC(=O)[C@]2([H])C[C@@H](O)CN2C(=O)[C@H](CC(N)=O)NC(=O)[C]([H])NC(=O)CNC(=O)[C@H]([C@@H](C)CC)NC(=O)CNC1=O |^1:1,32|"
alprostadil_cid5280723,,,alprostadil_cid5280723.png,high,high,0.9022369770175063,stereo,Alprostadil,Alprostadil,1.0,25,25,stereo,stereo,Alprostadil,False,False,False,False,1.0,True,True,0,1,,,,CCCCC[C@@H](O)C=C[C@H]1[C@H](O)CC(=O)[C@@H]1CCCCCCC(=O)O
alvimopan_cid5488548,,,alvimopan_cid5488548.png,high,high,0.9117173709664745,exact,Alvimopan,Alvimopan,1.0,31,31,exact,exact,Alvimopan,False,False,False,False,1.0,True,True,0,1,,,,C[C@H]1CN(C[C@H](Cc2ccccc2)C(=O)NCC(=O)O)CC[C@@]1(C)c1cccc(O)c1
ambrisentan_cid6918493,,,ambrisentan_cid6918493.png,high,high,0.9107925294099259,exact,Ambrisentan,Ambrisentan,1.0,28,28,exact,exact,Ambrisentan,False,False,False,False,1.0,True,True,0,1,,,,COC(c1ccccc1)(c1ccccc1)[C@H](Oc1nc(C)cc(C)n1)C(=O)O
amisulpride_cid2159,,,amisulpride_cid2159.png,high,high,0.9182468875276808,exact,Amisulpride,Amisulpride,1.0,25,25,exact,exact,Amisulpride,False,False,False,False,1.0,True,True,0,1,,,,CCN1CCCC1CNC(=O)c1cc(S(=O)(=O)CC)c(N)cc1OC
anacetrapib_cid11556427,,,anacetrapib_cid11556427.png,high,high,0.8999584274888907,exact,Anacetrapib,Anacetrapib,1.0,44,44,exact,exact,Anacetrapib,False,False,False,False,1.0,True,True,0,1,,,,COc1cc(F)c(C(C)C)cc1-c1ccc(C(F)(F)F)cc1CN1C(=O)O[C@H](c2cc(C(F)(F)F)cc(C(F)(F)F)c2)[C@@H]1C
anagliptin_cid44513473,,,anagliptin_cid44513473.png,high,high,0.912410086879425,exact,Anagliptin,Anagliptin,1.0,28,28,exact,exact,Anagliptin,False,False,False,False,1.0,True,True,0,1,,,,Cc1cc2ncc(C(=O)NCC(C)(C)NCC(=O)N3CCC[C@H]3C#N)cn2n1
apalutamide_cid24872560,,,apalutamide_cid24872560.png,high,high,0.896401407337798,exact,Apalutamide,Apalutamide,1.0,33,33,exact,exact,Apalutamide,False,False,False,False,1.0,True,True,0,1,,,,CNC(=O)c1ccc(N2C(=S)N(c3cnc(C#N)c(C(F)(F)F)c3)C(=O)C23CCC3)cc1F
aprepitant_cid135413536,,,aprepitant_cid135413536.png,high,high,0.9091201308147947,stereo,Aprepitant,Aprepitant,1.0,37,37,stereo,stereo,Aprepitant,False,False,False,False,1.0,True,True,0,1,,,,C[C@@H](O[C@@H]1OCCN(Cc2n[nH]c(=O)[nH]2)C1c1ccc(F)cc1)c1cc(C(F)(F)F)cc(C(F)(F)F)c1
artemisone_cid11531457,,,artemisone_cid11531457.png,low,low,0.4893747503561592,wrong,,Artemisone,0.524,27,27,wrong,wrong,,False,False,False,False,0.524,False,True,0,1,,,,[H][C@@]12O[C@@H](N3CCS(=O)(=O)CC3)[C@H](C)[C@]3([H])CC[C@@H](C)[C@@]4(CC[C@](C)(O1)O4)[C@@]23O
asciminib_cid72165228,,,asciminib_cid72165228.png,low,low,0.6840285878599558,exact,Asciminib,Asciminib,1.0,31,31,exact,exact,Asciminib,False,False,False,False,1.0,True,True,0,1,,,,O=C(Nc1ccc(OC(F)(F)Cl)cc1)c1cnc(N2CC[C@@H](O)C2)c(-c2ccn[nH]2)c1
atomoxetine_hydrochloride_cid54840,,,atomoxetine_hydrochloride_cid54840.png,high,high,0.9180364339686131,exact,Atomoxetine Hydrochloride,Atomoxetine Hydrochloride,1.0,20,20,exact,exact,Atomoxetine Hydrochloride,False,False,False,False,1.0,True,True,0,2,,,,CNCC[C@@H](Oc1ccccc1C)c1ccccc1.Cl
atracurium_besylate_cid47320,,,atracurium_besylate_cid47320.png,low,low,1.582602500083401e-15,invalid,,,,,,invalid,invalid,,False,False,False,False,,False,,,,,,,COC1=CC2=C(C=C1OC)C(CC1=CC(OC)=C(OC)C=C1)N(C)(CCC(=O)OCCCCCOC(=O)CCN1(C)CCC3=C(C=C(OC)C(OC)=C3)C1CC1=CC(OC)=C(OC)C=C1)CC2.O=S(=O)([O-])C1=CC=CC=C1.O=S(=O)([O-])C1=CC=CC=C1.O=S(=O)([O-])C1=CC=CC=C1
aurothioglucose_cid6104,,,aurothioglucose_cid6104.png,low,low,0.2176879112454821,invalid,,,,,,invalid,invalid,,False,False,False,False,,False,,,,,,,*C1([CH])OC(CO)C(O)C(C#O)C1C(=O)Cl |$((((())));;;;;;;;;;;;;;;$|
avacopan_cid49841217,,,avacopan_cid49841217.png,high,high,0.9120694160539528,stereo,Avacopan,Avacopan,1.0,42,42,stereo,stereo,Avacopan,False,False,False,False,1.0,True,True,0,1,,,,Cc1ccc(NC(=O)[C@H]2CCCN(C(=O)c3c(C)cccc3F)C2c2ccc(NC3CCCC3)cc2)cc1C(F)(F)F
avanafil_cid9869929,,,avanafil_cid9869929.png,high,high,0.9078159924216532,exact,Avanafil,Avanafil,1.0,34,34,exact,exact,Avanafil,False,False,False,False,1.0,True,True,0,1,,,,COc1ccc(CNc2nc(N3CCC[C@H]3CO)ncc2C(=O)NCc2ncccn2)cc1Cl
avapritinib_cid118023034,,,avapritinib_cid118023034.png,low,low,0.6066174542317888,wrong,,Avapritinib,0.61,37,37,wrong,wrong,,False,False,False,False,0.61,False,False,4,1,,,,C/N=C(\N=C/C[C@@](C)(N)c1ccc(F)cc1)N1CCN(c2ncnn3cc(-c4cnn(C)c4)cc23)CC1
avutometinib_cid16719221,,,avutometinib_cid16719221.png,high,high,0.895112694846312,exact,Avutometinib,Avutometinib,1.0,33,33,exact,exact,Avutometinib,False,False,False,False,1.0,True,True,0,1,,,,CNS(=O)(=O)Nc1nccc(Cc2c(C)c3ccc(Oc4ncccn4)cc3oc2=O)c1F
azacytidine_cid9444,,,azacytidine_cid9444.png,high,high,0.9056972301781511,exact,Azacytidine,Azacytidine,1.0,17,17,exact,exact,Azacytidine,False,False,False,False,1.0,True,True,0,1,,,,Nc1ncn([C@@H]2O[C@H](CO)[C@@H](O)[C@H]2O)c(=O)n1
azelaic_acid_cid2266,,,azelaic_acid_cid2266.png,high,high,0.9039645209288134,exact,Azelaic Acid,Azelaic Acid,1.0,13,13,exact,exact,Azelaic Acid,False,False,False,False,1.0,True,True,0,1,,,,O=C(O)CCCCCCCC(=O)O
azelnidipine_cid65948,,,azelnidipine_cid65948.png,high,high,0.91685265935206,exact,Azelnidipine,Azelnidipine,1.0,43,43,exact,exact,Azelnidipine,False,False,False,False,1.0,True,True,0,1,,,,CC1=C(C(=O)OC(C)C)C(c2cccc([N+](=O)[O-])c2)C(C(=O)OC2CN(C(c3ccccc3)c3ccccc3)C2)=C(N)N1
bambuterol_cid54766,,,bambuterol_cid54766.png,high,high,0.9108091096761646,exact,Bambuterol,Bambuterol,1.0,26,26,exact,exact,Bambuterol,False,False,False,False,1.0,True,True,0,1,,,,CN(C)C(=O)Oc1cc(OC(=O)N(C)C)cc(C(O)CNC(C)(C)C)c1
batefenterol_cid10372836,,,batefenterol_cid10372836.png,low,low,9.086781980642544e-08,stereo,Batefenterol,Batefenterol,1.0,53,53,stereo,stereo,Batefenterol,False,False,False,False,1.0,True,True,0,1,,,,COc1cc(NC(=O)CCN2CCC(OC(=O)Nc3ccccc3-c3ccccc3)CC2)c(Cl)cc1CNC[C@@H](O)c1ccc(O)c2[nH]c(=O)ccc12
belotecan_cid6456014,,,belotecan_cid6456014.png,low,low,0.6695123018290607,stereo,Belotecan,Belotecan,1.0,32,32,stereo,stereo,Belotecan,False,False,False,False,1.0,True,True,0,1,,,,CC[C@]1(O)C(=O)OCc2c1cc1n(c2=O)Cc2c-1nc1ccccc1c2CCNC(C)C
belzutifan_cid117947097,,,belzutifan_cid117947097.png,high,high,0.9015684714934291,exact,Belzutifan,Belzutifan,1.0,26,26,exact,exact,Belzutifan,False,False,False,False,1.0,True,True,0,1,,,,CS(=O)(=O)c1ccc(Oc2cc(F)cc(C#N)c2)c2c1[C@H](O)[C@H](F)[C@@H]2F
benazepril_cid5362124,,,benazepril_cid5362124.png,high,high,0.8969364792837844,exact,Benazepril,Benazepril,1.0,31,31,exact,exact,Benazepril,False,False,False,False,1.0,True,True,0,1,,,,CCOC(=O)[C@H](CCc1ccccc1)N[C@H]1CCc2ccccc2N(CC(=O)O)C1=O
benserazide_cid2327,,,benserazide_cid2327.png,high,high,0.919257488523685,exact,Benserazide,Benserazide,1.0,18,18,exact,exact,Benserazide,False,False,False,False,1.0,True,True,0,1,,,,NC(CO)C(=O)NNCc1ccc(O)c(O)c1O
benzoyl_peroxide_cid7187,,,benzoyl_peroxide_cid7187.png,high,high,0.9075697227089861,exact,Benzoyl Peroxide,Benzoyl Peroxide,1.0,18,18,exact,exact,Benzoyl Peroxide,False,False,False,False,1.0,True,True,0,1,,,,O=C(OOC(=O)c1ccccc1)c1ccccc1
benztropine_mesylate_cid238053,,,benztropine_mesylate_cid238053.png,high,high,0.897916756572169,exact,Benztropine mesylate,Benztropine mesylate,1.0,28,28,exact,exact,Benztropine mesylate,False,False,False,False,1.0,True,True,0,2,,,,CN1C2CCC1CC(OC(c1ccccc1)c1ccccc1)C2.CS(=O)(=O)O
bepotastine_cid164522,,,bepotastine_cid164522.png,high,high,0.9141226250109479,exact,Bepotastine,Bepotastine,1.0,27,27,exact,exact,Bepotastine,False,False,False,False,1.0,True,True,0,1,,,,O=C(O)CCCN1CCC(O[C@@H](c2ccc(Cl)cc2)c2ccccn2)CC1
berenil_cid65060,,,berenil_cid65060.png,high,high,0.9094335127044991,wrong,,Berenil,0.848,29,29,charge,charge,Berenil,False,False,False,False,0.848,True,True,0,2,,,,CC(=O)NCC(=O)O.[H]/N=C(\N)c1ccc(/N=N/Nc2ccc(/C(N)=N/[H])cc2)cc1
besifloxacin_cid10178705,,,besifloxacin_cid10178705.png,low,low,0.5922994460816012,exact,Besifloxacin,Besifloxacin,1.0,27,27,exact,exact,Besifloxacin,False,False,False,False,1.0,True,True,0,1,,,,N[C@@H]1CCCCN(c2c(F)cc3c(=O)c(C(=O)O)cn(C4CC4)c3c2Cl)C1
beta_propiolactone_cid2365,,,beta_propiolactone_cid2365.png,low,low,0.6756574816016572,wrong,,Beta-Propiolactone,0.13,6,5,wrong,wrong,,False,False,False,False,0.13,False,False,9,1,,,,CC1CCCO1
bictegravir_cid90311989,,,bictegravir_cid90311989.png,low,low,0.2152844566332411,wrong,,Bictegravir,0.649,32,32,wrong,wrong,,False,False,False,False,0.649,False,True,0,1,,,,[H][C@@]12Cn3cc(C(=O)NCc4c(F)cc(F)cc4F)c(=O)c(O)c3C(=O)N1[C@@]1([H])CC[C@@]1(C)O2
boldenone_cid13308,,,boldenone_cid13308.png,low,low,0.4755546526775105,wrong,,Boldenone,0.41,25,21,wrong,wrong,,False,False,False,False,0.41,False,False,4,1,,,,[H][C@@]12CC[C@@H](O)[C@@]1(C)CC[C@@]1(NCl)[C@@]2(NCl)CCC2=CC(=O)C=C[C@@]21C
bosutinib_cid5328940,,,bosutinib_cid5328940.png,high,high,0.9194687584060132,exact,Bosutinib,Bosutinib,1.0,36,36,exact,exact,Bosutinib,False,False,False,False,1.0,True,True,0,1,,,,COc1cc(Nc2c(C#N)cnc3cc(OCCCN4CCN(C)CC4)c(OC)cc23)c(Cl)cc1Cl
bremelanotide_cid9941379,,,bremelanotide_cid9941379.png,low,low,0.3380836796978498,exact,Bremelanotide,Bremelanotide,1.0,74,74,exact,exact,Bremelanotide,False,False,False,False,1.0,True,True,0,1,,,,CCCC[C@H](NC(C)=O)C(=O)N[C@H]1CC(=O)NCCCC[C@@H](C(=O)O)NC(=O)[C@H](Cc2c[nH]c3ccccc23)NC(=O)[C@H](CCCN=C(N)N)NC(=O)[C@@H](Cc2ccccc2)NC(=O)[C@H](Cc2cnc[nH]2)NC1=O
brincidofovir_cid483477,,,brincidofovir_cid483477.png,low,low,1.49539783190875e-07,invalid,,,,,,invalid,invalid,,False,False,False,False,,False,,,,,,,CCCCCCCCCCCCCCCCOCCCOP(=O)(O)OC(CO)CN1C=CC(N)N=C1=O
brinzolamide_cid68844,,,brinzolamide_cid68844.png,high,high,0.9170105668455293,exact,Brinzolamide,Brinzolamide,1.0,23,23,exact,exact,Brinzolamide,False,False,False,False,1.0,True,True,0,1,,,,CCN[C@H]1CN(CCCOC)S(=O)(=O)c2sc(S(N)(=O)=O)cc21
brivaracetam_cid9837243,,,brivaracetam_cid9837243.png,high,high,0.8918826597458298,exact,Brivaracetam,Brivaracetam,1.0,15,15,exact,exact,Brivaracetam,False,False,False,False,1.0,True,True,0,1,,,,CCC[C@@H]1CC(=O)N([C@@H](CC)C(N)=O)C1
bucillamine_cid656604,,,bucillamine_cid656604.png,high,high,0.8836507132089824,exact,Bucillamine,Bucillamine,1.0,13,13,exact,exact,Bucillamine,False,False,False,False,1.0,True,True,0,1,,,,CC(C)(S)C(=O)N[C@@H](CS)C(=O)O
c_i_acid_blue_90_cid61363,,,c_i_acid_blue_90_cid61363.png,low,low,0.3882005059400492,wrong,,C.I. Acid Blue 90,0.656,60,60,wrong,wrong,,False,False,False,False,0.656,False,False,2,2,,,,CCOc1ccc(Nc2ccc([C@@H](c3ccc(N(CC)Cc4cccc(S(=O)(=O)[O-])c4)cc3C)[C@@H]3C=C/C(=[N+](/CC)Cc4cccc(S(=O)(=O)[O-])c4)C=C3C)cc2)cc1.[Na+]
cabotegravir_cid54713659,,,cabotegravir_cid54713659.png,high,high,0.9010649432144958,exact,Cabotegravir,Cabotegravir,1.0,29,29,exact,exact,Cabotegravir,False,False,False,False,1.0,True,True,0,1,,,,[H][C@@]12Cn3cc(C(=O)NCc4ccc(F)cc4F)c(=O)c(O)c3C(=O)N1[C@@H](C)CO2
calicheamicin_cid11840932,,,calicheamicin_cid11840932.png,low,low,8.251606052453192e-11,invalid,,,,,,invalid,invalid,,False,False,False,False,,False,,,,,,,C=[SH]S[SH]C1=CC2=C3C(NC(=O)OC)=C(=O)CC2(O)(CCCC1)CCC1CC1CCC3OC1OC(C)C(NOC2CC(O)C(OC(=O)C3=C(C)C(I)=C(OC4OC(C)C(O)C(OC)C4O)C(OC)=C3OC)C(C)O2)C(O)C1OC1CC(OC)C(NCC)CO1
camostat_cid2536,,,camostat_cid2536.png,low,low,0.1680911253673036,exact,Camostat,Camostat,1.0,29,29,exact,exact,Camostat,False,False,False,False,1.0,True,True,0,1,,,,CN(C)C(=O)COC(=O)Cc1ccc(OC(=O)c2ccc(N=C(N)N)cc2)cc1
cangrelor_tetrasodium_cid10260031,,,cangrelor_tetrasodium_cid10260031.png,low,low,0.001088078027381789,wrong,,Cangrelor Tetrasodium,0.5,49,48,wrong,wrong,,False,False,False,False,0.5,False,False,3,5,,[Na+].[Na+].[Na+],,CSCCNC1N=C(SCCC(F)(F)F)N=C2C1N=CN2[C@@H]1O[C@H](COP(=O)([O-])OP(=O)([O][Na])C(Cl)(Cl)P(=O)([O-])[O-])C(O)[C@H]1O.[Na+].[Na+].[Na+].[Na+]
capivasertib_cid25227436,,,capivasertib_cid25227436.png,high,high,0.8993134642437757,exact,Capivasertib,Capivasertib,1.0,30,30,exact,exact,Capivasertib,False,False,False,False,1.0,True,True,0,1,,,,NC1(C(=O)N[C@@H](CCO)c2ccc(Cl)cc2)CCN(c2ncnc3[nH]ccc23)CC1
carbetocin_cid16681432,,,carbetocin_cid16681432.png,low,low,6.580840311519771e-07,stereo,Carbetocin,Carbetocin,1.0,69,69,stereo,stereo,Carbetocin,False,False,False,False,1.0,True,True,0,1,,,,CC[C@H](C)C1NC(=O)[C@H](Cc2ccc(OC)cc2)NC(=O)CCCSC[C@H](C(=O)N2CCC[C@@H]2C(=O)N[C@@H](CC(C)C)C(=O)NCC(N)=O)NC(=O)C(CC(N)=O)NC(=O)[C@H](CCC(N)=O)NC1=O
carbidopa_cid34359,,,carbidopa_cid34359.png,high,high,0.9108463559688015,exact,Carbidopa,Carbidopa,1.0,16,16,exact,exact,Carbidopa,False,False,False,False,1.0,True,True,0,1,,,,C[C@@](Cc1ccc(O)c(O)c1)(NN)C(=O)O
carboprost_cid5281075,,,carboprost_cid5281075.png,high,high,0.9097498476790216,stereo,Carboprost,Carboprost,1.0,26,26,stereo,stereo,Carboprost,False,False,False,False,1.0,True,True,0,1,,,,CCCCC[C@](C)(O)C=C[C@@H]1[C@@H](C/C=C\CCCC(=O)O)[C@@H](O)C[C@H]1O
carglumic_acid_cid121396,,,carglumic_acid_cid121396.png,high,high,0.9151035620631532,exact,Carglumic Acid,Carglumic Acid,1.0,13,13,exact,exact,Carglumic Acid,False,False,False,False,1.0,True,True,0,1,,,,NC(=O)N[C@@H](CCC(=O)O)C(=O)O
carnitine_cid10917,,,carnitine_cid10917.png,high,high,0.8917683952373557,exact,(-)-Carnitine,(-)-Carnitine,1.0,11,11,exact,exact,(-)-Carnitine,False,False,False,False,1.0,True,True,0,1,,,,C[N+](C)(C)C[C@H](O)CC(=O)[O-]
carteolol_cid2583,,,carteolol_cid2583.png,high,high,0.9168586674272743,exact,Carteolol,Carteolol,1.0,21,21,exact,exact,Carteolol,False,False,False,False,1.0,True,True,0,1,,,,CC(C)(C)NCC(O)COc1cccc2c1CCC(=O)N2
cefadroxil_cid47965,,,cefadroxil_cid47965.png,low,low,0.7162468256499314,stereo,Cefadroxil,Cefadroxil,1.0,25,25,stereo,stereo,Cefadroxil,False,False,False,False,1.0,True,True,0,1,,,,[H][C@@]12SCC(C)=C(C(=O)O)N1C(=O)[C@H]2NC(=O)[C@H](N)c1ccc(O)cc1
cefpirome_cid5479539,,,cefpirome_cid5479539.png,low,low,0.6286537355702139,exact,Cefpirome,Cefpirome,1.0,35,35,exact,exact,Cefpirome,False,False,False,False,1.0,True,True,0,1,,,,[H][C@]12SCC(C[n+]3cccc4c3CCC4)=C(C(=O)[O-])N1C(=O)[C@H]2NC(=O)/C(=N\OC)c1csc(N)n1
ceritinib_cid57379345,,,ceritinib_cid57379345.png,high,high,0.9157652881172467,exact,Ceritinib,Ceritinib,1.0,38,38,exact,exact,Ceritinib,False,False,False,False,1.0,True,True,0,1,,,,Cc1cc(Nc2ncc(Cl)c(Nc3ccccc3S(=O)(=O)C(C)C)n2)c(OC(C)C)cc1C1CCNCC1
cethromycin_cid156417,,,cethromycin_cid156417.png,low,low,0.1416041770974649,wrong,,Cethromycin,0.79,55,55,wrong,wrong,,False,False,False,False,0.79,False,False,2,1,,,,[H][C@]12NC(=O)O[C@]1(C)[C@@H](CC)OC(=O)[C@H](C)C(=O)[C@H](C)[C@@H](O[C@@H]1O[C@H](C)C[C@H](N(C)C)[C@H]1O)[C@](C)(OCCCc1cnc3ccccc3c1)C[C@@H](C)C(=O)C2C
chlorhexidine_gluconate_cid9552081,,,chlorhexidine_gluconate_cid9552081.png,low,low,0.008838237607341617,stereo,Chlorhexidine Gluconate,Chlorhexidine Gluconate,1.0,60,60,stereo,stereo,Chlorhexidine Gluconate,False,False,False,False,1.0,True,True,0,3,,,,NC(=N\CCCCCC/N=C(N)/N=C(\N)Nc1ccc(Cl)cc1)/N=C(\N)Nc1ccc(Cl)cc1.O=C(O)C(O)[C@@H](O)[C@H](O)[C@@H](O)CO.O=C(O)C(O)[C@@H](O)[C@H](O)[C@H](O)CO
cholic_acid_cid221493,,,cholic_acid_cid221493.png,low,low,0.8197522241594275,wrong,,Cholic Acid,0.5,32,29,wrong,wrong,,False,False,False,False,0.5,False,False,5,1,,,,[H][C@@]12C[C@H](O)CC[C@]1(C)[C@@]1(NCl)C[C@H](O)[C@]3(C)[C@@H]([C@H](C)CCC(=O)O)CC[C@@]3([H])[C@]1(C)[C@H](O)C2
ciclopirox_olamine_cid38911,,,ciclopirox_olamine_cid38911.png,high,high,0.9115001173618721,exact,Ciclopirox Olamine,Ciclopirox Olamine,1.0,19,19,exact,exact,Ciclopirox Olamine,False,False,False,False,1.0,True,True,0,2,,,,Cc1cc(C2CCCCC2)n(O)c(=O)c1.NCCO
cilnidipine_cid5282138,,,cilnidipine_cid5282138.png,low,low,0.5983022239339703,exact,Cilnidipine,Cilnidipine,1.0,36,36,exact,exact,Cilnidipine,False,False,False,False,1.0,True,True,0,1,,,,COCCOC(=O)C1=C(C)NC(C)=C(C(=O)OC/C=C/c2ccccc2)C1c1cccc([N+](=O)[O-])c1
cilofexor_cid71228883,,,cilofexor_cid71228883.png,high,high,0.9031362641968181,exact,Cilofexor,Cilofexor,1.0,39,39,exact,exact,Cilofexor,False,False,False,False,1.0,True,True,0,1,,,,O=C(O)c1ccnc(N2CC(O)(c3ccc(OCc4c(-c5c(Cl)cccc5Cl)noc4C4CC4)cc3Cl)C2)c1
cilostazol_cid2754,,,cilostazol_cid2754.png,high,high,0.9154133346888697,exact,Cilostazol,Cilostazol,1.0,27,27,exact,exact,Cilostazol,False,False,False,False,1.0,True,True,0,1,,,,O=C1CCc2cc(OCCCCc3nnnn3C3CCCCC3)ccc2N1
cinacalcet_hydrochloride_cid156418,,,cinacalcet_hydrochloride_cid156418.png,high,high,0.9183041567409728,exact,Cinacalcet Hydrochloride,Cinacalcet Hydrochloride,1.0,27,27,exact,exact,Cinacalcet Hydrochloride,False,False,False,False,1.0,True,True,0,2,,,,C[C@@H](NCCCc1cccc(C(F)(F)F)c1)c1cccc2ccccc12.Cl
cipepofol_cid86301664,,,cipepofol_cid86301664.png,high,high,0.9068498667012274,exact,Cipepofol,Cipepofol,1.0,15,15,exact,exact,Cipepofol,False,False,False,False,1.0,True,True,0,1,,,,CC(C)c1cccc([C@H](C)C2CC2)c1O
cladribine_cid20279,,,cladribine_cid20279.png,high,high,0.8982991311965505,exact,Cladribine,Cladribine,1.0,19,19,exact,exact,Cladribine,False,False,False,False,1.0,True,True,0,1,,,,Nc1nc(Cl)nc2c1ncn2[C@H]1C[C@H](O)[C@@H](CO)O1
clascoterone_cid11750009,,,clascoterone_cid11750009.png,low,low,0.5965369485647858,wrong,,Clascoterone,0.507,32,29,wrong,wrong,,False,False,False,False,0.507,False,False,4,1,,,,[H][C@@]12CC[C@](OC(=O)CC)(C(=O)CO)[C@@]1(C)CC[C@@]1([Bi])[C@]2(BCl)CCC2=CC(=O)CC[C@@]21C
clemastine_cid26987,,,clemastine_cid26987.png,high,high,0.9131813153601325,exact,Clemastine,Clemastine,1.0,24,24,exact,exact,Clemastine,False,False,False,False,1.0,True,True,0,1,,,,CN1CCC[C@@H]1CCO[C@](C)(c1ccccc1)c1ccc(Cl)cc1
clidinium_bromide_cid19004,,,clidinium_bromide_cid19004.png,low,low,0.6498678615263144,invalid,,,,,,invalid,invalid,,False,False,False,False,,False,,,,,,,CN12CCC(CC1)C(OC(=O)C(O)(C1=CC=CC=C1)C1=CC=CC=C1)C2.[Br-]
clindamycin_cid446598,,,clindamycin_cid446598.png,low,low,0.7312240733071398,stereo,Clindamycin,Clindamycin,1.0,27,27,stereo,stereo,Clindamycin,False,False,False,False,1.0,True,True,0,1,,,,CCC[C@@H]1C[C@@H](C(=O)N[C@@H]([C@@H]2O[C@H](SC)[C@H](O)[C@@H](O)[C@@H]2O)[C@H](C)Cl)N(C)C1
clindamycin_phosphate_cid443385,,,clindamycin_phosphate_cid443385.png,low,low,0.7438884301040284,stereo,Clindamycin Phosphate,Clindamycin Phosphate,1.0,31,31,stereo,stereo,Clindamycin Phosphate,False,False,False,False,1.0,True,True,0,1,,,,CCC[C@@H]1C[C@@H](C(=O)N[C@@H]([C@H]2O[C@H](SC)[C@H](OP(=O)(O)O)[C@@H](O)[C@@H]2O)[C@H](C)Cl)N(C)C1
clioquinol_cid2788,,,clioquinol_cid2788.png,high,high,0.9237594371426124,exact,Clioquinol,Clioquinol,1.0,13,13,exact,exact,Clioquinol,False,False,False,False,1.0,True,True,0,1,,,,Oc1c(I)cc(Cl)c2cccnc12
clomipramine_cid2801,,,clomipramine_cid2801.png,high,high,0.9194051771179623,exact,Clomipramine,Clomipramine,1.0,22,22,exact,exact,Clomipramine,False,False,False,False,1.0,True,True,0,1,,,,CN(C)CCCN1c2ccccc2CCc2ccc(Cl)cc21
cobicistat_cid25151504,,,cobicistat_cid25151504.png,low,low,0.3867113344475654,exact,Cobicistat,Cobicistat,1.0,54,54,exact,exact,Cobicistat,False,False,False,False,1.0,True,True,0,1,,,,CC(C)c1nc(CN(C)C(=O)N[C@@H](CCN2CCOCC2)C(=O)N[C@H](CC[C@H](Cc2ccccc2)NC(=O)OCc2cncs2)Cc2ccccc2)cs1
cortisone_cid222786,,,cortisone_cid222786.png,low,low,0.5808644511926214,wrong,,Cortisone,0.493,28,26,wrong,wrong,,False,False,False,False,0.493,False,False,4,1,,,,"[H][C@@]12CC[C@](O)(C(=O)CO)[C@@]1(C)CC(=O)[C@@]1([Bi])[C@@]2([Bi])CCC2=CC(=O)CC[C@@]21C |^2:16,18|"
cositecan_cid148202,,,cositecan_cid148202.png,high,high,0.8689972902387729,stereo,Cositecan,Cositecan,1.0,32,32,stereo,stereo,Cositecan,False,False,False,False,1.0,True,True,0,1,,,,CC[C@]1(O)C(=O)OCc2c1cc1n(c2=O)Cc2c-1nc1ccccc1c2CC[Si](C)(C)C
crizotinib_cid11626560,,,crizotinib_cid11626560.png,high,high,0.899665967968722,exact,Crizotinib,Crizotinib,1.0,30,30,exact,exact,Crizotinib,False,False,False,False,1.0,True,True,0,1,,,,C[C@@H](Oc1cc(-c2cnn(C3CCNCC3)c2)cnc1N)c1c(Cl)ccc(F)c1Cl
cryptophycin_52_cid9939639,,,cryptophycin_52_cid9939639.png,low,low,0.7502320390021797,exact,Cryptophycin 52,Cryptophycin 52,1.0,47,47,exact,exact,Cryptophycin 52,False,False,False,False,1.0,True,True,0,1,,,,COc1ccc(C[C@H]2NC(=O)/C=C/C[C@@H]([C@H](C)[C@H]3O[C@@H]3c3ccccc3)OC(=O)[C@H](CC(C)C)OC(=O)C(C)(C)CNC2=O)cc1Cl
cyproheptadine_hydrochloride_cid13770,,,cyproheptadine_hydrochloride_cid13770.png,high,high,0.9106960897131234,exact,Cyproheptadine Hydrochloride,Cyproheptadine Hydrochloride,1.0,23,23,exact,exact,Cyproheptadine Hydrochloride,False,False,False,False,1.0,True,True,0,2,,,,CN1CCC(=C2c3ccccc3C=Cc3ccccc32)CC1.Cl
cytarabine_cid6253,,,cytarabine_cid6253.png,high,high,0.9136433528942087,exact,Cytarabine,Cytarabine,1.0,17,17,exact,exact,Cytarabine,False,False,False,False,1.0,True,True,0,1,,,,Nc1ccn([C@@H]2O[C@H](CO)[C@@H](O)[C@@H]2O)c(=O)n1
d_phenylalanine_2s_n_2r_2_2_3_aminopropyl_phenoxy_propyl_2_c_cid11526696,,,d_phenylalanine_2s_n_2r_2_2_3_aminopropyl_phenoxy_propyl_2_c_cid11526696.png,high,high,0.9145456973154316,exact,"D-Phenylalanine, (2S)-N-((2R)-2-(2-(3-aminopropyl)phenoxy)propyl)-2-cyclopropylglycyl-N-methyl-D-alanyl-4-fluoro-, (3->1)-lactam","D-Phenylalanine, (2S)-N-((2R)-2-(2-(3-aminopropyl)phenoxy)propyl)-2-cyclopropylglycyl-N-methyl-D-alanyl-4-fluoro-, (3->1)-lactam",1.0,39,39,exact,exact,"D-Phenylalanine, (2S)-N-((2R)-2-(2-(3-aminopropyl)phenoxy)propyl)-2-cyclopropylglycyl-N-methyl-D-alanyl-4-fluoro-, (3->1)-lactam",False,False,False,False,1.0,True,True,0,1,,,,C[C@@H]1CN[C@@H](C2CC2)C(=O)N(C)[C@H](C)C(=O)N[C@H](Cc2ccc(F)cc2)C(=O)NCCCc2ccccc2O1
dabigatran_cid216210,,,dabigatran_cid216210.png,high,high,0.9198285702267667,wrong,,Dabigatran,0.896,35,35,charge,charge,Dabigatran,False,False,False,False,0.896,True,True,0,1,,,,[H]/N=C(\N)c1ccc(NCc2nc3cc(C(=O)N(CCC(=O)O)c4ccccn4)ccc3n2C)cc1
dapansutrile_cid12714644,,,dapansutrile_cid12714644.png,low,low,0.8138756799215802,wrong,,Dapansutrile,0.333,8,8,wrong,wrong,,False,False,False,False,0.333,False,False,2,1,,,,C[SH](=O)(O)CCC#N
dapoxetine_cid71353,,,dapoxetine_cid71353.png,high,high,0.9068407884376167,exact,Dapoxetine,Dapoxetine,1.0,23,23,exact,exact,Dapoxetine,False,False,False,False,1.0,True,True,0,1,,,,CN(C)[C@@H](CCOc1cccc2ccccc12)c1ccccc1
darifenacin_hydrobromide_cid444030,,,darifenacin_hydrobromide_cid444030.png,high,high,0.9094343750651243,exact,Darifenacin Hydrobromide,Darifenacin Hydrobromide,1.0,33,33,exact,exact,Darifenacin Hydrobromide,False,False,False,False,1.0,True,True,0,2,,,,Br.NC(=O)C(c1ccccc1)(c1ccccc1)[C@@H]1CCN(CCc2ccc3c(c2)CCO3)C1
darinaparsin_cid11683005,,,darinaparsin_cid11683005.png,low,low,0.6225016562288851,exact,Darinaparsin,Darinaparsin,1.0,23,23,exact,exact,Darinaparsin,False,False,False,False,1.0,True,True,0,1,,,,C[As](C)SC[C@H](NC(=O)CC[C@H](N)C(=O)O)C(=O)NCC(=O)O
decoquinate_cid29112,,,decoquinate_cid29112.png,high,high,0.9073995255052546,exact,Decoquinate,Decoquinate,1.0,30,30,exact,exact,Decoquinate,False,False,False,False,1.0,True,True,0,1,,,,CCCCCCCCCCOc1cc2c(=O)c(C(=O)OCC)c[nH]c2cc1OCC
deflazacort_cid189821,,,deflazacort_cid189821.png,low,low,0.3768543221810861,invalid,,,,,,invalid,invalid,,False,False,False,False,,False,,,,,,,[H]C12CC3([H])C(C)(CC(O)C45C3(C)CCC36=CC(=O)C=CC43(C)C3=CC(=O)C=CC356C)C1(C(=O)COC(C)=O)N=C(C)O2
delanzomib_cid24800541,,,delanzomib_cid24800541.png,high,high,0.8716605719035777,exact,Delanzomib,Delanzomib,1.0,30,30,exact,exact,Delanzomib,False,False,False,False,1.0,True,True,0,1,,,,CC(C)C[C@H](NC(=O)[C@@H](NC(=O)c1cccc(-c2ccccc2)n1)[C@@H](C)O)B(O)O
delgocitinib_cid50914062,,,delgocitinib_cid50914062.png,high,high,0.898095692183988,wrong,,Delgocitinib,0.806,23,23,wrong,wrong,,False,False,False,False,0.806,False,False,5,1,,,,N#CCC(=O)N1C[C@H](I)[C@@]12CCN(c1ncnc3[nH]ccc13)C2
dersimelagon_cid126736894,,,dersimelagon_cid126736894.png,low,low,0.5685289857039706,exact,Dersimelagon,Dersimelagon,1.0,48,48,exact,exact,Dersimelagon,False,False,False,False,1.0,True,True,0,1,,,,COC[C@H]1CN(C(=O)[C@]2(F)CN(C3CCCC3)C[C@H]2c2ccc(OC)cc2)C[C@@H]1c1ccc(C(F)(F)F)cc1N1CCC(C(=O)O)CC1
deruxtecan_pyrrole_2_5_dione_cid118305111,,,deruxtecan_pyrrole_2_5_dione_cid118305111.png,low,low,3.328705233685824e-12,stereo,"Deruxtecan pyrrole-2,5-dione","Deruxtecan pyrrole-2,5-dione",1.0,75,75,stereo,stereo,"Deruxtecan pyrrole-2,5-dione",False,False,False,False,1.0,True,True,0,1,,,,CC[C@]1(O)C(=O)OCc2c1cc1n(c2=O)Cc2c-1nc1cc(F)c(C)c3c1c2[C@@H](NC(=O)COCNC(=O)CNC(=O)[C@H](Cc1ccccc1)NC(=O)CNC(=O)CNC(=O)CCCCCN1C(=O)C=CC1=O)CC3
desflurane_cid42113,,,desflurane_cid42113.png,high,high,0.8715873573731369,wrong,,Desflurane,0.524,11,10,wrong,wrong,,False,False,False,False,0.524,False,False,3,1,,,,FCC(F)OC(F)C(F)(F)F
desipramine_cid2995,,,desipramine_cid2995.png,high,high,0.897284881906502,exact,Desipramine,Desipramine,1.0,20,20,exact,exact,Desipramine,False,False,False,False,1.0,True,True,0,1,,,,CNCCCN1c2ccccc2CCc2ccccc21
deslanoside_cid28620,,,deslanoside_cid28620.png,low,low,3.974970499507762e-09,wrong,,Deslanoside,0.656,67,66,wrong,wrong,,False,False,False,False,0.656,False,False,1,1,,,,[H][C@]12CC[C@@]34C[C@]3(C[C@@H](O)C3(C)[C@H](C5=CC(=O)OC5)CC[C@@]34O)[C@@]1(C)CC[C@H](O[C@H]1C[C@@H](O)C(O[C@H]3CC(O)[C@@H](O[C@H]4C[C@H](O)[C@@H](O[C@H]5O[C@H](CO)C(O)C(O)[C@@H]5O)[C@@H](C)O4)[C@@H](C)O3)[C@@H](C)O1)C2
deucravacitinib_cid134821691,,,deucravacitinib_cid134821691.png,high,high,0.8755201147480588,wrong,,Deucravacitinib,0.761,34,31,wrong,wrong,,False,False,False,False,0.761,False,False,6,1,,,,COc1c(Nc2cc(NC(=O)C3CC3)nnc2C(=O)NC([12I])([12I])[13I])cccc1-c1ncn(C)n1
dexrazoxane_cid71384,,,dexrazoxane_cid71384.png,high,high,0.911026340969588,exact,Dexrazoxane,Dexrazoxane,1.0,19,19,exact,exact,Dexrazoxane,False,False,False,False,1.0,True,True,0,1,,,,C[C@@H](CN1CC(=O)NC(=O)C1)N1CC(=O)NC(=O)C1
dicyclomine_hydrochloride_cid441344,,,dicyclomine_hydrochloride_cid441344.png,high,high,0.9061197892078656,exact,Dicyclomine Hydrochloride,Dicyclomine Hydrochloride,1.0,23,23,exact,exact,Dicyclomine Hydrochloride,False,False,False,False,1.0,True,True,0,2,,,,CCN(CC)CCOC(=O)C1(C2CCCCC2)CCCCC1.Cl
difelikefalin_cid24794466,,,difelikefalin_cid24794466.png,low,low,4.627539117568023e-05,stereo,Difelikefalin,Difelikefalin,1.0,49,49,stereo,stereo,Difelikefalin,False,False,False,False,1.0,True,True,0,1,,,,CC(C)C[C@@H](NC(=O)[C@@H](Cc1ccccc1)NC(=O)[C@H](N)Cc1ccccc1)C(=O)N[C@@H](CCCCN)C(=O)N1CCC(N)(C(=O)O)CC1
digitoxin_cid441207,,,digitoxin_cid441207.png,low,low,1.859299087661869e-05,invalid,,,,,,invalid,invalid,,False,False,False,False,,False,,,,,,,[H]C12CCC34567([H])[H]C389%10C4CC3([H])C14(O)CCC(C1=CC(O)OC1)C4(C)CCC231C8523CC196(C2)C3CC(OC1CC(O)C(OC2CC(O)C(OC3CC(O)C(O)C(C)O3)C(C)O2)C(C)O1)C%107
dihydroartemisinin_cid107770,,,dihydroartemisinin_cid107770.png,low,low,0.5914605292398187,invalid,,,,,,invalid,invalid,,False,False,False,False,,False,,,,,,,[H]C12OC(O)C(O)C3CCC(C)C456CCC(C)(OO4C315OO6)O2
dinoprost_cid5280363,,,dinoprost_cid5280363.png,high,high,0.9148819626667182,stereo,Dinoprost,Dinoprost,1.0,25,25,stereo,stereo,Dinoprost,False,False,False,False,1.0,True,True,0,1,,,,CCCCC[C@@H](O)C=C[C@@H]1[C@@H](C/C=C\CCCC(=O)O)[C@@H](O)C[C@H]1O
dirithromycin_cid6473883,,,dirithromycin_cid6473883.png,low,low,4.28561311832171e-10,invalid,,,,,,invalid,invalid,,False,False,False,False,,False,,,,,,,[H]C12OC3C(OCCOC)C4(COCCOC)OC56([H])C1(C)(O)C1OC7(=O)C(C)C(OC8CC(C)(OC)C(O)C(C)O8)C(C)C(OC8OC(C)CC(N(C)C)C8O)C(C)(O)C[CH]8(C)C9%10%11CC8%12(CC795%12C(=O)OC(CC)(C1C)C26(C)O)(N3%10)N4%11
disopyramide_cid3114,,,disopyramide_cid3114.png,high,high,0.8952784649668094,exact,Disopyramide,Disopyramide,1.0,25,25,exact,exact,Disopyramide,False,False,False,False,1.0,True,True,0,1,,,,CC(C)N(CCC(C(N)=O)(c1ccccc1)c1ccccn1)C(C)C
distearoylphosphatidylcholine_cid65146,,,distearoylphosphatidylcholine_cid65146.png,low,low,5.334262724560708e-07,wrong,,Distearoylphosphatidylcholine,0.439,54,54,wrong,wrong,,False,False,False,False,0.439,False,False,5,1,,,,CCCCCCCCCCCCCCCCCC(=O)OC[C@H](CO[P]([O-])(O)OCC[Si](C)(C)C)O[C@H](O)CCCCCCCCCCCCCCCCC |^1:24|
dl_selenomethionine_cid15103,,,dl_selenomethionine_cid15103.png,high,high,0.9078315373686863,exact,DL-selenomethionine,DL-selenomethionine,1.0,9,9,exact,exact,DL-selenomethionine,False,False,False,False,1.0,True,True,0,1,,,,C[Se]CCC(N)C(=O)O
dobutamine_hydrochloride_cid65324,,,dobutamine_hydrochloride_cid65324.png,high,high,0.9193219239428024,exact,Dobutamine Hydrochloride,Dobutamine Hydrochloride,1.0,23,23,exact,exact,Dobutamine Hydrochloride,False,False,False,False,1.0,True,True,0,2,,,,CC(CCc1ccc(O)cc1)NCCc1ccc(O)c(O)c1.Cl
dofetilide_cid71329,,,dofetilide_cid71329.png,low,low,0.1848017722624812,exact,Dofetilide,Dofetilide,1.0,29,29,exact,exact,Dofetilide,False,False,False,False,1.0,True,True,0,1,,,,CN(CCOc1ccc(NS(C)(=O)=O)cc1)CCc1ccc(NS(C)(=O)=O)cc1
domperidone_cid3151,,,domperidone_cid3151.png,high,high,0.900672915147128,exact,Domperidone,Domperidone,1.0,30,30,exact,exact,Domperidone,False,False,False,False,1.0,True,True,0,1,,,,O=c1[nH]c2ccccc2n1CCCN1CCC(n2c(=O)[nH]c3cc(Cl)ccc32)CC1
doramectin_cid9832750,,,doramectin_cid9832750.png,low,low,1.032199787168877e-09,invalid,,,,,,invalid,invalid,,False,False,False,False,,False,,,,,,,[H]C12CC3(C=CC(C)C(C4CCCCC4)O3)OC3([H])(CC=C4(C)[CH]56O7[CH]8(CC(OC)C(OC9CC(OC)C(O)C(C)O9)C(C)O8)O[CH]748(C(C)C=C4C=C79%10C%11OC%12%13%14([H])C(O)C(C)=CC%15([H])(C(=O)O1)C7%121(O)C7(=C4C=C[CH]58C)C945OC74%15%10%131(O)O%115%14)C6(C)=CC3)C2
dronedarone_hydrochloride_cid219025,,,dronedarone_hydrochloride_cid219025.png,high,high,0.9129600492191017,exact,Dronedarone Hydrochloride,Dronedarone Hydrochloride,1.0,40,40,exact,exact,Dronedarone Hydrochloride,False,False,False,False,1.0,True,True,0,2,,,,CCCCc1oc2ccc(NS(C)(=O)=O)cc2c1C(=O)c1ccc(OCCCN(CCCC)CCCC)cc1.Cl
droxidopa_cid92974,,,droxidopa_cid92974.png,high,high,0.9027580652352684,exact,Droxidopa,Droxidopa,1.0,15,15,exact,exact,Droxidopa,False,False,False,False,1.0,True,True,0,1,,,,N[C@H](C(=O)O)[C@H](O)c1ccc(O)c(O)c1
durlobactam_cid89851852,,,durlobactam_cid89851852.png,high,high,0.8756847928244994,exact,Durlobactam,Durlobactam,1.0,18,18,exact,exact,Durlobactam,False,False,False,False,1.0,True,True,0,1,,,,[H][C@@]12C=C(C)[C@@H](C(N)=O)N(C1)C(=O)N2OS(=O)(=O)O
dutogliptin_cid11253490,,,dutogliptin_cid11253490.png,high,high,0.9213085467218322,exact,Dutogliptin,Dutogliptin,1.0,17,17,exact,exact,Dutogliptin,False,False,False,False,1.0,True,True,0,1,,,,O=C(CN[C@@H]1CCNC1)N1CCC[C@H]1B(O)O
echothiophate_cid10548,,,echothiophate_cid10548.png,high,high,0.9075959888752194,exact,Echothiophate,Echothiophate,1.0,15,15,exact,exact,Echothiophate,False,False,False,False,1.0,True,True,0,1,,,,CCOP(=O)(OCC)SCC[N+](C)(C)C
edrophonium_chloride_cid8307,,,edrophonium_chloride_cid8307.png,high,high,0.9045873810172432,exact,Edrophonium Chloride,Edrophonium Chloride,1.0,13,13,exact,exact,Edrophonium Chloride,False,False,False,False,1.0,True,True,0,2,,,,CC[N+](C)(C)c1cccc(O)c1.[Cl-]
efinaconazole_cid489181,,,efinaconazole_cid489181.png,high,high,0.8948270972857031,exact,Efinaconazole,Efinaconazole,1.0,25,25,exact,exact,Efinaconazole,False,False,False,False,1.0,True,True,0,1,,,,C=C1CCN([C@H](C)[C@](O)(Cn2cncn2)c2ccc(F)cc2F)CC1
efonidipine_cid119171,,,efonidipine_cid119171.png,high,high,0.9145468617569108,exact,Efonidipine,Efonidipine,1.0,45,45,exact,exact,Efonidipine,False,False,False,False,1.0,True,True,0,1,,,,CC1=C(C(=O)OCCN(Cc2ccccc2)c2ccccc2)C(c2cccc([N+](=O)[O-])c2)C(P2(=O)OCC(C)(C)CO2)=C(C)N1
elacestrant_cid23642301,,,elacestrant_cid23642301.png,high,high,0.9141357029314272,exact,Elacestrant,Elacestrant,1.0,34,34,exact,exact,Elacestrant,False,False,False,False,1.0,True,True,0,1,,,,CCNCCc1ccc(CN(CC)c2cc(OC)ccc2[C@@H]2CCc3cc(O)ccc3C2)cc1
elagolix_cid11250647,,,elagolix_cid11250647.png,high,high,0.9117017971406789,exact,Elagolix,Elagolix,1.0,45,45,exact,exact,Elagolix,False,False,False,False,1.0,True,True,0,1,,,,COc1cccc(-c2c(C)n(Cc3c(F)cccc3C(F)(F)F)c(=O)n(C[C@H](NCCCC(=O)O)c3ccccc3)c2=O)c1F
elbasvir_cid71661251,,,elbasvir_cid71661251.png,low,low,0.001369786788470305,wrong,,Elbasvir,0.879,65,65,near,near,,False,False,False,False,0.879,False,False,2,1,,,,COC(=O)N[C@H](C(=O)N1CCC[C@H]1c1ncc(-c2ccc3c(c2)cc2n3[C@H](c3ccccc3)Oc3cc(-c4cnc([C@@H]5CCCN5[C@H](O)[C@@H](NC(=O)OC)C(C)C)[nH]4)ccc3-2)[nH]1)C(C)C
eletriptan_hydrobromide_cid656631,,,eletriptan_hydrobromide_cid656631.png,high,high,0.9147184247907951,exact,Eletriptan Hydrobromide,Eletriptan Hydrobromide,1.0,28,28,exact,exact,Eletriptan Hydrobromide,False,False,False,False,1.0,True,True,0,2,,,,Br.CN1CCC[C@@H]1Cc1c[nH]c2ccc(CCS(=O)(=O)c3ccccc3)cc12
elexacaftor_cid134587348,,,elexacaftor_cid134587348.png,high,high,0.8935553008333542,exact,Elexacaftor,Elexacaftor,1.0,41,41,exact,exact,Elexacaftor,False,False,False,False,1.0,True,True,0,1,,,,Cc1nn(C)cc1S(=O)(=O)NC(=O)c1ccc(-n2ccc(OCC(C)(C)C(F)(F)F)n2)nc1N1C[C@@H](C)CC1(C)C
eltanexor_cid86345880,,,eltanexor_cid86345880.png,high,high,0.891582135364185,exact,Eltanexor,Eltanexor,1.0,30,30,exact,exact,Eltanexor,False,False,False,False,1.0,True,True,0,1,,,,NC(=O)/C(=C/n1cnc(-c2cc(C(F)(F)F)cc(C(F)(F)F)c2)n1)c1cncnc1
eltrombopag_cid135449332,,,eltrombopag_cid135449332.png,high,high,0.909111209306595,stereo,Eltrombopag,Eltrombopag,1.0,33,33,stereo,stereo,Eltrombopag,False,False,False,False,1.0,True,True,0,1,,,,Cc1ccc(-n2[nH]c(C)c(/N=N/c3cccc(-c4cccc(C(=O)O)c4)c3O)c2=O)cc1C
elvitegravir_cid5277135,,,elvitegravir_cid5277135.png,high,high,0.9093911396390577,exact,Elvitegravir,Elvitegravir,1.0,31,31,exact,exact,Elvitegravir,False,False,False,False,1.0,True,True,0,1,,,,COc1cc2c(cc1Cc1cccc(Cl)c1F)c(=O)c(C(=O)O)cn2[C@H](CO)C(C)C
emamectin_b1a_cid11136686,,,emamectin_b1a_cid11136686.png,low,low,2.044598793267208e-07,stereo,Emamectin B1A,Emamectin B1A,1.0,63,63,stereo,stereo,Emamectin B1A,False,False,False,False,1.0,True,True,0,1,,,,[H]C12CC=C(C)C(O[C@H]3C[C@H](OC)C(OC4CC(OC)[C@H](NC)[C@H](C)O4)[C@H](C)O3)[C@@H](C)/C=C/C=C3CO[C@]4([H])[C@H](O)C(C)=C[C@@]([H])(C(=O)O[C@@]([H])(C1)C[C@]1(C=C[C@H](C)C([C@@H](C)CC)O1)O2)[C@]34O
emtricitabine_cid60877,,,emtricitabine_cid60877.png,high,high,0.9083250645271095,exact,Emtricitabine,Emtricitabine,1.0,16,16,exact,exact,Emtricitabine,False,False,False,False,1.0,True,True,0,1,,,,Nc1nc(=O)n([C@@H]2CS[C@H](CO)O2)cc1F
encorafenib_cid50922675,,,encorafenib_cid50922675.png,high,high,0.9014978596193177,exact,Encorafenib,Encorafenib,1.0,36,36,exact,exact,Encorafenib,False,False,False,False,1.0,True,True,0,1,,,,COC(=O)N[C@@H](C)CNc1nccc(-c2cn(C(C)C)nc2-c2cc(Cl)cc(NS(C)(=O)=O)c2F)n1
enflurane_cid3226,,,enflurane_cid3226.png,low,low,0.7797646188635183,wrong,,Enflurane,0.619,12,10,wrong,wrong,,False,False,False,False,0.619,False,False,3,1,,,,FC(F)OC(F)(F)C(Cl)C(F)Cl
entecavir_cid135398508,,,entecavir_cid135398508.png,high,high,0.9122990332572225,exact,Entecavir,Entecavir,1.0,20,20,exact,exact,Entecavir,False,False,False,False,1.0,True,True,0,1,,,,C=C1[C@H](CO)[C@@H](O)C[C@@H]1n1cnc2c(=O)[nH]c(N)nc21
entrectinib_cid25141092,,,entrectinib_cid25141092.png,high,high,0.9100679252606465,exact,Entrectinib,Entrectinib,1.0,41,41,exact,exact,Entrectinib,False,False,False,False,1.0,True,True,0,1,,,,CN1CCN(c2ccc(C(=O)Nc3n[nH]c4ccc(Cc5cc(F)cc(F)c5)cc34)c(NC3CCOCC3)c2)CC1
eptaplatin_cid119378,,,eptaplatin_cid119378.png,high,high,0.8858402696769422,exact,Eptaplatin,Eptaplatin,1.0,20,20,exact,exact,Eptaplatin,False,False,False,False,1.0,True,True,0,3,,,,CC(C)C1O[C@H](CN)[C@@H](CN)O1.O=C([O-])CC(=O)[O-].[Pt+2]
eptifibatide_cid448812,,,eptifibatide_cid448812.png,low,low,0.01766955015376657,invalid,,,,,,invalid,invalid,,False,False,False,False,,False,,,,,,,[H]C12CC3CC3C3(C(=O)NC(CCCCN=C(N)N)C(=O)N13)N1(C(=O)NCC(=O)NC(CC(=O)O)C(=O)NC(CC3=CNC4=C3C=CC=C4)C1=O)C1([H])C(=O)NC(C(N)=O)C[CH]21C
ergometrine_cid443884,,,ergometrine_cid443884.png,high,high,0.8838588299321883,exact,Ergometrine,Ergometrine,1.0,24,24,exact,exact,Ergometrine,False,False,False,False,1.0,True,True,0,1,,,,[H][C@@]12Cc3c[nH]c4cccc(c34)C1=C[C@@H](C(=O)N[C@@H](C)CO)CN2C
ertugliflozin_cid44814423,,,ertugliflozin_cid44814423.png,high,high,0.847776669935653,stereo,Ertugliflozin,Ertugliflozin,1.0,30,30,stereo,stereo,Ertugliflozin,False,False,False,False,1.0,True,True,0,1,,,,CCOc1ccc(Cc2cc([C@]34OC[C@](CO)(O3)[C@@H](O)[C@@H](O)[C@H]4O)ccc2Cl)cc1
esmolol_hydrochloride_cid104769,,,esmolol_hydrochloride_cid104769.png,high,high,0.8982998942874468,stereo,Esmolol Hydrochloride,Esmolol Hydrochloride,1.0,22,22,stereo,stereo,Esmolol Hydrochloride,False,False,False,False,1.0,True,True,0,2,,,,COC(=O)CCc1ccc(OC[C@@H](O)CNC(C)C)cc1.Cl
etelcalcetide_cid71511839,,,etelcalcetide_cid71511839.png,low,low,1.482281185171731e-09,wrong,,Etelcalcetide,0.781,71,71,wrong,wrong,,False,False,False,False,0.781,False,False,2,1,,,,CC(=O)N[C@@H](CSSC[C@@H](N)C(=O)O)C(=O)NC(C)C(=O)N[C@H](CCCN=C(N)N)C(=O)N[C@H](CCCNC(N)N)C(=O)N[C@H](CCCNC(=N)N)C(=O)N[C@H](C)C(=O)N[C@H](CCCN=C(N)N)C(N)=O
ethaselen_cid10387485,,,ethaselen_cid10387485.png,high,high,0.9219740978700882,exact,Ethaselen,Ethaselen,1.0,22,22,exact,exact,Ethaselen,False,False,False,False,1.0,True,True,0,1,,,,O=c1c2ccccc2[se]n1CCn1[se]c2ccccc2c1=O
ethinylestradiol_cid5991,,,ethinylestradiol_cid5991.png,low,low,0.3914644108629121,wrong,,Ethinylestradiol,0.483,22,22,wrong,wrong,,False,False,False,False,0.483,False,False,4,1,,,,*[C@]12CCc3cc(O)ccc3[C@@]1(*)CC[C@@]1(C)[C@@]2([H])CC[C@]1(O)C#C |$EtI;;;;;;;;;;;;EtI;;;;;;;;;;;;$|
etomidate_cid667484,,,etomidate_cid667484.png,high,high,0.9110889135022572,exact,Etomidate,Etomidate,1.0,18,18,exact,exact,Etomidate,False,False,False,False,1.0,True,True,0,1,,,,CCOC(=O)c1cncn1[C@H](C)c1ccccc1
etoricoxib_cid123619,,,etoricoxib_cid123619.png,high,high,0.9207239692593531,exact,Etoricoxib,Etoricoxib,1.0,24,24,exact,exact,Etoricoxib,False,False,False,False,1.0,True,True,0,1,,,,Cc1ccc(-c2ncc(Cl)cc2-c2ccc(S(C)(=O)=O)cc2)cn1
etrasimod_cid44623998,,,etrasimod_cid44623998.png,high,high,0.9104432476734888,exact,Etrasimod,Etrasimod,1.0,33,33,exact,exact,Etrasimod,False,False,False,False,1.0,True,True,0,1,,,,O=C(O)C[C@H]1CCc2c1[nH]c1ccc(OCc3ccc(C4CCCC4)c(C(F)(F)F)c3)cc21
etretinate_cid5282375,,,etretinate_cid5282375.png,high,high,0.9204887149420907,exact,Etretinate,Etretinate,1.0,26,26,exact,exact,Etretinate,False,False,False,False,1.0,True,True,0,1,,,,CCOC(=O)/C=C(C)/C=C/C=C(C)/C=C/c1c(C)cc(OC)c(C)c1C
exatecan_cid151115,,,exatecan_cid151115.png,low,low,0.6716450961686189,exact,Exatecan,Exatecan,1.0,32,32,exact,exact,Exatecan,False,False,False,False,1.0,True,True,0,1,,,,CC[C@@]1(O)C(=O)OCc2c1cc1n(c2=O)Cc2c-1nc1cc(F)c(C)c3c1c2[C@@H](N)CC3
febuxostat_cid134018,,,febuxostat_cid134018.png,high,high,0.901492006213007,exact,Febuxostat,Febuxostat,1.0,22,22,exact,exact,Febuxostat,False,False,False,False,1.0,True,True,0,1,,,,Cc1nc(-c2ccc(OCC(C)C)c(C#N)c2)sc1C(=O)O
fedratinib_cid16722836,,,fedratinib_cid16722836.png,low,low,0.4038538822500364,exact,Fedratinib,Fedratinib,1.0,37,37,exact,exact,Fedratinib,False,False,False,False,1.0,True,True,0,1,,,,Cc1cnc(Nc2ccc(OCCN3CCCC3)cc2)nc1Nc1cccc(S(=O)(=O)NC(C)(C)C)c1
felypressin_cid14257662,,,felypressin_cid14257662.png,low,low,4.427191809570079e-08,wrong,,Felypressin,0.871,72,72,near,near,,False,False,False,False,0.871,False,False,4,1,,,,NCCCC[C@H](NC(=O)[C@H]1CCCN1C(=O)[C@H]1CSCC[C@H](N)C(=O)N[C@@H](Cc2ccccc2)C(=O)N[C@H](Cc2ccccc2)C(=O)N[C@@H](CCC(N)=O)C(=O)N[C@@H](CC(N)=O)C(=O)N1)C(=O)NCC(N)=O
fenebrutinib_cid86567195,,,fenebrutinib_cid86567195.png,low,low,0.5873922623121854,exact,Fenebrutinib,Fenebrutinib,1.0,49,49,exact,exact,Fenebrutinib,False,False,False,False,1.0,True,True,0,1,,,,C[C@H]1CN(C2COC2)CCN1c1ccc(Nc2cc(-c3ccnc(N4CCn5c(cc6c5CC(C)(C)C6)C4=O)c3CO)cn(C)c2=O)nc1
fenoterol_cid3343,,,fenoterol_cid3343.png,high,high,0.9254425357049136,exact,Fenoterol,Fenoterol,1.0,22,22,exact,exact,Fenoterol,False,False,False,False,1.0,True,True,0,1,,,,CC(Cc1ccc(O)cc1)NCC(O)c1cc(O)cc(O)c1
ferric_maltol_cid169535,,,ferric_maltol_cid169535.png,high,high,0.9120483515119748,wrong,,Ferric Maltol,0.913,28,28,near,near,,False,False,False,False,0.913,False,False,0,4,,Cc1occc(=O)c1[O-].Cc1occc(=O)c1[O-],,Cc1occc(=O)c1[O-].Cc1occc(=O)c1[O-].Cc1occc(=O)c1[O-].[Fe+2]
ferroquine_cid140118553,,,ferroquine_cid140118553.png,high,high,0.8937716752007276,wrong,,Ferroquine,0.597,28,28,wrong,wrong,,False,False,False,False,0.597,False,False,1,3,,,,CN(C)CC1=CC=CC1CNc1ccnc2cc(Cl)ccc12.[Fe+2].c1cc[cH-]c1
ferrous_fumarate_cid6433164,,,ferrous_fumarate_cid6433164.png,high,high,0.912990345208201,exact,Ferrous Fumarate,Ferrous Fumarate,1.0,9,9,exact,exact,Ferrous Fumarate,False,False,False,False,1.0,True,True,0,2,,,,O=C([O-])/C=C/C(=O)[O-].[Fe+2]
fesoterodine_fumarate_cid9849808,,,fesoterodine_fumarate_cid9849808.png,low,low,0.0850416630365756,exact,Fesoterodine Fumarate,Fesoterodine Fumarate,1.0,38,38,exact,exact,Fesoterodine Fumarate,False,False,False,False,1.0,True,True,0,2,,,,CC(C)C(=O)Oc1ccc(CO)cc1[C@H](CCN(C(C)C)C(C)C)c1ccccc1.O=C(O)/C=C/C(=O)O
fevipiprant_cid23582412,,,fevipiprant_cid23582412.png,high,high,0.9071432111106987,exact,Fevipiprant,Fevipiprant,1.0,29,29,exact,exact,Fevipiprant,False,False,False,False,1.0,True,True,0,1,,,,Cc1c(CC(=O)O)c2cccnc2n1Cc1ccc(S(C)(=O)=O)cc1C(F)(F)F
fexinidazole_cid68792,,,fexinidazole_cid68792.png,high,high,0.8904428305214175,exact,Fexinidazole,Fexinidazole,1.0,19,19,exact,exact,Fexinidazole,False,False,False,False,1.0,True,True,0,1,,,,CSc1ccc(OCc2ncc([N+](=O)[O-])n2C)cc1
fingolimod_cid107970,,,fingolimod_cid107970.png,high,high,0.9031434703130001,exact,Fingolimod,Fingolimod,1.0,22,22,exact,exact,Fingolimod,False,False,False,False,1.0,True,True,0,1,,,,CCCCCCCCc1ccc(CCC(N)(CO)CO)cc1
floxuridine_cid5790,,,floxuridine_cid5790.png,high,high,0.9031857174883539,exact,Floxuridine,Floxuridine,1.0,17,17,exact,exact,Floxuridine,False,False,False,False,1.0,True,True,0,1,,,,O=c1[nH]c(=O)n([C@H]2C[C@H](O)[C@@H](CO)O2)cc1F
fludarabine_cid657237,,,fludarabine_cid657237.png,high,high,0.9139520736190073,exact,Fludarabine,Fludarabine,1.0,20,20,exact,exact,Fludarabine,False,False,False,False,1.0,True,True,0,1,,,,Nc1nc(F)nc2c1ncn2[C@@H]1O[C@H](CO)[C@@H](O)[C@@H]1O
flunitrazepam_cid3380,,,flunitrazepam_cid3380.png,high,high,0.9179850055207835,exact,Flunitrazepam,Flunitrazepam,1.0,23,23,exact,exact,Flunitrazepam,False,False,False,False,1.0,True,True,0,1,,,,CN1C(=O)CN=C(c2ccccc2F)c2cc([N+](=O)[O-])ccc21
fluoxymesterone_cid6446,,,fluoxymesterone_cid6446.png,high,high,0.8717306812293925,exact,Fluoxymesterone,Fluoxymesterone,1.0,24,24,exact,exact,Fluoxymesterone,False,False,False,False,1.0,True,True,0,1,,,,[H][C@@]12CC[C@](C)(O)[C@@]1(C)C[C@H](O)[C@@]1(F)[C@@]2([H])CCC2=CC(=O)CC[C@@]21C
fluphenazine_cid3372,,,fluphenazine_cid3372.png,high,high,0.9173683728096489,exact,Fluphenazine,Fluphenazine,1.0,30,30,exact,exact,Fluphenazine,False,False,False,False,1.0,True,True,0,1,,,,OCCN1CCN(CCCN2c3ccccc3Sc3ccc(C(F)(F)F)cc32)CC1
flurithromycin_cid71260,,,flurithromycin_cid71260.png,low,low,0.4749993266307141,exact,Flurithromycin,Flurithromycin,1.0,52,52,exact,exact,Flurithromycin,False,False,False,False,1.0,True,True,0,1,,,,CC[C@H]1OC(=O)[C@H](C)[C@@H](O[C@H]2C[C@@](C)(OC)[C@@H](O)[C@H](C)O2)[C@H](C)[C@@H](O[C@@H]2O[C@H](C)C[C@H](N(C)C)[C@H]2O)[C@](C)(O)C[C@](C)(F)C(=O)[C@H](C)[C@@H](O)[C@]1(C)O
formaldehyde_cid712,,,formaldehyde_cid712.png,low,low,0.6617027055789331,wrong,,Formaldehyde,0.0,5,2,wrong,wrong,,False,False,False,False,0.0,False,False,15,3,,CC,,CC.CC.O
fosfluconazole_cid214356,,,fosfluconazole_cid214356.png,high,high,0.9161488314716545,exact,Fosfluconazole,Fosfluconazole,1.0,26,26,exact,exact,Fosfluconazole,False,False,False,False,1.0,True,True,0,1,,,,O=P(O)(O)OC(Cn1cncn1)(Cn1cncn1)c1ccc(F)cc1F
frovatriptan_succinate_cid152943,,,frovatriptan_succinate_cid152943.png,high,high,0.9092520898532981,exact,Frovatriptan Succinate,Frovatriptan Succinate,1.0,27,27,exact,exact,Frovatriptan Succinate,False,False,False,False,1.0,True,True,0,3,,,,CN[C@@H]1CCc2[nH]c3ccc(C(N)=O)cc3c2C1.O.O=C(O)CCC(=O)O
fulvestrant_cid104741,,,fulvestrant_cid104741.png,low,low,0.0004537526002563513,invalid,,,,,,invalid,invalid,,False,False,False,False,,False,,,,,,,[H]C12CCC(O)C13(C)CC14C3CC13[H]C41([H])C4=C(C=C(O)C=C4)CC(CCCCCCCCCC(=O)CCCC(F)(F)C(F)(F)F)C321
furazolidone_cid5323714,,,furazolidone_cid5323714.png,high,high,0.9085773733682472,exact,Furazolidone,Furazolidone,1.0,16,16,exact,exact,Furazolidone,False,False,False,False,1.0,True,True,0,1,,,,O=C1OCCN1/N=C/c1ccc([N+](=O)[O-])o1
gabapentin_enacarbil_cid9883933,,,gabapentin_enacarbil_cid9883933.png,high,high,0.9089762077013419,exact,Gabapentin Enacarbil,Gabapentin Enacarbil,1.0,23,23,exact,exact,Gabapentin Enacarbil,False,False,False,False,1.0,True,True,0,1,,,,CC(OC(=O)NCC1(CC(=O)O)CCCCC1)OC(=O)C(C)C
gantacurium_cid10102486,,,gantacurium_cid10102486.png,low,low,1.933364905216052e-09,invalid,,,,,,invalid,invalid,,False,False,False,False,,False,,,,,,,COC1=CC2=C(C=C1OC)C(CC1=CC(OC)=C(OC)C(OC)=C1)[N+](C)(CCCOC(=O)C(Cl)CC(=O)OCCC[N+]13(C)CC4C=C56C=C7O(C)COC8=CC9(=C4C=C87OC)[CH]51C1(=CC(OC)=C(OC)C(OC)=C1)[CH]693C1=CC(OC)=C(OC)C(OC)=C1)CC2
gemigliptin_cid11953153,,,gemigliptin_cid11953153.png,low,low,0.5969135016065917,exact,Gemigliptin,Gemigliptin,1.0,33,33,exact,exact,Gemigliptin,False,False,False,False,1.0,True,True,0,1,,,,N[C@@H](CC(=O)N1CCc2c(nc(C(F)(F)F)nc2C(F)(F)F)C1)CN1CC(F)(F)CCC1=O
gilteritinib_cid49803313,,,gilteritinib_cid49803313.png,high,high,0.9007005583906075,exact,Gilteritinib,Gilteritinib,1.0,40,40,exact,exact,Gilteritinib,False,False,False,False,1.0,True,True,0,1,,,,CCc1nc(C(N)=O)c(Nc2ccc(N3CCC(N4CCN(C)CC4)CC3)c(OC)c2)nc1NC1CCOCC1
giredestrant_cid121410806,,,giredestrant_cid121410806.png,high,high,0.8588283121892574,exact,Giredestrant,Giredestrant,1.0,37,37,exact,exact,Giredestrant,False,False,False,False,1.0,True,True,0,1,,,,C[C@@H]1Cc2c([nH]c3ccccc23)[C@@H](c2c(F)cc(NC3CN(CCCF)C3)cc2F)N1CC(F)(F)CO
givinostat_cid9804992,,,givinostat_cid9804992.png,high,high,0.893549892037841,exact,Givinostat,Givinostat,1.0,31,31,exact,exact,Givinostat,False,False,False,False,1.0,True,True,0,1,,,,CCN(CC)Cc1ccc2cc(COC(=O)Nc3ccc(C(=O)NO)cc3)ccc2c1
glasdegib_cid25166913,,,glasdegib_cid25166913.png,low,low,0.8413019823290598,exact,Glasdegib,Glasdegib,1.0,28,28,exact,exact,Glasdegib,False,False,False,False,1.0,True,True,0,1,,,,CN1CC[C@@H](NC(=O)Nc2ccc(C#N)cc2)C[C@@H]1c1nc2ccccc2[nH]1
glutaraldehyde_cid3485,,,glutaraldehyde_cid3485.png,low,low,0.8392895115198012,wrong,,Glutaraldehyde,0.667,7,7,wrong,wrong,,False,False,False,False,0.667,False,False,4,1,,,,C=CCCCC=O
glycolic_acid_cid757,,,glycolic_acid_cid757.png,low,low,0.7500528072196808,wrong,,Glycolic Acid,0.188,5,5,wrong,wrong,,False,False,False,False,0.188,False,False,6,1,,,,CC(O)CO
gonadorelin_cid638793,,,gonadorelin_cid638793.png,low,low,4.863586887131587e-05,stereo,Gonadorelin,Gonadorelin,1.0,85,85,stereo,stereo,Gonadorelin,False,False,False,False,1.0,True,True,0,1,,,,CC(C)C[C@@H](NC(=O)CNC(=O)[C@H](Cc1ccc(O)cc1)NC(=O)C(CO)NC(=O)[C@@H](Cc1c[nH]c2ccccc12)NC(=O)[C@H](Cc1cnc[nH]1)NC(=O)[C@H]1CCC(=O)N1)C(=O)N[C@H](CCCN=C(N)N)C(=O)N1CCC[C@@H]1C(=O)NCC(N)=O
grazoprevir_cid44603531,,,grazoprevir_cid44603531.png,low,low,0.01127175186345083,invalid,,,,,,invalid,invalid,,False,False,False,False,,False,,,,,,,[H]C1CCCCC23(CCC4=NC5=C(C=C(OC)C=C5)N=C4O2)CC(C(=O)NC2(C(=O)NS(=O)(=O)C4CC4)CC2C=C)N(C3)C(=O)C(C(C)(C)C)NC(=O)O2C1([H])OC2(=O)NC1C23CC1(C)(C)(C)(C2)C3
halofantrine_hydrochloride_cid37392,,,halofantrine_hydrochloride_cid37392.png,high,high,0.9111935405812795,exact,(+-)-Halofantrine hydrochloride,(+-)-Halofantrine hydrochloride,1.0,34,34,exact,exact,(+-)-Halofantrine hydrochloride,False,False,False,False,1.0,True,True,0,2,,,,CCCCN(CCCC)CCC(O)c1cc2c(Cl)cc(Cl)cc2c2cc(C(F)(F)F)ccc12.Cl
haloprogin_cid3561,,,haloprogin_cid3561.png,high,high,0.916390560500825,exact,Haloprogin,Haloprogin,1.0,14,14,exact,exact,Haloprogin,False,False,False,False,1.0,True,True,0,1,,,,Clc1cc(Cl)c(OCC#CI)cc1Cl
henagliflozin_cid56832738,,,henagliflozin_cid56832738.png,low,low,0.8389666772500202,stereo,Henagliflozin,Henagliflozin,1.0,31,31,stereo,stereo,Henagliflozin,False,False,False,False,1.0,True,True,0,1,,,,CCOc1ccc(Cc2cc([C@@]34OC[C@@](CO)(O3)[C@H](O)[C@H](O)[C@@H]4O)ccc2Cl)cc1F
hexachlorocyclohexane_cid727,,,hexachlorocyclohexane_cid727.png,high,high,0.9099636690330875,exact,Hexachlorocyclohexane,Hexachlorocyclohexane,1.0,12,12,exact,exact,Hexachlorocyclohexane,False,False,False,False,1.0,True,True,0,1,,,,ClC1C(Cl)C(Cl)C(Cl)C(Cl)C1Cl
hexestrol_cid192197,,,hexestrol_cid192197.png,high,high,0.8974701882933005,exact,Hexestrol,Hexestrol,1.0,20,20,exact,exact,Hexestrol,False,False,False,False,1.0,True,True,0,1,,,,CC[C@H](c1ccc(O)cc1)[C@@H](CC)c1ccc(O)cc1
hexoprenaline_cid3609,,,hexoprenaline_cid3609.png,low,low,0.5867993034841787,stereo,Hexoprenaline,Hexoprenaline,1.0,30,30,stereo,stereo,Hexoprenaline,False,False,False,False,1.0,True,True,0,1,,,,Oc1ccc([C@@H](O)CNCCCCCCNC[C@H](O)c2ccc(O)c(O)c2)cc1O
histrelin_cid25077993,,,histrelin_cid25077993.png,low,low,1.289541063529794e-07,stereo,Histrelin,Histrelin,1.0,96,96,stereo,stereo,Histrelin,False,False,False,False,1.0,True,True,0,1,,,,CCNC(=O)[C@H]1CCCN1C(=O)[C@@H](CCCN=C(N)N)NC(=O)[C@H](CC(C)C)NC(=O)[C@H](Cc1cn(Cc2ccccc2)cn1)NC(=O)[C@H](Cc1ccc(O)cc1)NC(=O)[C@@H](CO)NC(=O)C(Cc1c[nH]c2ccccc12)NC(=O)[C@H](Cc1cnc[nH]1)NC(=O)[C@H]1CCC(=O)N1
iberdomide_cid67335295,,,iberdomide_cid67335295.png,high,high,0.9159354809487007,exact,Iberdomide,Iberdomide,1.0,33,33,exact,exact,Iberdomide,False,False,False,False,1.0,True,True,0,1,,,,O=C1CC[C@H](N2Cc3c(OCc4ccc(CN5CCOCC5)cc4)cccc3C2=O)C(=O)N1
iclepertin_cid155259577,,,iclepertin_cid155259577.png,high,high,0.9003629716718549,exact,Iclepertin,Iclepertin,1.0,34,34,exact,exact,Iclepertin,False,False,False,False,1.0,True,True,0,1,,,,[H][C@]12CN(C(=O)c3cc(S(C)(=O)=O)ccc3O[C@H](C)C(F)(F)F)C[C@@]1(c1cc(C(F)(F)F)on1)C2
icotinib_cid22024915,,,icotinib_cid22024915.png,low,low,0.7812188938822954,exact,Icotinib,Icotinib,1.0,29,29,exact,exact,Icotinib,False,False,False,False,1.0,True,True,0,1,,,,C#Cc1cccc(Nc2ncnc3cc4c(cc23)OCCOCCOCCO4)c1
idarubicin_cid42890,,,idarubicin_cid42890.png,low,low,0.6858770283611377,exact,Idarubicin,Idarubicin,1.0,36,36,exact,exact,Idarubicin,False,False,False,False,1.0,True,True,0,1,,,,CC(=O)[C@]1(O)Cc2c(O)c3c(c(O)c2[C@@H](O[C@H]2C[C@H](N)[C@H](O)[C@H](C)O2)C1)C(=O)c1ccccc1C3=O
idelalisib_cid11625818,,,idelalisib_cid11625818.png,high,high,0.911486795108195,exact,Idelalisib,Idelalisib,1.0,31,31,exact,exact,Idelalisib,False,False,False,False,1.0,True,True,0,1,,,,CC[C@H](Nc1ncnc2nc[nH]c12)c1nc2cccc(F)c2c(=O)n1-c1ccccc1
ilaprazole_cid214351,,,ilaprazole_cid214351.png,low,low,0.7129049232943045,wrong,,Ilaprazole,0.797,26,26,wrong,wrong,,False,False,False,False,0.797,False,False,1,1,,,,COc1ccnc(C[S](O)c2nc3ccc(-n4cccc4)cc3[nH]2)c1C |^1:8|
iloperidone_cid71360,,,iloperidone_cid71360.png,high,high,0.9094236444723199,exact,Iloperidone,Iloperidone,1.0,31,31,exact,exact,Iloperidone,False,False,False,False,1.0,True,True,0,1,,,,COc1cc(C(C)=O)ccc1OCCCN1CCC(c2noc3cc(F)ccc23)CC1
imeglimin_cid24812808,,,imeglimin_cid24812808.png,high,high,0.8864046602378186,exact,Imeglimin,Imeglimin,1.0,11,11,exact,exact,Imeglimin,False,False,False,False,1.0,True,True,0,1,,,,C[C@@H]1N=C(N)NC(N(C)C)=N1
indacaterol_cid6918554,,,indacaterol_cid6918554.png,high,high,0.91598665540486,exact,Indacaterol,Indacaterol,1.0,29,29,exact,exact,Indacaterol,False,False,False,False,1.0,True,True,0,1,,,,CCc1cc2c(cc1CC)CC(NC[C@H](O)c1ccc(O)c3[nH]c(=O)ccc13)C2
indoximod_cid405012,,,indoximod_cid405012.png,high,high,0.9097481010264067,exact,Indoximod,Indoximod,1.0,16,16,exact,exact,Indoximod,False,False,False,False,1.0,True,True,0,1,,,,Cn1cc(C[C@@H](N)C(=O)O)c2ccccc21
infigratinib_cid53235510,,,infigratinib_cid53235510.png,low,low,0.7114133932948706,exact,Infigratinib,Infigratinib,1.0,38,38,exact,exact,Infigratinib,False,False,False,False,1.0,True,True,0,1,,,,CCN1CCN(c2ccc(Nc3cc(N(C)C(=O)Nc4c(Cl)c(OC)cc(OC)c4Cl)ncn3)cc2)CC1
ipragliflozin_cid10453870,,,ipragliflozin_cid10453870.png,high,high,0.9094670762555791,exact,Ipragliflozin,Ipragliflozin,1.0,28,28,exact,exact,Ipragliflozin,False,False,False,False,1.0,True,True,0,1,,,,OC[C@H]1O[C@@H](c2ccc(F)c(Cc3cc4ccccc4s3)c2)[C@H](O)[C@@H](O)[C@@H]1O
isavuconazole_cid6918485,,,isavuconazole_cid6918485.png,high,high,0.855868734750335,stereo,Isavuconazole,Isavuconazole,1.0,31,31,stereo,stereo,Isavuconazole,False,False,False,False,1.0,True,True,0,1,,,,C[C@@H](c1nc(-c2ccc(C#N)cc2)cs1)[C@@](O)(Cn1cncn1)c1cc(F)ccc1F
isepamicin_cid3037209,,,isepamicin_cid3037209.png,low,low,0.5651682718967476,exact,Isepamicin,Isepamicin,1.0,39,39,exact,exact,Isepamicin,False,False,False,False,1.0,True,True,0,1,,,,CN[C@@H]1[C@@H](O)[C@@H](O[C@@H]2[C@@H](O)[C@H](O[C@H]3O[C@H](CN)[C@@H](O)[C@H](O)[C@H]3O)[C@@H](N)C[C@H]2NC(=O)[C@@H](O)CN)OC[C@]1(C)O
ivabradine_hydrochloride_cid3045381,,,ivabradine_hydrochloride_cid3045381.png,high,high,0.9102975321760043,exact,Ivabradine Hydrochloride,Ivabradine Hydrochloride,1.0,35,35,exact,exact,Ivabradine Hydrochloride,False,False,False,False,1.0,True,True,0,2,,,,COc1cc2c(cc1OC)CC(=O)N(CCCN(C)C[C@H]1Cc3cc(OC)c(OC)cc31)CC2.Cl
ivermectin_b1a_cid6321424,,,ivermectin_b1a_cid6321424.png,low,low,0.0006811030819577236,invalid,,,,,,invalid,invalid,,False,False,False,False,,False,,,,,,,[H]C12C=C(C)C(O)C3([H])OCC(=CC=CC(C)C(OC4CC(OC)C(OC5CC(OC)C(O)C(C)O5)C(C)O4)C(C)=CCC456CC7(CC(O[CH]C(C)CC)(O4)C75)(C6)OC1=O)C23O
ketoconazole_cid47576,,,ketoconazole_cid47576.png,low,low,0.3123352488617375,wrong,,Ketoconazole,0.865,35,36,near,near,,False,False,False,False,0.865,False,False,2,1,,,,*c1cc(Cl)ccc1[C@@]1(Cn2ccnc2)OC[C@@H](COc2ccc(N3CCN(C(C)=O)CC3)cc2)O1 |$Cln;;;;;;;;;;;;;;;;;;;;;;;;;;;;;;;;;;;$|
ketoprofen_cid3825,,,ketoprofen_cid3825.png,high,high,0.9158327394104793,exact,Ketoprofen,Ketoprofen,1.0,19,19,exact,exact,Ketoprofen,False,False,False,False,1.0,True,True,0,1,,,,CC(C(=O)O)c1cccc(C(=O)c2ccccc2)c1
l_folinic_acid_cid135398559,,,l_folinic_acid_cid135398559.png,high,high,0.8757381036269749,exact,L-Folinic acid,L-Folinic acid,1.0,34,34,exact,exact,L-Folinic acid,False,False,False,False,1.0,True,True,0,1,,,,Nc1nc2c(c(=O)[nH]1)N(C=O)[C@@H](CNc1ccc(C(=O)N[C@@H](CCC(=O)O)C(=O)O)cc1)CN2
lacosamide_cid219078,,,lacosamide_cid219078.png,high,high,0.9027332335569541,exact,Lacosamide,Lacosamide,1.0,18,18,exact,exact,Lacosamide,False,False,False,False,1.0,True,True,0,1,,,,COC[C@@H](NC(C)=O)C(=O)NCc1ccccc1
lactic_acid_cid612,,,lactic_acid_cid612.png,high,high,0.9228844695962448,exact,Lactic Acid,Lactic Acid,1.0,6,6,exact,exact,Lactic Acid,False,False,False,False,1.0,True,True,0,1,,,,CC(O)C(=O)O
landiolol_hydrochloride_cid164457,,,landiolol_hydrochloride_cid164457.png,low,low,0.02273866424154477,exact,Landiolol Hydrochloride,Landiolol Hydrochloride,1.0,37,37,exact,exact,Landiolol Hydrochloride,False,False,False,False,1.0,True,True,0,2,,,,CC1(C)OC[C@@H](COC(=O)CCc2ccc(OC[C@@H](O)CNCCNC(=O)N3CCOCC3)cc2)O1.Cl
larotrectinib_cid46188928,,,larotrectinib_cid46188928.png,high,high,0.9001595978570875,exact,Larotrectinib,Larotrectinib,1.0,31,31,exact,exact,Larotrectinib,False,False,False,False,1.0,True,True,0,1,,,,O=C(Nc1cnn2ccc(N3CCC[C@@H]3c3cc(F)ccc3F)nc12)N1CC[C@H](O)C1
lasmiditan_cid11610526,,,lasmiditan_cid11610526.png,high,high,0.9149167920467283,exact,Lasmiditan,Lasmiditan,1.0,27,27,exact,exact,Lasmiditan,False,False,False,False,1.0,True,True,0,1,,,,CN1CCC(C(=O)c2cccc(NC(=O)c3c(F)cc(F)cc3F)n2)CC1
lenacapavir_cid133082658,,,lenacapavir_cid133082658.png,low,low,0.4160645788939415,exact,Lenacapavir,Lenacapavir,1.0,64,64,exact,exact,Lenacapavir,False,False,False,False,1.0,True,True,0,1,,,,[H][C@@]12C[C@]1([H])c1c(C(F)(F)F)nn(CC(=O)N[C@@H](Cc3cc(F)cc(F)c3)c3nc(C#CC(C)(C)S(C)(=O)=O)ccc3-c3ccc(Cl)c4c(NS(C)(=O)=O)nn(CC(F)(F)F)c34)c1C2(F)F
lenvatinib_cid9823820,,,lenvatinib_cid9823820.png,high,high,0.9101501916461106,exact,Lenvatinib,Lenvatinib,1.0,30,30,exact,exact,Lenvatinib,False,False,False,False,1.0,True,True,0,1,,,,COc1cc2nccc(Oc3ccc(NC(=O)NC4CC4)c(Cl)c3)c2cc1C(N)=O
levobunolol_cid39468,,,levobunolol_cid39468.png,high,high,0.9115172171984269,exact,Levobunolol,Levobunolol,1.0,21,21,exact,exact,Levobunolol,False,False,False,False,1.0,True,True,0,1,,,,CC(C)(C)NC[C@H](O)COc1cccc2c1CCCC2=O
levodropropizine_cid65859,,,levodropropizine_cid65859.png,high,high,0.9017302094463819,exact,Levodropropizine,Levodropropizine,1.0,17,17,exact,exact,Levodropropizine,False,False,False,False,1.0,True,True,0,1,,,,OC[C@@H](O)CN1CCN(c2ccccc2)CC1
levosimendan_cid3033825,,,levosimendan_cid3033825.png,high,high,0.9089904575845112,exact,Levosimendan,Levosimendan,1.0,21,21,exact,exact,Levosimendan,False,False,False,False,1.0,True,True,0,1,,,,C[C@@H]1CC(=O)NN=C1c1ccc(NN=C(C#N)C#N)cc1
linaclotide_cid16158208,,,linaclotide_cid16158208.png,low,low,4.031600991023284e-15,invalid,,,,,,invalid,invalid,,False,False,False,False,,False,,,,,,,[H]C1(N)COCCC2([H])C(=O)NC(CC(N)=O)C(=O)N3CCCC3([H])C(=O)NC(C)C(=O)C(C)C(C(=O)NCC(=O)N[CH]C(=O)NCCC=CC=C(C)O)NC(=O)C3([H])OC4(=O)N2[CH]342C3=O4=C567=O=C=42(=O=5)(N6)C7([H])(CC2=CC=C(O)C=C2)NC(=O)C2([H])(CCC(=O)O)NC(=O)C4([H])(NC1=O)C(=O)N2C4C3
linifanib_cid11485656,,,linifanib_cid11485656.png,high,high,0.9180942829080876,exact,Linifanib,Linifanib,1.0,28,28,exact,exact,Linifanib,False,False,False,False,1.0,True,True,0,1,,,,Cc1ccc(F)c(NC(=O)Nc2ccc(-c3cccc4[nH]nc(N)c34)cc2)c1
lipid_a_504_cid10877033,,,lipid_a_504_cid10877033.png,low,low,1.320719873430596e-27,invalid,,,,,,invalid,invalid,,False,False,False,False,,False,,,,,,,C=CCCCCCCCCCC(O)CC(=O)OC1=C(NC(=O)CC(O)CCCCCCCCC)C(O)OC(CO[CH]2(OC(CO)O[CH]C(=O)CC(CCCCCCCCCCC)OC(=O)CCCCCCCCCCCCC)C3NC(=O)C[CH]4(CCCCCCCCCCC)OC(=O)(CCCCCCCCC)C(CCCCCC)CO4[CH]CCOC32)C1O
lisaftoclax_cid137355972,,,lisaftoclax_cid137355972.png,low,low,1.220797509213853e-05,wrong,,Lisaftoclax,0.851,62,62,near,near,,False,False,False,False,0.851,False,False,3,1,,,,O=C(NS(O)(O)c1ccc(NCC2COCCO2)c([N+]([O-])O)c1)c1ccc(N2CCN(CC3=C(c4ccc(Cl)cc4)CC4(CCC4)CC3)CC2)cc1Oc1cnc2[nH]ccc2c1 |^1:19|
lorcaserin_hydrochloride_cid11673085,,,lorcaserin_hydrochloride_cid11673085.png,high,high,0.9097933191712904,exact,Lorcaserin Hydrochloride,Lorcaserin Hydrochloride,1.0,14,14,exact,exact,Lorcaserin Hydrochloride,False,False,False,False,1.0,True,True,0,2,,,,C[C@H]1CNCCc2ccc(Cl)cc21.Cl
lotilaner_cid76959255,,,lotilaner_cid76959255.png,high,high,0.8718231446949392,exact,Lotilaner,Lotilaner,1.0,36,36,exact,exact,Lotilaner,False,False,False,False,1.0,True,True,0,1,,,,Cc1cc(C2=NO[C@@](c3cc(Cl)c(Cl)c(Cl)c3)(C(F)(F)F)C2)sc1C(=O)NCC(=O)NCC(F)(F)F
luliconazole_cid3003141,,,luliconazole_cid3003141.png,high,high,0.8874577224838615,exact,Luliconazole,Luliconazole,1.0,21,21,exact,exact,Luliconazole,False,False,False,False,1.0,True,True,0,1,,,,N#C/C(=C1/SC[C@@H](c2ccc(Cl)cc2Cl)S1)n1ccnc1
lumacaftor_cid16678941,,,lumacaftor_cid16678941.png,high,high,0.86506392841668,exact,Lumacaftor,Lumacaftor,1.0,33,33,exact,exact,Lumacaftor,False,False,False,False,1.0,True,True,0,1,,,,Cc1ccc(NC(=O)C2(c3ccc4c(c3)OC(F)(F)O4)CC2)nc1-c1cccc(C(=O)O)c1
lumefantrine_cid6437380,,,lumefantrine_cid6437380.png,high,high,0.8980219841318557,exact,Lumefantrine,Lumefantrine,1.0,35,35,exact,exact,Lumefantrine,False,False,False,False,1.0,True,True,0,1,,,,CCCCN(CCCC)CC(O)c1cc(Cl)cc2c1-c1ccc(Cl)cc1/C2=C/c1ccc(Cl)cc1
lurasidone_hydrochloride_cid11237860,,,lurasidone_hydrochloride_cid11237860.png,low,low,0.5543528247841408,exact,Lurasidone Hydrochloride,Lurasidone Hydrochloride,1.0,36,36,exact,exact,Lurasidone Hydrochloride,False,False,False,False,1.0,True,True,0,2,,,,Cl.[H][C@@]12CC[C@@]([H])(C1)[C@@]1([H])C(=O)N(C[C@@H]3CCCC[C@H]3CN3CCN(c4nsc5ccccc45)CC3)C(=O)[C@@]21[H]
lurtotecan_cid60956,,,lurtotecan_cid60956.png,high,high,0.8793098330151886,exact,Lurtotecan,Lurtotecan,1.0,38,38,exact,exact,Lurtotecan,False,False,False,False,1.0,True,True,0,1,,,,CC[C@@]1(O)C(=O)OCc2c1cc1n(c2=O)Cc2c-1nc1cc3c(cc1c2CN1CCN(C)CC1)OCCO3
luseogliflozin_cid11988953,,,luseogliflozin_cid11988953.png,low,low,0.6296622875752209,exact,Luseogliflozin,Luseogliflozin,1.0,30,30,exact,exact,Luseogliflozin,False,False,False,False,1.0,True,True,0,1,,,,CCOc1ccc(Cc2cc([C@@H]3S[C@H](CO)[C@@H](O)[C@H](O)[C@H]3O)c(OC)cc2C)cc1
lypressin_cid644076,,,lypressin_cid644076.png,low,low,1.112633794458217e-09,invalid,,,,,,invalid,invalid,,False,False,False,False,,False,,,,,,,NCCCCC(NC(=O)C1CCCN1C(=O)C1CSCCC2(N)CCCC3=C4=C5=C=3C4(=CC=C5)CC(NC(=O)C(CC3=CC=C(O)C=C3)NC2=O)C(=O)NC(CCC(N)=O)C(=O)NC(CC(N)=O)C(=O)N1)C(=O)NCC(N)=O
macitentan_cid16004692,,,macitentan_cid16004692.png,high,high,0.9051786310381535,exact,Macitentan,Macitentan,1.0,32,32,exact,exact,Macitentan,False,False,False,False,1.0,True,True,0,1,,,,CCCNS(=O)(=O)Nc1ncnc(OCCOc2ncc(Br)cn2)c1-c1ccc(Br)cc1
mafodotin_cid56949327,,,mafodotin_cid56949327.png,low,low,2.962857702165606e-09,stereo,Mafodotin,Mafodotin,1.0,66,66,stereo,stereo,Mafodotin,False,False,False,False,1.0,True,True,0,1,,,,CC[C@H](C)[C@@H]([C@@H](CC(=O)N1CCC[C@H]1[C@H](OC)[C@H](C)C(=O)NC(Cc1ccccc1)C(=O)O)OC)N(C)C(=O)[C@@H](NC(=O)C(C(C)C)N(C)C(=O)CCCCCN1C(=O)C=CC1=O)C(C)C
maribavir_cid471161,,,maribavir_cid471161.png,high,high,0.9138948864532888,exact,Maribavir,Maribavir,1.0,24,24,exact,exact,Maribavir,False,False,False,False,1.0,True,True,0,1,,,,CC(C)Nc1nc2cc(Cl)c(Cl)cc2n1[C@H]1O[C@@H](CO)[C@H](O)[C@@H]1O
mavacamten_cid117761397,,,mavacamten_cid117761397.png,high,high,0.9086158225530544,exact,Mavacamten,Mavacamten,1.0,20,20,exact,exact,Mavacamten,False,False,False,False,1.0,True,True,0,1,,,,CC(C)n1c(=O)cc(N[C@@H](C)c2ccccc2)[nH]c1=O
maxacalcitol_cid6398761,,,maxacalcitol_cid6398761.png,high,high,0.8922884157928349,stereo,Maxacalcitol,Maxacalcitol,1.0,30,30,stereo,stereo,Maxacalcitol,False,False,False,False,1.0,True,True,0,1,,,,[H][C@@]12CC[C@H]([C@H](C)OCCC(C)(C)O)[C@@]1(C)CCC/C2=C\C=C1\C[C@@H](O)C[C@@H](O)C1=C
mebeverine_hydrochloride_cid17683,,,mebeverine_hydrochloride_cid17683.png,low,low,0.2386685837186633,exact,Mebeverine Hydrochloride,Mebeverine Hydrochloride,1.0,32,32,exact,exact,Mebeverine Hydrochloride,False,False,False,False,1.0,True,True,0,2,,,,CCN(CCCCOC(=O)c1ccc(OC)c(OC)c1)C(C)Cc1ccc(OC)cc1.Cl
mechlorethamine_cid4033,,,mechlorethamine_cid4033.png,high,high,0.9095590541274357,exact,Mechlorethamine,Mechlorethamine,1.0,8,8,exact,exact,Mechlorethamine,False,False,False,False,1.0,True,True,0,1,,,,CN(CCCl)CCCl
meclofenamic_acid_cid4037,,,meclofenamic_acid_cid4037.png,high,high,0.9134420039796819,exact,Meclofenamic Acid,Meclofenamic Acid,1.0,19,19,exact,exact,Meclofenamic Acid,False,False,False,False,1.0,True,True,0,1,,,,Cc1ccc(Cl)c(Nc2ccccc2C(=O)O)c1Cl
melphalan_cid460612,,,melphalan_cid460612.png,high,high,0.9063556514153197,exact,Melphalan,Melphalan,1.0,19,19,exact,exact,Melphalan,False,False,False,False,1.0,True,True,0,1,,,,N[C@@H](Cc1ccc(N(CCCl)CCCl)cc1)C(=O)O
menadione_cid4055,,,menadione_cid4055.png,high,high,0.9235420142701476,exact,Menadione,Menadione,1.0,13,13,exact,exact,Menadione,False,False,False,False,1.0,True,True,0,1,,,,CC1=CC(=O)c2ccccc2C1=O
mertansine_cid11343137,,,mertansine_cid11343137.png,low,low,0.0008419943002374638,stereo,Mertansine,Mertansine,1.0,50,50,stereo,stereo,Mertansine,False,False,False,False,1.0,True,True,0,1,,,,[H][C@@]12C[C@@](O)(NC(=O)O1)[C@@H](OC)/C=C/C=C(\C)Cc1cc(OC)c(Cl)c(c1)N(C)C(=O)C[C@@H](OC(=O)C(C)N(C)C(=O)CCS)[C@@]1(C)O[C@]1([H])C2C
mestranol_cid6291,,,mestranol_cid6291.png,low,low,0.7988041075055815,wrong,,Mestranol,0.516,24,23,wrong,wrong,,False,False,False,False,0.516,False,False,3,1,,,,*[C@]12CC[C@@]3(C)[C@@]([H])(CC[C@]3(O)C#C)[C@]1(O)CCc1cc(OC)ccc12 |$Et;;;;;;;;;;;;;;;;;;;;;;;;;$|
methoxyflurane_cid4116,,,methoxyflurane_cid4116.png,high,high,0.879450274410463,exact,Methoxyflurane,Methoxyflurane,1.0,8,8,exact,exact,Methoxyflurane,False,False,False,False,1.0,True,True,0,1,,,,COC(F)(F)C(Cl)Cl
methscopolamine_bromide_cid5459110,,,methscopolamine_bromide_cid5459110.png,low,low,0.01758333483268737,invalid,,,,,,invalid,invalid,,False,False,False,False,,False,,,,,,,[Br-].[H]C12OC1([H])[N+]13(C)(C)C4C5C6OC7=O=C(=O)(OC589CC2(C68)C41C3([H])C9)[CH]1(CO)C(O)C7C2=C(=C13=CC=CC=C3)C=CC=C2
methyl_o_2_3_4_tri_o_methyl_6_o_sulfo_alpha_d_glucopyranosyl_cid3083445,,,methyl_o_2_3_4_tri_o_methyl_6_o_sulfo_alpha_d_glucopyranosyl_cid3083445.png,low,low,1.218187966397725e-06,stereo,"Methyl O-2,3,4-tri-O-methyl-6-O-sulfo-alpha-D-glucopyranosyl-(1->4)-O-2,3-di-O-methyl-beta-D-glucopyranuronosyl-(1->4)-O-2,3,6-tri-O-sulfo-alpha-D-glucopyranosyl-(1->4)-O-2,3-di-O-methyl-alpha-L-idopyranuronosyl-(1->4)-alpha-D-glucopyranoside 2,3,6-tris(hydrogen sulfate)","Methyl O-2,3,4-tri-O-methyl-6-O-sulfo-alpha-D-glucopyranosyl-(1->4)-O-2,3-di-O-methyl-beta-D-glucopyranuronosyl-(1->4)-O-2,3,6-tri-O-sulfo-alpha-D-glucopyranosyl-(1->4)-O-2,3-di-O-methyl-alpha-L-idopyranuronosyl-(1->4)-alpha-D-glucopyranoside 2,3,6-tris(hydrogen sulfate)",1.0,94,94,stereo,stereo,"Methyl O-2,3,4-tri-O-methyl-6-O-sulfo-alpha-D-glucopyranosyl-(1->4)-O-2,3-di-O-methyl-beta-D-glucopyranuronosyl-(1->4)-O-2,3,6-tri-O-sulfo-alpha-D-glucopyranosyl-(1->4)-O-2,3-di-O-methyl-alpha-L-idopyranuronosyl-(1->4)-alpha-D-glucopyranoside 2,3,6-tris(hydrogen sulfate)",False,False,False,False,1.0,True,True,0,1,,,,COC1[C@@H](COS(=O)(=O)O)O[C@@H](O[C@H]2[C@@H](OC)[C@@H](OC)[C@@H](O[C@@H]3[C@H](OS(=O)(=O)O)[C@H](OS(=O)(=O)O)[C@@H](O[C@@H]4[C@H](OC)[C@@H](OC)[C@H](O[C@H]5C(OS(=O)(=O)O)[C@@H](OS(=O)(=O)O)[C@H](OC)O[C@H]5COS(=O)(=O)O)O[C@H]4C(=O)O)O[C@@H]3COS(=O)(=O)O)O[C@@H]2C(=O)O)[C@H](OC)[C@H]1OC
methyldigoxin_cid443946,,,methyldigoxin_cid443946.png,low,low,3.547684077206651e-05,wrong,,Methyldigoxin,0.663,56,56,wrong,wrong,,False,False,False,False,0.663,False,False,2,1,,,,*C1C[C@@H](O)[C@]2(C)[C@@H](C3=CC(=O)OC3)CC[C@]2(O)C1CC[C@]1([H])C[C@H](O[C@H]2C[C@H](O)[C@@H](O[C@H]3CC(O)[C@@H](OC4C[C@H](O)[C@@H](OC)[C@@H](C)O4)[C@@H](C)O3)[C@@H](C)O2)CCC1C |$Me;;;;;;;;;;;;;;;;;;;;;;;;;;;;;;;;;;;;;;;;;;;;;;;;;;;;;;;;;$|
methyldopa_cid38853,,,methyldopa_cid38853.png,high,high,0.8948979160327467,exact,Methyldopa,Methyldopa,1.0,15,15,exact,exact,Methyldopa,False,False,False,False,1.0,True,True,0,1,,,,C[C@](N)(Cc1ccc(O)c(O)c1)C(=O)O
methylergometrine_cid8226,,,methylergometrine_cid8226.png,high,high,0.8897970838886611,exact,Methylergometrine,Methylergometrine,1.0,25,25,exact,exact,Methylergometrine,False,False,False,False,1.0,True,True,0,1,,,,[H][C@@]12Cc3c[nH]c4cccc(c34)C1=C[C@@H](C(=O)N[C@@H](CC)CO)CN2C
methylnaltrexone_bromide_cid5361917,,,methylnaltrexone_bromide_cid5361917.png,low,low,0.1376601799116151,invalid,,,,,,invalid,invalid,,False,False,False,False,,False,,,,,,,[Br-].[H]C12OC3=C(O)C=CC4=C3C13CC1N(C)(CC5CC5)C1([H])(C4)C3(O)CCC2=O
methyltestosterone_cid6010,,,methyltestosterone_cid6010.png,low,low,0.7502962604383554,wrong,,Methyltestosterone,0.429,23,22,wrong,wrong,,False,False,False,False,0.429,False,False,3,1,,,,*[C@]12CC[C@@]3(C)[C@@]([H])(CC[C@]3(C)O)[C@]1(O)CCC1=CC(=O)CC[C@@]12C |$Et;;;;;;;;;;;;;;;;;;;;;;;;$|
metra_cid120608,,,metra_cid120608.png,high,high,0.895669797657368,exact,Metra,Metra,1.0,24,24,exact,exact,Metra,False,False,False,False,1.0,True,True,0,2,,,,C[C@H]1[C@H](c2ccccc2)OCCN1C.O=C(O)[C@H](O)[C@@H](O)C(=O)O
mezigdomide_cid137379043,,,mezigdomide_cid137379043.png,low,low,0.6139676636649672,exact,Mezigdomide,Mezigdomide,1.0,42,42,exact,exact,Mezigdomide,False,False,False,False,1.0,True,True,0,1,,,,N#Cc1ccc(N2CCN(Cc3ccc(COc4cccc5c4CN([C@H]4CCC(=O)NC4=O)C5=O)cc3)CC2)c(F)c1
mezlocillin_cid656511,,,mezlocillin_cid656511.png,high,high,0.8886824075500619,exact,Mezlocillin,Mezlocillin,1.0,36,36,exact,exact,Mezlocillin,False,False,False,False,1.0,True,True,0,1,,,,[H][C@]12SC(C)(C)[C@H](C(=O)O)N1C(=O)[C@H]2NC(=O)[C@H](NC(=O)N1CCN(S(C)(=O)=O)C1=O)c1ccccc1
miconazole_nitrate_cid68553,,,miconazole_nitrate_cid68553.png,high,high,0.9145111422743804,exact,Miconazole Nitrate,Miconazole Nitrate,1.0,29,29,exact,exact,Miconazole Nitrate,False,False,False,False,1.0,True,True,0,2,,,,Clc1ccc(COC(Cn2ccnc2)c2ccc(Cl)cc2Cl)c(Cl)c1.O=[N+]([O-])O
midodrine_hydrochloride_cid18340,,,midodrine_hydrochloride_cid18340.png,high,high,0.917715776949016,exact,Midodrine Hydrochloride,Midodrine Hydrochloride,1.0,19,19,exact,exact,Midodrine Hydrochloride,False,False,False,False,1.0,True,True,0,2,,,,COc1ccc(OC)c(C(O)CNC(=O)CN)c1.Cl
mifamurtide_anhydrous_cid123133557,,,mifamurtide_anhydrous_cid123133557.png,low,low,4.232492770342443e-16,invalid,,,,,,invalid,invalid,,False,False,False,False,,False,,,,,,,CCCCCCCCCCCCCCCC(=O)OC(COP(=O)(O)OCCNC(=O)C(C)NC(=O)C1C2C1N2C(=O)[CH]1(C)NC1(=O)C(C)OC(C(C=O)NC(C)=O)C(O)C(O)CO)CC(O)CCCCCCCCCCCCCCC.O
migalastat_cid176077,,,migalastat_cid176077.png,high,high,0.8831337775031802,exact,Migalastat,Migalastat,1.0,11,11,exact,exact,Migalastat,False,False,False,False,1.0,True,True,0,1,,,,OC[C@H]1NC[C@H](O)[C@@H](O)[C@H]1O
miglitol_cid441314,,,miglitol_cid441314.png,high,high,0.9153727896927597,exact,Miglitol,Miglitol,1.0,14,14,exact,exact,Miglitol,False,False,False,False,1.0,True,True,0,1,,,,OCCN1C[C@H](O)[C@@H](O)[C@H](O)[C@H]1CO
miglustat_cid51634,,,miglustat_cid51634.png,high,high,0.9112294501108699,exact,Miglustat,Miglustat,1.0,15,15,exact,exact,Miglustat,False,False,False,False,1.0,True,True,0,1,,,,CCCCN1C[C@H](O)[C@@H](O)[C@H](O)[C@H]1CO
milademetan_cid73297272,,,milademetan_cid73297272.png,low,low,0.2726157725484527,stereo,Milademetan,Milademetan,1.0,42,42,stereo,stereo,Milademetan,False,False,False,False,1.0,True,True,0,1,,,,CC1(C)CCC2(CC1)N[C@@H](C(=O)N[C@@H]1CC[C@@H](C(N)=O)OC1)[C@H](c1ccnc(Cl)c1F)C21C(=O)Nc2cc(Cl)ccc21
milnacipran_hydrochloride_cid163701,,,milnacipran_hydrochloride_cid163701.png,high,high,0.9061052866493188,exact,Milnacipran Hydrochloride,Milnacipran Hydrochloride,1.0,19,19,exact,exact,Milnacipran Hydrochloride,False,False,False,False,1.0,True,True,0,2,,,,CCN(CC)C(=O)[C@]1(c2ccccc2)C[C@@H]1CN.Cl
milrinone_cid4197,,,milrinone_cid4197.png,high,high,0.9172638073126883,exact,Milrinone,Milrinone,1.0,16,16,exact,exact,Milrinone,False,False,False,False,1.0,True,True,0,1,,,,Cc1[nH]c(=O)c(C#N)cc1-c1ccncc1
milvexian_cid118277544,,,milvexian_cid118277544.png,low,low,0.1201800302929701,invalid,,,,,,invalid,invalid,,False,False,False,False,,False,,,,,,,CCCC[CH]123(C)CC4C1CCC(N1C=NC(C5=CC(Cl)=CC=C5N5C=C(Cl)N=N5)=CC1=O)C1=NC=CC5(=C1)=C16=C7(=C=18(=C5N(C(F)F)N=C8)NC2(=O)=O=C43N7)C=NN6C(F)F
miocamycin_cid5282188,,,miocamycin_cid5282188.png,low,low,0.0005923854707613796,stereo,Miocamycin,Miocamycin,1.0,63,63,stereo,stereo,Miocamycin,False,False,False,False,1.0,True,True,0,1,,,,CCC(=O)O[C@@H]1CC(=O)O[C@H](C)C/C=C/C=C/[C@@H](OC(C)=O)[C@H](C)C[C@H](CC=O)[C@H](O[C@@H]2O[C@H](C)C(O[C@H]3C[C@@](C)(OC(C)=O)[C@@H](OC(=O)CC)[C@H](C)O3)C(N(C)C)[C@@H]2O)[C@H]1OC
mitiglinide_cid121891,,,mitiglinide_cid121891.png,high,high,0.904079569437914,exact,Mitiglinide,Mitiglinide,1.0,23,23,exact,exact,Mitiglinide,False,False,False,False,1.0,True,True,0,1,,,,[H][C@@]12CCCC[C@]1([H])CN(C(=O)C[C@H](Cc1ccccc1)C(=O)O)C2
mitotane_cid4211,,,mitotane_cid4211.png,high,high,0.9161180185083213,exact,Mitotane,Mitotane,1.0,18,18,exact,exact,Mitotane,False,False,False,False,1.0,True,True,0,1,,,,Clc1ccc(C(c2ccccc2Cl)C(Cl)Cl)cc1
mivacurium_chloride_cid5281080,,,mivacurium_chloride_cid5281080.png,low,low,2.158254676416135e-15,invalid,,,,,,invalid,invalid,,False,False,False,False,,False,,,,,,,COC1=CC2=C(C=C1OC)C(CC1=CC(OC)=C(OC)C(OC)=C1)N(C)(CCCOC(=O)CCCCCCC(=O)OCCCN13(C)CCC45=C6C=C(OC)C(OC)(=C4)C(OC)=CC54=C1C15C7=C(OC)C(OC)=C(OC)C=C71C[CH]6543)CC2.[Cl-].[Cl-]
ml_rr_s2_cda_sodium_salt_cid135390762,,,ml_rr_s2_cda_sodium_salt_cid135390762.png,low,low,0.7326413262055508,wrong,,ML RR-S2 CDA Sodium Salt,0.737,44,46,wrong,wrong,,False,False,False,False,0.737,False,False,4,3,,[Na+],,"[H][C]1COP([O-])(=S)O[C@@]2([H])[C@@H](O)[C@H](n3cnc4c(N)ncnc43)O[C@]2([H])COP(=O)([S-])O[C]([H])[C@H](n2cnc3c(N)ncnc32)O1.[Na+].[Na+] |^1:1,32|"
molsidomine_cid5353788,,,molsidomine_cid5353788.png,high,high,0.8832173391751936,exact,Molsidomine,Molsidomine,1.0,17,17,exact,exact,Molsidomine,False,False,False,False,1.0,True,True,0,1,,,,CCO/C([O-])=N/c1c[n+](N2CCOCC2)no1
mometasone_furoate_cid441336,,,mometasone_furoate_cid441336.png,high,high,0.8832784259433458,stereo,Mometasone Furoate,Mometasone Furoate,1.0,35,35,stereo,stereo,Mometasone Furoate,False,False,False,False,1.0,True,True,0,1,,,,[H][C@@]12C[C@@H](C)[C@](OC(=O)c3ccco3)(C(=O)CCl)[C@@]1(C)C[C@@H](O)[C@@]1(Cl)[C@@]2([H])CCC2=CC(=O)C=C[C@@]21C
monophosphoryl_lipid_a_cid24978548,,,monophosphoryl_lipid_a_cid24978548.png,low,low,0.0,invalid,,,,,,invalid,invalid,,False,False,False,False,,False,,,,,,,CCCCCCCCCCCCCC(=O)OC(CCO[CH]C(OP(=O)(O)O)C(CO)O[CH]OCC1OC(O)C(O)=C(OC(=O)CC(O)CCCCCCCCCCC)C1OC(=O)CC(O)CCCCCCCCCCC)CCC123456789%10%11%12%13%14%15%16%17%18%19%20C%21%22%23%24%25%26%27%28%29%30%31%32%33%34%35%36%37%38%39%40C%41%42%43%44%45%46%47%48%49%50%51%52%53%54%55%56%57%58%59%60%61%62%63C1%64%65%66%67%68%69%70%71%72%73%74%75%76%77%78%79%80%81%82%83%84%85C%211%86%87%88%89%90%91%92%93%94%95%96%97%98%99%(100)%(101)%(102)%(103)%(104)%(105)%(106)%(107)%(108)C2%41%21%(109)%(110)%(111)%(112)%(113)%(114)%(115)%(116)%(117)%(118)%(119)%(120)%(121)%(122)%(123)%(124)%(125)%(126)%(127)%(128)%(129)%(130)C2%41%(131)%(132)%(133)%(134)%(135)%(136)%(137)%(138)%(139)%(140)%(141)%(142)%(143)%(144)%(145)%(146)%(147)%(148)%(149)%(150)%(151)%(152)C%(153)%(154)%(155)%(156)%(157)%(158)%(159)%(160)%(161)%(162)%(163)%(164)%(165)%(166)%(167)%(168)%(169)%(170)%(171)%(172)%(173)%(174)%(175)%(176)C%(177)%(178)%(179)%(180)%(181)%(182)%(183)%(184)%(185)%(186)%(187)%(188)%(189)%(190)%(191)%(192)%(193)%(194)%(195)%(196)%(197)%(198)%(199)C21%(200)%(201)%(202)%(203)%(204)%(205)%(206)%(207)%(208)%(209)%(210)%(211)%(212)%(213)%(214)%(215)%(216)%(217)%(218)%(219)%(220)%(221)%(222)C%(153)12%(223)%(224)%(225)%(226)%(227)%(228)%(229)%(230)%(231)%(232)%(233)%(234)%(235)%(236)%(237)%(238)%(239)%(240)%(241)%(242)C%(177)%41%86%(153)%(243)%(244)%(245)%(246)%(247)%(248)%(249)%(250)%(251)%(252)%(253)%(254)%(255)%(256)%(257)%(258)%(259)%(260)%(261)%(262)%(263)C%(154)%21%(200)%41%86%(177)%(264)%(265)%(266)%(267)%(268)%(269)%(270)%(271)%(272)%(273)%(274)%(275)%(276)%(277)%(278)%(279)%(280)%(281)C%42%(178)1%(131)%87%21%(154)%(200)%(282)%(283)%(284)%(285)%(286)%(287)%(288)%(289)%(290)%(291)%(292)%(293)%(294)%(295)%(296)%(297)%(298)%(299)C%64%(155)%(109)%(201)%(153)1%42%87%(131)%(178)%(300)%(301)%(302)%(303)%(304)%(305)%(306)%(307)%(308)%(309)%(310)%(311)%(312)%(313)%(314)C%43%(179)2%(132)%41%88%64%(109)%(153)%(155)%(201)%(315)%(316)%(317)%(318)%(319)%(320)%(321)%(322)%(323)%(324)%(325)%(326)%(327)%(328)%(329)C%65%(156)%(110)%(202)%(243)%212%41%43%88%(132)%(179)%(330)%(331)%(332)%(333)%(334)%(335)%(336)%(337)%(338)%(339)%(340)%(341)%(342)C%44%(180)%(223)%(133)%86%891%21%65%(110)%(156)%(202)%(243)%(343)%(344)%(345)%(346)%(347)%(348)%(349)%(350)%(351)%(352)%(353)%(354)%(355)C%66%(157)%(111)%(203)%(244)%(154)%641%44%86%89%(133)%(180)%(223)%(356)%(357)%(358)%(359)%(360)%(361)%(362)%(363)%(364)%(365)%(366)C%45%(181)%(224)%(134)%(177)%90%422%64%66%(111)%(154)%(157)%(203)%(244)%(367)%(368)%(369)%(370)%(371)%(372)%(373)%(374)%(375)%(376)%(377)C%22%67%(158)%(112)%(204)%(245)%(200)%(109)%212%42%45%90%(134)%(177)%(181)%(224)%(378)%(379)%(380)%(381)%(382)%(383)%(384)%(385)%(386)C3%46%(182)%(225)%(135)%(264)%91%87%411%21%22%67%(109)%(112)%(158)%(200)%(204)%(245)%(387)%(388)%(389)%(390)%(391)%(392)%(393)%(394)C%23%68%(159)%(113)%(205)%(246)%(282)%(153)%65%6413%41%46%87%91%(135)%(182)%(225)%(264)%(395)%(396)%(397)%(398)%(399)%(400)C4%47%(183)%(226)%(136)%(265)%92%(131)%43%442%23%64%65%68%(113)%(153)%(159)%(205)%(246)%(282)%(401)%(402)%(403)%(404)%(405)%(406)C%24%69%(160)%(114)%(206)%(247)%(283)%(155)%(110)%66%2124%43%44%47%92%(131)%(136)%(183)%(226)%(265)%(407)%(408)%(409)%(410)C5%48%(184)%(227)%(137)%(266)%93%(178)%88%86%421%21%24%66%69%(110)%(114)%(155)%(160)%(206)%(247)%(283)%(411)%(412)%(413)%(414)C%25%70%(161)%(115)%(207)%(248)%(284)%(201)%(156)%(111)%22%2315%42%48%86%88%93%(137)%(178)%(184)%(227)%(266)%(415)%(416)C6%49%(185)%(228)%(138)%(267)%94%(300)%(132)%89%4532%22%23%25%70%(111)%(115)%(156)%(161)%(201)%(207)%(248)%(284)%(417)%(418)C%26%71%(162)%(116)%(208)%(249)%(285)%(315)%(202)%(154)%67%64%21236%45%49%89%94%(132)%(138)%(185)%(228)%(267)%(300)C7%50%(186)%(229)%(139)%(268)%95%(301)%(179)%(133)%90%4141%21%26%64%67%71%(116)%(154)%(162)%(202)%(208)%(249)%(285)%(315)C%27%72%(163)%(117)%(209)%(250)%(286)%(316)%(243)%(157)%(109)%65%24%22147%41%50%90%95%(133)%(139)%(179)%(186)%(229)C8%51%(187)%(230)%(140)%(269)%96%(302)%(330)%(180)%(134)%46%4352%22%24%27%65%72%(109)%(117)%(157)%(163)%(209)%(243)%(250)C%28%73%(164)%(118)%(210)%(251)%(287)%(317)%(343)%(203)%(112)%68%66%23%21258%43%46%51%96%(134)%(140)%(180)%(187)C9%52%(188)%(231)%(141)%(270)%97%(303)%(331)%(223)%(177)%87%44%4231%21%23%28%66%68%73%(112)%(118)%(164)%(203)%(210)C%29%74%(165)%(119)%(211)%(252)%(288)%(318)%(344)%(244)%(158)%(113)%69%25%26%22139%42%44%52%87%97%(141)%(177)C%10%53%(189)%(232)%(142)%(271)%98%(304)%(332)%(356)%(181)%91%47%48642%22%25%26%29%69%74%(113)%(119)%(158)%(165)C%30%75%(166)%(120)%(212)%(253)%(289)%(319)%(345)%(367)%(200)%(153)%(110)%70%64%24%21246%10%47%48%53%91%98C%11%54%(190)%(233)%(143)%(272)%99%(305)%(333)%(357)%(224)%(135)%92%86%45751%21%24%30%64%70%75%(110)%(120)%(142)C%31%76%(167)%(121)%(213)%(254)%(290)%(320)%(346)%(368)%(204)%(159)%(114)%(111)%67%27%23%22157%11%45%54%86%92C%12%55%(191)%(234)%(144)%(273)%(100)%(306)%(334)%(358)%(378)%(182)%(131)%88%49%41832%22%23%27%31%67%76%99%(111)C%32%77%(168)%(122)%(214)%(255)%(291)%(321)%(347)%(369)%(245)%(205)%(155)%(115)%71%65%28%25%21238%12%41%49%55C%13%56%(192)%(235)%(145)%(274)%(101)%(307)%(335)%(359)%(379)%(225)%(136)%93%89%50%43941%21%25%28%32%65%71%77C%33%78%(169)%(123)%(215)%(256)%(292)%(322)%(348)%(370)%(387)%(246)%(160)%(156)%(116)%72%66%26%24%22149%13%43%50C%14%57%(193)%(236)%(146)%(275)%(102)%(308)%(336)%(360)%(380)%(264)%(183)%(137)%94%90%46%42652%22%24%26%33%56%66C%34%79%(170)%(124)%(216)%(257)%(293)%(323)%(349)%(371)%(388)%(282)%(206)%(161)%(154)%(109)%68%29%30%23%21256%14%42C%15%58%(194)%(237)%(147)%(276)%(103)%(309)%(337)%(361)%(381)%(395)%(226)%(178)%(132)%95%51%44%10731%21%23%29%30%34C%35%80%(171)%(125)%(217)%(258)%(294)%(324)%(350)%(372)%(389)%(401)%(247)%(201)%(162)%(117)%73%69%64%27%25%22137%10C%16%59%(195)%(238)%(148)%(277)%(104)%(310)%(338)%(362)%(382)%(396)%(265)%(184)%(138)%(133)%96%52%47%11842%15%22%25%27C%36%81%(172)%(126)%(218)%(259)%(295)%(325)%(351)%(373)%(390)%(402)%(283)%(207)%(202)%(157)%(112)%74%70%31%28%24%21248C%17%60%(196)%(239)%(149)%(278)%(105)%(311)%(339)%(363)%(383)%(397)%(407)%(227)%(185)%(139)%(134)%87%48%45%12951%11%16%21C%37%82%(173)%(127)%(219)%(260)%(296)%(326)%(352)%(374)%(391)%(403)%(411)%(248)%(208)%(163)%(118)%(113)%75%67%32%26%23%1515C%18%61%(197)%(240)%(150)%(279)%(106)%(312)%(340)%(364)%(384)%(398)%(408)%(266)%(228)%(179)%(140)%97%53%54%41%136329%12C%38%83%(174)%(128)%(220)%(261)%(297)%(327)%(353)%(375)%(392)%(404)%(412)%(284)%(249)%(209)%(164)%(119)%(110)%76%65%33%29%22%112C%19%62%(198)%(241)%(151)%(280)%(107)%(313)%(341)%(365)%(385)%(399)%(409)%(415)%(267)%(186)%(180)%(141)%91%86%49%43%147413C%39%84%(175)%(129)%(221)%(262)%(298)%(328)%(354)%(376)%(393)%(405)%(413)%(417)%(285)%(243)%(203)%(158)%(120)%99%71%56%30%25%169C%20%63%(199)%(242)%(152)%(281)%(108)%(314)%(342)%(366)%(386)%(400)%(410)%(416)%(300)%(229)%(187)%(177)%98%92%55%50%42%10852C%40%85%(176)%(130)%(222)%(263)%(299)%(329)%(355)%(377)%(394)%(406)%(414)%(418)%(315)%(250)%(210)%(165)%(142)%(111)%77%66%34%27%21%123
morantel_tartrate_cid6433951,,,morantel_tartrate_cid6433951.png,high,high,0.9065920121923555,exact,Morantel Tartrate,Morantel Tartrate,1.0,25,25,exact,exact,Morantel Tartrate,False,False,False,False,1.0,True,True,0,2,,,,Cc1ccsc1/C=C/C1=NCCCN1C.O=C(O)[C@H](O)[C@@H](O)C(=O)O
moroxydine_cid71655,,,moroxydine_cid71655.png,high,high,0.9075753184046776,wrong,,Moroxydine,0.75,12,12,charge,charge,Moroxydine,False,False,False,False,0.75,True,True,0,1,,,,[H]/N=C(\N=C(N)N)N1CCOCC1
mosapride_cid119584,,,mosapride_cid119584.png,high,high,0.9200571272957373,exact,Mosapride,Mosapride,1.0,29,29,exact,exact,Mosapride,False,False,False,False,1.0,True,True,0,1,,,,CCOc1cc(N)c(Cl)cc1C(=O)NCC1CN(Cc2ccc(F)cc2)CCO1
muramyl_dipeptide_cid451714,,,muramyl_dipeptide_cid451714.png,low,low,0.6006865481218516,exact,Muramyl Dipeptide,Muramyl Dipeptide,1.0,34,34,exact,exact,Muramyl Dipeptide,False,False,False,False,1.0,True,True,0,1,,,,CC(=O)N[C@@H]1[C@@H](O[C@H](C)C(=O)N[C@@H](C)C(=O)N[C@H](CCC(=O)O)C(N)=O)[C@H](O)[C@@H](CO)O[C@H]1O
murepavadin_cid91824766,,,murepavadin_cid91824766.png,low,low,1.016453808043602e-06,invalid,,,,,,invalid,invalid,,False,False,False,False,,False,,,,,,,[H]C12CCCN1C(=O)C1([H])CCCN1C(=O)C(CO)NC(=O)C(C)NC(=O)C(CCN)NC(=O)C(CCN)NC(=O)C(CC1=CNC3=C1C=CC=C3)NC(=O)[CH]NC[CH]NC[CH]NC[CH]NC(=O)[CH]134NC56(=O)=O=C(C5NC5(=O)(=O)C78C9%10C%11[CH]7%12(O)C9[CH]%118(C)(O)[CH]%105%12NC2=O)N61C1[CH]3256C[CH]143(C2)C51CC63C1
n_1r_2r_2_2_3_dihydro_1_4_benzodioxin_6_yl_2_hydroxy_1_1_pyr_cid23652731,,,n_1r_2r_2_2_3_dihydro_1_4_benzodioxin_6_yl_2_hydroxy_1_1_pyr_cid23652731.png,high,high,0.874257570354191,stereo,"N-((1R,2R)-2-(2,3-Dihydro-1,4-benzodioxin-6-yl)-2-hydroxy-1-(1-pyrrolidinylmethyl)ethyl)octanamide","N-((1R,2R)-2-(2,3-Dihydro-1,4-benzodioxin-6-yl)-2-hydroxy-1-(1-pyrrolidinylmethyl)ethyl)octanamide",1.0,29,29,stereo,stereo,"N-((1R,2R)-2-(2,3-Dihydro-1,4-benzodioxin-6-yl)-2-hydroxy-1-(1-pyrrolidinylmethyl)ethyl)octanamide",False,False,False,False,1.0,True,True,0,1,,,,CCCCCCCC(=O)N[C@H](CN1CCCC1)[C@@H](O)c1ccc2c(c1)OCCO2
n_2r_2_3_dihydroxypropoxy_3_4_difluoro_2_2_fluoro_4_iodophen_cid9826528,,,n_2r_2_3_dihydroxypropoxy_3_4_difluoro_2_2_fluoro_4_iodophen_cid9826528.png,high,high,0.9109467380207475,exact,"N-((2R)-2,3-Dihydroxypropoxy)-3,4-difluoro-2-((2-fluoro-4-iodophenyl)amino)benzamide","N-((2R)-2,3-Dihydroxypropoxy)-3,4-difluoro-2-((2-fluoro-4-iodophenyl)amino)benzamide",1.0,26,26,exact,exact,"N-((2R)-2,3-Dihydroxypropoxy)-3,4-difluoro-2-((2-fluoro-4-iodophenyl)amino)benzamide",False,False,False,False,1.0,True,True,0,1,,,,O=C(NOC[C@H](O)CO)c1ccc(F)c(F)c1Nc1ccc(I)cc1F
nafarelin_cid25077405,,,nafarelin_cid25077405.png,low,low,1.429306728272045e-09,wrong,,Nafarelin,0.785,96,96,wrong,wrong,,False,False,False,False,0.785,False,False,4,1,,,,CC(C)CC(NC(=O)[C@@H](Cc1ccc2c(c1)CC=CC2)NC(=O)[C@H](Cc1ccc(O)cc1)NC(=O)[C@@H](CO)NC(=O)[C@H](Cc1c[nH]c2ccccc12)NC(=O)[C@H](Cc1cnc[nH]1)NC(=O)[C@@H]1CCC(=O)N1)C(=O)N[C@@H](CCCNC(N)N)C(=O)N1CCC[C@H]1C(=O)NCC(N)=O
nafithromycin_cid117587595,,,nafithromycin_cid117587595.png,low,low,0.001437350724881321,stereo,Nafithromycin,Nafithromycin,1.0,60,60,stereo,stereo,Nafithromycin,False,False,False,False,1.0,True,True,0,1,,,,[H][C@@]12[C@@H](C)C(=O)[C@@H](C)C[C@](C)(OC)[C@@H](O[C@H]3O[C@H](C)CC(N(C)C)[C@@H]3O)[C@@H](C)C(=O)[C@@H](C)C(=O)O[C@H](CC)[C@@]1(C)OC(=O)[C@H]2/C(N)=N/O[C@@H](C)c1nnc(-c2ccccn2)s1
nalmefene_hydrochloride_cid5388881,,,nalmefene_hydrochloride_cid5388881.png,low,low,0.748750955626361,exact,Nalmefene Hydrochloride,Nalmefene Hydrochloride,1.0,26,26,exact,exact,Nalmefene Hydrochloride,False,False,False,False,1.0,True,True,0,2,,,,Cl.[H][C@@]12Oc3c(O)ccc4c3[C@@]13CCN(CC1CC1)[C@]([H])(C4)[C@]3(O)CCC2=C
napsagatran_cid11954363,,,napsagatran_cid11954363.png,high,high,0.8649947072707324,wrong,,Napsagatran,0.679,34,40,wrong,wrong,,False,False,False,False,0.679,False,False,11,2,,,,O.[H]/N=C(\N)N1CCC[C@@H](CNC(=O)C[C@@H](CC(=O)O)NS(=O)(=O)c2ccc3ccccc3c2)C1
natamycin_cid5284447,,,natamycin_cid5284447.png,low,low,0.0002054558752502818,invalid,,,,,,invalid,invalid,,False,False,False,False,,False,,,,,,,[H]C1(CC(O)CC2(O)CC(O)C(C(=O)O)C3456[H]C78([H]3)(O24)C23C4C9=CC=CC=CC=CC(C(C)C)[CH]%10(C)CC=CC=CC=CC=C[CH]92(OC2OC(C)C(O)C(N)C2O)(C5)C47C324([H])OC(O)(CC(O)CC3([H])OC3([H])C=CC(=O)O%10)(CC(O)C2C(=O)O)O648)OO1
nateglinide_cid5311309,,,nateglinide_cid5311309.png,high,high,0.8904669097144938,exact,Nateglinide,Nateglinide,1.0,23,23,exact,exact,Nateglinide,False,False,False,False,1.0,True,True,0,1,,,,CC(C)C1CCC(C(=O)N[C@H](Cc2ccccc2)C(=O)O)CC1
netarsudil_cid66599893,,,netarsudil_cid66599893.png,high,high,0.9149344830702715,exact,Netarsudil,Netarsudil,1.0,34,34,exact,exact,Netarsudil,False,False,False,False,1.0,True,True,0,1,,,,Cc1ccc(C(=O)OCc2ccc([C@@H](CN)C(=O)Nc3ccc4cnccc4c3)cc2)c(C)c1
netupitant_cid6451149,,,netupitant_cid6451149.png,high,high,0.895861741832395,exact,Netupitant,Netupitant,1.0,41,41,exact,exact,Netupitant,False,False,False,False,1.0,True,True,0,1,,,,Cc1ccccc1-c1cc(N2CCN(C)CC2)ncc1N(C)C(=O)C(C)(C)c1cc(C(F)(F)F)cc(C(F)(F)F)c1
nicotinamide_cid936,,,nicotinamide_cid936.png,high,high,0.9149314458859072,exact,Nicotinamide,Nicotinamide,1.0,9,9,exact,exact,Nicotinamide,False,False,False,False,1.0,True,True,0,1,,,,NC(=O)c1cccnc1
nifuroxazide_cid5337997,,,nifuroxazide_cid5337997.png,high,high,0.91396504972655,exact,Nifuroxazide,Nifuroxazide,1.0,20,20,exact,exact,Nifuroxazide,False,False,False,False,1.0,True,True,0,1,,,,O=C(N/N=C/c1ccc([N+](=O)[O-])o1)c1ccc(O)cc1
nikkomycin_z_cid456557,,,nikkomycin_z_cid456557.png,low,low,0.4246136161096846,stereo,Nikkomycin Z,Nikkomycin Z,1.0,35,35,stereo,stereo,Nikkomycin Z,False,False,False,False,1.0,True,True,0,1,,,,C[C@@H]([C@H](N)C(=O)N[C@H](C(=O)O)[C@@H]1O[C@@H](n2ccc(=O)[nH]c2=O)[C@H](O)[C@@H]1O)[C@@H](O)c1ccc(O)cn1
nimesulide_cid4495,,,nimesulide_cid4495.png,high,high,0.9169939993121323,exact,Nimesulide,Nimesulide,1.0,21,21,exact,exact,Nimesulide,False,False,False,False,1.0,True,True,0,1,,,,CS(=O)(=O)Nc1ccc([N+](=O)[O-])cc1Oc1ccccc1
nimodipine_cid4497,,,nimodipine_cid4497.png,high,high,0.91812224308255,exact,Nimodipine,Nimodipine,1.0,30,30,exact,exact,Nimodipine,False,False,False,False,1.0,True,True,0,1,,,,COCCOC(=O)C1=C(C)NC(C)=C(C(=O)OC(C)C)C1c1cccc([N+](=O)[O-])c1
niraparib_cid24958200,,,niraparib_cid24958200.png,high,high,0.9141563649368443,exact,Niraparib,Niraparib,1.0,24,24,exact,exact,Niraparib,False,False,False,False,1.0,True,True,0,1,,,,NC(=O)c1cccc2cn(-c3ccc([C@@H]4CCCNC4)cc3)nc12
nitisinone_cid115355,,,nitisinone_cid115355.png,high,high,0.9193031123930363,exact,Nitisinone,Nitisinone,1.0,23,23,exact,exact,Nitisinone,False,False,False,False,1.0,True,True,0,1,,,,O=C1CCCC(=O)C1C(=O)c1ccc(C(F)(F)F)cc1[N+](=O)[O-]
nitrous_oxide_cid948,,,nitrous_oxide_cid948.png,low,low,0.7604657950344051,wrong,,Nitrous Oxide,0.0,9,3,wrong,wrong,,False,False,False,False,0.0,False,False,31,6,,CC.CC,,"CC.CC.CC.O.[NH2+].[NH3+] |^1:8,^2:7|"
nizatidine_cid4513,,,nizatidine_cid4513.png,high,high,0.9064687876808332,wrong,,Nizatidine,0.617,21,21,wrong,wrong,,False,False,False,False,0.617,False,False,2,1,,,,CN[C@@H](C[N+](=O)[O-])NCCSCc1csc(CN(C)C)n1
norelgestromin_cid62930,,,norelgestromin_cid62930.png,low,low,0.4798583570918146,wrong,,Norelgestromin,0.5,26,24,wrong,wrong,,False,False,False,False,0.5,False,False,3,1,,,,[H][C@@]12CC[C@](O)(C#C)[C@@]1(CC)CC[C@]1(Cl)[C@@]2(C)CCC2=C/C(=N/O)CC[C@@]21[H]
obicetrapib_cid11498596,,,obicetrapib_cid11498596.png,low,low,0.6456315227637524,exact,Obicetrapib,Obicetrapib,1.0,50,50,exact,exact,Obicetrapib,False,False,False,False,1.0,True,True,0,1,,,,CCOC(=O)N1c2ccc(C(F)(F)F)cc2[C@@H](N(Cc2cc(C(F)(F)F)cc(C(F)(F)F)c2)c2ncc(OCCCC(=O)O)cn2)C[C@H]1CC
obidoxime_chloride_cid135566074,,,obidoxime_chloride_cid135566074.png,high,high,0.908910786390264,exact,Obidoxime Chloride,Obidoxime Chloride,1.0,23,23,exact,exact,Obidoxime Chloride,False,False,False,False,1.0,True,True,0,3,,[Cl-],,O/N=C/c1cc[n+](COC[n+]2ccc(/C=N/O)cc2)cc1.[Cl-].[Cl-]
octenidine_hydrochloride_cid51166,,,octenidine_hydrochloride_cid51166.png,low,low,0.005063695008429082,invalid,,,,,,invalid,invalid,,False,False,False,False,,False,,,,,,,C=CN1CCCCCCCCCC(N2C=CC(=NCCCCCCCC)C=C2)N2(C=CC(=NCCCCCCCC)C=C2)CCCCCCCCCCN23C=CC(=NCCCCCCCC)(C=C2)C=C13.CCCCCCCCN.Cl.Cl
olodaterol_cid11504295,,,olodaterol_cid11504295.png,low,low,0.7526978077205422,stereo,Olodaterol,Olodaterol,1.0,28,28,stereo,stereo,Olodaterol,False,False,False,False,1.0,True,True,0,1,,,,COc1ccc(CC(C)(C)NC[C@@H](O)c2cc(O)cc3c2OCC(=O)N3)cc1
olutasidenib_cid118955396,,,olutasidenib_cid118955396.png,high,high,0.9097637623695396,exact,Olutasidenib,Olutasidenib,1.0,25,25,exact,exact,Olutasidenib,False,False,False,False,1.0,True,True,0,1,,,,C[C@H](Nc1ccc(C#N)n(C)c1=O)c1cc2cc(Cl)ccc2[nH]c1=O
omarigliptin_cid46209133,,,omarigliptin_cid46209133.png,high,high,0.8973637077933413,exact,Omarigliptin,Omarigliptin,1.0,27,27,exact,exact,Omarigliptin,False,False,False,False,1.0,True,True,0,1,,,,CS(=O)(=O)n1cc2c(n1)CN([C@H]1CO[C@H](c3cc(F)ccc3F)[C@@H](N)C1)C2
opicapone_cid135565903,,,opicapone_cid135565903.png,high,high,0.9159065529288707,exact,Opicapone,Opicapone,1.0,27,27,exact,exact,Opicapone,False,False,False,False,1.0,True,True,0,1,,,,Cc1c(Cl)c(C)[n+]([O-])c(Cl)c1-c1noc(-c2cc(O)c(O)c([N+](=O)[O-])c2)n1
orforglipron_cid137319706,,,orforglipron_cid137319706.png,low,low,0.8319853739533051,exact,Orforglipron,Orforglipron,1.0,65,65,exact,exact,Orforglipron,False,False,False,False,1.0,True,True,0,1,,,,Cc1cc(-n2nc3c(c2-n2ccn(-c4ccc5c(cnn5C)c4F)c2=O)[C@H](C)N(C(=O)c2cc4cc([C@H]5CCOC(C)(C)C5)ccc4n2[C@@]2(c4noc(=O)[nH]4)C[C@@H]2C)CC3)cc(C)c1F
orlistat_cid3034010,,,orlistat_cid3034010.png,low,low,0.1198341226639362,stereo,Orlistat,Orlistat,1.0,35,35,stereo,stereo,Orlistat,False,False,False,False,1.0,True,True,0,1,,,,CCCCCCCCCCC[C@@H](C[C@@H]1OC(=O)[C@H]1CCCCCC)OC(=O)C(CC(C)C)NC=O
ornidazole_cid28061,,,ornidazole_cid28061.png,high,high,0.9200114732289866,exact,Ornidazole,Ornidazole,1.0,14,14,exact,exact,Ornidazole,False,False,False,False,1.0,True,True,0,1,,,,Cc1ncc([N+](=O)[O-])n1CC(O)CCl
ortataxel_cid6918412,,,ortataxel_cid6918412.png,low,low,0.003944382374713873,invalid,,,,,,invalid,invalid,,False,False,False,False,,False,,,,,,,[H]C12CC(O)C3(C)C(=O)C(OC(C)=O)C4=C(C)[CH]5(OC(=O)C(O)C(CC(C)C)NC(=O)OC(C)(C)C)C678OC9(=O)OC6%10%11(C(OC(=O)C6=CC=CC=C6)C3([H])C1(OC(C)=O)CO2)O91C(=O)O7C51%102CC48%11(C)C2
ouabain_cid439501,,,ouabain_cid439501.png,low,low,0.0007442019223306272,wrong,,Ouabain,0.6,41,41,wrong,wrong,,False,False,False,False,0.6,False,False,2,1,,,,"CC1O[C@@H](O[C@H]2C[C@H](O)[C@]3(CO)[C]4[C](CC[C@@]3(O)C2)[C@]2(O)CC[C@H](C3=CC(=O)OC3)[C@@]2(C)C[C@H]4O)C(O)C(O)[C@@H]1O |^1:12,13|"
oxfendazole_cid40854,,,oxfendazole_cid40854.png,low,low,0.4408804686761255,exact,Oxfendazole,Oxfendazole,1.0,22,22,exact,exact,Oxfendazole,False,False,False,False,1.0,True,True,0,1,,,,COC(=O)Nc1nc2ccc(S(=O)c3ccccc3)cc2[nH]1
oxiconazole_nitrate_cid9556529,,,oxiconazole_nitrate_cid9556529.png,high,high,0.9045149762133508,exact,Oxiconazole Nitrate,Oxiconazole Nitrate,1.0,30,30,exact,exact,Oxiconazole Nitrate,False,False,False,False,1.0,True,True,0,2,,,,Clc1ccc(CO/N=C(\Cn2ccnc2)c2ccc(Cl)cc2Cl)c(Cl)c1.O=[N+]([O-])O
oxybuprocaine_cid4633,,,oxybuprocaine_cid4633.png,high,high,0.917880269032478,exact,Oxybuprocaine,Oxybuprocaine,1.0,22,22,exact,exact,Oxybuprocaine,False,False,False,False,1.0,True,True,0,1,,,,CCCCOc1cc(C(=O)OCCN(CC)CC)ccc1N
padsevonil_cid52911611,,,padsevonil_cid52911611.png,high,high,0.8867937350599676,exact,Padsevonil,Padsevonil,1.0,27,27,exact,exact,Padsevonil,False,False,False,False,1.0,True,True,0,1,,,,COCc1nn2c(CN3C[C@@H](CC(F)(F)Cl)CC3=O)c(C(F)(F)F)nc2s1
paliperidone_cid115237,,,paliperidone_cid115237.png,high,high,0.9191088602103398,exact,Paliperidone,Paliperidone,1.0,31,31,exact,exact,Paliperidone,False,False,False,False,1.0,True,True,0,1,,,,Cc1nc2n(c(=O)c1CCN1CCC(c3noc4cc(F)ccc34)CC1)CCCC2O
paliperidone_palmitate_cid9852746,,,paliperidone_palmitate_cid9852746.png,low,low,0.5522838217019439,stereo,Paliperidone Palmitate,Paliperidone Palmitate,1.0,48,48,stereo,stereo,Paliperidone Palmitate,False,False,False,False,1.0,True,True,0,1,,,,CCCCCCCCCCCCCCCC(=O)O[C@@H]1CCCn2c1nc(C)c(CCN1CCC(c3noc4cc(F)ccc34)CC1)c2=O
palonosetron_hydrochloride_cid6918303,,,palonosetron_hydrochloride_cid6918303.png,low,low,0.3293173610644364,invalid,,,,,,invalid,invalid,,False,False,False,False,,False,,,,,,,Cl.[H]C12CCCC3=CC=CC(=C31)C(=O)N(C13([H])C4N5CCC16CCC4563)C2
paromomycin_cid165580,,,paromomycin_cid165580.png,low,low,0.02121765772622731,stereo,Paromomycin,Paromomycin,1.0,42,42,stereo,stereo,Paromomycin,False,False,False,False,1.0,True,True,0,1,,,,NC[C@@H]1O[C@H](O[C@H]2[C@H](O)[C@H](O[C@H]3[C@@H](O)[C@H](N)C[C@H](N)[C@H]3O[C@H]3O[C@H](CO)[C@@H](O)[C@H](O)[C@H]3N)O[C@@H]2CO)[C@H](N)[C@@H](O)[C@@H]1O
pasireotide_cid9941444,,,pasireotide_cid9941444.png,low,low,1.001567508630407e-05,invalid,,,,,,invalid,invalid,,False,False,False,False,,False,,,,,,,[H]C123CC456([H])C[CH]7(OC(=O)NCCN)CN48C4[CH]NC9=O=C(NC(CC%10=CC=CC=C%10)C8N41CC(OC(=O)(=O)NCCN)C725)C1NC2=O=C(NC9C1C1=CC=C(OCC4=CC=CC=C4)C=C1)C1NC4=O=C([CH]NC57=O=C(=O=5)(NC4CC4=CNC5=C4C=CC=C5)C4NC6=O=C3NC7C43=CC=CC=C3)NC2C1CCCN
pemafibrate_cid11526038,,,pemafibrate_cid11526038.png,high,high,0.9181706843368888,exact,Pemafibrate,Pemafibrate,1.0,36,36,exact,exact,Pemafibrate,False,False,False,False,1.0,True,True,0,1,,,,CC[C@@H](Oc1cccc(CN(CCCOc2ccc(OC)cc2)c2nc3ccccc3o2)c1)C(=O)O
pemetrexed_cid135410875,,,pemetrexed_cid135410875.png,high,high,0.9138724431826373,exact,Pemetrexed,Pemetrexed,1.0,31,31,exact,exact,Pemetrexed,False,False,False,False,1.0,True,True,0,1,,,,Nc1nc2[nH]cc(CCc3ccc(C(=O)N[C@@H](CCC(=O)O)C(=O)O)cc3)c2c(=O)[nH]1
pemigatinib_cid86705695,,,pemigatinib_cid86705695.png,high,high,0.9121003541089602,exact,Pemigatinib,Pemigatinib,1.0,35,35,exact,exact,Pemigatinib,False,False,False,False,1.0,True,True,0,1,,,,CCN1C(=O)N(c2c(F)c(OC)cc(OC)c2F)Cc2cnc3[nH]c(CN4CCOCC4)cc3c21
penicillamine_cid5852,,,penicillamine_cid5852.png,high,high,0.8916863072648702,exact,Penicillamine,Penicillamine,1.0,9,9,exact,exact,Penicillamine,False,False,False,False,1.0,True,True,0,1,,,,CC(C)(S)[C@@H](N)C(=O)O
peposertib_cid86292849,,,peposertib_cid86292849.png,high,high,0.8899079569839119,stereo,Peposertib,Peposertib,1.0,34,34,stereo,stereo,Peposertib,False,False,False,False,1.0,True,True,0,1,,,,COc1ccc([C@H](O)c2cc(-c3ncnc4cc(N5CCOCC5)ccc34)c(F)cc2Cl)nn1
perampanel_cid9924495,,,perampanel_cid9924495.png,high,high,0.9203738045682519,exact,Perampanel,Perampanel,1.0,27,27,exact,exact,Perampanel,False,False,False,False,1.0,True,True,0,1,,,,N#Cc1ccccc1-c1cc(-c2ccccn2)cn(-c2ccccc2)c1=O
phenelzine_cid3675,,,phenelzine_cid3675.png,high,high,0.9116312863865155,exact,Phenelzine,Phenelzine,1.0,10,10,exact,exact,Phenelzine,False,False,False,False,1.0,True,True,0,1,,,,NNCCc1ccccc1
phenprocoumon_cid54680692,,,phenprocoumon_cid54680692.png,high,high,0.919527264258751,exact,Phenprocoumon,Phenprocoumon,1.0,21,21,exact,exact,Phenprocoumon,False,False,False,False,1.0,True,True,0,1,,,,CCC(c1ccccc1)c1c(O)c2ccccc2oc1=O
phentolamine_cid5775,,,phentolamine_cid5775.png,high,high,0.9084834029348504,exact,Phentolamine,Phentolamine,1.0,21,21,exact,exact,Phentolamine,False,False,False,False,1.0,True,True,0,1,,,,Cc1ccc(N(CC2=NCCN2)c2cccc(O)c2)cc1
phylloquinone_cid5284607,,,phylloquinone_cid5284607.png,high,high,0.8962894740792209,exact,Phylloquinone,Phylloquinone,1.0,33,33,exact,exact,Phylloquinone,False,False,False,False,1.0,True,True,0,1,,,,CC1=C(C/C=C(\C)CCC[C@H](C)CCC[C@H](C)CCCC(C)C)C(=O)c2ccccc2C1=O
pinaverium_bromide_cid40703,,,pinaverium_bromide_cid40703.png,low,low,0.7483697404170516,stereo,Pinaverium Bromide,Pinaverium Bromide,1.0,33,33,stereo,stereo,Pinaverium Bromide,False,False,False,False,1.0,True,True,0,2,,,,COc1cc(Br)c(C[N+]2(CCOCC[C@H]3CCC4C[C@H]3C4(C)C)CCOCC2)cc1OC.[Br-]
pindolol_cid4828,,,pindolol_cid4828.png,high,high,0.9167894177241244,exact,Pindolol,Pindolol,1.0,18,18,exact,exact,Pindolol,False,False,False,False,1.0,True,True,0,1,,,,CC(C)NCC(O)COc1cccc2[nH]ccc12
piperazine_cid4837,,,piperazine_cid4837.png,high,high,0.8782431759941459,exact,Piperazine,Piperazine,1.0,6,6,exact,exact,Piperazine,False,False,False,False,1.0,True,True,0,1,,,,C1CNCCN1
pirfenidone_cid40632,,,pirfenidone_cid40632.png,high,high,0.9038232147285097,exact,Pirfenidone,Pirfenidone,1.0,14,14,exact,exact,Pirfenidone,False,False,False,False,1.0,True,True,0,1,,,,Cc1ccc(=O)n(-c2ccccc2)c1
piroxicam_cid54676228,,,piroxicam_cid54676228.png,high,high,0.9051091797295739,exact,Piroxicam,Piroxicam,1.0,23,23,exact,exact,Piroxicam,False,False,False,False,1.0,True,True,0,1,,,,CN1C(C(=O)Nc2ccccn2)=C(O)c2ccccc2S1(=O)=O
pivmecillinam_cid115163,,,pivmecillinam_cid115163.png,low,low,0.7433839622792767,exact,Pivmecillinam,Pivmecillinam,1.0,30,30,exact,exact,Pivmecillinam,False,False,False,False,1.0,True,True,0,1,,,,[H][C@]12SC(C)(C)[C@H](C(=O)OCOC(=O)C(C)(C)C)N1C(=O)[C@H]2N=CN1CCCCCC1
plecanatide_cid70693500,,,plecanatide_cid70693500.png,low,low,2.050010184296554e-15,invalid,,,,,,invalid,invalid,,False,False,False,False,,False,,,,,,,[H]CCSSCC([H])NC(=O)C1(CC(C)C)NC(=O)C234(O)NC5(=O)C6([H])(CSC)C7SCCNC8(=O)C([H])(C)NC9(=O)C%10NC%109%11%12(C(C)C)(NC9%10%13(=O)=O=C%14%15C9%16([H])N9C%17(=O)C%14%10([H])(C%16(C(N)=O)C9%17%15%13(CC(N)=O)NC2(=O)C3([H])C1(C)C)C6(=O)(N4)C75([H])NC%111=O=C%12C(C)C(C(=O)O)C1)C(=O)NC8([H])(C)C=O
ponesimod_cid11363176,,,ponesimod_cid11363176.png,high,high,0.8905374735817674,stereo,Ponesimod,Ponesimod,1.0,31,31,stereo,stereo,Ponesimod,False,False,False,False,1.0,True,True,0,1,,,,CCC/N=C1\S/C(=C\c2ccc(OC[C@@H](O)CO)c(Cl)c2)C(=O)N1c1ccccc1C
posaconazole_cid468595,,,posaconazole_cid468595.png,low,low,0.0001489648557068284,stereo,Posaconazole,Posaconazole,1.0,51,51,stereo,stereo,Posaconazole,False,False,False,False,1.0,True,True,0,1,,,,CCC([C@H](C)O)n1ncn(-c2ccc(N3CCN(c4ccc(OC[C@@H]5CO[C@@](Cn6cncn6)(c6ccc(F)cc6F)C5)cc4)CC3)cc2)c1=O
potassium_perchlorate_cid516900,,,potassium_perchlorate_cid516900.png,low,low,0.8271352178817216,wrong,,Potassium Perchlorate,0.25,6,6,wrong,wrong,,False,False,False,False,0.25,False,False,2,2,,,,[K+].[O-][Cr+]([O-])([O-])[O-]
pracinostat_cid49855250,,,pracinostat_cid49855250.png,high,high,0.9028831557700565,exact,Pracinostat,Pracinostat,1.0,26,26,exact,exact,Pracinostat,False,False,False,False,1.0,True,True,0,1,,,,CCCCc1nc2cc(/C=C/C(=O)NO)ccc2n1CCN(CC)CC
pralmorelin_cid6918245,,,pralmorelin_cid6918245.png,low,low,0.01389382340143707,stereo,Pralmorelin,Pralmorelin,1.0,60,60,stereo,stereo,Pralmorelin,False,False,False,False,1.0,True,True,0,1,,,,CC(N)C(=O)NC(Cc1ccc2ccccc2c1)C(=O)N[C@@H](C)C(=O)N[C@@H](Cc1c[nH]c2ccccc12)C(=O)NC(Cc1ccccc1)C(=O)N[C@@H](CCCCN)C(N)=O
propafenone_hydrochloride_cid36708,,,propafenone_hydrochloride_cid36708.png,high,high,0.9228124120705651,exact,Propafenone Hydrochloride,Propafenone Hydrochloride,1.0,26,26,exact,exact,Propafenone Hydrochloride,False,False,False,False,1.0,True,True,0,2,,,,CCCNCC(O)COc1ccccc1C(=O)CCc1ccccc1.Cl
propantheline_bromide_cid9279,,,propantheline_bromide_cid9279.png,high,high,0.8976241780073351,wrong,,Propantheline Bromide,0.646,28,28,wrong,wrong,,False,False,False,False,0.646,False,False,2,2,,,,CC(C)[Si](C)(CCOC(=O)C1c2ccccc2Oc2ccccc21)C(C)C.[Br-]
propoxyphene_cid10100,,,propoxyphene_cid10100.png,high,high,0.8769600817163374,exact,Propoxyphene,Propoxyphene,1.0,25,25,exact,exact,Propoxyphene,False,False,False,False,1.0,True,True,0,1,,,,CCC(=O)O[C@](Cc1ccccc1)(c1ccccc1)[C@H](C)CN(C)C
prostaglandin_e2_cid5280360,,,prostaglandin_e2_cid5280360.png,high,high,0.9135520347602056,stereo,Prostaglandin E2,Prostaglandin E2,1.0,25,25,stereo,stereo,Prostaglandin E2,False,False,False,False,1.0,True,True,0,1,,,,CCCCC[C@@H](O)C=C[C@H]1[C@H](O)CC(=O)[C@@H]1C/C=C\CCCC(=O)O
prucalopride_cid3052762,,,prucalopride_cid3052762.png,high,high,0.9027469499231715,exact,Prucalopride,Prucalopride,1.0,25,25,exact,exact,Prucalopride,False,False,False,False,1.0,True,True,0,1,,,,COCCCN1CCC(NC(=O)c2cc(Cl)c(N)c3c2OCC3)CC1
pyrantel_pamoate_cid5281033,,,pyrantel_pamoate_cid5281033.png,low,low,0.7837886242439684,exact,Pyrantel Pamoate,Pyrantel Pamoate,1.0,43,43,exact,exact,Pyrantel Pamoate,False,False,False,False,1.0,True,True,0,2,,,,CN1CCCN=C1/C=C/c1cccs1.O=C(O)c1cc2ccccc2c(Cc2c(O)c(C(=O)O)cc3ccccc23)c1O
pyrazinamide_cid1046,,,pyrazinamide_cid1046.png,high,high,0.8884478203940925,exact,Pyrazinamide,Pyrazinamide,1.0,9,9,exact,exact,Pyrazinamide,False,False,False,False,1.0,True,True,0,1,,,,NC(=O)c1cnccn1
pyrithione_zinc_cid26041,,,pyrithione_zinc_cid26041.png,high,high,0.9074993147458116,wrong,,Pyrithione Zinc,0.52,17,17,skeleton,skeleton,,False,False,False,False,0.52,True,False,2,3,,[O-][n+]1ccccc1S,,[O-][n+]1ccccc1S.[O-][n+]1ccccc1S.[Zn+2]
pyronaridine_tetraphosphate_cid156867,,,pyronaridine_tetraphosphate_cid156867.png,low,low,0.004185779776030619,invalid,,,,,,invalid,invalid,,False,False,False,False,,False,,,,,,,COC1=NC2=C(C=C1)N=C1C=C(Cl)C=CC1=C2NC1=CC(CN2CCCC2)=C(O)C(CN2CCCC2)=C1.O=P(O)(O)O.O=P(O)(O)O.O=P(O)(O)O.O=P123OP(=O)(O)(O)(O1)(O2)O3
qs_21_apiose_isomer_cid73652135,,,qs_21_apiose_isomer_cid73652135.png,low,low,5.70731817375278e-28,invalid,,,,,,invalid,invalid,,False,False,False,False,,False,,,,,,,CCC(C)C(CC(O)CC(=O)OC1C(C)OC2OC3(=O)C4CCC(C)(C)C5CC453C3(CO)(CCC(C)(C)C3)C(=O)OC34=C(O)C=C5=C678=C9=C5(=C=65%10=C6(O)=C7%11(OC7(=CC=C%12(NC%13C(O)COC%13OC%12=C7O)C(O)=C5O)O9%11%10)C(C)=C35(OC2C14O)C(O)=C65O)C8)OC(=O)CC(O)C[CH]OC1OC(CO)C(O)C1O
quinacrine_dihydrochloride_cid6239,,,quinacrine_dihydrochloride_cid6239.png,high,high,0.9152333116230609,wrong,,Quinacrine Dihydrochloride,0.797,30,30,wrong,wrong,,False,False,False,False,0.797,False,False,2,3,,Cl,,CCN(CC)CCCC(C)Nc1c2cc[c]([Cf])cc2nc2ccc(OC)cc12.Cl.Cl
quinagolide_cid3086401,,,quinagolide_cid3086401.png,low,low,0.299281675313552,wrong,,Quinagolide,0.514,28,27,wrong,wrong,,False,False,False,False,0.514,False,False,3,1,,,,*[C@@]12Cc3cccc(O)c3C[C@]1(C)C[C@H](NS(=O)(=O)N(CC)CC)CN2CCC |$RI;;;;;;;;;;;;;;;;;;;;;;;;;;;;$|
radezolid_cid11224409,,,radezolid_cid11224409.png,low,low,0.03138420307734251,exact,Radezolid,Radezolid,1.0,32,32,exact,exact,Radezolid,False,False,False,False,1.0,True,True,0,1,,,,CC(=O)NC[C@H]1CN(c2ccc(-c3ccc(CNCc4cn[nH]n4)cc3)c(F)c2)C(=O)O1
raltitrexed_cid135400182,,,raltitrexed_cid135400182.png,low,low,0.5163532853380332,stereo,Raltitrexed,Raltitrexed,1.0,32,32,stereo,stereo,Raltitrexed,False,False,False,False,1.0,True,True,0,1,,,,Cc1nc2ccc(CN(C)c3ccc(C(=O)NC(CCC(=O)O)C(=O)O)s3)cc2c(=O)[nH]1
ramelteon_cid208902,,,ramelteon_cid208902.png,high,high,0.8988474489520509,exact,Ramelteon,Ramelteon,1.0,19,19,exact,exact,Ramelteon,False,False,False,False,1.0,True,True,0,1,,,,CCC(=O)NCC[C@@H]1CCc2ccc3c(c21)CCO3
ramosetron_cid108000,,,ramosetron_cid108000.png,high,high,0.8986971644535935,exact,Ramosetron,Ramosetron,1.0,21,21,exact,exact,Ramosetron,False,False,False,False,1.0,True,True,0,1,,,,Cn1cc(C(=O)[C@@H]2CCc3nc[nH]c3C2)c2ccccc21
rasagiline_cid3052776,,,rasagiline_cid3052776.png,high,high,0.8776254820400232,exact,Rasagiline,Rasagiline,1.0,13,13,exact,exact,Rasagiline,False,False,False,False,1.0,True,True,0,1,,,,C#CCN[C@@H]1CCc2ccccc21
ravtansine_cid11686439,,,ravtansine_cid11686439.png,low,low,6.339655972513706e-09,invalid,,,,,,invalid,invalid,,False,False,False,False,,False,,,,,,,[H]C12C3C45(O)CC3([H])(O1C(=O)N4)C2(C)C1([H])OC1(C)C(OC(=O)C(C)N(C)C(=O)CCC(C)(C)S)CC(=O)N(C)C1=CC(=CC(OC)=C1Cl)CC(C)=CC=CC5OC
relebactam_cid44129647,,,relebactam_cid44129647.png,high,high,0.8821959595292714,exact,Relebactam,Relebactam,1.0,23,23,exact,exact,Relebactam,False,False,False,False,1.0,True,True,0,1,,,,[H][C@@]12CC[C@@H](C(=O)NC3CCNCC3)N(C1)C(=O)N2OS(=O)(=O)O
remimazolam_cid9867812,,,remimazolam_cid9867812.png,high,high,0.898672425771305,exact,Remimazolam,Remimazolam,1.0,28,28,exact,exact,Remimazolam,False,False,False,False,1.0,True,True,0,1,,,,COC(=O)CC[C@@H]1N=C(c2ccccn2)c2cc(Br)ccc2-n2c(C)cnc21
retapamulin_cid6918462,,,retapamulin_cid6918462.png,low,low,0.0713811387655811,wrong,,Retapamulin,0.797,38,36,wrong,wrong,,False,False,False,False,0.797,False,False,4,1,,,,[H][C@]12CC[C@@H]3CC1(C[C@@H](SCC(=O)O[C@H]1C[C@@](C)(C=C)[C@@H](O)[C@H](C)[C@@]45CCC(=O)[C@@]4([H])[C@@]1(C)[C@H](C)CC5)C2)N3C
rifamycin_cid6324616,,,rifamycin_cid6324616.png,low,low,0.5736595509668683,wrong,,Rifamycin,0.458,46,50,wrong,wrong,,False,False,False,False,0.458,False,False,8,1,,,,[H][C@]1(C)[C@@]([H])(OC(C)=O)[C@]([H])(C)[C@]([H])(O)[C@]([H])(C)C(O)(O)[C@@]([H])(C)/C=C/C=C(/C)C(=O)NC/C=C(/O)CC2=C(CC)O[C@](C)(O/C=C/[C@]1([H])OC)C2=O
riluzole_cid5070,,,riluzole_cid5070.png,high,high,0.9136423488665081,exact,Riluzole,Riluzole,1.0,15,15,exact,exact,Riluzole,False,False,False,False,1.0,True,True,0,1,,,,Nc1nc2ccc(OC(F)(F)F)cc2s1
rimantadine_hydrochloride_cid15165,,,rimantadine_hydrochloride_cid15165.png,high,high,0.8837619062473091,exact,Rimantadine Hydrochloride,Rimantadine Hydrochloride,1.0,14,14,exact,exact,Rimantadine Hydrochloride,False,False,False,False,1.0,True,True,0,2,,,,CC(N)C12CC3CC(CC(C3)C1)C2.Cl
riociguat_cid11304743,,,riociguat_cid11304743.png,high,high,0.9035105074428164,exact,Riociguat,Riociguat,1.0,31,31,exact,exact,Riociguat,False,False,False,False,1.0,True,True,0,1,,,,COC(=O)N(C)c1c(N)nc(-c2nn(Cc3ccccc3F)c3ncccc23)nc1N
ripasudil_cid9863672,,,ripasudil_cid9863672.png,high,high,0.8709392456152281,exact,Ripasudil,Ripasudil,1.0,22,22,exact,exact,Ripasudil,False,False,False,False,1.0,True,True,0,1,,,,C[C@H]1CNCCCN1S(=O)(=O)c1cccc2cncc(F)c12
robenacoxib_cid6433107,,,robenacoxib_cid6433107.png,high,high,0.9196683414575303,exact,Robenacoxib,Robenacoxib,1.0,23,23,exact,exact,Robenacoxib,False,False,False,False,1.0,True,True,0,1,,,,CCc1ccc(Nc2c(F)c(F)cc(F)c2F)c(CC(=O)O)c1
rocuronium_bromide_cid441351,,,rocuronium_bromide_cid441351.png,low,low,0.5352477055423596,invalid,,,,,,invalid,invalid,,False,False,False,False,,False,,,,,,,[Br-].[H]C12CC([N+]3(CC=C)CCCC3)C(OC(C)=O)C1(C)CC[C]1([BiH2])C23CC2C3CC23([H])CC(O)C(N2CCOCC2)CC13C
roflumilast_cid449193,,,roflumilast_cid449193.png,high,high,0.916859079163491,exact,Roflumilast,Roflumilast,1.0,26,26,exact,exact,Roflumilast,False,False,False,False,1.0,True,True,0,1,,,,O=C(Nc1c(Cl)cncc1Cl)c1ccc(OC(F)F)c(OCC2CC2)c1
rokitamycin_cid5282211,,,rokitamycin_cid5282211.png,low,low,0.08691092453584519,stereo,Rokitamycin,Rokitamycin,1.0,58,58,stereo,stereo,Rokitamycin,False,False,False,False,1.0,True,True,0,1,,,,CCCC(=O)O[C@H]1[C@H](C)O[C@@H](O[C@H]2[C@H](N(C)C)[C@@H](O)[C@H](O[C@H]3[C@@H](CC=O)C[C@@H](C)[C@H](O)/C=C/C=C/C[C@@H](C)OC(=O)C[C@@H](O)[C@@H]3OC)O[C@@H]2C)C[C@@]1(C)OC(=O)CC
rolapitant_hydrochloride_cid16203739,,,rolapitant_hydrochloride_cid16203739.png,low,low,0.2513062872002963,stereo,Rolapitant Hydrochloride,Rolapitant Hydrochloride,1.0,37,37,stereo,stereo,Rolapitant Hydrochloride,False,False,False,False,1.0,True,True,0,3,,,,C[C@@H](OC[C@@]1(c2ccccc2)CC[C@@]2(CCC(=O)N2)CN1)c1cc(C(F)(F)F)cc(C(F)(F)F)c1.Cl.O
rosiglitazone_cid77999,,,rosiglitazone_cid77999.png,low,low,0.3926147137759848,exact,Rosiglitazone,Rosiglitazone,1.0,25,25,exact,exact,Rosiglitazone,False,False,False,False,1.0,True,True,0,1,,,,CN(CCOc1ccc(CC2SC(=O)NC2=O)cc1)c1ccccn1
rucaparib_cid9931954,,,rucaparib_cid9931954.png,high,high,0.9216666162084428,exact,Rucaparib,Rucaparib,1.0,24,24,exact,exact,Rucaparib,False,False,False,False,1.0,True,True,0,1,,,,CNCc1ccc(-c2[nH]c3cc(F)cc4c3c2CCNC4=O)cc1
rufinamide_cid129228,,,rufinamide_cid129228.png,high,high,0.909828485722952,exact,Rufinamide,Rufinamide,1.0,17,17,exact,exact,Rufinamide,False,False,False,False,1.0,True,True,0,1,,,,NC(=O)c1cn(Cc2c(F)cccc2F)nn1
samuraciclib_cid91844733,,,samuraciclib_cid91844733.png,low,low,0.5528782355975238,stereo,Samuraciclib,Samuraciclib,1.0,29,29,stereo,stereo,Samuraciclib,False,False,False,False,1.0,True,True,0,1,,,,CC(C)c1cnn2c(NCc3ccccc3)cc(NC[C@H]3CCNC[C@H]3O)nc12
sapropterin_cid135398654,,,sapropterin_cid135398654.png,high,high,0.9005809413753761,exact,Sapropterin,Sapropterin,1.0,17,17,exact,exact,Sapropterin,False,False,False,False,1.0,True,True,0,1,,,,C[C@H](O)[C@H](O)[C@H]1CNc2nc(N)[nH]c(=O)c2N1
saruparib_cid155586901,,,saruparib_cid155586901.png,high,high,0.8911803552541548,exact,Saruparib,Saruparib,1.0,30,30,exact,exact,Saruparib,False,False,False,False,1.0,True,True,0,1,,,,CCc1cc2ncc(CN3CCN(c4ccc(C(=O)NC)nc4)CC3)cc2[nH]c1=O
saxagliptin_hydrochloride_cid49800073,,,saxagliptin_hydrochloride_cid49800073.png,low,low,0.7474850119672812,exact,Saxagliptin Hydrochloride,Saxagliptin Hydrochloride,1.0,24,24,exact,exact,Saxagliptin Hydrochloride,False,False,False,False,1.0,True,True,0,2,,,,Cl.[H][C@]12C[C@@H](C#N)N(C(=O)[C@@H](N)C34CC5CC(CC(O)(C5)C3)C4)[C@@]1([H])C2
selatogrel_cid59534142,,,selatogrel_cid59534142.png,low,low,0.003955287923824578,exact,Selatogrel,Selatogrel,1.0,43,43,exact,exact,Selatogrel,False,False,False,False,1.0,True,True,0,1,,,,CCCCOC(=O)N1CCN(C(=O)[C@H](CP(=O)(O)O)NC(=O)c2cc(N3CC[C@H](OC)C3)nc(-c3ccccc3)n2)CC1
selenium_sulfide_ses_cid24011,,,selenium_sulfide_ses_cid24011.png,low,low,0.3603852521984545,wrong,,Selenium sulfide (SeS),0.0,5,2,wrong,wrong,,False,False,False,False,0.0,False,False,13,2,,,,C1C2CC12.S
selexipag_cid9913767,,,selexipag_cid9913767.png,low,low,0.7655845594398057,exact,Selexipag,Selexipag,1.0,35,35,exact,exact,Selexipag,False,False,False,False,1.0,True,True,0,1,,,,CC(C)N(CCCCOCC(=O)NS(C)(=O)=O)c1cnc(-c2ccccc2)c(-c2ccccc2)n1
semaxanib_cid5329098,,,semaxanib_cid5329098.png,high,high,0.8968013693499767,exact,Semaxanib,Semaxanib,1.0,18,18,exact,exact,Semaxanib,False,False,False,False,1.0,True,True,0,1,,,,Cc1cc(C)c(/C=C2\C(=O)Nc3ccccc32)[nH]1
senna_cid73111,,,senna_cid73111.png,low,low,0.1044003384670637,stereo,Senna,Senna,1.0,62,62,stereo,stereo,Senna,False,False,False,False,1.0,True,True,0,1,,,,O=C(O)c1cc(O)c2c(c1)[C@H]([C@H]1c3cc(C(=O)O)cc(O)c3C(=O)c3c(O[C@@H]4O[C@H](CO)[C@@H](O)[C@@H](O)[C@H]4O)cccc31)c1cccc(O[C@@H]3O[C@H](CO)[C@@H](O)[C@H](O)[C@H]3O)c1C2=O
sertindole_cid60149,,,sertindole_cid60149.png,high,high,0.9116377832954718,exact,Sertindole,Sertindole,1.0,31,31,exact,exact,Sertindole,False,False,False,False,1.0,True,True,0,1,,,,O=C1NCCN1CCN1CCC(c2cn(-c3ccc(F)cc3)c3ccc(Cl)cc23)CC1
sevoflurane_cid5206,,,sevoflurane_cid5206.png,low,low,0.8134508540575438,invalid,,,,,,invalid,invalid,,False,False,False,False,,False,,,,,,,FFCOC(C(F)(F)F)C(F)(F)F
shr0302_cid71622431,,,shr0302_cid71622431.png,high,high,0.8973611613331302,exact,Shr0302,Shr0302,1.0,29,29,exact,exact,Shr0302,False,False,False,False,1.0,True,True,0,1,,,,[H][C@@]12CC(N(C)c3ncnc4[nH]ccc34)C[C@]1([H])CN(C(=O)Nc1nc(OC)ns1)C2
silodosin_cid5312125,,,silodosin_cid5312125.png,low,low,0.547772344722426,exact,Silodosin,Silodosin,1.0,35,35,exact,exact,Silodosin,False,False,False,False,1.0,True,True,0,1,,,,C[C@H](Cc1cc2c(c(C(N)=O)c1)N(CCCO)CC2)NCCOc1ccccc1OCC(F)(F)F
silperisone_cid178568,,,silperisone_cid178568.png,high,high,0.8983773175162574,exact,Silperisone,Silperisone,1.0,18,18,exact,exact,Silperisone,False,False,False,False,1.0,True,True,0,1,,,,C[Si](C)(Cc1ccc(F)cc1)CN1CCCCC1
sitafloxacin_cid461399,,,sitafloxacin_cid461399.png,high,high,0.8986370625584092,exact,Sitafloxacin,Sitafloxacin,1.0,28,28,exact,exact,Sitafloxacin,False,False,False,False,1.0,True,True,0,1,,,,N[C@@H]1CN(c2c(F)cc3c(=O)c(C(=O)O)cn([C@@H]4C[C@@H]4F)c3c2Cl)CC12CC2
sodium_deoxycholate_cid23668196,,,sodium_deoxycholate_cid23668196.png,low,low,0.6928209217841149,wrong,,Sodium Deoxycholate,0.493,29,29,wrong,wrong,,False,False,False,False,0.493,False,False,4,2,,,,*[C@]12C[C@H](O)[C@]3(C)[C@@H]([C@H](C)CCC(=O)[O-])CC[C@@]3([H])[C@]1(*)CC[C@]1([H])C[C@H](O)CC[C@@]12C.[Na] |$CN;;;;;;;;;;;;;;;;;;;;CN;;;;;;;;;;;;$|
sodium_nitrite_cid23668193,,,sodium_nitrite_cid23668193.png,low,low,0.7174272282268735,wrong,,Sodium Nitrite,0.2,4,4,wrong,wrong,,False,False,False,False,0.2,False,False,7,3,,,,C[O-].O.[Na+]
sodium_oxybate_cid23663870,,,sodium_oxybate_cid23663870.png,high,high,0.9166483777339702,exact,Sodium Oxybate,Sodium Oxybate,1.0,8,8,exact,exact,Sodium Oxybate,False,False,False,False,1.0,True,True,0,2,,,,O=C([O-])CCCO.[Na+]
sodium_phenylacetate_cid23690424,,,sodium_phenylacetate_cid23690424.png,high,high,0.9175723788261829,exact,Sodium Phenylacetate,Sodium Phenylacetate,1.0,11,11,exact,exact,Sodium Phenylacetate,False,False,False,False,1.0,True,True,0,2,,,,O=C([O-])Cc1ccccc1.[Na+]
sodium_selenite_cid24934,,,sodium_selenite_cid24934.png,high,high,0.8928481851519029,exact,Sodium Selenite,Sodium Selenite,1.0,6,6,exact,exact,Sodium Selenite,False,False,False,False,1.0,True,True,0,3,,[Na+],,O=[Se]([O-])[O-].[Na+].[Na+]
sodium_thiosulfate_cid24477,,,sodium_thiosulfate_cid24477.png,low,low,0.5670775113389559,invalid,,,,,,invalid,invalid,,False,False,False,False,,False,,,,,,,[Na+].[Na+].[O-]S1([O-])(=S)(=S)CO1
solifenacin_succinate_cid216457,,,solifenacin_succinate_cid216457.png,low,low,0.137984720250289,invalid,,,,,,invalid,invalid,,False,False,False,False,,False,,,,,,,O=C(O)CCC(=O)O.[H]C12(OC(=O)N3CCC4=C(C=CC=C4)C3C3=CC=CC=C3)CN345CCC1(CC3)C1C4CC125
solithromycin_cid25242512,,,solithromycin_cid25242512.png,low,low,0.0001114936059018447,stereo,Solithromycin,Solithromycin,1.0,60,60,stereo,stereo,Solithromycin,False,False,False,False,1.0,True,True,0,1,,,,[H][C@@]12[C@@H](C)C(=O)[C@@H](C)C[C@@](C)(OC)[C@@H](O[C@@H]3O[C@H](C)C[C@H](N(C)C)[C@H]3O)[C@@H](C)C(=O)[C@@](C)(F)C(=O)OC(CC)[C@@]1(C)OC(=O)N2CCCCn1cc(-c2cccc(N)c2)nn1
sonrotoclax_cid149553242,,,sonrotoclax_cid149553242.png,low,low,5.425874680872392e-10,invalid,,,,,,invalid,invalid,,False,False,False,False,,False,,,,,,,CC(C)C1=C(C2CCCN2C2CC3(CCN(C4=CC(OC5=CC6=C(N=C5)NCC6)=C(C(=O)NS(=O)(=O)C5=CC(N(=O)[O-])=C(NCC6CCC(C)(O)CC6)C=C5)C=C4)CC3)C2)C=CC=C1
sotagliflozin_cid24831714,,,sotagliflozin_cid24831714.png,low,low,0.1626496348678454,stereo,Sotagliflozin,Sotagliflozin,1.0,28,28,stereo,stereo,Sotagliflozin,False,False,False,False,1.0,True,True,0,1,,,,CCOc1ccc(Cc2cc([C@@H]3O[C@@H](SC)C(O)[C@@H](O)[C@H]3O)ccc2Cl)cc1
spinosyn_a_cid443059,,,spinosyn_a_cid443059.png,low,low,4.066676299949105e-06,invalid,,,,,,invalid,invalid,,False,False,False,False,,False,,,,,,,[H]C12CC(=O)OC(CC)CCCC(OC3CCC(N(C)C)C(C)O3)C(C)C(=O)C1=CC13[H]C14([H])CC(OC1OC(C)C(OC)C(OC)C1OC)CC4([H])C=CC23[H]
stiripentol_cid5311454,,,stiripentol_cid5311454.png,high,high,0.9111943540848992,exact,Stiripentol,Stiripentol,1.0,17,17,exact,exact,Stiripentol,False,False,False,False,1.0,True,True,0,1,,,,CC(C)(C)C(O)/C=C/c1ccc2c(c1)OCO2
sulbactam_cid130313,,,sulbactam_cid130313.png,low,low,0.7179231689202956,wrong,,Sulbactam,0.413,19,15,wrong,wrong,,False,False,False,False,0.413,False,False,5,1,,,,CC1(C)[C@H](C(=O)O)N2C(=O)C[C@@]2([N]([Bi])([Bi])[Bi])S1(=O)=O
sulpiride_cid5355,,,sulpiride_cid5355.png,high,high,0.91331607384099,exact,Sulpiride,Sulpiride,1.0,23,23,exact,exact,Sulpiride,False,False,False,False,1.0,True,True,0,1,,,,CCN1CCCC1CNC(=O)c1cc(S(N)(=O)=O)ccc1OC
tafamidis_cid11001318,,,tafamidis_cid11001318.png,high,high,0.9151267257917696,exact,Tafamidis,Tafamidis,1.0,20,20,exact,exact,Tafamidis,False,False,False,False,1.0,True,True,0,1,,,,O=C(O)c1ccc2nc(-c3cc(Cl)cc(Cl)c3)oc2c1
tafluprost_cid9868491,,,tafluprost_cid9868491.png,high,high,0.8860437124164385,stereo,Tafluprost,Tafluprost,1.0,32,32,stereo,stereo,Tafluprost,False,False,False,False,1.0,True,True,0,1,,,,CC(C)OC(=O)CCC/C=C\C[C@@H]1[C@@H](C=CC(F)(F)COc2ccccc2)[C@@H](O)C[C@H]1O
talabostat_cid6918572,,,talabostat_cid6918572.png,high,high,0.904902053946247,exact,Talabostat,Talabostat,1.0,15,15,exact,exact,Talabostat,False,False,False,False,1.0,True,True,0,1,,,,CC(C)[C@H](N)C(=O)N1CCC[C@H]1B(O)O
tasimelteon_cid10220503,,,tasimelteon_cid10220503.png,high,high,0.9175608836401993,exact,Tasimelteon,Tasimelteon,1.0,18,18,exact,exact,Tasimelteon,False,False,False,False,1.0,True,True,0,1,,,,CCC(=O)NC[C@@H]1C[C@H]1c1cccc2c1CCO2
tedizolid_cid11234049,,,tedizolid_cid11234049.png,low,low,0.1522082546170615,exact,Tedizolid,Tedizolid,1.0,27,27,exact,exact,Tedizolid,False,False,False,False,1.0,True,True,0,1,,,,Cn1nnc(-c2ccc(-c3ccc(N4C[C@H](CO)OC4=O)cc3F)cn2)n1
tegoprazan_cid23582846,,,tegoprazan_cid23582846.png,low,low,0.7110498126060152,stereo,Tegoprazan,Tegoprazan,1.0,28,28,stereo,stereo,Tegoprazan,False,False,False,False,1.0,True,True,0,1,,,,Cc1nc2c(O[C@@H]3CCOc4cc(F)cc(F)c43)cc(C(=O)N(C)C)cc2[nH]1
teicoplanin_a2_2_cid16198036,,,teicoplanin_a2_2_cid16198036.png,low,low,2.144179513869702e-31,invalid,,,,,,invalid,invalid,,False,False,False,False,,False,,,,,,,[H]C(N)C(=O)N[CH]C1=C(C=CC=C(O)[CH]C(O)NC(=O)[CH]2(O)C=CCOC3=C(O)C4=C5C67C48=CC=34(O)O=C3(N2)[CH]29%10OC%11%12%13=O=C%14%15(=O)NC34%16%17(O)(N%112)C92=C3C49=C%11C%16%18=C%16%19C%20%21(O)=C%22=C%16(O)(=C=4%20[CH]%229OCC(O)=CC=CC(N)C(=O)N[CH]6%12%14C58[CH]7%13%15[H])=C=%182%21=C3%11%19%10%17)C(O[CH]23C4OC2(O)C25O6C2789OC4652(O7)[CH]84O[CH]92(O)O34)=CC(O)=C1
temsavir_cid11317439,,,temsavir_cid11317439.png,high,high,0.9095467223707155,exact,Temsavir,Temsavir,1.0,35,35,exact,exact,Temsavir,False,False,False,False,1.0,True,True,0,1,,,,COc1cnc(-n2cnc(C)n2)c2[nH]cc(C(=O)C(=O)N3CCN(C(=O)c4ccccc4)CC3)c12
tenapanor_cid71587953,,,tenapanor_cid71587953.png,low,low,3.549188649680313e-22,invalid,,,,,,invalid,invalid,,False,False,False,False,,False,,,,,,,CC1CC2=C(C=C(Cl)C=C2Cl)C(C2=CC(S(=O)(=O)C=CCOC=COC=CNC(=O)(=O)NCCCCNC(=O)NCCOC3=CO4C=3CC4CNS(=O)(=O)C=CC3C4=C5C6789=C%10%11C%12=C%10%13%14%15%16(C(=O)C(Cl)=CC%13(Cl)=C43%14)C6=C5%117(C=CC%153=CC(Cl)=C=3%12%16)(C8)C9)=CC=C2)C1
teneligliptin_cid11949652,,,teneligliptin_cid11949652.png,high,high,0.9042242831354181,exact,Teneligliptin,Teneligliptin,1.0,30,30,exact,exact,Teneligliptin,False,False,False,False,1.0,True,True,0,1,,,,Cc1cc(N2CCN([C@@H]3CN[C@H](C(=O)N4CCSC4)C3)CC2)n(-c2ccccc2)n1
tenofovir_cid464205,,,tenofovir_cid464205.png,high,high,0.9174098915432914,exact,Tenofovir,Tenofovir,1.0,19,19,exact,exact,Tenofovir,False,False,False,False,1.0,True,True,0,1,,,,C[C@H](Cn1cnc2c(N)ncnc21)OCP(=O)(O)O
tesetaxel_cid6918574,,,tesetaxel_cid6918574.png,low,low,0.826736629854789,stereo,Tesetaxel,Tesetaxel,1.0,63,63,stereo,stereo,Tesetaxel,False,False,False,False,1.0,True,True,0,1,,,,[H][C@@]12O[C@H](CN(C)C)O[C@]1([H])C1=C(C)[C@H](OC(=O)[C@H](O)[C@@H](NC(=O)OC(C)(C)C)c3ncccc3F)C[C@@](O)([C@H](OC(=O)c3ccccc3)[C@@]3([H])[C@@]2(C)CC[C@@]2([H])OC[C@]32OC(C)=O)C1(C)C
testosterone_enanthate_cid9416,,,testosterone_enanthate_cid9416.png,low,low,0.7497702125297195,wrong,,Testosterone Enanthate,0.549,31,29,wrong,wrong,,False,False,False,False,0.549,False,False,4,1,,,,"[H][C@@]12CC[C@@H](OC(=O)CCCCCC)[C@@]1(C)CC[C@@]1([Bi])[C@@]2([Bi])CCC2=CC(=O)CC[C@@]21C |^2:19,21|"
testosterone_propionate_cid5995,,,testosterone_propionate_cid5995.png,low,low,0.7455353112407062,wrong,,Testosterone Propionate,0.5,27,25,wrong,wrong,,False,False,False,False,0.5,False,False,4,1,,,,[H][C@@]12CC[C@@H](OC(=O)CC)[C@@]1(C)CC[C@@]1([Db])[C@]2([Db])CCC2=CC(=O)CC[C@@]21C
testosterone_undecanoate_cid65157,,,testosterone_undecanoate_cid65157.png,low,low,0.3236441139849042,wrong,,"Testosterone, undecanoate",0.534,34,33,wrong,wrong,,False,False,False,False,0.534,False,False,3,1,,,,[H][C@@]12CC[C@@H](OC(=O)CCCCCCCCCC)[C@@]1(C)CC[C@@]13[In][C@]21CCC1=CC(=O)CC[C@@]13C |^1:23|
thiamphenicol_cid27200,,,thiamphenicol_cid27200.png,low,low,0.4746920077410227,stereo,Thiamphenicol,Thiamphenicol,1.0,21,21,stereo,stereo,Thiamphenicol,False,False,False,False,1.0,True,True,0,1,,,,CS(=O)(=O)c1ccc([C@H](O)[C@@H](CO)NC(=O)C(Cl)Cl)cc1
thimerosal_cid16684434,,,thimerosal_cid16684434.png,high,high,0.9107391660113987,wrong,,Thimerosal,0.935,14,14,near,near,,False,False,False,False,0.935,False,False,0,2,,,,C[CH2][Hg][S]c1ccccc1C(=O)[O-].[Na] |^1:13|
thiopental_cid3000715,,,thiopental_cid3000715.png,high,high,0.9131740151325726,exact,Thiopental,Thiopental,1.0,16,16,exact,exact,Thiopental,False,False,False,False,1.0,True,True,0,1,,,,CCCC(C)C1(CC)C(=O)NC(=S)NC1=O
thiotepa_cid5453,,,thiotepa_cid5453.png,low,low,0.8428050342238432,exact,Thiotepa,Thiotepa,1.0,11,11,exact,exact,Thiotepa,False,False,False,False,1.0,True,True,0,1,,,,S=P(N1CC1)(N1CC1)N1CC1
tildipirosin_cid24860548,,,tildipirosin_cid24860548.png,low,low,0.004877242408013386,stereo,Tildipirosin,Tildipirosin,1.0,52,52,stereo,stereo,Tildipirosin,False,False,False,False,1.0,True,True,0,1,,,,CC[C@H]1OC(=O)C[C@@H](O)[C@H](C)[C@@H](O[C@@H]2O[C@H](C)[C@@H](O)[C@H](N(C)C)[C@H]2O)C(CCN2CCCCC2)C[C@@H](C)C(=O)/C=C/C(/C)=C[C@@H]1CN1CCCCC1
tilmicosin_cid5282521,,,tilmicosin_cid5282521.png,low,low,1.237638741722902e-05,stereo,Tilmicosin,Tilmicosin,1.0,61,61,stereo,stereo,Tilmicosin,False,False,False,False,1.0,True,True,0,1,,,,CC[C@H]1OC(=O)C[C@H](O)[C@H](C)[C@H](O[C@@H]2O[C@H](C)[C@@H](O)[C@H](N(C)C)[C@H]2O)[C@H](CCN2C[C@H](C)C[C@@H](C)C2)C[C@H](C)C(=O)/C=C/C(/C)=C[C@@H]1CO[C@@H]1OC(C)C(O)[C@@H](OC)[C@@H]1OC
tirofiban_hydrochloride_anhydrous_cid64781,,,tirofiban_hydrochloride_anhydrous_cid64781.png,low,low,0.07270108425169992,stereo,Tirofiban hydrochloride anhydrous,Tirofiban hydrochloride anhydrous,1.0,31,31,stereo,stereo,Tirofiban hydrochloride anhydrous,False,False,False,False,1.0,True,True,0,2,,,,CCCCS(=O)(=O)NC(Cc1ccc(OCCCCC2CCNCC2)cc1)C(=O)O.Cl
tofogliflozin_cid46908929,,,tofogliflozin_cid46908929.png,low,low,0.4440189294684789,stereo,Tofogliflozin,Tofogliflozin,1.0,28,28,stereo,stereo,Tofogliflozin,False,False,False,False,1.0,True,True,0,1,,,,CCc1ccc(Cc2ccc3c(c2)[C@]2(OC3)O[C@H](CO)[C@@H](O)[C@@H](O)[C@H]2O)cc1
tolazoline_cid5504,,,tolazoline_cid5504.png,high,high,0.9021035993959147,exact,Tolazoline,Tolazoline,1.0,12,12,exact,exact,Tolazoline,False,False,False,False,1.0,True,True,0,1,,,,c1ccc(CC2=NCCN2)cc1
tolbutamide_cid5505,,,tolbutamide_cid5505.png,high,high,0.8861052230964375,exact,Tolbutamide,Tolbutamide,1.0,18,18,exact,exact,Tolbutamide,False,False,False,False,1.0,True,True,0,1,,,,CCCCNC(=O)NS(=O)(=O)c1ccc(C)cc1
tolperisone_cid5511,,,tolperisone_cid5511.png,high,high,0.9168095599374807,exact,Tolperisone,Tolperisone,1.0,18,18,exact,exact,Tolperisone,False,False,False,False,1.0,True,True,0,1,,,,Cc1ccc(C(=O)C(C)CN2CCCCC2)cc1
tolterodine_tartrate_cid443878,,,tolterodine_tartrate_cid443878.png,low,low,0.3369898958062909,stereo,Tolterodine Tartrate,Tolterodine Tartrate,1.0,34,34,stereo,stereo,Tolterodine Tartrate,False,False,False,False,1.0,True,True,0,2,,,,Cc1ccc(O)c([C@H](CCN(C(C)C)C(C)C)c2ccccc2)c1.O=C(O)[C@@H](O)[C@@H](O)C(=O)O
torasemide_cid41781,,,torasemide_cid41781.png,high,high,0.9144630364148756,exact,Torasemide,Torasemide,1.0,24,24,exact,exact,Torasemide,False,False,False,False,1.0,True,True,0,1,,,,Cc1cccc(Nc2ccncc2S(=O)(=O)NC(=O)NC(C)C)c1
tranylcypromine_cid5530,,,tranylcypromine_cid5530.png,high,high,0.8969617197120623,exact,Tranylcypromine,Tranylcypromine,1.0,10,10,exact,exact,Tranylcypromine,False,False,False,False,1.0,True,True,0,1,,,,NC1CC1c1ccccc1
trehalose_cid7427,,,trehalose_cid7427.png,high,high,0.9042848933684863,exact,Trehalose,Trehalose,1.0,23,23,exact,exact,Trehalose,False,False,False,False,1.0,True,True,0,1,,,,OC[C@H]1O[C@H](O[C@H]2O[C@H](CO)[C@@H](O)[C@H](O)[C@H]2O)[C@H](O)[C@@H](O)[C@@H]1O
trelagliptin_cid15983988,,,trelagliptin_cid15983988.png,high,high,0.8957379576161089,exact,Trelagliptin,Trelagliptin,1.0,26,26,exact,exact,Trelagliptin,False,False,False,False,1.0,True,True,0,1,,,,Cn1c(=O)cc(N2CCC[C@@H](N)C2)n(Cc2cc(F)ccc2C#N)c1=O
trenbolone_cid25015,,,trenbolone_cid25015.png,low,low,0.7939683169855374,stereo,Trenbolone,Trenbolone,1.0,20,20,stereo,stereo,Trenbolone,False,False,False,False,1.0,True,True,0,1,,,,[H][C@@]12CC[C@@H](O)[C@@]1(C)C=CC1=C3CCC(=O)C=C3CC[C@]12[H]
trifarotene_cid11518241,,,trifarotene_cid11518241.png,high,high,0.9214576130128085,exact,Trifarotene,Trifarotene,1.0,34,34,exact,exact,Trifarotene,False,False,False,False,1.0,True,True,0,1,,,,CC(C)(C)c1cc(-c2cc(-c3ccc(C(=O)O)cc3)ccc2OCCO)ccc1N1CCCC1
trifluridine_cid6256,,,trifluridine_cid6256.png,high,high,0.888987425646681,exact,Trifluridine,Trifluridine,1.0,20,20,exact,exact,Trifluridine,False,False,False,False,1.0,True,True,0,1,,,,O=c1[nH]c(=O)n([C@H]2C[C@H](O)[C@@H](CO)O2)cc1C(F)(F)F
trilostane_cid656583,,,trilostane_cid656583.png,low,low,0.5219281197058677,invalid,,,,,,invalid,invalid,,False,False,False,False,,False,,,,,,,[H]C1(C23(Cl)C(Cl)C4(C)CC(C#N)=C(O)C5([H])OC456C4C2C6C43)CCC(O)C1C
trimebutine_maleate_cid5388977,,,trimebutine_maleate_cid5388977.png,low,low,0.4251382640555487,stereo,Trimebutine Maleate,Trimebutine Maleate,1.0,36,36,stereo,stereo,Trimebutine Maleate,False,False,False,False,1.0,True,True,0,2,,,,CC[C@](COC(=O)c1cc(OC)c(OC)c(OC)c1)(c1ccccc1)N(C)C.O=C(O)/C=C\C(=O)O
trimedoxime_cid135539427,,,trimedoxime_cid135539427.png,high,high,0.904198894249026,exact,Trimedoxime,Trimedoxime,1.0,21,21,exact,exact,Trimedoxime,False,False,False,False,1.0,True,True,0,1,,,,O/N=C/c1cc[n+](CCC[n+]2ccc(/C=N/O)cc2)cc1
triplatin_cid71587574,,,triplatin_cid71587574.png,low,low,0.8400471197600812,wrong,,Triplatin,1.0,28,27,near,near,,False,False,False,False,1.0,False,False,8,14,,N.N.N.N.NCCCCCCN.[Pt+2].[Pt+2].[Pt+2].[Pt+2].[Pt+2],,N.N.N.N.N.NCCCCCCN.NCCCCCCN.[Cl-].[Pt+2].[Pt+2].[Pt+2].[Pt+2].[Pt+2].[Pt+2]
tris_hydroxymethyl_aminomethane_cid6503,,,tris_hydroxymethyl_aminomethane_cid6503.png,high,high,0.8891643479374579,exact,Tris(hydroxymethyl)aminomethane,Tris(hydroxymethyl)aminomethane,1.0,8,8,exact,exact,Tris(hydroxymethyl)aminomethane,False,False,False,False,1.0,True,True,0,1,,,,NC(CO)(CO)CO
tromantadine_cid64377,,,tromantadine_cid64377.png,high,high,0.8887778082521236,exact,Tromantadine,Tromantadine,1.0,20,20,exact,exact,Tromantadine,False,False,False,False,1.0,True,True,0,1,,,,CN(C)CCOCC(=O)NC12CC3CC(CC(C3)C1)C2
trypan_blue_cid4407718,,,trypan_blue_cid4407718.png,high,high,0.8484064066219044,wrong,,Trypan blue,0.807,58,58,wrong,wrong,,False,False,False,False,0.807,False,False,7,1,,,,Cc1cc(-c2ccc(/N=N/c3c(S(=O)(=O)[O-])cc4cc(S(O)(O)O)cc(N)c4c3O)c(C)c2)ccc1/N=N/c1c(S([O-])(O)O)cc2cc(S([O-])(O)O)cc(N)c2c1O
tulathromycin_cid9832301,,,tulathromycin_cid9832301.png,low,low,0.005572108433680585,stereo,Tulathromycin,Tulathromycin,1.0,56,56,stereo,stereo,Tulathromycin,False,False,False,False,1.0,True,True,0,1,,,,CCCNC[C@@]1(O)[C@H](C)O[C@@H](O[C@H]2[C@H](C)[C@@H](O[C@@H]3O[C@H](C)C[C@H](N(C)C)[C@H]3O)[C@](C)(O)C[C@@H](C)CN[C@H](C)[C@@H](O)[C@@](C)(O)C(CC)OC(=O)[C@@H]2C)C[C@@]1(C)OC
ulipristal_acetate_cid130904,,,ulipristal_acetate_cid130904.png,high,high,0.8852481439428446,exact,Ulipristal Acetate,Ulipristal Acetate,1.0,35,35,exact,exact,Ulipristal Acetate,False,False,False,False,1.0,True,True,0,1,,,,[H][C@@]12CC[C@](OC(C)=O)(C(C)=O)[C@@]1(C)C[C@H](c1ccc(N(C)C)cc1)C1=C3CCC(=O)C=C3CC[C@]12[H]
ulonivirine_cid73505111,,,ulonivirine_cid73505111.png,high,high,0.9102040768532359,exact,Ulonivirine,Ulonivirine,1.0,33,33,exact,exact,Ulonivirine,False,False,False,False,1.0,True,True,0,1,,,,N#Cc1cc(Cl)cc(Oc2c(C(F)(F)F)ncn(Cc3cc(C(F)(F)F)c(=O)[nH]n3)c2=O)c1
unithiol_cid2724039,,,unithiol_cid2724039.png,low,low,0.7730747476798026,stereo,Unithiol,Unithiol,1.0,10,10,stereo,stereo,Unithiol,False,False,False,False,1.0,True,True,0,2,,,,O=S(=O)([O-])C[C@H](S)CS.[Na+]
ursodeoxycholic_acid_cid31401,,,ursodeoxycholic_acid_cid31401.png,low,low,0.7940134529277374,wrong,,Ursodeoxycholic Acid,0.515,31,28,wrong,wrong,,False,False,False,False,0.515,False,False,5,1,,,,[H][C@@]12C[C@H](O)CC[C@]1(C)[C@@]1(NCl)CC[C@]3(C)[C@@H]([C@H](C)CCC(=O)O)CC[C@@]3([H])[C@]1(C)[C@H](O)C2
valacyclovir_hydrochloride_cid135398741,,,valacyclovir_hydrochloride_cid135398741.png,high,high,0.8823185479448307,exact,Valacyclovir Hydrochloride,Valacyclovir Hydrochloride,1.0,24,24,exact,exact,Valacyclovir Hydrochloride,False,False,False,False,1.0,True,True,0,2,,,,CC(C)[C@H](N)C(=O)OCCOCn1cnc2c(=O)[nH]c(N)nc21.Cl
vandetanib_cid3081361,,,vandetanib_cid3081361.png,high,high,0.9134634968229003,exact,Vandetanib,Vandetanib,1.0,30,30,exact,exact,Vandetanib,False,False,False,False,1.0,True,True,0,1,,,,COc1cc2c(Nc3ccc(Br)cc3F)ncnc2cc1OCC1CCN(C)CC1
vardenafil_hydrochloride_cid135438569,,,vardenafil_hydrochloride_cid135438569.png,high,high,0.918411169297718,exact,Vardenafil Hydrochloride,Vardenafil Hydrochloride,1.0,35,35,exact,exact,Vardenafil Hydrochloride,False,False,False,False,1.0,True,True,0,2,,,,CCCc1nc(C)c2c(=O)[nH]c(-c3cc(S(=O)(=O)N4CCN(CC)CC4)ccc3OCC)nn12.Cl
varenicline_tartrate_cid6918678,,,varenicline_tartrate_cid6918678.png,low,low,0.06276517373288172,invalid,,,,,,invalid,invalid,,False,False,False,False,,False,,,,,,,O=C(O)C(O)C(O)C(=O)O.[H]C12C34C56([H])CNCC13([H])C45([H])C21=C6C=C2N=CC=NC2=C1
veliparib_cid11960529,,,veliparib_cid11960529.png,high,high,0.915170888947333,exact,Veliparib,Veliparib,1.0,18,18,exact,exact,Veliparib,False,False,False,False,1.0,True,True,0,1,,,,C[C@]1(c2nc3c(C(N)=O)cccc3[nH]2)CCCN1
vilanterol_cid10184665,,,vilanterol_cid10184665.png,low,low,0.003695175727783532,exact,Vilanterol,Vilanterol,1.0,32,32,exact,exact,Vilanterol,False,False,False,False,1.0,True,True,0,1,,,,OCc1cc([C@@H](O)CNCCCCCCOCCOCc2c(Cl)cccc2Cl)ccc1O
vildagliptin_cid6918537,,,vildagliptin_cid6918537.png,high,high,0.8942147815146805,exact,Vildagliptin,Vildagliptin,1.0,22,22,exact,exact,Vildagliptin,False,False,False,False,1.0,True,True,0,1,,,,N#C[C@@H]1CCCN1C(=O)CNC12CC3CC(CC(O)(C3)C1)C2
vismodegib_cid24776445,,,vismodegib_cid24776445.png,high,high,0.9147034711293514,exact,Vismodegib,Vismodegib,1.0,27,27,exact,exact,Vismodegib,False,False,False,False,1.0,True,True,0,1,,,,CS(=O)(=O)c1ccc(C(=O)Nc2ccc(Cl)c(-c3ccccn3)c2)c(Cl)c1
vitamin_d3_cid5280795,,,vitamin_d3_cid5280795.png,high,high,0.904122592379241,exact,Vitamin D3,Vitamin D3,1.0,28,28,exact,exact,Vitamin D3,False,False,False,False,1.0,True,True,0,1,,,,[H][C@@]12CC[C@H]([C@H](C)CCCC(C)C)[C@@]1(C)CCC/C2=C\C=C1\C[C@@H](O)CCC1=C
voclosporin_cid6918486,,,voclosporin_cid6918486.png,low,low,5.771158079927658e-07,stereo,Voclosporin,Voclosporin,1.0,86,86,stereo,stereo,Voclosporin,False,False,False,False,1.0,True,True,0,1,,,,C=C/C=C/C[C@H](C)[C@@H](O)[C@H]1C(=O)N[C@@H](CC)C(=O)N(C)CC(=O)N(C)[C@@H](CC(C)C)C(=O)N[C@@H](C(C)C)C(=O)N(C)[C@@H](CC(C)C)C(=O)N[C@@H](C)C(=O)NC(C)C(=O)N(C)C(CC(C)C)C(=O)N(C)[C@@H](CC(C)C)C(=O)N(C)[C@@H](C(C)C)C(=O)N1C
vonoprazan_cid15981397,,,vonoprazan_cid15981397.png,high,high,0.9048816592704267,exact,Vonoprazan,Vonoprazan,1.0,24,24,exact,exact,Vonoprazan,False,False,False,False,1.0,True,True,0,1,,,,CNCc1cc(-c2ccccc2F)n(S(=O)(=O)c2cccnc2)c1
vorapaxar_sulfate_cid10077129,,,vorapaxar_sulfate_cid10077129.png,low,low,0.00638706268383523,wrong,,Vorapaxar Sulfate,0.646,42,41,wrong,wrong,,False,False,False,False,0.646,False,False,2,2,,,,O=S(=O)(O)O.[H][C@]12[C@@H](C=Cc3ccc(-c4cccc(F)c4)cn3)[C@]34B[C@@]3(C[C@H](NC(=O)OCC)CC4)C[C@@]1([H])C(=O)O[C@@H]2C
voriconazole_cid71616,,,voriconazole_cid71616.png,high,high,0.9128966659851586,exact,Voriconazole,Voriconazole,1.0,25,25,exact,exact,Voriconazole,False,False,False,False,1.0,True,True,0,1,,,,C[C@@H](c1ncncc1F)[C@](O)(Cn1cncn1)c1ccc(F)cc1F
vorinostat_cid5311,,,vorinostat_cid5311.png,high,high,0.9201372195127082,exact,Vorinostat,Vorinostat,1.0,19,19,exact,exact,Vorinostat,False,False,False,False,1.0,True,True,0,1,,,,O=C(CCCCCCC(=O)Nc1ccccc1)NO
vortioxetine_cid9966051,,,vortioxetine_cid9966051.png,high,high,0.9186170199595128,exact,Vortioxetine,Vortioxetine,1.0,21,21,exact,exact,Vortioxetine,False,False,False,False,1.0,True,True,0,1,,,,Cc1ccc(Sc2ccccc2N2CCNCC2)c(C)c1
voxelotor_cid71602803,,,voxelotor_cid71602803.png,high,high,0.9216090926615897,exact,Voxelotor,Voxelotor,1.0,25,25,exact,exact,Voxelotor,False,False,False,False,1.0,True,True,0,1,,,,CC(C)n1nccc1-c1ncccc1COc1cccc(O)c1C=O
zanamivir_cid60855,,,zanamivir_cid60855.png,high,high,0.9180581928016416,exact,Zanamivir,Zanamivir,1.0,23,23,exact,exact,Zanamivir,False,False,False,False,1.0,True,True,0,1,,,,CC(=O)N[C@H]1[C@H]([C@H](O)[C@H](O)CO)OC(C(=O)O)=C[C@@H]1N=C(N)N
zanubrutinib_cid135565884,,,zanubrutinib_cid135565884.png,high,high,0.9081166401830956,exact,Zanubrutinib,Zanubrutinib,1.0,35,35,exact,exact,Zanubrutinib,False,False,False,False,1.0,True,True,0,1,,,,C=CC(=O)N1CCC([C@@H]2CCNc3c(C(N)=O)c(-c4ccc(Oc5ccccc5)cc4)nn32)CC1
zavegepant_cid53472683,,,zavegepant_cid53472683.png,high,high,0.9062170518356617,exact,Zavegepant,Zavegepant,1.0,47,47,exact,exact,Zavegepant,False,False,False,False,1.0,True,True,0,1,,,,Cc1cc(C[C@@H](NC(=O)N2CCC(c3cc4ccccc4[nH]c3=O)CC2)C(=O)N2CCN(C3CCN(C)CC3)CC2)cc2cn[nH]c12
zidebactam_cid77846445,,,zidebactam_cid77846445.png,low,low,0.8192116590582271,invalid,,,,,,invalid,invalid,,False,False,False,False,,False,,,,,,,[H]C12CC[CH]1(C(=O)NNC(=O)C1CCCNC1)NC(=O)N2OS(=O)(=O)O
zifrosilone_cid60811,,,zifrosilone_cid60811.png,high,high,0.8897136829681146,wrong,,Zifrosilone,0.556,16,16,wrong,wrong,,False,False,False,False,0.556,False,False,2,1,,,,CS(C)(C)c1cccc(C(=O)C(F)(F)F)c1
zileuton_cid60490,,,zileuton_cid60490.png,high,high,0.9196914789478703,exact,Zileuton,Zileuton,1.0,16,16,exact,exact,Zileuton,False,False,False,False,1.0,True,True,0,1,,,,CC(c1cc2ccccc2s1)N(O)C(N)=O
ziprasidone_hydrochloride_cid219099,,,ziprasidone_hydrochloride_cid219099.png,high,high,0.8930422195528646,wrong,,Ziprasidone Hydrochloride,0.806,28,29,wrong,wrong,,False,False,False,False,0.806,False,False,2,2,,,,*c1cc2c(cc1CCN1CCN(c3nsc4ccccc34)CC1)CC(=O)N2.Cl |$Cry;;;;;;;;;;;;;;;;;;;;;;;;;;;;$|
zofenopril_cid92400,,,zofenopril_cid92400.png,high,high,0.9178888098436601,exact,Zofenopril,Zofenopril,1.0,29,29,exact,exact,Zofenopril,False,False,False,False,1.0,True,True,0,1,,,,C[C@H](CSC(=O)c1ccccc1)C(=O)N1C[C@@H](Sc2ccccc2)C[C@H]1C(=O)O
zolmitriptan_cid60857,,,zolmitriptan_cid60857.png,high,high,0.9138547926961489,exact,Zolmitriptan,Zolmitriptan,1.0,21,21,exact,exact,Zolmitriptan,False,False,False,False,1.0,True,True,0,1,,,,CN(C)CCc1c[nH]c2ccc(C[C@H]3COC(=O)N3)cc12
zotiraciclib_cid16739650,,,zotiraciclib_cid16739650.png,high,high,0.9031168019693315,stereo,Zotiraciclib,Zotiraciclib,1.0,28,28,stereo,stereo,Zotiraciclib,False,False,False,False,1.0,True,True,0,1,,,,CN1C/C=C\CCOc2cccc(c2)-c2ccnc(n2)Nc2cccc(c2)C1
