group,figure,segment,file_name,tier,tier_by_threshold,confidence,verdict,matched_name,closest_name,closest_tanimoto,pred_heavy,closest_heavy,grade,grade_largest,graded_match,decoded,dephantom,dedup,largest,best_tanimoto,skeleton_match,formula_match,elem_delta,n_fragments,phantom_frags,duplicate_frags,dropped_by_largest,smiles
1_2_2_difluoro_1_3_benzodioxol_5_yl_n_1_2r_2_3_dihydroxyprop_cid46199646,,,1_2_2_difluoro_1_3_benzodioxol_5_yl_n_1_2r_2_3_dihydroxyprop_cid46199646.png,high,high,0.8877912802399734,wrong,,"1-(2,2-Difluoro-1,3-benzodioxol-5-yl)-N-(1-((2R)-2,3-dihydroxypropyl)-6-fluoro-2-(2-hydroxy-1,1-dimethylethyl)-1H-indol-5-yl)cyclopropanecarboxamide",0.985,37,37,exact,exact,"1-(2,2-Difluoro-1,3-benzodioxol-5-yl)-N-(1-((2R)-2,3-dihydroxypropyl)-6-fluoro-2-(2-hydroxy-1,1-dimethylethyl)-1H-indol-5-yl)cyclopropanecarboxamide",False,True,False,False,1.0,False,False,4,3,[HH].[HH],,,CC(C)(CO)c1cc2cc(NC(=O)C3(c4ccc5c(c4)OC(F)(F)O5)CC3)c(F)cc2n1C[C@@H](O)CO.[HH].[HH]
2_3_cyclic_guanosine_monophosphate_adenosine_monophosphate_cid135564529,,,2_3_cyclic_guanosine_monophosphate_adenosine_monophosphate_cid135564529.png,low,low,0.4963230273051826,invalid,,,,,,invalid,invalid,,False,False,False,False,,False,,,,,,,[H].[H].[H].[H].[H].[H]NC1=NC2=C(C(=O)N1)N1=CN2C2OC3([H])COP(=O)(O[H])OC4([H])C(O[H])C(N5C=NC6=C(N)N=CN=C65)OC4([H])C=1(=O)OP(=O)(O[H])OC2([H])C3O[H]
2_deoxy_4_c_ethynyl_2_fluoroadenosine_cid6483431,,,2_deoxy_4_c_ethynyl_2_fluoroadenosine_cid6483431.png,high,high,0.8743729344838977,wrong,,2'-Deoxy-4'-C-ethynyl-2-fluoroadenosine,1.0,21,21,exact,exact,2'-Deoxy-4'-C-ethynyl-2-fluoroadenosine,False,True,False,False,1.0,False,False,2,3,[H].[H],,,"[H].[H].[H]Nc1nc(F)nc2c1ncn2[C@H]1C[C@H](O[H])[C@@](C#C)(CO)O1 |^1:0,1|"
2_naphthacenecarboxamide_4_dimethylamino_1_4_4a_5_5a_6_11_12_cid54704426,,,2_naphthacenecarboxamide_4_dimethylamino_1_4_4a_5_5a_6_11_12_cid54704426.png,low,low,0.8420736376935434,wrong,,"2-Naphthacenecarboxamide, 4-(dimethylamino)-1,4,4a,5,5a,6,11,12a-octahydro-3,6,10,12,12a-pentahydroxy-6-methyl-1,11-dioxo-, hydrochloride (1:1), (4S,4aS,5aS,6S,12aS)-",0.687,32,33,wrong,wrong,,False,False,False,False,0.687,False,False,3,6,[H].[H].[H].[H],,,"[H].[H].[H].[H].[H]Cl.[H][C@]12C[C@@]3([H])[C@H](N(C)C)C(=O)C(C(N)=O)=C(O)[C@@]3(O)C(=O)C1=C(O)c1c(O)cccc1[C@@]2([H])O |^1:0,1,2,3|"
3_4_diaminopyridine_cid5918,,,3_4_diaminopyridine_cid5918.png,high,high,0.8794811596171344,exact,"3,4-Diaminopyridine","3,4-Diaminopyridine",1.0,8,8,exact,exact,"3,4-Diaminopyridine",False,False,False,False,1.0,True,True,0,1,,,,[H]Nc1cnccc1N([H])[H]
4_dimethylamino_phenol_cid22174,,,4_dimethylamino_phenol_cid22174.png,low,low,0.8263465675718028,exact,4-(Dimethylamino)phenol,4-(Dimethylamino)phenol,1.0,10,10,exact,exact,4-(Dimethylamino)phenol,False,False,False,False,1.0,True,True,0,1,,,,CN(C)c1ccc(O)cc1
4_methoxyphenol_cid9015,,,4_methoxyphenol_cid9015.png,high,high,0.8588737485542963,wrong,,4-Methoxyphenol,0.941,9,9,exact,exact,4-Methoxyphenol,False,True,False,False,1.0,False,False,2,2,[HH],,,COc1ccc(O)cc1.[HH]
4_methylpyrazole_cid3406,,,4_methylpyrazole_cid3406.png,high,high,0.851370687141203,exact,4-Methylpyrazole,4-Methylpyrazole,1.0,6,6,exact,exact,4-Methylpyrazole,False,False,False,False,1.0,True,True,0,1,,,,[H]n1cc(C)cn1
5_aza_2_deoxycytidine_cid451668,,,5_aza_2_deoxycytidine_cid451668.png,high,high,0.8730000004079352,exact,5-Aza-2'-deoxycytidine,5-Aza-2'-deoxycytidine,1.0,16,16,exact,exact,5-Aza-2'-deoxycytidine,False,False,False,False,1.0,True,True,0,1,,,,[H]Nc1ncn([C@H]2C[C@H](O[H])[C@@H](CO[H])O2)c(=O)n1
6_2_5_dioxo_2_5_dihydro_1h_pyrrol_1_yl_n_s_1_s_1_4_s_7_metho_cid89396500,,,6_2_5_dioxo_2_5_dihydro_1h_pyrrol_1_yl_n_s_1_s_1_4_s_7_metho_cid89396500.png,low,low,1.060667311391246e-08,invalid,,,,,,invalid,invalid,,False,False,False,False,,False,,,,,,,C.CC1C=C2C3C[CH]21C3.[H]C12C=CC3=CCCCCCC4C567=C8(CC)=C9%10C%11%12%13=C%14=C9%15%16C%119=C%11C%12%15(=CC%1148%12%15(=C=59%10%1648=C=6%12C4=C=87%15CC)NCCCCC4=C(CC)=CC3(C=C4)C3(=O)=C4C5=C(C6=CC=[CH](CC)C=C6)(=C1)C=C4523)C1CCC1234CC(C1C=CC(C(C)CC(C)C)C=C1)(=C1C2=C%13C1%143)C4
7_ethyl_10_hydroxycamptothecin_cid104842,,,7_ethyl_10_hydroxycamptothecin_cid104842.png,high,high,0.8841736545453717,exact,7-Ethyl-10-Hydroxycamptothecin,7-Ethyl-10-Hydroxycamptothecin,1.0,29,29,exact,exact,7-Ethyl-10-Hydroxycamptothecin,False,False,False,False,1.0,True,True,0,1,,,,CCc1c2c(nc3ccc(O)cc13)-c1cc3c(c(=O)n1C2)COC(=O)[C@]3(O)CC
8_methoxypsoralen_cid4114,,,8_methoxypsoralen_cid4114.png,high,high,0.9112435458536097,exact,8-Methoxypsoralen,8-Methoxypsoralen,1.0,16,16,exact,exact,8-Methoxypsoralen,False,False,False,False,1.0,True,True,0,1,,,,COc1c2occc2cc2ccc(=O)oc12
abacavir_sulfate_cid441384,,,abacavir_sulfate_cid441384.png,low,low,0.6407023548901276,wrong,,Abacavir Sulfate,0.981,47,47,near,near,,False,False,False,False,0.981,False,False,2,5,[H].[H],Nc1nc(NC2CC2)c2ncn([C@H]3C=C[C@@H](CO)C3)c2n1,,"Nc1nc(NC2CC2)c2ncn([C@H]3C=C[C@@H](CO)C3)c2n1.Nc1nc(NC2CC2)c2ncn([C@H]3C=C[C@@H](CO)C3)c2n1.O=S(=O)(O)O.[H].[H] |^1:47,48|"
abarelix_cid16131215,,,abarelix_cid16131215.png,low,low,0.01208132152525034,invalid,,,,,,invalid,invalid,,False,False,False,False,,False,,,,,,,[H]NC(=O)CC(NC(=O)(=O)C(CC1=CC=C(O)C=C1)N1C(=O)[CH]2(NC(=O)C(CC3=CN=CC=C3)NC(=O)C(CC3=CC=C(Cl)C=C3)NC(=O)C(CC3=CC4=CC=CC=C4C=C3)NC(C)=O)C3OC12O3)C(=O)NC(CC(C)C)C(=O)NC(CCCCNC(C)C)CN1CCCC1C(=O)(=O)NC(C)C(=O)N[H]
abiraterone_cid132971,,,abiraterone_cid132971.png,high,high,0.8581618014745875,exact,Abiraterone,Abiraterone,1.0,26,26,exact,exact,Abiraterone,False,False,False,False,1.0,True,True,0,1,,,,[H][C@@]12CC=C3C[C@@H](O)CC[C@]3(C)[C@@]1([H])CC[C@]1(C)C(c3cccnc3)=CC[C@@]21[H]
abt_263_cid24978538,,,abt_263_cid24978538.png,low,low,0.5026264039386182,wrong,,Abt 263,0.717,63,65,wrong,wrong,,False,False,False,False,0.717,False,False,4,2,,,,CC1(C)CCC(c2ccc(Cl)cc2)=C(CN2CCN(c3ccc(C(=O)NO)cc3)CC2)C1.OSc1ccc(N[C@@H](CCN2CCOCC2)CSc2ccccc2)c(SC(F)(F)F)c1
acamprosate_cid71158,,,acamprosate_cid71158.png,high,high,0.8700831995781348,exact,Acamprosate,Acamprosate,1.0,11,11,exact,exact,Acamprosate,False,False,False,False,1.0,True,True,0,1,,,,[H]OS(=O)(=O)CCCNC(C)=O
acenocoumarol_cid54676537,,,acenocoumarol_cid54676537.png,high,high,0.891494172214409,exact,Acenocoumarol,Acenocoumarol,1.0,26,26,exact,exact,Acenocoumarol,False,False,False,False,1.0,True,True,0,1,,,,CC(=O)CC(c1ccc([N+](=O)[O-])cc1)c1c(O)c2ccccc2oc1=O
acetohydroxamic_acid_cid1990,,,acetohydroxamic_acid_cid1990.png,low,low,0.8401928780959707,exact,Acetohydroxamic Acid,Acetohydroxamic Acid,1.0,5,5,exact,exact,Acetohydroxamic Acid,False,False,False,False,1.0,True,True,0,1,,,,[H]ON([H])C(C)=O
acetylcholine_cid187,,,acetylcholine_cid187.png,high,high,0.857719739569569,exact,Acetylcholine,Acetylcholine,1.0,10,10,exact,exact,Acetylcholine,False,False,False,False,1.0,True,True,0,1,,,,CC(=O)OCC[N+](C)(C)C
afamelanotide_cid16197727,,,afamelanotide_cid16197727.png,low,low,1.09843842670278e-05,invalid,,,,,,invalid,invalid,,False,False,False,False,,False,,,,,,,CCCC[CH]CNC(N)CN[CH]CN[CH]CNC(CCCNCN)C(=O)NC(CC1=CNC2=CC=CC=C12)C(=O)NCCNC1CCCC[NH+]C23C4C2[NH+]2(C(=O)CNC(C)=O)(C3CC[CH]42C(=O)NC(C(N)=O)C(C)C)C12CN2.CCCC[CH]NC(=O)C(CO)NC(=O)C(CC1=CC=C(O)C=C1)NC(=O)CNC(C)=O.O.O
afatinib_cid10184653,,,afatinib_cid10184653.png,high,high,0.9046345366097506,exact,Afatinib,Afatinib,1.0,34,34,exact,exact,Afatinib,False,False,False,False,1.0,True,True,0,1,,,,[H]/C(CN(C)C)=C(/[H])C(=O)Nc1cc2c(Nc3ccc(F)c(Cl)c3)ncnc2cc1O[C@H]1CCOC1
aficamten_cid139331495,,,aficamten_cid139331495.png,high,high,0.8970180506975428,exact,Aficamten,Aficamten,1.0,25,25,exact,exact,Aficamten,False,False,False,False,1.0,True,True,0,1,,,,CCc1nc(-c2ccc3c(c2)CC[C@H]3NC(=O)c2cnn(C)c2)no1
agomelatine_cid82148,,,agomelatine_cid82148.png,high,high,0.9119779895148482,exact,Agomelatine,Agomelatine,1.0,18,18,exact,exact,Agomelatine,False,False,False,False,1.0,True,True,0,1,,,,COc1ccc2cccc(CCNC(C)=O)c2c1
albendazole_cid2082,,,albendazole_cid2082.png,high,high,0.8630331314489978,exact,Albendazole,Albendazole,1.0,18,18,exact,exact,Albendazole,False,False,False,False,1.0,True,True,0,1,,,,CCCSc1ccc2nc(NC(=O)OC)[nH]c2c1
alflutinib_cid118861389,,,alflutinib_cid118861389.png,high,high,0.8987198527576853,exact,Alflutinib,Alflutinib,1.0,41,41,exact,exact,Alflutinib,False,False,False,False,1.0,True,True,0,1,,,,C=CC(=O)Nc1cc(Nc2nccc(-c3cn(C)c4ccccc34)n2)c(OCC(F)(F)F)nc1N(C)CCN(C)C
almitrine_cid33887,,,almitrine_cid33887.png,high,high,0.909553164462228,exact,Almitrine,Almitrine,1.0,35,35,exact,exact,Almitrine,False,False,False,False,1.0,True,True,0,1,,,,C=CCNc1nc(NCC=C)nc(N2CCN(C(c3ccc(F)cc3)c3ccc(F)cc3)CC2)n1
alpelisib_cid56649450,,,alpelisib_cid56649450.png,high,high,0.8873775734663248,wrong,,Alpelisib,0.984,30,30,exact,exact,Alpelisib,False,True,False,False,1.0,False,False,2,3,[H].[H],,,"Cc1nc(NC(=O)N2CCC[C@H]2C(N)=O)sc1-c1ccnc(C(C)(C)C(F)(F)F)c1.[H].[H] |^1:30,31|"
alpha_amanitin_cid9543442,,,alpha_amanitin_cid9543442.png,low,low,0.00528452766427758,invalid,,,,,,invalid,invalid,,False,False,False,False,,False,,,,,,,[H]NC(=O)CC1NC(=O)C2([H])NC(=O)CCNC(=O)C([H])(C(C)CC)NC(=O)CCNC(=O)C([H])(CC345=C67N89C=3%10(NC83%11%12%13=C48=C=394(=C5%11C=CC(O)=C4%12)C%13=C(O)C=C8)C63([H])[O-][SH]7%10([O-])C23)NC(=O)C([H])(C(C)C(O)CO)N([H])C(=O)C2([H])CC(O[H])CN2C1=O
alprostadil_cid5280723,,,alprostadil_cid5280723.png,high,high,0.8810108963301856,wrong,,Alprostadil,1.0,25,25,exact,exact,Alprostadil,False,True,False,False,1.0,False,False,1,2,[H],,,[H].[H]/C(=C(/[H])[C@@H](O)CCCCC)[C@H]1[C@H](O)CC(=O)[C@@H]1CCCCCCC(=O)O |^1:0|
alvimopan_cid5488548,,,alvimopan_cid5488548.png,high,high,0.8911447258764653,wrong,,Alvimopan,0.967,31,31,exact,exact,Alvimopan,False,True,False,False,1.0,False,False,3,3,[HH].[H],,,C[C@H]1CN(C[C@H](Cc2ccccc2)C(=O)NCC(=O)O)CC[C@@]1(C)c1cccc(O)c1.[HH].[H] |^1:32|
ambrisentan_cid6918493,,,ambrisentan_cid6918493.png,high,high,0.8881200988951319,exact,Ambrisentan,Ambrisentan,1.0,28,28,exact,exact,Ambrisentan,False,False,False,False,1.0,True,True,0,1,,,,[H]OC(=O)[C@@H](Oc1nc(C)cc(C)n1)C(OC)(c1ccccc1)c1ccccc1
amisulpride_cid2159,,,amisulpride_cid2159.png,high,high,0.8973869572152482,exact,Amisulpride,Amisulpride,1.0,25,25,exact,exact,Amisulpride,False,False,False,False,1.0,True,True,0,1,,,,[H]Nc1cc(OC)c(C(=O)NCC2CCCN2CC)cc1S(=O)(=O)CC
anacetrapib_cid11556427,,,anacetrapib_cid11556427.png,high,high,0.8926654964976313,exact,Anacetrapib,Anacetrapib,1.0,44,44,exact,exact,Anacetrapib,False,False,False,False,1.0,True,True,0,1,,,,COc1cc(F)c(C(C)C)cc1-c1ccc(C(F)(F)F)cc1CN1C(=O)O[C@H](c2cc(C(F)(F)F)cc(C(F)(F)F)c2)[C@@H]1C
anagliptin_cid44513473,,,anagliptin_cid44513473.png,high,high,0.9008517918741895,exact,Anagliptin,Anagliptin,1.0,28,28,exact,exact,Anagliptin,False,False,False,False,1.0,True,True,0,1,,,,Cc1cc2ncc(C(=O)NCC(C)(C)NCC(=O)N3CCC[C@H]3C#N)cn2n1
apalutamide_cid24872560,,,apalutamide_cid24872560.png,high,high,0.9053724537339289,exact,Apalutamide,Apalutamide,1.0,33,33,exact,exact,Apalutamide,False,False,False,False,1.0,True,True,0,1,,,,CNC(=O)c1ccc(N2C(=S)N(c3cnc(C#N)c(C(F)(F)F)c3)C(=O)C23CCC3)cc1F
aprepitant_cid135413536,,,aprepitant_cid135413536.png,high,high,0.8597855366924563,exact,Aprepitant,Aprepitant,1.0,37,37,exact,exact,Aprepitant,False,False,False,False,1.0,True,True,0,1,,,,[H]n1nc(CN2CCO[C@H](O[C@H](C)c3cc(C(F)(F)F)cc(C(F)(F)F)c3)[C@@H]2c2ccc(F)cc2)n([H])c1=O
artemisone_cid11531457,,,artemisone_cid11531457.png,low,low,0.7092055923966784,stereo,Artemisone,Artemisone,1.0,27,27,stereo,stereo,Artemisone,False,False,False,False,1.0,True,True,0,1,,,,[H][C@]12O[C@@H](N3CCS(=O)(=O)CC3)[C@H](C)[C@]3([H])CC[C@@H](C)[C@@]4([H])CC[C@@](C)(OO[C@@]134)O2
asciminib_cid72165228,,,asciminib_cid72165228.png,high,high,0.9060765793695899,wrong,,Asciminib,1.0,31,31,exact,exact,Asciminib,False,True,False,False,1.0,False,False,1,2,[H],,,O=C(Nc1ccc(OC(F)(F)Cl)cc1)c1cnc(N2CC[C@@H](O)C2)c(-c2ccn[nH]2)c1.[H] |^1:31|
atomoxetine_hydrochloride_cid54840,,,atomoxetine_hydrochloride_cid54840.png,high,high,0.9031060878449941,wrong,,Atomoxetine Hydrochloride,0.971,20,20,exact,exact,Atomoxetine Hydrochloride,False,True,False,False,1.0,False,False,1,3,[H],,,CNCC[C@@H](Oc1ccccc1C)c1ccccc1.[H].[H]Cl |^1:19|
atracurium_besylate_cid47320,,,atracurium_besylate_cid47320.png,low,low,2.010980453396509e-06,invalid,,,,,,invalid,invalid,,False,False,False,False,,False,,,,,,,CCC12=CC(OC)=C(OC)C=C1CN(C)CCOCCCCCOC1(=O)=O=C(C=C345=C16=C3C=6N4136(C)CCC47=C8=C9(=CC(OC)=C(OC)C=C=49%10=C14(C7=CC(OC)=C8OC)C1C789%11=C%12%13=C1%14%15%16=C7=CC1=C%127%17=C(=C1%13%12(O(C)CO7%12)C=8=%14%17=C1(=CC(OC)=CC=C1)CC%103C49%15)C=C%11%16)CC56)OCCCCCOC(=O)CN(C)C1C3456=C7=C8C=39C3(OC)=C(OC)C=C4C=2=5719=C=683.[O-].[O-].[O-].[O-].[O-]
aurothioglucose_cid6104,,,aurothioglucose_cid6104.png,low,low,0.649613575065807,wrong,,Aurothioglucose,0.467,13,13,wrong,wrong,,False,False,False,False,0.467,False,True,0,1,,,,[H]OC[C@H]1O[C@H]([S-][Au+])[C@H](O[H])[C@@H](O)[C@@H]1O[H] |C:6.6|
avacopan_cid49841217,,,avacopan_cid49841217.png,high,high,0.9049895262926883,exact,Avacopan,Avacopan,1.0,42,42,exact,exact,Avacopan,False,False,False,False,1.0,True,True,0,1,,,,Cc1ccc(NC(=O)[C@H]2CCCN(C(=O)c3c(C)cccc3F)[C@H]2c2ccc(NC3CCCC3)cc2)cc1C(F)(F)F
avanafil_cid9869929,,,avanafil_cid9869929.png,high,high,0.8944090174730244,wrong,,Avanafil,0.972,34,34,exact,exact,Avanafil,False,True,False,False,1.0,False,False,3,3,[HH].[H],,,COc1ccc(CNc2nc(N3CCC[C@H]3CO)ncc2C(=O)NCc2ncccn2)cc1Cl.[HH].[H] |^1:35|
avapritinib_cid118023034,,,avapritinib_cid118023034.png,high,high,0.8729804104085115,exact,Avapritinib,Avapritinib,1.0,37,37,exact,exact,Avapritinib,False,False,False,False,1.0,True,True,0,1,,,,Cn1cc(-c2cc3c(N4CCN(c5ncc([C@@](C)(N)c6ccc(F)cc6)cn5)CC4)ncnn3c2)cn1
avutometinib_cid16719221,,,avutometinib_cid16719221.png,high,high,0.9053082290018886,exact,Avutometinib,Avutometinib,1.0,33,33,exact,exact,Avutometinib,False,False,False,False,1.0,True,True,0,1,,,,CNS(=O)(=O)Nc1nccc(Cc2c(C)c3ccc(Oc4ncccn4)cc3oc2=O)c1F
azacytidine_cid9444,,,azacytidine_cid9444.png,high,high,0.8948306038362173,wrong,,Azacytidine,1.0,17,17,exact,exact,Azacytidine,False,True,False,False,1.0,False,False,1,2,[H],,,[H].[H]OC[C@H]1O[C@@H](n2cnc(N)nc2=O)[C@H](O)[C@@H]1O |^1:0|
azelaic_acid_cid2266,,,azelaic_acid_cid2266.png,high,high,0.9057415365639726,wrong,,Azelaic Acid,0.923,13,13,exact,exact,Azelaic Acid,False,True,False,False,1.0,False,False,1,2,[H],,,[H].[H]OC(=O)CCCCCCCC(=O)O |^1:0|
azelnidipine_cid65948,,,azelnidipine_cid65948.png,high,high,0.893096116651278,wrong,,Azelnidipine,0.984,43,43,exact,exact,Azelnidipine,False,True,False,False,1.0,False,False,2,3,[H].[H],,,"CC1=C(C(=O)OC(C)C)C(c2cccc([N+](=O)[O-])c2)C(C(=O)OC2CN(C(c3ccccc3)c3ccccc3)C2)=C(N)N1.[H].[H] |^1:43,44|"
bambuterol_cid54766,,,bambuterol_cid54766.png,high,high,0.9086724871654829,exact,Bambuterol,Bambuterol,1.0,26,26,exact,exact,Bambuterol,False,False,False,False,1.0,True,True,0,1,,,,[H]OC(CNC(C)(C)C)c1cc(OC(=O)N(C)C)cc(OC(=O)N(C)C)c1
batefenterol_cid10372836,,,batefenterol_cid10372836.png,low,low,0.6564596346283494,stereo,Batefenterol,Batefenterol,1.0,53,53,stereo,stereo,Batefenterol,False,False,False,False,1.0,True,True,0,1,,,,COc1cc(NC(=O)CCN2CCC(OC(=O)Nc3ccccc3-c3ccccc3)CC2)c(Cl)cc1CNC[C@@H](O)c1ccc(O)c2[nH]c(=O)ccc12
belotecan_cid6456014,,,belotecan_cid6456014.png,high,high,0.8866467351186398,exact,Belotecan,Belotecan,1.0,32,32,exact,exact,Belotecan,False,False,False,False,1.0,True,True,0,1,,,,[H]O[C@]1(CC)C(=O)OCc2c1cc1n(c2=O)Cc2c-1nc1ccccc1c2CCNC(C)C
belzutifan_cid117947097,,,belzutifan_cid117947097.png,high,high,0.8928974340024872,exact,Belzutifan,Belzutifan,1.0,26,26,exact,exact,Belzutifan,False,False,False,False,1.0,True,True,0,1,,,,CS(=O)(=O)c1ccc(Oc2cc(F)cc(C#N)c2)c2c1[C@H](O)[C@H](F)[C@@H]2F
benazepril_cid5362124,,,benazepril_cid5362124.png,high,high,0.8824647642296765,exact,Benazepril,Benazepril,1.0,31,31,exact,exact,Benazepril,False,False,False,False,1.0,True,True,0,1,,,,CCOC(=O)[C@H](CCc1ccccc1)N[C@H]1CCc2ccccc2N(CC(=O)O)C1=O
benserazide_cid2327,,,benserazide_cid2327.png,high,high,0.8599343556852465,wrong,,Benserazide,0.971,18,18,exact,exact,Benserazide,False,True,False,False,1.0,False,False,3,4,[H].[H].[H],,,"[H].[H].[H].[H]Oc1ccc(CNNC(=O)C(N)CO)c(O)c1O |^1:0,1,2|"
benzoyl_peroxide_cid7187,,,benzoyl_peroxide_cid7187.png,high,high,0.9119134766865317,exact,Benzoyl Peroxide,Benzoyl Peroxide,1.0,18,18,exact,exact,Benzoyl Peroxide,False,False,False,False,1.0,True,True,0,1,,,,O=C(OOC(=O)c1ccccc1)c1ccccc1
benztropine_mesylate_cid238053,,,benztropine_mesylate_cid238053.png,low,low,0.1116695868629039,invalid,,,,,,invalid,invalid,,False,False,False,False,,False,,,,,,,CN12C3CC45CC31678CC1(OC(C3=CC=CC=C3)C3=CC=CC=C3)CC46CC5C27C18.CS(=O)(=O)O
bepotastine_cid164522,,,bepotastine_cid164522.png,high,high,0.9053265888172424,exact,Bepotastine,Bepotastine,1.0,27,27,exact,exact,Bepotastine,False,False,False,False,1.0,True,True,0,1,,,,O=C(O)CCCN1CCC(O[C@@H](c2ccc(Cl)cc2)c2ccccn2)CC1
berenil_cid65060,,,berenil_cid65060.png,high,high,0.8857010378593622,wrong,,Berenil,0.976,29,29,stereo,stereo,Berenil,False,True,False,False,1.0,False,False,5,7,[H].[H].[H].[H].[H],,,"CC(=O)NCC(=O)O.N=C(N)c1ccc(/N=N/Nc2ccc(C(=N)N)cc2)cc1.[H].[H].[H].[H].[H] |^1:29,30,31,32,33|"
besifloxacin_cid10178705,,,besifloxacin_cid10178705.png,high,high,0.8972708671932978,wrong,,Besifloxacin,0.982,27,27,exact,exact,Besifloxacin,False,True,False,False,1.0,False,False,1,2,[H],,,[H].[H]N[C@@H]1CCCCN(c2c(F)cc3c(=O)c(C(=O)O)cn(C4CC4)c3c2Cl)C1 |^1:0|
beta_propiolactone_cid2365,,,beta_propiolactone_cid2365.png,high,high,0.8454290016698522,exact,Beta-Propiolactone,Beta-Propiolactone,1.0,5,5,exact,exact,Beta-Propiolactone,False,False,False,False,1.0,True,True,0,1,,,,O=C1CCO1
bictegravir_cid90311989,,,bictegravir_cid90311989.png,low,low,0.3242791796085338,stereo,Bictegravir,Bictegravir,1.0,32,32,stereo,stereo,Bictegravir,False,False,False,False,1.0,True,True,0,1,,,,[H][C@@]12CC[C@]([H])(C1)N1C(=O)c3c(O)c(=O)c(C(=O)NCc4c(F)cc(F)cc4F)cn3C[C@@]1([H])O2
boldenone_cid13308,,,boldenone_cid13308.png,low,low,0.7909613478476348,stereo,Boldenone,Boldenone,1.0,21,21,stereo,stereo,Boldenone,False,False,False,False,1.0,True,True,0,1,,,,[H][C@]12CCC3=CC(=O)C=C[C@]3(C)[C@@]1([H])CC[C@]1(C)[C@@H](O)CC[C@@]21[H]
bosutinib_cid5328940,,,bosutinib_cid5328940.png,high,high,0.9130313319545346,exact,Bosutinib,Bosutinib,1.0,36,36,exact,exact,Bosutinib,False,False,False,False,1.0,True,True,0,1,,,,COc1cc(Nc2c(C#N)cnc3cc(OCCCN4CCN(C)CC4)c(OC)cc23)c(Cl)cc1Cl
bremelanotide_cid9941379,,,bremelanotide_cid9941379.png,low,low,0.8321982541655214,exact,Bremelanotide,Bremelanotide,1.0,74,74,exact,exact,Bremelanotide,False,False,False,False,1.0,True,True,0,1,,,,CCCC[C@H](NC(C)=O)C(=O)N[C@H]1CC(=O)NCCCC[C@@H](C(=O)O)NC(=O)[C@H](Cc2c[nH]c3ccccc23)NC(=O)[C@H](CCCN=C(N)N)NC(=O)[C@@H](Cc2ccccc2)NC(=O)[C@H](Cc2cnc[nH]2)NC1=O
brincidofovir_cid483477,,,brincidofovir_cid483477.png,low,low,0.7598770915091995,wrong,,Brincidofovir,0.703,38,38,wrong,wrong,,False,False,False,False,0.703,False,False,5,2,,,,CCCCCCCCCCCCCCCCOCCCOO.Nc1ccn(CC(CO)OCCO)c(=O)n1
brinzolamide_cid68844,,,brinzolamide_cid68844.png,high,high,0.8948010576667389,wrong,,Brinzolamide,0.981,23,23,exact,exact,Brinzolamide,False,True,False,False,1.0,False,False,1,2,[H],,,[H].[H]NS(=O)(=O)c1cc2c(s1)S(=O)(=O)N(CCCOC)C[C@@H]2NCC |^1:0|
brivaracetam_cid9837243,,,brivaracetam_cid9837243.png,high,high,0.87781051019673,exact,Brivaracetam,Brivaracetam,1.0,15,15,exact,exact,Brivaracetam,False,False,False,False,1.0,True,True,0,1,,,,[H]NC(=O)[C@H](CC)N1C[C@H](CCC)CC1=O
bucillamine_cid656604,,,bucillamine_cid656604.png,high,high,0.8878966406472518,wrong,,Bucillamine,0.545,12,13,wrong,wrong,,False,False,False,False,0.545,False,False,4,2,[H],,,[H].[H]SC[C@@H](C(=O)O)N([H])CC(C)(C)S[H] |^1:0|
c_i_acid_blue_90_cid61363,,,c_i_acid_blue_90_cid61363.png,high,high,0.8849955522526136,wrong,,C.I. Acid Blue 90,0.561,59,60,wrong,wrong,,False,False,False,False,0.561,False,False,5,2,,,,CCOc1ccc(Nc2ccc(C(c3ccc(N(CC)Cc4cccc(S(=O)(=O)O)c4)cc3C)C3C=C/C(=[N+](/CC)Cc4cccc([S+](=O)O)c4)C=C3C)cc2)cc1.[Na+] |^1:47|
cabotegravir_cid54713659,,,cabotegravir_cid54713659.png,high,high,0.905076003441973,exact,Cabotegravir,Cabotegravir,1.0,29,29,exact,exact,Cabotegravir,False,False,False,False,1.0,True,True,0,1,,,,[H][C@@]12Cn3cc(C(=O)NCc4ccc(F)cc4F)c(=O)c(O)c3C(=O)N1[C@@H](C)CO2
calicheamicin_cid11840932,,,calicheamicin_cid11840932.png,low,low,0.0001816498177022398,invalid,,,,,,invalid,invalid,,False,False,False,False,,False,,,,,,,O.[H][Si]CC1([H])=C234C567=C89(NC(=O)OC)=C2%10(=C52%11C[CH]62%10O[CH]C(O[CH]OC[CH]NCC)C(OC(C)[CH]NC2CC(O)C(SC(=O)C5=C(C)C(I)=C(OC6OC(C)C(O)C(OC)C6O)C(OC)=C5OC)C(C)O2)O%11)C=172(=C([H])C[Si]([H])([H])C=C([H])C)C315(O)CC423(C)(O)C1C8=O=C9C53
camostat_cid2536,,,camostat_cid2536.png,high,high,0.8824308586348644,wrong,,Camostat,0.979,29,29,exact,exact,Camostat,False,True,False,False,1.0,False,False,6,4,[HH].[HH].[HH],,,CN(C)C(=O)COC(=O)Cc1ccc(OC(=O)c2ccc(N=C(N)N)cc2)cc1.[HH].[HH].[HH]
cangrelor_tetrasodium_cid10260031,,,cangrelor_tetrasodium_cid10260031.png,low,low,0.414807425442762,wrong,,Cangrelor Tetrasodium,0.677,49,48,wrong,wrong,,False,False,False,False,0.677,False,False,28,9,,O.O.O.O.[Na+],,CSCCNc1nc(SCCC(F)(F)F)nc2c1ncn2[C@@H]1O[C@H](COP(=O)(O)O)[C@@H](O)[C@@H]1O.O.O.O.O.O.OPC(PO)P(O)O.[Na+].[Na+]
capivasertib_cid25227436,,,capivasertib_cid25227436.png,high,high,0.8997192060290959,wrong,,Capivasertib,0.983,30,30,exact,exact,Capivasertib,False,True,False,False,1.0,False,False,2,3,[H].[H],,,"[H].[H].[H]N(C(=O)C1(N)CCN(c2ncnc3[nH]ccc23)CC1)[C@@H](CCO)c1ccc(Cl)cc1 |^1:0,1|"
carbetocin_cid16681432,,,carbetocin_cid16681432.png,low,low,0.005317574350710942,invalid,,,,,,invalid,invalid,,False,False,False,False,,False,,,,,,,CCC[CH]C(=O)NC(CC(C)C)C(=O)NCC(N)=O.O.[H]NC(=O)CC1NC(=O)(CC(N)=O)[CH]23(NC(=O)C([H])([H])NCC(CC4=CC=C(OC)C=C4)NCCCCSC4[CH]NC15=O=C(=O)(=O)(=O=5)(NC4CSCCCC(=O)NC(CCC=CCOC)CNC([H])[CH]CC)C(CC(=O)N[H])NC2=O)C1C24C3C13C2156=O=C43(=O=1)(N5)N6
carbidopa_cid34359,,,carbidopa_cid34359.png,high,high,0.8441109660028666,wrong,,Carbidopa,0.941,17,16,salt,exact,Carbidopa,False,True,False,True,0.97,False,False,6,4,[H].[H],,N,"[H].[H].[H]N.[H]OC(=O)[C@](C)(Cc1ccc(O)c(O)c1)N([H])N |^1:0,1|"
carboprost_cid5281075,,,carboprost_cid5281075.png,high,high,0.8875634016185494,stereo,Carboprost,Carboprost,1.0,26,26,stereo,stereo,Carboprost,False,False,False,False,1.0,True,True,0,1,,,,[H]OC(=O)CCC/C([H])=C(/[H])C[C@@H]1[C@@H](C([H])=C([H])[C@@](C)(O)CCCCC)[C@H](O)C[C@@H]1O[H]
carglumic_acid_cid121396,,,carglumic_acid_cid121396.png,high,high,0.8636722054657516,exact,Carglumic Acid,Carglumic Acid,1.0,13,13,exact,exact,Carglumic Acid,False,False,False,False,1.0,True,True,0,1,,,,[H]NC(=O)N([H])[C@@H](CCC(=O)O[H])C(=O)O[H]
carnitine_cid10917,,,carnitine_cid10917.png,high,high,0.8794906466199413,exact,(-)-Carnitine,(-)-Carnitine,1.0,11,11,exact,exact,(-)-Carnitine,False,False,False,False,1.0,True,True,0,1,,,,[H]O[C@H](CC(=O)[O-])C[N+](C)(C)C
carteolol_cid2583,,,carteolol_cid2583.png,high,high,0.9039487217997112,exact,Carteolol,Carteolol,1.0,21,21,exact,exact,Carteolol,False,False,False,False,1.0,True,True,0,1,,,,[H]OC(CNC(C)(C)C)COc1cccc2c1CCC(=O)N2
cefadroxil_cid47965,,,cefadroxil_cid47965.png,high,high,0.8786948892813793,wrong,,Cefadroxil,0.98,25,25,exact,exact,Cefadroxil,False,True,False,False,1.0,False,False,2,3,[H].[H],,,"[H].[H].[H][C@]12SCC(C)=C(C(=O)O)N1C(=O)[C@H]2NC(=O)[C@H](N)c1ccc(O)cc1 |^1:0,1|"
cefpirome_cid5479539,,,cefpirome_cid5479539.png,high,high,0.8989348665647257,wrong,,Cefpirome,0.988,35,35,exact,exact,Cefpirome,False,True,False,False,1.0,False,False,4,3,[HH].[HH],,,[HH].[HH].[H][C@]12SCC(C[n+]3cccc4c3CCC4)=C(C(=O)[O-])N1C(=O)[C@H]2NC(=O)/C(=N\OC)c1csc(N)n1
ceritinib_cid57379345,,,ceritinib_cid57379345.png,high,high,0.9043324812121263,exact,Ceritinib,Ceritinib,1.0,38,38,exact,exact,Ceritinib,False,False,False,False,1.0,True,True,0,1,,,,[H]N(c1ccccc1S(=O)(=O)C(C)C)c1nc(Nc2cc(C)c(C3CCNCC3)cc2OC(C)C)ncc1Cl
cethromycin_cid156417,,,cethromycin_cid156417.png,high,high,0.887278878914666,wrong,,Cethromycin,0.79,55,55,wrong,wrong,,False,False,False,False,0.79,False,False,2,1,,,,[H][C@@]12NC(=O)O[C@]1(C)[C@@H](CC)OC(=O)[C@H](C)C(=O)[C@H](C)[C@@H](O[C@@H]1O[C@H](C)C[C@H](N(C)C)[C@H]1O)[C@](C)(OCCCc1cnc3ccccc3c1)C[C@@H](C)C(=O)[C@@H]2C
chlorhexidine_gluconate_cid9552081,,,chlorhexidine_gluconate_cid9552081.png,low,low,0.3967157057840321,wrong,,Chlorhexidine Gluconate,0.941,84,60,near,near,,False,False,False,False,0.941,False,False,49,4,,O=C(O)[C@H](O)[C@@H](O)[C@H](O)[C@H](O)CO,,O=C(O)[C@H](O)[C@@H](O)[C@H](O)[C@H](O)CO.[H]N/C(N)=N\CCCCCC/N=C(N)/N=C(\N[H])Nc1ccc(Cl)cc1.[H]NC(/N=C(\N)Nc1ccc(Cl)cc1)=N\CCCCCC/N=C(/N=C(\N[H])Nc1ccc(Cl)cc1)N[H].[H]O[C@@H]([C@H](O)[C@H](O)CO)[C@@H](O)C(=O)O
cholic_acid_cid221493,,,cholic_acid_cid221493.png,low,low,0.5044648578385785,wrong,,Cholic Acid,1.0,29,29,stereo,stereo,Cholic Acid,False,True,False,False,1.0,False,False,2,3,[H].[H],,,"[H].[H].[H]O[C@@H]1C[C@@]2([H])C[C@H](O)CC[C@]2(C)[C@@]2([H])C[C@H](O)[C@@]3(C)[C@@]([H])(CC[C@]3([H])[C@H](C)CCC(=O)O)[C@]12[H] |^1:0,1|"
ciclopirox_olamine_cid38911,,,ciclopirox_olamine_cid38911.png,high,high,0.8885667627948246,exact,Ciclopirox Olamine,Ciclopirox Olamine,1.0,19,19,exact,exact,Ciclopirox Olamine,False,False,False,False,1.0,True,True,0,2,,,,Cc1cc(C2CCCCC2)n(O)c(=O)c1.[H]NCCO[H]
cilnidipine_cid5282138,,,cilnidipine_cid5282138.png,high,high,0.9036536202486509,exact,Cilnidipine,Cilnidipine,1.0,36,36,exact,exact,Cilnidipine,False,False,False,False,1.0,True,True,0,1,,,,[H]/C(COC(=O)C1=C(C)NC(C)=C(C(=O)OCCOC)C1c1cccc([N+](=O)[O-])c1)=C(/[H])c1ccccc1
cilofexor_cid71228883,,,cilofexor_cid71228883.png,high,high,0.9006329850701621,exact,Cilofexor,Cilofexor,1.0,39,39,exact,exact,Cilofexor,False,False,False,False,1.0,True,True,0,1,,,,O=C(O)c1ccnc(N2CC(O)(c3ccc(OCc4c(-c5c(Cl)cccc5Cl)noc4C4CC4)cc3Cl)C2)c1
cilostazol_cid2754,,,cilostazol_cid2754.png,high,high,0.9006332728474123,exact,Cilostazol,Cilostazol,1.0,27,27,exact,exact,Cilostazol,False,False,False,False,1.0,True,True,0,1,,,,O=C1CCc2cc(OCCCCc3nnnn3C3CCCCC3)ccc2N1
cinacalcet_hydrochloride_cid156418,,,cinacalcet_hydrochloride_cid156418.png,high,high,0.8909576203052778,exact,Cinacalcet Hydrochloride,Cinacalcet Hydrochloride,1.0,27,27,exact,exact,Cinacalcet Hydrochloride,False,False,False,False,1.0,True,True,0,2,,,,C[C@@H](NCCCc1cccc(C(F)(F)F)c1)c1cccc2ccccc12.[H]Cl
cipepofol_cid86301664,,,cipepofol_cid86301664.png,high,high,0.8977587629557824,exact,Cipepofol,Cipepofol,1.0,15,15,exact,exact,Cipepofol,False,False,False,False,1.0,True,True,0,1,,,,CC(C)c1cccc([C@H](C)C2CC2)c1O
cladribine_cid20279,,,cladribine_cid20279.png,high,high,0.872873822368704,wrong,,Cladribine,1.0,19,19,exact,exact,Cladribine,False,True,False,False,1.0,False,False,1,2,[H],,,[H].[H]Nc1nc(Cl)nc2c1ncn2[C@H]1C[C@H](O)[C@@H](CO[H])O1 |^1:0|
clascoterone_cid11750009,,,clascoterone_cid11750009.png,low,low,0.626172456569542,exact,Clascoterone,Clascoterone,1.0,29,29,exact,exact,Clascoterone,False,False,False,False,1.0,True,True,0,1,,,,[H][C@@]12CCC3=CC(=O)CC[C@]3(C)[C@@]1([H])CC[C@@]1(C)[C@@]2([H])CC[C@]1(OC(=O)CC)C(=O)CO
clemastine_cid26987,,,clemastine_cid26987.png,high,high,0.8908076523521574,exact,Clemastine,Clemastine,1.0,24,24,exact,exact,Clemastine,False,False,False,False,1.0,True,True,0,1,,,,CN1CCC[C@@H]1CCO[C@](C)(c1ccccc1)c1ccc(Cl)cc1
clidinium_bromide_cid19004,,,clidinium_bromide_cid19004.png,high,high,0.8661104758493594,exact,Clidinium Bromide,Clidinium Bromide,1.0,27,27,exact,exact,Clidinium Bromide,False,False,False,False,1.0,True,True,0,2,,,,C[N+]12CCC(CC1)C(OC(=O)C(O)(c1ccccc1)c1ccccc1)C2.[Br-]
clindamycin_cid446598,,,clindamycin_cid446598.png,high,high,0.8692010766182611,wrong,,Clindamycin,0.567,27,27,wrong,wrong,,False,False,False,False,0.567,False,False,3,3,[H].[H],,,"[H].[H].[H][C@]1([C@H](NC(=O)[C@@H]2C[C@@H](CCC)CN2C)[C](C)Cl)O[C@H]([SH2]C)[C@H](O)[C@@H](O)[C@H]1O |^1:0,1,17|"
clindamycin_phosphate_cid443385,,,clindamycin_phosphate_cid443385.png,high,high,0.8615422866304573,wrong,,Clindamycin Phosphate,1.0,31,31,exact,exact,Clindamycin Phosphate,False,True,False,False,1.0,False,False,3,4,[H].[H].[H],,,"[H].[H].[H].[H]O[C@@H]1[C@H](O)[C@@H](OP(=O)(O)O)[C@@H](SC)O[C@]1([H])[C@H](NC(=O)[C@@H]1C[C@@H](CCC)CN1C)[C@H](C)Cl |^1:0,1,2|"
clioquinol_cid2788,,,clioquinol_cid2788.png,high,high,0.8782304821855027,exact,Clioquinol,Clioquinol,1.0,13,13,exact,exact,Clioquinol,False,False,False,False,1.0,True,True,0,1,,,,Oc1c(I)cc(Cl)c2cccnc12
clomipramine_cid2801,,,clomipramine_cid2801.png,high,high,0.9122316769690463,exact,Clomipramine,Clomipramine,1.0,22,22,exact,exact,Clomipramine,False,False,False,False,1.0,True,True,0,1,,,,CN(C)CCCN1c2ccccc2CCc2ccc(Cl)cc21
cobicistat_cid25151504,,,cobicistat_cid25151504.png,high,high,0.8930039633277841,exact,Cobicistat,Cobicistat,1.0,54,54,exact,exact,Cobicistat,False,False,False,False,1.0,True,True,0,1,,,,CC(C)c1nc(CN(C)C(=O)N[C@@H](CCN2CCOCC2)C(=O)N[C@H](CC[C@H](Cc2ccccc2)NC(=O)OCc2cncs2)Cc2ccccc2)cs1
cortisone_cid222786,,,cortisone_cid222786.png,low,low,0.5241169845574019,wrong,,Cortisone,0.98,26,26,exact,exact,Cortisone,False,True,False,False,1.0,False,False,1,2,[H],,,[H].[H][C@@]12CC[C@](O)(C(=O)CO)[C@@]1(C)CC(=O)[C@@]1([H])[C@@]2([H])CCC2=CC(=O)CC[C@@]21C |^1:0|
cositecan_cid148202,,,cositecan_cid148202.png,high,high,0.8996802602035958,exact,Cositecan,Cositecan,1.0,32,32,exact,exact,Cositecan,False,False,False,False,1.0,True,True,0,1,,,,CC[C@@]1(O)C(=O)OCc2c1cc1n(c2=O)Cc2c-1nc1ccccc1c2CC[Si](C)(C)C
crizotinib_cid11626560,,,crizotinib_cid11626560.png,high,high,0.8560700361894307,wrong,,Crizotinib,0.984,30,30,exact,exact,Crizotinib,False,True,False,False,1.0,False,False,4,3,[HH].[HH],,,C[C@@H](Oc1cc(-c2cnn(C3CCNCC3)c2)cnc1N)c1c(Cl)ccc(F)c1Cl.[HH].[HH]
cryptophycin_52_cid9939639,,,cryptophycin_52_cid9939639.png,low,low,0.4532351830159896,stereo,Cryptophycin 52,Cryptophycin 52,1.0,47,47,stereo,stereo,Cryptophycin 52,False,False,False,False,1.0,True,True,0,1,,,,[H]/C1=C(/[H])C(=O)N[C@H](Cc2ccc(OC)c(Cl)c2)C(=O)NCC(C)(C)C(=O)O[C@@H](CC(C)C)C(=O)O[C@]([H])([C@H](C)[C@H]2O[C@@H]2c2ccccc2)C1
cyproheptadine_hydrochloride_cid13770,,,cyproheptadine_hydrochloride_cid13770.png,high,high,0.8755600713857737,exact,Cyproheptadine Hydrochloride,Cyproheptadine Hydrochloride,1.0,23,23,exact,exact,Cyproheptadine Hydrochloride,False,False,False,False,1.0,True,True,0,2,,,,CN1CCC(=C2c3ccccc3C=Cc3ccccc32)CC1.[H]Cl
cytarabine_cid6253,,,cytarabine_cid6253.png,high,high,0.8919875633261347,exact,Cytarabine,Cytarabine,1.0,17,17,exact,exact,Cytarabine,False,False,False,False,1.0,True,True,0,1,,,,[H]O[C@H]1[C@H](O[H])[C@@H](CO)O[C@H]1n1ccc(N)nc1=O
d_phenylalanine_2s_n_2r_2_2_3_aminopropyl_phenoxy_propyl_2_c_cid11526696,,,d_phenylalanine_2s_n_2r_2_2_3_aminopropyl_phenoxy_propyl_2_c_cid11526696.png,high,high,0.8945417458065222,exact,"D-Phenylalanine, (2S)-N-((2R)-2-(2-(3-aminopropyl)phenoxy)propyl)-2-cyclopropylglycyl-N-methyl-D-alanyl-4-fluoro-, (3->1)-lactam","D-Phenylalanine, (2S)-N-((2R)-2-(2-(3-aminopropyl)phenoxy)propyl)-2-cyclopropylglycyl-N-methyl-D-alanyl-4-fluoro-, (3->1)-lactam",1.0,39,39,exact,exact,"D-Phenylalanine, (2S)-N-((2R)-2-(2-(3-aminopropyl)phenoxy)propyl)-2-cyclopropylglycyl-N-methyl-D-alanyl-4-fluoro-, (3->1)-lactam",False,False,False,False,1.0,True,True,0,1,,,,[H][C@@]1(C2CC2)NC[C@@H](C)Oc2ccccc2CCCNC(=O)[C@@H](Cc2ccc(F)cc2)NC(=O)[C@@H](C)N(C)C1=O
dabigatran_cid216210,,,dabigatran_cid216210.png,high,high,0.9032728875882837,wrong,,Dabigatran,0.984,35,35,exact,exact,Dabigatran,False,True,False,False,1.0,False,False,3,4,[H].[H].[H],,,"Cn1c(CNc2ccc(C(=N)N)cc2)nc2cc(C(=O)N(CCC(=O)O)c3ccccn3)ccc21.[H].[H].[H] |^1:35,36,37|"
dapansutrile_cid12714644,,,dapansutrile_cid12714644.png,low,low,0.645051225907198,exact,Dapansutrile,Dapansutrile,1.0,8,8,exact,exact,Dapansutrile,False,False,False,False,1.0,True,True,0,1,,,,CS(=O)(=O)CCC#N
dapoxetine_cid71353,,,dapoxetine_cid71353.png,high,high,0.9139038648579377,exact,Dapoxetine,Dapoxetine,1.0,23,23,exact,exact,Dapoxetine,False,False,False,False,1.0,True,True,0,1,,,,CN(C)[C@@H](CCOc1cccc2ccccc12)c1ccccc1
darifenacin_hydrobromide_cid444030,,,darifenacin_hydrobromide_cid444030.png,low,low,0.6069764080166822,wrong,,Darifenacin Hydrobromide,0.981,33,33,exact,exact,Darifenacin Hydrobromide,False,True,False,False,1.0,False,False,2,4,[H].[H],,,"[H].[H].[H]Br.[H][C@@]1(C(C(N)=O)(c2ccccc2)c2ccccc2)CCN(CCc2ccc3c(c2)CCO3)C1 |^1:0,1|"
darinaparsin_cid11683005,,,darinaparsin_cid11683005.png,high,high,0.8844389574752373,wrong,,Darinaparsin,0.976,23,23,exact,exact,Darinaparsin,False,True,False,False,1.0,False,False,5,6,[H].[H].[H].[H].[H],,,"C[As](C)SC[C@H](NC(=O)CC[C@H](N)C(=O)O)C(=O)NCC(=O)O.[H].[H].[H].[H].[H] |^1:23,24,25,26,27|"
decoquinate_cid29112,,,decoquinate_cid29112.png,high,high,0.9148509877788028,exact,Decoquinate,Decoquinate,1.0,30,30,exact,exact,Decoquinate,False,False,False,False,1.0,True,True,0,1,,,,CCCCCCCCCCOc1cc2c(=O)c(C(=O)OCC)c[nH]c2cc1OCC
deflazacort_cid189821,,,deflazacort_cid189821.png,low,low,0.4814549863548384,invalid,,,,,,invalid,invalid,,False,False,False,False,,False,,,,,,,[H]C12CCC3=CC(=O)C=CC3(C)C1([H])C(O)CC1(C)C2([H])C2C3456[H]C2378([H]4)OC(C)(=NC157C(=O)COC(C)=O)N68
delanzomib_cid24800541,,,delanzomib_cid24800541.png,high,high,0.8775993957370498,wrong,,Delanzomib,0.98,30,30,exact,exact,Delanzomib,False,True,False,False,1.0,False,False,2,3,[H].[H],,,"[H].[H].[H]N(C(=O)[C@@H](NC(=O)c1cccc(-c2ccccc2)n1)[C@@H](C)O)[C@@H](CC(C)C)B(O)O |^1:0,1|"
delgocitinib_cid50914062,,,delgocitinib_cid50914062.png,low,low,0.8391347658631981,exact,Delgocitinib,Delgocitinib,1.0,23,23,exact,exact,Delgocitinib,False,False,False,False,1.0,True,True,0,1,,,,C[C@H]1CN(C(=O)CC#N)[C@]12CCN(c1ncnc3[nH]ccc13)C2
dersimelagon_cid126736894,,,dersimelagon_cid126736894.png,high,high,0.9043032772066166,exact,Dersimelagon,Dersimelagon,1.0,48,48,exact,exact,Dersimelagon,False,False,False,False,1.0,True,True,0,1,,,,[H][C@]1(c2ccc(C(F)(F)F)cc2N2CCC(C(=O)O)CC2)CN(C(=O)[C@]2(F)CN(C3CCCC3)C[C@H]2c2ccc(OC)cc2)C[C@@H]1COC
deruxtecan_pyrrole_2_5_dione_cid118305111,,,deruxtecan_pyrrole_2_5_dione_cid118305111.png,low,low,0.2261211290377954,invalid,,,,,,invalid,invalid,,False,False,False,False,,False,,,,,,,CCC1(O)C(=O)OCC2=C1C=C1C3=NC4=CC(F)=C(C)C5CCC(NC(=O)COCNC(=O)CNC(=O)C(CC6=CC=CC=C6)NC(=O)CNC(=O)CNC(=O)CCCCCN6C(=O)C=CC6=O)C(=C3CN1C2=O)C=45
desflurane_cid42113,,,desflurane_cid42113.png,high,high,0.8855246272400805,exact,Desflurane,Desflurane,1.0,10,10,exact,exact,Desflurane,False,False,False,False,1.0,True,True,0,1,,,,[H]C(F)(OC(F)F)C(F)(F)F
desipramine_cid2995,,,desipramine_cid2995.png,high,high,0.8797428864170611,exact,Desipramine,Desipramine,1.0,20,20,exact,exact,Desipramine,False,False,False,False,1.0,True,True,0,1,,,,[H]N(C)CCCN1c2ccccc2CCc2ccccc21
deslanoside_cid28620,,,deslanoside_cid28620.png,low,low,0.0250021713895228,invalid,,,,,,invalid,invalid,,False,False,False,False,,False,,,,,,,[H]C12CCC34OC35(O)CCC(C3=CC(=O)OC3)C5(C)C(O)CC4(O)C1(C)CCC(OC1CC(O)C(OC3CC(O)C(OC4CC(O)C(OC5OC(CO)C(O)C(O)C5O)C(C)O4)C(C)O3)C(C)O1)C2
deucravacitinib_cid134821691,,,deucravacitinib_cid134821691.png,high,high,0.8954420938858678,exact,Deucravacitinib,Deucravacitinib,1.0,31,31,exact,exact,Deucravacitinib,False,False,False,False,1.0,True,True,0,1,,,,[H]N(C(=O)c1nnc(NC(=O)C2CC2)cc1Nc1cccc(-c2ncn(C)n2)c1OC)C([2H])([2H])[2H]
dexrazoxane_cid71384,,,dexrazoxane_cid71384.png,high,high,0.8832902999170049,wrong,,Dexrazoxane,0.962,19,19,exact,exact,Dexrazoxane,False,True,False,False,1.0,False,False,2,2,[HH],,,C[C@@H](CN1CC(=O)NC(=O)C1)N1CC(=O)NC(=O)C1.[HH]
dicyclomine_hydrochloride_cid441344,,,dicyclomine_hydrochloride_cid441344.png,high,high,0.9041374967088409,exact,Dicyclomine Hydrochloride,Dicyclomine Hydrochloride,1.0,23,23,exact,exact,Dicyclomine Hydrochloride,False,False,False,False,1.0,True,True,0,2,,,,CCN(CC)CCOC(=O)C1(C2CCCCC2)CCCCC1.[H]Cl
difelikefalin_cid24794466,,,difelikefalin_cid24794466.png,low,low,0.5304805297703019,stereo,Difelikefalin,Difelikefalin,1.0,49,49,stereo,stereo,Difelikefalin,False,False,False,False,1.0,True,True,0,1,,,,[H]N[C@H](Cc1ccccc1)C(=O)N[C@@H](Cc1ccccc1)C(=O)N[C@H](CC(C)C)C(=O)N[C@H](CCCCN)C(=O)N1CCC(N)(C(=O)O)CC1
digitoxin_cid441207,,,digitoxin_cid441207.png,low,low,0.1008278675159028,invalid,,,,,,invalid,invalid,,False,False,False,False,,False,,,,,,,[H]C12CCC34(O)OC35CCC(C3=CC(=O)OC3)C5(C)CCC4([H])C1(C)CCC(OC1CC(O)C(OC3CC(O)C(OC4CC(O)C(O)C(C)O4)C(C)O3)C(C)O1)C2
dihydroartemisinin_cid107770,,,dihydroartemisinin_cid107770.png,low,low,0.8213003428817409,exact,Dihydroartemisinin,Dihydroartemisinin,1.0,20,20,exact,exact,Dihydroartemisinin,False,False,False,False,1.0,True,True,0,1,,,,[H]O[C@H]1O[C@]2([H])OC3(C)CC[C@@]4([H])[C@H](C)CCC([C@H]1C)[C@@]24OO3
dinoprost_cid5280363,,,dinoprost_cid5280363.png,high,high,0.8853067885533012,wrong,,Dinoprost,1.0,25,25,exact,exact,Dinoprost,False,True,False,False,1.0,False,False,3,3,[HH].[H],,,[HH].[H].[H]O[C@@H](CCCCC)/C([H])=C(\[H])[C@@H]1[C@@H](C/C([H])=C(/[H])CCCC(=O)O)[C@@H](O)C[C@H]1O |^1:1|
dirithromycin_cid6473883,,,dirithromycin_cid6473883.png,low,low,0.4399854908319709,wrong,,Dirithromycin,0.863,57,58,near,near,,False,False,False,False,0.863,False,False,1,1,,,,[H]N1[C@@H](COCCOC)O[C@]2([H])[C@@H](C)[C@@]1([H])[C@H](C)CC([H])(C)[C@@H](O[C@@H]1O[C@H](C)C[C@H](N(C)C)[C@H]1O)[C@@H](C)[C@H](O[C@H]1C[C@@](C)(OC)[C@@H](O)[C@H](C)O1)[C@@H](C)C(=O)O[C@H](CC)[C@@]2(C)O
disopyramide_cid3114,,,disopyramide_cid3114.png,high,high,0.8978552856168176,exact,Disopyramide,Disopyramide,1.0,25,25,exact,exact,Disopyramide,False,False,False,False,1.0,True,True,0,1,,,,[H]NC(=O)C(CCN(C(C)C)C(C)C)(c1ccccc1)c1ccccn1
distearoylphosphatidylcholine_cid65146,,,distearoylphosphatidylcholine_cid65146.png,high,high,0.8634397331671649,wrong,,Distearoylphosphatidylcholine,0.508,57,54,wrong,wrong,,False,False,False,False,0.508,False,False,16,7,,O.O.O.O,,CCCCCCCCCCCCCCCCCC(=O)OCC(CO)OC(=O)CCCCCCCCCCCCCCCCC.C[N+](C)(O)CCOP.O.O.O.O.O
dl_selenomethionine_cid15103,,,dl_selenomethionine_cid15103.png,high,high,0.8757738307908268,exact,DL-selenomethionine,DL-selenomethionine,1.0,9,9,exact,exact,DL-selenomethionine,False,False,False,False,1.0,True,True,0,1,,,,[H]NC(CC[Se]C)C(=O)O[H]
dobutamine_hydrochloride_cid65324,,,dobutamine_hydrochloride_cid65324.png,high,high,0.90802555134846,wrong,,Dobutamine Hydrochloride,0.972,23,23,exact,exact,Dobutamine Hydrochloride,False,True,False,False,1.0,False,False,2,4,[H].[H],,,"CC(CCc1ccc(O)cc1)NCCc1ccc(O)c(O)c1.[H].[H].[H]Cl |^1:22,23|"
dofetilide_cid71329,,,dofetilide_cid71329.png,high,high,0.9048572169678749,exact,Dofetilide,Dofetilide,1.0,29,29,exact,exact,Dofetilide,False,False,False,False,1.0,True,True,0,1,,,,CN(CCOc1ccc(NS(C)(=O)=O)cc1)CCc1ccc(NS(C)(=O)=O)cc1
domperidone_cid3151,,,domperidone_cid3151.png,high,high,0.8843994382449658,wrong,,Domperidone,0.98,30,30,exact,exact,Domperidone,False,True,False,False,1.0,False,False,2,2,[HH],,,O=c1[nH]c2ccccc2n1CCCN1CCC(n2c(=O)[nH]c3cc(Cl)ccc32)CC1.[HH]
doramectin_cid9832750,,,doramectin_cid9832750.png,low,low,0.1536460763054052,stereo,Doramectin,Doramectin,1.0,64,64,stereo,stereo,Doramectin,False,False,False,False,1.0,True,True,0,1,,,,[H]/C1=C(/C)[C@H](O[C@H]2C[C@@H](OC)[C@@H](O[C@H]3C[C@H](OC)[C@@H](O)[C@H](C)O3)[C@H](C)O2)[C@@H](C)/C([H])=C([H])/C([H])=C2\CO[C@@]3([H])[C@H](O)C(C)=C[C@@]([H])(C(=O)O[C@]4([H])C[C@@]([H])(C1)O[C@]1(C=C[C@H](C)C([H])(C5CCCCC5)O1)C4)[C@]23O
dronedarone_hydrochloride_cid219025,,,dronedarone_hydrochloride_cid219025.png,high,high,0.9003011289916218,wrong,,Dronedarone Hydrochloride,0.873,40,40,near,near,,False,False,False,False,0.873,False,False,4,2,,,,CCCCc1oc2ccc(NS(=O)(=O)O)cc2c1C(=O)c1ccc(OCCCN(CCCC)CCCC)cc1.Cl
droxidopa_cid92974,,,droxidopa_cid92974.png,high,high,0.8882815416973847,wrong,,Droxidopa,0.964,15,15,exact,exact,Droxidopa,False,True,False,False,1.0,False,False,1,2,[H],,,[H].[H]N[C@H](C(=O)O[H])[C@H](O[H])c1ccc(O)c(O[H])c1 |^1:0|
durlobactam_cid89851852,,,durlobactam_cid89851852.png,low,low,0.8317061325646005,wrong,,Durlobactam,0.975,18,18,exact,exact,Durlobactam,False,True,False,False,1.0,False,False,3,4,[H].[H].[H],,,"[H].[H].[H].[H][C@@]12C=C(C)[C@@H](C(N)=O)N(C1)C(=O)N2OS(=O)(=O)O |^1:0,1,2|"
dutogliptin_cid11253490,,,dutogliptin_cid11253490.png,high,high,0.8658913397373482,exact,Dutogliptin,Dutogliptin,1.0,17,17,exact,exact,Dutogliptin,False,False,False,False,1.0,True,True,0,1,,,,[H]OB(O[H])[C@]1([H])CCCN1C(=O)CN[C@@H]1CCN([H])C1
echothiophate_cid10548,,,echothiophate_cid10548.png,high,high,0.8835911279162326,exact,Echothiophate,Echothiophate,1.0,15,15,exact,exact,Echothiophate,False,False,False,False,1.0,True,True,0,1,,,,CCOP(=O)(OCC)SCC[N+](C)(C)C
edrophonium_chloride_cid8307,,,edrophonium_chloride_cid8307.png,high,high,0.8965081519184056,exact,Edrophonium Chloride,Edrophonium Chloride,1.0,13,13,exact,exact,Edrophonium Chloride,False,False,False,False,1.0,True,True,0,2,,,,[Cl-].[H]Oc1cccc([N+](C)(C)CC)c1
efinaconazole_cid489181,,,efinaconazole_cid489181.png,high,high,0.8940423121724045,exact,Efinaconazole,Efinaconazole,1.0,25,25,exact,exact,Efinaconazole,False,False,False,False,1.0,True,True,0,1,,,,[H]O[C@@](Cn1cncn1)(c1ccc(F)cc1F)[C@@H](C)N1CCC(=C)CC1
efonidipine_cid119171,,,efonidipine_cid119171.png,high,high,0.9128296587622782,exact,Efonidipine,Efonidipine,1.0,45,45,exact,exact,Efonidipine,False,False,False,False,1.0,True,True,0,1,,,,CC1=C(C(=O)OCCN(Cc2ccccc2)c2ccccc2)C(c2cccc([N+](=O)[O-])c2)C(P2(=O)OCC(C)(C)CO2)=C(C)N1
elacestrant_cid23642301,,,elacestrant_cid23642301.png,low,low,0.475837748322088,wrong,,Elacestrant,0.984,34,34,exact,exact,Elacestrant,False,True,False,False,1.0,False,False,1,2,[H],,,[H].[H][C@@]1(c2ccc(OC)cc2N(CC)Cc2ccc(CCNCC)cc2)CCc2cc(O)ccc2C1 |^1:0|
elagolix_cid11250647,,,elagolix_cid11250647.png,high,high,0.9007808613775322,wrong,,Elagolix,1.0,45,45,exact,exact,Elagolix,False,True,False,False,1.0,False,False,4,3,[HH].[HH],,,COc1cccc(-c2c(C)n(Cc3c(F)cccc3C(F)(F)F)c(=O)n(C[C@H](NCCCC(=O)O)c3ccccc3)c2=O)c1F.[HH].[HH]
elbasvir_cid71661251,,,elbasvir_cid71661251.png,low,low,0.1232487496095247,invalid,,,,,,invalid,invalid,,False,False,False,False,,False,,,,,,,[H]N1C(C2=CC3=C(C=C2)C2=CC4=C(C=CC(C5=CN=C(C6([H])CCCN6C(=O)C(NC(=O)OC)C(C)C)N5)=C4)N24[CH]25O3[CH]43C246=C27=C5389=C=43C24=C25=C73=C=43=C2(=C68)=C9=C53)=CN=C1C1([H])CCCN1C(=O)C(NC(=O)OC)C(C)C
eletriptan_hydrobromide_cid656631,,,eletriptan_hydrobromide_cid656631.png,high,high,0.9140456669234638,exact,Eletriptan Hydrobromide,Eletriptan Hydrobromide,1.0,28,28,exact,exact,Eletriptan Hydrobromide,False,False,False,False,1.0,True,True,0,2,,,,CN1CCC[C@@H]1Cc1c[nH]c2ccc(CCS(=O)(=O)c3ccccc3)cc12.[H]Br
elexacaftor_cid134587348,,,elexacaftor_cid134587348.png,high,high,0.8900873316989261,exact,Elexacaftor,Elexacaftor,1.0,41,41,exact,exact,Elexacaftor,False,False,False,False,1.0,True,True,0,1,,,,Cc1nn(C)cc1S(=O)(=O)NC(=O)c1ccc(-n2ccc(OCC(C)(C)C(F)(F)F)n2)nc1N1C[C@@H](C)CC1(C)C
eltanexor_cid86345880,,,eltanexor_cid86345880.png,high,high,0.8876777331678881,wrong,,Eltanexor,0.978,30,30,exact,exact,Eltanexor,False,True,False,False,1.0,False,False,2,2,[HH],,,[HH].[H]/C(=C(\C(N)=O)c1cncnc1)n1cnc(-c2cc(C(F)(F)F)cc(C(F)(F)F)c2)n1
eltrombopag_cid135449332,,,eltrombopag_cid135449332.png,high,high,0.9027045144121005,wrong,,Eltrombopag,0.965,33,33,stereo,stereo,Eltrombopag,False,True,False,False,1.0,False,False,3,3,[HH].[H],,,Cc1ccc(-n2[nH]c(C)c(/N=N/c3cccc(-c4cccc(C(=O)O)c4)c3O)c2=O)cc1C.[HH].[H] |^1:34|
elvitegravir_cid5277135,,,elvitegravir_cid5277135.png,high,high,0.8965539841037912,wrong,,Elvitegravir,0.984,31,31,exact,exact,Elvitegravir,False,True,False,False,1.0,False,False,1,2,[H],,,COc1cc2c(cc1Cc1cccc(Cl)c1F)c(=O)c(C(=O)O)cn2[C@H](CO)C(C)C.[H] |^1:31|
emamectin_b1a_cid11136686,,,emamectin_b1a_cid11136686.png,low,low,0.02980028974614125,invalid,,,,,,invalid,invalid,,False,False,False,False,,False,,,,,,,[H]C1=C(C)C(OC2CC(OC)C(OC3CC(OC)C(NC)C(C)O3)C(C)O2)C(C)C([H])=C([H])C([H])=C23COC4([H])[CH]5(O)C(C)=CC([H])(C(=O)OC6([H])CC([H])(C1)OC1(C=CC(C)C([H])(C(C)CC)O1)C6)C42(O)C5([H])([H])OC3
emtricitabine_cid60877,,,emtricitabine_cid60877.png,low,low,0.8342028510425401,exact,Emtricitabine,Emtricitabine,1.0,16,16,exact,exact,Emtricitabine,False,False,False,False,1.0,True,True,0,1,,,,[H]Nc1nc(=O)n([C@@H]2CS[C@H](CO)O2)cc1F
encorafenib_cid50922675,,,encorafenib_cid50922675.png,high,high,0.9048461278788261,exact,Encorafenib,Encorafenib,1.0,36,36,exact,exact,Encorafenib,False,False,False,False,1.0,True,True,0,1,,,,COC(=O)N[C@@H](C)CNc1nccc(-c2cn(C(C)C)nc2-c2cc(Cl)cc(NS(C)(=O)=O)c2F)n1
enflurane_cid3226,,,enflurane_cid3226.png,low,low,0.8348978093282752,exact,Enflurane,Enflurane,1.0,10,10,exact,exact,Enflurane,False,False,False,False,1.0,True,True,0,1,,,,[H]C(F)(Cl)C(F)(F)OC(F)F
entecavir_cid135398508,,,entecavir_cid135398508.png,high,high,0.8828450557048806,wrong,,Entecavir,1.0,20,20,exact,exact,Entecavir,False,True,False,False,1.0,False,False,2,3,[H].[H],,,"[H].[H].[H]Nc1nc2c(ncn2[C@H]2C[C@H](O)[C@@H](CO)C2=C)c(=O)n1[H] |^1:0,1|"
entrectinib_cid25141092,,,entrectinib_cid25141092.png,high,high,0.9007193393571009,exact,Entrectinib,Entrectinib,1.0,41,41,exact,exact,Entrectinib,False,False,False,False,1.0,True,True,0,1,,,,[H]n1nc(NC(=O)c2ccc(N3CCN(C)CC3)cc2NC2CCOCC2)c2cc(Cc3cc(F)cc(F)c3)ccc21
eptaplatin_cid119378,,,eptaplatin_cid119378.png,high,high,0.8724878469936123,wrong,,Eptaplatin,0.9,20,20,near,near,,False,False,False,False,0.9,False,False,6,6,[HH].[HH].[HH],,,CC(C)C1O[C@H](CN)[C@@H](CN)O1.O=C([O-])CC(=O)[O-].[HH].[HH].[HH].[Pt+4]
eptifibatide_cid448812,,,eptifibatide_cid448812.png,low,low,0.01923104571912794,invalid,,,,,,invalid,invalid,,False,False,False,False,,False,,,,,,,[H].[H].[H].[H].[H].[H].[H]NC(=O)C(CC(=O)O)N1C2=O=C(=O)(CNC3[CH]45(CCCCN=C(N)N[H])NC6(=O)=O=C7NC8C4(=O)(C(N)CC4=CNC9=CC=CC=C49)N34(C([H])CCCC764)C85(=O)(=O)NC2)N[CH]1(CC(=O)O)C(=O)N[H]
ergometrine_cid443884,,,ergometrine_cid443884.png,high,high,0.8619087421432002,exact,Ergometrine,Ergometrine,1.0,24,24,exact,exact,Ergometrine,False,False,False,False,1.0,True,True,0,1,,,,[H]OC[C@H](C)N([H])C(=O)[C@@H]1C=C2c3cccc4c3c(cn4[H])C[C@@]2([H])N(C)C1
ertugliflozin_cid44814423,,,ertugliflozin_cid44814423.png,high,high,0.8658642083224304,wrong,,Ertugliflozin,0.981,30,30,exact,exact,Ertugliflozin,False,True,False,False,1.0,False,False,4,4,[HH].[H].[H],,,"CCOc1ccc(Cc2cc([C@]34OC[C@](CO)(O3)[C@@H](O)[C@H](O)[C@H]4O)ccc2Cl)cc1.[HH].[H].[H] |^1:31,32|"
esmolol_hydrochloride_cid104769,,,esmolol_hydrochloride_cid104769.png,high,high,0.8815531747242503,wrong,,Esmolol Hydrochloride,0.976,22,22,exact,exact,Esmolol Hydrochloride,False,True,False,False,1.0,False,False,1,3,[H],,,COC(=O)CCc1ccc(OCC(O)CNC(C)C)cc1.[H].[H]Cl |^1:21|
etelcalcetide_cid71511839,,,etelcalcetide_cid71511839.png,low,low,0.2631142454504838,wrong,,Etelcalcetide,0.75,71,71,wrong,wrong,,False,False,False,False,0.75,False,False,2,2,,,,[H]NC(=NCCC[C@@H](NC(=O)[C@H](C)NC(=O)[C@@H](CS)NC(C)=O)C(=O)N[C@H](CCCN=C(N)N)C(=O)N[C@H](CCCN=C(N)N)C(=O)N[C@@H](C)C(=O)N[C@H](CCCN=C(N)N)C(N)=O)N[H].[H]N[C@H](CS)C(=O)O
ethaselen_cid10387485,,,ethaselen_cid10387485.png,high,high,0.8981427034109664,exact,Ethaselen,Ethaselen,1.0,22,22,exact,exact,Ethaselen,False,False,False,False,1.0,True,True,0,1,,,,O=c1c2ccccc2[se]n1CCn1[se]c2ccccc2c1=O
ethinylestradiol_cid5991,,,ethinylestradiol_cid5991.png,low,low,0.4943760314427291,wrong,,Ethinylestradiol,0.977,22,22,exact,exact,Ethinylestradiol,False,True,False,False,1.0,False,False,2,3,[H].[H],,,"[H].[H].[H][C@@]12CC[C@@](O)(C#C)[C@@]1(C)CC[C@]1([H])c3ccc(O)cc3CC[C@@]21[H] |^1:0,1|"
etomidate_cid667484,,,etomidate_cid667484.png,high,high,0.875757713435245,exact,Etomidate,Etomidate,1.0,18,18,exact,exact,Etomidate,False,False,False,False,1.0,True,True,0,1,,,,CCOC(=O)c1cncn1[C@H](C)c1ccccc1
etoricoxib_cid123619,,,etoricoxib_cid123619.png,high,high,0.9110185038915779,exact,Etoricoxib,Etoricoxib,1.0,24,24,exact,exact,Etoricoxib,False,False,False,False,1.0,True,True,0,1,,,,Cc1ccc(-c2ncc(Cl)cc2-c2ccc(S(C)(=O)=O)cc2)cn1
etrasimod_cid44623998,,,etrasimod_cid44623998.png,high,high,0.9006798377358113,exact,Etrasimod,Etrasimod,1.0,33,33,exact,exact,Etrasimod,False,False,False,False,1.0,True,True,0,1,,,,O=C(O)C[C@H]1CCc2c1[nH]c1ccc(OCc3ccc(C4CCCC4)c(C(F)(F)F)c3)cc21
etretinate_cid5282375,,,etretinate_cid5282375.png,high,high,0.8938010114100953,exact,Etretinate,Etretinate,1.0,26,26,exact,exact,Etretinate,False,False,False,False,1.0,True,True,0,1,,,,[H]/C(C(=O)OCC)=C(C)\C([H])=C([H])\C([H])=C(C)\C([H])=C(/[H])c1c(C)cc(OC)c(C)c1C
exatecan_cid151115,,,exatecan_cid151115.png,high,high,0.8753618133598947,exact,Exatecan,Exatecan,1.0,32,32,exact,exact,Exatecan,False,False,False,False,1.0,True,True,0,1,,,,[H]N[C@H]1CCc2c(C)c(F)cc3nc4c(c1c23)Cn1c-4cc2c(c1=O)COC(=O)[C@]2(O)CC
febuxostat_cid134018,,,febuxostat_cid134018.png,high,high,0.9136727621579064,wrong,,Febuxostat,0.574,22,22,wrong,wrong,,False,False,False,False,0.574,False,False,0,1,,,,[H]OC(=O)C1=C(C)N=C(c2ccc(OCC(C)C)c(C#N)c2)[S-]1 |^1:22|
fedratinib_cid16722836,,,fedratinib_cid16722836.png,high,high,0.9150537742840514,exact,Fedratinib,Fedratinib,1.0,37,37,exact,exact,Fedratinib,False,False,False,False,1.0,True,True,0,1,,,,[H]N(C(C)(C)C)S(=O)(=O)c1cccc(Nc2nc(Nc3ccc(OCCN4CCCC4)cc3)ncc2C)c1
felypressin_cid14257662,,,felypressin_cid14257662.png,low,low,0.1018572894526071,wrong,,Felypressin,0.481,101,72,wrong,wrong,,False,False,False,False,0.481,False,False,58,3,,,,"SCS.[H]C(C(N)=O)C1/C=C\C=C/[C@H](Cc2ccccc2)C(=O)N[C@H](C(=O)N[C@@H](CCC(N)=O)C(=O)N[CH]C)C1.[H]NCCCC[C@H](NC(=O)[C@@H]1CCCN1C(=O)[C@H](CS)NC(=O)[C@H](CC(=O)N[H])NC(=O)[C@H](CCC(N)=O)NC(=O)[C@@H]1C[CH]C(=O)[C@@H](Cc2ccccc2)C(=O)N1)C(=O)NCC(=O)N[H] |^1:37,83|"
fenebrutinib_cid86567195,,,fenebrutinib_cid86567195.png,high,high,0.9050172351670649,exact,Fenebrutinib,Fenebrutinib,1.0,49,49,exact,exact,Fenebrutinib,False,False,False,False,1.0,True,True,0,1,,,,C[C@H]1CN(C2COC2)CCN1c1ccc(Nc2cc(-c3ccnc(N4CCn5c(cc6c5CC(C)(C)C6)C4=O)c3CO)cn(C)c2=O)nc1
fenoterol_cid3343,,,fenoterol_cid3343.png,high,high,0.906957869602159,exact,Fenoterol,Fenoterol,1.0,22,22,exact,exact,Fenoterol,False,False,False,False,1.0,True,True,0,1,,,,[H]Oc1ccc(CC([H])(C)NCC([H])(O[H])c2cc(O[H])cc(O[H])c2)cc1
ferric_maltol_cid169535,,,ferric_maltol_cid169535.png,high,low,0.8916705994819168,invalid,,,,,,invalid,invalid,,False,False,False,False,,False,,,,,,,*[O-]C1=C(C)OC=CC1=O.CC1=C([O-])C(=O)C=CO1.CC1=C([O-])C(=O)C=CO1 |$Fe3;;;;;;;;;;;;;;;;;;;;;;;;;;;$|
ferroquine_cid140118553,,,ferroquine_cid140118553.png,low,low,0.5018616415329327,wrong,,Ferroquine,0.44,28,28,wrong,wrong,,False,False,False,False,0.44,False,True,0,1,,,,[H][C]1([Fe+][c-]2(CNc3ccnc4cc(Cl)ccc34)cccc2CN(C)C)C=CC=C1 |C:3.2|
ferrous_fumarate_cid6433164,,,ferrous_fumarate_cid6433164.png,high,high,0.8839867667166815,wrong,,Ferrous Fumarate,0.833,9,9,wrong,near,,False,False,False,True,0.833,False,False,0,2,,,[Fe+4],[Fe+4].[H]/C(C(=O)[O-])=C(/[H])C(=O)[O-]
fesoterodine_fumarate_cid9849808,,,fesoterodine_fumarate_cid9849808.png,high,high,0.8933681009617319,exact,Fesoterodine Fumarate,Fesoterodine Fumarate,1.0,38,38,exact,exact,Fesoterodine Fumarate,False,False,False,False,1.0,True,True,0,2,,,,CC(C)C(=O)Oc1ccc(CO)cc1[C@H](CCN(C(C)C)C(C)C)c1ccccc1.[H]/C(C(=O)O)=C(/[H])C(=O)O
fevipiprant_cid23582412,,,fevipiprant_cid23582412.png,high,high,0.8962770266806279,exact,Fevipiprant,Fevipiprant,1.0,29,29,exact,exact,Fevipiprant,False,False,False,False,1.0,True,True,0,1,,,,Cc1c(CC(=O)O)c2cccnc2n1Cc1ccc(S(C)(=O)=O)cc1C(F)(F)F
fexinidazole_cid68792,,,fexinidazole_cid68792.png,high,high,0.8827480131177924,wrong,,Fexinidazole,0.696,19,19,wrong,wrong,,False,False,False,False,0.696,False,False,0,1,,,,C[S-]c1ccc(OCc2ncc([N+](=O)[O-])n2C)cc1 |^1:1|
fingolimod_cid107970,,,fingolimod_cid107970.png,high,high,0.876867001628799,wrong,,Fingolimod,0.935,22,22,exact,exact,Fingolimod,False,True,False,False,1.0,False,False,7,5,[HH].[HH].[HH].[H],,,CCCCCCCCc1ccc(CCC(N)(CO)CO)cc1.[HH].[HH].[HH].[H] |^1:25|
floxuridine_cid5790,,,floxuridine_cid5790.png,high,high,0.8836165805819116,exact,Floxuridine,Floxuridine,1.0,17,17,exact,exact,Floxuridine,False,False,False,False,1.0,True,True,0,1,,,,[H]O[C@H]1C[C@H](n2cc(F)c(=O)[nH]c2=O)O[C@@H]1CO
fludarabine_cid657237,,,fludarabine_cid657237.png,high,high,0.8744119736972896,wrong,,Fludarabine,1.0,20,20,exact,exact,Fludarabine,False,True,False,False,1.0,False,False,3,4,[H].[H].[H],,,"[H].[H].[H].[H]OC[C@H]1O[C@@H](n2cnc3c(N)nc(F)nc32)[C@@H](O)[C@@H]1O |^1:0,1,2|"
flunitrazepam_cid3380,,,flunitrazepam_cid3380.png,high,high,0.8878922374187508,exact,Flunitrazepam,Flunitrazepam,1.0,23,23,exact,exact,Flunitrazepam,False,False,False,False,1.0,True,True,0,1,,,,CN1C(=O)CN=C(c2ccccc2F)c2cc([N+](=O)[O-])ccc21
fluoxymesterone_cid6446,,,fluoxymesterone_cid6446.png,low,low,0.7778597007361409,wrong,,Fluoxymesterone,1.0,24,24,exact,exact,Fluoxymesterone,False,True,False,False,1.0,False,False,1,2,[H],,,[H].[H]O[C@H]1C[C@@]2(C)[C@@]([H])(CC[C@]2(C)O)[C@]2([H])CCC3=CC(=O)CC[C@]3(C)[C@@]12F |^1:0|
fluphenazine_cid3372,,,fluphenazine_cid3372.png,high,high,0.8777537444322369,wrong,,Fluphenazine,0.667,30,30,wrong,wrong,,False,False,False,False,0.667,False,False,2,1,,,,OCCN1CCN(CCCN2c3ccccc3[Se]c3ccc(C(F)(F)F)cc32)CC1
flurithromycin_cid71260,,,flurithromycin_cid71260.png,high,high,0.8457171673644608,wrong,,Flurithromycin,1.0,52,52,exact,exact,Flurithromycin,False,True,False,False,1.0,False,False,2,3,[H].[H],,,"[H].[H].[H]O[C@]1(C)C[C@](C)(F)C(=O)[C@H](C)[C@@H](O)[C@](C)(O)[C@@H](CC)OC(=O)[C@H](C)[C@@H](O[C@H]2C[C@@](C)(OC)[C@@H](O)[C@H](C)O2)[C@H](C)[C@H]1O[C@@H]1O[C@H](C)C[C@H](N(C)C)[C@H]1O |^1:0,1|"
formaldehyde_cid712,,,formaldehyde_cid712.png,low,low,0.836495633368367,exact,Formaldehyde,Formaldehyde,1.0,2,2,exact,exact,Formaldehyde,False,False,False,False,1.0,True,True,0,1,,,,[H]C([H])=O
fosfluconazole_cid214356,,,fosfluconazole_cid214356.png,high,high,0.9011111184285995,exact,Fosfluconazole,Fosfluconazole,1.0,26,26,exact,exact,Fosfluconazole,False,False,False,False,1.0,True,True,0,1,,,,[H]OP(=O)(O)OC(Cn1cncn1)(Cn1cncn1)c1ccc(F)cc1F
frovatriptan_succinate_cid152943,,,frovatriptan_succinate_cid152943.png,high,high,0.8679385624084076,wrong,,Frovatriptan Succinate,0.98,27,27,exact,exact,Frovatriptan Succinate,False,True,False,False,1.0,False,False,4,7,[H].[H].[H].[H],,,"CN[C@@H]1CCc2[nH]c3ccc(C(N)=O)cc3c2C1.O.O=C(O)CCC(=O)O.[H].[H].[H].[H] |^1:27,28,29,30|"
fulvestrant_cid104741,,,fulvestrant_cid104741.png,low,low,0.3946898661941379,wrong,,Fulvestrant,0.783,40,41,wrong,wrong,,False,False,False,False,0.783,False,False,1,1,,,,[H][C@@]12CC[C@@H](O)[C@@]1(C)CC[C@]1([H])c3ccc(O)cc3C[C@@H](CCCCCCCCCSCCCC(F)(F)C(F)(F)F)[C@]21[H]
furazolidone_cid5323714,,,furazolidone_cid5323714.png,high,high,0.8908909642498085,exact,Furazolidone,Furazolidone,1.0,16,16,exact,exact,Furazolidone,False,False,False,False,1.0,True,True,0,1,,,,[H]/C(=N\N1CCOC1=O)c1ccc([N+](=O)[O-])o1
gabapentin_enacarbil_cid9883933,,,gabapentin_enacarbil_cid9883933.png,high,high,0.8942796678100496,exact,Gabapentin Enacarbil,Gabapentin Enacarbil,1.0,23,23,exact,exact,Gabapentin Enacarbil,False,False,False,False,1.0,True,True,0,1,,,,[H]N(CC1(CC(=O)O)CCCCC1)C(=O)OC(C)OC(=O)C(C)C
gantacurium_cid10102486,,,gantacurium_cid10102486.png,low,low,0.006559491632499785,invalid,,,,,,invalid,invalid,,False,False,False,False,,False,,,,,,,COC1=CC(CC2C3=CC(OC)=C(OC)C=C3CC[N+]2(C)CCCOC(=O)C(Cl)=CC(=O)OCCCC2C=[N+]34(C)CCC5=CC(OC)=C(OC)C=C5[CH]35C3(=C67=C58=CC6(OC)=C(OC)C(OC)(=C8)O(C)C(=C3)C(OC)=C7OC)C24)=CC(OC)=C1OC
gemigliptin_cid11953153,,,gemigliptin_cid11953153.png,low,low,0.8097705625726335,exact,Gemigliptin,Gemigliptin,1.0,33,33,exact,exact,Gemigliptin,False,False,False,False,1.0,True,True,0,1,,,,N[C@@H](CC(=O)N1CCc2c(nc(C(F)(F)F)nc2C(F)(F)F)C1)CN1CC(F)(F)CCC1=O
gilteritinib_cid49803313,,,gilteritinib_cid49803313.png,high,high,0.9047679978818743,wrong,,Gilteritinib,0.986,40,40,exact,exact,Gilteritinib,False,True,False,False,1.0,False,False,4,5,[H].[H].[H].[H],,,"CCc1nc(C(N)=O)c(Nc2ccc(N3CCC(N4CCN(C)CC4)CC3)c(OC)c2)nc1NC1CCOCC1.[H].[H].[H].[H] |^1:40,41,42,43|"
giredestrant_cid121410806,,,giredestrant_cid121410806.png,high,high,0.8889168071963894,exact,Giredestrant,Giredestrant,1.0,37,37,exact,exact,Giredestrant,False,False,False,False,1.0,True,True,0,1,,,,C[C@@H]1Cc2c([nH]c3ccccc23)[C@@H](c2c(F)cc(NC3CN(CCCF)C3)cc2F)N1CC(F)(F)CO
givinostat_cid9804992,,,givinostat_cid9804992.png,high,high,0.8997201133260393,exact,Givinostat,Givinostat,1.0,31,31,exact,exact,Givinostat,False,False,False,False,1.0,True,True,0,1,,,,CCN(CC)Cc1ccc2cc(COC(=O)Nc3ccc(C(=O)NO)cc3)ccc2c1
glasdegib_cid25166913,,,glasdegib_cid25166913.png,low,low,0.6431825448498977,wrong,,Glasdegib,0.983,28,28,stereo,stereo,Glasdegib,False,True,False,False,1.0,False,False,2,3,[H].[H],,,"[H].[H].[H][C@@]1(c2nc3ccccc3[nH]2)C[C@H](NC(=O)Nc2ccc(C#N)cc2)CCN1C |^1:0,1|"
glutaraldehyde_cid3485,,,glutaraldehyde_cid3485.png,high,high,0.8692305705847708,exact,Glutaraldehyde,Glutaraldehyde,1.0,7,7,exact,exact,Glutaraldehyde,False,False,False,False,1.0,True,True,0,1,,,,[H]C(=O)CCCC([H])=O
glycolic_acid_cid757,,,glycolic_acid_cid757.png,high,high,0.9018940909650369,exact,Glycolic Acid,Glycolic Acid,1.0,5,5,exact,exact,Glycolic Acid,False,False,False,False,1.0,True,True,0,1,,,,[H]OCC(=O)O[H]
gonadorelin_cid638793,,,gonadorelin_cid638793.png,low,low,0.1098482958765641,stereo,Gonadorelin,Gonadorelin,1.0,85,85,stereo,stereo,Gonadorelin,False,False,False,False,1.0,True,True,0,1,,,,[H]N/C(N)=N\CCC[C@H](NC(=O)[C@H](CC(C)C)NC(=O)CNC(=O)C(Cc1ccc(O)cc1)NC(=O)[C@H](CO)NC(=O)[C@@H](Cc1c[nH]c2ccccc12)NC(=O)[C@H](Cc1cnc[nH]1)NC(=O)[C@@H]1CCC(=O)N1)C(=O)N1CCC[C@H]1C(=O)NCC(N)=O
grazoprevir_cid44603531,,,grazoprevir_cid44603531.png,low,low,6.454560728034575e-05,invalid,,,,,,invalid,invalid,,False,False,False,False,,False,,,,,,,[H]C12CCCCC3CN4=C5=C(C=C(OC)C=C5)N=C5(=NCC=COC)OC6789%10([H])C%11N%12%13(C6C%1176%14([H])C87[CH]%128%11%15C69[CH]7%1386(C%11%14%10)C%157=O=C6(=O)NC689%10C[CH]6(C=C)C8C(C6=O=C9(=O)NS89(=O)(=O)=O=S(=O=8)(N6)C6C8C6C896CC6)N7%10)C(=O)(=O)C6([H])NC(=O)O78C(NC([H])(CC)C6(C)(C)C)OC769([H])CC6([H])(CCCCCC=435)C19C28[H]
halofantrine_hydrochloride_cid37392,,,halofantrine_hydrochloride_cid37392.png,high,high,0.9152863836506323,exact,(+-)-Halofantrine hydrochloride,(+-)-Halofantrine hydrochloride,1.0,34,34,exact,exact,(+-)-Halofantrine hydrochloride,False,False,False,False,1.0,True,True,0,2,,,,CCCCN(CCCC)CCC(O)c1cc2c(Cl)cc(Cl)cc2c2cc(C(F)(F)F)ccc12.[H]Cl
haloprogin_cid3561,,,haloprogin_cid3561.png,high,high,0.8511980565281371,exact,Haloprogin,Haloprogin,1.0,14,14,exact,exact,Haloprogin,False,False,False,False,1.0,True,True,0,1,,,,Clc1cc(Cl)c(OCC#CI)cc1Cl
henagliflozin_cid56832738,,,henagliflozin_cid56832738.png,high,high,0.8446534509760646,wrong,,Henagliflozin,0.983,31,31,exact,exact,Henagliflozin,False,True,False,False,1.0,False,False,6,5,[HH].[HH].[H].[H],,,"CCOc1ccc(Cc2cc([C@@]34OC[C@@](CO)(O3)[C@@H](O)[C@H](O)[C@H]4O)ccc2Cl)cc1F.[HH].[HH].[H].[H] |^1:33,34|"
hexachlorocyclohexane_cid727,,,hexachlorocyclohexane_cid727.png,high,high,0.8717184961234564,exact,Hexachlorocyclohexane,Hexachlorocyclohexane,1.0,12,12,exact,exact,Hexachlorocyclohexane,False,False,False,False,1.0,True,True,0,1,,,,ClC1C(Cl)C(Cl)C(Cl)C(Cl)C1Cl
hexestrol_cid192197,,,hexestrol_cid192197.png,low,low,0.817848995990127,wrong,,Hexestrol,0.95,20,20,exact,exact,Hexestrol,False,True,False,False,1.0,False,False,4,3,[HH].[HH],,,CC[C@H](c1ccc(O)cc1)[C@@H](CC)c1ccc(O)cc1.[HH].[HH]
hexoprenaline_cid3609,,,hexoprenaline_cid3609.png,high,high,0.9090375924725067,exact,Hexoprenaline,Hexoprenaline,1.0,30,30,exact,exact,Hexoprenaline,False,False,False,False,1.0,True,True,0,1,,,,Oc1ccc(C(O)CNCCCCCCNCC(O)c2ccc(O)c(O)c2)cc1O
histrelin_cid25077993,,,histrelin_cid25077993.png,low,low,0.1396185809375264,wrong,,Histrelin,0.743,92,96,wrong,wrong,,False,False,False,False,0.743,False,False,6,1,,,,[H]OC[C@H](NC(=O)[C@H](CC/C([H])=C/C=C\C)NC(=O)[C@H](Cc1cnc[nH]1)NC(=O)[C@@H]1CCC(=O)N1)C(=O)N[C@@H](Cc1ccc(O)cc1)C(=O)N[C@H](Cc1cn(Cc2ccccc2)cn1)C(=O)N[C@@H](CC(C)C)C(=O)N([H])[C@@H](CCC/N=C(/[H])N)C(=O)N1CCC[C@H]1C(=O)NCC
iberdomide_cid67335295,,,iberdomide_cid67335295.png,high,high,0.9116012182968994,exact,Iberdomide,Iberdomide,1.0,33,33,exact,exact,Iberdomide,False,False,False,False,1.0,True,True,0,1,,,,O=C1CC[C@H](N2Cc3c(OCc4ccc(CN5CCOCC5)cc4)cccc3C2=O)C(=O)N1
iclepertin_cid155259577,,,iclepertin_cid155259577.png,high,high,0.8787667556241986,exact,Iclepertin,Iclepertin,1.0,34,34,exact,exact,Iclepertin,False,False,False,False,1.0,True,True,0,1,,,,[H][C@]12CN(C(=O)c3cc(S(C)(=O)=O)ccc3O[C@H](C)C(F)(F)F)C[C@@]1(c1cc(C(F)(F)F)on1)C2
icotinib_cid22024915,,,icotinib_cid22024915.png,high,high,0.8938193175081067,wrong,,Icotinib,0.979,29,29,exact,exact,Icotinib,False,True,False,False,1.0,False,False,1,2,[H],,,C#Cc1cccc(Nc2ncnc3cc4c(cc23)OCCOCCOCCO4)c1.[H] |^1:29|
idarubicin_cid42890,,,idarubicin_cid42890.png,high,high,0.8654263393085035,wrong,,Idarubicin,1.0,36,36,exact,exact,Idarubicin,False,True,False,False,1.0,False,False,1,2,[H],,,[H].[H]N[C@H]1C[C@H](O[C@H]2C[C@](O)(C(C)=O)Cc3c(O[H])c4c(c(O[H])c32)C(=O)c2ccccc2C4=O)O[C@@H](C)[C@H]1O[H] |^1:0|
idelalisib_cid11625818,,,idelalisib_cid11625818.png,high,high,0.9150130437920153,exact,Idelalisib,Idelalisib,1.0,31,31,exact,exact,Idelalisib,False,False,False,False,1.0,True,True,0,1,,,,CC[C@H](Nc1ncnc2nc[nH]c12)c1nc2cccc(F)c2c(=O)n1-c1ccccc1
ilaprazole_cid214351,,,ilaprazole_cid214351.png,high,high,0.9112415343466563,exact,Ilaprazole,Ilaprazole,1.0,26,26,exact,exact,Ilaprazole,False,False,False,False,1.0,True,True,0,1,,,,COc1ccnc(CS(=O)c2nc3ccc(-n4cccc4)cc3[nH]2)c1C
iloperidone_cid71360,,,iloperidone_cid71360.png,high,high,0.9018601199507693,exact,Iloperidone,Iloperidone,1.0,31,31,exact,exact,Iloperidone,False,False,False,False,1.0,True,True,0,1,,,,COc1cc(C(C)=O)ccc1OCCCN1CCC(c2noc3cc(F)ccc23)CC1
imeglimin_cid24812808,,,imeglimin_cid24812808.png,high,high,0.8927276772485179,exact,Imeglimin,Imeglimin,1.0,11,11,exact,exact,Imeglimin,False,False,False,False,1.0,True,True,0,1,,,,[H]N([H])C1=N[C@@H](C)N=C(N(C)C)N1[H]
indacaterol_cid6918554,,,indacaterol_cid6918554.png,high,high,0.8888004035854566,wrong,,Indacaterol,0.98,29,29,exact,exact,Indacaterol,False,True,False,False,1.0,False,False,2,3,[H].[H],,,"[H].[H].[H]n1c(=O)ccc2c([C@@H](O)CNC3Cc4cc(CC)c(CC)cc4C3)ccc(O)c21 |^1:0,1|"
indoximod_cid405012,,,indoximod_cid405012.png,high,high,0.8531817807678311,exact,Indoximod,Indoximod,1.0,16,16,exact,exact,Indoximod,False,False,False,False,1.0,True,True,0,1,,,,[H]N[C@H](Cc1cn(C)c2ccccc12)C(=O)O[H]
infigratinib_cid53235510,,,infigratinib_cid53235510.png,high,high,0.9057549675225365,exact,Infigratinib,Infigratinib,1.0,38,38,exact,exact,Infigratinib,False,False,False,False,1.0,True,True,0,1,,,,CCN1CCN(c2ccc(Nc3cc(N(C)C(=O)Nc4c(Cl)c(OC)cc(OC)c4Cl)ncn3)cc2)CC1
ipragliflozin_cid10453870,,,ipragliflozin_cid10453870.png,high,high,0.9043500345867043,exact,Ipragliflozin,Ipragliflozin,1.0,28,28,exact,exact,Ipragliflozin,False,False,False,False,1.0,True,True,0,1,,,,[H]OC[C@H]1O[C@@H](c2ccc(F)c(Cc3cc4ccccc4s3)c2)[C@H](O[H])[C@@H](O[H])[C@@H]1O[H]
isavuconazole_cid6918485,,,isavuconazole_cid6918485.png,high,high,0.8964602832060454,exact,Isavuconazole,Isavuconazole,1.0,31,31,exact,exact,Isavuconazole,False,False,False,False,1.0,True,True,0,1,,,,C[C@@H](c1nc(-c2ccc(C#N)cc2)cs1)[C@](O)(Cn1cncn1)c1cc(F)ccc1F
isepamicin_cid3037209,,,isepamicin_cid3037209.png,low,low,0.6157062526197891,wrong,,Isepamicin,1.0,39,39,exact,exact,Isepamicin,False,True,False,False,1.0,False,False,11,12,[H].[H].[H].[H].[H].[H].[H].[H].[H].[H].[H],,,"[H].[H].[H].[H].[H].[H].[H].[H].[H].[H].[H].[H]NC[C@H]1O[C@H](O[C@H]2[C@H](O)[C@@H](O[C@H]3OC[C@](C)(O)[C@H](NC)[C@H]3O)[C@H](NC(=O)[C@@H](O)CN)C[C@@H]2N)[C@H](O[H])[C@@H](O)[C@@H]1O[H] |^1:0,1,2,3,4,5,6,7,8,9,10|"
ivabradine_hydrochloride_cid3045381,,,ivabradine_hydrochloride_cid3045381.png,high,low,0.9040861460700648,invalid,,,,,,invalid,invalid,,False,False,False,False,,False,,,,,,,COC1=C(OC)C=C2CC(=O)N(CCCN(C)CC3CC4=CC(OC)=C(OC)C=C43)CCC2=C1.[H][Cl-]
ivermectin_b1a_cid6321424,,,ivermectin_b1a_cid6321424.png,low,low,0.130197763686164,stereo,Ivermectin B1a,Ivermectin B1a,1.0,62,62,stereo,stereo,Ivermectin B1a,False,False,False,False,1.0,True,True,0,1,,,,[H]/C1=C(/C)[C@@H](O[C@H]2C[C@@H](OC)[C@@H](O[C@H]3C[C@H](OC)[C@@H](O)[C@H](C)O3)[C@H](C)O2)[C@@H](C)/C([H])=C([H])/C([H])=C2\CO[C@]3([H])[C@H](O)C(C)=C[C@@]([H])(C(=O)O[C@]4([H])C[C@]([H])(C1)O[C@@]1(CC[C@H](C)[C@]([H])([C@@H](C)CC)O1)C4)[C@]23O
ketoconazole_cid47576,,,ketoconazole_cid47576.png,high,high,0.903392040338552,exact,Ketoconazole,Ketoconazole,1.0,36,36,exact,exact,Ketoconazole,False,False,False,False,1.0,True,True,0,1,,,,CC(=O)N1CCN(c2ccc(OC[C@@H]3CO[C@@](Cn4ccnc4)(c4ccc(Cl)cc4Cl)O3)cc2)CC1
ketoprofen_cid3825,,,ketoprofen_cid3825.png,high,high,0.9000536164238356,exact,Ketoprofen,Ketoprofen,1.0,19,19,exact,exact,Ketoprofen,False,False,False,False,1.0,True,True,0,1,,,,[H]OC(=O)C(C)c1cccc(C(=O)c2ccccc2)c1
l_folinic_acid_cid135398559,,,l_folinic_acid_cid135398559.png,high,high,0.8631812367579824,wrong,,L-Folinic acid,0.985,34,34,exact,exact,L-Folinic acid,False,True,False,False,1.0,False,False,6,6,[HH].[H].[H].[H].[H],,,"[HH].[H].[H].[H].[H].[H]C(=O)N1c2c(nc(N)[nH]c2=O)NC[C@@H]1CNc1ccc(C(=O)N[C@@H](CCC(=O)O)C(=O)O)cc1 |^1:1,2,3,4|"
lacosamide_cid219078,,,lacosamide_cid219078.png,high,high,0.9012831058487981,exact,Lacosamide,Lacosamide,1.0,18,18,exact,exact,Lacosamide,False,False,False,False,1.0,True,True,0,1,,,,COC[C@@H](NC(C)=O)C(=O)NCc1ccccc1
lactic_acid_cid612,,,lactic_acid_cid612.png,high,high,0.8766951468687084,exact,Lactic Acid,Lactic Acid,1.0,6,6,exact,exact,Lactic Acid,False,False,False,False,1.0,True,True,0,1,,,,[H]OC(=O)C([H])(C)O[H]
landiolol_hydrochloride_cid164457,,,landiolol_hydrochloride_cid164457.png,low,low,0.4628049648578243,stereo,Landiolol Hydrochloride,Landiolol Hydrochloride,1.0,37,37,stereo,stereo,Landiolol Hydrochloride,False,False,False,False,1.0,True,True,0,2,,,,CC1(C)OC[C@@H](COC(=O)CCc2ccc(OC[C@H](O)CNCCNC(=O)N3CCOCC3)cc2)O1.[H]Cl
larotrectinib_cid46188928,,,larotrectinib_cid46188928.png,high,high,0.894326725583088,wrong,,Larotrectinib,1.0,31,31,exact,exact,Larotrectinib,False,True,False,False,1.0,False,False,2,3,[H].[H],,,"O=C(Nc1cnn2ccc(N3CCC[C@@H]3c3cc(F)ccc3F)nc12)N1CC[C@H](O)C1.[H].[H] |^1:31,32|"
lasmiditan_cid11610526,,,lasmiditan_cid11610526.png,high,high,0.8936188495579044,exact,Lasmiditan,Lasmiditan,1.0,27,27,exact,exact,Lasmiditan,False,False,False,False,1.0,True,True,0,1,,,,CN1CCC(C(=O)c2cccc(NC(=O)c3c(F)cc(F)cc3F)n2)CC1
lenacapavir_cid133082658,,,lenacapavir_cid133082658.png,high,high,0.8934679093376438,exact,Lenacapavir,Lenacapavir,1.0,64,64,exact,exact,Lenacapavir,False,False,False,False,1.0,True,True,0,1,,,,[H][C@@]12C[C@]1([H])c1c(C(F)(F)F)nn(CC(=O)N[C@@H](Cc3cc(F)cc(F)c3)c3nc(C#CC(C)(C)S(C)(=O)=O)ccc3-c3ccc(Cl)c4c(NS(C)(=O)=O)nn(CC(F)(F)F)c34)c1C2(F)F
lenvatinib_cid9823820,,,lenvatinib_cid9823820.png,high,high,0.9079875153007796,exact,Lenvatinib,Lenvatinib,1.0,30,30,exact,exact,Lenvatinib,False,False,False,False,1.0,True,True,0,1,,,,COc1cc2nccc(Oc3ccc(NC(=O)NC4CC4)c(Cl)c3)c2cc1C(N)=O
levobunolol_cid39468,,,levobunolol_cid39468.png,high,high,0.8931829544083237,exact,Levobunolol,Levobunolol,1.0,21,21,exact,exact,Levobunolol,False,False,False,False,1.0,True,True,0,1,,,,CC(C)(C)NC[C@H](O)COc1cccc2c1CCCC2=O
levodropropizine_cid65859,,,levodropropizine_cid65859.png,high,high,0.8883016144986292,wrong,,Levodropropizine,0.967,17,17,exact,exact,Levodropropizine,False,True,False,False,1.0,False,False,1,2,[H],,,[H].[H]OC[C@@H](O)CN1CCN(c2ccccc2)CC1 |^1:0|
levosimendan_cid3033825,,,levosimendan_cid3033825.png,high,high,0.8902001967620246,exact,Levosimendan,Levosimendan,1.0,21,21,exact,exact,Levosimendan,False,False,False,False,1.0,True,True,0,1,,,,C[C@@H]1CC(=O)NN=C1c1ccc(NN=C(C#N)C#N)cc1
linaclotide_cid16158208,,,linaclotide_cid16158208.png,low,low,9.202823707833036e-06,invalid,,,,,,invalid,invalid,,False,False,False,False,,False,,,,,,,O.[H]C1C(=O)N2[CH]3(NC(C)=O)[CH](C(N)=O)(NC4=O=C(=O)(NC(CC5=CC=C(O)C=C5)C(=O)O)C4C=CSC=C(N)C14C(=O)N4C([H])(CSSCCC(N)C(=O)NC1([H])CN4[CH]56CC78C(O)=O=C7(=O)(O)CC85[CH]46NC1=O)C(=O)NC(CC(N)=O)C(=O)N1CCCC1([H])C(=O)N[CH]C)[CH]1(C)O[CH]213C(N)=O
linifanib_cid11485656,,,linifanib_cid11485656.png,high,high,0.8665649815916315,wrong,,Linifanib,0.963,28,28,exact,exact,Linifanib,False,True,False,False,1.0,False,False,9,6,[HH].[HH].[HH].[HH].[H],,,Cc1ccc(F)c(NC(=O)Nc2ccc(-c3cccc4[nH]nc(N)c34)cc2)c1.[HH].[HH].[HH].[HH].[H] |^1:32|
lipid_a_504_cid10877033,,,lipid_a_504_cid10877033.png,low,low,3.570770346582238e-16,invalid,,,,,,invalid,invalid,,False,False,False,False,,False,,,,,,,C=C(C)O1C2[CH]([CH]OC3[CH]O3C3C=C(O)C4[CH]5(OC6CC7(C(O)C7CCCCCCCCCC)C7CO[CH]789CC8C659)[CH]5678OC9CC(CCCCCCCCCCC)CCC%10CCC%10C95[CH]659%10OC576(C9=CC=CC3[CH]468)[CH]%10(O)CCC(O)C3CC3)(C(=O)O)[CH]21C.CCCCCCCCCCCCCCNCCCCCC1C2C34C5C3C1254
lisaftoclax_cid137355972,,,lisaftoclax_cid137355972.png,high,high,0.9005279299039259,exact,Lisaftoclax,Lisaftoclax,1.0,62,62,exact,exact,Lisaftoclax,False,False,False,False,1.0,True,True,0,1,,,,O=C(NS(=O)(=O)c1ccc(NC[C@H]2COCCO2)c([N+](=O)[O-])c1)c1ccc(N2CCN(CC3=C(c4ccc(Cl)cc4)CC4(CCC4)CC3)CC2)cc1Oc1cnc2[nH]ccc2c1
lorcaserin_hydrochloride_cid11673085,,,lorcaserin_hydrochloride_cid11673085.png,high,high,0.9026000994988358,exact,Lorcaserin Hydrochloride,Lorcaserin Hydrochloride,1.0,14,14,exact,exact,Lorcaserin Hydrochloride,False,False,False,False,1.0,True,True,0,2,,,,C[C@H]1CNCCc2ccc(Cl)cc21.[H]Cl
lotilaner_cid76959255,,,lotilaner_cid76959255.png,high,high,0.8986506961714229,exact,Lotilaner,Lotilaner,1.0,36,36,exact,exact,Lotilaner,False,False,False,False,1.0,True,True,0,1,,,,[H]N(CC(=O)NCC(F)(F)F)C(=O)c1sc(C2=NO[C@@](c3cc(Cl)c(Cl)c(Cl)c3)(C(F)(F)F)C2)cc1C
luliconazole_cid3003141,,,luliconazole_cid3003141.png,high,high,0.9013427206558544,wrong,,Luliconazole,0.655,21,21,wrong,wrong,,False,False,False,False,0.655,False,False,0,1,,,,N#C/C(=C1/SC[C@@H](c2ccc(Cl)cc2Cl)[S-]1)n1ccnc1 |^1:15|
lumacaftor_cid16678941,,,lumacaftor_cid16678941.png,high,high,0.9075649527740406,exact,Lumacaftor,Lumacaftor,1.0,33,33,exact,exact,Lumacaftor,False,False,False,False,1.0,True,True,0,1,,,,Cc1ccc(NC(=O)C2(c3ccc4c(c3)OC(F)(F)O4)CC2)nc1-c1cccc(C(=O)O)c1
lumefantrine_cid6437380,,,lumefantrine_cid6437380.png,high,high,0.9100375262271667,exact,Lumefantrine,Lumefantrine,1.0,35,35,exact,exact,Lumefantrine,False,False,False,False,1.0,True,True,0,1,,,,[H]/C(=C1\c2cc(Cl)ccc2-c2c1cc(Cl)cc2C(O)CN(CCCC)CCCC)c1ccc(Cl)cc1
lurasidone_hydrochloride_cid11237860,,,lurasidone_hydrochloride_cid11237860.png,low,low,0.1536196577605353,invalid,,,,,,invalid,invalid,,False,False,False,False,,False,,,,,,,[H]C12C(=O)N(CC3CCCCC3CN3CCN(C4=NSC5=CC=CC=C54)CC3)C(=O)C1([H])C13([H])CC4C1CC42([H])C3.[H]Cl
lurtotecan_cid60956,,,lurtotecan_cid60956.png,high,high,0.8946512663037111,exact,Lurtotecan,Lurtotecan,1.0,38,38,exact,exact,Lurtotecan,False,False,False,False,1.0,True,True,0,1,,,,CC[C@@]1(O)C(=O)OCc2c1cc1n(c2=O)Cc2c-1nc1cc3c(cc1c2CN1CCN(C)CC1)OCCO3
luseogliflozin_cid11988953,,,luseogliflozin_cid11988953.png,high,high,0.8734140320996897,wrong,,Luseogliflozin,0.98,30,30,exact,exact,Luseogliflozin,False,True,False,False,1.0,False,False,5,5,[HH].[H].[H].[H],,,"[HH].[H].[H].[H].[H][C@@]1(c2cc(Cc3ccc(OCC)cc3)c(C)cc2OC)S[C@H](CO)[C@@H](O)[C@H](O)[C@H]1O |^1:1,2,3|"
lypressin_cid644076,,,lypressin_cid644076.png,low,low,0.6201770218257153,wrong,,Lypressin,0.415,68,73,wrong,wrong,,False,False,False,False,0.415,False,False,12,1,,,,[H]NCCCC[C@H](NC(=O)[C@@H]1CCCN1C(=O)[C@H](CS)NC(=O)[C@H](CC(N)=O)NC(=O)[C@H](CCC(N)=O)NC(=O)[CH]NC(=O)[C@H](Cc1ccc(O)cc1)NC(=O)C1(N)CSC1S)C(=O)NCC(=O)N[H] |^1:40|
macitentan_cid16004692,,,macitentan_cid16004692.png,high,high,0.9040512973416432,exact,Macitentan,Macitentan,1.0,32,32,exact,exact,Macitentan,False,False,False,False,1.0,True,True,0,1,,,,CCCNS(=O)(=O)Nc1ncnc(OCCOc2ncc(Br)cn2)c1-c1ccc(Br)cc1
mafodotin_cid56949327,,,mafodotin_cid56949327.png,low,low,0.1322463070174034,wrong,,Mafodotin,0.833,65,66,wrong,wrong,,False,False,False,False,0.833,False,False,5,1,,,,[H][C@]1([C@@H](OC)[C@@H](C)C(=O)N[C@@H](Cc2ccccc2)C(=O)O)CCCN1C(=O)CC(=O)[C@H]([C@@H](C)CC)N(C)C(=O)[C@@H](NC(=O)[C@H](C(C)C)N(C)C(=O)CCCCCN1C(=O)C=CC1=O)C(C)C
maribavir_cid471161,,,maribavir_cid471161.png,high,high,0.9093809214667566,exact,Maribavir,Maribavir,1.0,24,24,exact,exact,Maribavir,False,False,False,False,1.0,True,True,0,1,,,,[H]OC[C@@H]1O[C@H](n2c(NC(C)C)nc3cc(Cl)c(Cl)cc32)[C@@H](O[H])[C@H]1O[H]
mavacamten_cid117761397,,,mavacamten_cid117761397.png,high,high,0.891015870685069,exact,Mavacamten,Mavacamten,1.0,20,20,exact,exact,Mavacamten,False,False,False,False,1.0,True,True,0,1,,,,[H]N(c1cc(=O)n(C(C)C)c(=O)n1[H])[C@@H](C)c1ccccc1
maxacalcitol_cid6398761,,,maxacalcitol_cid6398761.png,low,low,0.7051701769125464,wrong,,Maxacalcitol,0.983,30,30,exact,exact,Maxacalcitol,False,True,False,False,1.0,False,False,4,4,[HH].[H].[H],,,"[HH].[H].[H].[H]C(=C1\C[C@@H](O)C[C@H](O)C1=C)/C([H])=C1\CCC[C@@]2(C)[C@@]1([H])CC[C@]2([H])[C@H](C)OCCC(C)(C)O |^1:1,2|"
mebeverine_hydrochloride_cid17683,,,mebeverine_hydrochloride_cid17683.png,high,high,0.9058012439164635,exact,Mebeverine Hydrochloride,Mebeverine Hydrochloride,1.0,32,32,exact,exact,Mebeverine Hydrochloride,False,False,False,False,1.0,True,True,0,2,,,,CCN(CCCCOC(=O)c1ccc(OC)c(OC)c1)C(C)Cc1ccc(OC)cc1.[H]Cl
mechlorethamine_cid4033,,,mechlorethamine_cid4033.png,high,high,0.8749962889983306,exact,Mechlorethamine,Mechlorethamine,1.0,8,8,exact,exact,Mechlorethamine,False,False,False,False,1.0,True,True,0,1,,,,CN(CCCl)CCCl
meclofenamic_acid_cid4037,,,meclofenamic_acid_cid4037.png,high,high,0.8849552177559651,exact,Meclofenamic Acid,Meclofenamic Acid,1.0,19,19,exact,exact,Meclofenamic Acid,False,False,False,False,1.0,True,True,0,1,,,,Cc1ccc(Cl)c(Nc2ccccc2C(=O)O)c1Cl
melphalan_cid460612,,,melphalan_cid460612.png,high,high,0.8765143799349049,wrong,,Melphalan,0.97,19,19,exact,exact,Melphalan,False,True,False,False,1.0,False,False,2,3,[H].[H],,,"N[C@@H](Cc1ccc(N(CCCl)CCCl)cc1)C(=O)O.[H].[H] |^1:19,20|"
menadione_cid4055,,,menadione_cid4055.png,high,high,0.870739339548159,exact,Menadione,Menadione,1.0,13,13,exact,exact,Menadione,False,False,False,False,1.0,True,True,0,1,,,,CC1=CC(=O)c2ccccc2C1=O
mertansine_cid11343137,,,mertansine_cid11343137.png,low,low,0.6008313778798682,stereo,Mertansine,Mertansine,1.0,50,50,stereo,stereo,Mertansine,False,False,False,False,1.0,True,True,0,1,,,,[H]C1=C(/C)Cc2cc(OC)c(Cl)c(c2)N(C)C(=O)C[C@H](OC(=O)[C@H](C)N(C)C(=O)CCS)[C@]2(C)O[C@]2([H])[C@H](C)[C@@]2([H])C[C@@](O)(NC(=O)O2)[C@H](OC)\C([H])=C\1[H]
mestranol_cid6291,,,mestranol_cid6291.png,low,low,0.4782115480970504,wrong,,Mestranol,0.979,23,23,stereo,stereo,Mestranol,False,True,False,False,1.0,False,False,1,2,[H],,,[H].[H][C@@]12CCc3cc(OC)ccc3[C@@]1([H])CC[C@@]1(C)[C@]2([H])CC[C@@]1(O)C#C |^1:0|
methoxyflurane_cid4116,,,methoxyflurane_cid4116.png,high,high,0.8465283165686144,exact,Methoxyflurane,Methoxyflurane,1.0,8,8,exact,exact,Methoxyflurane,False,False,False,False,1.0,True,True,0,1,,,,COC(F)(F)C(Cl)Cl
methscopolamine_bromide_cid5459110,,,methscopolamine_bromide_cid5459110.png,low,low,0.4988126839130236,invalid,,,,,,invalid,invalid,,False,False,False,False,,False,,,,,,,[Br-].[H]CC(C(=O)OC12CC3([H])C4OC4C3([H])N(C)(C)C([H])(C1)C2)C1=CC=CC=C1
methyl_o_2_3_4_tri_o_methyl_6_o_sulfo_alpha_d_glucopyranosyl_cid3083445,,,methyl_o_2_3_4_tri_o_methyl_6_o_sulfo_alpha_d_glucopyranosyl_cid3083445.png,low,low,0.007165731951761779,invalid,,,,,,invalid,invalid,,False,False,False,False,,False,,,,,,,[CH]O([CH]C(CO[Si](O)(O)O)O[CH]OC1C(C(=O)O)OC(OC2C(CO)OC(OC)C(O)C2O[SH](=O)(O)O)C(OC)C1OC)[CH]1(OC2OC(C(=O)O)C(OC3OC(CO)C(OC)C(OC)C3OC)C(OC)C2OC)C(CO[Si](O)O)OC2O[Si](O)(O)OSOC2C1O
methyldigoxin_cid443946,,,methyldigoxin_cid443946.png,low,low,0.179671880063164,wrong,,Methyldigoxin,0.766,57,56,wrong,wrong,,False,False,False,False,0.766,False,False,1,1,,,,[H]O[C@@H]1C[C@@]2([H])[C@@]3(C)CC[C@@H](O[C@@H]4C[C@H](O)[C@H](O[C@@H]5C[C@H](O)[C@H](O[C@@H]6C[C@H](O)[C@H](OC)[C@@H](C)O6)[C@@H](C)O5)[C@@H](C)O4)C[C@@]3([H])CC[C@@]2(O[H])[C@@]2(O[H])CC[C@H](C3=CC(=O)OC3)[C@@]12C
methyldopa_cid38853,,,methyldopa_cid38853.png,high,high,0.8561463236573756,wrong,,Methyldopa,0.967,15,15,exact,exact,Methyldopa,False,True,False,False,1.0,False,False,2,3,[H].[H],,,"[H].[H].[H]N[C@@](C)(Cc1ccc(O)c(O[H])c1)C(=O)O |^1:0,1|"
methylergometrine_cid8226,,,methylergometrine_cid8226.png,low,low,0.7906868587809562,exact,Methylergometrine,Methylergometrine,1.0,25,25,exact,exact,Methylergometrine,False,False,False,False,1.0,True,True,0,1,,,,[H]OC[C@H](CC)NC(=O)[C@@H]1C=C2c3cccc4[nH]cc(c34)C[C@@]2([H])N(C)C1
methylnaltrexone_bromide_cid5361917,,,methylnaltrexone_bromide_cid5361917.png,low,low,0.3057031494577519,exact,Methylnaltrexone Bromide,Methylnaltrexone Bromide,1.0,27,27,exact,exact,Methylnaltrexone Bromide,False,False,False,False,1.0,True,True,0,2,,,,[Br-].[H]O[C@@]12CCC(=O)[C@]3([H])Oc4c(O)ccc5c4[C@]13CC[N+](C)(CC1CC1)[C@]2([H])C5
methyltestosterone_cid6010,,,methyltestosterone_cid6010.png,high,high,0.8529144413998114,wrong,,Methyltestosterone,0.974,22,22,exact,exact,Methyltestosterone,False,True,False,False,1.0,False,False,1,2,[H],,,[H].[H][C@@]12CCC3=CC(=O)CC[C@]3(C)[C@@]1([H])CC[C@@]1(C)[C@@]2([H])CC[C@]1(C)O |^1:0|
metra_cid120608,,,metra_cid120608.png,low,low,0.5310022947906438,wrong,,Metra,0.973,24,24,stereo,stereo,Metra,False,True,False,False,1.0,False,False,5,7,[H].[H].[H].[H].[H],,,"C[C@H]1[C@H](c2ccccc2)OCCN1C.O=C(O)[C@@H](O)[C@@H](O)C(=O)O.[H].[H].[H].[H].[H] |^1:24,25,26,27,28|"
mezigdomide_cid137379043,,,mezigdomide_cid137379043.png,high,high,0.9052911905643393,exact,Mezigdomide,Mezigdomide,1.0,42,42,exact,exact,Mezigdomide,False,False,False,False,1.0,True,True,0,1,,,,N#Cc1ccc(N2CCN(Cc3ccc(COc4cccc5c4CN([C@H]4CCC(=O)NC4=O)C5=O)cc3)CC2)c(F)c1
mezlocillin_cid656511,,,mezlocillin_cid656511.png,high,high,0.8957146655553472,exact,Mezlocillin,Mezlocillin,1.0,36,36,exact,exact,Mezlocillin,False,False,False,False,1.0,True,True,0,1,,,,[H][C@]12SC(C)(C)[C@H](C(=O)O)N1C(=O)[C@H]2NC(=O)[C@H](NC(=O)N1CCN(S(C)(=O)=O)C1=O)c1ccccc1
miconazole_nitrate_cid68553,,,miconazole_nitrate_cid68553.png,low,low,0.8007633401765516,wrong,,Miconazole Nitrate,1.0,33,29,exact,exact,Miconazole Nitrate,False,False,True,False,1.0,False,False,5,3,,O=[N+]([O-])O,,O=[N+]([O-])O.O=[N+]([O-])O.[H]C(Cn1ccnc1)(OCc1ccc(Cl)cc1Cl)c1ccc(Cl)cc1Cl
midodrine_hydrochloride_cid18340,,,midodrine_hydrochloride_cid18340.png,high,high,0.8777952611107471,exact,Midodrine Hydrochloride,Midodrine Hydrochloride,1.0,19,19,exact,exact,Midodrine Hydrochloride,False,False,False,False,1.0,True,True,0,2,,,,[H]Cl.[H]NCC(=O)NCC(O[H])c1cc(OC)ccc1OC
mifamurtide_anhydrous_cid123133557,,,mifamurtide_anhydrous_cid123133557.png,low,low,1.47894149723181e-06,invalid,,,,,,invalid,invalid,,False,False,False,False,,False,,,,,,,CCCCCCCCCCCCCCCC1=O=C(=O)(CCCCCCCCCCCCCCC)CC(O[C](=O)[Na])O1.[H]C(=O)C(NC(C)=O)C(OC(C)C(=O)NC(C)C(=O)NC(C(N)=O)C1C2C134N([CH])C23(=O)[CH]4123CCC(C(N)=O)CCC1(=O)N[CH](C)(CNCCOC1(=O)=O=[C]1[Na])C2C(C)(C(=O)NCCOC1=O=[C]1[Na])N3)C(O)C(O)CO
migalastat_cid176077,,,migalastat_cid176077.png,high,high,0.8927068526995278,wrong,,Migalastat,1.0,11,11,exact,exact,Migalastat,False,True,False,False,1.0,False,False,1,2,[H],,,[H].[H]O[C@@H]1[C@H](O[H])[C@@H](O[H])CN([H])[C@@H]1CO |^1:0|
miglitol_cid441314,,,miglitol_cid441314.png,high,high,0.8957092356583077,wrong,,Miglitol,1.0,14,14,exact,exact,Miglitol,False,True,False,False,1.0,False,False,1,2,[H],,,[H].[H]OCCN1C[C@H](O[H])[C@@H](O[H])[C@H](O[H])[C@H]1CO |^1:0|
miglustat_cid51634,,,miglustat_cid51634.png,high,high,0.9009081281012398,exact,Miglustat,Miglustat,1.0,15,15,exact,exact,Miglustat,False,False,False,False,1.0,True,True,0,1,,,,[H]O[C@H]1[C@H](O[H])[C@@H](CO)N(CCCC)C[C@@H]1O[H]
milademetan_cid73297272,,,milademetan_cid73297272.png,low,low,0.5974255225274335,wrong,,Milademetan,0.814,43,42,wrong,wrong,,False,False,False,False,0.814,False,False,3,1,,,,CC1(C)CCC2(N[C@@H](C(=O)N[C@@H]3CC[C@@H](C(N)=O)OC3)[C@H](c3ccnc(Cl)c3F)[C@]23C(=O)Nc2cc(Cl)ccc23)C(=O)C1
milnacipran_hydrochloride_cid163701,,,milnacipran_hydrochloride_cid163701.png,high,high,0.8838149066608052,wrong,,Milnacipran Hydrochloride,0.973,19,19,exact,exact,Milnacipran Hydrochloride,False,True,False,False,1.0,False,False,4,4,[HH].[HH],,,CCN(CC)C(=O)[C@]1(c2ccccc2)C[C@@H]1CN.[HH].[HH].[H]Cl
milrinone_cid4197,,,milrinone_cid4197.png,high,high,0.9051944497022069,exact,Milrinone,Milrinone,1.0,16,16,exact,exact,Milrinone,False,False,False,False,1.0,True,True,0,1,,,,Cc1[nH]c(=O)c(C#N)cc1-c1ccncc1
milvexian_cid118277544,,,milvexian_cid118277544.png,low,low,0.0004302738935875536,invalid,,,,,,invalid,invalid,,False,False,False,False,,False,,,,,,,CC1CCC2C3CCC[CH]4567(C)CC8C4CCC(N4C=NC(C9=C(N%10C=C(Cl)N=N%10)C=CC(Cl)=C9)=CC4=O)C4=NC=CC9%10(=C4)=C4%11=C%12%13(=C9%14%15=C9%16=C=%10(=C=4=%14=%12(C=NN%15C(F)F)NC5(=O)(=O=C86N%13)=O=C17(=O)N9)(C=CC3C2N1C=NC(C2=C(N3C=C(Cl)N=N3)C=CC(Cl)=C2)=CC1=O)N(C(F)F)N=C%16)C=NN%11C(F)F
miocamycin_cid5282188,,,miocamycin_cid5282188.png,low,low,0.1071631793570464,stereo,Miocamycin,Miocamycin,1.0,63,63,stereo,stereo,Miocamycin,False,False,False,False,1.0,True,True,0,1,,,,[H]C(=O)C[C@H]1C[C@@H](C)[C@@H](OC(C)=O)/C([H])=C([H])/C([H])=C(\[H])C[C@@H](C)OC(=O)C[C@@H](OC(=O)CC)[C@H](OC)[C@@H]1O[C@H]1O[C@H](C)[C@@H](O[C@H]2C[C@@](C)(OC(C)=O)[C@H](OC(=O)CC)[C@H](C)O2)[C@H](N(C)C)[C@H]1O
mitiglinide_cid121891,,,mitiglinide_cid121891.png,high,high,0.897890843167448,exact,Mitiglinide,Mitiglinide,1.0,23,23,exact,exact,Mitiglinide,False,False,False,False,1.0,True,True,0,1,,,,[H]OC(=O)[C@H](CC(=O)N1C[C@]2([H])CCCC[C@]2([H])C1)Cc1ccccc1
mitotane_cid4211,,,mitotane_cid4211.png,high,high,0.9022086937311141,exact,Mitotane,Mitotane,1.0,18,18,exact,exact,Mitotane,False,False,False,False,1.0,True,True,0,1,,,,Clc1ccc(C(c2ccccc2Cl)C(Cl)Cl)cc1
mivacurium_chloride_cid5281080,,,mivacurium_chloride_cid5281080.png,low,low,0.5981879992531683,invalid,,,,,,invalid,invalid,,False,False,False,False,,False,,,,,,,[Cl-].[Cl-].[H]C(CCC(=O)OCCCN1(C)CCC2=CC(OC)=C(OC)C=C2C1CC1=CC(OC)=C(OC)C(OC)=C1)=C([H])CCC(=O)OCCC[N+]1(C)CCC(=CC(OC)=C(C)OC)CC1CC1=CC(OC)=C(OC)C(OC)=C1
ml_rr_s2_cda_sodium_salt_cid135390762,,,ml_rr_s2_cda_sodium_salt_cid135390762.png,low,low,0.6239186599214807,wrong,,ML RR-S2 CDA Sodium Salt,0.634,44,46,wrong,wrong,,False,False,False,False,0.634,False,False,6,9,[H].[H].[H].[H].[H].[H],[Na+],,"[H].[H].[H].[H].[H].[H].[H][C]1COP([O-])(=S)O[C@@]2([H])[C@@H](O)[C@H](n3cnc4c(N)ncnc43)O[C@]2([H])CO[P-](=O)([S-])O[C]([H])[C@H](n2cnc3c(N)ncnc32)O1.[Na+].[Na+] |^1:0,1,2,3,4,5,7,38|"
molsidomine_cid5353788,,,molsidomine_cid5353788.png,low,low,0.8010750528237219,invalid,,,,,,invalid,invalid,,False,False,False,False,,False,,,,,,,CCOC([O-])=NC1=CN(N2CCOCC2)=NO1
mometasone_furoate_cid441336,,,mometasone_furoate_cid441336.png,high,high,0.8546707650936177,exact,Mometasone Furoate,Mometasone Furoate,1.0,35,35,exact,exact,Mometasone Furoate,False,False,False,False,1.0,True,True,0,1,,,,[H]O[C@H]1C[C@@]2(C)[C@@]([H])(C[C@@H](C)[C@]2(OC(=O)c2ccco2)C(=O)CCl)[C@]2([H])CCC3=CC(=O)C=C[C@]3(C)[C@@]12Cl
monophosphoryl_lipid_a_cid24978548,,,monophosphoryl_lipid_a_cid24978548.png,low,low,4.173913346622959e-09,invalid,,,,,,invalid,invalid,,False,False,False,False,,False,,,,,,,*C1C2C#N#CC2C(CC)[CH]2(C)C(C=CC3C4C(CCCCCCCC)C34)C(C[CH]CC(CCCCC)NC(=O)CCCCCCCCCCCCC)C(CC[CH][CH]C)NC12.CCCCCCCCCCCC1CC(=O)(O)C1.CCCCCCCCCCCCCC(=O)NC(CCCCCCCCCCC)CCCCC1CC12C1C(CCCCCCC)C12 |$Me;;;;;;;;;;;;;;;;;;;;;;;;;;;;;;;;;;;;;;;;;;;;;;;;;;;;;;;;;;;;;;;;;;;;;;;;;;;;;;;;;;;;;;;;;;;;;;;;;;;;;;;;;;;;;;;;;;;;;;;;;;$|
morantel_tartrate_cid6433951,,,morantel_tartrate_cid6433951.png,high,high,0.8766568821274467,wrong,,Morantel Tartrate,0.978,25,25,exact,exact,Morantel Tartrate,False,True,False,False,1.0,False,False,2,4,[H].[H],,,"[H].[H].[H]/C(C1=NCCCN1C)=C(/[H])c1sccc1C.[H]OC(=O)[C@H](O)[C@@H](O)C(=O)O |^1:0,1|"
moroxydine_cid71655,,,moroxydine_cid71655.png,high,high,0.8665627164766246,wrong,,Moroxydine,0.75,12,12,charge,charge,Moroxydine,False,False,False,False,0.75,True,True,0,1,,,,[H]/N=C(\N=C(\N[H])N([H])[H])N1CCOCC1
mosapride_cid119584,,,mosapride_cid119584.png,high,high,0.899682855447117,wrong,,Mosapride,0.968,29,29,exact,exact,Mosapride,False,True,False,False,1.0,False,False,3,3,[HH].[H],,,CCOc1cc(N)c(Cl)cc1C(=O)NCC1CN(Cc2ccc(F)cc2)CCO1.[HH].[H] |^1:30|
muramyl_dipeptide_cid451714,,,muramyl_dipeptide_cid451714.png,low,low,0.8346688848290916,wrong,,Muramyl Dipeptide,1.0,34,34,exact,exact,Muramyl Dipeptide,False,True,False,False,1.0,False,False,8,7,[HH].[HH].[H].[H].[H].[H],,,"CC(=O)N[C@@H]1[C@@H](O[C@H](C)C(=O)N[C@@H](C)C(=O)N[C@H](CCC(=O)O)C(N)=O)[C@H](O)[C@@H](CO)O[C@H]1O.[HH].[HH].[H].[H].[H].[H] |^1:36,37,38,39|"
murepavadin_cid91824766,,,murepavadin_cid91824766.png,low,low,0.001009137480848927,invalid,,,,,,invalid,invalid,,False,False,False,False,,False,,,,,,,[H]NCCC1CN[CH]CNC(CO)CNC([H])CNC([H])CNC(C([H])(O)O)CNCC2=O3=C(CC4=CNC5=CC=CC=C45)N4C=35(=O)NC36789%10([H])[H]C4%11%12%13(C34%14CC5%116([H]7)(C4)C%14C)C834(=O5=C%12967=O=3=C=56%13%10(=O=4=7)C([H])([CH]CC)N2)N[CH]CN[CH]CN[CH]C(=O)NC(CCN[H])C(=O)N[CH]C(=O)N[CH]CN1
n_1r_2r_2_2_3_dihydro_1_4_benzodioxin_6_yl_2_hydroxy_1_1_pyr_cid23652731,,,n_1r_2r_2_2_3_dihydro_1_4_benzodioxin_6_yl_2_hydroxy_1_1_pyr_cid23652731.png,high,high,0.9079970837522277,exact,"N-((1R,2R)-2-(2,3-Dihydro-1,4-benzodioxin-6-yl)-2-hydroxy-1-(1-pyrrolidinylmethyl)ethyl)octanamide","N-((1R,2R)-2-(2,3-Dihydro-1,4-benzodioxin-6-yl)-2-hydroxy-1-(1-pyrrolidinylmethyl)ethyl)octanamide",1.0,29,29,exact,exact,"N-((1R,2R)-2-(2,3-Dihydro-1,4-benzodioxin-6-yl)-2-hydroxy-1-(1-pyrrolidinylmethyl)ethyl)octanamide",False,False,False,False,1.0,True,True,0,1,,,,CCCCCCCC(=O)N[C@H](CN1CCCC1)[C@H](O)c1ccc2c(c1)OCCO2
n_2r_2_3_dihydroxypropoxy_3_4_difluoro_2_2_fluoro_4_iodophen_cid9826528,,,n_2r_2_3_dihydroxypropoxy_3_4_difluoro_2_2_fluoro_4_iodophen_cid9826528.png,high,high,0.9000155350014771,wrong,,"N-((2R)-2,3-Dihydroxypropoxy)-3,4-difluoro-2-((2-fluoro-4-iodophenyl)amino)benzamide",0.961,26,26,exact,exact,"N-((2R)-2,3-Dihydroxypropoxy)-3,4-difluoro-2-((2-fluoro-4-iodophenyl)amino)benzamide",False,True,False,False,1.0,False,False,3,3,[HH].[H],,,[HH].[H].[H]O[C@H](CO)CONC(=O)c1ccc(F)c(F)c1Nc1ccc(I)cc1F |^1:1|
nafarelin_cid25077405,,,nafarelin_cid25077405.png,low,low,0.0007258799836267063,invalid,,,,,,invalid,invalid,,False,False,False,False,,False,,,,,,,CCCC1NC2=O=C3(NC(C(=O)NC(CCCN=C(N)N)C(=O)N4CCCC4C(=O)NCC(N)=O)C1C(C)C)C1N[CH]23C1C1=CC2=CC=CC=C2C=C1.O=CN[CH]12C3=O=C45N([CH]6(CO)C(=O)N6[CH]C(CC6=CNC7=CC=CC=C67)NC(=O)C(CC6=CN=CN6)NC(=O)C6CCC(=O)N6)[CH]4(C1C1=CC=C(O)C=C1)N352
nafithromycin_cid117587595,,,nafithromycin_cid117587595.png,low,low,0.232894669222648,invalid,,,,,,invalid,invalid,,False,False,False,False,,False,,,,,,,[H]C12C(C)C(=O)C(C)CC(OC)C(OC3OC(C)CC(N(C)C)C3O)[CH]3(C)C4[CH]567C[CH]4(C5)(C6(=O)OC(CC)C1(C)OC(=O)C2C(N)=NOC(C)C1=NN=C(C2=CC=CC=N2)S1)C37(=O)CC
nalmefene_hydrochloride_cid5388881,,,nalmefene_hydrochloride_cid5388881.png,low,low,0.5022534590437048,invalid,,,,,,invalid,invalid,,False,False,False,False,,False,,,,,,,[H]Cl.[H]OC123C4C5C1C4C5(=C)C1([H])OC4=C(O)C=CC5=C4C12(CC)CCN(CC1CC1)C3([H])C5
napsagatran_cid11954363,,,napsagatran_cid11954363.png,high,high,0.8781879562714388,wrong,,Napsagatran,0.986,40,40,exact,exact,Napsagatran,False,True,False,False,1.0,False,False,8,6,[HH].[HH].[HH].[HH],,,N=C(N)N1CCC[C@@H](CNC(=O)C[C@H](NS(=O)(=O)c2ccc3ccccc3c2)C(=O)N(CC(=O)O)C2CC2)C1.O.[HH].[HH].[HH].[HH]
natamycin_cid5284447,,,natamycin_cid5284447.png,low,low,0.00110393948631918,invalid,,,,,,invalid,invalid,,False,False,False,False,,False,,,,,,,[H]C=C([H])C([H])=C([H])C([H])=C12([H])C3([H])=C([H])C14([H])=C15([H])=C2([H])=C42([H])[CH]14C(C1([H])OC(O)(CC(O[H])CC6OC6C([H])=C([H])C(=O)OC(C)CC([H])=C([H])C([H])=C3[H])CC(O[H])C1C(=O)O)[CH]251O[CH]O[CH]2(C)O3C(C(O[H])C(N[H])[CH]2(O)C3C)O41
nateglinide_cid5311309,,,nateglinide_cid5311309.png,high,high,0.866128723659636,wrong,,Nateglinide,0.974,23,23,exact,exact,Nateglinide,False,True,False,False,1.0,False,False,4,3,[HH].[HH],,,CC(C)C1CCC(C(=O)N[C@H](Cc2ccccc2)C(=O)O)CC1.[HH].[HH]
netarsudil_cid66599893,,,netarsudil_cid66599893.png,high,high,0.9138575975384069,exact,Netarsudil,Netarsudil,1.0,34,34,exact,exact,Netarsudil,False,False,False,False,1.0,True,True,0,1,,,,Cc1ccc(C(=O)OCc2ccc([C@@H](CN)C(=O)Nc3ccc4cnccc4c3)cc2)c(C)c1
netupitant_cid6451149,,,netupitant_cid6451149.png,high,high,0.9007687393733163,exact,Netupitant,Netupitant,1.0,41,41,exact,exact,Netupitant,False,False,False,False,1.0,True,True,0,1,,,,Cc1ccccc1-c1cc(N2CCN(C)CC2)ncc1N(C)C(=O)C(C)(C)c1cc(C(F)(F)F)cc(C(F)(F)F)c1
nicotinamide_cid936,,,nicotinamide_cid936.png,low,low,0.8153263315817086,exact,Nicotinamide,Nicotinamide,1.0,9,9,exact,exact,Nicotinamide,False,False,False,False,1.0,True,True,0,1,,,,[H]N([H])C(=O)c1cccnc1
nifuroxazide_cid5337997,,,nifuroxazide_cid5337997.png,high,high,0.8455963815547797,wrong,,Nifuroxazide,0.975,20,20,exact,exact,Nifuroxazide,False,True,False,False,1.0,False,False,2,2,[HH],,,[HH].[H]/C(=N\NC(=O)c1ccc(O)cc1)c1ccc([N+](=O)[O-])o1
nikkomycin_z_cid456557,,,nikkomycin_z_cid456557.png,high,high,0.8540604592456901,wrong,,Nikkomycin Z,1.0,35,35,exact,exact,Nikkomycin Z,False,True,False,False,1.0,False,False,7,8,[H].[H].[H].[H].[H].[H].[H],,,"[H].[H].[H].[H].[H].[H].[H].[H]N[C@H](C(=O)N([H])[C@H](C(=O)O)[C@@]1([H])O[C@@H](n2ccc(=O)[nH]c2=O)[C@H](O)[C@@H]1O)[C@H](C)[C@H](O)c1ccc(O)cn1 |^1:0,1,2,3,4,5,6|"
nimesulide_cid4495,,,nimesulide_cid4495.png,high,high,0.9026244521044315,exact,Nimesulide,Nimesulide,1.0,21,21,exact,exact,Nimesulide,False,False,False,False,1.0,True,True,0,1,,,,CS(=O)(=O)Nc1ccc([N+](=O)[O-])cc1Oc1ccccc1
nimodipine_cid4497,,,nimodipine_cid4497.png,high,high,0.9112269414875066,exact,Nimodipine,Nimodipine,1.0,30,30,exact,exact,Nimodipine,False,False,False,False,1.0,True,True,0,1,,,,COCCOC(=O)C1=C(C)NC(C)=C(C(=O)OC(C)C)C1c1cccc([N+](=O)[O-])c1
niraparib_cid24958200,,,niraparib_cid24958200.png,high,high,0.8993929984852774,wrong,,Niraparib,0.98,24,24,exact,exact,Niraparib,False,True,False,False,1.0,False,False,1,2,[H],,,[H].[H]NC(=O)c1cccc2cn(-c3ccc([C@@H]4CCCNC4)cc3)nc12 |^1:0|
nitisinone_cid115355,,,nitisinone_cid115355.png,high,high,0.8498739752124878,wrong,,Nitisinone,0.791,23,23,wrong,wrong,,False,False,False,False,0.791,False,False,1,1,,,,O=C1CCCC(=O)C1C(=O)c1ccc(C(F)(F)F)cc1[N+](=O)O
nitrous_oxide_cid948,,,nitrous_oxide_cid948.png,low,low,0.4963775725047579,invalid,,,,,,invalid,invalid,,False,False,False,False,,False,,,,,,,[N-]=N=O
nizatidine_cid4513,,,nizatidine_cid4513.png,high,high,0.8568823081256343,wrong,,Nizatidine,0.617,21,21,wrong,wrong,,False,False,False,False,0.617,False,False,2,1,,,,[H]N(C)C(C[N+](=O)[O-])N([H])CCSCc1csc(CN(C)C)n1
norelgestromin_cid62930,,,norelgestromin_cid62930.png,low,low,0.02282716094490066,invalid,,,,,,invalid,invalid,,False,False,False,False,,False,,,,,,,[H].[H]C12CCC(O)(C#C)C1(CC)CCC13([H])C2([H])CCC24=C5C67=N(O)=C5(C5C89C6C56C821[H]C9643[H])N7O
obicetrapib_cid11498596,,,obicetrapib_cid11498596.png,high,high,0.9149484896149811,exact,Obicetrapib,Obicetrapib,1.0,50,50,exact,exact,Obicetrapib,False,False,False,False,1.0,True,True,0,1,,,,CCOC(=O)N1c2ccc(C(F)(F)F)cc2[C@@H](N(Cc2cc(C(F)(F)F)cc(C(F)(F)F)c2)c2ncc(OCCCC(=O)O)cn2)C[C@H]1CC
obidoxime_chloride_cid135566074,,,obidoxime_chloride_cid135566074.png,high,high,0.8925549697626781,wrong,,Obidoxime Chloride,0.963,24,23,salt,salt,Obidoxime Chloride,False,True,True,False,1.0,False,False,2,5,[H],[Cl-].[Cl-],,[Cl-].[Cl-].[Cl-].[H].[H]/C(=N\O)c1cc[n+](COC[n+]2ccc(/C([H])=N/O)cc2)cc1 |^1:3|
octenidine_hydrochloride_cid51166,,,octenidine_hydrochloride_cid51166.png,low,low,0.8087016474599797,invalid,,,,,,invalid,invalid,,False,False,False,False,,False,,,,,,,CCCCCCCCN=C1C=CN(CCCCCCCCCC[N+]2=CCC(=NCCCCCCCC)C=C2)=CC1.Cl.Cl.[H]
olodaterol_cid11504295,,,olodaterol_cid11504295.png,high,high,0.9018121801398745,exact,Olodaterol,Olodaterol,1.0,28,28,exact,exact,Olodaterol,False,False,False,False,1.0,True,True,0,1,,,,[H]O[C@@H](CNC(C)(C)Cc1ccc(OC)cc1)c1cc(O)cc2c1OCC(=O)N2
olutasidenib_cid118955396,,,olutasidenib_cid118955396.png,high,high,0.8873036274215436,exact,Olutasidenib,Olutasidenib,1.0,25,25,exact,exact,Olutasidenib,False,False,False,False,1.0,True,True,0,1,,,,[H]n1c(=O)c([C@H](C)Nc2ccc(C#N)n(C)c2=O)cc2cc(Cl)ccc21
omarigliptin_cid46209133,,,omarigliptin_cid46209133.png,high,high,0.892226786700442,exact,Omarigliptin,Omarigliptin,1.0,27,27,exact,exact,Omarigliptin,False,False,False,False,1.0,True,True,0,1,,,,CS(=O)(=O)n1cc2c(n1)CN([C@H]1CO[C@H](c3cc(F)ccc3F)[C@@H](N)C1)C2
opicapone_cid135565903,,,opicapone_cid135565903.png,high,high,0.8825839569486359,wrong,,Opicapone,0.98,27,27,exact,exact,Opicapone,False,True,False,False,1.0,False,False,2,2,[HH],,,Cc1c(Cl)c(C)[n+]([O-])c(Cl)c1-c1noc(-c2cc(O)c(O)c([N+](=O)[O-])c2)n1.[HH]
orforglipron_cid137319706,,,orforglipron_cid137319706.png,low,low,0.7532943076774343,stereo,Orforglipron,Orforglipron,1.0,65,65,stereo,stereo,Orforglipron,False,False,False,False,1.0,True,True,0,1,,,,Cc1cc(-n2nc3c(c2-n2ccn(-c4ccc5c(cnn5C)c4F)c2=O)[C@H](C)N(C(=O)c2cc4cc([C@H]5CCOC(C)(C)C5)ccc4n2[C@]2(c4noc(=O)[nH]4)C[C@@H]2C)CC3)cc(C)c1F
orlistat_cid3034010,,,orlistat_cid3034010.png,low,low,0.6840805140317907,exact,Orlistat,Orlistat,1.0,35,35,exact,exact,Orlistat,False,False,False,False,1.0,True,True,0,1,,,,[H]C(=O)N([H])[C@@H](CC(C)C)C(=O)O[C@@H](CCCCCCCCCCC)C[C@@H]1OC(=O)[C@H]1CCCCCC
ornidazole_cid28061,,,ornidazole_cid28061.png,high,high,0.8755063227191517,exact,Ornidazole,Ornidazole,1.0,14,14,exact,exact,Ornidazole,False,False,False,False,1.0,True,True,0,1,,,,Cc1ncc([N+](=O)[O-])n1CC(O)CCl
ortataxel_cid6918412,,,ortataxel_cid6918412.png,low,low,0.3153647915029557,stereo,Ortataxel,Ortataxel,1.0,62,62,stereo,stereo,Ortataxel,False,False,False,False,1.0,True,True,0,1,,,,[H][C@@]12[C@H](OC(=O)c3ccccc3)[C@]34OC(=O)O[C@]3([H])[C@@H](OC(=O)[C@H](O)[C@H](CC(C)C)NC(=O)OC(C)(C)C)C(C)=C([C@@H](OC(C)=O)C(=O)[C@]1(C)[C@@H](O)C[C@@]1([H])OC[C@@]21OC(C)=O)C4(C)C
ouabain_cid439501,,,ouabain_cid439501.png,low,low,0.1866854656168685,invalid,,,,,,invalid,invalid,,False,False,False,False,,False,,,,,,,[H].[H].[H].[H].[H]C12C(O)CC3(C)C(C4=CC(=O)OC4)CCC34(O)(O)C13C1CC(O)(C[CH]OC5OC(C)C(O)C(O)C5O)CC3C124O
oxfendazole_cid40854,,,oxfendazole_cid40854.png,high,high,0.8888662637815674,exact,Oxfendazole,Oxfendazole,1.0,22,22,exact,exact,Oxfendazole,False,False,False,False,1.0,True,True,0,1,,,,[H]n1c(NC(=O)OC)nc2ccc(S(=O)c3ccccc3)cc21
oxiconazole_nitrate_cid9556529,,,oxiconazole_nitrate_cid9556529.png,high,high,0.901299246919413,exact,Oxiconazole Nitrate,Oxiconazole Nitrate,1.0,30,30,exact,exact,Oxiconazole Nitrate,False,False,False,False,1.0,True,True,0,2,,,,Clc1ccc(CO/N=C(\Cn2ccnc2)c2ccc(Cl)cc2Cl)c(Cl)c1.O=[N+]([O-])O
oxybuprocaine_cid4633,,,oxybuprocaine_cid4633.png,high,high,0.8842924547093435,wrong,,Oxybuprocaine,0.953,22,22,exact,exact,Oxybuprocaine,False,True,False,False,1.0,False,False,3,3,[HH].[H],,,CCCCOc1cc(C(=O)OCCN(CC)CC)ccc1N.[HH].[H] |^1:23|
padsevonil_cid52911611,,,padsevonil_cid52911611.png,high,high,0.8972513963368466,exact,Padsevonil,Padsevonil,1.0,27,27,exact,exact,Padsevonil,False,False,False,False,1.0,True,True,0,1,,,,COCc1nn2c(CN3C[C@@H](CC(F)(F)Cl)CC3=O)c(C(F)(F)F)nc2s1
paliperidone_cid115237,,,paliperidone_cid115237.png,high,high,0.9029368223834291,exact,Paliperidone,Paliperidone,1.0,31,31,exact,exact,Paliperidone,False,False,False,False,1.0,True,True,0,1,,,,Cc1nc2n(c(=O)c1CCN1CCC(c3noc4cc(F)ccc34)CC1)CCCC2O
paliperidone_palmitate_cid9852746,,,paliperidone_palmitate_cid9852746.png,high,high,0.9004550341263861,wrong,,Paliperidone Palmitate,0.67,48,48,wrong,wrong,,False,False,False,False,0.67,False,False,2,1,,,,CCCCCCCCCCCCCCCC(=O)OC1CCCn2c1nc(C)c(CCN1CCC(C(=N)c3ccc(F)cc3O)CC1)c2=O
palonosetron_hydrochloride_cid6918303,,,palonosetron_hydrochloride_cid6918303.png,low,low,0.2674184455954503,invalid,,,,,,invalid,invalid,,False,False,False,False,,False,,,,,,,[H]C12CCCC3=C1C(=CC=C3)C(=O)N([CH]134C5N16CCC1CCC1563N41CC1)C2.[H]Cl
paromomycin_cid165580,,,paromomycin_cid165580.png,low,low,0.1150316518108892,invalid,,,,,,invalid,invalid,,False,False,False,False,,False,,,,,,,[H]NC1C(OC2C(N)C3C(N[H])[CH](O)(C2OC2OC(CO)C(OC4OC(CN)C(O)C(O)C4N)C2O)[CH]3(N[H])C(O)[CH]OC2OC(CO)C(OC3OC(CN)C(O)C(O)C3N)C2O)OC(CO)C(O)C1O
pasireotide_cid9941444,,,pasireotide_cid9941444.png,low,low,0.05652655675224382,wrong,,Pasireotide,0.689,87,77,wrong,wrong,,False,False,False,False,0.689,False,False,24,1,,,,[H]NCCNC(=O)O[C@@H]1CNC(=O)[C@H](Cc2ccccc2)NC(=O)[C@H](Cc2ccc(OCc3ccccc3)cc2)NC(=O)[C@H](CCCCN)NC(=O)[C@@H](Cc2c[nH]c3ccccc23)NC(=O)[C@H](c2ccccc2)NC(=O)C([H])(C[C@@H](C)OC(=O)NCCN[H])C1
pemafibrate_cid11526038,,,pemafibrate_cid11526038.png,high,high,0.8768422101172043,wrong,,Pemafibrate,0.984,36,36,exact,exact,Pemafibrate,False,True,False,False,1.0,False,False,1,2,[H],,,CC[C@@H](Oc1cccc(CN(CCCOc2ccc(OC)cc2)c2nc3ccccc3o2)c1)C(=O)O.[H] |^1:36|
pemetrexed_cid135410875,,,pemetrexed_cid135410875.png,high,high,0.8818670813707145,wrong,,Pemetrexed,1.0,31,31,exact,exact,Pemetrexed,False,True,False,False,1.0,False,False,10,6,[HH].[HH].[HH].[HH].[HH],,,[HH].[HH].[HH].[HH].[HH].[H]N(C(=O)c1ccc(CCc2c[nH]c3nc(N)[nH]c(=O)c23)cc1)[C@@H](CCC(=O)O)C(=O)O
pemigatinib_cid86705695,,,pemigatinib_cid86705695.png,high,high,0.8986610643070229,exact,Pemigatinib,Pemigatinib,1.0,35,35,exact,exact,Pemigatinib,False,False,False,False,1.0,True,True,0,1,,,,CCN1C(=O)N(c2c(F)c(OC)cc(OC)c2F)Cc2cnc3[nH]c(CN4CCOCC4)cc3c21
penicillamine_cid5852,,,penicillamine_cid5852.png,high,high,0.8951074238751726,exact,Penicillamine,Penicillamine,1.0,9,9,exact,exact,Penicillamine,False,False,False,False,1.0,True,True,0,1,,,,[H]N[C@@H](C(=O)O[H])C(C)(C)S[H]
peposertib_cid86292849,,,peposertib_cid86292849.png,high,high,0.9099365129402686,exact,Peposertib,Peposertib,1.0,34,34,exact,exact,Peposertib,False,False,False,False,1.0,True,True,0,1,,,,COc1ccc([C@@H](O)c2cc(-c3ncnc4cc(N5CCOCC5)ccc34)c(F)cc2Cl)nn1
perampanel_cid9924495,,,perampanel_cid9924495.png,high,high,0.9214956395965939,exact,Perampanel,Perampanel,1.0,27,27,exact,exact,Perampanel,False,False,False,False,1.0,True,True,0,1,,,,N#Cc1ccccc1-c1cc(-c2ccccn2)cn(-c2ccccc2)c1=O
phenelzine_cid3675,,,phenelzine_cid3675.png,low,low,0.8306195347273485,exact,Phenelzine,Phenelzine,1.0,10,10,exact,exact,Phenelzine,False,False,False,False,1.0,True,True,0,1,,,,[H]N([H])N([H])CCc1ccccc1
phenprocoumon_cid54680692,,,phenprocoumon_cid54680692.png,high,high,0.9144278051937774,exact,Phenprocoumon,Phenprocoumon,1.0,21,21,exact,exact,Phenprocoumon,False,False,False,False,1.0,True,True,0,1,,,,CCC(c1ccccc1)c1c(O)c2ccccc2oc1=O
phentolamine_cid5775,,,phentolamine_cid5775.png,high,high,0.8906519020325337,exact,Phentolamine,Phentolamine,1.0,21,21,exact,exact,Phentolamine,False,False,False,False,1.0,True,True,0,1,,,,[H]Oc1cccc(N(CC2=NCCN2[H])c2ccc(C)cc2)c1
phylloquinone_cid5284607,,,phylloquinone_cid5284607.png,high,high,0.8891451326682515,exact,Phylloquinone,Phylloquinone,1.0,33,33,exact,exact,Phylloquinone,False,False,False,False,1.0,True,True,0,1,,,,[H]/C(CC1=C(C)C(=O)c2ccccc2C1=O)=C(/C)CCC[C@H](C)CCC[C@H](C)CCCC(C)C
pinaverium_bromide_cid40703,,,pinaverium_bromide_cid40703.png,high,high,0.8924113634702839,exact,Pinaverium Bromide,Pinaverium Bromide,1.0,33,33,exact,exact,Pinaverium Bromide,False,False,False,False,1.0,True,True,0,2,,,,[Br-].[H]C12CC(CCC1CCOCC[N+]1(Cc3cc(OC)c(OC)cc3Br)CCOCC1)C2(C)C
pindolol_cid4828,,,pindolol_cid4828.png,high,high,0.882421807885452,exact,Pindolol,Pindolol,1.0,18,18,exact,exact,Pindolol,False,False,False,False,1.0,True,True,0,1,,,,[H]OC(CNC(C)C)COc1cccc2[nH]ccc12
piperazine_cid4837,,,piperazine_cid4837.png,high,high,0.8938011335603187,exact,Piperazine,Piperazine,1.0,6,6,exact,exact,Piperazine,False,False,False,False,1.0,True,True,0,1,,,,[H]N1CCN([H])CC1
pirfenidone_cid40632,,,pirfenidone_cid40632.png,high,high,0.9100762491596992,exact,Pirfenidone,Pirfenidone,1.0,14,14,exact,exact,Pirfenidone,False,False,False,False,1.0,True,True,0,1,,,,Cc1ccc(=O)n(-c2ccccc2)c1
piroxicam_cid54676228,,,piroxicam_cid54676228.png,high,high,0.8942542674138385,wrong,,Piroxicam,0.977,23,23,exact,exact,Piroxicam,False,True,False,False,1.0,False,False,1,2,[H],,,CN1C(C(=O)Nc2ccccn2)=C(O)c2ccccc2S1(=O)=O.[H] |^1:23|
pivmecillinam_cid115163,,,pivmecillinam_cid115163.png,high,high,0.8924472811486195,exact,Pivmecillinam,Pivmecillinam,1.0,30,30,exact,exact,Pivmecillinam,False,False,False,False,1.0,True,True,0,1,,,,[H]C(=N[C@@H]1C(=O)N2[C@@H](C(=O)OCOC(=O)C(C)(C)C)C(C)(C)S[C@]12[H])N1CCCCCC1
plecanatide_cid70693500,,,plecanatide_cid70693500.png,low,low,5.909668790686754e-07,invalid,,,,,,invalid,invalid,,False,False,False,False,,False,,,,,,,[H]C(=O)N[CH]12C3=O=C14(=O)N[CH]156(C(C)C)C(N)[CH](NC2[CH]34([H])NCC(=O)O)(C1(C)C)[CH]51(N[CH]CN[CH]CN[CH]CCC)C23=O4=C2(CC(=O)O)[CH]1(N3)[CH]=46NC(C)C(=O)NC([H])([H])C(=O)NC1(C(=O)NCC(=O)(=O)NC(CSSCC([H])C(=O)(=O)NC2=O=C2(C)(C)C)C(=O)NC(CC(C)C)C(=O)O)=CC=1
ponesimod_cid11363176,,,ponesimod_cid11363176.png,high,high,0.8933271746004872,stereo,Ponesimod,Ponesimod,1.0,31,31,stereo,stereo,Ponesimod,False,False,False,False,1.0,True,True,0,1,,,,[H]/C(=C1/S/C(=N\CCC)N(c2ccccc2C)C1=O)c1ccc(OC[C@H](O)CO)c(Cl)c1
posaconazole_cid468595,,,posaconazole_cid468595.png,high,high,0.858623007105525,stereo,Posaconazole,Posaconazole,1.0,51,51,stereo,stereo,Posaconazole,False,False,False,False,1.0,True,True,0,1,,,,CC[C@@H]([C@@H](C)O)n1ncn(-c2ccc(N3CCN(c4ccc(OC[C@@H]5CO[C@@](Cn6cncn6)(c6ccc(F)cc6F)C5)cc4)CC3)cc2)c1=O
potassium_perchlorate_cid516900,,,potassium_perchlorate_cid516900.png,high,high,0.8599290302353059,wrong,,Potassium Perchlorate,0.273,6,6,wrong,wrong,,False,False,False,False,0.273,False,True,0,1,,,,"[O-][Cl+3]([O-])([O-])[O-][K+] |5,C:4.4|"
pracinostat_cid49855250,,,pracinostat_cid49855250.png,high,high,0.901080045660474,wrong,,Pracinostat,0.981,26,26,exact,exact,Pracinostat,False,True,False,False,1.0,False,False,2,2,[HH],,,[HH].[H]/C(C(=O)NO)=C(/[H])c1ccc2c(c1)nc(CCCC)n2CCN(CC)CC
pralmorelin_cid6918245,,,pralmorelin_cid6918245.png,low,low,0.3997622780497136,stereo,Pralmorelin,Pralmorelin,1.0,60,60,stereo,stereo,Pralmorelin,False,False,False,False,1.0,True,True,0,1,,,,[H]NC(=O)[C@@H](CCCCN)NC(=O)[C@@H](Cc1ccccc1)NC(=O)[C@@H](Cc1c[nH]c2ccccc12)NC(=O)[C@H](C)NC(=O)[C@@H](Cc1ccc2ccccc2c1)NC(=O)[C@@H](C)N[H]
propafenone_hydrochloride_cid36708,,,propafenone_hydrochloride_cid36708.png,high,high,0.8971420151192823,exact,Propafenone Hydrochloride,Propafenone Hydrochloride,1.0,26,26,exact,exact,Propafenone Hydrochloride,False,False,False,False,1.0,True,True,0,2,,,,CCCNCC(O)COc1ccccc1C(=O)CCc1ccccc1.[H]Cl
propantheline_bromide_cid9279,,,propantheline_bromide_cid9279.png,high,high,0.9037235079226734,exact,Propantheline Bromide,Propantheline Bromide,1.0,28,28,exact,exact,Propantheline Bromide,False,False,False,False,1.0,True,True,0,2,,,,CC(C)[N+](C)(CCOC(=O)C1c2ccccc2Oc2ccccc21)C(C)C.[Br-]
propoxyphene_cid10100,,,propoxyphene_cid10100.png,high,high,0.8835636454303105,exact,Propoxyphene,Propoxyphene,1.0,25,25,exact,exact,Propoxyphene,False,False,False,False,1.0,True,True,0,1,,,,CCC(=O)O[C@](Cc1ccccc1)(c1ccccc1)[C@H](C)CN(C)C
prostaglandin_e2_cid5280360,,,prostaglandin_e2_cid5280360.png,high,high,0.8761493082172129,wrong,,Prostaglandin E2,1.0,25,25,exact,exact,Prostaglandin E2,False,True,False,False,1.0,False,False,3,3,[HH].[H],,,[HH].[H].[H]O[C@@H](CCCCC)/C([H])=C(\[H])[C@H]1[C@H](O)CC(=O)[C@@H]1C/C([H])=C(/[H])CCCC(=O)O |^1:1|
prucalopride_cid3052762,,,prucalopride_cid3052762.png,high,high,0.8839791072182374,wrong,,Prucalopride,0.982,25,25,exact,exact,Prucalopride,False,True,False,False,1.0,False,False,4,3,[HH].[HH],,,COCCCN1CCC(NC(=O)c2cc(Cl)c(N)c3c2OCC3)CC1.[HH].[HH]
pyrantel_pamoate_cid5281033,,,pyrantel_pamoate_cid5281033.png,high,high,0.8930971866117886,exact,Pyrantel Pamoate,Pyrantel Pamoate,1.0,43,43,exact,exact,Pyrantel Pamoate,False,False,False,False,1.0,True,True,0,2,,,,O=C(O)c1cc2ccccc2c(Cc2c(O)c(C(=O)O)cc3ccccc23)c1O.[H]/C(C1=NCCCN1C)=C(/[H])c1cccs1
pyrazinamide_cid1046,,,pyrazinamide_cid1046.png,high,high,0.9027875170641484,exact,Pyrazinamide,Pyrazinamide,1.0,9,9,exact,exact,Pyrazinamide,False,False,False,False,1.0,True,True,0,1,,,,[H]NC(=O)c1cnccn1
pyrithione_zinc_cid26041,,,pyrithione_zinc_cid26041.png,low,low,0.1871259906283536,wrong,,Pyrithione Zinc,0.333,17,17,wrong,wrong,,False,False,False,False,0.333,False,True,0,1,,,,[O-][n+]1ccccc1[S][Zn+][S-]c1cccc[n+]1[O-] |C:9.9|
pyronaridine_tetraphosphate_cid156867,,,pyronaridine_tetraphosphate_cid156867.png,low,low,0.2240789653810891,invalid,,,,,,invalid,invalid,,False,False,False,False,,False,,,,,,,COC1=NC2=C(NC3=CC(CN4CCCC4)=C(O)C(CN4CCCC4)=C3)C3=C(C=C(Cl)C=C3)N=C2C=C1.O.O.O=P(O)(O)O.OP(O)(O)(O)OP(O)(O)(O)(O)O.O[PH](O)(O)O.O[PH](O)(O)O
qs_21_apiose_isomer_cid73652135,,,qs_21_apiose_isomer_cid73652135.png,low,low,3.124327319943828e-09,invalid,,,,,,invalid,invalid,,False,False,False,False,,False,,,,,,,[CH]O[CH]C[CH]O[CH]C(C)[CH]CCC[CH]C1C[CH]1(O)C(O)C(O)C(OC1OC(C)[CH]23O[CH]245O[CH]4(C(O)C(O)C(O)(O)[CH]24O[CH]2(O4)C1O)O35)C(O)[CH]OCCC(O)CC(OCCC(O)CC([CH]CC)OC1OC(CO)C(O)C1O)C(C)CC
quinacrine_dihydrochloride_cid6239,,,quinacrine_dihydrochloride_cid6239.png,high,high,0.909612542573808,exact,Quinacrine Dihydrochloride,Quinacrine Dihydrochloride,1.0,30,30,exact,exact,Quinacrine Dihydrochloride,False,False,False,False,1.0,True,True,0,3,,Cl,,CCN(CC)CCCC(C)Nc1c2ccc(Cl)cc2nc2ccc(OC)cc12.[H]Cl.[H]Cl
quinagolide_cid3086401,,,quinagolide_cid3086401.png,low,low,0.6476238528664278,exact,Quinagolide,Quinagolide,1.0,27,27,exact,exact,Quinagolide,False,False,False,False,1.0,True,True,0,1,,,,[H]N([C@@H]1CN(CCC)[C@]2([H])Cc3cccc(O)c3C[C@@]2([H])C1)S(=O)(=O)N(CC)CC
radezolid_cid11224409,,,radezolid_cid11224409.png,high,high,0.8989556697187597,exact,Radezolid,Radezolid,1.0,32,32,exact,exact,Radezolid,False,False,False,False,1.0,True,True,0,1,,,,CC(=O)NC[C@H]1CN(c2ccc(-c3ccc(CNCc4cn[nH]n4)cc3)c(F)c2)C(=O)O1
raltitrexed_cid135400182,,,raltitrexed_cid135400182.png,high,high,0.8760511855701205,exact,Raltitrexed,Raltitrexed,1.0,32,32,exact,exact,Raltitrexed,False,False,False,False,1.0,True,True,0,1,,,,Cc1nc2ccc(CN(C)c3ccc(C(=O)N[C@@H](CCC(=O)O)C(=O)O)s3)cc2c(=O)[nH]1
ramelteon_cid208902,,,ramelteon_cid208902.png,high,high,0.888822596070178,exact,Ramelteon,Ramelteon,1.0,19,19,exact,exact,Ramelteon,False,False,False,False,1.0,True,True,0,1,,,,CCC(=O)NCC[C@@H]1CCc2ccc3c(c21)CCO3
ramosetron_cid108000,,,ramosetron_cid108000.png,high,high,0.9013435197485863,exact,Ramosetron,Ramosetron,1.0,21,21,exact,exact,Ramosetron,False,False,False,False,1.0,True,True,0,1,,,,Cn1cc(C(=O)[C@@H]2CCc3nc[nH]c3C2)c2ccccc21
rasagiline_cid3052776,,,rasagiline_cid3052776.png,high,high,0.8637431685415589,exact,Rasagiline,Rasagiline,1.0,13,13,exact,exact,Rasagiline,False,False,False,False,1.0,True,True,0,1,,,,[H]N(CC#C)[C@@H]1CCc2ccccc21
ravtansine_cid11686439,,,ravtansine_cid11686439.png,low,low,3.741849204947924e-10,invalid,,,,,,invalid,invalid,,False,False,False,False,,False,,,,,,,[H]C12OC1(C)C(OC(=O)[CH](C)(C)N(C)C(=O)CCC(C)(C)[SiH3])CC(=O)(=O)N13(C)C456789=C%10%11%12%13%14=C%15%16%17%18%19C4%20%21%22%23C%104%24%25%26%27%28%29C=%155%10%30%31C=%16=61%20%115%15%32=C=7%1716(Cl)=C=%18=53%21%12%107=C=%19=84%1535C148=C%241%10=C6%11(=C4%256C=%22=%30=%261%1334C%2713C%12%13(C)=C%15%16([H])C1%12(C)(=C=%131([H])=C%15%12%13%17%18([H])=C%15%19%20(=C=%12%21([H])(=C%161%15%13[H])[CH]%191(OC)C%12%13%15%16%19(O)OC1%12%22%24%25(CC1([H])(OC%12%26%27=O=C(=O)(=O=%12)(O1)(N%26%13%22)N%27%15%24[H])(C2C)C%16%25)[CH]%20%21%19%17OC)[H]%18)CC=%2836%10%23%14%315=C947%29%32)OCO8%11C
relebactam_cid44129647,,,relebactam_cid44129647.png,low,low,0.1564424826388971,invalid,,,,,,invalid,invalid,,False,False,False,False,,False,,,,,,,[H].[H]C12CC3CN456C7N89(CC714(C3C(=O)NC1CCNCC1)C85)C1(=O=C96=O=1)N2OS(=O)(=O)O
remimazolam_cid9867812,,,remimazolam_cid9867812.png,high,high,0.9127764463556673,exact,Remimazolam,Remimazolam,1.0,28,28,exact,exact,Remimazolam,False,False,False,False,1.0,True,True,0,1,,,,COC(=O)CC[C@@H]1N=C(c2ccccn2)c2cc(Br)ccc2-n2c(C)cnc21
retapamulin_cid6918462,,,retapamulin_cid6918462.png,low,low,0.3213143668288753,wrong,,Retapamulin,0.34,36,36,wrong,wrong,,False,False,False,False,0.34,False,False,4,1,,,,"[H][C@@]12CC[C@@]3([H])C4C(SCC(=O)O[C@@H]5C[C@@](C)(C=C)[C@@H](O)[C@H](C)[C]6CCC(=O)[C@@]6([H])[C@@]5(C)[CH]C)(CC41N3C)C2 |^1:23,32|"
rifamycin_cid6324616,,,rifamycin_cid6324616.png,low,low,0.7974447023728376,stereo,Rifamycin,Rifamycin,1.0,50,50,stereo,stereo,Rifamycin,False,False,False,False,1.0,True,True,0,1,,,,[H]C1=C(\C)C(=O)Nc2cc(O)c3c4c(c(C)c(O)c3c2O)O[C@](C)(O/C([H])=C(\[H])[C@H](OC)[C@@H](C)[C@@H](OC(C)=O)[C@H](C)[C@H](O)[C@H](C)[C@H](O)[C@@H](C)/C([H])=C/1[H])C4=O
riluzole_cid5070,,,riluzole_cid5070.png,high,high,0.8563748476222369,exact,Riluzole,Riluzole,1.0,15,15,exact,exact,Riluzole,False,False,False,False,1.0,True,True,0,1,,,,[H]Nc1nc2ccc(OC(F)(F)F)cc2s1
rimantadine_hydrochloride_cid15165,,,rimantadine_hydrochloride_cid15165.png,high,high,0.8582529328613089,exact,Rimantadine Hydrochloride,Rimantadine Hydrochloride,1.0,14,14,exact,exact,Rimantadine Hydrochloride,False,False,False,False,1.0,True,True,0,2,,,,[H]Cl.[H]NC(C)C12CC3CC(CC(C3)C1)C2
riociguat_cid11304743,,,riociguat_cid11304743.png,high,high,0.8693679220018771,wrong,,Riociguat,0.983,31,31,exact,exact,Riociguat,False,True,False,False,1.0,False,False,3,4,[H].[H].[H],,,"COC(=O)N(C)c1c(N)nc(-c2nn(Cc3ccccc3F)c3ncccc23)nc1N.[H].[H].[H] |^1:31,32,33|"
ripasudil_cid9863672,,,ripasudil_cid9863672.png,high,high,0.8836107379880426,exact,Ripasudil,Ripasudil,1.0,22,22,exact,exact,Ripasudil,False,False,False,False,1.0,True,True,0,1,,,,C[C@H]1CNCCCN1S(=O)(=O)c1cccc2cncc(F)c12
robenacoxib_cid6433107,,,robenacoxib_cid6433107.png,high,high,0.9099844849049492,exact,Robenacoxib,Robenacoxib,1.0,23,23,exact,exact,Robenacoxib,False,False,False,False,1.0,True,True,0,1,,,,CCc1ccc(Nc2c(F)c(F)cc(F)c2F)c(CC(=O)O)c1
rocuronium_bromide_cid441351,,,rocuronium_bromide_cid441351.png,low,low,0.570833209269229,invalid,,,,,,invalid,invalid,,False,False,False,False,,False,,,,,,,[Br-].[H]C12CCC3([H])C4([H])CC([H])(N5(CC=C)CCCC5)C(OC(C)=O)C4(C)CCC3([H])C1(C)CC(N1CCOCC1)C(O)C2
roflumilast_cid449193,,,roflumilast_cid449193.png,high,high,0.9167564060650659,exact,Roflumilast,Roflumilast,1.0,26,26,exact,exact,Roflumilast,False,False,False,False,1.0,True,True,0,1,,,,[H]N(C(=O)c1ccc(OC(F)F)c(OCC2CC2)c1)c1c(Cl)cncc1Cl
rokitamycin_cid5282211,,,rokitamycin_cid5282211.png,low,low,6.574902304843085e-05,invalid,,,,,,invalid,invalid,,False,False,False,False,,False,,,,,,,[H]C(=O)C1[CH]23([H])C4[CH]56(C)CC7C(O)C8([H])=C([H])(=C([H])C5O)C([H])=CC[CH]5(C)CC9CC%10([H])=C([H])C%11%12=O=C(=O)(C[CH]%13%14(O)C%11[CH]%11(O)[CH]%13%15O(C)[CH]%11%14(OC)[CH]%152(O[CH]C(O)C([CH]O[CH]CC(C)([CH]OCCCC)OC(=O)CC)N(C)C)[CH]142(C1C4%11%13%14=O=C1(=O=4)([H]%11)([H]%13)C%142)C763)(O5)O9%12[CH]C%10([H])=C8
rolapitant_hydrochloride_cid16203739,,,rolapitant_hydrochloride_cid16203739.png,low,low,0.831349921152957,wrong,,Rolapitant Hydrochloride,0.95,37,37,exact,exact,Rolapitant Hydrochloride,False,True,False,False,1.0,False,False,4,6,[H].[H].[H][H],,,"C[C@@H](OC[C@@]1(c2ccccc2)CC[C@]2(CCC(=O)N2)CN1)c1cc(C(F)(F)F)cc(C(F)(F)F)c1.O.[H].[H].[H]Cl.[H][H] |^1:36,37|"
rosiglitazone_cid77999,,,rosiglitazone_cid77999.png,high,high,0.9081743311783115,exact,Rosiglitazone,Rosiglitazone,1.0,25,25,exact,exact,Rosiglitazone,False,False,False,False,1.0,True,True,0,1,,,,CN(CCOc1ccc(CC2SC(=O)NC2=O)cc1)c1ccccn1
rucaparib_cid9931954,,,rucaparib_cid9931954.png,high,high,0.886700741389113,exact,Rucaparib,Rucaparib,1.0,24,24,exact,exact,Rucaparib,False,False,False,False,1.0,True,True,0,1,,,,[H]n1c(-c2ccc(CNC)cc2)c2c3c(cc(F)cc31)C(=O)NCC2
rufinamide_cid129228,,,rufinamide_cid129228.png,low,low,0.74095043537357,wrong,,Rufinamide,0.971,17,17,exact,exact,Rufinamide,False,True,False,False,1.0,False,False,4,3,[HH].[HH],,,NC(=O)c1cn(Cc2c(F)cccc2F)nn1.[HH].[HH]
samuraciclib_cid91844733,,,samuraciclib_cid91844733.png,high,high,0.9021480576464611,exact,Samuraciclib,Samuraciclib,1.0,29,29,exact,exact,Samuraciclib,False,False,False,False,1.0,True,True,0,1,,,,[H]O[C@H]1CNCC[C@@H]1CNc1cc(N([H])Cc2ccccc2)n2ncc(C(C)C)c2n1
sapropterin_cid135398654,,,sapropterin_cid135398654.png,high,high,0.8644984188395324,wrong,,Sapropterin,0.974,17,17,exact,exact,Sapropterin,False,True,False,False,1.0,False,False,2,3,[H].[H],,,"[H].[H].[H]O[C@@H](C)[C@H](O)[C@@]1([H])CNc2nc(N)[nH]c(=O)c2N1[H] |^1:0,1|"
saruparib_cid155586901,,,saruparib_cid155586901.png,high,high,0.898430086588474,exact,Saruparib,Saruparib,1.0,30,30,exact,exact,Saruparib,False,False,False,False,1.0,True,True,0,1,,,,CCc1cc2ncc(CN3CCN(c4ccc(C(=O)NC)nc4)CC3)cc2[nH]c1=O
saxagliptin_hydrochloride_cid49800073,,,saxagliptin_hydrochloride_cid49800073.png,low,low,0.6120881845743242,wrong,,Saxagliptin Hydrochloride,0.978,24,24,exact,exact,Saxagliptin Hydrochloride,False,True,False,False,1.0,False,False,1,3,[H],,,[H].[H]Cl.[H]N[C@H](C(=O)N1[C@H](C#N)C[C@]2([H])C[C@]12[H])C12CC3CC(CC(O)(C3)C1)C2 |^1:0|
selatogrel_cid59534142,,,selatogrel_cid59534142.png,high,high,0.8540766467885109,stereo,Selatogrel,Selatogrel,1.0,43,43,stereo,stereo,Selatogrel,False,False,False,False,1.0,True,True,0,1,,,,CCCCOC(=O)N1CCN(C(=O)[C@@H](CP(=O)(O)O)NC(=O)c2cc(N3CC[C@H](OC)C3)nc(-c3ccccc3)n2)CC1
selenium_sulfide_ses_cid24011,,,selenium_sulfide_ses_cid24011.png,low,low,0.6101811102512023,exact,Selenium sulfide (SeS),Selenium sulfide (SeS),1.0,2,2,exact,exact,Selenium sulfide (SeS),False,False,False,False,1.0,True,True,0,1,,,,S=[Se]
selexipag_cid9913767,,,selexipag_cid9913767.png,high,high,0.9067237693631356,exact,Selexipag,Selexipag,1.0,35,35,exact,exact,Selexipag,False,False,False,False,1.0,True,True,0,1,,,,CC(C)N(CCCCOCC(=O)NS(C)(=O)=O)c1cnc(-c2ccccc2)c(-c2ccccc2)n1
semaxanib_cid5329098,,,semaxanib_cid5329098.png,high,high,0.8826930485262325,exact,Semaxanib,Semaxanib,1.0,18,18,exact,exact,Semaxanib,False,False,False,False,1.0,True,True,0,1,,,,[H]/C(=C1/C(=O)Nc2ccccc21)c1c(C)cc(C)n1[H]
senna_cid73111,,,senna_cid73111.png,low,low,0.7436357557889575,wrong,,Senna,1.0,62,62,stereo,stereo,Senna,False,True,False,False,1.0,False,False,6,7,[H].[H].[H].[H].[H].[H],,,"[H].[H].[H].[H].[H].[H].[H]C1([C@@]2([H])c3cc(C(=O)O)cc(O)c3C(=O)c3c(O[C@@H]4O[C@H](CO)[C@@H](O)[C@H](O)[C@H]4O)cccc32)c2cc(C(=O)O)cc(O)c2C(=O)c2c(O[C@@H]3O[C@H](CO)[C@@H](O)[C@H](O)[C@H]3O)cccc21 |^1:0,1,2,3,4,5|"
sertindole_cid60149,,,sertindole_cid60149.png,high,high,0.8997930575103115,exact,Sertindole,Sertindole,1.0,31,31,exact,exact,Sertindole,False,False,False,False,1.0,True,True,0,1,,,,O=C1NCCN1CCN1CCC(c2cn(-c3ccc(F)cc3)c3ccc(Cl)cc23)CC1
sevoflurane_cid5206,,,sevoflurane_cid5206.png,high,high,0.8457854280897104,exact,Sevoflurane,Sevoflurane,1.0,12,12,exact,exact,Sevoflurane,False,False,False,False,1.0,True,True,0,1,,,,FCOC(C(F)(F)F)C(F)(F)F
shr0302_cid71622431,,,shr0302_cid71622431.png,low,low,0.4717485663419037,stereo,Shr0302,Shr0302,1.0,29,29,stereo,stereo,Shr0302,False,False,False,False,1.0,True,True,0,1,,,,[H][C@@]12CC(N(C)c3ncnc4[nH]ccc34)C[C@@]1([H])CN(C(=O)Nc1nc(OC)ns1)C2
silodosin_cid5312125,,,silodosin_cid5312125.png,high,high,0.8618125940783529,wrong,,Silodosin,0.971,35,35,exact,exact,Silodosin,False,True,False,False,1.0,False,False,3,3,[HH].[H],,,[HH].[H].[H]NC(=O)c1cc(C[C@@H](C)NCCOc2ccccc2OCC(F)(F)F)cc2c1N(CCCO)CC2 |^1:1|
silperisone_cid178568,,,silperisone_cid178568.png,high,high,0.8791052923952558,exact,Silperisone,Silperisone,1.0,18,18,exact,exact,Silperisone,False,False,False,False,1.0,True,True,0,1,,,,C[Si](C)(Cc1ccc(F)cc1)CN1CCCCC1
sitafloxacin_cid461399,,,sitafloxacin_cid461399.png,low,low,0.06616121592478227,invalid,,,,,,invalid,invalid,,False,False,False,False,,False,,,,,,,NC1CN2C3=C4(F)=C5(=C(F)C=C6C(=O)C(C(=O)O)=CN7[CH]8(CC8F)N89C=C(C(=O)O)C(=O)C(=C4)(C8=C3Cl)C679=C5Cl)N34CC(N)C5678(C3)C24C123C51C64C27C4138
sodium_deoxycholate_cid23668196,,,sodium_deoxycholate_cid23668196.png,low,low,0.6012495334358098,invalid,,,,,,invalid,invalid,,False,False,False,False,,False,,,,,,,[H]C12CCC34[H]C35([H])CCC([H])(C(C)CCC(=O)[O][Na+])C5(C)C(O)CC4([H])C1(C)CCC(O)C2
sodium_nitrite_cid23668193,,,sodium_nitrite_cid23668193.png,low,low,0.8405393518308383,wrong,,Sodium Nitrite,0.231,4,4,wrong,wrong,,False,False,False,False,0.231,False,False,0,1,,,,O=N[O][Na+] |3|
sodium_oxybate_cid23663870,,,sodium_oxybate_cid23663870.png,high,high,0.8767231769771361,wrong,,Sodium Oxybate,0.417,8,8,wrong,wrong,,False,False,False,False,0.417,False,True,0,1,,,,"[H]OCCCC(=O)[O-][Na+] |8,C:7.7|"
sodium_phenylacetate_cid23690424,,,sodium_phenylacetate_cid23690424.png,low,low,0.5049030019665536,wrong,,Sodium Phenylacetate,0.519,11,11,wrong,wrong,,False,False,False,False,0.519,False,False,0,1,,,,O=C(Cc1ccccc1)[O][Na+] |10|
sodium_selenite_cid24934,,,sodium_selenite_cid24934.png,high,high,0.8810670124873969,exact,Sodium Selenite,Sodium Selenite,1.0,6,6,exact,exact,Sodium Selenite,False,False,False,False,1.0,True,True,0,3,,[Na+],,O=[Se]([O-])[O-].[Na+].[Na+]
sodium_thiosulfate_cid24477,,,sodium_thiosulfate_cid24477.png,high,high,0.8796397280981919,wrong,,Sodium Thiosulfate,0.533,7,7,wrong,wrong,,False,False,False,False,0.533,False,False,0,2,,,,O=S([O-])(=S)[O][Na+].[Na+] |5|
solifenacin_succinate_cid216457,,,solifenacin_succinate_cid216457.png,low,low,0.823909448417131,wrong,,Solifenacin Succinate,0.98,35,35,exact,exact,Solifenacin Succinate,False,True,False,False,1.0,False,False,1,3,[H],,,O=C(O)CCC(=O)O.O=C(O[C@H]1CN2CCC1CC2)N1CCc2ccccc2[C@@H]1c1ccccc1.[H] |^1:35|
solithromycin_cid25242512,,,solithromycin_cid25242512.png,low,low,0.6616569081365428,wrong,,Solithromycin,0.811,59,60,wrong,wrong,,False,False,False,False,0.811,False,False,4,1,,,,[H]Nc1cccc(-c2cn(CCCCN3C(=O)O[C@]4(C)[C@@H](CC)OC(=O)[C@@](C)(F)C(=O)[C@H](C)[C@@H](O[C@@H]5O[C@H](C)C[C@@H](N(C)C)[C@H]5O)[C](OC)C[C@@H](C)C(=O)[C@H](C)[C@]34[H])nn2)c1 |^1:46|
sonrotoclax_cid149553242,,,sonrotoclax_cid149553242.png,low,low,0.8134145670812336,wrong,,Sonrotoclax,0.711,63,64,wrong,wrong,,False,False,False,False,0.711,False,False,11,6,[HH].[HH].[H].[H],,,"CC(C)c1ccccc1C1CCCN1C1CC2(CCN(c3ccc(C(=O)NO)c(Oc4cnc5[nH]ccc5c4)c3)CC2)C1.CC1(O)CCC(CNc2ccc(SO)cc2NO)CC1.[HH].[HH].[H].[H] |^1:65,66|"
sotagliflozin_cid24831714,,,sotagliflozin_cid24831714.png,low,low,0.673254319662833,wrong,,Sotagliflozin,1.0,28,28,stereo,stereo,Sotagliflozin,False,True,False,False,1.0,False,False,3,4,[H].[H].[H],,,"CCOc1ccc(Cc2cc([C@@H]3O[C@@H](SC)[C@@H](O)[C@H](O)[C@H]3O)ccc2Cl)cc1.[H].[H].[H] |^1:28,29,30|"
spinosyn_a_cid443059,,,spinosyn_a_cid443059.png,low,low,0.2103357553056414,stereo,Spinosyn A,Spinosyn A,1.0,52,52,stereo,stereo,Spinosyn A,False,False,False,False,1.0,True,True,0,1,,,,[H][C@@]12C=C3C(=O)[C@H](C)[C@@H](O[C@H]4CC[C@@H](N(C)C)[C@@H](C)O4)CCC[C@H](CC)OC(=O)C[C@]3([H])[C@]1([H])C=C[C@@]1([H])C[C@@H](O[C@@H]3O[C@@H](C)[C@H](OC)[C@@H](OC)[C@H]3OC)C[C@]21[H]
stiripentol_cid5311454,,,stiripentol_cid5311454.png,high,high,0.8709900241029794,wrong,,Stiripentol,0.971,17,17,exact,exact,Stiripentol,False,True,False,False,1.0,False,False,1,2,[H],,,[H].[H]/C(=C(/[H])C(O)C(C)(C)C)c1ccc2c(c1)OCO2 |^1:0|
sulbactam_cid130313,,,sulbactam_cid130313.png,high,high,0.8567278369604464,exact,Sulbactam,Sulbactam,1.0,15,15,exact,exact,Sulbactam,False,False,False,False,1.0,True,True,0,1,,,,[H]OC(=O)[C@@H]1N2C(=O)C[C@@]2([H])S(=O)(=O)C1(C)C
sulpiride_cid5355,,,sulpiride_cid5355.png,high,high,0.8890271112789285,exact,Sulpiride,Sulpiride,1.0,23,23,exact,exact,Sulpiride,False,False,False,False,1.0,True,True,0,1,,,,[H]NS(=O)(=O)c1ccc(OC)c(C(=O)NCC2CCCN2CC)c1
tafamidis_cid11001318,,,tafamidis_cid11001318.png,high,high,0.9196270424419349,exact,Tafamidis,Tafamidis,1.0,20,20,exact,exact,Tafamidis,False,False,False,False,1.0,True,True,0,1,,,,[H]OC(=O)c1ccc2nc(-c3cc(Cl)cc(Cl)c3)oc2c1
tafluprost_cid9868491,,,tafluprost_cid9868491.png,high,high,0.9037908357110181,stereo,Tafluprost,Tafluprost,1.0,32,32,stereo,stereo,Tafluprost,False,False,False,False,1.0,True,True,0,1,,,,[H]/C(CCCC(=O)OC(C)C)=C(\[H])C[C@@H]1[C@@H](C([H])=C([H])C(F)(F)COc2ccccc2)[C@H](O)C[C@@H]1O
talabostat_cid6918572,,,talabostat_cid6918572.png,high,high,0.8642470538455637,exact,Talabostat,Talabostat,1.0,15,15,exact,exact,Talabostat,False,False,False,False,1.0,True,True,0,1,,,,[H]N[C@H](C(=O)N1CCC[C@@]1([H])B(O[H])O[H])C(C)C
tasimelteon_cid10220503,,,tasimelteon_cid10220503.png,high,high,0.8966451149936684,exact,Tasimelteon,Tasimelteon,1.0,18,18,exact,exact,Tasimelteon,False,False,False,False,1.0,True,True,0,1,,,,[H]N(C[C@@H]1C[C@@]1([H])c1cccc2c1CCO2)C(=O)CC
tedizolid_cid11234049,,,tedizolid_cid11234049.png,high,high,0.8939419861769742,exact,Tedizolid,Tedizolid,1.0,27,27,exact,exact,Tedizolid,False,False,False,False,1.0,True,True,0,1,,,,Cn1nnc(-c2ccc(-c3ccc(N4C[C@H](CO)OC4=O)cc3F)cn2)n1
tegoprazan_cid23582846,,,tegoprazan_cid23582846.png,high,high,0.8973046990612974,exact,Tegoprazan,Tegoprazan,1.0,28,28,exact,exact,Tegoprazan,False,False,False,False,1.0,True,True,0,1,,,,Cc1nc2c(O[C@H]3CCOc4cc(F)cc(F)c43)cc(C(=O)N(C)C)cc2[nH]1
teicoplanin_a2_2_cid16198036,,,teicoplanin_a2_2_cid16198036.png,low,low,5.306342282795157e-09,invalid,,,,,,invalid,invalid,,False,False,False,False,,False,,,,,,,CCNC1C(O[CH]CNC[CH]CC=C(O)C=COC2C(O)C(O)[CH]34(O)O[CH]35(C2O)C(O)C45)OC(CO)C(O)C1O.CCOCCC(OCC(CO)C(O)[CH]1(O)C2NC34(=O)=O=C(OC1C2O)C3CC1C2CC3C567CC38(C)(C5)C6C(C1C2CC4)C78)=C1C23C145N167[H]N89[H]1N24([H]86)C3957CNCC=CC=C(C)O
temsavir_cid11317439,,,temsavir_cid11317439.png,high,high,0.9010001094514318,exact,Temsavir,Temsavir,1.0,35,35,exact,exact,Temsavir,False,False,False,False,1.0,True,True,0,1,,,,COc1cnc(-n2cnc(C)n2)c2[nH]cc(C(=O)C(=O)N3CCN(C(=O)c4ccccc4)CC3)c12
tenapanor_cid71587953,,,tenapanor_cid71587953.png,low,low,8.983849195534172e-10,invalid,,,,,,invalid,invalid,,False,False,False,False,,False,,,,,,,*C1=CC2=C(C=C(C)C[CH]23C2=C4=C5=C23C4=C[CH]23(C5)OC2(=O)O3C(O)CCC=CCC=CCC2(=O)=O=C(=O)(CCCCC(=O)C(C)(O)(O)C(=O)CC=CCCCCC3C4O=S43(=O)(=O)C3C4=CC=CC(C5CC(C)CC67=C8(O)(=C6=C8)C=C(O)C=C57)=C43)C2O)C(*)=C1.O.O |$Rb;;;;;;;;;;;;;;;;;;;;;;;;;;;;;;;;;;;;;;;;;;;;;;;;;;;;;;;;;;;;;;;;;;;;;;;;;;;;;;;;;;;;;;;Rb;;;$|
teneligliptin_cid11949652,,,teneligliptin_cid11949652.png,high,high,0.8912919531900889,exact,Teneligliptin,Teneligliptin,1.0,30,30,exact,exact,Teneligliptin,False,False,False,False,1.0,True,True,0,1,,,,Cc1cc(N2CCN([C@@H]3CN[C@H](C(=O)N4CCSC4)C3)CC2)n(-c2ccccc2)n1
tenofovir_cid464205,,,tenofovir_cid464205.png,high,high,0.8592191089427281,wrong,,Tenofovir,0.977,19,19,exact,exact,Tenofovir,False,True,False,False,1.0,False,False,3,4,[H].[H].[H],,,"[H].[H].[H].[H]OP(=O)(O)CO[C@H](C)Cn1cnc2c(N)ncnc21 |^1:0,1,2|"
tesetaxel_cid6918574,,,tesetaxel_cid6918574.png,low,low,0.571833876750988,stereo,Tesetaxel,Tesetaxel,1.0,63,63,stereo,stereo,Tesetaxel,False,False,False,False,1.0,True,True,0,1,,,,[H][C@]12O[C@H](CN(C)C)O[C@@]1([H])C1=C(C)[C@@H](OC(=O)[C@H](O)[C@@H](NC(=O)OC(C)(C)C)c3ncccc3F)C[C@@](O)([C@@H](OC(=O)c3ccccc3)[C@]3([H])[C@@]2(C)CC[C@]2([H])OC[C@@]32OC(C)=O)C1(C)C
testosterone_enanthate_cid9416,,,testosterone_enanthate_cid9416.png,low,low,0.7491348804760547,stereo,Testosterone Enanthate,Testosterone Enanthate,1.0,29,29,stereo,stereo,Testosterone Enanthate,False,False,False,False,1.0,True,True,0,1,,,,[H][C@]12CCC3=CC(=O)CC[C@]3(C)[C@@]1([H])CC[C@]1(C)[C@@H](OC(=O)CCCCCC)CC[C@@]21[H]
testosterone_propionate_cid5995,,,testosterone_propionate_cid5995.png,low,low,0.6582829499249813,exact,Testosterone Propionate,Testosterone Propionate,1.0,25,25,exact,exact,Testosterone Propionate,False,False,False,False,1.0,True,True,0,1,,,,[H][C@@]12CCC3=CC(=O)CC[C@]3(C)[C@@]1([H])CC[C@]1(C)[C@@H](OC(=O)CC)CC[C@@]21[H]
testosterone_undecanoate_cid65157,,,testosterone_undecanoate_cid65157.png,low,low,0.3597937756327033,invalid,,,,,,invalid,invalid,,False,False,False,False,,False,,,,,,,[H]C12CCC3(C)C(OC(=O)CCCCCCCCCC)CCC34([H])[H]C14CCC1=CC(=O)CCC12C
thiamphenicol_cid27200,,,thiamphenicol_cid27200.png,high,high,0.8934642763264438,exact,Thiamphenicol,Thiamphenicol,1.0,21,21,exact,exact,Thiamphenicol,False,False,False,False,1.0,True,True,0,1,,,,[H]N(C(=O)C(Cl)Cl)[C@H](CO)[C@H](O)c1ccc(S(C)(=O)=O)cc1
thimerosal_cid16684434,,,thimerosal_cid16684434.png,low,low,0.75051181681563,wrong,,Thimerosal,0.632,14,14,wrong,wrong,,False,False,False,False,0.632,False,True,0,1,,,,"C[CH2][Hg][S]c1ccccc1C(=O)[O-][Na+] |13,C:12.13|"
thiopental_cid3000715,,,thiopental_cid3000715.png,high,high,0.9019622526053691,exact,Thiopental,Thiopental,1.0,16,16,exact,exact,Thiopental,False,False,False,False,1.0,True,True,0,1,,,,[H]N1C(=O)C(CC)(C(C)CCC)C(=O)N([H])C1=S
thiotepa_cid5453,,,thiotepa_cid5453.png,high,high,0.84368108936876,exact,Thiotepa,Thiotepa,1.0,11,11,exact,exact,Thiotepa,False,False,False,False,1.0,True,True,0,1,,,,S=P(N1CC1)(N1CC1)N1CC1
tildipirosin_cid24860548,,,tildipirosin_cid24860548.png,low,low,0.3977672790394011,wrong,,Tildipirosin,0.295,50,52,wrong,wrong,,False,False,False,False,0.295,False,False,3,2,,,,CC12CN3CCC1CC32.[H]/C=C(/[H])C(=C)[C@H](C)C[C@H](CCN1CCCCC1)[C@H](O[C@@H]1O[C@H](C)[C@@H](O)[C@H](N(C)C)[C@H]1O)[C@@H](C)[C@H](O)CC(=O)O[CH]CC |^1:49|
tilmicosin_cid5282521,,,tilmicosin_cid5282521.png,low,low,0.7463476258826085,stereo,Tilmicosin,Tilmicosin,1.0,61,61,stereo,stereo,Tilmicosin,False,False,False,False,1.0,True,True,0,1,,,,[H]/C1=C([H])\C(C)=C\[C@H](CO[C@@H]2O[C@H](C)[C@@H](O)[C@@H](OC)[C@H]2OC)[C@@H](CC)OC(=O)C[C@@H](O)[C@H](C)[C@@H](O[C@H]2O[C@H](C)[C@@H](O)[C@H](N(C)C)[C@H]2O)[C@@H](CCN2C[C@H](C)C[C@H](C)C2)C[C@@H](C)C1=O
tirofiban_hydrochloride_anhydrous_cid64781,,,tirofiban_hydrochloride_anhydrous_cid64781.png,high,high,0.9097243896542132,exact,Tirofiban hydrochloride anhydrous,Tirofiban hydrochloride anhydrous,1.0,31,31,exact,exact,Tirofiban hydrochloride anhydrous,False,False,False,False,1.0,True,True,0,2,,,,CCCCS(=O)(=O)N[C@@H](Cc1ccc(OCCCCC2CCNCC2)cc1)C(=O)O.[H]Cl
tofogliflozin_cid46908929,,,tofogliflozin_cid46908929.png,low,low,0.4037388896397833,wrong,,Tofogliflozin,1.0,28,28,exact,exact,Tofogliflozin,False,True,False,False,1.0,False,False,3,4,[H].[H].[H],,,"[H].[H].[H].[H]O[C@H]1[C@H](O)[C@@H](CO)O[C@]2(OCc3ccc(Cc4ccc(CC)cc4)cc32)[C@@H]1O |^1:0,1,2|"
tolazoline_cid5504,,,tolazoline_cid5504.png,high,high,0.8989092091532451,exact,Tolazoline,Tolazoline,1.0,12,12,exact,exact,Tolazoline,False,False,False,False,1.0,True,True,0,1,,,,[H]N1CCN=C1Cc1ccccc1
tolbutamide_cid5505,,,tolbutamide_cid5505.png,high,high,0.8912337320384891,exact,Tolbutamide,Tolbutamide,1.0,18,18,exact,exact,Tolbutamide,False,False,False,False,1.0,True,True,0,1,,,,CCCCNC(=O)NS(=O)(=O)c1ccc(C)cc1
tolperisone_cid5511,,,tolperisone_cid5511.png,high,high,0.9051862128908333,exact,Tolperisone,Tolperisone,1.0,18,18,exact,exact,Tolperisone,False,False,False,False,1.0,True,True,0,1,,,,Cc1ccc(C(=O)C(C)CN2CCCCC2)cc1
tolterodine_tartrate_cid443878,,,tolterodine_tartrate_cid443878.png,low,low,0.4310344496307037,invalid,,,,,,invalid,invalid,,False,False,False,False,,False,,,,,,,CC1=CC(C(CCN(C(C)C)C(C)C)C2=CC=CC=C2)=C(O)C=C1.O=C(O)[H](O)C(O)C(=O)O.[H].[H]
torasemide_cid41781,,,torasemide_cid41781.png,high,high,0.8863451577847551,wrong,,Torasemide,0.979,24,24,exact,exact,Torasemide,False,True,False,False,1.0,False,False,4,3,[HH].[HH],,,Cc1cccc(Nc2ccncc2S(=O)(=O)NC(=O)NC(C)C)c1.[HH].[HH]
tranylcypromine_cid5530,,,tranylcypromine_cid5530.png,low,low,0.7850612417922189,exact,Tranylcypromine,Tranylcypromine,1.0,10,10,exact,exact,Tranylcypromine,False,False,False,False,1.0,True,True,0,1,,,,[H]NC1CC1c1ccccc1
trehalose_cid7427,,,trehalose_cid7427.png,high,high,0.8774005860476674,wrong,,Trehalose,1.0,23,23,exact,exact,Trehalose,False,True,False,False,1.0,False,False,3,4,[H].[H].[H],,,"[H].[H].[H].[H]O[C@H]1[C@@H](O[C@H]2O[C@H](CO)[C@@H](O)[C@H](O[H])[C@H]2O[H])O[C@H](CO)[C@@H](O[H])[C@@H]1O |^1:0,1,2|"
trelagliptin_cid15983988,,,trelagliptin_cid15983988.png,high,high,0.8850774291926887,wrong,,Trelagliptin,0.981,26,26,exact,exact,Trelagliptin,False,True,False,False,1.0,False,False,1,2,[H],,,[H].[H]N[C@@H]1CCCN(c2cc(=O)n(C)c(=O)n2Cc2cc(F)ccc2C#N)C1 |^1:0|
trenbolone_cid25015,,,trenbolone_cid25015.png,low,low,0.8036063843320178,exact,Trenbolone,Trenbolone,1.0,20,20,exact,exact,Trenbolone,False,False,False,False,1.0,True,True,0,1,,,,[H][C@@]12CC[C@H](O)[C@@]1(C)C=CC1=C3CCC(=O)C=C3CC[C@]12[H]
trifarotene_cid11518241,,,trifarotene_cid11518241.png,high,high,0.9178525026901851,wrong,,Trifarotene,0.981,34,34,exact,exact,Trifarotene,False,True,False,False,1.0,False,False,2,2,[HH],,,CC(C)(C)c1cc(-c2cc(-c3ccc(C(=O)O)cc3)ccc2OCCO)ccc1N1CCCC1.[HH]
trifluridine_cid6256,,,trifluridine_cid6256.png,high,high,0.874069707965842,exact,Trifluridine,Trifluridine,1.0,20,20,exact,exact,Trifluridine,False,False,False,False,1.0,True,True,0,1,,,,[H]OC[C@H]1O[C@@H](n2cc(C(F)(F)F)c(=O)n([H])c2=O)C[C@@H]1O[H]
trilostane_cid656583,,,trilostane_cid656583.png,low,low,0.1488668534690999,wrong,,Trilostane,1.0,24,24,exact,exact,Trilostane,False,True,False,False,1.0,False,False,2,3,[H].[H],,,"[H].[H].[H][C@@]12CC[C@@]34O[C@]3([H])C(O)=C(C#N)C[C@]4(C)[C@@]1([H])CC[C@]1(C)[C@@H](O)CC[C@@]21[H] |^1:0,1|"
trimebutine_maleate_cid5388977,,,trimebutine_maleate_cid5388977.png,high,high,0.8901548757132173,exact,Trimebutine Maleate,Trimebutine Maleate,1.0,36,36,exact,exact,Trimebutine Maleate,False,False,False,False,1.0,True,True,0,2,,,,CCC(COC(=O)c1cc(OC)c(OC)c(OC)c1)(c1ccccc1)N(C)C.[H]/C(C(=O)O)=C(\[H])C(=O)O
trimedoxime_cid135539427,,,trimedoxime_cid135539427.png,high,high,0.8814795217576129,wrong,,Trimedoxime,0.958,21,21,exact,exact,Trimedoxime,False,True,False,False,1.0,False,False,1,2,[H],,,[H].[H]O/N=C(\[H])c1cc[n+](CCC[n+]2ccc(/C([H])=N/O)cc2)cc1 |^1:0|
triplatin_cid71587574,,,triplatin_cid71587574.png,low,low,0.5600947044480327,wrong,,Triplatin,0.308,23,27,wrong,wrong,,False,False,False,False,0.308,False,False,19,32,[HH].[HH].[HH].[H].[H].[H].[H].[H].[H].[H].[H].[H].[H].[H].[H].[H].[H].[H].[H].[H].[H].[H][H],[Cl].[Cl].[Pt].[Pt].[Pt].[Pt],,"[Cl].[Cl].[Cl].[HH].[HH].[HH].[H].[H].[H].[H].[H].[H].[H].[H].[H].[H].[H].[H].[H].[H].[H].[H].[H].[H].[H]CCCCCCN.[H][H].[NH3+]CCCCCC[NH3+].[Pt].[Pt].[Pt].[Pt].[Pt] |^1:0,1,2,6,7,8,9,10,11,12,13,14,15,16,17,18,19,20,21,22,23|"
tris_hydroxymethyl_aminomethane_cid6503,,,tris_hydroxymethyl_aminomethane_cid6503.png,high,high,0.8753725871043924,exact,Tris(hydroxymethyl)aminomethane,Tris(hydroxymethyl)aminomethane,1.0,8,8,exact,exact,Tris(hydroxymethyl)aminomethane,False,False,False,False,1.0,True,True,0,1,,,,[H]OCC(CO[H])(CO[H])N([H])[H]
tromantadine_cid64377,,,tromantadine_cid64377.png,high,high,0.8816672590658178,exact,Tromantadine,Tromantadine,1.0,20,20,exact,exact,Tromantadine,False,False,False,False,1.0,True,True,0,1,,,,CN(C)CCOCC(=O)NC12CC3CC(CC(C3)C1)C2
trypan_blue_cid4407718,,,trypan_blue_cid4407718.png,high,high,0.8447819196962337,wrong,,Trypan blue,0.5,61,58,wrong,wrong,,False,False,False,False,0.5,False,False,22,7,,O.O.O.O,,O.O.O.O.O.OO.[H]Nc1cc(SO)cc2cc(SO)c(/N=N/c3ccc(-c4ccc(/N=N/c5c([SH](=O)([O-])O)cc6cc(S(O)(O)O)cc(N[H])c6c5O)c(C)c4)cc3C)c(O)c12
tulathromycin_cid9832301,,,tulathromycin_cid9832301.png,low,low,0.3732470422624746,stereo,Tulathromycin,Tulathromycin,1.0,56,56,stereo,stereo,Tulathromycin,False,False,False,False,1.0,True,True,0,1,,,,[H]N(CCC)C[C@]1(O)[C@H](C)O[C@@H](O[C@H]2[C@H](C)[C@@H](O[C@@H]3O[C@H](C)C[C@H](N(C)C)[C@H]3O)[C@@](C)(O)C[C@@H](C)CN[C@H](C)[C@@H](O)[C@@](C)(O)[C@@H](CC)OC(=O)[C@@H]2C)C[C@@]1(C)OC
ulipristal_acetate_cid130904,,,ulipristal_acetate_cid130904.png,low,low,0.8423218016847288,exact,Ulipristal Acetate,Ulipristal Acetate,1.0,35,35,exact,exact,Ulipristal Acetate,False,False,False,False,1.0,True,True,0,1,,,,[H][C@@]12CC[C@](OC(C)=O)(C(C)=O)[C@@]1(C)C[C@H](c1ccc(N(C)C)cc1)C1=C3CCC(=O)C=C3CC[C@]12[H]
ulonivirine_cid73505111,,,ulonivirine_cid73505111.png,high,high,0.905004877542246,exact,Ulonivirine,Ulonivirine,1.0,33,33,exact,exact,Ulonivirine,False,False,False,False,1.0,True,True,0,1,,,,N#Cc1cc(Cl)cc(Oc2c(C(F)(F)F)ncn(Cc3cc(C(F)(F)F)c(=O)[nH]n3)c2=O)c1
unithiol_cid2724039,,,unithiol_cid2724039.png,low,low,0.3002552268752435,wrong,,Unithiol,0.281,10,10,wrong,wrong,,False,False,False,False,0.281,False,False,3,2,[HH],,,[HH].[H][SH-]CC(S)CS(=O)(=O)[O][Na+] |11|
ursodeoxycholic_acid_cid31401,,,ursodeoxycholic_acid_cid31401.png,low,low,0.2871207303570567,wrong,,Ursodeoxycholic Acid,1.0,28,28,stereo,stereo,Ursodeoxycholic Acid,False,True,False,False,1.0,False,False,1,2,[H],,,[H].[H][C@]12C[C@H](O)CC[C@]1(C)[C@@]1([H])CC[C@@]3(C)[C@@]([H])(CC[C@]3([H])[C@H](C)CCC(=O)O)[C@@]1([H])[C@@H](O)C2 |^1:0|
valacyclovir_hydrochloride_cid135398741,,,valacyclovir_hydrochloride_cid135398741.png,high,high,0.8816897446350856,wrong,,Valacyclovir Hydrochloride,0.98,24,24,exact,exact,Valacyclovir Hydrochloride,False,True,False,False,1.0,False,False,3,5,[H].[H].[H],,,"[H].[H].[H].[H]Cl.[H]N[C@H](C(=O)OCCOCn1cnc2c(=O)[nH]c(N)nc21)C(C)C |^1:0,1,2|"
vandetanib_cid3081361,,,vandetanib_cid3081361.png,high,high,0.8947769763617484,exact,Vandetanib,Vandetanib,1.0,30,30,exact,exact,Vandetanib,False,False,False,False,1.0,True,True,0,1,,,,COc1cc2c(Nc3ccc(Br)cc3F)ncnc2cc1OCC1CCN(C)CC1
vardenafil_hydrochloride_cid135438569,,,vardenafil_hydrochloride_cid135438569.png,high,high,0.90244517166096,exact,Vardenafil Hydrochloride,Vardenafil Hydrochloride,1.0,35,35,exact,exact,Vardenafil Hydrochloride,False,False,False,False,1.0,True,True,0,2,,,,CCCc1nc(C)c2c(=O)[nH]c(-c3cc(S(=O)(=O)N4CCN(CC)CC4)ccc3OCC)nn12.[H]Cl
varenicline_tartrate_cid6918678,,,varenicline_tartrate_cid6918678.png,low,low,0.5883548628076857,wrong,,Varenicline Tartrate,0.971,26,26,exact,exact,Varenicline Tartrate,False,True,False,False,1.0,False,False,2,4,[H].[H],,,"O=C(O)[C@H](O)[C@@H](O)C(=O)O.[H].[H].[H]N1C[C@@]2([H])C[C@@]([H])(C1)c1cc3nccnc3cc12 |^1:10,11|"
veliparib_cid11960529,,,veliparib_cid11960529.png,high,high,0.899499712940567,exact,Veliparib,Veliparib,1.0,18,18,exact,exact,Veliparib,False,False,False,False,1.0,True,True,0,1,,,,[H]NC(=O)c1cccc2c1nc([C@@]1(C)CCCN1[H])n2[H]
vilanterol_cid10184665,,,vilanterol_cid10184665.png,low,low,0.8008687033645542,stereo,Vilanterol,Vilanterol,1.0,32,32,stereo,stereo,Vilanterol,False,False,False,False,1.0,True,True,0,1,,,,OCc1cc([C@H](O)CNCCCCCCOCCOCc2c(Cl)cccc2Cl)ccc1O
vildagliptin_cid6918537,,,vildagliptin_cid6918537.png,high,high,0.8603415538319501,exact,Vildagliptin,Vildagliptin,1.0,22,22,exact,exact,Vildagliptin,False,False,False,False,1.0,True,True,0,1,,,,[H]N(CC(=O)N1CCC[C@H]1C#N)C12CC3CC(CC(O)(C3)C1)C2
vismodegib_cid24776445,,,vismodegib_cid24776445.png,high,high,0.917329437366192,exact,Vismodegib,Vismodegib,1.0,27,27,exact,exact,Vismodegib,False,False,False,False,1.0,True,True,0,1,,,,CS(=O)(=O)c1ccc(C(=O)Nc2ccc(Cl)c(-c3ccccn3)c2)c(Cl)c1
vitamin_d3_cid5280795,,,vitamin_d3_cid5280795.png,high,high,0.860817478304335,exact,Vitamin D3,Vitamin D3,1.0,28,28,exact,exact,Vitamin D3,False,False,False,False,1.0,True,True,0,1,,,,[H]C(=C1\C[C@@H](O)CCC1=C)/C([H])=C1\CCC[C@@]2(C)[C@@]1([H])CC[C@]2([H])[C@H](C)CCCC(C)C
voclosporin_cid6918486,,,voclosporin_cid6918486.png,low,low,0.698328014361291,wrong,,Voclosporin,0.753,87,86,wrong,wrong,,False,False,False,False,0.753,False,False,1,2,,,,C=C/C=C/C[C@@H](C)C(=O)O.[H]C1C(=O)N[C@@H](CC)C(=O)N(C)CC(=O)N(C)[C@H](CC(C)C)C(=O)N[C@H](C(C)C)C(=O)N(C)[C@H](CC(C)C)C(=O)N[C@H](C)C(=O)N[C@H](C)C(=O)N(C)[C@@H](CC(C)C)C(=O)N(C)[C@@H](CC(C)C)C(=O)N(C)[C@@H](C(C)C)C(=O)N1C
vonoprazan_cid15981397,,,vonoprazan_cid15981397.png,high,high,0.894131258344817,exact,Vonoprazan,Vonoprazan,1.0,24,24,exact,exact,Vonoprazan,False,False,False,False,1.0,True,True,0,1,,,,CNCc1cc(-c2ccccc2F)n(S(=O)(=O)c2cccnc2)c1
vorapaxar_sulfate_cid10077129,,,vorapaxar_sulfate_cid10077129.png,low,low,0.434728478390307,stereo,Vorapaxar Sulfate,Vorapaxar Sulfate,1.0,41,41,stereo,stereo,Vorapaxar Sulfate,False,False,False,False,1.0,True,True,0,2,,,,O=S(=O)(O)O.[H]/C(=C(/[H])[C@@H]1[C@@]2([H])[C@@H](C)OC(=O)[C@@]2([H])C[C@@]2([H])C[C@H](NC(=O)OCC)CC[C@@]12[H])c1ccc(-c2cccc(F)c2)cn1
voriconazole_cid71616,,,voriconazole_cid71616.png,high,high,0.8961777268718402,exact,Voriconazole,Voriconazole,1.0,25,25,exact,exact,Voriconazole,False,False,False,False,1.0,True,True,0,1,,,,[H]O[C@@](Cn1cncn1)(c1ccc(F)cc1F)[C@@H](C)c1ncncc1F
vorinostat_cid5311,,,vorinostat_cid5311.png,high,high,0.9030348146205956,wrong,,Vorinostat,0.964,19,19,exact,exact,Vorinostat,False,True,False,False,1.0,False,False,4,3,[HH].[HH],,,O=C(CCCCCCC(=O)Nc1ccccc1)NO.[HH].[HH]
vortioxetine_cid9966051,,,vortioxetine_cid9966051.png,high,high,0.9094215514544837,exact,Vortioxetine,Vortioxetine,1.0,21,21,exact,exact,Vortioxetine,False,False,False,False,1.0,True,True,0,1,,,,[H]N1CCN(c2ccccc2Sc2ccc(C)cc2C)CC1
voxelotor_cid71602803,,,voxelotor_cid71602803.png,high,high,0.8988017614068214,wrong,,Voxelotor,0.98,25,25,exact,exact,Voxelotor,False,True,False,False,1.0,False,False,1,2,[H],,,[H].[H]C(=O)c1c(O)cccc1OCc1cccnc1-c1ccnn1C(C)C |^1:0|
zanamivir_cid60855,,,zanamivir_cid60855.png,low,low,0.8285262290347737,wrong,,Zanamivir,0.978,23,23,exact,exact,Zanamivir,False,True,False,False,1.0,False,False,6,7,[H].[H].[H].[H].[H].[H],,,"[H].[H].[H].[H].[H].[H].[H]NC(N)=N[C@H]1C=C(C(=O)O)O[C@@]([H])([C@H](O)[C@H](O)CO)[C@@H]1NC(C)=O |^1:0,1,2,3,4,5|"
zanubrutinib_cid135565884,,,zanubrutinib_cid135565884.png,low,low,0.5618588264618126,wrong,,Zanubrutinib,0.984,35,35,exact,exact,Zanubrutinib,False,True,False,False,1.0,False,False,2,3,[H].[H],,,"[H].[H].[H][C@@]1(C2CCN(C(=O)C=C)CC2)CCNc2c(C(N)=O)c(-c3ccc(Oc4ccccc4)cc3)nn21 |^1:0,1|"
zavegepant_cid53472683,,,zavegepant_cid53472683.png,high,high,0.9110002065776348,exact,Zavegepant,Zavegepant,1.0,47,47,exact,exact,Zavegepant,False,False,False,False,1.0,True,True,0,1,,,,Cc1cc(C[C@@H](NC(=O)N2CCC(c3cc4ccccc4[nH]c3=O)CC2)C(=O)N2CCN(C3CCN(C)CC3)CC2)cc2cn[nH]c12
zidebactam_cid77846445,,,zidebactam_cid77846445.png,low,low,0.7259500557749816,wrong,,Zidebactam,0.537,28,26,wrong,wrong,,False,False,False,False,0.537,False,False,7,3,[HH].[H],,,[HH].[H].[H][C@@]12CC[C@@H](C(=O)NNC(=O)[C@@H]3CCCNC3)C13CN(C3)C(=O)N2OS(=O)(=O)O |^1:1|
zifrosilone_cid60811,,,zifrosilone_cid60811.png,high,high,0.8726830603082023,exact,Zifrosilone,Zifrosilone,1.0,16,16,exact,exact,Zifrosilone,False,False,False,False,1.0,True,True,0,1,,,,C[Si](C)(C)c1cccc(C(=O)C(F)(F)F)c1
zileuton_cid60490,,,zileuton_cid60490.png,high,high,0.9046497505726062,exact,Zileuton,Zileuton,1.0,16,16,exact,exact,Zileuton,False,False,False,False,1.0,True,True,0,1,,,,[H]NC(=O)N(O[H])C(C)c1cc2ccccc2s1
ziprasidone_hydrochloride_cid219099,,,ziprasidone_hydrochloride_cid219099.png,high,high,0.9054236681443307,exact,Ziprasidone Hydrochloride,Ziprasidone Hydrochloride,1.0,29,29,exact,exact,Ziprasidone Hydrochloride,False,False,False,False,1.0,True,True,0,2,,,,O=C1Cc2cc(CCN3CCN(c4nsc5ccccc45)CC3)c(Cl)cc2N1.[H]Cl
zofenopril_cid92400,,,zofenopril_cid92400.png,high,high,0.9042319785411475,exact,Zofenopril,Zofenopril,1.0,29,29,exact,exact,Zofenopril,False,False,False,False,1.0,True,True,0,1,,,,C[C@H](CSC(=O)c1ccccc1)C(=O)N1C[C@@H](Sc2ccccc2)C[C@H]1C(=O)O
zolmitriptan_cid60857,,,zolmitriptan_cid60857.png,high,high,0.906939589990359,exact,Zolmitriptan,Zolmitriptan,1.0,21,21,exact,exact,Zolmitriptan,False,False,False,False,1.0,True,True,0,1,,,,CN(C)CCc1c[nH]c2ccc(C[C@H]3COC(=O)N3)cc12
zotiraciclib_cid16739650,,,zotiraciclib_cid16739650.png,high,high,0.8898068910337112,exact,Zotiraciclib,Zotiraciclib,1.0,28,28,exact,exact,Zotiraciclib,False,False,False,False,1.0,True,True,0,1,,,,[H]/C1=C(\[H])CN(C)Cc2cccc(c2)Nc2nccc(n2)-c2cccc(c2)OCC1
