group,figure,segment,file_name,tier,tier_by_threshold,confidence,verdict,matched_name,closest_name,closest_tanimoto,pred_heavy,closest_heavy,grade,grade_largest,graded_match,decoded,dephantom,dedup,largest,best_tanimoto,skeleton_match,formula_match,elem_delta,n_fragments,phantom_frags,duplicate_frags,dropped_by_largest,smiles
1_2_2_difluoro_1_3_benzodioxol_5_yl_n_1_2r_2_3_dihydroxyprop_cid46199646,,,1_2_2_difluoro_1_3_benzodioxol_5_yl_n_1_2r_2_3_dihydroxyprop_cid46199646.png,low,low,0.4916269387089779,wrong,,"1-(2,2-Difluoro-1,3-benzodioxol-5-yl)-N-(1-((2R)-2,3-dihydroxypropyl)-6-fluoro-2-(2-hydroxy-1,1-dimethylethyl)-1H-indol-5-yl)cyclopropanecarboxamide",0.773,37,37,wrong,wrong,,False,False,False,False,0.773,False,False,2,2,,,,CC(C)(CO)c1cc2cc(NC(=O)C3(c4ccc5c(c4)OC(F)(F)O5)CC3)c(F)cc2n1CCCO.O
2_3_cyclic_guanosine_monophosphate_adenosine_monophosphate_cid135564529,,,2_3_cyclic_guanosine_monophosphate_adenosine_monophosphate_cid135564529.png,low,low,0.677013135940724,stereo,2'3'-Cyclic guanosine monophosphate-adenosine monophosphate,2'3'-Cyclic guanosine monophosphate-adenosine monophosphate,1.0,45,45,stereo,stereo,2'3'-Cyclic guanosine monophosphate-adenosine monophosphate,False,False,False,False,1.0,True,True,0,1,,,,[H][C@]12COP(=O)(O)O[C@@]3([H])[C@@H](O)[C@H](n4cnc5c(N)ncnc54)O[C@]3([H])COP(=O)(O)OC([C@H](n3cnc4c(=O)[nH]c(N)nc43)O1)[C@]2([H])O
2_deoxy_4_c_ethynyl_2_fluoroadenosine_cid6483431,,,2_deoxy_4_c_ethynyl_2_fluoroadenosine_cid6483431.png,high,high,0.8833186494564981,exact,2'-Deoxy-4'-C-ethynyl-2-fluoroadenosine,2'-Deoxy-4'-C-ethynyl-2-fluoroadenosine,1.0,21,21,exact,exact,2'-Deoxy-4'-C-ethynyl-2-fluoroadenosine,False,False,False,False,1.0,True,True,0,1,,,,C#C[C@]1(CO)O[C@@H](n2cnc3c(N)nc(F)nc32)C[C@@H]1O
2_naphthacenecarboxamide_4_dimethylamino_1_4_4a_5_5a_6_11_12_cid54704426,,,2_naphthacenecarboxamide_4_dimethylamino_1_4_4a_5_5a_6_11_12_cid54704426.png,low,low,0.8235142217229506,exact,"2-Naphthacenecarboxamide, 4-(dimethylamino)-1,4,4a,5,5a,6,11,12a-octahydro-3,6,10,12,12a-pentahydroxy-6-methyl-1,11-dioxo-, hydrochloride (1:1), (4S,4aS,5aS,6S,12aS)-","2-Naphthacenecarboxamide, 4-(dimethylamino)-1,4,4a,5,5a,6,11,12a-octahydro-3,6,10,12,12a-pentahydroxy-6-methyl-1,11-dioxo-, hydrochloride (1:1), (4S,4aS,5aS,6S,12aS)-",1.0,33,33,exact,exact,"2-Naphthacenecarboxamide, 4-(dimethylamino)-1,4,4a,5,5a,6,11,12a-octahydro-3,6,10,12,12a-pentahydroxy-6-methyl-1,11-dioxo-, hydrochloride (1:1), (4S,4aS,5aS,6S,12aS)-",False,False,False,False,1.0,True,True,0,2,,,,Cl.[H][C@]12C[C@@]3([H])[C@H](N(C)C)C(=O)C(C(N)=O)=C(O)[C@@]3(O)C(=O)C1=C(O)c1c(O)cccc1[C@@]2(C)O
3_4_diaminopyridine_cid5918,,,3_4_diaminopyridine_cid5918.png,high,high,0.9155697887238665,exact,"3,4-Diaminopyridine","3,4-Diaminopyridine",1.0,8,8,exact,exact,"3,4-Diaminopyridine",False,False,False,False,1.0,True,True,0,1,,,,Nc1ccncc1N
4_dimethylamino_phenol_cid22174,,,4_dimethylamino_phenol_cid22174.png,high,high,0.8921055350145323,exact,4-(Dimethylamino)phenol,4-(Dimethylamino)phenol,1.0,10,10,exact,exact,4-(Dimethylamino)phenol,False,False,False,False,1.0,True,True,0,1,,,,CN(C)c1ccc(O)cc1
4_methoxyphenol_cid9015,,,4_methoxyphenol_cid9015.png,low,low,0.8393259602466224,exact,4-Methoxyphenol,4-Methoxyphenol,1.0,9,9,exact,exact,4-Methoxyphenol,False,False,False,False,1.0,True,True,0,1,,,,COc1ccc(O)cc1
4_methylpyrazole_cid3406,,,4_methylpyrazole_cid3406.png,high,high,0.9067224190904216,exact,4-Methylpyrazole,4-Methylpyrazole,1.0,6,6,exact,exact,4-Methylpyrazole,False,False,False,False,1.0,True,True,0,1,,,,Cc1cn[nH]c1
5_aza_2_deoxycytidine_cid451668,,,5_aza_2_deoxycytidine_cid451668.png,high,high,0.8832057063514721,exact,5-Aza-2'-deoxycytidine,5-Aza-2'-deoxycytidine,1.0,16,16,exact,exact,5-Aza-2'-deoxycytidine,False,False,False,False,1.0,True,True,0,1,,,,Nc1ncn([C@H]2C[C@H](O)[C@@H](CO)O2)c(=O)n1
6_2_5_dioxo_2_5_dihydro_1h_pyrrol_1_yl_n_s_1_s_1_4_s_7_metho_cid89396500,,,6_2_5_dioxo_2_5_dihydro_1h_pyrrol_1_yl_n_s_1_s_1_4_s_7_metho_cid89396500.png,low,low,0.749697543457946,exact,"6-(2,5-dioxo-2,5-dihydro-1H-pyrrol-1-yl)-N-((S)-1-(((S)-1-((4-((S)-7-methoxy-8-(3-(((S)-7-methoxy-2-(4-methoxyphenyl)-5-oxo-5,11a-dihydro-1H-benzo[e]pyrrolo[1,2-a][1,4]diazepin-8-yl)oxy)propoxy)-5-oxo-5,11a-dihydro-1H-benzo[e]pyrrolo[1,2-a][1,4]diazepin-2-yl)phenyl)amino)-1-oxopropan-2-yl)amino)-3-methyl-1-oxobutan-2-yl)hexanamide","6-(2,5-dioxo-2,5-dihydro-1H-pyrrol-1-yl)-N-((S)-1-(((S)-1-((4-((S)-7-methoxy-8-(3-(((S)-7-methoxy-2-(4-methoxyphenyl)-5-oxo-5,11a-dihydro-1H-benzo[e]pyrrolo[1,2-a][1,4]diazepin-8-yl)oxy)propoxy)-5-oxo-5,11a-dihydro-1H-benzo[e]pyrrolo[1,2-a][1,4]diazepin-2-yl)phenyl)amino)-1-oxopropan-2-yl)amino)-3-methyl-1-oxobutan-2-yl)hexanamide",1.0,80,80,exact,exact,"6-(2,5-dioxo-2,5-dihydro-1H-pyrrol-1-yl)-N-((S)-1-(((S)-1-((4-((S)-7-methoxy-8-(3-(((S)-7-methoxy-2-(4-methoxyphenyl)-5-oxo-5,11a-dihydro-1H-benzo[e]pyrrolo[1,2-a][1,4]diazepin-8-yl)oxy)propoxy)-5-oxo-5,11a-dihydro-1H-benzo[e]pyrrolo[1,2-a][1,4]diazepin-2-yl)phenyl)amino)-1-oxopropan-2-yl)amino)-3-methyl-1-oxobutan-2-yl)hexanamide",False,False,False,False,1.0,True,True,0,1,,,,[H][C@]12C=Nc3cc(OCCCOc4cc5c(cc4OC)C(=O)N4C=C(c6ccc(OC)cc6)C[C@@]4([H])C=N5)c(OC)cc3C(=O)N1C=C(c1ccc(NC(=O)[C@H](C)NC(=O)[C@@H](NC(=O)CCCCCN3C(=O)C=CC3=O)C(C)C)cc1)C2
7_ethyl_10_hydroxycamptothecin_cid104842,,,7_ethyl_10_hydroxycamptothecin_cid104842.png,high,high,0.8513376229096383,exact,7-Ethyl-10-Hydroxycamptothecin,7-Ethyl-10-Hydroxycamptothecin,1.0,29,29,exact,exact,7-Ethyl-10-Hydroxycamptothecin,False,False,False,False,1.0,True,True,0,1,,,,CCc1c2c(nc3ccc(O)cc13)-c1cc3c(c(=O)n1C2)COC(=O)[C@]3(O)CC
8_methoxypsoralen_cid4114,,,8_methoxypsoralen_cid4114.png,low,low,0.839543617716965,exact,8-Methoxypsoralen,8-Methoxypsoralen,1.0,16,16,exact,exact,8-Methoxypsoralen,False,False,False,False,1.0,True,True,0,1,,,,COc1c2occc2cc2ccc(=O)oc12
abacavir_sulfate_cid441384,,,abacavir_sulfate_cid441384.png,high,high,0.8759299024662767,exact,Abacavir Sulfate,Abacavir Sulfate,1.0,47,47,exact,exact,Abacavir Sulfate,False,False,False,False,1.0,True,True,0,3,,Nc1nc(NC2CC2)c2ncn([C@H]3C=C[C@@H](CO)C3)c2n1,,Nc1nc(NC2CC2)c2ncn([C@H]3C=C[C@@H](CO)C3)c2n1.Nc1nc(NC2CC2)c2ncn([C@H]3C=C[C@@H](CO)C3)c2n1.O=S(=O)(O)O
abarelix_cid16131215,,,abarelix_cid16131215.png,high,low,0.8721644955006825,invalid,,,,,,invalid,invalid,,False,False,False,False,,False,,,,,,,*C(=O)C(C)NC(=O)C1CCCN1C(=O)C(CCCCNC(C)C)NC(=O)C(CC(C)C)NC(=O)C(CC(N)=O)NC(=O)C(CC1=CC=C(O)C=C1)N(C)C(=O)C(CO)NC(=O)C(CC1=CN=CC=C1)NC(=O)C(CC1=CC=C(Cl)C=C1)NC(=O)C(CC12=CC3=CC=CC=C34C3=C1=C4=C=32)NC(C)=O |$Hal;;;;;;;;;;;;;;;;;;;;;;;;;;;;;;;;;;;;;;;;;;;;;;;;;;;;;;;;;;;;;;;;;;;;;;;;;;;;;;;;;;;;;;;;;;;;;;;;;;;;;;$|
abiraterone_cid132971,,,abiraterone_cid132971.png,high,high,0.8803088248870445,exact,Abiraterone,Abiraterone,1.0,26,26,exact,exact,Abiraterone,False,False,False,False,1.0,True,True,0,1,,,,[H][C@@]12CC=C3C[C@@H](O)CC[C@]3(C)[C@@]1([H])CC[C@]1(C)C(c3cccnc3)=CC[C@@]21[H]
abt_263_cid24978538,,,abt_263_cid24978538.png,high,high,0.8622745040288012,exact,Abt 263,Abt 263,1.0,65,65,exact,exact,Abt 263,False,False,False,False,1.0,True,True,0,1,,,,CC1(C)CCC(c2ccc(Cl)cc2)=C(CN2CCN(c3ccc(C(=O)NS(=O)(=O)c4ccc(N[C@H](CCN5CCOCC5)CSc5ccccc5)c(S(=O)(=O)C(F)(F)F)c4)cc3)CC2)C1
acamprosate_cid71158,,,acamprosate_cid71158.png,high,high,0.8462843043061529,exact,Acamprosate,Acamprosate,1.0,11,11,exact,exact,Acamprosate,False,False,False,False,1.0,True,True,0,1,,,,CC(=O)NCCCS(=O)(=O)O
acenocoumarol_cid54676537,,,acenocoumarol_cid54676537.png,high,high,0.8942402838064266,exact,Acenocoumarol,Acenocoumarol,1.0,26,26,exact,exact,Acenocoumarol,False,False,False,False,1.0,True,True,0,1,,,,CC(=O)CC(c1ccc([N+](=O)[O-])cc1)c1c(O)c2ccccc2oc1=O
acetohydroxamic_acid_cid1990,,,acetohydroxamic_acid_cid1990.png,high,high,0.9233055622179908,exact,Acetohydroxamic Acid,Acetohydroxamic Acid,1.0,5,5,exact,exact,Acetohydroxamic Acid,False,False,False,False,1.0,True,True,0,1,,,,CC(=O)NO
acetylcholine_cid187,,,acetylcholine_cid187.png,high,high,0.8747912849121258,exact,Acetylcholine,Acetylcholine,1.0,10,10,exact,exact,Acetylcholine,False,False,False,False,1.0,True,True,0,1,,,,CC(=O)OCC[N+](C)(C)C
afamelanotide_cid16197727,,,afamelanotide_cid16197727.png,low,low,0.0005818429197990844,invalid,,,,,,invalid,invalid,,False,False,False,False,,False,,,,,,,[CH]NC(=O)C(CCCNC(=N)N)NC(=O)C(CC1=CC=CC=C1)NC(=O)C(CC1=CN=CN1)NC(=O)C(CCC(=O)O)NC1(=O)C2C(CCC)[CH]13(CCCC)NC1(=O)=O=C(C4C(O)[CH]15(CO)NC(=O)[CH]16CC7(=CC=C(O)C=C7)C7=CC(O)=CC=C7CC(C(=O)N45)N1C1=O=C(=O)(N6)[CH](CO)(NC(C)=O)C(O)C1NC(C)=O)N23
afatinib_cid10184653,,,afatinib_cid10184653.png,high,high,0.8877488162498145,exact,Afatinib,Afatinib,1.0,34,34,exact,exact,Afatinib,False,False,False,False,1.0,True,True,0,1,,,,CN(C)C/C=C/C(=O)Nc1cc2c(Nc3ccc(F)c(Cl)c3)ncnc2cc1O[C@H]1CCOC1
aficamten_cid139331495,,,aficamten_cid139331495.png,high,high,0.905233024001333,exact,Aficamten,Aficamten,1.0,25,25,exact,exact,Aficamten,False,False,False,False,1.0,True,True,0,1,,,,CCc1nc(-c2ccc3c(c2)CC[C@H]3NC(=O)c2cnn(C)c2)no1
agomelatine_cid82148,,,agomelatine_cid82148.png,high,high,0.8848511454327647,exact,Agomelatine,Agomelatine,1.0,18,18,exact,exact,Agomelatine,False,False,False,False,1.0,True,True,0,1,,,,COc1ccc2cccc(CCNC(C)=O)c2c1
albendazole_cid2082,,,albendazole_cid2082.png,high,high,0.8653804296369146,exact,Albendazole,Albendazole,1.0,18,18,exact,exact,Albendazole,False,False,False,False,1.0,True,True,0,1,,,,CCCSc1ccc2nc(NC(=O)OC)[nH]c2c1
alflutinib_cid118861389,,,alflutinib_cid118861389.png,high,high,0.8906661080897479,exact,Alflutinib,Alflutinib,1.0,41,41,exact,exact,Alflutinib,False,False,False,False,1.0,True,True,0,1,,,,C=CC(=O)Nc1cc(Nc2nccc(-c3cn(C)c4ccccc34)n2)c(OCC(F)(F)F)nc1N(C)CCN(C)C
almitrine_cid33887,,,almitrine_cid33887.png,high,high,0.8747012935662231,exact,Almitrine,Almitrine,1.0,35,35,exact,exact,Almitrine,False,False,False,False,1.0,True,True,0,1,,,,C=CCNc1nc(NCC=C)nc(N2CCN(C(c3ccc(F)cc3)c3ccc(F)cc3)CC2)n1
alpelisib_cid56649450,,,alpelisib_cid56649450.png,high,high,0.8811684138452321,exact,Alpelisib,Alpelisib,1.0,30,30,exact,exact,Alpelisib,False,False,False,False,1.0,True,True,0,1,,,,Cc1nc(NC(=O)N2CCC[C@H]2C(N)=O)sc1-c1ccnc(C(C)(C)C(F)(F)F)c1
alpha_amanitin_cid9543442,,,alpha_amanitin_cid9543442.png,low,low,0.02585576582843494,invalid,,,,,,invalid,invalid,,False,False,False,False,,False,,,,,,,[H]C12CC3456=C7NC(=C3)C(=O)NC(C(C)CC)C(=O)NCC3(=O)NC89%10([H])(C(=O)NC(CC(N)=O)C(=O)N%11CC(O)CC%11([H])C(N)=O)CS7(=O)C4=C(C5=CC(O)NC(C(C)CC)C(=O)NCC4(=O)N8C([H])(C9(=O)NC(CC(N)=O)C(=O)N5CC(O)CC5([H])C(=O)NC(C(C)C(O)CO)C(=O)N1)N34%10)C26
alprostadil_cid5280723,,,alprostadil_cid5280723.png,high,high,0.8636382998874749,stereo,Alprostadil,Alprostadil,1.0,25,25,stereo,stereo,Alprostadil,False,False,False,False,1.0,True,True,0,1,,,,CCCCC[C@H](O)C=C[C@H]1[C@H](O)CC(=O)[C@@H]1CCCCCCC(=O)O
alvimopan_cid5488548,,,alvimopan_cid5488548.png,high,high,0.8735907054928045,exact,Alvimopan,Alvimopan,1.0,31,31,exact,exact,Alvimopan,False,False,False,False,1.0,True,True,0,1,,,,C[C@H]1CN(C[C@H](Cc2ccccc2)C(=O)NCC(=O)O)CC[C@@]1(C)c1cccc(O)c1
ambrisentan_cid6918493,,,ambrisentan_cid6918493.png,high,high,0.8649644163935989,exact,Ambrisentan,Ambrisentan,1.0,28,28,exact,exact,Ambrisentan,False,False,False,False,1.0,True,True,0,1,,,,COC(c1ccccc1)(c1ccccc1)[C@H](Oc1nc(C)cc(C)n1)C(=O)O
amisulpride_cid2159,,,amisulpride_cid2159.png,high,high,0.8781460807883027,exact,Amisulpride,Amisulpride,1.0,25,25,exact,exact,Amisulpride,False,False,False,False,1.0,True,True,0,1,,,,CCN1CCCC1CNC(=O)c1cc(S(=O)(=O)CC)c(N)cc1OC
anacetrapib_cid11556427,,,anacetrapib_cid11556427.png,high,high,0.884656227951934,exact,Anacetrapib,Anacetrapib,1.0,44,44,exact,exact,Anacetrapib,False,False,False,False,1.0,True,True,0,1,,,,COc1cc(F)c(C(C)C)cc1-c1ccc(C(F)(F)F)cc1CN1C(=O)O[C@H](c2cc(C(F)(F)F)cc(C(F)(F)F)c2)[C@@H]1C
anagliptin_cid44513473,,,anagliptin_cid44513473.png,high,high,0.8464613936974932,exact,Anagliptin,Anagliptin,1.0,28,28,exact,exact,Anagliptin,False,False,False,False,1.0,True,True,0,1,,,,Cc1cc2ncc(C(=O)NCC(C)(C)NCC(=O)N3CCC[C@H]3C#N)cn2n1
apalutamide_cid24872560,,,apalutamide_cid24872560.png,high,high,0.8992210561304893,exact,Apalutamide,Apalutamide,1.0,33,33,exact,exact,Apalutamide,False,False,False,False,1.0,True,True,0,1,,,,CNC(=O)c1ccc(N2C(=S)N(c3cnc(C#N)c(C(F)(F)F)c3)C(=O)C23CCC3)cc1F
aprepitant_cid135413536,,,aprepitant_cid135413536.png,high,high,0.8790290587347606,exact,Aprepitant,Aprepitant,1.0,37,37,exact,exact,Aprepitant,False,False,False,False,1.0,True,True,0,1,,,,C[C@@H](O[C@H]1OCCN(Cc2n[nH]c(=O)[nH]2)[C@H]1c1ccc(F)cc1)c1cc(C(F)(F)F)cc(C(F)(F)F)c1
artemisone_cid11531457,,,artemisone_cid11531457.png,low,low,0.01875374937141854,invalid,,,,,,invalid,invalid,,False,False,False,False,,False,,,,,,,[H]C12CC[CH]3(C)OC145C1C(C)C3CC14([H])OC(N1CCS(=O)(=O)CC1)C(C)C5([H])CCC2C
asciminib_cid72165228,,,asciminib_cid72165228.png,high,high,0.8811728587081871,exact,Asciminib,Asciminib,1.0,31,31,exact,exact,Asciminib,False,False,False,False,1.0,True,True,0,1,,,,O=C(Nc1ccc(OC(F)(F)Cl)cc1)c1cnc(N2CC[C@@H](O)C2)c(-c2ccn[nH]2)c1
atomoxetine_hydrochloride_cid54840,,,atomoxetine_hydrochloride_cid54840.png,low,low,0.839829835245432,exact,Atomoxetine Hydrochloride,Atomoxetine Hydrochloride,1.0,20,20,exact,exact,Atomoxetine Hydrochloride,False,False,False,False,1.0,True,True,0,2,,,,CNCC[C@@H](Oc1ccccc1C)c1ccccc1.Cl
atracurium_besylate_cid47320,,,atracurium_besylate_cid47320.png,low,low,0.07695192835602105,invalid,,,,,,invalid,invalid,,False,False,False,False,,False,,,,,,,COC1=C(OC)C=C(CC2C3=CC(OC)=C(OC)C=C3CC[N+]2(C)CCC(=O)OCCCCCOC(=O)CC[N+]23(C)CCC45=CC6(OC)=C(OC)C=C4C(=C=56)CC2[N+](C)C3)C=C1.O=S(=O)(O)C12=CC=CC=C1C1(=CC=CC=C1)S2(=O)(=O)O.O=S(=O)([O-])C1=CC=CC=C1
aurothioglucose_cid6104,,,aurothioglucose_cid6104.png,high,high,0.8716650306681561,exact,Aurothioglucose,Aurothioglucose,1.0,13,13,exact,exact,Aurothioglucose,False,False,False,False,1.0,True,True,0,2,,,,OC[C@H]1O[C@H]([S-])[C@H](O)[C@@H](O)[C@@H]1O.[Au+]
avacopan_cid49841217,,,avacopan_cid49841217.png,high,high,0.896652663754816,exact,Avacopan,Avacopan,1.0,42,42,exact,exact,Avacopan,False,False,False,False,1.0,True,True,0,1,,,,Cc1ccc(NC(=O)[C@H]2CCCN(C(=O)c3c(C)cccc3F)[C@H]2c2ccc(NC3CCCC3)cc2)cc1C(F)(F)F
avanafil_cid9869929,,,avanafil_cid9869929.png,high,high,0.8975013731422407,exact,Avanafil,Avanafil,1.0,34,34,exact,exact,Avanafil,False,False,False,False,1.0,True,True,0,1,,,,COc1ccc(CNc2nc(N3CCC[C@H]3CO)ncc2C(=O)NCc2ncccn2)cc1Cl
avapritinib_cid118023034,,,avapritinib_cid118023034.png,high,high,0.9016555165595191,exact,Avapritinib,Avapritinib,1.0,37,37,exact,exact,Avapritinib,False,False,False,False,1.0,True,True,0,1,,,,Cn1cc(-c2cc3c(N4CCN(c5ncc([C@@](C)(N)c6ccc(F)cc6)cn5)CC4)ncnn3c2)cn1
avutometinib_cid16719221,,,avutometinib_cid16719221.png,high,high,0.8570471831548164,exact,Avutometinib,Avutometinib,1.0,33,33,exact,exact,Avutometinib,False,False,False,False,1.0,True,True,0,1,,,,CNS(=O)(=O)Nc1nccc(Cc2c(C)c3ccc(Oc4ncccn4)cc3oc2=O)c1F
azacytidine_cid9444,,,azacytidine_cid9444.png,high,high,0.8971869491445195,exact,Azacytidine,Azacytidine,1.0,17,17,exact,exact,Azacytidine,False,False,False,False,1.0,True,True,0,1,,,,Nc1ncn([C@@H]2O[C@H](CO)[C@@H](O)[C@H]2O)c(=O)n1
azelaic_acid_cid2266,,,azelaic_acid_cid2266.png,high,high,0.9160284291629139,exact,Azelaic Acid,Azelaic Acid,1.0,13,13,exact,exact,Azelaic Acid,False,False,False,False,1.0,True,True,0,1,,,,O=C(O)CCCCCCCC(=O)O
azelnidipine_cid65948,,,azelnidipine_cid65948.png,high,high,0.885380420294909,exact,Azelnidipine,Azelnidipine,1.0,43,43,exact,exact,Azelnidipine,False,False,False,False,1.0,True,True,0,1,,,,CC1=C(C(=O)OC(C)C)C(c2cccc([N+](=O)[O-])c2)C(C(=O)OC2CN(C(c3ccccc3)c3ccccc3)C2)=C(N)N1
bambuterol_cid54766,,,bambuterol_cid54766.png,high,high,0.8756892761532101,exact,Bambuterol,Bambuterol,1.0,26,26,exact,exact,Bambuterol,False,False,False,False,1.0,True,True,0,1,,,,CN(C)C(=O)Oc1cc(OC(=O)N(C)C)cc(C(O)CNC(C)(C)C)c1
batefenterol_cid10372836,,,batefenterol_cid10372836.png,high,high,0.8753308594411694,exact,Batefenterol,Batefenterol,1.0,53,53,exact,exact,Batefenterol,False,False,False,False,1.0,True,True,0,1,,,,COc1cc(NC(=O)CCN2CCC(OC(=O)Nc3ccccc3-c3ccccc3)CC2)c(Cl)cc1CNC[C@H](O)c1ccc(O)c2[nH]c(=O)ccc12
belotecan_cid6456014,,,belotecan_cid6456014.png,high,high,0.899408263801703,exact,Belotecan,Belotecan,1.0,32,32,exact,exact,Belotecan,False,False,False,False,1.0,True,True,0,1,,,,CC[C@@]1(O)C(=O)OCc2c1cc1n(c2=O)Cc2c-1nc1ccccc1c2CCNC(C)C
belzutifan_cid117947097,,,belzutifan_cid117947097.png,high,high,0.8462302900422798,exact,Belzutifan,Belzutifan,1.0,26,26,exact,exact,Belzutifan,False,False,False,False,1.0,True,True,0,1,,,,CS(=O)(=O)c1ccc(Oc2cc(F)cc(C#N)c2)c2c1[C@H](O)[C@H](F)[C@@H]2F
benazepril_cid5362124,,,benazepril_cid5362124.png,high,high,0.8830557876745698,exact,Benazepril,Benazepril,1.0,31,31,exact,exact,Benazepril,False,False,False,False,1.0,True,True,0,1,,,,CCOC(=O)[C@H](CCc1ccccc1)N[C@H]1CCc2ccccc2N(CC(=O)O)C1=O
benserazide_cid2327,,,benserazide_cid2327.png,high,high,0.8966406816504319,exact,Benserazide,Benserazide,1.0,18,18,exact,exact,Benserazide,False,False,False,False,1.0,True,True,0,1,,,,NC(CO)C(=O)NNCc1ccc(O)c(O)c1O
benzoyl_peroxide_cid7187,,,benzoyl_peroxide_cid7187.png,high,high,0.8680071552483872,exact,Benzoyl Peroxide,Benzoyl Peroxide,1.0,18,18,exact,exact,Benzoyl Peroxide,False,False,False,False,1.0,True,True,0,1,,,,O=C(OOC(=O)c1ccccc1)c1ccccc1
benztropine_mesylate_cid238053,,,benztropine_mesylate_cid238053.png,high,high,0.8810263492334489,exact,Benztropine mesylate,Benztropine mesylate,1.0,28,28,exact,exact,Benztropine mesylate,False,False,False,False,1.0,True,True,0,2,,,,CN1C2CCC1CC(OC(c1ccccc1)c1ccccc1)C2.CS(=O)(=O)O
bepotastine_cid164522,,,bepotastine_cid164522.png,high,high,0.8660701547769648,exact,Bepotastine,Bepotastine,1.0,27,27,exact,exact,Bepotastine,False,False,False,False,1.0,True,True,0,1,,,,O=C(O)CCCN1CCC(O[C@@H](c2ccc(Cl)cc2)c2ccccn2)CC1
berenil_cid65060,,,berenil_cid65060.png,high,high,0.9105659237704551,stereo,Berenil,Berenil,1.0,29,29,stereo,stereo,Berenil,False,False,False,False,1.0,True,True,0,2,,,,CC(=O)NCC(=O)O.N=C(N)c1ccc(/N=N/Nc2ccc(C(=N)N)cc2)cc1
besifloxacin_cid10178705,,,besifloxacin_cid10178705.png,high,high,0.8733524532784543,exact,Besifloxacin,Besifloxacin,1.0,27,27,exact,exact,Besifloxacin,False,False,False,False,1.0,True,True,0,1,,,,N[C@@H]1CCCCN(c2c(F)cc3c(=O)c(C(=O)O)cn(C4CC4)c3c2Cl)C1
beta_propiolactone_cid2365,,,beta_propiolactone_cid2365.png,low,low,0.821401745324553,exact,Beta-Propiolactone,Beta-Propiolactone,1.0,5,5,exact,exact,Beta-Propiolactone,False,False,False,False,1.0,True,True,0,1,,,,O=C1CCO1
bictegravir_cid90311989,,,bictegravir_cid90311989.png,high,high,0.8702082720272315,exact,Bictegravir,Bictegravir,1.0,32,32,exact,exact,Bictegravir,False,False,False,False,1.0,True,True,0,1,,,,[H][C@@]12CC[C@@]([H])(C1)N1C(=O)c3c(O)c(=O)c(C(=O)NCc4c(F)cc(F)cc4F)cn3C[C@@]1([H])O2
boldenone_cid13308,,,boldenone_cid13308.png,high,high,0.8640954341103569,exact,Boldenone,Boldenone,1.0,21,21,exact,exact,Boldenone,False,False,False,False,1.0,True,True,0,1,,,,[H][C@@]12CCC3=CC(=O)C=C[C@]3(C)[C@@]1([H])CC[C@]1(C)[C@@H](O)CC[C@@]21[H]
bosutinib_cid5328940,,,bosutinib_cid5328940.png,high,high,0.8975037130186114,exact,Bosutinib,Bosutinib,1.0,36,36,exact,exact,Bosutinib,False,False,False,False,1.0,True,True,0,1,,,,COc1cc(Nc2c(C#N)cnc3cc(OCCCN4CCN(C)CC4)c(OC)cc23)c(Cl)cc1Cl
bremelanotide_cid9941379,,,bremelanotide_cid9941379.png,high,high,0.8738825182237863,stereo,Bremelanotide,Bremelanotide,1.0,74,74,stereo,stereo,Bremelanotide,False,False,False,False,1.0,True,True,0,1,,,,CCCC[C@H](NC(C)=O)C(=O)NC1CC(=O)NCCCC[C@@H](C(=O)O)NC(=O)[C@H](Cc2c[nH]c3ccccc23)NC(=O)[C@H](CCCN=C(N)N)NC(=O)[C@@H](Cc2ccccc2)NC(=O)[C@H](Cc2cnc[nH]2)NC1=O
brincidofovir_cid483477,,,brincidofovir_cid483477.png,high,high,0.88416101957687,exact,Brincidofovir,Brincidofovir,1.0,38,38,exact,exact,Brincidofovir,False,False,False,False,1.0,True,True,0,1,,,,CCCCCCCCCCCCCCCCOCCCOP(=O)(O)CO[C@H](CO)Cn1ccc(N)nc1=O
brinzolamide_cid68844,,,brinzolamide_cid68844.png,high,high,0.8729667739573572,exact,Brinzolamide,Brinzolamide,1.0,23,23,exact,exact,Brinzolamide,False,False,False,False,1.0,True,True,0,1,,,,CCN[C@H]1CN(CCCOC)S(=O)(=O)c2sc(S(N)(=O)=O)cc21
brivaracetam_cid9837243,,,brivaracetam_cid9837243.png,high,high,0.8565403279001341,exact,Brivaracetam,Brivaracetam,1.0,15,15,exact,exact,Brivaracetam,False,False,False,False,1.0,True,True,0,1,,,,CCC[C@@H]1CC(=O)N([C@@H](CC)C(N)=O)C1
bucillamine_cid656604,,,bucillamine_cid656604.png,high,high,0.8453078462369586,exact,Bucillamine,Bucillamine,1.0,13,13,exact,exact,Bucillamine,False,False,False,False,1.0,True,True,0,1,,,,CC(C)(S)C(=O)N[C@@H](CS)C(=O)O
c_i_acid_blue_90_cid61363,,,c_i_acid_blue_90_cid61363.png,high,high,0.8846289796768884,stereo,C.I. Acid Blue 90,C.I. Acid Blue 90,1.0,60,60,stereo,stereo,C.I. Acid Blue 90,False,False,False,False,1.0,True,True,0,2,,,,CCOc1ccc(Nc2ccc(/C(=C3/C=C/C(=[N+](\CC)Cc4cccc(S(=O)(=O)[O-])c4)C=C3C)c3ccc(N(CC)Cc4cccc(S(=O)(=O)[O-])c4)cc3C)cc2)cc1.[Na+]
cabotegravir_cid54713659,,,cabotegravir_cid54713659.png,high,high,0.8798375503333556,exact,Cabotegravir,Cabotegravir,1.0,29,29,exact,exact,Cabotegravir,False,False,False,False,1.0,True,True,0,1,,,,[H][C@@]12Cn3cc(C(=O)NCc4ccc(F)cc4F)c(=O)c(O)c3C(=O)N1[C@@H](C)CO2
calicheamicin_cid11840932,,,calicheamicin_cid11840932.png,low,low,0.2094724269599933,invalid,,,,,,invalid,invalid,,False,False,False,False,,False,,,,,,,CCNC1COC(OC2C(OC3C#CC=CC#CC45(O)CC(=O)C(NC(=O)OC)=C36C43=C65C3(=O)CSCC)OC(C)C(NOC3CC(O)C(SC(=O)C4=C(C)C(I)=C(OC5OC(C)C(O)C(OC)C5O)C(OC)=C4OC)C(C)O3)C2O)CC1OC
camostat_cid2536,,,camostat_cid2536.png,low,low,0.8400646644210986,exact,Camostat,Camostat,1.0,29,29,exact,exact,Camostat,False,False,False,False,1.0,True,True,0,1,,,,CN(C)C(=O)COC(=O)Cc1ccc(OC(=O)c2ccc(N=C(N)N)cc2)cc1
cangrelor_tetrasodium_cid10260031,,,cangrelor_tetrasodium_cid10260031.png,high,high,0.8745549874020736,exact,Cangrelor Tetrasodium,Cangrelor Tetrasodium,1.0,48,48,exact,exact,Cangrelor Tetrasodium,False,False,False,False,1.0,True,True,0,5,,[Na+].[Na+].[Na+],,CSCCNc1nc(SCCC(F)(F)F)nc2c1ncn2[C@@H]1O[C@H](COP(=O)([O-])OP(=O)([O-])C(Cl)(Cl)P(=O)([O-])[O-])[C@@H](O)[C@H]1O.[Na+].[Na+].[Na+].[Na+]
capivasertib_cid25227436,,,capivasertib_cid25227436.png,high,high,0.8636567685386783,exact,Capivasertib,Capivasertib,1.0,30,30,exact,exact,Capivasertib,False,False,False,False,1.0,True,True,0,1,,,,NC1(C(=O)N[C@@H](CCO)c2ccc(Cl)cc2)CCN(c2ncnc3[nH]ccc23)CC1
carbetocin_cid16681432,,,carbetocin_cid16681432.png,high,high,0.8958446822310837,exact,Carbetocin,Carbetocin,1.0,69,69,exact,exact,Carbetocin,False,False,False,False,1.0,True,True,0,1,,,,CC[C@H](C)[C@@H]1NC(=O)[C@H](Cc2ccc(OC)cc2)NC(=O)CCCSC[C@@H](C(=O)N2CCC[C@H]2C(=O)N[C@@H](CC(C)C)C(=O)NCC(N)=O)NC(=O)[C@H](CC(N)=O)NC(=O)[C@H](CCC(N)=O)NC1=O
carbidopa_cid34359,,,carbidopa_cid34359.png,high,high,0.8931185550455375,exact,Carbidopa,Carbidopa,1.0,16,16,exact,exact,Carbidopa,False,False,False,False,1.0,True,True,0,1,,,,C[C@@](Cc1ccc(O)c(O)c1)(NN)C(=O)O
carboprost_cid5281075,,,carboprost_cid5281075.png,high,high,0.8643626292392598,stereo,Carboprost,Carboprost,1.0,26,26,stereo,stereo,Carboprost,False,False,False,False,1.0,True,True,0,1,,,,CCCCC[C@](C)(O)C=C[C@@H]1[C@@H](C/C=C\CCCC(=O)O)[C@@H](O)C[C@H]1O
carglumic_acid_cid121396,,,carglumic_acid_cid121396.png,high,high,0.8549672570079158,exact,Carglumic Acid,Carglumic Acid,1.0,13,13,exact,exact,Carglumic Acid,False,False,False,False,1.0,True,True,0,1,,,,NC(=O)N[C@@H](CCC(=O)O)C(=O)O
carnitine_cid10917,,,carnitine_cid10917.png,low,low,0.8121926330684432,exact,(-)-Carnitine,(-)-Carnitine,1.0,11,11,exact,exact,(-)-Carnitine,False,False,False,False,1.0,True,True,0,1,,,,C[N+](C)(C)C[C@H](O)CC(=O)[O-]
carteolol_cid2583,,,carteolol_cid2583.png,high,high,0.8631136065009335,exact,Carteolol,Carteolol,1.0,21,21,exact,exact,Carteolol,False,False,False,False,1.0,True,True,0,1,,,,CC(C)(C)NCC(O)COc1cccc2c1CCC(=O)N2
cefadroxil_cid47965,,,cefadroxil_cid47965.png,high,high,0.8806194929481643,exact,Cefadroxil,Cefadroxil,1.0,25,25,exact,exact,Cefadroxil,False,False,False,False,1.0,True,True,0,1,,,,[H][C@]12SCC(C)=C(C(=O)O)N1C(=O)[C@H]2NC(=O)[C@H](N)c1ccc(O)cc1
cefpirome_cid5479539,,,cefpirome_cid5479539.png,high,high,0.8831014990718354,exact,Cefpirome,Cefpirome,1.0,35,35,exact,exact,Cefpirome,False,False,False,False,1.0,True,True,0,1,,,,[H][C@]12SCC(C[n+]3cccc4c3CCC4)=C(C(=O)[O-])N1C(=O)[C@H]2NC(=O)/C(=N\OC)c1csc(N)n1
ceritinib_cid57379345,,,ceritinib_cid57379345.png,high,high,0.8934569370537946,exact,Ceritinib,Ceritinib,1.0,38,38,exact,exact,Ceritinib,False,False,False,False,1.0,True,True,0,1,,,,Cc1cc(Nc2ncc(Cl)c(Nc3ccccc3S(=O)(=O)C(C)C)n2)c(OC(C)C)cc1C1CCNCC1
cethromycin_cid156417,,,cethromycin_cid156417.png,high,high,0.8704782178993878,stereo,Cethromycin,Cethromycin,1.0,55,55,stereo,stereo,Cethromycin,False,False,False,False,1.0,True,True,0,1,,,,[H][C@]12NC(=O)O[C@]1(C)[C@@H](CC)OC(=O)[C@H](C)C(=O)[C@H](C)[C@@H](O[C@@H]1O[C@H](C)C[C@H](N(C)C)[C@H]1O)[C@](C)(OC/C=C/c1cnc3ccccc3c1)C[C@@H](C)C(=O)[C@@H]2C
chlorhexidine_gluconate_cid9552081,,,chlorhexidine_gluconate_cid9552081.png,low,low,0.02986078007212276,invalid,,,,,,invalid,invalid,,False,False,False,False,,False,,,,,,,NC(=NCCCCCCN=C(N)N=C(N)NC1=CC=C(Cl)C=C1)N=C(N)NC1=CC=C(Cl)C=C1.O=C(O)C(O)C(O)C(O)C(O)CO.O=C1OC(=O)(O)C(O)[CH](O)(C(O)C(O)CO)[CH]1(O)C(O)C(O)C(O)CO
cholic_acid_cid221493,,,cholic_acid_cid221493.png,low,low,0.8365785986355884,exact,Cholic Acid,Cholic Acid,1.0,29,29,exact,exact,Cholic Acid,False,False,False,False,1.0,True,True,0,1,,,,[H][C@@]12C[C@H](O)CC[C@]1(C)[C@@]1([H])C[C@H](O)[C@]3(C)[C@@H]([C@H](C)CCC(=O)O)CC[C@@]3([H])[C@]1([H])[C@H](O)C2
ciclopirox_olamine_cid38911,,,ciclopirox_olamine_cid38911.png,high,high,0.8463943959799836,exact,Ciclopirox Olamine,Ciclopirox Olamine,1.0,19,19,exact,exact,Ciclopirox Olamine,False,False,False,False,1.0,True,True,0,2,,,,Cc1cc(C2CCCCC2)n(O)c(=O)c1.NCCO
cilnidipine_cid5282138,,,cilnidipine_cid5282138.png,high,high,0.8731176512667335,exact,Cilnidipine,Cilnidipine,1.0,36,36,exact,exact,Cilnidipine,False,False,False,False,1.0,True,True,0,1,,,,COCCOC(=O)C1=C(C)NC(C)=C(C(=O)OC/C=C/c2ccccc2)C1c1cccc([N+](=O)[O-])c1
cilofexor_cid71228883,,,cilofexor_cid71228883.png,high,high,0.8804012658000635,exact,Cilofexor,Cilofexor,1.0,39,39,exact,exact,Cilofexor,False,False,False,False,1.0,True,True,0,1,,,,O=C(O)c1ccnc(N2CC(O)(c3ccc(OCc4c(-c5c(Cl)cccc5Cl)noc4C4CC4)cc3Cl)C2)c1
cilostazol_cid2754,,,cilostazol_cid2754.png,high,high,0.8632567255215433,exact,Cilostazol,Cilostazol,1.0,27,27,exact,exact,Cilostazol,False,False,False,False,1.0,True,True,0,1,,,,O=C1CCc2cc(OCCCCc3nnnn3C3CCCCC3)ccc2N1
cinacalcet_hydrochloride_cid156418,,,cinacalcet_hydrochloride_cid156418.png,high,high,0.9055342994796521,exact,Cinacalcet Hydrochloride,Cinacalcet Hydrochloride,1.0,27,27,exact,exact,Cinacalcet Hydrochloride,False,False,False,False,1.0,True,True,0,2,,,,C[C@@H](NCCCc1cccc(C(F)(F)F)c1)c1cccc2ccccc12.Cl
cipepofol_cid86301664,,,cipepofol_cid86301664.png,high,high,0.8899302301237728,exact,Cipepofol,Cipepofol,1.0,15,15,exact,exact,Cipepofol,False,False,False,False,1.0,True,True,0,1,,,,CC(C)c1cccc([C@H](C)C2CC2)c1O
cladribine_cid20279,,,cladribine_cid20279.png,high,high,0.8561017329497236,exact,Cladribine,Cladribine,1.0,19,19,exact,exact,Cladribine,False,False,False,False,1.0,True,True,0,1,,,,Nc1nc(Cl)nc2c1ncn2[C@H]1C[C@H](O)[C@@H](CO)O1
clascoterone_cid11750009,,,clascoterone_cid11750009.png,low,low,0.8146429733508138,exact,Clascoterone,Clascoterone,1.0,29,29,exact,exact,Clascoterone,False,False,False,False,1.0,True,True,0,1,,,,[H][C@@]12CCC3=CC(=O)CC[C@]3(C)[C@@]1([H])CC[C@@]1(C)[C@@]2([H])CC[C@]1(OC(=O)CC)C(=O)CO
clemastine_cid26987,,,clemastine_cid26987.png,high,high,0.8536755416384676,exact,Clemastine,Clemastine,1.0,24,24,exact,exact,Clemastine,False,False,False,False,1.0,True,True,0,1,,,,CN1CCC[C@@H]1CCO[C@](C)(c1ccccc1)c1ccc(Cl)cc1
clidinium_bromide_cid19004,,,clidinium_bromide_cid19004.png,high,high,0.8861149202060791,exact,Clidinium Bromide,Clidinium Bromide,1.0,27,27,exact,exact,Clidinium Bromide,False,False,False,False,1.0,True,True,0,2,,,,C[N+]12CCC(CC1)C(OC(=O)C(O)(c1ccccc1)c1ccccc1)C2.[Br-]
clindamycin_cid446598,,,clindamycin_cid446598.png,high,high,0.8729458197819903,exact,Clindamycin,Clindamycin,1.0,27,27,exact,exact,Clindamycin,False,False,False,False,1.0,True,True,0,1,,,,CCC[C@@H]1C[C@@H](C(=O)N[C@@H]([C@H]2O[C@H](SC)[C@H](O)[C@@H](O)[C@H]2O)[C@H](C)Cl)N(C)C1
clindamycin_phosphate_cid443385,,,clindamycin_phosphate_cid443385.png,high,high,0.8820081944831077,exact,Clindamycin Phosphate,Clindamycin Phosphate,1.0,31,31,exact,exact,Clindamycin Phosphate,False,False,False,False,1.0,True,True,0,1,,,,CCC[C@@H]1C[C@@H](C(=O)N[C@@H]([C@H]2O[C@H](SC)[C@H](OP(=O)(O)O)[C@@H](O)[C@H]2O)[C@H](C)Cl)N(C)C1
clioquinol_cid2788,,,clioquinol_cid2788.png,low,low,0.8227759442367494,wrong,,Clioquinol,0.657,12,13,wrong,wrong,,False,False,False,False,0.657,False,False,2,1,,,,*c1cc(Cl)c2cccnc2c1O |$l;;;;;;;;;;;;$|
clomipramine_cid2801,,,clomipramine_cid2801.png,high,high,0.8811143784092164,exact,Clomipramine,Clomipramine,1.0,22,22,exact,exact,Clomipramine,False,False,False,False,1.0,True,True,0,1,,,,CN(C)CCCN1c2ccccc2CCc2ccc(Cl)cc21
cobicistat_cid25151504,,,cobicistat_cid25151504.png,high,high,0.8988753841839842,exact,Cobicistat,Cobicistat,1.0,54,54,exact,exact,Cobicistat,False,False,False,False,1.0,True,True,0,1,,,,CC(C)c1nc(CN(C)C(=O)N[C@@H](CCN2CCOCC2)C(=O)N[C@H](CC[C@H](Cc2ccccc2)NC(=O)OCc2cncs2)Cc2ccccc2)cs1
cortisone_cid222786,,,cortisone_cid222786.png,high,high,0.8787286920699661,exact,Cortisone,Cortisone,1.0,26,26,exact,exact,Cortisone,False,False,False,False,1.0,True,True,0,1,,,,[H][C@@]12CC[C@](O)(C(=O)CO)[C@@]1(C)CC(=O)[C@@]1([H])[C@@]2([H])CCC2=CC(=O)CC[C@@]21C
cositecan_cid148202,,,cositecan_cid148202.png,high,high,0.9007176142344699,exact,Cositecan,Cositecan,1.0,32,32,exact,exact,Cositecan,False,False,False,False,1.0,True,True,0,1,,,,CC[C@@]1(O)C(=O)OCc2c1cc1n(c2=O)Cc2c-1nc1ccccc1c2CC[Si](C)(C)C
crizotinib_cid11626560,,,crizotinib_cid11626560.png,high,high,0.8984575253545897,exact,Crizotinib,Crizotinib,1.0,30,30,exact,exact,Crizotinib,False,False,False,False,1.0,True,True,0,1,,,,C[C@@H](Oc1cc(-c2cnn(C3CCNCC3)c2)cnc1N)c1c(Cl)ccc(F)c1Cl
cryptophycin_52_cid9939639,,,cryptophycin_52_cid9939639.png,low,low,0.8125624030409954,wrong,,Cryptophycin 52,0.795,47,47,wrong,wrong,,False,False,False,False,0.795,False,False,2,2,,,,CC(C)C.COc1ccc(C[C@H]2NC(=O)/C=C/C[C@@H]([C@H](C)[C@H]3O[C@@H]3c3ccccc3)OC(=O)COC(=O)C(C)(C)CNC2=O)cc1Cl
cyproheptadine_hydrochloride_cid13770,,,cyproheptadine_hydrochloride_cid13770.png,high,high,0.9045024060882167,exact,Cyproheptadine Hydrochloride,Cyproheptadine Hydrochloride,1.0,23,23,exact,exact,Cyproheptadine Hydrochloride,False,False,False,False,1.0,True,True,0,2,,,,CN1CCC(=C2c3ccccc3C=Cc3ccccc32)CC1.Cl
cytarabine_cid6253,,,cytarabine_cid6253.png,high,high,0.8764300049479123,exact,Cytarabine,Cytarabine,1.0,17,17,exact,exact,Cytarabine,False,False,False,False,1.0,True,True,0,1,,,,Nc1ccn([C@@H]2O[C@H](CO)[C@@H](O)[C@@H]2O)c(=O)n1
d_phenylalanine_2s_n_2r_2_2_3_aminopropyl_phenoxy_propyl_2_c_cid11526696,,,d_phenylalanine_2s_n_2r_2_2_3_aminopropyl_phenoxy_propyl_2_c_cid11526696.png,high,high,0.8662830367472412,exact,"D-Phenylalanine, (2S)-N-((2R)-2-(2-(3-aminopropyl)phenoxy)propyl)-2-cyclopropylglycyl-N-methyl-D-alanyl-4-fluoro-, (3->1)-lactam","D-Phenylalanine, (2S)-N-((2R)-2-(2-(3-aminopropyl)phenoxy)propyl)-2-cyclopropylglycyl-N-methyl-D-alanyl-4-fluoro-, (3->1)-lactam",1.0,39,39,exact,exact,"D-Phenylalanine, (2S)-N-((2R)-2-(2-(3-aminopropyl)phenoxy)propyl)-2-cyclopropylglycyl-N-methyl-D-alanyl-4-fluoro-, (3->1)-lactam",False,False,False,False,1.0,True,True,0,1,,,,C[C@@H]1CN[C@@H](C2CC2)C(=O)N(C)[C@H](C)C(=O)N[C@H](Cc2ccc(F)cc2)C(=O)NCCCc2ccccc2O1
dabigatran_cid216210,,,dabigatran_cid216210.png,high,high,0.9094343599333125,exact,Dabigatran,Dabigatran,1.0,35,35,exact,exact,Dabigatran,False,False,False,False,1.0,True,True,0,1,,,,Cn1c(CNc2ccc(C(=N)N)cc2)nc2cc(C(=O)N(CCC(=O)O)c3ccccn3)ccc21
dapansutrile_cid12714644,,,dapansutrile_cid12714644.png,low,low,0.8053233520165369,exact,Dapansutrile,Dapansutrile,1.0,8,8,exact,exact,Dapansutrile,False,False,False,False,1.0,True,True,0,1,,,,CS(=O)(=O)CCC#N
dapoxetine_cid71353,,,dapoxetine_cid71353.png,high,high,0.8585768035386528,exact,Dapoxetine,Dapoxetine,1.0,23,23,exact,exact,Dapoxetine,False,False,False,False,1.0,True,True,0,1,,,,CN(C)[C@@H](CCOc1cccc2ccccc12)c1ccccc1
darifenacin_hydrobromide_cid444030,,,darifenacin_hydrobromide_cid444030.png,high,high,0.8961756838158428,exact,Darifenacin Hydrobromide,Darifenacin Hydrobromide,1.0,33,33,exact,exact,Darifenacin Hydrobromide,False,False,False,False,1.0,True,True,0,2,,,,Br.NC(=O)C(c1ccccc1)(c1ccccc1)[C@@H]1CCN(CCc2ccc3c(c2)CCO3)C1
darinaparsin_cid11683005,,,darinaparsin_cid11683005.png,high,high,0.8708425974159666,exact,Darinaparsin,Darinaparsin,1.0,23,23,exact,exact,Darinaparsin,False,False,False,False,1.0,True,True,0,1,,,,C[As](C)SC[C@H](NC(=O)CC[C@H](N)C(=O)O)C(=O)NCC(=O)O
decoquinate_cid29112,,,decoquinate_cid29112.png,high,high,0.8856536225953279,exact,Decoquinate,Decoquinate,1.0,30,30,exact,exact,Decoquinate,False,False,False,False,1.0,True,True,0,1,,,,CCCCCCCCCCOc1cc2c(=O)c(C(=O)OCC)c[nH]c2cc1OCC
deflazacort_cid189821,,,deflazacort_cid189821.png,low,low,0.6992256521903136,exact,Deflazacort,Deflazacort,1.0,32,32,exact,exact,Deflazacort,False,False,False,False,1.0,True,True,0,1,,,,[H][C@@]12C[C@@]3([H])OC(C)=N[C@@]3(C(=O)COC(C)=O)[C@@]1(C)C[C@H](O)[C@@]1([H])[C@@]2([H])CCC2=CC(=O)C=C[C@@]21C
delanzomib_cid24800541,,,delanzomib_cid24800541.png,high,high,0.8433634106657055,exact,Delanzomib,Delanzomib,1.0,30,30,exact,exact,Delanzomib,False,False,False,False,1.0,True,True,0,1,,,,CC(C)C[C@H](NC(=O)[C@@H](NC(=O)c1cccc(-c2ccccc2)n1)[C@@H](C)O)B(O)O
delgocitinib_cid50914062,,,delgocitinib_cid50914062.png,high,high,0.8956864777876443,exact,Delgocitinib,Delgocitinib,1.0,23,23,exact,exact,Delgocitinib,False,False,False,False,1.0,True,True,0,1,,,,C[C@H]1CN(C(=O)CC#N)[C@]12CCN(c1ncnc3[nH]ccc13)C2
dersimelagon_cid126736894,,,dersimelagon_cid126736894.png,low,low,0.6288559300513633,stereo,Dersimelagon,Dersimelagon,1.0,48,48,stereo,stereo,Dersimelagon,False,False,False,False,1.0,True,True,0,1,,,,COC[C@H]1CN(C(=O)[C@@]2(F)CN(C3CCCC3)C[C@H]2c2ccc(OC)cc2)C[C@@H]1c1ccc(C(F)(F)F)cc1N1CCC(C(=O)O)CC1
deruxtecan_pyrrole_2_5_dione_cid118305111,,,deruxtecan_pyrrole_2_5_dione_cid118305111.png,high,high,0.8779377188673959,exact,"Deruxtecan pyrrole-2,5-dione","Deruxtecan pyrrole-2,5-dione",1.0,75,75,exact,exact,"Deruxtecan pyrrole-2,5-dione",False,False,False,False,1.0,True,True,0,1,,,,CC[C@@]1(O)C(=O)OCc2c1cc1n(c2=O)Cc2c-1nc1cc(F)c(C)c3c1c2[C@@H](NC(=O)COCNC(=O)CNC(=O)[C@H](Cc1ccccc1)NC(=O)CNC(=O)CNC(=O)CCCCCN1C(=O)C=CC1=O)CC3
desflurane_cid42113,,,desflurane_cid42113.png,low,low,0.8181407729154311,exact,Desflurane,Desflurane,1.0,10,10,exact,exact,Desflurane,False,False,False,False,1.0,True,True,0,1,,,,FC(F)OC(F)C(F)(F)F
desipramine_cid2995,,,desipramine_cid2995.png,high,high,0.9098746553611803,exact,Desipramine,Desipramine,1.0,20,20,exact,exact,Desipramine,False,False,False,False,1.0,True,True,0,1,,,,CNCCCN1c2ccccc2CCc2ccccc21
deslanoside_cid28620,,,deslanoside_cid28620.png,low,low,0.8416567420592133,exact,Deslanoside,Deslanoside,1.0,66,66,exact,exact,Deslanoside,False,False,False,False,1.0,True,True,0,1,,,,[H][C@]12CC[C@]3([H])[C@]([H])(C[C@@H](O)[C@]4(C)[C@@H](C5=CC(=O)OC5)CC[C@@]43O)[C@@]1(C)CC[C@H](O[C@H]1C[C@H](O)[C@H](O[C@H]3C[C@H](O)[C@H](O[C@H]4C[C@H](O)[C@H](O[C@@H]5O[C@H](CO)[C@@H](O)[C@H](O)[C@H]5O)[C@@H](C)O4)[C@@H](C)O3)[C@@H](C)O1)C2
deucravacitinib_cid134821691,,,deucravacitinib_cid134821691.png,high,high,0.8815735719102552,exact,Deucravacitinib,Deucravacitinib,1.0,31,31,exact,exact,Deucravacitinib,False,False,False,False,1.0,True,True,0,1,,,,[2H]C([2H])([2H])NC(=O)c1nnc(NC(=O)C2CC2)cc1Nc1cccc(-c2ncn(C)n2)c1OC
dexrazoxane_cid71384,,,dexrazoxane_cid71384.png,high,high,0.8625775918157724,exact,Dexrazoxane,Dexrazoxane,1.0,19,19,exact,exact,Dexrazoxane,False,False,False,False,1.0,True,True,0,1,,,,C[C@@H](CN1CC(=O)NC(=O)C1)N1CC(=O)NC(=O)C1
dicyclomine_hydrochloride_cid441344,,,dicyclomine_hydrochloride_cid441344.png,high,high,0.8570954303688729,exact,Dicyclomine Hydrochloride,Dicyclomine Hydrochloride,1.0,23,23,exact,exact,Dicyclomine Hydrochloride,False,False,False,False,1.0,True,True,0,2,,,,CCN(CC)CCOC(=O)C1(C2CCCCC2)CCCCC1.Cl
difelikefalin_cid24794466,,,difelikefalin_cid24794466.png,high,high,0.8782817659690099,exact,Difelikefalin,Difelikefalin,1.0,49,49,exact,exact,Difelikefalin,False,False,False,False,1.0,True,True,0,1,,,,CC(C)C[C@@H](NC(=O)[C@@H](Cc1ccccc1)NC(=O)[C@H](N)Cc1ccccc1)C(=O)N[C@H](CCCCN)C(=O)N1CCC(N)(C(=O)O)CC1
digitoxin_cid441207,,,digitoxin_cid441207.png,high,high,0.8701384334539187,exact,Digitoxin,Digitoxin,1.0,54,54,exact,exact,Digitoxin,False,False,False,False,1.0,True,True,0,1,,,,[H][C@]12CC[C@]3([H])[C@]([H])(CC[C@]4(C)[C@@H](C5=CC(=O)OC5)CC[C@]34O)[C@@]1(C)CC[C@H](O[C@H]1C[C@H](O)[C@H](O[C@H]3C[C@H](O)[C@H](O[C@H]4C[C@H](O)[C@H](O)[C@@H](C)O4)[C@@H](C)O3)[C@@H](C)O1)C2
dihydroartemisinin_cid107770,,,dihydroartemisinin_cid107770.png,low,low,0.005952998856789311,invalid,,,,,,invalid,invalid,,False,False,False,False,,False,,,,,,,[H]C123CCC(C)OC145C(CCC2C)C(C)[CH]1(O)O2C4678OC256(O)(C7C3)O18
dinoprost_cid5280363,,,dinoprost_cid5280363.png,high,high,0.8857921703391264,stereo,Dinoprost,Dinoprost,1.0,25,25,stereo,stereo,Dinoprost,False,False,False,False,1.0,True,True,0,1,,,,CCCCC[C@H](O)C=C[C@@H]1[C@@H](C/C=C\CCCC(=O)O)[C@@H](O)C[C@H]1O
dirithromycin_cid6473883,,,dirithromycin_cid6473883.png,high,high,0.8551650199271389,wrong,,Dirithromycin,0.8,58,58,wrong,wrong,,False,False,False,False,0.8,False,False,1,1,,,,[H][C@]12N[C@@H](COCCOC)OC([C@](C)(O)[C@@H](CC)OC(=O)[C@H](C)[C@@H](O[C@H]3C[C@@](C)(OC)[C@@H](O)[C@H](C)O3)[C@H](C)[C@@H](O[C@@H]3O[C@H](C)C[C@H](N(C)C)[C]3O)[C@](C)(O)C[C@H]1C)[C@@]2([H])C |^1:49|
disopyramide_cid3114,,,disopyramide_cid3114.png,high,high,0.8803885946776322,exact,Disopyramide,Disopyramide,1.0,25,25,exact,exact,Disopyramide,False,False,False,False,1.0,True,True,0,1,,,,CC(C)N(CCC(C(N)=O)(c1ccccc1)c1ccccn1)C(C)C
distearoylphosphatidylcholine_cid65146,,,distearoylphosphatidylcholine_cid65146.png,high,high,0.8716085983717998,exact,Distearoylphosphatidylcholine,Distearoylphosphatidylcholine,1.0,54,54,exact,exact,Distearoylphosphatidylcholine,False,False,False,False,1.0,True,True,0,1,,,,CCCCCCCCCCCCCCCCCC(=O)OCC(COP(=O)([O-])OCC[N+](C)(C)C)OC(=O)CCCCCCCCCCCCCCCCC
dl_selenomethionine_cid15103,,,dl_selenomethionine_cid15103.png,high,high,0.8473985604231136,exact,DL-selenomethionine,DL-selenomethionine,1.0,9,9,exact,exact,DL-selenomethionine,False,False,False,False,1.0,True,True,0,1,,,,C[Se]CCC(N)C(=O)O
dobutamine_hydrochloride_cid65324,,,dobutamine_hydrochloride_cid65324.png,high,high,0.9070447243963267,exact,Dobutamine Hydrochloride,Dobutamine Hydrochloride,1.0,23,23,exact,exact,Dobutamine Hydrochloride,False,False,False,False,1.0,True,True,0,2,,,,CC(CCc1ccc(O)cc1)NCCc1ccc(O)c(O)c1.Cl
dofetilide_cid71329,,,dofetilide_cid71329.png,low,low,0.8403966462241973,exact,Dofetilide,Dofetilide,1.0,29,29,exact,exact,Dofetilide,False,False,False,False,1.0,True,True,0,1,,,,CN(CCOc1ccc(NS(C)(=O)=O)cc1)CCc1ccc(NS(C)(=O)=O)cc1
domperidone_cid3151,,,domperidone_cid3151.png,high,high,0.881450176284445,exact,Domperidone,Domperidone,1.0,30,30,exact,exact,Domperidone,False,False,False,False,1.0,True,True,0,1,,,,O=c1[nH]c2ccccc2n1CCCN1CCC(n2c(=O)[nH]c3cc(Cl)ccc32)CC1
doramectin_cid9832750,,,doramectin_cid9832750.png,low,low,0.1747966707011409,invalid,,,,,,invalid,invalid,,False,False,False,False,,False,,,,,,,[H]C12CC3(C=CC(C)C(C4CCCCC4)O3)OC3([H])(C=CC3)(CC=C(C)C(OC3CC(OC)C(OC4CC(OC)C(O)C(C)O4)C(C)O3)C(C)C=CC=C3COC4C(O)C(C)=CC([H])(C(=O)O1)C34O)C2
dronedarone_hydrochloride_cid219025,,,dronedarone_hydrochloride_cid219025.png,high,high,0.8635824906057976,exact,Dronedarone Hydrochloride,Dronedarone Hydrochloride,1.0,40,40,exact,exact,Dronedarone Hydrochloride,False,False,False,False,1.0,True,True,0,2,,,,CCCCc1oc2ccc(NS(C)(=O)=O)cc2c1C(=O)c1ccc(OCCCN(CCCC)CCCC)cc1.Cl
droxidopa_cid92974,,,droxidopa_cid92974.png,low,low,0.8218495508143987,exact,Droxidopa,Droxidopa,1.0,15,15,exact,exact,Droxidopa,False,False,False,False,1.0,True,True,0,1,,,,N[C@H](C(=O)O)[C@H](O)c1ccc(O)c(O)c1
durlobactam_cid89851852,,,durlobactam_cid89851852.png,high,high,0.8481956326471738,exact,Durlobactam,Durlobactam,1.0,18,18,exact,exact,Durlobactam,False,False,False,False,1.0,True,True,0,1,,,,[H][C@@]12C=C(C)[C@@H](C(N)=O)N(C1)C(=O)N2OS(=O)(=O)O
dutogliptin_cid11253490,,,dutogliptin_cid11253490.png,high,high,0.8708870412714944,exact,Dutogliptin,Dutogliptin,1.0,17,17,exact,exact,Dutogliptin,False,False,False,False,1.0,True,True,0,1,,,,O=C(CN[C@@H]1CCNC1)N1CCC[C@H]1B(O)O
echothiophate_cid10548,,,echothiophate_cid10548.png,low,low,0.8272468039536391,exact,Echothiophate,Echothiophate,1.0,15,15,exact,exact,Echothiophate,False,False,False,False,1.0,True,True,0,1,,,,CCOP(=O)(OCC)SCC[N+](C)(C)C
edrophonium_chloride_cid8307,,,edrophonium_chloride_cid8307.png,high,high,0.8883691987675079,exact,Edrophonium Chloride,Edrophonium Chloride,1.0,13,13,exact,exact,Edrophonium Chloride,False,False,False,False,1.0,True,True,0,2,,,,CC[N+](C)(C)c1cccc(O)c1.[Cl-]
efinaconazole_cid489181,,,efinaconazole_cid489181.png,high,high,0.8800896686886415,exact,Efinaconazole,Efinaconazole,1.0,25,25,exact,exact,Efinaconazole,False,False,False,False,1.0,True,True,0,1,,,,C=C1CCN([C@H](C)[C@](O)(Cn2cncn2)c2ccc(F)cc2F)CC1
efonidipine_cid119171,,,efonidipine_cid119171.png,high,high,0.8787996714588628,exact,Efonidipine,Efonidipine,1.0,45,45,exact,exact,Efonidipine,False,False,False,False,1.0,True,True,0,1,,,,CC1=C(C(=O)OCCN(Cc2ccccc2)c2ccccc2)C(c2cccc([N+](=O)[O-])c2)C(P2(=O)OCC(C)(C)CO2)=C(C)N1
elacestrant_cid23642301,,,elacestrant_cid23642301.png,high,high,0.9021081823593877,exact,Elacestrant,Elacestrant,1.0,34,34,exact,exact,Elacestrant,False,False,False,False,1.0,True,True,0,1,,,,CCNCCc1ccc(CN(CC)c2cc(OC)ccc2[C@@H]2CCc3cc(O)ccc3C2)cc1
elagolix_cid11250647,,,elagolix_cid11250647.png,high,high,0.8831199189524593,exact,Elagolix,Elagolix,1.0,45,45,exact,exact,Elagolix,False,False,False,False,1.0,True,True,0,1,,,,COc1cccc(-c2c(C)n(Cc3c(F)cccc3C(F)(F)F)c(=O)n(C[C@H](NCCCC(=O)O)c3ccccc3)c2=O)c1F
elbasvir_cid71661251,,,elbasvir_cid71661251.png,high,high,0.8597628828539393,exact,Elbasvir,Elbasvir,1.0,65,65,exact,exact,Elbasvir,False,False,False,False,1.0,True,True,0,1,,,,COC(=O)N[C@H](C(=O)N1CCC[C@H]1c1ncc(-c2ccc3c(c2)O[C@@H](c2ccccc2)n2c-3cc3cc(-c4cnc([C@@H]5CCCN5C(=O)[C@@H](NC(=O)OC)C(C)C)[nH]4)ccc32)[nH]1)C(C)C
eletriptan_hydrobromide_cid656631,,,eletriptan_hydrobromide_cid656631.png,high,high,0.9104011566983337,exact,Eletriptan Hydrobromide,Eletriptan Hydrobromide,1.0,28,28,exact,exact,Eletriptan Hydrobromide,False,False,False,False,1.0,True,True,0,2,,,,Br.CN1CCC[C@@H]1Cc1c[nH]c2ccc(CCS(=O)(=O)c3ccccc3)cc12
elexacaftor_cid134587348,,,elexacaftor_cid134587348.png,high,high,0.8841222393395134,exact,Elexacaftor,Elexacaftor,1.0,41,41,exact,exact,Elexacaftor,False,False,False,False,1.0,True,True,0,1,,,,Cc1nn(C)cc1S(=O)(=O)NC(=O)c1ccc(-n2ccc(OCC(C)(C)C(F)(F)F)n2)nc1N1C[C@@H](C)CC1(C)C
eltanexor_cid86345880,,,eltanexor_cid86345880.png,high,high,0.8616061875968757,exact,Eltanexor,Eltanexor,1.0,30,30,exact,exact,Eltanexor,False,False,False,False,1.0,True,True,0,1,,,,NC(=O)/C(=C/n1cnc(-c2cc(C(F)(F)F)cc(C(F)(F)F)c2)n1)c1cncnc1
eltrombopag_cid135449332,,,eltrombopag_cid135449332.png,high,high,0.8880146299107435,stereo,Eltrombopag,Eltrombopag,1.0,33,33,stereo,stereo,Eltrombopag,False,False,False,False,1.0,True,True,0,1,,,,Cc1ccc(-n2[nH]c(C)c(/N=N/c3cccc(-c4cccc(C(=O)O)c4)c3O)c2=O)cc1C
elvitegravir_cid5277135,,,elvitegravir_cid5277135.png,high,high,0.9069800856852478,exact,Elvitegravir,Elvitegravir,1.0,31,31,exact,exact,Elvitegravir,False,False,False,False,1.0,True,True,0,1,,,,COc1cc2c(cc1Cc1cccc(Cl)c1F)c(=O)c(C(=O)O)cn2[C@H](CO)C(C)C
emamectin_b1a_cid11136686,,,emamectin_b1a_cid11136686.png,low,low,0.565696265064976,wrong,,Emamectin B1A,0.836,63,63,wrong,wrong,,False,False,False,False,0.836,False,False,3,1,,,,[H][C@]12C=C(C)P(O)[C@@H]3OC/C(=C\C=C\[C@H](C)[C@H](O[C@H]4C[C@H](OC)[C@@H](O[C@H]5C[C@H](OC)[C@H](NC)[C@H](C)O5)[C@H](C)O4)/C(C)=C/C[C@H]4C[C@H](C[C@]5(C=C[C@H](C)[C@@H]([C@@H](C)CC)O5)O4)OC1=O)[C@]32O
emtricitabine_cid60877,,,emtricitabine_cid60877.png,high,high,0.8565001299821251,exact,Emtricitabine,Emtricitabine,1.0,16,16,exact,exact,Emtricitabine,False,False,False,False,1.0,True,True,0,1,,,,Nc1nc(=O)n([C@@H]2CS[C@H](CO)O2)cc1F
encorafenib_cid50922675,,,encorafenib_cid50922675.png,high,high,0.8672046181959229,exact,Encorafenib,Encorafenib,1.0,36,36,exact,exact,Encorafenib,False,False,False,False,1.0,True,True,0,1,,,,COC(=O)N[C@@H](C)CNc1nccc(-c2cn(C(C)C)nc2-c2cc(Cl)cc(NS(C)(=O)=O)c2F)n1
enflurane_cid3226,,,enflurane_cid3226.png,low,low,0.8393788179854375,exact,Enflurane,Enflurane,1.0,10,10,exact,exact,Enflurane,False,False,False,False,1.0,True,True,0,1,,,,FC(F)OC(F)(F)C(F)Cl
entecavir_cid135398508,,,entecavir_cid135398508.png,high,high,0.8561287086036091,exact,Entecavir,Entecavir,1.0,20,20,exact,exact,Entecavir,False,False,False,False,1.0,True,True,0,1,,,,C=C1[C@H](CO)[C@@H](O)C[C@@H]1n1cnc2c(=O)[nH]c(N)nc21
entrectinib_cid25141092,,,entrectinib_cid25141092.png,high,high,0.8850753421158648,exact,Entrectinib,Entrectinib,1.0,41,41,exact,exact,Entrectinib,False,False,False,False,1.0,True,True,0,1,,,,CN1CCN(c2ccc(C(=O)Nc3n[nH]c4ccc(Cc5cc(F)cc(F)c5)cc34)c(NC3CCOCC3)c2)CC1
eptaplatin_cid119378,,,eptaplatin_cid119378.png,high,high,0.8631715524221354,exact,Eptaplatin,Eptaplatin,1.0,20,20,exact,exact,Eptaplatin,False,False,False,False,1.0,True,True,0,3,,,,CC(C)C1O[C@H](CN)[C@@H](CN)O1.O=C([O-])CC(=O)[O-].[Pt+2]
eptifibatide_cid448812,,,eptifibatide_cid448812.png,low,low,0.748955762306386,exact,Eptifibatide,Eptifibatide,1.0,57,57,exact,exact,Eptifibatide,False,False,False,False,1.0,True,True,0,1,,,,[H][C@@]12CCCN1C(=O)[C@H](Cc1c[nH]c3ccccc13)NC(=O)[C@H](CC(=O)O)NC(=O)CNC(=O)[C@H](CCCCN=C(N)N)NC(=O)CCSSC[C@@H](C(N)=O)NC2=O
ergometrine_cid443884,,,ergometrine_cid443884.png,high,high,0.8990806364475668,exact,Ergometrine,Ergometrine,1.0,24,24,exact,exact,Ergometrine,False,False,False,False,1.0,True,True,0,1,,,,[H][C@@]12Cc3c[nH]c4cccc(c34)C1=C[C@@H](C(=O)N[C@@H](C)CO)CN2C
ertugliflozin_cid44814423,,,ertugliflozin_cid44814423.png,high,high,0.8878411184399811,exact,Ertugliflozin,Ertugliflozin,1.0,30,30,exact,exact,Ertugliflozin,False,False,False,False,1.0,True,True,0,1,,,,CCOc1ccc(Cc2cc([C@]34OC[C@](CO)(O3)[C@@H](O)[C@H](O)[C@H]4O)ccc2Cl)cc1
esmolol_hydrochloride_cid104769,,,esmolol_hydrochloride_cid104769.png,high,high,0.8674627015292518,exact,Esmolol Hydrochloride,Esmolol Hydrochloride,1.0,22,22,exact,exact,Esmolol Hydrochloride,False,False,False,False,1.0,True,True,0,2,,,,COC(=O)CCc1ccc(OCC(O)CNC(C)C)cc1.Cl
etelcalcetide_cid71511839,,,etelcalcetide_cid71511839.png,high,high,0.8887707853209673,exact,Etelcalcetide,Etelcalcetide,1.0,71,71,exact,exact,Etelcalcetide,False,False,False,False,1.0,True,True,0,1,,,,CC(=O)N[C@H](CSSC[C@H](N)C(=O)O)C(=O)N[C@H](C)C(=O)N[C@H](CCCN=C(N)N)C(=O)N[C@H](CCCN=C(N)N)C(=O)N[C@H](CCCN=C(N)N)C(=O)N[C@H](C)C(=O)N[C@H](CCCN=C(N)N)C(N)=O
ethaselen_cid10387485,,,ethaselen_cid10387485.png,high,high,0.8907706357283222,exact,Ethaselen,Ethaselen,1.0,22,22,exact,exact,Ethaselen,False,False,False,False,1.0,True,True,0,1,,,,O=c1c2ccccc2[se]n1CCn1[se]c2ccccc2c1=O
ethinylestradiol_cid5991,,,ethinylestradiol_cid5991.png,high,high,0.8649968154103634,exact,Ethinylestradiol,Ethinylestradiol,1.0,22,22,exact,exact,Ethinylestradiol,False,False,False,False,1.0,True,True,0,1,,,,[H][C@@]12CC[C@@](O)(C#C)[C@@]1(C)CC[C@]1([H])c3ccc(O)cc3CC[C@@]21[H]
etomidate_cid667484,,,etomidate_cid667484.png,high,high,0.8655989888813564,exact,Etomidate,Etomidate,1.0,18,18,exact,exact,Etomidate,False,False,False,False,1.0,True,True,0,1,,,,CCOC(=O)c1cncn1[C@H](C)c1ccccc1
etoricoxib_cid123619,,,etoricoxib_cid123619.png,high,high,0.8816756904188431,exact,Etoricoxib,Etoricoxib,1.0,24,24,exact,exact,Etoricoxib,False,False,False,False,1.0,True,True,0,1,,,,Cc1ccc(-c2ncc(Cl)cc2-c2ccc(S(C)(=O)=O)cc2)cn1
etrasimod_cid44623998,,,etrasimod_cid44623998.png,high,high,0.8800828708790931,exact,Etrasimod,Etrasimod,1.0,33,33,exact,exact,Etrasimod,False,False,False,False,1.0,True,True,0,1,,,,O=C(O)C[C@H]1CCc2c1[nH]c1ccc(OCc3ccc(C4CCCC4)c(C(F)(F)F)c3)cc21
etretinate_cid5282375,,,etretinate_cid5282375.png,high,high,0.8819750387960389,exact,Etretinate,Etretinate,1.0,26,26,exact,exact,Etretinate,False,False,False,False,1.0,True,True,0,1,,,,CCOC(=O)/C=C(C)/C=C/C=C(C)/C=C/c1c(C)cc(OC)c(C)c1C
exatecan_cid151115,,,exatecan_cid151115.png,high,high,0.8574404942613348,exact,Exatecan,Exatecan,1.0,32,32,exact,exact,Exatecan,False,False,False,False,1.0,True,True,0,1,,,,CC[C@@]1(O)C(=O)OCc2c1cc1n(c2=O)Cc2c-1nc1cc(F)c(C)c3c1c2[C@@H](N)CC3
febuxostat_cid134018,,,febuxostat_cid134018.png,high,high,0.8885389200175126,exact,Febuxostat,Febuxostat,1.0,22,22,exact,exact,Febuxostat,False,False,False,False,1.0,True,True,0,1,,,,Cc1nc(-c2ccc(OCC(C)C)c(C#N)c2)sc1C(=O)O
fedratinib_cid16722836,,,fedratinib_cid16722836.png,high,high,0.8796150557881657,exact,Fedratinib,Fedratinib,1.0,37,37,exact,exact,Fedratinib,False,False,False,False,1.0,True,True,0,1,,,,Cc1cnc(Nc2ccc(OCCN3CCCC3)cc2)nc1Nc1cccc(S(=O)(=O)NC(C)(C)C)c1
felypressin_cid14257662,,,felypressin_cid14257662.png,high,high,0.8456089583187254,exact,Felypressin,Felypressin,1.0,72,72,exact,exact,Felypressin,False,False,False,False,1.0,True,True,0,1,,,,NCCCC[C@H](NC(=O)[C@@H]1CCCN1C(=O)[C@@H]1CSSC[C@H](N)C(=O)N[C@@H](Cc2ccccc2)C(=O)N[C@@H](Cc2ccccc2)C(=O)N[C@@H](CCC(N)=O)C(=O)N[C@@H](CC(N)=O)C(=O)N1)C(=O)NCC(N)=O
fenebrutinib_cid86567195,,,fenebrutinib_cid86567195.png,high,high,0.8877450690998628,exact,Fenebrutinib,Fenebrutinib,1.0,49,49,exact,exact,Fenebrutinib,False,False,False,False,1.0,True,True,0,1,,,,C[C@H]1CN(C2COC2)CCN1c1ccc(Nc2cc(-c3ccnc(N4CCn5c(cc6c5CC(C)(C)C6)C4=O)c3CO)cn(C)c2=O)nc1
fenoterol_cid3343,,,fenoterol_cid3343.png,high,high,0.8837400946775423,exact,Fenoterol,Fenoterol,1.0,22,22,exact,exact,Fenoterol,False,False,False,False,1.0,True,True,0,1,,,,CC(Cc1ccc(O)cc1)NCC(O)c1cc(O)cc(O)c1
ferric_maltol_cid169535,,,ferric_maltol_cid169535.png,high,high,0.8862712264191542,wrong,,Ferric Maltol,0.955,27,28,near,near,,False,False,False,False,0.955,False,False,1,3,,Cc1occc(=O)c1[O-].Cc1occc(=O)c1[O-],,Cc1occc(=O)c1[O-].Cc1occc(=O)c1[O-].Cc1occc(=O)c1[O-]
ferroquine_cid140118553,,,ferroquine_cid140118553.png,high,high,0.8969654457503323,wrong,,Ferroquine,0.606,28,28,wrong,wrong,,False,False,False,False,0.606,False,False,0,3,,,,CN(C)CC1=CC=C[C]1CNc1ccnc2cc(Cl)ccc12.[Fe+2].c1cc[cH-]c1 |^1:8|
ferrous_fumarate_cid6433164,,,ferrous_fumarate_cid6433164.png,low,low,0.8390678147339147,exact,Ferrous Fumarate,Ferrous Fumarate,1.0,9,9,exact,exact,Ferrous Fumarate,False,False,False,False,1.0,True,True,0,2,,,,O=C([O-])/C=C/C(=O)[O-].[Fe+2]
fesoterodine_fumarate_cid9849808,,,fesoterodine_fumarate_cid9849808.png,high,high,0.8900042246971858,exact,Fesoterodine Fumarate,Fesoterodine Fumarate,1.0,38,38,exact,exact,Fesoterodine Fumarate,False,False,False,False,1.0,True,True,0,2,,,,CC(C)C(=O)Oc1ccc(CO)cc1[C@H](CCN(C(C)C)C(C)C)c1ccccc1.O=C(O)/C=C/C(=O)O
fevipiprant_cid23582412,,,fevipiprant_cid23582412.png,high,high,0.8773928672826481,exact,Fevipiprant,Fevipiprant,1.0,29,29,exact,exact,Fevipiprant,False,False,False,False,1.0,True,True,0,1,,,,Cc1c(CC(=O)O)c2cccnc2n1Cc1ccc(S(C)(=O)=O)cc1C(F)(F)F
fexinidazole_cid68792,,,fexinidazole_cid68792.png,high,high,0.8498024140007925,exact,Fexinidazole,Fexinidazole,1.0,19,19,exact,exact,Fexinidazole,False,False,False,False,1.0,True,True,0,1,,,,CSc1ccc(OCc2ncc([N+](=O)[O-])n2C)cc1
fingolimod_cid107970,,,fingolimod_cid107970.png,low,low,0.8416200507549465,exact,Fingolimod,Fingolimod,1.0,22,22,exact,exact,Fingolimod,False,False,False,False,1.0,True,True,0,1,,,,CCCCCCCCc1ccc(CCC(N)(CO)CO)cc1
floxuridine_cid5790,,,floxuridine_cid5790.png,high,high,0.8464752064717203,exact,Floxuridine,Floxuridine,1.0,17,17,exact,exact,Floxuridine,False,False,False,False,1.0,True,True,0,1,,,,O=c1[nH]c(=O)n([C@H]2C[C@H](O)[C@@H](CO)O2)cc1F
fludarabine_cid657237,,,fludarabine_cid657237.png,high,high,0.8764475945823723,exact,Fludarabine,Fludarabine,1.0,20,20,exact,exact,Fludarabine,False,False,False,False,1.0,True,True,0,1,,,,Nc1nc(F)nc2c1ncn2[C@@H]1O[C@H](CO)[C@@H](O)[C@@H]1O
flunitrazepam_cid3380,,,flunitrazepam_cid3380.png,high,high,0.8649825828490613,exact,Flunitrazepam,Flunitrazepam,1.0,23,23,exact,exact,Flunitrazepam,False,False,False,False,1.0,True,True,0,1,,,,CN1C(=O)CN=C(c2ccccc2F)c2cc([N+](=O)[O-])ccc21
fluoxymesterone_cid6446,,,fluoxymesterone_cid6446.png,low,low,0.5896089887881616,exact,Fluoxymesterone,Fluoxymesterone,1.0,24,24,exact,exact,Fluoxymesterone,False,False,False,False,1.0,True,True,0,1,,,,[H][C@@]12CC[C@](C)(O)[C@@]1(C)C[C@H](O)[C@@]1(F)[C@@]2([H])CCC2=CC(=O)CC[C@@]21C
fluphenazine_cid3372,,,fluphenazine_cid3372.png,low,low,0.8376650148910417,exact,Fluphenazine,Fluphenazine,1.0,30,30,exact,exact,Fluphenazine,False,False,False,False,1.0,True,True,0,1,,,,OCCN1CCN(CCCN2c3ccccc3Sc3ccc(C(F)(F)F)cc32)CC1
flurithromycin_cid71260,,,flurithromycin_cid71260.png,low,low,0.1843913573131463,invalid,,,,,,invalid,invalid,,False,False,False,False,,False,,,,,,,CC[CH]12OC(=O)C(C)[CH]3(O[CH]4(CC(C)(OC)C(O)C(C)O4)O4C(CC(C)(OC)C(O)C4C)OC(C(C)[CH]OC)[CH]3(C)C(=O)O1)C(C)C(OC)C(C)(O)CC(C)(F)C(=O)C(C)C(O)C2(C)O
formaldehyde_cid712,,,formaldehyde_cid712.png,low,low,0.394663477769528,wrong,,Formaldehyde,0.0,2,2,wrong,wrong,,False,False,False,False,0.0,False,False,2,1,,,,CO
fosfluconazole_cid214356,,,fosfluconazole_cid214356.png,high,high,0.8611005082249661,exact,Fosfluconazole,Fosfluconazole,1.0,26,26,exact,exact,Fosfluconazole,False,False,False,False,1.0,True,True,0,1,,,,O=P(O)(O)OC(Cn1cncn1)(Cn1cncn1)c1ccc(F)cc1F
frovatriptan_succinate_cid152943,,,frovatriptan_succinate_cid152943.png,high,high,0.8689222627801032,exact,Frovatriptan Succinate,Frovatriptan Succinate,1.0,27,27,exact,exact,Frovatriptan Succinate,False,False,False,False,1.0,True,True,0,3,,,,CN[C@@H]1CCc2[nH]c3ccc(C(N)=O)cc3c2C1.O.O=C(O)CCC(=O)O
fulvestrant_cid104741,,,fulvestrant_cid104741.png,high,high,0.8671126456122517,exact,Fulvestrant,Fulvestrant,1.0,41,41,exact,exact,Fulvestrant,False,False,False,False,1.0,True,True,0,1,,,,[H][C@@]12CC[C@H](O)[C@@]1(C)CC[C@]1([H])c3ccc(O)cc3C[C@@H](CCCCCCCCCS(=O)CCCC(F)(F)C(F)(F)F)[C@@]21[H]
furazolidone_cid5323714,,,furazolidone_cid5323714.png,high,high,0.8778836068924134,exact,Furazolidone,Furazolidone,1.0,16,16,exact,exact,Furazolidone,False,False,False,False,1.0,True,True,0,1,,,,O=C1OCCN1/N=C/c1ccc([N+](=O)[O-])o1
gabapentin_enacarbil_cid9883933,,,gabapentin_enacarbil_cid9883933.png,high,high,0.8614689153593631,exact,Gabapentin Enacarbil,Gabapentin Enacarbil,1.0,23,23,exact,exact,Gabapentin Enacarbil,False,False,False,False,1.0,True,True,0,1,,,,CC(OC(=O)NCC1(CC(=O)O)CCCCC1)OC(=O)C(C)C
gantacurium_cid10102486,,,gantacurium_cid10102486.png,high,high,0.8649049829437799,wrong,,Gantacurium,0.841,70,70,wrong,wrong,,False,False,False,False,0.841,False,False,3,1,,,,COc1cc2c(cc1OC)[C@H](c1cc(OC)c(OC)c(OC)c1)[N+](C)(CCCOC(=O)/C=C(\O)C(=O)OCCC[N+]1(C)CCc3cc(OC)c(OC)cc3[C@H]1Cc1cc(OC)c(OC)c(OC)c1)CC2
gemigliptin_cid11953153,,,gemigliptin_cid11953153.png,high,high,0.870686977062829,exact,Gemigliptin,Gemigliptin,1.0,33,33,exact,exact,Gemigliptin,False,False,False,False,1.0,True,True,0,1,,,,N[C@@H](CC(=O)N1CCc2c(nc(C(F)(F)F)nc2C(F)(F)F)C1)CN1CC(F)(F)CCC1=O
gilteritinib_cid49803313,,,gilteritinib_cid49803313.png,high,high,0.8823125183741208,exact,Gilteritinib,Gilteritinib,1.0,40,40,exact,exact,Gilteritinib,False,False,False,False,1.0,True,True,0,1,,,,CCc1nc(C(N)=O)c(Nc2ccc(N3CCC(N4CCN(C)CC4)CC3)c(OC)c2)nc1NC1CCOCC1
giredestrant_cid121410806,,,giredestrant_cid121410806.png,high,high,0.8975812634815847,exact,Giredestrant,Giredestrant,1.0,37,37,exact,exact,Giredestrant,False,False,False,False,1.0,True,True,0,1,,,,C[C@@H]1Cc2c([nH]c3ccccc23)[C@@H](c2c(F)cc(NC3CN(CCCF)C3)cc2F)N1CC(F)(F)CO
givinostat_cid9804992,,,givinostat_cid9804992.png,high,high,0.8576621618319336,exact,Givinostat,Givinostat,1.0,31,31,exact,exact,Givinostat,False,False,False,False,1.0,True,True,0,1,,,,CCN(CC)Cc1ccc2cc(COC(=O)Nc3ccc(C(=O)NO)cc3)ccc2c1
glasdegib_cid25166913,,,glasdegib_cid25166913.png,high,high,0.8965153926966289,exact,Glasdegib,Glasdegib,1.0,28,28,exact,exact,Glasdegib,False,False,False,False,1.0,True,True,0,1,,,,CN1CC[C@@H](NC(=O)Nc2ccc(C#N)cc2)C[C@@H]1c1nc2ccccc2[nH]1
glutaraldehyde_cid3485,,,glutaraldehyde_cid3485.png,high,high,0.8878687801663437,exact,Glutaraldehyde,Glutaraldehyde,1.0,7,7,exact,exact,Glutaraldehyde,False,False,False,False,1.0,True,True,0,1,,,,O=CCCCC=O
glycolic_acid_cid757,,,glycolic_acid_cid757.png,high,high,0.9216289869668526,exact,Glycolic Acid,Glycolic Acid,1.0,5,5,exact,exact,Glycolic Acid,False,False,False,False,1.0,True,True,0,1,,,,O=C(O)CO
gonadorelin_cid638793,,,gonadorelin_cid638793.png,low,low,0.5078644157419919,wrong,,Gonadorelin,0.879,86,85,near,near,,False,False,False,False,0.879,False,False,5,2,,,,CC(=O)N1CCC[C@H]1C(=O)NCC(N)=O.CC(C)C[C@H](NC(=O)CNC(=O)[C@H](Cc1ccc(O)cc1)NC(=O)[C@H](CO)NC(=O)[C@H](Cc1c[nH]c2ccccc12)NC(=O)[C@H](Cc1cnc[nH]1)NC(=O)[C@@H]1CCC(=O)N1)C(=O)NCCCCN=C(N)N
grazoprevir_cid44603531,,,grazoprevir_cid44603531.png,low,low,0.1683171355311431,invalid,,,,,,invalid,invalid,,False,False,False,False,,False,,,,,,,[H]C1CCN(CC(C)=O)C(=O)C(C(C)(C)C)NC(=O)OC23([H])CC2([H])CCCCCC2=NC4=C(C=C(OC)C=C4)N=C2O1C([H])CCN(CC(C)=O)C(=O)C(C(C)(C)C)NC(=O)O3
halofantrine_hydrochloride_cid37392,,,halofantrine_hydrochloride_cid37392.png,high,high,0.8797812434979513,exact,(+-)-Halofantrine hydrochloride,(+-)-Halofantrine hydrochloride,1.0,34,34,exact,exact,(+-)-Halofantrine hydrochloride,False,False,False,False,1.0,True,True,0,2,,,,CCCCN(CCCC)CCC(O)c1cc2c(Cl)cc(Cl)cc2c2cc(C(F)(F)F)ccc12.Cl
haloprogin_cid3561,,,haloprogin_cid3561.png,low,low,0.8405929820213041,exact,Haloprogin,Haloprogin,1.0,14,14,exact,exact,Haloprogin,False,False,False,False,1.0,True,True,0,1,,,,Clc1cc(Cl)c(OCC#CI)cc1Cl
henagliflozin_cid56832738,,,henagliflozin_cid56832738.png,high,high,0.8841803388658551,exact,Henagliflozin,Henagliflozin,1.0,31,31,exact,exact,Henagliflozin,False,False,False,False,1.0,True,True,0,1,,,,CCOc1ccc(Cc2cc([C@@]34OC[C@@](CO)(O3)[C@@H](O)[C@H](O)[C@H]4O)ccc2Cl)cc1F
hexachlorocyclohexane_cid727,,,hexachlorocyclohexane_cid727.png,high,high,0.8942823902565519,exact,Hexachlorocyclohexane,Hexachlorocyclohexane,1.0,12,12,exact,exact,Hexachlorocyclohexane,False,False,False,False,1.0,True,True,0,1,,,,ClC1C(Cl)C(Cl)C(Cl)C(Cl)C1Cl
hexestrol_cid192197,,,hexestrol_cid192197.png,high,high,0.8765273678079866,exact,Hexestrol,Hexestrol,1.0,20,20,exact,exact,Hexestrol,False,False,False,False,1.0,True,True,0,1,,,,CC[C@H](c1ccc(O)cc1)[C@@H](CC)c1ccc(O)cc1
hexoprenaline_cid3609,,,hexoprenaline_cid3609.png,high,high,0.8607527719267014,exact,Hexoprenaline,Hexoprenaline,1.0,30,30,exact,exact,Hexoprenaline,False,False,False,False,1.0,True,True,0,1,,,,Oc1ccc(C(O)CNCCCCCCNCC(O)c2ccc(O)c(O)c2)cc1O
histrelin_cid25077993,,,histrelin_cid25077993.png,low,low,0.1892815822238742,invalid,,,,,,invalid,invalid,,False,False,False,False,,False,,,,,,,C[CH]C1(=O)NC(CC2=CN=CN2)C(=O)N[CH]C(=O)NC(CO)C(=O)NC(CC2=CC=C(O)C=C2)C(=O)NC(CC2=CN(CC3=CC=CC=C3)C=N2)C(=O)NC(CC(C)C)C(=O)NC(C(=O)N2CCCC2C(=O)NCC)CCCC(C2=CNC3=CC=CC=C32)=[CH](N)NC(=O)C(CC2=CN=CN2)NC(=O)[CH]12CCC(=O)N2
iberdomide_cid67335295,,,iberdomide_cid67335295.png,high,high,0.8974164822347496,exact,Iberdomide,Iberdomide,1.0,33,33,exact,exact,Iberdomide,False,False,False,False,1.0,True,True,0,1,,,,O=C1CC[C@H](N2Cc3c(OCc4ccc(CN5CCOCC5)cc4)cccc3C2=O)C(=O)N1
iclepertin_cid155259577,,,iclepertin_cid155259577.png,high,high,0.8736716395588554,exact,Iclepertin,Iclepertin,1.0,34,34,exact,exact,Iclepertin,False,False,False,False,1.0,True,True,0,1,,,,[H][C@]12CN(C(=O)c3cc(S(C)(=O)=O)ccc3O[C@H](C)C(F)(F)F)C[C@@]1(c1cc(C(F)(F)F)on1)C2
icotinib_cid22024915,,,icotinib_cid22024915.png,high,high,0.849532932057148,exact,Icotinib,Icotinib,1.0,29,29,exact,exact,Icotinib,False,False,False,False,1.0,True,True,0,1,,,,C#Cc1cccc(Nc2ncnc3cc4c(cc23)OCCOCCOCCO4)c1
idarubicin_cid42890,,,idarubicin_cid42890.png,high,high,0.885624060695946,exact,Idarubicin,Idarubicin,1.0,36,36,exact,exact,Idarubicin,False,False,False,False,1.0,True,True,0,1,,,,CC(=O)[C@]1(O)Cc2c(O)c3c(c(O)c2[C@@H](O[C@H]2C[C@H](N)[C@H](O)[C@H](C)O2)C1)C(=O)c1ccccc1C3=O
idelalisib_cid11625818,,,idelalisib_cid11625818.png,high,high,0.913546169143354,exact,Idelalisib,Idelalisib,1.0,31,31,exact,exact,Idelalisib,False,False,False,False,1.0,True,True,0,1,,,,CC[C@H](Nc1ncnc2nc[nH]c12)c1nc2cccc(F)c2c(=O)n1-c1ccccc1
ilaprazole_cid214351,,,ilaprazole_cid214351.png,high,high,0.9000160313872854,exact,Ilaprazole,Ilaprazole,1.0,26,26,exact,exact,Ilaprazole,False,False,False,False,1.0,True,True,0,1,,,,COc1ccnc(CS(=O)c2nc3ccc(-n4cccc4)cc3[nH]2)c1C
iloperidone_cid71360,,,iloperidone_cid71360.png,high,high,0.8763711457808189,exact,Iloperidone,Iloperidone,1.0,31,31,exact,exact,Iloperidone,False,False,False,False,1.0,True,True,0,1,,,,COc1cc(C(C)=O)ccc1OCCCN1CCC(c2noc3cc(F)ccc23)CC1
imeglimin_cid24812808,,,imeglimin_cid24812808.png,high,high,0.866355526729299,exact,Imeglimin,Imeglimin,1.0,11,11,exact,exact,Imeglimin,False,False,False,False,1.0,True,True,0,1,,,,C[C@@H]1N=C(N)NC(N(C)C)=N1
indacaterol_cid6918554,,,indacaterol_cid6918554.png,high,high,0.9024451811864709,exact,Indacaterol,Indacaterol,1.0,29,29,exact,exact,Indacaterol,False,False,False,False,1.0,True,True,0,1,,,,CCc1cc2c(cc1CC)CC(NC[C@H](O)c1ccc(O)c3[nH]c(=O)ccc13)C2
indoximod_cid405012,,,indoximod_cid405012.png,high,high,0.8919872010728845,exact,Indoximod,Indoximod,1.0,16,16,exact,exact,Indoximod,False,False,False,False,1.0,True,True,0,1,,,,Cn1cc(C[C@@H](N)C(=O)O)c2ccccc21
infigratinib_cid53235510,,,infigratinib_cid53235510.png,high,high,0.9016750092868262,exact,Infigratinib,Infigratinib,1.0,38,38,exact,exact,Infigratinib,False,False,False,False,1.0,True,True,0,1,,,,CCN1CCN(c2ccc(Nc3cc(N(C)C(=O)Nc4c(Cl)c(OC)cc(OC)c4Cl)ncn3)cc2)CC1
ipragliflozin_cid10453870,,,ipragliflozin_cid10453870.png,high,high,0.9048531191904181,exact,Ipragliflozin,Ipragliflozin,1.0,28,28,exact,exact,Ipragliflozin,False,False,False,False,1.0,True,True,0,1,,,,OC[C@H]1O[C@@H](c2ccc(F)c(Cc3cc4ccccc4s3)c2)[C@H](O)[C@@H](O)[C@@H]1O
isavuconazole_cid6918485,,,isavuconazole_cid6918485.png,high,high,0.8829088363983468,exact,Isavuconazole,Isavuconazole,1.0,31,31,exact,exact,Isavuconazole,False,False,False,False,1.0,True,True,0,1,,,,C[C@@H](c1nc(-c2ccc(C#N)cc2)cs1)[C@](O)(Cn1cncn1)c1cc(F)ccc1F
isepamicin_cid3037209,,,isepamicin_cid3037209.png,high,high,0.8887970961008521,exact,Isepamicin,Isepamicin,1.0,39,39,exact,exact,Isepamicin,False,False,False,False,1.0,True,True,0,1,,,,CN[C@@H]1[C@@H](O)[C@@H](O[C@@H]2[C@@H](O)[C@H](O[C@H]3O[C@H](CN)[C@@H](O)[C@H](O)[C@H]3O)[C@@H](N)C[C@H]2NC(=O)[C@@H](O)CN)OC[C@]1(C)O
ivabradine_hydrochloride_cid3045381,,,ivabradine_hydrochloride_cid3045381.png,high,high,0.8747739809639643,exact,Ivabradine Hydrochloride,Ivabradine Hydrochloride,1.0,35,35,exact,exact,Ivabradine Hydrochloride,False,False,False,False,1.0,True,True,0,2,,,,COc1cc2c(cc1OC)CC(=O)N(CCCN(C)C[C@H]1Cc3cc(OC)c(OC)cc31)CC2.Cl
ivermectin_b1a_cid6321424,,,ivermectin_b1a_cid6321424.png,low,low,0.2762534369544652,invalid,,,,,,invalid,invalid,,False,False,False,False,,False,,,,,,,[H][CH]C1C2CC([H])(CC=C(C)C(OC3CC(OC)C(OC4CC(OC)C(O)C(C)O4)C(C)O3)C(C)C=CC=C3COC4[H](O)C(C)=CC(C)(C(=O)O2)C34O)OC12CCC(C)C(C(C)CC)O2
ketoconazole_cid47576,,,ketoconazole_cid47576.png,low,low,0.8369586285119849,exact,Ketoconazole,Ketoconazole,1.0,36,36,exact,exact,Ketoconazole,False,False,False,False,1.0,True,True,0,1,,,,CC(=O)N1CCN(c2ccc(OC[C@@H]3CO[C@@](Cn4ccnc4)(c4ccc(Cl)cc4Cl)O3)cc2)CC1
ketoprofen_cid3825,,,ketoprofen_cid3825.png,high,high,0.8618171216849793,exact,Ketoprofen,Ketoprofen,1.0,19,19,exact,exact,Ketoprofen,False,False,False,False,1.0,True,True,0,1,,,,CC(C(=O)O)c1cccc(C(=O)c2ccccc2)c1
l_folinic_acid_cid135398559,,,l_folinic_acid_cid135398559.png,high,high,0.8528378640515516,exact,L-Folinic acid,L-Folinic acid,1.0,34,34,exact,exact,L-Folinic acid,False,False,False,False,1.0,True,True,0,1,,,,Nc1nc2c(c(=O)[nH]1)N(C=O)[C@@H](CNc1ccc(C(=O)N[C@@H](CCC(=O)O)C(=O)O)cc1)CN2
lacosamide_cid219078,,,lacosamide_cid219078.png,low,low,0.8360899958182746,exact,Lacosamide,Lacosamide,1.0,18,18,exact,exact,Lacosamide,False,False,False,False,1.0,True,True,0,1,,,,COC[C@@H](NC(C)=O)C(=O)NCc1ccccc1
lactic_acid_cid612,,,lactic_acid_cid612.png,high,high,0.9170655667193937,exact,Lactic Acid,Lactic Acid,1.0,6,6,exact,exact,Lactic Acid,False,False,False,False,1.0,True,True,0,1,,,,CC(O)C(=O)O
landiolol_hydrochloride_cid164457,,,landiolol_hydrochloride_cid164457.png,high,high,0.8660707923329352,exact,Landiolol Hydrochloride,Landiolol Hydrochloride,1.0,37,37,exact,exact,Landiolol Hydrochloride,False,False,False,False,1.0,True,True,0,2,,,,CC1(C)OC[C@@H](COC(=O)CCc2ccc(OC[C@@H](O)CNCCNC(=O)N3CCOCC3)cc2)O1.Cl
larotrectinib_cid46188928,,,larotrectinib_cid46188928.png,high,high,0.8907567278131252,exact,Larotrectinib,Larotrectinib,1.0,31,31,exact,exact,Larotrectinib,False,False,False,False,1.0,True,True,0,1,,,,O=C(Nc1cnn2ccc(N3CCC[C@@H]3c3cc(F)ccc3F)nc12)N1CC[C@H](O)C1
lasmiditan_cid11610526,,,lasmiditan_cid11610526.png,high,high,0.9047132707549426,exact,Lasmiditan,Lasmiditan,1.0,27,27,exact,exact,Lasmiditan,False,False,False,False,1.0,True,True,0,1,,,,CN1CCC(C(=O)c2cccc(NC(=O)c3c(F)cc(F)cc3F)n2)CC1
lenacapavir_cid133082658,,,lenacapavir_cid133082658.png,high,high,0.8768174835730543,exact,Lenacapavir,Lenacapavir,1.0,64,64,exact,exact,Lenacapavir,False,False,False,False,1.0,True,True,0,1,,,,[H][C@@]12C[C@]1([H])c1c(C(F)(F)F)nn(CC(=O)N[C@@H](Cc3cc(F)cc(F)c3)c3nc(C#CC(C)(C)S(C)(=O)=O)ccc3-c3ccc(Cl)c4c(NS(C)(=O)=O)nn(CC(F)(F)F)c34)c1C2(F)F
lenvatinib_cid9823820,,,lenvatinib_cid9823820.png,high,high,0.8912582909697858,exact,Lenvatinib,Lenvatinib,1.0,30,30,exact,exact,Lenvatinib,False,False,False,False,1.0,True,True,0,1,,,,COc1cc2nccc(Oc3ccc(NC(=O)NC4CC4)c(Cl)c3)c2cc1C(N)=O
levobunolol_cid39468,,,levobunolol_cid39468.png,low,low,0.8338830055601298,exact,Levobunolol,Levobunolol,1.0,21,21,exact,exact,Levobunolol,False,False,False,False,1.0,True,True,0,1,,,,CC(C)(C)NC[C@H](O)COc1cccc2c1CCCC2=O
levodropropizine_cid65859,,,levodropropizine_cid65859.png,high,high,0.9013880337827197,exact,Levodropropizine,Levodropropizine,1.0,17,17,exact,exact,Levodropropizine,False,False,False,False,1.0,True,True,0,1,,,,OC[C@@H](O)CN1CCN(c2ccccc2)CC1
levosimendan_cid3033825,,,levosimendan_cid3033825.png,high,high,0.8992685244529048,exact,Levosimendan,Levosimendan,1.0,21,21,exact,exact,Levosimendan,False,False,False,False,1.0,True,True,0,1,,,,C[C@@H]1CC(=O)NN=C1c1ccc(NN=C(C#N)C#N)cc1
linaclotide_cid16158208,,,linaclotide_cid16158208.png,low,low,1.545004196239898e-08,invalid,,,,,,invalid,invalid,,False,False,False,False,,False,,,,,,,[H]C1CNC2(=O)N(C1=O)C13SCC4(=O)NC(=O)C5(C67CC5(C)(O6)O7)[CH]45NC(=O)C4(C)CCCN4C(=O)[CH]4(CC(N)=O)N67C(=O)*489C(=O)(*C84(=O)C1([H])(CSSCC(C)(N)NC1(=O)C([H])(CSSCC([H])C5=O)NC(=O)C1([H])CCC(=O)O)C9(=O)C324[H])N(C6CC=CC=C)[CH]7(CC1=CC=C(O)C=C1)C(=O)O |$;;;;;;;;;;;;;;;;;;;;;;;;;;;;;;;;;;;;;;;;;;;;Bu;;;Bu;;;;;;;;;;;;;;;;;;;;;;;;;;;;;;;;;;;;;;;;;;;;;;;;;;;;;;;;;$|
linifanib_cid11485656,,,linifanib_cid11485656.png,high,high,0.9116755852959334,exact,Linifanib,Linifanib,1.0,28,28,exact,exact,Linifanib,False,False,False,False,1.0,True,True,0,1,,,,Cc1ccc(F)c(NC(=O)Nc2ccc(-c3cccc4[nH]nc(N)c34)cc2)c1
lipid_a_504_cid10877033,,,lipid_a_504_cid10877033.png,low,low,1.559043279705544e-08,invalid,,,,,,invalid,invalid,,False,False,False,False,,False,,,,,,,CCCCCCCCCCCC(O)CC(=O)O[CH]C(O)C(COC1O[CH]2(CO)[CH]345O(P(=O)([O-])[O-])[CH]26(OP(=O)([O-])[O-])([CH]3(CO)O1)[CH]41O2C(C[CH]34OC78=O=C9%10%11%12(=O)(=O=C%13O9[CH]9(C)(C3CC3%14C%15CCCCCCCC(C)CCCCCC3C%15C%14C49)O%13%10)C3CC%11C3CCCCCCC(CC)C(C)CCCCCCCCC3C7CC38%12)=O=C(=O)O[CH]2156)O[CH]O
lisaftoclax_cid137355972,,,lisaftoclax_cid137355972.png,high,high,0.8715792686991177,exact,Lisaftoclax,Lisaftoclax,1.0,62,62,exact,exact,Lisaftoclax,False,False,False,False,1.0,True,True,0,1,,,,O=C(NS(=O)(=O)c1ccc(NC[C@H]2COCCO2)c([N+](=O)[O-])c1)c1ccc(N2CCN(CC3=C(c4ccc(Cl)cc4)CC4(CCC4)CC3)CC2)cc1Oc1cnc2[nH]ccc2c1
lorcaserin_hydrochloride_cid11673085,,,lorcaserin_hydrochloride_cid11673085.png,high,high,0.8970503013007528,exact,Lorcaserin Hydrochloride,Lorcaserin Hydrochloride,1.0,14,14,exact,exact,Lorcaserin Hydrochloride,False,False,False,False,1.0,True,True,0,2,,,,C[C@H]1CNCCc2ccc(Cl)cc21.Cl
lotilaner_cid76959255,,,lotilaner_cid76959255.png,high,high,0.8798936764924825,exact,Lotilaner,Lotilaner,1.0,36,36,exact,exact,Lotilaner,False,False,False,False,1.0,True,True,0,1,,,,Cc1cc(C2=NO[C@@](c3cc(Cl)c(Cl)c(Cl)c3)(C(F)(F)F)C2)sc1C(=O)NCC(=O)NCC(F)(F)F
luliconazole_cid3003141,,,luliconazole_cid3003141.png,high,high,0.8459502799246649,wrong,,Luliconazole,0.603,22,21,wrong,wrong,,False,False,False,False,0.603,False,False,5,2,,,,Cc1ccc(Cl)cc1Cl.N#CC(=C1SCCS1)n1ccnc1
lumacaftor_cid16678941,,,lumacaftor_cid16678941.png,high,high,0.8689933778507077,exact,Lumacaftor,Lumacaftor,1.0,33,33,exact,exact,Lumacaftor,False,False,False,False,1.0,True,True,0,1,,,,Cc1ccc(NC(=O)C2(c3ccc4c(c3)OC(F)(F)O4)CC2)nc1-c1cccc(C(=O)O)c1
lumefantrine_cid6437380,,,lumefantrine_cid6437380.png,high,high,0.8858044399581175,exact,Lumefantrine,Lumefantrine,1.0,35,35,exact,exact,Lumefantrine,False,False,False,False,1.0,True,True,0,1,,,,CCCCN(CCCC)CC(O)c1cc(Cl)cc2c1-c1ccc(Cl)cc1/C2=C/c1ccc(Cl)cc1
lurasidone_hydrochloride_cid11237860,,,lurasidone_hydrochloride_cid11237860.png,high,high,0.8654898644291342,exact,Lurasidone Hydrochloride,Lurasidone Hydrochloride,1.0,36,36,exact,exact,Lurasidone Hydrochloride,False,False,False,False,1.0,True,True,0,2,,,,Cl.[H][C@@]12CC[C@@]([H])(C1)[C@@]1([H])C(=O)N(C[C@@H]3CCCC[C@H]3CN3CCN(c4nsc5ccccc45)CC3)C(=O)[C@@]21[H]
lurtotecan_cid60956,,,lurtotecan_cid60956.png,high,high,0.8645286161341824,exact,Lurtotecan,Lurtotecan,1.0,38,38,exact,exact,Lurtotecan,False,False,False,False,1.0,True,True,0,1,,,,CC[C@@]1(O)C(=O)OCc2c1cc1n(c2=O)Cc2c-1nc1cc3c(cc1c2CN1CCN(C)CC1)OCCO3
luseogliflozin_cid11988953,,,luseogliflozin_cid11988953.png,high,high,0.8801116949467439,exact,Luseogliflozin,Luseogliflozin,1.0,30,30,exact,exact,Luseogliflozin,False,False,False,False,1.0,True,True,0,1,,,,CCOc1ccc(Cc2cc([C@@H]3S[C@H](CO)[C@@H](O)[C@H](O)[C@H]3O)c(OC)cc2C)cc1
lypressin_cid644076,,,lypressin_cid644076.png,high,high,0.8663653456030872,exact,Lypressin,Lypressin,1.0,73,73,exact,exact,Lypressin,False,False,False,False,1.0,True,True,0,1,,,,NCCCC[C@H](NC(=O)[C@@H]1CCCN1C(=O)[C@@H]1CSSC[C@H](N)C(=O)N[C@@H](Cc2ccc(O)cc2)C(=O)N[C@@H](Cc2ccccc2)C(=O)N[C@@H](CCC(N)=O)C(=O)N[C@@H](CC(N)=O)C(=O)N1)C(=O)NCC(N)=O
macitentan_cid16004692,,,macitentan_cid16004692.png,high,high,0.8920298994604173,exact,Macitentan,Macitentan,1.0,32,32,exact,exact,Macitentan,False,False,False,False,1.0,True,True,0,1,,,,CCCNS(=O)(=O)Nc1ncnc(OCCOc2ncc(Br)cn2)c1-c1ccc(Br)cc1
mafodotin_cid56949327,,,mafodotin_cid56949327.png,high,high,0.8912940770353593,exact,Mafodotin,Mafodotin,1.0,66,66,exact,exact,Mafodotin,False,False,False,False,1.0,True,True,0,1,,,,CC[C@H](C)[C@@H]([C@@H](CC(=O)N1CCC[C@H]1[C@H](OC)[C@@H](C)C(=O)N[C@@H](Cc1ccccc1)C(=O)O)OC)N(C)C(=O)[C@@H](NC(=O)[C@H](C(C)C)N(C)C(=O)CCCCCN1C(=O)C=CC1=O)C(C)C
maribavir_cid471161,,,maribavir_cid471161.png,low,low,0.6080542681422504,invalid,,,,,,invalid,invalid,,False,False,False,False,,False,,,,,,,CC1NC2=NC3=CC(Cl)=C(Cl)C=C3N2C2OC(CO)C(O)[CH]12O
mavacamten_cid117761397,,,mavacamten_cid117761397.png,high,high,0.8949293432374816,exact,Mavacamten,Mavacamten,1.0,20,20,exact,exact,Mavacamten,False,False,False,False,1.0,True,True,0,1,,,,CC(C)n1c(=O)cc(N[C@@H](C)c2ccccc2)[nH]c1=O
maxacalcitol_cid6398761,,,maxacalcitol_cid6398761.png,high,high,0.8844270739287622,exact,Maxacalcitol,Maxacalcitol,1.0,30,30,exact,exact,Maxacalcitol,False,False,False,False,1.0,True,True,0,1,,,,[H][C@@]12CC[C@H]([C@H](C)OCCC(C)(C)O)[C@@]1(C)CCC/C2=C\C=C1\C[C@@H](O)C[C@H](O)C1=C
mebeverine_hydrochloride_cid17683,,,mebeverine_hydrochloride_cid17683.png,high,high,0.9083389445382489,exact,Mebeverine Hydrochloride,Mebeverine Hydrochloride,1.0,32,32,exact,exact,Mebeverine Hydrochloride,False,False,False,False,1.0,True,True,0,2,,,,CCN(CCCCOC(=O)c1ccc(OC)c(OC)c1)C(C)Cc1ccc(OC)cc1.Cl
mechlorethamine_cid4033,,,mechlorethamine_cid4033.png,high,high,0.8967163949093986,exact,Mechlorethamine,Mechlorethamine,1.0,8,8,exact,exact,Mechlorethamine,False,False,False,False,1.0,True,True,0,1,,,,CN(CCCl)CCCl
meclofenamic_acid_cid4037,,,meclofenamic_acid_cid4037.png,low,low,0.81579407201868,exact,Meclofenamic Acid,Meclofenamic Acid,1.0,19,19,exact,exact,Meclofenamic Acid,False,False,False,False,1.0,True,True,0,1,,,,Cc1ccc(Cl)c(Nc2ccccc2C(=O)O)c1Cl
melphalan_cid460612,,,melphalan_cid460612.png,high,high,0.8601681694512303,exact,Melphalan,Melphalan,1.0,19,19,exact,exact,Melphalan,False,False,False,False,1.0,True,True,0,1,,,,N[C@@H](Cc1ccc(N(CCCl)CCCl)cc1)C(=O)O
menadione_cid4055,,,menadione_cid4055.png,high,high,0.8881416611635647,exact,Menadione,Menadione,1.0,13,13,exact,exact,Menadione,False,False,False,False,1.0,True,True,0,1,,,,CC1=CC(=O)c2ccccc2C1=O
mertansine_cid11343137,,,mertansine_cid11343137.png,low,low,0.1117306873643828,invalid,,,,,,invalid,invalid,,False,False,False,False,,False,,,,,,,[H]C12OC1(C)C(OC(=O)C(C)N(C)C(=O)CCS)CC(=O)N(C)C1=C(Cl)C(OC)=CC(=C1)CC(C)=CC=CC(OC)C1(O)NC(=O)O3[CH]4([H])C1[CH]3([H])[CH]24C
mestranol_cid6291,,,mestranol_cid6291.png,high,high,0.875726746069692,exact,Mestranol,Mestranol,1.0,23,23,exact,exact,Mestranol,False,False,False,False,1.0,True,True,0,1,,,,[H][C@@]12CC[C@@](O)(C#C)[C@@]1(C)CC[C@]1([H])c3ccc(OC)cc3CC[C@@]21[H]
methoxyflurane_cid4116,,,methoxyflurane_cid4116.png,high,high,0.8497156389031689,exact,Methoxyflurane,Methoxyflurane,1.0,8,8,exact,exact,Methoxyflurane,False,False,False,False,1.0,True,True,0,1,,,,COC(F)(F)C(Cl)Cl
methscopolamine_bromide_cid5459110,,,methscopolamine_bromide_cid5459110.png,low,low,0.8345894087915087,exact,Methscopolamine bromide,Methscopolamine bromide,1.0,24,24,exact,exact,Methscopolamine bromide,False,False,False,False,1.0,True,True,0,2,,,,[Br-].[H][C@]12O[C@@]1([H])[C@]1([H])CC(OC(=O)[C@H](CO)c3ccccc3)C[C@@]2([H])[N+]1(C)C
methyl_o_2_3_4_tri_o_methyl_6_o_sulfo_alpha_d_glucopyranosyl_cid3083445,,,methyl_o_2_3_4_tri_o_methyl_6_o_sulfo_alpha_d_glucopyranosyl_cid3083445.png,low,low,0.3914596879374067,wrong,,"Methyl O-2,3,4-tri-O-methyl-6-O-sulfo-alpha-D-glucopyranosyl-(1->4)-O-2,3-di-O-methyl-beta-D-glucopyranuronosyl-(1->4)-O-2,3,6-tri-O-sulfo-alpha-D-glucopyranosyl-(1->4)-O-2,3-di-O-methyl-alpha-L-idopyranuronosyl-(1->4)-alpha-D-glucopyranoside 2,3,6-tris(hydrogen sulfate)",0.697,93,94,wrong,wrong,,False,False,False,False,0.697,False,False,1,1,,,,CO[C@H]1O[C@H](COS(=O)(=O)O)[C@@H](O[C@@H]2O[C@@H](C(=O)O)[C@@H](O[C@H]3O[C@H](COS(=O)(=O)O)[C@@H](O[C@@H]4O[C@H](C(=O)O)[C@@H](O[C@H]5O[C@H](COS(=O)(=O)O)[C@@H](OC)[C@H](OC)[C@H]5OC)[C@H](OC)[C@H]4OC)[C@H](OS(=O)(=O)O)[C@H]3OS(=O)(=O)O)[C@H](OC)[C@H]2OC)[C@@H]2O[SH](=O)(O)OS(=O)(=O)O[C@@H]12
methyldigoxin_cid443946,,,methyldigoxin_cid443946.png,low,low,0.00560770038963721,invalid,,,,,,invalid,invalid,,False,False,False,False,,False,,,,,,,[H]C12CC(O)C34(C)[CH]5(C6=CC(=O)OC6)CCC3678(O)CC[CH]4(C3=CC(=O)OC3)C56(C)C(O)CC34([H])C56(C)CCC(OC)C9C5%10([H])CCC37([H])C148([H])CCC961([H])C%10C(OC3CC(O)C(OC4CC(O)C(OC5CC(O)C(OC)C(C)O5)CO4)C(C)O3)CCC21C
methyldopa_cid38853,,,methyldopa_cid38853.png,high,high,0.8904276507310238,exact,Methyldopa,Methyldopa,1.0,15,15,exact,exact,Methyldopa,False,False,False,False,1.0,True,True,0,1,,,,C[C@](N)(Cc1ccc(O)c(O)c1)C(=O)O
methylergometrine_cid8226,,,methylergometrine_cid8226.png,high,high,0.897650021124042,exact,Methylergometrine,Methylergometrine,1.0,25,25,exact,exact,Methylergometrine,False,False,False,False,1.0,True,True,0,1,,,,[H][C@@]12Cc3c[nH]c4cccc(c34)C1=C[C@@H](C(=O)N[C@@H](CC)CO)CN2C
methylnaltrexone_bromide_cid5361917,,,methylnaltrexone_bromide_cid5361917.png,low,low,0.001423702791777124,invalid,,,,,,invalid,invalid,,False,False,False,False,,False,,,,,,,[Br-].[H]C12CC3=C456=C7C=CC89=C4%10C4C%11([H])(C(=O)CCC1(O)C%1151%12CC5C1%11C%12(O)C1([H])(C)C7[N+]5%1117(C)CC1(CC1)C27)O%10C=846=C(O)(C=C3)O9
methyltestosterone_cid6010,,,methyltestosterone_cid6010.png,high,high,0.8621630746691868,exact,Methyltestosterone,Methyltestosterone,1.0,22,22,exact,exact,Methyltestosterone,False,False,False,False,1.0,True,True,0,1,,,,[H][C@@]12CCC3=CC(=O)CC[C@]3(C)[C@@]1([H])CC[C@@]1(C)[C@@]2([H])CC[C@]1(C)O
metra_cid120608,,,metra_cid120608.png,high,high,0.8588689808696667,exact,Metra,Metra,1.0,24,24,exact,exact,Metra,False,False,False,False,1.0,True,True,0,2,,,,C[C@H]1[C@H](c2ccccc2)OCCN1C.O=C(O)[C@H](O)[C@@H](O)C(=O)O
mezigdomide_cid137379043,,,mezigdomide_cid137379043.png,high,high,0.8847578059026205,exact,Mezigdomide,Mezigdomide,1.0,42,42,exact,exact,Mezigdomide,False,False,False,False,1.0,True,True,0,1,,,,N#Cc1ccc(N2CCN(Cc3ccc(COc4cccc5c4CN([C@H]4CCC(=O)NC4=O)C5=O)cc3)CC2)c(F)c1
mezlocillin_cid656511,,,mezlocillin_cid656511.png,low,low,0.2160752931922637,invalid,,,,,,invalid,invalid,,False,False,False,False,,False,,,,,,,[H]C123CC(=O)N14C(C(=O)O)C(C)(C)[SH]2C412([H])CC(=O)N1C(C(=O)O)C(C)(C)[SH]32
miconazole_nitrate_cid68553,,,miconazole_nitrate_cid68553.png,high,high,0.9024782648443154,exact,Miconazole Nitrate,Miconazole Nitrate,1.0,29,29,exact,exact,Miconazole Nitrate,False,False,False,False,1.0,True,True,0,2,,,,Clc1ccc(COC(Cn2ccnc2)c2ccc(Cl)cc2Cl)c(Cl)c1.O=[N+]([O-])O
midodrine_hydrochloride_cid18340,,,midodrine_hydrochloride_cid18340.png,high,high,0.8629412349934741,exact,Midodrine Hydrochloride,Midodrine Hydrochloride,1.0,19,19,exact,exact,Midodrine Hydrochloride,False,False,False,False,1.0,True,True,0,2,,,,COc1ccc(OC)c(C(O)CNC(=O)CN)c1.Cl
mifamurtide_anhydrous_cid123133557,,,mifamurtide_anhydrous_cid123133557.png,low,low,8.281964813384441e-05,invalid,,,,,,invalid,invalid,,False,False,False,False,,False,,,,,,,CCCCCCCCCCCCCCCC(=O)OC[CH]1(OC(=O)CCCCCCCCCCCCCCC)C2OP34(=O)OCCNC5(=O)[CH]6(C)NC(=O)CC[CH]789(C(N)=O)NC%10%11(=O)[CH]%12(C)C(CCC)[CH]%10(C)(NC(=O)C(C)OC(C(C=O)NC(C)=O)C(O)C(O)CO)C%12(=O)N%117C(C8CC(=O)N[CH]5(C)C6(=O)NCCOP(=O)(=O)O23C1O4)C9(N)=O.O
migalastat_cid176077,,,migalastat_cid176077.png,high,high,0.8809043755454521,exact,Migalastat,Migalastat,1.0,11,11,exact,exact,Migalastat,False,False,False,False,1.0,True,True,0,1,,,,OC[C@H]1NC[C@H](O)[C@@H](O)[C@H]1O
miglitol_cid441314,,,miglitol_cid441314.png,high,high,0.8811693807260189,exact,Miglitol,Miglitol,1.0,14,14,exact,exact,Miglitol,False,False,False,False,1.0,True,True,0,1,,,,OCCN1C[C@H](O)[C@@H](O)[C@H](O)[C@H]1CO
miglustat_cid51634,,,miglustat_cid51634.png,high,high,0.9115103513519806,exact,Miglustat,Miglustat,1.0,15,15,exact,exact,Miglustat,False,False,False,False,1.0,True,True,0,1,,,,CCCCN1C[C@H](O)[C@@H](O)[C@H](O)[C@H]1CO
milademetan_cid73297272,,,milademetan_cid73297272.png,low,low,0.03898064362706078,invalid,,,,,,invalid,invalid,,False,False,False,False,,False,,,,,,,CC1(C)CCC2(NCC(=O)NC3CCCOC3)(CC1)NCC(C1=C(F)C(Cl)=NC=C1)C21C(=O)NC2=CC=CC=C21.NC(=O)CO1CC2CCC1OC2
milnacipran_hydrochloride_cid163701,,,milnacipran_hydrochloride_cid163701.png,high,high,0.8627410909114314,exact,Milnacipran Hydrochloride,Milnacipran Hydrochloride,1.0,19,19,exact,exact,Milnacipran Hydrochloride,False,False,False,False,1.0,True,True,0,2,,,,CCN(CC)C(=O)[C@]1(c2ccccc2)C[C@@H]1CN.Cl
milrinone_cid4197,,,milrinone_cid4197.png,high,high,0.891669703963253,exact,Milrinone,Milrinone,1.0,16,16,exact,exact,Milrinone,False,False,False,False,1.0,True,True,0,1,,,,Cc1[nH]c(=O)c(C#N)cc1-c1ccncc1
milvexian_cid118277544,,,milvexian_cid118277544.png,high,high,0.8940531968663721,exact,Milvexian,Milvexian,1.0,43,43,exact,exact,Milvexian,False,False,False,False,1.0,True,True,0,1,,,,C[C@@H]1CCC[C@H](n2cnc(-c3cc(Cl)ccc3-n3cc(Cl)nn3)cc2=O)c2cc(ccn2)-c2c(cnn2C(F)F)NC1=O
miocamycin_cid5282188,,,miocamycin_cid5282188.png,high,high,0.857068240610487,exact,Miocamycin,Miocamycin,1.0,63,63,exact,exact,Miocamycin,False,False,False,False,1.0,True,True,0,1,,,,CCC(=O)O[C@@H]1CC(=O)O[C@H](C)C/C=C/C=C/[C@H](OC(C)=O)[C@H](C)C[C@H](CC=O)[C@H](O[C@@H]2O[C@H](C)[C@@H](O[C@H]3C[C@@](C)(OC(C)=O)[C@@H](OC(=O)CC)[C@H](C)O3)[C@H](N(C)C)[C@H]2O)[C@H]1OC
mitiglinide_cid121891,,,mitiglinide_cid121891.png,high,high,0.8789741423602605,exact,Mitiglinide,Mitiglinide,1.0,23,23,exact,exact,Mitiglinide,False,False,False,False,1.0,True,True,0,1,,,,[H][C@@]12CCCC[C@]1([H])CN(C(=O)C[C@H](Cc1ccccc1)C(=O)O)C2
mitotane_cid4211,,,mitotane_cid4211.png,high,high,0.8786202294390012,exact,Mitotane,Mitotane,1.0,18,18,exact,exact,Mitotane,False,False,False,False,1.0,True,True,0,1,,,,Clc1ccc(C(c2ccccc2Cl)C(Cl)Cl)cc1
mivacurium_chloride_cid5281080,,,mivacurium_chloride_cid5281080.png,low,low,0.2885812014554911,wrong,,Mivacurium Chloride,0.564,64,76,wrong,wrong,,False,False,False,False,0.564,False,False,21,3,,,,COc1cc2c(cc1OC)C(CCCOC(=O)CC/C=C/CCC(=O)OCCCC1(C)CCc3cc(OC)c(OC)cc3[C@H]1Cc1cc(OC)c(OC)c(OC)c1)C(C)(C)CC2.Cl.[Cl-]
ml_rr_s2_cda_sodium_salt_cid135390762,,,ml_rr_s2_cda_sodium_salt_cid135390762.png,low,low,0.8284073906002841,stereo,ML RR-S2 CDA Sodium Salt,ML RR-S2 CDA Sodium Salt,1.0,46,46,stereo,stereo,ML RR-S2 CDA Sodium Salt,False,False,False,False,1.0,True,True,0,3,,[Na+],,[H][C@]12COP([O-])(=S)O[C@@]3([H])[C@@H](O)[C@H](n4cnc5c(N)ncnc54)O[C@]3([H])COP(=O)([S-])OC([C@H](n3cnc4c(N)ncnc43)O1)[C@]2([H])O.[Na+].[Na+]
molsidomine_cid5353788,,,molsidomine_cid5353788.png,low,low,0.8046287892471039,exact,Molsidomine,Molsidomine,1.0,17,17,exact,exact,Molsidomine,False,False,False,False,1.0,True,True,0,1,,,,CCO/C([O-])=N/c1c[n+](N2CCOCC2)no1
mometasone_furoate_cid441336,,,mometasone_furoate_cid441336.png,low,low,0.517238826890706,invalid,,,,,,invalid,invalid,,False,False,False,False,,False,,,,,,,[H]C12CC(C)C(OC(=O)C3C=CC=O3)(C(=O)CCl)C1(C)CC(O)C1(Cl)C3(C)C=CC(=O)C=C3CCC21[H]
monophosphoryl_lipid_a_cid24978548,,,monophosphoryl_lipid_a_cid24978548.png,low,low,0.05587346255396969,invalid,,,,,,invalid,invalid,,False,False,False,False,,False,,,,,,,[4*]P1(=O)O[CH]23C(NC(=O)CC(O)CCCCCCCCCCC)[CH]4(O)OC4O[CH]24(COC2OC(CO)C(OP([4*])(=O)=O)C(OC(=O)CC(CCCCCCCCC)OC(=O)CCCCCCCCCCCCC)C2NC(=O)CC(CCCCCCCCCCC)OCCCCCCCCCCCCCC)C2O1[CH]234OC(=O)CC(O)CCCCC |$R4;;;;;;;;;;;;;;;;;;;;;;;;;;;;;;;;;;;;;;;R4;;;;;;;;;;;;;;;;;;;;;;;;;;;;;;;;;;;;;;;;;;;;;;;;;;;;;;;;;;;;;;;;;;;;;;;;;;;;;;;$|
morantel_tartrate_cid6433951,,,morantel_tartrate_cid6433951.png,high,high,0.8945313390247858,exact,Morantel Tartrate,Morantel Tartrate,1.0,25,25,exact,exact,Morantel Tartrate,False,False,False,False,1.0,True,True,0,2,,,,Cc1ccsc1/C=C/C1=NCCCN1C.O=C(O)[C@H](O)[C@@H](O)C(=O)O
moroxydine_cid71655,,,moroxydine_cid71655.png,high,high,0.9046354567312037,exact,Moroxydine,Moroxydine,1.0,12,12,exact,exact,Moroxydine,False,False,False,False,1.0,True,True,0,1,,,,N=C(N=C(N)N)N1CCOCC1
mosapride_cid119584,,,mosapride_cid119584.png,high,high,0.8874705963839251,exact,Mosapride,Mosapride,1.0,29,29,exact,exact,Mosapride,False,False,False,False,1.0,True,True,0,1,,,,CCOc1cc(N)c(Cl)cc1C(=O)NCC1CN(Cc2ccc(F)cc2)CCO1
muramyl_dipeptide_cid451714,,,muramyl_dipeptide_cid451714.png,high,high,0.8478027273106963,exact,Muramyl Dipeptide,Muramyl Dipeptide,1.0,34,34,exact,exact,Muramyl Dipeptide,False,False,False,False,1.0,True,True,0,1,,,,CC(=O)N[C@@H]1[C@@H](O[C@H](C)C(=O)N[C@@H](C)C(=O)N[C@H](CCC(=O)O)C(N)=O)[C@H](O)[C@@H](CO)O[C@H]1O
murepavadin_cid91824766,,,murepavadin_cid91824766.png,low,low,0.610058805470396,invalid,,,,,,invalid,invalid,,False,False,False,False,,False,,,,,,,[H]C1CCCN1C(=O)C1([H])CCCN1C(=O)C(CO)NC(=O)[CH]1(C)NC1(=O)C(CCN)NC(=O)C(CCN)NC(=O)C(CC1=CNC2=CC=CC=C12)NC(=O)C(CCN)NC(=O)C(CCN)NC(=O)C(CCCN)NC(=O)C(CCN)C(=O)C(NC(=O)C(CC1=CNC2=CC=CC=C12)NC(=O)[CH][CH])C(C)CC
n_1r_2r_2_2_3_dihydro_1_4_benzodioxin_6_yl_2_hydroxy_1_1_pyr_cid23652731,,,n_1r_2r_2_2_3_dihydro_1_4_benzodioxin_6_yl_2_hydroxy_1_1_pyr_cid23652731.png,high,high,0.8855911924797866,exact,"N-((1R,2R)-2-(2,3-Dihydro-1,4-benzodioxin-6-yl)-2-hydroxy-1-(1-pyrrolidinylmethyl)ethyl)octanamide","N-((1R,2R)-2-(2,3-Dihydro-1,4-benzodioxin-6-yl)-2-hydroxy-1-(1-pyrrolidinylmethyl)ethyl)octanamide",1.0,29,29,exact,exact,"N-((1R,2R)-2-(2,3-Dihydro-1,4-benzodioxin-6-yl)-2-hydroxy-1-(1-pyrrolidinylmethyl)ethyl)octanamide",False,False,False,False,1.0,True,True,0,1,,,,CCCCCCCC(=O)N[C@H](CN1CCCC1)[C@H](O)c1ccc2c(c1)OCCO2
n_2r_2_3_dihydroxypropoxy_3_4_difluoro_2_2_fluoro_4_iodophen_cid9826528,,,n_2r_2_3_dihydroxypropoxy_3_4_difluoro_2_2_fluoro_4_iodophen_cid9826528.png,high,high,0.8870179217094145,exact,"N-((2R)-2,3-Dihydroxypropoxy)-3,4-difluoro-2-((2-fluoro-4-iodophenyl)amino)benzamide","N-((2R)-2,3-Dihydroxypropoxy)-3,4-difluoro-2-((2-fluoro-4-iodophenyl)amino)benzamide",1.0,26,26,exact,exact,"N-((2R)-2,3-Dihydroxypropoxy)-3,4-difluoro-2-((2-fluoro-4-iodophenyl)amino)benzamide",False,False,False,False,1.0,True,True,0,1,,,,O=C(NOC[C@H](O)CO)c1ccc(F)c(F)c1Nc1ccc(I)cc1F
nafarelin_cid25077405,,,nafarelin_cid25077405.png,high,high,0.8897374425908052,exact,Nafarelin,Nafarelin,1.0,96,96,exact,exact,Nafarelin,False,False,False,False,1.0,True,True,0,1,,,,CC(C)C[C@H](NC(=O)[C@@H](Cc1ccc2ccccc2c1)NC(=O)[C@H](Cc1ccc(O)cc1)NC(=O)[C@H](CO)NC(=O)[C@H](Cc1c[nH]c2ccccc12)NC(=O)[C@H](Cc1cnc[nH]1)NC(=O)[C@@H]1CCC(=O)N1)C(=O)N[C@@H](CCCN=C(N)N)C(=O)N1CCC[C@H]1C(=O)NCC(N)=O
nafithromycin_cid117587595,,,nafithromycin_cid117587595.png,high,high,0.8627682341559555,exact,Nafithromycin,Nafithromycin,1.0,60,60,exact,exact,Nafithromycin,False,False,False,False,1.0,True,True,0,1,,,,[H][C@@]12[C@@H](C)C(=O)[C@H](C)C[C@@](C)(OC)[C@H](O[C@@H]3O[C@H](C)C[C@H](N(C)C)[C@H]3O)[C@@H](C)C(=O)[C@@H](C)C(=O)O[C@H](CC)[C@@]1(C)OC(=O)[C@H]2/C(N)=N/O[C@@H](C)c1nnc(-c2ccccn2)s1
nalmefene_hydrochloride_cid5388881,,,nalmefene_hydrochloride_cid5388881.png,low,low,0.2180103141617153,wrong,,Nalmefene Hydrochloride,0.375,31,26,wrong,wrong,,False,False,False,False,0.375,False,False,13,2,,,,Cl.[H][C@@]1(NCC2CC2)Cc2ccc(O)c3c2[C@@]2(CCNCC4CC4)[C](O3)C(=C)CC[C@@]12O |^1:24|
napsagatran_cid11954363,,,napsagatran_cid11954363.png,high,high,0.8642435295175238,wrong,,Napsagatran,1.0,41,40,exact,exact,Napsagatran,False,False,True,False,1.0,False,False,3,3,,O,,N=C(N)N1CCC[C@@H](CNC(=O)C[C@H](NS(=O)(=O)c2ccc3ccccc3c2)C(=O)N(CC(=O)O)C2CC2)C1.O.O
natamycin_cid5284447,,,natamycin_cid5284447.png,low,low,0.8389724570955789,exact,Natamycin,Natamycin,1.0,47,47,exact,exact,Natamycin,False,False,False,False,1.0,True,True,0,1,,,,[H][C@@]12/C=C/C(=O)O[C@H](C)C/C=C/C=C/C=C/C=C/[C@H](O[C@@H]3O[C@H](C)[C@@H](O)[C@H](N)[C@@H]3O)C[C@]3([H])O[C@](O)(C[C@@H](O)C[C@@]1([H])O2)C[C@H](O)[C@H]3C(=O)O
nateglinide_cid5311309,,,nateglinide_cid5311309.png,high,high,0.8704968491733343,exact,Nateglinide,Nateglinide,1.0,23,23,exact,exact,Nateglinide,False,False,False,False,1.0,True,True,0,1,,,,CC(C)C1CCC(C(=O)N[C@H](Cc2ccccc2)C(=O)O)CC1
netarsudil_cid66599893,,,netarsudil_cid66599893.png,high,high,0.8731175247588229,exact,Netarsudil,Netarsudil,1.0,34,34,exact,exact,Netarsudil,False,False,False,False,1.0,True,True,0,1,,,,Cc1ccc(C(=O)OCc2ccc([C@@H](CN)C(=O)Nc3ccc4cnccc4c3)cc2)c(C)c1
netupitant_cid6451149,,,netupitant_cid6451149.png,high,high,0.8844212645789155,exact,Netupitant,Netupitant,1.0,41,41,exact,exact,Netupitant,False,False,False,False,1.0,True,True,0,1,,,,Cc1ccccc1-c1cc(N2CCN(C)CC2)ncc1N(C)C(=O)C(C)(C)c1cc(C(F)(F)F)cc(C(F)(F)F)c1
nicotinamide_cid936,,,nicotinamide_cid936.png,high,high,0.906740480929233,exact,Nicotinamide,Nicotinamide,1.0,9,9,exact,exact,Nicotinamide,False,False,False,False,1.0,True,True,0,1,,,,NC(=O)c1cccnc1
nifuroxazide_cid5337997,,,nifuroxazide_cid5337997.png,high,high,0.8531966516134859,exact,Nifuroxazide,Nifuroxazide,1.0,20,20,exact,exact,Nifuroxazide,False,False,False,False,1.0,True,True,0,1,,,,O=C(N/N=C/c1ccc([N+](=O)[O-])o1)c1ccc(O)cc1
nikkomycin_z_cid456557,,,nikkomycin_z_cid456557.png,high,high,0.8758817977163252,exact,Nikkomycin Z,Nikkomycin Z,1.0,35,35,exact,exact,Nikkomycin Z,False,False,False,False,1.0,True,True,0,1,,,,C[C@@H]([C@H](N)C(=O)N[C@H](C(=O)O)[C@H]1O[C@@H](n2ccc(=O)[nH]c2=O)[C@H](O)[C@@H]1O)[C@H](O)c1ccc(O)cn1
nimesulide_cid4495,,,nimesulide_cid4495.png,high,high,0.8931999043939656,exact,Nimesulide,Nimesulide,1.0,21,21,exact,exact,Nimesulide,False,False,False,False,1.0,True,True,0,1,,,,CS(=O)(=O)Nc1ccc([N+](=O)[O-])cc1Oc1ccccc1
nimodipine_cid4497,,,nimodipine_cid4497.png,high,high,0.8966802319781646,exact,Nimodipine,Nimodipine,1.0,30,30,exact,exact,Nimodipine,False,False,False,False,1.0,True,True,0,1,,,,COCCOC(=O)C1=C(C)NC(C)=C(C(=O)OC(C)C)C1c1cccc([N+](=O)[O-])c1
niraparib_cid24958200,,,niraparib_cid24958200.png,high,high,0.9096625286027865,exact,Niraparib,Niraparib,1.0,24,24,exact,exact,Niraparib,False,False,False,False,1.0,True,True,0,1,,,,NC(=O)c1cccc2cn(-c3ccc([C@@H]4CCCNC4)cc3)nc12
nitisinone_cid115355,,,nitisinone_cid115355.png,high,high,0.8644348411185085,exact,Nitisinone,Nitisinone,1.0,23,23,exact,exact,Nitisinone,False,False,False,False,1.0,True,True,0,1,,,,O=C1CCCC(=O)C1C(=O)c1ccc(C(F)(F)F)cc1[N+](=O)[O-]
nitrous_oxide_cid948,,,nitrous_oxide_cid948.png,low,low,0.5948418446540326,invalid,,,,,,invalid,invalid,,False,False,False,False,,False,,,,,,,[N]#[Al]=[O]
nizatidine_cid4513,,,nizatidine_cid4513.png,high,high,0.8723476273824691,stereo,Nizatidine,Nizatidine,1.0,21,21,stereo,stereo,Nizatidine,False,False,False,False,1.0,True,True,0,1,,,,CN/C(=C\[N+](=O)[O-])NCCSCc1csc(CN(C)C)n1
norelgestromin_cid62930,,,norelgestromin_cid62930.png,high,high,0.8619848165955141,stereo,Norelgestromin,Norelgestromin,1.0,24,24,stereo,stereo,Norelgestromin,False,False,False,False,1.0,True,True,0,1,,,,[H][C@@]12CCC3=C/C(=N\O)CC[C@]3([H])[C@@]1([H])CC[C@@]1(CC)[C@@]2([H])CC[C@@]1(O)C#C
obicetrapib_cid11498596,,,obicetrapib_cid11498596.png,high,high,0.8711327046937064,exact,Obicetrapib,Obicetrapib,1.0,50,50,exact,exact,Obicetrapib,False,False,False,False,1.0,True,True,0,1,,,,CCOC(=O)N1c2ccc(C(F)(F)F)cc2[C@@H](N(Cc2cc(C(F)(F)F)cc(C(F)(F)F)c2)c2ncc(OCCCC(=O)O)cn2)C[C@H]1CC
obidoxime_chloride_cid135566074,,,obidoxime_chloride_cid135566074.png,high,high,0.9091642587274011,exact,Obidoxime Chloride,Obidoxime Chloride,1.0,23,23,exact,exact,Obidoxime Chloride,False,False,False,False,1.0,True,True,0,3,,[Cl-],,O/N=C/c1cc[n+](COC[n+]2ccc(/C=N/O)cc2)cc1.[Cl-].[Cl-]
octenidine_hydrochloride_cid51166,,,octenidine_hydrochloride_cid51166.png,high,high,0.8446102477460706,wrong,,Octenidine Hydrochloride,0.622,40,42,wrong,wrong,,False,False,False,False,0.622,False,False,2,1,,,,CCCCCCCCN=c1ccn(CCCCCCCCCCN2C=CC(NCCCCCCCC)C=C2)cc1
olodaterol_cid11504295,,,olodaterol_cid11504295.png,low,low,0.738833039870156,exact,Olodaterol,Olodaterol,1.0,28,28,exact,exact,Olodaterol,False,False,False,False,1.0,True,True,0,1,,,,COc1ccc(CC(C)(C)NC[C@H](O)c2cc(O)cc3c2OCC(=O)N3)cc1
olutasidenib_cid118955396,,,olutasidenib_cid118955396.png,high,high,0.8619285031903384,exact,Olutasidenib,Olutasidenib,1.0,25,25,exact,exact,Olutasidenib,False,False,False,False,1.0,True,True,0,1,,,,C[C@H](Nc1ccc(C#N)n(C)c1=O)c1cc2cc(Cl)ccc2[nH]c1=O
omarigliptin_cid46209133,,,omarigliptin_cid46209133.png,high,high,0.9064796346704995,exact,Omarigliptin,Omarigliptin,1.0,27,27,exact,exact,Omarigliptin,False,False,False,False,1.0,True,True,0,1,,,,CS(=O)(=O)n1cc2c(n1)CN([C@H]1CO[C@H](c3cc(F)ccc3F)[C@@H](N)C1)C2
opicapone_cid135565903,,,opicapone_cid135565903.png,high,high,0.877887452057703,exact,Opicapone,Opicapone,1.0,27,27,exact,exact,Opicapone,False,False,False,False,1.0,True,True,0,1,,,,Cc1c(Cl)c(C)[n+]([O-])c(Cl)c1-c1noc(-c2cc(O)c(O)c([N+](=O)[O-])c2)n1
orforglipron_cid137319706,,,orforglipron_cid137319706.png,high,high,0.8624414598025031,exact,Orforglipron,Orforglipron,1.0,65,65,exact,exact,Orforglipron,False,False,False,False,1.0,True,True,0,1,,,,Cc1cc(-n2nc3c(c2-n2ccn(-c4ccc5c(cnn5C)c4F)c2=O)[C@H](C)N(C(=O)c2cc4cc([C@H]5CCOC(C)(C)C5)ccc4n2[C@@]2(c4noc(=O)[nH]4)C[C@@H]2C)CC3)cc(C)c1F
orlistat_cid3034010,,,orlistat_cid3034010.png,low,low,0.3539713748311052,wrong,,Orlistat,0.689,47,35,wrong,wrong,,False,False,False,False,0.689,False,False,27,2,,,,CCCCCCCCCCCCOC(=O)[C@H](CC(C)C)NC=O.CCCCCC[C@@H]1C(=O)O[C@H]1CCOC(=O)[C@H](CC(C)C)NC=O
ornidazole_cid28061,,,ornidazole_cid28061.png,high,high,0.8508590461814712,exact,Ornidazole,Ornidazole,1.0,14,14,exact,exact,Ornidazole,False,False,False,False,1.0,True,True,0,1,,,,Cc1ncc([N+](=O)[O-])n1CC(O)CCl
ortataxel_cid6918412,,,ortataxel_cid6918412.png,low,low,0.1392688872473626,invalid,,,,,,invalid,invalid,,False,False,False,False,,False,,,,,,,[H]C12OC(=O)OC13C(C)C1([H])C(C)(C(=O)C(OC(C)=O)C(=C(C)C2OC(=O)C(O)C(CC(C)C)NC(=O)OC(C)(C)C)C3(C)C)C(O)CC2([H])OC=C3OC214C=C(O4)C1=CC=C2=C4=CC5=CC3(=C4)C=51=C2
ouabain_cid439501,,,ouabain_cid439501.png,low,low,0.3303716451911031,wrong,,Ouabain,0.872,44,41,near,near,,False,False,False,False,0.872,False,False,9,2,,,,CO[C@@H]1O[C@@H](C)[C@H](O)[C@@H](O)[C@H]1O.[H][C@@]12CC[C@]3(O)C[C@@H](OC)C[C@@H](O)[C@]3(CO)[C@@]1([H])[C@H](O)C[C@]1(C)[C@@H](C3=CC(=O)OC3)CC[C@]21O
oxfendazole_cid40854,,,oxfendazole_cid40854.png,high,high,0.8673733292069176,exact,Oxfendazole,Oxfendazole,1.0,22,22,exact,exact,Oxfendazole,False,False,False,False,1.0,True,True,0,1,,,,COC(=O)Nc1nc2ccc(S(=O)c3ccccc3)cc2[nH]1
oxiconazole_nitrate_cid9556529,,,oxiconazole_nitrate_cid9556529.png,high,high,0.8701424618745695,exact,Oxiconazole Nitrate,Oxiconazole Nitrate,1.0,30,30,exact,exact,Oxiconazole Nitrate,False,False,False,False,1.0,True,True,0,2,,,,Clc1ccc(CO/N=C(\Cn2ccnc2)c2ccc(Cl)cc2Cl)c(Cl)c1.O=[N+]([O-])O
oxybuprocaine_cid4633,,,oxybuprocaine_cid4633.png,high,high,0.8602569594429255,exact,Oxybuprocaine,Oxybuprocaine,1.0,22,22,exact,exact,Oxybuprocaine,False,False,False,False,1.0,True,True,0,1,,,,CCCCOc1cc(C(=O)OCCN(CC)CC)ccc1N
padsevonil_cid52911611,,,padsevonil_cid52911611.png,high,high,0.8671362293656005,exact,Padsevonil,Padsevonil,1.0,27,27,exact,exact,Padsevonil,False,False,False,False,1.0,True,True,0,1,,,,COCc1nn2c(CN3C[C@@H](CC(F)(F)Cl)CC3=O)c(C(F)(F)F)nc2s1
paliperidone_cid115237,,,paliperidone_cid115237.png,high,high,0.8748924170231045,exact,Paliperidone,Paliperidone,1.0,31,31,exact,exact,Paliperidone,False,False,False,False,1.0,True,True,0,1,,,,Cc1nc2n(c(=O)c1CCN1CCC(c3noc4cc(F)ccc34)CC1)CCCC2O
paliperidone_palmitate_cid9852746,,,paliperidone_palmitate_cid9852746.png,high,high,0.8970901366928448,exact,Paliperidone Palmitate,Paliperidone Palmitate,1.0,48,48,exact,exact,Paliperidone Palmitate,False,False,False,False,1.0,True,True,0,1,,,,CCCCCCCCCCCCCCCC(=O)OC1CCCn2c1nc(C)c(CCN1CCC(c3noc4cc(F)ccc34)CC1)c2=O
palonosetron_hydrochloride_cid6918303,,,palonosetron_hydrochloride_cid6918303.png,low,low,0.1917126109705921,invalid,,,,,,invalid,invalid,,False,False,False,False,,False,,,,,,,Cl.[H]C12CCCC3=CC=CC(=C31)C(=O)N(C13CN45CCC16C1C4C163([H])C5)C2
paromomycin_cid165580,,,paromomycin_cid165580.png,high,high,0.8793421464750045,exact,Paromomycin,Paromomycin,1.0,42,42,exact,exact,Paromomycin,False,False,False,False,1.0,True,True,0,1,,,,NC[C@@H]1O[C@H](O[C@H]2[C@@H](O)[C@H](O[C@@H]3[C@@H](O)[C@H](N)C[C@H](N)[C@H]3O[C@H]3O[C@H](CO)[C@@H](O)[C@H](O)[C@H]3N)O[C@@H]2CO)[C@H](N)[C@@H](O)[C@@H]1O
pasireotide_cid9941444,,,pasireotide_cid9941444.png,high,high,0.8814642251966295,exact,Pasireotide,Pasireotide,1.0,77,77,exact,exact,Pasireotide,False,False,False,False,1.0,True,True,0,1,,,,[H][C@@]12C[C@@H](OC(=O)NCCN)CN1C(=O)[C@H](Cc1ccccc1)NC(=O)[C@H](Cc1ccc(OCc3ccccc3)cc1)NC(=O)[C@H](CCCCN)NC(=O)[C@@H](Cc1c[nH]c3ccccc13)NC(=O)[C@H](c1ccccc1)NC2=O
pemafibrate_cid11526038,,,pemafibrate_cid11526038.png,high,high,0.8764340775230611,exact,Pemafibrate,Pemafibrate,1.0,36,36,exact,exact,Pemafibrate,False,False,False,False,1.0,True,True,0,1,,,,CC[C@@H](Oc1cccc(CN(CCCOc2ccc(OC)cc2)c2nc3ccccc3o2)c1)C(=O)O
pemetrexed_cid135410875,,,pemetrexed_cid135410875.png,high,high,0.8799087418007074,exact,Pemetrexed,Pemetrexed,1.0,31,31,exact,exact,Pemetrexed,False,False,False,False,1.0,True,True,0,1,,,,Nc1nc2[nH]cc(CCc3ccc(C(=O)N[C@@H](CCC(=O)O)C(=O)O)cc3)c2c(=O)[nH]1
pemigatinib_cid86705695,,,pemigatinib_cid86705695.png,high,high,0.865436982632843,exact,Pemigatinib,Pemigatinib,1.0,35,35,exact,exact,Pemigatinib,False,False,False,False,1.0,True,True,0,1,,,,CCN1C(=O)N(c2c(F)c(OC)cc(OC)c2F)Cc2cnc3[nH]c(CN4CCOCC4)cc3c21
penicillamine_cid5852,,,penicillamine_cid5852.png,low,low,0.7280505067299133,exact,Penicillamine,Penicillamine,1.0,9,9,exact,exact,Penicillamine,False,False,False,False,1.0,True,True,0,1,,,,CC(C)(S)[C@@H](N)C(=O)O
peposertib_cid86292849,,,peposertib_cid86292849.png,high,high,0.8805612140123532,exact,Peposertib,Peposertib,1.0,34,34,exact,exact,Peposertib,False,False,False,False,1.0,True,True,0,1,,,,COc1ccc([C@@H](O)c2cc(-c3ncnc4cc(N5CCOCC5)ccc34)c(F)cc2Cl)nn1
perampanel_cid9924495,,,perampanel_cid9924495.png,high,high,0.9088631397355883,exact,Perampanel,Perampanel,1.0,27,27,exact,exact,Perampanel,False,False,False,False,1.0,True,True,0,1,,,,N#Cc1ccccc1-c1cc(-c2ccccn2)cn(-c2ccccc2)c1=O
phenelzine_cid3675,,,phenelzine_cid3675.png,high,high,0.8546187300345802,exact,Phenelzine,Phenelzine,1.0,10,10,exact,exact,Phenelzine,False,False,False,False,1.0,True,True,0,1,,,,NNCCc1ccccc1
phenprocoumon_cid54680692,,,phenprocoumon_cid54680692.png,high,high,0.8644942335019663,exact,Phenprocoumon,Phenprocoumon,1.0,21,21,exact,exact,Phenprocoumon,False,False,False,False,1.0,True,True,0,1,,,,CCC(c1ccccc1)c1c(O)c2ccccc2oc1=O
phentolamine_cid5775,,,phentolamine_cid5775.png,high,high,0.8982814904234812,exact,Phentolamine,Phentolamine,1.0,21,21,exact,exact,Phentolamine,False,False,False,False,1.0,True,True,0,1,,,,Cc1ccc(N(CC2=NCCN2)c2cccc(O)c2)cc1
phylloquinone_cid5284607,,,phylloquinone_cid5284607.png,high,high,0.892617782945566,exact,Phylloquinone,Phylloquinone,1.0,33,33,exact,exact,Phylloquinone,False,False,False,False,1.0,True,True,0,1,,,,CC1=C(C/C=C(\C)CCC[C@H](C)CCC[C@H](C)CCCC(C)C)C(=O)c2ccccc2C1=O
pinaverium_bromide_cid40703,,,pinaverium_bromide_cid40703.png,high,high,0.8726573592947606,exact,Pinaverium Bromide,Pinaverium Bromide,1.0,33,33,exact,exact,Pinaverium Bromide,False,False,False,False,1.0,True,True,0,2,,,,COc1cc(Br)c(C[N+]2(CCOCCC3CCC4CC3C4(C)C)CCOCC2)cc1OC.[Br-]
pindolol_cid4828,,,pindolol_cid4828.png,low,low,0.8015923725670767,exact,Pindolol,Pindolol,1.0,18,18,exact,exact,Pindolol,False,False,False,False,1.0,True,True,0,1,,,,CC(C)NCC(O)COc1cccc2[nH]ccc12
piperazine_cid4837,,,piperazine_cid4837.png,low,low,0.8273305852568168,exact,Piperazine,Piperazine,1.0,6,6,exact,exact,Piperazine,False,False,False,False,1.0,True,True,0,1,,,,C1CNCCN1
pirfenidone_cid40632,,,pirfenidone_cid40632.png,high,high,0.8912551050166644,exact,Pirfenidone,Pirfenidone,1.0,14,14,exact,exact,Pirfenidone,False,False,False,False,1.0,True,True,0,1,,,,Cc1ccc(=O)n(-c2ccccc2)c1
piroxicam_cid54676228,,,piroxicam_cid54676228.png,high,high,0.8932899815711065,exact,Piroxicam,Piroxicam,1.0,23,23,exact,exact,Piroxicam,False,False,False,False,1.0,True,True,0,1,,,,CN1C(C(=O)Nc2ccccn2)=C(O)c2ccccc2S1(=O)=O
pivmecillinam_cid115163,,,pivmecillinam_cid115163.png,high,high,0.8797870740655809,exact,Pivmecillinam,Pivmecillinam,1.0,30,30,exact,exact,Pivmecillinam,False,False,False,False,1.0,True,True,0,1,,,,[H][C@]12SC(C)(C)[C@H](C(=O)OCOC(=O)C(C)(C)C)N1C(=O)[C@H]2N=CN1CCCCCC1
plecanatide_cid70693500,,,plecanatide_cid70693500.png,low,low,0.1080399469247455,invalid,,,,,,invalid,invalid,,False,False,False,False,,False,,,,,,,[H]C1C(=O)OC1C.[H]CC(C)=O.[H]CNC(=O)C1([H])CSSCC(NC(=O)C(CC(C)C)C(=O)O)NCC=C2([H])C(=O)OC2(=O)C([H])(C([H])=O)CSSCC([H])(NC(=O)C(CCC(=O)O)NC(=O)C2CC(=O)NC(=O)N2)C(=O)NC([H])(CCN(O)CC(N)=O)C(=O)NC([H])(CC(C)C)C(=O)N1
ponesimod_cid11363176,,,ponesimod_cid11363176.png,high,high,0.876648522748067,stereo,Ponesimod,Ponesimod,1.0,31,31,stereo,stereo,Ponesimod,False,False,False,False,1.0,True,True,0,1,,,,CCC/N=C1/S/C(=C\c2ccc(OC[C@H](O)CO)c(Cl)c2)C(=O)N1c1ccccc1C
posaconazole_cid468595,,,posaconazole_cid468595.png,high,high,0.8672426528789716,exact,Posaconazole,Posaconazole,1.0,51,51,exact,exact,Posaconazole,False,False,False,False,1.0,True,True,0,1,,,,CC[C@@H]([C@H](C)O)n1ncn(-c2ccc(N3CCN(c4ccc(OC[C@@H]5CO[C@@](Cn6cncn6)(c6ccc(F)cc6F)C5)cc4)CC3)cc2)c1=O
potassium_perchlorate_cid516900,,,potassium_perchlorate_cid516900.png,low,low,0.8220071761712201,wrong,,Potassium Perchlorate,0.25,6,6,wrong,wrong,,False,False,False,False,0.25,False,False,2,2,,,,[K+].[O-][Cr]([O-])([O-])[O-]
pracinostat_cid49855250,,,pracinostat_cid49855250.png,high,high,0.8988586132588539,exact,Pracinostat,Pracinostat,1.0,26,26,exact,exact,Pracinostat,False,False,False,False,1.0,True,True,0,1,,,,CCCCc1nc2cc(/C=C/C(=O)NO)ccc2n1CCN(CC)CC
pralmorelin_cid6918245,,,pralmorelin_cid6918245.png,high,high,0.8878164146843025,exact,Pralmorelin,Pralmorelin,1.0,60,60,exact,exact,Pralmorelin,False,False,False,False,1.0,True,True,0,1,,,,C[C@H](NC(=O)[C@@H](Cc1ccc2ccccc2c1)NC(=O)[C@@H](C)N)C(=O)N[C@@H](Cc1c[nH]c2ccccc12)C(=O)N[C@H](Cc1ccccc1)C(=O)N[C@@H](CCCCN)C(N)=O
propafenone_hydrochloride_cid36708,,,propafenone_hydrochloride_cid36708.png,low,low,0.8384009688688316,exact,Propafenone Hydrochloride,Propafenone Hydrochloride,1.0,26,26,exact,exact,Propafenone Hydrochloride,False,False,False,False,1.0,True,True,0,2,,,,CCCNCC(O)COc1ccccc1C(=O)CCc1ccccc1.Cl
propantheline_bromide_cid9279,,,propantheline_bromide_cid9279.png,high,high,0.8699612726386297,exact,Propantheline Bromide,Propantheline Bromide,1.0,28,28,exact,exact,Propantheline Bromide,False,False,False,False,1.0,True,True,0,2,,,,CC(C)[N+](C)(CCOC(=O)C1c2ccccc2Oc2ccccc21)C(C)C.[Br-]
propoxyphene_cid10100,,,propoxyphene_cid10100.png,high,high,0.8842083224680444,exact,Propoxyphene,Propoxyphene,1.0,25,25,exact,exact,Propoxyphene,False,False,False,False,1.0,True,True,0,1,,,,CCC(=O)O[C@](Cc1ccccc1)(c1ccccc1)[C@H](C)CN(C)C
prostaglandin_e2_cid5280360,,,prostaglandin_e2_cid5280360.png,high,high,0.8931691677938319,stereo,Prostaglandin E2,Prostaglandin E2,1.0,25,25,stereo,stereo,Prostaglandin E2,False,False,False,False,1.0,True,True,0,1,,,,CCCCC[C@H](O)C=C[C@H]1[C@H](O)CC(=O)[C@@H]1C/C=C\CCCC(=O)O
prucalopride_cid3052762,,,prucalopride_cid3052762.png,high,high,0.8537273631493346,exact,Prucalopride,Prucalopride,1.0,25,25,exact,exact,Prucalopride,False,False,False,False,1.0,True,True,0,1,,,,COCCCN1CCC(NC(=O)c2cc(Cl)c(N)c3c2OCC3)CC1
pyrantel_pamoate_cid5281033,,,pyrantel_pamoate_cid5281033.png,high,high,0.8904421861613024,exact,Pyrantel Pamoate,Pyrantel Pamoate,1.0,43,43,exact,exact,Pyrantel Pamoate,False,False,False,False,1.0,True,True,0,2,,,,CN1CCCN=C1/C=C/c1cccs1.O=C(O)c1cc2ccccc2c(Cc2c(O)c(C(=O)O)cc3ccccc23)c1O
pyrazinamide_cid1046,,,pyrazinamide_cid1046.png,high,high,0.9128665896356661,exact,Pyrazinamide,Pyrazinamide,1.0,9,9,exact,exact,Pyrazinamide,False,False,False,False,1.0,True,True,0,1,,,,NC(=O)c1cnccn1
pyrithione_zinc_cid26041,,,pyrithione_zinc_cid26041.png,high,high,0.8641680760042093,exact,Pyrithione Zinc,Pyrithione Zinc,1.0,17,17,exact,exact,Pyrithione Zinc,False,False,False,False,1.0,True,True,0,3,,[O-][n+]1ccccc1[S-],,[O-][n+]1ccccc1[S-].[O-][n+]1ccccc1[S-].[Zn+2]
pyronaridine_tetraphosphate_cid156867,,,pyronaridine_tetraphosphate_cid156867.png,low,low,0.617614894017751,wrong,,Pyronaridine tetraphosphate,1.0,62,57,salt,salt,Pyronaridine tetraphosphate,False,False,False,False,1.0,False,False,8,6,,O=P(O)(O)O.O=P(O)(O)O.O=P(O)(O)O.O=P(O)(O)O,,COc1ccc2nc3cc(Cl)ccc3c(Nc3cc(CN4CCCC4)c(O)c(CN4CCCC4)c3)c2n1.O=P(O)(O)O.O=P(O)(O)O.O=P(O)(O)O.O=P(O)(O)O.O=P(O)(O)O
qs_21_apiose_isomer_cid73652135,,,qs_21_apiose_isomer_cid73652135.png,low,low,0.001255200926639925,invalid,,,,,,invalid,invalid,,False,False,False,False,,False,,,,,,,[H]C1CC(C)(C)CCC1(C(=O)O[CH]1234CC(O1)[CH]2(OC1OC(C)C(OC2OCC(O)C(OC5OCC(O)(CO)C5O)C2O)C(O)C1O)[CH]1(O)[CH]325O[CH]14(O2C)O5C(=O)CC(O)CC(OC(=O)CC(O)CC(OC1OC(CO)C(O)C1O)C(C)CC)C(C)CC)C(C)C(C)CC
quinacrine_dihydrochloride_cid6239,,,quinacrine_dihydrochloride_cid6239.png,high,high,0.9028769733889747,exact,Quinacrine Dihydrochloride,Quinacrine Dihydrochloride,1.0,30,30,exact,exact,Quinacrine Dihydrochloride,False,False,False,False,1.0,True,True,0,3,,Cl,,CCN(CC)CCCC(C)Nc1c2ccc(Cl)cc2nc2ccc(OC)cc12.Cl.Cl
quinagolide_cid3086401,,,quinagolide_cid3086401.png,high,high,0.8653709191643056,exact,Quinagolide,Quinagolide,1.0,27,27,exact,exact,Quinagolide,False,False,False,False,1.0,True,True,0,1,,,,[H][C@@]12Cc3c(O)cccc3C[C@@]1([H])N(CCC)C[C@@H](NS(=O)(=O)N(CC)CC)C2
radezolid_cid11224409,,,radezolid_cid11224409.png,high,high,0.8627881418503703,exact,Radezolid,Radezolid,1.0,32,32,exact,exact,Radezolid,False,False,False,False,1.0,True,True,0,1,,,,CC(=O)NC[C@H]1CN(c2ccc(-c3ccc(CNCc4cn[nH]n4)cc3)c(F)c2)C(=O)O1
raltitrexed_cid135400182,,,raltitrexed_cid135400182.png,high,high,0.8946626997436344,exact,Raltitrexed,Raltitrexed,1.0,32,32,exact,exact,Raltitrexed,False,False,False,False,1.0,True,True,0,1,,,,Cc1nc2ccc(CN(C)c3ccc(C(=O)N[C@@H](CCC(=O)O)C(=O)O)s3)cc2c(=O)[nH]1
ramelteon_cid208902,,,ramelteon_cid208902.png,high,high,0.8975786366311497,exact,Ramelteon,Ramelteon,1.0,19,19,exact,exact,Ramelteon,False,False,False,False,1.0,True,True,0,1,,,,CCC(=O)NCC[C@@H]1CCc2ccc3c(c21)CCO3
ramosetron_cid108000,,,ramosetron_cid108000.png,high,high,0.8936025540769182,exact,Ramosetron,Ramosetron,1.0,21,21,exact,exact,Ramosetron,False,False,False,False,1.0,True,True,0,1,,,,Cn1cc(C(=O)[C@@H]2CCc3nc[nH]c3C2)c2ccccc21
rasagiline_cid3052776,,,rasagiline_cid3052776.png,high,high,0.9119463229937519,exact,Rasagiline,Rasagiline,1.0,13,13,exact,exact,Rasagiline,False,False,False,False,1.0,True,True,0,1,,,,C#CCN[C@@H]1CCc2ccccc21
ravtansine_cid11686439,,,ravtansine_cid11686439.png,low,low,0.6373854987860903,wrong,,Ravtansine,0.35,51,53,wrong,wrong,,False,False,False,False,0.35,False,False,5,1,,,,[H][C]1O[C@@]1(C)[C@H](CC(=O)N(C)c1cc(C/C(C)=C/C=C/[C@@H](OC)[C@@]2(O)CC([H])OC(=O)N2)cc(OC)c1Cl)OC(=O)[C@H](C)N(C)C(=O)CCC(C)(C)S |^1:1|
relebactam_cid44129647,,,relebactam_cid44129647.png,high,high,0.8477441561473212,exact,Relebactam,Relebactam,1.0,23,23,exact,exact,Relebactam,False,False,False,False,1.0,True,True,0,1,,,,[H][C@@]12CC[C@@H](C(=O)NC3CCNCC3)N(C1)C(=O)N2OS(=O)(=O)O
remimazolam_cid9867812,,,remimazolam_cid9867812.png,high,high,0.8834185787030391,exact,Remimazolam,Remimazolam,1.0,28,28,exact,exact,Remimazolam,False,False,False,False,1.0,True,True,0,1,,,,COC(=O)CC[C@@H]1N=C(c2ccccn2)c2cc(Br)ccc2-n2c(C)cnc21
retapamulin_cid6918462,,,retapamulin_cid6918462.png,low,low,0.07586148513796541,invalid,,,,,,invalid,invalid,,False,False,False,False,,False,,,,,,,[H]C12CCC3([H])CC(SCC(=O)OC4C5(C=C)[CH]6(O)C(C)C678CCC(=O)C7([H])(C4(C)C=C)[CH]5(C)C8)(C1)N23C
rifamycin_cid6324616,,,rifamycin_cid6324616.png,low,low,0.8430482370007082,wrong,,Rifamycin,0.739,49,50,wrong,wrong,,False,False,False,False,0.739,False,False,3,1,,,,[H][C@]1(C)[C@@]([H])(O)[C@@]([H])(C)[C@]([H])(OC(C)=O)[C@]([H])(C)[C@@]([H])(OC)/C=C/OC2Oc3c(C)c(O)c4c(O)c(cc(O)c4c3C2=O)NC(=O)/C(C)=C\C=C\[C@]([H])(C)[C@]1([H])O
riluzole_cid5070,,,riluzole_cid5070.png,high,high,0.8715856695173816,exact,Riluzole,Riluzole,1.0,15,15,exact,exact,Riluzole,False,False,False,False,1.0,True,True,0,1,,,,Nc1nc2ccc(OC(F)(F)F)cc2s1
rimantadine_hydrochloride_cid15165,,,rimantadine_hydrochloride_cid15165.png,high,high,0.8712312659478018,wrong,,Rimantadine Hydrochloride,0.556,11,14,wrong,wrong,,False,False,False,False,0.556,False,False,7,2,,,,CC(N)C12CCCC(C1)C2.Cl
riociguat_cid11304743,,,riociguat_cid11304743.png,high,high,0.8946569331372558,exact,Riociguat,Riociguat,1.0,31,31,exact,exact,Riociguat,False,False,False,False,1.0,True,True,0,1,,,,COC(=O)N(C)c1c(N)nc(-c2nn(Cc3ccccc3F)c3ncccc23)nc1N
ripasudil_cid9863672,,,ripasudil_cid9863672.png,low,low,0.8156767240599135,exact,Ripasudil,Ripasudil,1.0,22,22,exact,exact,Ripasudil,False,False,False,False,1.0,True,True,0,1,,,,C[C@H]1CNCCCN1S(=O)(=O)c1cccc2cncc(F)c12
robenacoxib_cid6433107,,,robenacoxib_cid6433107.png,high,high,0.8452216334077383,exact,Robenacoxib,Robenacoxib,1.0,23,23,exact,exact,Robenacoxib,False,False,False,False,1.0,True,True,0,1,,,,CCc1ccc(Nc2c(F)c(F)cc(F)c2F)c(CC(=O)O)c1
rocuronium_bromide_cid441351,,,rocuronium_bromide_cid441351.png,high,high,0.8678931273698686,exact,Rocuronium Bromide,Rocuronium Bromide,1.0,39,39,exact,exact,Rocuronium Bromide,False,False,False,False,1.0,True,True,0,2,,,,[Br-].[H][C@@]12CC[C@]3([H])[C@]([H])(CC[C@]4(C)[C@@H](OC(C)=O)[C@@H]([N+]5(CC=C)CCCC5)C[C@@]34[H])[C@@]1(C)C[C@H](N1CCOCC1)[C@@H](O)C2
roflumilast_cid449193,,,roflumilast_cid449193.png,high,high,0.8813287485485514,exact,Roflumilast,Roflumilast,1.0,26,26,exact,exact,Roflumilast,False,False,False,False,1.0,True,True,0,1,,,,O=C(Nc1c(Cl)cncc1Cl)c1ccc(OC(F)F)c(OCC2CC2)c1
rokitamycin_cid5282211,,,rokitamycin_cid5282211.png,high,high,0.8521288914380679,exact,Rokitamycin,Rokitamycin,1.0,58,58,exact,exact,Rokitamycin,False,False,False,False,1.0,True,True,0,1,,,,CCCC(=O)O[C@H]1[C@H](C)O[C@@H](O[C@H]2[C@H](N(C)C)[C@@H](O)[C@H](O[C@H]3[C@@H](CC=O)C[C@@H](C)[C@@H](O)/C=C/C=C/C[C@@H](C)OC(=O)C[C@@H](O)[C@@H]3OC)O[C@@H]2C)C[C@@]1(C)OC(=O)CC
rolapitant_hydrochloride_cid16203739,,,rolapitant_hydrochloride_cid16203739.png,high,high,0.8660987606493401,stereo,Rolapitant Hydrochloride,Rolapitant Hydrochloride,1.0,37,37,stereo,stereo,Rolapitant Hydrochloride,False,False,False,False,1.0,True,True,0,3,,,,C[C@@H](OC[C@]1(c2ccccc2)CC[C@]2(CCC(=O)N2)CN1)c1cc(C(F)(F)F)cc(C(F)(F)F)c1.Cl.O
rosiglitazone_cid77999,,,rosiglitazone_cid77999.png,low,low,0.8388876646893375,exact,Rosiglitazone,Rosiglitazone,1.0,25,25,exact,exact,Rosiglitazone,False,False,False,False,1.0,True,True,0,1,,,,CN(CCOc1ccc(CC2SC(=O)NC2=O)cc1)c1ccccn1
rucaparib_cid9931954,,,rucaparib_cid9931954.png,high,high,0.858879660718032,exact,Rucaparib,Rucaparib,1.0,24,24,exact,exact,Rucaparib,False,False,False,False,1.0,True,True,0,1,,,,CNCc1ccc(-c2[nH]c3cc(F)cc4c3c2CCNC4=O)cc1
rufinamide_cid129228,,,rufinamide_cid129228.png,low,low,0.8416592976664529,exact,Rufinamide,Rufinamide,1.0,17,17,exact,exact,Rufinamide,False,False,False,False,1.0,True,True,0,1,,,,NC(=O)c1cn(Cc2c(F)cccc2F)nn1
samuraciclib_cid91844733,,,samuraciclib_cid91844733.png,high,high,0.9173228883965792,exact,Samuraciclib,Samuraciclib,1.0,29,29,exact,exact,Samuraciclib,False,False,False,False,1.0,True,True,0,1,,,,CC(C)c1cnn2c(NCc3ccccc3)cc(NC[C@H]3CCNC[C@@H]3O)nc12
sapropterin_cid135398654,,,sapropterin_cid135398654.png,high,high,0.8713586474501959,exact,Sapropterin,Sapropterin,1.0,17,17,exact,exact,Sapropterin,False,False,False,False,1.0,True,True,0,1,,,,C[C@H](O)[C@H](O)[C@H]1CNc2nc(N)[nH]c(=O)c2N1
saruparib_cid155586901,,,saruparib_cid155586901.png,high,high,0.9131572363151546,exact,Saruparib,Saruparib,1.0,30,30,exact,exact,Saruparib,False,False,False,False,1.0,True,True,0,1,,,,CCc1cc2ncc(CN3CCN(c4ccc(C(=O)NC)nc4)CC3)cc2[nH]c1=O
saxagliptin_hydrochloride_cid49800073,,,saxagliptin_hydrochloride_cid49800073.png,low,low,0.8211095648114352,exact,Saxagliptin Hydrochloride,Saxagliptin Hydrochloride,1.0,24,24,exact,exact,Saxagliptin Hydrochloride,False,False,False,False,1.0,True,True,0,2,,,,Cl.[H][C@]12C[C@@H](C#N)N(C(=O)[C@@H](N)C34CC5CC(CC(O)(C5)C3)C4)[C@@]1([H])C2
selatogrel_cid59534142,,,selatogrel_cid59534142.png,high,high,0.8953824877589126,exact,Selatogrel,Selatogrel,1.0,43,43,exact,exact,Selatogrel,False,False,False,False,1.0,True,True,0,1,,,,CCCCOC(=O)N1CCN(C(=O)[C@H](CP(=O)(O)O)NC(=O)c2cc(N3CC[C@H](OC)C3)nc(-c3ccccc3)n2)CC1
selenium_sulfide_ses_cid24011,,,selenium_sulfide_ses_cid24011.png,low,low,0.0,invalid,,,,,,invalid,invalid,,False,False,False,False,,False,,,,,,,CC123456789%10%11%12%13%14%15%16%17%18%19%20%21%22%23%24%25%26%27(C)(C)(C)(CC1CC1C%28C1%29C%281C%29%28C1%29C%281%30C%29%28%31C1%29%32C%30%281%33C%31%29%28%30C%321%29%31C%33%281%32C%30%29%28%33C%311%29%30C%32%281%31C%33%29%28%32%34C%301%29%33%35C%31%281%30%36C%32%29%28%31%37C%34%331%29%32%38C%35%30%281%33%34C%36%31%29%28%30%35C%37%321%29%31%36C%38%33%281%32%37C%34%30%29%28%33%38C%35%311%29%30%34C%36%32%281%31%35C%37%33%29%28%32%36C%38%301%29%33%37%39C%34%31%281%30%38%40C%35%32%29%28%31%34%41C%36%331%29%32%35%42C%37%30%281%33%36%43%44C%39%38%31%29%28%30%37%45%46C%40%34%321%29%31%38%39%47%48C%41%35%33%281%32%34%40%49%50C%42%36%30%29%28%33%35%41%51%52%53C%43%37%311%29%30%36%42%54%55%56C%44%45%38%32%281%31%37%43%57%58%59%60C%46%39%34%33%29%28%32%38%44%45%61%62%63%64C%47%40%35%301%29%33%34%39%46%65%66%67%68%69C%48%49%41%36%31%281%30%35%40%47%70%71%72%73%74C%28%31%36%41%48%49%75%76%77%78%79%80%81%82%83%84C%85%86%87%88%89%90%91%92%93%94%95%96%97C%28%98%99%(100)%(101)%(102)%(103)%(104)%(105)%(106)%(107)%(108)%(109)C%85%31%28%(110)%(111)%(112)%(113)%(114)%(115)%(116)%(117)%(118)(C%31%85%(119)%(120)%(121)%(122)%(123)%(124)%(125)%(126)%(127)%(128)%(129)%(130)%(131)%(132)%(133)%(134)%(135)%(136)%(137)%(138)%(139)%(140)%(141)%(142)C%(143)%(144)%(145)%(146)%(147)%(148)%(149)%(150)%(151)%(152)%(153)%(154)%(155)%(156)%(157)%(158)%(159)%(160)%(161)%(162)%(163)%(164)%(165)%(166)%(167)C%31%(168)%(169)%(170)%(171)%(172)%(173)%(174)%(175)%(176)%(177)%(178)%(179)%(180)%(181)%(182)%(183)%(184)%(185)%(186)%(187)%(188)%(189)%(190)%(191)C%(143)%85%31%(192)%(193)%(194)%(195)%(196)%(197)%(198)%(199)%(200)%(201)%(202)%(203)%(204)%(205)%(206)%(207)%(208)%(209)%(210)%(211)%(212)%(213)C%(144)%(168)%(119)%85%(143)%(214)%(215)%(216)%(217)%(218)%(219)%(220)%(221)%(222)%(223)%(224)%(225)%(226)%(227)%(228)%(229)%(230)%(231)%(232)%(233)C%(145)%(169)%31%(120)%(119)%(144)%(168)%(234)%(235)%(236)%(237)%(238)%(239)%(240)%(241)%(242)%(243)%(244)%(245)%(246)%(247)%(248)%(249)%(250)%(251)C%(146)%(170)%(192)%85%(121)%31%(120)%(145)%(169)%(252)%(253)%(254)%(255)%(256)%(257)%(258)%(259)%(260)%(261)%(262)%(263)%(264)%(265)%(266)%(267)C%(147)%(171)%(193)%(143)%(119)%(122)%85%(121)%(146)%(170)%(192)%(268)%(269)%(270)%(271)%(272)%(273)%(274)%(275)%(276)%(277)%(278)%(279)%(280)%(281)C%(148)%(172)%(194)%(214)%(144)%31%(123)%(119)%(122)%(143)%(147)%(171)%(193)%(282)%(283)%(284)%(285)%(286)%(287)%(288)%(289)%(290)%(291)%(292)%(293)C%(149)%(173)%(195)%(215)%(168)%(120)%85%(124)%31%(123)%(144)%(148)%(172)%(194)%(214)%(294)%(295)%(296)%(297)%(298)%(299)%(300)%(301)%(302)%(303)C%(150)%(174)%(196)%(216)%(234)%(145)%(121)%(119)%(125)%85%(120)%(124)%(149)%(168)%(173)%(195)%(215)%(304)%(305)%(306)%(307)%(308)%(309)%(310)%(311)C%(151)%(175)%(197)%(217)%(235)%(169)%(146)%(122)%31%(126)%(119)%(121)%(125)%(145)%(150)%(174)%(196)%(216)%(234)%(312)%(313)%(314)%(315)%(316)%(317)C%(152)%(176)%(198)%(218)%(236)%(252)%(170)%(143)%(123)%85%(127)%31%(122)%(126)%(146)%(151)%(169)%(175)%(197)%(217)%(235)%(318)%(319)%(320)%(321)C%(153)%(177)%(199)%(219)%(237)%(253)%(192)%(147)%(144)%(120)%(119)%(128)%85%(123)%(127)%(143)%(152)%(170)%(176)%(198)%(218)%(236)%(252)%(322)%(323)C%(154)%(178)%(200)%(220)%(238)%(254)%(268)%(171)%(148)%(124)%(121)%31%(129)%(119)%(120)%(128)%(144)%(147)%(153)%(177)%(192)%(199)%(219)%(237)%(253)C%(155)%(179)%(201)%(221)%(239)%(255)%(269)%(193)%(172)%(149)%(125)%(122)%85%(130)%31%(121)%(124)%(129)%(148)%(154)%(171)%(178)%(200)%(220)%(238)C%(156)%(180)%(202)%(222)%(240)%(256)%(270)%(282)%(194)%(168)%(145)%(126)%(123)%(119)%(131)%85%(122)%(125)%(130)%(149)%(155)%(172)%(179)%(193)%(201)C%(157)%(181)%(203)%(223)%(241)%(257)%(271)%(283)%(214)%(173)%(150)%(146)%(127)%(120)%31%(132)%(119)%(123)%(126)%(131)%(145)%(156)%(168)%(180)%(194)C%(158)%(182)%(204)%(224)%(242)%(258)%(272)%(284)%(294)%(195)%(174)%(151)%(143)%(128)%(121)%85%(133)%31%(120)%(127)%(132)%(146)%(150)%(157)%(173)C%(159)%(183)%(205)%(225)%(243)%(259)%(273)%(285)%(295)%(215)%(196)%(169)%(152)%(144)%(124)%(122)%(119)%(134)%85%(121)%(128)%(133)%(143)%(151)%(158)C%(160)%(184)%(206)%(226)%(244)%(260)%(274)%(286)%(296)%(304)%(216)%(175)%(170)%(147)%(129)%(125)%(123)%31%(135)%(119)%(122)%(124)%(134)%(144)%(152)C%(161)%(185)%(207)%(227)%(245)%(261)%(275)%(287)%(297)%(305)%(234)%(197)%(176)%(153)%(148)%(130)%(126)%(120)%85%(136)%31%(123)%(125)%(129)%(135)C%(162)%(186)%(208)%(228)%(246)%(262)%(276)%(288)%(298)%(306)%(312)%(217)%(198)%(177)%(154)%(149)%(131)%(127)%(121)%(119)%(137)%85%(120)%(126)%(130)C%(163)%(187)%(209)%(229)%(247)%(263)%(277)%(289)%(299)%(307)%(313)%(235)%(218)%(192)%(171)%(155)%(145)%(132)%(128)%(122)%31%(138)%(119)%(121)%(127)C%(164)%(188)%(210)%(230)%(248)%(264)%(278)%(290)%(300)%(308)%(314)%(318)%(236)%(199)%(178)%(172)%(156)%(146)%(133)%(124)%(123)%85%(139)%31%(122)C%(165)%(189)%(211)%(231)%(249)%(265)%(279)%(291)%(301)%(309)%(315)%(319)%(252)%(219)%(200)%(179)%(168)%(150)%(143)%(134)%(125)%(120)%(119)%(140)%85C%(166)%(190)%(212)%(232)%(250)%(266)%(280)%(292)%(302)%(310)%(316)%(320)%(322)%(237)%(220)%(193)%(180)%(157)%(151)%(144)%(129)%(126)%(121)%31%(141)C%(167)%(191)%(213)%(233)%(251)%(267)%(281)%(293)%(303)%(311)%(317)%(321)%(323)%(253)%(238)%(201)%(194)%(173)%(158)%(152)%(135)%(130)%(127)%(122)%85%(142))C%86%98%36%31%85%(119)%(120)%(121)%(122)%(123)%(124)%(125)%(126)%(127)C%87%99%28%41%36%86%98%(128)%(129)%(130)%(131)%(132)%(133)%(134)C%88%(100)%(110)%31%48%28%41%87%99%(135)%(136)%(137)%(138)%(139)%(140)C%89%(101)%(111)%85%36%49%31%48%88%(100)%(110)%(141)%(142)%(143)%(144)C%50%51%42%37%32%29%281%75%36%49%85%89%(101)%(111)%(145)%(146)C%90%(102)%(112)%(119)%86%33%41%31%30%761%28%29%32%37%42%50C%91%(103)%(113)%(120)%98%34%87%48%35%77%36%30%31%33%41%51%75C%52%54%43%38%(121)%(128)%39%99%88%40%78%491%34%35%36%48%76C%92%(104)%(114)%44%(122)%(129)%46%(135)%(100)%47%79%85%28%301%38%39%40C%93%(105)%(115)%45%(123)%(130)%65%(136)%(110)%70%80%89%29%31%34%28%30%43C%57%94%(106)%(116)%61%(124)%(131)%66%(137)%(141)%71%81%(101)%32%33%351%29%31C%58%95%(107)%(117)%62%(125)%(132)%67%(138)%(142)%72%82%(111)%37%41%36%38%281C%53%55%59%96%(108)%63%(126)%(133)%68%(139)%(143)%73%83%(145)%42%51%48%39%30%29C%56%60%97%(109)%(118)%64%(127)%(134)%69%(140)%(144)%74%84%(146)%50%75%76%40%43%311)CC1%28%29%30%31%32%33%34%35%36%37%38%39%40%41%42%43%44(CC1C%28C%29)(C2)(C3)(C4)C5C%306C%3171C%3282(C%339C%34%10)C1%35%113C%36%1214C%37%135C%38%14(C%39%15C%40%16C%41%17C%42%18C%19C%20C%216C%22C6%237C%24C7%25)C51%43%26C234%44%27
selexipag_cid9913767,,,selexipag_cid9913767.png,high,high,0.8553854822305625,exact,Selexipag,Selexipag,1.0,35,35,exact,exact,Selexipag,False,False,False,False,1.0,True,True,0,1,,,,CC(C)N(CCCCOCC(=O)NS(C)(=O)=O)c1cnc(-c2ccccc2)c(-c2ccccc2)n1
semaxanib_cid5329098,,,semaxanib_cid5329098.png,high,high,0.8807245357344463,exact,Semaxanib,Semaxanib,1.0,18,18,exact,exact,Semaxanib,False,False,False,False,1.0,True,True,0,1,,,,Cc1cc(C)c(/C=C2\C(=O)Nc3ccccc32)[nH]1
senna_cid73111,,,senna_cid73111.png,high,high,0.8974836178954898,exact,Senna,Senna,1.0,62,62,exact,exact,Senna,False,False,False,False,1.0,True,True,0,1,,,,O=C(O)c1cc(O)c2c(c1)[C@H]([C@H]1c3cc(C(=O)O)cc(O)c3C(=O)c3c(O[C@@H]4O[C@H](CO)[C@@H](O)[C@H](O)[C@H]4O)cccc31)c1cccc(O[C@@H]3O[C@H](CO)[C@@H](O)[C@H](O)[C@H]3O)c1C2=O
sertindole_cid60149,,,sertindole_cid60149.png,high,high,0.8786030048464571,exact,Sertindole,Sertindole,1.0,31,31,exact,exact,Sertindole,False,False,False,False,1.0,True,True,0,1,,,,O=C1NCCN1CCN1CCC(c2cn(-c3ccc(F)cc3)c3ccc(Cl)cc23)CC1
sevoflurane_cid5206,,,sevoflurane_cid5206.png,low,low,0.826644884171516,exact,Sevoflurane,Sevoflurane,1.0,12,12,exact,exact,Sevoflurane,False,False,False,False,1.0,True,True,0,1,,,,FCOC(C(F)(F)F)C(F)(F)F
shr0302_cid71622431,,,shr0302_cid71622431.png,high,high,0.8833720067016019,exact,Shr0302,Shr0302,1.0,29,29,exact,exact,Shr0302,False,False,False,False,1.0,True,True,0,1,,,,[H][C@@]12CC(N(C)c3ncnc4[nH]ccc34)C[C@]1([H])CN(C(=O)Nc1nc(OC)ns1)C2
silodosin_cid5312125,,,silodosin_cid5312125.png,high,high,0.8897733998957503,exact,Silodosin,Silodosin,1.0,35,35,exact,exact,Silodosin,False,False,False,False,1.0,True,True,0,1,,,,C[C@H](Cc1cc2c(c(C(N)=O)c1)N(CCCO)CC2)NCCOc1ccccc1OCC(F)(F)F
silperisone_cid178568,,,silperisone_cid178568.png,high,high,0.8914171377475127,exact,Silperisone,Silperisone,1.0,18,18,exact,exact,Silperisone,False,False,False,False,1.0,True,True,0,1,,,,C[Si](C)(Cc1ccc(F)cc1)CN1CCCCC1
sitafloxacin_cid461399,,,sitafloxacin_cid461399.png,high,high,0.85640624018333,exact,Sitafloxacin,Sitafloxacin,1.0,28,28,exact,exact,Sitafloxacin,False,False,False,False,1.0,True,True,0,1,,,,N[C@@H]1CN(c2c(F)cc3c(=O)c(C(=O)O)cn([C@@H]4C[C@@H]4F)c3c2Cl)CC12CC2
sodium_deoxycholate_cid23668196,,,sodium_deoxycholate_cid23668196.png,high,high,0.8762484796547371,exact,Sodium Deoxycholate,Sodium Deoxycholate,1.0,29,29,exact,exact,Sodium Deoxycholate,False,False,False,False,1.0,True,True,0,2,,,,[H][C@]12CC[C@]3([H])[C@]([H])(C[C@H](O)[C@]4(C)[C@@H]([C@H](C)CCC(=O)[O-])CC[C@]43[H])[C@@]1(C)CC[C@@H](O)C2.[Na+]
sodium_nitrite_cid23668193,,,sodium_nitrite_cid23668193.png,high,high,0.857124617687393,exact,Sodium Nitrite,Sodium Nitrite,1.0,4,4,exact,exact,Sodium Nitrite,False,False,False,False,1.0,True,True,0,2,,,,O=N[O-].[Na+]
sodium_oxybate_cid23663870,,,sodium_oxybate_cid23663870.png,low,low,0.7263520862373181,exact,Sodium Oxybate,Sodium Oxybate,1.0,8,8,exact,exact,Sodium Oxybate,False,False,False,False,1.0,True,True,0,2,,,,O=C([O-])CCCO.[Na+]
sodium_phenylacetate_cid23690424,,,sodium_phenylacetate_cid23690424.png,high,high,0.899549871365658,exact,Sodium Phenylacetate,Sodium Phenylacetate,1.0,11,11,exact,exact,Sodium Phenylacetate,False,False,False,False,1.0,True,True,0,2,,,,O=C([O-])Cc1ccccc1.[Na+]
sodium_selenite_cid24934,,,sodium_selenite_cid24934.png,high,high,0.8621236926493531,exact,Sodium Selenite,Sodium Selenite,1.0,6,6,exact,exact,Sodium Selenite,False,False,False,False,1.0,True,True,0,3,,[Na+],,O=[Se]([O-])[O-].[Na+].[Na+]
sodium_thiosulfate_cid24477,,,sodium_thiosulfate_cid24477.png,high,high,0.8988550173175782,exact,Sodium Thiosulfate,Sodium Thiosulfate,1.0,7,7,exact,exact,Sodium Thiosulfate,False,False,False,False,1.0,True,True,0,3,,[Na+],,O=S([O-])([O-])=S.[Na+].[Na+]
solifenacin_succinate_cid216457,,,solifenacin_succinate_cid216457.png,low,low,0.5356181521772411,wrong,,Solifenacin Succinate,0.729,36,35,wrong,wrong,,False,False,False,False,0.729,False,False,3,2,,,,O=C(O)CCC(=O)O.[H][C@@]12CCN(CCC1COC(=O)N1CCc3ccccc3[C@@H]1c1ccccc1)C2
solithromycin_cid25242512,,,solithromycin_cid25242512.png,low,low,0.5267963426887321,stereo,Solithromycin,Solithromycin,1.0,60,60,stereo,stereo,Solithromycin,False,False,False,False,1.0,True,True,0,1,,,,[H][C@@]12[C@@H](C)C(=O)[C@H](C)C[C@@](C)(OC)[C@H](O[C@@H]3O[C@H](C)C[C@H](N(C)C)[C@H]3O)[C@@H](C)C(=O)[C@@](C)(F)C(=O)O[C@H](CC)[C@@]1(C)OC(=O)N2CCCCn1cc(-c2cccc(N)c2)nn1
sonrotoclax_cid149553242,,,sonrotoclax_cid149553242.png,high,high,0.8900401313188847,exact,Sonrotoclax,Sonrotoclax,1.0,64,64,exact,exact,Sonrotoclax,False,False,False,False,1.0,True,True,0,1,,,,CC(C)c1ccccc1[C@@H]1CCCN1C1CC2(CCN(c3ccc(C(=O)NS(=O)(=O)c4ccc(NCC5CCC(C)(O)CC5)c([N+](=O)[O-])c4)c(Oc4cnc5[nH]ccc5c4)c3)CC2)C1
sotagliflozin_cid24831714,,,sotagliflozin_cid24831714.png,high,high,0.8944892813274462,exact,Sotagliflozin,Sotagliflozin,1.0,28,28,exact,exact,Sotagliflozin,False,False,False,False,1.0,True,True,0,1,,,,CCOc1ccc(Cc2cc([C@@H]3O[C@H](SC)[C@@H](O)[C@H](O)[C@H]3O)ccc2Cl)cc1
spinosyn_a_cid443059,,,spinosyn_a_cid443059.png,high,high,0.8737848786127601,exact,Spinosyn A,Spinosyn A,1.0,52,52,exact,exact,Spinosyn A,False,False,False,False,1.0,True,True,0,1,,,,[H][C@@]12C=C3C(=O)[C@H](C)[C@@H](O[C@H]4CC[C@H](N(C)C)[C@@H](C)O4)CCC[C@H](CC)OC(=O)C[C@@]3([H])[C@]1([H])C=C[C@]1([H])C[C@@H](O[C@@H]3O[C@@H](C)[C@H](OC)[C@@H](OC)[C@H]3OC)C[C@@]21[H]
stiripentol_cid5311454,,,stiripentol_cid5311454.png,high,high,0.8669316254677281,exact,Stiripentol,Stiripentol,1.0,17,17,exact,exact,Stiripentol,False,False,False,False,1.0,True,True,0,1,,,,CC(C)(C)C(O)/C=C/c1ccc2c(c1)OCO2
sulbactam_cid130313,,,sulbactam_cid130313.png,high,high,0.8563605551792929,stereo,Sulbactam,Sulbactam,1.0,15,15,stereo,stereo,Sulbactam,False,False,False,False,1.0,True,True,0,1,,,,[H][C@@]12CC(=O)N1C(C(=O)O)C(C)(C)S2(=O)=O
sulpiride_cid5355,,,sulpiride_cid5355.png,high,high,0.8674039684967845,exact,Sulpiride,Sulpiride,1.0,23,23,exact,exact,Sulpiride,False,False,False,False,1.0,True,True,0,1,,,,CCN1CCCC1CNC(=O)c1cc(S(N)(=O)=O)ccc1OC
tafamidis_cid11001318,,,tafamidis_cid11001318.png,high,high,0.8702529999963099,exact,Tafamidis,Tafamidis,1.0,20,20,exact,exact,Tafamidis,False,False,False,False,1.0,True,True,0,1,,,,O=C(O)c1ccc2nc(-c3cc(Cl)cc(Cl)c3)oc2c1
tafluprost_cid9868491,,,tafluprost_cid9868491.png,high,high,0.8619530562576297,stereo,Tafluprost,Tafluprost,1.0,32,32,stereo,stereo,Tafluprost,False,False,False,False,1.0,True,True,0,1,,,,CC(C)OC(=O)CCC/C=C\C[C@@H]1[C@@H](C=CC(F)(F)COc2ccccc2)[C@H](O)C[C@@H]1O
talabostat_cid6918572,,,talabostat_cid6918572.png,high,high,0.8797790739512046,exact,Talabostat,Talabostat,1.0,15,15,exact,exact,Talabostat,False,False,False,False,1.0,True,True,0,1,,,,CC(C)[C@H](N)C(=O)N1CCC[C@H]1B(O)O
tasimelteon_cid10220503,,,tasimelteon_cid10220503.png,low,low,0.8397830716417675,exact,Tasimelteon,Tasimelteon,1.0,18,18,exact,exact,Tasimelteon,False,False,False,False,1.0,True,True,0,1,,,,CCC(=O)NC[C@@H]1C[C@H]1c1cccc2c1CCO2
tedizolid_cid11234049,,,tedizolid_cid11234049.png,low,low,0.8236857633606623,exact,Tedizolid,Tedizolid,1.0,27,27,exact,exact,Tedizolid,False,False,False,False,1.0,True,True,0,1,,,,Cn1nnc(-c2ccc(-c3ccc(N4C[C@H](CO)OC4=O)cc3F)cn2)n1
tegoprazan_cid23582846,,,tegoprazan_cid23582846.png,high,high,0.9012260990256658,exact,Tegoprazan,Tegoprazan,1.0,28,28,exact,exact,Tegoprazan,False,False,False,False,1.0,True,True,0,1,,,,Cc1nc2c(O[C@H]3CCOc4cc(F)cc(F)c43)cc(C(=O)N(C)C)cc2[nH]1
teicoplanin_a2_2_cid16198036,,,teicoplanin_a2_2_cid16198036.png,low,low,6.691885955317783e-10,invalid,,,,,,invalid,invalid,,False,False,False,False,,False,,,,,,,CC=C1[CH]234CC1256(CC)C(=O)NC1C27(O)C89=CC=C%10%11=C%12%13%14=C%10C%10CC%12C(CC(C)=O)=C82(=C(CC(C)=O)C=%13(Cl)O%142C8=C%12%13C=C(=C8(=C%122O%11)O[CH]O%10)OC2=C(Cl)C=C(C=C2)CC2NC(=O)C(N)C8=CC(=C(O)C=C8)O8C%10%11=CC8%12=C8%14%15=C%16%17=C8C=%10=%12%168C%14%10=C%11C=%17=%158[CH]%108(NC2=O)C2(=O)N[CH]%13%10(C(=O)N35)C3(=O=C8(=O)[CH]23%10)N46)[CH]197O[CH]O[CH]CC
temsavir_cid11317439,,,temsavir_cid11317439.png,high,high,0.8766803232621105,exact,Temsavir,Temsavir,1.0,35,35,exact,exact,Temsavir,False,False,False,False,1.0,True,True,0,1,,,,COc1cnc(-n2cnc(C)n2)c2[nH]cc(C(=O)C(=O)N3CCN(C(=O)c4ccccc4)CC3)c12
tenapanor_cid71587953,,,tenapanor_cid71587953.png,low,low,0.002198759440806261,invalid,,,,,,invalid,invalid,,False,False,False,False,,False,,,,,,,CN1234CC5C1C16789=C(=C%10(=C=1(S(=O)(=O)CCOCCOCCNC(=O)NCCCCNC(=O)NCCOCCOCCNS(=O)(=O)C1=CC=CC%11(=C1)C=C1%12C=C(Cl)C=C(Cl)C1=CCCC%11%12)C=C%106)(C27)C538)C=C(Cl)C=C(Cl)C1(=C9C=C(Cl)C=C1Cl)C4
teneligliptin_cid11949652,,,teneligliptin_cid11949652.png,high,high,0.8873672754215837,exact,Teneligliptin,Teneligliptin,1.0,30,30,exact,exact,Teneligliptin,False,False,False,False,1.0,True,True,0,1,,,,Cc1cc(N2CCN([C@@H]3CN[C@H](C(=O)N4CCSC4)C3)CC2)n(-c2ccccc2)n1
tenofovir_cid464205,,,tenofovir_cid464205.png,high,high,0.8980184673443278,exact,Tenofovir,Tenofovir,1.0,19,19,exact,exact,Tenofovir,False,False,False,False,1.0,True,True,0,1,,,,C[C@H](Cn1cnc2c(N)ncnc21)OCP(=O)(O)O
tesetaxel_cid6918574,,,tesetaxel_cid6918574.png,high,high,0.8712287611349173,exact,Tesetaxel,Tesetaxel,1.0,63,63,exact,exact,Tesetaxel,False,False,False,False,1.0,True,True,0,1,,,,[H][C@@]12O[C@H](CN(C)C)O[C@]1([H])C1=C(C)[C@@H](OC(=O)[C@H](O)[C@@H](NC(=O)OC(C)(C)C)c3ncccc3F)C[C@@](O)([C@@H](OC(=O)c3ccccc3)[C@@]3([H])[C@@]2(C)CC[C@@]2([H])OC[C@@]32OC(C)=O)C1(C)C
testosterone_enanthate_cid9416,,,testosterone_enanthate_cid9416.png,low,low,0.8289943631781119,exact,Testosterone Enanthate,Testosterone Enanthate,1.0,29,29,exact,exact,Testosterone Enanthate,False,False,False,False,1.0,True,True,0,1,,,,[H][C@@]12CCC3=CC(=O)CC[C@]3(C)[C@@]1([H])CC[C@]1(C)[C@@H](OC(=O)CCCCCC)CC[C@@]21[H]
testosterone_propionate_cid5995,,,testosterone_propionate_cid5995.png,high,high,0.8733287454083815,exact,Testosterone Propionate,Testosterone Propionate,1.0,25,25,exact,exact,Testosterone Propionate,False,False,False,False,1.0,True,True,0,1,,,,[H][C@@]12CCC3=CC(=O)CC[C@]3(C)[C@@]1([H])CC[C@]1(C)[C@@H](OC(=O)CC)CC[C@@]21[H]
testosterone_undecanoate_cid65157,,,testosterone_undecanoate_cid65157.png,high,high,0.8506666284633536,exact,"Testosterone, undecanoate","Testosterone, undecanoate",1.0,33,33,exact,exact,"Testosterone, undecanoate",False,False,False,False,1.0,True,True,0,1,,,,[H][C@@]12CCC3=CC(=O)CC[C@]3(C)[C@@]1([H])CC[C@]1(C)[C@@H](OC(=O)CCCCCCCCCC)CC[C@@]21[H]
thiamphenicol_cid27200,,,thiamphenicol_cid27200.png,high,high,0.9145637244849847,exact,Thiamphenicol,Thiamphenicol,1.0,21,21,exact,exact,Thiamphenicol,False,False,False,False,1.0,True,True,0,1,,,,CS(=O)(=O)c1ccc([C@@H](O)[C@@H](CO)NC(=O)C(Cl)Cl)cc1
thimerosal_cid16684434,,,thimerosal_cid16684434.png,high,high,0.8706076957404717,exact,Thimerosal,Thimerosal,1.0,14,14,exact,exact,Thimerosal,False,False,False,False,1.0,True,True,0,2,,,,C[CH2][Hg][S]c1ccccc1C(=O)[O-].[Na+]
thiopental_cid3000715,,,thiopental_cid3000715.png,low,low,0.8430279426176032,exact,Thiopental,Thiopental,1.0,16,16,exact,exact,Thiopental,False,False,False,False,1.0,True,True,0,1,,,,CCCC(C)C1(CC)C(=O)NC(=S)NC1=O
thiotepa_cid5453,,,thiotepa_cid5453.png,low,low,0.8025784753613483,exact,Thiotepa,Thiotepa,1.0,11,11,exact,exact,Thiotepa,False,False,False,False,1.0,True,True,0,1,,,,S=P(N1CC1)(N1CC1)N1CC1
tildipirosin_cid24860548,,,tildipirosin_cid24860548.png,low,low,0.4773540179019938,invalid,,,,,,invalid,invalid,,False,False,False,False,,False,,,,,,,CCCN1(CCC2CC(C)C(=O)C=CC(C)=CC(CN3CCCCC3)C(CC)OC(=O)CC(O)C(C)C2OC2OC(C)C(O)C(N(C)C)C2O)CCCCC1
tilmicosin_cid5282521,,,tilmicosin_cid5282521.png,high,high,0.8884012431295453,exact,Tilmicosin,Tilmicosin,1.0,61,61,exact,exact,Tilmicosin,False,False,False,False,1.0,True,True,0,1,,,,CC[C@H]1OC(=O)C[C@@H](O)[C@H](C)[C@@H](O[C@@H]2O[C@H](C)[C@@H](O)[C@H](N(C)C)[C@H]2O)[C@@H](CCN2C[C@H](C)C[C@H](C)C2)C[C@@H](C)C(=O)/C=C/C(C)=C/[C@@H]1CO[C@@H]1O[C@H](C)[C@@H](O)[C@@H](OC)[C@H]1OC
tirofiban_hydrochloride_anhydrous_cid64781,,,tirofiban_hydrochloride_anhydrous_cid64781.png,high,high,0.8808799143500842,exact,Tirofiban hydrochloride anhydrous,Tirofiban hydrochloride anhydrous,1.0,31,31,exact,exact,Tirofiban hydrochloride anhydrous,False,False,False,False,1.0,True,True,0,2,,,,CCCCS(=O)(=O)N[C@@H](Cc1ccc(OCCCCC2CCNCC2)cc1)C(=O)O.Cl
tofogliflozin_cid46908929,,,tofogliflozin_cid46908929.png,high,high,0.8978538874382828,exact,Tofogliflozin,Tofogliflozin,1.0,28,28,exact,exact,Tofogliflozin,False,False,False,False,1.0,True,True,0,1,,,,CCc1ccc(Cc2ccc3c(c2)[C@]2(OC3)O[C@H](CO)[C@@H](O)[C@H](O)[C@H]2O)cc1
tolazoline_cid5504,,,tolazoline_cid5504.png,high,high,0.9011524851362532,exact,Tolazoline,Tolazoline,1.0,12,12,exact,exact,Tolazoline,False,False,False,False,1.0,True,True,0,1,,,,c1ccc(CC2=NCCN2)cc1
tolbutamide_cid5505,,,tolbutamide_cid5505.png,high,high,0.8873887724662994,exact,Tolbutamide,Tolbutamide,1.0,18,18,exact,exact,Tolbutamide,False,False,False,False,1.0,True,True,0,1,,,,CCCCNC(=O)NS(=O)(=O)c1ccc(C)cc1
tolperisone_cid5511,,,tolperisone_cid5511.png,high,high,0.8869837458788912,exact,Tolperisone,Tolperisone,1.0,18,18,exact,exact,Tolperisone,False,False,False,False,1.0,True,True,0,1,,,,Cc1ccc(C(=O)C(C)CN2CCCCC2)cc1
tolterodine_tartrate_cid443878,,,tolterodine_tartrate_cid443878.png,high,high,0.8725039082954026,exact,Tolterodine Tartrate,Tolterodine Tartrate,1.0,34,34,exact,exact,Tolterodine Tartrate,False,False,False,False,1.0,True,True,0,2,,,,Cc1ccc(O)c([C@H](CCN(C(C)C)C(C)C)c2ccccc2)c1.O=C(O)[C@H](O)[C@@H](O)C(=O)O
torasemide_cid41781,,,torasemide_cid41781.png,high,high,0.9061616610580798,exact,Torasemide,Torasemide,1.0,24,24,exact,exact,Torasemide,False,False,False,False,1.0,True,True,0,1,,,,Cc1cccc(Nc2ccncc2S(=O)(=O)NC(=O)NC(C)C)c1
tranylcypromine_cid5530,,,tranylcypromine_cid5530.png,high,high,0.890511020467363,exact,Tranylcypromine,Tranylcypromine,1.0,10,10,exact,exact,Tranylcypromine,False,False,False,False,1.0,True,True,0,1,,,,NC1CC1c1ccccc1
trehalose_cid7427,,,trehalose_cid7427.png,high,high,0.8754406644073416,exact,Trehalose,Trehalose,1.0,23,23,exact,exact,Trehalose,False,False,False,False,1.0,True,True,0,1,,,,OC[C@H]1O[C@H](O[C@H]2O[C@H](CO)[C@@H](O)[C@H](O)[C@H]2O)[C@H](O)[C@@H](O)[C@@H]1O
trelagliptin_cid15983988,,,trelagliptin_cid15983988.png,high,high,0.856100773904927,exact,Trelagliptin,Trelagliptin,1.0,26,26,exact,exact,Trelagliptin,False,False,False,False,1.0,True,True,0,1,,,,Cn1c(=O)cc(N2CCC[C@@H](N)C2)n(Cc2cc(F)ccc2C#N)c1=O
trenbolone_cid25015,,,trenbolone_cid25015.png,high,high,0.8693462249928401,exact,Trenbolone,Trenbolone,1.0,20,20,exact,exact,Trenbolone,False,False,False,False,1.0,True,True,0,1,,,,[H][C@@]12CC[C@H](O)[C@@]1(C)C=CC1=C3CCC(=O)C=C3CC[C@]12[H]
trifarotene_cid11518241,,,trifarotene_cid11518241.png,high,high,0.8735857251424641,exact,Trifarotene,Trifarotene,1.0,34,34,exact,exact,Trifarotene,False,False,False,False,1.0,True,True,0,1,,,,CC(C)(C)c1cc(-c2cc(-c3ccc(C(=O)O)cc3)ccc2OCCO)ccc1N1CCCC1
trifluridine_cid6256,,,trifluridine_cid6256.png,high,high,0.8434740994308868,exact,Trifluridine,Trifluridine,1.0,20,20,exact,exact,Trifluridine,False,False,False,False,1.0,True,True,0,1,,,,O=c1[nH]c(=O)n([C@H]2C[C@H](O)[C@@H](CO)O2)cc1C(F)(F)F
trilostane_cid656583,,,trilostane_cid656583.png,high,high,0.8784053692480854,exact,Trilostane,Trilostane,1.0,24,24,exact,exact,Trilostane,False,False,False,False,1.0,True,True,0,1,,,,[H][C@@]12CC[C@@]34O[C@]3([H])C(O)=C(C#N)C[C@]4(C)[C@@]1([H])CC[C@]1(C)[C@@H](O)CC[C@@]21[H]
trimebutine_maleate_cid5388977,,,trimebutine_maleate_cid5388977.png,high,high,0.9084190880434176,exact,Trimebutine Maleate,Trimebutine Maleate,1.0,36,36,exact,exact,Trimebutine Maleate,False,False,False,False,1.0,True,True,0,2,,,,CCC(COC(=O)c1cc(OC)c(OC)c(OC)c1)(c1ccccc1)N(C)C.O=C(O)/C=C\C(=O)O
trimedoxime_cid135539427,,,trimedoxime_cid135539427.png,high,high,0.9157634960729305,exact,Trimedoxime,Trimedoxime,1.0,21,21,exact,exact,Trimedoxime,False,False,False,False,1.0,True,True,0,1,,,,O/N=C/c1cc[n+](CCC[n+]2ccc(/C=N/O)cc2)cc1
triplatin_cid71587574,,,triplatin_cid71587574.png,low,low,0.7358242934729343,invalid,,,,,,invalid,invalid,,False,False,False,False,,False,,,,,,,N.N.N.N.NCCCCCCN.NCCCCCC[NH3-].[Cl-].[Pt+2].[Pt+2].[Pt+2]
tris_hydroxymethyl_aminomethane_cid6503,,,tris_hydroxymethyl_aminomethane_cid6503.png,low,low,0.7011633711196054,exact,Tris(hydroxymethyl)aminomethane,Tris(hydroxymethyl)aminomethane,1.0,8,8,exact,exact,Tris(hydroxymethyl)aminomethane,False,False,False,False,1.0,True,True,0,1,,,,NC(CO)(CO)CO
tromantadine_cid64377,,,tromantadine_cid64377.png,high,high,0.8470049495195929,exact,Tromantadine,Tromantadine,1.0,20,20,exact,exact,Tromantadine,False,False,False,False,1.0,True,True,0,1,,,,CN(C)CCOCC(=O)NC12CC3CC(CC(C3)C1)C2
trypan_blue_cid4407718,,,trypan_blue_cid4407718.png,high,high,0.8713711320012936,stereo,Trypan blue,Trypan blue,1.0,58,58,stereo,stereo,Trypan blue,False,False,False,False,1.0,True,True,0,1,,,,Cc1cc(-c2ccc(/N=N/c3c(S(=O)(=O)[O-])cc4cc(S(=O)(=O)[O-])cc(N)c4c3O)c(C)c2)ccc1/N=N/c1c(S(=O)(=O)[O-])cc2cc(S(=O)(=O)[O-])cc(N)c2c1O
tulathromycin_cid9832301,,,tulathromycin_cid9832301.png,low,low,0.7487627262673209,exact,Tulathromycin,Tulathromycin,1.0,56,56,exact,exact,Tulathromycin,False,False,False,False,1.0,True,True,0,1,,,,CCCNC[C@]1(O)[C@H](C)O[C@@H](O[C@H]2[C@H](C)[C@@H](O[C@@H]3O[C@H](C)C[C@H](N(C)C)[C@H]3O)[C@](C)(O)C[C@@H](C)CN[C@H](C)[C@@H](O)[C@](C)(O)[C@@H](CC)OC(=O)[C@@H]2C)C[C@@]1(C)OC
ulipristal_acetate_cid130904,,,ulipristal_acetate_cid130904.png,high,high,0.8800878915991563,exact,Ulipristal Acetate,Ulipristal Acetate,1.0,35,35,exact,exact,Ulipristal Acetate,False,False,False,False,1.0,True,True,0,1,,,,[H][C@@]12CC[C@](OC(C)=O)(C(C)=O)[C@@]1(C)C[C@H](c1ccc(N(C)C)cc1)C1=C3CCC(=O)C=C3CC[C@]12[H]
ulonivirine_cid73505111,,,ulonivirine_cid73505111.png,high,high,0.8779651686274726,exact,Ulonivirine,Ulonivirine,1.0,33,33,exact,exact,Ulonivirine,False,False,False,False,1.0,True,True,0,1,,,,N#Cc1cc(Cl)cc(Oc2c(C(F)(F)F)ncn(Cc3cc(C(F)(F)F)c(=O)[nH]n3)c2=O)c1
unithiol_cid2724039,,,unithiol_cid2724039.png,high,high,0.8577334233590753,exact,Unithiol,Unithiol,1.0,10,10,exact,exact,Unithiol,False,False,False,False,1.0,True,True,0,2,,,,O=S(=O)([O-])CC(S)CS.[Na+]
ursodeoxycholic_acid_cid31401,,,ursodeoxycholic_acid_cid31401.png,high,high,0.8639371466772143,exact,Ursodeoxycholic Acid,Ursodeoxycholic Acid,1.0,28,28,exact,exact,Ursodeoxycholic Acid,False,False,False,False,1.0,True,True,0,1,,,,[H][C@@]12C[C@H](O)CC[C@]1(C)[C@@]1([H])CC[C@]3(C)[C@@H]([C@H](C)CCC(=O)O)CC[C@@]3([H])[C@]1([H])[C@@H](O)C2
valacyclovir_hydrochloride_cid135398741,,,valacyclovir_hydrochloride_cid135398741.png,high,high,0.8605540078885364,exact,Valacyclovir Hydrochloride,Valacyclovir Hydrochloride,1.0,24,24,exact,exact,Valacyclovir Hydrochloride,False,False,False,False,1.0,True,True,0,2,,,,CC(C)[C@H](N)C(=O)OCCOCn1cnc2c(=O)[nH]c(N)nc21.Cl
vandetanib_cid3081361,,,vandetanib_cid3081361.png,high,high,0.9049508532800544,exact,Vandetanib,Vandetanib,1.0,30,30,exact,exact,Vandetanib,False,False,False,False,1.0,True,True,0,1,,,,COc1cc2c(Nc3ccc(Br)cc3F)ncnc2cc1OCC1CCN(C)CC1
vardenafil_hydrochloride_cid135438569,,,vardenafil_hydrochloride_cid135438569.png,high,high,0.8813949217790676,exact,Vardenafil Hydrochloride,Vardenafil Hydrochloride,1.0,35,35,exact,exact,Vardenafil Hydrochloride,False,False,False,False,1.0,True,True,0,2,,,,CCCc1nc(C)c2c(=O)[nH]c(-c3cc(S(=O)(=O)N4CCN(CC)CC4)ccc3OCC)nn12.Cl
varenicline_tartrate_cid6918678,,,varenicline_tartrate_cid6918678.png,low,low,0.8146829454110412,exact,Varenicline Tartrate,Varenicline Tartrate,1.0,26,26,exact,exact,Varenicline Tartrate,False,False,False,False,1.0,True,True,0,2,,,,O=C(O)[C@H](O)[C@@H](O)C(=O)O.[H][C@]12CNC[C@]([H])(C1)c1cc3nccnc3cc12
veliparib_cid11960529,,,veliparib_cid11960529.png,high,high,0.896441685451554,exact,Veliparib,Veliparib,1.0,18,18,exact,exact,Veliparib,False,False,False,False,1.0,True,True,0,1,,,,C[C@]1(c2nc3c(C(N)=O)cccc3[nH]2)CCCN1
vilanterol_cid10184665,,,vilanterol_cid10184665.png,low,low,0.8405671463683292,exact,Vilanterol,Vilanterol,1.0,32,32,exact,exact,Vilanterol,False,False,False,False,1.0,True,True,0,1,,,,OCc1cc([C@@H](O)CNCCCCCCOCCOCc2c(Cl)cccc2Cl)ccc1O
vildagliptin_cid6918537,,,vildagliptin_cid6918537.png,low,low,0.6417406866496769,exact,Vildagliptin,Vildagliptin,1.0,22,22,exact,exact,Vildagliptin,False,False,False,False,1.0,True,True,0,1,,,,N#C[C@@H]1CCCN1C(=O)CNC12CC3CC(CC(O)(C3)C1)C2
vismodegib_cid24776445,,,vismodegib_cid24776445.png,high,high,0.8864415494632039,exact,Vismodegib,Vismodegib,1.0,27,27,exact,exact,Vismodegib,False,False,False,False,1.0,True,True,0,1,,,,CS(=O)(=O)c1ccc(C(=O)Nc2ccc(Cl)c(-c3ccccn3)c2)c(Cl)c1
vitamin_d3_cid5280795,,,vitamin_d3_cid5280795.png,high,high,0.8880477133768283,exact,Vitamin D3,Vitamin D3,1.0,28,28,exact,exact,Vitamin D3,False,False,False,False,1.0,True,True,0,1,,,,[H][C@@]12CC[C@H]([C@H](C)CCCC(C)C)[C@@]1(C)CCC/C2=C\C=C1\C[C@@H](O)CCC1=C
voclosporin_cid6918486,,,voclosporin_cid6918486.png,high,high,0.851696649824092,stereo,Voclosporin,Voclosporin,1.0,86,86,stereo,stereo,Voclosporin,False,False,False,False,1.0,True,True,0,1,,,,C=C/C=C/C[C@@H](C)[C@@H](O)[C@H]1C(=O)N[C@@H](CC)C(=O)N(C)CC(=O)N(C)[C@@H](CC(C)C)C(=O)N[C@@H](C(C)C)C(=O)N(C)[C@H](CC(C)C)C(=O)N[C@@H](C)C(=O)N[C@@H](C)C(=O)N(C)[C@@H](CC(C)C)C(=O)N(C)[C@@H](CC(C)C)C(=O)N(C)[C@@H](C(C)C)C(=O)N1C
vonoprazan_cid15981397,,,vonoprazan_cid15981397.png,high,high,0.8913417086063596,exact,Vonoprazan,Vonoprazan,1.0,24,24,exact,exact,Vonoprazan,False,False,False,False,1.0,True,True,0,1,,,,CNCc1cc(-c2ccccc2F)n(S(=O)(=O)c2cccnc2)c1
vorapaxar_sulfate_cid10077129,,,vorapaxar_sulfate_cid10077129.png,high,high,0.86248518342255,stereo,Vorapaxar Sulfate,Vorapaxar Sulfate,1.0,41,41,stereo,stereo,Vorapaxar Sulfate,False,False,False,False,1.0,True,True,0,2,,,,O=S(=O)(O)O.[H][C@@]12C[C@H](NC(=O)OCC)CC[C@@]1([H])[C@H](C=Cc1ccc(-c3cccc(F)c3)cn1)[C@]1([H])[C@@H](C)OC(=O)[C@]1([H])C2
voriconazole_cid71616,,,voriconazole_cid71616.png,high,high,0.887781928596117,exact,Voriconazole,Voriconazole,1.0,25,25,exact,exact,Voriconazole,False,False,False,False,1.0,True,True,0,1,,,,C[C@@H](c1ncncc1F)[C@](O)(Cn1cncn1)c1ccc(F)cc1F
vorinostat_cid5311,,,vorinostat_cid5311.png,low,low,0.6998170021980966,exact,Vorinostat,Vorinostat,1.0,19,19,exact,exact,Vorinostat,False,False,False,False,1.0,True,True,0,1,,,,O=C(CCCCCCC(=O)Nc1ccccc1)NO
vortioxetine_cid9966051,,,vortioxetine_cid9966051.png,high,high,0.8559589406602828,exact,Vortioxetine,Vortioxetine,1.0,21,21,exact,exact,Vortioxetine,False,False,False,False,1.0,True,True,0,1,,,,Cc1ccc(Sc2ccccc2N2CCNCC2)c(C)c1
voxelotor_cid71602803,,,voxelotor_cid71602803.png,high,high,0.8510836008736642,exact,Voxelotor,Voxelotor,1.0,25,25,exact,exact,Voxelotor,False,False,False,False,1.0,True,True,0,1,,,,CC(C)n1nccc1-c1ncccc1COc1cccc(O)c1C=O
zanamivir_cid60855,,,zanamivir_cid60855.png,high,high,0.8801273698145782,exact,Zanamivir,Zanamivir,1.0,23,23,exact,exact,Zanamivir,False,False,False,False,1.0,True,True,0,1,,,,CC(=O)N[C@H]1[C@H]([C@H](O)[C@H](O)CO)OC(C(=O)O)=C[C@@H]1N=C(N)N
zanubrutinib_cid135565884,,,zanubrutinib_cid135565884.png,high,high,0.856722352672929,exact,Zanubrutinib,Zanubrutinib,1.0,35,35,exact,exact,Zanubrutinib,False,False,False,False,1.0,True,True,0,1,,,,C=CC(=O)N1CCC([C@@H]2CCNc3c(C(N)=O)c(-c4ccc(Oc5ccccc5)cc4)nn32)CC1
zavegepant_cid53472683,,,zavegepant_cid53472683.png,high,high,0.8855081980084062,exact,Zavegepant,Zavegepant,1.0,47,47,exact,exact,Zavegepant,False,False,False,False,1.0,True,True,0,1,,,,Cc1cc(C[C@@H](NC(=O)N2CCC(c3cc4ccccc4[nH]c3=O)CC2)C(=O)N2CCN(C3CCN(C)CC3)CC2)cc2cn[nH]c12
zidebactam_cid77846445,,,zidebactam_cid77846445.png,low,low,0.7615551281354958,exact,Zidebactam,Zidebactam,1.0,26,26,exact,exact,Zidebactam,False,False,False,False,1.0,True,True,0,1,,,,[H][C@@]12CC[C@@H](C(=O)NNC(=O)[C@@H]3CCCNC3)N(C1)C(=O)N2OS(=O)(=O)O
zifrosilone_cid60811,,,zifrosilone_cid60811.png,high,high,0.9034179732187676,exact,Zifrosilone,Zifrosilone,1.0,16,16,exact,exact,Zifrosilone,False,False,False,False,1.0,True,True,0,1,,,,C[Si](C)(C)c1cccc(C(=O)C(F)(F)F)c1
zileuton_cid60490,,,zileuton_cid60490.png,high,high,0.8492922264478301,exact,Zileuton,Zileuton,1.0,16,16,exact,exact,Zileuton,False,False,False,False,1.0,True,True,0,1,,,,CC(c1cc2ccccc2s1)N(O)C(N)=O
ziprasidone_hydrochloride_cid219099,,,ziprasidone_hydrochloride_cid219099.png,high,high,0.8968349667157353,exact,Ziprasidone Hydrochloride,Ziprasidone Hydrochloride,1.0,29,29,exact,exact,Ziprasidone Hydrochloride,False,False,False,False,1.0,True,True,0,2,,,,Cl.O=C1Cc2cc(CCN3CCN(c4nsc5ccccc45)CC3)c(Cl)cc2N1
zofenopril_cid92400,,,zofenopril_cid92400.png,high,high,0.8750181052881075,stereo,Zofenopril,Zofenopril,1.0,29,29,stereo,stereo,Zofenopril,False,False,False,False,1.0,True,True,0,1,,,,C[C@H](CSC(=O)c1ccccc1)C(=O)N1C[C@H](Sc2ccccc2)C[C@H]1C(=O)O
zolmitriptan_cid60857,,,zolmitriptan_cid60857.png,high,high,0.8643922866134726,exact,Zolmitriptan,Zolmitriptan,1.0,21,21,exact,exact,Zolmitriptan,False,False,False,False,1.0,True,True,0,1,,,,CN(C)CCc1c[nH]c2ccc(C[C@H]3COC(=O)N3)cc12
zotiraciclib_cid16739650,,,zotiraciclib_cid16739650.png,high,high,0.8895318382037137,exact,Zotiraciclib,Zotiraciclib,1.0,28,28,exact,exact,Zotiraciclib,False,False,False,False,1.0,True,True,0,1,,,,CN1C/C=C/CCOc2cccc(c2)-c2ccnc(n2)Nc2cccc(c2)C1
