group,figure,segment,file_name,tier,tier_by_threshold,confidence,verdict,matched_name,closest_name,closest_tanimoto,pred_heavy,closest_heavy,grade,grade_largest,graded_match,decoded,dephantom,dedup,largest,best_tanimoto,skeleton_match,formula_match,elem_delta,n_fragments,phantom_frags,duplicate_frags,dropped_by_largest,smiles
1_2_2_difluoro_1_3_benzodioxol_5_yl_n_1_2r_2_3_dihydroxyprop_cid46199646,,,1_2_2_difluoro_1_3_benzodioxol_5_yl_n_1_2r_2_3_dihydroxyprop_cid46199646.png,low,low,4.003504845205954e-05,invalid,,,,,,invalid,invalid,,False,False,False,False,,False,,,,,,,CCCCCC1C2CC(C)C(C(C)C(C)C[CH]345CC6CC(C)(C)O[CH]7(CC(C)(C)OC7C63)C3C4C35)CC2CC1C(C)(C)CO
2_3_cyclic_guanosine_monophosphate_adenosine_monophosphate_cid135564529,,,2_3_cyclic_guanosine_monophosphate_adenosine_monophosphate_cid135564529.png,low,low,3.871478414962465e-08,invalid,,,,,,invalid,invalid,,False,False,False,False,,False,,,,,,,COC1C2(C)OC34567(C)C8C(N(C)C)C(O)C(O)C9[CH]83%10[CH]438O[CH]%1054[CH]5%10%11%12C[CH]5(C%10)(C%11(C)(CC[CH]5%10C%11CC[CH]C(C(C)C)C%11C%11C5C%11%10)OC(C)(OC)OCC15(C)C[CH]25346)[CH]98%127
2_deoxy_4_c_ethynyl_2_fluoroadenosine_cid6483431,,,2_deoxy_4_c_ethynyl_2_fluoroadenosine_cid6483431.png,low,low,0.006249136012656734,wrong,,2'-Deoxy-4'-C-ethynyl-2-fluoroadenosine,0.084,26,21,wrong,wrong,,False,False,False,False,0.084,False,False,45,1,,,,"CC[C@H](C[C@H](O)[C@@H]1C[SH][C@H]2[C@@H]1CC(C)O[C@@H]2N(C)C)[C@H](C[SH]C)C[SH]S |^1:8,21,24|"
2_naphthacenecarboxamide_4_dimethylamino_1_4_4a_5_5a_6_11_12_cid54704426,,,2_naphthacenecarboxamide_4_dimethylamino_1_4_4a_5_5a_6_11_12_cid54704426.png,low,low,0.001016218793219982,invalid,,,,,,invalid,invalid,,False,False,False,False,,False,,,,,,,CCC1(C)C2[CH]CCC(OC)C2C(OC)C2C(=O)C34(CC)C(C)(CC21C)C1(N(C)C)[CH]2(C)[CH]567[CH]8(N(C)C)C[CH](C)(N(C)C)[CH]82([CH]15O)([CH]36OC)[CH]47OC.O
3_4_diaminopyridine_cid5918,,,3_4_diaminopyridine_cid5918.png,low,low,0.0001979757022258025,invalid,,,,,,invalid,invalid,,False,False,False,False,,False,,,,,,,[H]C([CH])C1C23[CH]45[CH][CH]267[CH]12(C([CH2])[CH2])[CH]31(C([CH])[CH2])[CH]638[CH]([CH2])([CH2])[CH]716[CH]31C4[CH]1286O5
4_dimethylamino_phenol_cid22174,,,4_dimethylamino_phenol_cid22174.png,low,low,0.04751556896576858,wrong,,4-(Dimethylamino)phenol,0.114,11,10,wrong,wrong,,False,False,False,False,0.114,False,False,12,1,,,,CC[C@H]1C[CH]C(N(C)C)CC1 |^1:4|
4_methoxyphenol_cid9015,,,4_methoxyphenol_cid9015.png,low,low,0.002002303660670575,invalid,,,,,,invalid,invalid,,False,False,False,False,,False,,,,,,,C[CH]CCC123C[CH]4(C[CH]5(C1)C4CC52)C1CC3C1C
4_methylpyrazole_cid3406,,,4_methylpyrazole_cid3406.png,low,low,0.001255554665740282,invalid,,,,,,invalid,invalid,,False,False,False,False,,False,,,,,,,[H][N+]1C[CH]23(C)[CH][CH]14C2O[N+]4([H])[CH]3
5_aza_2_deoxycytidine_cid451668,,,5_aza_2_deoxycytidine_cid451668.png,low,low,0.05681869070515419,wrong,,5-Aza-2'-deoxycytidine,0.073,19,16,wrong,wrong,,False,False,False,False,0.073,False,False,14,1,,,,[1*]O[C@@H](C1[CH]O[C@H](N[SH2][1*])[C@H]1O[1*])[C@H](N[SH2][SH2][1*])O[CH]NC=O |$R1;;;;;;;;;R1;;;R1;;;;;R1;;;;;$|
6_2_5_dioxo_2_5_dihydro_1h_pyrrol_1_yl_n_s_1_s_1_4_s_7_metho_cid89396500,,,6_2_5_dioxo_2_5_dihydro_1h_pyrrol_1_yl_n_s_1_s_1_4_s_7_metho_cid89396500.png,low,low,5.566651668817741e-14,invalid,,,,,,invalid,invalid,,False,False,False,False,,False,,,,,,,[5*]C12=C3C45C6C(COCC=C7C=C8(=CC(C)(=C(CC)CC8=O)OCCCOC89%10%11=O=C1%12%13%14%15=C=81%16([5*])=C8=N(=C=1(=C89%12[5*])C%13=C1C=C89%12%13=O(=C(=C8)C=C%14)=C8%14(=O=C8(=C(C9=C%10)C1%12=C%11%15)=O=%14=%13)CN(C1=CC=C(OC)C=C1)C=CN=C%16)C189=O=C1(N8)N9=C2)N=CC128(C)CN9(C%10=CCC(C)C=N%10)CC1C2(C)(C=N7)C98)C4O365 |$R5;;;;;;;;;;;;;;;;;;;;;;;;;;;;;;;R5;;;;;R5;;;;;;;;;;;;;;;;;;;;;;;;;;;;;;;;;;;;;;;;;;;;;;;;;;;;;;;;;;;;$|
7_ethyl_10_hydroxycamptothecin_cid104842,,,7_ethyl_10_hydroxycamptothecin_cid104842.png,low,low,0.006983046571484603,wrong,,7-Ethyl-10-Hydroxycamptothecin,0.107,32,29,wrong,wrong,,False,False,False,False,0.107,False,False,36,1,,,,CC[C@H]1[C@H]2[CH][C@@H](OC)CC[C@H]2C[C@@H]2[C@H]1CC1C[C@H](O)[C@H]3CO[C@H](C)[C@@](CC)(OC)[C@H]3C[C@@H]12 |^1:4|
8_methoxypsoralen_cid4114,,,8_methoxypsoralen_cid4114.png,low,low,0.01641533302697061,invalid,,,,,,invalid,invalid,,False,False,False,False,,False,,,,,,,[10*]C1CC2CCC(C)NCC=C23[CH]C1O3.[CH2+]C |$R10;;;;;;;;;;;;;;;;$|
abacavir_sulfate_cid441384,,,abacavir_sulfate_cid441384.png,low,low,1.642135680323768e-09,invalid,,,,,,invalid,invalid,,False,False,False,False,,False,,,,,,,CC(O)CC1C[CH]C([CH]234[CH][CH]56C2N(C53)[CH]23C5N7=C8[CH]C=72[CH]56[CH]34N8)C1.CCC.[CH]C(C1CC1)C([CH])[CH]12C3[CH]4567C8[CH]19%10C41%11[CH]294[CH]1%105[CH]38%11461C2[CH]C(CC(C)O)C34C(C23)C4N71.[H]O[CH](=O)(O)OC
abarelix_cid16131215,,,abarelix_cid16131215.png,low,low,0.0001678851023450807,invalid,,,,,,invalid,invalid,,False,False,False,False,,False,,,,,,,[12*]N(C)CCCCC(NCC(O)C1C2C(=O)(N([H])[H])[CH]12NC[CH]CC(C)C)C(=O)N1CCCC1C(=O)O.[12*]NCCN[CH]C1C(C(=O)(=O)NCC(=O)N([H])[H])[CH]12(C)CC(NC(C)C(CC(C)=O)C(O)C(=O)C(CC1=CC=C(O)C=C1)NC(=O)C(CC1C=[CH]3CCCCC3CC1)C([12*])CO)C2=O |$R12;;;;;;;;;;;;;;;;;;;;;;;;;;;;;;;;;;;;;R12;;;;;;;;;;;;;;;;;;;;;;;;;;;;;;;;;;;;;;;;;;;;;;;;;;;;;;;;;;;R12;;;;$|
abiraterone_cid132971,,,abiraterone_cid132971.png,low,low,0.1129722218313579,invalid,,,,,,invalid,invalid,,False,False,False,False,,False,,,,,,,*CC1CCC2(C)C(CCC34(C)[CH]C3([H])CCC(C3CCCOC3)C(C)CC[CH]24O)C1 |$R;;;;;;;;;;;;;;;;;;;;;;;;;;;;;;$|
abt_263_cid24978538,,,abt_263_cid24978538.png,low,low,0.4373906185643063,invalid,,,,,,invalid,invalid,,False,False,False,False,,False,,,,,,,[11*]C1=CCC(C2=C(CN3CCN(C4C=CC(C(=O)N([H])S(O)(O)C5=CC(S(=O)C(C)(C)=O)=C(C(=O)C(CCC6=CC=CCC6)CCN6CCOCC6)C=C5)=OC4)CC3)CC(C)CC2)C=C1 |$R11;;;;;;;;;;;;;;;;;;;;;;;;;;;;;;;;;;;;;;;;;;;;;;;;;;;;;;;;;;;;;;;;$|
acamprosate_cid71158,,,acamprosate_cid71158.png,low,low,0.3513005997532039,wrong,,Acamprosate,0.178,12,11,wrong,wrong,,False,False,False,False,0.178,False,False,15,1,,,,*[C@](C)(CCCC(=O)C1C2CC21)N[1*] |$X;;;;;;;;;;;;;R1$|
acenocoumarol_cid54676537,,,acenocoumarol_cid54676537.png,low,low,0.0007824038951512944,invalid,,,,,,invalid,invalid,,False,False,False,False,,False,,,,,,,C[CH][CH]1(C2[CH]CCCCC2C)[CH]23C4[CH]15C21[CH]2(C)C6[CH]7(CC(N(C)C)CC(C)[CH]735)C2[CH]641C
acetohydroxamic_acid_cid1990,,,acetohydroxamic_acid_cid1990.png,low,low,0.05905168474687194,wrong,,Acetohydroxamic Acid,0.071,9,5,wrong,wrong,,False,False,False,False,0.071,False,False,16,1,,,,[CH2]C[C@@H](O)CC1C2CC21 |^1:0|
acetylcholine_cid187,,,acetylcholine_cid187.png,high,high,0.8594405916631119,wrong,,Acetylcholine,0.059,10,10,wrong,wrong,,False,False,False,False,0.059,False,False,9,1,,,,CC(C)NCC[Si](C)(C)C
afamelanotide_cid16197727,,,afamelanotide_cid16197727.png,low,low,2.409463208368342e-12,invalid,,,,,,invalid,invalid,,False,False,False,False,,False,,,,,,,CC(O)C(O)C(C)CNCC(=O)N1C2C13C14=C(=C231)C=CC=C4.CC12=CC1=CN2.CCCC[CH]1(C(=O)O)NC12(=O)[CH]1(CCCC)C(=O=C1(N)=O)N[CH]13C(NC(CC4=CC=C(NO)C=C4)CC4(=O)C5C(CN)N(C(=O)C(N)=O)C54)=O4=C56N[CH]52(C61)C312N[CH]1356N1[10*]N23[CH]15C=46(N)=O.[10*]NC(=O)CNC(=O)[CH]123NC1[CH]1(CCC)(NC)C24NC413 |$;;;;;;;;;;;;;;;;;;;;;;;;;;;;;;;;;;;;;;;;;;;;;;;;;;;;;;;;;;;;;;;;;;;;;;;;;;;;;;;;;;;;;;R10;;;;;;R10;;;;;;;;;;;;;;;;;;;$|
afatinib_cid10184653,,,afatinib_cid10184653.png,low,low,0.005400883803547526,invalid,,,,,,invalid,invalid,,False,False,False,False,,False,,,,,,,[H]C(CC(C)C)C(O)C(C)C(O)C1CC2C(C(O)C3[CH]CC(O)C(O)C3)CC[CH]34C5CC53[CH]24CC1CC1CCOC1
aficamten_cid139331495,,,aficamten_cid139331495.png,low,low,0.1927943154016141,wrong,,Aficamten,0.083,25,25,wrong,wrong,,False,False,False,False,0.083,False,False,32,1,,,,[1*]C([C@H]1C[CH]C[C@@H](C2NCC(CC)N2)CCCC1)[C@@H](O)[C@@H](C)CC(C)C |$R1;;;;;;;;;;;;;;;;;;;;;;;;;$|
agomelatine_cid82148,,,agomelatine_cid82148.png,low,low,0.003654237917127883,invalid,,,,,,invalid,invalid,,False,False,False,False,,False,,,,,,,*C(CCC1CCC2C3[CH]45C[CH](OC)([CH][CH]13C24)C5)C(C)O |$Y;;;;;;;;;;;;;;;;;;;;$|
albendazole_cid2082,,,albendazole_cid2082.png,low,low,0.03868000776724972,invalid,,,,,,invalid,invalid,,False,False,False,False,,False,,,,,,,[H]C(C(O)OC)C1OC2C3C[CH](CCCC)(C3)CC2N1C
alflutinib_cid118861389,,,alflutinib_cid118861389.png,low,low,0.03429746738435829,wrong,,Alflutinib,0.174,41,41,wrong,wrong,,False,False,False,False,0.174,False,False,25,1,,,,*[C@H]([C@@H](C)CC)[C@H]1C[C@H](N(*)C2=N[CH]C[C@H]([C@@H]3CN(C)[C@@H]4CCCC[C@H]34)O2)C(OCC(F)(F)F)=NC1N(C)CCN(C)C |$R;;;;;;;;;;R;;;;;;;;;;;;;;;;;;;;;;;;;;;;;;;;$|
almitrine_cid33887,,,almitrine_cid33887.png,low,low,0.2465563368108278,wrong,,Almitrine,0.165,36,35,wrong,wrong,,False,False,False,False,0.165,False,False,32,1,,,,[H]C(CC=C)[C@@H](C)N[C@@H](NC[C@@H](O)CC=O)N1CCN(C(C2CCC(=O)CC2)[C@@H]2CCC(O)CC2)CC1
alpelisib_cid56649450,,,alpelisib_cid56649450.png,low,low,0.4098330186673835,wrong,,Alpelisib,0.12,28,30,wrong,wrong,,False,False,False,False,0.12,False,False,30,1,,,,C[C@H]([C@@H]1CCCN1[C@H](C)N(C)[C@H]1C[C@H](CC[C@H](C)C(C)(F)F)[C@@H](C)N1)N(C)C
alpha_amanitin_cid9543442,,,alpha_amanitin_cid9543442.png,low,low,1.221025481230609e-08,invalid,,,,,,invalid,invalid,,False,False,False,False,,False,,,,,,,*C[CH]1(CC)C2C3=C14C215=C267=C489=C4%10%11C[CH]%12%13(C4)C4C[CH]%12(C*)(C%12C(=O)N(C)C%14([H])(C(C)CC)CC(=O)NCC(O)N(*)C(C)(CO)CC(O)C%15[CH]%102%16%17C(N1*)[CH]%15%116%161C([CH]C[CH]35C)C([H])[CH](O)(C(O)C([H])C(C)C(CO*)O*)C([H])(C(O)N%12(C)CC(=O)N%14C)C%171)C48[CH]%13(O*)(CC7)C9 |$Y;;;;;;;;;;;;;;;;;;;Y;;;;;;;;;;;;;;;;;;;;Y;;;;;;;;;;;;Y;;;;;;;;;;;;;;;;;;;;Y;;Y;;;;;;;;;;;;;;;;Y;;;$|
alprostadil_cid5280723,,,alprostadil_cid5280723.png,low,low,0.4422919438836715,wrong,,Alprostadil,0.27,28,25,wrong,wrong,,False,False,False,False,0.27,False,False,19,1,,,,*O[C@H]1C[C@H](O)[C@H](CCCCCC[C@H](C)OC)[C@H]1[C@H](C)[C@@H](O)[C@@H](C)CCCCC |$R;;;;;;;;;;;;;;;;;;;;;;;;;;;;$|
alvimopan_cid5488548,,,alvimopan_cid5488548.png,low,low,0.2197458463072861,invalid,,,,,,invalid,invalid,,False,False,False,False,,False,,,,,,,CC(C)[CH]C1(C)CCNC[CH]1(C)CNCC(CC1[CH]CCCC1)C(=O)C(C)CC(C)CO.[CH]CC(C)C
ambrisentan_cid6918493,,,ambrisentan_cid6918493.png,low,low,0.0212926146762789,invalid,,,,,,invalid,invalid,,False,False,False,False,,False,,,,,,,*C1(C(OC2CC[CH]C(C)O2)C(C)C)C234=CC5CCC6CCCC[CH]612C3CCC=C=45 |$R;;;;;;;;;;;;;;;;;;;;;;;;;;;;;$|
amisulpride_cid2159,,,amisulpride_cid2159.png,low,low,0.0369502644876759,wrong,,Amisulpride,0.289,35,25,wrong,wrong,,False,False,False,False,0.289,False,False,47,3,,,,*C(NCC1CCCN1CC)C1CCC(C(O)O)C[C@H]1OC.CCC.CO[C@H]1CCC[C@@H](C(C)C)C1 |$R;;;;;;;;;;;;;;;;;;;;;;;;;;;;;;;;;;;$|
anacetrapib_cid11556427,,,anacetrapib_cid11556427.png,low,low,0.003587397292402435,wrong,,Anacetrapib,0.093,44,44,wrong,wrong,,False,False,False,False,0.093,False,False,72,1,,,,CC(C)[C@@H]1C[C@H]2[C@@H]3C=CC(C(C)(C)C)[CH][C@H]3C(N3[C@H](C)O[C@H](N4C[C@H](C(C)(C)C)C[C@H](C(C)(C)C)C4)[C@@H]3C)[C@H](C)[C@H]2C[C@@H]1C |^1:14|
anagliptin_cid44513473,,,anagliptin_cid44513473.png,low,low,0.03625591338664043,wrong,,Anagliptin,0.131,30,28,wrong,wrong,,False,False,False,False,0.131,False,False,27,1,,,,"CC(C[C@H](C)N1CC[CH][C@H]1CO)C(C)(C)CN(C)C(=O)C1[CH]NC2C[C@H](C)N[C@H]2C1 |^1:8,21|"
apalutamide_cid24872560,,,apalutamide_cid24872560.png,low,low,0.0001017624235479521,invalid,,,,,,invalid,invalid,,False,False,False,False,,False,,,,,,,CNC(C)[CH]12CC3C1C[CH]3(N(C(C)C)C13CCC1C[CH]3(C)(C)[CH][CH]13=CC(C(C)(C)C)[CH]4(NC)NC1C4C3)CN2C
aprepitant_cid135413536,,,aprepitant_cid135413536.png,low,low,0.1596586661926635,wrong,,Aprepitant,0.092,37,37,wrong,wrong,,False,False,False,False,0.092,False,False,73,4,,C,,C.C.CCCC.CCC[C@@H]([C@@H](C[C@H](C)[C@H]1CCC[C@@H](C(C)(C)C)C1)NC)N(C)C[C@@H]1CC(C)C(=O)[C@H]1C
artemisone_cid11531457,,,artemisone_cid11531457.png,low,low,0.0005709008429590787,invalid,,,,,,invalid,invalid,,False,False,False,False,,False,,,,,,,CC1CCC234567CCC(C)CC2(C)O[CH]2(N8CCC(C)(C)CC8)[CH]8(C)[CH](N9CCC(C)(C)CC9)(OC3(C)C1)[CH]21(C)C42(C)CC[CH]34(C)C[CH]9(CCC815C2)C3612CC9417(C)C2C
asciminib_cid72165228,,,asciminib_cid72165228.png,low,low,0.008661953086858626,invalid,,,,,,invalid,invalid,,False,False,False,False,,False,,,,,,,[Cl-].[Cl-].[H]C1CCCC1C(CC(C([CH])O)C(O)C(O)C1CC[CH]2(O)C3C1C32)CN1CCC([Si](O)=[Si]=[Si]=[Si]=[Si]=[Si]=[Si]=[Si]=[Si]=[Si]=[Si]=[Si]=[Si]=[Si]=[Si]=[Si])C1
atomoxetine_hydrochloride_cid54840,,,atomoxetine_hydrochloride_cid54840.png,low,low,0.1409968706695712,wrong,,Atomoxetine Hydrochloride,0.081,21,20,wrong,wrong,,False,False,False,False,0.081,False,False,17,3,,,,"C[SH2+]CC[C@@H](O[C@@H]1CCCC[C@H]1C)C1CCCCC1.[I-].[NH2+] |^1:1,^2:20|"
atracurium_besylate_cid47320,,,atracurium_besylate_cid47320.png,low,low,3.358737324745732e-06,invalid,,,,,,invalid,invalid,,False,False,False,False,,False,,,,,,,*CC(OC)C(O)CCCC1C(O)C2[CH]3(CC)C(C)[CH]2(COC)(CCCC1(C)CC(=O)O)C3C.*CCCCCC123CC(C1C1CC1*)C214567CC3(C)(CCCCCOC)C1C1(CCCCCOC)(CC2C4C(C(=O)OCCCCCO)C25)C6CCC(C)(CCC(=O)OCCCCCO)C17CCCN(CCOC)C(C)C.C1=CCC=CC1.O=S(=O)(=O)C1CCCCC1 |$Me;;;;;;;;;;;;;;;;;;;;;;;;;;;;;;;;;;Me;;;;;;;;;;;;;Me;;;;;;;;;;;;;;;;;;;;;;;;;;;;;;;;;;;;;;;;;;;;;;;;;;;;;;;;;;;;;;;;;;;;;;;;;;;;;;$|
aurothioglucose_cid6104,,,aurothioglucose_cid6104.png,low,low,0.3188691368432163,wrong,,Aurothioglucose,0.047,17,13,wrong,wrong,,False,False,False,False,0.047,False,False,26,2,,,,COC[C@H]1C[C@H](C)[C@@H](OC)[C@@H](OC)[C@@H]1OC.N
avacopan_cid49841217,,,avacopan_cid49841217.png,low,low,0.002043239382337165,invalid,,,,,,invalid,invalid,,False,False,False,False,,False,,,,,,,CC(C)C(C(C)O)N(C)C(C)C.[10*]C(C([CH])C1[CH]CC(C)C(C(C)(C)C)O1)[CH]123C4C5C1C41CO4C51C[CH]21C2[CH]56C[CH](C(C)C)(C(C)C7CCCC7)C5CC61[CH]243 |$;;;;;;;;;;;;R10;;;;;;;;;;;;;;;;;;;;;;;;;;;;;;;;;;;;;;;;;;$|
avanafil_cid9869929,,,avanafil_cid9869929.png,low,low,0.07338234456436932,invalid,,,,,,invalid,invalid,,False,False,False,False,,False,,,,,,,[1*]C1CC(CC(O)C2NC(N3CCCC3CO)CCC2C(C)N([H])C[CH]23CC4C5C(O2)C4C5O3)CCC1OC |$R1;;;;;;;;;;;;;;;;;;;;;;;;;;;;;;;;;;;;;;$|
avapritinib_cid118023034,,,avapritinib_cid118023034.png,low,low,0.00129484412179413,invalid,,,,,,invalid,invalid,,False,False,False,False,,False,,,,,,,[H]N1CCC(C2CC3CCOC(C4CCN(C5CCC(C(C)(C6CCC(C)CC6)[NH2+]([H])[H])CC5)CC4)C3O2)C1
avutometinib_cid16719221,,,avutometinib_cid16719221.png,low,low,3.157743113190545e-06,invalid,,,,,,invalid,invalid,,False,False,False,False,,False,,,,,,,CCC1CC234C5C[CH]67CC8C9[CH][CH]6%10%11%12CC[CH]96(OC9%13(=NCCCC9)=C9=C%14(=N=%13%15C%13CC(C%14)C%13C9%15)C86)C7C%10C[CH](O)(O5)[CH]5(C12)[CH]3%11C[CH]54%12C
azacytidine_cid9444,,,azacytidine_cid9444.png,low,low,0.05262200467670693,wrong,,Azacytidine,0.081,24,17,wrong,wrong,,False,False,False,False,0.081,False,False,50,2,,,,*C[C@@H]1[C@H](C(C)O)C([CH]C[SH]C)O[C@H]1N(C)C(C)C.CC(C)[SH](C)C |$R;;;;;;;;;;;;;;;;;;;;;;;;$|
azelaic_acid_cid2266,,,azelaic_acid_cid2266.png,low,low,0.7454317094269036,wrong,,Azelaic Acid,0.1,12,13,wrong,wrong,,False,False,False,False,0.1,False,False,13,1,,,,*CCCCCCCC[C@H](C)[NH][Am] |$E;;;;;;;;;;;;$|
azelnidipine_cid65948,,,azelnidipine_cid65948.png,low,low,3.354245274238249e-05,invalid,,,,,,invalid,invalid,,False,False,False,False,,False,,,,,,,CCCC(=O)C1=C(C)NC(C(C)C)C(C(C)OC2CN(C(C3CCCCC3)C3CCCCC3)C2)[CH]12[CH]1345C6C7C89C%10%11C1%12C81%13C3[CH]6%1223C4[CH]9246(C(C)O)C%1018C19C532C8([CH]14(C)O)C7%119%136
bambuterol_cid54766,,,bambuterol_cid54766.png,low,low,0.001169920507507065,invalid,,,,,,invalid,invalid,,False,False,False,False,,False,,,,,,,CCC(N)C[CH]12C[CH]3(C(CC)CC(C)C[Si](C)(C)C)CC45(C1)C2C4(C)(CC(C)NC)C35
batefenterol_cid10372836,,,batefenterol_cid10372836.png,low,low,0.005102234858530227,invalid,,,,,,invalid,invalid,,False,False,False,False,,False,,,,,,,[1*]N1C(=O)C[CH]23CCC(CCC(=O)(NC4=C([H])C=CC(OC)C4)=O=C(NC4=C([H])C=CC(OC)C4)CCC4CCC(CC(=O)N([10*])C5C6CCCC5[CH]15CCCCC5C1(=CC=CC=C1)=C1=C6C=CC=C1)C2C4)CC3 |$R1;;;;;;;;;;;;;;;;;;;;;;;;;;;;;;;;;;;;;;;;;;;;;R10;;;;;;;;;;;;;;;;;;;;;;;;;;;;$|
belotecan_cid6456014,,,belotecan_cid6456014.png,low,low,0.001011069786215597,invalid,,,,,,invalid,invalid,,False,False,False,False,,False,,,,,,,*CC12CCC3[CH]14C[CH]3([CH]13CC5CC=CC[CH]56C5(CCC(C)C(C)C)[CH]178C[CH]537N68CCC(C)C(C)C)NC(C)C4CNC2O |$R;;;;;;;;;;;;;;;;;;;;;;;;;;;;;;;;;;;;;;;;;;;$|
belzutifan_cid117947097,,,belzutifan_cid117947097.png,low,low,0.003556893327096835,invalid,,,,,,invalid,invalid,,False,False,False,False,,False,,,,,,,*O[CH]12C(O)[CH]3(CC3)C3C(C[CH]45CC(C)CC6C(C)C(C4)C65)CC[CH]1([CH]C)C32 |$Y;;;;;;;;;;;;;;;;;;;;;;;;;;;$|
benazepril_cid5362124,,,benazepril_cid5362124.png,low,low,0.03546937285321661,invalid,,,,,,invalid,invalid,,False,False,False,False,,False,,,,,,,[1*]OC(C)CN1C([1*])C(C([1*])C(CCC2C(C)C3C[CH]4(C)CC234)C(C)OCC)CCC2CCCCC21 |$R1;;;;;;;R1;;;R1;;;;;;;;;;;;;;;;;;;;;;;;;$|
benserazide_cid2327,,,benserazide_cid2327.png,low,low,0.0444543059298076,wrong,,Benserazide,0.068,21,18,wrong,wrong,,False,False,False,False,0.068,False,False,29,1,,,,[10*]OC1CC[C@@H](CN(C)CC(=O)C(CC)C(C)C)[C@H](O[10*])C1C([10*])[10*] |$R10;;;;;;;;;;;;;;;;;;;;R10;;;R10;R10$|
benzoyl_peroxide_cid7187,,,benzoyl_peroxide_cid7187.png,low,low,0.001259859436465948,invalid,,,,,,invalid,invalid,,False,False,False,False,,False,,,,,,,C1=CCC=CC1.CC(C=O)C=C1=C(CC23C=C24C2=C4=C23)=C1.CC1=CC=1=CC(C)C=O.O=CC=O
benztropine_mesylate_cid238053,,,benztropine_mesylate_cid238053.png,low,low,0.000311499742832999,invalid,,,,,,invalid,invalid,,False,False,False,False,,False,,,,,,,C[N+]1C2CCC1CC(CC(C1[CH]CC[CH]C1)[CH]13CC4C5C6C1C51C3C[CH]461)C2.[H][B-](C)(C)O
bepotastine_cid164522,,,bepotastine_cid164522.png,low,low,0.2131311123545467,wrong,,Bepotastine,0.253,27,27,wrong,wrong,,False,False,False,False,0.253,False,False,14,1,,,,[1*]C[C@@H](N)CCCN1CCC(O[C@H]([C@@H]2C=CC(O)=CC2)[C@H]2CC=CC=N2)CC1 |$R1;;;;;;;;;;;;;;;;;;;;;;;;;;;$|
berenil_cid65060,,,berenil_cid65060.png,low,low,0.1133037996344984,wrong,,Berenil,0.143,30,29,wrong,wrong,,False,False,False,False,0.143,False,False,35,2,,,,[1*]C(C)C(C)CC(=O)N[H].[H]/N=C(/[C@H]1CC[C@@H](C([H])CCc2ccc([C@H](N[H])C([H])C)cc2)CC1)N([H])[H] |$R1;;;;;;;;;;;;;;;;;;;;;;;;;;;;;;;;;;;;;$|
besifloxacin_cid10178705,,,besifloxacin_cid10178705.png,low,low,0.3702175868275149,wrong,,Besifloxacin,0.105,29,27,wrong,wrong,,False,False,False,False,0.105,False,False,34,1,,,,*O[C@H](C)C1C[C@@H](C2CC2)[C@H]2[C@H](CC(C)C(N3CCCC[C@@H](C(C)C)C3)[C@@H]2O)C1O |$R;;;;;;;;;;;;;;;;;;;;;;;;;;;;;$|
beta_propiolactone_cid2365,,,beta_propiolactone_cid2365.png,low,low,0.7103862434581164,wrong,,Beta-Propiolactone,0.0,5,5,wrong,wrong,,False,False,False,False,0.0,False,False,12,1,,,,CCCCC
bictegravir_cid90311989,,,bictegravir_cid90311989.png,low,low,0.02346956249868126,wrong,,Bictegravir,0.113,34,32,wrong,wrong,,False,False,False,False,0.113,False,False,35,1,,,,*C1[CH][C@@H](*)[C@H](CN(C)C(=O)[C@@H]2CN3C[C@@]4([H])C[C@@]5(C)CC[C@@](C)(O5)C4[C@H](O)[C@H]3[C@H](OC)[C@@H]2O)[C@H](O)C1 |$Y;;;;Y;;;;;;;;;;;;;;;;;;;;;;;;;;;;;;;;$|
boldenone_cid13308,,,boldenone_cid13308.png,low,low,0.00316366406357356,invalid,,,,,,invalid,invalid,,False,False,False,False,,False,,,,,,,CC12C[CH]C3(C)[CH]4(CO)C56C47[CH]54[CH]67C34(C)C1(C)CCC1CC(O)C3[CH]C12(C)C3
bosutinib_cid5328940,,,bosutinib_cid5328940.png,low,low,0.03380658467978608,wrong,,Bosutinib,0.056,35,36,wrong,wrong,,False,False,False,False,0.056,False,False,33,1,,,,*N(C1CC(O)C(O)CC1O)[C@@H]1[C@H]2CC(OC)[C@@H](CCCC[NH+]3CCC(C)CC3)C[C@H]2CC[C@H]1OC |$R;;;;;;;;;;;;;;;;;;;;;;;;;;;;;;;;;;;$|
bremelanotide_cid9941379,,,bremelanotide_cid9941379.png,low,low,0.02830236027366265,invalid,,,,,,invalid,invalid,,False,False,False,False,,False,,,,,,,*C1NCCCCN([1*])C(O)CC(N([1*])C(=O)C(CCCC)NC(C)=O)C(=O)O[CH]2(CC3=CO[CH]C3C)[CH]34O[CH]25(O3)C2CC=CCC2CC(C(=O)N(*)C(CCCN=[CH](N([1*])[1*])N([1*])C)C(=O)N(*)C(CC2CC(O)C3CC=CC=C23)C1=O)N45[1*] |$R;;;;;;;;R1;;;;;;R1;;;;;;;;;;;;;;;;;;;;;;;;;;;;;;;;;;;;;;R;;;;;;;;R1;R1;;R1;;;;;R;;;;;;;;;;;;;;;;R1$|
brincidofovir_cid483477,,,brincidofovir_cid483477.png,low,low,0.2079245472552335,invalid,,,,,,invalid,invalid,,False,False,False,False,,False,,,,,,,[1*]OC([H])(CCCCCCCCCCCCCCCCCCCCC)COCCC(CCC1C(O)=O=C1(=O)O)C(=O)O |$R1;;;;;;;;;;;;;;;;;;;;;;;;;;;;;;;;;;;;;;;;;$|
brinzolamide_cid68844,,,brinzolamide_cid68844.png,low,low,0.000480605918494914,invalid,,,,,,invalid,invalid,,False,False,False,False,,False,,,,,,,*C(CC)[CH]12[CH][CH]34(CCCNC)C1[CH]1(CCCNC)C3(C)(C)[CH]35C6C([CH]23C2[CH][CH]26C(C)(C)C(C)C)C154(C)C |$R;;;;;;;;;;;;;;;;;;;;;;;;;;;;;;;;;;;;;$|
brivaracetam_cid9837243,,,brivaracetam_cid9837243.png,low,low,0.0006872863324812759,wrong,,Brivaracetam,0.13,52,15,wrong,wrong,,False,False,False,False,0.13,False,False,131,3,,,,*C(C(C)C)[C@H](C)C(CCCCCCCCCCC)CC(C)C.*C[C@H](C)C(C)CC1CC1CCCC.CCCCCCCCCCC1CC1CCCC |$(Am)17(Ar17);;;;;;;;;;;;;;;;;;;;;;;(Ar)17(Ar17);;;;;;;;;;;;;;;;;;;;;;;;;;;;;;$|
bucillamine_cid656604,,,bucillamine_cid656604.png,low,low,0.5570967009632998,wrong,,Bucillamine,0.174,15,13,wrong,wrong,,False,False,False,False,0.174,False,False,19,1,,,,*O[C@@H](C)[C@@H](C(=O)CC(C)(C)OC)C(C)C |$R;;;;;;;;;;;;;;;$|
c_i_acid_blue_90_cid61363,,,c_i_acid_blue_90_cid61363.png,low,low,1.173496654873672e-06,invalid,,,,,,invalid,invalid,,False,False,False,False,,False,,,,,,,[10*]N([CH]C[CH]1(C)[CH]N2(C3CCC(N(CC)CC4CCC=[CH]([SiH2]([H])(O)O)C4)CC3C1)C13CC[CH]45C6C17C41C3[CH]72CC[CH]612N51C(C)N23(CC)C[CH]24CCCC(C([H])([H])[H])(=C25C(CCCC5C([H])([H])[H])C13)C4)C1CCC(OCC)CC1.[Br-] |$R10;;;;;;;;;;;;;;;;;;;;;;;;;;;;;;;;;;;;;;;;;;;;;;;;;;;;;;;;;;;;;;;;;;;;;;;;;;;;;;$|
cabotegravir_cid54713659,,,cabotegravir_cid54713659.png,low,low,0.0002397324771833375,invalid,,,,,,invalid,invalid,,False,False,False,False,,False,,,,,,,[7*]C1[CH]23(CC(O)C(C)C4CC5CC6(C)OCC(C)C6C(C)C5C([CH]5(O)CO5)C4O)C4CC5C67C(O)(C4)[CH]514C621[7*]C734[7*]1 |$R7;;;;;;;;;;;;;;;;;;;;;;;;;;;;;;;;;;;;;;R7;;R7$|
calicheamicin_cid11840932,,,calicheamicin_cid11840932.png,low,low,6.808731010329508e-11,invalid,,,,,,invalid,invalid,,False,False,False,False,,False,,,,,,,[10*]OC1C(O[CH]23CC(C)(O2)C(C(=O)NC([CH])C(O)O[CH]CO2[CH]4(OC)C5(=O)O[CH]46[CH]25[CH]2(C)O[CH]45O[CH]789%10[CH]%11(OC(C)C(C)O)C%12C(O)CC(O)(O)[CH]%11%13[CH]%127O[CH]87(OCOC)[CH]8(O)C(OC)[CH]87%11(O)O[CH]%13%1197C(OCOC)[CH]4%107O265)C(OC)C3O)CC(O)C(CO)C1OC |$R10;;;;;;;;;;;;;;;;;;;;;;;;;;;;;;;;;;;;;;;;;;;;;;;;;;;;;;;;;;;;;;;;;;;;;;;;;;;;;;;;;;;;;;;$|
camostat_cid2536,,,camostat_cid2536.png,low,low,0.1652823964906163,invalid,,,,,,invalid,invalid,,False,False,False,False,,False,,,,,,,[1*]C(NC1C=CC(CC(C)NCC(C)C(C)C)CC1)C1C=C[CH](OC(C(C)C)C(C)C)=CC1 |$R1;;;;;;;;;;;;;;;;;;;;;;;;;;;;;;;;$|
cangrelor_tetrasodium_cid10260031,,,cangrelor_tetrasodium_cid10260031.png,low,low,2.264078226178182e-06,invalid,,,,,,invalid,invalid,,False,False,False,False,,False,,,,,,,[1*]OC1C(C[H])[CH]23COP(=O)(O)(OP([H])([H])C([H])([H])[Si]([H])([H])[H])=O=P(O)(OP([H])([H])C([H])([H])[Si]([H])([H])[H])OCC4O[CH]5([CH])[CH]CNC6[CH]78NC9=O=C6%10(C([1*])CCCC)(O9)[CH]([1*])(CCCC)C(O)[CH]7%10N[CH]N8[CH]1(O2)[CH]5(O[1*])[CH]43O[H] |$R1;;;;;;;;;;;;;;;;;;;;;;;;;;;;;;;;;;;;;;;;;;;;;;;;;;;;;R1;;;;;;;R1;;;;;;;;;;;;;;;R1;;;$|
capivasertib_cid25227436,,,capivasertib_cid25227436.png,low,low,0.01024048042558623,invalid,,,,,,invalid,invalid,,False,False,False,False,,False,,,,,,,*CCCC(C1CCC(O)CC1)N([1*])C(=O)C1(N([H])[H])CCN2(CC1)[CH]13N[CH]24(N)C12C1CC(O)[CH]2(NC)C134 |$Me;;;;;;;;;;;;;R1;;;;;;;;;;;;;;;;;;;;;;;;$|
carbetocin_cid16681432,,,carbetocin_cid16681432.png,low,low,6.66579412510993e-05,invalid,,,,,,invalid,invalid,,False,False,False,False,,False,,,,,,,*N([H])C(=O)CNC(=O)C(CC(C)C)NC(=O)(=O)C1CCCN1[CH]C1CCCCCN2C34C5C6(=CC=C(OC)C=C6)C3[CH]52N4CCCCCC[CH]12(C(=O)O)NC1(=O)(=O)([CH]345C(C(C)N[10*])[CH]6(C3(*)C64[10*])N5([10*])C(=O)(=O)C(CC[CH](=O)N(*)C)NC(=O)C(C)([H]C(N)=O)C(C)CC)=O=C=12O.C.C |$Me;;;;;;;;;;;;;;;;;;;;;;;;;;;;;;;;;;;;;;;;;;;;;;;;;;;;;;;;;;;;;;;R10;;;R111;;R10;;R10;;;;;;;;;;R111;;;;;;;;;;;;;;;;;;;$|
carbidopa_cid34359,,,carbidopa_cid34359.png,low,low,0.01084480298481058,invalid,,,,,,invalid,invalid,,False,False,False,False,,False,,,,,,,*C(C(N)O)C1(C)(C)(C(C)O)CC(C(O)C(O)O)[CH]1(O)CC1CCC(O[10*])C(O[10*])C1 |$R;;;;;;;;;;;;;;;;;;;;;;;;;;R10;;;R10;$|
carboprost_cid5281075,,,carboprost_cid5281075.png,low,low,0.0004443301001981238,invalid,,,,,,invalid,invalid,,False,False,False,False,,False,,,,,,,[1*]OC1C[CH]2(O[H])C(C(O)C(O)C3CC(C)(O[H])(C(O)C(O)[CH]24C(O[H])CC(O[1*])C4OC([1*])C([H])CCCC(O)CO)C3CCC)C1OC([1*])C([H])CCCC(O)CO |$R1;;;;;;;;;;;;;;;;;;;;;;;;;;;;;R1;;;;R1;;;;;;;;;;;;;;;;;R1;;;;;;;;;$|
carglumic_acid_cid121396,,,carglumic_acid_cid121396.png,low,low,0.4211530537438947,wrong,,Carglumic Acid,0.089,14,13,wrong,wrong,,False,False,False,False,0.089,False,False,23,1,,,,*OC[C@@H](CC[C@@H](C)O)CC(O)C(C)C |$R;;;;;;;;;;;;;;$|
carnitine_cid10917,,,carnitine_cid10917.png,low,low,0.3474981535822603,wrong,,(-)-Carnitine,0.079,9,11,wrong,wrong,,False,False,False,False,0.079,False,False,7,1,,,,*O[C@H](CC[1*])C[Si](C)(C)C |$R;;;;;R1;;;;;$|
carteolol_cid2583,,,carteolol_cid2583.png,low,low,0.005428227817795093,invalid,,,,,,invalid,invalid,,False,False,False,False,,False,,,,,,,*CC(CC)(CC[CH]123C4CCC(O)N[CH]45C4[CH]678C5[CH]4(C16)(C27)C38)CC(*)C(C)(C)C |$Y;;;;;;;;;;;;;;;;;;;;;;;;R;;;;$|
cefadroxil_cid47965,,,cefadroxil_cid47965.png,low,low,0.04116103699670443,wrong,,Cefadroxil,0.042,30,25,wrong,wrong,,False,False,False,False,0.042,False,False,50,1,,,,*[C@H]1[C@H]([C@H](CC)[C@@H](C)O)[C@]([H])(CCCC)[C@@H]1[C@@H](C)[C@H](C)[C@H](O[1*])C(C[C@H]1C2[NH2+]C1[NH2+]2)C(C)C |$Y;;;;;;;;;;;;;;;;;;;;;;R1;;;;;;;;;;$|
cefpirome_cid5479539,,,cefpirome_cid5479539.png,low,low,0.04864259196922814,wrong,,Cefpirome,0.062,37,35,wrong,wrong,,False,False,False,False,0.062,False,False,34,2,,,,*[C@@H]([C@H](O)[C@@H](CSC)[C@H]1CSC(N(C)C)=N1)[C@H]1[C@H](C)[C@H]([C@H](C(O)O)N(C)C[10*])[C@@H]1O.[CH]1[CH][C@@H]2O[CH]CC[C@@H]2C1 |$R;;;;;;;;;;;;;;;;;;;;;;;;;;;R10;;;;;;;;;;;$|
ceritinib_cid57379345,,,ceritinib_cid57379345.png,low,low,0.1593681791525694,wrong,,Ceritinib,0.084,39,38,wrong,wrong,,False,False,False,False,0.084,False,False,38,1,,,,[1*]C(C1OC[C@H](O)[C@H](C(=O)[C@@H]2CCCC[C@@H]2[C@@]([H])(C)C(C)C)O1)C(C)C(C[C@H](C(C)C)C1CCN(C)CC1)OCC |$R1;;;;;;;;;;;;;;;;;;;;;;;;;;;;;;;;;;;;;;;;$|
cethromycin_cid156417,,,cethromycin_cid156417.png,low,low,1.535820128447851e-05,invalid,,,,,,invalid,invalid,,False,False,False,False,,False,,,,,,,*CC1C(CC2C(C)OCCO[CH]3([CH]CC4COCCC4C3)C3CC4COCCC4CC3OCCO[CH]23(CC(C)C(O)C(O)[CH]2(C)C4(*)CC(O)N2(C)C4C)CC3C(C)C(O)[CH]C)CC(C)CC1C(C)C |$Y;;;;;;;;;;;;;;;;;;;;;;;;;;;;;;;;;;;;;;;;;;;;;;;Y;;;;;;;;;;;;;;;;;;;;;;;$|
chlorhexidine_gluconate_cid9552081,,,chlorhexidine_gluconate_cid9552081.png,low,low,0.009550098383246709,invalid,,,,,,invalid,invalid,,False,False,False,False,,False,,,,,,,[1*]C(C1=CC=C(Cl)C=C1)C(NCC([H])C(=NCCCCCCC=C(NC(C([H])[H])C(O)C1=CC=C(O)CC1)C([H])=O)(NC(C(=O)O)C([1*])C1=CC=C(O)C=C1)C(=O)O)C([H])=O.[1*]CC(C(CC)C(=O)O[1*])C(CO)C(CO)CCO.[1*]CC(C[NH2+])C(CO)C(C[1*])C(CC)C(=O)O[1*] |$R1;;;;;;;;;;;;;;;;;;;;;;;;;;;;;;;;;;;;;;;;;;;;;;;R1;;;;;;;;;;;;;;R1;;;;;;;;;R1;;;;;;;;;;R1;;;;;;;;;;R1;;;;;;;R1$|
cholic_acid_cid221493,,,cholic_acid_cid221493.png,low,low,0.08155735058515909,wrong,,Cholic Acid,0.165,37,29,wrong,wrong,,False,False,False,False,0.165,False,False,34,1,,,,CC[C@H](C)CC[C@H](C)[C@@H]1CC[C@]2(C)[C@]3(C)[C@@H](OC)C[C@]4(C)C[C@@H](OC)CC[C@]4(C)[C@@]3(C)CC(OC)[C@]12C
ciclopirox_olamine_cid38911,,,ciclopirox_olamine_cid38911.png,low,low,0.1053986958439821,wrong,,Ciclopirox Olamine,0.156,23,19,wrong,wrong,,False,False,False,False,0.156,False,False,32,2,,,,CC1C[C@H](C2CCCCC2)[C@H](CO)[C@@H](C)C1.CCCCC(C)C
cilnidipine_cid5282138,,,cilnidipine_cid5282138.png,low,low,0.09431470880396314,wrong,,Cilnidipine,0.104,35,36,wrong,wrong,,False,False,False,False,0.104,False,False,27,1,,,,*C(COCC1C([C@@H]2CCC[C@@H](C(O)O)C2)[C@@H]([C@@H](C)NCCOC)[C@H](C)N([H])C1C)=C(*)[C@@H]1C=CC=CC1 |$X;;;;;;;;;;;;;;;;;;;;;;;;;;;;;;;X;;;;;;$|
cilofexor_cid71228883,,,cilofexor_cid71228883.png,low,low,0.000174147306319769,invalid,,,,,,invalid,invalid,,False,False,False,False,,False,,,,,,,COC(C)C1[CH]CC2[CH]34O[CH]2(O3)C14.[1*]C(C)C1CCC(CCC(C(O)C2CC2)C(O)[CH]23C(O)CC[CH]45C(C42O)N53O)CC1O |$;;;;;;;;;;;;;R1;;;;;;;;;;;;;;;;;;;;;;;;;;;;;;$|
cilostazol_cid2754,,,cilostazol_cid2754.png,low,low,0.03152738040270356,invalid,,,,,,invalid,invalid,,False,False,False,False,,False,,,,,,,NC1CCCC[CH]2(OCCCCC3NNCN3C3CCCCC3)C3C4C[CH]3(CC1)C42
cinacalcet_hydrochloride_cid156418,,,cinacalcet_hydrochloride_cid156418.png,low,low,0.01365915911998446,invalid,,,,,,invalid,invalid,,False,False,False,False,,False,,,,,,,*C(CCCC12CC3C[CH]45C3C(C14)C25)C(C)[CH]12C3CCCCC3C3C4C1C3C42.I.I.II |$R;;;;;;;;;;;;;;;;;;;;;;;;;;;;;;;$|
cipepofol_cid86301664,,,cipepofol_cid86301664.png,low,low,0.1465314576675624,wrong,,Cipepofol,0.244,16,15,wrong,wrong,,False,False,False,False,0.244,False,False,10,1,,,,[1*][C@@H](C)C1=C(C(C)C)[CH]CC[C@H]1[C@@H](C)C1CC1 |$R1;;;;;;;;;;;;;;;;$|
cladribine_cid20279,,,cladribine_cid20279.png,low,low,7.614314660468358e-08,invalid,,,,,,invalid,invalid,,False,False,False,False,,False,,,,,,,[H]OC1[CH]23C4(C(CC)CC)[CH]2(CCCC)[CH]142(CC(CC)CC)C[CH]1456(C)O[CH]78C9[NH2+]C%10C(C(C)C)CCC[CH]%107C981[CH]4(C5C)C326
clascoterone_cid11750009,,,clascoterone_cid11750009.png,low,low,0.01106381188318429,invalid,,,,,,invalid,invalid,,False,False,False,False,,False,,,,,,,CCC(C)O.C[SiH3]CC(C)C1(C)CCC(C)(C23(C)CC4C2C[CH]42CC(O)CC[CH]2(C)C3O)C1C
clemastine_cid26987,,,clemastine_cid26987.png,low,low,0.1322977244358003,wrong,,Clemastine,0.111,19,24,wrong,wrong,,False,False,False,False,0.111,False,False,9,2,,,,*C1CC[CH][C@@H]1CCOC[C@H]1CC2C3[CH]C1C[C@H]2C3.[I-] |$Y;;;;;;;;;;;;;;;;;;;$|
clidinium_bromide_cid19004,,,clidinium_bromide_cid19004.png,low,low,0.07559869307996345,wrong,,Clidinium Bromide,0.059,28,27,wrong,wrong,,False,False,False,False,0.059,False,False,29,2,,,,"C[CH]C[C@@H](C(C)C)[C@@](C)([C@@H](C)CC1CC2(C)CCN1CC2)N1[CH]CCCC1.[Cl-] |^1:1,22|"
clindamycin_cid446598,,,clindamycin_cid446598.png,low,low,7.389373935666814e-05,invalid,,,,,,invalid,invalid,,False,False,False,False,,False,,,,,,,[1*]C(C(=O)C1CC(CCC)CN1C)[CH]12(C(C)C)[CH]345C[CH]1678(O)[CH]31(C(C)C)[CH]4(C)[CH]521634OC(C)[CH]1(OC)[CH]25(CC)C(OC)[CH]1(CC)([CH]273CC)[CH]584CC |$R1;;;;;;;;;;;;;;;;;;;;;;;;;;;;;;;;;;;;;;;;;;;;;;;;$|
clindamycin_phosphate_cid443385,,,clindamycin_phosphate_cid443385.png,low,low,0.1086428703027826,wrong,,Clindamycin Phosphate,0.21,35,31,wrong,wrong,,False,False,False,False,0.21,False,False,33,1,,,,[1*][C@@H]([C@H](C)C1C[C@H](CC(C)C)CN1C)[C@H](CO)C1O[C@@H](CC)[C@H](OC(C)(CO)CO)[C@@H](OC)[C@H]1OC |$R1;;;;;;;;;;;;;;;;;;;;;;;;;;;;;;;;;;;$|
clioquinol_cid2788,,,clioquinol_cid2788.png,low,low,1.319540460394076e-05,invalid,,,,,,invalid,invalid,,False,False,False,False,,False,,,,,,,C[CH]12C3C4[CH]567C(O)C(O)C(O)[CH]418(C5O[CH]68C(O)C7O)[CH]32O
clomipramine_cid2801,,,clomipramine_cid2801.png,low,low,5.175371427442321e-06,invalid,,,,,,invalid,invalid,,False,False,False,False,,False,,,,,,,CC(C)C.OC1C[CH]23[CH]C[CH]24C2C5C[CH]23[CH]4(C1)N1[CH]23C4C6CC[CH]52[CH]413C6
cobicistat_cid25151504,,,cobicistat_cid25151504.png,low,low,0.3339629023743295,wrong,,Cobicistat,0.204,54,54,wrong,wrong,,False,False,False,False,0.204,False,False,16,1,,,,[10*][C@H](C(=O)[C@@H](CCC1CCOCC1)[C@@H]([10*])C(=O)N(C)C[C@H]1CSC(C(C)C)=N1)[C@@H](CC[C@H](Cc1ccccc1)N([10*])C(=O)NC[C@H]1CN=CS1)CC1=CC=CCC1 |$R10;;;;;;;;;;;;;;R10;;;;;;;;;;;;;;;;;;;;;;;;;;R10;;;;;;;;;;;;;;;;$|
cortisone_cid222786,,,cortisone_cid222786.png,low,low,0.05902605030460561,wrong,,Cortisone,0.128,30,26,wrong,wrong,,False,False,False,False,0.128,False,False,32,1,,,,CC[C@@]1([C@@H](C)COC)C[C@H](C)C2[C@]3(C)CC[C@H]4C[C@H](O)CC[C@]4(C)C3[C@H](C)C[C@@]21C
cositecan_cid148202,,,cositecan_cid148202.png,low,low,0.03128259326154224,wrong,,Cositecan,0.135,31,32,wrong,wrong,,False,False,False,False,0.135,False,False,24,1,,,,CC[C@H]1[C@@H](O)CCC2[C@@H](O)C3C[C@H]4[C@H](CC[Si](C)(C)C)[C@H]5CC=CC[C@H]5N[C@H]4[C@H]3C[C@@H]21
crizotinib_cid11626560,,,crizotinib_cid11626560.png,low,low,0.007046967403716074,wrong,,Crizotinib,0.11,31,30,wrong,wrong,,False,False,False,False,0.11,False,False,35,1,,,,*N1CCC(N2CC[C@@H]([C@@H]3[CH]C[C@@H](N([H])C)[C@@H](OC(C)[C@@H]4[C@@H](O)[C@@H](C)[C@@H]5CC4([1*])C5)C3)C2)CC1 |$Rb;;;;;;;;;;;;;;;;;;;;;;;;;;;;R1;;;;;$|
cryptophycin_52_cid9939639,,,cryptophycin_52_cid9939639.png,low,low,0.000359926944912531,invalid,,,,,,invalid,invalid,,False,False,False,False,,False,,,,,,,COC1CCC[CH]2(CCC(C(C)CC(C)OCC(C)(O)C(C)C3CC3C3C=CC=CC3)C(O)C2)C1.[1*]C1CC(C)(C)(COC2CCCCC2O)C1 |$;;;;;;;;;;;;;;;;;;;;;;;;;;;;;;;;;;;R1;;;;;;;;;;;;;;;$|
cyproheptadine_hydrochloride_cid13770,,,cyproheptadine_hydrochloride_cid13770.png,low,low,0.07187941529428168,invalid,,,,,,invalid,invalid,,False,False,False,False,,False,,,,,,,[CH]1CCC2CC3[CH]45C6C7[CH]CC(C(C8CCNCC8)C2C1)[CH]364C75.[O-][I-]
cytarabine_cid6253,,,cytarabine_cid6253.png,low,low,7.23215163980997e-07,invalid,,,,,,invalid,invalid,,False,False,False,False,,False,,,,,,,C[CH]C1[CH]C1OC(C)C1OC(OCC)C(OC)[CH]2(CC)[CH]3(OC)[CH]14OC(OCC)[CH]1(OC)[CH]5(OC)[CH]1(O4)[CH]235OC
d_phenylalanine_2s_n_2r_2_2_3_aminopropyl_phenoxy_propyl_2_c_cid11526696,,,d_phenylalanine_2s_n_2r_2_2_3_aminopropyl_phenoxy_propyl_2_c_cid11526696.png,low,low,0.01904225331187072,wrong,,"D-Phenylalanine, (2S)-N-((2R)-2-(2-(3-aminopropyl)phenoxy)propyl)-2-cyclopropylglycyl-N-methyl-D-alanyl-4-fluoro-, (3->1)-lactam",0.123,39,39,wrong,wrong,,False,False,False,False,0.123,False,False,36,1,,,,*[C@@H]1C[C@H](C)O[C@H]2CCCCC2CCC[C@H]([10*])[C@@H](C)[C@H](C[C@H]2C=CC(C)=CC2)[C@H](C)[C@@H](O)[C@H](C)N[C@H](C)[C@@]1([H])C1CC1 |$Y;;;;;;;;;;;;;;;;R10;;;;;;;;;;;;;;;;;;;;;;;;;$|
dabigatran_cid216210,,,dabigatran_cid216210.png,low,low,0.09117783901320345,invalid,,,,,,invalid,invalid,,False,False,False,False,,False,,,,,,,[1*]N(CC1NC2=C(C=CC(C(=O)NC3CCCC=N3)=C2)C1C)C1CCC([CH](=O)N([H])[H])CO1 |$R1;;;;;;;;;;;;;;;;;;;;;;;;;;;;;;;;$|
dapansutrile_cid12714644,,,dapansutrile_cid12714644.png,low,low,3.124488537891081e-06,wrong,,Dapansutrile,0.03,59,8,wrong,wrong,,False,False,False,False,0.03,False,False,151,4,,CCCC1CC1CC(O)(CC)CC,,CCCC1C2C13C14C(CCCCCCCCCCCCl)C1C234.CCCC1CC1CC(O)(CC)CC.CCCC1CC1CC(O)(CC)CC.CCCCCCC[C@H](O)CC
dapoxetine_cid71353,,,dapoxetine_cid71353.png,low,low,0.09919717499973402,invalid,,,,,,invalid,invalid,,False,False,False,False,,False,,,,,,,CC(C)C(CCO[CH]12C3CCCCC3C3C4C1C3C42)C1CCCCC1
darifenacin_hydrobromide_cid444030,,,darifenacin_hydrobromide_cid444030.png,low,low,0.2413727255939412,wrong,,Darifenacin Hydrobromide,0.124,33,33,wrong,wrong,,False,False,False,False,0.124,False,False,25,2,,,,**.[H]C([H])[C@@H](O)P(C1CCCCC1)([C@H]1C=CCCC1)[C@]1(C)CCN(CCC2CC[C@H]3OCCC3O2)C1 |$Y;Y;;;;;;;;;;;;;;;;;;;;;;;;;;;;;;;;;;;$|
darinaparsin_cid11683005,,,darinaparsin_cid11683005.png,low,low,0.7241762239922834,wrong,,Darinaparsin,0.179,25,23,wrong,wrong,,False,False,False,False,0.179,False,False,30,1,,,,[H]OC(C)[C@H](CC[C@H](C)N([H])[C@H](COC(C)C)C(=O)NC[C@H](C)O[H])C(C)C
decoquinate_cid29112,,,decoquinate_cid29112.png,low,low,0.07568277603446384,wrong,,Decoquinate,0.149,32,30,wrong,wrong,,False,False,False,False,0.149,False,False,29,1,,,,*C1C(=O)CC2(CCCCCCCCCCC)CC3[C@H](CC32OCC)C(C)CC1C([7*])CCC |$R;;;;;;;;;;;;;;;;;;;;;;;;;;;;;;R7;;;$|
deflazacort_cid189821,,,deflazacort_cid189821.png,low,low,0.002166822769008184,invalid,,,,,,invalid,invalid,,False,False,False,False,,False,,,,,,,*C(CCC(C)O)C12C3C(C)OC31(C)CC1(C)C2(C)CC2(CO)C345(C)C678CC39%10%11(C)C(CCC14(C)C2659(*)C)C[CH](C)(CC7%10)CC8%11 |$Y;;;;;;;;;;;;;;;;;;;;;;;;;;;;;;;;;;;Y;;;;;;;;$|
delanzomib_cid24800541,,,delanzomib_cid24800541.png,low,low,0.02998057392359504,invalid,,,,,,invalid,invalid,,False,False,False,False,,False,,,,,,,CCC(C)C(CC(C)C1CCCCC1OC)NC(=O)C1CCCC([CH]23CC4CC56C4C(C52)C63)C1
delgocitinib_cid50914062,,,delgocitinib_cid50914062.png,low,low,0.0002215027235637114,invalid,,,,,,invalid,invalid,,False,False,False,False,,False,,,,,,,CC(C)N1[CH]23[CH]4(C)C[CH]25[CH]C145267(CNC14=N[CH]58NN9%10(N(C)C)[CH]1(C)C(N9(C)C)N5%10C=N48)CCC2N6[CH]37C
dersimelagon_cid126736894,,,dersimelagon_cid126736894.png,low,low,0.001094772660021505,invalid,,,,,,invalid,invalid,,False,False,False,False,,False,,,,,,,[1*]C1(C(O)C2CCC(C)([CH]34[CH]C([CH]3)C(C(O)O)CC4C3CCC(C(O)CO)CC3)C2)CC(C2CCCC2)CC1C1C=CC(OC)CC1 |$R1;;;;;;;;;;;;;;;;;;;;;;;;;;;;;;;;;;;;;;;;;;;;;;$|
deruxtecan_pyrrole_2_5_dione_cid118305111,,,deruxtecan_pyrrole_2_5_dione_cid118305111.png,low,low,8.110599574063174e-06,invalid,,,,,,invalid,invalid,,False,False,False,False,,False,,,,,,,[5*]N(CC(=O)N(C)CCCC(=O)N([5*])C12(=C)C345C6(=O)C789=C%10%11=C%12%13%14=C%15C%16%17%18%19(C)=C=7=%12%20=C%157%12%21%22=C%10%15C%10(=C=%16=7%11%20(=C=%12%17(CNC(=O)C%18%21OC)C(=O)=C8%13CN637(C%14OC)C413=C527=C3C(C)C(C)CC)C%15%19%22(C)(OC)[CH]NC%10)C9=O)C(=O)C(CC(C)=O)NC(=O)CC(=O)C(O)CN(C)C(=O)CCCCCC1C(O)CCC1O |$R5;;;;;;;;;;;;;R5;;;;;;;;;;;;;;;;;;;;;;;;;;;;;;;;;;;;;;;;;;;;;;;;;;;;;;;;;;;;;;;;;;;;;;;;;;;;;;;;;;$|
desflurane_cid42113,,,desflurane_cid42113.png,low,low,0.7626639759085874,wrong,,Desflurane,0.16,9,10,wrong,wrong,,False,False,False,False,0.16,False,False,27,1,,,,CC(C)OCC(C)(C)C
desipramine_cid2995,,,desipramine_cid2995.png,low,low,2.034121477790612e-05,invalid,,,,,,invalid,invalid,,False,False,False,False,,False,,,,,,,[CH]1CC[CH]23C[CH]45678C9[CH]%10%11C4%12[CH]94%13CC[CH]5(CC2C1)[CH]%12(C36)(C%1047)C%11%138
deslanoside_cid28620,,,deslanoside_cid28620.png,low,low,7.51363961070862e-05,invalid,,,,,,invalid,invalid,,False,False,False,False,,False,,,,,,,C[CH]C(CC1CC(C)C(CC2OC(COC)C(OO)C([O][Ac])C2OC)C(OC)C1)C(C[CH]O[CH]C(C[CH]OC1CCC23(C)C(C)(CCC456CCC24C[CH]2(OC)O(C)[CH]4(CC35C)C35[CH]7(C8CCC(O)O8)CCC368(OC)CC[CH]5(C3COC(O)O3)C2748C)C1)OC)C(=O)O
deucravacitinib_cid134821691,,,deucravacitinib_cid134821691.png,low,low,0.02155781758790578,invalid,,,,,,invalid,invalid,,False,False,False,False,,False,,,,,,,*N(C1C[CH]2(N(*)C3CCCC(C4CC(C)[CH]N4)C3O)C3C(N1)C2C3(O)C(C)C(F)(F)F)C(O)C1CC1 |$R;;;;;;R;;;;;;;;;;;;;;;;;;;;;;;;;;;;;;$|
dexrazoxane_cid71384,,,dexrazoxane_cid71384.png,low,low,0.124849383907285,invalid,,,,,,invalid,invalid,,False,False,False,False,,False,,,,,,,[10*]N1CCN([CH]23C[CH](C)(CN4CC(C)N(C)C(C)C4N4(CC(C)N(C)C(C)C4)C2)C3)CC1C |$R10;;;;;;;;;;;;;;;;;;;;;;;;;;;;;;;;$|
dicyclomine_hydrochloride_cid441344,,,dicyclomine_hydrochloride_cid441344.png,low,low,0.2378097537305967,invalid,,,,,,invalid,invalid,,False,False,False,False,,False,,,,,,,CCC(CC)CCCC(C)C1([NH]2CCCCC2)CCCCC1.[O-]
difelikefalin_cid24794466,,,difelikefalin_cid24794466.png,low,low,0.004580299411700567,invalid,,,,,,invalid,invalid,,False,False,False,False,,False,,,,,,,[H]C(C(=O)C(CCC)N([H])C(=O)C(CC1=CC=CC=C1)NC(O)C(CC1CCCCC1)N([H])[H])C(CCCCC(C)C)C(C)(=O)N1CCC(C(=O)OC)(C([H])[H])CC1
digitoxin_cid441207,,,digitoxin_cid441207.png,low,low,0.0008508689894500316,invalid,,,,,,invalid,invalid,,False,False,False,False,,False,,,,,,,*O[CH]C(OC1CC(C)C(OC)C(O)O1)C(C)O[CH]OC1C(CO)CC(O[CH]23CC4C2CC25(C)C6(C)(CCC789C%10%11(C)C%12CC(N%13CCC(O)C%13)C%10%13(C)CC%10%14C(CC%1027(C)C46(C)C%1458C)C%112(C)C(N4COC(O)C4)CCC%12%1329C)C3)OC1C |$R;;;;;;;;;;;;;;;;;;;;;;;;;;;;;;;;;;;;;;;;;;;;;;;;;;;;;;;;;;;;;;;;;;;;;;;;;;;;;;$|
dihydroartemisinin_cid107770,,,dihydroartemisinin_cid107770.png,low,low,0.1368062513374134,invalid,,,,,,invalid,invalid,,False,False,False,False,,False,,,,,,,CCC1OC2(Cl)CC(C)CCC234CCCC(C)C3(C)C(C)CCN4C1C
dinoprost_cid5280363,,,dinoprost_cid5280363.png,low,low,0.04238524531057589,wrong,,Dinoprost,0.165,38,25,wrong,wrong,,False,False,False,False,0.165,False,False,42,2,,,,[1*]C[C@@H](C)CCCN([1*])C([1*])C[C@@H]1[C@H](C[1*])C[C@H](O[1*])[C@@H]1[C@H](O)[C@@H]([CH])O.[1*]C[C@@H]1C[C@H](O[1*])[C@H]([C@H]([1*])C([1*])[C@@H](CC)CCCCC)O1 |$R1;;;;;;;;R1;;R1;;;;;R1;;;;R1;;;;;;;R1;;;;;;R1;;;R1;;R1;;;;;;;;;$|
dirithromycin_cid6473883,,,dirithromycin_cid6473883.png,low,low,1.430856829023914e-06,invalid,,,,,,invalid,invalid,,False,False,False,False,,False,,,,,,,*C([CH]N(C)C)C(CC([CH]C)C(C)OC)C([CH]C)OC.*CCOC[CH]1234O[CH]([CH])(C)C5(C)(C(CC)[CH]56(O)*O6)[CH]5(C6CO5C6)C(C)(O*)[CH](C)(C)O1[CH]15[CH]267(O)C2[CH]1389O[CH]2541(O)C682(O)C(C)C791(O)[CH]2(C)C(C)O.*OC1C(O)OC(O)CC1(C)OC |$OAc17;;;;;;;;;;;;;;;;;;;;Et;;;;;;;;;;;;;;;;;Et;;;;;;;;;;Et;;;;;;;;;;;;;;;;;;;;;;;;Et;;;;;;;;;;;;$|
disopyramide_cid3114,,,disopyramide_cid3114.png,low,low,0.0001842180184577574,invalid,,,,,,invalid,invalid,,False,False,False,False,,False,,,,,,,CC(C)C.CC[NH+]1234CCC5[CH]67C8C9CC*[CH]586(C9)[CH]7(C)C1C1C2C2C3CC214 |$;;;;;;;;;;;;;;;R;;;;;;;;;;;$|
distearoylphosphatidylcholine_cid65146,,,distearoylphosphatidylcholine_cid65146.png,low,low,0.8332193657509438,wrong,,Distearoylphosphatidylcholine,0.343,52,54,wrong,wrong,,False,False,False,False,0.343,False,False,12,1,,,,[H][PH]([H])(OCC[N+](C)(C)C)OC[C@@H](CCC(=O)CCCCCCCCCCCCCCCCC)NC(=O)CCCCCCCCCCCCCCCCC
dl_selenomethionine_cid15103,,,dl_selenomethionine_cid15103.png,low,low,0.5022729480207837,wrong,,DL-selenomethionine,0.059,24,9,wrong,wrong,,False,False,False,False,0.059,False,False,61,2,,,,CCCCCCCCCCCCCC.CCCCCCCN(C)C
dobutamine_hydrochloride_cid65324,,,dobutamine_hydrochloride_cid65324.png,low,low,0.2730300748870085,wrong,,Dobutamine Hydrochloride,0.231,26,23,wrong,wrong,,False,False,False,False,0.231,False,False,15,3,,[Cl-],,[1*]C(CCc1ccc(OC)c(OC)c1)C(C)CC[C@H]1CC[C@H](O)CC1.[Cl-].[Cl-] |$R1;;;;;;;;;;;;;;;;;;;;;;;;;;$|
dofetilide_cid71329,,,dofetilide_cid71329.png,low,low,0.2291929155232192,invalid,,,,,,invalid,invalid,,False,False,False,False,,False,,,,,,,*S(C)(C)C1([H])[CH]C2=[CH]1[CH]OC(CCN(C)CCOC13=C4C5=C(C[SiH3](C)(=O)O)(=C4C=15)CC3)=C2 |$Me;;;;;;;;;;;;;;;;;;;;;;;;;;;;;;;;$|
domperidone_cid3151,,,domperidone_cid3151.png,low,low,0.277340046844585,wrong,,Domperidone,0.244,31,30,wrong,wrong,,False,False,False,False,0.244,False,False,22,1,,,,*N1[C@@H]2C[C@H](C)C[CH][C@@H]2N(C2CCN(CCCN3C(=O)[C@@H](O)[C@H]4CC=CC[C@H]43)CC2)[C@H]1C |$R;;;;;;;;;;;;;;;;;;;;;;;;;;;;;;;$|
doramectin_cid9832750,,,doramectin_cid9832750.png,low,low,1.757827149983936e-05,invalid,,,,,,invalid,invalid,,False,False,False,False,,False,,,,,,,[1*]O[CH]1([CH]C)C23(C)OCC4N5[H]N6([H])C(O)[CH]7(O)[CH]89(C)[CH]([1*])(C5[1*])[CH]75(O)[CH]87N(C([1*])CC(C)OC8(CCC(C)C(C%10CCCCC%10)O8)CC([H])OC(O)C(O)C428(C)C6COC138C)[CH]951O[CH](O)(CC(OC)C(OC2CC(OC)C(CO)C(C)O2)C(C)O)O71 |$R1;;;;;;;;;;;;;;;;;;;;;R1;;R1;;;;;;R1;;;;;;;;;;;;;;;;;;;;;;;;;;;;;;;;;;;;;;;;;;;;;;;;;;;;;;;;;$|
dronedarone_hydrochloride_cid219025,,,dronedarone_hydrochloride_cid219025.png,low,low,0.2375418280593831,wrong,,Dronedarone Hydrochloride,0.196,41,40,wrong,wrong,,False,False,False,False,0.196,False,False,26,3,,,,*C.CCCC[C@H]1N[C@@H]2C=CC(OS(C)(C)C)=C[C@H]2[C@@H]1[C@H](O)[C@H]1C=NC(CCCCN(CCCC)CCCC)=CC1.Cl |$Y;;;;;;;;;;;;;;;;;;;;;;;;;;;;;;;;;;;;;;;;;$|
droxidopa_cid92974,,,droxidopa_cid92974.png,low,low,0.1963108047056638,wrong,,Droxidopa,0.051,21,15,wrong,wrong,,False,False,False,False,0.051,False,False,44,1,,,,CCC1C[C@H]([C@@H](OC)[C@H](C(C)C)[C@H](C)CC)[CH]C[C@@H]1CC |^1:16|
durlobactam_cid89851852,,,durlobactam_cid89851852.png,low,low,0.001725608984487159,invalid,,,,,,invalid,invalid,,False,False,False,False,,False,,,,,,,CC(O)C(O)C1C(C)CC23(C)[PH]4[CH]56C(O)N2(O)C1453C1O[CH]16O.O.O[I-]
dutogliptin_cid11253490,,,dutogliptin_cid11253490.png,low,low,0.04744980889206831,invalid,,,,,,invalid,invalid,,False,False,False,False,,False,,,,,,,[H]C(CC(C)C(CC)C1(C)(C(OC)OC)CC1)C1CCN(C)C1
echothiophate_cid10548,,,echothiophate_cid10548.png,low,low,0.2293495376319354,invalid,,,,,,invalid,invalid,,False,False,False,False,,False,,,,,,,*C(NCC)(OCC)C1CC[Si](C)(C)C[Si](C)(C)(C)CC1 |$X;;;;;;;;;;;;;;;;;;;;$|
edrophonium_chloride_cid8307,,,edrophonium_chloride_cid8307.png,low,low,0.1506808014269647,wrong,,Edrophonium Chloride,0.065,10,13,wrong,wrong,,False,False,False,False,0.065,False,False,7,2,,,,*C[C@H]1CC[C@@H]2CO[C@H]2C1.[Cl-] |$R;;;;;;;;;;$|
efinaconazole_cid489181,,,efinaconazole_cid489181.png,low,low,7.308381322436298e-05,invalid,,,,,,invalid,invalid,,False,False,False,False,,False,,,,,,,CCC1C(C)[CH]12CCC(C)CC2.CN12C[CH]34OC1C3CC42.OC1CC2[CH]C1C2
efonidipine_cid119171,,,efonidipine_cid119171.png,low,low,3.686190798455946e-08,invalid,,,,,,invalid,invalid,,False,False,False,False,,False,,,,,,,C=CC.C=CC[CH]123CC[CH]4(O)C[CH]15678C4[CH](O)(CC)C51(C(O)CC)[CH]4(O)CC[CH]6(C2C=C)(C3CC(=C)[CH3+](C)O)[CH]12(C1=O=C27(=O)OCCOC[CH]2356C7=CC9=CC2=C73(C5C9)C6OCCO1)C48
elacestrant_cid23642301,,,elacestrant_cid23642301.png,low,low,0.1057647693534023,invalid,,,,,,invalid,invalid,,False,False,False,False,,False,,,,,,,*C1CCC2CC(C)(C3C=CC([H])=CC3NCC3CCC(CC[NH2+]([H])CC)CC3)CCC2C1 |$H3CO;;;;;;;;;;;;;;;;;;;;;;;;;;;;;;;;$|
elagolix_cid11250647,,,elagolix_cid11250647.png,low,low,0.02562735172464031,wrong,,Elagolix,0.096,45,45,wrong,wrong,,False,False,False,False,0.096,False,False,56,1,,,,*[C@@H]1CC=C[C@@H](C([H])(C)C)[C@@H]1C[C@@H]1[C@@H](C)[C@H](C[C@@H](C(=O)CCCC(=O)NC)C2[CH]CCCC2)C(O)[C@H]([C@H](C(C)C)C(C)COC)[C@H]1C |$R;;;;;;;;;;;;;;;;;;;;;;;;;;;;;;;;;;;;;;;;;;;;;;$|
elbasvir_cid71661251,,,elbasvir_cid71661251.png,low,low,0.002517689997631266,invalid,,,,,,invalid,invalid,,False,False,False,False,,False,,,,,,,[H]N1C(C2([H])([H])CCCN2C(O)C(CC)C(C)C(=O)O)=CCC1C1=CC2CC(C3=CCCC=C3)NC(OC3CC=CC(C4=CC=C(C5([H])CCCN5C(=O)C(CC(=O)OC)C(C)C)N4C)O3)C2C=C1
eletriptan_hydrobromide_cid656631,,,eletriptan_hydrobromide_cid656631.png,low,low,0.0960157701855691,wrong,,Eletriptan Hydrobromide,0.189,27,28,wrong,wrong,,False,False,False,False,0.189,False,False,23,2,,,,*C.[H]N1CC(C[C@H]2CCCN2C)C2C[C@@H](CC[C@@]([H])(O)C3CCCCC3)[CH]C[C@H]21 |$Y;;;;;;;;;;;;;;;;;;;;;;;;;;;;;$|
elexacaftor_cid134587348,,,elexacaftor_cid134587348.png,low,low,9.688205479047828e-07,invalid,,,,,,invalid,invalid,,False,False,False,False,,False,,,,,,,*C1C2[CH]34O5[CH]67C8C9(C)(C)CC(C)CN9[CH]863[CH]253(CC(*)C(O)(O)[CH]25(CC(C)NC2C)C2C(C)NC(C)[CH]25C1(O)O)C1[CH]25C6[CH]1(C27N61CSC(OCC(C)(C)C(F)(F)F)=N1)C543 |$R;;;;;;;;;;;;;;;;;;;R;;;;;;;;;;;;;;;;;;;;;;;;;;;;;;;;;;;;;;;;$|
eltanexor_cid86345880,,,eltanexor_cid86345880.png,low,low,0.003942534286753569,wrong,,Eltanexor,0.054,33,30,wrong,wrong,,False,False,False,False,0.054,False,False,63,2,,,,*N([C@@H]([C@@H]1C=N[CH]NC1)[C@@H](O)C(C)C)[C@@H]1[CH]N[C@H](C2C[C@H](C(C)(C)C)C[C@@H](C(C)(C)C)C2)C1.C |$E;;;;;;;;;;;;;;;;;;;;;;;;;;;;;;;;;$|
eltrombopag_cid135449332,,,eltrombopag_cid135449332.png,low,low,0.01103898411169423,wrong,,Eltrombopag,0.071,32,33,wrong,wrong,,False,False,False,False,0.071,False,False,24,1,,,,*N1C(C)[C@@H](C=NC2CCC[C@H](C3C=CC[C@H](C(=O)OC)C3)[C@H]2[10*])N(*)N1C1CCN(C)C(C)C1 |$R;;;;;;;;;;;;;;;;;;;;;;;R10;;R;;;;;;;;;$|
elvitegravir_cid5277135,,,elvitegravir_cid5277135.png,low,low,6.41639609236713e-05,invalid,,,,,,invalid,invalid,,False,False,False,False,,False,,,,,,,CCC(COC)N1[CH]C([CH]234CC5C6[CH]C7C8C[CH]7(C[CH]6(O2)C8O)C3C54)C(O)C(C(C)OC)C1
emamectin_b1a_cid11136686,,,emamectin_b1a_cid11136686.png,low,low,0.001640084800344288,invalid,,,,,,invalid,invalid,,False,False,False,False,,False,,,,,,,[H]C1=C(C)C(OC2CC(OC)C(OC3CC(OC)C(OC)C(C)O3)C(C)O2)C(C)C([H])N([H])C2COC(C)(C(OC)C(C)O)C2(C)C(O)C(=O)CC2(C)CC3(CCC(C)C([CH]CC)(C(C)CC)O3)OC(C)(C)(C1)C2
emtricitabine_cid60877,,,emtricitabine_cid60877.png,low,low,0.05336839061060484,wrong,,Emtricitabine,0.076,20,16,wrong,wrong,,False,False,False,False,0.076,False,False,26,1,,,,CC(O)[C@@H](CO)C[C@H](N)N[C@@H]1N[C@H]2CC(O)CCNC12
encorafenib_cid50922675,,,encorafenib_cid50922675.png,low,low,0.03016633447875177,invalid,,,,,,invalid,invalid,,False,False,False,False,,False,,,,,,,*C1C(N(*)S(C)(=O)O)CC(O)CC1[CH]12C[CH](C(C)C)(CC1C1CCNC(N(C)CC(C)C(C)C(C)CC)N1)O2 |$R;;;;R;;;;;;;;;;;;;;;;;;;;;;;;;;;;;;;;;;;$|
enflurane_cid3226,,,enflurane_cid3226.png,low,low,0.6802347469128053,wrong,,Enflurane,0.231,11,10,wrong,wrong,,False,False,False,False,0.231,False,False,28,1,,,,CC(C)OC(C)(C)C(C)(C)Cl
entecavir_cid135398508,,,entecavir_cid135398508.png,low,low,0.0002401502530044024,invalid,,,,,,invalid,invalid,,False,False,False,False,,False,,,,,,,CC[CH]12C[CH]345[CH]16C(CO)[CH]21(CC(C)O)[CH]3278C[CH]142(C7)[CH]68N51[CH]C(CO)SC1
entrectinib_cid25141092,,,entrectinib_cid25141092.png,low,low,0.001030710982922471,invalid,,,,,,invalid,invalid,,False,False,False,False,,False,,,,,,,*C12CC(CC3C[CH]C4=C(C3)C(N([1*])C(O)C3[CH]CC(N5CCN(C)CC5)=CN3C(C)C3CCOCC3)NC4O)C3C4OC3(O)(C1)C42 |$Y;;;;;;;;;;;;;R1;;;;;;;;;;;;;;;;;;;;;;;;;;;;;;;;;$|
eptaplatin_cid119378,,,eptaplatin_cid119378.png,low,low,0.2003851537109215,wrong,,Eptaplatin,0.148,23,20,wrong,wrong,,False,False,False,False,0.148,False,False,20,2,,,,CC(C)[C@@H](C)OC([CH]C[C@H](C)O)CC(O)O.O=C(O)CC(O)O |^1:7|
eptifibatide_cid448812,,,eptifibatide_cid448812.png,low,low,6.57743022248434e-09,invalid,,,,,,invalid,invalid,,False,False,False,False,,False,,,,,,,*CC(O)CC1C(O)C(O)C(O)[CH]23(O)C4O2[CH]43(O)C1O.CC(C)OC1C[CH]2345C67[CH]89%10C%11%12CC%1182%13[CH]28C%11%14%15(CC%11O[CH]%14(O)[CH]%11(O)[CH]%14(O[CH]O)C(O)[CH]%14%11(CCCCNC(CO)C(C)O)OC%15C93(O)CC1O)C1C62%134C1%1278%105 |$R;;;;;;;;;;;;;;;;;;;;;;;;;;;;;;;;;;;;;;;;;;;;;;;;;;;;;;;;;;;;;;;;;;;;$|
ergometrine_cid443884,,,ergometrine_cid443884.png,low,low,0.03331967895423889,invalid,,,,,,invalid,invalid,,False,False,False,False,,False,,,,,,,CC(CO)C(C)C(O)C1CCC(C)(C)N(C)C1.CC1C2C[CH]34CC(CC5[CH]13N25C)C4
ertugliflozin_cid44814423,,,ertugliflozin_cid44814423.png,low,low,5.405374588989881e-09,invalid,,,,,,invalid,invalid,,False,False,False,False,,False,,,,,,,CCOC1CCC(CC2C(O)C[CH]34[CH]567[CH]89[CH]35%10%11C2[CH]48235O48C%12(COC)C%13%14O2%15C%1346%1032%16%17[CH]3(CC)[CH]4(CO)[CH]2(CC)C%1498%157%115%16[CH]%1243%17OC)CC1
esmolol_hydrochloride_cid104769,,,esmolol_hydrochloride_cid104769.png,low,low,0.01759617179166076,invalid,,,,,,invalid,invalid,,False,False,False,False,,False,,,,,,,CCC(CO[CH]12CC[CH]3(CCC(C)OC)CC1C3C2)CC(C)C(C)C.CF
etelcalcetide_cid71511839,,,etelcalcetide_cid71511839.png,low,low,0.001316968653410192,invalid,,,,,,invalid,invalid,,False,False,False,False,,False,,,,,,,*C(=O)NC(CCCCC(CC)N1*C1(*)=O)CN(*)*.*OC(=O)C(CCSCC(C(=O)NC(C)C(=O)NC(CCCC=C(C(*)*)N(*)*)C(=O)NC(CCCN=C(C(*)=O)C(*)=O)C(=O)NC(=O)[CH]1(CCCNC(C(*)*)C(*)C)C(CC)C1(N)=O)N([H])C(*)C)N(*)*.O |$Me;;;;;;;;;;;;;Me;;Me;;;;Me;Me;Me;;;;;;;;;;;;;;;;;;;;;;;;;Me;Me;;Me;Me;;;;;;;;;;;Me;;;Me;;;;;;;;;;;;;;Me;Me;;Me;;;;;;;;;;;Me;;;Me;Me;$|
ethaselen_cid10387485,,,ethaselen_cid10387485.png,low,low,0.1430690323905854,wrong,,Ethaselen,0.073,22,22,wrong,wrong,,False,False,False,False,0.073,False,False,29,1,,,,C[C@H]1[C@H]2CCCC[C@@H]2[CH]N1CCN1S[C@@H]2CCCC[C@@H]2[C@@H]1C |^1:8|
ethinylestradiol_cid5991,,,ethinylestradiol_cid5991.png,low,low,0.0001298680045957536,invalid,,,,,,invalid,invalid,,False,False,False,False,,False,,,,,,,**CC123(O*)C(**)C4(C1[CH]C(C1(C)CCC5[CH]67C8C6(C*)C69%10C%11C[CH]6%12C(C9[CH]5%11%12C1C)C87%10)C42C)O3* |$Z;Z;;;;R;;Z;Z;;;;;;;;;;;;;;Z;;;;;;;;;;;;;;R$|
etomidate_cid667484,,,etomidate_cid667484.png,low,low,0.6376298623696627,wrong,,Etomidate,0.123,18,18,wrong,wrong,,False,False,False,False,0.123,False,False,17,1,,,,CCO[C@@H](C)[C@H]1CSCN1[C@H](C)C1CCCCC1
etoricoxib_cid123619,,,etoricoxib_cid123619.png,low,low,9.507565733817641e-12,invalid,,,,,,invalid,invalid,,False,False,False,False,,False,,,,,,,[11*]C(C)C[CH][CH]C(C[H])[CH]123(CC(C)C1)[CH]14C[CH]567[CH]8(O)[CH]9%10[CH]%11%12C%13[CH]1%14%15%16C1C[CH]98%11%17C8[CH]2%14([CH]5%15(C)C1%106%17)[CH]47(C)[CH]8%13%123%16 |$R11;;;;;;;;;;;;;;;;;;;;;;;;;;;;;;;;;$|
etrasimod_cid44623998,,,etrasimod_cid44623998.png,low,low,0.01560093591394112,wrong,,Etrasimod,0.104,33,33,wrong,wrong,,False,False,False,False,0.104,False,False,22,1,,,,*[C@@H]1C([C@H](C)C[C@@H](C)N[1*])[C@H](C)[C@@H]2C[C@H](OC[C@@H]3C=C[C@@H](C4CCCC4)[C@@H](C(F)(F)F)C3)C=C[C@H]21 |$R;;;;;;;;;R1;;;;;;;;;;;;;;;;;;;;;;;;;$|
etretinate_cid5282375,,,etretinate_cid5282375.png,low,low,0.6088269569610311,wrong,,Etretinate,0.133,27,26,wrong,wrong,,False,False,False,False,0.133,False,False,12,1,,,,[1*]/C(C1=C(C)C(C)=C(OC)CC1C)=C([1*])\C(C)=C(C)\C([1*])=C(/[1*])C(C)C([1*])[C@H](N)OCC |$R1;;;;;;;;;;;;;;R1;;;;;;R1;;R1;;;;R1;;;;;$|
exatecan_cid151115,,,exatecan_cid151115.png,low,low,0.001477676226625991,invalid,,,,,,invalid,invalid,,False,False,False,False,,False,,,,,,,[H]C([H])C(C)C[CH]1(C(C(C)C([H])[H])C2C([H])CC(C)C(C)C2C)CC2CC3C(CSC(=O)C3(CC)CO)C(O)C2C1
febuxostat_cid134018,,,febuxostat_cid134018.png,low,low,0.005520609927755033,invalid,,,,,,invalid,invalid,,False,False,False,False,,False,,,,,,,*OC(N)[CH]12C3[CH]4(C5CCC(NCC(C)C)C(CN)C5)N[CH]1(C)[CH]342 |$A;;;;;;;;;;;;;;;;;;;;;;;$|
fedratinib_cid16722836,,,fedratinib_cid16722836.png,low,low,0.4153368493025613,wrong,,Fedratinib,0.175,36,37,wrong,wrong,,False,False,False,False,0.175,False,False,26,1,,,,[1*][C@](C)(c1cccc(N([12*])C(=N/C(C)[NH+](C)C2=CCC(CCCN3CCCC3)C=C2)/C(C)=C\[11*])c1)[C@@H](C)CC |$R1;;;;;;;;;R12;;;;;;;;;;;;;;;;;;;;;;;;R11;;;;;$|
felypressin_cid14257662,,,felypressin_cid14257662.png,low,low,1.213288364418392e-05,invalid,,,,,,invalid,invalid,,False,False,False,False,,False,,,,,,,[1*]NCC[CH]C(O)C(O)C(CCC(=O)N([H])C)NC(O)C1C(O)C(=O)C(CC2C=CC=CC2)C23[CH]45O[CH]46(CC4C7C1[CH]4725C)C12[CH]45C(C[CH]1346)[CH]2(CCOCC(O[1*])C(=O)N1CCCC1C(O)N(C)C(CCCC[NH+]([H])C)C(O)C([H])CC(N)C(C)O)(C([1*])=O)C5([1*])C |$R1;;;;;;;;;;;;;;;;;;;;;;;;;;;;;;;;;;;;;;;;;;;;;;;;;;;;;;;R1;;;;;;;;;;;;;;;;;;;;;;;;;;;;;;;R1;;;R1;$|
fenebrutinib_cid86567195,,,fenebrutinib_cid86567195.png,low,low,0.03136963110419471,invalid,,,,,,invalid,invalid,,False,False,False,False,,False,,,,,,,*N(C1C=CC(N2CCN(C3CCC3)CC2C)CC1)C1CN(C2CCNC(C3CCC(C4CC(C)(C)CN4C)CC3C)C2COC)=CN(C)C1C |$R;;;;;;;;;;;;;;;;;;;;;;;;;;;;;;;;;;;;;;;;;;;;;;;;;;$|
fenoterol_cid3343,,,fenoterol_cid3343.png,low,low,0.279652956517711,wrong,,Fenoterol,0.082,32,22,wrong,wrong,,False,False,False,False,0.082,False,False,62,4,,,,C.CC(C)C(C)C.CC1=CCC(CC(C)C(C)CC(C)(C)C)C=C1.[1*]CC1C[CH]C[C@@H](C[1*])C1 |$;;;;;;;;;;;;;;;;;;;;;;;;R1;;;;;;;;R1;$|
ferric_maltol_cid169535,,,ferric_maltol_cid169535.png,low,low,0.04158967458905309,invalid,,,,,,invalid,invalid,,False,False,False,False,,False,,,,,,,CC1CCNC(C)C1O.[1*]C1C(C)SC[CH][CH]1(C)CC1CC[CH]1(O)[CH]C |$;;;;;;;;;R1;;;;;;;;;;;;;;;;$|
ferroquine_cid140118553,,,ferroquine_cid140118553.png,low,low,0.002001565082557759,invalid,,,,,,invalid,invalid,,False,False,False,False,,False,,,,,,,[1*]C12([CH]CCC1CC(C)C)[CH]C13(C)(C)CC4C5C6C5[CH]41(CCC63)[CH]13[CH]C(Br)C[CH]C1CC(CC3)C2 |$R1;;;;;;;;;;;;;;;;;;;;;;;;;;;;;;;;;;$|
ferrous_fumarate_cid6433164,,,ferrous_fumarate_cid6433164.png,low,low,0.2162724651285423,wrong,,Ferrous Fumarate,0.097,17,9,wrong,wrong,,False,False,False,False,0.097,False,False,40,1,,,,CCCC(=O)C(C)C(C)[C@H](CC)C(=O)CCC
fesoterodine_fumarate_cid9849808,,,fesoterodine_fumarate_cid9849808.png,low,low,0.04854939804080809,invalid,,,,,,invalid,invalid,,False,False,False,False,,False,,,,,,,[1*]CC(C)C(O)C(O)C(=O)O[1*].[11*]CCC1CCC(NC(=O)C(C)C)C(C(CCN(CC)C(C)C)[CH]23[CH]C4CC(CCC42)C3)O1 |$R1;;;;;;;;;;;R1;R11;;;;;;;;;;;;;;;;;;;;;;;;;;;;;;;;$|
fevipiprant_cid23582412,,,fevipiprant_cid23582412.png,low,low,0.001028903995837675,invalid,,,,,,invalid,invalid,,False,False,False,False,,False,,,,,,,[H]C([H])([H])N1C[CH]23(S(C)(C)C)C[CH]24C2[CH]1(CC1CC(CC(C)C)[CH]56CC5CCCC16)C[CH]243
fexinidazole_cid68792,,,fexinidazole_cid68792.png,low,low,0.1078607860337373,wrong,,Fexinidazole,0.077,19,19,wrong,wrong,,False,False,False,False,0.077,False,False,24,1,,,,CC[C@H]1CC[C@@H](CCC2CC[C@H](C(=O)O)N2C)CC1
fingolimod_cid107970,,,fingolimod_cid107970.png,low,low,0.1049882546855531,wrong,,Fingolimod,0.161,33,22,wrong,wrong,,False,False,False,False,0.161,False,False,48,2,,,,CCCC(CCC)C(C)C.CCCCCCCC[C@H]1CC[C@@H](CO[C@H](CCC)C(C)C)CC1
floxuridine_cid5790,,,floxuridine_cid5790.png,low,low,0.1335549834545755,wrong,,Floxuridine,0.121,17,17,wrong,wrong,,False,False,False,False,0.121,False,False,28,3,,,,*C[C@H]1O[C@@H](C(C)C(C)O)C[C@@H]1O*.CCCC.Cl |$R;;;;;;;;;;;;;R;;;;;$|
fludarabine_cid657237,,,fludarabine_cid657237.png,low,low,0.03194769251376677,wrong,,Fludarabine,0.06,25,20,wrong,wrong,,False,False,False,False,0.06,False,False,44,1,,,,[H]O[C@@H]1[C@@H](CCCC)C[C@@H](OC2CN[C@@H]3[C@@H](C(C)C)CC(C)C[C@H]23)[C@@H]1O[H]
flunitrazepam_cid3380,,,flunitrazepam_cid3380.png,low,low,1.939156859484931e-05,invalid,,,,,,invalid,invalid,,False,False,False,False,,False,,,,,,,CNC1C[CH]C2C(C)C(C)CCC3N2C1[CH]1(C)CC2C(CC2C1C)C[CH]312CC(CCC1C)C2
fluoxymesterone_cid6446,,,fluoxymesterone_cid6446.png,low,low,0.2893116446795487,wrong,,Fluoxymesterone,0.165,28,24,wrong,wrong,,False,False,False,False,0.165,False,False,25,1,,,,"CC[CH]C[C@@]1(C)[C]([C@]2(C)CC[C@@H]3C[C@H](O)CC[C@]3(C)[C@@H]2C)[C@@H](C)C[C@]1(C)OC |^1:2,6|"
fluphenazine_cid3372,,,fluphenazine_cid3372.png,low,low,0.04062041754996217,invalid,,,,,,invalid,invalid,,False,False,False,False,,False,,,,,,,[H]C(C)(C)[CH]12[CH]C([CH]1)C1[CH]C3CCCCC3N(CCCN3CCN(CCCC)CC3)C1[CH]2
flurithromycin_cid71260,,,flurithromycin_cid71260.png,low,low,9.864986118542325e-09,invalid,,,,,,invalid,invalid,,False,False,False,False,,False,,,,,,,CC[CH]O[CH]1(O)[CH]2(C)[CH]3456[CH]1(C)[CH]2317(O[CH]238CC9(C)(OC)[CH]%10(OC)C(C)OC(C2C%10(C)(OC)[CH]9(OC)C(C)O3)O841)[CH]5123C[CH]6174(C)[CH]215C26[CH]78OC9C[CH]%10(C)C[CH]%11%12%13%14C9C(N%11(C)CN%12(C)C)[CH]7%13(OC)[CH]2(O%10)(C%14OC)C8[CH]63427[CH]134O16CO(C1)[CH]6218C26[CH]9%10C[CH]2(C)(C9)C[CH]%1031[CH]65487OC
formaldehyde_cid712,,,formaldehyde_cid712.png,low,low,0.0003132081368882773,wrong,,Formaldehyde,0.0,105,2,wrong,wrong,,False,False,False,False,0.0,False,False,302,95,,C.C.C.C.C.C.C.C.C.C.C.C.C.C.C.C.C.C.C.C.C.C.C.C.C.Cl.Cl.Cl.Cl.Cl.Cl.Cl.Cl.Cl.Cl.Cl.Cl.Cl.Cl.Cl.Cl.Cl.Cl.Cl.Cl.Cl.Cl.Cl.Cl.Cl.Cl.Cl.Cl.Cl.Cl.Cl.Cl.Cl.Cl.Cl.Cl.Cl.Cl.Cl.Cl.Cl.Cl.Cl.Cl.Cl.Cl.Cl.Cl.Cl.Cl.Cl.Cl.Cl.Cl.Cl.Cl.Cl.Cl.Cl.Cl.Cl.Cl.Cl.Cl.Cl,,C.C.C.C.C.C.C.C.C.C.C.C.C.C.C.C.C.C.C.C.C.C.C.C.C.C.CCCC.CCCCCCC.CCl.Cl.Cl.Cl.Cl.Cl.Cl.Cl.Cl.Cl.Cl.Cl.Cl.Cl.Cl.Cl.Cl.Cl.Cl.Cl.Cl.Cl.Cl.Cl.Cl.Cl.Cl.Cl.Cl.Cl.Cl.Cl.Cl.Cl.Cl.Cl.Cl.Cl.Cl.Cl.Cl.Cl.Cl.Cl.Cl.Cl.Cl.Cl.Cl.Cl.Cl.Cl.Cl.Cl.Cl.Cl.Cl.Cl.Cl.Cl.Cl.Cl.Cl.Cl.Cl.Cl.Cl
fosfluconazole_cid214356,,,fosfluconazole_cid214356.png,low,low,3.504029568969844e-06,invalid,,,,,,invalid,invalid,,False,False,False,False,,False,,,,,,,*[CH]C(O)C[CH]1(O)C2[CH]CNC2C1CN1[CH]C2C([CH]3(O)C4C(O)C[CH]C[CH]43*)[CH]2(CO)[CH]1 |$Z;;;;;;;;;;;;;;;;;;;;;;;;;;;Z;;;;$|
frovatriptan_succinate_cid152943,,,frovatriptan_succinate_cid152943.png,low,low,1.267946502938558e-05,invalid,,,,,,invalid,invalid,,False,False,False,False,,False,,,,,,,*[NH2+]Cl.[1*]N1(C)[1*]N2(C)C3CC4[NH2+]56C7C3[CH]123CC[NH]47(CC3)C51(=O)=O=C62C3CN[CH]45C6C3[CH]213CC[CH]61(NC3)[CH]42(O)O[CH]513N(C)[1*]N23([1*])C.[1*]NC(C)CCC(C)CO |$Y;;;R1;;;R1;;;;;;;;;;;;;;;;;;;;;;;;;;;;;;;;;;;;;R1;;R1;;R1;;;;;;;;;$|
fulvestrant_cid104741,,,fulvestrant_cid104741.png,low,low,0.0003374512269828392,invalid,,,,,,invalid,invalid,,False,False,False,False,,False,,,,,,,[1*]CC1CC2[CH]34C(C1)[CH]21C3(C)[CH]23([CH]CCCCCCCCCC(C)CCCC(F)(F)C(F)(F)F)C41(C)CC1C456(C)[CH]7(CO)CCC248CC352(C)CCC(CO)C17862C |$R1;;;;;;;;;;;;;;;;;;;;;;;;;;;;;;;;;;;;;;;;;;;;;;;;;;;;;;;$|
furazolidone_cid5323714,,,furazolidone_cid5323714.png,low,low,0.03310777834723811,wrong,,Furazolidone,0.065,21,16,wrong,wrong,,False,False,False,False,0.065,False,False,37,1,,,,CC[C@@H](CO)[C@@H]1CC[C@H](C(C)=CCN2CCC[C@H]2CO)O1
gabapentin_enacarbil_cid9883933,,,gabapentin_enacarbil_cid9883933.png,low,low,0.5357719230612995,wrong,,Gabapentin Enacarbil,0.136,22,23,wrong,wrong,,False,False,False,False,0.136,False,False,19,2,,,,CCC[C@@H](N)N(O)CC1CCCCC1.CCO[C@H](N)C(C)C
gantacurium_cid10102486,,,gantacurium_cid10102486.png,low,low,0.00445513991919784,invalid,,,,,,invalid,invalid,,False,False,False,False,,False,,,,,,,COC1COC(O)C(OC)C2(OC)=CC[CH]345C(C=C1O2C)[CH]12C367=C38=C149=CC31(OC)=C(O)C=C693CC[N+]25(C)CC3C7=CC(O)=C8O1C.[10*][N+]1CCC2=CC(OC)=C(OC)C=C2C1CC1=CC(OC)=C(OC)C(CC)=C1 |$;;;;;;;;;;;;;;;;;;;;;;;;;;;;;;;;;;;;;;;;;;;;;;R10;;;;;;;;;;;;;;;;;;;;;;;;;;;$|
gemigliptin_cid11953153,,,gemigliptin_cid11953153.png,low,low,0.04964496879854245,wrong,,Gemigliptin,0.172,29,33,wrong,wrong,,False,False,False,False,0.172,False,False,36,1,,,,*C1CC[C@]([H])(C)CN1C[C@@H](CC(=O)N1CCC2[C@@H](CC)C[C@H](C(C)(F)F)N[C@H]2C1)C([H])([H])[H] |$R;;;;;;;;;;;;;;;;;;;;;;;;;;;;;;;;;$|
gilteritinib_cid49803313,,,gilteritinib_cid49803313.png,low,low,0.01144808800093507,invalid,,,,,,invalid,invalid,,False,False,False,False,,False,,,,,,,[1*]C1C23=CC45(OC)=C6(=C7(OC)=C4(C=CC(=C=275)C(O)[CH]12NC(OC1CCOCC1)C1(C)C[CH]2(C(C)C([H])C)O1)C1C=CC2CC1N61C=CC4(CC1)N1(CCNCC1)C1CNCCN214)C=C3 |$R1;;;;;;;;;;;;;;;;;;;;;;;;;;;;;;;;;;;;;;;;;;;;;;;;;;;;;;;;;;;;;;;$|
giredestrant_cid121410806,,,giredestrant_cid121410806.png,low,low,0.04107745544998081,wrong,,Giredestrant,0.121,39,37,wrong,wrong,,False,False,False,False,0.121,False,False,42,1,,,,*C(C1CN(CCCC)C1)N1CC(C)[C@@H]([C@H]2[C@H](C[N+](C)(C)COC)[C@H](O)CC[C@@H]2C(=O)C2[CH]CCCC2)C(O)C1 |$R;;;;;;;;;;;;;;;;;;;;;;;;;;;;;;;;;;;;;;;$|
givinostat_cid9804992,,,givinostat_cid9804992.png,low,low,0.582821220145825,wrong,,Givinostat,0.178,32,31,wrong,wrong,,False,False,False,False,0.178,False,False,18,1,,,,*ON(C)C(=O)[C@@H]1CCC(C([7*])C(=O)OC[C@@H]2CCC3=C(CCC(CN(CC)CC)=C3)C2)CC1 |$Rb;;;;;;;;;;;R7;;;;;;;;;;;;;;;;;;;;;;$|
glasdegib_cid25166913,,,glasdegib_cid25166913.png,low,low,0.05866679600701035,invalid,,,,,,invalid,invalid,,False,False,False,False,,False,,,,,,,CC(O)C1CCC(C(C)C(O)C(=O)C2CC3([H]4OC5CCCCC5C4O)C4C5C2C[CH]543C)CC1
glutaraldehyde_cid3485,,,glutaraldehyde_cid3485.png,low,low,0.4495776630236481,wrong,,Glutaraldehyde,0.111,9,7,wrong,wrong,,False,False,False,False,0.111,False,False,12,1,,,,[12*]C(=O)CCCCCCC([12*])[12*] |$R12;;;;;;;;;;R12;R12$|
glycolic_acid_cid757,,,glycolic_acid_cid757.png,low,low,0.4978028902975407,wrong,,Glycolic Acid,0.04,5,5,wrong,wrong,,False,False,False,False,0.04,False,False,9,1,,,,*NC[C@@H](C)O* |$R;;;;;;R$|
gonadorelin_cid638793,,,gonadorelin_cid638793.png,low,low,0.01978279882829421,invalid,,,,,,invalid,invalid,,False,False,False,False,,False,,,,,,,[1*]OCC(NC(=O)C(CC1=CC=C(O[1*])C=C1)C(=O)N(C)CCC[CH]CN12[1*]C3C1C[CH]32(CCCN=C(C([1*])C)C([H])C)C(=O)(=O)N1CCCC1C(=O)NCC(=O)N([1*])[1*])N(C)C(O)C(CC1=CN([1*])C2=CC=CC=C12)CN(=O)C(CC1[CH]NCN1[1*])N(C)C(=O)C1CCC(=O)C1O |$R1;;;;;;;;;;;;;;R1;;;;;;;;;;;;;R1;;;;;;;;;;;R1;;;;;;;;;;;;;;;;;;;;R1;R1;;;;;;;;;;R1;;;;;;;;;;;;;;;;;R1;;;;;;;;;;;$|
grazoprevir_cid44603531,,,grazoprevir_cid44603531.png,low,low,1.422798346905094e-08,invalid,,,,,,invalid,invalid,,False,False,False,False,,False,,,,,,,*C(C(=O)[CH]1(CCC23C(C)C(C)OC45(C)C67C24(C)C2CC[CH]489CC(NC%10C=CC(OC)=CC%10)[CH]%10(C)(CC4CCCC4C%11[CH]C42365%12(C)CC7%12(C)OC%11O)C(O)[CH]8%10C9)OCC1C(C)O)[CH]1(C(O)C(O)[CH](O)(O)C2CC2)C2C[CH]21[CH]C |$R;;;;;;;;;;;;;;;;;;;;;;;;;;;;;;;;;;;;;;;;;;;;;;;;;;;;;;;;;;;;;;;;;;;;;;;;;;;;$|
halofantrine_hydrochloride_cid37392,,,halofantrine_hydrochloride_cid37392.png,low,low,0.008223501865573267,invalid,,,,,,invalid,invalid,,False,False,False,False,,False,,,,,,,CCCCN(CCCC)CCCC1C=C2([CH]C3CC(C(C)(C)C)CCC31)[CH]13CC214CCC34.[CH3+]
haloprogin_cid3561,,,haloprogin_cid3561.png,low,low,0.01415610552356529,invalid,,,,,,invalid,invalid,,False,False,False,False,,False,,,,,,,[1*]C1CC(Cl)C(C)C[CH]1(CCCCCCC)C1([1*])CC(Cl)C(C)CC1CCCCCCC |$R1;;;;;;;;;;;;;;;;;R1;;;;;;;;;;;;;;$|
henagliflozin_cid56832738,,,henagliflozin_cid56832738.png,low,low,0.01034347760487933,wrong,,Henagliflozin,0.15,35,31,wrong,wrong,,False,False,False,False,0.15,False,False,40,1,,,,"CCC[C@@]12CCC([C@@H]3C[CH]C(O)[C@H](C[C@@H]4[CH]C[C@H](OCC)C(C)C4)C3)(O1)[C@H](CO)[C@H](OC)[C@@H]2CC |^1:9,15|"
hexachlorocyclohexane_cid727,,,hexachlorocyclohexane_cid727.png,low,low,0.7836612531685311,wrong,,Hexachlorocyclohexane,0.056,11,12,wrong,wrong,,False,False,False,False,0.056,False,False,21,1,,,,CC1C(O)CC(O)C(C)C1O
hexestrol_cid192197,,,hexestrol_cid192197.png,low,low,0.3816657475471078,wrong,,Hexestrol,0.125,22,20,wrong,wrong,,False,False,False,False,0.125,False,False,23,1,,,,CC[C@H]([C@@H]1CCC(NC)CC1)[C@H](CC)[C@H](C)CC[C@H](C)CO
hexoprenaline_cid3609,,,hexoprenaline_cid3609.png,low,low,0.000245088593108595,invalid,,,,,,invalid,invalid,,False,False,False,False,,False,,,,,,,[1*]C1CCCCCCC([H])CC(OC)[CH]23(CC)CC(CC)C(OC)CC2C(C3)C(OC)CC([H])CCCCCCC([1*])C[CH]2(OC)C3C=CC(OC)C(OC)C3[CH]23(C=CC(OC)C(OC)=C3)C(OC)C1 |$R1;;;;;;;;;;;;;;;;;;;;;;;;;;;;;;;;;;;;;;;;;R1;;;;;;;;;;;;;;;;;;;;;;;;;;;;$|
histrelin_cid25077993,,,histrelin_cid25077993.png,low,low,7.363949852405243e-05,invalid,,,,,,invalid,invalid,,False,False,False,False,,False,,,,,,,*N1C(=O)CCC1[CH](=O)N(C)C(CC([10*])CC=C)CC1NC1(=O)C(C[CH]12CN3([10*])C4CCCC[CH]41C23)C1=O=N1C(COC)C1(=O)=O=N1C(CC1C=CC(O)CC1)C1(=O)(=O)=O=C1(C)(C)C(CC1=CN(CC2C=CC=CC2)C=C1)C(O)NC(CC)CN[CH]CN[CH]OC([H])CC |$R;;;;;;;;;;;;;;R10;;;;;;;;;;;;;;R10;;;;;;;;;;;;;;;;;;;;;;;;;;;;;;;;;;;;;;;;;;;;;;;;;;;;;;;;;;;;;;;;;$|
iberdomide_cid67335295,,,iberdomide_cid67335295.png,low,low,0.02832502974170766,invalid,,,,,,invalid,invalid,,False,False,False,False,,False,,,,,,,*C1C(O)CCC(N23C4C2[CH]425C(OCC4CCC(CC6CCCCC6)CC4)CCC4C2[CH]3(O)C45)C1O |$R;;;;;;;;;;;;;;;;;;;;;;;;;;;;;;;;;;;$|
iclepertin_cid155259577,,,iclepertin_cid155259577.png,low,low,9.591438615561413e-05,invalid,,,,,,invalid,invalid,,False,False,False,False,,False,,,,,,,[H]C(C)(C)[CH]C[CH]1(C(O)C2CC3(O)CC3(N3CC([Si](C)(C)C)C3)C2)C2C3C[CH]4(C)(C)C2C314
icotinib_cid22024915,,,icotinib_cid22024915.png,low,low,0.005817843551130504,invalid,,,,,,invalid,invalid,,False,False,False,False,,False,,,,,,,[11*]C(CC=C1(C[NH+]([H])C2=CC=CC(C=NC)C2)C2(=O)[NH+]3C4[NH+]CN42C31=O)CCOCC |$R11;;;;;;;;;;;;;;;;;;;;;;;;;;;;;;$|
idarubicin_cid42890,,,idarubicin_cid42890.png,low,low,0.0047786484643196,wrong,,Idarubicin,0.181,39,36,wrong,wrong,,False,False,False,False,0.181,False,False,28,1,,,,*O[C@@H]1[C@@H](O[H])C[C@H](O[C@@H]2C[C@](O)([C@H](C)O)C[C@H]3[C@H]2[C@@H](O*)[C@@H]([C@H](O)[C@H]2CC[C@@H]4CC2C4)C(C(C)O)[C@@H]3OC)O[C@@H]1C |$R;;;;;;;;;;;;;;;;;;;;;R;;;;;;;;;;;;;;;;;;;;$|
idelalisib_cid11625818,,,idelalisib_cid11625818.png,low,low,1.019669632990763e-05,invalid,,,,,,invalid,invalid,,False,False,False,False,,False,,,,,,,*C1CC[CH]23C[CH]4(C2)N[CH]2(C13)C(*)[CH]135C(O6C7C8CCC(C)[CH]7(C(=O)[CH][CH]79C[CH]%10%11C[CH]%12(CCC7CC%12%10)C9%11)C86)[CH]67C1C18C42C(C163)C875 |$R;;;;;;;;;;;;R;;;;;;;;;;;;;;;;;;;;;;;;;;;;;;;;$|
ilaprazole_cid214351,,,ilaprazole_cid214351.png,low,low,0.01286993029749153,wrong,,Ilaprazole,0.033,27,26,wrong,wrong,,False,False,False,False,0.033,False,False,42,1,,,,CCC1CCCC(C[C@@H](C)[C@@H]2C[C@@H]3CCC(C4CCCC4)C[C@H]3N2C)C1C
iloperidone_cid71360,,,iloperidone_cid71360.png,low,low,0.008805842566749513,invalid,,,,,,invalid,invalid,,False,False,False,False,,False,,,,,,,*OC1[CH]N2(C(C)C)C[CH]34C(C32)[CH]14OCCCN1CCC(C2NNC3=C24CCC4CC(O)C3)CC1 |$Y;;;;;;;;;;;;;;;;;;;;;;;;;;;;;;;;;;$|
imeglimin_cid24812808,,,imeglimin_cid24812808.png,low,low,0.6390606167577874,wrong,,Imeglimin,0.022,11,11,wrong,wrong,,False,False,False,False,0.022,False,False,18,1,,,,[1*]C([1*])[C@@H](O[CH]C)C(C)CC(C)C |$R1;;R1;;;;;;;;;;$|
indacaterol_cid6918554,,,indacaterol_cid6918554.png,low,low,0.01033212684037258,invalid,,,,,,invalid,invalid,,False,False,False,False,,False,,,,,,,*OC(CC([1*])C1CCC(C)C1)C1CCC(CO)C2N(*)[CH]3(O)CC(C)C4C[CH]12C4C3.CCCC(C)CC |$Z;;;;;R1;;;;;;;;;;;;;;;Rc;;;;;;;;;;;;;;;;;$|
indoximod_cid405012,,,indoximod_cid405012.png,low,low,0.2249836541866914,wrong,,Indoximod,0.047,19,16,wrong,wrong,,False,False,False,False,0.047,False,False,25,1,,,,CO[C@@H](C)[C@H](C[C@@H]1O[C@H](C)[C@@H]2CCCC[C@@H]21)C(C)C
infigratinib_cid53235510,,,infigratinib_cid53235510.png,low,low,0.3259131314967335,wrong,,Infigratinib,0.144,36,38,wrong,wrong,,False,False,False,False,0.144,False,False,29,1,,,,[1*]C1=C(N([1*])C(C)N(C)[C@@H]2C[C@@H](C([H])[C@H]3CC=C(N4CCC(CC)CC4)CC3)C=CN2)C([1*])C(OC)C=C1OC |$R1;;;;R1;;;;;;;;;;;;;;;;;;;;;;;;;;;;R1;;;;;;;$|
ipragliflozin_cid10453870,,,ipragliflozin_cid10453870.png,low,low,0.000360135168383468,invalid,,,,,,invalid,invalid,,False,False,False,False,,False,,,,,,,COC1C(CC2C3[CH](C)([CH]C[CH]45[CH]C6CCCC[CH]67C4C57)[CH]23C)OC(CO)C(CO)C1CO
isavuconazole_cid6918485,,,isavuconazole_cid6918485.png,low,low,1.307299666549257e-09,invalid,,,,,,invalid,invalid,,False,False,False,False,,False,,,,,,,CC(O)C1CCC(C2C[CH]C(C(C)C3CO3)O2)CC1.CO[CH]123[CH]456OC1789%10OC1C7[CH]7%11C[CH]7%12%13%14O[CH]7([CH]%12(O)[CH]%1148)[CH]2%134[CH]59[CH]73%14[CH]164%10
isepamicin_cid3037209,,,isepamicin_cid3037209.png,low,low,0.006872737255105738,invalid,,,,,,invalid,invalid,,False,False,False,False,,False,,,,,,,*N([CH]C1O[CH]2(OCC(C)(C)C(N(C)C)C2CO)O=C(C)C1C([CH]C(C)C)OC1OC(COC)C(OC)C(OC)C1O)C(C)C(CC(C)C)OC |$R;;;;;;;;;;;;;;;;;;;;;;;;;;;;;;;;;;;;;;;;;;;;;;;;;;$|
ivabradine_hydrochloride_cid3045381,,,ivabradine_hydrochloride_cid3045381.png,low,low,0.119319155563591,wrong,,Ivabradine Hydrochloride,0.146,33,35,wrong,wrong,,False,False,False,False,0.146,False,False,14,2,,,,*C.COC1C[C@@H]2C(C[C@@H]2C[C@H](C)CCCN2CC[C@H]3CC(O)=C(O)C[C@H]3C[C@H]2O)C[C@@H]1OC |$Y;;;;;;;;;;;;;;;;;;;;;;;;;;;;;;;;;$|
ivermectin_b1a_cid6321424,,,ivermectin_b1a_cid6321424.png,low,low,0.002944179586764362,invalid,,,,,,invalid,invalid,,False,False,False,False,,False,,,,,,,[1*]C1C2COC3(C)C(OC)C(C)CC(C(O)OC4(C)CC(C)(CC(C)=C(C)C(OC5CC(OC)C(OC6CC(O)C(OC)C(C)O6)C(C)O5)C(C)C(O)N1[1*])OC1(CC[CH]56(C)CC(C5C1)C6([H])C(C)CC)O4)C23C |$R1;;;;;;;;;;;;;;;;;;;;;;;;;;;;;;;;;;;;;;;;;;;;;;;;;;;;;;R1;;;;;;;;;;;;;;;;;;;$|
ketoconazole_cid47576,,,ketoconazole_cid47576.png,low,low,0.07468313693049197,invalid,,,,,,invalid,invalid,,False,False,False,False,,False,,,,,,,*C1CC(C)C=CC1C1(CN2[CH]CN[CH]2)CC(CC[NH]2CCC(N3CCN(C(C)N)CC3)CC2)CO1 |$R;;;;;;;;;;;;;;;;;;;;;;;;;;;;;;;;;;;$|
ketoprofen_cid3825,,,ketoprofen_cid3825.png,low,low,0.0112245572068695,invalid,,,,,,invalid,invalid,,False,False,False,False,,False,,,,,,,CC(O)C(C)C1CC(C(O)[CH]23CCC(CC2)CC3)CCC1C
l_folinic_acid_cid135398559,,,l_folinic_acid_cid135398559.png,low,low,0.326842352627869,invalid,,,,,,invalid,invalid,,False,False,False,False,,False,,,,,,,[10*]CC(N)CCC(C(=O)O[10*])C(O)C(=O)C1CC=C(N(C)CC2CC(O)C3O[CH](N)(C(=O)O)C(O)C(O)C3N2C([10*])[10*])CC1 |$R10;;;;;;;;;;R10;;;;;;;;;;;;;;;;;;;;;;;;;;;;;;R10;R10;;$|
lacosamide_cid219078,,,lacosamide_cid219078.png,low,low,0.003635394353559074,invalid,,,,,,invalid,invalid,,False,False,False,False,,False,,,,,,,[1*]C1[CH]2(C([11*])N([1*])CC3C=CC=CC3)C[SH](C)C2C=C23C4CC2[CH]13C4 |$R1;;;;R11;;R1;;;;;;;;;;;;;;;;;;$|
lactic_acid_cid612,,,lactic_acid_cid612.png,low,low,0.511966157132383,wrong,,Lactic Acid,0.125,5,6,wrong,wrong,,False,False,False,False,0.125,False,False,11,1,,,,[10*]CC(C)C[NH2+][10*] |$R10;;;;;;R10$|
landiolol_hydrochloride_cid164457,,,landiolol_hydrochloride_cid164457.png,low,low,0.09556696107041365,wrong,,Landiolol Hydrochloride,0.273,38,37,wrong,wrong,,False,False,False,False,0.273,False,False,20,2,,,,[1*][C@H](CC[C@@H]([1*])C(O)N1CCOCC1)C[C@H](CC)CO[C@H]1C=C[C@@H](CC[C@H](O)OC[C@@H]2COC(C)(C)O2)C=C1.[I-] |$R1;;;;;R1;;;;;;;;;;;;;;;;;;;;;;;;;;;;;;;;;;$|
larotrectinib_cid46188928,,,larotrectinib_cid46188928.png,low,low,0.000317686519407616,invalid,,,,,,invalid,invalid,,False,False,False,False,,False,,,,,,,CC1C[CH][CH]([Ir])[CH]C1C1CCCC1C1C2[CH]345C1[CH]2316[CH]42[CH](C)(C)[CH]513N[CH]14C(N123)N46C(O)C(N)C1CCC(NO)C1
lasmiditan_cid11610526,,,lasmiditan_cid11610526.png,low,low,0.01100646893672435,invalid,,,,,,invalid,invalid,,False,False,False,False,,False,,,,,,,CC(=O)N(C)C(=O)C1C(C)=CC(C)=C2CC21.CC(C)C.CC(C)[CH]1(O)C[CH]23CC4C25C[CH](C)(C5)CC413
lenacapavir_cid133082658,,,lenacapavir_cid133082658.png,low,low,3.015451718785305e-07,invalid,,,,,,invalid,invalid,,False,False,False,False,,False,,,,,,,CC1C2C(C(C)(C)C(C)(O)O)C1[CH]2(C)C.[1*]C(C(O)CC1C2C([CH](C)(O)O)C3C4(O)CC4(O)C(C)(C)[CH]123)C(CC(C)N1C=CC(O)C2C(C(O)C(C)(O)O)NC(CC(C)(O)O)C21)C[CH]123C[CH]4(C)C5C(O)C1[CH]5(O)(CCC42)C3 |$;;;;;;;;;;;;;;;R1;;;;;;;;;;;;;;;;;;;;;;;;;;;;;;;;;;;;;;;;;;;;;;;;;;;;;;;;;;;;;$|
lenvatinib_cid9823820,,,lenvatinib_cid9823820.png,low,low,0.002278446359489399,invalid,,,,,,invalid,invalid,,False,False,False,False,,False,,,,,,,[H]C(O)C(N)C1[CH]C2C(CC1CC)NCCC2O[CH]12CC([H])C(N3C45=O=C36(=O=4)[N+]3(=O)[O-][N+]564C5CC5[CH]345CC5)C(C1)C2
levobunolol_cid39468,,,levobunolol_cid39468.png,low,low,0.08824187758032795,wrong,,Levobunolol,0.173,21,21,wrong,wrong,,False,False,False,False,0.173,False,False,14,1,,,,*[C@@H](C[C@H](C)CO[C@H](C)[C@@H]1CCCC(=O)[C@H]1[CH]C)C(C)(C)C |$R;;;;;;;;;;;;;;;;;;;;;$|
levodropropizine_cid65859,,,levodropropizine_cid65859.png,low,low,0.07595304739507508,invalid,,,,,,invalid,invalid,,False,False,False,False,,False,,,,,,,*CC(CCCC[NH+](C)C(C)C[CH]1(C)CC[CH]2(C)CCC2C1)C[NH+]* |$Y;;;;;;;;;;;;;;;;;;;;;;;;Y$|
levosimendan_cid3033825,,,levosimendan_cid3033825.png,low,low,0.3495889292003898,wrong,,Levosimendan,0.065,19,21,wrong,wrong,,False,False,False,False,0.065,False,False,31,1,,,,[H]C(CC)CN[C@@H]1C[CH][C@H](C[C@H](C)C[C@@H](N)C([H])C)CC1 |^1:8|
linaclotide_cid16158208,,,linaclotide_cid16158208.png,low,low,1.963726560429364e-11,invalid,,,,,,invalid,invalid,,False,False,False,False,,False,,,,,,,*NC(=O)CCC1CN[CH]CCCOCC[CH]23C(C(=O)C4C(N4C)C45C(C)[CH]67C[CH]68[CH]69(C)C(C(O)C%10(O)CCC[CH]%10%11O[CH]%11(CCC=O)CCC%10C(=O)O[O]%10[Re])[CH]86(C)C79(O)[C]467([Re])[Re][C]64C6[N]89[Re][N](CC(=O)O)([Re]8)C9C64789O[CH]584CN9C4[CH]C(O)C(O)(O)C(O)C1O)C2C3(=O)O |$R;;;;;;;;;;;;;;;;;;;;;;;;;;;;;;;;;;;;;;;;;;;;;;;;;;;;;;;;;;;;;;;;;;;;;;;;;;;;;;;;;;;;;;;;;;;;$|
linifanib_cid11485656,,,linifanib_cid11485656.png,low,low,0.06066551238671995,wrong,,Linifanib,0.069,33,28,wrong,wrong,,False,False,False,False,0.069,False,False,33,1,,,,CC1=CC(C(O)C(N)C(O)[C@H]2C=C[C@@H]([C@@H]3C=CC[C@@H]4[C@H]3[C@H](C(O)O)N[C@@H]4O)CC2)[C@@H](O)C=C1
lipid_a_504_cid10877033,,,lipid_a_504_cid10877033.png,low,low,6.892810830035818e-11,invalid,,,,,,invalid,invalid,,False,False,False,False,,False,,,,,,,CCCCCCCC1CC1CCCCCC.CCCCCCCCCC(=O)CCC1CC1CCCCCC.CCCCCCCCCCC1C2C(C3CC3CCCCCC)C12.CCCCCCCCCCCC1C2C13C1C23C1(=O)CCCC1CCC1CCC.CCCOCCCO1C2C3(C4C(CC)C43)[CH]21(O)C(O)C(CC)NC1(=O)CC1C
lisaftoclax_cid137355972,,,lisaftoclax_cid137355972.png,low,low,0.06903499375475833,invalid,,,,,,invalid,invalid,,False,False,False,False,,False,,,,,,,[1*]C1=CC=C(C2=C(CN3CCN(C4C=C(OC5COC6C([H])C=CC6C5)C(C(=O)N([H])[SH](=O)(O)C5CCC([NH2+]([10*])CC6CCCCC6)C([NH2+])C5)CC4)CC3)CCC3(CCC3)C2)C=C1 |$R1;;;;;;;;;;;;;;;;;;;;;;;;;;;;;;;;;;;;;;;R10;;;;;;;;;;;;;;;;;;;;;;;$|
lorcaserin_hydrochloride_cid11673085,,,lorcaserin_hydrochloride_cid11673085.png,low,low,0.06168214197608581,wrong,,Lorcaserin Hydrochloride,0.052,15,14,wrong,wrong,,False,False,False,False,0.052,False,False,9,2,,,,*O.OC1CCN2[CH]C[C@@H](O)[CH]C2[C@@H]2CC12 |$Y;;;;;;;;;;;;;;;$|
lotilaner_cid76959255,,,lotilaner_cid76959255.png,low,low,2.17756593297511e-07,invalid,,,,,,invalid,invalid,,False,False,False,False,,False,,,,,,,*C(CC(=O)N(*)CC(C)(C)C)C(=O)C1SC([CH]2(OC3C(C([H])([H])C)[CH]456C7C89C4%10[CH]4%11[CH]%12%13(O)[CH]%14([1*])C85(C)=C7%12([1*])[CH]%144(O)[CH]%10%134C3[CH]9%1164)CC2)ON1C |$E;;;;;;R;;;;;;;;;;;;;;;;;;;;;;;;;;;R1;;;;R1;;;;;;;;;;$|
luliconazole_cid3003141,,,luliconazole_cid3003141.png,low,low,0.00372705829001817,wrong,,Luliconazole,0.082,20,21,wrong,wrong,,False,False,False,False,0.082,False,False,20,1,,,,*N([C@@H]1C=NCC1)[C@@H]1C[C@H]([C@@H]2CC3O[C@H]([C@@H]2O)[C@@H]3O)CS1 |$(Am)PuPuPuPu;;;;;;;;;;;;;;;;;;;;$|
lumacaftor_cid16678941,,,lumacaftor_cid16678941.png,low,low,1.310616300249901e-05,invalid,,,,,,invalid,invalid,,False,False,False,False,,False,,,,,,,CNC(N)C1CCCC2C345C(C1)[CH]2167N2[CH]89%10C[CH]28%11(CC[CH]31(C)CC46C)(C9C123=O=C4(=O)(N1%11)C21(C)CC34(C)(C)[CH]12CCC1=C(C2)OC(C)(C)O1)N5%107
lumefantrine_cid6437380,,,lumefantrine_cid6437380.png,low,low,4.498396569775431e-06,invalid,,,,,,invalid,invalid,,False,False,False,False,,False,,,,,,,*C(C1CCC(O)CC1)C1C2[CH]3(C(O)C4[CH]CC(O)CC4)C4C5C(O)C=C[CH]467[CH]3(CCC)[CH]26(CC(CC(CCCC)CCCC)NC)C2C=CC(O)C[CH]1527 |$R;;;;;;;;;;;;;;;;;;;;;;;;;;;;;;;;;;;;;;;;;;;;;;;;;;;;;$|
lurasidone_hydrochloride_cid11237860,,,lurasidone_hydrochloride_cid11237860.png,low,low,0.00257719240107156,invalid,,,,,,invalid,invalid,,False,False,False,False,,False,,,,,,,CC123CCC4(C)(C1)O21C256CC14278(C)[CH]1(O)[CH]24C[CH]9%10C%11CCCC9[CH]%119(CCCC[CH]%109CN9CCN(C%10CCC%11CCCCN%11%10)CC9)CN19(C(O)C357(C)[CH]29O)[CH]468O
lurtotecan_cid60956,,,lurtotecan_cid60956.png,low,low,0.0002246649439182087,invalid,,,,,,invalid,invalid,,False,False,False,False,,False,,,,,,,CC[CH]12C(C)OCC3=C14=C1(COC2O)C32=O=C1(=O)[CH]13C[CH]567CC8C15C2[CH]3(C4)[CH]86OC1CC2CCCCC2C=C1C7CN1CCN(C)CC1
luseogliflozin_cid11988953,,,luseogliflozin_cid11988953.png,low,low,0.000275958419813189,invalid,,,,,,invalid,invalid,,False,False,False,False,,False,,,,,,,*O[CH]12C(C[SH]*)[CH]3(O*)[CH]14(O*)O(*)[CH]231C2O(*)[CH]41(O*)[CH]2(C)C1CC(CC2CC(C(=O)CC)C2)C=CC1[CH]C |$R;;;;;;E;;;R;;;E;;R;;;;E;;;E;;;;;;;;;;;;;;;;;;;$|
lypressin_cid644076,,,lypressin_cid644076.png,low,low,2.215548256590774e-06,invalid,,,,,,invalid,invalid,,False,False,False,False,,False,,,,,,,[1*]C1O[CH]CN([1*])[CH]23C45CC(C4C(=O)N([H])[H])[CH]54[CH]25(O)[CH]26(O)[CH]78C9(C([1*])C(O)O)C([11*])(CO)C[CH]92%10(C2N([11*])C(CNCC(O)C([11*])C(O)C(C)C(CCCC[N+]([H])([H])[H])C(=O)N([1*])CC(=O)[N+]([H])C)C([CH]N2([1*])[CH]7%10O)CCCC(C([H])[H])C1([1*])[1*])[CH]85(O)[CH]436O |$R1;;;;;;R1;;;;;;;;;;;;;;;;;;;R1;;;;;R11;;;;;;;R11;;;;;;;;R11;;;;;;;;;;;;;;;;;R1;;;;;;;;;;R1;;;;;;;;;;;R1;R1;;;;$|
macitentan_cid16004692,,,macitentan_cid16004692.png,low,low,0.05954868912359349,wrong,,Macitentan,0.066,31,32,wrong,wrong,,False,False,False,False,0.066,False,False,38,1,,,,[10*]CC[C@H](C([10*])C(C)(C)OCCC)N(CCCCO[C@@H]1NCC(N)CN1)[C@@H](C)CCC(N)=O |$R10;;;;;R10;;;;;;;;;;;;;;;;;;;;;;;;;;;$|
mafodotin_cid56949327,,,mafodotin_cid56949327.png,low,low,0.02053930329421932,invalid,,,,,,invalid,invalid,,False,False,False,False,,False,,,,,,,*OC(=O)C(CC1=CC=CC=C1)C1C[CH](C)(C(OC)C23CCCN2(C(=O)CC(CC)CC(C)CC)C3)O1.CNC(=O)C(C(C)C)N(C)C(=O)C(C(C)C)N(C)C(O)CCCCCN1C(=O)CCC1O |$Ph;;;;;;;;;;;;;;;;;;;;;;;;;;;;;;;;;;;;;;;;;;;;;;;;;;;;;;;;;;;;;;;;;;;;$|
maribavir_cid471161,,,maribavir_cid471161.png,low,low,0.06676711414992448,wrong,,Maribavir,0.099,25,24,wrong,wrong,,False,False,False,False,0.099,False,False,26,2,,,,*C(C)C.*O[C@H]1[C@H](OC)[C@H](COC)C[C@H]1C1[CH]NC2CC(O)C(O)C[C@@H]21 |$R;;;;R;;;;;;;;;;;;;;;;;;;;;;$|
mavacamten_cid117761397,,,mavacamten_cid117761397.png,low,low,0.003397992139560303,invalid,,,,,,invalid,invalid,,False,False,False,False,,False,,,,,,,*C1C(C)C2CCCCC2[CH]2(CCCCC2)C(C)C(*)[CH]23C[CH](C)(OC(C)C2O)C2(C(C)C)C(O)CC1[CH]3(O)C2O |$R;;;;;;;;;;;;;;;;;;;R;;;;;;;;;;;;;;;;;;;;;$|
maxacalcitol_cid6398761,,,maxacalcitol_cid6398761.png,low,low,0.1735647798906088,wrong,,Maxacalcitol,0.253,32,30,wrong,wrong,,False,False,False,False,0.253,False,False,16,1,,,,*OC(C)(C)CCC[C@@H](C)[C@@H]1CC[C@@]2([H])[C@@H](C([H])[C@@H]([1*])[C@@H]3C[C@@H](CO)C[C@H](CO)[C@H]3C)CCC[C@]12C |$R;;;;;;;;;;;;;;;;;;;R1;;;;;;;;;;;;;;;;$|
mebeverine_hydrochloride_cid17683,,,mebeverine_hydrochloride_cid17683.png,low,low,0.3438541021407643,wrong,,Mebeverine Hydrochloride,0.313,33,32,wrong,wrong,,False,False,False,False,0.313,False,False,7,2,,,,COC1=C(OC)C[C@H](C(=O)OCCCCN(C)C(C)(C)Cc2ccc(OC)cc2)C=C1.C[I-] |^1:32|
mechlorethamine_cid4033,,,mechlorethamine_cid4033.png,low,low,0.8144273836835763,wrong,,Mechlorethamine,0.08,7,8,wrong,wrong,,False,False,False,False,0.08,False,False,5,1,,,,CCCNCCO
meclofenamic_acid_cid4037,,,meclofenamic_acid_cid4037.png,low,low,2.294948190471618e-08,invalid,,,,,,invalid,invalid,,False,False,False,False,,False,,,,,,,*[CH]1234C5=C67[CH]8(C)C(=CC([CH]C)NC)CC9%10=C1%11%12C1[CH]692%13%14%15C8[CH]17%103%13(CC)(C%11%14)C5%124%15.CNC(O)C1NC(O)C[CH]1(C)O.[Cu+17] |$Ra(Ta)(Ta)(Ta)(Ta);;;;;;;;;;;;;;;;;;;;;;;;;;;;;;;;;;;;$|
melphalan_cid460612,,,melphalan_cid460612.png,low,low,0.3731094450783222,wrong,,Melphalan,0.113,20,19,wrong,wrong,,False,False,False,False,0.113,False,False,23,1,,,,*CC[C@H](CC[1*])[C@@H]1CCC(C[C@H](C(=O)O)[C@H](C)OC)CC1 |$Et;;;;;;R1;;;;;;;;;;;;;;;$|
menadione_cid4055,,,menadione_cid4055.png,low,low,0.3947874797622395,wrong,,Menadione,0.024,11,13,wrong,wrong,,False,False,False,False,0.024,False,False,14,1,,,,*C1C(C)CC(*)[C@@H]2CCCC[C@H]12 |$Y;;;;;;Y;;;;;;$|
mertansine_cid11343137,,,mertansine_cid11343137.png,low,low,0.02730106246986422,wrong,,Mertansine,0.11,56,50,wrong,wrong,,False,False,False,False,0.11,False,False,43,1,,,,CCC(COC[C@@H](C)[C@@H](O)[C@H](O)[C@@H](O)[C@@H](CC)[C@@]1(CC)C[C@@](O)([C@@H](C)C(O)(O)[C@@H](O)[C@H](CC)NC(=O)[C@@H](C)[C@@H](C)[C@H](O)CCCO)O[C@@H](O)[C@H]1O)O[C@@H](C)OC
mestranol_cid6291,,,mestranol_cid6291.png,low,low,0.004810577181199933,invalid,,,,,,invalid,invalid,,False,False,False,False,,False,,,,,,,**C1*CC12C1C345C67[CH]89C3%10[CH]63[CH]846(C4(C)CCC8[CH]C(CC)C[CH]C8C4(C)CCC26C)[CH]17%10935 |$Y;Y;;Y;;;;;;;;;;;;;;;;;;;;;;;;;;;;$|
methoxyflurane_cid4116,,,methoxyflurane_cid4116.png,low,low,0.2880540459254199,wrong,,Methoxyflurane,0.176,16,8,wrong,wrong,,False,False,False,False,0.176,False,False,41,3,,,,C.CCC(C)(C)CCl.CCC(C)(CO)OC
methscopolamine_bromide_cid5459110,,,methscopolamine_bromide_cid5459110.png,low,low,0.2848539042225097,invalid,,,,,,invalid,invalid,,False,False,False,False,,False,,,,,,,*CC[CH]C(C)O[CH]12CC(C)(C1)C(C)(C)C1[CH]34CC3C14(C)C2.[I-] |$R;;;;;;;;;;;;;;;;;;;;;;$|
methyl_o_2_3_4_tri_o_methyl_6_o_sulfo_alpha_d_glucopyranosyl_cid3083445,,,methyl_o_2_3_4_tri_o_methyl_6_o_sulfo_alpha_d_glucopyranosyl_cid3083445.png,low,low,0.0002043858330753795,invalid,,,,,,invalid,invalid,,False,False,False,False,,False,,,,,,,[H]O[Si](O)(O)OC([CH]O[CH]C([CH]CC)OC)C([CH]O[CH]12C(OC)[CH]3(O)[CH]45O6[CH]78O[CH]639O[CH]136C(=O)O[Si](O[Si](O)(O)O[H])O1%10[Si]O([Si]1)[Si]%10(O[CH]493C2O56)O1[Si](O)(O[H])O[Si]1(O)(O)(O[H])OCC7OC(OC)C(O[Si](O)(O)O[Si])C8OS(O)(O)O[Si])O[Si](=O)(O)O[H]
methyldigoxin_cid443946,,,methyldigoxin_cid443946.png,low,low,2.758418818550457e-07,invalid,,,,,,invalid,invalid,,False,False,False,False,,False,,,,,,,[H]CC1CC(OC2C(C)CC(OC3C(CO)CC(O[CH]C4C5O[CH]46(C)CCC478C9%10(C)C%11%12C4(C)(C94[CH]%119%13%14C%11[CH][CH]9%15%16%17%18%19(C)[CH]9%20C%21OC(O)CC%21%22C%21CC%22(OC%21O)[CH]%15%21C9%15C%20C9[CH]7%16%20%22CC98%177(C)(C[CH]%18(C[H])[CH]%21%207(C)[CH]%11%124%197C%134[H]C%147[H]4)C%15%22)C5%106C)OC3C)CC2O)OC(C)C1OC
methyldopa_cid38853,,,methyldopa_cid38853.png,low,low,0.07260470543309828,wrong,,Methyldopa,0.081,18,15,wrong,wrong,,False,False,False,False,0.081,False,False,20,1,,,,*O[C@@H]1C[C@@H](CC(C)([C@@H](C)O)[C@@H](C)O*)CC[C@H]1OC |$Y;;;;;;;;;;;;;;Y;;;;;$|
methylergometrine_cid8226,,,methylergometrine_cid8226.png,low,low,0.009515982526738725,invalid,,,,,,invalid,invalid,,False,False,False,False,,False,,,,,,,*CCC(CC)C(*)C(O)C1CC(C)C2(C)CC3CN45(*)CC(*)[CH]467CC4C8[CH]9%10%11[CH]4%12CC6C5[CH]397[CH]8%12%10[CH]2%11C1 |$R;;;;;;;R;;;;;;;;;;;;;R;;;R;;;;;;;;;;;;;$|
methylnaltrexone_bromide_cid5361917,,,methylnaltrexone_bromide_cid5361917.png,low,low,0.0009126108570078232,invalid,,,,,,invalid,invalid,,False,False,False,False,,False,,,,,,,*CC1[CH]CC2CC(C)(CC3CC3)C(C)C3(O*)CC4C(C)[CH]5(CC1C2C35)C4O.[I-] |$Z;;;;;;;;;;;;;;;;;Y;;;;;;;;;;;;$|
methyltestosterone_cid6010,,,methyltestosterone_cid6010.png,low,low,0.2182339479558698,wrong,,Methyltestosterone,0.117,25,22,wrong,wrong,,False,False,False,False,0.117,False,False,16,1,,,,C[CH][C@](C)(CC[C@H](CC)[C@]1(C)CC[C@@H]2C[C@H](O)CC[C@]2(C)[C@@H]1C)OC |^1:1|
metra_cid120608,,,metra_cid120608.png,low,low,0.1533887087293966,invalid,,,,,,invalid,invalid,,False,False,False,False,,False,,,,,,,*OC(C)C(C(C)C)C(CC)C(C)CC.CC1C([CH]23CC4C5C6C(CC62)C5C43)CCC[NH+]1C |$R;;;;;;;;;;;;;;;;;;;;;;;;;;;;;;;;$|
mezigdomide_cid137379043,,,mezigdomide_cid137379043.png,low,low,6.890287291762291e-05,invalid,,,,,,invalid,invalid,,False,False,False,False,,False,,,,,,,*C1CC23C(=N)C4C2C(C1N1CCN(CC2CC[CH]5(CC2)CO[CH]267O(C5)[CH]58C29C2C(C9C256)C2C(O)N(C(CCC(N)=O)C(C)C)[CH][CH]287)CC1)C43 |$Y;;;;;;;;;;;;;;;;;;;;;;;;;;;;;;;;;;;;;;;;;;;;;;;;;$|
mezlocillin_cid656511,,,mezlocillin_cid656511.png,low,low,1.248731261598061e-05,invalid,,,,,,invalid,invalid,,False,False,False,False,,False,,,,,,,COC(=O)C1C(CO)C(C(O)C(O)[CH]2(C(C)C(O)[CH]34[CH]C(C3)C([Si](C)(C)C)C4O)[CH]345C6C[CH]C[CH]37C3C(C)CC[CH]6724C35)C(O)OC1(C)C
miconazole_nitrate_cid68553,,,miconazole_nitrate_cid68553.png,low,low,0.00432909815625646,invalid,,,,,,invalid,invalid,,False,False,False,False,,False,,,,,,,[H]C(O)(CN1CCOC1CC123=C45OC=1(O4)C5C(O)CC2CC3)C1CCC(C)CC1O.[H]N(C)CC
midodrine_hydrochloride_cid18340,,,midodrine_hydrochloride_cid18340.png,low,low,0.0001099129005000719,invalid,,,,,,invalid,invalid,,False,False,False,False,,False,,,,,,,CC.[1*]C1(CC(O)C(C)CC(C)=O)[CH]2345C6[CH]789C%10C%11%12(CC)C7%13C[CH]82(OC)[CH]612(C93CC)[CH]%114[CH]%10%13(OC)[CH]%1252 |$;;R1;;;;;;;;;;;;;;;;;;;;;;;;;;;;;;;$|
mifamurtide_anhydrous_cid123133557,,,mifamurtide_anhydrous_cid123133557.png,low,low,1.813074439963067e-05,invalid,,,,,,invalid,invalid,,False,False,False,False,,False,,,,,,,CCCCCCCC1CCCCCCCC(=O)CCCCCCC1C.CCCCCCCCCCCCCCC(=O)NCC(C)=O.[10*]C(=O)C(C([10*])C(=O)O)C(COC(=O)CC1(=O)=O=C1CC1C2C13C1C(C4([H])O[H]4O)C213)C(C(=O)O)C(C)C[NH3+](O)[O][Pr].[Cl-].[Cl-].[H]C(C)(=O)OCC(C)C(=O)NC(=O)CCCCCCCCCCCCCC |$;;;;;;;;;;;;;;;;;;;;;;;;;;;;;;;;;;;;;;;;;;;;;;R10;;;;;R10;;;;;;;;;;;;;;;;;;;;;;;;;;;;;;;;;;;;;;;;;;;;;;;;;;;;;;;;;;;;;;;;;$|
migalastat_cid176077,,,migalastat_cid176077.png,low,low,0.005005528763832773,invalid,,,,,,invalid,invalid,,False,False,False,False,,False,,,,,,,*OCC(C)C1C2[CH]3(O)[CH]4(CC(*)C)CC(C4C(C)C)C(O)[CH]123CC.[Cl-] |$E;;;;;;;;;;;;Ph;;;;;;;;;;;;;$|
miglitol_cid441314,,,miglitol_cid441314.png,low,low,0.0004040711383816302,invalid,,,,,,invalid,invalid,,False,False,False,False,,False,,,,,,,CC(O)[CH]C(CO)C(O)C1CC(O)CC2CC(O)CC3CC(O)CC(CO)CCN31C2
miglustat_cid51634,,,miglustat_cid51634.png,low,low,0.004417109470981733,invalid,,,,,,invalid,invalid,,False,False,False,False,,False,,,,,,,CCC.CCC.CCCC1C2C3C(C)[CH]13(CC)[CH]2(CC)C(C[CH]1(C)C(CC)C(CC)C(COC)CN1CC)N(CC)CC
milademetan_cid73297272,,,milademetan_cid73297272.png,low,low,0.0002315886585443012,invalid,,,,,,invalid,invalid,,False,False,False,False,,False,,,,,,,[H]C1C(C)CC[CH]C12CC134567O[CH]18C[N+](C)(C)CCC83(CC[N+](C)(C)CC4O)(C(O)C(C(=O)NC1CCC(C(C)C(C)C)OC1)C25)C6([H])C(O)[CH]12C3C4O[CH]3(O)(CCC17)C42
milnacipran_hydrochloride_cid163701,,,milnacipran_hydrochloride_cid163701.png,low,low,0.762737500198936,wrong,,Milnacipran Hydrochloride,0.095,21,19,wrong,wrong,,False,False,False,False,0.095,False,False,22,2,,,,CI.[H]C(=O)C[C@@H](C)[C@@H](C1CCCCC1)[C@H](C)C(CC)CC
milrinone_cid4197,,,milrinone_cid4197.png,low,low,0.009810809920319841,invalid,,,,,,invalid,invalid,,False,False,False,False,,False,,,,,,,CC12N[CH]3(N)[CH]4(O)C5[CH]16C1CCOCC1C6[CH]53([SiH2])[CH]4(O)N2
milvexian_cid118277544,,,milvexian_cid118277544.png,low,low,0.0002236667494080094,invalid,,,,,,invalid,invalid,,False,False,False,False,,False,,,,,,,*N1[CH]N2(CCC)CC2C1.CC(O)C(C)CCCC(C1C[CH]234C5CN[CH]C12[CH]512C56C7CN8(C(C)C)[CH]531C7[CH]6842)N1CCC(CCCO)CC1 |$E;;;;;;;;;;;;;;;;;;;;;;;;;;;;;;;;;;;;;;;;;;;;;;;$|
miocamycin_cid5282188,,,miocamycin_cid5282188.png,low,low,0.05325425419828448,wrong,,Miocamycin,0.274,67,63,wrong,wrong,,False,False,False,False,0.274,False,False,37,1,,,,*O[C@H]1[C@@H](C(C)C)[C@H](O[C@H]2C[C@@](C)(C[C@@H](C)N)[C@@H](O[C@@H](C)CC)[C@H](*)O2)[C@@H](C)N[C@H]1O[C@@H]1[C@@H](CC(=O)O)C[C@@H](C)[C@@H](CC(C)C)/C(C)=C(\C)[C@@H](O)[C@H](C)C[C@@H](C)O[C@@H](O)C[C@@H](OC(=O)CC)[C@@H]1OC |$Y;;;;;;;;;;;;;;;;;;;;;;;;Y;;;;;;;;;;;;;;;;;;;;;;;;;;;;;;;;;;;;;;;;;;;;$|
mitiglinide_cid121891,,,mitiglinide_cid121891.png,low,low,0.01851635527677909,wrong,,Mitiglinide,0.096,25,23,wrong,wrong,,False,False,False,False,0.096,False,False,21,1,,,,*C1[C@@H](CC2CC[CH]CC2)CC(N2C[C@]3(C)CCCC[C@]3(C)C2)O[C@@H]1C |$R;;;;;;;;;;;;;;;;;;;;;;;;;$|
mitotane_cid4211,,,mitotane_cid4211.png,low,low,0.01139800248995361,invalid,,,,,,invalid,invalid,,False,False,False,False,,False,,,,,,,*C(C)C(C1[CH]CC(O)CC1)[CH]12CC3C4C[CH]3(CC1C)C4C2C |$Ra;;;;;;;;;;;;;;;;;;;;;;$|
mivacurium_chloride_cid5281080,,,mivacurium_chloride_cid5281080.png,low,low,0.003348137564434314,invalid,,,,,,invalid,invalid,,False,False,False,False,,False,,,,,,,CCC(=O)OCCCCCC12=CC3(OC)=C4(OC)C(=OC)C13=C13C(=C(C)C(C)(CCCOC(=O)CC)CC21)C3=C4C(O)CC=C(C)C=C(COC)OC.COC1=C(O)C=C2CCCC(C)(CCCOC(=O)CCC(O)C(C)C)C(CC3C=CC(O)=C(OC)C3)C2=C1
ml_rr_s2_cda_sodium_salt_cid135390762,,,ml_rr_s2_cda_sodium_salt_cid135390762.png,low,low,3.713646089145572e-07,invalid,,,,,,invalid,invalid,,False,False,False,False,,False,,,,,,,[H]CNC1[CH]O([CH]C(O[H])C2(C)OC(C)(O[H])OC3C45(C)COC(C)(O[H])OC6(C)C(O[H])C(O7C8CC9N%10(C([H])[H])C%11C%12%13%14C%15[CH]%11%16%17O%12[CH]89%157C%13%16C[CH]%10%14%17)OC26(C)COP(O)OC2678(C)CC29%10(O4)[CH]6(C2COC4C(C([H])[H])CCOC42)C([H])[CH]97[CH]32(O)O[CH]52%108)[CH]C1
molsidomine_cid5353788,,,molsidomine_cid5353788.png,low,low,0.2874681288027046,wrong,,Molsidomine,0.075,18,17,wrong,wrong,,False,False,False,False,0.075,False,False,34,1,,,,CC(C)CC(C)C[C@H]1CCN(C2CCCCC2)C1
mometasone_furoate_cid441336,,,mometasone_furoate_cid441336.png,low,low,2.705680313494622e-07,invalid,,,,,,invalid,invalid,,False,False,False,False,,False,,,,,,,CC[NH+](C)C1(CC(C)[CH]23CC(CS2)C3)C(C)C[CH]23C(C)(C)C45678(CCC9C%10C%11C%12C%13C(C)C[CH]9%11%14(CCC24C)[CH]%1052C[CH]%1464(C)C[CH]%13%1224)C(C)C2CC(C)C(CC(C)C4=C5C69C[CH]56C9S4)[CH]2(C)C[CH]7(C)(CC13(C)C)C8C
monophosphoryl_lipid_a_cid24978548,,,monophosphoryl_lipid_a_cid24978548.png,low,low,9.859403542396835e-13,invalid,,,,,,invalid,invalid,,False,False,False,False,,False,,,,,,,CCCCCCCCCCC1C234=O56=C27C=513O4C=671=O(=C(=O)(CCCCO)C(O)C(=O)OCCCCCCCCCCC2CC2)=C23(=O=C([CH]O[CH]4(CO)O[CH]5(CC67=O8=C9(OC(=O)C%10C%11C%10C%11%10CC%10CCCCCCCC)C6C=879)[CH]678O9[CH]6%10O7[CH]945%108O)O2)CC31.CCCCCCCCCCCC(CCCCC=O)OC12=O=C13C14C56C(C57C5C89C(CCCC)CC8C597)C61C423
morantel_tartrate_cid6433951,,,morantel_tartrate_cid6433951.png,low,low,0.06423273290538242,wrong,,Morantel Tartrate,0.077,25,25,wrong,wrong,,False,False,False,False,0.077,False,False,25,2,,,,*OC[C@H](O*)[C@@H](CO)[C@H](C)O*.*[C@@H](C1CCCCO1)[C@H](C)C1[CH][C@@H](C)[C@@H]1C |$R;;;;;R;;;;;;;R;R;;;;;;;;;;;;;;;$|
moroxydine_cid71655,,,moroxydine_cid71655.png,low,low,0.2014184029371013,invalid,,,,,,invalid,invalid,,False,False,False,False,,False,,,,,,,CC(C)C(N[CH]12CC(C)C1C1C3CN12CCN3)C(C)C
mosapride_cid119584,,,mosapride_cid119584.png,low,low,0.01088987645671104,invalid,,,,,,invalid,invalid,,False,False,False,False,,False,,,,,,,[10*]C1N([H])CC234CNCC(N2)N32CCNCC2C4NC2([10*])[CH]34(C)C5CC(C([H])[H])C[CH]3(OCC)[CH]152C4OCC |$R10;;;;;;;;;;;;;;;;;;;;R10;;;;;;;;;;;;;;;;;;$|
muramyl_dipeptide_cid451714,,,muramyl_dipeptide_cid451714.png,low,low,0.004207365370771512,invalid,,,,,,invalid,invalid,,False,False,False,False,,False,,,,,,,[10*]C[CH]12O[CH]34C[CH]5(C)(O1)[CH]31O3C(C)C[CH](C)(C)N([CH])[CH]345[CH]13C[CH]1(C(O)C(=C)C(C)C(C)OC(CCC(C)CC)C(O)C(C)C)CC(C)[CH]23C(C)C1 |$R10;;;;;;;;;;;;;;;;;;;;;;;;;;;;;;;;;;;;;;;;;;;;;;;;;;$|
murepavadin_cid91824766,,,murepavadin_cid91824766.png,low,low,3.659708873748718e-08,invalid,,,,,,invalid,invalid,,False,False,False,False,,False,,,,,,,*NC12(CC1)CC21(O)OC1C(C)C(=O)C(C)C(C)([CH]CC)C(O)C(O)[CH]1(C2(=O)=O=C3(C)[CH]456CCN789%10CC(C7)(C8)(C9)C%10C4[CH]34(CC)(N2[H])C5(O)N[CH]23(CCN(C)C)C(O)[CH]5(O)[CH]2(O)(C(CCN(C)C)C3(O)[CH]64O)[CH]2(O)[CH]3467C8C9C3[CH]523(C4CN2(C)CN(C)(CC63)C2)O987)CC2C1CC13(C)CC2(C1)C3.CC.O |$R;;;;;;;;;;;;;;;;;;;;;;;;;;;;;;;;;;;;;;;;;;;;;;;;;;;;;;;;;;;;;;;;;;;;;;;;;;;;;;;;;;;;;;;;;;;;;;;;;;;;;;$|
n_1r_2r_2_2_3_dihydro_1_4_benzodioxin_6_yl_2_hydroxy_1_1_pyr_cid23652731,,,n_1r_2r_2_2_3_dihydro_1_4_benzodioxin_6_yl_2_hydroxy_1_1_pyr_cid23652731.png,low,low,0.05257034171341711,invalid,,,,,,invalid,invalid,,False,False,False,False,,False,,,,,,,[1*]OC(C1CCC2NCCNC2C1)C(CN1CCCC1)N[CH]([CH])(C)CCCCCCC |$R1;;;;;;;;;;;;;;;;;;;;;;;;;;;;;;$|
n_2r_2_3_dihydroxypropoxy_3_4_difluoro_2_2_fluoro_4_iodophen_cid9826528,,,n_2r_2_3_dihydroxypropoxy_3_4_difluoro_2_2_fluoro_4_iodophen_cid9826528.png,low,low,0.01048389024149514,invalid,,,,,,invalid,invalid,,False,False,False,False,,False,,,,,,,*OCC(CC)CCC([10*])C(O)C1C[CH]2(CC)CCCC34(CC[CH]135C([10*])C13C6(C)CC(C)C[CH]1(C4)C6C35C)C2C |$CH3CO;;;;;;;;;R10;;;;;;;;;;;;;;;;R10;;;;;;;;;;;;;;$|
nafarelin_cid25077405,,,nafarelin_cid25077405.png,low,low,0.004825849163670445,invalid,,,,,,invalid,invalid,,False,False,False,False,,False,,,,,,,[10*]C(=O)C(=NCCC(N)C(=O)N1CCCC1C(=O)N(C)CC(=O)N(C)C)N(C)C.[10*]C([CH]C)[CH]NCC.[10*]N([CH]CCC(=O)C(C)C1CCC(=O)N1C)CO.[2*]N([10*])C1=CC=C(CC(C(=O)NC(CC2=CC3=CC=CC=C3C=C2)C(=O)N[CH]2(C(N)=O)CC(C)C2C(C)C)C([10*])C(O)C(O)CO)C=C1 |$R10;;;;;;;;;;;;;;;;;;;;;;;;;;;;;R10;;;;;;;;R10;;;;;;;;;;;;;;;;;;R2;;R10;;;;;;;;;;;;;;;;;;;;;;;;;;;;;;;;;;;;;R10;;;;;;;;$|
nafithromycin_cid117587595,,,nafithromycin_cid117587595.png,low,low,0.02401657822071306,invalid,,,,,,invalid,invalid,,False,False,False,False,,False,,,,,,,*OC1C2CC3C(CC2C(C)CC1N(C)C)C(O)C(C)C(O)O[CH]C1(C)OC(O)C(C(OCC(C)C2CC(C4CC=CC=N4)=NN2)C(C)C)[CH]1(O)C1CC3(CC)CC(O)C1=O |$R;;;;;;;;;;;;;;;;;;;;;;;;;;;;;;;;;;;;;;;;;;;;;;;;;;;;;;;;;;;;$|
nalmefene_hydrochloride_cid5388881,,,nalmefene_hydrochloride_cid5388881.png,low,low,0.005470147754052877,invalid,,,,,,invalid,invalid,,False,False,False,False,,False,,,,,,,*CC1C(C)C(CC2CC2)CCCC2C3C[CH]34C3C5[C-](*)C3(C*)(C2OC(C)C1C)C54.[C-].[C-] |$R;;;;;;;;;;;;;;;;;;;;R;;;R;;;;;;;;;$|
napsagatran_cid11954363,,,napsagatran_cid11954363.png,low,low,0.008635609654033568,invalid,,,,,,invalid,invalid,,False,False,False,False,,False,,,,,,,[1*]OC(=O)CN(C1CC1)C(N)C(CC(O)C([H])CC1CCCC(C(NC)C([H])O)C1)NS(C)(C)[CH]12CC3CCCCC3C(C1)C2.[H][Co+2][OH] |$R1;;;;;;;;;;;;;;;;;;;;;;;;;;;;;;;;;;;;;;;;;;;;;;;$|
natamycin_cid5284447,,,natamycin_cid5284447.png,low,low,4.2373835965145e-09,invalid,,,,,,invalid,invalid,,False,False,False,False,,False,,,,,,,COC1CC(O)C[CH][CH][CH]2(O)C3C4(O)[CH]2(O)C32O[CH]35C6C(C37C6(O)[CH]36(O)C(O)[CH]89(O)[CH]3(O)(C(O)C76O)[CH]3(O)[CH]86(O)[CH]78(O)C%10(O)[CH]%11%12(O)C7(O)(C7[CH]%11%13%14C[CH]O[CH]%11(C)O%15C(O[CH]7%13%12C%14C(C)(O)C(C(=O)O)C(O)C1)C(CO)C(C(C)O)[CH]%11(OC)C%15C)[CH]%106(O)[CH]389O)O425
nateglinide_cid5311309,,,nateglinide_cid5311309.png,low,low,0.6398957674572536,wrong,,Nateglinide,0.2,24,23,wrong,wrong,,False,False,False,False,0.2,False,False,24,1,,,,*[C@@H]([C@H](CC1CCCCC1)[C@H](C)OC)[C@@H](C)C1CCC(C(C)C)CC1 |$R;;;;;;;;;;;;;;;;;;;;;;;;$|
netarsudil_cid66599893,,,netarsudil_cid66599893.png,low,low,0.006699806860706381,invalid,,,,,,invalid,invalid,,False,False,False,False,,False,,,,,,,*N123*C4(C1C(CC(C)=O)C1CCC(CNC(=O)C5=C(C)C=C(C)C=C5)CC1)[CH]21C2CCC5=C=C(=C)C5CC(C=N)[CH]C[CH]2413 |$R;;R;;;;;;;;;;;;;;;;;;;;;;;;;;;;;;;;;;;;;;;;;$|
netupitant_cid6451149,,,netupitant_cid6451149.png,low,low,0.006009356125326741,wrong,,Netupitant,0.094,44,41,wrong,wrong,,False,False,False,False,0.094,False,False,35,1,,,,C[C@@H]1CC[C@@H](C2CC[C@@H]([C@H](C)[C@@H](O)C(C)(C)[C@H]3CC(C(F)(F)F)C[C@H](C(F)(F)F)C3)[C@H](C34C5CCC6C3C(CC5)C64)C2)CC1
nicotinamide_cid936,,,nicotinamide_cid936.png,low,low,0.01545207343866464,invalid,,,,,,invalid,invalid,,False,False,False,False,,False,,,,,,,O[CH]12C3[CH]C4[CH]C1C4C2O3
nifuroxazide_cid5337997,,,nifuroxazide_cid5337997.png,low,low,0.09960775487008881,wrong,,Nifuroxazide,0.013,18,20,wrong,wrong,,False,False,False,False,0.013,False,False,25,1,,,,[10*]O[C@H]1CC[C@@H]([C@@H](O)N([10*])C[C@H]([10*])[C@H]2CC[C@@H](N([10*])[10*])C2)CC1 |$R10;;;;;;;;;R10;;;R10;;;;;;R10;R10;;;$|
nikkomycin_z_cid456557,,,nikkomycin_z_cid456557.png,low,low,0.2076161076027923,invalid,,,,,,invalid,invalid,,False,False,False,False,,False,,,,,,,*N(*)C(C(C)C([H])C(C(=O)OC)C1([H])OC(N2CCC(C)C(O)C2O)C(OC)C1OC)C(C)C(C)C1[CH]C[CH](OC)=CN1 |$E;;E;;;;;;;;;;;;;;;;;;;;;;;;;;;;;;;;;;;;;;;;;$|
nimesulide_cid4495,,,nimesulide_cid4495.png,low,low,0.0103028958063037,wrong,,Nimesulide,0.037,23,21,wrong,wrong,,False,False,False,False,0.037,False,False,24,1,,,,"CC(C)(O)[C@H](O)[C@@H]1CC[C@H](C(O)O)C[C@@H]1O[C@H]1O[CH]C[C@H]2[CH][C@@H]12 |^1:18,21|"
nimodipine_cid4497,,,nimodipine_cid4497.png,low,low,0.03350138282990826,invalid,,,,,,invalid,invalid,,False,False,False,False,,False,,,,,,,CCCCOC(=O)C1C(C)NC(C)C(COCC)C1[CH]1(C)CCCC(C(C)=O)C1
niraparib_cid24958200,,,niraparib_cid24958200.png,low,low,0.1384072290194743,invalid,,,,,,invalid,invalid,,False,False,False,False,,False,,,,,,,[1*]C1CCCC([CH]23C=C[CH]4([CH]C4=C2)CC3)C1.[1*]NC(N)C1CC[CH]C2CNNC21 |$R1;;;;;;;;;;;;;;;;R1;;;;;;;;;;;;$|
nitisinone_cid115355,,,nitisinone_cid115355.png,low,low,0.03429519670821109,wrong,,Nitisinone,0.04,20,23,wrong,wrong,,False,False,False,False,0.04,False,False,36,3,,[I-],,*C1([C@H]2CC(C)C[C@@H](C(C)C)C2)CCC[C@@H](N)C1C[1*].[I-].[I-] |$R;;;;;;;;;;;;;;;;;;;R1;;$|
nitrous_oxide_cid948,,,nitrous_oxide_cid948.png,low,low,4.90390230489462e-129,invalid,,,,,,invalid,invalid,,False,False,False,False,,False,,,,,,,CCCCCCCCCCCCC1C2C13C21C32C13C21C32C13C21C32C13C21C32C13C21C32C13C21C32C13C21C32C13C21C32C13C21C32C13C21C32C13C21C32C13C21C32C13C21C32C13C21C32C13C21C32C13C21C32C13C21C32C13C21C32C13C21C32C13C21C32C13C21C32C13C21C32C13C21C32C13C21C32C13C21C32C13C21C32C13C21C32C13C21C32C13C21C32C13C21C32C13C21C32C13C21C32C13C21C324C135C216C4327C5134C6215C7326C4137C5214C6325C7136C4217C5324C6135C7216C4327C5134C6215C7326C4137C5214C6325C7136C4217C5324C6135C7216C4327C51348C159%10%11C%12%13%14%15%16C1%17%18%19%20C%121%21%22%23C3%13%175%12%24C624%189C78%19%10%12C1%14%20%11%24C%21%1512C3456C789C%10CC%107%11C837C%11943C751%22C362%23%16
nizatidine_cid4513,,,nizatidine_cid4513.png,low,low,0.7013118083278183,wrong,,Nizatidine,0.08,22,21,wrong,wrong,,False,False,False,False,0.08,False,False,35,1,,,,*C(CCCC[C@H](C)N[C@H](C)CN(C)C)[C@H](NC(C)C)C(C)C |$R;;;;;;;;;;;;;;;;;;;;;;$|
norelgestromin_cid62930,,,norelgestromin_cid62930.png,low,low,0.02121195616635922,invalid,,,,,,invalid,invalid,,False,False,False,False,,False,,,,,,,*CC1234([N]=[Am][*])C(*)C15(C2*)C3[CH]C(C1(C)CCC2CC(CO*)CCC2(C)C1C)C54CC |$E;;;;;Z;;E;;;E;;;;;;;;;;;;;Z;;;;;;;;;$|
obicetrapib_cid11498596,,,obicetrapib_cid11498596.png,low,low,6.659272514311622e-05,invalid,,,,,,invalid,invalid,,False,False,False,False,,False,,,,,,,CCOC(=O)[CH]1234C(=O)(OCC)[CH]567[CH]189C(C)[CH]521(CC)C8[CH]2(N(CC5C=C(C(C)(C)C)C=C(C(C)(C)C)C5)CC5C8C5[CH]8(C)OCCCC(=O)[SH2]#CO)(C91)[CH]15O(CC(C)(C)C)[CH]28(OCC(C)(C)C)[CH]1632[CH]13C[CH]2(C)(C1CC(C)(C)C)[CH]35874
obidoxime_chloride_cid135566074,,,obidoxime_chloride_cid135566074.png,low,low,0.01913833733751691,invalid,,,,,,invalid,invalid,,False,False,False,False,,False,,,,,,,CCCC(O)C1CC[NH](CCCN23[CH]CC(C(O)CCC)C(C2)C3)CC1.[ClH3]
octenidine_hydrochloride_cid51166,,,octenidine_hydrochloride_cid51166.png,low,low,0.3498561353673056,wrong,,Octenidine Hydrochloride,0.171,76,42,wrong,wrong,,False,False,False,False,0.171,False,False,114,2,,,,CCCCCCCCCC1CC[NH+](CCCCCCCCCCN2C=CC(OCCCCCCC)CC2)CC1.CCCCCCCCCC1CC[NH+](CCCCCCCCCCN2C=C[NH+](CCCCCC)CC2)CC1
olodaterol_cid11504295,,,olodaterol_cid11504295.png,low,low,0.08058039381343368,wrong,,Olodaterol,0.118,29,28,wrong,wrong,,False,False,False,False,0.118,False,False,20,1,,,,CO[C@H]1C=CC(C[Si](C)(C)[C@@H](O)C[C@H](C)C2CCC[C@H]3C2OC[C@@H](O)N3C)=CC1
olutasidenib_cid118955396,,,olutasidenib_cid118955396.png,low,low,0.05113913414050888,wrong,,Olutasidenib,0.042,25,25,wrong,wrong,,False,False,False,False,0.042,False,False,33,1,,,,[1*][C@@H]1[CH]C[C@H]2C(O)[C@@H](C)[C@H](N(C)C([H])[C@@H]3CC[C@H](C(C)O)C(C)C3)C[C@H]2C1 |$R1;;;;;;;;;;;;;;;;;;;;;;;;;;$|
omarigliptin_cid46209133,,,omarigliptin_cid46209133.png,low,low,6.455288155340055e-05,invalid,,,,,,invalid,invalid,,False,False,False,False,,False,,,,,,,OC1=NC23C45C678N=C(O)N9[CH]6%10C6%11N4%12%13C27N56(C%10%12[CH]93%118N1)[CH]%131CC1.[H]C(O)CC(O)C1=CC2(O)CC3C1(C)C[CH]32CC
opicapone_cid135565903,,,opicapone_cid135565903.png,low,low,0.008128495317122158,wrong,,Opicapone,0.051,31,27,wrong,wrong,,False,False,False,False,0.051,False,False,45,1,,,,COC1[C@@H](OC)[C@H]([C@H](C)O)C=C([C@H]2CS[C@H]([C@@H]3[C@H](C)C(C)C(C)N(C)[C@H]3O)O2)[C@@H]1OC
orforglipron_cid137319706,,,orforglipron_cid137319706.png,low,low,3.585481964911612e-05,invalid,,,,,,invalid,invalid,,False,False,False,False,,False,,,,,,,*N1C(C)CCC1[CH]1(C2C(C(=O)C3CC[CH]45OC6C4[CH]4(C7C=C(C)C(C)C(C)=C7)[CH]78[CH]5(C3C)[CH]643N745[CH]6(C)C[CH]479%10(C)CC4C%11C4N%116837[CH]5(C9)C%10)OC3CC(C4CCCC(C)(C)C4)CCC32)[CH]C1C |$X;;;;;;;;;;;;;;;;;;;;;;;;;;;;;;;;;;;;;;;;;;;;;;;;;;;;;;;;;;;;;;;;;$|
orlistat_cid3034010,,,orlistat_cid3034010.png,low,low,0.04283603776197189,wrong,,Orlistat,0.228,42,35,wrong,wrong,,False,False,False,False,0.228,False,False,43,4,,CC,,CC.CC.CCCCCCCCCCC[C@@H](CC(CCC)[C@H](CC)C(C)C)NC(=O)CCCC.[H]C(CCCC)C(C)=O
ornidazole_cid28061,,,ornidazole_cid28061.png,low,low,0.3575285041434212,wrong,,Ornidazole,0.048,15,14,wrong,wrong,,False,False,False,False,0.048,False,False,31,2,,,,*[NH+](C)[C@@H]1CC[C@H](C)O1.CCC(C)C(C)C |$E;;;;;;;;;;;;;;;$|
ortataxel_cid6918412,,,ortataxel_cid6918412.png,low,low,3.450148989703018e-05,invalid,,,,,,invalid,invalid,,False,False,False,False,,False,,,,,,,[1*]CC(C(O)OC1[CH]234CC156(C)O[CH]1(O)OC(O2)OC352(C)[CH]3(OC(C)N57=C8C9C=5C85CCC7CC95)C5(C)C(C)(O*(C)=O)C(C)CC(OC)C5(C)C(O)C(OC(C)C)CC(C)(C)C3462(C)O1)C(CN(C)C)C([1*])C(C)OC(C)(C)C |$R1;;;;;;;;;;;;;;;;;;;;;;;;;;;;;;;;;;;;;;;Ph;;;;;;;;;;;;;;;;;;;;;;;;;;;;;;;R1;;;;;;;$|
ouabain_cid439501,,,ouabain_cid439501.png,low,low,0.001247462501005582,invalid,,,,,,invalid,invalid,,False,False,False,False,,False,,,,,,,C[CH]OC(CC1CC(CO)C23(CC(O)[CH]OC)(CC2OC)C(OC)(CCC2C(O)C4CCC(C5=CC(=O)NC5)C4(C)CC(OC)C23C)C1)C1CCC1
oxfendazole_cid40854,,,oxfendazole_cid40854.png,low,low,0.001483688260950754,invalid,,,,,,invalid,invalid,,False,False,False,False,,False,,,,,,,*C(C(C)CC)C1OC2C3C[CH](C(C)C4C[CH]C5CC4C5)(C3)CC2C1C |$X;;;;;;;;;;;;;;;;;;;;;;;;;$|
oxiconazole_nitrate_cid9556529,,,oxiconazole_nitrate_cid9556529.png,low,low,0.002666038835441726,invalid,,,,,,invalid,invalid,,False,False,False,False,,False,,,,,,,*C12(C)C3C4(O)CCC5NC6C7CC(O)C41C3(O)[CH]72C(O)CN6O5.[H]C(C)O.[H]C1CC(C)C=CC1CO |$R;;;;;;;;;;;;;;;;;;;;;;;;;;;;;;;;;;;;;$|
oxybuprocaine_cid4633,,,oxybuprocaine_cid4633.png,low,low,0.03317818181077117,invalid,,,,,,invalid,invalid,,False,False,False,False,,False,,,,,,,[H]C(C)C1C2C34C5C[CH]1(CCCC)CC3(C(C)OCCC(CC)CC)[CH]524
padsevonil_cid52911611,,,padsevonil_cid52911611.png,low,low,0.02499599715038819,wrong,,Padsevonil,0.097,24,27,wrong,wrong,,False,False,False,False,0.097,False,False,40,2,,,,CCC[C@H]1[CH]C2[C@@H](CN3C[C@H](CC(C)(C)C)C[C@H]3O)CN[C@H]2C1.[K+] |^1:4|
paliperidone_cid115237,,,paliperidone_cid115237.png,low,low,0.01689465200744653,invalid,,,,,,invalid,invalid,,False,False,False,False,,False,,,,,,,CC12N[CH]34C(CCCC3C(O)O14)C(=O)C2CCC1CCC(N2=NS[CH]C(O)C=C[CH]2)CC1
paliperidone_palmitate_cid9852746,,,paliperidone_palmitate_cid9852746.png,low,low,0.5215953503655814,wrong,,Paliperidone Palmitate,0.29,48,48,wrong,wrong,,False,False,False,False,0.29,False,False,13,1,,,,[10*]C(C(CCN1CC=C(C2=NSC3C=C(C)N=CC23)CC1)C(C)C)N1CCC[C@@H](OC(=O)CCCCCCCCCCCCCCC)C1=O |$R10;;;;;;;;;;;;;;;;;;;;;;;;;;;;;;;;;;;;;;;;;;;;;;;;$|
palonosetron_hydrochloride_cid6918303,,,palonosetron_hydrochloride_cid6918303.png,low,low,1.215372746625494e-05,invalid,,,,,,invalid,invalid,,False,False,False,False,,False,,,,,,,*C1(CC([CH]O)CC2[CH]34C5CC3(C)[CH]254N(C)C)CCC2C3[CH]14C1C[CH]56CC234C5CC16.Cl |$R;;;;;;;;;;;;;;;;;;;;;;;;;;;;;;$|
paromomycin_cid165580,,,paromomycin_cid165580.png,low,low,0.1343155062945438,wrong,,Paromomycin,0.259,50,42,wrong,wrong,,False,False,False,False,0.259,False,False,55,1,,,,[H]C[C@@H]1[C@H](C[C@H]2O[C@@H](CN([H])[H])[C@@H](O[H])[C@H](O[H])[C@H]2C(C)C)[C@@H](C[SH2])O[C@H]1C[C@H]1[C@H](C[C@H]2O[C@H](CO[H])[C@@H](O)[C@H](CO)[C@@H]2C([H])C)[C@@H](C(C)C)C[C@@H](C([H])C)[C@@H]1OC |^1:24|
pasireotide_cid9941444,,,pasireotide_cid9941444.png,low,low,0.005720755777155901,invalid,,,,,,invalid,invalid,,False,False,False,False,,False,,,,,,,*C(=O)C(CCCCC(=O)O)N([H])C(=O)C(C[CH]1=CN([H])C2CC=CCC21)N([10*])C(=O)C(NC(=O)C1([10*])CC(CC(=O)N([10*])CCC(N)=O)CN1C(=O)C(CC1=CC=CC=C1)NC(=O)C(CN1CC=C(OCC2=CC=CC=C2)CC1)C(O)C(=O)O)C1=CC=CC=C1 |$CO2H;;;;;;;;;;;;;;;;;;;;;;;;;;;;R10;;;;;;;;R10;;;;;;;R10;;;;;;;;;;;;;;;;;;;;;;;;;;;;;;;;;;;;;;;;;;;;;;;$|
pemafibrate_cid11526038,,,pemafibrate_cid11526038.png,low,low,0.0866758958770343,wrong,,Pemafibrate,0.079,34,36,wrong,wrong,,False,False,False,False,0.079,False,False,33,1,,,,*N[C@@H](C)[C@@H](CC)N[C@@H]1CCC[C@@H](CN(CCCNC2CCCCC2)[C@H]2N[C@H]3CCCC[C@H]3O2)C1 |$R;;;;;;;;;;;;;;;;;;;;;;;;;;;;;;;;;;$|
pemetrexed_cid135410875,,,pemetrexed_cid135410875.png,low,low,0.0008159880490232487,wrong,,Pemetrexed,0.105,62,31,wrong,wrong,,False,False,False,False,0.105,False,False,94,1,,,,[1*]C(OC)[C@H](CCC(=O)OC)[C@H]([1*])[C@@H](O)[C@H]1C=C[C@@H](CCC(CC(=O)NC)C23C(=O)N(C)[C@@H](C(O)O)C[C@H]2N(C)C[C@H]3CC[CH]C/C=C(\C)[C@H](O)[C@@H]([1*])[C@@H](CCC(=O)OC)C([1*])OC)CC1 |$R1;;;;;;;;;;;;R1;;;;;;;;;;;;;;;;;;;;;;;;;;;;;;;;;;;;;;;;R1;;;;;;;;;R1;;;;$|
pemigatinib_cid86705695,,,pemigatinib_cid86705695.png,low,low,0.03240640486324153,wrong,,Pemigatinib,0.178,34,35,wrong,wrong,,False,False,False,False,0.178,False,False,33,1,,,,*[C@H](C(C)CC)[C@@H]([C@@H](O)CCC)[C@H]1C[C@H]2CN[C@@H]3C([H])[C@H](CN4CCOCC4)C[C@@H]3[C@H]2N(CC)C1=O |$E;;;;;;;;;;;;;;;;;;;;;;;;;;;;;;;;;;;$|
penicillamine_cid5852,,,penicillamine_cid5852.png,low,low,0.2715199581764196,invalid,,,,,,invalid,invalid,,False,False,False,False,,False,,,,,,,CCCC(CC(C)C)C1CC12(COC)(CC(C(C)C)C(C)CC)CC2
peposertib_cid86292849,,,peposertib_cid86292849.png,low,low,0.03848959761792883,wrong,,Peposertib,0.094,35,34,wrong,wrong,,False,False,False,False,0.094,False,False,42,1,,,,CC[C@@H]1CC[C@H]([C@@H](OC)[C@H]2C[C@@H]([C@@H](O)[C@@H]3CC[C@H](N4CCCCC4)CC3NC)C(=O)CC2C)CO1
perampanel_cid9924495,,,perampanel_cid9924495.png,low,low,0.0003249008177071965,invalid,,,,,,invalid,invalid,,False,False,False,False,,False,,,,,,,N[CH][CH]12C3[CH]45C1[CH]316C3C7C418C1C56C38[CH]712[CH]12C(O)N([CH]34CC5C6CC3CCC6C54)C[CH]3(C4CCCCN4)C1C32
phenelzine_cid3675,,,phenelzine_cid3675.png,low,low,0.08757142839115115,invalid,,,,,,invalid,invalid,,False,False,False,False,,False,,,,,,,CC(C)[NH+](C)CC[CH]12CCC3C(CC3C1)C2
phenprocoumon_cid54680692,,,phenprocoumon_cid54680692.png,low,low,0.00139060470648301,invalid,,,,,,invalid,invalid,,False,False,False,False,,False,,,,,,,CC1CC2CCCCC2C2C(C)CCC3456C[CH]78CC9C7C(C93)C4C34(CCC8C(C35)C46)CC12
phentolamine_cid5775,,,phentolamine_cid5775.png,low,low,0.1234626949197576,wrong,,Phentolamine,0.065,22,21,wrong,wrong,,False,False,False,False,0.065,False,False,28,1,,,,CC[C@H](CC([C@@H]1CCC[C@H](N)C1)[C@@H]1[CH]CC(C)CC1)C(C)C |^1:13|
phylloquinone_cid5284607,,,phylloquinone_cid5284607.png,low,low,0.366826078174813,wrong,,Phylloquinone,0.164,32,33,wrong,wrong,,False,False,False,False,0.164,False,False,15,1,,,,CCCCC[C@@H](C)CCC[C@@H](C)CCCC[C@H](C)C[C@@H]1C(C)[C@@H](O)[C@@H]2CCCC[C@@H]2[C@H]1C
pinaverium_bromide_cid40703,,,pinaverium_bromide_cid40703.png,low,low,0.01025570802951212,invalid,,,,,,invalid,invalid,,False,False,False,False,,False,,,,,,,[1*]C1CC(OC)C(OC)CC1O.[H]C12CC3([H])C14CCCCC[N+]1(CCCCC[CH]35CC[CH]2(C(C)C)CC45)CCCCC1 |$R1;;;;;;;;;;;;;;;;;;;;;;;;;;;;;;;;;;;;;;;;;;$|
pindolol_cid4828,,,pindolol_cid4828.png,low,low,0.2770124565902656,wrong,,Pindolol,0.107,27,18,wrong,wrong,,False,False,False,False,0.107,False,False,52,7,,,,*C(C)CC.C.CCC.CCCC.CO.C[C@H]1CC=CCC1.[1*]N(CC)CC=C |$R;;;;;;;;;;;;;;;;;;;;;;R1;;;;;;$|
piperazine_cid4837,,,piperazine_cid4837.png,low,low,0.7759827498300577,wrong,,Piperazine,0.077,8,6,wrong,wrong,,False,False,False,False,0.077,False,False,6,1,,,,CN1CCN(C)CC1
pirfenidone_cid40632,,,pirfenidone_cid40632.png,low,low,0.04083487395791755,invalid,,,,,,invalid,invalid,,False,False,False,False,,False,,,,,,,C[CH]CCC(C)[CH]1(C)C(C)[CH](C)(C(C)CC(C)CC)[CH]1(C)C
piroxicam_cid54676228,,,piroxicam_cid54676228.png,low,low,0.002799343526917316,invalid,,,,,,invalid,invalid,,False,False,False,False,,False,,,,,,,CCC1C([CH2][Am])[CH]([CH]O)(C(O)C([O][Am])C234CC=CC5(=O2)C3C54)C([NH][Am])N(C)C1(O)O
pivmecillinam_cid115163,,,pivmecillinam_cid115163.png,low,low,0.0005732608698152525,invalid,,,,,,invalid,invalid,,False,False,False,False,,False,,,,,,,CC1CC(C)(C)OC(C)[CH]2(CC(C)N3CCCCCC3)C(=O)C2C1N(=O)CCCC(C)C(C)(C)C
plecanatide_cid70693500,,,plecanatide_cid70693500.png,low,low,9.42961111879645e-07,invalid,,,,,,invalid,invalid,,False,False,False,False,,False,,,,,,,*NC(=O)C[CH]1(C(O)CCC(N)=O)C(O)[CH]234O[CH](O)([CH]12O)[CH]31([CH]C)C(C(N)C(C)O)C4[CH]1(C)O.[1*]C12345(N(C)C(=O)O)[CH]C67(O)(C18C1C9(O)[CH]62(O)[CH](O)(OCC(O)C(CCCCC(O)C(O)[CH]C(=O)N[CH]CCC)OCC2CC(C)CC(O)C2O)[CH]1982(O)C3C724)N5(C)C(=O)O |$Me;;;;;;;;;;;;;;;;;;;;;;;;;;;;;;;;;;R1;;;;;;;;;;;;;;;;;;;;;;;;;;;;;;;;;;;;;;;;;;;;;;;;;;;;;;;;;;$|
ponesimod_cid11363176,,,ponesimod_cid11363176.png,low,low,0.1156253869659312,wrong,,Ponesimod,0.087,32,31,wrong,wrong,,False,False,False,False,0.087,False,False,38,1,,,,*C[C@H](CCO)CC[C@H]1CCC(C([1*])N2[CH][C@H](NCCC)N([C@H]3CC=CC[C@@H]3C)[C@H]2C)C[C@@H]1C |$R;;;;;;;;;;;;;R1;;;;;;;;;;;;;;;;;;;;$|
posaconazole_cid468595,,,posaconazole_cid468595.png,low,low,0.04409803234083531,wrong,,Posaconazole,0.157,43,51,wrong,wrong,,False,False,False,False,0.157,False,False,26,1,,,,[H]C[C@@H](C)[C@H](CC)[C@@H]1OCC([C@H]2C=C[C@@H](N3CCC([C@H]4C=CC(OC[C@@H]5CC[C@H](C[C@H]6C=NCC6)C5)CC4)OC3)CC2)[C@@H]1O
potassium_perchlorate_cid516900,,,potassium_perchlorate_cid516900.png,low,low,1.73661231176092e-21,invalid,,,,,,invalid,invalid,,False,False,False,False,,False,,,,,,,CCCCCCCC.CCCCCCCCl.CC[Si]1(CC)CCC1C.CC[Si]1(CC)CCC1C.ClCC1C2C1C21C2C(C3CC3CCC3C4C5C34C53C4C35C43C54C56C78C(CCC9%10C%11%12C9%13%14%15C%10%119%16C%13%10%11%17C%12%149%13%18C%15%16%109%12C%11%13%10%14%15C%11%13%16%19C%17%189%10%20C%11%149%10%17C%11%14%18%21C%22%23%24%25C%26%27C%22%28C%26%23%22C%24%11%23%26C%13%149%11%24C%16%12%15%20%10C%19%23%18%17%11C%27%28%22%25%26%21%24)C7C85C364)C21
pracinostat_cid49855250,,,pracinostat_cid49855250.png,low,low,0.07319787970575728,wrong,,Pracinostat,0.124,24,26,wrong,wrong,,False,False,False,False,0.124,False,False,16,1,,,,*C(C(C)C1C[CH][C@@H]2[C@H](CCN(CC)CC)CS[C@H]2C1)[C@@H](C)[C@H](C)O[H] |$R;;;;;;;;;;;;;;;;;;;;;;;;;$|
pralmorelin_cid6918245,,,pralmorelin_cid6918245.png,low,low,0.006633994213591203,invalid,,,,,,invalid,invalid,,False,False,False,False,,False,,,,,,,[1*]C(C(=O)C(C)C([H])C(=O)C(C[CH]12C[CH]C(=CC=CC)C(=O1)C2)N([1*])C(=O)C(C)N([H])[H])C(CC1CC([H])C2CCCN=C12)C(=O)N(C)(=O)C1C2CC3CCCCC32C1N([1*])C(CCCCN([H])C)C(=O)C([H])C |$R1;;;;;;;;;;;;;;;;;;;;;;;;R1;;;;;;;;;;;;;;;;;;;;;;;;;;;;;;;;;;;;R1;;;;;;;;;;;;;$|
propafenone_hydrochloride_cid36708,,,propafenone_hydrochloride_cid36708.png,low,low,0.09693455719338936,wrong,,Propafenone Hydrochloride,0.109,31,26,wrong,wrong,,False,False,False,False,0.109,False,False,27,2,,,,*OC(CC[C@@H]1CC(C)CC[C@H]1[C@H](O)CCC12CC3=CCC1CC=CC32)CC(*)CCC.[Cl-] |$Y;;;;;;;;;;;;;;;;;;;;;;;;;;;;Z;;;;$|
propantheline_bromide_cid9279,,,propantheline_bromide_cid9279.png,low,low,0.2796268100079074,wrong,,Propantheline Bromide,0.086,27,28,wrong,wrong,,False,False,False,False,0.086,False,False,20,2,,,,CC(C)C(C)C(C)CCC[C@H](N)[C@H]1[C@H]2CCCC[C@H]2O[C@H]2CCCC[C@@H]12.[Cl-]
propoxyphene_cid10100,,,propoxyphene_cid10100.png,low,low,0.001111245881363833,invalid,,,,,,invalid,invalid,,False,False,False,False,,False,,,,,,,CC(C)CC(C)C.C[CH]123[CH]C4C5C(C1)[CH]41(CC2)CC3C51.[1*]C(CC)OC |$;;;;;;;;;;;;;;;;;;;;R1;;;;;$|
prostaglandin_e2_cid5280360,,,prostaglandin_e2_cid5280360.png,low,low,0.01311474623783074,invalid,,,,,,invalid,invalid,,False,False,False,False,,False,,,,,,,[1*]OC(O)CCCC(O)C([1*])CC1C(O)CC(CO)[CH]12C([H])C([1*])C(CO)C(CCCC)C(CC)C([1*])C2O |$R1;;;;;;;;;;R1;;;;;;;;;;;;;R1;;;;;;;;;;;;;R1;;$|
prucalopride_cid3052762,,,prucalopride_cid3052762.png,low,low,0.3322696976562274,invalid,,,,,,invalid,invalid,,False,False,False,False,,False,,,,,,,*C1=N(C([1*])C)C2=C(OC[CH]2)C(C(O)C(*)C2CCC(CCCCC)CC2)=C1 |$Et;;;;R1;;;;;;;;;;;R;;;;;;;;;;;;$|
pyrantel_pamoate_cid5281033,,,pyrantel_pamoate_cid5281033.png,low,low,0.007922371038813682,invalid,,,,,,invalid,invalid,,False,False,False,False,,False,,,,,,,[1*]C(C1C[CH][CH]S1)C(C)C1=CCCCN1C.[1*]CC(=O)C1N[CH]2=C[CH]CCC2C(CC2C3CCCCC3CC(C(C)O[1*])C2O[1*])C1O[1*] |$R1;;;;;;;;;;;;;;;;R1;;;;;;;;;;;;;;;;;;;;;;;;;;R1;;;R1;;;R1$|
pyrazinamide_cid1046,,,pyrazinamide_cid1046.png,low,low,0.4431025698028513,wrong,,Pyrazinamide,0.021,13,9,wrong,wrong,,False,False,False,False,0.021,False,False,23,2,,,,O.[H]C(O)CCC1CCNCCCN1
pyrithione_zinc_cid26041,,,pyrithione_zinc_cid26041.png,low,low,0.0006044646700557317,invalid,,,,,,invalid,invalid,,False,False,False,False,,False,,,,,,,C.CCC(C(C)O)C1C2C[CH]21C.O=C1CCCC(C23CCCCOCC2C3)CC1=O
pyronaridine_tetraphosphate_cid156867,,,pyronaridine_tetraphosphate_cid156867.png,low,low,1.165736307589342e-12,invalid,,,,,,invalid,invalid,,False,False,False,False,,False,,,,,,,[1*]C1C(C=C(COC)CN2CCCC2)C23456=C(CC7CCCC7)C(OC)C(CN7CCCC7)=CC2C([1*])C278=C9N=C(CC)C=CC9=N9C%10%11=C2%12%13=C92%14%15%16%17%18=C=7%109[CH]%1237C[CH]%139743%10%12%19(CCC%112)C24C(Cl)C%14C79%11=C=%1583%13%14=C38=[CH]=7=%16%10%15%20%21[CH]1([CH]17C=CC=CC1C(=O)C7[CH]39%17)[CH]=%188%11%15%12([CH]25%13%20)[CH]46%14%21%19.[1*]CP(=O)(C[1*])O[1*].[1*]CP(=O)(O[1*])OC.[1*]OP(=O)(OC)=O[1*] |$R1;;;;;;;;;;;;;;;;;;;;;;;;;;;;;;;;;;;R1;;;;;;;;;;;;;;;;;;;;;;;;;;;;;;;;;;;;;;;;;;;R1;;;;;R1;;R1;R1;;;;;R1;;;R1;;;;;;;R1$|
qs_21_apiose_isomer_cid73652135,,,qs_21_apiose_isomer_cid73652135.png,low,low,1.492693085967266e-25,invalid,,,,,,invalid,invalid,,False,False,False,False,,False,,,,,,,COC12345C67CC6189%10%11%12%13%14%15%16(C)[CH]16%17[CH]8%18%19%20(O)[CH]19(O)([CH]6%18%101(O%19)C6C(O)[CH]%1189%10(C)[CH]%11(OCC[CH]O[CH]O[CH]O)[CH]8%18(CCO[CH]C(OCC(O)O[CH]OC8CC8)C(C)O)[CH]28(C)(C(C%12)C%11%18839%13(C)[CH]6%201%10%14)[CH]741(O)C[CH]15%15C(O)C1O[CH]12(O)C1O2C234C56O12[CH]51278(C)C[CH]5(C(O)C(O)C%16C)C31C42(C7)O658)O%17
quinacrine_dihydrochloride_cid6239,,,quinacrine_dihydrochloride_cid6239.png,low,low,4.813225095866584e-07,invalid,,,,,,invalid,invalid,,False,False,False,False,,False,,,,,,,*NC(CCCC(CC)CC)C[CH]12CC([1*])C[CH]34C[CH]5678C9C%10C(O[1*])[CH]%11%12%13%14C5[CH]5%15([CH]6%11C(C13)[CH]57%12CC24)[CH]%131(O[1*])C2[CH]%108C91[CH]2%15%14O[1*].O.O.O.O |$R;;;;;;;;;;;;;;;R1;;;;;;;;;R1;;;;;;;;;;;;R1;;;;;;R1;;;;$|
quinagolide_cid3086401,,,quinagolide_cid3086401.png,low,low,0.02451943303734333,invalid,,,,,,invalid,invalid,,False,False,False,False,,False,,,,,,,*C(C1CN(CC=C)C2(C)CC3C4CC5C4C[CH]5(CC)C3CC2(C)C1)C(C)(C)N(CC)CC |$R;;;;;;;;;;;;;;;;;;;;;;;;;;;;;;;;$|
radezolid_cid11224409,,,radezolid_cid11224409.png,low,low,0.016133598196199,invalid,,,,,,invalid,invalid,,False,False,False,False,,False,,,,,,,C.C[CH]CCN1(C)CC2CC[CH](C3CCC(N4CC(CN(C)C(C)=O)OC4C)CC3C)(CCCCN(CC3=NC(C)NC3)C1)CC2
raltitrexed_cid135400182,,,raltitrexed_cid135400182.png,low,low,0.01249541822360983,wrong,,Raltitrexed,0.128,32,32,wrong,wrong,,False,False,False,False,0.128,False,False,18,1,,,,[10*]OC(=O)[C@H](CC[C@@H](O)CO)N([10*])C(=O)C1C=CC(NC[C@@H]2C[CH]C3N=C(C)C([10*])C(O)[C@@H]3C2)C1 |$R10;;;;;;;;;;;;R10;;;;;;;;;;;;;;;;;R10;;;;;$|
ramelteon_cid208902,,,ramelteon_cid208902.png,low,low,0.0144389706904958,invalid,,,,,,invalid,invalid,,False,False,False,False,,False,,,,,,,*C(CCC1[CH]CC2C[CH]34CC3[CH]43NC[CH]C3C12)C(C)CC |$R;;;;;;;;;;;;;;;;;;;;;$|
ramosetron_cid108000,,,ramosetron_cid108000.png,low,low,0.09473038943521866,wrong,,Ramosetron,0.076,20,21,wrong,wrong,,False,False,False,False,0.076,False,False,23,1,,,,*[C@@H]1CC[C@H]2CC[C@@H]([C@@H]([7*])[C@@H]3C[C@H](C)[C@@H]4CC[CH]C[C@H]43)C[C@@H]21 |$R;;;;;;;;;R7;;;;;;;;;;;;$|
rasagiline_cid3052776,,,rasagiline_cid3052776.png,low,low,0.0007452354302158914,invalid,,,,,,invalid,invalid,,False,False,False,False,,False,,,,,,,CCC1C[CH]2(O)C1C(O)C1CC34CC5C3C[CH]53[CH]5([CH]C1[CH]23CC5)C4
ravtansine_cid11686439,,,ravtansine_cid11686439.png,low,low,0.0004201064927180982,invalid,,,,,,invalid,invalid,,False,False,False,False,,False,,,,,,,CC[CH]C1(OC)C(C)C(C)O[CH]2(O)C1[CH]2134C[CH]12(C3)[CH]13C567(C)[CH]89CC%10O[CH](O)(C[CH]5(C)(C8)C916(C)C3274C)[CH]12(C)CC%10N13CN21(C)[CH](C)(COC(C)(C)CO)C[CH]31COC(C)(C)CO
relebactam_cid44129647,,,relebactam_cid44129647.png,low,low,0.09857805864260995,wrong,,Relebactam,0.047,25,23,wrong,wrong,,False,False,False,False,0.047,False,False,32,1,,,,*C(C1CC[C@H](C)CC1)[C@H](O)[C@@H]1CC[C@@]2(C)[C@@H](C[C@@H](C)O)[C@@H](O)[C@H]3O[C@@]312 |$E;;;;;;;;;;;;;;;;;;;;;;;;;$|
remimazolam_cid9867812,,,remimazolam_cid9867812.png,low,low,0.001517431673952881,wrong,,Remimazolam,0.097,29,28,wrong,wrong,,False,False,False,False,0.097,False,False,29,1,,,,[1*][C@@H]1C2C[C@H]3C4[C@@H](O[CH][C@@H]4C)[C@H](CC[C@@H](O)OC)C[C@H](C4[CH]CCCC4)[N+]34[CH][C@@]2([1*])[C@H]14 |$R1;;;;;;;;;;;;;;;;;;;;;;;;;;;;;R1;$|
retapamulin_cid6918462,,,retapamulin_cid6918462.png,low,low,3.217036525237992e-07,invalid,,,,,,invalid,invalid,,False,False,False,False,,False,,,,,,,C[CH]C123(C)C4[CH]56(CC(=O)CCC7CCC(C)CCC(NC)C7)[CH]17[CH]18(C)C52(C)[CH]612C15(CCC(C)C1(C)[CH]4782C(C)CC5)C(C)N3CC
rifamycin_cid6324616,,,rifamycin_cid6324616.png,low,low,0.004490861055101087,wrong,,Rifamycin,0.191,52,50,wrong,wrong,,False,False,False,False,0.191,False,False,27,1,,,,*O[C@@H]1C2[C@@H](OC(C)=O)[C@@H]3[C@H](O[C@](C)(O[C@@H](*)[C@@H](O)[C@@H](OC)[C@H](C)[C@@H](CC(*)C)[C@H](C)[CH]O[C@@H](CO)[C@@H](C)[C@H](*)C([H])[C@H](O)N(C)[C@H](O)[C@H](C)[C@H]2CO)[C@@H]3C)[C@H]1C |$E;;;;;;;;;;;;;;;;E;;;;;;;;;;;Me;;;;;;;;;;;;E;;;;;;;;;;;;;;;;;$|
riluzole_cid5070,,,riluzole_cid5070.png,low,low,0.3722339286888063,wrong,,Riluzole,0.05,17,15,wrong,wrong,,False,False,False,False,0.05,False,False,34,1,,,,CC(C)[C@H]1CC2CC(OC(C)(C)C)C=C[C@H]2N1
rimantadine_hydrochloride_cid15165,,,rimantadine_hydrochloride_cid15165.png,low,low,0.03367970857461823,wrong,,Rimantadine Hydrochloride,0.157,30,14,wrong,wrong,,False,False,False,False,0.157,False,False,52,5,I,,,CC.CC(C)C(C)C(C)CCCC1CCCCC1.CC(C)C(C)C12CC3C1C32.Cl.I
riociguat_cid11304743,,,riociguat_cid11304743.png,low,low,0.0002070330906161656,invalid,,,,,,invalid,invalid,,False,False,False,False,,False,,,,,,,[H]C([H])C1CC(C2ON(C[CH]34CC56C3C3C57C[CH]36C7C4[O-])C3C2C2C4C56C2[CH]45N36)CC(C(C)C)C1N(C)C(C)NC
ripasudil_cid9863672,,,ripasudil_cid9863672.png,low,low,0.008262682010139162,invalid,,,,,,invalid,invalid,,False,False,False,False,,False,,,,,,,[H]C1C2O3C4[CH]56[CH]17[CH]CC1[CH]58[CH]16[CH]478[CH]23O.[H]N1[CH]C(C)C(O)CCC1
robenacoxib_cid6433107,,,robenacoxib_cid6433107.png,low,low,0.003279300960888526,invalid,,,,,,invalid,invalid,,False,False,False,False,,False,,,,,,,CCCCC1C(C(C)C)[CH]2(CC)CC(CC)C12.[H]C1=CC(C)=C(C)C=C1[H]
rocuronium_bromide_cid441351,,,rocuronium_bromide_cid441351.png,low,low,0.128062239850837,invalid,,,,,,invalid,invalid,,False,False,False,False,,False,,,,,,,C[CH]CC12(CCCC1)CC21CC2(C)C(C)(CCC3(C)C4(C)CC(C5CCCCC5)C(CC)CC4(C)CCC23C)C1OC(C)C.[Cl-]
roflumilast_cid449193,,,roflumilast_cid449193.png,low,low,5.57607723133102e-09,invalid,,,,,,invalid,invalid,,False,False,False,False,,False,,,,,,,OC1C[CH]23[CH][CH]456([CH]2)C[CH](O4)(C15)C36.[H]NC(=O)[CH]1234C5C67C18CC619[CH]6%10O%11C%12C%13CC%13C%13CC%13%12CO[CH]%111%12%13(C2[CH]58(C63%12)C4(=O)N[H])C7%10CC(C)[CH]9%13C([CH2+])C
rokitamycin_cid5282211,,,rokitamycin_cid5282211.png,low,low,2.375321290384557e-07,invalid,,,,,,invalid,invalid,,False,False,False,False,,False,,,,,,,CCCC(C)CC1C(C)OC(OC2C(C)OC(OC3C(CC(C)O)CC(C)C(CO)[CH]4(O)C(C)[CH]56789%10(O)O[CH]%11%12%13%14%15C45(C)(C)[CH]45%16%17(O)C%116%18(C)C6%11%19C4%127(C)(C)C%1847%12[CH]6%18%20%21C[CH]%1146%22%23C([CH]75%138C)[CH]%19%1245(C)(O%186)O6[CH]%16%14978(CCC(C)C)O%20%224[CH]6%17%157%10(C3OC)C%21%2358)C(OC)C2N(C)C)CC1(C)OC(C)CC
rolapitant_hydrochloride_cid16203739,,,rolapitant_hydrochloride_cid16203739.png,low,low,0.01730366527794991,invalid,,,,,,invalid,invalid,,False,False,False,False,,False,,,,,,,CC(C)O.CCC1234CCC(N1C)[CH]2(C)C31CC2(COC(C)N3CC(C(C)(C)C)CC(C(C)(C)C)C3)(OC)C3CCCCC3C12C4.[CH]O
rosiglitazone_cid77999,,,rosiglitazone_cid77999.png,low,low,0.0433563040487814,wrong,,Rosiglitazone,0.105,26,25,wrong,wrong,,False,False,False,False,0.105,False,False,25,1,,,,C[C@H]1[C@@H](O)[C@@H](C[C@H]2CC[C@@H](OCCN(C)[C@H]3CCCCO3)CC2)O[C@@H]1O
rucaparib_cid9931954,,,rucaparib_cid9931954.png,low,low,0.01410183890923467,wrong,,Rucaparib,0.052,26,24,wrong,wrong,,False,False,False,False,0.052,False,False,27,1,,,,[1*][C@@H]1[C@H]2CC(C)C[C@@H](C(O)CO)[C@@H]2[C@@H]([CH]C)N1C1C=C[C@H](CN(C)C)CC1 |$R1;;;;;;;;;;;;;;;;;;;;;;;;;;$|
rufinamide_cid129228,,,rufinamide_cid129228.png,low,low,0.1655829331909159,wrong,,Rufinamide,0.031,19,17,wrong,wrong,,False,False,False,False,0.031,False,False,38,1,,,,C[C@@H]1CCC[C@H](C)[C@@H]1CN1CC[C@H]([C@H](C)N(C)C)C1
samuraciclib_cid91844733,,,samuraciclib_cid91844733.png,low,low,3.528800495641935e-05,invalid,,,,,,invalid,invalid,,False,False,False,False,,False,,,,,,,[H]C(C)C1CNC2C1CC(C(C)CC1CC[NH+]([H])CC1CO)CC2C1C[CH]2345[CH]CC6CC2[CH]27(CCC(C6C23)C74)C15
sapropterin_cid135398654,,,sapropterin_cid135398654.png,low,low,0.1037481575122835,invalid,,,,,,invalid,invalid,,False,False,False,False,,False,,,,,,,[1*]C1CC(C(NC)C2C3[1*]O2[1*]3)C([1*])C2C(O)C([H])C(C([H])C)NC12 |$R1;;;;;;;;;R1;;R1;;R1;;;;;;;;;;;$|
saruparib_cid155586901,,,saruparib_cid155586901.png,low,low,0.001055180377555286,invalid,,,,,,invalid,invalid,,False,False,False,False,,False,,,,,,,*N1C(O)C(CC)CC23N[CH]456C7C8C9CN8(CCN9[CH]89COC(C(O)NC)C(C8)C9)C[CH]4(CC12)[CH]75N36 |$Y;;;;;;;;;;;;;;;;;;;;;;;;;;;;;;;;;;;$|
saxagliptin_hydrochloride_cid49800073,,,saxagliptin_hydrochloride_cid49800073.png,low,low,0.02393450131595974,invalid,,,,,,invalid,invalid,,False,False,False,False,,False,,,,,,,[H].[H].[H]C123CC(CO)C(C(C)C(CC)C4CC5CC(CC)(C4)C5)C1(C)(C2)C3
selatogrel_cid59534142,,,selatogrel_cid59534142.png,low,low,0.09509969046956968,wrong,,Selatogrel,0.377,43,43,wrong,wrong,,False,False,False,False,0.377,False,False,24,1,,,,[1*]C(C[C@H](NCc1ccccc1)N1CC[C@H](OC)C1)C(=O)[C@H]([1*])[C@@H](CC([H])(OC)OC)C(=O)C1CCN(C(=O)OCCCC)CC1 |$R1;;;;;;;;;;;;;;;;;;;;;;R1;;;;;;;;;;;;;;;;;;;;;;;$|
selenium_sulfide_ses_cid24011,,,selenium_sulfide_ses_cid24011.png,low,low,0.3464813467913914,wrong,,Selenium sulfide (SeS),0.0,3,2,wrong,wrong,,False,False,False,False,0.0,False,False,10,2,,,,C[IH].Cl |^1:1|
selexipag_cid9913767,,,selexipag_cid9913767.png,low,low,0.0001969136458541543,invalid,,,,,,invalid,invalid,,False,False,False,False,,False,,,,,,,CCN123CCCC(NCC(N)N(C)C(C)C)C(CNCC(C)NC)CC1C1(C4CN[CH]567[CH]89CCCCC8[CH]8%10CCCC%11[CH]8%12%13[CH]58%14N5[CH]12%15CN[CH]986[CH]57%121C4%15C[CH]%11%10%14%131)C3C
semaxanib_cid5329098,,,semaxanib_cid5329098.png,low,low,0.0401973732046069,wrong,,Semaxanib,0.029,18,18,wrong,wrong,,False,False,False,False,0.029,False,False,18,1,,,,*[C@H]1[C@H](C)[C@H](N(*)[C@@H]2[C@@H](C)CC(C)N2*)[C@H]2CCCC[C@@H]12 |$Y;;;;;;R;;;;;;;;Y;;;;;;$|
senna_cid73111,,,senna_cid73111.png,low,low,9.857855245517624e-06,invalid,,,,,,invalid,invalid,,False,False,False,False,,False,,,,,,,[1*]OC[CH]1234C(O)[CH]56(OC)[CH]7(O)[CH]8(C1[CH]19(O)(OC%10CC[CH]C%11C([1*])C%12C=C(C(O)OC)C=C(O[1*])C%12C(C)C%10%11)(O2[CH]831)[CH]5([CH])(O)[CH]7(OC)[CH]69([CH])O)O4CC.[H]OC(O)C1=CC23=C(C(O)=C1)C(C)C1C(CC4OC(COC)C(OC)C(OC)C4CO)CC[CH][CH]14[CH]2(C)[CH]34C |$R1;;;;;;;;;;;;;;;;;;;;;;R1;;;;;;;;;;;R1;;;;;;;;;;;;;;;;;;;;;;;;;;;;;;;;;;;;;;;;;;;;;;;;;;;;;;;;;$|
sertindole_cid60149,,,sertindole_cid60149.png,low,low,0.03747417534926013,invalid,,,,,,invalid,invalid,,False,False,False,False,,False,,,,,,,[H]N1CCN(C2CC(C3CCN(CCC4CCN(C)C4C)CC3)[CH]34C2CC[C]2([Lr])C3C24)CC1
sevoflurane_cid5206,,,sevoflurane_cid5206.png,low,low,0.634490604048089,wrong,,Sevoflurane,0.107,5,12,wrong,wrong,,False,False,False,False,0.107,False,False,20,2,,,,*C(*)CC(*)(*)*.*CC |$Y;;Y;;;Y;Y;Y;Y;;$|
shr0302_cid71622431,,,shr0302_cid71622431.png,low,low,0.04688000185672258,wrong,,Shr0302,0.099,33,29,wrong,wrong,,False,False,False,False,0.099,False,False,39,2,,,,*O[C@@H](O)C1C[C@]2(C)CC([C@H](C)C3CCN[C@@H]4C3CCN4*)C[C@]2(C)C1.*[C@H](O)[C@@H]1N[C@H](OC)CS1 |$Y;;;;;;;;;;;;;;;;;;;;;Y;;;;;Y;;;;;;;;;$|
silodosin_cid5312125,,,silodosin_cid5312125.png,low,low,0.02867644928410761,wrong,,Silodosin,0.093,32,35,wrong,wrong,,False,False,False,False,0.093,False,False,21,1,,,,*OCCC[C@H]1CC[C@@H]2C[C@@H](C[C@H](C)N(*)CCO[C@@H]3CC=CC[C@@H]3OCC([H])([H])[H])C[C@@H]([C@H](O)N[H])[C@@H]12 |$R;;;;;;;;;;;;;;;R;;;;;;;;;;;;;;;;;;;;;;$|
silperisone_cid178568,,,silperisone_cid178568.png,low,low,0.03449596793020672,invalid,,,,,,invalid,invalid,,False,False,False,False,,False,,,,,,,CC(C)(C)(CC1[CH]CC(O)CC1)CN1CCCCC1
sitafloxacin_cid461399,,,sitafloxacin_cid461399.png,low,low,0.06694713694663823,invalid,,,,,,invalid,invalid,,False,False,False,False,,False,,,,,,,*OC(C)C1CN(C23CC2C2CC23)CC(C)C(N2CC(C(*)*)C3(CC3)C2)C(*)CC2C(C)[CH]12C |$Ra;;;;;;;;;;;;;;;;;;;;;Y;Y;;;;;;Y;;;;;;$|
sodium_deoxycholate_cid23668196,,,sodium_deoxycholate_cid23668196.png,low,low,0.1394352832555062,invalid,,,,,,invalid,invalid,,False,False,False,False,,False,,,,,,,[1*]OC1CC[CH]2(C)C(CCC3(C)C4(C)CCC([H])(C(C)CCC(C)O)C4(C)C(OC)CC32[H])C1 |$R1;;;;;;;;;;;;;;;;;;;;;;;;;;;;;;;;;$|
sodium_nitrite_cid23668193,,,sodium_nitrite_cid23668193.png,low,low,0.1469767279321227,wrong,,Sodium Nitrite,0.034,8,4,wrong,wrong,,False,False,False,False,0.034,False,False,20,1,,,,[12*]CC[C@@H]([12*])COCC=O |$R12;;;;R12;;;;;$|
sodium_oxybate_cid23663870,,,sodium_oxybate_cid23663870.png,low,low,0.6918830232398969,wrong,,Sodium Oxybate,0.061,7,8,wrong,wrong,,False,False,False,False,0.061,False,False,14,1,,,,*NCCCC(C)N[10*] |$R;;;;;;;;R10$|
sodium_phenylacetate_cid23690424,,,sodium_phenylacetate_cid23690424.png,low,low,0.0002311664294165537,invalid,,,,,,invalid,invalid,,False,False,False,False,,False,,,,,,,*CCC(C)C1C(C)CC23C1C[CH]2145CCC2CC1C3C4C2C5 |$Rb;;;;;;;;;;;;;;;;;;;;;$|
sodium_selenite_cid24934,,,sodium_selenite_cid24934.png,low,low,0.5810854268047023,wrong,,Sodium Selenite,0.0,10,6,wrong,wrong,,False,False,False,False,0.0,False,False,26,4,,O.O,,C=CC(CO)CO.O.O.O
sodium_thiosulfate_cid24477,,,sodium_thiosulfate_cid24477.png,low,low,0.009412143006226803,invalid,,,,,,invalid,invalid,,False,False,False,False,,False,,,,,,,CC12(CCl)CCC13CC32.CCC12(CC)CC1C2.CCl.Cl.Cl.Cl
solifenacin_succinate_cid216457,,,solifenacin_succinate_cid216457.png,low,low,0.1529596131905899,wrong,,Solifenacin Succinate,0.068,34,35,wrong,wrong,,False,False,False,False,0.068,False,False,34,2,,,,*C([C@H]1C[C@H]2CCC3CCC321)[C@@H]1CC[C@H]2CC[CH]C[C@H]2[C@@H]1[C@H]1C=CCCC1.[1*]N[C@H](C)CC[C@@H](C)N[1*] |$A;;;;;;;;;;;;;;;;;;;;;;;;;;;R1;;;;;;;;;R1$|
solithromycin_cid25242512,,,solithromycin_cid25242512.png,low,low,2.44341122088647e-05,invalid,,,,,,invalid,invalid,,False,False,False,False,,False,,,,,,,COC1C(N(C)C)CC(C)O[CH]12C[CH]13C(C)C(O21)C312(OC)CC(O)C(=O)[CH]34(O)C1C(C(=O)O)[CH]31(O)[CH]3(CCCCN5C=C(C6CC=CC(N(C)C)C6)N=N5)C(O)OC1(C)([CH]OC(O)C(O)C(O)C2O)[CH]34O
sonrotoclax_cid149553242,,,sonrotoclax_cid149553242.png,low,low,7.394515719548204e-06,invalid,,,,,,invalid,invalid,,False,False,False,False,,False,,,,,,,*N12C3=C456=C78(N9%10=O=C9%11%12%13%14=O9=C%15N%11C=9%10%12%11C%15%13([10*])=O=C%11%14([10*])=O)=C9%10C4%11%12[H]34C9153C=7%11=C=64%102[CH]%123(C([H])CC1CCC(C)(CO)CC1)CC8.CC1CCN(C2C=CC3=C(NC4CC5=CC6(=C=5C(O)CC6)C4)C3=C2)CC1.CN(C)C1=CCCCC1C1(C)C2CCN21 |$Et;;;;;;;;;;;;;R10;;;R10;;;;;;;;;;;;;;;;;;;;;;;;;;;;;;;;;;;;;;;;;;;;;;;;;;;;;;;;;;;;;;;$|
sotagliflozin_cid24831714,,,sotagliflozin_cid24831714.png,low,low,0.1603384513172282,wrong,,Sotagliflozin,0.086,30,28,wrong,wrong,,False,False,False,False,0.086,False,False,21,1,,,,*[C@@H]1C=C[C@@H]([C@@H]2O[C@H](OC)[C@@H](OC)[C@H](CO)[C@@H]2OC)C[C@H]1C[C@H]1C=C[C@@H](CC=C)CC1 |$R;;;;;;;;;;;;;;;;;;;;;;;;;;;;;;$|
spinosyn_a_cid443059,,,spinosyn_a_cid443059.png,low,low,0.009392623211041201,invalid,,,,,,invalid,invalid,,False,False,False,False,,False,,,,,,,[H]C12CC(C)O[CH]3(CC)C4CC3C4CC(OC3CCC(C(C)C)C(C)O3)C(C)C(O)C1OC1(C)C3(C)CC(OC4OC(C)C(OC)C(OC)C4OC)CC3(C)CCC21C
stiripentol_cid5311454,,,stiripentol_cid5311454.png,low,low,0.1609083781702833,wrong,,Stiripentol,0.127,24,17,wrong,wrong,,False,False,False,False,0.127,False,False,38,2,,,,CC(C)(C)C.[H]OC(C[C@@H](C)[C@@H]1C[C@H]2CC[SH][C@@H]2C[C@@H]1C)C(C)(C)C |^1:16|
sulbactam_cid130313,,,sulbactam_cid130313.png,low,low,2.001343487281853e-05,invalid,,,,,,invalid,invalid,,False,False,False,False,,False,,,,,,,CCC(C)C1C(C)(C)C(C)(C)C23(C)C4C(C)[CH]12C12(C)CC4(C)[CH]13C(C(O)CC)C(C)(C)C2(C)C
sulpiride_cid5355,,,sulpiride_cid5355.png,low,low,0.04790228026354135,wrong,,Sulpiride,0.157,25,23,wrong,wrong,,False,False,False,False,0.157,False,False,25,1,,,,[1*]N(C[C@H]1COCN1CC)[C@H](N)[C@H](CNC)CC(C(C)C)[C@](N)(O)N([H])C |$R1;;;;;;;;;;;;;;;;;;;;;;;;;;$|
tafamidis_cid11001318,,,tafamidis_cid11001318.png,low,low,0.002660772561449004,invalid,,,,,,invalid,invalid,,False,False,False,False,,False,,,,,,,*OC1(=O)C23C4C5NC(C6CC(O)CC(O)C6)NC5C5C26C53C461 |$R;;;;;;;;;;;;;;;;;;;;;;$|
tafluprost_cid9868491,,,tafluprost_cid9868491.png,low,low,0.4934205006619763,wrong,,Tafluprost,0.151,24,32,wrong,wrong,,False,False,False,False,0.151,False,False,15,1,,,,*C(CCCC([1*])OC(C)C)C(O)C[C@H]1[C@@H](CO)C[C@@H]([O][Ac])[C@H]1[C@H](O)C[1*] |$R;;;;;;R1;;;;;;;;;;;;;;;;;;;;R1$|
talabostat_cid6918572,,,talabostat_cid6918572.png,low,low,0.04817408445570305,invalid,,,,,,invalid,invalid,,False,False,False,False,,False,,,,,,,CCC(OC)C1CCCN1.[H]C([H])[CH]123(C(C)C)C([H])(C)[CH]4(C1(C)C)[CH]21C[CH]413C
tasimelteon_cid10220503,,,tasimelteon_cid10220503.png,low,low,0.03069503688929614,invalid,,,,,,invalid,invalid,,False,False,False,False,,False,,,,,,,C1CC[CH]23OC4C(CO42)C3C1.CCC(O)C(O)CC1C(C)O[CH]1(C)O
tedizolid_cid11234049,,,tedizolid_cid11234049.png,low,low,0.05367379955847267,wrong,,Tedizolid,0.111,28,27,wrong,wrong,,False,False,False,False,0.111,False,False,37,1,,,,COC[C@@H]1CN([C@@H]2CC[C@@H]([C@@H](C)CC[C@@H](O)[C@H]3NC[C@@H](C)N3)[C@H](C)C2)[C@@H](C)O1
tegoprazan_cid23582846,,,tegoprazan_cid23582846.png,low,low,0.04182837608891116,invalid,,,,,,invalid,invalid,,False,False,False,False,,False,,,,,,,*[NH]1C(CC(CCCC2CCNC3C[17N](*)CC(C)C23)C(C)C(C)C)C[17N]C1C |$Y;;;;;;;;;;;;;;;17;;;;;;;;;;;;;$|
teicoplanin_a2_2_cid16198036,,,teicoplanin_a2_2_cid16198036.png,low,low,1.213567404692146e-14,invalid,,,,,,invalid,invalid,,False,False,False,False,,False,,,,,,,CCCCCC1OC(O[CH]2(OC3O[CH]OC45(O)C(C[CH]678C9%10=C6%11[CH]97C=%113%108)O[CH]4(O)C5O3CC3OC3OC(C)C(O)C(OC)C3CO)(C(=O)O)C3=C45=C2C32C43OC25O3)C1(=O)O.CNC[CH]O1[CH]C1O.C[CH]O[CH]C[CH]O[CH]OC123=O=C1(O)C2(O)=O=3.[CH]O[CH]1(OCCO)CC1(O)CNCO
temsavir_cid11317439,,,temsavir_cid11317439.png,low,low,0.028315316931265,wrong,,Temsavir,0.113,35,35,wrong,wrong,,False,False,False,False,0.113,False,False,29,1,,,,*[C@H]1C[C@@H]([C@H](C)C(=O)N2CCN([C@H](O)[C@@H]3CCCC=N3)CC2)[C@H](C(C)NC)[C@H]1[C@@H](O)[C@@H]1CNC(C)N1 |$R;;;;;;;;;;;;;;;;;;;;;;;;;;;;;;;;;;;$|
tenapanor_cid71587953,,,tenapanor_cid71587953.png,low,low,0.001430740056010871,invalid,,,,,,invalid,invalid,,False,False,False,False,,False,,,,,,,CC=CC[CH]1(NCCO)C(O)=O=C1(=O)CC.CCCCNC(=O)C(=O)NCCCCCCCCC(=O)(O)O.O.[10*]C(CC)=C(CC(=O)O)C1=O=C12=CCCC([PH](O)(O)CCCCCCCCCC(=O)(=O)NCCCC13=O=C(N1)C3(=O)NCCCCCCCCC(=O)(O)O)C2 |$;;;;;;;;;;;;;;;;;;;;;;;;;;;;;;;;;;;;;;;R10;;;;;;;;;;;;;;;;;;;;;;;;;;;;;;;;;;;;;;;;;;;;;;;;;;;;;;$|
teneligliptin_cid11949652,,,teneligliptin_cid11949652.png,low,low,0.08203979838395434,wrong,,Teneligliptin,0.075,34,30,wrong,wrong,,False,False,False,False,0.075,False,False,35,2,,,,*NCC1CC([C@@H](C)N2CCCC2)C1.*NC[CH]C1CCN(C2C[C@@H](C)OC2C2CCCCC2)CC1 |$R;;;;;;;;;;;;;;R;;;;;;;;;;;;;;;;;;;;;$|
tenofovir_cid464205,,,tenofovir_cid464205.png,low,low,0.1970032421338316,wrong,,Tenofovir,0.06,24,19,wrong,wrong,,False,False,False,False,0.06,False,False,48,1,,,,CC[C@](C)(CC[C@@H](C)C[C@H]1CS[C@H]2[C@H](C(C)C)C(C)CN[C@@H]12)OC
tesetaxel_cid6918574,,,tesetaxel_cid6918574.png,low,low,1.714041377443039e-08,invalid,,,,,,invalid,invalid,,False,False,False,False,,False,,,,,,,CC(O)C(OC(O)C1CC=CCC1)C1C[CH](CC)(O[Si](C)C)C1(C)(C)C.CCC.CN(C)CC1OC23456(C)C789%10%11C2%12%13%14%15(C)CC7%1232%16%17C8C9%1342378CC%10%145%163(C%117)O1%178[CH](CN(C)C)(O%15)O6.[1*]N12C(O[Si](C)(C)C)C[CH](C)(N[Si](C)(C)C)N3([1*])[CH]14C(OC)[CH]231[CH]42C(C)[CH]1(CC)(N=CC=C)N2=CC=C |$;;;;;;;;;;;;;;;;;;;;;;;;;;;;;;;;;;;;;;;;;;;;;;;;;;;;;;;R1;;;;;;;;;;;;;;;;;R1;;;;;;;;;;;;;;;;;;;$|
testosterone_enanthate_cid9416,,,testosterone_enanthate_cid9416.png,low,low,0.284254982657394,wrong,,Testosterone Enanthate,0.295,29,29,wrong,wrong,,False,False,False,False,0.295,False,False,10,1,,,,[H][C@]12CC[C@]3(C)C(C[C@@H](O)CCCCCC)CC[C@@H]3[C@]1([H])CC[C@@H]1C[C@H](O)CC[C@@]12C
testosterone_propionate_cid5995,,,testosterone_propionate_cid5995.png,low,low,0.1872904786361563,invalid,,,,,,invalid,invalid,,False,False,False,False,,False,,,,,,,CCC(C)CC1CCC(C)C2(O)(CCC3CC(O)CCC3(C)C2C)C2CCC(CC(O)CC)C12C
testosterone_undecanoate_cid65157,,,testosterone_undecanoate_cid65157.png,low,low,0.4907400236772146,wrong,,"Testosterone, undecanoate",0.202,36,33,wrong,wrong,,False,False,False,False,0.202,False,False,15,1,,,,CCCCCCCCCC[C@H](O)O[C@H]1CC[C@]2(C)[C@]3(C)CC[C@@H]4C[C@H](O)CC[C@]4(C)[C@@]3(C)CC[C@]12C
thiamphenicol_cid27200,,,thiamphenicol_cid27200.png,low,low,0.0003144396413244826,invalid,,,,,,invalid,invalid,,False,False,False,False,,False,,,,,,,C[CH]12CCC1C2.Cl.Cl.Cl.[1*]CCCC12CCC1C(C(C[1*])CC(C)C(C)[CH](C)(C)C1C3CC31)C2 |$;;;;;;;;;R1;;;;;;;;;;;R1;;;;;;;;;;;;;$|
thimerosal_cid16684434,,,thimerosal_cid16684434.png,low,low,0.03152960892429556,invalid,,,,,,invalid,invalid,,False,False,False,False,,False,,,,,,,CC[CH]12CN(C1C)C2C1CCCCC1C(N)CO
thiopental_cid3000715,,,thiopental_cid3000715.png,low,low,0.4904611527131614,wrong,,Thiopental,0.119,16,16,wrong,wrong,,False,False,False,False,0.119,False,False,24,1,,,,CCCC[C@@]1(C)[C@H](C)[C@H](C)[C@@H](C)[C@H](C)[C@@H]1C
thiotepa_cid5453,,,thiotepa_cid5453.png,low,low,0.7077031948836703,wrong,,Thiotepa,0.042,11,11,wrong,wrong,,False,False,False,False,0.042,False,False,14,2,,,,C1CO1.CC(N(C)C)N(C)C
tildipirosin_cid24860548,,,tildipirosin_cid24860548.png,low,low,0.01059466835202337,wrong,,Tildipirosin,0.319,51,52,wrong,wrong,,False,False,False,False,0.319,False,False,14,1,,,,[1*]C[C@H]1CCO[CH][C@@H](CC2CCCCC2)[C@H](O)[C@@H](C)[C@@H](C)C[C@H](O)[C@@H](C)C[C@H](CCN2CCCCC2)[C@H](O[C@@H]2O[C@H](C)[C@@H](O[11*])[C@H](C(C)C)[C@H]2O[11*])[C@H]1C |$R1;;;;;;;;;;;;;;;;;;;;;;;;;;;;;;;;;;;;;;;;;;;;R11;;;;;;;R11;;$|
tilmicosin_cid5282521,,,tilmicosin_cid5282521.png,low,low,0.0001691439299054057,invalid,,,,,,invalid,invalid,,False,False,False,False,,False,,,,,,,CC[CH]123OC(O1)[CH]2(COC1OC(C)C(OC)C(OC)C1OC)C(OC)O[CH]1(C)OC13.[1*]OC1C(O[CH]23C(CCC4CC(C)OC(C)C4)[CH]45OC(O[CH]67[CH]4(C)[CH]4(O)[CH]26C[CH]347C)C(O)C(O)C5C)OC(C)C(OC)C1C(C)C |$;;;;;;;;;;;;;;;;;;;;;;;;;;;;;;R1;;;;;;;;;;;;;;;;;;;;;;;;;;;;;;;;;;;;;;;;;;;;;$|
tirofiban_hydrochloride_anhydrous_cid64781,,,tirofiban_hydrochloride_anhydrous_cid64781.png,low,low,0.4708257864948595,wrong,,Tirofiban hydrochloride anhydrous,0.333,30,31,wrong,wrong,,False,False,False,False,0.333,False,False,16,2,,,,[Cl-].[H]OC(=O)[C@@H](CC/C=C\[C@H](C)OCCCCC1CC[NH+]([H])CC1)C([H])S(C)(C)CCCC
tofogliflozin_cid46908929,,,tofogliflozin_cid46908929.png,low,low,0.01314927667531269,invalid,,,,,,invalid,invalid,,False,False,False,False,,False,,,,,,,CCC1CCC(CC2C[CH]3(C4OC(COC)C(OC)C(O)C4OC)CCC2CC3)CO1
tolazoline_cid5504,,,tolazoline_cid5504.png,low,low,0.0009862648613266265,invalid,,,,,,invalid,invalid,,False,False,False,False,,False,,,,,,,CC1CCOC1C.C[CH]1([CH]23[CH]C4C5C([CH]2)[CH]453)CCO1
tolbutamide_cid5505,,,tolbutamide_cid5505.png,low,low,0.01761239634326972,invalid,,,,,,invalid,invalid,,False,False,False,False,,False,,,,,,,CCCC(C)C(C)[CH]1(C)C2CC[CH]3(C)C[CH]C4(CCC(C)C3C4)C21
tolperisone_cid5511,,,tolperisone_cid5511.png,low,low,0.07335694354388263,wrong,,Tolperisone,0.103,20,18,wrong,wrong,,False,False,False,False,0.103,False,False,19,1,,,,CC1CC[C@@H]([C@H](C)C(C)CC23CCCCC2CC3)CC1
tolterodine_tartrate_cid443878,,,tolterodine_tartrate_cid443878.png,low,low,0.4121604561106618,wrong,,Tolterodine Tartrate,0.151,37,34,wrong,wrong,,False,False,False,False,0.151,False,False,23,2,,,,CCN(CC[C@@H](C1CCCCC1)[C@@H]1CC=CC=C1OC)C(C)C.COC(=O)[C@H](OC)[C@@H](CO)[C@H](C)OC
torasemide_cid41781,,,torasemide_cid41781.png,low,low,0.00364932248635735,invalid,,,,,,invalid,invalid,,False,False,False,False,,False,,,,,,,CCC(O)C1O[CH](O)(C(C)O)C1Cl.[CH][P+](C1[CH]CCCC1)[CH]12C[CH][CH][CH]3(C)C1C32
tranylcypromine_cid5530,,,tranylcypromine_cid5530.png,low,low,0.02128614083716254,wrong,,Tranylcypromine,0.086,14,10,wrong,wrong,,False,False,False,False,0.086,False,False,19,1,,,,CC(C)C1C[C@@H]1[C@@H]1CCC2CCC2C1
trehalose_cid7427,,,trehalose_cid7427.png,low,low,0.1393891187952332,wrong,,Trehalose,0.261,32,23,wrong,wrong,,False,False,False,False,0.261,False,False,35,1,,,,CC[C@@H]1[C@@H](OC)[C@H](O)[C@@H](COC)[C@H](OC)[C@H]1O[C@@H]1O[C@H](COC)[C@H](OC)[C@H](CC)[C@H]1OC
trelagliptin_cid15983988,,,trelagliptin_cid15983988.png,low,low,0.01860012755404031,invalid,,,,,,invalid,invalid,,False,False,False,False,,False,,,,,,,*C1C(C[CH]234C5C67C28C52[CH]65C(CC85(*)[CH]723)N4*)C(C2CCCC(C(C)C)C2)CC(O)N1C |$X;;;;;;;;;;;;;OCH3;;;(Am)(Ar);;;;;;;;;;;;;;;$|
trenbolone_cid25015,,,trenbolone_cid25015.png,low,low,0.01305199319656002,invalid,,,,,,invalid,invalid,,False,False,False,False,,False,,,,,,,CC12CCC3CC(O)CCC3C1C1C3C4567(C)CC3489(C(C[CH]58CO)C269C)C17
trifarotene_cid11518241,,,trifarotene_cid11518241.png,low,low,0.01559738171056471,wrong,,Trifarotene,0.113,35,34,wrong,wrong,,False,False,False,False,0.113,False,False,21,1,,,,*OCCO[C@H]1C=C[C@H]([C@@H]2CCC(C(=O)OC)CC2)C[C@H]1C1CC[C@@H](C2C[CH]CC2)[C@H](C(C)(C)C)C1 |$R;;;;;;;;;;;;;;;;;;;;;;;;;;;;;;;;;;;$|
trifluridine_cid6256,,,trifluridine_cid6256.png,low,low,0.06593865442738263,wrong,,Trifluridine,0.239,24,20,wrong,wrong,,False,False,False,False,0.239,False,False,31,1,,,,CC(O)C[C@@H]1O[C@@H](C2=CC(C(C)(C)O)C(=O)[C@H](O)[C@@H]2O)C[C@@H]1CO
trilostane_cid656583,,,trilostane_cid656583.png,low,low,8.420863467830519e-07,invalid,,,,,,invalid,invalid,,False,False,False,False,,False,,,,,,,CCC1CC[CH]23C4C5(C)(O)C267C428C49%10%11%12%13CC2%14%15%16%17%18%19(C)OC(O)C(CO)C2CC4%14%20%21%22%23(C)C[CH]9%154C5%209%14(CCC1C)C615%15CC796(O)(O1)C5C%10%16C384%21(C%11%17)(C%12%18C%156)C%14%13%19(C%22)C2%23
trimebutine_maleate_cid5388977,,,trimebutine_maleate_cid5388977.png,low,low,0.04323688899159164,invalid,,,,,,invalid,invalid,,False,False,False,False,,False,,,,,,,COC(C)C(O)C(O)C(O)O.COC1=CC(C(=O)OCC2(C)(COC(=O)C3C=C(OC)C(OC)C(OC)C3)CCC3=CC=CC=C32)CC(OC)C1OC
trimedoxime_cid135539427,,,trimedoxime_cid135539427.png,low,low,6.593496730111153e-06,invalid,,,,,,invalid,invalid,,False,False,False,False,,False,,,,,,,CC(O)O[CH]123C4C5C6C47C[CH]64(CCCN6[CH]C[CH]8(C(O)CCO)C9C6C98)C16[CH](OCO)(C572)[CH]643
triplatin_cid71587574,,,triplatin_cid71587574.png,low,low,0.5431940744534273,invalid,,,,,,invalid,invalid,,False,False,False,False,,False,,,,,,,[H].[H].[H].[H].[H].[H].[H].[H].[H].[H].[H][H].[H][H][H].[H][H][H].[H][N+]([H])([H])[H].[H][N+]([H])CCCCCC[N+]([H])[H].[H][N+]([H])[H].[H][N+]([H])[H].[H][N+]([H])[H].[H][N+]([H])[H].[H][N+]([H])[H]
tris_hydroxymethyl_aminomethane_cid6503,,,tris_hydroxymethyl_aminomethane_cid6503.png,low,low,0.4928914992374191,invalid,,,,,,invalid,invalid,,False,False,False,False,,False,,,,,,,[1*]CCC12(C([1*])=O)CC(C)C1C(C)C2 |$R1;;;;;R1;;;;;;;;$|
tromantadine_cid64377,,,tromantadine_cid64377.png,low,low,0.2655757727152363,wrong,,Tromantadine,0.148,23,20,wrong,wrong,,False,False,False,False,0.148,False,False,24,2,,,,CCCCCCC(C)C.CC[C@@H](C)C12CC3CC(C1)NC(C3)C2
trypan_blue_cid4407718,,,trypan_blue_cid4407718.png,low,low,2.637126908379836e-07,invalid,,,,,,invalid,invalid,,False,False,False,False,,False,,,,,,,*OC1CC(S(O)(O)O)C[CH]2(C)CC(OS(=O)(=O)O)C(NCC(C=C)C(C)CCC3C=C[CH]4(CCC[CH]5(O)[CH]678[CH](C)(OCC4)[CH]549%10C5([SH](C)O)C[CH]%11%12(S(O)(O)O)C[CH]64%13%14%15CC(C(C)(C)C)C%13[CH]79%14C%11%15C(C5[CH]8%10C(C)(O)O)S%12(O)(O)O)C(C)C3)C(O*)C12 |$R;;;;;;;;;;;;;;;;;;;;;;;;;;;;;;;;;;;;;;;;;;;;;;;;;;;;;;;;;;;;;;;;;;;;;;;;;;;;;;;;;;R;$|
tulathromycin_cid9832301,,,tulathromycin_cid9832301.png,low,low,0.07355499340607076,wrong,,Tulathromycin,0.359,63,56,wrong,wrong,,False,False,False,False,0.359,False,False,32,1,,,,CCC[C@@H](C)C[C@]1(OC)[C@@H](C)O[C@@H](O[C@H]2[C@H](C)[C@@H](O[C@@H]3O[C@H](C)C[C@H](N(C)C)[C@@H]3OC)[C@](C)(CC)C[C@H](C)C[C@H](O)[C@H](C)[C@H](OC)[C@](C)(OC)[C@H](CC)NC(=O)[C@@H]2C)C[C@@]1(C)CC
ulipristal_acetate_cid130904,,,ulipristal_acetate_cid130904.png,low,low,4.577865864875664e-06,invalid,,,,,,invalid,invalid,,False,False,False,False,,False,,,,,,,CN[CH]12C[CH][CH]3(CC1)C(CC1(C)C(C)([NH](C)C)CCC1(C)C145(C)[CH]CCCC(O)C[CH]67C[CH]6(C1)C4C7C5)C1[CH]CC(OC)C2C13
ulonivirine_cid73505111,,,ulonivirine_cid73505111.png,low,low,0.0001959760560007185,invalid,,,,,,invalid,invalid,,False,False,False,False,,False,,,,,,,[1*]N1CC([CH]C)CC(OC2C[CH](CC)(C3C(C)C[CH]C(C)N3CCCC(C(C)CC)C(C)(C)C)CC(CC(C)CC(C(C)CC)C(C)(C)C)C2C)C1 |$R1;;;;;;;;;;;;;;;;;;;;;;;;;;;;;;;;;;;;;;;;;;;;;;;;;;;$|
unithiol_cid2724039,,,unithiol_cid2724039.png,low,low,0.01532910359733903,invalid,,,,,,invalid,invalid,,False,False,False,False,,False,,,,,,,[NH3+]OCCCCCCC123(O)O[CH]1(C2O)C3O[NH3+]
ursodeoxycholic_acid_cid31401,,,ursodeoxycholic_acid_cid31401.png,low,low,0.02838412432902751,wrong,,Ursodeoxycholic Acid,0.171,35,28,wrong,wrong,,False,False,False,False,0.171,False,False,35,1,,,,CC[C@H](C)CC[C@@H](C)[C@@H]1CC[C@]2(C)[C@@]3(C)[C@@H](CC)C[C@]4(C)C[C@@H](OC)CC[C@]4(C)[C@@]3(C)CC[C@]12C
valacyclovir_hydrochloride_cid135398741,,,valacyclovir_hydrochloride_cid135398741.png,low,low,0.02290452209623839,wrong,,Valacyclovir Hydrochloride,0.102,29,24,wrong,wrong,,False,False,False,False,0.102,False,False,43,2,,,,CC(C)C1O[C@@H]2[C@H](CCCCO[C@@H](C)[C@H](C(C)C)N(C)C)[C@@H]3CC3[C@@H]2C[C@@H]1O.[H]O
vandetanib_cid3081361,,,vandetanib_cid3081361.png,low,low,0.4089823924204181,wrong,,Vandetanib,0.2,29,30,wrong,wrong,,False,False,False,False,0.2,False,False,25,1,,,,[H]C1=C(C([H])[C@@H]2CCN[C@H]3CC(OCC4CCN(C)CC4)C(OC)C[C@H]32)CCC(O)C1
vardenafil_hydrochloride_cid135438569,,,vardenafil_hydrochloride_cid135438569.png,low,low,0.07816367178841513,wrong,,Vardenafil Hydrochloride,0.147,36,35,wrong,wrong,,False,False,False,False,0.147,False,False,43,2,,,,*C1C(=O)[C@@H]2C(C)N[C@H](CCC)[C@H]2N[C@@H]1[C@@H]1C[C@H](C(C)(C)C2CCN(CC)CC2)C=C[C@H]1CCC.CC |$R;;;;;;;;;;;;;;;;;;;;;;;;;;;;;;;;;;;;$|
varenicline_tartrate_cid6918678,,,varenicline_tartrate_cid6918678.png,low,low,5.188624816832318e-05,invalid,,,,,,invalid,invalid,,False,False,False,False,,False,,,,,,,CC1C2C34(C)C[CH]567C[CH]89NC([CH]OC8CC35)[CH]OC9C[CH]63C5(C)C6[CH]8(C)CC9%10(C)CC547(C189)[CH]623%10C
veliparib_cid11960529,,,veliparib_cid11960529.png,low,low,1.239430906128686e-08,invalid,,,,,,invalid,invalid,,False,False,False,False,,False,,,,,,,*[CH]123*C4[CH]156C17C28C52[CH]159C861C6[CH]58(C[CH]5%10%11C(O)C%12CC[CH]C%13[CH](C)(C(C)=O)[CH][CH]%13%14SC5(C%14%10)[CH]%12%11O)[CH]721[CH]46398 |$E;;E;;;;;;;;;;;;;;;;;;;;;;;;;;;;;;;;$|
vilanterol_cid10184665,,,vilanterol_cid10184665.png,low,low,0.3858887397165583,wrong,,Vilanterol,0.161,31,32,wrong,wrong,,False,False,False,False,0.161,False,False,25,1,,,,[1*]OCC1C[C@H]([C@@H](CC)CN([1*])CCCCCCCCCCCc2c([1*])cccc2O)CCC1[11*] |$R1;;;;;;;;;;;R1;;;;;;;;;;;;;;R1;;;;;;;;;R11$|
vildagliptin_cid6918537,,,vildagliptin_cid6918537.png,low,low,0.08685459389163214,invalid,,,,,,invalid,invalid,,False,False,False,False,,False,,,,,,,CC(C)C12CC3N[CH]4(CC(C)(C1)C34)C2.CC(C)N1CCCC1CN
vismodegib_cid24776445,,,vismodegib_cid24776445.png,low,low,0.007909004140895926,invalid,,,,,,invalid,invalid,,False,False,False,False,,False,,,,,,,*C(=O)C(OC(CC)N([H])C(O)C1C=CC(N=O)CC1[1*])[CH]12[CH]C3C[CH]45C3C(C14)C25 |$Y;;;;;;;;;;;;;;;;;;;;R1;;;;;;;;;$|
vitamin_d3_cid5280795,,,vitamin_d3_cid5280795.png,low,low,0.139913763090133,invalid,,,,,,invalid,invalid,,False,False,False,False,,False,,,,,,,*CC1CCC(O)C(C(*)C(O)C2CCCC3(C)[N+](C(C)CCCC(C)C)CC[CH]23C)C1 |$Et;;;;;;;;;R;;;;;;;;;;;;;;;;;;;;;;$|
voclosporin_cid6918486,,,voclosporin_cid6918486.png,low,low,0.04115442062140036,invalid,,,,,,invalid,invalid,,False,False,False,False,,False,,,,,,,[10*]C(CC(C)C(CO)C12([H])[H]N1C(=O)C(C(C)C)N(C)C(=O)C(CN(C)C)N(C)C(=O)C(CC(C)C)N(C)C(O)C(C)C(O)C(O)C(C)N(C)C(=O)C(CC(C)C)N(C)C(=O)C(C(C)(C)C)NC(O)C(CC(C)C)N(C)C(=O)CN(C)C(=O)C(CC)N(CO)C2=O)=C([H])N=O |$R10;;;;;;;;;;;;;;;;;;;;;;;;;;;;;;;;;;;;;;;;;;;;;;;;;;;;;;;;;;;;;;;;;;;;;;;;;;;;;;;;;;;;;;;;;;;;;;$|
vonoprazan_cid15981397,,,vonoprazan_cid15981397.png,low,low,0.001252792087833007,invalid,,,,,,invalid,invalid,,False,False,False,False,,False,,,,,,,CC1CCC[CH]C1[CH]12(CC1)CC(CN(C)C)CC2C(C)(C)[CH]12CC3C4C(C1)C3C4C2
vorapaxar_sulfate_cid10077129,,,vorapaxar_sulfate_cid10077129.png,low,low,0.01047274017568319,wrong,,Vorapaxar Sulfate,0.133,46,41,wrong,wrong,,False,False,False,False,0.133,False,False,37,2,,,,*CC(O)(O)O*.*[C@H](C(=O)C1C=C[C@@H]([C@@H]2CCCC(O)C2)CC1)[C@@H]1[C@]2(C)[C@@H](C)O[C@H](O)[C@]2(C)C[C@]2(C)C[C@@H](N(*)C(=O)OCC)CC[C@]12C |$R;;;;;;R;Y;;;;;;;;;;;;;;;;;;;;;;;;;;;;;;;;;R;;;;;;;;;$|
voriconazole_cid71616,,,voriconazole_cid71616.png,low,low,1.591245482262766e-05,invalid,,,,,,invalid,invalid,,False,False,False,False,,False,,,,,,,CC(C)C1CC[CH]CC1C.CC1C(O)C[CH]2(C3C45C6C7C[CH]634N52C7C)[CH]2([CH]C2C)C1O
vorinostat_cid5311,,,vorinostat_cid5311.png,low,low,0.1726982746907983,wrong,,Vorinostat,0.08,21,19,wrong,wrong,,False,False,False,False,0.08,False,False,20,1,,,,C[C@H](O)[C@@H](O)CCCCCC[C@H](O)[C@@H](O)C1CCCCC1
vortioxetine_cid9966051,,,vortioxetine_cid9966051.png,low,low,0.1510280646919261,invalid,,,,,,invalid,invalid,,False,False,False,False,,False,,,,,,,CC1CCC(C2CCCCC2CC2CC[CH]3(C)CC2C3)CC1
voxelotor_cid71602803,,,voxelotor_cid71602803.png,low,low,7.268956698606616e-05,invalid,,,,,,invalid,invalid,,False,False,False,False,,False,,,,,,,CN(C)(C)C1C2C34C(CO)N35CC36CCC7O[CH]238(C7CCC6C8CN[CH]52CCC3C([O][Ac])[CH]2(C(=O)O)C3(=O)O)C14
zanamivir_cid60855,,,zanamivir_cid60855.png,low,low,0.1147269260676802,wrong,,Zanamivir,0.076,32,23,wrong,wrong,,False,False,False,False,0.076,False,False,60,1,,,,[1*][C@@H](C(C)C)[C@@H]1[C@H](OC(C(C)C)C(C)C)O[C@@H](C(=C)CC)[CH][C@@]1(C)[C@@H](OC)[C@H](CC)CCC |$R1;;;;;;;;;;;;;;;;;;;;;;;;;;;;;;;;$|
zanubrutinib_cid135565884,,,zanubrutinib_cid135565884.png,low,low,9.994562463774788e-07,invalid,,,,,,invalid,invalid,,False,False,False,False,,False,,,,,,,C1CCCCC1.C[CH]C(C)O.[H]C([H])C(C)[CH]12C3C[CH]45C67C(C([CH]1(C)C([H])[H])[CH]18C9C%10%11C%12CC%10%13C[CH]%111(C)[CH]%1292C681C74C%1351C)[CH]31(C)CCC(C)CC1
zavegepant_cid53472683,,,zavegepant_cid53472683.png,low,low,0.1823275969102628,wrong,,Zavegepant,0.212,47,47,wrong,wrong,,False,False,False,False,0.212,False,False,16,1,,,,*N1N=CN2C=C(C[C@H](C(=O)N3CCC(C4CCN(C)CC4)CC3)C([1*])[C@H](O)C3CCC(C4=C[C@@H]5CCCO[C@@H]5N([H])[C@H]4O)CC3)C=C(C)C21 |$E;;;;;;;;;;;;;;;;;;;;;;;;;R1;;;;;;;;;;;;;;;;;;;;;;;;$|
zidebactam_cid77846445,,,zidebactam_cid77846445.png,low,low,0.0346430472656543,invalid,,,,,,invalid,invalid,,False,False,False,False,,False,,,,,,,*CC(C)(C)CC1C(O)[CH]23CC145(C)CCC([CH](C)(O)N(*)C(C)C(C)[CH]16[CH]CCN7(*)C1C67)[CH]24O35 |$R;;;;;;;;;;;;;;;;;;;;E;;;;;;;;;;R;;;;$|
zifrosilone_cid60811,,,zifrosilone_cid60811.png,low,low,0.00443959054565619,invalid,,,,,,invalid,invalid,,False,False,False,False,,False,,,,,,,CC(C)(C)C1[CH]CC2C3C1C2[CH]3(C)C(C)(C)C
zileuton_cid60490,,,zileuton_cid60490.png,low,low,0.002420006370629535,invalid,,,,,,invalid,invalid,,False,False,False,False,,False,,,,,,,*CC(CC)C(N)CC.*N[CH]12C3C4C1[CH]1(CCCCC31)C42 |$A;;;;;;;;;A;;;;;;;;;;;;$|
ziprasidone_hydrochloride_cid219099,,,ziprasidone_hydrochloride_cid219099.png,low,low,0.01286101034453393,invalid,,,,,,invalid,invalid,,False,False,False,False,,False,,,,,,,[H]C1C(O)CC2CC(CCN3CCN(C4CCC5CCC6CCC[CH]54C6)CC3)C(C)CC21.[H]I
zofenopril_cid92400,,,zofenopril_cid92400.png,low,low,0.008440883548643667,invalid,,,,,,invalid,invalid,,False,False,False,False,,False,,,,,,,CC(=O)C(C)C.CC(C)C[NH]1CC(O[CH]234CC=CC(C2)C3CC=NC4)CC1C(N)C(C)O
zolmitriptan_cid60857,,,zolmitriptan_cid60857.png,low,low,0.1144864759064748,wrong,,Zolmitriptan,0.125,22,21,wrong,wrong,,False,False,False,False,0.125,False,False,20,1,,,,*[C@H]1[C@H](C[C@@H]2CC[C@@H]3[C@@H](C2)[C@H](CCN(C)C)C[C@@H]3C)CN[C@H]1O |$R;;;;;;;;;;;;;;;;;;;;;;$|
zotiraciclib_cid16739650,,,zotiraciclib_cid16739650.png,low,low,7.701717506997422e-05,invalid,,,,,,invalid,invalid,,False,False,False,False,,False,,,,,,,*C1C2CCCC(C2)[CH]2345C[CH]6(OCCC(O)C(O)CC7(C)C[CH]89CC1CCC8C79)C1[CH]789C6[CH]12(C73)(C84)C95 |$Ar;;;;;;;;;;;;;;;;;;;;;;;;;;;;;;;;;;;$|
