group,figure,segment,file_name,tier,tier_by_threshold,confidence,verdict,matched_name,closest_name,closest_tanimoto,pred_heavy,closest_heavy,grade,grade_largest,graded_match,decoded,dephantom,dedup,largest,best_tanimoto,skeleton_match,formula_match,elem_delta,n_fragments,phantom_frags,duplicate_frags,dropped_by_largest,smiles
1_1_1_3_3_3_hexafluoro_2_5_fluoro_2_1_2_fluorophenyl_methyl__cid86269973,,,1_1_1_3_3_3_hexafluoro_2_5_fluoro_2_1_2_fluorophenyl_methyl__cid86269973.png,low,low,0.02263157240978684,wrong,,"1,1,1,3,3,3-Hexafluoro-2-(((5-fluoro-2-(1-((2-fluorophenyl)methyl)-5-(3-isoxazolyl)-1H-pyrazol-3-yl)-4-pyrimidinyl)amino)methyl)-2-propanol",0.078,36,37,wrong,wrong,,False,False,False,False,0.078,False,False,29,1,,,,*N(CC(C)(C(F)(F)F)C(F)(F)F)[C@@H](NCN1[CH]N(C[C@@H]2CC=CC[C@@H]2C)[C@H]([C@@H]2[CH]CNN2)C1)[C@@H](C)O |$E;;;;;;;;;;;;;;;;;;;;;;;;;;;;;;;;;;;;$|
1_3_dimethyl_2_6_dioxo_1_2_3_6_tetrahydro_7h_purin_7_yl_acet_cid176595,,,1_3_dimethyl_2_6_dioxo_1_2_3_6_tetrahydro_7h_purin_7_yl_acet_cid176595.png,low,low,7.261462143363492e-09,invalid,,,,,,invalid,invalid,,False,False,False,False,,False,,,,,,,COC(O)CN1CC2C3OC(O)C(C)C(O)[CH]231.COC1CCC2(CC1)N1C[CH]2(C)C[CH]2345[CH]67[CH]89(O)C[CH]%10%11(O)[CH]8%12(O)[CH]8%13(O)[CH]%102(OC)[CH]6%1283(O)([CH]1794)[CH]%11%135N(C)C
1_5_dihydro_1_beta_d_ribofuranosyl_4h_pyrazolo_3_4_d_pyrimid_cid135407110,,,1_5_dihydro_1_beta_d_ribofuranosyl_4h_pyrazolo_3_4_d_pyrimid_cid135407110.png,low,low,0.004619533666307576,invalid,,,,,,invalid,invalid,,False,False,False,False,,False,,,,,,,*CC1C(CNC)CC([CH]23N[CH][CH]45[CH]6(C)C7CN8[CH]24[CH](C)(C[CH]6(O)O7)[CH]835)C1CC |$Y;;;;;;;;;;;;;;;;;;;;;;;;;;;;$|
216014_14_1_non_salt_cid172966628,,,216014_14_1_non_salt_cid172966628.png,low,low,1.551119023985948e-07,invalid,,,,,,invalid,invalid,,False,False,False,False,,False,,,,,,,CCCCCCCCC(=O)O.CCCCOCO.O.O.[10*]CC(OC([CH]CC(CC1OC1CCCCCCCCCC)OC1CCOC(O)C(O)C2=O=C(=O)(C[CH]345(NC(CCCCCCCCC)C3CCCCCCCCCC)C(CCCCCCCCCC)C(C4CCCCCCCCCC)C25)C1O)OCCCCCCCCCCCC)OP1(=O)O2[10*]O1[10*]2 |$;;;;;;;;;;;;;;;;;;;;R10;;;;;;;;;;;;;;;;;;;;;;;;;;;;;;;;;;;;;;;;;;;;;;;;;;;;;;;;;;;;;;;;;;;;;;;;;;;;;;;;;;;;;;;;;;;;;;;;;;;;;;R10;;R10$|
25_hydroxyvitamin_d3_cid5283731,,,25_hydroxyvitamin_d3_cid5283731.png,low,low,0.04996078972329979,wrong,,25-Hydroxyvitamin D3,0.173,32,29,wrong,wrong,,False,False,False,False,0.173,False,False,12,1,,,,[1*][C@H](C([H])[C@H]1CCC[C@]2(C)[C@H]([C@@H](O)CCCC(C)(C)OC)CC[C@@]12C)[C@@H]1[CH][C@H](CO)CC[C@H]1C |$R1;;;;;;;;;;;;;;;;;;;;;;;;;;;;;;;;;$|
2_4_amino_3_chloro_5_trifluoromethyl_phenyl_2_tert_butylamin_cid9997788,,,2_4_amino_3_chloro_5_trifluoromethyl_phenyl_2_tert_butylamin_cid9997788.png,low,low,0.1482526271149558,wrong,,2-(4-Amino-3-chloro-5-trifluoromethyl-phenyl)-2-tert-butylaminoethanol hydrochloride,0.07,18,21,wrong,wrong,,False,False,False,False,0.07,False,False,22,2,,,,C[I-].[1*]OC[C@H]([C@H]1CC[C@@H](C([H])C)C([1*])C1)N([1*])C(C)(C)C |$;;R1;;;;;;;;;;;;R1;;;R1;;;;$|
2_5_dimethoxy_4_iodoamphetamine_cid1229,,,2_5_dimethoxy_4_iodoamphetamine_cid1229.png,low,low,0.07828188612056589,wrong,,"2,5-Dimethoxy-4-iodoamphetamine",0.125,14,15,wrong,wrong,,False,False,False,False,0.125,False,False,11,1,,,,[H]C([H])[C@@H](C)C[C@@H]1C[C@H](OC)CCC1OC
3r_6r_3_2_3_dihydro_1h_inden_2_yl_1_1r_1_2_6_dimethyl_3_pyri_cid11634973,,,3r_6r_3_2_3_dihydro_1h_inden_2_yl_1_1r_1_2_6_dimethyl_3_pyri_cid11634973.png,low,low,0.000111859711711962,invalid,,,,,,invalid,invalid,,False,False,False,False,,False,,,,,,,[1*]C12(OC(C(=O)N3CCCCC3)N3[CH]CC(C)CC3C)(C(O)C(O)C3([CH]C)C4CC5C=CCC[CH]67(CCCC=C6C[H]3(C4)C7)CCCC5)C(O)[CH]13C[CH]32CC |$R1;;;;;;;;;;;;;;;;;;;;;;;;;;;;;;;;;;;;;;;;;;;;;;;;;;;;;;$|
abediterol_cid11962616,,,abediterol_cid11962616.png,low,low,0.3148658721968565,wrong,,Abediterol,0.26,34,33,wrong,wrong,,False,False,False,False,0.26,False,False,18,1,,,,[H]C(CCCCCCOCC(C)(C)[C@H]1C=CC=CC1)C[C@@H](O)C1=c2ccc(=O)[nH]c2=C([O][CoH])CC1
acetanilide_cid904,,,acetanilide_cid904.png,low,low,0.0002255138004632674,wrong,,Acetanilide,0.036,26,10,wrong,wrong,,False,False,False,False,0.036,False,False,60,2,,,,[10*]C(CCC(C)O)C[C@H](C)CCCC[CH]C.[10*]C(CCC(C)O)[C@H](C)CCC |$R10;;;;;;;;;;;;;;;;R10;;;;;;;;;;;$|
acetarsol_cid1985,,,acetarsol_cid1985.png,low,low,0.03138166195231696,wrong,,Acetarsol,0.035,14,15,wrong,wrong,,False,False,False,False,0.035,False,False,20,1,,,,*OC1CCC([C@H](C)O*)C[C@H]1NC(C)C |$A;;;;;;;;;A;;;;;;$|
acotiamide_cid5282338,,,acotiamide_cid5282338.png,low,low,0.02933732917696725,wrong,,Acotiamide,0.195,31,31,wrong,wrong,,False,False,False,False,0.195,False,False,17,1,,,,[10*]OC1C[C@H](OC)C(OC)C[C@H]1C(=O)NC1CCC(C(=O)C([H])CCN(C(C)C)C(C)C)N1 |$R10;;;;;;;;;;;;;;;;;;;;;;;;;;;;;;;;$|
aculeacin_a_cid53297328,,,aculeacin_a_cid53297328.png,low,low,1.041524978752989e-15,invalid,,,,,,invalid,invalid,,False,False,False,False,,False,,,,,,,*OC(CC(=O)O)C(C)C[CH]C1(O)[CH]234O5C26[CH]513(O)C41(O*)OC2(O*)[CH]13(O*)[CH]1(O)[CH]4(O)[CH]1(O)[CH]2415(O*)[CH]24(O*)C(CCCCCCCCCCCCCC)(O[CH]78(O*)[CH]9%10(O*)[CH]%11%12(O)[CH]%13%14%15C[CH]%16%17C([CH](O*)(O%13)(C%16[CH]%147%119O)O%17*)[CH]%158%12%10O)C21(O*)(O*)[CH]6345O* |$Ph;;;;;;;;;;;;;;;;;;;;Ph;;;;Ph;;;Ph;;;;;;;;;Ph;;;Ph;;;;;;;;;;;;;;;;;;;Ph;;;Ph;;;;;;;;;Ph;;;;;;Ph;;;;;Ph;;Ph;;;Ph$|
afegostat_cid447607,,,afegostat_cid447607.png,low,low,0.2502205023439229,invalid,,,,,,invalid,invalid,,False,False,False,False,,False,,,,,,,COCC1CN(C)C[CH]2(OC)C(OC)C(OC)C12
albaconazole_cid208952,,,albaconazole_cid208952.png,low,low,0.003865897437944499,invalid,,,,,,invalid,invalid,,False,False,False,False,,False,,,,,,,*OC(CC1CCCC1)(C1[CH]CC(O)CC1C)C(C)[CH]12CC1OC1CC(O)CCC1C2O |$R;;;;;;;;;;;;;;;;;;;;;;;;;;;;;;;$|
alcaftadine_cid19371515,,,alcaftadine_cid19371515.png,low,low,0.03343209198924037,invalid,,,,,,invalid,invalid,,False,False,False,False,,False,,,,,,,CN(C)CCCC1C2NCC(C(=O)O)C2CC[CH]23CCC(CC2)CC13
almotriptan_malate_cid123607,,,almotriptan_malate_cid123607.png,low,low,0.002526019742937101,invalid,,,,,,invalid,invalid,,False,False,False,False,,False,,,,,,,*C1CC(CCC(C)C)C2C[CH]345(CC(C)(C)N6CCCC6)CC[CH]126CC3C(C4C6[CH]CCC(C)C)C5C(C)(C)N1CCCC1.*OCC(C[10*])CC(O)OC |$R;;;;;;;;;;;;;;;;;;;;;;;;;;;;;;;;;;;;;;;;;;;;R;;;;;R10;;;;;$|
alpha_galactosylceramide_cid2826713,,,alpha_galactosylceramide_cid2826713.png,low,low,0.0001543072026158469,invalid,,,,,,invalid,invalid,,False,False,False,False,,False,,,,,,,*CC1OC(OC23C([10*])(CCCCCCCCCCCCCC)[CH]245O[10*]O([10*])[CH]326C3(=O=C3CCCCCCCCCCCCCCC)OC42=O=C56O)C(O)C(O)C1O.[10*]OC(CCCCCCCCC)C(O)C(=O)CCCCCCCCCCCCCCCCCCCCCCC[CH2][Pr] |$CO2H;;;;;;;;R10;;;;;;;;;;;;;;;;;R10;;R10;;;;;;;;;;;;;;;;;;;;;;;;;;;;;;;R10;;;;;;;;;;;;;;;;;;;;;;;;;;;;;;;;;;;;;;;;$|
alphaxalone_cid104845,,,alphaxalone_cid104845.png,low,low,0.004393860471896095,invalid,,,,,,invalid,invalid,,False,False,False,False,,False,,,,,,,[1*]OC1CCC23(C)C(C)(C1)CC1C45(C)[CH]2(O)C126(C)[CH]34C(O)CC13(C)C(C(C)C)CC4[CH]127C[CH]45376 |$R1;;;;;;;;;;;;;;;;;;;;;;;;;;;;;;;;$|
altiratinib_cid54576299,,,altiratinib_cid54576299.png,low,low,0.003680959029934715,wrong,,Altiratinib,0.118,40,37,wrong,wrong,,False,False,False,False,0.118,False,False,37,1,,,,[1*]N(C(=O)C(CC)C(=O)[C@H](O)c1ccc(O)cc1)[C@@H]1C[C@@H](C)C(OC(CC(=O)[C@@H](O)[C@@H](O)C2CC2)C(C)O)CC1O |$R1;;;;;;;;;;;;;;;;;;;;;;;;;;;;;;;;;;;;;;;;$|
aluminum_clofibrate_cid10390009,,,aluminum_clofibrate_cid10390009.png,low,low,0.0005756468082697243,invalid,,,,,,invalid,invalid,,False,False,False,False,,False,,,,,,,CC(C)(OC1CCC(O)CC1)C(=O)O.CC1C2C1C2C1CC(O)CCC1O.OC1CC[CH2+]1
alvocidib_cid5287969,,,alvocidib_cid5287969.png,low,low,0.001466425149357872,invalid,,,,,,invalid,invalid,,False,False,False,False,,False,,,,,,,*C123C4CC(C)C[CH]15C(C)C(O)C1CC(O[1*])CC(CCC6CCCCC6O)[CH]12[CH]453* |$E;;;;;;;;;;;;;;;;R1;;;;;;;;;;;;;;E$|
amdinocillin_cid36273,,,amdinocillin_cid36273.png,low,low,0.03695740477117946,wrong,,Amdinocillin,0.107,25,22,wrong,wrong,,False,False,False,False,0.107,False,False,36,1,,,,C[CH][C@@H](C)[C@H]1[C@H]2[C@H](C)[C@@H](CN(C)C3CCCCCC3)[C@]2(C)CC1(C)C |^1:1|
amenamevir_cid11397521,,,amenamevir_cid11397521.png,low,low,0.01190138104067277,invalid,,,,,,invalid,invalid,,False,False,False,False,,False,,,,,,,*C(C(O)CNC(=O=C(=O)(N[CH]1(CC)CCCC2CC21)C1CCC(O)(O)CC1)C1C[CH]C(C)(O)CC1)C1C=CC(C2C=CCC2)CC1 |$R;;;;;;;;;;;;;;;;;;;;;;;;;;;;;;;;;;;;;;;;;;;;;;$|
amfenac_cid2136,,,amfenac_cid2136.png,low,low,0.05008745750316712,wrong,,Amfenac,0.03,21,19,wrong,wrong,,False,False,False,False,0.03,False,False,34,1,,,,[1*]CC(C)C[C@@H]1[CH]CC[C@@H]([C@@H]([1*])[C@@H]2CC3CC(C3)C2)[C@H]1C(C)C |$R1;;;;;;;;;;;R1;;;;;;;;;;;$|
aminoglutethimide_cid2145,,,aminoglutethimide_cid2145.png,low,low,0.001847767321636745,invalid,,,,,,invalid,invalid,,False,False,False,False,,False,,,,,,,C[CH]CC12(C)CCC3(CC3C1)C(C)C2.[1*]NC.[1*]NCCCCC1CC[CH]12CC2(C)CC(C)C |$;;;;;;;;;;;;;;R1;;;R1;;;;;;;;;;;;;;;;$|
amodiaquine_hydrochloride_cid64646,,,amodiaquine_hydrochloride_cid64646.png,low,low,0.009179403802589987,invalid,,,,,,invalid,invalid,,False,False,False,False,,False,,,,,,,O.O.O.O.O.O.[1*]C1C(CN(CC)CC)C[CH]2(C([1*])N3CCN[CH]45C6C7C4C6([H])C[CH][CH]735)CC1C2.[OH][Co+2][Co+2] |$;;;;;;R1;;;;;;;;;;;;R1;;;;;;;;;;;;;;;;;;;$|
amorolfine_cid54260,,,amorolfine_cid54260.png,low,low,0.4140928816703393,wrong,,Amorolfine,0.207,23,23,wrong,wrong,,False,False,False,False,0.207,False,False,13,1,,,,CCC(C)(C)[C@@H]1CC[C@H](CC(C)C[C@H]2C[C@H](C)C[C@H](C)C2)CC1
amphotericin_b_monomethyl_ester_cid11968030,,,amphotericin_b_monomethyl_ester_cid11968030.png,low,low,1.995579658801658e-06,invalid,,,,,,invalid,invalid,,False,False,False,False,,False,,,,,,,*C1[CH]2(*)CC(=O)O3C(O)[CH]3(C)OC(=O)C[CH]1(O)C[CH](*)(C)CC[CH]C1(=O)(=O)C[CH]34(O)CC567([H])[H]C(C5C(O)C(C(C)OC)C(C)(C)(C)O6)C37C(O)C4C[CH]1(O[10*])CC[CH](*)(O)C2.C |$CO2H;;;CO2H;;;;;;;;;;;;;;;;;CO2H;;;;;;;;;;;;;;;;;;;;;;;;;;;;;;;;;;;;R10;;;;CO2H;;;$|
amprolium_cid73341,,,amprolium_cid73341.png,low,low,0.2705239742750113,invalid,,,,,,invalid,invalid,,False,False,False,False,,False,,,,,,,CC1CC(CCNC[Cl-])CCN1.CCCCNC.[Cl-]
anagrelide_cid135409400,,,anagrelide_cid135409400.png,low,low,0.1043321261123082,wrong,,Anagrelide,0.065,17,16,wrong,wrong,,False,False,False,False,0.065,False,False,26,1,,,,CC1C=C[C@H]2NC3[C@H]([CH][C@@H](C)[C@@H]3C)CC2[C@@H]1O |^1:8|
anserine_cid112072,,,anserine_cid112072.png,low,low,0.007520496647447442,wrong,,Anserine,0.052,31,17,wrong,wrong,,False,False,False,False,0.052,False,False,72,2,,,,CC[C@H](CCC[C@H](C)C1CC[C@H](C)CC1C)CC(C)C.[H]C([H])CCC[C@H](CC)CC(C)O
anthralin_cid2202,,,anthralin_cid2202.png,low,low,0.0002010977663743328,invalid,,,,,,invalid,invalid,,False,False,False,False,,False,,,,,,,CO[CH]1(C)C2[CH]345C[CH]26(C13CC(C)O)C412[CH]3(OC)CC47C8C4[CH]1(CCC(C)O)[CH]356[CH]2(OC)C87
apilimod_cid10173277,,,apilimod_cid10173277.png,low,low,0.01409191346625955,wrong,,Apilimod,0.08,31,31,wrong,wrong,,False,False,False,False,0.08,False,False,32,2,,,,*C(=O)C1CCCC(C)C1.*C(C)C1CC(C2CCOCC2)N[C@@H](NCC[C@H]([CH])CCC)C1 |$R;;;;;;;;;;R;;;;;;;;;;;;;;;;;;;;;;$|
apomorphine_cid6005,,,apomorphine_cid6005.png,low,low,1.518606035231009e-05,invalid,,,,,,invalid,invalid,,False,False,False,False,,False,,,,,,,CC(C)CCC1(C)C(C)CC23CC4[CH]256[CH][CH]432C5CCC(C3C4CC(C)CC3C4C)[CH]162
apraclonidine_cid2216,,,apraclonidine_cid2216.png,low,low,0.08517517928219058,wrong,,Apraclonidine,0.076,17,15,wrong,wrong,,False,False,False,False,0.076,False,False,25,1,,,,[1*]CCC(CC(O)[C@H](CC)[C@H](O)[C@H]1NCCN1[1*])N([H])[H] |$R1;;;;;;;;;;;;;;;;;R1;;;$|
aprocitentan_cid25099191,,,aprocitentan_cid25099191.png,low,low,2.063437093767536e-06,invalid,,,,,,invalid,invalid,,False,False,False,False,,False,,,,,,,CC(C)C(C)(C)O[CH]12O3C4[CH]15CO1[CH]356C3[CH]157OCC1O[CH]89(NC%10=C%11(C)C(=C%10(O)C%11N8)N9)N1CCO[CH]31(C65)C35C[CH]6(C)CC[CH]3(CC56)[CH]4271
ar_67_cid6712744,,,ar_67_cid6712744.png,low,low,0.007369657839076019,invalid,,,,,,invalid,invalid,,False,False,False,False,,False,,,,,,,*C1(CC)C2=C(CCC1O)C(=O)N1CCC(O)C1C2.CC(C)(C)C1234(C)CC(C1)(C2)(C3N1CCCC(CO)C1)C4(C)(C)C |$Ra;;;;;;;;;;;;;;;;;;;;;;;;;;;;;;;;;;;;;;;;;$|
aranidipine_cid2225,,,aranidipine_cid2225.png,low,low,0.2044009185095242,wrong,,Aranidipine,0.075,29,28,wrong,wrong,,False,False,False,False,0.075,False,False,48,1,,,,CO[C@H](C)[C@@H]1C([C@@H]2CCCC[C@@H]2C(C)C)C([C@H](C)NCC(C)C)C(C)C(C)[C@H]1C
argipressin_cid644077,,,argipressin_cid644077.png,low,low,0.0004255963871130217,invalid,,,,,,invalid,invalid,,False,False,False,False,,False,,,,,,,[1*]N(C(=O)C1O[CH]2(C(C)(C)C)CC3CC[CH]4(CC3CC[CH](C(C)C)(C(C)(C)C)C23CC(C)C2[CH](CC5C=CC(O[H])=CC5)(O[CH]23C(C)(C)C)C(O)C1O)C(=O)(N1CCCC1)[CH]N41[H]C1=O)C(CCC(=O)N([H])C)C(=O)O.[1*]N(CC(=O)N([H])C)C(=O)C(CCCN=C(C([H])C)N(C)C)C(C)C(=O)O |$R1;;;;;;;;;;;;;;;;;;;;;;;;;;;;;;;;;;;;;;;;;;;;;;;;;;;;;;;;;;;;;;;;;;;;;;;;;;;;R1;;;;;;;;;;;;;;;;;;;;;;;;;;$|
aripiprazole_lauroxil_cid49831411,,,aripiprazole_lauroxil_cid49831411.png,low,low,0.3500339453953369,wrong,,Aripiprazole Lauroxil,0.349,45,45,wrong,wrong,,False,False,False,False,0.349,False,False,10,1,,,,CCCCCCCCCCCC(=O)OCN1C(=O)CCN2C=C[C@@H](OCCCCC3CCN(c4cccc(O)c4O)CC3)C[C@@H]21
arterolane_cid10475633,,,arterolane_cid10475633.png,low,low,0.1631041209266667,invalid,,,,,,invalid,invalid,,False,False,False,False,,False,,,,,,,C[NH](C)C(C)(C)CC(O)C(O)CC1CCC2(CC1)ONC1(O2)C2CC3CC4(C2)CC1C34
arv_471_cid134562533,,,arv_471_cid134562533.png,low,low,0.007331929203916503,invalid,,,,,,invalid,invalid,,False,False,False,False,,False,,,,,,,COC1CCC2C(CCC(C3CCCCC3)C2C2=CCC(C3CCC(CC4CCN(C5=C[CH]67(CCC56)CC(O)N(C5CCC(O)CC5O)C7)CC4)CC3)C=C2)C1
ascomycin_cid5282071,,,ascomycin_cid5282071.png,low,low,1.616171966451848e-07,invalid,,,,,,invalid,invalid,,False,False,False,False,,False,,,,,,,*CC(C(O)C(CC)C(C)OC)C1C(CO)[CH]2(OC)C[CH]3(C)C4(OC)(OC12C)[CH]12C34(OC)[CH]3(O)[CH]45(O)O6[CH]178O[CH]6321[CH]472C3CCCC2(O)(C(=O)O)[CH]3581.COC1CC(OCC2C(C)[CH]3(C)C(C)[CH]23C)CCC1CO |$Ph;;;;;;;;;;;;;;;;;;;;;;;;;;;;;;;;;;;;;;;;;;;;;;;;;;;;;;;;;;;;;;;;;;;;;;;$|
asimadoline_cid179340,,,asimadoline_cid179340.png,low,low,0.03733110168374954,invalid,,,,,,invalid,invalid,,False,False,False,False,,False,,,,,,,CC1CCCCC1.CCC1CCN(CC(C2[CH]CCCC2)N(C)C(C)[CH][CH]23CCC(CC2)CC3)C1
asundexian_cid135206011,,,asundexian_cid135206011.png,low,low,0.002341862603487771,invalid,,,,,,invalid,invalid,,False,False,False,False,,False,,,,,,,[H]N([H])C(N)C1CCC(C(O)C(O)C(CC)N2CC(OC)C(C3C[CH]4(O)C5C6C4[CH]5(O)[CH]36N3CC(C(C)(C)C)N=N3)CC2O)CC1O
azaline_b_cid71587609,,,azaline_b_cid71587609.png,low,low,2.056695989463973e-12,invalid,,,,,,invalid,invalid,,False,False,False,False,,False,,,,,,,CCC123=CC14C2C43.[1*][N+]1(C(CO)CC2=C3C4=C2=C34CC)C23C[CH]21(O)O3.[10*]N(C(CCC)C(=O)O)C12=O=C345C67([10*])C89(=O)C%10C(CC=CC=CC)[CH]8(CCC)(NC8%11[CH]%12%13C%14OC%12%15(O%14)C8%13%12%14O[CH]%11%15%12(O)C%14[10*][CH]8%11O=C%12%13%14=O=C%15(C%12=C%12=C%15=C%15C%16=N=C%15%12=N=%16)(C8%13)C%11%14)(C(=O)[CH]938(O)[CH]164C1(CCC([H])=CC)C3(C=CC=C([H])C3)C[CH]12758)N%10C |$;;;;;;;R1;;;;;;;;;;;;;;;;;;R10;;;;;;;;;;;;;R10;;;;;;;;;;;;;;;;;;;;;;;;;;;R10;;;;;;;;;;;;;;;;;;;;;;;;;;;;;;;;;;;;;;$|
azamulin_cid16072188,,,azamulin_cid16072188.png,low,low,0.05553513757408543,invalid,,,,,,invalid,invalid,,False,False,False,False,,False,,,,,,,CCC1CC(NC(=O)CCC2NC(C)C(C(C)C)O2)C(C)[CH]23C[CH]4(C2)C(C)CCC43C(C)C1CO
azd8871_cid71558565,,,azd8871_cid71558565.png,low,low,0.1435663130367014,invalid,,,,,,invalid,invalid,,False,False,False,False,,False,,,,,,,*C1C2=C3(=C(OC(=O)C=C3)C([10*])=CC2)C1C.*CC(C(=O)OC1CCC(C(C)CCCN2NN=CC2C=CC(=N)CN([1*])CC([1*])CCC=CC(=O)OC)CC1)(C1=CCCC1)C1=CCCC1 |$R111;;;;;;;;;;;R10;;;;;Rb;;;;;;;;;;;;;;;;;;;;;;;;;;R1;;;R1;;;;;;;;;;;;;;;;;;;;$|
aztreonam_cid5742832,,,aztreonam_cid5742832.png,low,low,0.1197805021310592,wrong,,Aztreonam,0.073,31,28,wrong,wrong,,False,False,False,False,0.073,False,False,41,1,,,,CO[C@@H](C)C(C)(C)CC[C@@H]([C@H](O)[C@H](O)[C@H]1[C@@H](O)N(C(O)O)[C@@H]1O)[C@@H]1CC[C@H](C(C)C)O1
balaglitazone_cid9889200,,,balaglitazone_cid9889200.png,low,low,9.845006900642382e-15,invalid,,,,,,invalid,invalid,,False,False,False,False,,False,,,,,,,CCC1C(C)NC(COC2C[CH]3(O)C2C2C34CC35678O4[CH]49%10%11%12[CH]%13%14%15%16(O)[CH]%17%18(O)[CH]%19%20%21(O)[CH]%13%22%23%24%25(O)O[CH]%22%13%26%27%28[CH]%14%22%29(O)[CH]%17%23%14%30(O)[CH]%1934%13%17%23(O)C%1534%13[CH]%18%2259%24(O)[CH]2%16%175(O)([CH]3%296%10%26%25O)[CH]4%207%11%14%27(O)[CH]%13%218%12%30%285%23O)N(C)C1O
balapiravir_cid11691726,,,balapiravir_cid11691726.png,low,low,0.0001983770772006095,invalid,,,,,,invalid,invalid,,False,False,False,False,,False,,,,,,,C[CH]N(CCC(N)C(C)C)(CCC(N)C(C)C)C1O[CH]23(C[CH](O)(C2)C3CCC(N)CC)C(CC(C)C)C(NC(=O)N(C)C)C1OC(C)C(C)C
balhimycin_cid139586033,,,balhimycin_cid139586033.png,low,low,3.205701687506444e-05,invalid,,,,,,invalid,invalid,,False,False,False,False,,False,,,,,,,CC(=O)C1C(C)OCC2C(CC1(C)C(C)C)O[CH]2(CC1=O=C(C)(C(C)=O)C1)CC1OC1(C)O.[1*]N(C(=O)O[H])C(C(=O)N(C)CC1=CCC(O[H])C=C1)C12=O=C3(=O=1)[CH]C=C(OCC(O[H])C(O[H])C(O[H])C(O)CO)C=C32.[H]OC1(CC(C)C)(C(=O)O[CH]23C(O)OC2C2CC(O)(O2)C3(O)C(=O)O)C2[H]C1[H]2 |$;;;;;;;;;;;;;;;;;;;;;;;;;;;;;;;;;R1;;;;;;;;;;;;;;;;;;;;;;;;;;;;;;;;;;;;;;;;;;;;;;;;;;;;;;;;;;;;;;;;;;;;;;;;$|
baloxavir_marboxil_cid124081896,,,baloxavir_marboxil_cid124081896.png,low,low,6.846278028092352e-07,invalid,,,,,,invalid,invalid,,False,False,False,False,,False,,,,,,,C[CH]C(C)C1[CH]234[CH]56O[CH]7(C)C[CH]8(O)C9C(C(=O)C(CCOC%10C[CH]2%11%12%13C(O)C[CH]%10(C)C2C[CH]%10%14CCC%10%11[CH]3(C%14)([CH]2%12O)[CH]154%13)C6C)[CH]781OCC[CH]2(N)(CC)NC(CCO91)C2C
barnidipine_cid443869,,,barnidipine_cid443869.png,low,low,0.01685924093059612,invalid,,,,,,invalid,invalid,,False,False,False,False,,False,,,,,,,*N1C(C)C(CNC)C(C2CCCC(C(C)C)C2)C(C(O)NC2CCN3(CC4=N(=C5(=NCCC[CH]5)C3)CCCC4)C2)C1C |$Y;;;;;;;;;;;;;;;;;;;;;;;;;;;;;;;;;;;;;;;;;;$|
barusiban_cid9832431,,,barusiban_cid9832431.png,low,low,0.004920041704504979,invalid,,,,,,invalid,invalid,,False,False,False,False,,False,,,,,,,[1*]NCC(CCC[NH+](C)C)N(C)C(=O)C1CCOCCC(=O)(=O)N([1*])C(CC2=CN(C)C3=CCCCC23)CN([1*])C(C(C)C)[CH]2(C)C(O)C3456(O)(CC(C)C(CC(C)C(C)C)CN1[1*])[CH]2(O)[CH]127(O)[CH]38(C)[CH]143(O)[CH]251C[CH]81736C |$R1;;;;;;;;;;;;;;;;;;;;;;;;R1;;;;;;;;;;;;;;;R1;;;;;;;;;;;;;;;;;;;;;;;R1;;;;;;;;;;;;$|
baxdrostat_cid71535962,,,baxdrostat_cid71535962.png,low,low,0.04116791795729097,invalid,,,,,,invalid,invalid,,False,False,False,False,,False,,,,,,,[1*]C1C2C3CCC4C(C(O)CCC5CCCC(O)C5C)C[CH]C(O)[CH]42C3C([1*])(C(N)CC)[CH]1(N)CC |$R1;;;;;;;;;;;;;;;;;;;;;;;;;;;R1;;;;;;;;$|
bazedoxifene_cid154257,,,bazedoxifene_cid154257.png,low,low,0.003181542027908027,wrong,,Bazedoxifene,0.2,35,35,wrong,wrong,,False,False,False,False,0.2,False,False,21,1,,,,[H]O[C@@H]1C=C[C@H]([C@H]2[C@H](C)[C@H]3C[C@@H](O)CC[C@H]3[C@H]2C[C@H]2CC[C@@H](OCCN3CCCCCC3)CC2)CC1
beauvericin_cid3007984,,,beauvericin_cid3007984.png,low,low,2.193477167895509e-08,invalid,,,,,,invalid,invalid,,False,False,False,False,,False,,,,,,,CC[CH]C(C)C(C)[CH]CO[CH]123C[CH]4567(OC(C(C)C)C(C)C(C)C8C[CH]9%10%11%12CCCC(C9)C9CC%10C(C%11C9)C8%12)O[CH]89%10C1[CH]1%11%12(O)[CH]%13(C)(C2O)[CH]8142C[CH]1(CCCCC1)C2(C1CCCCC1)[CH]9%13%115[CH]%10%126N37C
becampanel_cid5491960,,,becampanel_cid5491960.png,low,low,0.1492381538164026,wrong,,Becampanel,0.084,23,22,wrong,wrong,,False,False,False,False,0.084,False,False,36,1,,,,*C1[C@@H]2[C@@H](CN(*)C[C@@](C)(C[H])NC)CC(C([1*])=O)C[C@@H]2C(=O)[C@H](O)[C@@H]1C |$R;;;;;;R;;;;;;;;;;;R1;;;;;;;;;$|
beclabuvir_cid56934415,,,beclabuvir_cid56934415.png,low,low,5.126728490483636e-06,invalid,,,,,,invalid,invalid,,False,False,False,False,,False,,,,,,,*C(C(C)C1CCC2C(C1)[CH]13CC4([CH]C45(C)C4C(OC)CC6[CH]78[CH]1(C2C1CCCCC1)[CH]67[CH]485)C3C(C)C1[CH]2(C)CC3(C)C[CH]4(C)CC5(C)CCC1532C4)P(=O)(O)N(C)C |$R;;;;;;;;;;;;;;;;;;;;;;;;;;;;;;;;;;;;;;;;;;;;;;;;;;;;;;;;;$|
befunolol_cid2309,,,befunolol_cid2309.png,low,low,0.08259857119985352,wrong,,Befunolol,0.091,31,21,wrong,wrong,,False,False,False,False,0.091,False,False,55,1,,,,CCC(C)CCC[C@H](C)CO[C@H](CCC(C)CC[C@@H](OC[C@@H](C)CC)C(C)C)C(C)C
belvarafenib_cid89655386,,,belvarafenib_cid89655386.png,low,low,2.445407249994465e-07,invalid,,,,,,invalid,invalid,,False,False,False,False,,False,,,,,,,[H]C(C(O)C1[CH]C2C3C24O[CH]2567O8[CH][CH]29(C2[CH][CH]9%10[CH]C=NC(N([H])[H])C%10C2)[CH]82(O45)[CH]6(O)[CH]3([CH]1)[CH]27O)C1[CH]CCC(O)C1O
benidipine_cid656668,,,benidipine_cid656668.png,low,low,0.0005657376009581283,invalid,,,,,,invalid,invalid,,False,False,False,False,,False,,,,,,,CCCC123CC45(CCC)C1(C)CC1(C)C678CC19%10(C1O[CH]%11(CCCN(CC%12CCCCC%12)C%11)O1C69)C2471C2(C)CC(C(=O)O)C4CC[CH]1(CC4C(=O)O)C2358%10
benperidol_cid16363,,,benperidol_cid16363.png,low,low,0.2712541762357903,invalid,,,,,,invalid,invalid,,False,False,False,False,,False,,,,,,,CC1=CCC(C(O)CCCN2CCN(C3C[NH](C)C4CCCCC34)CC2)CC1
benznidazole_cid31593,,,benznidazole_cid31593.png,low,low,0.0001632421296865061,invalid,,,,,,invalid,invalid,,False,False,False,False,,False,,,,,,,[H]C(O)C(N)C1C[CH](N)(C(O)C[CH]234C[CH]56CC78C2C[CH]73C[CH]85OC64)[CH]C1C
benzphetamine_hydrochloride_cid11558159,,,benzphetamine_hydrochloride_cid11558159.png,low,low,0.02530224989846808,invalid,,,,,,invalid,invalid,,False,False,False,False,,False,,,,,,,CC(C[CH]123CC4CCC1CCC(C2)C43)N(C)(C)CC1[CH]CCCC1.CI
beraprost_sodium_cid23663404,,,beraprost_sodium_cid23663404.png,low,low,0.136433490485874,wrong,,Beraprost Sodium,0.136,31,30,wrong,wrong,,False,False,False,False,0.136,False,False,12,1,,,,*OC(=O)CCCN1C=CC[C@@H]2[C@@H]1S[C@@]1([H])C[C@@H](O*)[C@@H](C(=O)N([CH])C(O*)C(C)CCCC)[C@@]21[H] |$Me;;;;;;;;;;;;;;;;;;;R;;;;;;;;R;;;;;;;;$|
berninamycin_a_cid91617669,,,berninamycin_a_cid91617669.png,low,low,4.632622298069511e-07,invalid,,,,,,invalid,invalid,,False,False,False,False,,False,,,,,,,*O1C2[CH]1(C)[CH]21(C([10*])[CH]N2CC=C2C(O)N(C)C(=O)C([10*])C)[10*]N12C13(=O)=O=[CH]21(NC(=O)[CH]OC=C(CO)C(O)C(O)C(O)C(O)C(O)[CH](C)(O)C(O)C(C)O)N3C(=O)[CH]1(O)C=C2=C(C(O)C(O)C(O)C(O)C(O)C(O)C(O)C(C)O)O[CH]21CO |$R;;;;;;;R10;;;;;;;;;;;;;R10;;R10;;;;;;;;;;;;;;;;;;;;;;;;;;;;;;;;;;;;;;;;;;;;;;;;;;;;;;;;;;;;;$|
besifovir_cid5270766,,,besifovir_cid5270766.png,low,low,0.2372795619160907,wrong,,Besifovir,0.083,24,20,wrong,wrong,,False,False,False,False,0.083,False,False,44,1,,,,CC[C@](C)(CCC1(CN2CN[C@@H]3CC[C@@H](C(C)C)C[C@@H]32)CC1)OC
betahistine_cid2366,,,betahistine_cid2366.png,low,low,0.6756894637055278,wrong,,Betahistine,0.044,10,10,wrong,wrong,,False,False,False,False,0.044,False,False,9,1,,,,[H]C(C)CC[C@H]1CCCCN1
bethanechol_cid2370,,,bethanechol_cid2370.png,low,low,0.7728284040202594,wrong,,Bethanechol,0.273,11,11,wrong,wrong,,False,False,False,False,0.273,False,False,9,1,,,,[H]C(C)[C@@H](C)OCC[N+](C)(C)C
bexarotene_cid82146,,,bexarotene_cid82146.png,low,low,0.002266155301306217,invalid,,,,,,invalid,invalid,,False,False,False,False,,False,,,,,,,CCC[CH]12[CH]C([CH]C(C)C3[CH]C4CC[CH]43C)C1C(C)(C)CCC2(C)C.[H]
biotin_cid171548,,,biotin_cid171548.png,low,low,0.05561157540980289,wrong,,Biotin,0.136,21,16,wrong,wrong,,False,False,False,False,0.136,False,False,27,1,,,,[H]C1([H])CCC(CCCC[C@H](O)C(C)C)[C](O)[C@H](O)[C@@H](C)N1C |^1:15|
bismuth_subgallate_cid73415769,,,bismuth_subgallate_cid73415769.png,low,low,0.0007725901404825903,invalid,,,,,,invalid,invalid,,False,False,False,False,,False,,,,,,,COC(C)C1C2CC(O)C(O)C1C(O)C(O)C2OC.[CH3+]O
bleomycin_b2_cid5496540,,,bleomycin_b2_cid5496540.png,low,low,3.758534687689287e-08,invalid,,,,,,invalid,invalid,,False,False,False,False,,False,,,,,,,CCC(C(=O)C(O)[CH]1(O)C2[CH](O)(NC3=O=C4(=O)(OC4C)[CH]34C(CCC(O)C(OC3CO5[H]O([H]5)C3)C(O)[CH]CO)C4C3=CNC3)[CH]21O)C(O)C(O)CCCNC=C[CH]1(N=CC(=O)C(O)CCCCNC(C(=O)O)C(O)O)C=CN1.N[CH]C[CH]NC1N2CN1C2.[H]NC(=O)CCC(CC)C(=O)O
bolasterone_cid102146,,,bolasterone_cid102146.png,low,low,0.1326158928289322,wrong,,Bolasterone,0.106,28,23,wrong,wrong,,False,False,False,False,0.106,False,False,18,1,,,,C[CH][C@](C)(C[C@@H](CCC)[C@]1(C)C[C@H](OC)C[C@@H]2C[C@H](O)CC[C@]2(C)[C@@H]1O)OC |^1:1|
boric_acid_cid7628,,,boric_acid_cid7628.png,low,low,0.5397355911945747,wrong,,Boric Acid,0.0,14,4,wrong,wrong,,False,False,False,False,0.0,False,False,41,3,,,,CCCCCNC.CCCCOC.Cl
brilacidin_cid25023695,,,brilacidin_cid25023695.png,low,low,2.902266089427883e-06,invalid,,,,,,invalid,invalid,,False,False,False,False,,False,,,,,,,*N(C(=O)C([1*])=O)(C(=O)C(OC1CCC(O)C1)C(C=CC([H])([H])C)NC(O)CCCCNC(C(O)O)C(O)O)C(=O)(O[1*])C([1*])=CC(NC)C(=O)C([1*])C(CC(=O)O)O[CH]12CC3[CH]456C7C[CH]89%10(C[CH]8%11%12(O9)O4[CH]37%11(O)C5%12%10)(C1=C(C)N([1*])CCCCCN=C(C(=O)O)C(=O)O)C26 |$R;;;;;R1;;;;;;;;;;;;;;;;;;;;;;;;;;;;;;;;;;;;;R1;;R1;;;;;;;;R1;;;;;;;;;;;;;;;;;;;;;;;;;R1;;;;;;;;;;;;;;$|
brivanib_cid11234052,,,brivanib_cid11234052.png,low,low,0.002123543387361612,wrong,,Brivanib,0.098,27,27,wrong,wrong,,False,False,False,False,0.098,False,False,26,1,,,,*N1CCC2[C@H]1C[CH][C@H](O[C@@H]1[CH]CCN3C[C@H](OCC(C)C[1*])N(C)[C@@H]13)C2(C)C |$R;;;;;;;;;;;;;;;;;;;;;;R1;;;;;;$|
brivudine_cid446727,,,brivudine_cid446727.png,low,low,0.04744966125928794,wrong,,Brivudine,0.132,24,19,wrong,wrong,,False,False,False,False,0.132,False,False,36,1,,,,COC[C@H]1O[C@@H]([C@H]2CC(C(=O)C(C)C)C(C)[C@H](C)[C@@H]2C)C[C@@H]1OC
brodifacoum_cid54680676,,,brodifacoum_cid54680676.png,low,low,0.05475996878470624,wrong,,Brodifacoum,0.091,35,35,wrong,wrong,,False,False,False,False,0.091,False,False,30,1,,,,[1*]C[C@@H]1[C@H]2CCCC[C@H]2O[C@@H](O)[C@H]1N1CC([C@@H]2CCC(C3=CCC(O)CC3)CC2)C[C@@H]2CCCC[C@@H]21 |$R1;;;;;;;;;;;;;;;;;;;;;;;;;;;;;;;;;;;$|
bupranolol_cid2475,,,bupranolol_cid2475.png,low,low,0.000670076594539708,invalid,,,,,,invalid,invalid,,False,False,False,False,,False,,,,,,,[1*]C(CC(CO[CH]123O(CC(CC([1*])C(C)(C)C)OC)[CH]45C1([1*])C(CC1(C)C[CH]142)[CH]53O)OC)C(C)(C)C |$R1;;;;;;;;;;;;R1;;;;;;;;;R1;;;;;;;;;;;;;;$|
butenafine_cid2484,,,butenafine_cid2484.png,low,low,0.009738060926261543,invalid,,,,,,invalid,invalid,,False,False,False,False,,False,,,,,,,CC(C)(C)C1[CH][CH]C(C*CC2C3C4C3C4C3CC4CC[CH]23CC4)CC1 |$;;;;;;;;;NMe;;;;;;;;;;;;;;;;$|
c_c_dimethyl_n_n_tricyclo_8_2_2_24_7_hexadeca_4_6_10_12_13_1_cid71474517,,,c_c_dimethyl_n_n_tricyclo_8_2_2_24_7_hexadeca_4_6_10_12_13_1_cid71474517.png,low,low,2.597567888483986e-12,invalid,,,,,,invalid,invalid,,False,False,False,False,,False,,,,,,,[11*]N(C(=O)OC)[CH]123C45CC16789CC1(C6)(C47)C4C67C%10C%11C6%12C6C%117C%12C6(C)(CC6NC7=C(C=C(C%11%12C[CH]%13%14(C[CH]O[CH]C([H])[CH]C(C)[CH]N[CH]CC)[CH]C%13[CH]%13%15%16CC[CH]%17%18%19CC[CH]%11%20%21%22%23C[CH]%12(C%20)(C%21=C%14%22)C%23C%17C(C%18%13)C%19%15C%16)CC7)C6C)C%1046(C)(C[CH]47OC%10C4C24%11%12=O=C3(=O=4)([CH]1%118N([11*])C(=O)OC)N%107%126)C59 |$R11;;;;;;;;;;;;;;;;;;;;;;;;;;;;;;;;;;;;;;;;;;;;;;;;;;;;;;;;;;;;;;;;;;;;;;;;;;;;;;;;;;;;;R11;;;;;;$|
calcium_chloride_cid5284359,,,calcium_chloride_cid5284359.png,low,low,0.358682433589102,wrong,,Calcium Chloride,0.0,0,3,wrong,wrong,,False,False,False,False,0.0,False,False,6,2,,,,[2HH].[2H] |^1:1|
canfosfamide_cid5312109,,,canfosfamide_cid5312109.png,low,low,0.3866674692139906,wrong,,Canfosfamide,0.124,49,47,wrong,wrong,,False,False,False,False,0.124,False,False,56,1,,,,[1*]O[C@@H](O)[C@H](CC[C@@H](N)C([H])[C@@H](C[C@](C)(O)CCN[C@]([CH])(C(CCC)CCN)[C@@H](CCC)CCO)C(=O)N([H])[C@@H]([C@@H]1CC=CCC1)[C@H](N)O)[C@H](C)N |$R1;;;;;;;;;;;;;;;;;;;;;;;;;;;;;;;;;;;;;;;;;;;;;;;;;;;$|
cannabidiol_cid644019,,,cannabidiol_cid644019.png,low,low,0.2753745830783284,wrong,,Cannabidiol,0.147,23,23,wrong,wrong,,False,False,False,False,0.147,False,False,17,1,,,,*C[C@@H]1C[C@@H](CCCCC)C[C@@H]([1*])[C@@H]1[C@]1(C)[CH][C@H](C)CC[C@H]1C(C)C |$R;;;;;;;;;;;;R1;;;;;;;;;;;;$|
canrenone_cid13789,,,canrenone_cid13789.png,low,low,0.0001019431949143261,invalid,,,,,,invalid,invalid,,False,False,False,False,,False,,,,,,,[CH][CH]123CC4CCCCC4(C)C45CCC6(C)C7CCC689%10%11(CCC(C)C8)(CC(C)CC9C%10)CC%11C6[CH]41[CH]7652C3
cantharidin_cid5944,,,cantharidin_cid5944.png,low,low,4.187917591611685e-05,invalid,,,,,,invalid,invalid,,False,False,False,False,,False,,,,,,,CC1C2C[CH]34(C)OC(C)C567(C)C89(C)C[CH]C8%10%11(C)C8C%10%12(C)(CC1%12C)C89%1151C36(C)C2471C
captopril_cid44093,,,captopril_cid44093.png,low,low,0.1032517777724453,wrong,,Captopril,0.083,19,14,wrong,wrong,,False,False,False,False,0.083,False,False,23,3,,,,*O[C@H](CO)C(CC)NCCC.C[C@H](CO)C(O)O.O |$Y;;;;;;;;;;;;;;;;;;;$|
carbachol_cid5831,,,carbachol_cid5831.png,low,low,0.7102896591844121,wrong,,Carbachol,0.206,13,11,wrong,wrong,,False,False,False,False,0.206,False,False,18,2,,,,CC(C)[C@@H](C)NCC[N+](C)(C)C.O
carbenicillin_cid20824,,,carbenicillin_cid20824.png,low,low,0.0004571497068094883,invalid,,,,,,invalid,invalid,,False,False,False,False,,False,,,,,,,CCC(C)C(C1[CH]CCCC1)C(C)C(C)[CH]12C(O)[CH]13C(C(C)CC)C(C)(C)C[CH]23C
carisbamate_cid6918474,,,carisbamate_cid6918474.png,low,low,0.01251287918668529,wrong,,Carisbamate,0.082,17,14,wrong,wrong,,False,False,False,False,0.082,False,False,20,1,,,,*O[C@@H](C[CH][C@@H](O)[C@@H](C)O)[C@H]1C(O)CC2CC1C2 |$Y;;;;;;;;;;;;;;;;;$|
carmegliptin_cid11417567,,,carmegliptin_cid11417567.png,low,low,0.05649924116109029,wrong,,Carmegliptin,0.128,28,27,wrong,wrong,,False,False,False,False,0.128,False,False,19,1,,,,CO[C@@H]1CCC2[C@@H](CCN3C[C@H](N4C[C@@H](CO)C[C@@H]4O)[C@@H](C(C)C)C[C@]23C)C1
carnosine_cid439224,,,carnosine_cid439224.png,low,low,0.002354333739166514,invalid,,,,,,invalid,invalid,,False,False,False,False,,False,,,,,,,CC(C)C(C)CCN(C)C.COC(C)CC[CH]12CCC3C(CC31)C2
carumonam_cid6540466,,,carumonam_cid6540466.png,low,low,0.03114923123977469,wrong,,Carumonam,0.051,36,30,wrong,wrong,,False,False,False,False,0.051,False,False,61,1,,,,CO[C@@H](C)C1[C@H](O)[C@@H]([C@@H](C)[C@@H](O)[C@H](CSC[C@@H](O)CO)[C@@H]2CSC(N(C)C)N2)[C@H]1CC[C@H](N)C(C)C
cefaclor_cid51039,,,cefaclor_cid51039.png,low,low,0.05235907294803426,invalid,,,,,,invalid,invalid,,False,False,False,False,,False,,,,,,,[1*]C1CCC2(C)C(C(C)C(O)C(C([H])O)[CH]34CCCC(C3)C4)C(O)C2C1C(C)CC |$R1;;;;;;;;;;;;;;;;;;;;;;;;;;;;;$|
cefamandole_cid456255,,,cefamandole_cid456255.png,low,low,9.54887740137575e-07,invalid,,,,,,invalid,invalid,,False,False,False,False,,False,,,,,,,*CCC(C(CCC1N*CC1C)COC(C)C[CH]12C(C)[CH]13(C(O)C1=C[CH]CCC1)C[CH]2(C)[CH]3(O)C123=C[CH]456(CC[CH]1)C1C4[CH]15(C2)C36)C(C)OC |$E;;;;;;;;;E;;;;;;;;;;;;;;;;;;;;;;;;;;;;;;;;;;;;;;;;$|
cefdinir_cid6915944,,,cefdinir_cid6915944.png,low,low,0.01506734194194635,invalid,,,,,,invalid,invalid,,False,False,False,False,,False,,,,,,,C[CH]C1CC[CH]23C[CH]245CC(C(C)C(OC(C)C)C2CSC(C(C)C)=N2)C4C(C)N35C1C(C)O
cefiderocol_cid77843966,,,cefiderocol_cid77843966.png,low,low,0.003411726076762489,invalid,,,,,,invalid,invalid,,False,False,False,False,,False,,,,,,,*OC1=C(O[1*])C=CC(C(=O)NCC[N+]2(CC[CH]3(C(=O)O)N45C67(O)C(C(=O)C(O)C(OC[Si](C)(C)C(=O)OC)C8CCC(N(C)C)=N8)C8(O)OC846[CH]357C(=O)C(=O)O)CCCC2)=C1C |$R;;;;;R1;;;;;;;;;;;;;;;;;;;;;;;;;;;;;;;;;;;;;;;;;;;;;;;;;;;;;;;;;$|
cefilavancin_cid76960417,,,cefilavancin_cid76960417.png,low,low,2.843887753803413e-17,invalid,,,,,,invalid,invalid,,False,False,False,False,,False,,,,,,,CC(C)C(O)C(C)(O)CCCO.CC[CH]123O[CH]45O[CH]6(CNC7(=O)=CC=CC=C7)(O=C46OC4O[CH]46(O)[CH]47O[CH]461C7(C)O)C5[CH]14O[CH]56OC(C(O)C(O)C(O)[CH]OCN7C8N(C79%10=O=C9N%10[CH]COC(=O)[CH]79C%10C%11%12C[CH]%10%117(O)O%129)C79(C)(O)O=C87NC9O)[CH]7(O)(OC7CO)[CH]512(O)[CH]643O.O
cefixime_cid5362065,,,cefixime_cid5362065.png,low,low,0.02179550473064428,invalid,,,,,,invalid,invalid,,False,False,False,False,,False,,,,,,,CNCC(C1CCC(N(C)C)=N1)C(C)C(C)C1C(C)C2[CH]1(C)CC[CH]13C(C)C1[CH]23C(C)C.NCO
cefmetazole_cid42008,,,cefmetazole_cid42008.png,low,low,0.01142668557159512,invalid,,,,,,invalid,invalid,,False,False,False,False,,False,,,,,,,*CCCC(O)[CH]1(*)C23C(CC(CCC4NC[CH]C4C)CC(C)OC)C2[CH]31CCC |$CH3CO;;;;;;;R;;;;;;;;;;;;;;;;;;;;;;$|
cefoperazone_cid44187,,,cefoperazone_cid44187.png,low,low,0.002977691885360985,invalid,,,,,,invalid,invalid,,False,False,False,False,,False,,,,,,,*OC(C1=CCC(CC)C=C1)C(C)N(C)[CH]12C(=O)N3C(C(C)O)C4CC5C1678*C532(*6)(C7)C8C4CCCC1CNCC1*.CCOCCC(C=O)C(C)C=O |$R;;;;;;;;;;;;;;;;;;;;;;;;;;;Y;;Y;;;;;;;;;;;;Y;;;;;;;;;;;;$|
cefotaxime_cid5742673,,,cefotaxime_cid5742673.png,low,low,0.00921608882553564,invalid,,,,,,invalid,invalid,,False,False,False,False,,False,,,,,,,CCC(C(O)NCC(COC(C)C)C(O)C(C)OC)N(C)C(O)C(CSC)C1C[CH][CH](N(C)C)=N1
cefotetan_cid53025,,,cefotetan_cid53025.png,low,low,1.024599602415149e-12,invalid,,,,,,invalid,invalid,,False,False,False,False,,False,,,,,,,C[CH]CC1C23C4N567=N8=N9%10%11%12%13=N%14%15%16%17=N%18%19%20%21=N%22%23=C=8=%144%24%25(=N=5=%18=9(N=N6C7C)N%15=N%10N%11C)(N=N%22%164=N(N%19%24C)=N%23%17N4)[CH]%20%12C[CH]245C26C7C8[CH]2(C)C729%10(C)[CH]7([CH]4(C(C)O)[CH]836(C[CH]%21%13%25)[CH]175)[CH]213(C)[CH]2(C(O)O[CH]C(C(N)CC)C(O)C(C)O)[CH]194O(C)[CH]243%10OC
cefoxitin_cid441199,,,cefoxitin_cid441199.png,low,low,0.02145443104275044,invalid,,,,,,invalid,invalid,,False,False,False,False,,False,,,,,,,CCC12(C(C)CCC3=C[CH]CS3)OC3C145C1CC(COC(=O)OC)C(C(C)OC)[CH]4(CO)C1325
cefozopran_cid9571080,,,cefozopran_cid9571080.png,low,low,0.004297888297861178,invalid,,,,,,invalid,invalid,,False,False,False,False,,False,,,,,,,*C(C(O)C(CCC)[CH]12CC(C1)C(C(C)C)N2)C1C(=O)N2C(C(C)C)C(CN34CC5[CH]678C9CCC%10CCC6[CH]95(C7C3)[CH]%1048)COC12C |$R;;;;;;;;;;;;;;;;;;;;;;;;;;;;;;;;;;;;;;;;;;;;;$|
cefprozil_cid62977,,,cefprozil_cid62977.png,low,low,0.001806172393137676,invalid,,,,,,invalid,invalid,,False,False,False,False,,False,,,,,,,*OC1=CC[CH]2(CC1)C(C([H])[H])C(O)C([H])[CH]13(NC(COCC)C(O)O)[CH](O)(C(O)C2C([H])[H])[CH]2(C(=O)O)[CH]14(O)C(OC)[CH]243O |$R;;;;;;;;;;;;;;;;;;;;;;;;;;;;;;;;;;;;;;;;;;;;$|
ceftizoxime_cid6533629,,,ceftizoxime_cid6533629.png,low,low,0.02672853118552706,invalid,,,,,,invalid,invalid,,False,False,False,False,,False,,,,,,,*C(C(O)C(OCC)C1CC(O)C(CN(C)C)O1)C1C(O)C2C(C(N)O)CCC[CH]12[H] |$E;;;;;;;;;;;;;;;;;;;;;;;;;;;;;;$|
centanafadine_cid16095349,,,centanafadine_cid16095349.png,low,low,0.3158639437223997,wrong,,Centanafadine,0.107,18,16,wrong,wrong,,False,False,False,False,0.107,False,False,20,1,,,,C[C@@H]1C[C@@H]([C@@H]2[CH]C[C@@H]3CCCCC3C2)C(C)(C)C1 |^1:5|
cephaloridine_cid5773,,,cephaloridine_cid5773.png,low,low,0.0166097979129756,wrong,,Cephaloridine,0.045,31,28,wrong,wrong,,False,False,False,False,0.045,False,False,54,2,,,,*C[C@@H](N(C)[C@H](C)C[C@H]1CC[CH]O1)[C@]1(*)CCC[C@@H](C(C)C)C1.CCCC[NH+]1CCCCC1 |$Z;;;;;;;;;;;;;;R;;;;;;;;;;;;;;;;;;$|
cephalothin_cid6024,,,cephalothin_cid6024.png,low,low,0.001065667275012374,invalid,,,,,,invalid,invalid,,False,False,False,False,,False,,,,,,,CC1[CH][CH][CH][CH]1.C[CH]C1C(C)CCC([CH]2(C(C)C)[CH]C(C)CCC2CCC(C)C)C1C(C)C
chlormadinone_acetate_cid9324,,,chlormadinone_acetate_cid9324.png,low,low,2.103995388990791e-05,invalid,,,,,,invalid,invalid,,False,False,False,False,,False,,,,,,,[10*][CH]1234C5CC6(C)C7(O)CCC(C)(CCC(C)C)C(C)C7(C)C7[CH]8(O)[CH]79%10C17%11C1C%12C%13C%14(C)[CH]6879%15C2[CH]5%11(O)(C3[CH]%12%13%14)C1%104%15 |$R10;;;;;;;;;;;;;;;;;;;;;;;;;;;;;;;;;;;;;$|
chloroeremomycin_cid445806,,,chloroeremomycin_cid445806.png,low,low,4.809249784740388e-09,invalid,,,,,,invalid,invalid,,False,False,False,False,,False,,,,,,,C[CH]O[CH]O[CH]C(O)C([CH]OC1C2C34C5=C(O[CH]67C(C)C(O[CH]89CC%10[CH]%11%12%13OC(C)[CH]%14(CO)C%15%16(C)(C(C)C)C%11%17N%10%11(OC(C)[CH]%15(CO)C%17%14(C)(C(C)C)C%12%11%16)C%13O[CH]%10(C(C)O)C8C6C9%10)C7O)O[CH]52(C3NCC2O[CH]C(OC(C)C(=O)C(CC(C)C)N(C)C)C2C(O)C(C)C)O14)OCC
chlorotrianisene_cid11289,,,chlorotrianisene_cid11289.png,low,low,0.0102829447134685,invalid,,,,,,invalid,invalid,,False,False,False,False,,False,,,,,,,CNC1C[CH]C(C(C2[CH]CC(OC)CC2)C(O)[CH]23CC[CH]4(C)C[CH]25C(C)C3C45)CC1
chlorozotocin_cid451706,,,chlorozotocin_cid451706.png,low,low,0.4470066424370165,invalid,,,,,,invalid,invalid,,False,False,False,False,,False,,,,,,,*OC(C(C(=O)CC(CCO)O[10*])C(C)O)C(OC)[CH](=O)CCO |$R;;;;;;;;;;;;R10;;;;;;;;;;;$|
chlorprothixene_cid667467,,,chlorprothixene_cid667467.png,low,low,0.009249014617195062,wrong,,Chlorprothixene,0.022,31,21,wrong,wrong,,False,False,False,False,0.022,False,False,50,2,,,,CCCCC12CCC(CC1)CC2CCCCCO.[11*]CC12C3C(CCCCCC4CC41[11*])C32 |$;;;;;;;;;;;;;;;;;;R11;;;;;;;;;;;;;R11;$|
chlorzoxazone_cid2733,,,chlorzoxazone_cid2733.png,low,low,0.05362717149068567,wrong,,Chlorzoxazone,0.041,13,11,wrong,wrong,,False,False,False,False,0.041,False,False,23,1,,,,C[C@@H]1[C@@H](C)OC2C3CC(C)([CH][C@@H]21)C3 |^1:10|
cilagicin_cid171038003,,,cilagicin_cid171038003.png,low,low,8.435169032576915e-08,invalid,,,,,,invalid,invalid,,False,False,False,False,,False,,,,,,,C=CCC.CC1C(C(CC([NH2+])=O)C([NH2+])=O)[CH]1(CC([NH2+])=O)C1=O=C2(=O)(N1)[CH]134C(C5=O=C5[NH2+])[CH]215C312=O=C45([NH2+])(=O=1)[NH2+]2.C[NH2+].[10*]C(=O)(=O)CC(C)CCC(=O)NC(C)CC([NH2+])=O.[10*]C123=O=C(=O=1)([10*]2)C3NC(=O)CCCC1C2C(CCCCCCC)C12.[10*]OC(=O)CC(CC([NH2+])=O)[NH2+]C(=O)OC |$;;;;;;;;;;;;;;;;;;;;;;;;;;;;;;;;;;;;;;;;R10;;;;;;;;;;;;;;;;;;R10;;;;;R10;;;;;;;;;;;;;;;;;;;R10;;;;;;;;;;;;;;$|
cilazapril_cid56330,,,cilazapril_cid56330.png,low,low,0.04958478591327415,wrong,,Cilazapril,0.117,32,30,wrong,wrong,,False,False,False,False,0.117,False,False,38,1,,,,CCN[C@H](C)[C@H](CCC1CCCCC1)[C@H](C)[C@@H]1CCCNCCC[C@@H]([C@H](N)CC)N[C@@H]1N
cinnarizine_cid1547484,,,cinnarizine_cid1547484.png,low,low,0.0004831963100952037,invalid,,,,,,invalid,invalid,,False,False,False,False,,False,,,,,,,*C(C[NH+]1CCN(C2C3[CH]CC([CH]C3)[CH]C[CH]34CCC5C[CH]23C54)CC1)C([H])[CH]12[CH]C34C[CH]3(CC1)CC42 |$A;;;;;;;;;;;;;;;;;;;;;;;;;;;;;;;;;;;$|
citrulline_cid9750,,,citrulline_cid9750.png,low,low,0.06188601060778606,wrong,,Citrulline,0.074,18,12,wrong,wrong,,False,False,False,False,0.074,False,False,45,2,,,,*CCCCCC(C(*)*)C(*)*.*OCCCCCCCC*([1*])[C@@H](*)*(*)* |$Me;;;;;;;;Me;Y;;Y;Y;Me;;;;;;;;;;Y;R1;;Y;Y;Y;Y$|
clavulanic_acid_cid5280980,,,clavulanic_acid_cid5280980.png,low,low,1.102228017587678e-05,invalid,,,,,,invalid,invalid,,False,False,False,False,,False,,,,,,,[1*]C(CCC)C(CCCC)C[CH](C)(C)C(C(C)C)[CH]1(C(C)CCC)CC1C(C)C(C)C |$R1;;;;;;;;;;;;;;;;;;;;;;;;;;;;;;$|
clazosentan_cid6433095,,,clazosentan_cid6433095.png,low,low,0.002502386652199874,invalid,,,,,,invalid,invalid,,False,False,False,False,,False,,,,,,,COC1CC2C34C[CH]25C3C1(OC1C(NC(C)(C)C2OCC(C)CO2)CC(C2CCOC(C3NCC(C)N3)C2)NC1NCCO)C45
clocortolone_cid5311052,,,clocortolone_cid5311052.png,low,low,0.004737571914692015,invalid,,,,,,invalid,invalid,,False,False,False,False,,False,,,,,,,CCCC(C)C1C(C)C[CH]23C1(C)CC(CC)C14(C)C56(C)C7CC(O)C[CH]58C(O)C5C21(C)C(C)C534(C)CC(O)C6C8C(O)C7
clotrimazole_cid2812,,,clotrimazole_cid2812.png,low,low,2.193927447117159e-06,invalid,,,,,,invalid,invalid,,False,False,False,False,,False,,,,,,,*[CH]12C3C4C(CC1[CH](C)(C1CCC1C)[CH]1(C)C[CH](C)([CH]C(C)C(C)[CH]C)C1C)C3C42 |$X;;;;;;;;;;;;;;;;;;;;;;;;;;;;;$|
clovibactin_cid146342518,,,clovibactin_cid146342518.png,low,low,0.03843196956603991,wrong,,Clovibactin,0.139,85,64,wrong,wrong,,False,False,False,False,0.139,False,False,73,2,,,,*N([CH]C)C(C)C[C@H](NC(=O)[C@@H](CC(C)C)C([1*])[C@@H](O)CC(C)C)C(=O)N(C)C.[1*]C([C@H](O)CN(C)C)[C@H](CC(C)C)C(=O)N[C@@H](CN(C)C(=O)[C@H](COC)[C@H]([11*])C(=O)[C@@H](CCCCC(C)C)[C@@H](C)C(=O)[C@@H](CN(C)C)C(O)C(=O)NC(C)=O)C(=O)N(C)C |$Me;;;;;;;;;;;;;;;;;R1;;;;;;;;;;;;R1;;;;;;;;;;;;;;;;;;;;;;;;;;;R11;;;;;;;;;;;;;;;;;;;;;;;;;;;;;;;;$|
cloxacillin_cid6098,,,cloxacillin_cid6098.png,low,low,0.00468887544042988,invalid,,,,,,invalid,invalid,,False,False,False,False,,False,,,,,,,[H][H][N+](C)C1OC(C(CO)C(C(C)O)C2CCCC(O)C2C2CCC(C)=N2)CC1(C)C
contezolid_cid25184541,,,contezolid_cid25184541.png,low,low,0.1162852136099764,invalid,,,,,,invalid,invalid,,False,False,False,False,,False,,,,,,,*C1CCN(C2C([10*])CC(N3CC(CN([10*])C4CC[Ne]O4)NC3*)C([10*])C2[10*])CC1 |$Y;;;;;;;R10;;;;;;;;R10;;;;;;;;R111;;R10;;R10;;$|
coprexa_cid5245480,,,coprexa_cid5245480.png,low,low,3.416859599696294e-05,invalid,,,,,,invalid,invalid,,False,False,False,False,,False,,,,,,,CC12CC=C1C(O)CCC2.CC12CCC13(=O)CC23.CCCOCC.CCO.Cl
creatine_cid586,,,creatine_cid586.png,low,low,0.2705641430776014,wrong,,Creatine,0.056,11,9,wrong,wrong,,False,False,False,False,0.056,False,False,17,3,,,,*O.O.OCCCCOCCO |$Y;;;;;;;;;;;$|
crenolanib_cid10366136,,,crenolanib_cid10366136.png,low,low,1.649628474665566e-05,invalid,,,,,,invalid,invalid,,False,False,False,False,,False,,,,,,,[H]C([H])C1CCC(C2CC3[CH][CH]456C3[CH]37C4C4[CH]8(C9%10N=N[CH]%11%12CC(OCC%13(C)CCC%13)[CH]%13%14C%15C%13[CH]9%11C%15%14C%10%12)(C[CH]435C8)O[CH]276)CC1
cycloguanil_cid9049,,,cycloguanil_cid9049.png,low,low,0.004647897837370106,invalid,,,,,,invalid,invalid,,False,False,False,False,,False,,,,,,,C1C2C[CH]34C[CH]5(CC1C35)C24.CC(C)CC1OC(C(C)C)OC(C)(C)O1
cyclopropane_cid6351,,,cyclopropane_cid6351.png,low,low,0.0,invalid,,,,,,invalid,invalid,,False,False,False,False,,False,,,,,,,CCCCC1C2C(CCCCCCCCCC3C4C35C43C54C35C43C54C35C43C54C35C43C54C35C43C54C35C43C54C35C43C54C35C43C54C35C43C54C35C43C54C35C43C54C356C437C548C6359C7436C8547C9358C6439C7546C8357C9438C6549C7356C8437C9548C6359C7436C8547C9358C6439C7546C8357C9438%10C6549%11C7356%12C8437%13C%109548%14C%116359%10C%127436%11C%138547%12C%149358%13C%106439%14C%117546%10C57%11%15%16%17C%18%19%20%21%22%23C%24%25%26%27%28C%29%30%31%32C%33%34%35C%36%37%38C%39%40C%41C(CCCCCCCCC%42C%43C%42%44C%43%42%45C%44%43%46C%42%44%47C%45%43%42%48%49C%46%44%43%45%50%51C%47%42%44%46%52%53C%48%43%42%47%54%55%56C%49%45%44%43%48%57%58%59C%50%46%42%44%45%49%60%61%62C%51%52%47%43%42%46%50%63%64%65%66C%53%54%48%44%43%47%51%52%67%68%69%70C%55%57%45%42%44%48%53%54%71%72%73%74C%56%58%49%46%43%42%45%55%57%75%76%77%78%79C%59%60%50%47%44%43%46%49%56%58%80%81%82%83%84%85C%61%63%51%48%42%44%47%50%59%60%86%87%88%89%90%91%92C%62%64%52%53%45%43%42%48%51%61%63%93%94%95%96%97%98%99%(100)C%43%45%52%53%62%64%(101)%(102)%(103)%(104)%(105)%(106)%(107)%(108)%(109)%(110)%(111)%(112)%(113)%(114)C%(115)%(116)%(117)%(118)%(119)%(120)%(121)%(122)%(123)%(124)%(125)%(126)%(127)%(128)%(129)%(130)%(131)C%43%(132)%(133)%(134)%(135)%(136)%(137)%(138)%(139)%(140)%(141)%(142)%(143)%(144)%(145)%(146)%(147)C%(115)%45%43%(148)%(149)%(150)%(151)%(152)%(153)%(154)%(155)%(156)%(157)%(158)%(159)%(160)%(161)%(162)C%(116)%(132)%52%45%(115)%(163)%(164)%(165)%(166)%(167)%(168)%(169)%(170)%(171)%(172)%(173)%(174)%(175)C%(117)%(133)%43%53%52%(116)%(132)%(176)%(177)%(178)%(179)%(180)%(181)%(182)%(183)%(184)%(185)%(186)C%(118)%(134)%(148)%45%62%43%53%(117)%(133)%(187)%(188)%(189)%(190)%(191)%(192)%(193)%(194)%(195)%(196)C%(119)%(135)%(149)%(115)%52%64%45%62%(118)%(134)%(148)%(197)%(198)%(199)%(200)%(201)%(202)%(203)%(204)C%(120)%(136)%(150)%(163)%(116)%43%(101)%52%64%(115)%(119)%(135)%(149)%(205)%(206)%(207)%(208)%(209)%(210)C%(121)%(137)%(151)%(164)%(132)%42%53%45%(102)%43%(101)%(116)%(120)%(136)%(150)%(163)%(211)%(212)%(213)%(214)C%65%67%54%55%46%44%48%(117)%62%52%(103)%42%45%53%(102)%(121)%(132)%(137)%(151)%(164)%(215)C%(122)%(138)%47%(152)%(165)%(176)%51%(133)%(118)%64%(104)%43%44%46%48%52%54%55%62%65%67C%(123)%(139)%50%(153)%(166)%(177)%61%(187)%(134)%(115)%(105)%(101)%42%43%47%51%64%(103)%(104)%(117)%(118)C%49%(124)%(140)%59%(154)%(167)%(178)%63%(188)%(148)%(119)%(106)%(116)%45%44%42%50%61%(101)%(105)%(115)%(122)C%56%(125)%(141)%60%(155)%(168)%(179)%93%(189)%(197)%(135)%(107)%(120)%53%46%43%44%45%49%59%63%(106)C%58%(126)%(142)%86%(156)%(169)%(180)%94%(190)%(198)%(149)%(108)%(136)%(102)%48%47%42%43%46%53%56%60C%57%80%(127)%(143)%87%(157)%(170)%(181)%95%(191)%(199)%(205)%(109)%(150)%(121)%52%51%50%44%42%47%48%58C%75%81%(128)%(144)%88%(158)%(171)%(182)%96%(192)%(200)%(206)%(110)%(163)%(132)%54%64%61%45%43%44%50%51C%66%68%71%76%82%89%(159)%(172)%(183)%97%(193)%(201)%(207)%(111)%(211)%(137)%55%(103)%(101)%49%46%42%43%45C%72%77%83%(129)%(145)%90%(160)%(173)%(184)%98%(194)%(202)%(208)%(112)%(212)%(151)%62%(104)%(105)%59%53%47%44%42C%69%73%78%84%(130)%(146)%91%(161)%(174)%(185)%99%(195)%(203)%(209)%(113)%(213)%(164)%65%(117)%(115)%63%56%48%50%43C%70%74%79%85%(131)%(147)%92%(162)%(175)%(186)%(100)%(196)%(204)%(210)%(114)%(214)%(215)%67%(118)%(122)%(106)%60%58%51%45%42)C%41%39C%40%36C%37%33%36C%38%34%29%33C%36%35%30%29C%33%31%24%30%34C%29%32%25%24%31C%30%26%18%25%29C%34%24%27%19%18%26C%31%28%25%20%19%24C%29%18%215%20%25C%26%19%2275%18C%24%23%20%117%19C%2553%154%11C%12879%166C%18%13%19%14%17%10%11)C12
cystine_cid67678,,,cystine_cid67678.png,low,low,0.2238977994193614,invalid,,,,,,invalid,invalid,,False,False,False,False,,False,,,,,,,[H]C(=O)CC(CCCCC)CC([H])C[O][Ac].[H]C(=O)CCC[H]C([H])[H].[H]C(CC[H]C([H])([H])C)C[O][Ac]
dabrafenib_cid44462760,,,dabrafenib_cid44462760.png,low,low,0.003468556697268007,invalid,,,,,,invalid,invalid,,False,False,False,False,,False,,,,,,,*C1C(C2CC(C(C)(C)C)[CH]C2C2CCN=C(C([H])([H])[H])N2)CCCC1C(*)C(=O)(O)[CH]12C(C)CCC(C1[1*])C2[1*] |$R;;;;;;;;;;;;;;;;;;;;;;;;;;;R;;;;;;;;;;;R1;;R1$|
dantrolene_cid6914273,,,dantrolene_cid6914273.png,low,low,0.1059102327900811,wrong,,Dantrolene,0.071,24,23,wrong,wrong,,False,False,False,False,0.071,False,False,26,1,,,,[H]N(C[C@@H]1C[C@H](O)C(=O)[C@@H]1O)[C@@H]1CO[C@H]([C@@H]2CC[C@@H]([C@H](C)O)CC2)O1
danuglipron_tromethamine_cid154702463,,,danuglipron_tromethamine_cid154702463.png,low,low,0.04404459203292617,invalid,,,,,,invalid,invalid,,False,False,False,False,,False,,,,,,,[1*]OC(=O)CC[CH]12C=C3[CH]145C1N(CC6CCC6)[CH]6(CN7CCC(C8CCCC(OCC9CCC(C=O)CC9C)C8)CC7)N4[CH]312N65.[1*]OCC(CNC)(CO[1*])C(=O)O |$R1;;;;;;;;;;;;;;;;;;;;;;;;;;;;;;;;;;;;;;;;;;;;;R1;;;;;;;;;R1;;;$|
dapivirine_cid214347,,,dapivirine_cid214347.png,low,low,0.03410626430949729,wrong,,Dapivirine,0.034,24,25,wrong,wrong,,False,False,False,False,0.034,False,False,22,1,,,,*[C@H]1CC=C([SH]C2CC[CH][C@H]3[C@@H](O)[C@H]4[C@H](C)C[C@H](C)[CH][C@@H]4CN23)CC1 |$(Am)17;;;;;;;;;;;;;;;;;;;;;;;;$|
darobactin_cid154586077,,,darobactin_cid154586077.png,low,low,1.673020531483254e-66,invalid,,,,,,invalid,invalid,,False,False,False,False,,False,,,,,,,CC12O[CH]345C6[CH]78[CH]9%10%11%12%13%14[CH]%15%16%17%18%19[CH]3%20%21%22%23%24O[CH]7%15%2093%25%26[CH]%16%21%1079%15O[CH]%17%1173%10%16(O3[CH]1(C%22O)[CH]32%10)[CH]%12123([CH]7%10%11%12%17[CH]%20%21O%22%27[CH]%28%29O[CH]%30%31O[CH]%30%28%32%33(O)O%28[CH]%30%34%35%36O[CH]%30%37%38%39%40%41%42O%30[CH]%37%43%44%45%46%47%48O%37%49%50C%38%51%52%53%54O%38%55%56%57[CH]%37%43%58%59%60%61[CH]4%39%44%37%43%62%63O[CH]5%58%40%45%374%39%44%64(O[CH]%46%4345%37O%394%40[CH]%385%59%39%43%45%46%58%65[CH]5%38%59%66%67%68%69%70%71C%72%73%74%75[CH]%76%77%78%79%80C7%81%82[CH]%20%221%107%83[CH]%21%111OC[CH]%10%11%20%21%22%84[CH]%765%85%86%87%88%89%90[CH]%811%12%7775%76%91C[CH]%822%17%78%83%8517%12[CH]%28%32%79%105%382([CH]%27%33O%31%29)[CH]%34%51%11%41%47%59%39%445%10%17%27%28%29C%11=C%49%55%52%66%31%32%33%34%38[CH]4%56%60%67%435%39%41%44%47[CH]%30%50%40%57%37%61%31%68%1045[CH]%72%20%76%86%321%45%39%17%10%30%31[CH]%35%53%42%48%87%691%17[CH]%73%21%88%337%70%46%41%10%27%20[CH]%74%80%22%911%89%34%12%58%444%30%28[CH]%11%75%36%54%84%62%17%902%38%71%65%64%475%20%31%29)O%63)[CH]%18%23%139%16%25[CH]68%193%24%14%15%26
darolutamide_cid67171867,,,darolutamide_cid67171867.png,low,low,2.431342126112245e-05,invalid,,,,,,invalid,invalid,,False,False,False,False,,False,,,,,,,[H]C(C)(CC)C(C)C(C)CC1C23=O[CH]1(O)C2(C)[CH]1(C)CC2C[CH][CH](C4CCC(C(C)C)C(C)C4)(CCCC(C)C31C)C2
delamanid_cid6480466,,,delamanid_cid6480466.png,low,low,0.02981442144868192,invalid,,,,,,invalid,invalid,,False,False,False,False,,False,,,,,,,CN1(COC2[CH]C[N+](N3CCC(OC4[CH]CC(OC(F)(F)F)CC4)CC3)CC2)CC2CC(C(O)O)NC2O1
delapril_cid5362116,,,delapril_cid5362116.png,low,low,0.008995536785065997,wrong,,Delapril,0.132,34,33,wrong,wrong,,False,False,False,False,0.132,False,False,18,1,,,,[1*]OC(O)CC([C@@H](O)[C@H](C)C(=O)[C@@H](CC[C@@H]1C=CCCC1)[C@@H](N)OCC)[C@H]1CC2CCCC[C@H]2O1 |$R1;;;;;;;;;;;;;;;;;;;;;;;;;;;;;;;;;;$|
delavirdine_cid5625,,,delavirdine_cid5625.png,low,low,0.0004820693113129358,invalid,,,,,,invalid,invalid,,False,False,False,False,,False,,,,,,,*C(C(C)C)C1[CH]CC[CH]C1C1CCC(C(C)C2CC3C[CH]45C(*)[CH](C)(O)(O)C[CH]6(O)[CH]478C4[CH]3(C7[CH]4658)N2*)CC1 |$R;;;;;;;;;;;;;;;;;;;;;;;R;;;;;;;;;;;;;;Y;;$|
deldeprevir_cid56935739,,,deldeprevir_cid56935739.png,low,low,2.666177536024219e-07,invalid,,,,,,invalid,invalid,,False,False,False,False,,False,,,,,,,*N1*O2[CH]13C1C45(O)(C[CH]OC6=CC(C7OCC(C(C)C)O7)=NC7=C8[CH]9(OC)C%10C(C67)C9[CH]8%10(CC)OC)OC1267[CH]31[CH]2(C3(O)=O=S2(=O)(C2CC2)=O=3)[CH]62C3(C)(O)[CH]6(O)C8(O)C(O)[CH]4(O)[CH](O)(C4C(C)CO4C(O)[CH]83(O)C6127(C)O)C5O |$R;;R;;;;;;;;;;;;;;;;;;;;;;;;;;;;;;;;;;;;;;;;;;;;;;;;;;;;;;;;;;;;;;;;;;;;;;;;;;;$|
demoxytocin_cid449224,,,demoxytocin_cid449224.png,low,low,0.01952561297579951,wrong,,Demoxytocin,0.199,78,68,wrong,wrong,,False,False,False,False,0.199,False,False,58,1,,,,[10*]C(C[C@H]1C(=O)N([10*])[C@@H](C(=O)N[C@H](CC)C(=O)N(C)[C@H](CC(C)C)C(=O)N(C)CC(=O)N(C)C)CCCCCC(=O)C(O)[C@@H](C[C@H]2C=CC(NC)CC2)C(=O)[C@H](O)[C@@]([H])([C@@H](C)CC)[C@H](C)N(C)[C@H](CCC(=O)N(C)C)C(=O)N1[10*])C(C)C |$R10;;;;;;;R10;;;;;;;;;;;;;;;;;;;;;;;;;;;;;;;;;;;;;;;;;;;;;;;;;;;;;;;;;;;;;;;;;;;;;;;R10;;;$|
desferrithiocin_cid135564781,,,desferrithiocin_cid135564781.png,low,low,0.0002358423474276578,invalid,,,,,,invalid,invalid,,False,False,False,False,,False,,,,,,,*CNCC(C)C[CH]12(C)CC1CC[CH]134OC(C1C2CC)C31CC(C[11*])C[CH]42C([1*])[1*]C12 |$Me;;;;;;;;;;;;;;;;;;;;;;;;R11;;;;R1;R1;$|
desoximetasone_cid5311067,,,desoximetasone_cid5311067.png,low,low,0.002161344827525669,invalid,,,,,,invalid,invalid,,False,False,False,False,,False,,,,,,,*OCC(C)C1C(C)C2[CH]3(C)C1(C)CC(CC)C1(C)C234(C)CC[CH]23C5C(O)CC6C7CC612(C)[CH]5(CC4)C3C7O |$Z;;;;;;;;;;;;;;;;;;;;;;;;;;;;;;;;;;;;;;$|
desvenlafaxine_succinate_cid6918664,,,desvenlafaxine_succinate_cid6918664.png,low,low,0.5533056260555942,wrong,,Desvenlafaxine Succinate,0.106,29,28,wrong,wrong,,False,False,False,False,0.106,False,False,17,4,,,,O.[1*]OCCCC(C)O[1*].[1*]O[C@@H]1C=C[C@H](C(CC(C)C)[N+]2([H])CCCCC2)CC1.[1*][N+](O)O |$;R1;;;;;;;;R1;R1;;;;;;;;;;;;;;;;;;;;R1;;;$|
detirelix_cid16129698,,,detirelix_cid16129698.png,low,low,7.520175471764325e-08,invalid,,,,,,invalid,invalid,,False,False,False,False,,False,,,,,,,CCC(NC[CH]NCNCCC(CC(C)C)NC(=O)C(C)CCCCN1(CC)CC(O)(CC)C1CC)C(=O)NC.CO[CH]123CC(C1C)C14=CC(=CCC1)C=41=C(CCC=C1)C1C(C)[CH]4(O)(C1C(N)=O)C(C2O)C34O.[1*]C(CC)[CH]123CC45C6CC7OCCCC7C4C6C51C1OC12(CCC=CC=O)=O=C3(O)CC1=CC=C(O)C=C1 |$;;;;;;;;;;;;;;;;;;;;;;;;;;;;;;;;;;;;;;;;;;;;;;;;;;;;;;;;;;;;;;;;;;;;;;;;;R1;;;;;;;;;;;;;;;;;;;;;;;;;;;;;;;;;;;;;$|
dexpanthenol_cid131204,,,dexpanthenol_cid131204.png,low,low,0.5613908385557508,wrong,,Dexpanthenol,0.132,16,14,wrong,wrong,,False,False,False,False,0.132,False,False,19,1,,,,*OCCCC(C)[C@@H](C)[C@H](C[1*])C(C)(C)COC |$Rb;;;;;;;;;;;R1;;;;;;$|
dibekacin_cid470999,,,dibekacin_cid470999.png,low,low,0.1390730844445066,wrong,,Dibekacin,0.173,44,31,wrong,wrong,,False,False,False,False,0.173,False,False,54,1,,,,COC[C@H]1O[C@H](O[C@@H]2[C@@H](OC)[C@@H](O[C@H]3C[C@H](CC(C)C)CC[C@H]3OC)[C@@H](C(C)C)C[C@H]2C(C)C)[C@@H](OC)[C@@H](C(C)C)[C@H]1OC
dibrospidium_chloride_cid72114,,,dibrospidium_chloride_cid72114.png,low,low,0.5215405319595181,wrong,,Dibrospidium Chloride,0.125,27,28,wrong,wrong,,False,False,False,False,0.125,False,False,23,2,,,,CCC[C@@H](C)N1CCC2(CC1)CCC1(CCN([C@H](C)CCO)CC1)CC2.[Cl-]
diclazuril_cid456389,,,diclazuril_cid456389.png,low,low,0.002264707177094195,invalid,,,,,,invalid,invalid,,False,False,False,False,,False,,,,,,,[1*]CC(CO)C1C(O)C23C[CH]245C32C3C[CH]12C1C2C1([CH]24O)[CH]35O.[H]C1CCOC(C(C)C)C1N |$R1;;;;;;;;;;;;;;;;;;;;;;;;;;;;;;;;$|
dicloxacillin_cid18381,,,dicloxacillin_cid18381.png,low,low,0.0927660585923249,invalid,,,,,,invalid,invalid,,False,False,False,False,,False,,,,,,,*ON(=O)C1NC(=O)C(N(C)C(N)C(C(C)C)C(N)C2C(=O)C=CCC2O)C(*)OC1(C)C |$R;;;;;;;;;;;;;;;;;;;;;;;;;;;;R;;;;$|
dideoxycytidine_cid24066,,,dideoxycytidine_cid24066.png,low,low,0.01768134733517789,invalid,,,,,,invalid,invalid,,False,False,False,False,,False,,,,,,,CC(C)C1C2C[CH]3(C4CC5C[CH]5(CCO)C4)C(C)C[CH]2(C(C)C)C1C3C
diethylpropion_hydrochloride_cid91442,,,diethylpropion_hydrochloride_cid91442.png,low,low,0.7195960068419025,wrong,,Diethylpropion Hydrochloride,0.071,14,16,wrong,wrong,,False,False,False,False,0.071,False,False,8,2,,,,CC(C)[C@@H](C)[C@@H](C)C1CCCCC1.[Cl-]
difamilast_cid57855696,,,difamilast_cid57855696.png,low,low,0.006665929140284473,invalid,,,,,,invalid,invalid,,False,False,False,False,,False,,,,,,,*N1C2=O=C(=O)(N(*)C[CH]34CSC5(=N3)=N3=C6(SCC3C14)[CH]13C[CH]654C1C[CH](CCCC)(OC(C)C)CC34)C1(=CC=CCC1OCC)=C1=C2C(OCC)CC=C1 |$Ra;;;;;;;Ra;;;;;;;;;;;;;;;;;;;;;;;;;;;;;;;;;;;;;;;;;;;;;;$|
difetarsone_sodium_anhydrous_cid68198,,,difetarsone_sodium_anhydrous_cid68198.png,low,low,2.852189029785594e-06,invalid,,,,,,invalid,invalid,,False,False,False,False,,False,,,,,,,[11*]C(CCC(O)[CH]1234CC[CH](C(=O)O)(CC1)C1C2[CH]25CC67([CH](=O)O)C(CC23)C6(C54)[CH]17C(=O)O[H])C1CCC(P(=O)(O)O[H])CC1 |$R11;;;;;;;;;;;;;;;;;;;;;;;;;;;;;;;;;;;;;;;;;;;$|
diflucortolone_valerate_cid91670,,,diflucortolone_valerate_cid91670.png,low,low,0.1474858585731236,wrong,,Diflucortolone Valerate,0.179,35,34,wrong,wrong,,False,False,False,False,0.179,False,False,25,1,,,,*C[C@H]1C[C@]2(C)[C@@H]([C@H](C)CO[C@@H](C)CCCO)[C@@H](C)[CH][C@@]2([H])[C@]2(C)C[C@H](O)[C@@H]3C[C@H](O)C[CH][C@]3(C)[C@@]12C |$E;;;;;;;;;;;;;;;;;;;;;;;;;;;;;;;;;;;;$|
difluprednate_cid443936,,,difluprednate_cid443936.png,low,low,0.03247461490080519,invalid,,,,,,invalid,invalid,,False,False,False,False,,False,,,,,,,*O12*C3[CH]145C1[CH]326C4C123(C)C(OC(C)CCC)(C(C)CCC(C)C)CCC214CC13(C)C41(C)CC(O)C2CC(O)[CH]CC2(C)C156C |$Y;;Y;;;;;;;;;;;;;;;;;;;;;;;;;;;;;;;;;;;;;;;;;;$|
digitonin_cid6474107,,,digitonin_cid6474107.png,low,low,1.54049550716838e-07,invalid,,,,,,invalid,invalid,,False,False,False,False,,False,,,,,,,COCC(O[CH]C[CH]12[CH]3(O[CH]C(CO)O[CH]C[CH]CC4(C)CCC567CC589%10(C)CC65%11C86(C)(C)CC6(C)(CC6COC(C)CO6)C(C)C5968(C)C5CC79(C)(CC6C5%1198%10C)O4)O[CH]45C[CH]67(C)(C)CC(C6)C7[CH]6(C4C(C)O[CH]47O8[CH]19O4[CH]82[CH]679C(C)C)O53)C([CH]O[CH]O)CO
dihydroergotamine_cid10531,,,dihydroergotamine_cid10531.png,low,low,0.01723939406912543,invalid,,,,,,invalid,invalid,,False,False,False,False,,False,,,,,,,COC12C[CH]3(C(C)[CH]45CC6(F)(C4)C4CCCC7C(C)CC(CC6(C)C(C)C5)C74)C(O)=O=C3(=O)C1C(CC1CCCCC1)C(O)C1CCCC12C
dimethyl_fumarate_cid637568,,,dimethyl_fumarate_cid637568.png,low,low,0.64246150172927,wrong,,Dimethyl Fumarate,0.094,14,10,wrong,wrong,,False,False,False,False,0.094,False,False,28,3,,O,,*/C(=C\CCCCC)CCCCC.O.O |$R;;;;;;;;;;;;;;$|
dinaciclib_cid46926350,,,dinaciclib_cid46926350.png,low,low,0.01876050720558128,wrong,,Dinaciclib,0.144,32,29,wrong,wrong,,False,False,False,False,0.144,False,False,35,1,,,,CCCC[C@@H]1CCCCN1C1[CH]C2[C@H](CC)CN[C@H]2[C@H]([C@H](O)C[C@H]2CC[C@@H](CC)NC2)C1 |^1:11|
diphenyl_diselenide_cid15460,,,diphenyl_diselenide_cid15460.png,low,low,0.0004431464945243772,wrong,,Diphenyl diselenide,0.051,20,14,wrong,wrong,,False,False,False,False,0.051,False,False,23,2,,,,CC1CC2C34C(C1)C21C3C2C[C@H]3C[CH][C@@H]2[C@H](C3)C41.[Co][Co] |^1:13|
diquafosol_cid148197,,,diquafosol_cid148197.png,low,low,0.02239444297572422,invalid,,,,,,invalid,invalid,,False,False,False,False,,False,,,,,,,*OC1C(COP(O)(O*)OP(=O)(O*)OC(C)(O*)OP(=O)(O*)OC[CH]23OC4[CH]5678[CH](C9[CH]N(C)C(O)CN9=C)(O2)[CH]429([CH]35CO)O63*O724*O89*34)OC(N2C=CC(O)C(O)C2O)C1O* |$R;;;;;;;;;R;;;;;R;;;;;R;;;;;R;;;;;;;;;;;;;;;;;;;;;;;R;;R;;R;;;;;;;;;;;;;;R$|
diroximel_fumarate_cid73330464,,,diroximel_fumarate_cid73330464.png,low,low,0.06418002821673383,wrong,,Diroximel Fumarate,0.069,19,18,wrong,wrong,,False,False,False,False,0.069,False,False,26,1,,,,[CH][C@H](C(O)O)[C@@H](C)[C@@H](O)CCC[C@H]1[C@H](C)CC[C@@H]1C |^2:0|
distigmine_cid3116,,,distigmine_cid3116.png,low,low,0.1038163049878385,invalid,,,,,,invalid,invalid,,False,False,False,False,,False,,,,,,,*C(CC1C[CH]2(C)C3C4C1C3C42)N(C)CCCCCCN(C)C(C)OC1=CC(C)=CC=C1 |$R;;;;;;;;;;;;;;;;;;;;;;;;;;;;;;;$|
dolasetron_mesylate_cid3033817,,,dolasetron_mesylate_cid3033817.png,low,low,0.0003898523027843324,invalid,,,,,,invalid,invalid,,False,False,False,False,,False,,,,,,,CC123CC4C(O)CC5C678CC59(C)(C[CH](OC(O)C5CC(O)C%10CC[CH]CC%105)(C1)C69)(C27)C438.COC(C)(O)O
doxapram_cid3156,,,doxapram_cid3156.png,low,low,0.006952493959678385,invalid,,,,,,invalid,invalid,,False,False,False,False,,False,,,,,,,*C(CCN1CCOCC1)CC(CC)C(O)C(CC(C)C)[CH]12C=C[CH]3(CCC3=C1)CC2.CC(C)C |$R;;;;;;;;;;;;;;;;;;;;;;;;;;;;;;;;;;$|
dromostanolone_cid6011,,,dromostanolone_cid6011.png,low,low,0.004675550641678555,invalid,,,,,,invalid,invalid,,False,False,False,False,,False,,,,,,,*C12CCC34(C)C5C(C)[CH]36(CC)CC(C56)C43(C)C145CC2431(C)CCC(C)(CC(C)[CH]C)CCC51 |$Y;;;;;;;;;;;;;;;;;;;;;;;;;;;;;;;;$|
dsm_265_cid51347395,,,dsm_265_cid51347395.png,low,low,0.01827325009202305,invalid,,,,,,invalid,invalid,,False,False,False,False,,False,,,,,,,CC1CC2NC(C)NC2C(C(C)C2CCC([Si](C)(C)(C)(C)C)CC2)C1.[I-]
duocarmycin_sa_cid115369,,,duocarmycin_sa_cid115369.png,low,low,0.008532204422441975,invalid,,,,,,invalid,invalid,,False,False,False,False,,False,,,,,,,*C1C(C(C)N2CC3([H])CC3(CCC(C(C)CC)N(*)CCC)C2CCCC)C[NH]2CC(OC)C(OC)C(OC)C12 |$R;;;;;;;;;;;;;;;;;;;R;;;;;;;;;;;;;;;;;;;;;$|
eberconazole_cid72051,,,eberconazole_cid72051.png,low,low,0.007522684590404595,invalid,,,,,,invalid,invalid,,False,False,False,False,,False,,,,,,,CC(C)[CH]C(C1C(C)CC(C)[CH]N1C)C1CC2CC3C2C[CH]13C
ecabet_sodium_cid23663982,,,ecabet_sodium_cid23663982.png,low,low,0.05231981264155106,invalid,,,,,,invalid,invalid,,False,False,False,False,,False,,,,,,,CC(C)C1CC2CC[CH]3(C)C(C)(C(O)CO)CCCC3(C)C2CC1C(C)C.[H].[H]
echinocandin_b_cid9898144,,,echinocandin_b_cid9898144.png,low,low,1.337734075767704e-16,invalid,,,,,,invalid,invalid,,False,False,False,False,,False,,,,,,,*OCC1C(O)C(C)O[CH]23OC(O)C(O)[CH]456789%10[CH]%11%12%13(O)C4%14%15CC(O*)C=C[CH]%1454%16[CH]%15%1165(O7)O8[CH]678O[CH]%1249%11%14(O[H])[CH]49%12%15O[CH]4%13%165%11%10%17%18O9([H])[H]O[CH]45[CH]9%10OC1(CCO[H])[CH]49(O)[CH]25%10O[CH][CH]3(CCCCCCCC=C(C)C[CH]C(*)CCCCC)O[CH]6%12%17[CH]7%14%18(CO)[CH]8%151COC(O[H])C1(*)C(O)O[H] |$E;;;;;;;;;;;;;;;;;;;;;;E;;;;;;;;;;;;;;;;;;;;;;;;;;;;;;;;;;;;;;;;;;;;;;E;;;;;;;;;;;;;;;;;;E;;;;$|
elinogrel_cid16066663,,,elinogrel_cid16066663.png,low,low,0.08409986214205951,invalid,,,,,,invalid,invalid,,False,False,False,False,,False,,,,,,,[1*]C1[CH][H](C([CH])(O)NC(=O)N([H])C2=CCC(C3C(O)C(O)C4CC(C([1*])C)C(C)CC4C3O)CC2)C=C1 |$R1;;;;;;;;;;;;;;;;;;;;;;;;;R1;;;;;;;;;;;$|
elinzanetant_cid16063568,,,elinzanetant_cid16063568.png,low,low,0.001769952683975664,invalid,,,,,,invalid,invalid,,False,False,False,False,,False,,,,,,,[H]C([H])(C)[CH]1234CN56(C(C)C)C[CH]789(C1)C5C(C27C(C63)C4([H])(C)C)C81(C)CC9(C)(C)(C(=O)NC2CNC(C3CC(C)(CO)CCC3CO)C[CH]2(C)C(C=CC(C)C)C(C)C)C1
eliprodil_cid60703,,,eliprodil_cid60703.png,low,low,0.09742762775858545,wrong,,Eliprodil,0.25,24,24,wrong,wrong,,False,False,False,False,0.25,False,False,19,1,,,,[H]NC(CN1CCC(C[C@H]2CC[C@@H](O)CC2)CC1)[C@@H]1CCC(O)CC1
elmustine_cid68804,,,elmustine_cid68804.png,low,low,0.5700944404590464,wrong,,Elmustine,0.091,12,12,wrong,wrong,,False,False,False,False,0.091,False,False,20,3,,,,CCCOCCCCCO.O.[10*]O |$;;;;;;;;;;;R10;$|
elobixibat_cid9939892,,,elobixibat_cid9939892.png,low,low,0.008251971139142894,invalid,,,,,,invalid,invalid,,False,False,False,False,,False,,,,,,,[1*]C(*C)CN([1*])C12=O=C(=O)(N([1*])CC([1*])*C)[CH]1345N([1*])[CH]1(N)COCCCC6C(CCOCC(C1)N3([1*])C2C41CCCCC1C51CCCCC1)C(O)CC(CCCC)(CCCC)CN6C1C=CCCC1 |$R1;;NH3C;;;;R1;;;;;;R1;;;R1;NH3C;;;;R1;;;;;;;;;;;;;;;;;R1;;;;;;;;;;;;;;;;;;;;;;;;;;;;;;;;;$|
elsubrutinib_cid117773770,,,elsubrutinib_cid117773770.png,low,low,0.04546666657706772,wrong,,Elsubrutinib,0.073,26,22,wrong,wrong,,False,False,False,False,0.073,False,False,32,1,,,,[H][C@@]1([C@@H]2CC[C@H]([C@H](O)C(C)C)[C@@H]3[C@@H]2[CH]C[C@@H]3O)CCC[C@H]([C@H](O)C(C)C)C1 |^1:13|
eluxadoline_cid11250029,,,eluxadoline_cid11250029.png,low,low,8.443143830980617e-06,invalid,,,,,,invalid,invalid,,False,False,False,False,,False,,,,,,,[H]C([H])C(CC1[CH]CC(C(O)C(C)C)C=C1C)C[NH+]123C[CH]4567(CC8C(OC)C9%10(C(=O)CC)C(=O)(CC)C%11[CH]94%12%13%14C49C1%15C%12(C42[CH]%151SCC(C2CCCCC2)C1C)[CH]%119%105%13[CH]%14(C6)C87)C3
enadoline_cid60768,,,enadoline_cid60768.png,low,low,0.1219091550265833,wrong,,Enadoline,0.191,30,29,wrong,wrong,,False,False,False,False,0.191,False,False,26,2,,,,"CC1(C)CCCO1.C[C@H]([C@H](C)[C@@H](C)C[C@H]1[CH]CC[C@H]2CC[CH][C@@H]21)[C@@H](C)N1CCCC1 |^1:15,21|"
enisamium_iodide_cid10089466,,,enisamium_iodide_cid10089466.png,low,low,0.2407489919718017,wrong,,Enisamium Iodide,0.1,19,18,wrong,wrong,,False,False,False,False,0.1,False,False,16,2,,,,[H]C(CCCC1C2C3CCC132)C(=O)C1CCCCC1.[I-]
enmetazobactam_cid23653540,,,enmetazobactam_cid23653540.png,low,low,0.002053727642000297,invalid,,,,,,invalid,invalid,,False,False,False,False,,False,,,,,,,CC.[1*]C(C(C)C)[CH]1(C(C)(C)C)([CH](C)(C)C)CC1C1C=CN(C)N1 |$;;R1;;;;;;;;;;;;;;;;;;;;;$|
epidermin_cid70698381,,,epidermin_cid70698381.png,low,low,7.294100538670494e-16,invalid,,,,,,invalid,invalid,,False,False,False,False,,False,,,,,,,CC[CH]C12(=O3=C4NC=31N4[CH]C(O)C1O[CH]34(C(O)[CH]5678O[CH]9%10O5C(CO5CC5CCN(C)C)C965(O[CH]57(OC5O[CH]5(O)C5CC5)C(C)O)C%1038(=O)O)C13OC[CH]34CN[CH][CH]OCCC(O)[CH]CN[CH]CCCO1C34O5C36[CH]15O46[CH]C(O)NCCC[CH]O[CH]C(O)=CCOC(CCO)OCC(=O)C(C)C)[1*]N2 |$;;;;;;;;;;;;;;;;;;;;;;;;;;;;;;;;;;;;;;;;;;;;;;;;;;;;;;;;;;;;;;;;;;;;;;;;;;;;;;;;;;;;;;;;;;;;;;;;;;;;R1;$|
eplerenone_cid443872,,,eplerenone_cid443872.png,low,low,0.0001531216250361197,invalid,,,,,,invalid,invalid,,False,False,False,False,,False,,,,,,,C[CH]CC(C)C1(C)C234(O)[CH]5(O)CC6789(C)CC%10(C6[CH]2(O)C152(O)[CH]31(C)[CH]356C%11%12=O=C3%13(=O)(O(C)CO%11%13)[CH]%1215[CH]642C)C7(C)(C)CCC%1081(CCC(O)C1)CCC9C
eprosartan_cid5281037,,,eprosartan_cid5281037.png,low,low,0.01411009802552685,invalid,,,,,,invalid,invalid,,False,False,False,False,,False,,,,,,,*C(C1CSC(CCCC)C1CC1CCC(C(C)O)CC1)N(C[CH]12CO[CH]34CC(C13)C24)C(O)CO |$R;;;;;;;;;;;;;;;;;;;;;;;;;;;;;;;;;;$|
eptazocine_cid3042090,,,eptazocine_cid3042090.png,low,low,0.02918578308199106,invalid,,,,,,invalid,invalid,,False,False,False,False,,False,,,,,,,*CC1[CH][CH]C(CC23O[CH]2(CCCC)C3C)CC1 |$R;;;;;;;;;;;;;;;;;$|
equilin_cid223368,,,equilin_cid223368.png,low,low,0.2059196311654071,wrong,,Equilin,0.101,21,20,wrong,wrong,,False,False,False,False,0.101,False,False,14,1,,,,*[C@@]12[CH]C[C@@H](C)[C@@]1(C)CC[C@H]1[C@@H]3[CH]C[C@@H](OC)CN3CC[C@@H]12 |$R;;;;;;;;;;;;;;;;;;;;;$|
eremomycin_cid122131,,,eremomycin_cid122131.png,low,low,3.652352598361473e-08,invalid,,,,,,invalid,invalid,,False,False,False,False,,False,,,,,,,COC[CH]12O[CH]3(O)O[CH][CH]45O[CH]O6C7C[CH]6(C)(O[CH]O[CH]36([CH]3(CO3)C1O)[CH]4(O)OC(OC)[CH]2(O)[CH]56O)C7O.[CH]O[CH]C[CH]O[CH]C(COC)CC(C(O)C(=O)C(CC(C)C)N(C)C)C(O)[CH]1(O)OC1CN[CH]OCO[CH]C(O)C(O)[CH]C[CH]O[CH]C
eritoran_cid6912404,,,eritoran_cid6912404.png,low,low,2.129852342222749e-09,invalid,,,,,,invalid,invalid,,False,False,False,False,,False,,,,,,,[H]C([H])(CCCCCC)CCCCCCC.[H]C1([H])[H]C(O[CH]234567O[CH]89%10%11%12C([CH]O)O8[CH]98(C%10OC9C(CCCC[CH]CCCCCCC)C%10%13(O)=O=C(C9%10)O%13CC)C%112[CH]32(O4C([H])([H])[H])([CH]53O(CCCCCCCCCCCCCC)[CH]26(OCCCCCCCCCCCCCC)[CH]324OC3[10*]O(C3)[CH]23C[CH]34OCCCCCCC)O8%127)O1 |$;;;;;;;;;;;;;;;;;;;;;;;;;;;;;;;;;;;;;;;;;;;;;;;;;;;;;;;;;;;;;;;;;;;;;;;;;;;;;;;;;;;;;;;;;;;;;;;;R10;;;;;;;;;;;;;;;$|
erythritol_cid222285,,,erythritol_cid222285.png,low,low,0.05936927402137221,wrong,,Erythritol,0.062,12,8,wrong,wrong,,False,False,False,False,0.062,False,False,24,1,,,,[1*]CC[C@H](CC)[C@H](COC)C(C)C |$R1;;;;;;;;;;;;$|
esorubicin_cid152036,,,esorubicin_cid152036.png,low,low,0.04608705661782662,wrong,,Esorubicin,0.101,40,38,wrong,wrong,,False,False,False,False,0.101,False,False,41,1,,,,*CC[C@H](C[CH]O[C@@H]1C[C@](C)([C@@H](O)CCC)C[C@H](CCC)[C@H]1[C@H](C*)N1C[C@@H](O)[C@@H]2CCC[C@@H](OC)[C@H]2[C@H]1C)C(=O)O |$Ph;;;;;;;;;;;;;;;;;;;;;;;;E;;;;;;;;;;;;;;;;;$|
ethyl_pyruvate_cid12041,,,ethyl_pyruvate_cid12041.png,low,low,0.7624994606943042,wrong,,Ethyl pyruvate,0.115,9,8,wrong,wrong,,False,False,False,False,0.115,False,False,17,2,,,,CCCC(CC)CC.O
etonogestrel_cid6917715,,,etonogestrel_cid6917715.png,low,low,0.001134219006983579,invalid,,,,,,invalid,invalid,,False,False,False,False,,False,,,,,,,CCC1C(C)[CH]23C[CH]456C(C7C4CN7(C)C15CC)C26CCC1CC(C)CCC13CC
evobrutinib_cid71479709,,,evobrutinib_cid71479709.png,low,low,0.04641726738816159,wrong,,Evobrutinib,0.146,35,32,wrong,wrong,,False,False,False,False,0.146,False,False,33,2,,,,C[CH]C(C)(C)N1CCC(CC(=O)C2N[C@@H](N)CC[C@H]2[C@H]2CC[C@@H](O)CC2)CC1.NC1CCCCC1 |^1:1|
evofosfamide_cid11984561,,,evofosfamide_cid11984561.png,low,low,0.4714054539333817,wrong,,Evofosfamide,0.039,20,21,wrong,wrong,,False,False,False,False,0.039,False,False,30,1,,,,*CCC(*)[C@](C)(OC[C@H](C)[C@H](C)[C@H](N)C(O)O)C([1*])CCO |$Me;;;;R;;;;;;;;;;;;;;;R1;;;$|
examorelin_cid6918297,,,examorelin_cid6918297.png,low,low,0.004283175851581195,invalid,,,,,,invalid,invalid,,False,False,False,False,,False,,,,,,,*N(C(=O)C(CC1CC(O)C2CCCCC12)N([H])C(O)C(CC)CC1C=NCN1[H])C(C)[CH](O)(O)C(C)C(CC1CC(O)[CH]2=CC=CCC12)C(=O)N([1*])C(CC1C=CCCC1)C(=O)N([1*])C(CCCCC([H])[H])C(=O)N([H])[H] |$R;;;;;;;;;;;;;;;;;;;;;;;;;;;;;;;;;;;;;;;;;;;;;;;;;;;;R1;;;;;;;;;;;;R1;;;;;;;;;;;;;$|
ezlopitant_cid188927,,,ezlopitant_cid188927.png,low,low,0.007085922043999039,invalid,,,,,,invalid,invalid,,False,False,False,False,,False,,,,,,,*C(CC1C[CH]2(CC)C34C5[CH]1(OC)C3[CH]542)C1C2CCN3CCC23C1(C)CC1CCCCC1.[CH]1[CH]CC[CH]C1 |$R;;;;;;;;;;;;;;;;;;;;;;;;;;;;;;;;;;;;;$|
ezogabine_cid121892,,,ezogabine_cid121892.png,low,low,0.03843014031539382,wrong,,Ezogabine,0.095,25,22,wrong,wrong,,False,False,False,False,0.095,False,False,29,1,,,,*C(C[C@H]1CCC(O)CC1)[C@H]1C[CH][C@@H]([C@H](O)C(=O)NCC)[C@H](C(C)C)C1 |$R;;;;;;;;;;;;;;;;;;;;;;;;;$|
falecalcitriol_cid5282190,,,falecalcitriol_cid5282190.png,low,low,0.07443325645376084,invalid,,,,,,invalid,invalid,,False,False,False,False,,False,,,,,,,[10*]C12(C(C)CCCC(OC)(C(C)(C)C)C(C)(C)C)C[CH]34C1C3C41(C)C(C(O)C(O)C3CC(O)CC(O)C3C)CCCC21C |$R10;;;;;;;;;;;;;;;;;;;;;;;;;;;;;;;;;;;;;;;;;;$|
famitinib_cid16662431,,,famitinib_cid16662431.png,low,low,0.00846050358854283,wrong,,Famitinib,0.124,32,30,wrong,wrong,,False,False,False,False,0.124,False,False,35,2,,,,*C[C@H]1C(C)[C@@H](CNCCN(CC)CC)[C@H](CC)[C@H]1C.*C[C@H]1[C@H](O)[C@@H](C)[C@@H]2[CH]O[C@@H](C)[CH][C@H]21 |$R;;;;;;;;;;;;;;;;;;;;R;;;;;;;;;;;;;$|
fendiline_cid3336,,,fendiline_cid3336.png,low,low,1.016974337472541e-05,invalid,,,,,,invalid,invalid,,False,False,False,False,,False,,,,,,,CC(C)C123CC45C6[CH]7(C1)C41C4C2[CH]61(C3)C457.CC1CC2C3C[CH]2(CC(C)C(C)[CH]24CCC5C(CC5C2)C4)C3C1
fexuprazan_cid122662112,,,fexuprazan_cid122662112.png,low,low,0.01639304176854988,invalid,,,,,,invalid,invalid,,False,False,False,False,,False,,,,,,,*C1CC2C3C[CH]2(C2C(CC)C(CN(*)C)CC2C([H])([H])[NH+]2CC=CC([10*])C2)C2([1*])C4C3(*)[CH]142 |$R;;;;;;;;;;;;;;R;;;;;;;;;;;;R10;;;R1;;;R;$|
finerenone_cid60150535,,,finerenone_cid60150535.png,low,low,0.001300531176615958,invalid,,,,,,invalid,invalid,,False,False,False,False,,False,,,,,,,[H]N([H])[CH](C)(CC1C[CH]2(C)C3C4(OC)=C([CH])[CH]3(C1)[CH]42OC)C1C(C)C(C(C)OCC)=C(C(C)C)C(O)C1C
firocoxib_cid208910,,,firocoxib_cid208910.png,low,low,0.007288601481029004,wrong,,Firocoxib,0.074,32,23,wrong,wrong,,False,False,False,False,0.074,False,False,55,3,,,,C1CC2CCCC(C1)C2.CC[C@@H]1C(C)C2C(CC(C)C)CCC3(CC3)C3CC3CCC21.[Cl-]
flavoxate_cid3354,,,flavoxate_cid3354.png,low,low,0.3037858592164783,wrong,,Flavoxate,0.19,28,29,wrong,wrong,,False,False,False,False,0.19,False,False,20,1,,,,C[C@H]1C[C@H]2CC[C@@H](C(=O)NCCN3CCCCC3)[C@@H](OCC3CCCCC3)C21
flomoxef_cid65864,,,flomoxef_cid65864.png,low,low,0.1349389746716146,invalid,,,,,,invalid,invalid,,False,False,False,False,,False,,,,,,,COC(=O)C1C(CNC2=NNCN2CCCO)CO2C3C[CH]24N1C(=O)C4(C(C)C(O)CCC(N)=O)O3
flotufolastat_cid149063248,,,flotufolastat_cid149063248.png,low,low,7.515845629234431e-07,invalid,,,,,,invalid,invalid,,False,False,False,False,,False,,,,,,,*C(C)CCNCC1(CC(=O)OC)CC2C(CN3C(CC4CC(*)(C)N4)C31)C2(NCCCO[CH]1(CO)C(=O)[CH]O1CC(=O)O)C1C(N2C3C45C67C4(C264NCC26(=O)(O)=O=C(O2)C46)C357NCC(*)C)=O2=C(CN3(CC(C)O)CC3)C=21NC(=O)N=O.C=CCC(O)(C(C)(O)O)C(C)(=O)(O)O.CC(N)=O.[10*]N(CCCC)C(=O)CCC(N)=O |$CO2H;;;;;;;;;;;;;;;;;;;;;;;CO2H;;;;;;;;;;;;;;;;;;;;;;;;;;;;;;;;;;;;;;;;;;CO2H;;;;;;;;;;;;;;;;;;;;;;;;;;;;;;;;;;;;R10;;;;;;;;;;;;$|
fluciclovine_cid10820564,,,fluciclovine_cid10820564.png,low,low,0.02211417970408596,invalid,,,,,,invalid,invalid,,False,False,False,False,,False,,,,,,,CC1(O)C2C3(C)(F)C4CCC4213.CCC(C)NC
flucloxacillin_cid21319,,,flucloxacillin_cid21319.png,low,low,0.001413955927817438,invalid,,,,,,invalid,invalid,,False,False,False,False,,False,,,,,,,*ON(=O)C1NC(=O)C(N(*)C(O)C(C(C)C)C(N)C2=C3(C)=C(C(N)C(C)C)C4CCC3CC[CH]2(O)O4)C(*)CC1(C)C |$R;;;;;;;;;;R;;;;;;;;;;;;;;;;;;;;;;;;;;;;R;;;;$|
fluorodopa_cid107730,,,fluorodopa_cid107730.png,low,low,0.01531025011064913,wrong,,Fluorodopa,0.039,21,15,wrong,wrong,,False,False,False,False,0.039,False,False,44,1,,,,COC(CC(C)C)C[C@H](C)[C@H](C)C[C@H](C(C)C)[C@H](C)OC
flupirtine_cid53276,,,flupirtine_cid53276.png,low,low,0.09432177521047012,wrong,,Flupirtine,0.138,25,22,wrong,wrong,,False,False,False,False,0.138,False,False,35,1,,,,[1*][C@@H](C1[CH]C[C@H](C(=O)C[C@@H]2CCC(C)CC2)C=C1C(C)C)[C@@H](C)OCC |$R1;;;;;;;;;;;;;;;;;;;;;;;;;$|
flurandrenolide_cid15209,,,flurandrenolide_cid15209.png,low,low,0.1489220164842826,wrong,,Flurandrenolide,0.173,37,31,wrong,wrong,,False,False,False,False,0.173,False,False,37,1,,,,CNC[C@@H](C)[C@@]12OC(C)(C)O[C@]1(C)C[C@@]1(C)[C@H](C)CC(O)[C@@H]3C[C@H](N)CC[C@]3(C)[C@@H](C)[C@@H](CO)C[C@]21C
folic_acid_cid135398658,,,folic_acid_cid135398658.png,low,low,0.1316390024123167,wrong,,Folic Acid,0.088,38,32,wrong,wrong,,False,False,False,False,0.088,False,False,49,1,,,,[H]N[C@H](N)CC[C@@H](C(=O)[C@@H](C)C1CC[C@@H](C(=O)C[C@H]2CO[C@H]3C=C(C(C)C)C(C)C(O)[C@H]3O2)CC1)[C@H](C)OC
friulimicin_b_cid56842195,,,friulimicin_b_cid56842195.png,low,low,2.693761564778707e-11,invalid,,,,,,invalid,invalid,,False,False,False,False,,False,,,,,,,[1*]OC(=O)C[CH]12N[CH]34CO[CH]OC5C(OC(=O)O)[CH]5(O)OCC(O[CH]C(O)[CH]C)C(OC5C(C)(C)C5(C)OC(O)CO[CH]O[CH]C(C)NC(C(O)=O=C3(=O)O)C1C(=O)O[1*])C1C(O[CH]C(O)C24)OC1C(=O)N(CC(=O)N(C)C)C([H])(=O)C(=O)CN([1*])C(O)CCCCCCCN(C)C |$R1;;;;;;;;;;;;;;;;;;;;;;;;;;;;;;;;;;;;;;;;;;;;;;;;;;;;;;;;;;;R1;;;;;;;;;;;;;;;;;;;;;;;;;;R1;;;;;;;;;;;;$|
fudosteine_cid134669,,,fudosteine_cid134669.png,low,low,0.3794544779043383,wrong,,Fudosteine,0.061,20,11,wrong,wrong,,False,False,False,False,0.061,False,False,44,1,,,,CCCCCCCCC[C@H](CC(C)C)CC(C)COC
fungichromin_cid5282200,,,fungichromin_cid5282200.png,low,low,0.0006509932995167291,invalid,,,,,,invalid,invalid,,False,False,False,False,,False,,,,,,,[1*]OC1C(C)OC(=O)[CH]2(O)[CH]3(CC)CC(CC)C[CH]2(CCCC(C)C)[CH]3(O)C(O[1*])CCCC(C)C(C(=CC)CC)[CH]2(CO)C(CCC(O)C(O)C(O)C(C)C(O)CC(O)C(O)C1O)[CH]1(CC)C(O)C(CC)CCC12 |$R1;;;;;;;;;;;;;;;;;;;;;;;;;;;;;R1;;;;;;;;;;;;;;;;;;;;;;;;;;;;;;;;;;;;;;;;;;;;;$|
gabexate_cid3447,,,gabexate_cid3447.png,low,low,0.3145463157605049,invalid,,,,,,invalid,invalid,,False,False,False,False,,False,,,,,,,CCCC(O)[CH]12CCC(OC(=O)CCCCCCC(C(C)C)C(C)C)CC1C2
gadobenate_dimeglumine_cid6918204,,,gadobenate_dimeglumine_cid6918204.png,low,low,0.006172463223829491,invalid,,,,,,invalid,invalid,,False,False,False,False,,False,,,,,,,*NC(C(CO)CCO)C(O)[CH](=O)CC(C)C.CCC=CC1=C2C3=CC2(=CC=C3)COCC(OCC(=O)OC)(C(O)O)CCCC23(CC(=O)O)CCN4(CC(=O)O)(CC(=O)OC)C(C(=O)O)C(CC2C(CCCC(O)(C(O)O)COC1)C3C(=O)O)C4C(=O)OC.Cl.[10*]OCC(CO)C(CCl)C(O[10*])C(CC(C)O)O[10*] |$R;;;;;;;;;;;;;;;;;;;;;;;;;;;;;;;;;;;;;;;;;;;;;;;;;;;;;;;;;;;;;;;;;;;;;;;;;;;;;;;;;;;;;;;;;;;R10;;;;;;;;;;;R10;;;;;;;R10$|
gadofosveset_trisodium_cid73049652,,,gadofosveset_trisodium_cid73049652.png,low,low,0.04495783095763116,wrong,,Gadofosveset Trisodium,0.248,53,55,wrong,wrong,,False,False,False,False,0.248,False,False,44,1,,,,*O[C@@](C)(OCC(CN(CCN(CCN)CC(=O)O)CC(O)O)N(CC(N)=O)CC(=O)O)O[C@@H]1CC[C@](C2=C[C@@H]3CCC[C@@H]3C[CH]2)(C2CCCCC2)CC1 |$Rc;;;;;;;;;;;;;;;;;;;;;;;;;;;;;;;;;;;;;;;;;;;;;;;;;;;;;$|
gadoversetamide_cid444013,,,gadoversetamide_cid444013.png,low,low,0.7786582214629283,wrong,,Gadoversetamide,0.338,34,36,wrong,wrong,,False,False,False,False,0.338,False,False,24,2,,,,[11*]C(=C)CC[C@H](CNCC(=O)N([H])CCOC)OC(C)C.[H]N(CCOC)C(=O)CN(CC)CC(C)=O |$R11;;;;;;;;;;;;;;;;;;;;;;;;;;;;;;;;;;;;$|
gallidermin_cid73348284,,,gallidermin_cid73348284.png,low,low,2.441831801583269e-24,invalid,,,,,,invalid,invalid,,False,False,False,False,,False,,,,,,,CCCCCCC[CH]1234(O)OC1[CH]156C7O1C1(O)=O=C(NC8[CH]N8C(=O)[CH]8(O)[CH]9%10(O)O[CH]89%11O[CH]%10%11(O)CC)[CH]7158NC81[CH]2578O[CH]153(O7)C8O[CH]C4C[CH]12(O)C3[CH]1(OCC1OC[CH]45(CO4)[CH]4(CNC1CO[CH]61OC1CNC1[CH]C1C)C(NC(C)(C)=O)[CH]45OC[CH]OC)C321=O2=C(O)C=2(=O)(C(C)O)N1
garenoxacin_cid124093,,,garenoxacin_cid124093.png,low,low,0.06312844997623118,wrong,,Garenoxacin,0.119,33,31,wrong,wrong,,False,False,False,False,0.119,False,False,39,1,,,,CCC(O)[C@@H]1CN(C2CC2)[C@H]2[C@H](CCC(N3C=C[C@H]4[C@H](C3)CN(C)[C@@H]4C)[C@@H]2OC(C)C)[C@H]1C
gedatolisib_cid44516953,,,gedatolisib_cid44516953.png,low,low,0.008847886956855849,invalid,,,,,,invalid,invalid,,False,False,False,False,,False,,,,,,,CC(C=CC(C)C(O)C(=O)C(O)C1[CH]CC(C2N[CH]3(N4CCNCC4)[CH]C4N2C(C3)N42CCNCC2)CC1)C(=O)N1CCC(N(C)C)CC1
gemeprost_cid5282237,,,gemeprost_cid5282237.png,low,low,0.1520177944179075,wrong,,Gemeprost,0.138,29,28,wrong,wrong,,False,False,False,False,0.138,False,False,18,1,,,,*C[C@H]([C@H](O)C(=O)[C@H]([C@H](CCCC[C@H](*)[C@H](*)[C@@H](C)CC)C(C)O)N(C)C[1*])C(C)(C)CC |$R;;;;;;;;;;;;;;R;;Z;;;;;;;;;;;R1;;;;;$|
glibornuride_cid12818200,,,glibornuride_cid12818200.png,low,low,0.002258482726671049,invalid,,,,,,invalid,invalid,,False,False,False,False,,False,,,,,,,*OC1C(C(O)C(C)N(C)S([H])([H])C2C=CC(C)CC2)C2(C)CC[CH]345C(C)(C)C1236C4(C)[CH]56C |$R;;;;;;;;;;;;;;;;;;;;;;;;;;;;;;;;$|
glufosfamide_cid123628,,,glufosfamide_cid123628.png,low,low,0.1921981704220092,invalid,,,,,,invalid,invalid,,False,False,False,False,,False,,,,,,,CCCC(C)C(CC1O[CH]2(CC(C)C2)C(COC)C(CC)C1CC)C(C)CCC
granisetron_hydrochloride_cid49799997,,,granisetron_hydrochloride_cid49799997.png,low,low,0.07463234781176384,invalid,,,,,,invalid,invalid,,False,False,False,False,,False,,,,,,,Cl.[1*]N(C1C[C]2([CoH17])CCC3C4C3([H])(C)C42(OC)C1)C([11*])C1NC(C)C2CCCCC21 |$;R1;;;;;;;;;;;;;;;;;;R11;;;;;;;;;;$|
grapiprant_cid11677589,,,grapiprant_cid11677589.png,low,low,0.04901198470195672,wrong,,Grapiprant,0.058,34,35,wrong,wrong,,False,False,False,False,0.058,False,False,30,1,,,,*C([C@H](C)[C@@]([1*])(C)C1=CCN(C)C=C1)N(*)CCN1CCC(C2C3=C(N[C@H]2CC)C2CC(C)(C3)C2)CC1 |$Z;;;;;R1;;;;;;;;;;R;;;;;;;;;;;;;;;;;;;;;$|
hydroquinone_cid785,,,hydroquinone_cid785.png,low,low,0.03023887959531438,wrong,,Hydroquinone,0.0,8,8,wrong,wrong,,False,False,False,False,0.0,False,False,9,1,,,,**[C@@H]1C2C[C@H](*)C[C@H]1[C@@H]2O* |$Y;Y;;;;;Y;;;;;Y$|
hydroxynorketamine_cid133669,,,hydroxynorketamine_cid133669.png,low,low,0.04984692164060508,wrong,,Hydroxynorketamine,0.083,17,16,wrong,wrong,,False,False,False,False,0.083,False,False,28,2,,,,*C1CCC[CH][NH+]1[Si](C)(CC)CC.CCCCC |$Rb;;;;;;;;;;;;;;;;;$|
hydroxypyridinone_cid69975,,,hydroxypyridinone_cid69975.png,low,low,0.02130867766731405,invalid,,,,,,invalid,invalid,,False,False,False,False,,False,,,,,,,[10*]C1[CH]23C4CCC(CCCOC[CH]12([CH])C3[CH])CC4 |$R10;;;;;;;;;;;;;;;;;$|
hydroxyzine_cid3658,,,hydroxyzine_cid3658.png,low,low,0.028843311216376,invalid,,,,,,invalid,invalid,,False,False,False,False,,False,,,,,,,*CCCCCCC1CCN(C(C2CCCCC2)[CH]23CCC4([1*])C5C26C4[CH]563)CC1 |$Ar;;;;;;;;;;;;;;;;;;;;;;R1;;;;;;$|
ibogaine_cid197060,,,ibogaine_cid197060.png,low,low,6.487881500363676e-06,invalid,,,,,,invalid,invalid,,False,False,False,False,,False,,,,,,,CCC1[CH]C2C(C=C1)C(O)C(C1CC34(C)C5C678(CC)O[CH]169%10C1C96(C)CC51%10(C)(C37)C468)N2CC
idoxuridine_cid5905,,,idoxuridine_cid5905.png,low,low,0.1271199788408059,wrong,,Idoxuridine,0.119,16,17,wrong,wrong,,False,False,False,False,0.119,False,False,25,3,,,,*CCC.*C[C@H]1O[C@@H](C(C)C(C)O)C[C@@H]1O*.Cl |$Y;;;;Y;;;;;;;;;;;;;Y;$|
idrabiotaparinux_cid16202213,,,idrabiotaparinux_cid16202213.png,low,low,9.473416382610464e-11,invalid,,,,,,invalid,invalid,,False,False,False,False,,False,,,,,,,CCC1C(O[CH]O[CH]C([CH]O[CH]OC[CH]OC(O[Si](=O)(O)O)C2COC(OC([CH]CO[CH]O[Si](O)(O)O)C(O)[CH]CO[Si](O)(O)O)[CH]OC(O[Si](=O)(O)O)C(O[Si](O)(O)O)C3O[Si]45678=O=[Si](O)(=O=4)(O5)(O6)(O7)O8C2C3OC2[CH]O[Si]O[Si](O)(O)O2)C(=O)O)O1C
iguratimod_cid124246,,,iguratimod_cid124246.png,low,low,0.005259627906768052,wrong,,Iguratimod,0.034,27,26,wrong,wrong,,False,False,False,False,0.034,False,False,40,2,,,,C1C2C3[C@@H]1C[C@@H]1C[C@H]3[C@H]21.[1*]C1C[C@H]2[C@H](CC[C@H](N(C)C(C)C)[C@@H]2O)CC1OC |$;;;;;;;;;R1;;;;;;;;;;;;;;;;;;$|
imidafenacin_cid6433090,,,imidafenacin_cid6433090.png,low,low,0.001155977702726921,invalid,,,,,,invalid,invalid,,False,False,False,False,,False,,,,,,,*C(C)C(C)C.C1C2C[CH]34C2C2C3C1C24.CC1CCC2[CH]C1C2.CCC1[CH]CCC1C |$R;;;;;;;;;;;;;;;;;;;;;;;;;;;;;;$|
imidapril_cid5464343,,,imidapril_cid5464343.png,low,low,0.1049090155404073,invalid,,,,,,invalid,invalid,,False,False,False,False,,False,,,,,,,*C(C(C)C(C)C)C(CC[CH]12CCC3C(CC3C1)C2)C(O)CC.*[SH]C(=O)C1CC2C[CH]2(CC)O1 |$R;;;;;;;;;;;;;;;;;;;;;;;A;;;;;;;;;;;$|
imipenem_cid104838,,,imipenem_cid104838.png,low,low,0.05054693946089086,wrong,,Imipenem,0.096,25,20,wrong,wrong,,False,False,False,False,0.096,False,False,35,2,,,,*C(NCCO[C@H]1C[C@H](O)CC1C(C)C)C(C)C.C[C@@H](CO)[C@@H](O)CO |$R;;;;;;;;;;;;;;;;;;;;;;;;;$|
iseganan_cid16131103,,,iseganan_cid16131103.png,low,low,5.547435438930989e-13,invalid,,,,,,invalid,invalid,,False,False,False,False,,False,,,,,,,CC(O)C1(=O)=O=C1CCNC1(=O)=O=O2[CH]3(C4N56C789=O%10=C5%11%12[CH]75(CCC7=O=[1*]7)N48%11C=%1069%125)C4[CH]2567C3[CH]4152NC621=O=C72NC[CH]21NC1=CC=CC=C1.O.[1*]CCCCCC1([CH]O)NC1(=O)(=O)CC1=O=C(=O)(C(N)CC2(N)(=O)=O3=C(N4C5C[CH]4(NCCCCC)C5C[CH]NC[CH]NC[CH]NCCCCN4CC4N)C2NC=3(C)C)N1 |$;;;;;;;;;;;;;;;;;;;;;;;;;R1;;;;;;;;;;;;;;;;;;;;;;R1;;;;;;;;;;;;;;;;;;;;;;;;;;;;;;;;;;;;;;;;;;;;;;;;;;;;;;;;;;;$|
istaroxime_cid9841834,,,istaroxime_cid9841834.png,low,low,0.4651154791605752,wrong,,Istaroxime,0.093,32,26,wrong,wrong,,False,False,False,False,0.093,False,False,32,1,,,,C[C@@H]1C[C@]2(C)[C@](C)(CC[C@]3(C)[C@H](O)CC[C@]23C)[C@@]2(C)CC[C@@H](NCCCN(C)C)C[C@@]12C
kanglemycin_a_cid139588980,,,kanglemycin_a_cid139588980.png,low,low,8.749434096286669e-13,invalid,,,,,,invalid,invalid,,False,False,False,False,,False,,,,,,,*OC(O)CC(C)(C)C(C)OC(C)[CH]1(C)([CH]O)C(C(C)C([CH]C(CC(C)O)C(O)[CH]O[CH]O[CH]C)C(C)O)O[CH]23(OC)C4[CH]1(O)O[CH]41C2456[CH]27[CH]8(O*)C(=O)[CH]9%10(C)C%11%12C(C)O[CH]%119%13C(O*)[CH]9(OC)O[CH]%11%14[CH]%15%16OC%17(C)O(O)[CH]%15%11%18%19[CH]%17(O)[CH]%16%14%11O%18%14[CH](C)(C)C%114%19[CH]912%14%1335[CH]%1287%106 |$E;;;;;;;;;;;;;;;;;;;;;;;;;;;;;;;;;;;;;;;;;;;;;;;;;;;E;;;;;;;;;;;;E;;;;;;;;;;;;;;;;;;;;;;$|
katanosin_b_cid139589288,,,katanosin_b_cid139589288.png,low,low,4.301172160917781e-08,invalid,,,,,,invalid,invalid,,False,False,False,False,,False,,,,,,,*[CH]1(C(OCCNC(C([H])[H])C(C)C)[CH](C)(O[CH]C(=O)C(C)C([10*])(CCC)C([10*])C(C)=O)C(C)C)OC(C(O)C(O)[CH]23(O)C45[CH](O)(N([1*])C6[CH]7(O)[CH]89%10O[CH]7%11(O)(C8C(NC(C)C)[CH]9%11CCCC)[CH]6%10O)[CH]4267N24[10*]C68([10*])C2C7([10*])(=O)[CH]5483)C1(=O)O.C.C1=CCOC=C1 |$R110;;;;;;;;;;;;;;;;;;;;;;;R10;;;;;R10;;;;;;;;;;;;;;;;;;;R1;;;;;;;;;;;;;;;;;;;;;;;R10;;R10;;;R10;;;;;;;;;;;;$|
kojic_acid_cid3840,,,kojic_acid_cid3840.png,low,low,0.1993693299023375,wrong,,Kojic Acid,0.022,17,10,wrong,wrong,,False,False,False,False,0.022,False,False,45,2,,,,*C.CCCCCCC1CC1CCCCC[NH2+]C |$Me;;;;;;;;;;;;;;;;;$|
kp_1019_cid133083029,,,kp_1019_cid133083029.png,low,low,0.005126705936285866,invalid,,,,,,invalid,invalid,,False,False,False,False,,False,,,,,,,*C1C2[CH]34[CH]56CC7[CH]C1[CH]53(C=C7)[CH]264.*C1[CH][CH]23CC=CCC2C([H])C([CH])C13.[CH].[H]C1[CH][CH]C2CC[CH]CC12 |$R;;;;;;;;;;;;;R;;;;;;;;;;;;;;;;;;;;;;;;$|
l_homocysteine_cid91552,,,l_homocysteine_cid91552.png,low,low,0.007623576668388268,invalid,,,,,,invalid,invalid,,False,False,False,False,,False,,,,,,,*C[CH](C)(C(*)C(C)C(CC)C(C)C)C(CC)C(C)C.CC(C)C |$R;;;;;R;;;;;;;;;;;;;;;;;;$|
l_methylfolate_cid135398561,,,l_methylfolate_cid135398561.png,low,low,0.1785550429747616,wrong,,L-Methylfolate,0.103,37,33,wrong,wrong,,False,False,False,False,0.103,False,False,32,1,,,,*O[C@H](O)CC[C@H]([C@H](C)O[1*])N(*)[C@@H](C)[C@H]1[CH]C[C@H](C(=O)C[C@@H]2CC(C)C3=C(O2)C(F)C(F)C(C(F)F)N3)CC1 |$R;;;;;;;;;;R1;;R;;;;;;;;;;;;;;;;;;;;;;;;;;;$|
l_ornithine_cid6262,,,l_ornithine_cid6262.png,low,low,0.4985394583668853,invalid,,,,,,invalid,invalid,,False,False,False,False,,False,,,,,,,[H]N([H])CCCCC(CCCCC)C[NH](C)C
laidlomycin_cid71454116,,,laidlomycin_cid71454116.png,low,low,0.02469865607033488,invalid,,,,,,invalid,invalid,,False,False,False,False,,False,,,,,,,[H]C1(C(C)C(OC(C)CC)C(C)CCO)OC(CC)CC2(CCC(C)O2)O1.[H]C123OC(C)(C4(C)CCC(C)O4)OC1[CH]21OC(CO)(COC)C(C)CC(C)C13O
laninamivir_cid502272,,,laninamivir_cid502272.png,low,low,0.0997972706005984,wrong,,Laninamivir,0.097,32,24,wrong,wrong,,False,False,False,False,0.097,False,False,58,1,,,,*[C@@H](C(C)C)[C@@H]1[C@H](OC(C(C)C)C(C)C)O[C@@H](C(=C)CC)C[C@@]1(C)[C@@H](OC)[C@H](CC)CCC |$R;;;;;;;;;;;;;;;;;;;;;;;;;;;;;;;;$|
lanraplenib_cid118161062,,,lanraplenib_cid118161062.png,low,low,0.005641112362238338,invalid,,,,,,invalid,invalid,,False,False,False,False,,False,,,,,,,*C(*)[CH]12NC(C3CC4C[CH]CC4C([NH+](*)C4CCC([NH+]5CCC(C6CNC6)CC5)CC4)N3)CC3C14C[CH]342 |$R;;R;;;;;;;;;;;;;R;;;;;;;;;;;;;;;;;;;;;;$|
lapretolimod_ammonium_cid134687617,,,lapretolimod_ammonium_cid134687617.png,low,low,3.292232415874112e-16,invalid,,,,,,invalid,invalid,,False,False,False,False,,False,,,,,,,CCC(=O)O[CH]1234OC(OC(O)(O)O)C5OC5[CH]56C1[CH](OC)(O5CNC(C)(=O)=O)C62C(OC(C)O)(=O3)O4C(=O)OC1CC1O.CCCCCCCCCCC1CC12C1C(CCCC)C12.CCCCCCCCCCCCC(=O)(O)OCC(CO)OC1(=O)C2C(CCCCCCC)C21.CCCCCCCCCCCCCCCC1CC1CC1CC12=O1=C(OCC(C)CCC3CC3CCC)C=12
lasalocid_a_cid5360807,,,lasalocid_a_cid5360807.png,low,low,0.0001807349143880422,invalid,,,,,,invalid,invalid,,False,False,False,False,,False,,,,,,,[1*]OC1=C(C)C=CC2(CCC(C)[CH]345(O[1*])C(O)[CH](C)(O)(O)[CH]C6789[CH]C(O6)([CH]7(C)CC(CC)O8)[CH]9(C)C(O)[CH]3(O)C(O4[1*])[CH]5(C)CCC3C=CC(C)=C(O[11*])[CH]32C(=O)O[11*])C1C(=O)O[11*] |$R1;;;;;;;;;;;;;;R1;;;;;;;;;;;;;;;;;;;;;;;;;;;R1;;;;;;;;;;;;R11;;;;;R11;;;;;R11$|
lasofoxifene_cid216416,,,lasofoxifene_cid216416.png,low,low,0.0003412559514082253,invalid,,,,,,invalid,invalid,,False,False,False,False,,False,,,,,,,[1*]CC1C[CH][CH]23C(C)CC45C6C7[CH]89C(C%10CCC%10)[CH]7%10(C7C%11%12C%13C14C6%112C%1375C%128%10)[CH]93C1CCC(C)CC1 |$R1;;;;;;;;;;;;;;;;;;;;;;;;;;;;;;;;;$|
laspartomycin_cid139589219,,,laspartomycin_cid139589219.png,low,low,1.814191991578294e-11,invalid,,,,,,invalid,invalid,,False,False,False,False,,False,,,,,,,*CC[CH]12(C([10*])([10*])CC([10*])([10*])CC)C3CC(O3)C1([10*])(CC1(=O)(=O)=C[CH]1345C(C)C3C1(=O)=O=C367([CH]48C(C(=O)OC)[CH]835OC)C345O[CH]368C4[CH]173C(O)C14=O[CH]6(O)(C1C(OC(=O)NC)[CH]46O)C538)[CH](CC([10*])(O)C13([10*])C4([10*])C15*C453)(C([10*])(O)CC)[CH]2(O)CCC(C)OC.O.O |$R111;;;;;R10;R10;;;R10;R10;;;;;;;;R10;;;;;;;;;;;;;;;;;;;;;;;;;;;;;;;;;;;;;;;;;;;;;;;R10;;;R10;;R10;;R1110;;;R10;;;;;;;;;;;;;$|
laulimalide_cid6918457,,,laulimalide_cid6918457.png,low,low,0.04925954787864539,wrong,,Laulimalide,0.126,41,37,wrong,wrong,,False,False,False,False,0.126,False,False,38,1,,,,"[H]C(C([H])[C@H](OC)[C@]1(C)CC2C[C@H]2[C@@H](CC)C[C@H](C)C[C@H](C)C[C](C)C[C](C)C[C@@H](C)C(C)C(=O)O1)[C@H]1CCCC(C)C1 |^1:23,26|"
lenacapavir_sodium_cid153435888,,,lenacapavir_sodium_cid153435888.png,low,low,3.183739833757981e-06,invalid,,,,,,invalid,invalid,,False,False,False,False,,False,,,,,,,[11*]N(C(O)CC(C)C1[CH]C2(O)CC2(C)C1(C)O)[CH]1(C(O)CN2C=CC(O)C3C(O[Si])NC(CC(F)(F)F)C32)C[CH]2(CCCC(O)C3CC(C)([Si](C)(O)O)[CH]34C3C(C)C4[CH]3(C)CC(F)(F)F)C3C(O)CC(C)CC3C21 |$R11;;;;;;;;;;;;;;;;;;;;;;;;;;;;;;;;;;;;;;;;;;;;;;;;;;;;;;;;;;;;;;;;;;;;;;;;;$|
lercanidipine_cid65866,,,lercanidipine_cid65866.png,low,low,0.01896876024559787,invalid,,,,,,invalid,invalid,,False,False,False,False,,False,,,,,,,COC(C)[CH]1(C(C)OC)C(C2C=C(C(C)O)CCC2)C(COC(C)(C)CNCCC(C2C=CC=CC2)C2CCCCC2)C(C)OC1(C)C
levocabastine_cid54385,,,levocabastine_cid54385.png,low,low,0.003528644837294175,invalid,,,,,,invalid,invalid,,False,False,False,False,,False,,,,,,,CC(C)C12(C3[CH]CC(F)=CC3)CCC3(N4CCC5([CH]67CCC8C9C6C8C97)C6C7C8C(C)[CH]785C64)CC1C3C2
ljn452_cid121418176,,,ljn452_cid121418176.png,low,low,0.004477262356892726,invalid,,,,,,invalid,invalid,,False,False,False,False,,False,,,,,,,[H]C(=O)C1CC([H])C2OC(O3C(C)(CC)C34CC(CCC3C(C5CCCCC5OC(C)(C)C)NSC3C3CC3)CCC4([H])C)CC2C1
ln_1_255_cid23672118,,,ln_1_255_cid23672118.png,low,low,3.140554939648191e-06,invalid,,,,,,invalid,invalid,,False,False,False,False,,False,,,,,,,*NC(=O)C(OC(=O)[CH]1(O)[CH]234CC(C)C5C6C[CH]578CC(C)C[CH]1(N7)(C2C)(C63)C84)C1234(C)CC1(C2NC(=O)CC12=CN(CC)C5(CC)CC1C5C2)C3(C)(C)C4(C)C |$Et;;;;;;;;;;;;;;;;;;;;;;;;;;;;;;;;;;;;;;;;;;;;;;;;;;;;;;$|
lobeglitazone_cid9826451,,,lobeglitazone_cid9826451.png,low,low,0.04779492908294099,invalid,,,,,,invalid,invalid,,False,False,False,False,,False,,,,,,,[1*]C1C(C)OC(CC2CCC(OCCNC3CC=NC(NC4=CC=C(O)C=C4)C3)C=[CH]2O)C1O |$R1;;;;;;;;;;;;;;;;;;;;;;;;;;;;;;;;;$|
lodoxamide_cid44564,,,lodoxamide_cid44564.png,low,low,0.0004977310193314043,invalid,,,,,,invalid,invalid,,False,False,False,False,,False,,,,,,,[11*]NC(N)C(N)C([H])[CH]123N[CH]14C[CH]21[CH]([Ac])C[CH](C(O)C(C)C(N)O)(CC41)[CH]3[Ac] |$R11;;;;;;;;;;;;;;;;;;;;;;;;;;;$|
loteprednol_etabonate_cid444025,,,loteprednol_etabonate_cid444025.png,low,low,0.04890866412300462,invalid,,,,,,invalid,invalid,,False,False,False,False,,False,,,,,,,CCOC(C)C.[6*]C12C3(C)[CH]CC(O)CC3CCC1(C)C1([H])CCC(C)(C(O)OCO)C1(C)C1C3C45OC3(O4)[CH]152 |$;;;;;;R6;;;;;;;;;;;;;;;;;;;;;;;;;;;;;;;;;$|
mabuterol_cid3995,,,mabuterol_cid3995.png,low,low,0.0443936943176338,wrong,,Mabuterol,0.094,18,20,wrong,wrong,,False,False,False,False,0.094,False,False,30,1,,,,*CC(CC[H])[C@H]1C[C@@H](C(C)(C)C)[C@H](C(C)C)[C@@H](C)C1 |$R;;;;;;;;;;;;;;;;;;;$|
malacidin_a_cid132282518,,,malacidin_a_cid132282518.png,low,low,0.01457857706879408,invalid,,,,,,invalid,invalid,,False,False,False,False,,False,,,,,,,*OC(C)CC(CN(=O)C([CH]N1CC(C)CC12CN(C)(C)C2C)C(C)C)C(O)CCC(C)C[CH]NC(O)C(C(C)C(O)[CH]N(C)C(O)C(C(C)C)C(O)C(O)C(C(C)C)N(*)C(=O)C(C(C)C(C)OC)N(*)[CH](C)(O)C(O)C(*)C1=C2(C)=C1(CCCC)C2)C(OC)C(C)OC |$Me;;;;;;;;;;;;;;;;;;;;;;;;;;;;;;;;;;;;;;;;;;;;;;;;;;;;;;;;;;;;Me;;;;;;;;;;;R;;;;;;;R;;;;;;;;;;;;;;;;$|
mangafodipir_trisodium_cid160036,,,mangafodipir_trisodium_cid160036.png,low,low,0.005439095288030082,invalid,,,,,,invalid,invalid,,False,False,False,False,,False,,,,,,,[H]C(N)(N)NCC1CNC(C)C(C)C1CC(CCN(CC1C(COC([H])(N)O)CNC(C)C1O)C1[CH](C)(O)[CH]1(C)O)CC(C)N
mannopeptimycin_alpha_cid139585504,,,mannopeptimycin_alpha_cid139585504.png,low,low,2.758935270123615e-09,invalid,,,,,,invalid,invalid,,False,False,False,False,,False,,,,,,,[H]O[CH]123[CH]45OCO(C)[CH]6789CO[CH]%10%11%12%13C%14[CH]%10%15%16%17CO%10[CH]%18(COC)OC[CH]1%19%20(OC)C4OC%15C(OC)[CH]1(O)C4O%15%21[CH]C(C)[CH]%22(CC)C%23[CH]%15%24%25%26O%22[CH]%231%21%15%22(O%16)O%24[CH]%11(CO)[CH]%14%171(O[CH]6%11OC(COC)[CH]6(OC)[CH]7%19%14(O[H])[CH]%11(O8C)[CH]569%207(O[H])[CH]%1825O[CH]3%147(O)[CH]%105OCC)[CH]%12235O67CO2(C6)[CH]7%1312[CH]%253%151O[CH]4%2652%22O1
maytansinol_cid9915934,,,maytansinol_cid9915934.png,low,low,0.01386290202484376,wrong,,Maytansinol,0.102,47,39,wrong,wrong,,False,False,False,False,0.102,False,False,50,1,,,,C[CH][C@]1(C)O[C@]1(C)[C@@H](CO)C[C@H](C)[C@H](C)C1C[C@H](CC[C@@H](O)[C@H](C)[C@@H](O)[C@@H](CC)[C@@]2(C(C)C)C[C@H](C)O[C@@H](O)[C@H]2O)CC(CC)[C@H]1O |^1:1|
mefloquine_hydrochloride_cid65329,,,mefloquine_hydrochloride_cid65329.png,low,low,0.1295553308587717,wrong,,Mefloquine Hydrochloride,0.149,29,27,wrong,wrong,,False,False,False,False,0.149,False,False,47,2,,,,*N1CCCC[C@]1(*)[C@H](O)[C@@H]1C[C@H](C([H])(C)C)N[C@H]2C1[C@@H]([C@@H](C)O)CC[C@H]2C(C)(C)C.O |$Y;;;;;;;Y;;;;;;;;;;;;;;;;;;;;;;;;$|
megazol_cid29698,,,megazol_cid29698.png,low,low,0.2284265997653978,wrong,,Megazol,0.032,15,15,wrong,wrong,,False,False,False,False,0.032,False,False,28,1,,,,[H]C([H])[C@@H]1CC[C@H]([C@@H](N)N(C)[C@@H](C)[C@@H](C)O)O1
melagatran_cid183797,,,melagatran_cid183797.png,low,low,0.06317959604282249,wrong,,Melagatran,0.204,36,31,wrong,wrong,,False,False,False,False,0.204,False,False,38,1,,,,[H]C(C)[C@@H](NC)[C@@H]1C=C[C@H](C[C@@H](O)[C@H](C)[C@@H]2CCN2C(=O)[C@@H](C2CCCCC2)[C@@H](C)C[C@@H](C)OC)CC1
melogliptin_cid11623906,,,melogliptin_cid11623906.png,low,low,0.1600267179385457,invalid,,,,,,invalid,invalid,,False,False,False,False,,False,,,,,,,CCC1CC(C)CN1C(C)CC(C)N1CCC(C[CH]23[CH]CCC2C3)C1
merbromin_cid9853537,,,merbromin_cid9853537.png,low,low,0.0001194212164646096,invalid,,,,,,invalid,invalid,,False,False,False,False,,False,,,,,,,*C[CH]12C[CH]3(O)CC[CH]CC(C3)C3[CH]45CC(O)C(O)C(*)C4O[CH]4(CC(N)CO)C16C5[CH]3624.CC.Cl.[Ca+2] |$Ph;;;;;;;;;;;;;;;;;;;;X;;;;;;;;;;;;;;;$|
merotocin_cid76073634,,,merotocin_cid76073634.png,low,low,8.557240713418688e-05,invalid,,,,,,invalid,invalid,,False,False,False,False,,False,,,,,,,[1*]N1C2=O[CH](C)(C(CCC(C)N([H])C)NC34=O=C(N3[CH]2)C([1*])([CH]CC)[CH](C)(CC)C4([1*])C(O)C(C)O)C2([1*])C(CC(=O)C([H])C)C34=O=C(C[CH]56C(CCCCC(=O)O)C(C35O)C35=O=N6(=O=3)C36C78[CH](C)(C(=O)C9CCCCC9N([11*])CC(N)C([H])C)[CH]73N865)[CH]124CC(=O)C([H])C |$R1;;;;;;;;;;;;;;;;;;;;;R1;;;;;;;;;R1;;;;;;;R1;;;;;;;;;;;;;;;;;;;;;;;;;;;;;;;;;;;;;;;;;R11;;;;;;;;;;;;;;;$|
mersacidin_cid70698380,,,mersacidin_cid70698380.png,low,low,1.141292167614918e-16,invalid,,,,,,invalid,invalid,,False,False,False,False,,False,,,,,,,*C[CH]C(C)[CH]12C(*)[CH](C)(C)C1C2[CH]1(C)C[CH]12C[CH]213C2C[CH]21(C)(C(C)C(O)C(O)[CH]1(O)[CH]24O5*O(*5)[CH]1256[CH]1(C)C2[CH]789C%10[CH]7%11%12%13C7%14%15=O=C%16%17(C)(=O=7=C%14%16)[CH]8%117[CH]2%12(CC(C)=O)(C2[CH]158C[CH]2461(C2[CH](C)(CC)[CH]21NCC(C)CO[CH]C)[CH]81(C)[CH]C1)[CH]%10%1597%17%13)C3(C)C.O |$Me;;;;;;;Me;;;;;;;;;;;;;;;;;;;;;;;;;;Me;;Me;;;;;;;;;;;;;;;;;;;;;;;;;;;;;;;;;;;;;;;;;;;;;;$|
mersalyl_cid9806195,,,mersalyl_cid9806195.png,low,low,0.000778943309824492,invalid,,,,,,invalid,invalid,,False,False,False,False,,False,,,,,,,*CC([H])([CH]N(*)[CH]1(C)[CH]23C4C[CH]567C[CH]89C5C[CH]41([CH]2(C)O)[CH]3(OCC(C)[NH3+])(C86)C97)CC.N=O |$Rb;;;;;;R;;;;;;;;;;;;;;;;;;;;;;;;;;$|
mesna_cid23662354,,,mesna_cid23662354.png,low,low,0.09383662697627783,invalid,,,,,,invalid,invalid,,False,False,False,False,,False,,,,,,,CCC(CO)C(O)C(CC)(CC)(CO)CCCCCCO
metahexamide_cid11259,,,metahexamide_cid11259.png,low,low,0.1360631607827799,wrong,,Metahexamide,0.149,24,21,wrong,wrong,,False,False,False,False,0.149,False,False,29,2,,,,*C(C)[C@H]1CC[CH][C@@H]([C@@H](C)O)C1.CC(O)[C@@H](O)[C@H](O)C1CCCCC1 |$R;;;;;;;;;;;;;;;;;;;;;;;;$|
methenolone_cid3037705,,,methenolone_cid3037705.png,low,low,0.09318839311289871,invalid,,,,,,invalid,invalid,,False,False,False,False,,False,,,,,,,*C12CCC3(C)C(CO)C[CH]C3(C)C1(C)CC[CH]1(C)CC(O)[CH]C(C)C21C |$R;;;;;;;;;;;;;;;;;;;;;;;;;;$|
methicillin_cid6087,,,methicillin_cid6087.png,low,low,0.001646420976761392,invalid,,,,,,invalid,invalid,,False,False,False,False,,False,,,,,,,CCC(C)C(O)C(C)(C)[CH]C(O)C(C(C)C)C(O)C(C)C1[CH]2(OC)[CH][CH]13(OC)CC(C2)C3
methisazone_cid667492,,,methisazone_cid667492.png,low,low,0.1023143021777395,wrong,,Methisazone,0.077,19,16,wrong,wrong,,False,False,False,False,0.077,False,False,31,2,,,,*O.CC(C)[C@H](CO)NC[C@@H]1CN(C)[C@@H]2CCCC[C@H]12 |$Me;;;;;;;;;;;;;;;;;;;$|
methohexital_cid9034,,,methohexital_cid9034.png,low,low,0.001792445245322696,invalid,,,,,,invalid,invalid,,False,False,False,False,,False,,,,,,,[10*]C1N(C)C(O)C(O)C(O)C12(CCCC)[CH]1(O)C(O)C(O)N(C)[CH]2(O)C12(C)CC2C |$R10;;;;;;;;;;;;;;;;;;;;;;;;;;;;;$|
metrizoic_acid_cid2528,,,metrizoic_acid_cid2528.png,low,low,0.07824913467235554,wrong,,Metrizoic Acid,0.092,20,21,wrong,wrong,,False,False,False,False,0.092,False,False,30,1,,,,*O[C@@H](C)[C@H]1C=C([C@@H](O)[C@@H](C)N)C(C)[C@H](N(C)C(C)C)[C@@H]1* |$R;;;;;;;;;;;;;;;;;;;;;Z$|
milataxel_cid6918589,,,milataxel_cid6918589.png,low,low,0.001655023588112394,invalid,,,,,,invalid,invalid,,False,False,False,False,,False,,,,,,,[H]C(C(C)O[Si](C)(C)C)C(C1CCCO1)C(CC)[CH](=O)OC1CC(C)(C(C)C)C(OC(C)C23=C4C5C=2C42CO4C3CC542)C2(C)C(C)(CC(CO)[CH]N1C)C(OC(O)CC)CC1(C)COC12CC(C)=O
mirogabalin_cid59509752,,,mirogabalin_cid59509752.png,low,low,0.004423596828762232,invalid,,,,,,invalid,invalid,,False,False,False,False,,False,,,,,,,CCC1CC23(C)CC45(CC(O)C(C)O)(C(C(O)CC)C67CC(C)(C64C(C)C)C725)C3(C)O1
mitoxantrone_cid4212,,,mitoxantrone_cid4212.png,low,low,0.05952524616045287,invalid,,,,,,invalid,invalid,,False,False,False,False,,False,,,,,,,[1*]C(CCC([H])CCCO)C1CCC2(C(O)CCC([H])CCCO)[CH]34[CH]15C(C)[CH]167C(CO)=CC=C(CO)[CH]189C(CO)(CCC6CO)[CH]71[CH]386C[CH]419(C)[CH]256C(C)C(O)CCC([H])CCCO |$R1;;;;;;;;;;;;;;;;;;;;;;;;;;;;;;;;;;;;;;;;;;;;;;;;;;;;;;;;;;;;;;;$|
mm_47761_cid195570,,,mm_47761_cid195570.png,low,low,1.059899439123593e-07,invalid,,,,,,invalid,invalid,,False,False,False,False,,False,,,,,,,*CC(O)C(O)OC(C[CH]OCC)COC[CH]O[CH]12(OC)C3CC1[CH]31OC3=O=C3C(OC(=O)C(O)C(C)(=O)(O)=CCO2[CH]OC)C1[CH]O.CC(CCOC(=O)O)OC1CC2(C)(C(O)O)C3OCC3(O)C12.CNC(=O)CC(=O)OC(=O)C(C)NC(=O)C(CC(C)C)N(C)C.CO.COC(C)CC=C(C)C(O)CO |$H3CO;;;;;;;;;;;;;;;;;;;;;;;;;;;;;;;;;;;;;;;;;;;;;;;;;;;;;;;;;;;;;;;;;;;;;;;;;;;;;;;;;;;;;;;;;;;;;;;;;;;;;;;;;;$|
moclobemide_cid4235,,,moclobemide_cid4235.png,low,low,0.07810590806825887,invalid,,,,,,invalid,invalid,,False,False,False,False,,False,,,,,,,[1*]C(CCN1CCCCC1)[CH]12[CH][CH]34[CH]C(C1)C3[CH]C42.[C-] |$R1;;;;;;;;;;;;;;;;;;;$|
moexipril_cid91270,,,moexipril_cid91270.png,low,low,0.1163583400440593,wrong,,Moexipril,0.133,35,36,wrong,wrong,,False,False,False,False,0.133,False,False,27,1,,,,"[CH]N([C@@H](C)[C@@H](O)C1C[C@@H]2CC(O)C(C)CC2C[C@H]1[C@@H](C)CO)[C@@H](CCC1[CH]CCCC1)[C@H](C)OC |^1:26,^2:0|"
molindone_cid23897,,,molindone_cid23897.png,low,low,0.2606196326305582,wrong,,Molindone,0.147,18,20,wrong,wrong,,False,False,False,False,0.147,False,False,6,1,,,,[1*]C1C(CN2CC[1*]CC2)CC[C@@H]2[C@@H]1C(CO)C[C@@H]2O |$R1;;;;;;;R1;;;;;;;;;;;;$|
monobenzone_cid7638,,,monobenzone_cid7638.png,low,low,0.01373624166861521,invalid,,,,,,invalid,invalid,,False,False,False,False,,False,,,,,,,[1*]OC1CC[CH]2(OCC3CC4[CH]C([CH]4)C3)CCC2C1 |$R1;;;;;;;;;;;;;;;;;;$|
monomethyl_fumarate_cid5369209,,,monomethyl_fumarate_cid5369209.png,low,low,0.2272341650547306,wrong,,Monomethyl Fumarate,0.054,9,9,wrong,wrong,,False,False,False,False,0.054,False,False,18,1,,,,*O[C@H](CC)[C@H](*)C([H])CCC |$Y;;;;;;R;;;;;$|
monomethylauristatin_e_cid11542188,,,monomethylauristatin_e_cid11542188.png,low,low,1.671984572535412e-06,invalid,,,,,,invalid,invalid,,False,False,False,False,,False,,,,,,,[H]C1(C)N2[CH](O)(CC(CC)CC(C)C(O)[CH]C(O)C(=O)N(C(C)C)C(C)C)N3(C)(C(O)CC(CC)OC(C)CC)CCCC234C(O)C(C)C(C)C(C)[CH]23(C)CC(CC(C)[CH](C)(C)[CH]14O)[CH]2(OC)(C1CCCCC1)[CH]1(C=CCCC1)C3CC
mosliciguat_cid154572869,,,mosliciguat_cid154572869.png,low,low,0.0008240834916584558,invalid,,,,,,invalid,invalid,,False,False,False,False,,False,,,,,,,[1*]C1CC(C2CCC(C([H])([H])C)CC2)CCC1COC1CCCCC1CCN(C)C1CCCC2N[CH]34(COC)C(O)[CH]356C3[CH]21C5[CH]346 |$R1;;;;;;;;;;;;;;;;;;;;;;;;;;;;;;;;;;;;;;;;;;;;;$|
mosnodenvir_cid133083036,,,mosnodenvir_cid133083036.png,low,low,0.05263379978802341,invalid,,,,,,invalid,invalid,,False,False,False,False,,False,,,,,,,*N1CC(C(O)C(C2CCN([H])=CC2OC)N(C)C2CC(OC)CC([Si]([H])(C)C)O2)C2CC(OC([H])([H])[H])CCC21 |$R;;;;;;;;;;;;;;;;;;;;;;;;;;;;;;;;;;;;;;;;$|
moxalactam_cid47499,,,moxalactam_cid47499.png,low,low,0.006775672242528404,invalid,,,,,,invalid,invalid,,False,False,False,False,,False,,,,,,,CC(CO)C1(C)C2CC3CCC24C(C)C(CO)(C(=O)CO)(CC(C(=O)O)C3)C14C.CCC(N)C(C)(C1=CCC(C)CC1)C(N)CO.Cl
mulundocandin_cid121225706,,,mulundocandin_cid121225706.png,low,low,7.679433306897553e-11,invalid,,,,,,invalid,invalid,,False,False,False,False,,False,,,,,,,*OC(C)C(O)C(O)C1O[CH]2345[CH]6789[CH]2%10%11%12%13%14O2CCCCCCCCC(C(C)CC)[CH](C)(CC)CCCCCCCCCOC263%10%15%16%17%18%19OC%1123(C(O)C(C)C(COC)C(OC)C2CO)O%15([CH]%162(O)[CH]6(O)C(O)C16(C)(C[CH]2%12%17)(C(O)C(C)[CH]7(O)O8)[CH]94%13%18O)[CH]35%14%19 |$Y;;;;;;;;;;;;;;;;;;;;;;;;;;;;;;;;;;;;;;;;;;;;;;;;;;;;;;;;;;;;;;;;;;;;;;;;;;;;;;$|
muraglitazar_cid206044,,,muraglitazar_cid206044.png,low,low,0.120359387799663,wrong,,Muraglitazar,0.245,39,38,wrong,wrong,,False,False,False,False,0.245,False,False,12,1,,,,COC(=O)CN(C[C@@H](C)/C=C\[C@@H](C)OCC[C@@H]1N=C(C2C=CC=CC2)ON1C)C(=O)Oc1ccc(OC)cc1
mycophenolic_acid_cid446541,,,mycophenolic_acid_cid446541.png,low,low,0.01980678523703007,invalid,,,,,,invalid,invalid,,False,False,False,False,,False,,,,,,,[10*]C1C(CN=CCCC(O)CO)[CH]2(OC)C[CH]34C5NC(O)C1[CH]53C24 |$R10;;;;;;;;;;;;;;;;;;;;;;;$|
n2_1s_1_4_fluorophenyl_ethyl_4_1_methyl_1h_pyrazol_4_yl_n6_2_cid46866319,,,n2_1s_1_4_fluorophenyl_ethyl_4_1_methyl_1h_pyrazol_4_yl_n6_2_cid46866319.png,low,low,0.02248562312334957,invalid,,,,,,invalid,invalid,,False,False,False,False,,False,,,,,,,[1*]C(C1CC([CH]OC(C)C)CC(C(=O)C(C)C2=CCC(O)C=C2)N1)[CH]12CCC(O)C(C1)C2 |$R1;;;;;;;;;;;;;;;;;;;;;;;;;;;;;;;$|
n_1_8_3_methyl_4_1_methyl_1h_benzo_d_imidazol_5_yl_oxy_pheny_cid160283094,,,n_1_8_3_methyl_4_1_methyl_1h_benzo_d_imidazol_5_yl_oxy_pheny_cid160283094.png,low,low,0.003438300943244794,wrong,,"N-(1-(8-((3-methyl-4-((1-methyl-1H-benzo(d)imidazol-5-yl)oxy)phenyl)amino)pyrimido(5,4-d)pyrimidin-2-yl)piperidin-4-yl)acrylamide",0.099,41,40,wrong,wrong,,False,False,False,False,0.099,False,False,47,1,,,,[1*][C@H](C1=C[C@H](C)[C@@H](C[C@@H]2CC[C@H]3[C@@H](C2)OCN3C)C=C1)[C@H]1CCC[C@H]2CCC(N3CCC(C(C)[C@H](C)C=C)CC3)N[C@H]21 |$R1;;;;;;;;;;;;;;;;;;;;;;;;;;;;;;;;;;;;;;;;;$|
n_5_aminosulfonyl_4_methyl_1_3_thiazol_2_yl_n_methyl_2_4_2_p_cid491941,,,n_5_aminosulfonyl_4_methyl_1_3_thiazol_2_yl_n_methyl_2_4_2_p_cid491941.png,low,low,0.1879350585108989,wrong,,"N-(5-(Aminosulfonyl)-4-methyl-1,3-thiazol-2-yl)-N-methyl-2-(4-(2-pyridinyl)phenyl)acetamide",0.051,29,27,wrong,wrong,,False,False,False,False,0.051,False,False,34,1,,,,CC([C@H](N)C[C@@H]1CCC([C@@H]2C=CCCC2)CC1)[C@H]1N[C@H](C)[C@@H]([C@](C)(O)C(O)O)O1
n_acetylcysteine_amide_cid10176265,,,n_acetylcysteine_amide_cid10176265.png,low,low,0.4578643364938754,wrong,,N-Acetylcysteine amide,0.053,26,10,wrong,wrong,,False,False,False,False,0.053,False,False,63,10,,Cl.Cl.Cl.Cl.Cl.Cl,,CCC.CCCCC.Cl.Cl.Cl.Cl.Cl.Cl.Cl.[H]CCCCCCOCCCC
nabilone_cid5284592,,,nabilone_cid5284592.png,low,low,0.271540444987906,wrong,,Nabilone,0.316,26,27,wrong,wrong,,False,False,False,False,0.316,False,False,9,1,,,,[1*][C@H](C)[C@H]1[C@@H](CCC(C)(C)CCCCCC)OC(C)[C@@]2(C)CCC(=O)C[C@@]12[H] |$R1;;;;;;;;;;;;;;;;;;;;;;;;;;;$|
naftifine_cid47641,,,naftifine_cid47641.png,low,low,0.2404456609965364,wrong,,Naftifine,0.09,22,22,wrong,wrong,,False,False,False,False,0.09,False,False,17,1,,,,*C(C([1*])CN(C)C[C@@H]1CC[CH][C@@H]2CCCC[C@H]12)C1CCCCC1 |$R;;;R1;;;;;;;;;;;;;;;;;;;;$|
nalbuphine_cid5311304,,,nalbuphine_cid5311304.png,low,low,0.1757133356904095,invalid,,,,,,invalid,invalid,,False,False,False,False,,False,,,,,,,*C1[CH]CC2(C)C(C)CCC3(CO)C2C2N(CC4CCC4)C23(C)C[CH][CH]C1 |$R;;;;;;;;;;;;;;;;;;;;;;;;;;$|
naloxegol_oxalate_cid56959086,,,naloxegol_oxalate_cid56959086.png,low,low,5.208497539846454e-06,invalid,,,,,,invalid,invalid,,False,False,False,False,,False,,,,,,,COC1(O)C(O)(O)C2(O)O[CH]12(O)O.[H]C([H])C1(CCCCCOCCOCCOCCOCCOCCOCCOC)C2(C)(C)OC3C4C5CC(CCC)[CH]67(OCCC)CCC412C3C6C57
narasin_cid65452,,,narasin_cid65452.png,low,low,1.236037200822278e-05,invalid,,,,,,invalid,invalid,,False,False,False,False,,False,,,,,,,[1*]CC123(CC)C(C)OC4(C5C1C4C52)[CH]1245C[CH]167(C2)C(CC(O)O4)C6C75([H])OC3C.[1*]C[CH]123C([1*])[CH]4(C5C[CH]41(C)C1(=C)=C=C54[CH]56C(C)[CH]417(CC)[CH]51O[CH]674(O)O[CH]C(C)C[CH]14C)[CH]2(C)C12([H])(C)[CH](C)(C)C([H])(C)([CH]1(C)C)[CH]32C |$R1;;;;;;;;;;;;;;;;;;;;;;;;;;;;R1;;;;R1;;;;;;;;;;;;;;;;;;;;;;;;;;;;;;;;;;;;;;;;;;$|
navtemadlin_cid58573469,,,navtemadlin_cid58573469.png,low,low,0.0001448749077968543,invalid,,,,,,invalid,invalid,,False,False,False,False,,False,,,,,,,CC(C)CC[CH]123C4C5C6C47C4C8C9(C)(CC(=O)O)C%10[CH]%11%12[CH]%13([CH]CCCC%13)[CH]%10%11[CH]%12%10C%11CCC(C)CC%11C1(CC(C)C)C(C572)N8%103[CH]649
neoarsphenamine_cid76961391,,,neoarsphenamine_cid76961391.png,low,low,7.510403568482765e-10,invalid,,,,,,invalid,invalid,,False,False,False,False,,False,,,,,,,CCC1234C(C(C)C)C[CH]567(CCC8CC(C(C)C)[CH]9(OC)CC8C9)CC18(C(C)C)C19(OC)[CH]%10%11C5[CH]12(C%106)C%118(C3C)[CH]94(C(C)C)C7.[Cl][Cu]
neramexane_cid6433106,,,neramexane_cid6433106.png,low,low,0.8041562021185952,wrong,,Neramexane,0.148,12,12,wrong,wrong,,False,False,False,False,0.148,False,False,3,1,,,,CC1C[C@H](C)CC(C)(C(C)C)C1
neticonazole_cid5282433,,,neticonazole_cid5282433.png,low,low,0.0004565918141938681,invalid,,,,,,invalid,invalid,,False,False,False,False,,False,,,,,,,*C1[CH]23(C)CC4C2(*)[CH]125[CH]1(CC[CH]CC1N43CCCCC)C1N23C2CCC3N2153[CH]C[NH2+][CH]3 |$Y;;;;;;;Y;;;;;;;;;;;;;;;;;;;;;;;;$|
niclosamide_cid4477,,,niclosamide_cid4477.png,low,low,1.940934140658748e-05,invalid,,,,,,invalid,invalid,,False,False,False,False,,False,,,,,,,CCC(CCC(C)C(C)C)N(C)C(O)[CH]1234C[SH]C[CH](C)(C)C1C1C2CC25=CC(=C2C13)C5C4
nicorandil_cid47528,,,nicorandil_cid47528.png,low,low,5.942994110668985e-06,invalid,,,,,,invalid,invalid,,False,False,False,False,,False,,,,,,,*C1CCCC([CH])C2C3C4[CH]56C7[CH]489C4C%10C%11C(C%10C2%1147C58)[CH]1369 |$R;;;;;;;;;;;;;;;;;;;;$|
nikkomycin_x_cid194647,,,nikkomycin_x_cid194647.png,low,low,0.01273263382992775,wrong,,Nikkomycin X,0.133,37,35,wrong,wrong,,False,False,False,False,0.133,False,False,30,1,,,,[H]OC1CC[C@@H](C([H])CC(C([H])[H])C([H])O[C@@](C)(C(=O)OC)C2OC(N3C[C@H](C(O)O)[C@@H](O)[C@@H]3O)C(O[H])[C@@H]2OC)CC1
niludipine_cid89767,,,niludipine_cid89767.png,low,low,0.08605344295340214,wrong,,Niludipine,0.099,35,35,wrong,wrong,,False,False,False,False,0.099,False,False,42,2,,,,C=C(O)C1CCCCC1.CCCCCCOC(C)[C@@H]1C[C@@H]([C@H](C)OCCCCCC)C(C)C[C@H]1C
nintedanib_esylate_cid135476717,,,nintedanib_esylate_cid135476717.png,low,low,0.001134903827526636,invalid,,,,,,invalid,invalid,,False,False,False,False,,False,,,,,,,[H]C(C)C1C(C(OC2CC=C(C(C)C(=O)CN3CCN(C)CC3)CC2)C2C=CCCC2)C2C3C4C567C3[CH]453(CCC)C6C2(C1[H])C73.[H]CC(O)(O)CO
nisoldipine_cid4499,,,nisoldipine_cid4499.png,low,low,0.2108505303177089,wrong,,Nisoldipine,0.115,29,28,wrong,wrong,,False,False,False,False,0.115,False,False,42,1,,,,CO[C@H](C)[C@@H]1C([C@@H]2CCCC[C@@H]2C(C)C)C([C@H](C)NCC(C)C)C(C)C(C)[C@H]1C
nitarsone_cid66826,,,nitarsone_cid66826.png,low,low,0.05742917353559943,invalid,,,,,,invalid,invalid,,False,False,False,False,,False,,,,,,,O.O=O.[O-]C(O)O[CH]12[CH]OC(N([O-])[O-])CC1C2
nitric_oxide_cid145068,,,nitric_oxide_cid145068.png,low,low,0.3756735888855238,wrong,,Nitric Oxide,0.0,2,2,wrong,wrong,,False,False,False,False,0.0,False,False,4,2,,[Cl-],,[Cl-].[Cl-]
nogalamycin_cid5289019,,,nogalamycin_cid5289019.png,low,low,2.657189220181006e-08,invalid,,,,,,invalid,invalid,,False,False,False,False,,False,,,,,,,*C[CH]12C[CH]3(CC4OC(C)C(OC)C(C)(CC)C4OC)[CH]45C6[CH]1(C(O)OC)[CH]1(O[CH]78[CH]9(C)CC%10OC%11%12%13(C)OC%11[CH]%12(O*)C(C(C)C)C(O*)C(C)(O%13)C%10CC(CO)CC%10C[CH]%11(C)[CH]7%12[CH]47(O[10*])[CH]631[CH]5%12(O[10*])[CH]%10%1187O9)[CH]21[CH]234[CH][CH]15(O2)O31CO45C1 |$R;;;;;;;;;;;;;;;;;;;;;;;;;;;;;;;;;;;;;;;;;R;;;;;;;R;;;;;;;;;;;;;;;;;R10;;;;R10;;;;;;;;;;;$|
norethandrolone_cid5858,,,norethandrolone_cid5858.png,low,low,0.00721424412872864,invalid,,,,,,invalid,invalid,,False,False,False,False,,False,,,,,,,C[CH]C(CO)(CC1C23C[CH]124C12(O)C5C[CH]678CCC5349(O)[CH]13(O)C614CC73(C)(C1CC(O)C8)[CH]429O)OC
norucholic_acid_cid192254,,,norucholic_acid_cid192254.png,low,low,0.0429216239020374,wrong,,Norucholic Acid,0.132,34,27,wrong,wrong,,False,False,False,False,0.132,False,False,23,1,,,,[1*]O[C@@H]1CC[C@]2(C)[C@H](C)[C@](C)([C@@]3(C)CC[C@]([CH])([C@H](C)C[C@H](O)OC)[C@@]3(C)CC)[C@@H](CO)C[C@]2(C)C1 |$R1;;;;;;;;;;;;;;;;;;;;;;;;;;;;;;;;;;$|
nosiheptide_cid16130051,,,nosiheptide_cid16130051.png,low,low,4.634517694837953e-26,invalid,,,,,,invalid,invalid,,False,False,False,False,,False,,,,,,,CC(=CC=CC=CCC(C)C(C)(C)C1C[CH]12COC1C(C3CC3)=C3C[Si]3(C)(C)C(C)CC3[CH]45678C9O4[CH]394%10%11%12%13(C5C3(=O)=O(=C45(C6%10)[CH]%114C[CH]35%12C4)=C7%13(C)=O)C83C[CH]34567(C)C3C24([CH]52C6(C)=O=C27(C)(C)(=O)=O)[CH]324C3O(C1C(C)(C)(C)=O)C32C412C34CC31(=O)C421=O=C1)C(C)=CC12=C(C1)C=21(C=C(C)C(C)=C23CC24=C2(C)C5=C34=C52)=O=C1C
novolimus_cid9854320,,,novolimus_cid9854320.png,low,low,3.942963654184397e-05,invalid,,,,,,invalid,invalid,,False,False,False,False,,False,,,,,,,*C(CN([CH])C(C)C(O)C(C)C(CO)[CH]1(OC)C(O)[CH]2(C)CC(C)C3[CH](C)(CC(C2)C(O)C(C2CC2C)O1[1*])[CH]([1*])(N1(C([1*])=O)C(C)C1C(C[1*])C(=O)C(C)C(C[1*])CC(C)CC[CH]C)N3(CC)C([1*])=O)(OC(O)C1(C)CCCCO1)C(C)CC(C)C |$R;;;;;;;;;;;;;;;;;;;;;;;;;;;;;;;;;;;;;;R1;;R1;;;R1;;;;;;;R1;;;;;;;R1;;;;;;;;;;;;R1;;;;;;;;;;;;;;;;;$|
octapeptin_cid3084738,,,octapeptin_cid3084738.png,low,low,0.001080841202654258,invalid,,,,,,invalid,invalid,,False,False,False,False,,False,,,,,,,*NC(CCN(C)C)C(=O)NC(CC(C)C)C(=O)N(*)CCC(C[CH]1(O)CC2(=CCCCC(C)C)C(*)[10*]N21)C(=O)N([10*])C(C)C(=O)NC(CCN(C)C)C(O)OC(CCC)C1=O=C[CH](CC)(CN(*)[CH]234C5CN6(C)CN(C)(CC2[CH]52[CH]3(O)O[CH]24CC(N[11*])C(=O)O)C6)N1[H] |$R111;;;;;;;;;;;;;;;;;;;R111;;;;;;;;;;;;;;;;;R111;R10;;;;;R10;;;;;;;;;;;;;;;;;;;;;;;;;;;R111;;;;;;;;;;;;;;;;;;;R11;;;;;;$|
olinciguat_cid90445883,,,olinciguat_cid90445883.png,low,low,0.01004487919780333,wrong,,Olinciguat,0.074,35,36,wrong,wrong,,False,False,False,False,0.074,False,False,56,1,,,,*O[C@@](C[C@H](O)[CH]NC[C@@H]1C[C@@H](C[C@@H]2CC=CC[C@@H]2C)[C@H](C2[CH][CH]C[CH]2)C1)(C(=O)C(C)C)C(C)(C)C |$R;;;;;;;;;;;;;;;;;;;;;;;;;;;;;;;;;;;$|
olorigliflozin_cid122660464,,,olorigliflozin_cid122660464.png,low,low,0.02514857725297924,wrong,,Olorigliflozin,0.111,31,31,wrong,wrong,,False,False,False,False,0.111,False,False,32,1,,,,*C[C@H]1C(C2CCC(*)=C(C[C@@H]3CC[C@@H](OCC)CC3)N2)CC([C@@H](C)CC)[C@@H](CO)[C@@H]1CO |$R;;;;;;;;R;;;;;;;;;;;;;;;;;;;;;;;;$|
ontazolast_cid71458,,,ontazolast_cid71458.png,low,low,0.06973306978916254,wrong,,Ontazolast,0.188,28,25,wrong,wrong,,False,False,False,False,0.188,False,False,23,2,,,,*N([C@H]1NC2C[C@@H](C)C=C[C@H]2N1)[C@H](CC1CCCCC1)[C@H](C)O.C1CCCCC1 |$Y;;;;;;;;;;;;;;;;;;;;;;;;;;;;$|
ormaplatin_cid6434704,,,ormaplatin_cid6434704.png,low,low,6.509269930097863e-11,invalid,,,,,,invalid,invalid,,False,False,False,False,,False,,,,,,,CC[CH]1234[CH](C)(C)[CH](C)(C)C(C)(C)[CH]156(C)C1C[CH]789(CC)C[CH]75%10(C(C)C(C)C(C)(C)(C)C8C)[CH]2(C)[CH]96%10(CC)[CH]3(C)[CH]4(C)C1(C)(C)C
otamixaban_cid5496659,,,otamixaban_cid5496659.png,low,low,0.007971237937817035,wrong,,Otamixaban,0.077,51,33,wrong,wrong,,False,False,False,False,0.077,False,False,79,2,,,,CO[C@@H](C)[C@@H](C[C@H](C[C@@H](C)[C@H](O)[C@H](C)O)C(C)O)[C@H](O)OC.CO[C@@H](O)[C@H](C[CH]C(C)O)[C@H](C)[C@H](O)[C@@H](O)[C@H]1CC[C@@H]([C@H](C)[C@H]2C[C@H](C)C2)CC1 |^1:28|
otilonium_bromide_cid72092,,,otilonium_bromide_cid72092.png,low,low,0.2874960302738773,wrong,,Otilonium Bromide,0.247,36,36,wrong,wrong,,False,False,False,False,0.247,False,False,15,2,,,,[Br-].[H]N(C(=O)[C@@H]1CCCC=C1NCCCCCCCC)C1=CC[C@@H]([C@H](O)CCC[N+](C)(CC)CC)C=C1
oxacillin_cid6196,,,oxacillin_cid6196.png,low,low,0.001674308023720865,invalid,,,,,,invalid,invalid,,False,False,False,False,,False,,,,,,,CCC(C)C1OC(C(CO)C(C)C(C)C[CH]2(C3[CH]CCCC3)CCC(C)N2)CC1(C)C
pamiparib_cid135565554,,,pamiparib_cid135565554.png,low,low,0.08540861502247367,wrong,,Pamiparib,0.06,23,22,wrong,wrong,,False,False,False,False,0.06,False,False,38,1,,,,"C[CH]C[C@H]1[C@H]2[CH][C@@H](C)[C@@H](C)C[C@@H](C[C@@H]3CCC[C@@H]3C)[C@H]2C[C@H]1C |^1:1,5|"
pancuronium_bromide_cid27350,,,pancuronium_bromide_cid27350.png,low,low,0.06772488808902764,wrong,,Pancuronium Bromide,0.18,46,43,wrong,wrong,,False,False,False,False,0.18,False,False,16,3,,[Cl-],,"[Cl-].[Cl-].[H][C@]12CC[C@]3(C)C[C@H](OC(C)C)[C@](C)([N+]4CCCCC4)C[C@]3(C)[C@@]1(C)CC[C@]1(C)[C@@H](OC(C)=O)[C@@](C)(N3CCCCC3)[CH][C@@]21C |^1:16,44|"
pazufloxacin_cid65957,,,pazufloxacin_cid65957.png,low,low,0.01103447680254581,invalid,,,,,,invalid,invalid,,False,False,False,False,,False,,,,,,,[1*]C1C(C2CC2)C(C)CC2C(O)C(C(C)OC)C3C4[CH](C)(C)N3(C(C)C)[CH]124 |$R1;;;;;;;;;;;;;;;;;;;;;;;;;;$|
pelabresib_cid118591411,,,pelabresib_cid118591411.png,low,low,3.396569470931299e-06,invalid,,,,,,invalid,invalid,,False,False,False,False,,False,,,,,,,CN1C[CH]C([CH]23C[CH]4(CC(O)N(C)C)[CH]56NN[CH]78(C)N9N[CH]4%10(C2CC(O)N(C)C)[CH]5724[CH]9(C)[CH]68%105[CH]26C2[CH]78C9C[CH]36[CH]245C7C98)=CC1.[CH3][Ni][Cl]
penbutolol_cid37464,,,penbutolol_cid37464.png,low,low,0.02126832110691091,invalid,,,,,,invalid,invalid,,False,False,False,False,,False,,,,,,,*CC(COC1CCC2C3CC2[CH]13C1CCCC1)COC(C)(C)C |$R;;;;;;;;;;;;;;;;;;;;;;;$|
penicillin_v_cid6869,,,penicillin_v_cid6869.png,low,low,0.009229092252133577,invalid,,,,,,invalid,invalid,,False,False,False,False,,False,,,,,,,*CC(C)C(C)C1C(O)C2C(*(=O)OC)C(C)(C)CC12C.CC(C)CC1[CH]23C[CH]12(C)C3 |$Me;;;;;;;;;;;Ph;;;;;;;;;;;;;;;;;;;$|
pentamidine_isethionate_cid8813,,,pentamidine_isethionate_cid8813.png,low,low,0.000597403456982049,invalid,,,,,,invalid,invalid,,False,False,False,False,,False,,,,,,,[H]NC(C(C)C)C(CCC(C[CH](C)(CCC(OC)C(N[H])N(C)[O-])OCCCCCCC1=CC=C(C(=O)[N+]([O-])[O-])CC1)OCCCCCC[N+]1C=CC(C(=O)[N+]([O-])[O-])CC1)OC
peplomycin_cid6852373,,,peplomycin_cid6852373.png,low,low,1.157186059337896e-07,invalid,,,,,,invalid,invalid,,False,False,False,False,,False,,,,,,,[12*]CC1C(O)C(O)[CH]C2O[CH]34C(NCCN[CH]CCC(C(=O)N[H])C([H])C)C5(OC5C(C)=C(N)CN)[CH](O)(C[CH](C)(O)C([CH2])N5CC5C(=O)(=O)[CH]5(N(=O)CCCC6NC(C7N=CC(CN([12*])CCCC(=O)C(C)C8CC=CNC8)=N7)=CO6)C678[H]C5(C6)(C7)C8)OC3[CH]43CN3C21 |$R12;;;;;;;;;;;;;;;;;;;;;;;;;;;;;;;;;;;;;;;;;;;;;;;;;;;;;;;;;;;;;;;;;R12;;;;;;;;;;;;;;;;;;;;;;;;;;;;$|
perfluoropropane_cid6432,,,perfluoropropane_cid6432.png,low,low,0.7704431046654717,wrong,,Perfluoropropane,0.333,11,11,wrong,wrong,,False,False,False,False,0.333,False,False,10,1,,,,CC(C)(C(F)(F)F)C(F)(F)F
pevonedistat_cid16720766,,,pevonedistat_cid16720766.png,low,low,0.1151146294292197,wrong,,Pevonedistat,0.101,34,31,wrong,wrong,,False,False,False,False,0.101,False,False,32,2,,,,*C[C@H]1OC[C@@H]2CC=CC[C@@H]21.*[C@H]1[CH]CN[C@H]2[C@@H]([C@@H]3C[C@H](CCS(C)(O)C(=O)O)[C@@H](OC)C3)CC[C@H]21 |$R;;;;;;;;;;;R;;;;;;;;;;;;;;;;;;;;;;;;$|
pexidartinib_cid25151352,,,pexidartinib_cid25151352.png,low,low,0.1973394780251993,wrong,,Pexidartinib,0.093,28,29,wrong,wrong,,False,False,False,False,0.093,False,False,33,1,,,,*C1=C[C@H]2C(N=C1)N([H])C[C@H]2C[C@H]1C=C[C@H](N([H])C[C@H]2C=C[C@@H](C(C)(C)C)CC2)OC1 |$Et;;;;;;;;;;;;;;;;;;;;;;;;;;;;;;$|
pexiganan_cid16132253,,,pexiganan_cid16132253.png,low,low,4.352626417871302e-15,invalid,,,,,,invalid,invalid,,False,False,False,False,,False,,,,,,,C.CC([O-])CC1=O23=C1NC=214(=O=C1NC12=O=C156=O1=C7C25C=176)=O1=C(NC(C2=O=C(C(NC5=O=C67(=O=C6O7CC6(=O)=O=C6)N5)C5OC567=O=C65(CO5)O7)N2)C2(=O)CC2)C=1=34.CCC1C2=O=C21O.CCCNCNCCNCC1NC1C1NC12CC2NC12(=O)(=O)C(CC3CC3)C13N2C31C(NC2(=O)C(N3C4N(C(=O)C=O)C43=O)C234=O2=C(O3)C=24)C12CC213=O=C1O3
phenazopyridine_hydrochloride_cid8691,,,phenazopyridine_hydrochloride_cid8691.png,low,low,0.1028382470556934,wrong,,Phenazopyridine hydrochloride,0.029,22,17,wrong,wrong,,False,False,False,False,0.029,False,False,35,2,,,,*C1C(C(C)=O)N[C@@H](C(C)=O)CC1C(C)CC1[CH]CCCC1.[CH2+] |$X;;;;;;;;;;;;;;;;;;;;;;$|
pheniramine_cid4761,,,pheniramine_cid4761.png,low,low,0.03459533145146267,invalid,,,,,,invalid,invalid,,False,False,False,False,,False,,,,,,,CC1CC2C1CC2(C1CCCCO1)[CH]12CC34CC356C4C[CH]15C26
phenoxyethanol_cid31236,,,phenoxyethanol_cid31236.png,low,low,0.5419076142260137,wrong,,Phenoxyethanol,0.027,11,10,wrong,wrong,,False,False,False,False,0.027,False,False,17,1,,,,CCCCCC1CCCCC1
phenylmercuric_nitrate_cid16682924,,,phenylmercuric_nitrate_cid16682924.png,low,low,3.52144514494028e-07,invalid,,,,,,invalid,invalid,,False,False,False,False,,False,,,,,,,CC1[CH]2(Cl)C(O)[CH]34CC[CH]56789%10CC3%11C5[CH]635[CH]7(C)[CH]36(C8C4)C%119[CH]1265%10
pidotimod_cid65944,,,pidotimod_cid65944.png,low,low,0.1835348385826954,wrong,,Pidotimod,0.091,15,16,wrong,wrong,,False,False,False,False,0.091,False,False,17,1,,,,*O[C@H](*)[C@@H]1CN[CH]N1[C@H](C)[C@@H]1CC[C@@H](C)N1* |$Y;;;Y;;;;;;;;;;;;;;Y$|
pimodivir_cid67286591,,,pimodivir_cid67286591.png,low,low,1.666521846687032e-06,invalid,,,,,,invalid,invalid,,False,False,False,False,,False,,,,,,,*C[CH]123O[CH](O)(O*)[CH]145C(C1678CCC1C6COCC7C8)[CH]21[CH]42C(C4CC(C6CN(*)C7NC8C9CC8C9C67)NCC4C)C1235 |$R;;;;;;;R;;;;;;;;;;;;;;;;;;;;;;R;;;;;;;;;;;;;$|
piperaquine_cid122262,,,piperaquine_cid122262.png,low,low,0.0008168535257433579,invalid,,,,,,invalid,invalid,,False,False,False,False,,False,,,,,,,[12*]C1C[CH]C2C(CCC3[CH][CH]32N2CCN(CCCN3CCN([CH]C4[CH]CC(O)CC4O)CC3)CC2)C1 |$R12;;;;;;;;;;;;;;;;;;;;;;;;;;;;;;;;;;;$|
pirarubicin_cid11296583,,,pirarubicin_cid11296583.png,low,low,0.02051187611816227,wrong,,Pirarubicin,0.191,47,45,wrong,wrong,,False,False,False,False,0.191,False,False,27,1,,,,*OC1[C@@H]2C(=O)[C@H]3[C@H]4C(CC[C@H]3OC)[C@H]4[C@H](O)C2[C@H](CO)N2C[C@@](O*)([C@@H](C)CO)C[C@H](O[C@H]3C[C@@H](C(*)*)[C@H](O[C@@H]4CCCCN4)[C@H](C)O3)[C@H]12 |$R;;;;;;;;;;;;;;;;;;;;;;;;;R;;;;;;;;;;;;R;R;;;;;;;;;;;;$|
piroctone_olamine_cid50258,,,piroctone_olamine_cid50258.png,low,low,0.3384427297947684,wrong,,Piroctone Olamine,0.083,20,21,wrong,wrong,,False,False,False,False,0.083,False,False,15,2,,,,*CCC[NH2+]*.*O[C@H]1[C@H](CCCC(C)(C)C)C[C@@H](C)C[C@@H]1C |$R;;;;;R;R;;;;;;;;;;;;;;;;$|
planosporicin_cid139586698,,,planosporicin_cid139586698.png,low,low,2.53648248324915e-12,invalid,,,,,,invalid,invalid,,False,False,False,False,,False,,,,,,,*NC(C(O)CC)C(OC)O[CH]C(=O)N[CH]12CC3OC[CH]4(O[Si](C)(O)O)(C(O)[CH]OCNCC(=O)O*)C(NC(O)C[CH]OC(NC[CH]O[CH]NC(N*)[CH]5(O)(CC)CC5)C56O[CH]57(O6)[CH]15(O2)[CH]126C(C)(C)[CH]1(C2(C)C)[CH]765C(C)C)[CH]41(O)C(NC3O)C1O[Si](C)(O)O.C.O.O |$Me;;;;;;;;;;;;;;;;;;;;;;;;;;;;;;;;;;;;Me;;;;;;;;;;;;;;;;;Me;;;;;;;;;;;;;;;;;;;;;;;;;;;;;;;;;;;;;;;$|
plinabulin_cid9949641,,,plinabulin_cid9949641.png,low,low,0.0002599954243006951,invalid,,,,,,invalid,invalid,,False,False,False,False,,False,,,,,,,[1*]C(C1C[CH]CCC1)[CH]12C(C)N(C)[CH]3(C(C)C(C(C)C)C(C(C)C)C(C)(C)C)[CH]45C[CH]3(O)([CH]14O)N25C |$R1;;;;;;;;;;;;;;;;;;;;;;;;;;;;;;;;;;;$|
plocabulin_cid57788271,,,plocabulin_cid57788271.png,low,low,0.001399328547557161,invalid,,,,,,invalid,invalid,,False,False,False,False,,False,,,,,,,[12*]NC(=O)CC(CC(=O)C([12*])C(O)C(=O)C(N(C)C(=O)C(C)=C([H])C([12*])C(N)(=O)CC1[CH]234C[CH]15(C)(C2([H])=O)[CH]31C[CH]4523CCC(=O)C(=O=C(=O)(C(CC)CC)O2)O13)C(C)(C)C)N=C(C)C(F)F |$R12;;;;;;;;;;R12;;;;;;;;;;;;;;;R12;;;;;;;;;;;;;;;;;;;;;;;;;;;;;;;;;;;;;;;;$|
pneumocandin_b_0_cid16119739,,,pneumocandin_b_0_cid16119739.png,low,low,1.839783988372156e-14,invalid,,,,,,invalid,invalid,,False,False,False,False,,False,,,,,,,CCCCCCOC(C)CC(C)CC.CCCCCO[CH]123OC1[CH]2(O[CH]1245O[CH]16789%10%11%12%13C1%14%15%16[CH]%17(OC)C[CH]%18(O)C16%19%20%21O([CH]7(O)[CH]16C[CH](O)(C(=O)O)C(O1)O6)C%18%14%1981(O%17)O29([CH]%102(C%11)[CH]4678O[CH]265(O7)O8C(CCC)OCC(=O)O)C%15%201%122456O[CH]%16(OC)C[CH]%212(O)C41OC15%13=O=C6O[CH]C(O)CCC)O[CH]31=CC=C(OC)CC1.O
pnu_159682_cid9874188,,,pnu_159682_cid9874188.png,low,low,0.006686896945196391,invalid,,,,,,invalid,invalid,,False,False,False,False,,False,,,,,,,[1*]OCC(O)C(CO)CC1C([CH]OC2CC3(C)[NH]4CCNC(OC)C4(C)OC3(C)C(C)O2)C(OC)C2C(=O)C3C(OC)CCC(O)C3C(=O)C2C1O[1*] |$R1;;;;;;;;;;;;;;;;;;;;;;;;;;;;;;;;;;;;;;;;;;;;;;;;;;;;R1$|
potassium_permanganate_cid516875,,,potassium_permanganate_cid516875.png,low,low,0.08779623782357455,wrong,,Potassium Permanganate,0.0,13,6,wrong,wrong,,False,False,False,False,0.0,False,False,42,2,,,,CC(CO)CC[C@@H](C)Cl.[11*]C[NH+](C)C[11*] |$;;;;;;;;;R11;;;;;R11$|
povorcitinib_cid86280672,,,povorcitinib_cid86280672.png,low,low,0.07296064971076713,invalid,,,,,,invalid,invalid,,False,False,False,False,,False,,,,,,,*CC(C)(CN[CH]1(CC)CC(C)C(C(N)N(*)C(C)C(C)(C)C)CC1C)C1CC(C2C(C)N=C([H])N2C)[CH]N1 |$(Am)17Cm;;;;;;;;;;;;;;;;R;;;;;;;;;;;;;;;;;;;;;;$|
practolol_cid4883,,,practolol_cid4883.png,low,low,0.3034917884468159,wrong,,Practolol,0.136,19,19,wrong,wrong,,False,False,False,False,0.136,False,False,18,1,,,,[H]C(CC(C)CO[C@H]1CC[C@@H](C([H])[C@H](C)O)CC1)C(C)C
pralatrexate_cid148121,,,pralatrexate_cid148121.png,low,low,0.07286164674505012,invalid,,,,,,invalid,invalid,,False,False,False,False,,False,,,,,,,*[NH3+]CC([H])(CC1CNC2CC(C(C)C)NC(C(C)C)C2C1)C1CCC(C(C)C(*)C(CCC(N)NC)C(C)OC)CC1 |$Y;;;;;;;;;;;;;;;;;;;;;;;;;;;;;R;;;;;;;;;;;;;$|
pralidoxime_chloride_cid135445761,,,pralidoxime_chloride_cid135445761.png,low,low,0.003098891927163285,invalid,,,,,,invalid,invalid,,False,False,False,False,,False,,,,,,,*C(NOC)[CH]12CC(C)C3C[NH+]1(C)C3C2C.[Cl-] |$R;;;;;;;;;;;;;;;;$|
pramiconazole_cid3013050,,,pramiconazole_cid3013050.png,low,low,0.004626431302320036,invalid,,,,,,invalid,invalid,,False,False,False,False,,False,,,,,,,*C[CH]1(C[CH]2(CN3C=NC=N3)CCC(COC3C=CC(C4CCN(C5C=CC(N6CCN(C(C)C)C6=O)=CC5)CC4)CC3)C2)CCCC(*)C1 |$Y;;;;;;;;;;;;;;;;;;;;;;;;;;;;;;;;;;;;;;;;;;;;;;;;Y;$|
pranlukast_cid4887,,,pranlukast_cid4887.png,low,low,0.1535365322940868,wrong,,Pranlukast,0.099,36,36,wrong,wrong,,False,False,False,False,0.099,False,False,27,1,,,,[H]C([C@@H](O)[C@@H]1C=C[C@H](OCCCC[C@@H]2CC=CCC2)CC1)[C@H]1CCC[C@H]2C([H])C[C@H](c3nnn(C)n3)O[C@H]12
procaterol_cid688563,,,procaterol_cid688563.png,low,low,0.01552057793390992,invalid,,,,,,invalid,invalid,,False,False,False,False,,False,,,,,,,*C1CCCCC1C(O)[CH]12CCC[CH]34[CH]15C1C[CH]67(O)C1C(O)C36(*)[CH]5(CCC2)N47* |$Z;;;;;;;;;;;;;;;;;;;;;;;Y;;;;;;Y$|
procyclidine_cid4919,,,procyclidine_cid4919.png,low,low,0.03812894134605181,invalid,,,,,,invalid,invalid,,False,False,False,False,,False,,,,,,,C1CCCCC1.CC1C2C3C[CH]45C3[CH]14(C)C25.[CH]1CCCN1
propiverine_cid4942,,,propiverine_cid4942.png,low,low,0.01316279320485595,invalid,,,,,,invalid,invalid,,False,False,False,False,,False,,,,,,,CC(C)C.CC(C)CC1CCCCC1[CH]12C3CC4C5[CH]16C4[CH]52(C)C36.CCCO
protirelin_cid638678,,,protirelin_cid638678.png,low,low,0.003373676307548622,invalid,,,,,,invalid,invalid,,False,False,False,False,,False,,,,,,,*C(C(C)C(C[CH]12C3N[CH]4(C3CN14*)C2*)C(O)OC(CC)C(N)N(O)O)C1CCC(O)C1O |$R;;;;;;;;;;;;;R;;R;;;;;;;;;;;;;;;;;;$|
proxyphylline_cid4977,,,proxyphylline_cid4977.png,low,low,0.6119865818830306,invalid,,,,,,invalid,invalid,,False,False,False,False,,False,,,,,,,*NN([1*])(C)CC1CCN(C)C(O)C(C)CNC1 |$R;;;R1;;;;;;;;;;;;;;$|
pyridostigmine_bromide_cid7550,,,pyridostigmine_bromide_cid7550.png,low,low,0.2036417646400267,wrong,,Pyridostigmine Bromide,0.055,12,14,wrong,wrong,,False,False,False,False,0.055,False,False,9,2,,,,"CNC(C)C[C@H]1[CH]C[CH]NC1.[I-] |^1:6,8|"
radotinib_cid16063245,,,radotinib_cid16063245.png,low,low,0.02044311191466676,invalid,,,,,,invalid,invalid,,False,False,False,False,,False,,,,,,,[1*]C(C1=C(C)C=CC(C(=O)(=O)[NH2+]C2C=C(C([1*])(C)C)C=C(N3C=C(C)NC3)C2)C1)C12=CCC3C4C(C1)C3(C1=CC=CCC1)=O=24 |$R1;;;;;;;;;;;;;;;;R1;;;;;;;;;;;;;;;;;;;;;;;;;;;$|
ravidasvir_cid52918888,,,ravidasvir_cid52918888.png,low,low,8.860842006096323e-05,invalid,,,,,,invalid,invalid,,False,False,False,False,,False,,,,,,,*C(C(C)OC)C(CN1CCCC1(C)[CH]12N(C)[CH]3(C4=C5=C6C7=C89%10=C(C8O)(C49)[CH]6%104(C=CC6(C=CC8=C(C6)N(C)C(C6([H])CCCC6C(=O)C(C(C)C)C(C)C(=O)OC)N8)C=C74)C5)N1N32)C(C)C |$R;;;;;;;;;;;;;;;;;;;;;;;;;;;;;;;;;;;;;;;;;;;;;;;;;;;;;;;;;;;;;;;;;$|
refametinib_cid44182295,,,refametinib_cid44182295.png,low,low,0.01188021780977184,invalid,,,,,,invalid,invalid,,False,False,False,False,,False,,,,,,,*OC(CO)CCC(C)(C)C([1*])C(CNC1CC2C[CH]2(C)CC1C)C(CC)CC(C)CC |$R;;;;;;;;;;;R1;;;;;;;;;;;;;;;;;;;;$|
resminostat_cid11609955,,,resminostat_cid11609955.png,low,low,0.001659055237540271,invalid,,,,,,invalid,invalid,,False,False,False,False,,False,,,,,,,*C(C(=O)N(*)CC)C(*)[CH]12C[CH]3(C[CH](O)(O)C4CCC(CNC)CC4)C4C1[CH]43C2 |$R;;;;;R;;;;R;;;;;;;;;;;;;;;;;;;;$|
retinol_palmitate_cid5280531,,,retinol_palmitate_cid5280531.png,low,low,0.1423413171209482,invalid,,,,,,invalid,invalid,,False,False,False,False,,False,,,,,,,[10*]C(=C(C)CCOC(=O)(=O)CCCCCCCCCCCCCCC)C(C)=C([H])C1(C)=C2([10*])=C34(=C56=C7(C)CCC=C5(C)=C73=C=426)C1 |$R10;;;;;;;;;;;;;;;;;;;;;;;;;;;;;;;;R10;;;;;;;;;;;;$|
riboflavin_cid493570,,,riboflavin_cid493570.png,low,low,0.01065844616410591,wrong,,Riboflavin,0.074,32,27,wrong,wrong,,False,False,False,False,0.074,False,False,42,1,,,,CCC[C@H](OC)[C@@H](CC)[C@@H](OC)C1C2[C@@H](C)C(C)C[C@H]3OC4C(=O)[C@@H](C)[C@@H](C)C[C@H]4N1[C@H]23
ridaforolimus_cid11520894,,,ridaforolimus_cid11520894.png,low,low,3.361683840857112e-08,invalid,,,,,,invalid,invalid,,False,False,False,False,,False,,,,,,,[10*]C1C(C)CC23(CC)(O[CH]CC(C)C(C)CC(=O)C(C)C(O)C(C)C(C(C)O)C4OCC(C1C)C(C)C4O)OC145(C)(C[CH]O[Si](C)(C)C)O[CH]678C(C)([CH]61[CH]724(O[Si](C)(C)C)O35)[CH]123C4CC156CCC5(O)C(O)C(C)CC(C)(O)C[CH]46(C2C(C)(O)CC(C)C(O)C(C)O)C38C |$R10;;;;;;;;;;;;;;;;;;;;;;;;;;;;;;;;;;;;;;;;;;;;;;;;;;;;;;;;;;;;;;;;;;;;;;;;;;;;;;;;;;;;;;;;;;;$|
rilmenidine_cid68712,,,rilmenidine_cid68712.png,low,low,0.1795101002792863,wrong,,Rilmenidine,0.154,13,13,wrong,wrong,,False,False,False,False,0.154,False,False,6,1,,,,[1*]C(C1NCCN1)C(C1CC1)C1CC1 |$R1;;;;;;;;;;;;;$|
rilpivirine_cid6451164,,,rilpivirine_cid6451164.png,low,low,0.0001048965753952529,invalid,,,,,,invalid,invalid,,False,False,False,False,,False,,,,,,,*C1C[CH]C([CH]O)CC1.[1*]C1[1*]O[CH]12O([1*])[CH]1(C)C3C4C56(C)C[CH]4127C[CH]12(C)C37[CH]3(C)[CH]51[CH]([CH])(O)[CH]362 |$AmAr;;;;;;;;;R1;;R1;;;;R1;;;;;;;;;;;;;;;;;;;$|
rimexolone_cid5311412,,,rimexolone_cid5311412.png,low,low,0.008541170444036504,invalid,,,,,,invalid,invalid,,False,False,False,False,,False,,,,,,,CCC(C)C12CC[CH]13C1[CH]4(CC)[CH]56[CH]1(CC)C417(C)C489CC51%10(C4)C8CC(O)C[CH]9%10CCC67(C)[CH]3(C)CC2C
rimocidin_cid6440843,,,rimocidin_cid6440843.png,low,low,0.03411503384450383,wrong,,Rimocidin,0.242,62,54,wrong,wrong,,False,False,False,False,0.242,False,False,41,1,,,,[H]C[C@H]1C[C@@H](C)CCC[C@@H](O)C[C@@H](C[H])[C@H](CC)[C@H](O)O[C@@H](CCC)C[C@@H](O)[C@H](O)[C@@H](C)[C@@H](O)C(C)C(O)[C@@H](C)[C@@H](O)[C@@H](O[C@@H]2O[C@H](C)[C@@H](O[H])[C@H](O[H])[C@@H]2C[H])C[C@]([H])(O)[C@@H](CO[H])[C@@H](CO)C1
rintatolimod_cid135537060,,,rintatolimod_cid135537060.png,low,low,0.007698892916441478,wrong,,Rintatolimod,0.119,77,65,wrong,wrong,,False,False,False,False,0.119,False,False,76,3,,,,COS(O)(OC)OC[C@H]1O[C@@H]([C@H]2C=C[C@H]([SH2+](O)O)C[C@@H]2O)[C@H](O)[C@@H]1CO.CO[C@@H]1[C@H](CO)[C@H](CO[Si](O)(O)OC)O[C@@H]1N1[CH]C[C@@H](O)[C@H](O)[C@@H]1O.[1*][C@@](CC)(OC)OC[C@@H]1O[C@@H](N2CNC3=C2C[CH]C(O)C3)[C@H](OC)[C@@H]1OC |$;;;;;;;;;;;;;;;;;;;;;;;;;;;;;;;;;;;;;;;;;;;;;;;;;;;R1;;;;;;;;;;;;;;;;;;;;;;;;;;$|
rintodestrant_cid129205616,,,rintodestrant_cid129205616.png,low,low,0.0001596793723929024,invalid,,,,,,invalid,invalid,,False,False,False,False,,False,,,,,,,[1*]O[CH]12CC3OC(C(O)C4C(C)CC(O)CC4C)C(CC4[CH]CC(C(O)N(C)C(=O)CC)CC4)C3C3C1[CH]C32 |$R1;;;;;;;;;;;;;;;;;;;;;;;;;;;;;;;;;;;;;;$|
ritobegron_cid9820882,,,ritobegron_cid9820882.png,low,low,0.00549561123794757,invalid,,,,,,invalid,invalid,,False,False,False,False,,False,,,,,,,*C(CCC(CC)CC(C)C(C)OCC(C)OC)=OC(C)[CH]12C3CC45(O)=C67=C(O)(=C=4(C61)C72)C35 |$R;;;;;;;;;;;;;;;;;;;;;;;;;;;;;;;;$|
ritodrine_cid33572,,,ritodrine_cid33572.png,low,low,0.001849157155817685,invalid,,,,,,invalid,invalid,,False,False,False,False,,False,,,,,,,*OC1CCC(C(CC)C(C)N(*)CC[CH]23CC[CH]4(O)C(C2)C(O)C4C3)CC1.[H] |$Rc;;;;;;;;;;;;R;;;;;;;;;;;;;;;;$|
riviciclib_cid24887371,,,riviciclib_cid24887371.png,low,low,0.008655605791786692,wrong,,Riviciclib,0.084,31,28,wrong,wrong,,False,False,False,False,0.084,False,False,33,1,,,,*[C@H]1CCCCC1[C@@H]1C[C@H](O)[C@@H]2C(C(C)O)C[C@@H](OC)[C@H]([C@]3([1*])CC[C@H](C)[C@H]3COC)[C@@H]2O1 |$R;;;;;;;;;;;;;;;;;;;;;;R1;;;;;;;;;;$|
roscovitine_cid160355,,,roscovitine_cid160355.png,low,low,0.008141263038635846,invalid,,,,,,invalid,invalid,,False,False,False,False,,False,,,,,,,CC1CC2[CH]34C[CH]2(C3)C4C1.[1*]OCC(CC)NC1NCC2NCC(N(C)C)C2N1 |$;;;;;;;;;;R1;;;;;;;;;;;;;;;;;;$|
roxarsone_cid5104,,,roxarsone_cid5104.png,low,low,0.007342984148497131,invalid,,,,,,invalid,invalid,,False,False,False,False,,False,,,,,,,[11*]OC1C2[CH]C3C2[CH]2([11*]O2)C3C1N([11*])[11*].[12*]O.[12*]O |$R11;;;;;;;;R11;;;;;R11;R11;R12;;R12;$|
roxatidine_cid91276,,,roxatidine_cid91276.png,low,low,0.08579108944396568,wrong,,Roxatidine,0.09,23,22,wrong,wrong,,False,False,False,False,0.09,False,False,19,1,,,,*N(CCCC[C@H]1CCC[C@@H](CC2CCCCC2)C1)[C@H](N)COC |$R;;;;;;;;;;;;;;;;;;;;;;;$|
rubitecan_cid472335,,,rubitecan_cid472335.png,low,low,0.00392344040164826,invalid,,,,,,invalid,invalid,,False,False,False,False,,False,,,,,,,CCC1(OC)C(C)O[CH][CH]23C(C)C(C(C4[CH]CC5=C(C4)C4C6C7C4C6[CH]57C(C)C)CC12)C3C
ruboxistaurin_cid153999,,,ruboxistaurin_cid153999.png,low,low,1.614521999867298e-05,invalid,,,,,,invalid,invalid,,False,False,False,False,,False,,,,,,,CNCC1CC2C(CN1)[CH]13C45[CH]678C19[CH]41%10%11C4C%12%13C(N)NC(O)[CH][CH]459%14(C4CC5C9C%15C5C9[CH]%1543)C%12613[CH]14C5C6C9C[CH]1%12(CC6C9C[CH]5%123C%1347%10%14)N28%11
runcaciguat_cid134440946,,,runcaciguat_cid134440946.png,low,low,0.0002008643995904288,invalid,,,,,,invalid,invalid,,False,False,False,False,,False,,,,,,,NCCC[CH]1(C2CC2)[CH]23C4[CH]56[CH]27C2=C589OC26(O8)[CH]92(C(O)C(O)[CH]C5CCCCC5O)C[CH]417C32.[I-].[I-].[I-]
saffan_cid24732,,,saffan_cid24732.png,low,low,0.1262662346614462,wrong,,Saffan,0.121,60,52,wrong,wrong,,False,False,False,False,0.121,False,False,33,2,,,,CO[C@@H]1CC[C@@]2(C)[C@@](C)(CC[C@@]3(C)C4CC[C@@H]([C@H](O)COC(C)C)[C@@]4(C)[CH][C@@H](O)[C@@]23O)C1.CO[C@@H]1CC[C@@]2(C)[C@@](C)(CC[C@@]3(C)C4CC[C@H]([C@@H](C)O)[C@@]4(C)C[C@@H](O)[C@]23C)C1 |^1:26|
salacinol_cid6451151,,,salacinol_cid6451151.png,low,low,0.0004823197487105109,invalid,,,,,,invalid,invalid,,False,False,False,False,,False,,,,,,,CCC1C(CO)C[CH]23C(C(OC)[CH]456C[CH]4(C5)O4C(=O)C4(O)(O)O6)C2[CH]13COC
sarcosine_cid1088,,,sarcosine_cid1088.png,low,low,0.4516379802382594,wrong,,Sarcosine,0.077,7,6,wrong,wrong,,False,False,False,False,0.077,False,False,13,1,,,,C[NH+]CCC(C)C |^1:1|
sarpogrelate_cid5160,,,sarpogrelate_cid5160.png,low,low,0.02954707730719233,wrong,,Sarpogrelate,0.134,33,31,wrong,wrong,,False,False,False,False,0.134,False,False,31,1,,,,[H]C[C@H](N)CC[C@@H](C)OC(CO[C@H]1C(CCC2CC(OC)CC[C@@H]2C)C[C@@H]2CC1C2)CN(C)C
seglitide_cid5311430,,,seglitide_cid5311430.png,low,low,1.951438315751156e-05,invalid,,,,,,invalid,invalid,,False,False,False,False,,False,,,,,,,C[CH]C(O)C(CC1[CH]CC(CO)CC1)C(O)C(=O)C1C[CH]234CN(C)[CH]56CC7C8C[CH]79C7[CH]52%10C89[CH]763[CH]%104(O)OC(C(CCCCC(C)C)C(O)C(O)[CH]23C(=O)NC(CC4CCCCC4)C4(OC)C2(C)[CH]43O)C1O
selenium_disulfide_cid24087,,,selenium_disulfide_cid24087.png,low,low,9.073971473230465e-129,invalid,,,,,,invalid,invalid,,False,False,False,False,,False,,,,,,,CCCCCCCCCCCCCCCCCCCCCCCCCCCCCCCCCCCCCCCCCCCCC1CC1CCCCCCCCCCCC1C2C13C21C32C13C21C32C13C21C32C13C21C32C13C21C32C13C21C32C13C21C32C13C21C32C13C21C32C13C21C32C13C21C32C13C21C32C13C21C32C13C21C32C13C21C32C13C21C32C13C21C32C13C21C32C13C21C32C13C21C32C13C21C32C13C21C32C13C21C32C134C215C326C4137C5214C6325C7136C4217C5324C6135C7216C2789C%10%11%12%13C%14%15%16%17C%18%19%20C%21%22C%23%24C%25CC%25%23C%24%21C%22%18%21C%19%14%18C%21%20%15%14C%18%16%10%15C%14%17%11%10C%15%122%11C%10%1372C%11381C42596
seletalisib_cid56928390,,,seletalisib_cid56928390.png,low,low,3.324832451680562e-06,invalid,,,,,,invalid,invalid,,False,False,False,False,,False,,,,,,,*N1CCCC(C2NC3C(O)CC[CH][CH]34[CH]C4C2[CH]C[CH]23C4C[CH]56C2C2[CH]578[CH]59C%10CC[CH][CH]35%11OCCC[CH]%10%117[CH]2698C4)C1 |$Rb;;;;;;;;;;;;;;;;;;;;;;;;;;;;;;;;;;;;;;;;$|
semduramicin_cid71327,,,semduramicin_cid71327.png,low,low,0.008013074405105014,invalid,,,,,,invalid,invalid,,False,False,False,False,,False,,,,,,,CCC1(C)OC(C)(C23(C)CC45(CC46(CCC4(O6)C6CC(OC(C)C(C)C7(C)OC8(C[CH](C)(CC)CC8C)C(C)C(OC)C7OC)OC64C)C5)C4C2[CH]43OC2CCC(OC)C(C)O2)C(C)CC1C
serlopitant_cid23653789,,,serlopitant_cid23653789.png,low,low,0.07718093249953023,wrong,,Serlopitant,0.101,32,39,wrong,wrong,,False,False,False,False,0.101,False,False,30,1,,,,[10*][C@@]12[CH]N([C@@H]3CC[C@H](O)C3)[CH][C@@]1(C)[C@H]([C@H](C)CCC(C)C)[C@@H](OC[C@@H]1CCC[C@H](C([H])([H])[H])C1)CC2 |$R10;;;;;;;;;;;;;;;;;;;;;;;;;;;;;;;;;;;$|
setipiprant_cid49843471,,,setipiprant_cid49843471.png,low,low,4.477092116749551e-07,invalid,,,,,,invalid,invalid,,False,False,False,False,,False,,,,,,,[1*]C[CH]12C[CH]3(C)N[CH]45C(C[CH]678CCN9(C(O)[CH]%10%11CC%12%13C%10C%10C%12%14[CH]%10%13[CH]%14%10C[CH]%12%13C%14[CH][CH]%11%10CC%12C%14%13)CC6C(N7C14)[CH]58C9)C(C)C32 |$R1;;;;;;;;;;;;;;;;;;;;;;;;;;;;;;;;;;;;;;;;;$|
simeprevir_cid24873435,,,simeprevir_cid24873435.png,low,low,1.431399427274581e-20,invalid,,,,,,invalid,invalid,,False,False,False,False,,False,,,,,,,CCC(C)C123456CC789%10%11%12%13C%14%15%16%17%18%19%20%21%22%23C%24%25%26C%27%28%29(C)(C)C%14%30%31%32C%14%33%34C%35%36(C)CC%37(C)(C%38CC%38)C%38(CC%38)[CH]%38(C)(C%35)C%24%30%35%39%40O%24C%37%30%41(C)CC%25%3117%37%42%43%44%45%46%47%48%49(C2)C1[CH]%3727%25%31%50%51%52CC%37CC[CH]382(C)C[CH]497238CCCC%10%25[CH]2%11%15%4247C53%12%31%16%4329C8%17%44C1%24%26%38%324%132%50%1835(C%30%19%45)(C7%51%20%46)C%14%35%21%47C%33%27%3912(C)(C4[CH]7(C)C8[CH]4(C)(CC8%361(C)[CH]9%22%483C(C)CC%376%52)C7%282)C%34%41%29%40%23%495
simfibrate_cid5217,,,simfibrate_cid5217.png,low,low,0.06455590544534717,wrong,,Simfibrate,0.257,29,31,wrong,wrong,,False,False,False,False,0.257,False,False,15,2,,,,CC(=O)NCCCOC(=O)C(C)(C)O[C@@H]1[CH]CC(O)CC1.NC1=CC[C@@H](O)C=C1 |^1:15|
sinefungin_cid65482,,,sinefungin_cid65482.png,low,low,6.204932645758085e-06,invalid,,,,,,invalid,invalid,,False,False,False,False,,False,,,,,,,[H]OC(O)[CH]12(C(C)O)CC[CH]3(C(C)N)C[CH]45C3(C(C(C)N)CCC([CH]1(C)O)[CH]2(O)CO)[CH]4(O[H])[CH]5(O[H])C(C(O)O)C(O)C1CNC2C(C(O)O)C[CH]NC12
sm_102_cid126697616,,,sm_102_cid126697616.png,low,low,0.00518987177163318,invalid,,,,,,invalid,invalid,,False,False,False,False,,False,,,,,,,CCCCCCCCCCCOC(=O)CCCCCC1CC23C1CC21C2CC4CC(=O)(OCCCCCCCCC)=O=C(OC(CCCCCC)CCCCCCCC)CCC4C1C23
sodium_arsenite_cid443495,,,sodium_arsenite_cid443495.png,low,low,7.735964170786074e-07,wrong,,Sodium Arsenite,0.0,39,4,wrong,wrong,,False,False,False,False,0.0,False,False,121,2,,,,CCCCCCC1CC1CCCCCCCCC1CC1.CCCCCCCCCCCCCCCCCCC
sodium_butyrate_cid5222465,,,sodium_butyrate_cid5222465.png,low,low,0.5384135618903026,wrong,,Sodium Butyrate,0.0,5,7,wrong,wrong,,False,False,False,False,0.0,False,False,17,5,,[I-].[I-].[I-],,[I-].[I-].[I-].[I-].[NH2+] |^2:4|
sodium_fluoride_cid5235,,,sodium_fluoride_cid5235.png,low,low,0.06454211601292426,wrong,,Sodium Fluoride,0.0,29,2,wrong,wrong,,False,False,False,False,0.0,False,False,51,2,,,,Cc1ccc(-c2ccc(-c3ccc(-c4ccc(C(=O)O)cc4)cc3)cc2)cc1.[I-]
sodium_perborate_cid517072,,,sodium_perborate_cid517072.png,low,low,0.4837695345523815,wrong,,Sodium Perborate,0.038,11,5,wrong,wrong,,False,False,False,False,0.038,False,False,30,5,,O.O.O,,C/C=C/COCC.O.O.O.O
sodium_phenylbutyrate_cid5258,,,sodium_phenylbutyrate_cid5258.png,low,low,0.03904904202993974,wrong,,Sodium Phenylbutyrate,0.038,14,13,wrong,wrong,,False,False,False,False,0.038,False,False,16,1,,,,C[C@@H]([CH2][Rh])[C@@H]1CC2[C@H]1[C@H]1C[CH]CC[C@H]21 |^1:10|
sodium_pyruvate_cid23662274,,,sodium_pyruvate_cid23662274.png,low,low,0.008504301298370164,wrong,,Sodium pyruvate,0.028,21,7,wrong,wrong,,False,False,False,False,0.028,False,False,59,5,,Cl,,C1CC2CC12.CCC1CCC1C.CCCCCCC.Cl.Cl
sodium_selenate_cid25960,,,sodium_selenate_cid25960.png,low,low,0.1585284758810531,wrong,,Sodium Selenate,0.0,35,7,wrong,wrong,,False,False,False,False,0.0,False,False,104,14,,Cl.Cl.Cl.Cl.Cl.Cl.Cl.Cl.Cl.Cl,,CCCC(CC)(CC)CCC.CCC[Si](CC)(CC)CCC.CCl.Cl.Cl.Cl.Cl.Cl.Cl.Cl.Cl.Cl.Cl.Cl
sodium_tetrathionate_dihydrate_6ci_7ci_cid203055,,,sodium_tetrathionate_dihydrate_6ci_7ci_cid203055.png,low,low,8.39572045437626e-05,invalid,,,,,,invalid,invalid,,False,False,False,False,,False,,,,,,,CC(C)Cl.CCC(CO)(CO)CO.CCC123(CO)(CO)CCC(COC(CO)CO)C[CH]1(C2)C3O.[Na+].[Na+]
sodium_thiocyanate_cid516871,,,sodium_thiocyanate_cid516871.png,low,low,0.0167579411494294,wrong,,Sodium thiocyanate,0.0,29,4,wrong,wrong,,False,False,False,False,0.0,False,False,86,4,,,,C=CC1CC1CCCCCC.C=CCCCCC.C=CCCCCCCCC.Cl
sorangicin_a_cid657059,,,sorangicin_a_cid657059.png,low,low,7.773386335352438e-34,invalid,,,,,,invalid,invalid,,False,False,False,False,,False,,,,,,,CC[CH]12C3C4[CH]C(C)[CH]56CO[CH][CH][CH]OC1[CH]21C[CH]5(OCC6O[CH]O[CH][CH]O[CH]25O[CH]678C9O[CH]9%10(C)CC%10[CH]69%10O[CH]2976O([CH]O[CH]279C(OC%11%12%13%14%15%16%17(C)(OCCC%18C%19%20C%21[CH]%19%22(O)O[CH]%18%21%20%22)O%18%19[CH]%11%20%21%22%23%24O%11%25[CH]%20%12%26%27%28[CH]%21%13%12(O%22%14%13[CH]%11%18%26%15O%27[CH]%25%19%13%12%28%23%16)O%24%17)O2%11[CH]2%12%13O[CH]2%14%15%16O[CH]%12(O%14)(O7%15)[CH]%119%13%16)[CH]5%1086)C3[CH]41O
spiramycin_ii_cid49787020,,,spiramycin_ii_cid49787020.png,low,low,0.004131301777600157,invalid,,,,,,invalid,invalid,,False,False,False,False,,False,,,,,,,*C1CC(C)CC(O)CC(OCC)C(C)C(CC2NC(C)C(OC3CC(OC)[CH]4(OC)[CH](C)(OC)[CH]5(OC)C(C)C3[CH]45O)C(N(C)C)C2OC)C(CC(C)C)CC(C)C(OC2CCC(N(C)C)C(C)C2)CC(*)C1C |$Y;;;;;;;;;;;;;;;;;;;;;;;;;;;;;;;;;;;;;;;;;;;;;;;;;;;;;;;;;;;;;;;;;;;;;;;;Y;;$|
spirapril_cid5311447,,,spirapril_cid5311447.png,low,low,0.169674257386373,wrong,,Spirapril,0.147,28,31,wrong,wrong,,False,False,False,False,0.147,False,False,22,1,,,,[CH][C@@H]([C@@H](CCC1=CCCCC1)[C@@H](N)OCC)[C@@H](C)C1C2C3C1C2C31CCCC1 |^2:0|
stibophen_cid16683008,,,stibophen_cid16683008.png,low,low,2.641440150571456e-07,invalid,,,,,,invalid,invalid,,False,False,False,False,,False,,,,,,,O=C(O)(O)C1CC(C(O)(O)O)C[CH]2(O)([CH]O2)C1O.O=[CH2+]1(=O)(O)=O=[CH2+]O1.OC(O)(O)C1CC[CH]23O4[CH]56O2[CH]42[CH]54[CH]O62[CH]34C1.[CH2+].[CH2+]1[CH2+]2[CH2+][CH2+]1O2.[CH2+][CH2+].[CH2+][CH2+]O.[CH2+][CH2+]O.[CH2+][CH2+]O.[CH2+][CH2+]O.[CH2+][CH2+]O.[CH2+][CH2+][CH2+].[CH2+][CH2+][CH2+]
stop_cid24550,,,stop_cid24550.png,low,low,0.4477731979450409,wrong,,Stop,0.0,6,3,wrong,wrong,,False,False,False,False,0.0,False,False,22,2,,,,CCCCC.Cl
succinylcholine_chloride_cid22475,,,succinylcholine_chloride_cid22475.png,low,low,0.8141802685049665,wrong,,Succinylcholine Chloride,0.233,19,22,wrong,wrong,,False,False,False,False,0.233,False,False,15,2,,,,C[N+](C)(C)CCNCCCCNCC[N+](C)(C)C.[I-]
sulfasalazine_cid5339,,,sulfasalazine_cid5339.png,low,low,0.0003314363654116255,invalid,,,,,,invalid,invalid,,False,False,False,False,,False,,,,,,,COC(C)C1CC(O)C2[CH]C1(OC)O2.[CH]C1C2C(O)C(CC1S(O)(O)C(O)[CH]13CC4C5C6C4C5(C1)C63)O2C
sulfinpyrazone_cid5342,,,sulfinpyrazone_cid5342.png,low,low,0.0004246001530478804,invalid,,,,,,invalid,invalid,,False,False,False,False,,False,,,,,,,OC1C(CCC(O)[CH]23C=CC4C5C2C4C53)C(O)[CH]2(N1C1CC3C4C5C3C4C51)[CH]1345C[CH]2167(CCC[CH]C36)C4CCCC57
sutezolid_cid465951,,,sutezolid_cid465951.png,low,low,0.2196773845979966,wrong,,Sutezolid,0.1,23,24,wrong,wrong,,False,False,False,False,0.1,False,False,20,1,,,,[1*]C(C)C(=O)O[C@@H]1CC([C@@H]2CCC(N3CCCCC3)[C@H]([1*])C2)[C@@H](C)O1 |$R1;;;;;;;;;;;;;;;;;;;;R1;;;;$|
suvorexant_cid24965990,,,suvorexant_cid24965990.png,low,low,0.0006961942825148198,invalid,,,,,,invalid,invalid,,False,False,False,False,,False,,,,,,,[1*]C12[1*]C3C[CH]4(OC(N5CCC(C)C(C(C)C6C(C7N=CC=N7)OC7C(C)C76)CC5)OC4CC1)C32 |$R1;;R1;;;;;;;;;;;;;;;;;;;;;;;;;;;;;;;;$|
suzetrigine_cid156445116,,,suzetrigine_cid156445116.png,low,low,0.006212942058109039,invalid,,,,,,invalid,invalid,,False,False,False,False,,False,,,,,,,CC(C)CC(C(C)N(C)C1[CH]COC(C(C)N(C)C)C1)C1(C)C2C3CC(C)C(C)[CH]24C(C)C(C)CC[CH]314
taurine_cid1123,,,taurine_cid1123.png,low,low,0.4836788939277112,wrong,,Taurine,0.031,8,7,wrong,wrong,,False,False,False,False,0.031,False,False,19,1,,,,[1*]CCC(C)(C)CCN([1*])[1*] |$R1;;;;;;;;;R1;R1$|
tazarotene_cid5381,,,tazarotene_cid5381.png,low,low,0.1999617132966882,wrong,,Tazarotene,0.074,23,25,wrong,wrong,,False,False,False,False,0.074,False,False,24,1,,,,[1*]C(NCC)C1CC[C@H](C*[C@H]2CC[C@H]3CCCC(C)(C)[C@@H]3C2)NC1 |$R1;;;;;;;;;;Na16Ar;;;;;;;;;;;;;;$|
tazemetostat_cid66558664,,,tazemetostat_cid66558664.png,low,low,0.003201212596789092,invalid,,,,,,invalid,invalid,,False,False,False,False,,False,,,,,,,[1*]N(CC1C(C)CC(C)N([1*])C1O)C(=O)[CH]12C[CH]3(C4CCC(CC5CCOCC5)CC4)C[CH]4(C3C(C(C)C3CCOCC3)C14C)C2C |$R1;;;;;;;;;;R1;;;;;;;;;;;;;;;;;;;;;;;;;;;;;;;;;;;;$|
tazobactam_cid123630,,,tazobactam_cid123630.png,low,low,8.230095380281979e-05,invalid,,,,,,invalid,invalid,,False,False,False,False,,False,,,,,,,CC1C2C3(C)C(C)(C)C4(CC5CCCC5)(CC4C)[CH]4(C[CH]456(C)CC(=O5)C6C)[CH]123
tecarfarin_cid54718618,,,tecarfarin_cid54718618.png,low,low,0.02317696474398521,wrong,,Tecarfarin,0.114,33,32,wrong,wrong,,False,False,False,False,0.114,False,False,54,1,,,,CCC1[C@@H]2CCCCC2O[C@@H](O)[C@@H]1CC1CC[C@@H]([C@H](C)O[C@](C)(C(C)(C)C)C(C)(C)F)CC1
tegobuvir_cid23649154,,,tegobuvir_cid23649154.png,low,low,8.575856315667808e-10,invalid,,,,,,invalid,invalid,,False,False,False,False,,False,,,,,,,[1*]C1CCCCC1[CH]1234O[CH]56[CH]78C9%10N%11%12CC%13O1%14C(O2[CH]%1371[CH]5%14(CN9257(C[CH]9%13%14CC[CH]%15%16%17C(C9)[CH]9%18(CCC(C%13C9%15)C%11%142)[CH]%162C9CC(C([H])([H])C)C[CH]2(C(C)(C)C)[CH]9%18%17)C[CH]%1061(C5)C8%127)O3)[CH]41CCCCC1[1*] |$R1;;;;;;;;;;;;;;;;;;;;;;;;;;;;;;;;;;;;;;;;;;;;;;;;;;;;;;;;;;;;;;R1$|
telratolimod_cid56833311,,,telratolimod_cid56833311.png,low,low,0.2991042870184313,wrong,,Telratolimod,0.229,39,43,wrong,wrong,,False,False,False,False,0.229,False,False,8,1,,,,[1*][C@H](CCCCCCCCCCCCCCCCC)[N+]([H])CCCCO[N+]1CO[C@@H](C(=O)NC)[C@H]1c1ccccc1 |$R1;;;;;;;;;;;;;;;;;;;;;;;;;;;;;;;;;;;;;;;;$|
temurtide_cid76972485,,,temurtide_cid76972485.png,low,low,0.0292578732220999,invalid,,,,,,invalid,invalid,,False,False,False,False,,False,,,,,,,[1*]C.[1*]C(C(COC)OC)C(NC(C)C(=O)CC(C(C)CC)C([1*])(=O)C([1*])C(CCC(C)CC)C(O)C(C)C)C([CH]C(C)C)C(C)O |$R1;;R1;;;;;;;;;;;;;;;;;;;;;R1;;;R1;;;;;;;;;;;;;;;;;;;;$|
tenatoprazole_cid636411,,,tenatoprazole_cid636411.png,low,low,0.002928189121128661,invalid,,,,,,invalid,invalid,,False,False,False,False,,False,,,,,,,*C123OC4[CH]1(C(O)CC(O)[CH]C(N)C(C)C)NC1NC(SC)CC2[CH]143 |$R;;;;;;;;;;;;;;;;;;;;;;;;$|
terlipressin_cid72081,,,terlipressin_cid72081.png,low,low,5.616751457958347e-11,invalid,,,,,,invalid,invalid,,False,False,False,False,,False,,,,,,,C[CH]N12[CH]3(O)C(CC(=O)N(O)F)N(O)C(O)C(CC[CH]O)C(O)C4C5C67(O)[CH]89(O)O[CH]6%10%11C6OCC%12(O)C(CC%13%14%15CCC%16%17=C%18C%19[CH]1%20%21C(O%16C=%17%18C%13C%14C%15(=O)O)[CH]%1921(C3O)C%20(=O)N23CCC[CH]2(C(=O)C(C)O)N2(CCCC2)C3%211=O)[CH]47(N8%10O)[CH]5%12(O)C[CH]9%111CC234=CC(=C(NO)C=C2)C=32=C(C=CC(NO)=C2)C641
terodiline_cid23480,,,terodiline_cid23480.png,low,low,0.01857579806041725,invalid,,,,,,invalid,invalid,,False,False,False,False,,False,,,,,,,CCCC(C1[CH]CCCC1)[CH]12C3CC4CC15C4C2C35
tertatolol_cid36920,,,tertatolol_cid36920.png,low,low,0.008970221462586025,invalid,,,,,,invalid,invalid,,False,False,False,False,,False,,,,,,,CC(C)C(C)(C)C.CCC1CC1C.CCCCCC.CN.C[CH]CCCCCC1[CH]23C[CH]1(C2)C3
thebaine_cid5324289,,,thebaine_cid5324289.png,low,low,0.003566308747816863,invalid,,,,,,invalid,invalid,,False,False,False,False,,False,,,,,,,CC[CH]12C3C4C56[CH]78[CH]19C1C%10(C)C[CH]127(C3OC)[CH]591[CH]%10(C)[CH]C2(O)CC3C[CH]326[CH]481
thiocillin_cid5282053,,,thiocillin_cid5282053.png,low,low,4.659077654070637e-27,invalid,,,,,,invalid,invalid,,False,False,False,False,,False,,,,,,,<invalid>
thiothixene_cid941651,,,thiothixene_cid941651.png,low,low,0.02080004396982744,invalid,,,,,,invalid,invalid,,False,False,False,False,,False,,,,,,,CC1C[CH]2(CCC(C)(O)C(C)C)C1CC1CC[CH]CC1C2C(O)CCN1CCN(C)CC1
tiapride_cid5467,,,tiapride_cid5467.png,low,low,0.09484293720367473,wrong,,Tiapride,0.186,20,22,wrong,wrong,,False,False,False,False,0.186,False,False,17,1,,,,[10*][C@H](C([H])CCN(CC)CC)[C@H]1CC(S([H])(C)C)C=C[C@@H]1OC |$R10;;;;;;;;;;;;;;;;;;;;;;$|
tilidine_cid30131,,,tilidine_cid30131.png,low,low,7.86393941734106e-17,invalid,,,,,,invalid,invalid,,False,False,False,False,,False,,,,,,,CCN1C2CCCC3456789%10%11C%12%13%14%15C3%16[CH]3%17%18%19C%20[CH]%21%22%23%24CC%25C%26C%27C(C%25%26%27)[CH]%12%214%25[CH]%13%2254(C3[CH]%20%1635%12%13%21(C[CH]%16(CC(C6)C%163)C[CH]57(C%12)[CH]%14%17%23%254%138C%18%24%219)C%15%19%10)[CH]21%11
tiopronin_cid5483,,,tiopronin_cid5483.png,low,low,0.5096597325930243,wrong,,Tiopronin,0.135,16,10,wrong,wrong,,False,False,False,False,0.135,False,False,31,5,,O.O.O,,COC(C)CC(C)CC(C)CO.O.O.O.O
tipifarnib_cid159324,,,tipifarnib_cid159324.png,low,low,0.01116733316246103,invalid,,,,,,invalid,invalid,,False,False,False,False,,False,,,,,,,CC[NH2+](C)C1C(C)[CH]C(C(C(C)C)(C2[CH]CC(O)=CC2)[CH]23CC4C(CC42)N3C)CC1C(C)C1C=CCC(O)C1
tirapazamine_cid135413511,,,tirapazamine_cid135413511.png,low,low,0.123252836517024,wrong,,Tirapazamine,0.02,15,13,wrong,wrong,,False,False,False,False,0.02,False,False,33,1,,,,CC(C)[C@@H]1CN(C)[C@@H]2CCCC[C@@H]2[C@H]1C
tirbanibulin_cid23635314,,,tirbanibulin_cid23635314.png,low,low,0.1432098831402122,wrong,,Tirbanibulin,0.115,32,32,wrong,wrong,,False,False,False,False,0.115,False,False,24,1,,,,*[C@H](C[C@@H]1C=CC=CC1)[C@@H](C)C[C@@H]1[CH]C[C@@H](C2=CC=C(OCCC3CCOCC3)CC2)CC1 |$R;;;;;;;;;;;;;;;;;;;;;;;;;;;;;;;;$|
tixocortol_pivalate_cid15052414,,,tixocortol_pivalate_cid15052414.png,low,low,0.02640096592428728,invalid,,,,,,invalid,invalid,,False,False,False,False,,False,,,,,,,CC(C)(C)C(=O)[CH]CC(=O)(=O)C12(C)CC3C14C31(C)C3(C)CCC5CC(O)CCC5(C)C3(C)C(CO)CC412C
tolfenamic_acid_cid610479,,,tolfenamic_acid_cid610479.png,low,low,0.0003433331239266263,invalid,,,,,,invalid,invalid,,False,False,False,False,,False,,,,,,,CC1[CH]2(C)C3=C4CCCC3[CH]412.[12*]C1CCCCC1C.[CH2+].[CH2+]C1CC(C)C1[CH2+] |$;;;;;;;;;;;R12;;;;;;;;;;;;;;;$|
tolnaftate_cid5510,,,tolnaftate_cid5510.png,low,low,0.1993445510021472,invalid,,,,,,invalid,invalid,,False,False,False,False,,False,,,,,,,O=C(NC1[CH][CH]23CCCC[CH]2(CCCC3)CC1)NC1CCC2CC1C2
tomatine_cid28523,,,tomatine_cid28523.png,low,low,4.287344597658765e-06,invalid,,,,,,invalid,invalid,,False,False,False,False,,False,,,,,,,[10*]OC1[CH]OC2N(C(CO)C(OC)C([CH]O[CH])OC3OCC(CO)C(OC)C3OC)C2(O)[CH]O[CH]23O4[CH]56CC78(O)C9%10C%11%12C7%13C97%14CC%10%139(O)C[CH]4%10C5(CC89(C)C458C9C%13%15%16C4C94%17C%139%18%19%20%21CC%154%13%22%23%24%25C9C%16%17%1349(C%18%22)C%19%23%13%15CC%204%24(C%13)C%15([H])(OCCC[CH]C)CC%219%254(C)(CC%11754)C%12%148C)C([CH]12OC)O6%103 |$R10;;;;;;;;;;;;;;;;;;;;;;;;;;;;;;;;;;;;;;;;;;;;;;;;;;;;;;;;;;;;;;;;;;;;;;;;;;;;;;;;;;;;;;;$|
torcetrapib_cid159325,,,torcetrapib_cid159325.png,low,low,0.0005447899956482002,invalid,,,,,,invalid,invalid,,False,False,False,False,,False,,,,,,,C[CH]C(O)N(CC1CC(C(F)(F)F)CC(C(F)(F)F)C1)C1CC(CC)OC2CC[CH]34C5C([CH][CH]215)C3(C)(F)FC4(C)(F)F
toremifene_cid3005573,,,toremifene_cid3005573.png,low,low,0.00838134919754417,invalid,,,,,,invalid,invalid,,False,False,False,False,,False,,,,,,,CCCC1(C(C(C)CCC(C)CCCC(C)C)C2[CH]CCCC2)C2C3[CH]CCC2[CH]312[CH]CC[CH]C2
trans_diamminedichloroplatinum_cid441203,,,trans_diamminedichloroplatinum_cid441203.png,low,low,0.3166500805288558,wrong,,trans-Diamminedichloroplatinum,0.0,28,5,wrong,wrong,,False,False,False,False,0.0,False,False,78,6,,Cl.Cl,,CC(C)(C)C.CC(CO)CC(C)(C)C.CCC(C)(CO)CC(C)(C)C.Cl.Cl.Cl
trapidil_cid5531,,,trapidil_cid5531.png,low,low,0.02048565422388959,wrong,,Trapidil,0.105,14,15,wrong,wrong,,False,False,False,False,0.105,False,False,10,1,,,,CCN(C)[C@@H]1CC(C)N[C@H]2NC[CH][C@H]21 |^1:12|
tribendimidine_cid3086564,,,tribendimidine_cid3086564.png,low,low,0.0001987460873271374,invalid,,,,,,invalid,invalid,,False,False,False,False,,False,,,,,,,[1*]C12(=O)(NC(C)CCC(C)CC(C)C(C)C)=O3C45=C=167=C318C3[CH]9%10C(O)=O=C(=O)(O)[CH]3%11(C=C6C=241=C7=C9%11)C5%108 |$R1;;;;;;;;;;;;;;;;;;;;;;;;;;;;;;;;;;$|
trichlorfon_cid5853,,,trichlorfon_cid5853.png,low,low,0.05899772135417328,invalid,,,,,,invalid,invalid,,False,False,False,False,,False,,,,,,,COC12(O)CC3(O)OC(O)(O)(C1)C3O2
trichloroethylene_cid6575,,,trichloroethylene_cid6575.png,low,low,0.585769890596862,wrong,,Trichloroethylene,0.091,9,5,wrong,wrong,,False,False,False,False,0.091,False,False,21,2,,,,CC/C=C/C=C/CO.[I-]
triflusal_cid9458,,,triflusal_cid9458.png,low,low,0.003461949870272067,invalid,,,,,,invalid,invalid,,False,False,False,False,,False,,,,,,,[1*]CC[CH]123CC4C(CC1C(C)C2=CCC([H])([H])[H])[CH]([H])([H])CCC43 |$R1;;;;;;;;;;;;;;;;;;;;;;;$|
trimegestone_cid68926,,,trimegestone_cid68926.png,low,low,0.2195043063537715,wrong,,Trimegestone,0.09,23,25,wrong,wrong,,False,False,False,False,0.09,False,False,14,1,,,,[1*]C[C@@H](C)[C@@H](C)C(C)C(C)CC[C@@H]1C(C)CCC2C[C@H](O)CCC21 |$R1;;;;;;;;;;;;;;;;;;;;;;;$|
trimeprazine_cid5574,,,trimeprazine_cid5574.png,low,low,0.2528883289690372,wrong,,(+-)-Trimeprazine,0.131,18,21,wrong,wrong,,False,False,False,False,0.131,False,False,10,1,,,,"CC(C)CC1C[C@@H]2[CH]N(C3[CH]CCCC3)CCC12 |^1:7,10|"
tripropeptin_c_cid58960776,,,tripropeptin_c_cid58960776.png,low,low,1.420629705840157e-14,invalid,,,,,,invalid,invalid,,False,False,False,False,,False,,,,,,,[H]CC1CC[CH]2(O)C1O[CH]13O[CH]4567[CH]89%10(C(O)[CH]%11(O)C%12[CH]%13(C(O)C=O)C(O)C([H])[CH]C(O)[CH]%12%11%13C)O[CH]84%11%12%13C4[CH]8(O)C(O)[CH]1(O)[CH]3(CC1(=O=C1)C1CC(C)(C[H])C3C(CCCCCCCCCCC(C)C)[CH]312)C(O)[CH]12(C(=O)O)[CH]5%113%14(C)[CH](C)(C5CCCC5C(=O)O)C1963%12(C)(O)[CH]482%107%14%13O
trofosfamide_cid65702,,,trofosfamide_cid65702.png,low,low,0.3074225167761953,wrong,,Trofosfamide,0.038,10,17,wrong,wrong,,False,False,False,False,0.038,False,False,12,1,,,,*CC[NH+](CC)[Si]([H])([H])NCCC |$Ph;;;;;;;;;;;;$|
trospium_chloride_cid5284631,,,trospium_chloride_cid5284631.png,low,low,5.004135250176117e-06,invalid,,,,,,invalid,invalid,,False,False,False,False,,False,,,,,,,*C1[CH]C12(C1[CH][CH][CH]C[CH]1)(C1[CH]C(C)C1C)[CH]13[CH][CH]12(O)C3.Cl.[CH][CH]12([CH][CH][CH][CH]1)C1(C)CCN2(C)CC(O)C1 |$R;;;;;;;;;;;;;;;;;;;;;;;;;;;;;;;;;;;;;$|
tryparsamide_cid23665572,,,tryparsamide_cid23665572.png,low,low,2.117008381742995e-09,invalid,,,,,,invalid,invalid,,False,False,False,False,,False,,,,,,,[11*]N([11*])C(=O)CC1[CH]N([11*])(CC(=O)N([11*])[11*])[CH]23CC[CH]45678C9%10C2C1C1[CH]42%11(C4[CH2+]O4)[CH]94[CH]259([CH])O[CH]62([11*])(O)C%10[CH]27C3[CH]149%118 |$R11;;R11;;;;;;;R11;;;;;R11;R11;;;;;;;;;;;;;;;;;;R11;;;;;$|
tucaresol_cid55223,,,tucaresol_cid55223.png,low,low,0.001435153544026837,invalid,,,,,,invalid,invalid,,False,False,False,False,,False,,,,,,,[10*]OCC[CH]12CCC1C(NCN1CC3C4(C(O)CO)C5C1C4[CH]35C(=O)OC)C2 |$R10;;;;;;;;;;;;;;;;;;;;;;;;;;;$|
tucidinostat_cid12136798,,,tucidinostat_cid12136798.png,low,low,0.0690321325193861,invalid,,,,,,invalid,invalid,,False,False,False,False,,False,,,,,,,[1*]C(C(=O)C(C)CC(=O)C=C[CH]C(=O)C(=O)C1CCC(C)CC1N(C)C)C([1*])C1C=CC=CC1.[1*]C(C(=O)C1C=CC2=CC1C=2)C(C)C(C)C |$R1;;;;;;;;;;;;;;;;;;;;;;;;;;;R1;;;;;;;R1;;;;;;;;;;;;;;;$|
umbralisib_cid72950888,,,umbralisib_cid72950888.png,low,low,9.664986152892626e-16,invalid,,,,,,invalid,invalid,,False,False,False,False,,False,,,,,,,*C123C45=C6789%10=C1%11=C=41%12%13(C6C4[CH]71C1[CH]2(OC(C)C)C5%11(*)[CH]413OC(C)C)[CH]8123CN4567N8[CH]4%11%14(C[CH]%1154(C)CC5[CH]%11(O)C%15[CH]%16%17%18C%11[CH]%15%11%19C%16[CH]5(C(C(=O)CC[CH]C)C4C)(C%17%11)C%18%19)O64[CH]9%1256[CH]19%11%12%15%16[CH]1%17%18%19%20N%21([1*])CN1([1*])(C)[CH]%2191%22%23%24%25%26C9%21[CH]%27%28N%29[CH]9%30%31%32%33(N9[CH]%34(N%30[CH]%299%147%11%30[CH]25%17%1217[CH]84%10%13%15[CH]36%18%30%167%22)(N%27%31%23)[CH]%19%32%24[CH]%34%20%33%25)[CH]%21%28%26 |$R;;;;;;;;;;;;;;;;R;;;;;;;;;;;;;;;;;;;;;;;;;;;;;;;;;;;;;;;;R1;;;R1;;;;;;;;;;;;;;;;;$|
uracil_mustard_cid6194,,,uracil_mustard_cid6194.png,low,low,0.3607226509434082,wrong,,Uracil Mustard,0.016,16,15,wrong,wrong,,False,False,False,False,0.016,False,False,25,1,,,,[11*]CC[C@H](CCCN)[C@H](CO[11*])[C@@H](O)C([11*])C(C)O |$R11;;;;;;;;;;;R11;;;;R11;;;$|
urapidil_cid5639,,,urapidil_cid5639.png,low,low,0.01429520424225273,invalid,,,,,,invalid,invalid,,False,False,False,False,,False,,,,,,,*C(CCCC1CCC([CH]23CC4C56C[CH]4(C5C2)C6C3OC)CC1)C1CC(C)C(C)C(C)N1 |$E;;;;;;;;;;;;;;;;;;;;;;;;;;;;;;;$|
valnemulin_cid9850878,,,valnemulin_cid9850878.png,low,low,0.0404460152903899,invalid,,,,,,invalid,invalid,,False,False,False,False,,False,,,,,,,CCC1C(C)C234CCCCC(C(OC(=O)CCC(C)(C)(C)(C)CNCC(NC)C(C)C)C(C)[CH]2(C)[CH](O)(CC3)C4C)C1(C)CC
valrubicin_cid454216,,,valrubicin_cid454216.png,low,low,0.02067332523091198,wrong,,Valrubicin,0.177,55,51,wrong,wrong,,False,False,False,False,0.177,False,False,52,1,,,,*C[C@@H]1[C@@H]2C[C@@](CO)([C@@H](O)CO[C@H](O)CCCC)C[C@H](O[C@H]3CC([C@H](O)[C@@H](O)C(C)(C)C)[C@H](OC)C(C)O3)[C@@H]2C(OC)[C@H]2[C@H]1[C@@H](O)C1CCC[C@@H](OC)C1[C@H]2O |$R;;;;;;;;;;;;;;;;;;;;;;;;;;;;;;;;;;;;;;;;;;;;;;;;;;;;;;;$|
vanzacaftor_cid139399801,,,vanzacaftor_cid139399801.png,low,low,9.253406194645223e-10,invalid,,,,,,invalid,invalid,,False,False,False,False,,False,,,,,,,CC1CC(C([CH]O)O[CH]CC23=C4=C=2=C3[CH]4235NC2C32C34C6C[N+]789%10%11%12CCC%13%14%15%16%17(C)(C)CC%18%19(C)C7%13C7%13(C)(C%14)C%15C8%14C%187%16C9[N+]%14%10(C)(C%11C3C62N45)C%19%13%12%17)CNC1N1CCC(CCCC2C3456CC37C43C5C27364CC4)N1
vecabrutinib_cid72547837,,,vecabrutinib_cid72547837.png,low,low,0.003928457291031568,wrong,,Vecabrutinib,0.04,36,36,wrong,wrong,,False,False,False,False,0.04,False,False,59,1,,,,*C1[C@@H](N(*)[C@H]2CC3OC[C@H]3[C@@H](C([H])([H])[H])C2)CCC[NH+]1[C@@H]1C[C@H]([C@@H]2CC[C@H](C)[C@H](C)C2C)CC[C@@H]1[C@H](C)C(C)C |$R;;;;R;;;;;;;;;;;;;;;;;;;;;;;;;;;;;;;;;;;;$|
vecuronium_bromide_cid39764,,,vecuronium_bromide_cid39764.png,low,low,0.3880859631198142,wrong,,Vecuronium Bromide,0.23,45,41,wrong,wrong,,False,False,False,False,0.23,False,False,27,2,,,,CC(=O)O[C@H]1[C@@](C)([N+]2(C)CCCCC2)C[C@]2(C)[C@]3(C)CC[C@@]4(C)C[C@@H](CC(C)C)[C@@H](C5CCCCC5)C[C@]4(C)C3CC[C@]12C.[I-]
vernakalant_hydrochloride_cid9930048,,,vernakalant_hydrochloride_cid9930048.png,low,low,0.3310943839811207,wrong,,Vernakalant Hydrochloride,0.139,25,26,wrong,wrong,,False,False,False,False,0.139,False,False,16,3,[H],,,COC1CCC(CCC[C@@H]2CCCC[C@H]2[C@H]2CC[C@@H](OC)C2)CC1.O.[H] |^1:25|
vesatolimod_cid46241268,,,vesatolimod_cid46241268.png,low,low,0.08148849879372358,wrong,,Vesatolimod,0.147,33,30,wrong,wrong,,False,False,False,False,0.147,False,False,33,1,,,,CCCCCCC[C@@H]1[C@H](C(=O)N(C)C)N(C)[C@H](C)CN1C[C@@H]1CCCC(CN2CCCC2)C1
vidofludimus_cid9820008,,,vidofludimus_cid9820008.png,low,low,0.06500989602194603,invalid,,,,,,invalid,invalid,,False,False,False,False,,False,,,,,,,*C(O)C1CCCC1C(O)N([10*])[CH]12CC[CH](C3CCC=C([11*])C3)(CC1)CC2[1*] |$HO2C;;;;;;;;;;;R10;;;;;;;;;;R11;;;;;;R1$|
vigabatrin_cid5665,,,vigabatrin_cid5665.png,low,low,0.3643187945617307,invalid,,,,,,invalid,invalid,,False,False,False,False,,False,,,,,,,*CCCCC1(N(C)C)C2C[CH]21C |$R;;;;;;;;;;;;$|
vistusertib_cid25262792,,,vistusertib_cid25262792.png,low,low,0.00826173912422477,invalid,,,,,,invalid,invalid,,False,False,False,False,,False,,,,,,,*C(C1CC[CH]C(C2CCC3[CH]C[CH]4(N5CCOCC5C)C[CH]3(O2)C4C(C[CH]N2CCOCC2C)N2CCOCC2C)C1)N(C)C |$R;;;;;;;;;;;;;;;;;;;;;;;;;;;;;;;;;;;;;;;;;;;;;$|
voglibose_cid444020,,,voglibose_cid444020.png,low,low,0.001218431034967217,invalid,,,,,,invalid,invalid,,False,False,False,False,,False,,,,,,,*CC1C(O*)C2O(*)[CH]2(OC(CC)C[SH][Ac])CC([O][Ac])[CH]1([O][Ac])C(C[H])C(OC)C(C[SH]*)OC |$A;;;;;A;;;A;;;;;;;;;;;;;;;;;;;;;;;;;A;;$|
volasertib_cid10461508,,,volasertib_cid10461508.png,low,low,0.01335331707969552,invalid,,,,,,invalid,invalid,,False,False,False,False,,False,,,,,,,[1*]C(C1=CC(OC)C(C(=O)C2=NCC3[CH]45C[CH]3(C4)(C5)C(=O)[CH]34(CC)C(=O)[CH]35C3C(N2)[CH]542C(C)(C)CC32C)C=C1)N([H])C1CCC(N2CCN(CC3CC3)CC2)CC1 |$R1;;;;;;;;;;;;;;;;;;;;;;;;;;;;;;;;;;;;;;;;;;;;;;;;;;;;;;;;$|
xanomeline_cid60809,,,xanomeline_cid60809.png,low,low,0.3372187694996531,wrong,,Xanomeline,0.246,19,19,wrong,wrong,,False,False,False,False,0.246,False,False,13,1,,,,CCCCCCO[C@@H]1NCC[C@@H]1[C@H]1CCCN(C)C1
xemilofiban_cid60957,,,xemilofiban_cid60957.png,low,low,0.0001423484093220889,invalid,,,,,,invalid,invalid,,False,False,False,False,,False,,,,,,,O.[1*]C(C(C)CCC(C)C(N[CH])C([H])C)C(=O)(=O)CC.[CH]C1[CH]234C([CH][CH]O)C2(OCC)=O=C(=O)(NCC)[CH][CH]1256(C)C[CH]32(C5)C46 |$;R1;;;;;;;;;;;;;;;;;;;;;;;;;;;;;;;;;;;;;;;;;;$|
ximelagatran_cid9574101,,,ximelagatran_cid9574101.png,low,low,0.3610399504890057,invalid,,,,,,invalid,invalid,,False,False,False,False,,False,,,,,,,CCCC(C)CC(C)C(C(=O)C1CCC1C(=O)NCC1CCC([CH](=NOC)N(C)C)CC1)C1CCCCC1
zandelisib_cid66571003,,,zandelisib_cid66571003.png,low,low,0.1122021376355685,wrong,,Zandelisib,0.151,40,42,wrong,wrong,,False,False,False,False,0.151,False,False,24,1,,,,*C(C)C1N[C@@H]2CC=CC[C@@H]2N1C1NC(N2CCCCC2)=N[C@H](N([H])C(C)(C)C[C@@H]2CCCC[C@@H]2C2CCN(*)CC2)N1 |$Y;;;;;;;;;;;;;;;;;;;;;;;;;;;;;;;;;;;;;;;Y;;;$|
zb_716_cid126480615,,,zb_716_cid126480615.png,low,low,0.001405447803461289,invalid,,,,,,invalid,invalid,,False,False,False,False,,False,,,,,,,[10*]CC(C[10*])C1C=CC2=C(CC(CCCCCCCCCC(C)CCCC(C)C(F)(F)F)C34([H])C25([H])CCC2678(C)C(C5)C59%10(C)[CH]2(C[10*])OC2[CH]356%11[CH]97(C[10*])OCC24%10%118[H])O1 |$R10;;;;R10;;;;;;;;;;;;;;;;;;;;;;;;;;;;;;;;;;;;;;;;;;R10;;;;;;R10;;;;;$|
zeranol_cid2999413,,,zeranol_cid2999413.png,low,low,0.004176398205537338,invalid,,,,,,invalid,invalid,,False,False,False,False,,False,,,,,,,COC1CCCCCC2CC(OC)CC(OC)[CH]23C2C[CH]34CC(C)CC(C1)C24
zoldonrasib_cid168201327,,,zoldonrasib_cid168201327.png,low,low,1.10516531703219e-09,invalid,,,,,,invalid,invalid,,False,False,False,False,,False,,,,,,,[H]C1(C)CCCC234567C[N+]89%10%11%12%13(CCC[CH]%14(CCC8[N+]8%15%16%17(C9)C%10C9OC%10%18(C2[CH]2%19%20%21(C(=O)O)C%103[CH]3(C2(=O)O)[CH]%192%10OC32%20(O)[CH]%10%21(O)C(=O)C(NCC23CCN(C(=O)C%10C(C)C%10%19C%10%20C%21%22C%19%23%24C%19C%10%21%23C%19%20%22%24)C2C3)C2CCCC2)(C84%11)C%1552C9%16%12C2%18%176%13)C(CC(C)(C)C)=N[CH]2(CC3(COCC1O)C[CH](C)(C)C32)C%14C)CCO7
zuclopenthixol_cid5311507,,,zuclopenthixol_cid5311507.png,low,low,0.1663768607324043,wrong,,Zuclopenthixol,0.035,26,27,wrong,wrong,,False,False,False,False,0.035,False,False,27,1,,,,*C1C[CH][C@@H]2CC3CC=CC[C@@H]3[C@@H]([C@H](*)CCC3CCC(CCC)CC3)[C@@H]2C1 |$R;;;;;;;;;;;;;;R;;;;;;;;;;;;;$|
