group,figure,segment,file_name,tier,tier_by_threshold,confidence,verdict,matched_name,closest_name,closest_tanimoto,pred_heavy,closest_heavy,grade,grade_largest,graded_match,decoded,dephantom,dedup,largest,best_tanimoto,skeleton_match,formula_match,elem_delta,n_fragments,phantom_frags,duplicate_frags,dropped_by_largest,smiles
15_crown_5_cid36336,,,15_crown_5_cid36336.png,high,high,0.8917949723459758,exact,15-Crown-5,15-Crown-5,1.0,15,15,exact,exact,15-Crown-5,False,False,False,False,1.0,True,True,0,1,,,,C1COCCOCCOCCOCCO1
18_crown_6_cid28557,,,18_crown_6_cid28557.png,high,high,0.8864897665797619,exact,18-Crown-6,18-Crown-6,1.0,18,18,exact,exact,18-Crown-6,False,False,False,False,1.0,True,True,0,1,,,,C1COCCOCCOCCOCCOCCO1
1_butyl_3_methylimidazolium_chloride_cid2734161,,,1_butyl_3_methylimidazolium_chloride_cid2734161.png,high,high,0.9042373744762936,exact,1-Butyl-3-methylimidazolium chloride,1-Butyl-3-methylimidazolium chloride,1.0,11,11,exact,exact,1-Butyl-3-methylimidazolium chloride,False,False,False,False,1.0,True,True,0,2,,,,CCCCn1cc[n+](C)c1.[Cl-]
1_methyl_4_prop_1_en_2_ylcyclohexene_cid22311,,,1_methyl_4_prop_1_en_2_ylcyclohexene_cid22311.png,high,high,0.8754996289701176,exact,1-Methyl-4-Prop-1-En-2-Ylcyclohexene,1-Methyl-4-Prop-1-En-2-Ylcyclohexene,1.0,10,10,exact,exact,1-Methyl-4-Prop-1-En-2-Ylcyclohexene,False,False,False,False,1.0,True,True,0,1,,,,[H]C1(C(=C)C)CC=C(C)CC1
1h_pyrrole_1_carboxamide_3_ethyl_2_5_dihydro_4_methyl_n_2_4__cid3476,,,1h_pyrrole_1_carboxamide_3_ethyl_2_5_dihydro_4_methyl_n_2_4__cid3476.png,high,high,0.9054492190262314,exact,"1H-Pyrrole-1-carboxamide, 3-ethyl-2,5-dihydro-4-methyl-N-2-4-(trans-4-methylcyclohexyl)aminocarbonylaminosulfonylphenylethyl-2-oxo-","1H-Pyrrole-1-carboxamide, 3-ethyl-2,5-dihydro-4-methyl-N-2-4-(trans-4-methylcyclohexyl)aminocarbonylaminosulfonylphenylethyl-2-oxo-",1.0,34,34,exact,exact,"1H-Pyrrole-1-carboxamide, 3-ethyl-2,5-dihydro-4-methyl-N-2-4-(trans-4-methylcyclohexyl)aminocarbonylaminosulfonylphenylethyl-2-oxo-",False,False,False,False,1.0,True,True,0,1,,,,CCC1=C(C)CN(C(=O)NCCc2ccc(S(=O)(=O)NC(=O)NC3CCC(C)CC3)cc2)C1=O
5_adp_cid6022,,,5_adp_cid6022.png,high,high,0.8586449380435089,wrong,,5'-Adp,1.0,27,27,exact,exact,5'-Adp,False,True,False,False,1.0,False,False,5,6,[H].[H].[H].[H].[H],,,"Nc1ncnc2c1ncn2[C@@H]1O[C@H](COP(=O)(O)OP(=O)(O)O)[C@@H](O)[C@H]1O.[H].[H].[H].[H].[H] |^1:27,28,29,30,31|"
5_aminosalicylic_acid_cid4075,,,5_aminosalicylic_acid_cid4075.png,high,high,0.8730199290842691,wrong,,5-Aminosalicylic Acid,0.957,11,11,exact,exact,5-Aminosalicylic Acid,False,True,False,False,1.0,False,False,1,2,[H],,,[H].[H]Nc1ccc(O)c(C(=O)O[H])c1 |^1:0|
5_atp_cid5957,,,5_atp_cid5957.png,high,high,0.8532466638061732,wrong,,5'-Atp,1.0,31,31,exact,exact,5'-Atp,False,True,False,False,1.0,False,False,4,5,[H].[H].[H].[H],,,"Nc1ncnc2c1ncn2[C@@H]1O[C@H](COP(=O)(O)OP(=O)(O)OP(=O)(O)O)[C@@H](O)[C@H]1O.[H].[H].[H].[H] |^1:31,32,33,34|"
5_fluorouracil_cid3385,,,5_fluorouracil_cid3385.png,high,high,0.8572857373147436,wrong,,5-Fluorouracil,0.95,9,9,exact,exact,5-Fluorouracil,False,True,False,False,1.0,False,False,1,2,[H],,,O=c1[nH]cc(F)c(=O)[nH]1.[H] |^1:9|
6_mercaptopurine_cid667490,,,6_mercaptopurine_cid667490.png,high,high,0.8709838098696108,exact,6-Mercaptopurine,6-Mercaptopurine,1.0,10,10,exact,exact,6-Mercaptopurine,False,False,False,False,1.0,True,True,0,1,,,,[H]n1cnc(=S)c2[nH]cnc21
abemaciclib_cid46220502,,,abemaciclib_cid46220502.png,high,high,0.9178268288817042,exact,Abemaciclib,Abemaciclib,1.0,37,37,exact,exact,Abemaciclib,False,False,False,False,1.0,True,True,0,1,,,,CCN1CCN(Cc2ccc(Nc3ncc(F)c(-c4cc(F)c5nc(C)n(C(C)C)c5c4)n3)nc2)CC1
acalabrutinib_cid71226662,,,acalabrutinib_cid71226662.png,high,high,0.8551042316788703,exact,Acalabrutinib,Acalabrutinib,1.0,35,35,exact,exact,Acalabrutinib,False,False,False,False,1.0,True,True,0,1,,,,[H]Nc1nccn2c([C@]3([H])CCCN3C(=O)C#CC)nc(-c3ccc(C(=O)Nc4ccccn4)cc3)c12
acetaminophen_cid1983,,,acetaminophen_cid1983.png,high,high,0.9031301784351417,wrong,,Acetaminophen,0.952,11,11,exact,exact,Acetaminophen,False,True,False,False,1.0,False,False,2,2,[HH],,,CC(=O)Nc1ccc(O)cc1.[HH]
acetic_acid_cid176,,,acetic_acid_cid176.png,high,high,0.8487448505641335,wrong,,Acetic Acid,0.875,4,4,exact,exact,Acetic Acid,False,True,False,False,1.0,False,False,1,2,[H],,,CC(=O)O.[H] |^1:4|
acetone_d6_cid522220,,,acetone_d6_cid522220.png,high,high,0.8721276846145106,exact,Acetone-D6,Acetone-D6,1.0,4,4,exact,exact,Acetone-D6,False,False,False,False,1.0,True,True,0,1,,,,[2H]C([2H])([2H])C(=O)C([2H])([2H])[2H]
acetylglucosamine_cid1738118,,,acetylglucosamine_cid1738118.png,high,high,0.8534923669804947,wrong,,Acetylglucosamine,0.964,15,15,exact,exact,Acetylglucosamine,False,True,False,False,1.0,False,False,4,5,[H].[H].[H].[H],,,"[H].[H].[H].[H].[H]C(=O)[C@H](NC(C)=O)[C@@H](O)[C@H](O)[C@H](O)CO |^1:0,1,2,3|"
aclidinium_cid11434515,,,aclidinium_cid11434515.png,low,low,0.6246913016333854,invalid,,,,,,invalid,invalid,,False,False,False,False,,False,,,,,,,O=C(OC1CC23CC2N32(CCCOC3=CC=CC=C3)CCC12)C(O)(C1=CC=CS1)C1=CC=CS1
adenosine_monophosphate_cid6083,,,adenosine_monophosphate_cid6083.png,high,high,0.875151490928432,wrong,,Adenosine Monophosphate,1.0,23,23,exact,exact,Adenosine Monophosphate,False,True,False,False,1.0,False,False,4,5,[H].[H].[H].[H],,,"[H].[H].[H].[H].[H]O[C@H]1[C@@H](O)[C@H](n2cnc3c(N)ncnc32)O[C@@H]1COP(=O)(O)O |^1:0,1,2,3|"
aldosterone_cid5839,,,aldosterone_cid5839.png,low,low,0.5747534176217324,wrong,,Aldosterone,1.0,26,26,exact,exact,Aldosterone,False,True,False,False,1.0,False,False,1,2,[H],,,[H].[H]O[C@H]1C[C@]2(C([H])=O)[C@@H](C(=O)CO)CC[C@@]2([H])[C@]2([H])CCC3=CC(=O)CC[C@]3(C)[C@@]12[H] |^1:0|
allicin_cid65036,,,allicin_cid65036.png,high,high,0.8628935924680087,exact,Allicin,Allicin,1.0,9,9,exact,exact,Allicin,False,False,False,False,1.0,True,True,0,1,,,,C=CCSS(=O)CC=C
alpha_cyclodextrin_cid444913,,,alpha_cyclodextrin_cid444913.png,low,low,0.007953397039319443,invalid,,,,,,invalid,invalid,,False,False,False,False,,False,,,,,,,O.[H].[H].[H]OC[CH]12OC3([H])OC([H])C(O)C(O)C([H])OC([H])[CH]45O[H]O[CH]46O([H])C5C6([H])OC4([H])C(CO)OC([H])(OC5([H])C(CO)OC6([H])OC7([H])C(CO)OC([H])(OC1([H])C(CO)O32)C(O[H])C7O[H]OC6C5O)C(O)C4O.[H]O[CH]
alpha_tocopherol_cid14985,,,alpha_tocopherol_cid14985.png,high,high,0.902199599532541,exact,alpha-Tocopherol,alpha-Tocopherol,1.0,31,31,exact,exact,alpha-Tocopherol,False,False,False,False,1.0,True,True,0,1,,,,[H]Oc1c(C)c(C)c2c(c1C)CC[C@@](C)(CCC[C@H](C)CCC[C@H](C)CCCC(C)C)O2
alprazolam_cid2118,,,alprazolam_cid2118.png,high,high,0.8966389508731667,exact,Alprazolam,Alprazolam,1.0,22,22,exact,exact,Alprazolam,False,False,False,False,1.0,True,True,0,1,,,,Cc1nnc2n1-c1ccc(Cl)cc1C(c1ccccc1)=NC2
alvelestat_cid46861623,,,alvelestat_cid46861623.png,high,high,0.9161938774887761,exact,Alvelestat,Alvelestat,1.0,38,38,exact,exact,Alvelestat,False,False,False,False,1.0,True,True,0,1,,,,Cc1c(-c2ccnn2C)cc(C(=O)NCc2ccc(S(C)(=O)=O)cn2)c(=O)n1-c1cccc(C(F)(F)F)c1
amantadine_cid2130,,,amantadine_cid2130.png,low,low,0.5468708272724171,exact,Amantadine,Amantadine,1.0,11,11,exact,exact,Amantadine,False,False,False,False,1.0,True,True,0,1,,,,[H]NC12CC3CC(CC(C3)C1)C2
amiodarone_cid2157,,,amiodarone_cid2157.png,high,high,0.8966236699014463,exact,Amiodarone,Amiodarone,1.0,31,31,exact,exact,Amiodarone,False,False,False,False,1.0,True,True,0,1,,,,CCCCc1oc2ccccc2c1C(=O)c1cc(I)c(OCCN(CC)CC)c(I)c1
amitriptyline_cid2160,,,amitriptyline_cid2160.png,high,high,0.9008962538346348,exact,Amitriptyline,Amitriptyline,1.0,21,21,exact,exact,Amitriptyline,False,False,False,False,1.0,True,True,0,1,,,,CN(C)CCC=C1c2ccccc2CCc2ccccc21
amlodipine_cid2162,,,amlodipine_cid2162.png,high,high,0.9065674111491169,exact,Amlodipine,Amlodipine,1.0,28,28,exact,exact,Amlodipine,False,False,False,False,1.0,True,True,0,1,,,,[H]NCCOCC1=C(C(=O)OCC)C(c2ccccc2Cl)C(C(=O)OC)=C(C)N1[H]
ammonium_sulfate_cid6097028,,,ammonium_sulfate_cid6097028.png,low,low,0.8395631265283472,invalid,,,,,,invalid,invalid,,False,False,False,False,,False,,,,,,,O=S(=O)([O-])[O-].[H][N-]([H])([H])[H].[H][N-]([H])[H]
amoxicillin_cid33613,,,amoxicillin_cid33613.png,high,high,0.8765075880111101,exact,Amoxicillin,Amoxicillin,1.0,25,25,exact,exact,Amoxicillin,False,False,False,False,1.0,True,True,0,1,,,,[H]OC(=O)[C@@H]1N2C(=O)[C@@H](NC(=O)[C@H](N)c3ccc(O)cc3)[C@@]2([H])SC1(C)C
amphotericin_b_cid5280965,,,amphotericin_b_cid5280965.png,low,low,0.0001294490147949956,invalid,,,,,,invalid,invalid,,False,False,False,False,,False,,,,,,,[H]C1=CC([H])=CC([H])=CC2N[CH]34C2[CH]2(C)C(O)[CH]5([CH]OC6=O=C(CC(O)CC(O)CC[CH]7(O)[CH]8(O)C9%10C%11OC%12(O)(O)(C[CH]9(O)(C[CH]%107(O)[CH]8(O)CCC(O)CC(O)C6)C%11%12)OC(C)CC(OC6OC(C)C(O)C([H])C6O)C([H])=CC([H])=CC([H])=C1)OC53)[CH]24O
ampicillin_cid6249,,,ampicillin_cid6249.png,high,high,0.8781140798285478,wrong,,Ampicillin,0.978,24,24,exact,exact,Ampicillin,False,True,False,False,1.0,False,False,3,4,[H].[H].[H],,,"[H].[H].[H].[H][C@]12SC(C)(C)[C@H](C(=O)O)N1C(=O)[C@H]2NC(=O)[C@H](N)c1ccccc1 |^1:0,1,2|"
anastrozole_cid2187,,,anastrozole_cid2187.png,high,high,0.8913177574568933,exact,Anastrozole,Anastrozole,1.0,22,22,exact,exact,Anastrozole,False,False,False,False,1.0,True,True,0,1,,,,CC(C)(C#N)c1cc(Cn2cncn2)cc(C(C)(C)C#N)c1
androstenedione_cid6128,,,androstenedione_cid6128.png,low,low,0.7067226475007693,exact,Androstenedione,Androstenedione,1.0,21,21,exact,exact,Androstenedione,False,False,False,False,1.0,True,True,0,1,,,,[H][C@@]12CCC3=CC(=O)CC[C@]3(C)[C@@]1([H])CC[C@]1(C)C(=O)CC[C@@]21[H]
angiotensin_ii_cid172198,,,angiotensin_ii_cid172198.png,low,low,0.2897891387017367,stereo,Angiotensin Ii,Angiotensin Ii,1.0,75,75,stereo,stereo,Angiotensin Ii,False,False,False,False,1.0,True,True,0,1,,,,[H]N[C@@H](CC(=O)O)C(=O)NC(CCCN=C(N)N)C(=O)N[C@H](C(=O)N[C@@H](Cc1ccc(O)cc1)C(=O)N[C@H](C(=O)N[C@@H](Cc1cnc[nH]1)C(=O)N1CCC[C@H]1C(=O)N[C@@H](Cc1ccccc1)C(=O)O)[C@@H](C)CC)C(C)C
aniline_cid6115,,,aniline_cid6115.png,high,high,0.8643444836198733,wrong,,Aniline,0.353,7,7,charge,charge,Aniline,False,True,False,False,0.375,False,False,0,2,[H],,,[H].[NH-]c1ccccc1 |^1:0|
ansamitocins_cid131750198,,,ansamitocins_cid131750198.png,low,low,1.013639868103333e-21,invalid,,,,,,invalid,invalid,,False,False,False,False,,False,,,,,,,[H]C(=O)OC1C(C)C23O[CH]45CCNC6=C78C(NCC4C(OC(=O)CC)C25Cl)C2=C(=C2Cl)C7C8(Cl)=CC2=C45(C)=C27(C)=C428=C=749([H]2)[H]C27%10%11%12%13%14=C4%15([H]2)([H]7)([H]%10C%11=C24(O)[CH]7%10%11%16%17%18%19[CH]%20%21%22%23%24%25C7%26%27%28%29%30(O)([CH]%20%107%31%32(O)(C2%21%11%26%10%20%33%34([H])CC4%227%16%27%102([H])(O)(C%28%20)[CH]1%23%31%17%29%33OC(=O)(C(C)C)C(C)(C)C(=O)O[CH]3%24%32%18%30%342)O%25)O%19)C%121=C%15%13([H])(=C59([H])C8(C)=C(Cl)C(OC)=C(C)C6)C1%14
anthracene_cid8418,,,anthracene_cid8418.png,high,high,0.888280733424547,exact,Anthracene,Anthracene,1.0,14,14,exact,exact,Anthracene,False,False,False,False,1.0,True,True,0,1,,,,c1ccc2cc3ccccc3cc2c1
apixaban_cid10182969,,,apixaban_cid10182969.png,high,high,0.9067622565748866,exact,Apixaban,Apixaban,1.0,34,34,exact,exact,Apixaban,False,False,False,False,1.0,True,True,0,1,,,,COc1ccc(-n2nc(C(N)=O)c3c2C(=O)N(c2ccc(N4CCCCC4=O)cc2)CC3)cc1
arachidonic_acid_cid444899,,,arachidonic_acid_cid444899.png,low,low,0.8082501662048628,stereo,Arachidonic Acid,Arachidonic Acid,1.0,22,22,stereo,stereo,Arachidonic Acid,False,False,False,False,1.0,True,True,0,1,,,,[H]C(CCCCC)=C([H])CC([H])=C([H])CC([HH])=C([H])CC([H])=C([H])CCCC(=O)O
aripiprazole_cid60795,,,aripiprazole_cid60795.png,high,high,0.9107099983992125,exact,Aripiprazole,Aripiprazole,1.0,30,30,exact,exact,Aripiprazole,False,False,False,False,1.0,True,True,0,1,,,,O=C1CCc2ccc(OCCCCN3CCN(c4cccc(Cl)c4Cl)CC3)cc2N1
articaine_cid32170,,,articaine_cid32170.png,high,high,0.8902596655410269,exact,Articaine,Articaine,1.0,19,19,exact,exact,Articaine,False,False,False,False,1.0,True,True,0,1,,,,[H]N(CCC)C(C)C(=O)Nc1c(C)csc1C(=O)OC
asparagine_cid6267,,,asparagine_cid6267.png,high,high,0.8462127744015899,wrong,,(-)-Asparagine,0.944,9,9,exact,exact,(-)-Asparagine,False,True,False,False,1.0,False,False,2,3,[H].[H],,,"[H].[H].[H]NC(=O)C[C@H](N)C(=O)O[H] |^1:0,1|"
aspidospermidine_3_carboxylic_acid_4_acetyloxy_6_7_didehydro_cid10629256,,,aspidospermidine_3_carboxylic_acid_4_acetyloxy_6_7_didehydro_cid10629256.png,low,low,0.02342641166038435,invalid,,,,,,invalid,invalid,,False,False,False,False,,False,,,,,,,[H]OC1(C(=O)OC)C2([H])N(C)C3=CC(OC)=C(C4(C(=O)O)CC5([H])CC(C(C)(F)F)CN(CC6=C47NC4=CC=CC=C467)C5)C=C34C35C6C3N63C6C=C7C89(CC)[CH]1(OC(C)=O)C781%10(CC)C=CCN678CCC254(C71[H])C398%10[H]
aspirin_cid2244,,,aspirin_cid2244.png,high,high,0.9195180699105678,exact,Aspirin,Aspirin,1.0,13,13,exact,exact,Aspirin,False,False,False,False,1.0,True,True,0,1,,,,[H]OC(=O)c1ccccc1OC(C)=O
atazanavir_cid148192,,,atazanavir_cid148192.png,high,high,0.8946684834967473,exact,Atazanavir,Atazanavir,1.0,51,51,exact,exact,Atazanavir,False,False,False,False,1.0,True,True,0,1,,,,COC(=O)N[C@H](C(=O)N[C@@H](Cc1ccccc1)[C@@H](O)CN(Cc1ccc(-c2ccccn2)cc1)NC(=O)[C@@H](NC(=O)OC)C(C)(C)C)C(C)(C)C
atenolol_cid2249,,,atenolol_cid2249.png,high,high,0.8989802856460763,wrong,,Atenolol,0.974,19,19,exact,exact,Atenolol,False,True,False,False,1.0,False,False,2,3,[H].[H],,,"[H].[H].[H]OC([H])(CNC(C)C)COc1ccc(CC(N)=O)cc1 |^1:0,1|"
atorvastatin_cid60823,,,atorvastatin_cid60823.png,high,high,0.8966622218879975,exact,Atorvastatin,Atorvastatin,1.0,41,41,exact,exact,Atorvastatin,False,False,False,False,1.0,True,True,0,1,,,,CC(C)c1c(C(=O)Nc2ccccc2)c(-c2ccccc2)c(-c2ccc(F)cc2)n1CC[C@@H](O)C[C@@H](O)CC(=O)O
atrazine_cid2256,,,atrazine_cid2256.png,high,high,0.9045116760801556,exact,Atrazine,Atrazine,1.0,14,14,exact,exact,Atrazine,False,False,False,False,1.0,True,True,0,1,,,,CCNc1nc(Cl)nc(NC(C)C)n1
auranofin_cid16667669,,,auranofin_cid16667669.png,low,low,0.5752122474361782,stereo,Auranofin,Auranofin,1.0,32,32,stereo,stereo,Auranofin,False,False,False,False,1.0,True,True,0,3,,,,CC(=O)OC[C@H]1O[C@H]([S-])[C@H](OC(C)=O)[C@@H](OC(C)=O)[C@@H]1OC(C)=O.CCP(CC)CC.[Au+]
avermectin_b1a_cid6434889,,,avermectin_b1a_cid6434889.png,low,low,0.0004606063876154444,invalid,,,,,,invalid,invalid,,False,False,False,False,,False,,,,,,,[H]C1=C(C)C(OC2CC(OC)C(OC3CC(OC)C(O)C(C)O3)C(C)O2)[CH]2(C)C3=C4([H])C2([CH])=C=32([H])C3([H])=C567C8O9C5C95%10%11([H])OCC839(=C42[H])C65(O)C([H])(C(=O)OC2([H])CC([H])(C1)OC1(C=CC(C)C([H])(C(C)CC)O1)C2)C79%10(O)C([H])([H])C=C(C)C%11O
azane_dichloroplatinum_cid5702198,,,azane_dichloroplatinum_cid5702198.png,high,high,0.8779033564504795,exact,azane;dichloroplatinum,azane;dichloroplatinum,1.0,5,5,exact,exact,azane;dichloroplatinum,False,False,False,False,1.0,True,True,0,3,,N,,[Cl][Pt][Cl].[H]N([H])[H].[H]N([H])[H]
azathioprine_cid2265,,,azathioprine_cid2265.png,high,high,0.906159949983672,exact,Azathioprine,Azathioprine,1.0,19,19,exact,exact,Azathioprine,False,False,False,False,1.0,True,True,0,1,,,,Cn1cnc([N+](=O)[O-])c1Sc1ncnc2nc[nH]c12
azd_1390_cid126689157,,,azd_1390_cid126689157.png,high,high,0.8590624453523884,exact,Azd-1390,Azd-1390,1.0,35,35,exact,exact,Azd-1390,False,False,False,False,1.0,True,True,0,1,,,,CC(C)n1c(=O)n(C)c2cnc3cc(F)c(-c4ccc(OCCCN5CCCCC5)nc4)cc3c21
azilsartan_cid135415867,,,azilsartan_cid135415867.png,high,high,0.8960074499381279,exact,Azilsartan,Azilsartan,1.0,34,34,exact,exact,Azilsartan,False,False,False,False,1.0,True,True,0,1,,,,[H]OC(=O)c1cccc2nc(OCC)n(Cc3ccc(-c4ccccc4-c4noc(=O)[nH]4)cc3)c12
azithromycin_cid447043,,,azithromycin_cid447043.png,low,low,0.8025770609187873,exact,Azithromycin,Azithromycin,1.0,52,52,exact,exact,Azithromycin,False,False,False,False,1.0,True,True,0,1,,,,CC[C@H]1OC(=O)[C@H](C)[C@@H](O[C@H]2C[C@@](C)(OC)[C@@H](O)[C@H](C)O2)[C@H](C)[C@@H](O[C@@H]2O[C@H](C)C[C@H](N(C)C)[C@H]2O)[C@](C)(O)C[C@@H](C)CN(C)[C@H](C)[C@@H](O)[C@]1(C)O
bacitracin_cid10909430,,,bacitracin_cid10909430.png,low,low,0.0001775203804305728,invalid,,,,,,invalid,invalid,,False,False,False,False,,False,,,,,,,<invalid>
baclofen_cid2284,,,baclofen_cid2284.png,high,high,0.8888535899605999,wrong,,Baclofen,0.964,14,14,exact,exact,Baclofen,False,True,False,False,1.0,False,False,1,2,[H],,,[H].[H]NCC(CC(=O)O)c1ccc(Cl)cc1 |^1:0|
beclomethasone_cid20469,,,beclomethasone_cid20469.png,low,low,0.7865370431850123,exact,Beclomethasone,Beclomethasone,1.0,28,28,exact,exact,Beclomethasone,False,False,False,False,1.0,True,True,0,1,,,,[H]OCC(=O)[C@@]1(O)[C@@H](C)C[C@@]2([H])[C@]3([H])CCC4=CC(=O)C=C[C@]4(C)[C@@]3(Cl)[C@@H](O[H])C[C@@]21C
bedaquiline_cid5388906,,,bedaquiline_cid5388906.png,high,high,0.8938529423380572,exact,Bedaquiline,Bedaquiline,1.0,37,37,exact,exact,Bedaquiline,False,False,False,False,1.0,True,True,0,1,,,,COc1nc2ccc(Br)cc2cc1[C@@H](c1ccccc1)[C@@](O)(CCN(C)C)c1cccc2ccccc12
benzene_cid241,,,benzene_cid241.png,high,high,0.8667571179213323,exact,Benzene,Benzene,1.0,6,6,exact,exact,Benzene,False,False,False,False,1.0,True,True,0,1,,,,c1ccccc1
benzene_d6_cid71601,,,benzene_d6_cid71601.png,high,high,0.8737485142473477,exact,Benzene-D6,Benzene-D6,1.0,6,6,exact,exact,Benzene-D6,False,False,False,False,1.0,True,True,0,1,,,,[2H]c1c([2H])c([2H])c([2H])c([2H])c1[2H]
benzo_a_pyrene_cid2336,,,benzo_a_pyrene_cid2336.png,high,high,0.8621209417638785,exact,Benzo[a]pyrene,Benzo[a]pyrene,1.0,20,20,exact,exact,Benzo[a]pyrene,False,False,False,False,1.0,True,True,0,1,,,,c1ccc2c(c1)cc1ccc3cccc4ccc2c1c34
benzocaine_cid2337,,,benzocaine_cid2337.png,high,high,0.8784568987197285,wrong,,Benzocaine,0.96,12,12,exact,exact,Benzocaine,False,True,False,False,1.0,False,False,1,2,[H],,,CCOC(=O)c1ccc(N)cc1.[H] |^1:12|
benzoic_acid_cid243,,,benzoic_acid_cid243.png,high,high,0.8839500165612453,exact,Benzoic Acid,Benzoic Acid,1.0,9,9,exact,exact,Benzoic Acid,False,False,False,False,1.0,True,True,0,1,,,,[H]OC(=O)c1ccccc1
beta_cyclodextrin_cid444041,,,beta_cyclodextrin_cid444041.png,low,low,0.01949407174378792,invalid,,,,,,invalid,invalid,,False,False,False,False,,False,,,,,,,[H]C1OC2(C)OC2C(O)C2([H])[H]C3(OC(CO)C4([H])([H]C5(OC(CO)C([H])(OC6([H])OC(CO)C([H])(OC7([H])OC(CO)C8([H])([H]C9(OC(CO)C([H])(OC%10OC%10C1O)C(O)C9O)O8)C(O)C7O)C(O)C6O)C(O)C5O)O4)C(O)C3O)O2
beta_lactose_cid6134,,,beta_lactose_cid6134.png,high,high,0.8803802770885164,wrong,,beta-Lactose,1.0,23,23,exact,exact,beta-Lactose,False,True,False,False,1.0,False,False,3,4,[H].[H].[H],,,"[H].[H].[H].[H]O[C@@H]1[C@@H](O)[C@H](O[C@@H]2O[C@H](CO)[C@H](O[H])[C@H](O)[C@H]2O[H])[C@@H](CO)O[C@H]1O |^1:0,1,2|"
betaine_cid247,,,betaine_cid247.png,high,high,0.8854974360178454,exact,Betaine,Betaine,1.0,8,8,exact,exact,Betaine,False,False,False,False,1.0,True,True,0,1,,,,C[N+](C)(C)CC(=O)[O-]
betamethasone_cid9782,,,betamethasone_cid9782.png,low,low,0.7873711555669608,exact,Betamethasone,Betamethasone,1.0,28,28,exact,exact,Betamethasone,False,False,False,False,1.0,True,True,0,1,,,,[H]OCC(=O)[C@@]1(O)[C@@H](C)C[C@@]2([H])[C@]3([H])CCC4=CC(=O)C=C[C@]4(C)[C@@]3(F)[C@@H](O[H])C[C@@]21C
bicalutamide_cid2375,,,bicalutamide_cid2375.png,high,high,0.8883355643369261,exact,Bicalutamide,Bicalutamide,1.0,29,29,exact,exact,Bicalutamide,False,False,False,False,1.0,True,True,0,1,,,,CC(O)(CS(=O)(=O)c1ccc(F)cc1)C(=O)Nc1ccc(C#N)c(C(F)(F)F)c1
bismuth_subsalicylate_cid53629521,,,bismuth_subsalicylate_cid53629521.png,high,high,0.8821974913346567,wrong,,Bismuth Subsalicylate,0.826,12,12,wrong,near,,False,False,False,True,0.826,False,False,1,2,,,[O-][Bi+3],O=C([O-])c1ccccc1[O-].[O-][Bi+3] |^1:11|
bleomycin_a2_cid5460769,,,bleomycin_a2_cid5460769.png,low,low,0.001067176689495476,invalid,,,,,,invalid,invalid,,False,False,False,False,,False,,,,,,,[H]NC(=O)C(N)CNC(CC(N)=O)C1=NC(C(=O)N[CH]2(C(=O)NC(C)C(O)C(C)C(=O)NC(C(=O)NCCC3=NC(C4=NC(C(=O)NCCC[Si](C)(C)C)=CS4)=CS3)C(C)O)[CH]34C(NCCN=C[CH]NCC(C)N)[CH]235O[CH][CH]2(O[CH]O[CH]C)C(O)C(O)C(CO)OC2O45)=NC(N)=N1
bleomycin_cid5360373,,,bleomycin_cid5360373.png,low,low,0.001550876538514224,invalid,,,,,,invalid,invalid,,False,False,False,False,,False,,,,,,,[H]NC(=O)OC1C(O)C(CO)OC(OC2C(OC(C=C)C(NC(=O)C3N=C(C(CC(N)=O)NCC(N)C(=O)N[H])N=C3N)C(=O)NC(C)C(O)C(C)CN[CH]CNCCCSC=CCSC=CCNCCC)NC(CO)C(O)C2O)C1O.[H]NC12=O=C(=O)(N[H])C1(N)(CNC1NC13=NC1C(C)C1C(N)=N3)C1NC[CH]12N
bosentan_cid104865,,,bosentan_cid104865.png,high,high,0.9087514856783006,exact,Bosentan,Bosentan,1.0,39,39,exact,exact,Bosentan,False,False,False,False,1.0,True,True,0,1,,,,COc1ccccc1Oc1c(NS(=O)(=O)c2ccc(C(C)(C)C)cc2)nc(-c2ncccn2)nc1OCCO
bradykinin_cid439201,,,bradykinin_cid439201.png,low,low,0.169765530144648,wrong,,Bradykinin,0.951,76,76,near,near,,False,False,False,False,0.951,False,True,0,1,,,,[H]N/C(N)=N/CCC[C@H](NC(=O)[C@@H](Cc1ccccc1)NC(=O)[C@@H]1CCCN1C(=O)[C@@H](CO)NC(=O)[C@H](Cc1ccccc1)NC(=O)CNC(=O)[C@@H]1CCCCN1C(=O)[C@@H]1CCN1C(=O)[C@@]([H])(N)CCC/N=C(\N)N[H])C(=O)O
brevetoxin_b_cid10865865,,,brevetoxin_b_cid10865865.png,low,low,0.01180926054869172,invalid,,,,,,invalid,invalid,,False,False,False,False,,False,,,,,,,[H]C(=O)C(=C)CC1CC(O)C2(C)OC3([H])CC4([H])OC5([H])CC6(C)OC7(C)CCC(OC89%10([H])CC%11%12(C)OC%13([H])C(C)=CC(=O)OC%13([H])CC%11([H])OC8([H])C9([H])C%12%10)C([H])([CH]C)OC7([H])CC6([H])OC5(C)C56=C([H])(=C5[H]6)C4([H])OC3([H])CC2([H])O1
brexpiprazole_cid11978813,,,brexpiprazole_cid11978813.png,high,high,0.8968837515078555,exact,Brexpiprazole,Brexpiprazole,1.0,31,31,exact,exact,Brexpiprazole,False,False,False,False,1.0,True,True,0,1,,,,O=c1ccc2ccc(OCCCCN3CCN(c4cccc5sccc45)CC3)cc2[nH]1
bromocriptine_cid31101,,,bromocriptine_cid31101.png,low,low,0.2999123602025433,stereo,Bromocriptine,Bromocriptine,1.0,43,43,stereo,stereo,Bromocriptine,False,False,False,False,1.0,True,True,0,1,,,,[H][C@]12Cc3c(Br)[nH]c4cccc(c34)C1=C[C@@H](C(=O)N[C@]1(C(C)C)O[C@]3(O)N(C1=O)[C@@H](CC(C)C)C(=O)N1CCC[C@@]13[H])CN2C
brompheniramine_cid6834,,,brompheniramine_cid6834.png,high,high,0.9185946890034742,exact,Brompheniramine,Brompheniramine,1.0,19,19,exact,exact,Brompheniramine,False,False,False,False,1.0,True,True,0,1,,,,CN(C)CCC(c1ccc(Br)cc1)c1ccccn1
bryostatin_1_cid5280757,,,bryostatin_1_cid5280757.png,low,low,0.01578035171268286,invalid,,,,,,invalid,invalid,,False,False,False,False,,False,,,,,,,[H]C1=OC2([H])(CC3([H])CC(=C([H])C(=O)OC)CC([H])(OC([H])([H])C4=C([H])(C([H])=C([H])CCC)[H]4)O3)OC(OC(C)=O)CC(O)=C2CCC([H])(OC2(O)C3(C)(C)C45=C(C([H])=O=C4([H])([H])=O)C253(C)C)CC([H])(C(C)O)OC(=O)CC(O)C1
bryostatin_cid6435419,,,bryostatin_cid6435419.png,low,low,0.0007250028666042148,invalid,,,,,,invalid,invalid,,False,False,False,False,,False,,,,,,,[H]C(CCC)=C([H])C([H])=C1([H])C23=C4(C([H])([H])[H])=C12C(C)(C)C1(O)OC25([H])CC([H])(C(C)O)OC(=O)CC(O)CC(=O)OC6789%10%11([H])CC(OC4([H])O)C6C74([H])(O8C(=O)CC(OC(C)=O)C49(C)C)C%10(=O)C4=C2C(=C%11(OC)C(=C)OC)(C5)[CH]41O3
bupivacaine_usan_inn_ban_cid2474,,,bupivacaine_usan_inn_ban_cid2474.png,high,high,0.9191841192383352,exact,Bupivacaine (USAN:INN:BAN),Bupivacaine (USAN:INN:BAN),1.0,21,21,exact,exact,Bupivacaine (USAN:INN:BAN),False,False,False,False,1.0,True,True,0,1,,,,CCCCN1CCCCC1C(=O)Nc1c(C)cccc1C
bupropion_cid444,,,bupropion_cid444.png,high,high,0.9023896974992924,exact,Bupropion,Bupropion,1.0,16,16,exact,exact,Bupropion,False,False,False,False,1.0,True,True,0,1,,,,CC(NC(C)(C)C)C(=O)c1cccc(Cl)c1
buspirone_cid2477,,,buspirone_cid2477.png,high,high,0.9193019703079769,exact,Buspirone,Buspirone,1.0,28,28,exact,exact,Buspirone,False,False,False,False,1.0,True,True,0,1,,,,O=C1CC2(CCCC2)CC(=O)N1CCCCN1CCN(c2ncccn2)CC1
busulfan_cid2478,,,busulfan_cid2478.png,high,high,0.9098780145580464,exact,Busulfan,Busulfan,1.0,14,14,exact,exact,Busulfan,False,False,False,False,1.0,True,True,0,1,,,,CS(=O)(=O)OCCCCOS(C)(=O)=O
butalbital_cid2481,,,butalbital_cid2481.png,high,high,0.8924932210107684,exact,Butalbital,Butalbital,1.0,16,16,exact,exact,Butalbital,False,False,False,False,1.0,True,True,0,1,,,,C=CCC1(CC(C)C)C(=O)NC(=O)NC1=O
c_i_acid_orange_52_cid23673835,,,c_i_acid_orange_52_cid23673835.png,high,high,0.9065420995953791,wrong,,C.I. Acid Orange 52,0.629,22,22,wrong,wrong,,False,False,False,False,0.629,False,True,0,1,,,,"CN(C)c1ccc(/N=N/c2ccc(S(=O)(=O)[O-][Na+])cc2)cc1 |17,C:16.16|"
cabazitaxel_cid9854073,,,cabazitaxel_cid9854073.png,low,low,0.5796926901614022,stereo,Cabazitaxel,Cabazitaxel,1.0,60,60,stereo,stereo,Cabazitaxel,False,False,False,False,1.0,True,True,0,1,,,,[H][C@]12[C@H](OC(=O)c3ccccc3)[C@]3(O)C[C@H](OC(=O)[C@H](O)[C@@H](NC(=O)OC(C)(C)C)c4ccccc4)C(C)=C([C@@H](OC)C(=O)[C@]1(C)[C@@H](OC)C[C@]1([H])OC[C@@]21OC(C)=O)C3(C)C
cabergoline_cid54746,,,cabergoline_cid54746.png,high,high,0.8629568647117795,wrong,,Cabergoline,0.533,33,33,wrong,wrong,,False,False,False,False,0.533,False,False,2,1,,,,[H][C@]12C[C@@H](C(=O)N(CCCN(C)C)C(=O)NCC)CN(CC=C)[C@@]1([H])CC1=CNC3=CC=CC2C13
cabozantinib_cid25102847,,,cabozantinib_cid25102847.png,high,high,0.9078939907977681,exact,Cabozantinib,Cabozantinib,1.0,37,37,exact,exact,Cabozantinib,False,False,False,False,1.0,True,True,0,1,,,,COc1cc2nccc(Oc3ccc(NC(=O)C4(C(=O)Nc5ccc(F)cc5)CC4)cc3)c2cc1OC
caffeine_cid2519,,,caffeine_cid2519.png,high,high,0.9059253525848158,exact,Caffeine,Caffeine,1.0,14,14,exact,exact,Caffeine,False,False,False,False,1.0,True,True,0,1,,,,Cn1c(=O)c2c(ncn2C)n(C)c1=O
calcium_gluconate_cid9290,,,calcium_gluconate_cid9290.png,low,low,0.471883899968621,wrong,,Calcium Gluconate,0.667,27,27,wrong,wrong,,False,False,False,False,0.667,False,False,6,8,[H].[H].[H].[H].[H].[H],,,"O=C([O-])[C@@H](O)[C@@H](O)[C@@H](O)[C@H](O)CO.O=C([O-][Ca])[C@H](O)[C@@H](O)[C@H](O)[C@H](O)CO.[H].[H].[H].[H].[H].[H] |^1:16,27,28,29,30,31,32,C:15.14|"
camphor_cid2537,,,camphor_cid2537.png,low,low,0.7864870308606079,exact,Camphor,Camphor,1.0,11,11,exact,exact,Camphor,False,False,False,False,1.0,True,True,0,1,,,,[H]C12CCC(C)(C(=O)C1)C2(C)C
camptothecin_cid24360,,,camptothecin_cid24360.png,high,high,0.9009593839306492,exact,Camptothecin,Camptothecin,1.0,26,26,exact,exact,Camptothecin,False,False,False,False,1.0,True,True,0,1,,,,CC[C@@]1(O)C(=O)OCc2c1cc1n(c2=O)Cc2cc3ccccc3nc2-1
candesartan_cid2541,,,candesartan_cid2541.png,high,high,0.903772662207437,exact,Candesartan,Candesartan,1.0,33,33,exact,exact,Candesartan,False,False,False,False,1.0,True,True,0,1,,,,CCOc1nc2cccc(C(=O)O)c2n1Cc1ccc(-c2ccccc2-c2nn[nH]n2)cc1
candesartan_cilexetil_cid2540,,,candesartan_cilexetil_cid2540.png,high,high,0.893209725151289,exact,Candesartan Cilexetil,Candesartan Cilexetil,1.0,45,45,exact,exact,Candesartan Cilexetil,False,False,False,False,1.0,True,True,0,1,,,,CCOc1nc2cccc(C(=O)OC(C)OC(=O)OC3CCCCC3)c2n1Cc1ccc(-c2ccccc2-c2nn[nH]n2)cc1
caprolactam_cid7768,,,caprolactam_cid7768.png,high,high,0.8734563984558661,wrong,,Caprolactam,0.944,8,8,exact,exact,Caprolactam,False,True,False,False,1.0,False,False,2,2,[HH],,,O=C1CCCCCN1.[HH]
carbamazepine_cid2554,,,carbamazepine_cid2554.png,high,high,0.9048020740696713,exact,Carbamazepine,Carbamazepine,1.0,18,18,exact,exact,Carbamazepine,False,False,False,False,1.0,True,True,0,1,,,,NC(=O)N1c2ccccc2C=Cc2ccccc21
carbon_dioxide_cid280,,,carbon_dioxide_cid280.png,high,high,0.9134185120606931,exact,Carbon Dioxide,Carbon Dioxide,1.0,3,3,exact,exact,Carbon Dioxide,False,False,False,False,1.0,True,True,0,1,,,,O=C=O
cardiolipin_cid166177218,,,cardiolipin_cid166177218.png,low,low,3.018642575198686e-14,invalid,,,,,,invalid,invalid,,False,False,False,False,,False,,,,,,,CC(=O)(O)CCCCCCCCCCCCCC1=O=C1N.CCCCCCC(CC(C)=O)C1=O=C1C.CCCCCCC1CC2C(CCCCCCCCCCC3C4C3O4CCC34(O)OC3C4C3CO3C(O)OCC3CC3C3C4C56C(CCCCCCC(N)=O)C5C346)C(N)(=O)C12.CCCCCCCCC123=O4=C5(C1CCCCCCCCCCC1CC1OC(=O)CCCC16C7C1C761=O=C1)C2C=453.O.O.O.O
carisoprodol_cid2576,,,carisoprodol_cid2576.png,high,high,0.8916617556618148,exact,Carisoprodol,Carisoprodol,1.0,18,18,exact,exact,Carisoprodol,False,False,False,False,1.0,True,True,0,1,,,,[H]NC(=O)OCC(C)(CCC)COC(=O)NC(C)C
catechin_cid9064,,,catechin_cid9064.png,high,high,0.866606941715603,wrong,,Catechin,0.972,21,21,exact,exact,Catechin,False,True,False,False,1.0,False,False,4,4,[HH].[H].[H],,,"Oc1cc(O)c2c(c1)O[C@H](c1ccc(O)c(O)c1)[C@@H](O)C2.[HH].[H].[H] |^1:22,23|"
cediranib_cid9933475,,,cediranib_cid9933475.png,high,high,0.8949802031752307,wrong,,Cediranib,0.983,33,33,exact,exact,Cediranib,False,True,False,False,1.0,False,False,1,2,[H],,,COc1cc2c(Oc3ccc4[nH]c(C)cc4c3F)ncnc2cc1OCCCN1CCCC1.[H] |^1:33|
cefazolin_cid33255,,,cefazolin_cid33255.png,high,high,0.880330977571118,exact,Cefazolin,Cefazolin,1.0,29,29,exact,exact,Cefazolin,False,False,False,False,1.0,True,True,0,1,,,,[H][C@]12SCC(CSc3nnc(C)s3)=C(C(=O)O)N1C(=O)[C@H]2NC(=O)Cn1cnnn1
cefepime_cid5479537,,,cefepime_cid5479537.png,high,high,0.8767921417899689,wrong,,Cefepime,0.986,32,32,exact,exact,Cefepime,False,True,False,False,1.0,False,False,2,3,[H].[H],,,"[H].[H].[H]N(C(=O)/C(=N\OC)c1csc(N)n1)[C@@H]1C(=O)N2C(C(=O)[O-])=C(C[N+]3(C)CCCC3)CS[C@]12[H] |^1:0,1|"
ceftazidime_cid5481173,,,ceftazidime_cid5481173.png,low,low,0.8291579401335221,wrong,,Ceftazidime,0.986,37,37,exact,exact,Ceftazidime,False,True,False,False,1.0,False,False,2,3,[H].[H],,,"[H].[H].[H]Nc1nc(/C(=N/OC(C)(C)C(=O)O)C(=O)N[C@@H]2C(=O)N3C(C(=O)[O-])=C(C[n+]4ccccc4)CS[C@]23[H])cs1 |^1:0,1|"
cefuroxime_cid5479529,,,cefuroxime_cid5479529.png,high,high,0.8564418159092788,wrong,,Cefuroxime,0.985,29,29,exact,exact,Cefuroxime,False,True,False,False,1.0,False,False,3,4,[H].[H].[H],,,"[H].[H].[H].[H][C@]12SCC(COC(N)=O)=C(C(=O)O)N1C(=O)[C@H]2NC(=O)/C(=N\OC)c1ccco1 |^1:0,1,2|"
celecoxib_cid2662,,,celecoxib_cid2662.png,high,high,0.9025909717092762,exact,Celecoxib,Celecoxib,1.0,26,26,exact,exact,Celecoxib,False,False,False,False,1.0,True,True,0,1,,,,[H]NS(=O)(=O)c1ccc(-n2nc(C(F)(F)F)cc2-c2ccc(C)cc2)cc1
cephalexin_cid27447,,,cephalexin_cid27447.png,high,high,0.8860213024258417,exact,Cephalexin,Cephalexin,1.0,24,24,exact,exact,Cephalexin,False,False,False,False,1.0,True,True,0,1,,,,[H]OC(=O)C1=C(C)CS[C@]2([H])[C@H](N([H])C(=O)[C@H](N)c3ccccc3)C(=O)N12
cetirizine_cid2678,,,cetirizine_cid2678.png,high,high,0.9178784933375179,exact,Cetirizine,Cetirizine,1.0,27,27,exact,exact,Cetirizine,False,False,False,False,1.0,True,True,0,1,,,,O=C(O)COCCN1CCN(C(c2ccccc2)c2ccc(Cl)cc2)CC1
cetrorelix_cid25074887,,,cetrorelix_cid25074887.png,low,low,0.203987852737408,invalid,,,,,,invalid,invalid,,False,False,False,False,,False,,,,,,,[H]NC(=O)C(C)NC(=O)C1CCCN1C(=O)C(CCCN=C(N)N)N1C23=O=C145N[CH]241C(C(C)C)[CH]35N1C(=O)(=O)C(CCCNC(N)=O)NC(=O)C(CC1=CC=C(O)C=C1)NC(=O)[CH]1(NC(=O)C(CC2=CN=CC=C2)NC(=O)C(CC2=CC=C(Cl)C=C2)NC(=O)(=O)C(CC2=CC3=CC=CC=C3C=C2)NC(C)=O)C2OC1O2
chlorambucil_cid2708,,,chlorambucil_cid2708.png,high,high,0.9109924357637174,exact,Chlorambucil,Chlorambucil,1.0,19,19,exact,exact,Chlorambucil,False,False,False,False,1.0,True,True,0,1,,,,O=C(O)CCCc1ccc(N(CCCl)CCCl)cc1
chloramphenicol_cid5959,,,chloramphenicol_cid5959.png,high,high,0.8973398532470492,wrong,,Chloramphenicol,0.973,20,20,exact,exact,Chloramphenicol,False,True,False,False,1.0,False,False,1,2,[H],,,O=C(N[C@H](CO)[C@H](O)c1ccc([N+](=O)[O-])cc1)C(Cl)Cl.[H] |^1:20|
chloroform_d_cid71583,,,chloroform_d_cid71583.png,high,high,0.8717069802042845,exact,Chloroform-D,Chloroform-D,1.0,4,4,exact,exact,Chloroform-D,False,False,False,False,1.0,True,True,0,1,,,,[2H]C(Cl)(Cl)Cl
chlorophyll_a_cid12085802,,,chlorophyll_a_cid12085802.png,low,low,0.0009404040672704784,invalid,,,,,,invalid,invalid,,False,False,False,False,,False,,,,,,,CCC123=C4(=C156=CC1=NC789=C%10%11%12%13=C7%14=C%107%15%16%17=C%11%10%18%19[CH]7(OCC(=O)OCC7=O=C(C)(CCCC(C)CCCC(N)CCCC(C)C)N7)C(C)C%10%15(=CC=C(C)C=CC(=C=542C)N=6)[N-]%18%16C=%12=%178%19(COC)C9(=C1C)C(=O)[CH]%14%13COC)C3C
chloroquine_cid2719,,,chloroquine_cid2719.png,high,high,0.910041368774773,exact,Chloroquine,Chloroquine,1.0,22,22,exact,exact,Chloroquine,False,False,False,False,1.0,True,True,0,1,,,,[H]C(C)(CCCN(CC)CC)Nc1ccnc2cc(Cl)ccc12
chlorotris_triphenylphosphine_rhodium_i_cid84599,,,chlorotris_triphenylphosphine_rhodium_i_cid84599.png,high,high,0.909800035116107,exact,Chlorotris(triphenylphosphine)rhodium(I),Chlorotris(triphenylphosphine)rhodium(I),1.0,59,59,exact,exact,Chlorotris(triphenylphosphine)rhodium(I),False,False,False,False,1.0,True,True,0,5,,c1ccc(P(c2ccccc2)c2ccccc2)cc1.c1ccc(P(c2ccccc2)c2ccccc2)cc1,,[Cl-].[Rh].c1ccc(P(c2ccccc2)c2ccccc2)cc1.c1ccc(P(c2ccccc2)c2ccccc2)cc1.c1ccc(P(c2ccccc2)c2ccccc2)cc1 |^1:1|
chlorpheniramine_cid2725,,,chlorpheniramine_cid2725.png,high,high,0.9158986178085725,exact,(+-)-Chlorpheniramine,(+-)-Chlorpheniramine,1.0,19,19,exact,exact,(+-)-Chlorpheniramine,False,False,False,False,1.0,True,True,0,1,,,,CN(C)CCC(c1ccc(Cl)cc1)c1ccccn1
chlorpromazine_cid2726,,,chlorpromazine_cid2726.png,high,high,0.9004220594492262,wrong,,Chlorpromazine,0.617,21,21,wrong,wrong,,False,False,False,False,0.617,False,False,0,1,,,,CN(C)CCCN1c2ccccc2[S-]c2ccc(Cl)cc21 |^1:13|
cholesterol_cid5997,,,cholesterol_cid5997.png,low,low,0.5358141167352747,stereo,Cholesterol,Cholesterol,1.0,28,28,stereo,stereo,Cholesterol,False,False,False,False,1.0,True,True,0,1,,,,[H][C@]12CC=C3C[C@@H](O)CC[C@]3(C)[C@@]1([H])CC[C@@]1(C)[C@@]2([H])CC[C@@]1([H])[C@H](C)CCCC(C)C
choline_chloride_cid6209,,,choline_chloride_cid6209.png,high,high,0.8805966381501623,exact,Choline Chloride,Choline Chloride,1.0,8,8,exact,exact,Choline Chloride,False,False,False,False,1.0,True,True,0,2,,,,C[N+](C)(C)CCO.[Cl-]
chromium_hexacarbonyl_cid25589,,,chromium_hexacarbonyl_cid25589.png,low,low,0.6560687620322623,wrong,,Chromium hexacarbonyl,0.111,13,13,wrong,wrong,,False,False,False,False,0.111,False,False,10,7,,C#[O+].C#[O+].C#[O+].C=[O+],,"C#[O+].C#[O+].C#[O+].C#[O+].C=[O+].C=[O+].[C-] |^1:9,11,^5:12|"
cilengitide_cid176873,,,cilengitide_cid176873.png,high,high,0.8841658018023614,exact,Cilengitide,Cilengitide,1.0,42,42,exact,exact,Cilengitide,False,False,False,False,1.0,True,True,0,1,,,,[H]N/C(N)=N/CCC[C@@H]1NC(=O)[C@H](C(C)C)N(C)C(=O)[C@@H](Cc2ccccc2)NC(=O)[C@H](CC(=O)O)NC(=O)CNC1=O
ciprofloxacin_cid2764,,,ciprofloxacin_cid2764.png,high,high,0.8891507174032487,wrong,,Ciprofloxacin,0.808,24,24,charge,charge,Ciprofloxacin,False,True,False,False,0.824,False,False,1,2,[HH],,,O=C([O-])c1cn(C2CC2)c2cc(N3CCNCC3)c(F)cc2c1=O.[HH]
cis_oxalato_trans_l_1_2_diaminocyclohexaneplatinum_ii_cid9887053,,,cis_oxalato_trans_l_1_2_diaminocyclohexaneplatinum_ii_cid9887053.png,low,low,0.4099733305552246,invalid,,,,,,invalid,invalid,,False,False,False,False,,False,,,,,,,[H]N1C2([H])CCCCC2([H])[N-]([H])[P-2]12OC(=O)C(=O)O2
citalopram_cid2771,,,citalopram_cid2771.png,high,high,0.9002672713328346,exact,Citalopram,Citalopram,1.0,24,24,exact,exact,Citalopram,False,False,False,False,1.0,True,True,0,1,,,,CN(C)CCCC1(c2ccc(F)cc2)OCc2cc(C#N)ccc21
citric_acid_cid311,,,citric_acid_cid311.png,high,high,0.877389959383798,wrong,,Citric Acid,0.882,13,13,exact,exact,Citric Acid,False,True,False,False,1.0,False,False,3,3,[HH].[H],,,[HH].[H].[H]OC(CC(=O)O)(CC(=O)O)C(=O)O |^1:1|
clarithromycin_cid84029,,,clarithromycin_cid84029.png,low,low,0.8119543139352045,wrong,,Clarithromycin,0.986,52,52,exact,exact,Clarithromycin,False,True,False,False,1.0,False,False,4,3,[HH].[HH],,,CC[C@H]1OC(=O)[C@H](C)[C@@H](O[C@H]2C[C@@](C)(OC)[C@@H](O)[C@H](C)O2)[C@H](C)[C@@H](O[C@@H]2O[C@H](C)C[C@H](N(C)C)[C@H]2O)[C@](C)(OC)C[C@@H](C)C(=O)[C@H](C)[C@@H](O)[C@]1(C)O.[HH].[HH]
clobazam_cid2789,,,clobazam_cid2789.png,high,high,0.9005857004963738,exact,Clobazam,Clobazam,1.0,21,21,exact,exact,Clobazam,False,False,False,False,1.0,True,True,0,1,,,,CN1C(=O)CC(=O)N(c2ccccc2)c2cc(Cl)ccc21
clomiphene_cid2800,,,clomiphene_cid2800.png,high,high,0.9089873426458622,wrong,,Clomiphene,0.532,29,29,wrong,wrong,,False,False,False,False,0.532,False,False,2,1,,,,CCN(CC)CCOc1ccc(C(c2ccccc2)C(Cl)c2ccccc2)cc1
clonidine_cid2803,,,clonidine_cid2803.png,high,high,0.8851342306018584,exact,Clonidine,Clonidine,1.0,14,14,exact,exact,Clonidine,False,False,False,False,1.0,True,True,0,1,,,,Clc1cccc(Cl)c1NC1=NCCN1
clopidogrel_cid60606,,,clopidogrel_cid60606.png,high,high,0.9111618039738947,exact,Clopidogrel,Clopidogrel,1.0,21,21,exact,exact,Clopidogrel,False,False,False,False,1.0,True,True,0,1,,,,COC(=O)[C@H](c1ccccc1Cl)N1CCc2sccc2C1
cobaltocene_cid92884,,,cobaltocene_cid92884.png,low,low,0.8078735651940048,wrong,,Cobaltocene,0.8,11,11,wrong,near,,False,False,False,True,0.8,False,False,0,3,,c1cc[cH-]c1,[Co+4],[Co+4].[H][c-]1cccc1.c1cc[cH-]c1 |^1:0|
colchicine_cid6167,,,colchicine_cid6167.png,high,high,0.8978933102360668,exact,Colchicine,Colchicine,1.0,29,29,exact,exact,Colchicine,False,False,False,False,1.0,True,True,0,1,,,,[H]N(C(C)=O)[C@H]1CCc2cc(OC)c(OC)c(OC)c2-c2ccc(OC)c(=O)cc21
colfosceril_palmitate_cid452110,,,colfosceril_palmitate_cid452110.png,low,low,0.1787687891321306,invalid,,,,,,invalid,invalid,,False,False,False,False,,False,,,,,,,CCCCCCCCCCCCCCCC(=O)OCC1(CO[O-])(OC(=O)CCCCCCCCCCCCCCC)COCC(O[O-])C1O
colistin_a_cid24825758,,,colistin_a_cid24825758.png,low,low,0.05303291901508268,invalid,,,,,,invalid,invalid,,False,False,False,False,,False,,,,,,,[H]NCC1NC(C(C)O)C(=O)NCC(NC(=O)[CH](N)(CCN)C(=O)C(NC(=O)C([H])(CCN)CCCCCC(C)CC)C(C)O)NC(CCN)C(=O)N[CH]C(=O)NC(CC(C)C)C(=O)N[CH]2(CCN)NC12=O
colistin_cid5311054,,,colistin_cid5311054.png,low,low,0.08052494848664665,wrong,,Colistin,0.705,80,81,wrong,wrong,,False,False,False,False,0.705,False,False,3,1,,,,CCC(C)CCCC(=O)N[C](CCN)C(=O)N[C@H](C(=O)N[C@H](CCN)C(=O)N[C@H]1CCNC(=O)[C@@H](CO)NC(=O)[C@H](CCN)NC(=O)[C@@H](CC[NH3+])NC(=O)[C@@H](CC(C)C)NC(=O)[C@@H](CC(C)C)NC(=O)[C@@H](CCN)NC1=O)[C@H](C)O |^1:10|
congo_red_cid11313,,,congo_red_cid11313.png,high,high,0.8785731795706486,wrong,,Congo red,0.397,47,48,wrong,wrong,,False,False,False,False,0.397,False,False,7,2,,,,Nc1ccc(-c2ccc(NNc3cc(S(=O)(=O)[O-])c4ccccc4c3N)cc2)cc1.[H]Nc1c(N)cc(S(=O)(=O)[O][Na])c2ccccc12
copper_ii_acetylacetonate_cid13669119,,,copper_ii_acetylacetonate_cid13669119.png,high,high,0.8670093360667744,wrong,,Copper(II) acetylacetonate,0.263,15,15,wrong,wrong,,False,False,False,False,0.263,False,False,0,1,,,,[H][C]([Cu+][C]([H])(C(C)=O)C(C)=O)(C(C)=O)C(C)=O
coronene_cid9115,,,coronene_cid9115.png,low,low,0.7865666347965866,exact,Coronene,Coronene,1.0,24,24,exact,exact,Coronene,False,False,False,False,1.0,True,True,0,1,,,,c1cc2ccc3ccc4ccc5ccc6ccc1c1c2c3c4c5c61
corticosterone_cid5753,,,corticosterone_cid5753.png,low,low,0.3331313327555989,wrong,,Corticosterone,0.98,25,25,stereo,stereo,Corticosterone,False,True,False,False,1.0,False,False,2,2,[HH],,,[HH].[H]O[C@H]1C[C@]2(C)[C@@H](C(=O)CO)CC[C@]2([H])[C@]2([H])CCC3=CC(=O)CC[C@]3(C)[C@@]12[H]
cortisol_cid5754,,,cortisol_cid5754.png,low,low,0.6873587519509643,wrong,,Cortisol,1.0,26,26,stereo,stereo,Cortisol,False,True,False,False,1.0,False,False,2,3,[H].[H],,,"[H].[H].[H]O[C@H]1C[C@@]2(C)[C@]([H])(CC[C@]2(O)C(=O)CO)[C@]2([H])CCC3=CC(=O)CC[C@]3(C)[C@@]12[H] |^1:0,1|"
cromolyn_cid2882,,,cromolyn_cid2882.png,high,high,0.9065376138796598,exact,Cromolyn,Cromolyn,1.0,34,34,exact,exact,Cromolyn,False,False,False,False,1.0,True,True,0,1,,,,O=C(O)c1cc(=O)c2c(OCC(O)COc3cccc4oc(C(=O)O)cc(=O)c34)cccc2o1
crystal_violet_cid11057,,,crystal_violet_cid11057.png,high,high,0.9024837656072899,exact,Crystal Violet,Crystal Violet,1.0,29,29,exact,exact,Crystal Violet,False,False,False,False,1.0,True,True,0,2,,,,CN(C)c1ccc(C(=C2C=CC(=[N+](C)C)C=C2)c2ccc(N(C)C)cc2)cc1.[Cl-]
cucurbit_7_uril_cb_7_hydrate_cid6096207,,,cucurbit_7_uril_cb_7_hydrate_cid6096207.png,low,low,2.381318594030346e-15,invalid,,,,,,invalid,invalid,,False,False,False,False,,False,,,,,,,CN1C(=O)N23CN45C6(=O)C24789%10N24C7%11%12C7%13N%14%15C%16%17N%18CN%19%20C%21%22C%142%19%23%24N782%14C78C32(CN7%216%11%2323C(=O)NC%22%205%12%2492C%1384%103)C1NC%141(=O)=O=C%15(=O=1)N12C%163N4C%171N3(CN13CN5CN678C9%10NC6%11(=O)C7(=O)NC(=O)N9%116C7N9%11C%12%13C%14%15%16N%17C(=O)N%12%10(C9%14C%17%139N%15%10%12C%13%14N%15C%10(N%13(C)C(=O)N%10CC%10%15=O)N7%14%169C%11%12=O)C68N6C(=O)N7C1(C56)C4732)C%18=O
cyanocobalamin_cid166596686,,,cyanocobalamin_cid166596686.png,low,low,1.868554385080968e-07,invalid,,,,,,invalid,invalid,,False,False,False,False,,False,,,,,,,CC1=C(C)C=C2C(=C1)NC=[N+]2C1OC(CO)C(O)C1O.[H]NC(=O)CC(C)([CH]C(C)=C12NC3([H])(CC(=O)N[H])C1([H])(C)C23([H])CCCC1=[N]2=[C](=N1)[Co]2)C(CCC(=N)OC)CC1C234=C156789N21=C2%10%11%12%13%14=N35=C235%15(=C=%101(N=CC(C)CCC(=O)NCC(C)O)=N436%11)C%121CC2C3=O=C(=N)([O-])(CC2[CH]57%132C8(C)(C)C12%159%14)[O-]3
cyclobenzaprine_cid2895,,,cyclobenzaprine_cid2895.png,high,high,0.8961387990834894,exact,Cyclobenzaprine,Cyclobenzaprine,1.0,21,21,exact,exact,Cyclobenzaprine,False,False,False,False,1.0,True,True,0,1,,,,CN(C)CCC=C1c2ccccc2C=Cc2ccccc21
cyclophosphamide_cid2907,,,cyclophosphamide_cid2907.png,high,high,0.893706558090903,exact,Cyclophosphamide,Cyclophosphamide,1.0,14,14,exact,exact,Cyclophosphamide,False,False,False,False,1.0,True,True,0,1,,,,O=P1(N(CCCl)CCCl)NCCCO1
cyclosporin_a_cid5284373,,,cyclosporin_a_cid5284373.png,low,low,0.773215968221306,wrong,,Cyclosporin A,0.726,83,85,wrong,wrong,,False,False,False,False,0.726,False,False,6,1,,,,C/C=C/C[C@@H](C)[C@@H](O)C1NC(=O)[C@@H](C(C)C)N(C)C(=O)[C@H](CC(C)C)N(C)C(=O)[C@H](CC(C)C)N(C)C(=O)[C@@H](C)NC(=O)C(C)NC(=O)[C@@H](CC(C)C)N(C)C(=O)[C@H](C(C)C)NC(=O)[C@H](CC(C)C)N(C)C(=O)N(C)C(=O)[C@@H](CC)NC1=O
d_fructose_cid2723872,,,d_fructose_cid2723872.png,low,low,0.834984955619216,wrong,,D-Fructose,0.567,12,12,charge,charge,D-Fructose,False,True,False,False,0.567,False,False,3,3,[H].[H],,,"[H].[H].[H]O[C@@H]1[C@H](O)COC([OH2+])(CO)[C@H]1O |^1:0,1|"
d_galactose_cid6036,,,d_galactose_cid6036.png,high,high,0.8940698304092972,wrong,,D-Galactose,1.0,12,12,exact,exact,D-Galactose,False,True,False,False,1.0,False,False,2,3,[H].[H],,,"[H].[H].[H]OC1O[C@H](CO)[C@H](O)[C@H](O)[C@H]1O |^1:0,1|"
d_glucose_cid5793,,,d_glucose_cid5793.png,high,high,0.8936215339499591,wrong,,D-Glucose,1.0,12,12,exact,exact,D-Glucose,False,True,False,False,1.0,False,False,2,3,[H].[H],,,"[H].[H].[H]OC1O[C@H](CO)[C@@H](O)[C@H](O)[C@H]1O |^1:0,1|"
d_ribose_cid10975657,,,d_ribose_cid10975657.png,high,high,0.8823326862571874,wrong,,D-Ribose,1.0,10,10,exact,exact,D-Ribose,False,True,False,False,1.0,False,False,2,3,[H].[H],,,"[H].[H].[H]O[C@@H]1COC(O)[C@H](O)[C@@H]1O |^1:0,1|"
daptomycin_cid21585658,,,daptomycin_cid21585658.png,low,low,2.720922868658864e-08,invalid,,,,,,invalid,invalid,,False,False,False,False,,False,,,,,,,CC1C2CC1C2.CCCCCNC(CCC1=CNC2=CC=CC=C12)C1=O=C(=O)(N[CH]CN[CH]C(C)O[CH]23C(N[CH]45(C)C67(=O)[CH]89(C)C4%10(=O)[CH]68(CC(=O)O)C7%1059(=O)NC45=O=C4(NC(=O)N4C6(=O)N(C7C=O=C7N7CN8C9(=O)C(CC(=O)O)[CH]789C)[CH]46CC(=O)O)=O=5)C2C3(N)(=O)C(=O)C2C=CC=CC=C2N)C(CC(N)=O)N1
desmopressin_cid5311065,,,desmopressin_cid5311065.png,high,high,0.8551879146912957,wrong,,Desmopressin,0.496,74,74,wrong,wrong,,False,False,False,False,0.496,False,False,2,1,,,,[H]NC(=O)CC[C@H](NC(=O)[C@H](Cc1ccccc1)NC(=O)[C@H](Cc1ccc(O)cc1)NC(=O)CCS)C(=O)N[C@@H](CC(N)=O)C(=O)N[C@@H](CS)C(=O)N1CCC[C@H]1C(=O)N[C@H](CCCN=C(N)N)C(=O)NCC(=O)N[H]
di_2h3_methyl_sulphoxide_cid75151,,,di_2h3_methyl_sulphoxide_cid75151.png,high,high,0.8719866131293814,exact,Di((2H3)methyl) sulphoxide,Di((2H3)methyl) sulphoxide,1.0,4,4,exact,exact,Di((2H3)methyl) sulphoxide,False,False,False,False,1.0,True,True,0,1,,,,[2H]C([2H])([2H])S(=O)C([2H])([2H])[2H]
dibenzo_18_crown_6_cid26541,,,dibenzo_18_crown_6_cid26541.png,high,high,0.9027716300307211,exact,Dibenzo-18-crown-6,Dibenzo-18-crown-6,1.0,26,26,exact,exact,Dibenzo-18-crown-6,False,False,False,False,1.0,True,True,0,1,,,,c1ccc2c(c1)OCCOCCOc1ccccc1OCCOCCO2
dibenzo_ghi_mno_fluoranthene_cid11831840,,,dibenzo_ghi_mno_fluoranthene_cid11831840.png,low,low,0.7227734278250503,exact,"Dibenzo(ghi,mno)fluoranthene","Dibenzo(ghi,mno)fluoranthene",1.0,20,20,exact,exact,"Dibenzo(ghi,mno)fluoranthene",False,False,False,False,1.0,True,True,0,1,,,,c1cc2ccc3ccc4ccc5ccc1c1c2c3c4c51
dichlororuthenium_2_pyridin_2_ylpyridine_cid10908382,,,dichlororuthenium_2_pyridin_2_ylpyridine_cid10908382.png,high,high,0.9005945664728775,wrong,,Dichlororuthenium;2-pyridin-2-ylpyridine,0.714,39,39,wrong,wrong,,False,False,False,False,0.714,False,False,1,5,,c1ccc(-c2ccccn2)nc1.c1ccc(-c2ccccn2)nc1,,Cl.[Cl][Ru].c1ccc(-c2ccccn2)nc1.c1ccc(-c2ccccn2)nc1.c1ccc(-c2ccccn2)nc1
diflunisal_cid3059,,,diflunisal_cid3059.png,high,high,0.9050512683159964,wrong,,Diflunisal,0.969,18,18,exact,exact,Diflunisal,False,True,False,False,1.0,False,False,2,2,[HH],,,O=C(O)c1cc(-c2ccc(F)cc2F)ccc1O.[HH]
dihydrotestosterone_cid10635,,,dihydrotestosterone_cid10635.png,low,low,0.3643067039199377,wrong,,Dihydrotestosterone,0.973,21,21,exact,exact,Dihydrotestosterone,False,True,False,False,1.0,False,False,2,2,[HH],,,[HH].[H][C@@]12CC[C@]3([H])[C@]([H])(CC[C@]4(C)[C@@H](O)CC[C@@]34[H])[C@@]1(C)CCC(=O)C2
diltiazem_cid39186,,,diltiazem_cid39186.png,high,high,0.9110341952980358,exact,Diltiazem,Diltiazem,1.0,29,29,exact,exact,Diltiazem,False,False,False,False,1.0,True,True,0,1,,,,COc1ccc([C@@H]2Sc3ccccc3N(CCN(C)C)C(=O)[C@@H]2OC(C)=O)cc1
dimethylmercury_cid11645,,,dimethylmercury_cid11645.png,high,high,0.8576906660436587,exact,Dimethylmercury,Dimethylmercury,1.0,3,3,exact,exact,Dimethylmercury,False,False,False,False,1.0,True,True,0,1,,,,[CH3][Hg][CH3]
diphenhydramine_cid3100,,,diphenhydramine_cid3100.png,high,high,0.8855883793994758,exact,Diphenhydramine,Diphenhydramine,1.0,19,19,exact,exact,Diphenhydramine,False,False,False,False,1.0,True,True,0,1,,,,CN(C)CCOC(c1ccccc1)c1ccccc1
disulfiram_cid3117,,,disulfiram_cid3117.png,high,high,0.893872032698147,exact,Disulfiram,Disulfiram,1.0,16,16,exact,exact,Disulfiram,False,False,False,False,1.0,True,True,0,1,,,,CCN(CC)C(=S)SSC(=S)N(CC)CC
donepezil_cid3152,,,donepezil_cid3152.png,high,high,0.9114984975568357,exact,Donepezil,Donepezil,1.0,28,28,exact,exact,Donepezil,False,False,False,False,1.0,True,True,0,1,,,,COc1cc2c(cc1OC)C(=O)C(CC1CCN(Cc3ccccc3)CC1)C2
dopamine_cid681,,,dopamine_cid681.png,high,high,0.887990580241792,wrong,,Dopamine,0.955,11,11,exact,exact,Dopamine,False,True,False,False,1.0,False,False,1,2,[H],,,[H].[H]NCCc1ccc(O)c(O)c1 |^1:0|
doxazosin_cid3157,,,doxazosin_cid3157.png,high,high,0.8892669009244515,exact,Doxazosin,Doxazosin,1.0,33,33,exact,exact,Doxazosin,False,False,False,False,1.0,True,True,0,1,,,,[H]N([H])c1nc(N2CCN(C(=O)C3COc4ccccc4O3)CC2)nc2cc(OC)c(OC)cc12
doxepin_cid3158,,,doxepin_cid3158.png,high,high,0.8942222297629636,wrong,,Doxepin,0.458,21,21,wrong,wrong,,False,False,False,False,0.458,False,False,2,1,,,,CN(C)CCCC1c2ccccc2COc2ccccc21
doxorubicin_cid31703,,,doxorubicin_cid31703.png,high,high,0.8775309175978351,wrong,,Doxorubicin,1.0,39,39,exact,exact,Doxorubicin,False,True,False,False,1.0,False,False,2,3,[H].[H],,,"[H].[H].[H]Oc1c2c(c(O)c3c1C(=O)c1cccc(OC)c1C3=O)[C@@H](O[C@H]1C[C@H](N)[C@H](O)[C@H](C)O1)C[C@](O)(C(=O)CO)C2 |^1:0,1|"
edoxaban_cid10280735,,,edoxaban_cid10280735.png,high,high,0.8928571028386607,exact,Edoxaban,Edoxaban,1.0,37,37,exact,exact,Edoxaban,False,False,False,False,1.0,True,True,0,1,,,,CN1CCc2nc(C(=O)N[C@@H]3C[C@@H](C(=O)N(C)C)CC[C@@H]3NC(=O)C(=O)Nc3ccc(Cl)cn3)sc2C1
entacapone_cid5281081,,,entacapone_cid5281081.png,high,high,0.8751379158395061,wrong,,Entacapone,0.977,22,22,exact,exact,Entacapone,False,True,False,False,1.0,False,False,2,2,[HH],,,[HH].[H]/C(=C(/C#N)C(=O)N(CC)CC)c1cc(O)c(O)c([N+](=O)[O-])c1
eosin_cid11048,,,eosin_cid11048.png,high,high,0.9010544359338868,exact,Eosin,Eosin,1.0,31,31,exact,exact,Eosin,False,False,False,False,1.0,True,True,0,3,,[Na+],,O=C([O-])c1ccccc1-c1c2cc(Br)c(=O)c(Br)c-2oc2c(Br)c([O-])c(Br)cc12.[Na+].[Na+]
epinephrine_cid5816,,,epinephrine_cid5816.png,high,high,0.8620005051741193,wrong,,Epinephrine,0.929,13,13,exact,exact,Epinephrine,False,True,False,False,1.0,False,False,4,4,[HH].[H].[H],,,"[HH].[H].[H].[H]O[C@@H](CNC)c1ccc(O)c(O)c1 |^1:1,2|"
epothilone_b_cid448013,,,epothilone_b_cid448013.png,high,high,0.8770014393364151,wrong,,Epothilone B,0.711,35,35,wrong,wrong,,False,False,False,False,0.711,False,False,0,1,,,,[H]C(C1=C[S-]C(C)=N1)=C(C)[C@@H]1C[C@]2([H])O[C@]2(C)CCC[C@H](C)[C@H](O)[C@@H](C)C(=O)C(C)(C)[C@@H](O)CC(=O)O1 |^1:4|
epothilone_cid10838895,,,epothilone_cid10838895.png,high,high,0.8707893459718136,wrong,,Epothilone,0.703,34,34,wrong,wrong,,False,False,False,False,0.703,False,False,0,1,,,,[H]C(C1=C[S-]C(C)=N1)=C(C)[C@@H]1C[C@@H]2O[C@@H]2CCC[C@H](C)[C@H](O)[C@@H](C)C(=O)C(C)(C)[C@H](O)CC(=O)O1 |^1:4|
eribulin_cid11354606,,,eribulin_cid11354606.png,low,low,0.0008729867509559123,invalid,,,,,,invalid,invalid,,False,False,False,False,,False,,,,,,,[H]CCC(=O)CC1([H])OC234([H])C5([H])C67([H])OC8([H])CC9%10%11CCC%12([H])CC(=C)C([H])(CCC%13([H])OC%14([H])C%15C%16(C)C%13[CH]%15%13(C)(C%15O12C%15312%17([H])OC63([H]C893([H])(O%10)O%11)O571C42([H])C%13%17)C%14%16=C)O%12
erythromycin_cid12560,,,erythromycin_cid12560.png,low,low,0.8171590452123814,wrong,,Erythromycin,0.987,51,51,exact,exact,Erythromycin,False,True,False,False,1.0,False,False,3,3,[HH].[H],,,[HH].[H].[H]O[C@]1(C)C[C@@H](C)C(=O)[C@H](C)[C@@H](O)[C@](C)(O)[C@@H](CC)OC(=O)[C@H](C)[C@@H](O[C@H]2C[C@@](C)(OC)[C@@H](O)[C@H](C)O2)[C@H](C)[C@H]1O[C@@H]1O[C@H](C)C[C@H](N(C)C)[C@H]1O |^1:1|
esomeprazole_magnesium_cid9568613,,,esomeprazole_magnesium_cid9568613.png,low,low,0.1241190817371436,invalid,,,,,,invalid,invalid,,False,False,False,False,,False,,,,,,,COC1=CC2=C3(=C45=C(C=CC(OC)=C4)NC4=N5=C(=N2)([N-]3)S(O)(C2=NC=C(C)C(OC)=C2C)C23=NC5=C(=C67=C(C=CC(OC)=C6)NC(=N=27)S4CC2=NC=C(C)C(OC)=C2C)(C=CC(OC)=C5)N3)C=C1.O
estradiol_cid5757,,,estradiol_cid5757.png,low,low,0.7760690509031324,wrong,,Estradiol,1.0,20,20,exact,exact,Estradiol,False,True,False,False,1.0,False,False,2,3,[H].[H],,,"[H].[H].[H][C@@]12CCc3cc(O)ccc3[C@@]1([H])CC[C@]1(C)[C@@H](O)CC[C@@]21[H] |^1:0,1|"
estriol_cid5756,,,estriol_cid5756.png,low,low,0.441625955408369,exact,Estriol,Estriol,1.0,21,21,exact,exact,Estriol,False,False,False,False,1.0,True,True,0,1,,,,[H]O[C@@H]1C[C@@]2([H])[C@]3([H])CCc4cc(O)ccc4[C@@]3([H])CC[C@]2(C)[C@H]1O
estrone_cid5870,,,estrone_cid5870.png,low,low,0.7628282582966821,exact,Estrone,Estrone,1.0,20,20,exact,exact,Estrone,False,False,False,False,1.0,True,True,0,1,,,,[H][C@@]12CCC(=O)[C@@]1(C)CC[C@]1([H])c3ccc(O)cc3CC[C@@]21[H]
ethambutol_cid14052,,,ethambutol_cid14052.png,high,high,0.8803945118375167,wrong,,Ethambutol,0.895,14,14,exact,exact,Ethambutol,False,True,False,False,1.0,False,False,4,4,[HH].[H].[H],,,"CC[C@@H](CO)NCCN[C@@H](CC)CO.[HH].[H].[H] |^1:15,16|"
ethosuximide_cid3291,,,ethosuximide_cid3291.png,high,high,0.908987016342905,exact,Ethosuximide,Ethosuximide,1.0,10,10,exact,exact,Ethosuximide,False,False,False,False,1.0,True,True,0,1,,,,CCC1(C)CC(=O)NC1=O
ethylenediaminetetraacetic_acid_cid6049,,,ethylenediaminetetraacetic_acid_cid6049.png,high,high,0.8746283392623174,wrong,,Ethylenediaminetetraacetic Acid,0.875,20,20,exact,exact,Ethylenediaminetetraacetic Acid,False,True,False,False,1.0,False,False,3,3,[HH].[H],,,[HH].[H].[H]OC(=O)CN(CCN(CC(=O)O)CC(=O)O)CC(=O)O |^1:1|
etidocaine_cid37497,,,etidocaine_cid37497.png,high,high,0.9100705996240811,exact,Etidocaine,Etidocaine,1.0,20,20,exact,exact,Etidocaine,False,False,False,False,1.0,True,True,0,1,,,,CCCN(CC)C(CC)C(=O)Nc1c(C)cccc1C
etodolac_cid3308,,,etodolac_cid3308.png,high,high,0.896225457576998,wrong,,Etodolac,0.978,21,21,exact,exact,Etodolac,False,True,False,False,1.0,False,False,1,2,[H],,,CCc1cccc2c3c([nH]c12)C(CC)(CC(=O)O)OCC3.[H] |^1:21|
etoposide_cid36462,,,etoposide_cid36462.png,low,low,0.7442708562604329,stereo,Etoposide,Etoposide,1.0,42,42,stereo,stereo,Etoposide,False,False,False,False,1.0,True,True,0,1,,,,[H]Oc1c(OC)cc([C@@H]2c3cc4c(cc3[C@@H](O[C@@H]3O[C@]5([H])CO[C@@H](C)O[C@]5([H])[C@H](O)[C@H]3O)[C@@]3([H])COC(=O)[C@]23[H])OCO4)cc1OC
eugenol_cid3314,,,eugenol_cid3314.png,high,high,0.9073814776702965,wrong,,Eugenol,0.966,12,12,exact,exact,Eugenol,False,True,False,False,1.0,False,False,1,2,[H],,,C=CCc1ccc(O)c(OC)c1.[H] |^1:12|
everolimus_cid6442177,,,everolimus_cid6442177.png,low,low,1.108836186359352e-05,invalid,,,,,,invalid,invalid,,False,False,False,False,,False,,,,,,,[H]OC1([CH]C)OC([H])C[CH]2(OC)C(C)=C[CH]34(OC)C[CH]567(CCC(OCCO)C([H])=C8C(OC)C82([H])=C)C2CC([H])=C([H])C(C)C[CH]CC(OC)C(O)C(C)=C([H])C(C)C(=O)CC([H])(OC(=O)C8([H])CCCCN8C(=O)C1=O)[CH]1(C)C5[CH]2(C16)C37C(OC)[CH]4(OCCO)C([H])=C
exemestane_cid60198,,,exemestane_cid60198.png,low,low,0.522000993927457,stereo,Exemestane,Exemestane,1.0,22,22,stereo,stereo,Exemestane,False,False,False,False,1.0,True,True,0,1,,,,[H][C@@]12CC(=C)C3=CC(=O)C=C[C@]3(C)[C@@]1([H])CC[C@]1(C)C(=O)CC[C@]21[H]
fadh2_cid446013,,,fadh2_cid446013.png,low,low,0.004691446227073739,invalid,,,,,,invalid,invalid,,False,False,False,False,,False,,,,,,,[H]O([H])P1(=O)(O)(O)=O=P(O)(O)O2C(O1)[CH]1(O)C(O)C(O)CN34C56=C789=C%10(C=C(C)(CC)C%105=C(C)C(C)=C7)N6(CC(O)C(O)C(O)C21)C312=C356=C47=C=1=34(N8)(C(=O)NC(=O)(=O=C(NC54=O)N2)N7)N96
famciclovir_cid3324,,,famciclovir_cid3324.png,high,high,0.8839126601405222,wrong,,Famciclovir,0.956,23,23,exact,exact,Famciclovir,False,True,False,False,1.0,False,False,3,3,[HH].[H],,,CC(=O)OCC(CCn1cnc2cnc(N)nc21)COC(C)=O.[HH].[H] |^1:24|
farxiga_cid24936221,,,farxiga_cid24936221.png,low,low,0.8100615696159212,wrong,,Farxiga,0.982,33,34,salt,salt,Farxiga,False,True,False,False,0.982,False,False,5,8,[H].[H].[H].[H].[H].[H],,,"CC(O)CO.CCOc1ccc(Cc2cc([C@@H]3O[C@H](CO)[C@@H](O)[C@H](O)[C@H]3O)ccc2Cl)cc1.[H].[H].[H].[H].[H].[H] |^1:33,34,35,36,37,38|"
felodipine_cid3333,,,felodipine_cid3333.png,high,high,0.9148950838499267,exact,Felodipine,Felodipine,1.0,25,25,exact,exact,Felodipine,False,False,False,False,1.0,True,True,0,1,,,,CCOC(=O)C1=C(C)NC(C)=C(C(=O)OC)C1c1cccc(Cl)c1Cl
fenofibrate_cid3339,,,fenofibrate_cid3339.png,high,high,0.9048849669139079,exact,Fenofibrate,Fenofibrate,1.0,25,25,exact,exact,Fenofibrate,False,False,False,False,1.0,True,True,0,1,,,,CC(C)OC(=O)C(C)(C)Oc1ccc(C(=O)c2ccc(Cl)cc2)cc1
fenoldopam_cid3341,,,fenoldopam_cid3341.png,high,high,0.8898407416673512,wrong,,Fenoldopam,0.974,21,21,exact,exact,Fenoldopam,False,True,False,False,1.0,False,False,2,3,[H].[H],,,"[H].[H].[H]Oc1cc2c(c(Cl)c1O)CCNCC2c1ccc(O)cc1 |^1:0,1|"
fenoprofen_cid3342,,,fenoprofen_cid3342.png,high,high,0.9031767728826826,wrong,,Fenoprofen,1.0,18,18,exact,exact,Fenoprofen,False,True,False,False,1.0,False,False,1,2,[H],,,CC(C(=O)O)c1cccc(Oc2ccccc2)c1.[H] |^1:18|
fentanyl_cid3345,,,fentanyl_cid3345.png,high,high,0.9237232950404908,exact,Fentanyl,Fentanyl,1.0,25,25,exact,exact,Fentanyl,False,False,False,False,1.0,True,True,0,1,,,,CCC(=O)N(c1ccccc1)C1CCN(CCc2ccccc2)CC1
ferrocene_cid10219726,,,ferrocene_cid10219726.png,low,low,0.5550496075278258,wrong,,Ferrocene,0.231,11,11,wrong,wrong,,False,False,False,False,0.231,False,False,2,3,,C1=CCC=C1,,C1=CCC=C1.C1=CCC=C1.[Fe]
fexofenadine_cid3348,,,fexofenadine_cid3348.png,high,high,0.891456751363527,wrong,,Fexofenadine,0.98,37,37,exact,exact,Fexofenadine,False,True,False,False,1.0,False,False,1,2,[H],,,CC(C)(C(=O)O)c1ccc(C(O)CCCN2CCC(C(O)(c3ccccc3)c3ccccc3)CC2)cc1.[H] |^1:37|
fidaxomicin_cid10034073,,,fidaxomicin_cid10034073.png,low,low,0.01158595115418751,invalid,,,,,,invalid,invalid,,False,False,False,False,,False,,,,,,,[H]C1OC(=O)C(C)(COC2OC(C)C(OC(=O)C3=C(CC)C(Cl)=C(O)C(Cl)=C3O)C([H])C2OC)=C(O)C([H])=C([H])C[CH](O)(C=CC2CCC2C)C([H])(C)=CC(CC)C(OC2OC(C)(C)C(OC(=O)C(C)C)C(O)C2O)C(C)=CC([H])=C1O
fimasartan_cid9870652,,,fimasartan_cid9870652.png,high,high,0.9189492300232254,exact,Fimasartan,Fimasartan,1.0,36,36,exact,exact,Fimasartan,False,False,False,False,1.0,True,True,0,1,,,,CCCCc1nc(C)c(CC(=S)N(C)C)c(=O)n1Cc1ccc(-c2ccccc2-c2nn[nH]n2)cc1
finasteride_cid57363,,,finasteride_cid57363.png,low,low,0.5611567641302138,stereo,Finasteride,Finasteride,1.0,27,27,stereo,stereo,Finasteride,False,False,False,False,1.0,True,True,0,1,,,,[H][C@]12CC[C@@]3([H])NC(=O)C=C[C@]3(C)[C@@]1([H])CC[C@]1(C)[C@@H](C(=O)NC(C)(C)C)CC[C@@]21[H]
flecainide_cid3356,,,flecainide_cid3356.png,high,high,0.8958120073339101,wrong,,Flecainide,0.98,28,28,exact,exact,Flecainide,False,True,False,False,1.0,False,False,4,3,[HH].[HH],,,O=C(NCC1CCCCN1)c1cc(OCC(F)(F)F)ccc1OCC(F)(F)F.[HH].[HH]
fludrocortisone_cid31378,,,fludrocortisone_cid31378.png,low,low,0.5956600054636264,wrong,,Fludrocortisone,1.0,27,27,stereo,stereo,Fludrocortisone,False,True,False,False,1.0,False,False,2,3,[H].[H],,,"[H].[H].[H]O[C@H]1C[C@@]2(C)[C@]([H])(CC[C@]2(O)C(=O)CO)[C@]2([H])CCC3=CC(=O)CC[C@]3(C)[C@@]12F |^1:0,1|"
fluorescein_cid16850,,,fluorescein_cid16850.png,high,high,0.9107893330189135,exact,Fluorescein,Fluorescein,1.0,25,25,exact,exact,Fluorescein,False,False,False,False,1.0,True,True,0,1,,,,O=C1OC2(c3ccc(O)cc3Oc3cc(O)ccc32)c2ccccc21
fluoxetine_cid3386,,,fluoxetine_cid3386.png,high,high,0.9128006353616129,exact,Fluoxetine,Fluoxetine,1.0,22,22,exact,exact,Fluoxetine,False,False,False,False,1.0,True,True,0,1,,,,CNCCC(Oc1ccc(C(F)(F)F)cc1)c1ccccc1
flurbiprofen_cid3394,,,flurbiprofen_cid3394.png,low,low,0.7839980820405364,wrong,,Flurbiprofen,0.969,18,18,exact,exact,Flurbiprofen,False,True,False,False,1.0,False,False,2,2,[HH],,,[HH].[H]C(C)(C(=O)O)c1ccc(-c2ccccc2)c(F)c1
flutamide_cid3397,,,flutamide_cid3397.png,high,high,0.8597685305551699,exact,Flutamide,Flutamide,1.0,19,19,exact,exact,Flutamide,False,False,False,False,1.0,True,True,0,1,,,,CC(C)C(=O)Nc1ccc([N+](=O)[O-])c(C(F)(F)F)c1
formic_acid_cid284,,,formic_acid_cid284.png,high,high,0.873713186538226,wrong,,Formic Acid,0.857,3,3,exact,exact,Formic Acid,False,True,False,False,1.0,False,False,1,2,[H],,,[H].[H]C(=O)O |^1:0|
formoterol_cid3410,,,formoterol_cid3410.png,high,high,0.8962017642216689,wrong,,Formoterol,0.98,25,25,exact,exact,Formoterol,False,True,False,False,1.0,False,False,4,3,[HH].[HH],,,[HH].[HH].[H]C(=O)Nc1cc(C(O)CNC(C)Cc2ccc(OC)cc2)ccc1O
foscarnet_cid3415,,,foscarnet_cid3415.png,high,high,0.8487000839246182,wrong,,Foscarnet,0.909,7,7,exact,exact,Foscarnet,False,True,False,False,1.0,False,False,1,2,[H],,,O=C(O)P(=O)(O)O.[H] |^1:7|
fosfomycin_cid446987,,,fosfomycin_cid446987.png,low,low,0.6373447944111611,wrong,,Fosfomycin,0.941,8,8,exact,exact,Fosfomycin,False,True,False,False,1.0,False,False,2,2,[HH],,,C[C@@H]1O[C@@H]1P(=O)(O)O.[HH]
fullerenes_cid123591,,,fullerenes_cid123591.png,low,low,1.32181104864688e-32,invalid,,,,,,invalid,invalid,,False,False,False,False,,False,,,,,,,C12=C3C4567=C89C%10%11%12=C%13%14C%15%16%17%18=C%10%19C%13%10%20%21%22=C%15%13%23%24%25C%15%26%27%28=C=%10%16%13%29%30%31=C%23%20%10%13%16%32%33%34=C%20%23%35%36%37%38%39C%10%40%41%42=C%148%19%11%13%10C8%11=C9%124%13%14C54=C59C%12%19=C%43%44C%45%46%47=C%48%49C%50%51%52=C%53%54%55C%56%57%58=C%53%59%60C%53%61%62=C%56%59%54%63%64C%60%55%54%56=C%55%59%60C=%54%15%65C%55%56%63%15%54=C%59%55%56C%20%59%63%66%67=C%60%26%15%20%68C%55%59%23%15%26%60=C%128%23%55C%438%12=C%48%45%43%59%69C%45=C%57C%48%57%70%71%72=C%58%53%73%74C%48%53%58=C%49%73%57%48C%43%49%57%73%75=C%53%61%50%70%43%76=C%74%71%49%50%53(=C%57%49%61%70C%57%71%74%77=C%58%49%72%50(C%45%57)C%71%61%73%53%45%49C%74%50=C1C%50%77%45(=C%468%70%59%75%49)C%44%47%12=C2356%13C%194%11=C97%14%10)C%43=C=%51%62%48%64%76C%52%54=C%69%63C%23%66%20%15%35(=C%55%40%67%26%36%16)C%41%60%37%321=C%42%17%24%21%29%38%332C=%18%27%22%30%34=C=1=%31%65%56%28%68%25%392
furan_cid8029,,,furan_cid8029.png,high,high,0.8827047799620191,exact,Furan,Furan,1.0,5,5,exact,exact,Furan,False,False,False,False,1.0,True,True,0,1,,,,c1ccoc1
gabapentin_cid3446,,,gabapentin_cid3446.png,high,high,0.8518536436631486,wrong,,Gabapentin,0.957,12,12,exact,exact,Gabapentin,False,True,False,False,1.0,False,False,1,2,[H],,,[H].[H]NCC1(CC(=O)O)CCCCC1 |^1:0|
gadopentetate_dimeglumine_cid55466,,,gadopentetate_dimeglumine_cid55466.png,low,low,0.7083983355651637,stereo,Gadopentetate Dimeglumine,Gadopentetate Dimeglumine,1.0,54,54,stereo,stereo,Gadopentetate Dimeglumine,False,False,False,False,1.0,True,True,0,4,,CNC[C@H](O)[C@@H](O)[C@H](O)[C@@H](O)CO,,CNC[C@H](O)[C@@H](O)[C@H](O)[C@@H](O)CO.CNC[C@H](O)[C@@H](O)[C@H](O)[C@@H](O)CO.O=C([O-])CN(CCN(CC(=O)[O-])CC(=O)O)CCN(CC(=O)[O-])CC(=O)O.[Gd+3] |^1:53|
geldanamycin_cid5288382,,,geldanamycin_cid5288382.png,low,low,0.5781231489106774,invalid,,,,,,invalid,invalid,,False,False,False,False,,False,,,,,,,[H]C1=C(C)C(=O)NC2=CC(=O)C(OC)=C(CC(C)CC(OC)C(O)C(C)C34=C(C)(=C3[H]4)C(OC(N)=O)C(OC)C([H])=C1[H])C2=O
gemcitabine_cid60750,,,gemcitabine_cid60750.png,high,high,0.8921904002974529,wrong,,Gemcitabine,1.0,18,18,exact,exact,Gemcitabine,False,True,False,False,1.0,False,False,2,3,[H].[H],,,"[H].[H].[H]O[C@@H]1[C@@H](CO)O[C@@H](n2ccc(N)nc2=O)C1(F)F |^1:0,1|"
gemfibrozil_cid3463,,,gemfibrozil_cid3463.png,high,high,0.9029916935996851,exact,Gemfibrozil,Gemfibrozil,1.0,18,18,exact,exact,Gemfibrozil,False,False,False,False,1.0,True,True,0,1,,,,Cc1ccc(C)c(OCCCC(C)(C)C(=O)O)c1
gentamicin_cid3467,,,gentamicin_cid3467.png,low,low,0.8209233520031487,wrong,,Gentamicin,1.0,33,33,exact,exact,Gentamicin,False,True,False,False,1.0,False,False,4,5,[H].[H].[H].[H],,,"[H].[H].[H].[H].[H]NC1CCC([H])(C([H])(C)NC)OC1OC1C(N[H])CC(N[H])C(OC2OCC(C)(O)C(N([H])C)C2O)C1O |^1:0,1,2,3|"
ginsenoside_rb1_cid9898279,,,ginsenoside_rb1_cid9898279.png,low,low,0.0007875143687847182,invalid,,,,,,invalid,invalid,,False,False,False,False,,False,,,,,,,CCOC1OC(CO)C(O)C(O)C1O.[H]C1(C)C23CCC2(C)([CH]CC(O)C[CH]OC=CCC)CC2[CH]456CC4[CH]21(O1[CH]2(OC(CO)C(O)C(O)[CH]247OC2OC8C(O)C(O)[CH]29(O)[CH]2(OC%10[CH]4(O)C(O)C(CO)O[CH]%1017)O[CH](CO)(C8O)C(O)[CH]9(O)C2O)O5)C36(C)C
glibenclamide_cid3488,,,glibenclamide_cid3488.png,high,high,0.9073133817142803,exact,Glibenclamide,Glibenclamide,1.0,33,33,exact,exact,Glibenclamide,False,False,False,False,1.0,True,True,0,1,,,,COc1ccc(Cl)cc1C(=O)NCCc1ccc(S(=O)(=O)NC(=O)NC2CCCCC2)cc1
gliclazide_cid3475,,,gliclazide_cid3475.png,high,high,0.8831186299640158,exact,Gliclazide,Gliclazide,1.0,22,22,exact,exact,Gliclazide,False,False,False,False,1.0,True,True,0,1,,,,[H]N(C(=O)N([H])S(=O)(=O)c1ccc(C)cc1)N1CC2CCCC2C1
glipizide_cid3478,,,glipizide_cid3478.png,high,high,0.9196844262829769,exact,Glipizide,Glipizide,1.0,31,31,exact,exact,Glipizide,False,False,False,False,1.0,True,True,0,1,,,,Cc1cnc(C(=O)NCCc2ccc(S(=O)(=O)NC(=O)NC3CCCCC3)cc2)cn1
glutathione_cid124886,,,glutathione_cid124886.png,high,high,0.8816474469275766,wrong,,Glutathione,0.732,20,20,charge,charge,Glutathione,False,True,False,False,0.75,False,False,3,5,[H].[H].[H].[H],,,"[H].[H].[H].[H].[H]N(CC(=O)O)C(=O)[C@H](C[S-])NC(=O)CC[C@H](N)C(=O)O |^1:0,1,2,3|"
glycerol_cid753,,,glycerol_cid753.png,high,high,0.8723538604560478,wrong,,Glycerol,0.9,6,6,exact,exact,Glycerol,False,True,False,False,1.0,False,False,1,2,[H],,,[H].[H]OC(CO)CO |^1:0|
glycine_cid750,,,glycine_cid750.png,high,high,0.8550066713424901,wrong,,Glycine,0.909,5,5,exact,exact,Glycine,False,True,False,False,1.0,False,False,1,2,[H],,,[H].[H]NCC(=O)O |^1:0|
glycopyrronium_cid3494,,,glycopyrronium_cid3494.png,high,high,0.8850179517061579,exact,Glycopyrronium,Glycopyrronium,1.0,23,23,exact,exact,Glycopyrronium,False,False,False,False,1.0,True,True,0,1,,,,[H]C1(OC(=O)C(O)(c2ccccc2)C2CCCC2)CC[N+](C)(C)C1
glycyrrhizin_cid14982,,,glycyrrhizin_cid14982.png,low,low,0.3018096719058169,wrong,,Glycyrrhizin,0.69,58,58,tautomer,tautomer,Glycyrrhizin,False,False,False,False,0.69,False,True,0,1,,,,[H]O[C@@H]1[C@H](O)[C@@H](C(=O)O)O[C@H](O[C@@H]2CC[C@]3(C)C4=C(O)C=C5[C@](C)(CC[C@@]6(C)CC[C@](C)(C(=O)O)C[C@]56[H])[C@]4(C)CC[C@@]3([H])C2(C)C)[C@@H]1O[C@@H]1O[C@H](C(=O)O)[C@@H](O)[C@@H](O)[C@H]1O
glyphosate_cid3496,,,glyphosate_cid3496.png,low,low,0.829176259979059,wrong,,Glyphosate,0.95,10,10,exact,exact,Glyphosate,False,True,False,False,1.0,False,False,2,3,[H].[H],,,"O=C(O)CNCP(=O)(O)O.[H].[H] |^1:10,11|"
goserelin_cid5311128,,,goserelin_cid5311128.png,low,low,0.06658128071249789,invalid,,,,,,invalid,invalid,,False,False,False,False,,False,,,,,,,O.[H]NC(=NCCCC(NC(=O)C(CC(C)C)NC(=O)(=O)C(COC(C)(C)C)NC(=O)C(CC1=CC=C(O[H])C=C1)NC(=O)C(CO)N1C2N3[CH](CC4=CN=CN4)(CC4=CNC5=CC=CC=C45)C213=O)C(=O)N1CCCC1C(=O)NNC(N)=O)NN
gramicidin_s_cid73357,,,gramicidin_s_cid73357.png,low,low,0.004296898001023466,invalid,,,,,,invalid,invalid,,False,False,False,False,,False,,,,,,,O.O.[H]NCCCC12(CNC(CC3(C)CC3)C(=O)NC(CC3=CC=CC=C3)CN3CCCC3([H])C(=O)(=O)N([H])C3C45=O=C346NC3C(CCN)[CH]4(CCCN)(N56)C5(=O)NC(CC(C)C)N5C34=O)CC345([H])C1C231([H])C4(NC(C)(C)C)C(=O)NC(C(C)C)C51=O
guaifenesin_cid3516,,,guaifenesin_cid3516.png,high,high,0.9116580411325136,wrong,,Guaifenesin,0.964,14,14,exact,exact,Guaifenesin,False,True,False,False,1.0,False,False,1,2,[H],,,[H].[H]OC(CO)COc1ccccc1OC |^1:0|
guanidine_hydrochloride_cid5742,,,guanidine_hydrochloride_cid5742.png,high,high,0.8699466879313749,wrong,,Guanidine Hydrochloride,0.875,5,5,exact,exact,Guanidine Hydrochloride,False,True,False,False,1.0,False,False,1,3,[H],,,[H].[H]Cl.[H]N=C(N[H])N[H] |^1:0|
halichondrin_b_cid5488895,,,halichondrin_b_cid5488895.png,low,low,3.846492564136254e-37,invalid,,,,,,invalid,invalid,,False,False,False,False,,False,,,,,,,<invalid>
haloperidol_cid3559,,,haloperidol_cid3559.png,high,high,0.910843171628022,exact,Haloperidol,Haloperidol,1.0,26,26,exact,exact,Haloperidol,False,False,False,False,1.0,True,True,0,1,,,,O=C(CCCN1CCC(O)(c2ccc(Cl)cc2)CC1)c1ccc(F)cc1
heme_b_cid4973,,,heme_b_cid4973.png,low,low,0.00109004498058178,invalid,,,,,,invalid,invalid,,False,False,False,False,,False,,,,,,,C=CC1=C(C)C2=CC3C(C=C)=C(C)C4=[N]3[Fe]35[N](C)CC=C67C(C)=C8CCC(O)=O=C(=O)(O)CCC9%10=C6(C)C(=CC1N2C)[N]731=C92C=C3(=C(CCC(=O)O)C(C)C(=C4)[N]35)=C2C=18%10
heparin_disaccharide_i_s_cid5288499,,,heparin_disaccharide_i_s_cid5288499.png,high,high,0.8886613764965355,wrong,,Heparin Disaccharide I-S,1.0,35,35,exact,exact,Heparin Disaccharide I-S,False,True,False,False,1.0,False,False,2,3,[H].[H],,,"[H].[H].[H]O[C@H]1O[C@H](COS(=O)(=O)[O-])[C@@H](O[C@@H]2OC(C(=O)[O-])=C[C@H](O)[C@H]2OS(=O)(=O)[O-])[C@H](O)[C@H]1N([H])S(=O)(=O)[O-] |^1:0,1|"
hexadecyltrimethylammonium_bromide_cid5974,,,hexadecyltrimethylammonium_bromide_cid5974.png,high,high,0.883603611782877,exact,Hexadecyltrimethylammonium Bromide,Hexadecyltrimethylammonium Bromide,1.0,21,21,exact,exact,Hexadecyltrimethylammonium Bromide,False,False,False,False,1.0,True,True,0,2,,,,CCCCCCCCCCCCCCCC[N+](C)(C)C.[Br-]
hexamethylenetetramine_cid4101,,,hexamethylenetetramine_cid4101.png,low,low,0.458070220204826,exact,Hexamethylenetetramine,Hexamethylenetetramine,1.0,10,10,exact,exact,Hexamethylenetetramine,False,False,False,False,1.0,True,True,0,1,,,,C1N2CN3CN1CN(C2)C3
histamine_cid774,,,histamine_cid774.png,high,high,0.8721468380220085,exact,Histamine,Histamine,1.0,8,8,exact,exact,Histamine,False,False,False,False,1.0,True,True,0,1,,,,[H]NCCc1cncn1[H]
hydralazine_cid3637,,,hydralazine_cid3637.png,high,high,0.8822982972613586,exact,Hydralazine,Hydralazine,1.0,12,12,exact,exact,Hydralazine,False,False,False,False,1.0,True,True,0,1,,,,[H]NNc1nncc2ccccc12
hydrogen_peroxide_cid784,,,hydrogen_peroxide_cid784.png,high,high,0.8633253869952111,wrong,,Hydrogen Peroxide,0.667,2,2,exact,exact,Hydrogen Peroxide,False,True,False,False,1.0,False,False,1,2,[H],,,OO.[H] |^1:2|
hydroxychloroquine_cid3652,,,hydroxychloroquine_cid3652.png,high,high,0.9116629894631044,wrong,,Hydroxychloroquine,0.98,23,23,exact,exact,Hydroxychloroquine,False,True,False,False,1.0,False,False,1,2,[H],,,[H].[H]C(C)(CCCN(CC)CCO)Nc1ccnc2cc(Cl)ccc12 |^1:0|
hydroxyurea_cid3657,,,hydroxyurea_cid3657.png,high,high,0.848305808239038,exact,Hydroxyurea,Hydroxyurea,1.0,5,5,exact,exact,Hydroxyurea,False,False,False,False,1.0,True,True,0,1,,,,[H]NC(=O)N([H])O[H]
hypericin_cid3663,,,hypericin_cid3663.png,low,low,0.612092411700138,invalid,,,,,,invalid,invalid,,False,False,False,False,,False,,,,,,,[H].[H].[H].[H]OC1=C23C4=C5C6=C(C(O)=CC(O)=C61)C1=C6C(=C(O)C=C1O)C(O)=C1C(=O)C=C(C)C(=C4C4(C)=C7C289=O=C738C=49)C1=C65
ibrutinib_cid24821094,,,ibrutinib_cid24821094.png,high,high,0.9068352803841264,exact,Ibrutinib,Ibrutinib,1.0,33,33,exact,exact,Ibrutinib,False,False,False,False,1.0,True,True,0,1,,,,C=CC(=O)N1CCC[C@@H](n2nc(-c3ccc(Oc4ccccc4)cc3)c3c(N)ncnc32)C1
ibuprofen_cid3672,,,ibuprofen_cid3672.png,high,high,0.9074220879419762,exact,"Ibuprofen, (+-)-","Ibuprofen, (+-)-",1.0,15,15,exact,exact,"Ibuprofen, (+-)-",False,False,False,False,1.0,True,True,0,1,,,,CC(C)Cc1ccc(C(C)C(=O)O)cc1
ibutilide_cid60753,,,ibutilide_cid60753.png,high,high,0.8949621974235298,exact,Ibutilide,Ibutilide,1.0,26,26,exact,exact,Ibutilide,False,False,False,False,1.0,True,True,0,1,,,,CCCCCCCN(CC)CCCC(O)c1ccc(NS(C)(=O)=O)cc1
ifosfamide_cid3690,,,ifosfamide_cid3690.png,high,high,0.9002293927843187,exact,Ifosfamide,Ifosfamide,1.0,14,14,exact,exact,Ifosfamide,False,False,False,False,1.0,True,True,0,1,,,,[H]N(CCCl)P1(=O)OCCCN1CCCl
imatinib_cid5291,,,imatinib_cid5291.png,high,high,0.906194752950663,exact,Imatinib,Imatinib,1.0,37,37,exact,exact,Imatinib,False,False,False,False,1.0,True,True,0,1,,,,Cc1ccc(NC(=O)c2ccc(CN3CCN(C)CC3)cc2)cc1Nc1nccc(-c2cccnc2)n1
imidacloprid_cid86287518,,,imidacloprid_cid86287518.png,high,high,0.8934409743324608,exact,Imidacloprid,Imidacloprid,1.0,17,17,exact,exact,Imidacloprid,False,False,False,False,1.0,True,True,0,1,,,,O=[N+]([O-])/N=C1\NCCN1Cc1ccc(Cl)nc1
imidazole_cid795,,,imidazole_cid795.png,low,low,0.8283454340153551,exact,Imidazole,Imidazole,1.0,5,5,exact,exact,Imidazole,False,False,False,False,1.0,True,True,0,1,,,,[H]n1ccnc1
imipramine_cid3696,,,imipramine_cid3696.png,high,high,0.9042044836027535,exact,Imipramine,Imipramine,1.0,21,21,exact,exact,Imipramine,False,False,False,False,1.0,True,True,0,1,,,,CN(C)CCCN1c2ccccc2CCc2ccccc21
indigo_carmine_cid2723854,,,indigo_carmine_cid2723854.png,low,low,0.8153432699179428,wrong,,Indigo carmine,1.0,29,30,salt,salt,Indigo carmine,False,False,False,False,1.0,False,False,1,2,,,,O=C1C(c2[nH]c3ccc(S(=O)(=O)[O-])cc3c2O)=Nc2ccc(S(=O)(=O)[O-])cc21.[Na+]
indigo_cid10215,,,indigo_cid10215.png,high,high,0.8929798842453268,exact,Indigo,Indigo,1.0,20,20,exact,exact,Indigo,False,False,False,False,1.0,True,True,0,1,,,,O=C1C(c2[nH]c3ccccc3c2O)=Nc2ccccc21
indole_cid798,,,indole_cid798.png,high,high,0.8977317889904631,exact,Indole,Indole,1.0,9,9,exact,exact,Indole,False,False,False,False,1.0,True,True,0,1,,,,c1ccc2[nH]ccc2c1
indomethacin_cid3715,,,indomethacin_cid3715.png,high,high,0.9050567661056785,exact,Indomethacin,Indomethacin,1.0,25,25,exact,exact,Indomethacin,False,False,False,False,1.0,True,True,0,1,,,,COc1ccc2c(c1)c(CC(=O)O)c(C)n2C(=O)c1ccc(Cl)cc1
irbesartan_cid3749,,,irbesartan_cid3749.png,high,high,0.9013781299403077,exact,Irbesartan,Irbesartan,1.0,32,32,exact,exact,Irbesartan,False,False,False,False,1.0,True,True,0,1,,,,CCCCC1=NC2(CCCC2)C(=O)N1Cc1ccc(-c2ccccc2-c2nn[nH]n2)cc1
iron_pentacarbonyl_cid26040,,,iron_pentacarbonyl_cid26040.png,high,high,0.8787492682891471,wrong,,Iron pentacarbonyl,0.167,10,11,wrong,wrong,,False,False,False,False,0.167,False,False,11,5,,C=O.C=O.C=O.C=O,,C=O.C=O.C=O.C=O.C=O
isoniazid_cid3767,,,isoniazid_cid3767.png,high,high,0.8902829444728277,wrong,,Isoniazid,0.955,10,10,exact,exact,Isoniazid,False,True,False,False,1.0,False,False,2,3,[H].[H],,,"[H].[H].[H]N(N)C(=O)c1ccncc1 |^1:0,1|"
isosorbide_dinitrate_cid6883,,,isosorbide_dinitrate_cid6883.png,low,low,0.4625982743570949,stereo,Isosorbide Dinitrate,Isosorbide Dinitrate,1.0,16,16,stereo,stereo,Isosorbide Dinitrate,False,False,False,False,1.0,True,True,0,1,,,,[H][C@@]12OC[C@@H](O[N+](=O)[O-])[C@@]1([H])OC[C@@H]2O[N+](=O)[O-]
isosorbide_mononitrate_cid27661,,,isosorbide_mononitrate_cid27661.png,low,low,0.5979504397763445,invalid,,,,,,invalid,invalid,,False,False,False,False,,False,,,,,,,[H].[H]C12OCC(ON(=O)[O-])C1([H])OCC2O
isradipine_cid3784,,,isradipine_cid3784.png,high,high,0.9085641232957006,exact,Isradipine,Isradipine,1.0,27,27,exact,exact,Isradipine,False,False,False,False,1.0,True,True,0,1,,,,COC(=O)C1=C(C)NC(C)=C(C(=O)OC(C)C)C1c1cccc2nonc12
ivosidenib_cid71657455,,,ivosidenib_cid71657455.png,high,high,0.8992818720705216,exact,Ivosidenib,Ivosidenib,1.0,41,41,exact,exact,Ivosidenib,False,False,False,False,1.0,True,True,0,1,,,,[H]N(C(=O)[C@H](c1ccccc1Cl)N(C(=O)[C@@H]1CCC(=O)N1c1cc(C#N)ccn1)c1cncc(F)c1)C1CC(F)(F)C1
ixabepilone_cid6445540,,,ixabepilone_cid6445540.png,high,high,0.8697238504841349,stereo,Ixabepilone,Ixabepilone,1.0,35,35,stereo,stereo,Ixabepilone,False,False,False,False,1.0,True,True,0,1,,,,[H]O[C@H]1[C@@H](C)CCC[C@@]2(C)O[C@@]2([H])C[C@@H](C(C)=C([H])c2csc(C)n2)NC(=O)C[C@H](O)C(C)(C)C(=O)[C@@H]1C
ketamine_cid3821,,,ketamine_cid3821.png,high,high,0.8928082574014126,exact,Ketamine,Ketamine,1.0,16,16,exact,exact,Ketamine,False,False,False,False,1.0,True,True,0,1,,,,CNC1(c2ccccc2Cl)CCCCC1=O
ketorolac_cid3826,,,ketorolac_cid3826.png,high,high,0.8769092965157156,exact,Ketorolac,Ketorolac,1.0,19,19,exact,exact,Ketorolac,False,False,False,False,1.0,True,True,0,1,,,,[H]C1(C(=O)O)CCn2c(C(=O)c3ccccc3)ccc21
l_alanine_cid5950,,,l_alanine_cid5950.png,low,low,0.8405276185206724,exact,L-Alanine,L-Alanine,1.0,6,6,exact,exact,L-Alanine,False,False,False,False,1.0,True,True,0,1,,,,[H]N[C@@H](C)C(=O)O[H]
l_arginine_cid6322,,,l_arginine_cid6322.png,low,low,0.8325597409554555,wrong,,L-Arginine,0.96,12,12,exact,exact,L-Arginine,False,True,False,False,1.0,False,False,3,4,[H].[H].[H],,,"[H].[H].[H].[H]NC(=NCCC[C@H](N[H])C(=O)O)N[H] |^1:0,1,2|"
l_ascorbic_acid_cid54670067,,,l_ascorbic_acid_cid54670067.png,low,low,0.8381346511817535,wrong,,L-Ascorbic Acid,0.4,12,12,wrong,wrong,,False,False,False,False,0.4,False,False,3,2,[H],,,[H].[H][C@]1([C@@H](O)CO)OC(O)=C(O)C1O |^1:0|
l_aspartic_acid_cid5960,,,l_aspartic_acid_cid5960.png,high,high,0.8473261190516392,wrong,,L-Aspartic Acid,0.941,9,9,exact,exact,L-Aspartic Acid,False,True,False,False,1.0,False,False,2,3,[H].[H],,,"N[C@@H](CC(=O)O)C(=O)O.[H].[H] |^1:9,10|"
l_glutamic_acid_cid33032,,,l_glutamic_acid_cid33032.png,high,high,0.882813391223201,wrong,,L-Glutamic Acid,0.947,10,10,exact,exact,L-Glutamic Acid,False,True,False,False,1.0,False,False,1,2,[H],,,[H].[H]N[C@@H](CCC(=O)O[H])C(=O)O |^1:0|
l_glutamine_cid5961,,,l_glutamine_cid5961.png,high,high,0.863284617825612,wrong,,L-Glutamine,0.95,10,10,exact,exact,L-Glutamine,False,True,False,False,1.0,False,False,1,2,[H],,,[H].[H]NC(=O)CC[C@H](N[H])C(=O)O |^1:0|
l_histidine_cid6274,,,l_histidine_cid6274.png,high,high,0.8704003711250075,wrong,,L-Histidine,0.966,11,11,exact,exact,L-Histidine,False,True,False,False,1.0,False,False,1,2,[H],,,[H].[H]N[C@@H](Cc1cncn1[H])C(=O)O |^1:0|
l_isoleucine_cid6306,,,l_isoleucine_cid6306.png,low,low,0.8259877679223814,wrong,,L-Isoleucine,0.905,9,9,exact,exact,L-Isoleucine,False,True,False,False,1.0,False,False,3,3,[HH].[H],,,CC[C@H](C)[C@H](N)C(=O)O.[HH].[H] |^1:10|
l_leucine_cid6106,,,l_leucine_cid6106.png,high,high,0.8862847704743793,wrong,,L-Leucine,0.947,9,9,exact,exact,L-Leucine,False,True,False,False,1.0,False,False,1,2,[H],,,[H].[H]N[C@@H](CC(C)C)C(=O)O |^1:0|
l_lysine_cid5962,,,l_lysine_cid5962.png,low,low,0.842521423112557,wrong,,L-Lysine,0.952,10,10,exact,exact,L-Lysine,False,True,False,False,1.0,False,False,2,3,[H].[H],,,"[H].[H].[H]NCCCC[C@H](N)C(=O)O |^1:0,1|"
l_methionine_cid6137,,,l_methionine_cid6137.png,high,high,0.8673094316973788,wrong,,L-Methionine,0.483,9,9,wrong,wrong,,False,False,False,False,0.483,False,False,1,2,[H],,,"[H].[H]N[C@@H](CC[S-]C)C(=O)O |^1:0,6|"
l_phenylalanine_cid6140,,,l_phenylalanine_cid6140.png,high,high,0.8901820091450103,exact,L-Phenylalanine,L-Phenylalanine,1.0,12,12,exact,exact,L-Phenylalanine,False,False,False,False,1.0,True,True,0,1,,,,[H]N[C@@H](Cc1ccccc1)C(=O)O[H]
l_proline_cid145742,,,l_proline_cid145742.png,high,high,0.8836349858784899,wrong,,L-Proline,0.95,8,8,exact,exact,L-Proline,False,True,False,False,1.0,False,False,1,2,[H],,,O=C(O)[C@@H]1CCCN1.[H] |^1:8|
l_serine_cid5951,,,l_serine_cid5951.png,high,high,0.8880365502597954,wrong,,L-Serine,0.938,7,7,exact,exact,L-Serine,False,True,False,False,1.0,False,False,1,2,[H],,,[H].[H]N[C@@H](CO[H])C(=O)O |^1:0|
l_threonine_cid6288,,,l_threonine_cid6288.png,high,high,0.8544079571009385,exact,L-Threonine,L-Threonine,1.0,8,8,exact,exact,L-Threonine,False,False,False,False,1.0,True,True,0,1,,,,[H]N[C@H](C(=O)O[H])[C@@H](C)O[H]
l_tryptophan_cid6305,,,l_tryptophan_cid6305.png,high,high,0.8820790194043766,wrong,,L-Tryptophan,0.97,15,15,exact,exact,L-Tryptophan,False,True,False,False,1.0,False,False,2,3,[H].[H],,,"[H].[H].[H]N[C@@H](Cc1cn([H])c2ccccc12)C(=O)O |^1:0,1|"
l_tyrosine_cid6057,,,l_tyrosine_cid6057.png,high,high,0.8992703201977738,wrong,,L-Tyrosine,0.96,13,13,exact,exact,L-Tyrosine,False,True,False,False,1.0,False,False,1,2,[H],,,[H].[H]N[C@@H](Cc1ccc(O)cc1)C(=O)O[H] |^1:0|
l_valine_cid6287,,,l_valine_cid6287.png,low,low,0.831440170144528,exact,L-Valine,L-Valine,1.0,8,8,exact,exact,L-Valine,False,False,False,False,1.0,True,True,0,1,,,,[H]N[C@H](C(=O)O[H])C(C)C
labetalol_cid3869,,,labetalol_cid3869.png,high,high,0.8777071422213754,wrong,,Labetalol,0.978,24,24,exact,exact,Labetalol,False,True,False,False,1.0,False,False,6,4,[HH].[HH].[HH],,,CC(CCc1ccccc1)NCC(O)c1ccc(O)c(C(N)=O)c1.[HH].[HH].[HH]
lamotrigine_cid3878,,,lamotrigine_cid3878.png,high,high,0.8870673444010968,wrong,,Lamotrigine,0.967,16,16,exact,exact,Lamotrigine,False,True,False,False,1.0,False,False,2,3,[H].[H],,,"[H].[H].[H]Nc1nc(N)nnc1-c1cccc(Cl)c1Cl |^1:0,1|"
lansoprazole_cid3883,,,lansoprazole_cid3883.png,high,high,0.9174114084526792,exact,Lansoprazole,Lansoprazole,1.0,25,25,exact,exact,Lansoprazole,False,False,False,False,1.0,True,True,0,1,,,,Cc1c(OCC(F)(F)F)ccnc1CS(=O)c1nc2ccccc2[nH]1
lapatinib_cid208908,,,lapatinib_cid208908.png,high,high,0.8964273289466268,wrong,,Lapatinib,0.783,40,40,wrong,wrong,,False,False,False,False,0.783,False,False,2,1,,,,C[SH](=O)(O)CCNCc1ccc(-c2ccc3ncnc(Nc4ccc(OCc5cccc(F)c5)c(Cl)c4)c3c2)o1
lazertinib_cid121269225,,,lazertinib_cid121269225.png,high,high,0.9069028465103496,exact,Lazertinib,Lazertinib,1.0,41,41,exact,exact,Lazertinib,False,False,False,False,1.0,True,True,0,1,,,,C=CC(=O)Nc1cc(Nc2nccc(-n3cc(CN(C)C)c(-c4ccccc4)n3)n2)c(OC)cc1N1CCOCC1
ledipasvir_cid67505836,,,ledipasvir_cid67505836.png,low,low,0.001363994024561505,invalid,,,,,,invalid,invalid,,False,False,False,False,,False,,,,,,,[H]C(=CN=C1C23456[H]C1278([H])(C3[H])C41C2349%10C%11C2C%11132%12%13(CC2)(CN57(C(=O)C(NC(=O)OC)C(C)C)C4%12C9%13)C6%108)C1=CCC(F)(F)C2=C(C=CC(C=CCNC(=N)C([H])(NC(=O)C(CC)NC(=O)OC)C3([H])CCC3([H])C)=C2)C=C1
lenalidomide_cid216326,,,lenalidomide_cid216326.png,high,high,0.8819756261872546,wrong,,Lenalidomide,0.975,19,19,exact,exact,Lenalidomide,False,True,False,False,1.0,False,False,2,3,[H].[H],,,"Nc1cccc2c1CN(C1CCC(=O)NC1=O)C2=O.[H].[H] |^1:19,20|"
letrozole_cid3902,,,letrozole_cid3902.png,high,high,0.9012947886810623,exact,Letrozole,Letrozole,1.0,22,22,exact,exact,Letrozole,False,False,False,False,1.0,True,True,0,1,,,,N#Cc1ccc(C(c2ccc(C#N)cc2)n2cncn2)cc1
leu_enkephalin_cid461776,,,leu_enkephalin_cid461776.png,low,low,0.5985457246443764,stereo,Leu-Enkephalin,Leu-Enkephalin,1.0,40,40,stereo,stereo,Leu-Enkephalin,False,False,False,False,1.0,True,True,0,1,,,,CC(C)C[C@H](NC(=O)[C@@H](Cc1ccccc1)NC(=O)CNC(=O)CNC(=O)[C@@H](N)Cc1ccc(O)cc1)C(=O)O
leukotriene_b4_cid5280492,,,leukotriene_b4_cid5280492.png,high,high,0.8818980745387123,exact,Leukotriene B4,Leukotriene B4,1.0,24,24,exact,exact,Leukotriene B4,False,False,False,False,1.0,True,True,0,1,,,,[H]/C(CCCCC)=C(\[H])C[C@@H](O)/C([H])=C([H])/C([H])=C([H])/C([H])=C(/[H])[C@@H](O)CCCC(=O)O
leuprolide_cid657181,,,leuprolide_cid657181.png,low,low,0.03741151717980969,invalid,,,,,,invalid,invalid,,False,False,False,False,,False,,,,,,,O.[H]NC(=NCCCC(NC(=O)C(CC(C)C)NC(=O)C(CCC)NC(=O)C(CC1=CC=C(O)C=C1)NC(=O)C(CO)NC(=O)[CH]123N[CH]4(C1C1=CN=CN1)C2C1=C2=C5(=C6NN6C678=CC=CC=C56=C5=C17C(=C=8C=C5)N2)C43)C(=O)N1CCCC1C(=O)NCC)N[H]
levetiracetam_cid5284583,,,levetiracetam_cid5284583.png,high,high,0.8498548092263206,wrong,,Levetiracetam,0.966,12,12,exact,exact,Levetiracetam,False,True,False,False,1.0,False,False,1,2,[H],,,CC[C@@H](C(N)=O)N1CCCC1=O.[H] |^1:12|
levodopa_cid6047,,,levodopa_cid6047.png,high,high,0.878303211664778,wrong,,Levodopa,0.931,14,14,exact,exact,Levodopa,False,True,False,False,1.0,False,False,3,3,[HH].[H],,,[HH].[H].[H]N[C@@H](Cc1ccc(O)c(O)c1)C(=O)O[H] |^1:1|
levonorgestrel_cid13109,,,levonorgestrel_cid13109.png,low,low,0.4143569204953879,wrong,,Levonorgestrel,0.979,23,23,stereo,stereo,Levonorgestrel,False,True,False,False,1.0,False,False,2,3,[H].[H],,,"[H].[H].[H][C@@]12CCC3=CC(=O)CC[C@@]3([H])[C@@]1([H])CC[C@@]1(CC)[C@@]2([H])CC[C@@]1(O)C#C |^1:0,1|"
lidocaine_cid3676,,,lidocaine_cid3676.png,high,high,0.9144641004573246,exact,Lidocaine,Lidocaine,1.0,17,17,exact,exact,Lidocaine,False,False,False,False,1.0,True,True,0,1,,,,CCN(CC)CC(=O)Nc1c(C)cccc1C
linagliptin_cid10096344,,,linagliptin_cid10096344.png,high,high,0.8926378151315588,wrong,,Linagliptin,0.763,35,35,wrong,wrong,,False,False,False,False,0.763,False,False,5,3,[HH].[H],,,C/C=C/Cn1c(N2CCC[C@@H](N)C2)nc2c1c(=O)n(Cc1nc(C)c3ccccc3n1)c(=O)n2C.[HH].[H] |^1:36|
linalool_cid6549,,,linalool_cid6549.png,high,high,0.8739103899734272,exact,Linalool,Linalool,1.0,11,11,exact,exact,Linalool,False,False,False,False,1.0,True,True,0,1,,,,C=CC(C)(O)CCC=C(C)C
linoleic_acid_cid5280450,,,linoleic_acid_cid5280450.png,high,high,0.8967018474485062,exact,Linoleic Acid,Linoleic Acid,1.0,20,20,exact,exact,Linoleic Acid,False,False,False,False,1.0,True,True,0,1,,,,[H]/C(CCCCC)=C(\[H])C/C([H])=C(/[H])CCCCCCCC(=O)O
liothyronine_cid5920,,,liothyronine_cid5920.png,high,high,0.8877320976356109,wrong,,Liothyronine,0.975,23,23,exact,exact,Liothyronine,False,True,False,False,1.0,False,False,2,3,[H].[H],,,"[H].[H].[H]OC(=O)[C@@H](N)Cc1cc(I)c(Oc2ccc(O[H])c(I)c2)c(I)c1 |^1:0,1|"
lipoic_acid_cid6112,,,lipoic_acid_cid6112.png,high,high,0.8969638900060944,wrong,,Lipoic acid,0.421,12,12,wrong,wrong,,False,False,False,False,0.421,False,False,0,1,,,,"O=C(O)CCCC[C@@H]1CC[S-][S-]1 |^1:10,11|"
lithium_carbonate_cid11125,,,lithium_carbonate_cid11125.png,high,high,0.9054860454490558,exact,Lithium Carbonate,Lithium Carbonate,1.0,6,6,exact,exact,Lithium Carbonate,False,False,False,False,1.0,True,True,0,3,,[Li+],,O=C([O-])[O-].[Li+].[Li+]
lithium_citrate_cid13520,,,lithium_citrate_cid13520.png,low,low,0.7122151055584157,wrong,,Lithium Citrate,0.81,19,16,salt,salt,Lithium Citrate,False,False,False,False,0.81,False,False,4,7,,[Li+].[Li+].[Li+].[Li+].[Li+],,O=C([O-])CC(O)(CC(=O)O)C(=O)[O-].[Li+].[Li+].[Li+].[Li+].[Li+].[Li+]
loperamide_cid3955,,,loperamide_cid3955.png,high,high,0.9078181076475911,wrong,,Loperamide,0.661,33,34,wrong,wrong,,False,False,False,False,0.661,False,False,1,1,,,,[H]C1(c2ccc(Cl)cc2)CCN(CCC(C(=O)N(C)C)(c2ccccc2)c2ccccc2)CC1
lopinavir_cid92727,,,lopinavir_cid92727.png,high,high,0.9037418420910048,exact,Lopinavir,Lopinavir,1.0,46,46,exact,exact,Lopinavir,False,False,False,False,1.0,True,True,0,1,,,,Cc1cccc(C)c1OCC(=O)N[C@@H](Cc1ccccc1)[C@@H](O)C[C@H](Cc1ccccc1)NC(=O)[C@H](C(C)C)N1CCCNC1=O
loratadine_cid3957,,,loratadine_cid3957.png,high,high,0.9054692632336606,exact,Loratadine,Loratadine,1.0,27,27,exact,exact,Loratadine,False,False,False,False,1.0,True,True,0,1,,,,CCOC(=O)N1CCC(=C2c3ccc(Cl)cc3CCc3cccnc32)CC1
lorazepam_cid3958,,,lorazepam_cid3958.png,high,high,0.9035549552057944,exact,Lorazepam,Lorazepam,1.0,21,21,exact,exact,Lorazepam,False,False,False,False,1.0,True,True,0,1,,,,O=C1Nc2ccc(Cl)cc2C(c2ccccc2Cl)=NC1O
lorlatinib_cid71731823,,,lorlatinib_cid71731823.png,high,high,0.8769925305243538,wrong,,Lorlatinib,0.984,30,30,exact,exact,Lorlatinib,False,True,False,False,1.0,False,False,1,2,[H],,,C[C@H]1Oc2cc(cnc2N)-c2c(nn(C)c2C#N)CN(C)C(=O)c2ccc(F)cc21.[H] |^1:30|
losartan_cid3961,,,losartan_cid3961.png,high,high,0.8859861113956581,exact,Losartan,Losartan,1.0,30,30,exact,exact,Losartan,False,False,False,False,1.0,True,True,0,1,,,,[H]OCc1c(Cl)nc(CCCC)n1Cc1ccc(-c2ccccc2-c2nn[nH]n2)cc1
lovastatin_cid53232,,,lovastatin_cid53232.png,high,high,0.8871558067154596,exact,Lovastatin,Lovastatin,1.0,29,29,exact,exact,Lovastatin,False,False,False,False,1.0,True,True,0,1,,,,[H]O[C@H]1CC(=O)O[C@H](CC[C@H]2[C@@H](C)C=CC3=C[C@H](C)C[C@H](OC(=O)[C@@H](C)CC)[C@@]32[H])C1
loxapine_cid3964,,,loxapine_cid3964.png,high,high,0.9090809919946884,exact,Loxapine,Loxapine,1.0,23,23,exact,exact,Loxapine,False,False,False,False,1.0,True,True,0,1,,,,CN1CCN(C2=Nc3ccccc3Oc3ccc(Cl)cc32)CC1
lurbinectedin_cid57327016,,,lurbinectedin_cid57327016.png,low,low,3.343443713171197e-14,invalid,,,,,,invalid,invalid,,False,False,False,False,,False,,,,,,,[H]OC1N234C([H])C5=C6OCOC67=C68CC76(C)C8(OC(C)=O)=C5C5([H])SCC6789([H])(CC6SC527[H])N([H])C18256=C178([H])([NH3+])=C%10(=O)([CH]32O[H])C23%11[H]C2%12C2C%13C1%14=C=7%13(CC1CC138([H])([H])C2%12)C=5%14%11%10123O[NH3]C5=C(C=C(OC)C=C5)C1CC1CC192([H])C([H])([H])C3(=O)[CH]46O[H]
lycopene_cid446925,,,lycopene_cid446925.png,low,low,0.6050707609443449,wrong,,Lycopene,0.568,41,40,wrong,wrong,,False,False,False,False,0.568,False,False,3,1,,,,[H]C(=C\C=C(C)\C=C\C([H])=C(/C)CCC=C(C)C)/C(C)=C/C=C/C=C(C)/C=C/C(C)=C(C)/C=C(\C)CCC/C=C/C(=C)C
magnesium_stearate_cid11177,,,magnesium_stearate_cid11177.png,low,low,0.006965049916262761,wrong,,Magnesium Stearate,0.382,79,41,wrong,wrong,,False,False,False,False,0.382,False,False,121,2,,,,CCCCCCCCCCCCCCCCCC(=O)CCCCCCCCCCCCCCCCC.CCCCCCCCCCCCCCCCCC(=O)CN[C@H](C)CC(=O)CCCCCCCCCCCCCCCCC
malachite_green_cid11294,,,malachite_green_cid11294.png,high,high,0.9143772544000957,exact,Malachite Green,Malachite Green,1.0,26,26,exact,exact,Malachite Green,False,False,False,False,1.0,True,True,0,2,,,,CN(C)c1ccc(C(=C2C=CC(=[N+](C)C)C=C2)c2ccccc2)cc1.[Cl-]
malathion_cid4004,,,malathion_cid4004.png,high,high,0.909486869954217,exact,Malathion,Malathion,1.0,19,19,exact,exact,Malathion,False,False,False,False,1.0,True,True,0,1,,,,CCOC(=O)CC(SP(=S)(OC)OC)C(=O)OCC
manganese_iii_acetylacetonate_cid12567224,,,manganese_iii_acetylacetonate_cid12567224.png,high,high,0.879904039665442,exact,Manganese(III) acetylacetonate,Manganese(III) acetylacetonate,1.0,22,22,exact,exact,Manganese(III) acetylacetonate,False,False,False,False,1.0,True,True,0,4,,CC(=O)/C=C(/C)[O-].CC(=O)/C=C(/C)[O-],,[H]/C(C(C)=O)=C(\C)[O-].[H]/C(C(C)=O)=C(\C)[O-].[H]/C(C(C)=O)=C(\C)[O-].[Mn+3]
maprotiline_cid4011,,,maprotiline_cid4011.png,low,low,0.8326861461082433,exact,Maprotiline,Maprotiline,1.0,21,21,exact,exact,Maprotiline,False,False,False,False,1.0,True,True,0,1,,,,[H]N(C)CCCC12CCC(c3ccccc31)c1ccccc12
maytansine_cid5281828,,,maytansine_cid5281828.png,low,low,0.5117200830264821,exact,Maytansine,Maytansine,1.0,48,48,exact,exact,Maytansine,False,False,False,False,1.0,True,True,0,1,,,,[H]C1=C(/C)Cc2cc(OC)c(Cl)c(c2)N(C)C(=O)C[C@H](OC(=O)[C@H](C)N(C)C(C)=O)[C@]2(C)O[C@@]2([H])[C@H](C)[C@]2([H])C[C@@](O)(NC(=O)O2)[C@H](OC)\C([H])=C\1[H]
meclizine_cid4034,,,meclizine_cid4034.png,high,high,0.9200589309191675,exact,Meclizine,Meclizine,1.0,28,28,exact,exact,Meclizine,False,False,False,False,1.0,True,True,0,1,,,,Cc1cccc(CN2CCN(C(c3ccccc3)c3ccc(Cl)cc3)CC2)c1
medroxyprogesterone_cid10631,,,medroxyprogesterone_cid10631.png,low,low,0.2803157079988333,invalid,,,,,,invalid,invalid,,False,False,False,False,,False,,,,,,,[H]C12CCC3(C)C(O)(C(C)=O)CCC34[H]C14([H])CC(C)C1=CC(=O)CCC12C
mefenamic_acid_cid4044,,,mefenamic_acid_cid4044.png,high,high,0.8692169462779621,wrong,,Mefenamic Acid,0.714,18,18,charge,charge,Mefenamic Acid,False,True,False,False,0.735,False,False,1,2,[HH],,,Cc1cccc(Nc2ccccc2C(=O)[O-])c1C.[HH]
megestrol_cid19090,,,megestrol_cid19090.png,low,low,0.3497859520999377,invalid,,,,,,invalid,invalid,,False,False,False,False,,False,,,,,,,[H]C12CCC3(C)C(O)(C(C)=O)CCC34[H]C14([H])C=C(C)C1=CC(=O)CCC12C
melamine_cid7955,,,melamine_cid7955.png,low,low,0.8351951094498192,wrong,,Melamine,0.889,9,9,exact,exact,Melamine,False,True,False,False,1.0,False,False,3,4,[H].[H].[H],,,"[H].[H].[H].[H]Nc1nc(N)nc(N)n1 |^1:0,1,2|"
melatonin_cid896,,,melatonin_cid896.png,high,high,0.9064419715831357,exact,Melatonin,Melatonin,1.0,17,17,exact,exact,Melatonin,False,False,False,False,1.0,True,True,0,1,,,,COc1ccc2[nH]cc(CCNC(C)=O)c2c1
memantine_cid4054,,,memantine_cid4054.png,low,low,0.3850753443458452,wrong,,Memantine,0.265,13,13,wrong,wrong,,False,False,False,False,0.265,False,False,1,2,[H],,,CC12CC3(C)CC4(C1)CC(N)(C2)C34.[H] |^1:13|
menthol_cid1254,,,menthol_cid1254.png,high,high,0.8801422781270847,exact,Menthol,Menthol,1.0,11,11,exact,exact,Menthol,False,False,False,False,1.0,True,True,0,1,,,,[H]OC1([H])CC([H])(C)CCC1([H])C(C)C
meperidine_cid4058,,,meperidine_cid4058.png,high,high,0.9020979034173581,exact,Meperidine,Meperidine,1.0,18,18,exact,exact,Meperidine,False,False,False,False,1.0,True,True,0,1,,,,CCOC(=O)C1(c2ccccc2)CCN(C)CC1
mepivacaine_cid4062,,,mepivacaine_cid4062.png,high,high,0.9208201946399306,exact,Mepivacaine,Mepivacaine,1.0,18,18,exact,exact,Mepivacaine,False,False,False,False,1.0,True,True,0,1,,,,Cc1cccc(C)c1NC(=O)C1CCCCN1C
metformin_cid4091,,,metformin_cid4091.png,high,high,0.8431998678719409,wrong,,Metformin,0.944,9,9,exact,exact,Metformin,False,True,False,False,1.0,False,False,3,4,[H].[H].[H],,,"[H].[H].[H].[H]N/C(N)=N/C(=N)N(C)C |^1:0,1,2|"
methadone_cid4095,,,methadone_cid4095.png,high,high,0.9044653277108029,exact,Methadone,Methadone,1.0,23,23,exact,exact,Methadone,False,False,False,False,1.0,True,True,0,1,,,,CCC(=O)C(CC(C)N(C)C)(c1ccccc1)c1ccccc1
methanol_d4_cid71568,,,methanol_d4_cid71568.png,low,low,0.5741191285720462,wrong,,Methanol-D4,0.273,2,2,wrong,wrong,,False,False,False,False,0.273,False,False,6,2,[2HH],,,[2HH].[2H]C([2H])([2H])C
methocarbamol_cid4107,,,methocarbamol_cid4107.png,high,high,0.8777887044794015,wrong,,Methocarbamol,0.97,17,17,exact,exact,Methocarbamol,False,True,False,False,1.0,False,False,2,3,[H].[H],,,"COc1ccccc1OCC(O)COC(N)=O.[H].[H] |^1:17,18|"
methylene_blue_cid6099,,,methylene_blue_cid6099.png,high,high,0.8899064308623005,exact,Methylene Blue,Methylene Blue,1.0,21,21,exact,exact,Methylene Blue,False,False,False,False,1.0,True,True,0,2,,,,CN(C)c1ccc2nc3ccc(=[N+](C)C)cc-3sc2c1.[Cl-]
methylphenidate_cid4158,,,methylphenidate_cid4158.png,high,high,0.9204650310868021,exact,Methylphenidate,Methylphenidate,1.0,17,17,exact,exact,Methylphenidate,False,False,False,False,1.0,True,True,0,1,,,,COC(=O)C(c1ccccc1)C1CCCCN1
methylprednisolone_cid6741,,,methylprednisolone_cid6741.png,low,low,0.5600479304677579,invalid,,,,,,invalid,invalid,,False,False,False,False,,False,,,,,,,[H].[H].[H]OC1CC2(C)C(O)(C(=O)CO)CCC23[H]C32([H])CC(C)C3=CC(=O)C=CC3(C)C12[H]
metoprolol_cid4171,,,metoprolol_cid4171.png,high,high,0.9143736074670928,exact,Metoprolol,Metoprolol,1.0,19,19,exact,exact,Metoprolol,False,False,False,False,1.0,True,True,0,1,,,,[H]OC([H])(CNC(C)C)COc1ccc(CCOC)cc1
metoprolol_succinate_cid62937,,,metoprolol_succinate_cid62937.png,high,high,0.8618366620828994,wrong,,Metoprolol Succinate,0.935,50,46,near,near,,False,False,False,False,0.935,False,False,13,4,,COCCc1ccc(OCC(O)CNC(C)C)cc1,,CC(C)N.COCCc1ccc(OCC(O)CNC(C)C)cc1.COCCc1ccc(OCC(O)CNC(C)C)cc1.O=C(O)CCC(=O)O
metronidazole_cid4173,,,metronidazole_cid4173.png,high,high,0.8912282598111925,wrong,,Metronidazole,0.968,12,12,exact,exact,Metronidazole,False,True,False,False,1.0,False,False,1,2,[H],,,Cc1ncc([N+](=O)[O-])n1CCO.[H] |^1:12|
midostaurin_cid9829523,,,midostaurin_cid9829523.png,low,low,0.1564331226069945,invalid,,,,,,invalid,invalid,,False,False,False,False,,False,,,,,,,[H]C123OC4(CC(N(C)C(=O)C5=CC=CC=C5)C(OC)C41(C)N1C4=CC=CC=C4C4=C5CNC(=O)C5=C5C6=CC=CC=C6N2C5=C41)O3
minoxidil_cid4201,,,minoxidil_cid4201.png,high,high,0.89185650520057,wrong,,Minoxidil,0.778,15,15,charge,charge,Minoxidil,False,True,False,False,0.8,False,False,2,3,[H].[H],,,"[H].[H].[H]/N=c1\nc(N2CCCCC2)cc(N[H])n1O |^1:0,1|"
mirtazapine_cid4205,,,mirtazapine_cid4205.png,high,high,0.9061462081244246,exact,Mirtazapine,Mirtazapine,1.0,20,20,exact,exact,Mirtazapine,False,False,False,False,1.0,True,True,0,1,,,,CN1CCN2c3ncccc3Cc3ccccc3C2C1
mithramycin_cid163659,,,mithramycin_cid163659.png,low,low,0.00174531116837392,invalid,,,,,,invalid,invalid,,False,False,False,False,,False,,,,,,,[CH]O[CH]C1(C(O[CH]C)OC2OC(C)C2O)[CH]2(OC3C[CH]4(O3)OC3C(C(OC)C(=O)C(O)C(C)O)CC5=C(C(O)=C6C(=C5)C=C(OC5CC(OC7CC(O)C(O)C(C)O7)C(O)C(C)O5)C(C)=C6O)C34=O)C[CH]1(OC1CC(C)(O)C(O)(O)C(C)O1)C(O)C(C)O2
mitomycin_c_cid5746,,,mitomycin_c_cid5746.png,high,high,0.8694210630872853,exact,Mitomycin C,Mitomycin C,1.0,24,24,exact,exact,Mitomycin C,False,False,False,False,1.0,True,True,0,1,,,,[H]NC1=C(C)C(=O)C2=C(C1=O)[C@@H](COC(N)=O)[C@@]1(OC)[C@H]3N[C@H]3CN21
mk_1775_cid24856436,,,mk_1775_cid24856436.png,high,high,0.9031409394228292,exact,MK 1775,MK 1775,1.0,37,37,exact,exact,MK 1775,False,False,False,False,1.0,True,True,0,1,,,,C=CCn1c(=O)c2cnc(Nc3ccc(N4CCN(C)CC4)cc3)nc2n1-c1cccc(C(C)(C)O)n1
mobocertinib_cid118607832,,,mobocertinib_cid118607832.png,high,high,0.8881414037766352,exact,Mobocertinib,Mobocertinib,1.0,43,43,exact,exact,Mobocertinib,False,False,False,False,1.0,True,True,0,1,,,,C=CC(=O)Nc1cc(Nc2ncc(C(=O)OC(C)C)c(-c3cn(C)c4ccccc34)n2)c(OC)cc1N(C)CCN(C)C
montelukast_cid5281040,,,montelukast_cid5281040.png,high,high,0.899217369125302,wrong,,Montelukast,0.986,41,41,exact,exact,Montelukast,False,True,False,False,1.0,False,False,1,2,[H],,,[H].[H]/C(=C(/[H])c1ccc2ccc(Cl)cc2n1)c1cccc([C@@H](CCc2ccccc2C(C)(C)O)SCC2(CC(=O)O)CC2)c1 |^1:0|
n_21_ethyl_20_2_1_methoxyethyl_5_4_methylpiperazin_1_yl_3_py_cid164885345,,,n_21_ethyl_20_2_1_methoxyethyl_5_4_methylpiperazin_1_yl_3_py_cid164885345.png,low,low,0.05648011808061235,invalid,,,,,,invalid,invalid,,False,False,False,False,,False,,,,,,,[H]N1C(C(=O)OCC2(C)CC34(=C56C7(=C(C(C)OC)(=C58=C(C(C)OC)N=CC(N5CCN(C)CC5)=C8)N=CC(N5CCN(C)CC5)=C7)C35=C37C=C8C9C(=NCC)C8%10=C9C34=C(C=C%10)N756CC)C2)CCCN1C(=O)CNC(=O)C1CC1C
nadolol_cid39147,,,nadolol_cid39147.png,high,high,0.8874947609038785,exact,Nadolol,Nadolol,1.0,22,22,exact,exact,Nadolol,False,False,False,False,1.0,True,True,0,1,,,,[H]O[C@H]1Cc2c(cccc2OCC(O)CNC(C)(C)C)C[C@H]1O
nafcillin_cid8982,,,nafcillin_cid8982.png,high,high,0.8900214011675646,exact,Nafcillin,Nafcillin,1.0,29,29,exact,exact,Nafcillin,False,False,False,False,1.0,True,True,0,1,,,,[H][C@]12SC(C)(C)[C@H](C(=O)O)N1C(=O)[C@H]2NC(=O)c1c(OCC)ccc2ccccc12
nandrolone_cid9904,,,nandrolone_cid9904.png,low,low,0.57041084068023,wrong,,Nandrolone,1.0,20,20,stereo,stereo,Nandrolone,False,True,False,False,1.0,False,False,1,2,[H],,,[H].[H][C@@]12CCC3=CC(=O)CC[C@@]3([H])[C@@]1([H])CC[C@]1(C)[C@@H](O)CC[C@]21[H] |^1:0|
naphthalene_cid931,,,naphthalene_cid931.png,high,high,0.8648258793930456,exact,Naphthalene,Naphthalene,1.0,10,10,exact,exact,Naphthalene,False,False,False,False,1.0,True,True,0,1,,,,c1ccc2ccccc2c1
naratriptan_cid4440,,,naratriptan_cid4440.png,high,high,0.9071629360867898,exact,Naratriptan,Naratriptan,1.0,23,23,exact,exact,Naratriptan,False,False,False,False,1.0,True,True,0,1,,,,[H]n1cc(C2CCN(C)CC2)c2cc(CCS(=O)(=O)NC)ccc21
nefazodone_cid4449,,,nefazodone_cid4449.png,high,high,0.8958427550731526,exact,Nefazodone,Nefazodone,1.0,33,33,exact,exact,Nefazodone,False,False,False,False,1.0,True,True,0,1,,,,CCc1nn(CCCN2CCN(c3cccc(Cl)c3)CC2)c(=O)n1CCOc1ccccc1
nevirapine_cid4463,,,nevirapine_cid4463.png,high,high,0.9103229325939576,exact,Nevirapine,Nevirapine,1.0,20,20,exact,exact,Nevirapine,False,False,False,False,1.0,True,True,0,1,,,,[H]N1C(=O)c2cccnc2N(C2CC2)c2nccc(C)c21
nicardipine_cid4474,,,nicardipine_cid4474.png,high,high,0.916457649027964,exact,Nicardipine,Nicardipine,1.0,35,35,exact,exact,Nicardipine,False,False,False,False,1.0,True,True,0,1,,,,[H]C1(c2cccc([N+](=O)[O-])c2)C(C(=O)OC)=C(C)NC(C)=C1C(=O)OCCN(C)Cc1ccccc1
nickelocene_cid62390,,,nickelocene_cid62390.png,low,low,0.7794796303778416,wrong,,Nickelocene,0.8,11,11,wrong,near,,False,False,False,True,0.8,False,False,0,3,,c1cc[cH-]c1,[Ni+],[H][c-]1cccc1.[Ni+].c1cc[cH-]c1 |^1:6|
nicotine_cid89594,,,nicotine_cid89594.png,high,high,0.9143546242255819,exact,Nicotine,Nicotine,1.0,12,12,exact,exact,Nicotine,False,False,False,False,1.0,True,True,0,1,,,,CN1CCC[C@H]1c1cccnc1
nicotinic_acid_cid938,,,nicotinic_acid_cid938.png,high,high,0.8886297430076613,exact,Nicotinic Acid,Nicotinic Acid,1.0,9,9,exact,exact,Nicotinic Acid,False,False,False,False,1.0,True,True,0,1,,,,[H]OC(=O)c1cccnc1
nifedipine_cid4485,,,nifedipine_cid4485.png,high,high,0.9047196125825233,exact,Nifedipine,Nifedipine,1.0,25,25,exact,exact,Nifedipine,False,False,False,False,1.0,True,True,0,1,,,,COC(=O)C1=C(C)NC(C)=C(C(=O)OC)C1c1ccccc1[N+](=O)[O-]
nilotinib_cid644241,,,nilotinib_cid644241.png,high,high,0.9036169765802569,exact,Nilotinib,Nilotinib,1.0,39,39,exact,exact,Nilotinib,False,False,False,False,1.0,True,True,0,1,,,,Cc1cn(-c2cc(NC(=O)c3ccc(C)c(Nc4nccc(-c5cccnc5)n4)c3)cc(C(F)(F)F)c2)cn1
nirmatrelvir_cid155903259,,,nirmatrelvir_cid155903259.png,high,high,0.8758322781214781,wrong,,Nirmatrelvir,0.985,35,35,exact,exact,Nirmatrelvir,False,True,False,False,1.0,False,False,1,2,[H],,,[H].[H]N(C(=O)[C@H]1N(C(=O)[C@@H](NC(=O)C(F)(F)F)C(C)(C)C)C[C@]2([H])C(C)(C)[C@]12[H])[C@H](C#N)C[C@@H]1CCNC1=O |^1:0|
nitazoxanide_cid41684,,,nitazoxanide_cid41684.png,high,high,0.8940837673350894,wrong,,Nitazoxanide,0.544,21,21,wrong,wrong,,False,False,False,False,0.544,False,False,0,1,,,,CC(=O)Oc1ccccc1C(=O)NC1=NC=C([N+](=O)[O-])[S-]1 |^1:20|
nitric_acid_cid944,,,nitric_acid_cid944.png,high,high,0.8888944753116959,wrong,,Nitric Acid,0.889,4,4,exact,exact,Nitric Acid,False,True,False,False,1.0,False,False,1,2,[H],,,O=[N+]([O-])O.[H] |^1:4|
nitrofurantoin_cid6604200,,,nitrofurantoin_cid6604200.png,high,high,0.8763680972606351,exact,Nitrofurantoin,Nitrofurantoin,1.0,17,17,exact,exact,Nitrofurantoin,False,False,False,False,1.0,True,True,0,1,,,,[H]/C(=N\N1CC(=O)NC1=O)c1ccc([N+](=O)[O-])o1
nitroglycerin_cid4510,,,nitroglycerin_cid4510.png,high,high,0.9133744341484475,exact,Nitroglycerin,Nitroglycerin,1.0,15,15,exact,exact,Nitroglycerin,False,False,False,False,1.0,True,True,0,1,,,,O=[N+]([O-])OCC(CO[N+](=O)[O-])O[N+](=O)[O-]
nonactin_cid72519,,,nonactin_cid72519.png,low,low,0.335701026939757,stereo,Nonactin,Nonactin,1.0,52,52,stereo,stereo,Nonactin,False,False,False,False,1.0,True,True,0,1,,,,[H][C@@]12CC[C@@]([H])(O1)[C@@H](C)C(=O)O[C@H](C)C[C@@]1([H])CC[C@]([H])(O1)[C@H](C)C(=O)O[C@@H](C)C[C@]1([H])CC[C@]([H])(O1)[C@@H](C)C(=O)O[C@H](C)C[C@@]1([H])CC[C@]([H])(O1)[C@H](C)C(=O)O[C@@H](C)C2
norepinephrine_cid439260,,,norepinephrine_cid439260.png,high,high,0.8764096089286233,wrong,,Norepinephrine,0.92,12,12,exact,exact,Norepinephrine,False,True,False,False,1.0,False,False,4,4,[HH].[H].[H],,,"[HH].[H].[H].[H]O[C@@H](CN)c1ccc(O)c(O)c1 |^1:1,2|"
norethindrone_cid6230,,,norethindrone_cid6230.png,low,low,0.7313698887581643,wrong,,Norethindrone,0.978,22,22,exact,exact,Norethindrone,False,True,False,False,1.0,False,False,2,3,[H].[H],,,"[H].[H].[H][C@@]12CCC3=CC(=O)CC[C@]3([H])[C@@]1([H])CC[C@@]1(C)[C@@]2([H])CC[C@@]1(O)C#C |^1:0,1|"
nortriptyline_cid4543,,,nortriptyline_cid4543.png,high,high,0.884537322317665,exact,Nortriptyline,Nortriptyline,1.0,20,20,exact,exact,Nortriptyline,False,False,False,False,1.0,True,True,0,1,,,,CNCCC=C1c2ccccc2CCc2ccccc21
nystatin_usp_inn_ban_jan_cid6433272,,,nystatin_usp_inn_ban_jan_cid6433272.png,low,low,0.004551566045339398,invalid,,,,,,invalid,invalid,,False,False,False,False,,False,,,,,,,[H]C(C=C)=CCCC([H])=CC1=C[CH]2(C)C(O)[CH]34(N1)[CH]1(C)C[CH]35OC(=O)CC(O)CC(O)CC(O)CCC(O)C(O)C3C(O)(CC36(O)OCC3C(CC3(OC3OC(C)C(O)C([H])C3O)C([H])=CC([H])=CC([H])=CC([H])=CCCC([H])=CCNC5[CH]24O)O6)C(O)CCC(O)CC(O)CC(O)CC(=O)O1
octreotide_cid448601,,,octreotide_cid448601.png,low,low,0.04927359307635687,invalid,,,,,,invalid,invalid,,False,False,False,False,,False,,,,,,,[H]OC(C)C(CO)NC(=O)C1CSSCC(NC(=O)C(N)CC2=CC=CC=C2)C(=O)NC(CC2=CC=CC=C2)C(=O)(=O)NC2=C34=C5C6=C7=C89=CC=CC=C8(=C(=C6N3)C=C7)NC=C=49(C(=O)NC(CCCCN)C(=O)NC([H])(C(C)O)C(=O)N1)C25
okadaic_acid_cid446512,,,okadaic_acid_cid446512.png,low,low,9.549564488549658e-06,invalid,,,,,,invalid,invalid,,False,False,False,False,,False,,,,,,,[H]C1[CH]C=C[CH]C2C3C4C5([H])O67C([H])[CH]8(O)(CC([CH][CH]C)O8)C68([H])([CH]6(O)CC(C9OC%10(CCCCO%10)CCC9C)O6)OC476([H])CCC347(CCC(C=CC(C)C3([H])CC(C)=CC9(OCO1)(OC(CC(C)(O)C(=O)O)CCC9O)O3)O4)OC56([H])(C(O)C8=C)O27
oleic_acid_cid445639,,,oleic_acid_cid445639.png,high,high,0.8939819478798822,exact,Oleic Acid,Oleic Acid,1.0,20,20,exact,exact,Oleic Acid,False,False,False,False,1.0,True,True,0,1,,,,[H]/C(CCCCCCCC)=C(\[H])CCCCCCCC(=O)O
olmesartan_cid158781,,,olmesartan_cid158781.png,high,high,0.9007972662835395,wrong,,Olmesartan,0.983,33,33,exact,exact,Olmesartan,False,True,False,False,1.0,False,False,1,2,[H],,,[H].[H]OC(=O)c1c(C(C)(C)O)nc(CCC)n1Cc1ccc(-c2ccccc2-c2nn[nH]n2)cc1 |^1:0|
omeprazole_cid4594,,,omeprazole_cid4594.png,high,high,0.9046598463947018,exact,Omeprazole,Omeprazole,1.0,24,24,exact,exact,Omeprazole,False,False,False,False,1.0,True,True,0,1,,,,COc1ccc2nc(S(=O)Cc3ncc(C)c(OC)c3C)[nH]c2c1
ondansetron_cid4595,,,ondansetron_cid4595.png,high,high,0.9090361783553685,exact,Ondansetron,Ondansetron,1.0,22,22,exact,exact,Ondansetron,False,False,False,False,1.0,True,True,0,1,,,,Cc1nccn1CC1CCc2c(c3ccccc3n2C)C1=O
oritavancin_cid16136912,,,oritavancin_cid16136912.png,low,low,1.658690540991896e-11,invalid,,,,,,invalid,invalid,,False,False,False,False,,False,,,,,,,[H]C1(C)[CH][CH]2(O)(CC3=C45=O=C4N[CH]46C(=O)N4[CH]4789C%10%11%12C(O)=C%13%14=C%10%15(O)=C%10C%13%16=C%114%13%17%18%19=C4=C%157%13%11C48(=C=%14=%17%10(O)O%16)[CH]%12%119%18478%10(NC(=O)(=O)[CH]39([CH]O2)C=C(=O=C(N9)C(NCC=CC2C3C(O9CC9=CCCC=CCO[CH][CH]O[CH]O[CH]C)O23)C623=CC2=C(O)C=C3)COCC=C5)C2=C35(O)=C469%11=C4(O3)C5=C35(O)=C4=C(O)C367=C=92%198=C5%11%10)OC(C)C1O
orphenadrine_cid4601,,,orphenadrine_cid4601.png,high,high,0.9156822174298754,exact,Orphenadrine,Orphenadrine,1.0,20,20,exact,exact,Orphenadrine,False,False,False,False,1.0,True,True,0,1,,,,Cc1ccccc1C(OCCN(C)C)c1ccccc1
osimertinib_cid71496458,,,osimertinib_cid71496458.png,high,high,0.8923587169956033,exact,Osimertinib,Osimertinib,1.0,37,37,exact,exact,Osimertinib,False,False,False,False,1.0,True,True,0,1,,,,C=CC(=O)Nc1cc(Nc2nccc(-c3cn(C)c4ccccc34)n2)c(OC)cc1N(C)CCN(C)C
osimertinib_mesylate_cid78357807,,,osimertinib_mesylate_cid78357807.png,high,high,0.888586551593103,exact,Osimertinib Mesylate,Osimertinib Mesylate,1.0,42,42,exact,exact,Osimertinib Mesylate,False,False,False,False,1.0,True,True,0,2,,,,CS(=O)(=O)O.[H]N(c1nccc(-c2cn(C)c3ccccc23)n1)c1cc(NC(=O)C=C)c(N(C)CCN(C)C)cc1OC
oxalic_acid_cid971,,,oxalic_acid_cid971.png,high,high,0.8781334324079112,wrong,,Oxalic Acid,0.857,6,6,exact,exact,Oxalic Acid,False,True,False,False,1.0,False,False,1,2,[H],,,O=C(O)C(=O)O.[H] |^1:6|
oxandrolone_cid5878,,,oxandrolone_cid5878.png,low,low,0.842674013963473,exact,Oxandrolone,Oxandrolone,1.0,22,22,exact,exact,Oxandrolone,False,False,False,False,1.0,True,True,0,1,,,,[H][C@@]12CC[C@]3([H])[C@]([H])(CC[C@@]4(C)[C@@]3([H])CC[C@]4(C)O)[C@@]1(C)COC(=O)C2
oxaprozin_cid4614,,,oxaprozin_cid4614.png,high,high,0.9126524238825965,exact,Oxaprozin,Oxaprozin,1.0,22,22,exact,exact,Oxaprozin,False,False,False,False,1.0,True,True,0,1,,,,[H]OC(=O)CCc1nc(-c2ccccc2)c(-c2ccccc2)o1
oxcarbazepine_cid34312,,,oxcarbazepine_cid34312.png,high,high,0.898399770381093,exact,Oxcarbazepine,Oxcarbazepine,1.0,19,19,exact,exact,Oxcarbazepine,False,False,False,False,1.0,True,True,0,1,,,,[H]NC(=O)N1c2ccccc2CC(=O)c2ccccc21
oxytocin_cid439302,,,oxytocin_cid439302.png,low,low,0.0006977543227456814,invalid,,,,,,invalid,invalid,,False,False,False,False,,False,,,,,,,[H]NC1=O=C(=O)(N[H])CNC2(=O)=O=C3(NC1)C1NC4=O=C(=O)(N[CH]325CC(C)(C)CC(C)C15)[CH]12C3CC56C7C1[CH]43N51C7N62C2(=O)=O=C13[CH]1(NC(=O)=O)C(S)[CH]32(N[CH]N[CH]C(=O)NC(CC2=CC=C(O)C=C2)C(=O)NCC(C)CC)C1S
ozone_cid24823,,,ozone_cid24823.png,high,low,0.8519882168505332,invalid,,,,,,invalid,invalid,,False,False,False,False,,False,,,,,,,O=O[O-]
paclitaxel_cid36314,,,paclitaxel_cid36314.png,low,low,0.7671781820994414,stereo,Paclitaxel,Paclitaxel,1.0,62,62,stereo,stereo,Paclitaxel,False,False,False,False,1.0,True,True,0,1,,,,[H]O[C@H]1C[C@]2([H])OC[C@@]2(OC(C)=O)[C@@]2([H])[C@H](OC(=O)c3ccccc3)[C@]3(O)C[C@H](OC(=O)[C@H](O)[C@@H](NC(=O)c4ccccc4)c4ccccc4)C(C)=C([C@@H](OC(C)=O)C(=O)[C@]12C)C3(C)C
palmitic_acid_cid985,,,palmitic_acid_cid985.png,high,high,0.9063627046087411,exact,Palmitic Acid,Palmitic Acid,1.0,18,18,exact,exact,Palmitic Acid,False,False,False,False,1.0,True,True,0,1,,,,CCCCCCCCCCCCCCCC(=O)O
pantoprazole_cid4679,,,pantoprazole_cid4679.png,high,high,0.9047083615184427,exact,Pantoprazole,Pantoprazole,1.0,26,26,exact,exact,Pantoprazole,False,False,False,False,1.0,True,True,0,1,,,,COc1ccnc(CS(=O)c2nc3ccc(OC(F)F)cc3[nH]2)c1OC
pantothenic_acid_cid6613,,,pantothenic_acid_cid6613.png,high,high,0.8897789656919557,wrong,,Pantothenic Acid,0.966,15,15,exact,exact,Pantothenic Acid,False,True,False,False,1.0,False,False,2,3,[H].[H],,,"CC(C)(CO)[C@@H](O)C(=O)NCCC(=O)O.[H].[H] |^1:15,16|"
paraquat_cid15939,,,paraquat_cid15939.png,high,high,0.8984615523918056,exact,Paraquat,Paraquat,1.0,14,14,exact,exact,Paraquat,False,False,False,False,1.0,True,True,0,1,,,,C[n+]1ccc(-c2cc[n+](C)cc2)cc1
paroxetine_cid43815,,,paroxetine_cid43815.png,high,high,0.9055824819921079,wrong,,Paroxetine,0.979,24,24,exact,exact,Paroxetine,False,True,False,False,1.0,False,False,1,2,[H],,,Fc1ccc([C@@H]2CCNC[C@H]2COc2ccc3c(c2)OCO3)cc1.[H] |^1:24|
patulin_cid4696,,,patulin_cid4696.png,high,high,0.8806707603102522,exact,Patulin,Patulin,1.0,11,11,exact,exact,Patulin,False,False,False,False,1.0,True,True,0,1,,,,O=C1C=C2C(=CCOC2O)O1
pazopanib_cid10113978,,,pazopanib_cid10113978.png,high,high,0.9038546052765293,exact,Pazopanib,Pazopanib,1.0,31,31,exact,exact,Pazopanib,False,False,False,False,1.0,True,True,0,1,,,,[H]NS(=O)(=O)c1cc(Nc2nccc(N(C)c3ccc4c(C)n(C)nc4c3)n2)ccc1C
penicillin_g_cid5904,,,penicillin_g_cid5904.png,high,high,0.8933944689242523,exact,Penicillin G,Penicillin G,1.0,23,23,exact,exact,Penicillin G,False,False,False,False,1.0,True,True,0,1,,,,[H]OC(=O)[C@@H]1N2C(=O)[C@@H](N([H])C(=O)Cc3ccccc3)[C@@]2([H])SC1(C)C
pentacene_cid8671,,,pentacene_cid8671.png,high,high,0.891311448115941,exact,Pentacene,Pentacene,1.0,22,22,exact,exact,Pentacene,False,False,False,False,1.0,True,True,0,1,,,,c1ccc2cc3cc4cc5ccccc5cc4cc3cc2c1
perfluorooctanesulfonic_acid_cid74483,,,perfluorooctanesulfonic_acid_cid74483.png,high,high,0.8658408673884279,wrong,,Perfluorooctanesulfonic acid,0.947,29,29,exact,exact,Perfluorooctanesulfonic acid,False,True,False,False,1.0,False,False,1,2,[H],,,O=S(=O)(O)C(F)(F)C(F)(F)C(F)(F)C(F)(F)C(F)(F)C(F)(F)C(F)(F)C(F)(F)F.[H] |^1:29|
perfluorooctanoic_acid_cid9554,,,perfluorooctanoic_acid_cid9554.png,low,low,0.7324415496673639,wrong,,Perfluorooctanoic acid,0.944,25,25,exact,exact,Perfluorooctanoic acid,False,True,False,False,1.0,False,False,2,2,[HH],,,O=C(O)C(F)(F)C(F)(F)C(F)(F)C(F)(F)C(F)(F)C(F)(F)C(F)(F)F.[HH]
pergolide_cid47811,,,pergolide_cid47811.png,high,high,0.8886592231851002,exact,Pergolide,Pergolide,1.0,22,22,exact,exact,Pergolide,False,False,False,False,1.0,True,True,0,1,,,,[H]n1cc2c3c(cccc31)[C@@]1([H])C[C@@H](CSC)CN(CCC)[C@]1([H])C2
permethrin_cid40326,,,permethrin_cid40326.png,high,high,0.9161581067538973,exact,Permethrin,Permethrin,1.0,26,26,exact,exact,Permethrin,False,False,False,False,1.0,True,True,0,1,,,,CC1(C)C(C=C(Cl)Cl)C1C(=O)OCc1cccc(Oc2ccccc2)c1
perylene_cid9142,,,perylene_cid9142.png,high,high,0.8888994236758925,exact,Perylene,Perylene,1.0,20,20,exact,exact,Perylene,False,False,False,False,1.0,True,True,0,1,,,,c1cc2cccc3c4cccc5cccc(c(c1)c23)c54
phenobarbital_cid4763,,,phenobarbital_cid4763.png,high,high,0.8708488951686114,wrong,,Phenobarbital,0.962,17,17,exact,exact,Phenobarbital,False,True,False,False,1.0,False,False,1,2,[H],,,CCC1(c2ccccc2)C(=O)NC(=O)NC1=O.[H] |^1:17|
phenol_cid996,,,phenol_cid996.png,high,high,0.9055985499270705,wrong,,Phenol,0.353,7,7,charge,charge,Phenol,False,True,False,False,0.375,False,False,0,2,[H],,,[H].[O-]c1ccccc1 |^1:0|
phenylephrine_cid6041,,,phenylephrine_cid6041.png,high,high,0.8903860122008218,exact,Phenylephrine,Phenylephrine,1.0,12,12,exact,exact,Phenylephrine,False,False,False,False,1.0,True,True,0,1,,,,[H]Oc1cccc([C@H](CN([H])C)O[H])c1
phenytoin_cid1775,,,phenytoin_cid1775.png,high,high,0.8893659031504917,exact,Phenytoin,Phenytoin,1.0,19,19,exact,exact,Phenytoin,False,False,False,False,1.0,True,True,0,1,,,,[H]N1C(=O)N([H])C(c2ccccc2)(c2ccccc2)C1=O
phosphoric_acid_cid1004,,,phosphoric_acid_cid1004.png,high,high,0.8685545564841761,exact,Phosphoric Acid,Phosphoric Acid,1.0,5,5,exact,exact,Phosphoric Acid,False,False,False,False,1.0,True,True,0,1,,,,[H]OP(=O)(O)O[H]
phthalocyanine_cid86280045,,,phthalocyanine_cid86280045.png,low,low,0.7063259509768647,invalid,,,,,,invalid,invalid,,False,False,False,False,,False,,,,,,,[H]N1C2=NC3=NC(=NC4=C5C=CC=CC5=C(=NC5=NC(N=C1C1=CC=CC=C12)C1=CC=CC=C15)N4)C1=CC=CC=C13
pimozide_cid16362,,,pimozide_cid16362.png,high,high,0.9090298597209076,exact,Pimozide,Pimozide,1.0,34,34,exact,exact,Pimozide,False,False,False,False,1.0,True,True,0,1,,,,O=c1[nH]c2ccccc2n1C1CCN(CCCC(c2ccc(F)cc2)c2ccc(F)cc2)CC1
pioglitazone_cid4829,,,pioglitazone_cid4829.png,high,high,0.9020574958256635,exact,Pioglitazone,Pioglitazone,1.0,25,25,exact,exact,Pioglitazone,False,False,False,False,1.0,True,True,0,1,,,,CCc1ccc(CCOc2ccc(CC3SC(=O)NC3=O)cc2)nc1
piperacillin_cid43672,,,piperacillin_cid43672.png,high,high,0.8815914667324148,wrong,,Piperacillin,0.968,36,36,exact,exact,Piperacillin,False,True,False,False,1.0,False,False,3,3,[HH].[H],,,[HH].[H].[H][C@]12SC(C)(C)[C@H](C(=O)O)N1C(=O)[C@H]2NC(=O)[C@H](NC(=O)N1CCN(CC)C(=O)C1=O)c1ccccc1 |^1:1|
platinum_ii_1_cyclobutanedicarboxylato_diammine_cis_cid426756,,,platinum_ii_1_cyclobutanedicarboxylato_diammine_cis_cid426756.png,low,low,0.09192759394779243,wrong,,"Platinum(II),1-cyclobutanedicarboxylato)diammine-, cis-",0.194,12,13,wrong,wrong,,False,False,False,False,0.194,False,False,2,4,[H].[H].[H],,,"[H].[H].[H].[H][N-][Pt+]1([H])[O]C(=O)C2(CCC2)C(=O)[O]1 |^1:0,1,2|"
pomalidomide_cid134780,,,pomalidomide_cid134780.png,high,high,0.8795733344929695,wrong,,Pomalidomide,0.949,20,20,exact,exact,Pomalidomide,False,True,False,False,1.0,False,False,3,3,[HH].[H],,,[HH].[H].[H]N1C(=O)CCC(N2C(=O)c3cccc(N)c3C2=O)C1=O |^1:1|
potassium_citrate_cid2735208,,,potassium_citrate_cid2735208.png,low,low,0.7207541264544849,wrong,,Potassium Citrate,0.708,22,17,salt,salt,Potassium Citrate,False,True,True,False,0.739,False,False,6,11,[HH],[K+].[K+].[K+].[K+].[K+].[K+].[K+],,O=C([O-])CC(O)(CC(=O)O)C(=O)[O-].[HH].[K+].[K+].[K+].[K+].[K+].[K+].[K+].[K+].[O-] |^1:22|
potassium_trichloro_ethylene_platinate_ii_hydrate_cid71311337,,,potassium_trichloro_ethylene_platinate_ii_hydrate_cid71311337.png,high,high,0.8679921922762883,wrong,,Potassium trichloro(ethylene)platinate(II) hydrate,0.25,6,8,wrong,wrong,,False,False,False,False,0.25,False,False,4,5,[H].[H],,,"O.[Cl][Pt]([Cl])[Cl].[H].[H].[K+] |^1:5,6|"
pravastatin_cid54687,,,pravastatin_cid54687.png,high,high,0.892225390702551,exact,Pravastatin,Pravastatin,1.0,30,30,exact,exact,Pravastatin,False,False,False,False,1.0,True,True,0,1,,,,[H]OC(=O)C[C@@H](C[C@@H](CC[C@H]1[C@@H](C)C=CC2=C[C@@H](O[H])C[C@H](OC(=O)[C@@H](C)CC)[C@@]21[H])O[H])O[H]
praziquantel_cid4891,,,praziquantel_cid4891.png,high,high,0.8974367043835643,exact,Praziquantel,Praziquantel,1.0,23,23,exact,exact,Praziquantel,False,False,False,False,1.0,True,True,0,1,,,,O=C(C1CCCCC1)N1CC(=O)N2CCc3ccccc3C2C1
prazosin_cid4893,,,prazosin_cid4893.png,high,high,0.9009736853096999,wrong,,Prazosin,0.981,28,28,exact,exact,Prazosin,False,True,False,False,1.0,False,False,1,2,[H],,,COc1cc2nc(N3CCN(C(=O)c4ccco4)CC3)nc(N)c2cc1OC.[H] |^1:28|
prednisolone_cid5755,,,prednisolone_cid5755.png,low,low,0.6872550230296584,wrong,,Prednisolone,1.0,26,26,stereo,stereo,Prednisolone,False,True,False,False,1.0,False,False,2,3,[H].[H],,,"[H].[H].[H]O[C@H]1C[C@@]2(C)[C@]([H])(CC[C@]2(O)C(=O)CO)[C@]2([H])CCC3=CC(=O)C=C[C@]3(C)[C@@]12[H] |^1:0,1|"
prednisone_cid5865,,,prednisone_cid5865.png,low,low,0.6964276664031941,wrong,,Prednisone,0.98,26,26,stereo,stereo,Prednisone,False,True,False,False,1.0,False,False,2,3,[H].[H],,,"[H].[H].[H][C@@]12CCC3=CC(=O)C=C[C@]3(C)[C@@]1([H])C(=O)C[C@@]1(C)[C@]2([H])CC[C@]1(O)C(=O)CO |^1:0,1|"
pregabalin_cid5486971,,,pregabalin_cid5486971.png,high,high,0.8877876259686092,exact,Pregabalin,Pregabalin,1.0,11,11,exact,exact,Pregabalin,False,False,False,False,1.0,True,True,0,1,,,,[H]OC(=O)C[C@@H](CN)CC(C)C
pregnenolone_cid8955,,,pregnenolone_cid8955.png,low,low,0.6588758158926823,wrong,,Pregnenolone,0.977,23,23,exact,exact,Pregnenolone,False,True,False,False,1.0,False,False,2,2,[HH],,,[HH].[H][C@@]12CC=C3C[C@@H](O)CC[C@]3(C)[C@@]1([H])CC[C@]1(C)[C@@H](C(C)=O)CC[C@@]21[H]
pretomanid_cid456199,,,pretomanid_cid456199.png,high,high,0.8843666108291287,exact,Pretomanid,Pretomanid,1.0,25,25,exact,exact,Pretomanid,False,False,False,False,1.0,True,True,0,1,,,,O=[N+]([O-])c1cn2c(n1)OC[C@@H](OCc1ccc(OC(F)(F)F)cc1)C2
prilocaine_cid4906,,,prilocaine_cid4906.png,high,high,0.8970577629138746,wrong,,Prilocaine,0.971,16,16,exact,exact,Prilocaine,False,True,False,False,1.0,False,False,2,2,[HH],,,CCCNC(C)C(=O)Nc1ccccc1C.[HH]
primidone_cid4909,,,primidone_cid4909.png,high,high,0.8957746959117487,exact,Primidone,Primidone,1.0,16,16,exact,exact,Primidone,False,False,False,False,1.0,True,True,0,1,,,,CCC1(c2ccccc2)C(=O)NCNC1=O
procarbazine_cid4915,,,procarbazine_cid4915.png,high,high,0.8889542083029002,exact,Procarbazine,Procarbazine,1.0,16,16,exact,exact,Procarbazine,False,False,False,False,1.0,True,True,0,1,,,,CNNCc1ccc(C(=O)NC(C)C)cc1
progesterone_cid5994,,,progesterone_cid5994.png,low,low,0.6439082806019172,exact,Progesterone,Progesterone,1.0,23,23,exact,exact,Progesterone,False,False,False,False,1.0,True,True,0,1,,,,[H][C@@]12CCC3=CC(=O)CC[C@]3(C)[C@@]1([H])CC[C@]1(C)[C@@H](C(C)=O)CC[C@@]21[H]
propofol_cid4943,,,propofol_cid4943.png,high,high,0.9114323845158991,wrong,,Propofol,0.545,13,13,charge,charge,Propofol,False,False,False,False,0.545,True,False,1,1,,,,CC(C)c1cccc(C(C)C)c1[O-]
propranolol_cid4946,,,propranolol_cid4946.png,high,high,0.8916188339969795,exact,Propranolol,Propranolol,1.0,19,19,exact,exact,Propranolol,False,False,False,False,1.0,True,True,0,1,,,,[H]OC([H])(CNC(C)C)COc1cccc2ccccc12
pseudoephedrine_cid7028,,,pseudoephedrine_cid7028.png,high,high,0.8732312274825603,exact,Pseudoephedrine,Pseudoephedrine,1.0,12,12,exact,exact,Pseudoephedrine,False,False,False,False,1.0,True,True,0,1,,,,[H]O[C@@H](c1ccccc1)[C@H](C)NC
pyrene_cid31423,,,pyrene_cid31423.png,low,low,0.8098908010806959,exact,Pyrene,Pyrene,1.0,16,16,exact,exact,Pyrene,False,False,False,False,1.0,True,True,0,1,,,,c1cc2ccc3cccc4ccc(c1)c2c34
pyridine_cid1049,,,pyridine_cid1049.png,high,high,0.8981430796755312,exact,Pyridine,Pyridine,1.0,6,6,exact,exact,Pyridine,False,False,False,False,1.0,True,True,0,1,,,,c1ccncc1
pyridinium_4_2_6r_7r_2_carboxy_7_2z_2_ethoxyimino_2_5_phosph_cid9852981,,,pyridinium_4_2_6r_7r_2_carboxy_7_2z_2_ethoxyimino_2_5_phosph_cid9852981.png,high,high,0.8976011648304683,stereo,"Pyridinium, 4-(2-(((6R,7R)-2-carboxy-7-(((2Z)-2-(ethoxyimino)-2-(5-(phosphonoamino)-1,2,4-thiadiazol-3-yl)acetyl)amino)-8-oxo-5-thia-1-azabicyclo(4.2.0)oct-2-en-3-yl)thio)-4-thiazolyl)-1-methyl-, inner salt","Pyridinium, 4-(2-(((6R,7R)-2-carboxy-7-(((2Z)-2-(ethoxyimino)-2-(5-(phosphonoamino)-1,2,4-thiadiazol-3-yl)acetyl)amino)-8-oxo-5-thia-1-azabicyclo(4.2.0)oct-2-en-3-yl)thio)-4-thiazolyl)-1-methyl-, inner salt",1.0,43,43,stereo,stereo,"Pyridinium, 4-(2-(((6R,7R)-2-carboxy-7-(((2Z)-2-(ethoxyimino)-2-(5-(phosphonoamino)-1,2,4-thiadiazol-3-yl)acetyl)amino)-8-oxo-5-thia-1-azabicyclo(4.2.0)oct-2-en-3-yl)thio)-4-thiazolyl)-1-methyl-, inner salt",False,False,False,False,1.0,True,True,0,1,,,,[H]C12SCC(Sc3nc(-c4cc[n+](C)cc4)cs3)=C(C(=O)[O-])N1C(=O)[C@H]2NC(=O)/C(=N\OCC)c1nsc(NP(=O)(O)O)n1
pyridoxal_cid1050,,,pyridoxal_cid1050.png,high,high,0.8962089076311701,wrong,,Pyridoxal,0.966,12,12,exact,exact,Pyridoxal,False,True,False,False,1.0,False,False,1,2,[H],,,[H].[H]C(=O)c1c(CO)cnc(C)c1O |^1:0|
quetiapine_cid5002,,,quetiapine_cid5002.png,high,high,0.8967876149980897,exact,Quetiapine,Quetiapine,1.0,27,27,exact,exact,Quetiapine,False,False,False,False,1.0,True,True,0,1,,,,OCCOCCN1CCN(C2=Nc3ccccc3Sc3ccccc32)CC1
quinapril_cid54892,,,quinapril_cid54892.png,low,low,0.4672248076497479,exact,Quinapril,Quinapril,1.0,32,32,exact,exact,Quinapril,False,False,False,False,1.0,True,True,0,1,,,,CCOC(=O)[C@H](CCc1ccccc1)N[C@@H](C)C(=O)N1Cc2ccccc2C[C@H]1C(=O)O
quinupristin_cid5388937,,,quinupristin_cid5388937.png,low,low,3.395021052364719e-05,invalid,,,,,,invalid,invalid,,False,False,False,False,,False,,,,,,,[H]NC(CC)C(=O)N1CCCC1([H])C(=O)N[CH]12(CC3=CC=C(N(C)C)C=C3)CC3NCC([H])NCC(CC)NC(=O)C(NC(=O)C4=C(O)C=CC=N4)C(C)OC(=O)C4NC(=O)C56789([H])CC(=O)C(CS)CN5%10%11%12%13(C6)C5C(CS)C(=O)C7[CH]%1067[CH](C%10=CC=CC=C%10)(NC68(=O)C%11([H])N5796C31%12=O=C26%13=O)C41=CC=CC=C1
rabeprazole_cid5029,,,rabeprazole_cid5029.png,high,high,0.9075575041634579,exact,Rabeprazole,Rabeprazole,1.0,25,25,exact,exact,Rabeprazole,False,False,False,False,1.0,True,True,0,1,,,,COCCCOc1ccnc(CS(=O)c2nc3ccccc3[nH]2)c1C
raloxifene_cid5035,,,raloxifene_cid5035.png,high,high,0.8980644390510119,wrong,,Raloxifene,0.981,34,34,exact,exact,Raloxifene,False,True,False,False,1.0,False,False,1,2,[H],,,O=C(c1ccc(OCCN2CCCCC2)cc1)c1c(-c2ccc(O)cc2)sc2cc(O)ccc12.[H] |^1:34|
ranitidine_cid3001055,,,ranitidine_cid3001055.png,high,high,0.8968604785516504,exact,Ranitidine,Ranitidine,1.0,21,21,exact,exact,Ranitidine,False,False,False,False,1.0,True,True,0,1,,,,[H]/C(=C(/NC)NCCSCc1ccc(CN(C)C)o1)[N+](=O)[O-]
ranolazine_cid56959,,,ranolazine_cid56959.png,high,high,0.9024434101572311,exact,Ranolazine,Ranolazine,1.0,31,31,exact,exact,Ranolazine,False,False,False,False,1.0,True,True,0,1,,,,COc1ccccc1OCC(O)CN1CCN(CC(=O)Nc2c(C)cccc2C)CC1
regorafenib_cid11167602,,,regorafenib_cid11167602.png,high,high,0.9057731290655707,exact,Regorafenib,Regorafenib,1.0,33,33,exact,exact,Regorafenib,False,False,False,False,1.0,True,True,0,1,,,,CNC(=O)c1cc(Oc2ccc(NC(=O)Nc3ccc(Cl)c(C(F)(F)F)c3)c(F)c2)ccn1
rhodamine_b_cid6694,,,rhodamine_b_cid6694.png,high,high,0.9075178300257332,exact,Rhodamine B,Rhodamine B,1.0,34,34,exact,exact,Rhodamine B,False,False,False,False,1.0,True,True,0,2,,,,CCN(CC)c1ccc2c(-c3ccccc3C(=O)O)c3ccc(=[N+](CC)CC)cc-3oc2c1.[Cl-]
ribavirin_cid37542,,,ribavirin_cid37542.png,high,high,0.9053924638412235,wrong,,Ribavirin,1.0,17,17,exact,exact,Ribavirin,False,True,False,False,1.0,False,False,2,3,[H].[H],,,"[H].[H].[H]O[C@H]1[C@@H](O)[C@H](n2cnc(C(N)=O)n2)O[C@@H]1CO |^1:0,1|"
rifabutin_cid135415564,,,rifabutin_cid135415564.png,low,low,0.0725280173759738,invalid,,,,,,invalid,invalid,,False,False,False,False,,False,,,,,,,[H].[H]OC1C2CCCC345CCN6C7C(C)(C)C[CH]1(C)C(O)[CH]76C(OC(C)=O)C(C)C(OC)C([H])=C([H])OC1(C)OC6=C(C1=O)C1=C(C(O)=C6C)C(O)=C(NC(=O)C(C)=C([H])C([H])=C2[H])C(=N3)(N4)C1=N5
rifampicin_cid135398735,,,rifampicin_cid135398735.png,low,low,0.05462791240660889,invalid,,,,,,invalid,invalid,,False,False,False,False,,False,,,,,,,[H]OC1C(C)C([H])=C2O=C(NC3=C4C([H])=NN56(C(OC(C)=O)C(C)C(OC)C([H])=C([H])OC7(C)OC8=C(C7=O)C(=C4O)C(=C3O)C(O)=C8C)C3CN(C)C[CH]5(O)[CH]1(C)C(O)[CH]36C)C(C)=C2[H]
risperidone_cid5073,,,risperidone_cid5073.png,high,high,0.8911837363643014,exact,Risperidone,Risperidone,1.0,30,30,exact,exact,Risperidone,False,False,False,False,1.0,True,True,0,1,,,,Cc1nc2n(c(=O)c1CCN1CCC(c3noc4cc(F)ccc34)CC1)CCCC2
ritonavir_cid392622,,,ritonavir_cid392622.png,high,high,0.8878918857621433,exact,Ritonavir,Ritonavir,1.0,50,50,exact,exact,Ritonavir,False,False,False,False,1.0,True,True,0,1,,,,CC(C)c1nc(CN(C)C(=O)N[C@H](C(=O)N[C@@H](Cc2ccccc2)C[C@H](O)[C@H](Cc2ccccc2)NC(=O)OCc2cncs2)C(C)C)cs1
rivaroxaban_cid9875401,,,rivaroxaban_cid9875401.png,high,high,0.893859881442217,exact,Rivaroxaban,Rivaroxaban,1.0,29,29,exact,exact,Rivaroxaban,False,False,False,False,1.0,True,True,0,1,,,,O=C(NC[C@H]1CN(c2ccc(N3CCOCC3=O)cc2)C(=O)O1)c1ccc(Cl)s1
rizatriptan_cid5078,,,rizatriptan_cid5078.png,high,high,0.9243623613332363,exact,Rizatriptan,Rizatriptan,1.0,20,20,exact,exact,Rizatriptan,False,False,False,False,1.0,True,True,0,1,,,,CN(C)CCc1c[nH]c2ccc(Cn3cncn3)cc12
romidepsin_cid5352062,,,romidepsin_cid5352062.png,low,low,0.1017319511080781,wrong,,Romidepsin,0.905,38,36,near,near,,False,False,False,False,0.905,False,False,2,1,,,,[H]/C(C)=C1/NC(=O)[C@@]2([H])CSSSSCC/C([H])=C(\[H])[C@]([H])(CC(=O)N[C@H](C(C)C)C(=O)N2[H])OC(=O)[C@H](C(C)C)N([H])C1=O
ropinirole_cid5095,,,ropinirole_cid5095.png,high,high,0.8990391933024452,exact,Ropinirole,Ropinirole,1.0,19,19,exact,exact,Ropinirole,False,False,False,False,1.0,True,True,0,1,,,,[H]N1C(=O)Cc2c(CCN(CCC)CCC)cccc21
rosuvastatin_calcium_cid5282455,,,rosuvastatin_calcium_cid5282455.png,low,low,0.004111599218791833,invalid,,,,,,invalid,invalid,,False,False,False,False,,False,,,,,,,CS(=O)(=O)O.[H]C(=CC(O)CC(O)CC(=O)[O-])C123=C45(C6=CC=C(F)C=C6)N67C8(N=C)=NC1(C(C)C)=C=264(C([H])=CC([H])O)N8753.[H]C(=CC(O)CC(O)CC(=O)[O-][Ca])C1=C(C2=CC=C(F)C=C2)N=C(NC)N=C1C(C)C
rotigotine_cid59227,,,rotigotine_cid59227.png,high,high,0.9223971640463653,wrong,,Rotigotine,0.979,22,22,exact,exact,Rotigotine,False,True,False,False,1.0,False,False,1,2,[H],,,CCCN(CCc1cccs1)[C@H]1CCc2c(O)cccc2C1.[H] |^1:22|
rubrene_cid68203,,,rubrene_cid68203.png,high,high,0.8511775843813986,exact,Rubrene,Rubrene,1.0,42,42,exact,exact,Rubrene,False,False,False,False,1.0,True,True,0,1,,,,c1ccc(-c2c3ccccc3c(-c3ccccc3)c3c(-c4ccccc4)c4ccccc4c(-c4ccccc4)c23)cc1
ruthenocene_cid11020720,,,ruthenocene_cid11020720.png,low,low,0.684349569221775,wrong,,Ruthenocene,0.154,10,11,wrong,wrong,,False,False,False,False,0.154,False,False,3,2,,C1=CCC=C1,,C1=CCC=C1.C1=CCC=C1
salbutamol_cid2083,,,salbutamol_cid2083.png,high,high,0.8788024090227942,wrong,,Salbutamol,0.971,17,17,exact,exact,Salbutamol,False,True,False,False,1.0,False,False,2,3,[H].[H],,,"[H].[H].[H]OC([H])(CNC(C)(C)C)c1ccc(O)c(CO)c1 |^1:0,1|"
salicylic_acid_cid338,,,salicylic_acid_cid338.png,high,high,0.9069923028799302,exact,Salicylic Acid,Salicylic Acid,1.0,10,10,exact,exact,Salicylic Acid,False,False,False,False,1.0,True,True,0,1,,,,[H]OC(=O)c1ccccc1O
savolitinib_cid68289010,,,savolitinib_cid68289010.png,high,high,0.8988054331029759,exact,Savolitinib,Savolitinib,1.0,26,26,exact,exact,Savolitinib,False,False,False,False,1.0,True,True,0,1,,,,C[C@@H](c1ccc2nccn2c1)n1nnc2ncc(-c3cnn(C)c3)nc21
selegiline_cid26757,,,selegiline_cid26757.png,high,high,0.8560313170361039,wrong,,Selegiline,0.541,14,14,wrong,wrong,,False,False,False,False,0.541,False,False,1,2,[H],,,"[C-]=CCN(C)[C@H](C)Cc1ccccc1.[H] |^1:0,14|"
serotonin_cid5202,,,serotonin_cid5202.png,high,high,0.8780110446602684,wrong,,Serotonin,0.967,13,13,exact,exact,Serotonin,False,True,False,False,1.0,False,False,3,4,[H].[H].[H],,,"NCCc1c[nH]c2ccc(O)cc12.[H].[H].[H] |^1:13,14,15|"
simvastatin_cid54454,,,simvastatin_cid54454.png,high,high,0.8757366266071972,exact,Simvastatin,Simvastatin,1.0,30,30,exact,exact,Simvastatin,False,False,False,False,1.0,True,True,0,1,,,,[H][C@@]12C(=C[C@H](C)C[C@@H]1OC(=O)C(C)(C)CC)C=C[C@H](C)[C@@H]2CC[C@@H]1C[C@@H](O)CC(=O)O1
sirolimus_cid5284616,,,sirolimus_cid5284616.png,low,low,0.005743118009472278,invalid,,,,,,invalid,invalid,,False,False,False,False,,False,,,,,,,[H]OC123[CH]4(C)CC5C6CC57([H])CC(OC)C=C([H])C([H])=C([H])C(O)=C(OC)CC5C[CH]8(C)C5C(C)C8([H])OC(=O)C5([H])CCCCN5C5(=O)=O=C89C1%10%11%12=O1=C82%13%14=O=%10=C=1952(=O)C%11%1315(O[H])(O7)O([H])C43%12%1421[CH]65C
sodium_acetate_cid31372,,,sodium_acetate_cid31372.png,high,high,0.892492601727748,exact,Sodium acetate,Sodium acetate,1.0,5,5,exact,exact,Sodium acetate,False,False,False,False,1.0,True,True,0,2,,,,CC(=O)[O-].[Na+]
sodium_chloride_cid5234,,,sodium_chloride_cid5234.png,low,low,0.6135398288836031,wrong,,Sodium Chloride,0.0,3,2,wrong,wrong,,False,False,False,False,0.0,False,False,3,1,,,,[Na][CH2]Cl
sodium_lauryl_sulfate_cid3423265,,,sodium_lauryl_sulfate_cid3423265.png,high,high,0.8915773916110306,wrong,,Sodium Lauryl Sulfate,0.533,18,18,wrong,wrong,,False,False,False,False,0.533,False,True,0,1,,,,"CCCCCCCCCCCCOS(=O)(=O)[O-][Na+] |17,C:16.16|"
sodium_nitroprusside_dihydrate_cid11953895,,,sodium_nitroprusside_dihydrate_cid11953895.png,low,low,0.08266026377038588,wrong,,Sodium nitroprusside dihydrate,0.19,17,17,wrong,wrong,,False,False,False,False,0.19,False,False,7,6,[H].[H].[H],,,"[C-]#[N][Fe]([C-]#N)([C-]#N)([C-]#N)([C-]#N)([C-]#N)[C-]#N.[H].[H].[H].[H]O.[Na+] |^1:15,16,17,C:1.1,3.2,5.4,7.6,9.8,11.10,13.12|"
sodium_zirconium_cyclosilicate_cid155804812,,,sodium_zirconium_cyclosilicate_cid155804812.png,low,low,0.510767653176703,wrong,,Sodium Zirconium Cyclosilicate,0.091,12,15,wrong,wrong,,False,False,False,False,0.091,False,False,7,4,,[Na+].[Na+],,[Na+].[Na+].[Na+].[O-][Zr+][Si]([O-])([Zr+])[Si]([O-])([O-])[O-]
somatostatin_cid16129706,,,somatostatin_cid16129706.png,low,low,2.915732361481366e-05,invalid,,,,,,invalid,invalid,,False,False,False,False,,False,,,,,,,CC(O)[CH]1(CN[CH]CNC2(N)CC(CO)NC2=O)NC234=O=C5(=O=2)(N3C(C(=O)NC(CC2=CC=CC=C2)C(=O)NC2C(=O)NC(CO)C2=O)[CH]1(C)O)[CH]12C(CCCN)[CH]453(NC4567=O=C89(=O=4)(N153)[CH]13(CNC4=CC=CC=C41)C14[CH]5%10N%11C%12%13=O=C([CH]%12(CC%12=CC=CC=C%12)NC(=O)C%12=CC=CC=C%12)N%135%12[CH]168C%103[CH]%114%1279)C2CCCN
sorafenib_cid216239,,,sorafenib_cid216239.png,high,high,0.9061766878435525,exact,Sorafenib,Sorafenib,1.0,32,32,exact,exact,Sorafenib,False,False,False,False,1.0,True,True,0,1,,,,CNC(=O)c1cc(Oc2ccc(NC(=O)Nc3ccc(Cl)c(C(F)(F)F)c3)cc2)ccn1
sotalol_cid5253,,,sotalol_cid5253.png,high,high,0.9192990194621068,exact,Sotalol,Sotalol,1.0,18,18,exact,exact,Sotalol,False,False,False,False,1.0,True,True,0,1,,,,[H]OC([H])(CNC(C)C)c1ccc(NS(C)(=O)=O)cc1
sotorasib_cid137278711,,,sotorasib_cid137278711.png,high,high,0.8905015764963752,exact,Sotorasib,Sotorasib,1.0,41,41,exact,exact,Sotorasib,False,False,False,False,1.0,True,True,0,1,,,,C=CC(=O)N1CCN(c2nc(=O)n(-c3c(C)ccnc3C(C)C)c3nc(-c4c(O)cccc4F)c(F)cc23)[C@@H](C)C1
spectinomycin_cid15541,,,spectinomycin_cid15541.png,high,high,0.8441275491316759,wrong,,Spectinomycin,1.0,23,23,stereo,stereo,Spectinomycin,False,True,False,False,1.0,False,False,2,3,[H].[H],,,"[H].[H].[H]N(C)[C@@H]1[C@H](O)[C@H](N([H])C)[C@@]2([H])O[C@@]3(O)C(=O)C[C@@H](C)O[C@@]3([H])O[C@@]2([H])[C@H]1O |^1:0,1|"
sphingosine_cid5280335,,,sphingosine_cid5280335.png,low,low,0.6127537589947116,wrong,,Sphingosine,0.543,20,21,wrong,wrong,,False,False,False,False,0.543,False,False,2,1,,,,[H]OCC([H])([H])[C@H](O[H])/C([H])=C(\[H])CCCCCCCCCCCCC
spironolactone_cid5833,,,spironolactone_cid5833.png,low,low,0.07958774929951085,invalid,,,,,,invalid,invalid,,False,False,False,False,,False,,,,,,,[H]C12CCC345(C)CC67C389(CCC(=O)O8)CC3C648%10C(C9)C3785([H])C1%10([H])C(SC(C)=O)CC1=CC(=O)CCC12C
squalene_cid638072,,,squalene_cid638072.png,low,low,0.0006729884176622845,invalid,,,,,,invalid,invalid,,False,False,False,False,,False,,,,,,,[H]C1=C(C)CC(C([H])=C(C)CCC=C(C)C)C([H])(=C(C)CCC=C(C)C)CCC(C)=C2([H])CCC=C3(C)CCC456=C7(C)=C(C)(=C8C7C=48=C5(=C)CCC=C(C)C)C6CC(=CCC12)C3
stanozolol_cid25249,,,stanozolol_cid25249.png,low,low,0.542261378191252,wrong,,Stanozolol,0.978,24,24,stereo,stereo,Stanozolol,False,True,False,False,1.0,False,False,2,3,[H].[H],,,"[H].[H].[H][C@]12CC[C@]3([H])[C@]([H])(CC[C@@]4(C)[C@@]3([H])CC[C@]4(C)O)[C@@]1(C)Cc1cn[nH]c1C2 |^1:0,1|"
stevioside_cid442089,,,stevioside_cid442089.png,low,low,0.03026299051428825,invalid,,,,,,invalid,invalid,,False,False,False,False,,False,,,,,,,[H]OC1C(CO)OC(OC2C(OC34CCC56([H])[H]C57CCCC(C)(C(=O)OC5OC(CO)C(O)C(O)C5O)C7([H])CCC6(CC3=C)C4)OC(CO)C(O)C2([H])O)C(O)C1O
streptomycin_cid19649,,,streptomycin_cid19649.png,low,low,0.7677794544990798,wrong,,Streptomycin,1.0,40,40,exact,exact,Streptomycin,False,True,False,False,1.0,False,False,11,12,[H].[H].[H].[H].[H].[H].[H].[H].[H].[H].[H],,,"[H].[H].[H].[H].[H].[H].[H].[H].[H].[H].[H].[H]NC(N)=N[C@@H]1[C@@H](O)[C@H](N=C(N)N)[C@@H](O[C@@H]2O[C@@H](C)[C@](O)(C([H])=O)[C@H]2O[C@@H]2O[C@@H](CO)[C@H](O)[C@@H](O)[C@@H]2NC)[C@H](O)[C@H]1O[H] |^1:0,1,2,3,4,5,6,7,8,9,10|"
substance_p_cid36511,,,substance_p_cid36511.png,low,low,8.812539191266514e-09,invalid,,,,,,invalid,invalid,,False,False,False,False,,False,,,,,,,CCCC1NC2=O=C34=O=C5CNC6789=O%10=C%11(=O=C=%10%12%13(NC3)[CH]63%10N6C%14%15%16=O=C6%17%18(=O=%14)(=O=%15)NC%16%176%14%15(C%16[CH]N6C%146[CH]7%14NC7%17CC7C%177[CH]%118%12%17(N[CH]769%13%18C3%176C37=C8=C69(C=CC=C839)C7)C%14%10([CH]N%16)NCCN[CH]CN[CH]C3[CH]67NC89=O=C(=O)(N[CH]3%10(CCSC)(C6CSC)C7(N)=O=C%10(N)=O)[CH]8(N4)(C1C(C)C)C(C(C)C)C9N5)C1C3456=C78C9%10=C%11%12=C7%13=C=97C%119=C3%11=C%127=C=94C=81%11(=C=5%10%13)C6%15)NC2
sucrose_cid5988,,,sucrose_cid5988.png,high,high,0.8829576294380547,wrong,,Sucrose,1.0,23,23,exact,exact,Sucrose,False,True,False,False,1.0,False,False,3,4,[H].[H].[H],,,"[H].[H].[H].[H]OC[C@@]1(O[C@H]2O[C@H](CO)[C@@H](O[H])[C@H](O)[C@H]2O[H])O[C@H](CO)[C@@H](O)[C@@H]1O[H] |^1:0,1,2|"
sulfamethoxazole_cid5329,,,sulfamethoxazole_cid5329.png,high,high,0.8840787956378392,wrong,,Sulfamethoxazole,0.97,17,17,exact,exact,Sulfamethoxazole,False,True,False,False,1.0,False,False,2,3,[H].[H],,,"Cc1cc(NS(=O)(=O)c2ccc(N)cc2)no1.[H].[H] |^1:17,18|"
sulfur_hexafluoride_cid17358,,,sulfur_hexafluoride_cid17358.png,low,low,0.8084639216364254,invalid,,,,,,invalid,invalid,,False,False,False,False,,False,,,,,,,F[S-](F)(F)(F)(F)F
sulfuric_acid_cid1118,,,sulfuric_acid_cid1118.png,high,high,0.8794237075416563,wrong,,Sulfuric Acid,0.857,5,5,exact,exact,Sulfuric Acid,False,True,False,False,1.0,False,False,1,2,[H],,,[H].[H]OS(=O)(=O)O |^1:0|
sumatriptan_cid5358,,,sumatriptan_cid5358.png,high,high,0.9065207382870817,exact,Sumatriptan,Sumatriptan,1.0,20,20,exact,exact,Sumatriptan,False,False,False,False,1.0,True,True,0,1,,,,CNS(=O)(=O)Cc1ccc2[nH]cc(CCN(C)C)c2c1
tacrolimus_cid445643,,,tacrolimus_cid445643.png,low,low,0.3110377325471217,wrong,,Tacrolimus,0.748,57,57,wrong,wrong,,False,False,False,False,0.748,False,False,2,1,,,,[H]C(=C(C)[C@H]1OC(=O)[C@]2([H])CCCCN2C(=O)C(=O)[C@]2(O)O[C@]3([H])[C@@H](OC)C([C@@H](C)C/C(C)=C(\[H])[C@@H](CC=C)C(=O)C[C@H](O)[C@H]1C)[C@]3(OC)C[C@H]2C)[C@@H]1CC[C@@H](O)[C@H](OC)C1
talazoparib_cid135565082,,,talazoparib_cid135565082.png,low,low,0.466623035040057,wrong,,Talazoparib,0.672,28,28,charge,charge,Talazoparib,False,False,False,False,0.672,True,False,1,1,,,,[H][C@@]1(c2ncnn2C)c2n[nH]c(=O)c3cc(F)cc(c23)[NH2+][C@@H]1c1ccc(F)cc1
technetium_tc_99m_sestamibi_cid449763,,,technetium_tc_99m_sestamibi_cid449763.png,low,low,0.1432623311532811,invalid,,,,,,invalid,invalid,,False,False,False,False,,False,,,,,,,[C-]#[N+]CC(C)(C)OC.[C-]#[N+]CC(C)(C)OC.[C-]#[N+]CC12(C)(C)(OC)CC(C)(C1[N+]#[C-])O2C.[C-]=NCC(C)(C)OC.[C-]=[N+]CC12(C)(C)(OC)CC(OC)(C1)C2[N+]=[C-].[Te]
teixobactin_cid86341926,,,teixobactin_cid86341926.png,low,low,1.510649561109428e-09,invalid,,,,,,invalid,invalid,,False,False,False,False,,False,,,,,,,CO.[CH]N1C2C1N2C1CN12[CH]C2C(CC1=CC=CC=C1)NC.[CH]N[CH][CH]NC[CH]N1CC1N[CH]C(C)OCC(O)CC.[H]NC(=O)CCC(NC(=O)C(CO)NC(=O)C(NC(=O)C(CC1=CC=CC=C1)NC)C(C)CC)C(=O)NC1C(=O)(=O)N[CH]2(C(C)CC)[CH]N2[CH]23C[CH]24(C)C(C)C134N
telavancin_cid3081362,,,telavancin_cid3081362.png,low,low,4.800258870389459e-11,invalid,,,,,,invalid,invalid,,False,False,False,False,,False,,,,,,,CCCCCCCCCC[NH2+]CCC1(C)C[CH]2(OC3(C)C(O)[CH]13OC)C1O2[CH]2(O)[CH]3(O)C(O)[CH]45C(O)OC4[CH]4(C(O)C=C6C(O)C(NC(=O)C(CC(C)C)NC)C67NC7CC(N)=O)O6[CH][CH]132C6O54.N[CH]1(C2C3(O)=C(O)C(C4NC5N4C5(=O)O)=C23O)C(NC[CH]NC2[CH]NC2)C234OC256(O)O2C35C2146
telmisartan_cid65999,,,telmisartan_cid65999.png,high,high,0.907711893698664,exact,Telmisartan,Telmisartan,1.0,39,39,exact,exact,Telmisartan,False,False,False,False,1.0,True,True,0,1,,,,CCCc1nc2c(C)cc(-c3nc4ccccc4n3C)cc2n1Cc1ccc(-c2ccccc2C(=O)O)cc1
temozolomide_cid5394,,,temozolomide_cid5394.png,high,high,0.8759809675492762,wrong,,Temozolomide,0.97,14,14,exact,exact,Temozolomide,False,True,False,False,1.0,False,False,1,2,[H],,,Cn1nnc2c(C(N)=O)ncn2c1=O.[H] |^1:14|
tempo_cid2724126,,,tempo_cid2724126.png,high,high,0.8757913251290482,exact,Tempo,Tempo,1.0,11,11,exact,exact,Tempo,False,False,False,False,1.0,True,True,0,1,,,,CC1(C)CCCC(C)(C)N1[O] |^1:10|
temsirolimus_cid6918289,,,temsirolimus_cid6918289.png,low,low,0.0985551771742968,invalid,,,,,,invalid,invalid,,False,False,False,False,,False,,,,,,,COC1C[CH]CCC1OC(=O)C(C)(CO)CO.[H].[H].[H].[H].[H].[H]OC(C(C)=C(=O)C(C)C=O)C(OC)C(=O)C(C)C[CH](C)(C)C([H])=C([H])C([H])=C([H])C([H])=C(C)C(CC1([H])CC[CH]2(C)C(O)(O1)C2(=O)C(=O)N1CCCCC1([H])C(=O)OC([H])[CH]C)OC
terazosin_cid5401,,,terazosin_cid5401.png,high,high,0.8867930813415547,wrong,,Terazosin,0.981,28,28,exact,exact,Terazosin,False,True,False,False,1.0,False,False,1,2,[H],,,COc1cc2nc(N3CCN(C(=O)C4CCCO4)CC3)nc(N)c2cc1OC.[H] |^1:28|
terbutaline_cid5403,,,terbutaline_cid5403.png,high,high,0.9115007692007551,exact,Terbutaline,Terbutaline,1.0,16,16,exact,exact,Terbutaline,False,False,False,False,1.0,True,True,0,1,,,,[H]Oc1cc(O[H])cc(C(CNC(C)(C)C)O[H])c1
testosterone_cid6013,,,testosterone_cid6013.png,low,low,0.7733741153262981,wrong,,Testosterone,1.0,21,21,exact,exact,Testosterone,False,True,False,False,1.0,False,False,1,2,[H],,,[H].[H][C@@]12CCC3=CC(=O)CC[C@]3(C)[C@@]1([H])CC[C@]1(C)[C@@H](O)CC[C@@]21[H] |^1:0|
tetrabutylammonium_bromide_cid74236,,,tetrabutylammonium_bromide_cid74236.png,high,high,0.880893137093904,exact,Tetrabutylammonium Bromide,Tetrabutylammonium Bromide,1.0,18,18,exact,exact,Tetrabutylammonium Bromide,False,False,False,False,1.0,True,True,0,2,,,,CCCC[N+](CCCC)(CCCC)CCCC.[Br-]
tetraethyllead_cid6511,,,tetraethyllead_cid6511.png,high,high,0.8773272882313399,exact,Tetraethyllead,Tetraethyllead,1.0,9,9,exact,exact,Tetraethyllead,False,False,False,False,1.0,True,True,0,1,,,,C[CH2][Pb]([CH2]C)([CH2]C)[CH2]C
tetrafluoroethylene_cid8301,,,tetrafluoroethylene_cid8301.png,high,high,0.8749223428521098,exact,Tetrafluoroethylene,Tetrafluoroethylene,1.0,6,6,exact,exact,Tetrafluoroethylene,False,False,False,False,1.0,True,True,0,1,,,,FC(F)=C(F)F
tetrahydrocannabinol_cid16078,,,tetrahydrocannabinol_cid16078.png,high,high,0.8841940084783695,exact,Tetrahydrocannabinol,Tetrahydrocannabinol,1.0,23,23,exact,exact,Tetrahydrocannabinol,False,False,False,False,1.0,True,True,0,1,,,,[H][C@@]12C=C(C)CC[C@@]1([H])C(C)(C)Oc1cc(CCCCC)cc(O)c12
tetrahydrofuran_cid8028,,,tetrahydrofuran_cid8028.png,low,low,0.8372864380956615,exact,Tetrahydrofuran,Tetrahydrofuran,1.0,5,5,exact,exact,Tetrahydrofuran,False,False,False,False,1.0,True,True,0,1,,,,C1CCOC1
tetraphenylphosphonium_chloride_cid164911,,,tetraphenylphosphonium_chloride_cid164911.png,high,high,0.9055002182751168,exact,Tetraphenylphosphonium Chloride,Tetraphenylphosphonium Chloride,1.0,26,26,exact,exact,Tetraphenylphosphonium Chloride,False,False,False,False,1.0,True,True,0,2,,,,[Cl-].c1ccc([P+](c2ccccc2)(c2ccccc2)c2ccccc2)cc1
tetraphenylporphyrin_cid86280046,,,tetraphenylporphyrin_cid86280046.png,high,high,0.8726036270898757,exact,Tetraphenylporphyrin,Tetraphenylporphyrin,1.0,48,48,exact,exact,Tetraphenylporphyrin,False,False,False,False,1.0,True,True,0,1,,,,[H]n1c2ccc1c(-c1ccccc1)c1nc(c(-c3ccccc3)c3ccc([nH]3)c(-c3ccccc3)c3nc(c2-c2ccccc2)C=C3)C=C1
thalidomide_cid5426,,,thalidomide_cid5426.png,high,high,0.8891552778534108,exact,Thalidomide,Thalidomide,1.0,19,19,exact,exact,Thalidomide,False,False,False,False,1.0,True,True,0,1,,,,[H]N1C(=O)CCC(N2C(=O)c3ccccc3C2=O)C1=O
theophylline_cid2153,,,theophylline_cid2153.png,high,high,0.9035992302028922,exact,Theophylline,Theophylline,1.0,13,13,exact,exact,Theophylline,False,False,False,False,1.0,True,True,0,1,,,,[H]n1cnc2c1c(=O)n(C)c(=O)n2C
thiamine_cid1130,,,thiamine_cid1130.png,high,high,0.8676303065406663,wrong,,Thiamine,0.976,18,18,exact,exact,Thiamine,False,True,False,False,1.0,False,False,2,3,[H].[H],,,"[H].[H].[H]Nc1nc(C)ncc1C[n+]1csc(CCO)c1C |^1:0,1|"
thiamine_pyrophosphate_cid5431,,,thiamine_pyrophosphate_cid5431.png,high,high,0.8879563886680752,wrong,,Thiamine Pyrophosphate,0.982,26,26,exact,exact,Thiamine Pyrophosphate,False,True,False,False,1.0,False,False,1,2,[H],,,Cc1ncc(C[n+]2csc(CCOP(=O)(O)OP(=O)([O-])O)c2C)c(N)n1.[H] |^1:26|
thioguanine_cid2723601,,,thioguanine_cid2723601.png,high,high,0.8760420983909697,exact,Thioguanine,Thioguanine,1.0,11,11,exact,exact,Thioguanine,False,False,False,False,1.0,True,True,0,1,,,,[H]Nc1nc(=S)c2[nH]cnc2n1[H]
thiophene_cid8030,,,thiophene_cid8030.png,high,high,0.8849499182103739,wrong,,Thiophene,0.067,5,5,wrong,wrong,,False,False,False,False,0.067,False,False,0,1,,,,C1=C[S-]C=C1 |^1:2|
thioridazine_cid5452,,,thioridazine_cid5452.png,high,high,0.8865609827552899,wrong,,Thioridazine,0.679,25,25,wrong,wrong,,False,False,False,False,0.679,False,False,0,1,,,,CSc1ccc2c(c1)N(CCC1CCCCN1C)c1ccccc1[S-]2 |^1:24|
thymol_cid6989,,,thymol_cid6989.png,high,high,0.8948057799846298,wrong,,Thymol,0.955,11,11,exact,exact,Thymol,False,True,False,False,1.0,False,False,1,2,[H],,,Cc1ccc(C(C)C)c(O)c1.[H] |^1:11|
thyroxine_cid5819,,,thyroxine_cid5819.png,high,high,0.8894475462792516,wrong,,Thyroxine,0.973,24,24,exact,exact,Thyroxine,False,True,False,False,1.0,False,False,2,3,[H].[H],,,"[H].[H].[H]OC(=O)[C@@H](N)Cc1cc(I)c(Oc2cc(I)c(O)c(I)c2)c(I)c1 |^1:0,1|"
ticlopidine_cid5472,,,ticlopidine_cid5472.png,high,high,0.9101206424359285,wrong,,Ticlopidine,0.5,17,17,wrong,wrong,,False,False,False,False,0.5,False,False,0,1,,,,Clc1ccccc1CN1CCC2=C(C=C[S-]2)C1 |^1:15|
titanocene_dichloride_cid76030824,,,titanocene_dichloride_cid76030824.png,high,low,0.8478009384022218,invalid,,,,,,invalid,invalid,,False,False,False,False,,False,,,,,,,[Cl-].[Cl-].[Cl-].[H][C-]1C=CC=C1.[H][CH-]1C=CC=C1
tizanidine_cid5487,,,tizanidine_cid5487.png,high,high,0.8674963394496622,exact,Tizanidine,Tizanidine,1.0,16,16,exact,exact,Tizanidine,False,False,False,False,1.0,True,True,0,1,,,,Clc1ccc2nsnc2c1NC1=NCCN1
tobramycin_cid36294,,,tobramycin_cid36294.png,low,low,0.8387602978640729,wrong,,Tobramycin,1.0,32,32,exact,exact,Tobramycin,False,True,False,False,1.0,False,False,8,9,[H].[H].[H].[H].[H].[H].[H].[H],,,"[H].[H].[H].[H].[H].[H].[H].[H].[H]NC[C@H]1O[C@H](O[C@H]2[C@H](O)[C@@H](O[C@H]3O[C@H](CO)[C@@H](O)[C@H](N[H])[C@H]3O)[C@H](N[H])C[C@@H]2N[H])[C@H](N[H])C[C@@H]1O[H] |^1:0,1,2,3,4,5,6,7|"
tolcapone_cid4659569,,,tolcapone_cid4659569.png,high,high,0.9173262074873827,exact,Tolcapone,Tolcapone,1.0,20,20,exact,exact,Tolcapone,False,False,False,False,1.0,True,True,0,1,,,,[H]Oc1cc(C(=O)c2ccc(C)cc2)cc([N+](=O)[O-])c1O[H]
toluene_cid1140,,,toluene_cid1140.png,high,high,0.8966133000925122,exact,Toluene,Toluene,1.0,7,7,exact,exact,Toluene,False,False,False,False,1.0,True,True,0,1,,,,Cc1ccccc1
topotecan_cid60700,,,topotecan_cid60700.png,high,high,0.8929687169560613,exact,Topotecan,Topotecan,1.0,31,31,exact,exact,Topotecan,False,False,False,False,1.0,True,True,0,1,,,,[H]Oc1ccc2nc3c(cc2c1CN(C)C)Cn1c-3cc2c(c1=O)COC(=O)[C@]2(O)CC
tramadol_cid33741,,,tramadol_cid33741.png,high,high,0.8988965409726019,exact,Tramadol,Tramadol,1.0,19,19,exact,exact,Tramadol,False,False,False,False,1.0,True,True,0,1,,,,COc1cccc([C@@]2(O)CCCC[C@@H]2CN(C)C)c1
trametinib_cid11707110,,,trametinib_cid11707110.png,high,high,0.9067317821323408,exact,Trametinib,Trametinib,1.0,37,37,exact,exact,Trametinib,False,False,False,False,1.0,True,True,0,1,,,,CC(=O)Nc1cccc(-n2c(=O)n(C3CC3)c(=O)c3c(Nc4ccc(I)cc4F)n(C)c(=O)c(C)c32)c1
trazodone_cid5533,,,trazodone_cid5533.png,high,high,0.9093472110830975,exact,Trazodone,Trazodone,1.0,26,26,exact,exact,Trazodone,False,False,False,False,1.0,True,True,0,1,,,,O=c1n(CCCN2CCN(c3cccc(Cl)c3)CC2)nc2ccccn12
triamcinolone_cid31307,,,triamcinolone_cid31307.png,high,high,0.8612177342789927,exact,Triamcinolone,Triamcinolone,1.0,28,28,exact,exact,Triamcinolone,False,False,False,False,1.0,True,True,0,1,,,,[H]O[C@H]1C[C@@]2(C)[C@@]([H])(C[C@@H](O[H])[C@]2(O)C(=O)CO)[C@]2([H])CCC3=CC(=O)C=C[C@]3(C)[C@@]12F
trihexyphenidyl_cid5572,,,trihexyphenidyl_cid5572.png,high,high,0.9098121575729043,exact,Trihexyphenidyl,Trihexyphenidyl,1.0,22,22,exact,exact,Trihexyphenidyl,False,False,False,False,1.0,True,True,0,1,,,,[H]OC(CCN1CCCCC1)(c1ccccc1)C1CCCCC1
trimethoprim_cid5578,,,trimethoprim_cid5578.png,high,high,0.8904051176654278,wrong,,Trimethoprim,0.971,21,21,exact,exact,Trimethoprim,False,True,False,False,1.0,False,False,2,3,[H].[H],,,"[H].[H].[H]Nc1ncc(Cc2cc(OC)c(OC)c(OC)c2)c(N[H])n1 |^1:0,1|"
trimethylaluminum_cid16682925,,,trimethylaluminum_cid16682925.png,high,high,0.9151025245583793,exact,Trimethylaluminum,Trimethylaluminum,1.0,4,4,exact,exact,Trimethylaluminum,False,False,False,False,1.0,True,True,0,1,,,,[CH3][Al]([CH3])[CH3]
triphenylene_cid9170,,,triphenylene_cid9170.png,high,high,0.8696210956376279,exact,Triphenylene,Triphenylene,1.0,18,18,exact,exact,Triphenylene,False,False,False,False,1.0,True,True,0,1,,,,c1ccc2c(c1)c1ccccc1c1ccccc21
tungsten_hexacarbonyl_cid98884,,,tungsten_hexacarbonyl_cid98884.png,low,low,0.2147812331408566,wrong,,Tungsten hexacarbonyl,0.0,11,13,wrong,wrong,,False,False,False,False,0.0,False,False,7,1,,,,O=[CH][W]([CH]=O)([CH]=O)([CH]=O)[CH]=O
tylosin_cid5280440,,,tylosin_cid5280440.png,low,low,0.1423013319008894,stereo,Tylosin,Tylosin,1.0,64,64,stereo,stereo,Tylosin,False,False,False,False,1.0,True,True,0,1,,,,[H]C(=O)C[C@H]1C[C@@H](C)C(=O)/C([H])=C/C(C)=C(\[H])[C@H](CO[C@@H]2O[C@H](C)[C@@H](O)[C@@H](OC)[C@H]2OC)[C@@H](CC)OC(=O)C[C@H](O)[C@H](C)[C@H]1O[C@@H]1O[C@H](C)[C@@H](O[C@@H]2C[C@@](C)(O)[C@@H](O)[C@H](C)O2)[C@H](N(C)C)[C@H]1O
tyrocidine_a_cid16129635,,,tyrocidine_a_cid16129635.png,low,low,5.816333749564369e-05,invalid,,,,,,invalid,invalid,,False,False,False,False,,False,,,,,,,[H]NCCC1(=O)=O2=C345=O=C=216(N3C1C23=O=C17(=O)C218=C29=C37%10%11=C3(=C7(=CC=CC=C7)C(=O)(N[H])[CH]NC(=O)C46([H])CC=C(CC(=O)N[CH]C46=O=C7(=O=C7(=O)N[CH]CCC)(=O=4)N6)NCC(=O)N[H])C24=C26=C39=C=43C24=C1%10=C63=C=48%11)C5([H])CCC(=O)CC(=O)N[CH]C(C)=CC1=CC=CC=C1
urea_cid1176,,,urea_cid1176.png,high,high,0.8539623533603423,wrong,,Urea,0.857,4,4,exact,exact,Urea,False,True,False,False,1.0,False,False,2,3,[H].[H],,,"[H].[H].[H]NC(N)=O |^1:0,1|"
valinomycin_cid3000706,,,valinomycin_cid3000706.png,high,high,0.8709985175185471,stereo,Valinomycin,Valinomycin,1.0,78,78,stereo,stereo,Valinomycin,False,False,False,False,1.0,True,True,0,1,,,,[H]N1C(=O)[C@H](C)OC(=O)[C@@H](C(C)C)NC(=O)[C@H](C(C)C)OC(=O)[C@H](C(C)C)NC(=O)C(C)OC(=O)[C@@H](C(C)C)NC(=O)[C@@H](C(C)C)OC(=O)[C@H](C(C)C)NC(=O)C(C)OC(=O)[C@@H](C(C)C)NC(=O)[C@H](C(C)C)OC(=O)[C@@H]1C(C)C
valproic_acid_cid3121,,,valproic_acid_cid3121.png,high,high,0.9110828349363237,wrong,,Valproic Acid,0.545,10,10,charge,charge,Valproic Acid,False,True,False,False,0.571,False,False,0,2,[H],,,CCCC(CCC)C(=O)[O-].[H] |^1:10|
vancomycin_cid14969,,,vancomycin_cid14969.png,low,low,3.408083291433494e-08,invalid,,,,,,invalid,invalid,,False,False,False,False,,False,,,,,,,[H]C1=CC(O)=CC2C(O)C12=C1=C(C(=O)C2([H])NC345=O=C6NC7([H])CNC8([H])[CH]9(O)CC=CC%10%11=C%12(C=CC9[CH]8(O)C8([H])NC72=O8)O2CO%10%12C7=C89(O[CH][CH]O[CH]O[CH]C)=C%10%12(Cl)=C%13=C%14%15C%10(Cl)=C%13(=C7%12=C8O%11)OCC=CCC(O)C(NC(=O)C(CC(C)C)NC)CN[CH]C7[H]C63(N7)C%143(C=C29)C42[H]C%1535N2)=C1O
velpatasvir_cid67683363,,,velpatasvir_cid67683363.png,low,low,0.0006666068106243551,invalid,,,,,,invalid,invalid,,False,False,False,False,,False,,,,,,,[H]N1CC=C2C=C34C256C=CC2=C(N=C(C7N[CH]89(C)CC7C8C=C(C1)N9C(=O)C(NC(=O)OC)C(C)C)N2[H])C51C=C25=C378=C39C=CC(C%10=CN=C(C%11CC(COC)CN%11C(=O)C(NC(=O)OC)C%11=CC=CC=C%11)N%10)=CC3(=C7C14928=C6)CO5
vemurafenib_cid42611257,,,vemurafenib_cid42611257.png,high,high,0.8954264795275823,exact,Vemurafenib,Vemurafenib,1.0,33,33,exact,exact,Vemurafenib,False,False,False,False,1.0,True,True,0,1,,,,CCCS(=O)(=O)Nc1ccc(F)c(C(=O)c2c[nH]c3ncc(-c4ccc(Cl)cc4)cc23)c1F
venetoclax_cid49846579,,,venetoclax_cid49846579.png,high,high,0.8865053555569019,exact,Venetoclax,Venetoclax,1.0,61,61,exact,exact,Venetoclax,False,False,False,False,1.0,True,True,0,1,,,,CC1(C)CCC(CN2CCN(c3ccc(C(=O)NS(=O)(=O)c4ccc(NCC5CCOCC5)c([N+](=O)[O-])c4)c(Oc4cnc5[nH]ccc5c4)c3)CC2)=C(c2ccc(Cl)cc2)C1
venlafaxine_cid5656,,,venlafaxine_cid5656.png,high,high,0.8945808585153362,exact,Venlafaxine,Venlafaxine,1.0,20,20,exact,exact,Venlafaxine,False,False,False,False,1.0,True,True,0,1,,,,[H]OC1(C(CN(C)C)c2ccc(OC)cc2)CCCCC1
verapamil_cid2520,,,verapamil_cid2520.png,high,high,0.9030218960002979,exact,Verapamil,Verapamil,1.0,33,33,exact,exact,Verapamil,False,False,False,False,1.0,True,True,0,1,,,,COc1ccc(CCN(C)CCCC(C#N)(c2ccc(OC)c(OC)c2)C(C)C)cc1OC
vilazodone_cid6918314,,,vilazodone_cid6918314.png,high,high,0.9192071096161538,exact,Vilazodone,Vilazodone,1.0,33,33,exact,exact,Vilazodone,False,False,False,False,1.0,True,True,0,1,,,,N#Cc1ccc2[nH]cc(CCCCN3CCN(c4ccc5oc(C(N)=O)cc5c4)CC3)c2c1
vinblastine_cid13342,,,vinblastine_cid13342.png,low,low,0.0107381749998395,invalid,,,,,,invalid,invalid,,False,False,False,False,,False,,,,,,,[H]N1C2=CC=CC=C2C2=C1C(C(=O)OC)(C13=CC45=C6(=C1)CCN17CC8=C9=C%10=C=8C98(CC)C(OC(C)=O)C(O)(C(=O)OC)C([H])(N(C)C46=CC=3OC)C53CCN(C%101)C378[H])CC1([H])CN(CC2)CC(O)(CC)C1
vincristine_cid5978,,,vincristine_cid5978.png,low,low,8.825786564123784e-09,invalid,,,,,,invalid,invalid,,False,False,False,False,,False,,,,,,,[H]C(=O)N12C34=CC(OC)=C(C(C(=O)OC)C5=C(CCNCC(O)CC)C6=CC=CC=C6N5[H])C=C356789%10C=C453C4N5C%11C=CC%12%13%14%15(CC)C%16=CCN%11%17%18%19%20%21%22CCC436%11%23%24%25%26%27%28%29%30%31%32C73C%17%1146C8%23C9%2478%11%17%23C3%18%259%24C%19%26(C49%20%27)N6%243C%127%21%28([H])C%164(CC)([CH]%136(OC(C)=O)C79(O)(C(=O)OC)[CH]4%14(OC(C)=O)C64%12(O)(C(=O)OC)C78%296%13%14%16%18[H]C14%11%106%3078C%13146%10%11OC1%147(O4)(C6OC)(O%10%16)C29%12%11%17%188%31[H])C53%15%23%22%32[H]
vinorelbine_cid5311497,,,vinorelbine_cid5311497.png,low,low,0.0001090596717202931,invalid,,,,,,invalid,invalid,,False,False,False,False,,False,,,,,,,[H]OC1(C(=O)OC)C(OC(C)=O)C(CC)C=CCNCC2C3=C4C56=C78(OC)(=C9%10CC=7%11C957%12%13%14%15C5C9([H])C=C(CC)CN(C9)C9%16C%17%18%19=C7%20%21%22=C97%23%24=C=%17=%20%129(NC%12%17%20%25=CC=CC=C%18%1279=C7=C%19%17%23C(=C=%20C=C7)N%25%21[H])C45%10%116%22%13(CC45([H])C=C6(CC)CN%167(C4)(C%24)C6C57)(C%14(=O)O)C=8%15(=O)O)C=C3N(C)C21[H]
vitamin_b12_cid165339223,,,vitamin_b12_cid165339223.png,low,low,1.797864517622594e-08,invalid,,,,,,invalid,invalid,,False,False,False,False,,False,,,,,,,CCC=CNC1OC(CO)C2[CH]O[CH]3(OC)O2[CH]32OC(C)=C(N)C12OC(C)=N.CNC[CH]O.[H]NC(=O)CCC(CC(N)=O)C1=C2(C)C345CCC6=O=C(=O)(N([H])[H])(CCC27(CC(N)=O)(C3C(N)=O)C423=N(=C527=N3)C2=NC345=C78(C)=C9(=N3C7(=NC([H])(C(CC)C[CH](N)=O)C=N1)C=894C)C51CC21(C)C)N6([H])[H]
vitamin_b6_cid104817,,,vitamin_b6_cid104817.png,high,high,0.8742528176616007,wrong,,Vitamin B6,0.784,15,15,charge,charge,Vitamin B6,False,True,False,False,0.806,False,False,2,2,[H],,,Cc1ncc(COP(=O)([O-])O)c(C)c1O.[H] |^1:15|
vitamin_e_cid69540411,,,vitamin_e_cid69540411.png,high,high,0.8874689771908777,wrong,,Vitamin-E,0.98,39,40,near,near,,False,False,False,False,0.98,False,False,1,2,,,,Cc1c(C)c2c(c(C)c1O)CC[C@@](C)(CCC[C@H](C)CCC[C@H](C)CCCC(C)C)O2.O=C([O-])CCC(=O)[O-]
zearalenone_cid5281576,,,zearalenone_cid5281576.png,high,high,0.8842293126224118,exact,Zearalenone,Zearalenone,1.0,23,23,exact,exact,Zearalenone,False,False,False,False,1.0,True,True,0,1,,,,[H]Oc1cc(O)cc2c1C(=O)O[C@@H](C)CCCC(=O)CCC/C([H])=C/2[H]
zibotentan_cid9910224,,,zibotentan_cid9910224.png,high,high,0.9126160091913449,exact,Zibotentan,Zibotentan,1.0,30,30,exact,exact,Zibotentan,False,False,False,False,1.0,True,True,0,1,,,,COc1nc(C)cnc1NS(=O)(=O)c1cccnc1-c1ccc(-c2nnco2)cc1
zidovudine_cid35370,,,zidovudine_cid35370.png,high,high,0.8775732904453987,exact,Zidovudine,Zidovudine,1.0,19,19,exact,exact,Zidovudine,False,False,False,False,1.0,True,True,0,1,,,,[H]OC[C@H]1O[C@@H](n2cc(C)c(=O)[nH]c2=O)C[C@@H]1N=[N+]=[N-]
zinc_phthalocyanine_cid114933,,,zinc_phthalocyanine_cid114933.png,low,low,0.5616382763495953,invalid,,,,,,invalid,invalid,,False,False,False,False,,False,,,,,,,C1=CC=C2C(=C1)C1=NC2=NC2=C3C=CC=CC3=C(=NC3=NC([N-]C4=NC(=N1)C1=CC=CC=C14)C1=CC=CC=C13)[N-]2.[Zn+4]
zirconocene_dichloride_cid102092,,,zirconocene_dichloride_cid102092.png,low,low,0.02515101623909267,wrong,,"Zirconocene, dichloride",0.1,19,13,wrong,wrong,,False,False,False,False,0.1,False,False,10,1,,,,[H][C-](/C=C(/C)C/C=[CH]\[Zr+]([Cl])([Cl])[c-]1([H])cccc1)[Zr+]([Cl])([Cl])[Cl] |C:11.10|
zonisamide_cid5734,,,zonisamide_cid5734.png,high,high,0.8849193335323685,wrong,,Zonisamide,0.966,14,14,exact,exact,Zonisamide,False,True,False,False,1.0,False,False,1,2,[H],,,[H].[H]NS(=O)(=O)Cc1noc2ccccc12 |^1:0|
