group,figure,segment,file_name,tier,tier_by_threshold,confidence,verdict,matched_name,closest_name,closest_tanimoto,pred_heavy,closest_heavy,grade,grade_largest,graded_match,decoded,dephantom,dedup,largest,best_tanimoto,skeleton_match,formula_match,elem_delta,n_fragments,phantom_frags,duplicate_frags,dropped_by_largest,smiles
1_1_1_3_3_3_hexafluoro_2_5_fluoro_2_1_2_fluorophenyl_methyl__cid86269973,,,1_1_1_3_3_3_hexafluoro_2_5_fluoro_2_1_2_fluorophenyl_methyl__cid86269973.png,high,high,0.9122824688259529,exact,"1,1,1,3,3,3-Hexafluoro-2-(((5-fluoro-2-(1-((2-fluorophenyl)methyl)-5-(3-isoxazolyl)-1H-pyrazol-3-yl)-4-pyrimidinyl)amino)methyl)-2-propanol","1,1,1,3,3,3-Hexafluoro-2-(((5-fluoro-2-(1-((2-fluorophenyl)methyl)-5-(3-isoxazolyl)-1H-pyrazol-3-yl)-4-pyrimidinyl)amino)methyl)-2-propanol",1.0,37,37,exact,exact,"1,1,1,3,3,3-Hexafluoro-2-(((5-fluoro-2-(1-((2-fluorophenyl)methyl)-5-(3-isoxazolyl)-1H-pyrazol-3-yl)-4-pyrimidinyl)amino)methyl)-2-propanol",False,False,False,False,1.0,True,True,0,1,,,,[H]OC(CNc1nc(-c2cc(-c3ccon3)n(Cc3ccccc3F)n2)ncc1F)(C(F)(F)F)C(F)(F)F
1_3_dimethyl_2_6_dioxo_1_2_3_6_tetrahydro_7h_purin_7_yl_acet_cid176595,,,1_3_dimethyl_2_6_dioxo_1_2_3_6_tetrahydro_7h_purin_7_yl_acet_cid176595.png,high,high,0.8961646627314086,wrong,,"(1,3-Dimethyl-2,6-dioxo-1,2,3,6-tetrahydro-7H-purin-7-yl)acetic acid--4-(((2-amino-3,5-dibromophenyl)methyl)amino)cyclohexan-1-ol (1/1)",1.0,35,35,exact,exact,"(1,3-Dimethyl-2,6-dioxo-1,2,3,6-tetrahydro-7H-purin-7-yl)acetic acid--4-(((2-amino-3,5-dibromophenyl)methyl)amino)cyclohexan-1-ol (1/1)",False,True,False,False,1.0,False,False,4,6,[H].[H].[H].[H],,,"Cn1c(=O)c2c(ncn2CC(=O)O)n(C)c1=O.Nc1c(Br)cc(Br)cc1CNC1CCC(O)CC1.[H].[H].[H].[H] |^1:35,36,37,38|"
1_5_dihydro_1_beta_d_ribofuranosyl_4h_pyrazolo_3_4_d_pyrimid_cid135407110,,,1_5_dihydro_1_beta_d_ribofuranosyl_4h_pyrazolo_3_4_d_pyrimid_cid135407110.png,high,high,0.884706215519474,wrong,,"1,5-Dihydro-1-beta-D-ribofuranosyl-4H-pyrazolo(3,4-d)pyrimidin-4-one",1.0,19,19,exact,exact,"1,5-Dihydro-1-beta-D-ribofuranosyl-4H-pyrazolo(3,4-d)pyrimidin-4-one",False,True,False,False,1.0,False,False,1,2,[H],,,[H].[H]O[C@@H]1[C@H](O)[C@@H](CO)O[C@H]1n1ncc2c(=O)[nH]cnc21 |^1:0|
216014_14_1_non_salt_cid172966628,,,216014_14_1_non_salt_cid172966628.png,low,low,1.022475309753805e-06,invalid,,,,,,invalid,invalid,,False,False,False,False,,False,,,,,,,CCCCCCCCCCCC(CC(=O)NC1COC2C(NCC(CCCCCCCCC)OC(=O)CCCCCCCCC)C(OC[CH]OCCCCCCCCCC)[CH]2(NC234=O=C(=O=2)(C3)C2OC(CCCCCCCCC)=O=C(=O)(CCCCCCCCC)O[CH]4(CCCCCCCCCCC)C2CCCCCCCCCC)C2OC12)OC(=O)CCCCCCCCC
25_hydroxyvitamin_d3_cid5283731,,,25_hydroxyvitamin_d3_cid5283731.png,low,low,0.7939126141916815,exact,25-Hydroxyvitamin D3,25-Hydroxyvitamin D3,1.0,29,29,exact,exact,25-Hydroxyvitamin D3,False,False,False,False,1.0,True,True,0,1,,,,[H]O[C@H]1CCC(=C)/C(=C([H])\C([H])=C2/CCC[C@@]3(C)[C@@]2([H])CC[C@]3([H])[C@H](C)CCCC(C)(C)O)C1
2_4_amino_3_chloro_5_trifluoromethyl_phenyl_2_tert_butylamin_cid9997788,,,2_4_amino_3_chloro_5_trifluoromethyl_phenyl_2_tert_butylamin_cid9997788.png,high,high,0.8831609230743172,wrong,,2-(4-Amino-3-chloro-5-trifluoromethyl-phenyl)-2-tert-butylaminoethanol hydrochloride,0.974,21,21,exact,exact,2-(4-Amino-3-chloro-5-trifluoromethyl-phenyl)-2-tert-butylaminoethanol hydrochloride,False,True,False,False,1.0,False,False,2,4,[H].[H],,,"CC(C)(C)NC(CO)c1cc(Cl)c(N)c(C(F)(F)F)c1.[H].[H].[H]Cl |^1:20,21|"
2_5_dimethoxy_4_iodoamphetamine_cid1229,,,2_5_dimethoxy_4_iodoamphetamine_cid1229.png,high,high,0.8883903440433882,exact,"2,5-Dimethoxy-4-iodoamphetamine","2,5-Dimethoxy-4-iodoamphetamine",1.0,15,15,exact,exact,"2,5-Dimethoxy-4-iodoamphetamine",False,False,False,False,1.0,True,True,0,1,,,,[H]NC(C)Cc1cc(OC)c(I)cc1OC
3r_6r_3_2_3_dihydro_1h_inden_2_yl_1_1r_1_2_6_dimethyl_3_pyri_cid11634973,,,3r_6r_3_2_3_dihydro_1h_inden_2_yl_1_1r_1_2_6_dimethyl_3_pyri_cid11634973.png,high,high,0.8876396875237864,exact,"(3R,6R)-3-(2,3-Dihydro-1H-inden-2-yl)-1-((1R)-1-(2,6-dimethyl-3-pyridinyl)-2-(4-morpholinyl)-2-oxoethyl)-6-((1S)-1-methylpropyl)-2,5-piperazinedione","(3R,6R)-3-(2,3-Dihydro-1H-inden-2-yl)-1-((1R)-1-(2,6-dimethyl-3-pyridinyl)-2-(4-morpholinyl)-2-oxoethyl)-6-((1S)-1-methylpropyl)-2,5-piperazinedione",1.0,38,38,exact,exact,"(3R,6R)-3-(2,3-Dihydro-1H-inden-2-yl)-1-((1R)-1-(2,6-dimethyl-3-pyridinyl)-2-(4-morpholinyl)-2-oxoethyl)-6-((1S)-1-methylpropyl)-2,5-piperazinedione",False,False,False,False,1.0,True,True,0,1,,,,[H][C@]1(C2Cc3ccccc3C2)NC(=O)[C@@]([H])([C@@H](C)CC)N([C@@H](C(=O)N2CCOCC2)c2ccc(C)nc2C)C1=O
abediterol_cid11962616,,,abediterol_cid11962616.png,high,high,0.8847239439820463,exact,Abediterol,Abediterol,1.0,33,33,exact,exact,Abediterol,False,False,False,False,1.0,True,True,0,1,,,,[H]Oc1ccc([C@@H](O)CN([H])CCCCCCOCC(F)(F)c2ccccc2)c2ccc(=O)[nH]c12
acetanilide_cid904,,,acetanilide_cid904.png,high,high,0.8748179457123245,exact,Acetanilide,Acetanilide,1.0,10,10,exact,exact,Acetanilide,False,False,False,False,1.0,True,True,0,1,,,,[H]N(C(C)=O)c1ccccc1
acetarsol_cid1985,,,acetarsol_cid1985.png,high,high,0.8691600895383582,exact,Acetarsol,Acetarsol,1.0,15,15,exact,exact,Acetarsol,False,False,False,False,1.0,True,True,0,1,,,,[H]O[As](=O)(O)c1ccc(O)c(NC(C)=O)c1
acotiamide_cid5282338,,,acotiamide_cid5282338.png,high,high,0.8876450954624324,exact,Acotiamide,Acotiamide,1.0,31,31,exact,exact,Acotiamide,False,False,False,False,1.0,True,True,0,1,,,,COc1cc(O)c(C(=O)Nc2nc(C(=O)NCCN(C(C)C)C(C)C)cs2)cc1OC
aculeacin_a_cid53297328,,,aculeacin_a_cid53297328.png,low,low,3.663868354830563e-09,invalid,,,,,,invalid,invalid,,False,False,False,False,,False,,,,,,,[H]NC1[CH]23OC2C(CCCCCCCCCCCCCC)N2CC(O)C[CH]24[CH]25O[CH]267C([H])(C(O)CC(N)=O)NC(=O)C(C2=CC=C(O)C=C2)C2=N[CH]8(O)C(O)C9%10(O)[CH]8(O)C18(C(C)[CH]C)C291%11OC%1081(O%11)C6(O)(C([H])=O)N[CH]347(O)O5
afegostat_cid447607,,,afegostat_cid447607.png,high,high,0.8663044430407161,wrong,,Afegostat,1.0,10,10,exact,exact,Afegostat,False,True,False,False,1.0,False,False,1,2,[H],,,[H].[H]OC[C@H]1CN([H])C[C@@H](O[H])[C@@H]1O |^1:0|
albaconazole_cid208952,,,albaconazole_cid208952.png,high,high,0.9007575316810271,exact,Albaconazole,Albaconazole,1.0,30,30,exact,exact,Albaconazole,False,False,False,False,1.0,True,True,0,1,,,,C[C@@H](n1cnc2cc(Cl)ccc2c1=O)[C@](O)(Cn1cncn1)c1ccc(F)cc1F
alcaftadine_cid19371515,,,alcaftadine_cid19371515.png,high,high,0.8833683184971479,exact,Alcaftadine,Alcaftadine,1.0,23,23,exact,exact,Alcaftadine,False,False,False,False,1.0,True,True,0,1,,,,[H]C(=O)c1cnc2n1CCc1ccccc1C2=C1CCN(C)CC1
almotriptan_malate_cid123607,,,almotriptan_malate_cid123607.png,high,high,0.901601582634308,wrong,,Almotriptan Malate,0.983,32,32,exact,exact,Almotriptan Malate,False,True,False,False,1.0,False,False,1,3,[H],,,O=C(O)CC(O)C(=O)O.[H].[H]n1cc(CCN(C)C)c2cc(CS(=O)(=O)N3CCCC3)ccc21 |^1:9|
alpha_galactosylceramide_cid2826713,,,alpha_galactosylceramide_cid2826713.png,low,low,0.01364900809195309,invalid,,,,,,invalid,invalid,,False,False,False,False,,False,,,,,,,**C1C(NCC(C(=O)C(O)CCCCCCCCCCCCCCCCCCCCCCCCC)C(C#N)C(*)CCCCCCCCCCCCCC)OC(C*)C2(**C2)C1C.*C1=O=C1CCCCCCCCCCCCCCCCCCCCCCCCC |$nBu;Me;;;;;;;;;;;;;;;;;;;;;;;;;;;;;;;;;;;;;;;Me;;;;;;;;;;;;;;;;;;nBu;;Me;nBu;;;;Me;;;;;;;;;;;;;;;;;;;;;;;;;;;;$|
alphaxalone_cid104845,,,alphaxalone_cid104845.png,low,low,0.8347736492672988,exact,Alphaxalone,Alphaxalone,1.0,24,24,exact,exact,Alphaxalone,False,False,False,False,1.0,True,True,0,1,,,,[H][C@@]12CC[C@@]3([H])[C@]4([H])CC[C@H](C(C)=O)[C@@]4(C)CC(=O)[C@]3([H])[C@@]1(C)CC[C@@H](O)C2
altiratinib_cid54576299,,,altiratinib_cid54576299.png,high,high,0.9029424458454511,exact,Altiratinib,Altiratinib,1.0,37,37,exact,exact,Altiratinib,False,False,False,False,1.0,True,True,0,1,,,,O=C(Nc1cc(Oc2cc(F)c(NC(=O)C3(C(=O)Nc4ccc(F)cc4)CC3)cc2F)ccn1)C1CC1
aluminum_clofibrate_cid10390009,,,aluminum_clofibrate_cid10390009.png,high,low,0.8813777677940249,invalid,,,,,,invalid,invalid,,False,False,False,False,,False,,,,,,,CC(C)(OC1=CC=C(Cl)C=C1)C(=O)[O-].CC(C)(OC1=CC=C(Cl)C=C1)C(=O)[O][Al+3].[OH][Al+3]
alvocidib_cid5287969,,,alvocidib_cid5287969.png,high,high,0.8874531560234291,wrong,,Alvocidib,1.0,28,28,exact,exact,Alvocidib,False,True,False,False,1.0,False,False,3,4,[H].[H].[H],,,"[H].[H].[H].[H][C@]1(c2c(O)cc(O)c3c(=O)cc(-c4ccccc4Cl)oc23)CCN(C)C[C@H]1O |^1:0,1,2|"
amdinocillin_cid36273,,,amdinocillin_cid36273.png,high,high,0.8802471501978191,exact,Amdinocillin,Amdinocillin,1.0,22,22,exact,exact,Amdinocillin,False,False,False,False,1.0,True,True,0,1,,,,[H]C(=N[C@@H]1C(=O)N2[C@@H](C(=O)O)C(C)(C)S[C@]12[H])N1CCCCCC1
amenamevir_cid11397521,,,amenamevir_cid11397521.png,high,high,0.9062543648107576,wrong,,Amenamevir,0.983,34,34,exact,exact,Amenamevir,False,True,False,False,1.0,False,False,1,2,[H],,,Cc1cccc(C)c1N(CC(=O)Nc1ccc(-c2ncon2)cc1)C(=O)C1CCS(=O)(=O)CC1.[H] |^1:34|
amfenac_cid2136,,,amfenac_cid2136.png,high,high,0.8593423970118239,wrong,,Amfenac,0.938,19,19,exact,exact,Amfenac,False,True,False,False,1.0,False,False,3,3,[HH].[H],,,Nc1c(CC(=O)O)cccc1C(=O)c1ccccc1.[HH].[H] |^1:20|
aminoglutethimide_cid2145,,,aminoglutethimide_cid2145.png,high,high,0.8733359636813702,exact,Aminoglutethimide,Aminoglutethimide,1.0,17,17,exact,exact,Aminoglutethimide,False,False,False,False,1.0,True,True,0,1,,,,[H]Nc1ccc(C2(CC)CCC(=O)N([H])C2=O)cc1
amodiaquine_hydrochloride_cid64646,,,amodiaquine_hydrochloride_cid64646.png,high,high,0.8470345304412744,wrong,,Amodiaquine Hydrochloride,0.941,28,29,salt,salt,Amodiaquine Hydrochloride,False,True,True,False,1.0,False,False,7,10,[H].[H].[H].[H].[H].[H][H],O,,"CCN(CC)Cc1cc(Nc2ccnc3cc(Cl)ccc23)ccc1O.O.O.[H].[H].[H].[H].[H].[H]Cl.[H][H] |^1:27,28,29,30,31|"
amorolfine_cid54260,,,amorolfine_cid54260.png,high,high,0.891639304847987,exact,Amorolfine,Amorolfine,1.0,23,23,exact,exact,Amorolfine,False,False,False,False,1.0,True,True,0,1,,,,CCC(C)(C)c1ccc(CC(C)CN2C[C@@H](C)O[C@@H](C)C2)cc1
amphotericin_b_monomethyl_ester_cid11968030,,,amphotericin_b_monomethyl_ester_cid11968030.png,low,low,0.2124816968598821,stereo,Amphotericin B monomethyl ester,Amphotericin B monomethyl ester,1.0,66,66,stereo,stereo,Amphotericin B monomethyl ester,False,False,False,False,1.0,True,True,0,1,,,,[H]C1=C\C([H])=C([H])\C([H])=C\C([H])=C\[C@H](C)[C@H](O)[C@@H](C)[C@H](C)OC(=O)C[C@@H](O)C[C@@H](O)CC[C@H](O)[C@@H](O)C[C@@H](O)C[C@@]2(O)C[C@H](O)[C@@H](C(=O)OC)[C@@]([H])(C[C@H](O[C@H]3O[C@H](C)[C@H](O)[C@@H](N([H])[H])[C@@H]3O)/C([H])=C/C([H])=C([H])/C([H])=C/1)O2
amprolium_cid73341,,,amprolium_cid73341.png,high,high,0.906564756355963,exact,Amprolium,Amprolium,1.0,19,19,exact,exact,Amprolium,False,False,False,False,1.0,True,True,0,2,,,,[Cl-].[H]Nc1nc(CCC)ncc1C[n+]1ccccc1C
anagrelide_cid135409400,,,anagrelide_cid135409400.png,high,high,0.8874179133232906,exact,Anagrelide,Anagrelide,1.0,16,16,exact,exact,Anagrelide,False,False,False,False,1.0,True,True,0,1,,,,[H]N1C(=O)CN2Cc3c(ccc(Cl)c3Cl)N=C21
anserine_cid112072,,,anserine_cid112072.png,high,high,0.8816597291852217,wrong,,Anserine,0.975,17,17,exact,exact,Anserine,False,True,False,False,1.0,False,False,1,2,[H],,,[H].[H]NCCC(=O)N[C@@H](Cc1cncn1C)C(=O)O |^1:0|
anthralin_cid2202,,,anthralin_cid2202.png,high,high,0.8925164090085559,exact,Anthralin,Anthralin,1.0,17,17,exact,exact,Anthralin,False,False,False,False,1.0,True,True,0,1,,,,[H]Oc1cccc2c1C(=O)c1c(cccc1O[H])C2
apilimod_cid10173277,,,apilimod_cid10173277.png,high,high,0.9127127526626428,exact,Apilimod,Apilimod,1.0,31,31,exact,exact,Apilimod,False,False,False,False,1.0,True,True,0,1,,,,[H]/C(=N\Nc1cc(N2CCOCC2)nc(OCCc2ccccn2)n1)c1cccc(C)c1
apomorphine_cid6005,,,apomorphine_cid6005.png,high,high,0.8992612115817137,exact,Apomorphine,Apomorphine,1.0,20,20,exact,exact,Apomorphine,False,False,False,False,1.0,True,True,0,1,,,,[H][C@@]12Cc3ccc(O)c(O)c3-c3cccc(c31)CCN2C
apraclonidine_cid2216,,,apraclonidine_cid2216.png,high,high,0.884733942180031,exact,Apraclonidine,Apraclonidine,1.0,15,15,exact,exact,Apraclonidine,False,False,False,False,1.0,True,True,0,1,,,,[H]Nc1cc(Cl)c(NC2=NCCN2[H])c(Cl)c1
aprocitentan_cid25099191,,,aprocitentan_cid25099191.png,high,high,0.9045489568086887,exact,Aprocitentan,Aprocitentan,1.0,29,29,exact,exact,Aprocitentan,False,False,False,False,1.0,True,True,0,1,,,,NS(=O)(=O)Nc1ncnc(OCCOc2ncc(Br)cn2)c1-c1ccc(Br)cc1
ar_67_cid6712744,,,ar_67_cid6712744.png,high,high,0.8821350242533794,exact,Ar-67,Ar-67,1.0,34,34,exact,exact,Ar-67,False,False,False,False,1.0,True,True,0,1,,,,CC[C@@]1(O)C(=O)OCc2c1cc1n(c2=O)Cc2c-1nc1ccc(O)cc1c2[Si](C)(C)C(C)(C)C
aranidipine_cid2225,,,aranidipine_cid2225.png,high,high,0.884496397421462,exact,Aranidipine,Aranidipine,1.0,28,28,exact,exact,Aranidipine,False,False,False,False,1.0,True,True,0,1,,,,[H]N1C(C)=C(C(=O)OC)C(c2ccccc2[N+](=O)[O-])C(C(=O)OCC(C)=O)=C1C
argipressin_cid644077,,,argipressin_cid644077.png,low,low,9.797548786986672e-06,invalid,,,,,,invalid,invalid,,False,False,False,False,,False,,,,,,,[H]N[CH]12345678C9C(N)=O=C(N)(=O)C1[CH]91%10%11%12(N2[H])C329C(N)=O=C(N)(=O)C43[CH]24%13N([H])C(=O)C(CCC(N)=O)NC(=O)C(NC(=O)C(CC2=CC=C(O)C=C2)NC(=O)C(N)CSCC(N)C(N)=O)CC(N)(C(N)=O)CSSC[CH]2(C(=O)N([CH]CNC(CCCN=C(N)N)C(=O)NCC(N)=O)CC)N%14C15%15%16=O=C%14%1061N2%155C%1172=O=C45%128[CH]392%161N%13[H]
aripiprazole_lauroxil_cid49831411,,,aripiprazole_lauroxil_cid49831411.png,high,high,0.9047060415708134,exact,Aripiprazole Lauroxil,Aripiprazole Lauroxil,1.0,45,45,exact,exact,Aripiprazole Lauroxil,False,False,False,False,1.0,True,True,0,1,,,,CCCCCCCCCCCC(=O)OCN1C(=O)CCc2ccc(OCCCCN3CCN(c4cccc(Cl)c4Cl)CC3)cc21
arterolane_cid10475633,,,arterolane_cid10475633.png,high,high,0.850618557212361,wrong,,Arterolane,0.957,28,28,exact,exact,Arterolane,False,True,False,False,1.0,False,False,3,3,[HH].[H],,,CC(C)(N)CNC(=O)CC1CCC2(CC1)OOC1(O2)C2CC3CC(C2)CC1C3.[HH].[H] |^1:29|
arv_471_cid134562533,,,arv_471_cid134562533.png,low,low,0.5685218971837138,exact,Arv-471,Arv-471,1.0,54,54,exact,exact,Arv-471,False,False,False,False,1.0,True,True,0,1,,,,O=C1CC[C@H](N2Cc3cc(N4CCN(CC5CCN(c6ccc([C@@H]7c8ccc(O)cc8CC[C@@H]7c7ccccc7)cc6)CC5)CC4)ccc3C2=O)C(=O)N1
ascomycin_cid5282071,,,ascomycin_cid5282071.png,low,low,0.8305351929188198,stereo,Ascomycin,Ascomycin,1.0,56,56,stereo,stereo,Ascomycin,False,False,False,False,1.0,True,True,0,1,,,,[H]C(=C(C)[C@H]1OC(=O)[C@@]2([H])CCCCN2C(=O)C(=O)[C@]2(O)O[C@]([H])([C@@H](OC)C[C@@H](C)C/C(C)=C(\[H])[C@@H](CC)C(=O)C[C@H](O)[C@H]1C)[C@@H](OC)C[C@H]2C)[C@@H]1CC[C@@H](O)[C@H](OC)C1
asimadoline_cid179340,,,asimadoline_cid179340.png,high,high,0.8960068740425422,wrong,,Asimadoline,1.0,31,31,exact,exact,Asimadoline,False,True,False,False,1.0,False,False,1,2,[H],,,CN(C(=O)C(c1ccccc1)c1ccccc1)[C@H](CN1CC[C@H](O)C1)c1ccccc1.[H] |^1:31|
asundexian_cid135206011,,,asundexian_cid135206011.png,high,high,0.9046119789260524,wrong,,Asundexian,0.987,41,41,exact,exact,Asundexian,False,True,False,False,1.0,False,False,4,3,[HH].[HH],,,CC[C@@H](C(=O)Nc1ccc(C(N)=O)c(F)c1)n1cc(OC)c(-c2cc(Cl)ccc2-n2cc(C(F)(F)F)nn2)cc1=O.[HH].[HH]
azaline_b_cid71587609,,,azaline_b_cid71587609.png,low,low,0.0005131488648877256,invalid,,,,,,invalid,invalid,,False,False,False,False,,False,,,,,,,CCNC1C2C3C(C4C[CH]5(C(=O)N6(CCCC6C(=O)NC(C)C(N)=O)C6CCC(C(=O)NC(C)C(N)=O)N6C(=O)C(NC(=O)C(CC(C)C)NC(=O)C(CC6=CC=C(NC7=NN=C(N)N7)C=C6)NC(=O)C(CCC=CCNCNC)NC[CH]NC[CH]NC[CH]NC6C7N8CN7[CH]68CC)C5CCCNC(C)C)C43)C2N1C(C)C
azamulin_cid16072188,,,azamulin_cid16072188.png,low,low,0.4581731484992842,invalid,,,,,,invalid,invalid,,False,False,False,False,,False,,,,,,,[H].[H].[H].[H].[H]C12C(=O)CCC13CCC1C[CH](OC(=O)CSC4=NNC(N)=N4)(CC(C)(CC)C(O)C3C)C12C
azd8871_cid71558565,,,azd8871_cid71558565.png,high,high,0.8859196668106057,wrong,,Azd8871,0.579,52,52,wrong,wrong,,False,False,False,False,0.579,False,False,2,1,,,,CN(CCCNc1ccc(CNCC(=O)c2ccc(O)c3[nH]c(=O)ccc23)cc1NN)C1CCC(OC(=O)C(O)(c2cccs2)c2cccs2)CC1
aztreonam_cid5742832,,,aztreonam_cid5742832.png,high,high,0.8820707560990395,wrong,,Aztreonam,0.982,28,28,exact,exact,Aztreonam,False,True,False,False,1.0,False,False,1,2,[H],,,[H].[H]Nc1nc(/C(=N/OC(C)(C)C(=O)O[H])C(=O)N([H])[C@@H]2C(=O)N(S(=O)(=O)O)[C@H]2C)cs1 |^1:0|
balaglitazone_cid9889200,,,balaglitazone_cid9889200.png,high,high,0.9182333615200596,exact,Balaglitazone,Balaglitazone,1.0,28,28,exact,exact,Balaglitazone,False,False,False,False,1.0,True,True,0,1,,,,Cn1c(COc2ccc(CC3SC(=O)NC3=O)cc2)nc2ccccc2c1=O
balapiravir_cid11691726,,,balapiravir_cid11691726.png,high,high,0.8814538493972044,wrong,,Balapiravir,0.7,35,35,wrong,wrong,,False,False,False,False,0.7,False,False,3,3,[H].[H],,,"CC(C)C(=O)OC[C@@]1(N[N+]=[N-])O[C@@H](n2ccc(N)nc2=O)[C@H](OC(=O)C(C)C)[C@@H]1OC(=O)C(C)C.[H].[H] |^1:9,35,36|"
balhimycin_cid139586033,,,balhimycin_cid139586033.png,low,low,1.653089162285222e-05,invalid,,,,,,invalid,invalid,,False,False,False,False,,False,,,,,,,[H]OC1C(OC2=COC3=C(Cl)C=C(C=C3)C(O)C(NC(=O)C(CC(C)C)NC)C(=O)NC(CC(N)=O)C(=O)NCC3(=O)NC4567C8=O=C4(=O=8)NC(C(=O)NC(C(=O)O)(C4=CC(O)=CC(O)=C4)C5489=C5%10%11=C4C4=C%12%13=C%14%15=C%16=C%17C6%18%19=C=86%20%21=C=5%17%14(=C=%18=958=C69%14(O)=C%166%17OC=9%12%16%18%22=C=%106%205(O)=C=%14%13(O)(=C%11%218%16O)(O%18)C=4=%15%17%22)C%19N37)C(OCOCC)C3=CC(Cl)=C(C=C3)OC2=C)OC(CO)C(O)C1O
baloxavir_marboxil_cid124081896,,,baloxavir_marboxil_cid124081896.png,high,high,0.8485328671128614,stereo,Baloxavir Marboxil,Baloxavir Marboxil,1.0,40,40,stereo,stereo,Baloxavir Marboxil,False,False,False,False,1.0,True,True,0,1,,,,[H][C@]12COCCN1C(=O)c1c(OCOC(=O)OC)c(=O)ccn1N2[C@@H]1c2ccccc2SCc2c1ccc(F)c2F
barnidipine_cid443869,,,barnidipine_cid443869.png,high,high,0.9087198696899154,exact,Barnidipine,Barnidipine,1.0,36,36,exact,exact,Barnidipine,False,False,False,False,1.0,True,True,0,1,,,,COC(=O)C1=C(C)NC(C)=C(C(=O)O[C@H]2CCN(Cc3ccccc3)C2)[C@H]1c1cccc([N+](=O)[O-])c1
barusiban_cid9832431,,,barusiban_cid9832431.png,low,low,0.0003855555699211189,invalid,,,,,,invalid,invalid,,False,False,False,False,,False,,,,,,,O.[H]C([H])(C(=O)NC(CNC(CCSCCC(=O)N[CH]123CC456=CNC7=CC=CC=C74=C4=C7C(=CC=C4)NC=5=C7C61[CH]1(NC(=O)CCSCC[CH]CN[CH]C)C2(=O)NC24567([H])[H]C8([H]2)(C4CC)(N5C13=O)C61=O=C872C(CC)C([H])(C(CC)C(=O)OC)N12)C(=O)N(C)C(CO)CCCN)CC(N)=O)C(C)OCC
baxdrostat_cid71535962,,,baxdrostat_cid71535962.png,high,high,0.9137068082425513,exact,Baxdrostat,Baxdrostat,1.0,27,27,exact,exact,Baxdrostat,False,False,False,False,1.0,True,True,0,1,,,,CCC(=O)N[C@@H]1CCCc2c(-c3ccc4c(c3)CCC(=O)N4C)cncc21
bazedoxifene_cid154257,,,bazedoxifene_cid154257.png,high,high,0.8948535582051962,wrong,,Bazedoxifene,0.981,35,35,exact,exact,Bazedoxifene,False,True,False,False,1.0,False,False,2,2,[HH],,,Cc1c(-c2ccc(O)cc2)n(Cc2ccc(OCCN3CCCCCC3)cc2)c2ccc(O)cc12.[HH]
beauvericin_cid3007984,,,beauvericin_cid3007984.png,high,high,0.8796043020310336,exact,Beauvericin,Beauvericin,1.0,57,57,exact,exact,Beauvericin,False,False,False,False,1.0,True,True,0,1,,,,CC(C)[C@H]1OC(=O)[C@H](Cc2ccccc2)N(C)C(=O)[C@@H](C(C)C)OC(=O)[C@H](Cc2ccccc2)N(C)C(=O)[C@@H](C(C)C)OC(=O)[C@H](Cc2ccccc2)N(C)C1=O
becampanel_cid5491960,,,becampanel_cid5491960.png,high,high,0.865032187098133,wrong,,Becampanel,0.371,22,22,wrong,wrong,,False,False,False,False,0.371,False,False,2,1,,,,[H]OP(=O)(O)CN([H])CC1=C2C(C=C([N+](=O)[O-])C1)N([H])C(=O)C(=O)N2[H]
beclabuvir_cid56934415,,,beclabuvir_cid56934415.png,low,low,0.03410513004715538,invalid,,,,,,invalid,invalid,,False,False,False,False,,False,,,,,,,[H]C12CCC345([H])[H]C67(CN(C)(C13)(C64)C75)N2C(=O)C12CN3C4=C(C=CC(C(=O)NS(=O)(=O)N(C)C)=C4)C(C4CCCCC4)=C3C3=C(C=C(OC)C=C3)C1([H])C2
befunolol_cid2309,,,befunolol_cid2309.png,high,high,0.8968920861397127,exact,Befunolol,Befunolol,1.0,21,21,exact,exact,Befunolol,False,False,False,False,1.0,True,True,0,1,,,,[H]OC(CNC(C)C)COc1cccc2cc(C(C)=O)oc12
belvarafenib_cid89655386,,,belvarafenib_cid89655386.png,low,low,0.8056246597891772,wrong,,Belvarafenib,0.97,33,33,exact,exact,Belvarafenib,False,True,False,False,1.0,False,False,3,3,[HH].[H],,,Cc1ccc2c(Nc3cccc(Cl)c3F)nccc2c1NC(=O)c1csc2c(N)ncnc12.[HH].[H] |^1:34|
benidipine_cid656668,,,benidipine_cid656668.png,high,high,0.8962214372197848,exact,Benidipine,Benidipine,1.0,37,37,exact,exact,Benidipine,False,False,False,False,1.0,True,True,0,1,,,,COC(=O)C1=C(C)NC(C)=C(C(=O)O[C@@H]2CCCN(Cc3ccccc3)C2)[C@@H]1c1cccc([N+](=O)[O-])c1
benperidol_cid16363,,,benperidol_cid16363.png,high,high,0.8937177102627748,exact,Benperidol,Benperidol,1.0,28,28,exact,exact,Benperidol,False,False,False,False,1.0,True,True,0,1,,,,O=C(CCCN1CCC(n2c(=O)[nH]c3ccccc32)CC1)c1ccc(F)cc1
benznidazole_cid31593,,,benznidazole_cid31593.png,low,low,0.8101782868791689,invalid,,,,,,invalid,invalid,,False,False,False,False,,False,,,,,,,O=C(CN1C=CN=C1N(=O)[O-])NCC1=CC=CC=C1.[HH]
benzphetamine_hydrochloride_cid11558159,,,benzphetamine_hydrochloride_cid11558159.png,high,high,0.878134210578804,exact,Benzphetamine Hydrochloride,Benzphetamine Hydrochloride,1.0,19,19,exact,exact,Benzphetamine Hydrochloride,False,False,False,False,1.0,True,True,0,2,,,,C[C@@H](Cc1ccccc1)N(C)Cc1ccccc1.[H]Cl
beraprost_sodium_cid23663404,,,beraprost_sodium_cid23663404.png,low,low,0.03774969500947267,invalid,,,,,,invalid,invalid,,False,False,False,False,,False,,,,,,,[H]C=C1([H])[CH]23(O)O4[CH]567O[CH]418(C25CC368CC=CC)C7([H])=CC1C(O)CC2([H])OC3=C(CCCC(=O)[O-])C=CC=C3C12[H]
berninamycin_a_cid91617669,,,berninamycin_a_cid91617669.png,low,low,3.028212234545963e-13,invalid,,,,,,invalid,invalid,,False,False,False,False,,False,,,,,,,[H]C12([H])NC34=O=C5(=O)(=O=3)NC3([H])([H])(C(C)(C)O)C6=C13N21C2378=C9%10=C1%11%12%13%14=C21(C)C9=C%11C%1012(=N63%12)C13(=O)NC6(=C)=O=C6([H])(C(C)(C)O)C([H])(C(C)(C)O)(CNC(=C)NC(=O)NCC69NC%10%11%12%15=CC%16%17%18=C%19%20=C=%16%10%21%22=C(=C=%17=%11=%21%19%10=N%18C5(=CS%10)=C4N%20)(N=%12=C(C(=O)NC(=C)C(=O)NC(=C)C(N)=O)C=C%22)C%154=C5=C(OC6(=C)C9=O)O54)NC(=O)NCC14=C(C)ON4372%13C(CC)=N8%14
besifovir_cid5270766,,,besifovir_cid5270766.png,high,high,0.860368063458251,wrong,,Besifovir,0.977,20,20,exact,exact,Besifovir,False,True,False,False,1.0,False,False,2,3,[H].[H],,,"[H].[H].[H]OP(=O)(O)COC1(Cn2cnc3cnc(N)nc32)CC1 |^1:0,1|"
betahistine_cid2366,,,betahistine_cid2366.png,high,high,0.9044337566627955,exact,Betahistine,Betahistine,1.0,10,10,exact,exact,Betahistine,False,False,False,False,1.0,True,True,0,1,,,,[H]N(C)CCc1ccccn1
bethanechol_cid2370,,,bethanechol_cid2370.png,high,high,0.8964141510723679,exact,Bethanechol,Bethanechol,1.0,11,11,exact,exact,Bethanechol,False,False,False,False,1.0,True,True,0,1,,,,[H]N([H])C(=O)OC([H])(C)C[N+](C)(C)C
bexarotene_cid82146,,,bexarotene_cid82146.png,high,high,0.8585362259527841,wrong,,Bexarotene,0.971,26,26,exact,exact,Bexarotene,False,True,False,False,1.0,False,False,2,2,[HH],,,C=C(c1ccc(C(=O)O)cc1)c1cc2c(cc1C)C(C)(C)CCC2(C)C.[HH]
biotin_cid171548,,,biotin_cid171548.png,high,high,0.8841508521028217,exact,Biotin,Biotin,1.0,16,16,exact,exact,Biotin,False,False,False,False,1.0,True,True,0,1,,,,[H]OC(=O)CCCC[C@@H]1SC[C@]2([H])N([H])C(=O)N([H])[C@]12[H]
bismuth_subgallate_cid73415769,,,bismuth_subgallate_cid73415769.png,high,high,0.872144723087515,wrong,,Bismuth Subgallate,0.92,14,14,salt,salt,Bismuth Subgallate,False,False,False,False,0.92,True,False,1,3,,,,[Bi+3].[H]O.[H]Oc1cc(C(=O)O)cc([O-])c1[O-] |^2:0|
bleomycin_b2_cid5496540,,,bleomycin_b2_cid5496540.png,low,low,0.03802388698174702,invalid,,,,,,invalid,invalid,,False,False,False,False,,False,,,,,,,[H]NC(=O)CC(NCC(N[H])C(=O)N[H])C1=NC(CNC(C(=O)NC(C)C(O)C(C)C(=O)NC(C(=O)NCCC2=NC(C3=NC(C(=O)NCCCCN=C4(N)[H]N4)=CS3)=CS2)C(C)O)C(OC2OC(CO)C(O)C(O)C2OC2OC(CO)C(O)C(OC(N)=O)C2O)C2=CN=CN2)=C(C)C(N[H])=N1
bolasterone_cid102146,,,bolasterone_cid102146.png,low,low,0.74543150626279,exact,Bolasterone,Bolasterone,1.0,23,23,exact,exact,Bolasterone,False,False,False,False,1.0,True,True,0,1,,,,[H][C@]12CC[C@@]3(C)[C@@]([H])(CC[C@]3(C)O)[C@]1([H])[C@H](C)CC1=CC(=O)CC[C@@]12C
boric_acid_cid7628,,,boric_acid_cid7628.png,high,high,0.867160195255789,exact,Boric Acid,Boric Acid,1.0,4,4,exact,exact,Boric Acid,False,False,False,False,1.0,True,True,0,1,,,,[H]OB(O[H])O[H]
brilacidin_cid25023695,,,brilacidin_cid25023695.png,low,low,0.6010177312692794,stereo,Brilacidin,Brilacidin,1.0,66,66,stereo,stereo,Brilacidin,False,False,False,False,1.0,True,True,0,1,,,,[H]N/C(N)=N/CCCCC(=O)Nc1cc(C(F)(F)F)cc(NC(=O)c2cc(C(=O)Nc3cc(C(F)(F)F)cc(NC(=O)CCCC/N=C(\N)N[H])c3O[C@H]3CCNC3)ncn2)c1O[C@@H]1CCNC1
brivanib_cid11234052,,,brivanib_cid11234052.png,high,high,0.8753907276250174,wrong,,Brivanib,0.982,27,27,exact,exact,Brivanib,False,True,False,False,1.0,False,False,2,3,[H].[H],,,"Cc1cc2c(F)c(Oc3ncnn4cc(OC[C@@H](C)O)c(C)c34)ccc2[nH]1.[H].[H] |^1:27,28|"
brivudine_cid446727,,,brivudine_cid446727.png,high,high,0.8762931370192567,exact,Brivudine,Brivudine,1.0,19,19,exact,exact,Brivudine,False,False,False,False,1.0,True,True,0,1,,,,[H]/C(Br)=C(/[H])c1cn([C@H]2C[C@H](O)[C@@H](CO)O2)c(=O)n([H])c1=O
brodifacoum_cid54680676,,,brodifacoum_cid54680676.png,high,high,0.9061483639443485,wrong,,Brodifacoum,0.98,35,35,exact,exact,Brodifacoum,False,True,False,False,1.0,False,False,1,2,[H],,,O=c1oc2ccccc2c(O)c1C1CC(c2ccc(-c3ccc(Br)cc3)cc2)Cc2ccccc21.[H] |^1:35|
bupranolol_cid2475,,,bupranolol_cid2475.png,high,high,0.8838950088301976,exact,Bupranolol,Bupranolol,1.0,18,18,exact,exact,Bupranolol,False,False,False,False,1.0,True,True,0,1,,,,[H]OC(CNC(C)(C)C)COc1cc(C)ccc1Cl
butenafine_cid2484,,,butenafine_cid2484.png,high,high,0.9051561239692596,exact,Butenafine,Butenafine,1.0,24,24,exact,exact,Butenafine,False,False,False,False,1.0,True,True,0,1,,,,CN(Cc1ccc(C(C)(C)C)cc1)Cc1cccc2ccccc12
c_c_dimethyl_n_n_tricyclo_8_2_2_24_7_hexadeca_4_6_10_12_13_1_cid71474517,,,c_c_dimethyl_n_n_tricyclo_8_2_2_24_7_hexadeca_4_6_10_12_13_1_cid71474517.png,low,low,0.007046820571707065,invalid,,,,,,invalid,invalid,,False,False,False,False,,False,,,,,,,[H]C1(CNCC=C234C5=C26C=CC(=C5)CCC2=C(C5=CC7=C(C=C5)N=C(C5([H])CC8([H])CCCCC8([H])N5C(=O)C(NC(=O)OC)C(C)C)N7)C=C(C=C2)C3(C)=C4C6)CC2([H])CCCCC2([H])N1C(=O)C(CC)NC(=O)OC
calcium_chloride_cid5284359,,,calcium_chloride_cid5284359.png,high,high,0.8442862922792225,wrong,,Calcium Chloride,0.333,3,3,wrong,wrong,,False,False,False,False,0.333,False,False,0,3,,[Cl-],,[Ca+].[Cl-].[Cl-] |^1:0|
canfosfamide_cid5312109,,,canfosfamide_cid5312109.png,high,high,0.8780206542747053,wrong,,Canfosfamide,0.969,47,47,exact,exact,Canfosfamide,False,True,False,False,1.0,False,False,5,4,[HH].[HH].[H],,,N[C@@H](CCC(=O)N[C@@H](CS(=O)(=O)CCOP(=O)(N(CCCl)CCCl)N(CCCl)CCCl)C(=O)N[C@@H](C(=O)O)c1ccccc1)C(=O)O.[HH].[HH].[H] |^1:49|
cannabidiol_cid644019,,,cannabidiol_cid644019.png,low,low,0.7612327522107328,stereo,Cannabidiol,Cannabidiol,1.0,23,23,stereo,stereo,Cannabidiol,False,False,False,False,1.0,True,True,0,1,,,,[H]Oc1cc(CCCCC)cc(O)c1[C@@]1([H])C=C(C)CC[C@H]1C(=C)C
canrenone_cid13789,,,canrenone_cid13789.png,low,low,0.2663722883934648,invalid,,,,,,invalid,invalid,,False,False,False,False,,False,,,,,,,[H]C12C3CC4567(C)CC48(C35)C63(CCC(=O)O3)CCC87([H])C1([H])C=CC1=CC(=O)CCC12C
cantharidin_cid5944,,,cantharidin_cid5944.png,low,low,0.1991642885002546,invalid,,,,,,invalid,invalid,,False,False,False,False,,False,,,,,,,[H]C123CCC456([H])OC14(O5)(C6C2)C1(C)C(=O)OC(=O)C13C
captopril_cid44093,,,captopril_cid44093.png,high,high,0.876532446798205,wrong,,Captopril,0.722,14,14,wrong,wrong,,False,False,False,False,0.722,False,False,0,1,,,,[H]OC(=O)[C@@H]1CCCN1C(=O)[C@H](C)C[S-][H] |^1:14|
carbachol_cid5831,,,carbachol_cid5831.png,high,high,0.8749594940000838,exact,Carbachol,Carbachol,1.0,11,11,exact,exact,Carbachol,False,False,False,False,1.0,True,True,0,2,,,,[Cl-].[H]NC(=O)OCC[N+](C)(C)C
carbenicillin_cid20824,,,carbenicillin_cid20824.png,high,high,0.9001826247600802,exact,Carbenicillin,Carbenicillin,1.0,26,26,exact,exact,Carbenicillin,False,False,False,False,1.0,True,True,0,1,,,,[H]OC(=O)[C@@H]1N2C(=O)[C@@H](N([H])C(=O)C(C(=O)O)c3ccccc3)[C@@]2([H])SC1(C)C
carisbamate_cid6918474,,,carisbamate_cid6918474.png,high,high,0.895559571958971,exact,Carisbamate,Carisbamate,1.0,14,14,exact,exact,Carisbamate,False,False,False,False,1.0,True,True,0,1,,,,[H]NC(=O)OC[C@@H](O[H])c1ccccc1Cl
carmegliptin_cid11417567,,,carmegliptin_cid11417567.png,high,high,0.8851261627745594,exact,Carmegliptin,Carmegliptin,1.0,27,27,exact,exact,Carmegliptin,False,False,False,False,1.0,True,True,0,1,,,,[H]N[C@H]1C[C@@]2([H])c3cc(OC)c(OC)cc3CCN2C[C@@H]1N1C[C@@H](CF)CC1=O
carnosine_cid439224,,,carnosine_cid439224.png,high,high,0.8689690584343289,exact,Carnosine,Carnosine,1.0,16,16,exact,exact,Carnosine,False,False,False,False,1.0,True,True,0,1,,,,[H]NCCC(=O)N([H])[C@@H](Cc1cncn1[H])C(=O)O[H]
carumonam_cid6540466,,,carumonam_cid6540466.png,high,high,0.865753616586797,wrong,,Carumonam,0.984,30,30,exact,exact,Carumonam,False,True,False,False,1.0,False,False,4,5,[H].[H].[H].[H],,,"[H].[H].[H].[H].[H]N(C(=O)/C(=N\OCC(=O)O)c1csc(N)n1)[C@@H]1C(=O)N(S(=O)(=O)O)[C@@H]1COC(N)=O |^1:0,1,2,3|"
cefaclor_cid51039,,,cefaclor_cid51039.png,high,high,0.8885782132918376,exact,Cefaclor,Cefaclor,1.0,24,24,exact,exact,Cefaclor,False,False,False,False,1.0,True,True,0,1,,,,[H]N[C@@H](C(=O)N([H])[C@@H]1C(=O)N2C(C(=O)O[H])=C(Cl)CS[C@]12[H])c1ccccc1
cefamandole_cid456255,,,cefamandole_cid456255.png,high,high,0.8856272454579808,exact,Cefamandole,Cefamandole,1.0,31,31,exact,exact,Cefamandole,False,False,False,False,1.0,True,True,0,1,,,,[H][C@]12SCC(CSc3nnnn3C)=C(C(=O)O)N1C(=O)[C@H]2NC(=O)[C@H](O)c1ccccc1
cefdinir_cid6915944,,,cefdinir_cid6915944.png,high,high,0.8925900969777184,exact,Cefdinir,Cefdinir,1.0,26,26,exact,exact,Cefdinir,False,False,False,False,1.0,True,True,0,1,,,,[H]O/N=C(\C(=O)N([H])[C@@H]1C(=O)N2C(C(=O)O)=C(C=C)CS[C@]12[H])c1csc(N)n1
cefiderocol_cid77843966,,,cefiderocol_cid77843966.png,low,low,0.5514737372753696,wrong,,Cefiderocol,0.989,50,50,exact,exact,Cefiderocol,False,True,False,False,1.0,False,False,2,3,[H].[H],,,"[H].[H].[H][C@]12SCC(C[N+]3(CCNC(=O)c4ccc(O)c(O)c4Cl)CCCC3)=C(C(=O)[O-])N1C(=O)[C@H]2NC(=O)/C(=N\OC(C)(C)C(=O)O)c1csc(N)n1 |^1:0,1|"
cefilavancin_cid76960417,,,cefilavancin_cid76960417.png,low,low,1.074722763481189e-09,invalid,,,,,,invalid,invalid,,False,False,False,False,,False,,,,,,,CC=CC1=C2=C(C=CC)=C1C1C34O[CH]1(O)(C23)[CH]4(CNCC(N)(=O)=O)NC[CH]NCC.CCC=CC(O)=C1(O)CO1CCCCONCCNC12=C34[SH]5C367C38C9%10=C%11(C[O-])N%12(C1=O)C=9(C(=O)[O-])=C3%111(C[N+]39=CC(=CC=C3)C=93=[N+](C=CC=C3)[SH]%101)[SH]846C=25%127.C[CH]OC(O)[CH]1(O)C(CO)C(OCl)O2[CH]34(OCl)O[CH]235C(O)(O)[CH]145O
cefixime_cid5362065,,,cefixime_cid5362065.png,high,high,0.8594076244769858,wrong,,Cefixime,0.985,30,30,exact,exact,Cefixime,False,True,False,False,1.0,False,False,2,3,[H].[H],,,"[H].[H].[H]N(C(=O)/C(=N\OCC(=O)O)c1csc(N)n1)[C@@H]1C(=O)N2C(C(=O)O)=C(C=C)CS[C@]12[H] |^1:0,1|"
cefmetazole_cid42008,,,cefmetazole_cid42008.png,low,low,0.658697749033053,exact,Cefmetazole,Cefmetazole,1.0,30,30,exact,exact,Cefmetazole,False,False,False,False,1.0,True,True,0,1,,,,[H][C@]12SCC(CSc3nnnn3C)=C(C(=O)O)N1C(=O)[C@]2(NC(=O)CSCC#N)OC
cefoperazone_cid44187,,,cefoperazone_cid44187.png,low,low,0.657776795407259,exact,Cefoperazone,Cefoperazone,1.0,44,44,exact,exact,Cefoperazone,False,False,False,False,1.0,True,True,0,1,,,,[H][C@]12SCC(CSc3nnnn3C)=C(C(=O)O)N1C(=O)[C@H]2NC(=O)[C@H](NC(=O)N1CCN(CC)C(=O)C1=O)c1ccc(O)cc1
cefotaxime_cid5742673,,,cefotaxime_cid5742673.png,high,high,0.8449860242551682,wrong,,Cefotaxime,0.97,30,30,exact,exact,Cefotaxime,False,True,False,False,1.0,False,False,4,4,[HH].[H].[H],,,"[HH].[H].[H].[H][C@]12SCC(COC(C)=O)=C(C(=O)O)N1C(=O)[C@H]2NC(=O)/C(=N\OC)c1csc(N)n1 |^1:1,2|"
cefotetan_cid53025,,,cefotetan_cid53025.png,high,high,0.8854341484867014,exact,Cefotetan,Cefotetan,1.0,36,36,exact,exact,Cefotetan,False,False,False,False,1.0,True,True,0,1,,,,[H]C1(C(=O)N[C@]2(OC)C(=O)N3C(C(=O)O)=C(CSc4nnnn4C)CS[C@@]32[H])SC(=C(C(N)=O)C(=O)O)S1
cefoxitin_cid441199,,,cefoxitin_cid441199.png,high,high,0.891977337002263,wrong,,Cefoxitin,0.984,28,28,exact,exact,Cefoxitin,False,True,False,False,1.0,False,False,2,3,[H].[H],,,"[H].[H].[H][C@]12SCC(COC(N)=O)=C(C(=O)O)N1C(=O)[C@]2(NC(=O)Cc1cccs1)OC |^1:0,1|"
cefozopran_cid9571080,,,cefozopran_cid9571080.png,low,low,0.5028289398677045,wrong,,Cefozopran,0.988,35,35,exact,exact,Cefozopran,False,True,False,False,1.0,False,False,3,4,[H].[H].[H],,,"[H].[H].[H].[H][C@]12SCC(C[n+]3ccn4ncccc43)=C(C(=O)[O-])N1C(=O)[C@H]2NC(=O)/C(=N\OC)c1nsc(N)n1 |^1:0,1,2|"
cefprozil_cid62977,,,cefprozil_cid62977.png,low,low,0.6092954110970719,invalid,,,,,,invalid,invalid,,False,False,False,False,,False,,,,,,,[H].[H].[H]C12SCC(=CCC)=C(C(=O)O)N1C(=O)C2NC(=O)C(N)C1=CC=C(O)C=C1
ceftizoxime_cid6533629,,,ceftizoxime_cid6533629.png,high,high,0.893989964682727,exact,Ceftizoxime,Ceftizoxime,1.0,25,25,exact,exact,Ceftizoxime,False,False,False,False,1.0,True,True,0,1,,,,[H]Nc1nc(/C(=N/OC)C(=O)N([H])[C@@H]2C(=O)N3C(C(=O)O[H])=CCS[C@]23[H])cs1
centanafadine_cid16095349,,,centanafadine_cid16095349.png,low,low,0.6528077319153633,stereo,Centanafadine,Centanafadine,1.0,16,16,stereo,stereo,Centanafadine,False,False,False,False,1.0,True,True,0,1,,,,[H]N1C[C@]2([H])C[C@@]2(c2ccc3ccccc3c2)C1
cephaloridine_cid5773,,,cephaloridine_cid5773.png,high,high,0.9022030951257481,exact,Cephaloridine,Cephaloridine,1.0,28,28,exact,exact,Cephaloridine,False,False,False,False,1.0,True,True,0,1,,,,[H][C@]12SCC(C[n+]3ccccc3)=C(C(=O)[O-])N1C(=O)[C@H]2NC(=O)Cc1cccs1
cephalothin_cid6024,,,cephalothin_cid6024.png,high,high,0.9050452241225175,exact,Cephalothin,Cephalothin,1.0,26,26,exact,exact,Cephalothin,False,False,False,False,1.0,True,True,0,1,,,,[H][C@]12SCC(COC(C)=O)=C(C(=O)O)N1C(=O)[C@H]2NC(=O)Cc1cccs1
chlormadinone_acetate_cid9324,,,chlormadinone_acetate_cid9324.png,low,low,0.6348792189711544,exact,Chlormadinone Acetate,Chlormadinone Acetate,1.0,28,28,exact,exact,Chlormadinone Acetate,False,False,False,False,1.0,True,True,0,1,,,,[H][C@@]12C=C(Cl)C3=CC(=O)CC[C@]3(C)[C@@]1([H])CC[C@@]1(C)[C@@]2([H])CC[C@]1(OC(C)=O)C(C)=O
chloroeremomycin_cid445806,,,chloroeremomycin_cid445806.png,low,low,1.454165730735826e-07,invalid,,,,,,invalid,invalid,,False,False,False,False,,False,,,,,,,[H]C1NCCNCCNC(=O)C2NC34=O=C5(N3CC2C(N)=O)[CH]23NC67=O=C(=O)(N[CH]4589[CH]45%10(O)O%11[CH]28%12%13%14O[CH]%113928C4%1239=C4%11=C5%132%12C32=CC3=C45(Cl)=C4C=CC2%11%10%148C9%12=CC=528O4C459%10=C%11=C(C4=C%11)(O25)(C=9(O[CH][CH]O[CH]O[CH]C)COCC=CCC1OC1CC2([H]N2[H])C(O)C(C)O1)O38%10)[CH]6(CC(C)C)(NC)C(C(C)C)C7NC
chlorotrianisene_cid11289,,,chlorotrianisene_cid11289.png,high,high,0.8901454750068652,exact,Chlorotrianisene,Chlorotrianisene,1.0,27,27,exact,exact,Chlorotrianisene,False,False,False,False,1.0,True,True,0,1,,,,COc1ccc(C(Cl)=C(c2ccc(OC)cc2)c2ccc(OC)cc2)cc1
chlorozotocin_cid451706,,,chlorozotocin_cid451706.png,high,high,0.8722076755441739,wrong,,Chlorozotocin,0.974,20,20,exact,exact,Chlorozotocin,False,True,False,False,1.0,False,False,2,3,[H].[H],,,"[H].[H].[H]O[C@@H]([C@H](O)[C@H](O)CO)[C@@H](NC(=O)N(CCCl)N=O)C([H])=O |^1:0,1|"
chlorprothixene_cid667467,,,chlorprothixene_cid667467.png,high,high,0.8763339414635457,wrong,,Chlorprothixene,0.617,21,21,wrong,wrong,,False,False,False,False,0.617,False,False,0,1,,,,[H]/C(CCN(C)C)=C1\c2ccccc2[S-]c2ccc(Cl)cc21 |^1:14|
chlorzoxazone_cid2733,,,chlorzoxazone_cid2733.png,low,low,0.8120667537693892,exact,Chlorzoxazone,Chlorzoxazone,1.0,11,11,exact,exact,Chlorzoxazone,False,False,False,False,1.0,True,True,0,1,,,,[H]n1c(=O)oc2ccc(Cl)cc21
cilagicin_cid171038003,,,cilagicin_cid171038003.png,low,low,1.393749540840067e-05,invalid,,,,,,invalid,invalid,,False,False,False,False,,False,,,,,,,[H]CCC1NCCNC(=O)(=O)C(CC2=CC=C(O)C=C2)NC(=O)CN2C34=O=C2(O3)[CH]423NC456=O=C7(=O=4)NC4[CH]2(C(=O)O)[CH]N43C2[CH]5(CC(N)=O)C(NCC3=O=C(C)N3)[CH]276(CC(N)=O)NC(=O)CNC[CH]NC[CH]NCC(NC[CH]NCCCCCCCCCCCCCC)C(C)OC(=O)(=O)C(CC2=CC=CC=C2)NC1=O
cilazapril_cid56330,,,cilazapril_cid56330.png,low,low,0.825840522332155,exact,Cilazapril,Cilazapril,1.0,30,30,exact,exact,Cilazapril,False,False,False,False,1.0,True,True,0,1,,,,[H]OC(=O)[C@@H]1CCCN2CCC[C@H](N([H])[C@@H](CCc3ccccc3)C(=O)OCC)C(=O)N12
cinnarizine_cid1547484,,,cinnarizine_cid1547484.png,high,high,0.8968471851117814,exact,Cinnarizine,Cinnarizine,1.0,28,28,exact,exact,Cinnarizine,False,False,False,False,1.0,True,True,0,1,,,,[H]/C(CN1CCN(C(c2ccccc2)c2ccccc2)CC1)=C(/[H])c1ccccc1
citrulline_cid9750,,,citrulline_cid9750.png,high,high,0.8672109431923597,wrong,,Citrulline,0.96,12,12,exact,exact,Citrulline,False,True,False,False,1.0,False,False,1,2,[H],,,[H].[H]NC(=O)N([H])CCC[C@H](N[H])C(=O)O |^1:0|
clavulanic_acid_cid5280980,,,clavulanic_acid_cid5280980.png,high,high,0.8951934929906484,exact,Clavulanic Acid,Clavulanic Acid,1.0,14,14,exact,exact,Clavulanic Acid,False,False,False,False,1.0,True,True,0,1,,,,[H]OC/C([H])=C1\O[C@]2([H])CC(=O)N2[C@H]1C(=O)O[H]
clazosentan_cid6433095,,,clazosentan_cid6433095.png,high,high,0.9104956336264434,wrong,,Clazosentan,0.986,41,41,exact,exact,Clazosentan,False,True,False,False,1.0,False,False,2,2,[HH],,,COc1ccccc1Oc1c(NS(=O)(=O)c2ccc(C)cn2)nc(-c2ccnc(-c3nn[nH]n3)c2)nc1OCCO.[HH]
clocortolone_cid5311052,,,clocortolone_cid5311052.png,low,low,0.3941854788167136,stereo,Clocortolone,Clocortolone,1.0,28,28,stereo,stereo,Clocortolone,False,False,False,False,1.0,True,True,0,1,,,,[H]O[C@H]1C[C@]2(C)[C@@H](C(=O)CO)[C@H](C)C[C@@]2([H])[C@@]2([H])C[C@H](F)C3=CC(=O)C=C[C@]3(C)[C@@]12Cl
clotrimazole_cid2812,,,clotrimazole_cid2812.png,high,high,0.8858878512793341,exact,Clotrimazole,Clotrimazole,1.0,25,25,exact,exact,Clotrimazole,False,False,False,False,1.0,True,True,0,1,,,,Clc1ccccc1C(c1ccccc1)(c1ccccc1)n1ccnc1
clovibactin_cid146342518,,,clovibactin_cid146342518.png,low,low,0.5066134013780184,stereo,Clovibactin,Clovibactin,1.0,64,64,stereo,stereo,Clovibactin,False,False,False,False,1.0,True,True,0,1,,,,[H]NCCCC[C@H](NC(=O)[C@H](CC(C)C)NC(=O)[C@H](Cc1ccccc1)N[H])C(=O)N[C@H](CO)C(=O)N[C@H]1C(=O)N[C@@H](C)C(=O)N[C@@H](CC(C)C)C(=O)N[C@@H](CC(C)C)C(=O)O[C@H]1C(=O)N[H]
cloxacillin_cid6098,,,cloxacillin_cid6098.png,high,high,0.9010440102661018,exact,Cloxacillin,Cloxacillin,1.0,29,29,exact,exact,Cloxacillin,False,False,False,False,1.0,True,True,0,1,,,,[H][C@]12SC(C)(C)[C@H](C(=O)O)N1C(=O)[C@H]2NC(=O)c1c(-c2ccccc2Cl)noc1C
contezolid_cid25184541,,,contezolid_cid25184541.png,high,high,0.8999161168063554,exact,Contezolid,Contezolid,1.0,29,29,exact,exact,Contezolid,False,False,False,False,1.0,True,True,0,1,,,,O=C1C=CN(c2c(F)cc(N3C[C@H](CNc4ccon4)OC3=O)c(F)c2F)CC1
coprexa_cid5245480,,,coprexa_cid5245480.png,low,low,0.4181397629602133,wrong,,Coprexa,0.083,5,5,wrong,wrong,,False,False,False,False,0.083,False,False,0,1,,,,[H][S][Mo](=[S])(=[S])[S-][H] |C:5.4|
creatine_cid586,,,creatine_cid586.png,high,high,0.8850972081944827,wrong,,Creatine,0.72,9,9,charge,charge,Creatine,False,False,False,False,0.72,True,True,0,1,,,,[H]/N=C(\N([H])[H])N(C)CC(=O)O[H]
crenolanib_cid10366136,,,crenolanib_cid10366136.png,high,high,0.9007235237726836,wrong,,Crenolanib,0.984,33,33,exact,exact,Crenolanib,False,True,False,False,1.0,False,False,2,3,[H].[H],,,"CC1(COc2ccc3c(c2)ncn3-c2ccc3cccc(N4CCC(N)CC4)c3n2)COC1.[H].[H] |^1:33,34|"
cycloguanil_cid9049,,,cycloguanil_cid9049.png,high,high,0.8450793046856327,wrong,,Cycloguanil,0.968,17,17,exact,exact,Cycloguanil,False,True,False,False,1.0,False,False,6,4,[HH].[HH].[HH],,,CC1(C)N=C(N)N=C(N)N1c1ccc(Cl)cc1.[HH].[HH].[HH]
cyclopropane_cid6351,,,cyclopropane_cid6351.png,high,high,0.8629642970664962,exact,Cyclopropane,Cyclopropane,1.0,3,3,exact,exact,Cyclopropane,False,False,False,False,1.0,True,True,0,1,,,,C1CC1
cystine_cid67678,,,cystine_cid67678.png,low,low,0.8340016035991801,wrong,,(-)-Cystine,0.944,14,14,exact,exact,(-)-Cystine,False,True,False,False,1.0,False,False,2,3,[H].[H],,,"[H].[H].[H]N[C@@H](CSSC[C@H](N[H])C(=O)O)C(=O)O |^1:0,1|"
dabrafenib_cid44462760,,,dabrafenib_cid44462760.png,high,high,0.8968411626710417,wrong,,Dabrafenib,0.983,35,35,exact,exact,Dabrafenib,False,True,False,False,1.0,False,False,2,3,[H].[H],,,"CC(C)(C)c1nc(-c2cccc(NS(=O)(=O)c3c(F)cccc3F)c2F)c(-c2ccnc(N)n2)s1.[H].[H] |^1:35,36|"
dantrolene_cid6914273,,,dantrolene_cid6914273.png,high,high,0.8828321443605214,exact,Dantrolene,Dantrolene,1.0,23,23,exact,exact,Dantrolene,False,False,False,False,1.0,True,True,0,1,,,,[H]/C(=N\N1CC(=O)NC1=O)c1ccc(-c2ccc([N+](=O)[O-])cc2)o1
danuglipron_tromethamine_cid154702463,,,danuglipron_tromethamine_cid154702463.png,high,high,0.9022880891249897,exact,Danuglipron Tromethamine,Danuglipron Tromethamine,1.0,49,49,exact,exact,Danuglipron Tromethamine,False,False,False,False,1.0,True,True,0,2,,,,N#Cc1ccc(COc2cccc(C3CCN(Cc4nc5ccc(C(=O)O)cc5n4C[C@@H]4CCO4)CC3)n2)c(F)c1.NC(CO)(CO)CO
dapivirine_cid214347,,,dapivirine_cid214347.png,high,high,0.9052374930050805,wrong,,Dapivirine,0.976,25,25,exact,exact,Dapivirine,False,True,False,False,1.0,False,False,1,2,[H],,,Cc1cc(C)c(Nc2ccnc(Nc3ccc(C#N)cc3)n2)c(C)c1.[H] |^1:25|
darobactin_cid154586077,,,darobactin_cid154586077.png,low,low,1.893583495428117e-30,invalid,,,,,,invalid,invalid,,False,False,False,False,,False,,,,,,,[H]OCC12=C3456=C7(CO[H])C89%10=N=3%11%12C3%13C%14%15%16%17C%18%19%20%21%22%23C%24%25%26([H])C%27%28%29=C%14%18%30%31%32C=%24%19%14%18%33%34%35C=%30%27%25%15%20%19=C=%28=%16=%31=%21%26%14%15%20%24=C=%18%14%16%21%25=C%15C%33%20%15%18%26=C%34N%15C=%14%15%20=C%14=C=%16%27=C=%153%16%28=C%21C=%20%273C=C%15%20%21=O=C%15N1784(C%20N%21C1(=O)C47([H])=C3%16%258=N3C4%15C=81([H])C314N3(C(=O)N%151%22C7)C1=C7([H])C(NC8(=O)CC(C8)C8C=C([H])C(=C8)OC=%18=%23=%354=C=%26%14)C1(CC(=O)N1CC1([H])[H])C73=O)C2(OC)C5%241([H])(O6)C2C([H])(=O)=C=%32%11%171%19(=O)C2%139%121([H]O%101)C%29%28
darolutamide_cid67171867,,,darolutamide_cid67171867.png,high,high,0.8861685888783387,wrong,,Darolutamide,0.984,28,28,exact,exact,Darolutamide,False,True,False,False,1.0,False,False,2,3,[H].[H],,,"[H].[H].[H]C(C)(O)c1cc(C(=O)N[C@@H](C)Cn2ccc(-c3ccc(C#N)c(Cl)c3)n2)n[nH]1 |^1:0,1|"
delamanid_cid6480466,,,delamanid_cid6480466.png,high,high,0.9050857681022688,exact,Delamanid,Delamanid,1.0,38,38,exact,exact,Delamanid,False,False,False,False,1.0,True,True,0,1,,,,C[C@]1(COc2ccc(N3CCC(Oc4ccc(OC(F)(F)F)cc4)CC3)cc2)Cn2cc([N+](=O)[O-])nc2O1
delapril_cid5362116,,,delapril_cid5362116.png,low,low,0.7430794766412039,exact,Delapril,Delapril,1.0,33,33,exact,exact,Delapril,False,False,False,False,1.0,True,True,0,1,,,,CCOC(=O)[C@H](CCc1ccccc1)N[C@@H](C)C(=O)N(CC(=O)O)C1Cc2ccccc2C1
delavirdine_cid5625,,,delavirdine_cid5625.png,high,high,0.9035462697957737,wrong,,Delavirdine,0.984,32,32,exact,exact,Delavirdine,False,True,False,False,1.0,False,False,1,2,[H],,,CC(C)Nc1cccnc1N1CCN(C(=O)c2cc3cc(NS(C)(=O)=O)ccc3[nH]2)CC1.[H] |^1:32|
deldeprevir_cid56935739,,,deldeprevir_cid56935739.png,low,low,0.0001260663583830207,invalid,,,,,,invalid,invalid,,False,False,False,False,,False,,,,,,,[H]C12=C34([H])=C56([H])=C1([H]3)C41([H])CC1(C(=O)NS(=O)(=O)C1CC1)NC(=O)C13(O)C[CH]4(OC78=CC(C9=NC(C(C)C)=CS9)=NC9%10=C7%11%12C7%13=C%14%15=C%11(=C=7%11C%147%16=C9(C)=C%15%119O7%11CO%169C%11)C=%108%13%12)CN1C178=O=C9(=O=1)(C1CC%10(N%11CCCC(F)(F)C%11)=O=C(=O)(C[CH]97(CCCCC5)C1CCCC26)N%101CCCC(F)(F)C1)N38C4
demoxytocin_cid449224,,,demoxytocin_cid449224.png,low,low,0.7411700271549011,wrong,,Demoxytocin,0.408,68,68,wrong,wrong,,False,False,False,False,0.408,False,False,2,1,,,,[H]NC(=O)C[C@H](NC(=O)[C@H](CCC(N)=O)NC(=O)[C@@]([H])(NC(=O)[C@H](Cc1ccc(O)cc1)NC(=O)CCS)[C@@H](C)CC)C(=O)N[C@@H](CS)C(=O)N1CCC[C@H]1C(=O)N[C@@H](CC(C)C)C(=O)NCC(N)=O
desferrithiocin_cid135564781,,,desferrithiocin_cid135564781.png,low,low,0.4819351218498547,wrong,,Desferrithiocin,0.688,17,17,skeleton,skeleton,,False,True,False,False,0.702,False,False,2,2,[HH],,,C[C@]1(C(=O)[O][Na])CSC(c2ncccc2O)=N1.[HH]
desoximetasone_cid5311067,,,desoximetasone_cid5311067.png,high,high,0.8670454754857635,exact,Desoximetasone,Desoximetasone,1.0,27,27,exact,exact,Desoximetasone,False,False,False,False,1.0,True,True,0,1,,,,[H]O[C@H]1C[C@]2(C)[C@@H](C(=O)CO)[C@H](C)C[C@@]2([H])[C@]2([H])CCC3=CC(=O)C=C[C@]3(C)[C@@]12F
desvenlafaxine_succinate_cid6918664,,,desvenlafaxine_succinate_cid6918664.png,high,high,0.8649504134001351,wrong,,Desvenlafaxine Succinate,0.976,28,28,exact,exact,Desvenlafaxine Succinate,False,True,False,False,1.0,False,False,3,6,[H].[H].[H],,,"O.O=C(O)CCC(=O)O.[H].[H].[H].[H]OC1(C(CN(C)C)c2ccc(O)cc2)CCCCC1 |^1:9,10,11|"
detirelix_cid16129698,,,detirelix_cid16129698.png,low,low,0.001988707326500238,invalid,,,,,,invalid,invalid,,False,False,False,False,,False,,,,,,,O.[H]N[CH]CN[CH]C1N[CH]C(N[CH]CN)[CH](CC2=CC=C(O)C=C2)(C(=O)NC(CCCCN=C(NCC)NCC)C(=O)NC(CC(C)C)C(=O)NC(CCCNC(=N)N)C(=O)N2CCCC2C(=O)NC(C)C(=O)N[H])NC(=O)[CH]1(CO)NC[CH]N([H])C(=O)N1[H]N(C(CC2=CC3=CC=CC=C3C=C2)NC(C)=O)C1
dexpanthenol_cid131204,,,dexpanthenol_cid131204.png,high,high,0.8843583288810896,wrong,,Dexpanthenol,0.964,14,14,exact,exact,Dexpanthenol,False,True,False,False,1.0,False,False,2,3,[H].[H],,,"CC(C)(CO)[C@@H](O)C(=O)NCCCO.[H].[H] |^1:14,15|"
dibekacin_cid470999,,,dibekacin_cid470999.png,low,low,0.8280344251330033,wrong,,Dibekacin,1.0,31,31,exact,exact,Dibekacin,False,True,False,False,1.0,False,False,11,12,[H].[H].[H].[H].[H].[H].[H].[H].[H].[H].[H],,,"[H].[H].[H].[H].[H].[H].[H].[H].[H].[H].[H].[H]N[C@@H]1C[C@H](N)[C@@H](O[C@H]2O[C@H](CN)CC[C@H]2N)[C@H](O)[C@H]1O[C@H]1O[C@H](CO)[C@@H](O[H])[C@H](N)[C@H]1O |^1:0,1,2,3,4,5,6,7,8,9,10|"
dibrospidium_chloride_cid72114,,,dibrospidium_chloride_cid72114.png,high,high,0.8748046600681196,exact,Dibrospidium Chloride,Dibrospidium Chloride,1.0,28,28,exact,exact,Dibrospidium Chloride,False,False,False,False,1.0,True,True,0,3,,[Cl-],,O=C(CCBr)N1CC[N+]2(CC1)CC[N+]1(CCN(C(=O)CCBr)CC1)CC2.[Cl-].[Cl-]
diclazuril_cid456389,,,diclazuril_cid456389.png,high,high,0.907532296660483,exact,Diclazuril,Diclazuril,1.0,26,26,exact,exact,Diclazuril,False,False,False,False,1.0,True,True,0,1,,,,[H]n1c(=O)cnn(-c2cc(Cl)c(C(C#N)c3ccc(Cl)cc3)c(Cl)c2)c1=O
dicloxacillin_cid18381,,,dicloxacillin_cid18381.png,high,high,0.8936690284135301,exact,Dicloxacillin,Dicloxacillin,1.0,30,30,exact,exact,Dicloxacillin,False,False,False,False,1.0,True,True,0,1,,,,[H][C@]12SC(C)(C)[C@H](C(=O)O)N1C(=O)[C@H]2NC(=O)c1c(-c2c(Cl)cccc2Cl)noc1C
dideoxycytidine_cid24066,,,dideoxycytidine_cid24066.png,high,high,0.8560460304084643,wrong,,Dideoxycytidine,0.974,15,15,exact,exact,Dideoxycytidine,False,True,False,False,1.0,False,False,2,2,[HH],,,[HH].[H]Nc1ccn([C@H]2CC[C@@H](CO[H])O2)c(=O)n1
diethylpropion_hydrochloride_cid91442,,,diethylpropion_hydrochloride_cid91442.png,high,high,0.9102710905799383,exact,Diethylpropion Hydrochloride,Diethylpropion Hydrochloride,1.0,16,16,exact,exact,Diethylpropion Hydrochloride,False,False,False,False,1.0,True,True,0,2,,,,CCN(CC)C(C)C(=O)c1ccccc1.[H]Cl
difamilast_cid57855696,,,difamilast_cid57855696.png,high,high,0.8951121109032124,exact,Difamilast,Difamilast,1.0,32,32,exact,exact,Difamilast,False,False,False,False,1.0,True,True,0,1,,,,CCOc1ccccc1C(=O)NCc1coc(-c2ccc(OC(F)F)c(OC(C)C)c2)n1
difetarsone_sodium_anhydrous_cid68198,,,difetarsone_sodium_anhydrous_cid68198.png,high,high,0.879170768277279,wrong,,Difetarsone sodium anhydrous,0.962,26,26,salt,salt,Difetarsone sodium anhydrous,False,True,True,False,1.0,False,False,4,5,[HH].[HH],[Na+],,O=[As]([O-])(O)c1ccc(NCCNc2ccc([As](=O)([O-])O)cc2)cc1.[HH].[HH].[Na+].[Na+]
diflucortolone_valerate_cid91670,,,diflucortolone_valerate_cid91670.png,low,low,0.6243151621592593,stereo,Diflucortolone Valerate,Diflucortolone Valerate,1.0,34,34,stereo,stereo,Diflucortolone Valerate,False,False,False,False,1.0,True,True,0,1,,,,[H]O[C@H]1C[C@]2(C)[C@@H](C(=O)COC(=O)CCCC)[C@H](C)C[C@@]2([H])[C@@]2([H])C[C@H](F)C3=CC(=O)C=C[C@]3(C)[C@@]12F
difluprednate_cid443936,,,difluprednate_cid443936.png,low,low,0.4242441451100903,invalid,,,,,,invalid,invalid,,False,False,False,False,,False,,,,,,,[H]OC1CC2(C)C(OC(=O)CCC)(C(=O)COC(C)=O)CCC23[H]C32([H])CC(F)C3=CC(=O)C=CC3(C)C12F
digitonin_cid6474107,,,digitonin_cid6474107.png,low,low,0.001827026506042151,wrong,,Digitonin,0.373,74,85,wrong,wrong,,False,False,False,False,0.373,False,False,31,1,,,,"[H]O[C@@H]1[C@@H](O)[C@@H](O[C@@H]2[C@@H](O)[C@@H](O[C@@H]3[C@@H](O[C@@H]4[C@@H](CO)O[C@H](O[C@@H]5C[C@@]([H])(CC[C]([H])[C]([H])[C](O)[C]([H])O[C]OC[CH]C)[C]([H])C[C@H]5O)[C@@H](O)[C@]4([H])O)O[C@H](CO)[C@@H](O)[C@H]3O[C@H]3OC[C@@H](O)[C@@H](O)[C@@H]3O)O[C@H](CO)[C@H]2O)O[C@H](CO)[C@H]1O |^1:28,30,32,34,40,42,^2:37|"
dihydroergotamine_cid10531,,,dihydroergotamine_cid10531.png,low,low,0.7183870194087862,stereo,Dihydroergotamine,Dihydroergotamine,1.0,43,43,stereo,stereo,Dihydroergotamine,False,False,False,False,1.0,True,True,0,1,,,,[H]O[C@@]12O[C@@](C)(NC(=O)[C@H]3CN(C)[C@@]4([H])Cc5c[nH]c6cccc(c56)[C@@]4([H])C3)C(=O)N1[C@@H](Cc1ccccc1)C(=O)N1CCC[C@@]12[H]
dimethyl_fumarate_cid637568,,,dimethyl_fumarate_cid637568.png,high,high,0.8990219867734806,exact,Dimethyl Fumarate,Dimethyl Fumarate,1.0,10,10,exact,exact,Dimethyl Fumarate,False,False,False,False,1.0,True,True,0,1,,,,[H]/C(C(=O)OC)=C(/[H])C(=O)OC
dinaciclib_cid46926350,,,dinaciclib_cid46926350.png,high,high,0.9003103794542446,exact,Dinaciclib,Dinaciclib,1.0,29,29,exact,exact,Dinaciclib,False,False,False,False,1.0,True,True,0,1,,,,CCc1cnn2c(NCc3ccc[n+]([O-])c3)cc(N3CCCC[C@H]3CCO)nc12
diphenyl_diselenide_cid15460,,,diphenyl_diselenide_cid15460.png,high,high,0.8699335989900173,exact,Diphenyl diselenide,Diphenyl diselenide,1.0,14,14,exact,exact,Diphenyl diselenide,False,False,False,False,1.0,True,True,0,1,,,,c1ccc([Se][Se]c2ccccc2)cc1
diquafosol_cid148197,,,diquafosol_cid148197.png,low,low,0.8251130954551633,wrong,,Diquafosol,0.695,57,49,wrong,wrong,,False,False,False,False,0.695,False,False,26,8,,OP.OP,,O.O=P(O)(O)OP.O=c1ccn([C@@H]2O[C@H](CO)[C@H](O)[C@@H]2O)c(=O)[nH]1.O=c1ccn([C@@H]2O[C@H](COP(=O)(O)OP)[C@H](O)[C@H]2O)c(=O)[nH]1.OP.OP.OP.[H]OP(=O)(O)O
diroximel_fumarate_cid73330464,,,diroximel_fumarate_cid73330464.png,high,high,0.9049492164828281,exact,Diroximel Fumarate,Diroximel Fumarate,1.0,18,18,exact,exact,Diroximel Fumarate,False,False,False,False,1.0,True,True,0,1,,,,[H]/C(C(=O)OC)=C(/[H])C(=O)OCCN1C(=O)CCC1=O
distigmine_cid3116,,,distigmine_cid3116.png,high,high,0.8904802553948753,exact,Distigmine,Distigmine,1.0,30,30,exact,exact,Distigmine,False,False,False,False,1.0,True,True,0,1,,,,CN(CCCCCCN(C)C(=O)Oc1ccc[n+](C)c1)C(=O)Oc1ccc[n+](C)c1
dolasetron_mesylate_cid3033817,,,dolasetron_mesylate_cid3033817.png,low,low,0.6954158302774264,wrong,,Dolasetron mesylate,0.544,29,29,wrong,wrong,,False,False,False,False,0.544,False,False,4,4,[H].[H],,,"CS(=O)(=O)O.[H].[H].[H][C]1CC(OC(=O)c2c[nH]c3ccccc23)CC2([H])NCC(=O)C(C1)N2 |^1:5,6,8|"
doxapram_cid3156,,,doxapram_cid3156.png,high,high,0.8980703910081678,exact,Doxapram,Doxapram,1.0,28,28,exact,exact,Doxapram,False,False,False,False,1.0,True,True,0,1,,,,[H]C1(CCN2CCOCC2)CN(CC)C(=O)C1(c1ccccc1)c1ccccc1
dromostanolone_cid6011,,,dromostanolone_cid6011.png,low,low,0.8254392980774238,stereo,Dromostanolone,Dromostanolone,1.0,22,22,stereo,stereo,Dromostanolone,False,False,False,False,1.0,True,True,0,1,,,,[H][C@@]12CC[C@@]3([H])[C@]([H])(CC[C@]4(C)[C@@H](O)CC[C@@]34[H])[C@@]1(C)C[C@@H](C)C(=O)C2
dsm_265_cid51347395,,,dsm_265_cid51347395.png,high,high,0.8895265780755297,wrong,,Dsm-265,0.848,27,27,wrong,wrong,,False,False,False,False,0.848,False,False,5,1,,,,Cc1cc(Nc2ccc(S(F)(F)(F)(F)F)cc2)n2nc(C(F)(F)F)nc2n1
duocarmycin_sa_cid115369,,,duocarmycin_sa_cid115369.png,low,low,0.416382756752529,exact,Duocarmycin Sa,Duocarmycin Sa,1.0,35,35,exact,exact,Duocarmycin Sa,False,False,False,False,1.0,True,True,0,1,,,,[H][C@@]12CN(C(=O)c3cc4cc(OC)c(OC)c(OC)c4[nH]3)C3=CC(=O)c4[nH]c(C(=O)OC)cc4[C@]31C2
eberconazole_cid72051,,,eberconazole_cid72051.png,high,high,0.9035248884935532,exact,Eberconazole,Eberconazole,1.0,22,22,exact,exact,Eberconazole,False,False,False,False,1.0,True,True,0,1,,,,Clc1cc(Cl)c2c(c1)CCc1ccccc1C2n1ccnc1
ecabet_sodium_cid23663982,,,ecabet_sodium_cid23663982.png,high,high,0.8899919977939895,wrong,,Ecabet sodium,0.759,27,27,wrong,wrong,,False,False,False,False,0.759,False,True,0,1,,,,"[H]OC(=O)[C@]1(C)CCC[C@]2(C)c3cc(S(=O)(=O)[O-][Na+])c(C(C)C)cc3CC[C@@]12[H] |18,C:17.17|"
echinocandin_b_cid9898144,,,echinocandin_b_cid9898144.png,low,low,0.006099249058349837,invalid,,,,,,invalid,invalid,,False,False,False,False,,False,,,,,,,[H]NC12C3C(=O)N([H])C(NCCCCCCCC([H])=C([H])CC([H])=CCCCCC)(C(=O)NC(=C(O)N4CC(O)C(O)C4([H])C(=O)N4[CH]5(O)[CH]678[CH][CH]5(O6)(O7)[CH]48O)C(C)O)C(=O)N([H])C1C31(NC2([H])C(C)O)O2[H]O1[H]2
elinogrel_cid16066663,,,elinogrel_cid16066663.png,high,high,0.8921677134372284,exact,Elinogrel,Elinogrel,1.0,34,34,exact,exact,Elinogrel,False,False,False,False,1.0,True,True,0,1,,,,CNc1cc2[nH]c(=O)n(-c3ccc(NC(=O)NS(=O)(=O)c4ccc(Cl)s4)cc3)c(=O)c2cc1F
elinzanetant_cid16063568,,,elinzanetant_cid16063568.png,low,low,0.8417346451913393,stereo,Elinzanetant,Elinzanetant,1.0,47,47,stereo,stereo,Elinzanetant,False,False,False,False,1.0,True,True,0,1,,,,[H][C@@]12COCCN1C[C@@H](CO)N(c1cc(-c3ccc(F)cc3C)c(N(C)C(=O)C(C)(C)c3cc(C(F)(F)F)cc(C(F)(F)F)c3)cn1)C2
eliprodil_cid60703,,,eliprodil_cid60703.png,high,high,0.8985417467195489,wrong,,Eliprodil,0.976,24,24,exact,exact,Eliprodil,False,True,False,False,1.0,False,False,1,2,[H],,,OC(CN1CCC(Cc2ccc(F)cc2)CC1)c1ccc(Cl)cc1.[H] |^1:24|
elmustine_cid68804,,,elmustine_cid68804.png,high,high,0.8802144860555591,exact,Elmustine,Elmustine,1.0,12,12,exact,exact,Elmustine,False,False,False,False,1.0,True,True,0,1,,,,[H]OCCNC(=O)N(CCCl)N=O
elobixibat_cid9939892,,,elobixibat_cid9939892.png,high,high,0.8963643718384979,exact,Elobixibat,Elobixibat,1.0,48,48,exact,exact,Elobixibat,False,False,False,False,1.0,True,True,0,1,,,,CCCCC1(CCCC)CN(c2ccccc2)c2cc(SC)c(OCC(=O)N[C@@H](C(=O)NCC(=O)O)c3ccccc3)cc2S(=O)(=O)C1
elsubrutinib_cid117773770,,,elsubrutinib_cid117773770.png,high,high,0.905331451681397,exact,Elsubrutinib,Elsubrutinib,1.0,22,22,exact,exact,Elsubrutinib,False,False,False,False,1.0,True,True,0,1,,,,[H]NC(=O)c1ccc([C@]2([H])CCCN(C(=O)C=C)C2)c2ccn([H])c12
eluxadoline_cid11250029,,,eluxadoline_cid11250029.png,high,high,0.8689507074678036,wrong,,Eluxadoline,0.986,42,42,exact,exact,Eluxadoline,False,True,False,False,1.0,False,False,4,5,[H].[H].[H].[H],,,"[H].[H].[H].[H].[H]N[C@@H](Cc1c(C)cc(C(N)=O)cc1C)C(=O)N(Cc1ccc(OC)c(C(=O)O)c1)[C@@H](C)c1ncc(-c2ccccc2)[nH]1 |^1:0,1,2,3|"
enadoline_cid60768,,,enadoline_cid60768.png,high,high,0.8970908199833036,exact,Enadoline,Enadoline,1.0,29,29,exact,exact,Enadoline,False,False,False,False,1.0,True,True,0,1,,,,CN(C(=O)Cc1cccc2occc12)[C@H]1CC[C@@]2(CCCO2)C[C@@H]1N1CCCC1
enisamium_iodide_cid10089466,,,enisamium_iodide_cid10089466.png,high,high,0.9003312921136338,exact,Enisamium Iodide,Enisamium Iodide,1.0,18,18,exact,exact,Enisamium Iodide,False,False,False,False,1.0,True,True,0,2,,,,C[n+]1ccc(C(=O)NCc2ccccc2)cc1.[I-]
enmetazobactam_cid23653540,,,enmetazobactam_cid23653540.png,high,low,0.8516475633777274,invalid,,,,,,invalid,invalid,,False,False,False,False,,False,,,,,,,[H]C12CC(=O)N1C(C(=O)[O-])C(C)(CN1C=CN(C)=N1)S2(=O)=O
epidermin_cid70698381,,,epidermin_cid70698381.png,low,low,4.767344870734141e-17,invalid,,,,,,invalid,invalid,,False,False,False,False,,False,,,,,,,<invalid>
eplerenone_cid443872,,,eplerenone_cid443872.png,low,low,0.234160272836504,stereo,Eplerenone,Eplerenone,1.0,30,30,stereo,stereo,Eplerenone,False,False,False,False,1.0,True,True,0,1,,,,[H][C@@]12CC[C@@]3(CCC(=O)O3)[C@@]1(C)C[C@]1([H])O[C@@]13[C@@]2([H])[C@H](C(=O)OC)CC1=CC(=O)CC[C@@]13C
eprosartan_cid5281037,,,eprosartan_cid5281037.png,high,high,0.8811239790214109,exact,Eprosartan,Eprosartan,1.0,30,30,exact,exact,Eprosartan,False,False,False,False,1.0,True,True,0,1,,,,[H]OC(=O)c1ccc(Cn2c(/C([H])=C(\Cc3cccs3)C(=O)O)cnc2CCCC)cc1
eptazocine_cid3042090,,,eptazocine_cid3042090.png,low,low,0.8368061068648418,exact,(-)-Eptazocine,(-)-Eptazocine,1.0,17,17,exact,exact,(-)-Eptazocine,False,False,False,False,1.0,True,True,0,1,,,,[H][C@]12Cc3ccc(O)cc3[C@](C)(CCN(C)C1)C2
equilin_cid223368,,,equilin_cid223368.png,high,high,0.8667959497855913,exact,Equilin,Equilin,1.0,20,20,exact,exact,Equilin,False,False,False,False,1.0,True,True,0,1,,,,[H][C@]12CC[C@]3(C)C(=O)CC[C@@]3([H])C1=CCc1cc(O)ccc12
eremomycin_cid122131,,,eremomycin_cid122131.png,low,low,1.448649286570682e-05,invalid,,,,,,invalid,invalid,,False,False,False,False,,False,,,,,,,[H]C1(C(=O)NC(C(=O)O)C2=C(CC(O)=CC=C)C(O)=CC(O)=C2)CCC=CCOC23=C4(O[CH][CH]O[CH]O[CH]C)=C567=C89=C4OCC=CC[CH]4(O)C(C=CC(O5)O6)[CH]5(O)[CH]6%10NC%11(C(CC(C)C)NC)=O=C(=O)(N[CH]45%12C6NC4C(NCCNCCN1)[CH](CC(N)=O)(CO1C856=C2=C19(=C=53)O=76Cl)N4C%10%12)[CH]%11(CC(C)C)NC
eritoran_cid6912404,,,eritoran_cid6912404.png,low,low,0.03813344789675509,wrong,,Eritoran,0.612,94,89,wrong,wrong,,False,False,False,False,0.612,False,False,15,7,,OO.OO,,O.O=O.OO.OO.OO.OOOO.[H]/C(CCCCCC)=C(\[H])CCCCCCCCCC(=O)N[C@@H]1[C@@H](OC[C@H]2OC[C@@H](NC(=O)CC(=O)CCCCCCCCCCC)[C@H](OCCCCCCCCCC)[C@@H]2O)O[C@H](C(=O)OC)[C@@H](O)[C@H]1OCC[C@H](CCCCCCC)OC
erythritol_cid222285,,,erythritol_cid222285.png,high,high,0.8809432858260831,wrong,,Erythritol,0.9,8,8,exact,exact,Erythritol,False,True,False,False,1.0,False,False,1,2,[H],,,[H].[H]OC[C@@H](O)[C@@H](O)CO[H] |^1:0|
esorubicin_cid152036,,,esorubicin_cid152036.png,high,high,0.8810039947447514,exact,Esorubicin,Esorubicin,1.0,38,38,exact,exact,Esorubicin,False,False,False,False,1.0,True,True,0,1,,,,[H]N[C@H]1C[C@H](O[C@H]2C[C@](O)(C(=O)CO)Cc3c(O[H])c4c(c(O[H])c32)C(=O)c2c(OC)cccc2C4=O)O[C@@H](C)C1
ethyl_pyruvate_cid12041,,,ethyl_pyruvate_cid12041.png,high,high,0.8776150776446555,exact,Ethyl pyruvate,Ethyl pyruvate,1.0,8,8,exact,exact,Ethyl pyruvate,False,False,False,False,1.0,True,True,0,1,,,,CCOC(=O)C(C)=O
etonogestrel_cid6917715,,,etonogestrel_cid6917715.png,high,high,0.8627688390847218,wrong,,Etonogestrel,0.981,24,24,stereo,stereo,Etonogestrel,False,True,False,False,1.0,False,False,1,2,[H],,,[H].[H][C@@]12CC[C@@](O)(C#C)[C@@]1(CC)CC(=C)[C@@]1([H])[C@@]2([H])CCC2=CC(=O)CC[C@]21[H] |^1:0|
evobrutinib_cid71479709,,,evobrutinib_cid71479709.png,high,high,0.9063865459241912,exact,Evobrutinib,Evobrutinib,1.0,32,32,exact,exact,Evobrutinib,False,False,False,False,1.0,True,True,0,1,,,,[H]Nc1ncnc(NCC2CCN(C(=O)C=C)CC2)c1-c1ccc(Oc2ccccc2)cc1
evofosfamide_cid11984561,,,evofosfamide_cid11984561.png,high,high,0.8880862726403218,exact,Evofosfamide,Evofosfamide,1.0,21,21,exact,exact,Evofosfamide,False,False,False,False,1.0,True,True,0,1,,,,[H]N(CCBr)P(=O)(NCCBr)OCc1cnc([N+](=O)[O-])n1C
examorelin_cid6918297,,,examorelin_cid6918297.png,low,low,0.2758743963567576,stereo,Examorelin,Examorelin,1.0,65,65,stereo,stereo,Examorelin,False,False,False,False,1.0,True,True,0,1,,,,[H]NCCCC[C@H](NC(=O)[C@@H](Cc1ccccc1)NC(=O)[C@H](Cc1c[nH]c2ccccc12)N([H])C(=O)[C@H](C)NC(=O)[C@H](Cc1c(C)[nH]c2ccccc12)NC(=O)[C@H](Cc1cnc[nH]1)N[H])C(=O)N[H]
ezlopitant_cid188927,,,ezlopitant_cid188927.png,low,low,0.2957448251429134,invalid,,,,,,invalid,invalid,,False,False,False,False,,False,,,,,,,[H]C1(C(C2=CC=CC=C2)C2=CC=CC=C2)C(NCC2=C(OC)C=CC(C(C)C)=C2)C234CCN5C(C2)C326CN2C5146
ezogabine_cid121892,,,ezogabine_cid121892.png,high,high,0.886771416687359,exact,Ezogabine,Ezogabine,1.0,22,22,exact,exact,Ezogabine,False,False,False,False,1.0,True,True,0,1,,,,[H]Nc1cc(NCc2ccc(F)cc2)ccc1NC(=O)OCC
falecalcitriol_cid5282190,,,falecalcitriol_cid5282190.png,low,low,0.7101284694891947,stereo,Falecalcitriol,Falecalcitriol,1.0,36,36,stereo,stereo,Falecalcitriol,False,False,False,False,1.0,True,True,0,1,,,,[H]C(=C1\C[C@@H](O)C[C@H](O)C1=C)/C([H])=C1\CCC[C@@]2(C)C1([H])CC[C@]2([H])[C@H](C)CCCC(O)(C(F)(F)F)C(F)(F)F
famitinib_cid16662431,,,famitinib_cid16662431.png,high,high,0.8917091435954241,exact,Famitinib,Famitinib,1.0,30,30,exact,exact,Famitinib,False,False,False,False,1.0,True,True,0,1,,,,[H]/C(=C1/C(=O)Nc2ccc(F)cc21)c1[nH]c2c(c1C)C(=O)N(CCN(CC)CC)CC2
fendiline_cid3336,,,fendiline_cid3336.png,high,high,0.9066427039581529,exact,Fendiline,Fendiline,1.0,24,24,exact,exact,Fendiline,False,False,False,False,1.0,True,True,0,1,,,,[H]N(CCC(c1ccccc1)c1ccccc1)C(C)c1ccccc1
fexuprazan_cid122662112,,,fexuprazan_cid122662112.png,high,high,0.9040621236238401,exact,Fexuprazan,Fexuprazan,1.0,28,28,exact,exact,Fexuprazan,False,False,False,False,1.0,True,True,0,1,,,,CNCc1cn(S(=O)(=O)c2cccc(F)c2)c(-c2ccc(F)cc2F)c1OC
finerenone_cid60150535,,,finerenone_cid60150535.png,low,low,0.7984169175053233,exact,Finerenone,Finerenone,1.0,28,28,exact,exact,Finerenone,False,False,False,False,1.0,True,True,0,1,,,,[H]NC(=O)C1=C(C)Nc2c(C)cnc(OCC)c2[C@]1([H])c1ccc(C#N)cc1OC
firocoxib_cid208910,,,firocoxib_cid208910.png,high,high,0.9033884957287487,exact,Firocoxib,Firocoxib,1.0,23,23,exact,exact,Firocoxib,False,False,False,False,1.0,True,True,0,1,,,,CC1(C)OC(=O)C(OCC2CC2)=C1c1ccc(S(C)(=O)=O)cc1
flavoxate_cid3354,,,flavoxate_cid3354.png,high,high,0.9128296702746247,exact,Flavoxate,Flavoxate,1.0,29,29,exact,exact,Flavoxate,False,False,False,False,1.0,True,True,0,1,,,,Cc1c(-c2ccccc2)oc2c(C(=O)OCCN3CCCCC3)cccc2c1=O
flomoxef_cid65864,,,flomoxef_cid65864.png,high,high,0.8887002764699934,wrong,,Flomoxef,0.986,32,32,exact,exact,Flomoxef,False,True,False,False,1.0,False,False,1,2,[H],,,[H].[H][C@]12OCC(CSc3nnnn3CCO)=C(C(=O)O)N1C(=O)[C@]2(NC(=O)CSC(F)F)OC |^1:0|
flotufolastat_cid149063248,,,flotufolastat_cid149063248.png,low,low,0.0009652141674998318,invalid,,,,,,invalid,invalid,,False,False,False,False,,False,,,,,,,CC(C)[Si](F)(F)C(C)(C)C.CC(O)C(NCCC(=O)C([NH3+])(CCCNC(=O)CCC(=O)NCCCCC1(NC(=O)C(CN[CH](=O)C2=CC=CC=C2)NC(=O)CCN2(C(=O)O)CC2N(CCN(CCN2CCC2CC(=O)O)CC(=O)O)CC(=O)O)=O=C1O)C(=O)O)C(=O)NC1(C(=O)O)CC23C1C1C245=O=C13(O)(O4)O5
fluciclovine_cid10820564,,,fluciclovine_cid10820564.png,low,low,0.7803081904579491,exact,Fluciclovine,Fluciclovine,1.0,9,9,exact,exact,Fluciclovine,False,False,False,False,1.0,True,True,0,1,,,,[H]NC1(C(=O)O[H])CC(F)C1
flucloxacillin_cid21319,,,flucloxacillin_cid21319.png,high,high,0.8940884172577817,exact,Flucloxacillin,Flucloxacillin,1.0,30,30,exact,exact,Flucloxacillin,False,False,False,False,1.0,True,True,0,1,,,,[H][C@]12SC(C)(C)[C@H](C(=O)O)N1C(=O)[C@H]2NC(=O)c1c(-c2c(F)cccc2Cl)noc1C
fluorodopa_cid107730,,,fluorodopa_cid107730.png,high,high,0.8916805883867045,exact,Fluorodopa,Fluorodopa,1.0,15,15,exact,exact,Fluorodopa,False,False,False,False,1.0,True,True,0,1,,,,[H]N[C@@H](Cc1cc(O)c(O)cc1F)C(=O)O[H]
flupirtine_cid53276,,,flupirtine_cid53276.png,high,high,0.8986720858132051,exact,Flupirtine,Flupirtine,1.0,22,22,exact,exact,Flupirtine,False,False,False,False,1.0,True,True,0,1,,,,[H]Nc1nc(N([H])Cc2ccc(F)cc2)ccc1NC(=O)OCC
flurandrenolide_cid15209,,,flurandrenolide_cid15209.png,low,low,0.6148878449141951,stereo,Flurandrenolide,Flurandrenolide,1.0,31,31,stereo,stereo,Flurandrenolide,False,False,False,False,1.0,True,True,0,1,,,,[H]OCC(=O)[C@@]12OC(C)(C)O[C@@]1([H])C[C@@]1([H])[C@]3([H])C[C@H](F)C4=CC(=O)CC[C@]4(C)[C@@]3([H])[C@@H](O)C[C@@]12C
folic_acid_cid135398658,,,folic_acid_cid135398658.png,high,high,0.8933955432707203,wrong,,Folic Acid,0.983,32,32,exact,exact,Folic Acid,False,True,False,False,1.0,False,False,4,4,[HH].[H].[H],,,"Nc1nc2ncc(CNc3ccc(C(=O)N[C@@H](CCC(=O)O)C(=O)O)cc3)nc2c(=O)[nH]1.[HH].[H].[H] |^1:33,34|"
friulimicin_b_cid56842195,,,friulimicin_b_cid56842195.png,low,low,7.926271604913532e-14,invalid,,,,,,invalid,invalid,,False,False,False,False,,False,,,,,,,[H]C12CCCCNC[CH]34OC5[CH]167N1C8=O=C169%10%11(=O)N1C(=O6%12=C(NC=69%13%14=O=C=%121%13%10[CH]%14%11(CC(=O)O)NC2=O)[CH]57126OC(=O)C5CCCCN5C(=O)C(OC157(=O)=O=C521C(CC(=O)N[CH]2(CC(=O)O)N(CCC8)C(CC(=O)O)C(NCC589=O=C5%10%11([H])([H]C8%10([H])C%11)[H]9)=O=C2(=O)NCC(=O)N([H])([H])[H])[CH]176O)[CH]31(C)CO1)CCNC4C
fudosteine_cid134669,,,fudosteine_cid134669.png,high,high,0.8906272645416451,exact,Fudosteine,Fudosteine,1.0,11,11,exact,exact,Fudosteine,False,False,False,False,1.0,True,True,0,1,,,,[H]N[C@@H](CSCCCO[H])C(=O)O[H]
fungichromin_cid5282200,,,fungichromin_cid5282200.png,low,low,0.8262578281057859,wrong,,Fungichromin,1.0,47,47,exact,exact,Fungichromin,False,True,False,False,1.0,False,False,7,8,[H].[H].[H].[H].[H].[H].[H],,,"[H].[H].[H].[H].[H].[H].[H].[H]O[C@@H]1[C@H](O)C[C@H](O)C[C@H](O)C[C@H](O)C[C@H](O)C[C@H](O)[C@@]([H])([C@H](O)CCCCC)C(=O)O[C@H](C)[C@@H](O)/C([H])=C([H])/C([H])=C([H])/C([H])=C([H])/C([H])=C([H])/C([H])=C(\C)[C@H]1O |^1:0,1,2,3,4,5,6|"
gabexate_cid3447,,,gabexate_cid3447.png,high,high,0.8897788884675437,wrong,,Gabexate,0.953,23,23,exact,exact,Gabexate,False,True,False,False,1.0,False,False,5,4,[HH].[HH].[H],,,CCOC(=O)c1ccc(OC(=O)CCCCCN=C(N)N)cc1.[HH].[HH].[H] |^1:25|
gadobenate_dimeglumine_cid6918204,,,gadobenate_dimeglumine_cid6918204.png,low,low,0.00276647876856887,invalid,,,,,,invalid,invalid,,False,False,False,False,,False,,,,,,,CNCC(O)C(O)C(O)C(O)CO.CNCC(O)C(O)C(O)C(O)CO.COC12=O=C(OC)(=O=1)C1N3C4CN5C(C(=O)[O-])COCC6=C(=C7(=CC=CC=C7)COCC(C(=O)O)N(CC(=O)O)(CCN417(CCN14(CC(=O)O)CC(=O)(O)=O=C(O)C1N(CC37)C4C(=O)O)C2)C5C(=O)O)C=CC=C6
gadofosveset_trisodium_cid73049652,,,gadofosveset_trisodium_cid73049652.png,high,high,0.8784288555704196,wrong,,Gadofosveset Trisodium,0.776,54,55,wrong,wrong,,False,False,False,False,0.776,False,False,4,4,,[Na+].[Na+],,O=C([O-])CN(CCN(CC(=O)[O-])CC(COP(=O)(O)OC1CCC(c2ccccc2)(c2ccccc2)CC1)N(CC(=O)[O-])CC(=O)O)CC(=O)O.[Na+].[Na+].[Na+]
gadoversetamide_cid444013,,,gadoversetamide_cid444013.png,high,high,0.9024703290978553,wrong,,Gadoversetamide,0.795,36,36,wrong,wrong,,False,False,False,False,0.795,False,False,5,1,,,,COCCNC(=O)CN(CCN(CCN(CC(=O)[O-])CC(=O)NCCOC)CC(=O)[O][GeH3])CC(=O)[O-]
gallidermin_cid73348284,,,gallidermin_cid73348284.png,low,low,5.524580356462575e-18,invalid,,,,,,invalid,invalid,,False,False,False,False,,False,,,,,,,CCCCCC[CH]12(C3C[CH]345C(C[CH]O[CH]CN[CH]36C(N)C3C6C[CH][CH]3(O)O[CH]36C3C(CC)[CH]36CCCCC)C(C(C)C(=O)CC3CC3CC(C)=O)O4C5(C)C)C3C[CH]314(C(C)=O)(C1C(C)(CC(=O)O[CH]C3(=O)C5=C6C7=C(O[CH]C(O)=C(O)[CH]8(O)C(OC9C=CC=C9)C89=CC=9)C67=C53)C14(C)=O)C2(C)=O
garenoxacin_cid124093,,,garenoxacin_cid124093.png,high,high,0.898283031631552,wrong,,Garenoxacin,0.984,31,31,exact,exact,Garenoxacin,False,True,False,False,1.0,False,False,2,2,[HH],,,C[C@H]1NCc2cc(-c3ccc4c(=O)c(C(=O)O)cn(C5CC5)c4c3OC(F)F)ccc21.[HH]
gedatolisib_cid44516953,,,gedatolisib_cid44516953.png,high,high,0.9091243690278389,exact,Gedatolisib,Gedatolisib,1.0,45,45,exact,exact,Gedatolisib,False,False,False,False,1.0,True,True,0,1,,,,CN(C)C1CCN(C(=O)c2ccc(NC(=O)Nc3ccc(-c4nc(N5CCOCC5)nc(N5CCOCC5)n4)cc3)cc2)CC1
gemeprost_cid5282237,,,gemeprost_cid5282237.png,high,high,0.8458721726314965,stereo,Gemeprost,Gemeprost,1.0,28,28,stereo,stereo,Gemeprost,False,False,False,False,1.0,True,True,0,1,,,,[H]/C(CCCC[C@H]1C(=O)C[C@@H](O)[C@@H]1C([H])=C([H])[C@@H](O)C(C)(C)CCCC)=C(/[H])C(=O)OC
glibornuride_cid12818200,,,glibornuride_cid12818200.png,high,high,0.8696476483552297,stereo,Glibornuride,Glibornuride,1.0,25,25,stereo,stereo,Glibornuride,False,False,False,False,1.0,True,True,0,1,,,,[H][C@]12CC[C@@](C)([C@@H](O)[C@H]1NC(=O)NS(=O)(=O)c1ccc(C)cc1)C2(C)C
glufosfamide_cid123628,,,glufosfamide_cid123628.png,high,high,0.8814192551955446,wrong,,Glufosfamide,1.0,22,22,exact,exact,Glufosfamide,False,True,False,False,1.0,False,False,2,3,[H].[H],,,"[H].[H].[H]O[C@H]1[C@H](OP(=O)(NCCCl)N([H])CCCl)O[C@H](CO)[C@@H](O)[C@@H]1O |^1:0,1|"
granisetron_hydrochloride_cid49799997,,,granisetron_hydrochloride_cid49799997.png,low,low,0.1082524111653802,invalid,,,,,,invalid,invalid,,False,False,False,False,,False,,,,,,,[H]C12CC3(NC(=O)C4=NN(C)C5=CC=CC=C54)CC45([H])CCCC([H])(C3)(C1CC4)N25C.[H]Cl
grapiprant_cid11677589,,,grapiprant_cid11677589.png,high,high,0.8991144038513545,exact,Grapiprant,Grapiprant,1.0,35,35,exact,exact,Grapiprant,False,False,False,False,1.0,True,True,0,1,,,,CCc1nc2c(C)nc(C)cc2n1-c1ccc(CCNC(=O)NS(=O)(=O)c2ccc(C)cc2)cc1
hydroquinone_cid785,,,hydroquinone_cid785.png,low,low,0.7889852938340357,wrong,,Hydroquinone,0.889,8,8,exact,exact,Hydroquinone,False,True,False,False,1.0,False,False,2,2,[HH],,,Oc1ccc(O)cc1.[HH]
hydroxynorketamine_cid133669,,,hydroxynorketamine_cid133669.png,high,high,0.8471472585757635,exact,Hydroxynorketamine,Hydroxynorketamine,1.0,16,16,exact,exact,Hydroxynorketamine,False,False,False,False,1.0,True,True,0,1,,,,[H]NC1(c2ccccc2Cl)CCCC(O[H])C1=O
hydroxypyridinone_cid69975,,,hydroxypyridinone_cid69975.png,high,high,0.8585373115337464,exact,Hydroxypyridinone,Hydroxypyridinone,1.0,8,8,exact,exact,Hydroxypyridinone,False,False,False,False,1.0,True,True,0,1,,,,O=c1ccccn1O
hydroxyzine_cid3658,,,hydroxyzine_cid3658.png,high,high,0.894501627168571,exact,Hydroxyzine,Hydroxyzine,1.0,26,26,exact,exact,Hydroxyzine,False,False,False,False,1.0,True,True,0,1,,,,OCCOCCN1CCN(C(c2ccccc2)c2ccc(Cl)cc2)CC1
ibogaine_cid197060,,,ibogaine_cid197060.png,low,low,0.3151095129378867,invalid,,,,,,invalid,invalid,,False,False,False,False,,False,,,,,,,[H]C12CC3([H])CC34(CC)N(CCC3=C1NC1=C3C=C(OC)C=C1)C24[H]
idoxuridine_cid5905,,,idoxuridine_cid5905.png,high,high,0.8672446357432355,exact,Idoxuridine,Idoxuridine,1.0,17,17,exact,exact,Idoxuridine,False,False,False,False,1.0,True,True,0,1,,,,[H]OC[C@H]1O[C@@H](n2cc(I)c(=O)n([H])c2=O)C[C@@H]1O[H]
idrabiotaparinux_cid16202213,,,idrabiotaparinux_cid16202213.png,low,low,1.098225155323255e-10,invalid,,,,,,invalid,invalid,,False,False,False,False,,False,,,,,,,C=C(CCCCCCC123=C=C(=C=1)(N2)C3CCC1C2[CH]134CCC1(C)[CH]5(C)C(C)C(C)C13(C)[CH]241(CCCCCCCCCC)CCC52(C)C(C)C(C)C(C)C21C)C[CH]123[CH]4(CC)C(CC)C(CC)[CH]415(C1=C=C1)[CH]21(C)[CH]24C6CC(C6)C2[CH]4135C.[CH]C(C)C(C)C(C)C[CH][CH]C[CH][CH]CC
iguratimod_cid124246,,,iguratimod_cid124246.png,high,high,0.9003450905537125,exact,Iguratimod,Iguratimod,1.0,26,26,exact,exact,Iguratimod,False,False,False,False,1.0,True,True,0,1,,,,[H]C(=O)Nc1coc2cc(NS(C)(=O)=O)c(Oc3ccccc3)cc2c1=O
imidafenacin_cid6433090,,,imidafenacin_cid6433090.png,high,high,0.8881351131731295,exact,Imidafenacin,Imidafenacin,1.0,24,24,exact,exact,Imidafenacin,False,False,False,False,1.0,True,True,0,1,,,,[H]NC(=O)C(CCn1ccnc1C)(c1ccccc1)c1ccccc1
imidapril_cid5464343,,,imidapril_cid5464343.png,high,high,0.8613595746844135,wrong,,Imidapril,0.981,29,29,exact,exact,Imidapril,False,True,False,False,1.0,False,False,1,2,[H],,,CCOC(=O)[C@H](CCc1ccccc1)N[C@@H](C)C(=O)N1C(=O)N(C)C[C@H]1C(=O)O.[H] |^1:29|
imipenem_cid104838,,,imipenem_cid104838.png,low,low,0.6924269885179479,wrong,,Imipenem,0.979,20,20,stereo,stereo,Imipenem,False,True,False,False,1.0,False,False,1,2,[H],,,[H].[H]N/C([H])=N/CCSC1=C(C(=O)O[H])N2C(=O)[C@@]([H])([C@@H](C)O)[C@@]2([H])C1 |^1:0|
iseganan_cid16131103,,,iseganan_cid16131103.png,low,low,1.509462752753144e-06,invalid,,,,,,invalid,invalid,,False,False,False,False,,False,,,,,,,CC(C)C(NC12(=O)=O=C3(N)(=O=1)[CH]14C(S)[CH]325(NC2367=O=C8(=O=2)(N135)[CH]6123N5C69=O=C1%10%11=O=6=C(NC(CS)C16%12=O=C%13(=O=1)(N6)C(CC1=CC=CC=C1)N%12%13)C(N%10)C216(C)CC3(C)(C1)[CH]598%1167)C4S)C(=O)NC1CN1C(CCCNC(=N)N)C(N)=O.CC(C)C[CH]NC1C(NCCNCC(N)CCCN)C1N1C(=O)C1N[CH]CNCCNCCCS.O
istaroxime_cid9841834,,,istaroxime_cid9841834.png,high,high,0.8805943358438038,stereo,Istaroxime,Istaroxime,1.0,26,26,stereo,stereo,Istaroxime,False,False,False,False,1.0,True,True,0,1,,,,[H][C@]12CC(=O)[C@@]3([H])C/C(=N/OCCN)CC[C@]3(C)[C@@]1([H])CC[C@]1(C)C(=O)CC[C@@]21[H]
kanglemycin_a_cid139588980,,,kanglemycin_a_cid139588980.png,low,low,4.509620849285162e-07,invalid,,,,,,invalid,invalid,,False,False,False,False,,False,,,,,,,[H]CCC(O[CH]C)OC1C=C([H])OC234(C)OCC(C(O)C(C)C5OC678=C9%10(=C%11%12%13=C%14%15%16%17=C%18%19%20%21=C%11%22%23%24=C9%14(=C=%10=%126(O2)C(C)=C7%18(O)C%22%15(=C8%19O)C%202(=O)C6=C(C%23%16=O)C27(=CC%24%17=O)(NC2(=O)C8(C)=C9([H])C(C)(=C([H])C%10([H])=C%11([H])=C9([H])=C%10([H])C5%11([H])C(C)OC(=O)C(C)(C)CC(=O)O)C8(=O)N627)C%21=O)C%133=O)O4)C(OC(C)=O)C1C
katanosin_b_cid139589288,,,katanosin_b_cid139589288.png,low,low,0.03743579961390345,wrong,,Katanosin B,0.802,81,90,wrong,wrong,,False,False,False,False,0.802,False,False,19,2,,,,O.[H]N/C(N)=N/CCC[C@H]1NC(=O)[C@H](CC(C)CC)NC(=O)[C]([H])NC(=O)[C@@H](NC(=O)[C@H](CC(C)C)NC(=O)[C@@H](CC(C)C)N[H])[C@@H](c2ccccc2)OC(=O)[C@H](CO)NC(=O)C([H])([H])NC(=O)CNC(=O)[C@]([H])([C@H](C)O)NC(=O)[C@H](C(C)C)NC1=O |^1:22|
kojic_acid_cid3840,,,kojic_acid_cid3840.png,high,high,0.8710402737168594,exact,Kojic Acid,Kojic Acid,1.0,10,10,exact,exact,Kojic Acid,False,False,False,False,1.0,True,True,0,1,,,,[H]OCc1cc(=O)c(O[H])co1
kp_1019_cid133083029,,,kp_1019_cid133083029.png,low,low,0.8415498496128908,invalid,,,,,,invalid,invalid,,False,False,False,False,,False,,,,,,,C1=CC=C2NN=CC2=C1.C1=CC=C2N[N+]=CC2=C1.C1=N[N-]C2=CC=[Cl-]C=C12.[Cl-].[Cl-].[Cl-].[Cl-].[Cl-].[Cl-].[H].[H].[H]
l_homocysteine_cid91552,,,l_homocysteine_cid91552.png,low,low,0.8428833016562663,exact,L-Homocysteine,L-Homocysteine,1.0,8,8,exact,exact,L-Homocysteine,False,False,False,False,1.0,True,True,0,1,,,,[H]N[C@@H](CCS[H])C(=O)O[H]
l_methylfolate_cid135398561,,,l_methylfolate_cid135398561.png,high,high,0.8926862613881416,wrong,,L-Methylfolate,1.0,33,33,exact,exact,L-Methylfolate,False,True,False,False,1.0,False,False,8,5,[HH].[HH].[HH].[HH],,,CN1c2c(nc(N)[nH]c2=O)NC[C@@H]1CNc1ccc(C(=O)N[C@@H](CCC(=O)O)C(=O)O)cc1.[HH].[HH].[HH].[HH]
l_ornithine_cid6262,,,l_ornithine_cid6262.png,high,high,0.8673497735554715,exact,L-(-)-Ornithine,L-(-)-Ornithine,1.0,9,9,exact,exact,L-(-)-Ornithine,False,False,False,False,1.0,True,True,0,1,,,,[H]N[C@@H](CCCN([H])[H])C(=O)O[H]
laidlomycin_cid71454116,,,laidlomycin_cid71454116.png,low,low,0.2315625712390206,stereo,Laidlomycin,Laidlomycin,1.0,49,49,stereo,stereo,Laidlomycin,False,False,False,False,1.0,True,True,0,1,,,,[H]C1([C@]2(C)CC[C@@]3(C[C@@H](O)[C@@H](C)[C@]([H])([C@@H](C)[C@@H](OC(=O)CC)[C@H](C)C(=O)O)O3)O2)CC[C@@](C)([C@@]2([H])O[C@@]([H])([C@]3([H])O[C@](O)(CO)[C@H](C)C[C@@H]3C)C[C@@H]2C)O1
laninamivir_cid502272,,,laninamivir_cid502272.png,low,low,0.7506367956586742,wrong,,Laninamivir,0.96,24,24,stereo,stereo,Laninamivir,False,True,False,False,1.0,False,False,8,8,[HH].[H].[H].[H].[H].[H].[H],,,"[HH].[H].[H].[H].[H].[H].[H].[H][C@]1([C@H](OC)[C@H](O)CO)OC(C(=O)O)=C[C@H](N=C(N)N)[C@H]1NC(C)=O |^1:1,2,3,4,5,6|"
lanraplenib_cid118161062,,,lanraplenib_cid118161062.png,high,high,0.8940242414628224,exact,Lanraplenib,Lanraplenib,1.0,33,33,exact,exact,Lanraplenib,False,False,False,False,1.0,True,True,0,1,,,,Nc1cncc(-c2cn3ccnc3c(Nc3ccc(N4CCN(C5COC5)CC4)cc3)n2)n1
lapretolimod_ammonium_cid134687617,,,lapretolimod_ammonium_cid134687617.png,low,low,4.27781418695146e-18,invalid,,,,,,invalid,invalid,,False,False,False,False,,False,,,,,,,*C(CCCCCCCCCCC)C[CH]12345(*)[CH]678(OC(O)CCCCCCCCCCC)[CH]19%10%11%12O[CH]91(O)C(O[CH]1(O)CCCCCCCCCCCCCC)C(O)C(O)C(O)[CH]O[CH]219%13%14%15%16%17%18[CH]2%19%20%21O[CH]21%22%23%24%25O[CH]%22912(O)([CH]%19%23%139(O)[CH]%20%24%14%13(O[CH]C(O)[CH]OC)C(O)C(O)[CH]%14%19O[CH]%14(O)[CH]%19%21%139%25%15)[CH]6%103%169%13O[CH]7%11419%1736O[CH]8%1252%133%18O6 |$Me;;;;;;;;;;;;;;;Me;;;;;;;;;;;;;;;;;;;;;;;;;;;;;;;;;;;;;;;;;;;;;;;;;;;;;;;;;;;;;;;;;;;;;;;;;;;;;$|
lasalocid_a_cid5360807,,,lasalocid_a_cid5360807.png,low,low,0.009998259546783711,invalid,,,,,,invalid,invalid,,False,False,False,False,,False,,,,,,,[H]C12(C(CC)C(=O)C(C)C(O)C(C)CCC3=C(C(=O)O)C(O)=C(C)C=C3)OC345(CC)(CC1C)C1CCC(O)(CC)[CH](C)(CC6OC37([H]C74([H])O25)CCC6(O)CC)O1
lasofoxifene_cid216416,,,lasofoxifene_cid216416.png,high,high,0.8991910619363988,wrong,,Lasofoxifene,0.981,31,31,exact,exact,Lasofoxifene,False,True,False,False,1.0,False,False,1,2,[H],,,Oc1ccc2c(c1)CC[C@H](c1ccccc1)[C@@H]2c1ccc(OCCN2CCCC2)cc1.[H] |^1:31|
laspartomycin_cid139589219,,,laspartomycin_cid139589219.png,low,low,7.656393724804275e-07,invalid,,,,,,invalid,invalid,,False,False,False,False,,False,,,,,,,[H]OC(=O)CC(=O)NC[CH]12(NC34(=O)=O=C5(=O=3)CNC36=O=C(=O)(NC4)[CH]3(CC(=O)O)NC(=O)CNC(=O)C([H])(CCCC([H])=O)C3CC([H])([H])(O)(CCCC4=O=C1(N4)C(CC(=O)O)N5)(CN[CH]CNC[CH]NCC([CH]CC)NC3=O)C1(=O=C3(=O=C([H])(=O)N3)C1CC(=O)O)NCC(=O)N[CH]6)C1C3456=O=C1(=O=3)(O4)(O5)C26
laulimalide_cid6918457,,,laulimalide_cid6918457.png,low,low,0.2709950914711566,stereo,Laulimalide,Laulimalide,1.0,37,37,stereo,stereo,Laulimalide,False,False,False,False,1.0,True,True,0,1,,,,[H]O[C@@H](C([H])=C([H])[C@@H]1CC(C)=CCO1)[C@]1([H])CC2([H])O[C@H]2[C@@H](O)CC(=C)C[C@H](C)C[C@]2([H])CC=C[C@]([H])(C/C([H])=C(\[H])C(=O)O1)O2
lenacapavir_sodium_cid153435888,,,lenacapavir_sodium_cid153435888.png,high,high,0.8856712888547533,wrong,,Lenacapavir Sodium,0.823,65,65,wrong,wrong,,False,False,False,False,0.823,False,False,0,1,,,,[H][C@@]12C[C@]1([H])c1c(C(F)(F)F)nn(CC(=O)N[C@@H](Cc3cc(F)cc(F)c3)c3nc(C#CC(C)(C)S(C)(=O)=O)ccc3-c3ccc(Cl)c4c([N]([Na+])S(C)(=O)=O)nn(CC(F)(F)F)c34)c1C2(F)F |50|
lercanidipine_cid65866,,,lercanidipine_cid65866.png,high,high,0.9073854825301759,exact,Lercanidipine,Lercanidipine,1.0,45,45,exact,exact,Lercanidipine,False,False,False,False,1.0,True,True,0,1,,,,COC(=O)C1=C(C)NC(C)=C(C(=O)OC(C)(C)CN(C)CCC(c2ccccc2)c2ccccc2)C1c1cccc([N+](=O)[O-])c1
levocabastine_cid54385,,,levocabastine_cid54385.png,high,high,0.8875964843988777,exact,Levocabastine,Levocabastine,1.0,31,31,exact,exact,Levocabastine,False,False,False,False,1.0,True,True,0,1,,,,C[C@@H]1CN(C2CCC(C#N)(c3ccc(F)cc3)CC2)CC[C@]1(C(=O)O)c1ccccc1
ljn452_cid121418176,,,ljn452_cid121418176.png,low,low,0.5158273592551402,exact,Ljn452,Ljn452,1.0,42,42,exact,exact,Ljn452,False,False,False,False,1.0,True,True,0,1,,,,[H][C@]12CC[C@]([H])(CC(OCc3c(-c4ccccc4OC(F)(F)F)noc3C3CC3)C1)N2c1nc2c(F)cc(C(=O)O)cc2s1
ln_1_255_cid23672118,,,ln_1_255_cid23672118.png,high,high,0.8791977081981485,wrong,,LN-1-255,0.813,35,35,wrong,wrong,,False,False,False,False,0.813,False,False,1,2,[H],,,"[H].[H]/C(=C1\C(=O)N2[C@@H](C(=O)[O][Na+])[C@](C)(COC(=O)Cc3ccc(O)c(O)c3)S(=O)(=O)[C@]12[H])c1ccccn1 |^1:0,11|"
lobeglitazone_cid9826451,,,lobeglitazone_cid9826451.png,high,high,0.917371600521664,exact,Lobeglitazone,Lobeglitazone,1.0,34,34,exact,exact,Lobeglitazone,False,False,False,False,1.0,True,True,0,1,,,,COc1ccc(Oc2cc(N(C)CCOc3ccc(CC4SC(=O)NC4=O)cc3)ncn2)cc1
lodoxamide_cid44564,,,lodoxamide_cid44564.png,high,high,0.8825253814363211,wrong,,Lodoxamide,0.966,21,21,exact,exact,Lodoxamide,False,True,False,False,1.0,False,False,2,3,[H].[H],,,"N#Cc1cc(NC(=O)C(=O)O)c(Cl)c(NC(=O)C(=O)O)c1.[H].[H] |^1:21,22|"
loteprednol_etabonate_cid444025,,,loteprednol_etabonate_cid444025.png,low,low,0.5933121650109817,stereo,Loteprednol Etabonate,Loteprednol Etabonate,1.0,32,32,stereo,stereo,Loteprednol Etabonate,False,False,False,False,1.0,True,True,0,1,,,,[H]O[C@H]1C[C@@]2(C)[C@]([H])(CC[C@]2(OC(=O)OCC)C(=O)OCCl)[C@]2([H])CCC3=CC(=O)C=C[C@]3(C)[C@@]12[H]
mabuterol_cid3995,,,mabuterol_cid3995.png,high,high,0.896880908218663,exact,Mabuterol,Mabuterol,1.0,20,20,exact,exact,Mabuterol,False,False,False,False,1.0,True,True,0,1,,,,[H]Nc1c(Cl)cc(C(O)CN([H])C(C)(C)C)cc1C(F)(F)F
malacidin_a_cid132282518,,,malacidin_a_cid132282518.png,low,low,0.2583082932545347,invalid,,,,,,invalid,invalid,,False,False,False,False,,False,,,,,,,O.[H]C(CNCC)N123C[CH]4(C)C5N(C41)C52([H])C(=O)NC(C)C(NC(=O)C(NC(=O)C([H])=C([H])C([H])=C([H])CCC(C)C)C(C)C(=O)O)C(=O)NC(C(C)C)C(=O)NC(CCCCN)C(=O)NC(C(O)C(=O)O)CNC(CC(=O)O)C(=O)NCC(=O)NC(C(C)C(=O)O)C(=O)NC(C(C)C)C3=O
mangafodipir_trisodium_cid160036,,,mangafodipir_trisodium_cid160036.png,high,high,0.8853889439103101,wrong,,Mangafodipir Trisodium,0.865,47,46,near,near,,False,False,False,False,0.865,False,False,4,6,,[Na+].[Na+].[Na+].[Na+],,Cc1ncc(COP(=O)([O-])[O-])c(CN(CCN(CC(=O)[O-])Cc2c(COP(=O)([O-])[O-])cnc(C)c2[OH2+])CC(=O)[O-])c1[O-].[Na+].[Na+].[Na+].[Na+].[Na+]
mannopeptimycin_alpha_cid139585504,,,mannopeptimycin_alpha_cid139585504.png,low,low,0.01017586142848321,wrong,,Mannopeptimycin alpha,0.368,88,91,wrong,wrong,,False,False,False,False,0.368,False,False,8,2,,,,"Cc1ccccc1.[H][C](NC(=O)C(NC(=O)[C@@H](Cc1ccc(O[C@H]2O[C@H](CO)[C@@H](O[C@H]3O[C@H](CO)[C@@H](O)[C@@H](O)[C@H]3O)[C@@H](O)[C@H]2O)cc1)NC(=O)C[C@@](O)(/N=C(/NC([H])=O)O[CH]C)[C@@H](O)[C]([H])NC=O)[C@@H](O)[C@@]1([H])CN=C(N([H])[H])N1)C(=O)N[C@H]1O[C@H](CO)[C@@H](O)[C@@H](O)[C@@H]1O |^1:8,60,64|"
maytansinol_cid9915934,,,maytansinol_cid9915934.png,low,low,0.8318271157328934,stereo,Maytansinol,Maytansinol,1.0,39,39,stereo,stereo,Maytansinol,False,False,False,False,1.0,True,True,0,1,,,,[H]O[C@H]1CC(=O)N(C)c2cc(cc(OC)c2Cl)C/C(C)=C([H])/C([H])=C(\[H])[C@@H](OC)[C@@]2(O[H])C[C@@]([H])(OC(=O)N2[H])[C@@H](C)[C@@]2([H])O[C@@]12C
mefloquine_hydrochloride_cid65329,,,mefloquine_hydrochloride_cid65329.png,high,high,0.8905013188137997,exact,Mefloquine Hydrochloride,Mefloquine Hydrochloride,1.0,27,27,exact,exact,Mefloquine Hydrochloride,False,False,False,False,1.0,True,True,0,2,,,,[H]Cl.[H]O[C@@H](c1cc(C(F)(F)F)nc2c(C(F)(F)F)cccc12)[C@@]1([H])CCCCN1[H]
megazol_cid29698,,,megazol_cid29698.png,high,high,0.8835716394455102,exact,Megazol,Megazol,1.0,15,15,exact,exact,Megazol,False,False,False,False,1.0,True,True,0,1,,,,[H]Nc1nnc(-c2ncc([N+](=O)[O-])n2C)s1
melagatran_cid183797,,,melagatran_cid183797.png,high,high,0.8505446515600696,wrong,,Melagatran,0.982,31,31,exact,exact,Melagatran,False,True,False,False,1.0,False,False,5,6,[H].[H].[H].[H].[H],,,"N=C(N)c1ccc(CNC(=O)[C@@H]2CCN2C(=O)[C@H](NCC(=O)O)C2CCCCC2)cc1.[H].[H].[H].[H].[H] |^1:31,32,33,34,35|"
melogliptin_cid11623906,,,melogliptin_cid11623906.png,high,high,0.9045470153896665,exact,Melogliptin,Melogliptin,1.0,23,23,exact,exact,Melogliptin,False,False,False,False,1.0,True,True,0,1,,,,N#C[C@@H]1C[C@H](F)CN1C(=O)CN[C@@H]1CC[C@H](Cn2cncn2)C1
merbromin_cid9853537,,,merbromin_cid9853537.png,high,high,0.9049407404765876,wrong,,Merbromin,0.962,30,31,near,near,,False,False,False,False,0.962,False,False,1,4,[H],[Na+],,O=C([O-])c1ccccc1-c1c2cc(Br)c(=O)cc-2oc2[c]([Hg+])c([O-])c(Br)cc12.[H].[Na+].[Na+] |^1:28|
merotocin_cid76073634,,,merotocin_cid76073634.png,low,low,0.6737951197219886,exact,Merotocin,Merotocin,1.0,73,73,exact,exact,Merotocin,False,False,False,False,1.0,True,True,0,1,,,,[H][C@@]1([C@@H](C)CC)NC(=O)[C@H](Cc2ccc(O)cc2)NC(=O)CCCSC[C@@H](C(=O)N(CC(=O)N[C@@H](CC(C)C)C(=O)NCC(N)=O)Cc2ccc(F)cc2)NC(=O)[C@H](CC(N)=O)NC(=O)[C@H](CCC(N)=O)NC1=O
mersacidin_cid70698380,,,mersacidin_cid70698380.png,low,low,4.445448064952894e-05,invalid,,,,,,invalid,invalid,,False,False,False,False,,False,,,,,,,[H]C(CSC(C)CNC[CH]12CSC(C)[CH]3(NC(=O)C(CC4=CC=CC=C4)NC(=O)C4NC(=O)C(N)CSC4C)C4=O=C35(=O)N3C6C7(N)[CH](CC(C)C)(C(=O)[CH]378CCCC8CN3CCNCC7=O=C(CNCC3N)NCC3(=O)NCC(=O)NC(C(C)C)C(=O)N1C([CH]NCCNCC3N7)N2)N465)CC(=O)NC[CH]CC
mersalyl_cid9806195,,,mersalyl_cid9806195.png,high,high,0.8765713829774271,wrong,,Mersalyl,0.698,22,22,wrong,wrong,,False,False,False,False,0.698,False,False,0,3,[H],,,"[H].[H]C([CH2][Hg+])(CNC(=O)c1ccccc1OCC(=O)[O][Na+])OC.[O-] |^1:0,23,20|"
mesna_cid23662354,,,mesna_cid23662354.png,low,low,0.8079308623985673,wrong,,Mesna,0.391,8,8,wrong,wrong,,False,False,False,False,0.391,False,False,0,1,,,,[H]SCCS(=O)(=O)[O][Na+] |8|
metahexamide_cid11259,,,metahexamide_cid11259.png,high,high,0.8963660688559133,wrong,,Metahexamide,0.976,21,21,exact,exact,Metahexamide,False,True,False,False,1.0,False,False,1,2,[H],,,[H].[H]Nc1cc(S(=O)(=O)NC(=O)NC2CCCCC2)ccc1C |^1:0|
methenolone_cid3037705,,,methenolone_cid3037705.png,low,low,0.8371999701550306,stereo,Methenolone,Methenolone,1.0,22,22,stereo,stereo,Methenolone,False,False,False,False,1.0,True,True,0,1,,,,[H][C@@]12CC[C@@]3([H])[C@]([H])(CC[C@]4(C)[C@@H](O)CC[C@@]34[H])[C@@]1(C)C(C)=CC(=O)C2
methicillin_cid6087,,,methicillin_cid6087.png,high,high,0.8872301905091708,exact,Methicillin,Methicillin,1.0,26,26,exact,exact,Methicillin,False,False,False,False,1.0,True,True,0,1,,,,[H]OC(=O)[C@@H]1N2C(=O)[C@@H](NC(=O)c3c(OC)cccc3OC)[C@@]2([H])SC1(C)C
methisazone_cid667492,,,methisazone_cid667492.png,high,high,0.8785764233520301,stereo,Methisazone,Methisazone,1.0,16,16,stereo,stereo,Methisazone,False,False,False,False,1.0,True,True,0,1,,,,[H]NC(=S)/N=N/c1c(O[H])n(C)c2ccccc12
methohexital_cid9034,,,methohexital_cid9034.png,high,high,0.8521945248001861,exact,Methohexital,Methohexital,1.0,19,19,exact,exact,Methohexital,False,False,False,False,1.0,True,True,0,1,,,,[H]N1C(=O)N(C)C(=O)C(CC=C)(C(C)C#CCC)C1=O
metrizoic_acid_cid2528,,,metrizoic_acid_cid2528.png,high,high,0.8969887454300988,wrong,,Metrizoic Acid,0.97,21,21,exact,exact,Metrizoic Acid,False,True,False,False,1.0,False,False,1,2,[H],,,[H].[H]N(C(C)=O)c1c(I)c(C(=O)O)c(I)c(N(C)C(C)=O)c1I |^1:0|
milataxel_cid6918589,,,milataxel_cid6918589.png,low,low,0.799421696082152,stereo,Milataxel,Milataxel,1.0,61,61,stereo,stereo,Milataxel,False,False,False,False,1.0,True,True,0,1,,,,[H][C@@]12[C@H](OC(=O)c3ccccc3)[C@]3(O)C[C@H](OC(=O)[C@H](O)[C@@H](NC(=O)OC(C)(C)C)c4ccco4)C(C)=C([C@@H](O)C(=O)[C@]1(C)[C@@H](OC(=O)CC)C[C@]1([H])OC[C@@]21OC(C)=O)C3(C)C
mirogabalin_cid59509752,,,mirogabalin_cid59509752.png,high,high,0.8603687166455951,exact,Mirogabalin,Mirogabalin,1.0,15,15,exact,exact,Mirogabalin,False,False,False,False,1.0,True,True,0,1,,,,[H]NC[C@]1(CC(=O)O[H])C[C@@]2([H])CC(CC)=C[C@]21[H]
mitoxantrone_cid4212,,,mitoxantrone_cid4212.png,low,low,0.8407872424875923,wrong,,Mitoxantrone,0.969,32,32,exact,exact,Mitoxantrone,False,True,False,False,1.0,False,False,8,5,[HH].[HH].[HH].[HH],,,O=C1c2c(O)ccc(O)c2C(=O)c2c(NCCNCCO)ccc(NCCNCCO)c21.[HH].[HH].[HH].[HH]
mm_47761_cid195570,,,mm_47761_cid195570.png,low,low,5.529211419528644e-05,invalid,,,,,,invalid,invalid,,False,False,False,False,,False,,,,,,,[H]NC(=O)C1C23N4C56=O=C78NC149C21=O=C39(=O)NC2C34=O=C2(NC29C%10NC%11%12C(OCOCC)C(N%11C2C%10(N3)C92=CC([H])=C(O)C=C2)C%12(OCOC(C)C(O)C([H])(C)N)CC=CCOC=C(OC2OC(CO)C(O[H])C(O)C2OC2OC(C)C(O)C(O)C2O)COCC=CCC(O)C75NC23(=O)=O=C(NC86)(C2([H])(CC(C)C)NC)C3([H])(CC(C)C)NC)C4N1
moclobemide_cid4235,,,moclobemide_cid4235.png,low,low,0.8390572660162333,exact,Moclobemide,Moclobemide,1.0,18,18,exact,exact,Moclobemide,False,False,False,False,1.0,True,True,0,1,,,,[H]N(CCN1CCOCC1)C(=O)c1ccc(Cl)cc1
moexipril_cid91270,,,moexipril_cid91270.png,low,low,0.5008779364843329,exact,Moexipril,Moexipril,1.0,36,36,exact,exact,Moexipril,False,False,False,False,1.0,True,True,0,1,,,,CCOC(=O)[C@H](CCc1ccccc1)N[C@@H](C)C(=O)N1Cc2cc(OC)c(OC)cc2C[C@H]1C(=O)O
molindone_cid23897,,,molindone_cid23897.png,high,high,0.904828493595813,exact,Molindone,Molindone,1.0,20,20,exact,exact,Molindone,False,False,False,False,1.0,True,True,0,1,,,,[H]n1c(C)c(CC)c2c1CCC(CN1CCOCC1)C2=O
monobenzone_cid7638,,,monobenzone_cid7638.png,low,low,0.8197934897669212,exact,Monobenzone,Monobenzone,1.0,15,15,exact,exact,Monobenzone,False,False,False,False,1.0,True,True,0,1,,,,Oc1ccc(OCc2ccccc2)cc1
monomethyl_fumarate_cid5369209,,,monomethyl_fumarate_cid5369209.png,high,high,0.9096664677373331,exact,Monomethyl Fumarate,Monomethyl Fumarate,1.0,9,9,exact,exact,Monomethyl Fumarate,False,False,False,False,1.0,True,True,0,1,,,,[H]OC(=O)/C([H])=C(\[H])C(=O)OC
monomethylauristatin_e_cid11542188,,,monomethylauristatin_e_cid11542188.png,low,low,0.5425766667274207,stereo,Monomethylauristatin E,Monomethylauristatin E,1.0,51,51,stereo,stereo,Monomethylauristatin E,False,False,False,False,1.0,True,True,0,1,,,,[H][C@]1([C@H](OC)[C@@H](C)C(=O)N[C@H](C)[C@@H](O)c2ccccc2)CCCN1C(=O)C[C@@H](OC)[C@H]([C@@H](C)CC)N(C)C(=O)[C@@H](NC(=O)[C@@H](NC)C(C)C)C(C)C
mosliciguat_cid154572869,,,mosliciguat_cid154572869.png,high,high,0.8972932178798848,exact,Mosliciguat,Mosliciguat,1.0,52,52,exact,exact,Mosliciguat,False,False,False,False,1.0,True,True,0,1,,,,O=C(O)c1ccc(CCN(CCc2ccccc2OCc2ccc(-c3ccc(C(F)(F)F)cc3)cc2Cl)[C@H]2CCCc3nc(C(=O)O)ccc32)cc1
mosnodenvir_cid133083036,,,mosnodenvir_cid133083036.png,high,high,0.897296140954035,exact,Mosnodenvir,Mosnodenvir,1.0,39,39,exact,exact,Mosnodenvir,False,False,False,False,1.0,True,True,0,1,,,,COc1cc(N[C@H](C(=O)c2c[nH]c3ccc(OC(F)(F)F)cc23)c2ccc(Cl)cc2OC)cc(S(C)(=O)=O)c1
moxalactam_cid47499,,,moxalactam_cid47499.png,low,low,0.7728026500725694,exact,Moxalactam,Moxalactam,1.0,36,36,exact,exact,Moxalactam,False,False,False,False,1.0,True,True,0,1,,,,[H]C(C(=O)O)(C(=O)N[C@]1(OC)C(=O)N2C(C(=O)O)=C(CSc3nnnn3C)CO[C@@]21[H])c1ccc(O)cc1
mulundocandin_cid121225706,,,mulundocandin_cid121225706.png,low,low,1.389595597696073e-10,invalid,,,,,,invalid,invalid,,False,False,False,False,,False,,,,,,,[H]C1O[CH]234C5(O)O6CC78[CH]9([H])O[CH]%10%11%12[CH]65(NC5([H])(C(C)O)C2%106%13([H])C2([H])(C(C)O)NC(O)CC9(=O)[CH]769%10C6[CH]7%14O[CH]6(O)(C7O)[CH]%143%119%13C254%12%10([H])O)OC234(=O)N(CCCCCCCCCCCCC)C25([H])(C(=O)NC(O)C5O)(N3(CCCCCCCCCCC(C)CC)C1=O)C84(=O)NC1=CC=C(O)C=C1
muraglitazar_cid206044,,,muraglitazar_cid206044.png,high,high,0.8993844159264657,exact,Muraglitazar,Muraglitazar,1.0,38,38,exact,exact,Muraglitazar,False,False,False,False,1.0,True,True,0,1,,,,COc1ccc(OC(=O)N(CC(=O)O)Cc2ccc(OCCc3nc(-c4ccccc4)oc3C)cc2)cc1
mycophenolic_acid_cid446541,,,mycophenolic_acid_cid446541.png,high,high,0.89009184538718,exact,Mycophenolic Acid,Mycophenolic Acid,1.0,23,23,exact,exact,Mycophenolic Acid,False,False,False,False,1.0,True,True,0,1,,,,[H]Oc1c(C/C([H])=C(\C)CCC(=O)O)c(OC)c(C)c2c1C(=O)OC2
n2_1s_1_4_fluorophenyl_ethyl_4_1_methyl_1h_pyrazol_4_yl_n6_2_cid46866319,,,n2_1s_1_4_fluorophenyl_ethyl_4_1_methyl_1h_pyrazol_4_yl_n6_2_cid46866319.png,low,low,0.678072013907687,exact,"N2-((1S)-1-(4-Fluorophenyl)ethyl)-4-(1-methyl-1H-pyrazol-4-yl)-N6-2-pyrazinyl-2,6-pyridinediamine","N2-((1S)-1-(4-Fluorophenyl)ethyl)-4-(1-methyl-1H-pyrazol-4-yl)-N6-2-pyrazinyl-2,6-pyridinediamine",1.0,29,29,exact,exact,"N2-((1S)-1-(4-Fluorophenyl)ethyl)-4-(1-methyl-1H-pyrazol-4-yl)-N6-2-pyrazinyl-2,6-pyridinediamine",False,False,False,False,1.0,True,True,0,1,,,,[H]N(c1cnccn1)c1cc(-c2cnn(C)c2)cc(N([H])[C@@H](C)c2ccc(F)cc2)n1
n_1_8_3_methyl_4_1_methyl_1h_benzo_d_imidazol_5_yl_oxy_pheny_cid160283094,,,n_1_8_3_methyl_4_1_methyl_1h_benzo_d_imidazol_5_yl_oxy_pheny_cid160283094.png,high,high,0.9098037327894031,exact,"N-(1-(8-((3-methyl-4-((1-methyl-1H-benzo(d)imidazol-5-yl)oxy)phenyl)amino)pyrimido(5,4-d)pyrimidin-2-yl)piperidin-4-yl)acrylamide","N-(1-(8-((3-methyl-4-((1-methyl-1H-benzo(d)imidazol-5-yl)oxy)phenyl)amino)pyrimido(5,4-d)pyrimidin-2-yl)piperidin-4-yl)acrylamide",1.0,40,40,exact,exact,"N-(1-(8-((3-methyl-4-((1-methyl-1H-benzo(d)imidazol-5-yl)oxy)phenyl)amino)pyrimido(5,4-d)pyrimidin-2-yl)piperidin-4-yl)acrylamide",False,False,False,False,1.0,True,True,0,1,,,,C=CC(=O)NC1CCN(c2ncc3ncnc(Nc4ccc(Oc5ccc6c(c5)ncn6C)c(C)c4)c3n2)CC1
n_5_aminosulfonyl_4_methyl_1_3_thiazol_2_yl_n_methyl_2_4_2_p_cid491941,,,n_5_aminosulfonyl_4_methyl_1_3_thiazol_2_yl_n_methyl_2_4_2_p_cid491941.png,high,high,0.9080840077594416,exact,"N-(5-(Aminosulfonyl)-4-methyl-1,3-thiazol-2-yl)-N-methyl-2-(4-(2-pyridinyl)phenyl)acetamide","N-(5-(Aminosulfonyl)-4-methyl-1,3-thiazol-2-yl)-N-methyl-2-(4-(2-pyridinyl)phenyl)acetamide",1.0,27,27,exact,exact,"N-(5-(Aminosulfonyl)-4-methyl-1,3-thiazol-2-yl)-N-methyl-2-(4-(2-pyridinyl)phenyl)acetamide",False,False,False,False,1.0,True,True,0,1,,,,[H]NS(=O)(=O)c1sc(N(C)C(=O)Cc2ccc(-c3ccccn3)cc2)nc1C
n_acetylcysteine_amide_cid10176265,,,n_acetylcysteine_amide_cid10176265.png,high,high,0.8859369586599142,exact,N-Acetylcysteine amide,N-Acetylcysteine amide,1.0,10,10,exact,exact,N-Acetylcysteine amide,False,False,False,False,1.0,True,True,0,1,,,,[H]NC(=O)[C@H](CS[H])NC(C)=O
nabilone_cid5284592,,,nabilone_cid5284592.png,low,low,0.8135567603060176,stereo,Nabilone,Nabilone,1.0,27,27,stereo,stereo,Nabilone,False,False,False,False,1.0,True,True,0,1,,,,[H][C@@]12CCC(=O)C[C@]1([H])c1c(O)cc(C(C)(C)CCCCCC)cc1OC2(C)C
naftifine_cid47641,,,naftifine_cid47641.png,high,high,0.9021302633447775,exact,Naftifine,Naftifine,1.0,22,22,exact,exact,Naftifine,False,False,False,False,1.0,True,True,0,1,,,,[H]/C(CN(C)Cc1cccc2ccccc12)=C(/[H])c1ccccc1
nalbuphine_cid5311304,,,nalbuphine_cid5311304.png,low,low,0.3519632333928264,exact,Nalbuphine,Nalbuphine,1.0,26,26,exact,exact,Nalbuphine,False,False,False,False,1.0,True,True,0,1,,,,[H]Oc1ccc2c3c1O[C@@]1([H])[C@@H](O[H])CC[C@]4(O[H])[C@@]31CCN(CC1CCC1)[C@]4([H])C2
naloxegol_oxalate_cid56959086,,,naloxegol_oxalate_cid56959086.png,low,low,0.01270895254335303,invalid,,,,,,invalid,invalid,,False,False,False,False,,False,,,,,,,O=C([OH2+])C(=O)[OH2+].[H]C12OC345=C6(O)C7=CC89=C3%10%11C13C(O)(CCC2OCCOCCOCCOCCOCCOCCOCCOC)C1N(CC=C)C18=C%101=C=9=43C6%11=C=57(O)C=C1
narasin_cid65452,,,narasin_cid65452.png,low,low,0.07126444323084523,invalid,,,,,,invalid,invalid,,False,False,False,False,,False,,,,,,,[HH].[H].[H].[H]C(OC12C=C3[CH]456O[CH]3(=C4=C1)(O5)C61(CCC(C)(C3([H])CCC(O)(CC)C(C)O3)O1)O2)C(CC)C(=O)C(C)C(O)C(C)C1([H])OC([H])(C(CC)C(=O)O)C(C)CC1C
navtemadlin_cid58573469,,,navtemadlin_cid58573469.png,high,low,0.8963287423848131,invalid,,,,,,invalid,invalid,,False,False,False,False,,False,,,,,,,CC(C)C(CS(=O)(=O)C(C)C)N1C(=O)C(C)(CC(=O)[OH-])CC(C2=CC(Cl)=CC=C2)C1C1=CC=C(Cl)C=C1
neoarsphenamine_cid76961391,,,neoarsphenamine_cid76961391.png,high,high,0.8861541646361167,wrong,,Neoarsphenamine,0.681,23,23,wrong,wrong,,False,False,False,False,0.681,False,False,5,6,[H].[H].[H].[H].[H],,,"Nc1cc(/[As]=[As]/c2ccc(O)c(NCOS[O-][Na+])c2)ccc1O.[H].[H].[H].[H].[H] |^1:23,24,25,26,27,17,C:16.16|"
neramexane_cid6433106,,,neramexane_cid6433106.png,high,high,0.8465301922783823,exact,Neramexane,Neramexane,1.0,12,12,exact,exact,Neramexane,False,False,False,False,1.0,True,True,0,1,,,,[H]NC1(C)CC(C)(C)CC(C)(C)C1
neticonazole_cid5282433,,,neticonazole_cid5282433.png,high,high,0.9129000382602415,wrong,,Neticonazole,0.731,21,21,wrong,wrong,,False,False,False,False,0.731,False,False,0,1,,,,[H]/C([S-]C)=C(/c1ccccc1OCCCCC)n1ccnc1 |^1:2|
niclosamide_cid4477,,,niclosamide_cid4477.png,high,high,0.8942214176623122,wrong,,Niclosamide,0.975,21,21,exact,exact,Niclosamide,False,True,False,False,1.0,False,False,1,2,[H],,,O=C(Nc1ccc([N+](=O)[O-])cc1Cl)c1cc(Cl)ccc1O.[H] |^1:21|
nicorandil_cid47528,,,nicorandil_cid47528.png,high,high,0.8998102371064983,exact,Nicorandil,Nicorandil,1.0,15,15,exact,exact,Nicorandil,False,False,False,False,1.0,True,True,0,1,,,,O=C(NCCO[N+](=O)[O-])c1cccnc1
nikkomycin_x_cid194647,,,nikkomycin_x_cid194647.png,high,high,0.8593360579448428,wrong,,Nikkomycin X,1.0,35,35,exact,exact,Nikkomycin X,False,True,False,False,1.0,False,False,5,6,[H].[H].[H].[H].[H],,,"[H].[H].[H].[H].[H].[H]C(=O)c1cn(C2OC(C([H])(NC(=O)C(N)C(C)C(O)c3ccc(O)cn3)C(=O)O)C(O)C2O)c(=O)[nH]1 |^1:0,1,2,3,4|"
niludipine_cid89767,,,niludipine_cid89767.png,high,high,0.8804594140610866,wrong,,Niludipine,0.863,35,35,near,near,,False,False,False,False,0.863,False,False,0,1,,,,CCCOCCOC(=O)C1=C(C)NC(C)=C(C(=O)OCCOCCC)C1c1cccc([N+]([O-])[O-])c1 |^1:31|
nintedanib_esylate_cid135476717,,,nintedanib_esylate_cid135476717.png,high,high,0.9066472016130709,stereo,Nintedanib esylate,Nintedanib esylate,1.0,46,46,stereo,stereo,Nintedanib esylate,False,False,False,False,1.0,True,True,0,2,,,,CCS(=O)(=O)O.COC(=O)c1ccc2c(/C(=N/c3ccc(N(C)C(=O)CN4CCN(C)CC4)cc3)c3ccccc3)c(O)[nH]c2c1
nisoldipine_cid4499,,,nisoldipine_cid4499.png,high,high,0.8927231779058646,exact,Nisoldipine,Nisoldipine,1.0,28,28,exact,exact,Nisoldipine,False,False,False,False,1.0,True,True,0,1,,,,[H]N1C(C)=C(C(=O)OC)C(c2ccccc2[N+](=O)[O-])C(C(=O)OCC(C)C)=C1C
nitarsone_cid66826,,,nitarsone_cid66826.png,high,high,0.858837887802547,wrong,,Nitarsone,0.654,13,13,wrong,wrong,,False,False,False,False,0.654,False,False,1,1,,,,[H]O[As](=O)(O[H])c1ccc([N+](=O)O)cc1
nitric_oxide_cid145068,,,nitric_oxide_cid145068.png,low,low,0.769136357574026,wrong,,Nitric Oxide,0.2,2,2,wrong,wrong,,False,False,False,False,0.2,False,False,1,1,,,,N=O
nogalamycin_cid5289019,,,nogalamycin_cid5289019.png,low,low,0.08404073776083192,invalid,,,,,,invalid,invalid,,False,False,False,False,,False,,,,,,,[H]C12OC3(C)C4=CC(O)=C5C(=O)C6=C(C=C7C(=C6O)C(OC6OC(C)C(OC)C(C)(OC)C6OC)CC(C)(O)C7C(=O)OC)C(=O)C5=C4OC1[CH]2(O)C(N(C)C)C3O
norethandrolone_cid5858,,,norethandrolone_cid5858.png,low,low,0.7214148533607911,stereo,Norethandrolone,Norethandrolone,1.0,22,22,stereo,stereo,Norethandrolone,False,False,False,False,1.0,True,True,0,1,,,,[H][C@@]12CCC3=CC(=O)CC[C@@]3([H])[C@@]1([H])CC[C@]1(C)[C@](O)(CC)CC[C@@]21[H]
norucholic_acid_cid192254,,,norucholic_acid_cid192254.png,low,low,0.4689783791339407,invalid,,,,,,invalid,invalid,,False,False,False,False,,False,,,,,,,[H]OC1CCC2(C)C([H])(C1)CC(O[H])C13([H])[H]C14CCC([H])(C(C)CC(=O)O)C4(C)CCC23[H]
nosiheptide_cid16130051,,,nosiheptide_cid16130051.png,low,low,9.432155237988208e-26,invalid,,,,,,invalid,invalid,,False,False,False,False,,False,,,,,,,[H]OC1234=C5=C6(O)=C78C9%10=C%11%12%13=C9%14%15%16=C9=C%17%18=O=C%17C%17=C%19%20(=NC%21%22%23(O)=C%24%25=C%26%27%28%29(=C%21%30N%21C(=N%10%26(C=17%11%14)C=%15%218%12O%16CC(O)=CN1C78(=O)=C1%10%11%12%14=NC(=O)C(O)=CC1N%18C1(=O)(=O)N1C7%10%15C%117(=O)C%12(C)(O)C1%1578%14)C=%27(=CC1(=C(C)(=C7NC7=C978(=C(=CC)C=7=C8)S%17)CCSCCNC=N%19)=C%28(=CCO)=N1%24)=C%25=C=%22=%29%30)=C=%20%23(S%13)C2(O)=C(O)OC1=CC=5(O)(C6)C1=C1C2=C(C)(=C1(=O)N([H])([H])[H])N2[H])C(=C3)C4
novolimus_cid9854320,,,novolimus_cid9854320.png,low,low,0.07955006800017782,invalid,,,,,,invalid,invalid,,False,False,False,False,,False,,,,,,,[H]OC1CCC(CC(C)C2([H])CC(=O)C(C)C([H])=C(C)C(O)C(OC)C(=O)C(C)CC(C)C([H])C([H])=C([H])CC([H])([H])=C(C)C(O)CC3([H])CCC(C)C(O)(O3)C(=O)C(=O)N3CCCCC3([H])C(=O)O2)CC1OC
octapeptin_cid3084738,,,octapeptin_cid3084738.png,low,low,0.008236924194542921,invalid,,,,,,invalid,invalid,,False,False,False,False,,False,,,,,,,[H]NCCC1NC(=O)(=O)C(CC(C)C)NC2(=O)(=O)=O=C3(NCCC(C)C)C(CC(C)C)NC(=O)[CH]NC4=O=C(=O)(=O)(NC(CCN[H])C(=O)N[CH]32CC(C)C)C(CCN[H])NC(=O)([CH]NC(=O)CC(O)CCCCCCC)=O=C2([CH]NC23(=O)C2CC3C2NC(=O)C(CC(C)C)NC(=O)(=O)C(CCN)NC1=O)NC4CCN[H]
olinciguat_cid90445883,,,olinciguat_cid90445883.png,high,high,0.8901442281500227,exact,Olinciguat,Olinciguat,1.0,36,36,exact,exact,Olinciguat,False,False,False,False,1.0,True,True,0,1,,,,[H]N([H])C(=O)[C@](O)(CNc1nc(-c2cc(-c3ccon3)n(Cc3ccccc3F)n2)ncc1F)C(F)(F)F
olorigliflozin_cid122660464,,,olorigliflozin_cid122660464.png,low,low,0.6111925075058713,wrong,,Olorigliflozin,1.0,31,31,stereo,stereo,Olorigliflozin,False,True,False,False,1.0,False,False,3,4,[H].[H].[H],,,"CCOc1ccc(Cc2cc([C@]34OCC([C@@H](C)O)(O3)[C@@H](O)[C@H](O)[C@H]4O)ccc2Cl)cc1.[H].[H].[H] |^1:31,32,33|"
ontazolast_cid71458,,,ontazolast_cid71458.png,high,high,0.9089404233339069,exact,Ontazolast,Ontazolast,1.0,25,25,exact,exact,Ontazolast,False,False,False,False,1.0,True,True,0,1,,,,[H]N(c1nc2cc(C)ccc2o1)[C@@H](CC1CCCCC1)c1ccccn1
ormaplatin_cid6434704,,,ormaplatin_cid6434704.png,low,low,0.4634267016796449,wrong,,Ormaplatin,0.25,12,13,wrong,wrong,,False,False,False,False,0.25,False,False,3,1,,,,[H][N]1[C@]2([H])CCCC[C@@]2([H])[N]([H])[Pt+]1([Cl])([Cl])[Cl]
otamixaban_cid5496659,,,otamixaban_cid5496659.png,high,high,0.886193821557011,wrong,,Otamixaban,0.982,33,33,exact,exact,Otamixaban,False,True,False,False,1.0,False,False,4,3,[HH].[HH],,,[HH].[HH].[H]NC(=N)c1cccc(C[C@@H](C(=O)OC)[C@@H](C)NC(=O)c2ccc(-c3cc[n+]([O-])cc3)cc2)c1
otilonium_bromide_cid72092,,,otilonium_bromide_cid72092.png,high,high,0.9111017495604182,exact,Otilonium Bromide,Otilonium Bromide,1.0,36,36,exact,exact,Otilonium Bromide,False,False,False,False,1.0,True,True,0,2,,,,CCCCCCCCOc1ccccc1C(=O)Nc1ccc(C(=O)OCC[N+](C)(CC)CC)cc1.[Br-]
oxacillin_cid6196,,,oxacillin_cid6196.png,high,high,0.8776421182146689,wrong,,Oxacillin,0.683,29,28,wrong,wrong,,False,False,False,False,0.683,False,False,4,2,,,,[H]NC(=O)c1c(-c2ccccc2)noc1C.[H]N[C@@H]1C(=O)N2[C@@H](C(=O)O)C(C)(C)S[C@]12[H]
pamiparib_cid135565554,,,pamiparib_cid135565554.png,high,high,0.8556477217133257,exact,Pamiparib,Pamiparib,1.0,22,22,exact,exact,Pamiparib,False,False,False,False,1.0,True,True,0,1,,,,C[C@]12CCCN1CC1=NNC(=O)c3cc(F)cc4[nH]c2c1c34
pancuronium_bromide_cid27350,,,pancuronium_bromide_cid27350.png,low,low,0.7980238915217727,stereo,Pancuronium Bromide,Pancuronium Bromide,1.0,43,43,stereo,stereo,Pancuronium Bromide,False,False,False,False,1.0,True,True,0,3,,[Br-],,[Br-].[Br-].[H][C@@]12CC[C@@]3([H])[C@]([H])(CC[C@]4(C)[C@@H](OC(C)=O)[C@@]([H])([N+]5(C)CCCCC5)C[C@@]34[H])[C@@]1(C)C[C@]([H])([N+]1(C)CCCCC1)[C@@H](OC(C)=O)C2
pazufloxacin_cid65957,,,pazufloxacin_cid65957.png,high,high,0.8846021514323708,exact,Pazufloxacin,Pazufloxacin,1.0,23,23,exact,exact,Pazufloxacin,False,False,False,False,1.0,True,True,0,1,,,,[H]NC1(c2c(F)cc3c(=O)c(C(=O)O)cn4c3c2OC[C@@H]4C)CC1
pelabresib_cid118591411,,,pelabresib_cid118591411.png,high,high,0.8888985314338604,wrong,,Pelabresib,0.98,27,27,exact,exact,Pelabresib,False,True,False,False,1.0,False,False,2,4,[H].[H],,,"Cc1noc2c1-c1ccccc1C(c1ccc(Cl)cc1)=N[C@H]2CC(N)=O.O.[H].[H] |^1:27,28|"
penbutolol_cid37464,,,penbutolol_cid37464.png,high,high,0.8993794979256546,exact,Penbutolol,Penbutolol,1.0,21,21,exact,exact,Penbutolol,False,False,False,False,1.0,True,True,0,1,,,,CC(C)(C)NC[C@H](O)COc1ccccc1C1CCCC1
penicillin_v_cid6869,,,penicillin_v_cid6869.png,high,high,0.8878417958156443,exact,Penicillin V,Penicillin V,1.0,24,24,exact,exact,Penicillin V,False,False,False,False,1.0,True,True,0,1,,,,[H]N(C(=O)COc1ccccc1)[C@@H]1C(=O)N2[C@@H](C(=O)O)C(C)(C)S[C@]12[H]
pentamidine_isethionate_cid8813,,,pentamidine_isethionate_cid8813.png,low,low,0.2666400296467085,invalid,,,,,,invalid,invalid,,False,False,False,False,,False,,,,,,,O=S(=O)(O)C1(CO)C(O)CS1(=O)(=O)O.O=S(=O)(O)CCO.[H]N=C(N)C1=CC=C(OCCCCCOC2=CC=C(C(=N)N)C=C2)C=C1
peplomycin_cid6852373,,,peplomycin_cid6852373.png,low,low,0.003271759489031213,invalid,,,,,,invalid,invalid,,False,False,False,False,,False,,,,,,,CC(NCCCNC(=O)C1=CSC(C2=CSC(CCNCC(NC(=O)(=O)C(C)C(O)C(C)NC(=O)C(NC(=O)O)C3O[CH]4(OC(CO)C(O)C(O)(O)C4OC4OC(CO)C(O)C(OC(N)=O)C4O)C3NC=CN)C(C)O)=N2)=N1)C1=CC=CC=C1.NCC(=NC[CH]NCC(N)C(N)=O)C(=O)O
perfluoropropane_cid6432,,,perfluoropropane_cid6432.png,low,low,0.8428995238692405,exact,Perfluoropropane,Perfluoropropane,1.0,11,11,exact,exact,Perfluoropropane,False,False,False,False,1.0,True,True,0,1,,,,FC(F)(F)C(F)(F)C(F)(F)F
pevonedistat_cid16720766,,,pevonedistat_cid16720766.png,high,high,0.875764312606702,wrong,,Pevonedistat,1.0,31,31,exact,exact,Pevonedistat,False,True,False,False,1.0,False,False,3,4,[H].[H].[H],,,"NS(=O)(=O)OC[C@@H]1C[C@@H](n2ccc3c(N[C@H]4CCc5ccccc54)ncnc32)C[C@@H]1O.[H].[H].[H] |^1:31,32,33|"
pexidartinib_cid25151352,,,pexidartinib_cid25151352.png,high,high,0.8940790655477465,exact,Pexidartinib,Pexidartinib,1.0,29,29,exact,exact,Pexidartinib,False,False,False,False,1.0,True,True,0,1,,,,FC(F)(F)c1ccc(CNc2ccc(Cc3c[nH]c4ncc(Cl)cc34)cn2)cn1
pexiganan_cid16132253,,,pexiganan_cid16132253.png,low,low,1.198429333597985e-32,invalid,,,,,,invalid,invalid,,False,False,False,False,,False,,,,,,,*C[CH]1(C234O5C26[CH2]2C3(C)[CH]2564)O[CH]O2[CH]OC2OC2O[CH]3456789O[CH]%10%11(O[CH]%12%13(O[CH]O[CH]C(O)C(O)[CH]O[CH]O[CH]O[CH]O[CH]O[CH]O[CH]C(O)C(CCC)OCC)[CH]%14%15[CH]%16%17O%18C(O[CH])O%16%14%12C%18O%17%15%13)C%12(CC%103%13CC%114C%12%13)[CH]34%10%11O%12C35%13%14O4(C2%136OC(=O)(O)C2C1O2*)[CH]%127123O[CH]C1456CC(C4)(C5%1028)C6%14%1139 |$Me;;;;;;;;;;;;;;;;;;;;;;;;;;;;;;;;;;;;;;;;;;;;;;;;;;;;;;;;;;;;;;;;;;;;;;;;;;;;;;;;;Me;;;;;;;;;$|
phenazopyridine_hydrochloride_cid8691,,,phenazopyridine_hydrochloride_cid8691.png,high,high,0.8852307122389746,wrong,,Phenazopyridine hydrochloride,0.964,17,17,stereo,stereo,Phenazopyridine hydrochloride,False,True,False,False,1.0,False,False,1,3,[H],,,[H].[H]Cl.[H]Nc1ccc(/N=N/c2ccccc2)c(N[H])n1 |^1:0|
pheniramine_cid4761,,,pheniramine_cid4761.png,high,high,0.9132164049649047,exact,Pheniramine,Pheniramine,1.0,18,18,exact,exact,Pheniramine,False,False,False,False,1.0,True,True,0,1,,,,CN(C)CCC(c1ccccc1)c1ccccn1
phenoxyethanol_cid31236,,,phenoxyethanol_cid31236.png,high,high,0.8453757490981103,exact,Phenoxyethanol,Phenoxyethanol,1.0,10,10,exact,exact,Phenoxyethanol,False,False,False,False,1.0,True,True,0,1,,,,[H]OCCOc1ccccc1
phenylmercuric_nitrate_cid16682924,,,phenylmercuric_nitrate_cid16682924.png,high,high,0.8526570686923576,exact,Phenylmercuric Nitrate,Phenylmercuric Nitrate,1.0,11,11,exact,exact,Phenylmercuric Nitrate,False,False,False,False,1.0,True,True,0,1,,,,O=[N+]([O-])[O][Hg][c]1ccccc1
pidotimod_cid65944,,,pidotimod_cid65944.png,high,high,0.8865213107935761,exact,Pidotimod,Pidotimod,1.0,16,16,exact,exact,Pidotimod,False,False,False,False,1.0,True,True,0,1,,,,[H]OC(=O)[C@@H]1CSCN1C(=O)[C@@H]1CCC(=O)N1[H]
pimodivir_cid67286591,,,pimodivir_cid67286591.png,low,low,0.8312699496068954,exact,Pimodivir,Pimodivir,1.0,29,29,exact,exact,Pimodivir,False,False,False,False,1.0,True,True,0,1,,,,O=C(O)[C@H]1C2CCC(CC2)[C@@H]1Nc1nc(-c2c[nH]c3ncc(F)cc23)ncc1F
piperaquine_cid122262,,,piperaquine_cid122262.png,high,high,0.9111383068807265,exact,Piperaquine,Piperaquine,1.0,37,37,exact,exact,Piperaquine,False,False,False,False,1.0,True,True,0,1,,,,Clc1ccc2c(N3CCN(CCCN4CCN(c5ccnc6cc(Cl)ccc56)CC4)CC3)ccnc2c1
pirarubicin_cid11296583,,,pirarubicin_cid11296583.png,high,high,0.8788623585253894,exact,Pirarubicin,Pirarubicin,1.0,45,45,exact,exact,Pirarubicin,False,False,False,False,1.0,True,True,0,1,,,,[H]N[C@H]1C[C@H](O[C@H]2C[C@](O)(C(=O)CO)Cc3c(O[H])c4c(c(O)c32)C(=O)c2c(OC)cccc2C4=O)O[C@@H](C)[C@H]1O[C@@H]1CCCCO1
piroctone_olamine_cid50258,,,piroctone_olamine_cid50258.png,high,high,0.8822379781521387,wrong,,Piroctone Olamine,0.975,21,21,exact,exact,Piroctone Olamine,False,True,False,False,1.0,False,False,1,3,[H],,,Cc1cc(CC(C)CC(C)(C)C)n(O)c(=O)c1.[H].[H]NCCO |^1:17|
planosporicin_cid139586698,,,planosporicin_cid139586698.png,low,low,3.8505125631894e-09,invalid,,,,,,invalid,invalid,,False,False,False,False,,False,,,,,,,O.O.[H]C123[SH]4C567=O=C589=O=C5%10(=O)(NC(=O)(=O)CC%11=CNC%12=CC=CC=C%11%12)[CH]%11%12NC%13%14=O=C(=O)(NCCNCC(N)[CH]CC)(C%1368(=O=%14)NC168(C(=O)NCCC(=O)O)C2(=O)(NCCC(=O)O)C436([H])N812CC1(NC13(=O)N4(C6(C)(O)CC6O)C168C1SCCC%13CSC6[CH]14836C1(NC3(=O)=O=C3N)=O=C%1316)C2(=O)NC=O)[CH]51(C(C)C)(NC%111=O)[CH]%12%10(C(C)C)N79
plinabulin_cid9949641,,,plinabulin_cid9949641.png,high,high,0.8797909405902632,exact,Plinabulin,Plinabulin,1.0,25,25,exact,exact,Plinabulin,False,False,False,False,1.0,True,True,0,1,,,,[H]/C(c1ccccc1)=c1/[nH]c(=O)/c(=C(\[H])c2nc[nH]c2C(C)(C)C)[nH]c1=O
plocabulin_cid57788271,,,plocabulin_cid57788271.png,low,low,0.3805432134254381,stereo,Plocabulin,Plocabulin,1.0,41,41,stereo,stereo,Plocabulin,False,False,False,False,1.0,True,True,0,1,,,,[H]NC(=O)O[C@@H](C/C([H])=C\C)C/C([H])=C\NC(=O)[C@H](NC(=O)/C([H])=C([H])\C([H])=C([H])/C(C)=C(\[H])[C@H](C)[C@@]1([H])CC=C(OC)C(=O)O1)C(C)(C)C
pneumocandin_b_0_cid16119739,,,pneumocandin_b_0_cid16119739.png,low,low,4.509536804303375e-07,invalid,,,,,,invalid,invalid,,False,False,False,False,,False,,,,,,,[H]C12C(=O)NC(O)C(O)CC(NCCCCCCCCC[CH]C[CH]CC)C3NC456789C%10OC%11C(=O)N[CH]%12(C(=O)NC(C(O)CC(N)=O)C(=O)N1CCC2O)C(O)[CH]1(O)C2=C(=C%13(=CC=C(O)C=C%13)C(O)[CH]1%12O[CH]1%12(C%11C(O)CC%10=O)C%10[CH]%11(O)CC%11C14(O)C51(N36)C%10%127(O)C1834=O=C39=O=4)C=C(O)C=C2
pnu_159682_cid9874188,,,pnu_159682_cid9874188.png,low,low,0.6625233430829564,stereo,Pnu-159682,Pnu-159682,1.0,46,46,stereo,stereo,Pnu-159682,False,False,False,False,1.0,True,True,0,1,,,,[H][C@@]12O[C@]3([H])[C@H](C)O[C@@H](O[C@H]4C[C@](O)(C(=O)CO)Cc5c(O)c6c(c(O)c54)C(=O)c4c(OC)cccc4C6=O)C[C@]3([H])N1CCO[C@@H]2OC
potassium_permanganate_cid516875,,,potassium_permanganate_cid516875.png,low,low,0.6951506078788944,invalid,,,,,,invalid,invalid,,False,False,False,False,,False,,,,,,,<invalid>
povorcitinib_cid86280672,,,povorcitinib_cid86280672.png,high,high,0.9001786015316681,wrong,,Povorcitinib,0.986,36,36,exact,exact,Povorcitinib,False,True,False,False,1.0,False,False,1,2,[H],,,Cc1n[nH]c(C)c1-c1cnn(C2(CC#N)CN(c3cc(F)c(C(=O)N[C@@H](C)C(F)(F)F)cc3F)C2)c1.[H] |^1:36|
practolol_cid4883,,,practolol_cid4883.png,high,high,0.8783335999058008,exact,Practolol,Practolol,1.0,19,19,exact,exact,Practolol,False,False,False,False,1.0,True,True,0,1,,,,CC(=O)Nc1ccc(OCC(O)CNC(C)C)cc1
pralatrexate_cid148121,,,pralatrexate_cid148121.png,high,high,0.8978195717826093,wrong,,Pralatrexate,0.984,35,35,exact,exact,Pralatrexate,False,True,False,False,1.0,False,False,3,4,[H].[H].[H],,,"[H].[H].[H].[H]Nc1nc(N)nc2ncc(CC([H])(CC#C)c3ccc(C(=O)N[C@@H](CCC(=O)O)C(=O)O)cc3)nc12 |^1:0,1,2|"
pralidoxime_chloride_cid135445761,,,pralidoxime_chloride_cid135445761.png,high,high,0.8884611890731644,exact,Pralidoxime Chloride,Pralidoxime Chloride,1.0,11,11,exact,exact,Pralidoxime Chloride,False,False,False,False,1.0,True,True,0,2,,,,[Cl-].[H]O/N=C(\[H])c1cccc[n+]1C
pramiconazole_cid3013050,,,pramiconazole_cid3013050.png,low,low,0.7088784558764244,exact,Pramiconazole,Pramiconazole,1.0,48,48,exact,exact,Pramiconazole,False,False,False,False,1.0,True,True,0,1,,,,CC(C)N1CCN(c2ccc(N3CCN(c4ccc(OC[C@H]5OC[C@](Cn6cncn6)(c6ccc(F)cc6F)O5)cc4)CC3)cc2)C1=O
pranlukast_cid4887,,,pranlukast_cid4887.png,high,high,0.9145463489614003,exact,Pranlukast,Pranlukast,1.0,36,36,exact,exact,Pranlukast,False,False,False,False,1.0,True,True,0,1,,,,O=C(Nc1cccc2c(=O)cc(-c3nn[nH]n3)oc12)c1ccc(OCCCCc2ccccc2)cc1
procaterol_cid688563,,,procaterol_cid688563.png,high,high,0.8941934094521048,exact,Procaterol,Procaterol,1.0,21,21,exact,exact,Procaterol,False,False,False,False,1.0,True,True,0,1,,,,[H]O[C@@H](c1ccc(O)c2c1ccc(=O)n2[H])[C@@H](CC)N([H])C(C)C
procyclidine_cid4919,,,procyclidine_cid4919.png,high,high,0.9112213434673494,exact,Procyclidine,Procyclidine,1.0,21,21,exact,exact,Procyclidine,False,False,False,False,1.0,True,True,0,1,,,,[H]OC(CCN1CCCC1)(c1ccccc1)C1CCCCC1
propiverine_cid4942,,,propiverine_cid4942.png,high,high,0.9060150901325296,exact,Propiverine,Propiverine,1.0,27,27,exact,exact,Propiverine,False,False,False,False,1.0,True,True,0,1,,,,CCCOC(C(=O)OC1CCN(C)CC1)(c1ccccc1)c1ccccc1
protirelin_cid638678,,,protirelin_cid638678.png,high,high,0.843873356609475,wrong,,Protirelin,0.966,26,26,exact,exact,Protirelin,False,True,False,False,1.0,False,False,4,4,[HH].[H].[H],,,"NC(=O)[C@@H]1CCCN1C(=O)[C@H](Cc1cnc[nH]1)NC(=O)[C@@H]1CCC(=O)N1.[HH].[H].[H] |^1:27,28|"
proxyphylline_cid4977,,,proxyphylline_cid4977.png,high,high,0.9029475013025917,exact,Proxyphylline,Proxyphylline,1.0,17,17,exact,exact,Proxyphylline,False,False,False,False,1.0,True,True,0,1,,,,[H]C(C)(O)Cn1cnc2c1c(=O)n(C)c(=O)n2C
pyridostigmine_bromide_cid7550,,,pyridostigmine_bromide_cid7550.png,high,high,0.9079140100611813,exact,Pyridostigmine Bromide,Pyridostigmine Bromide,1.0,14,14,exact,exact,Pyridostigmine Bromide,False,False,False,False,1.0,True,True,0,2,,,,CN(C)C(=O)Oc1ccc[n+](C)c1.[Br-]
radotinib_cid16063245,,,radotinib_cid16063245.png,high,high,0.9044210775169449,exact,Radotinib,Radotinib,1.0,39,39,exact,exact,Radotinib,False,False,False,False,1.0,True,True,0,1,,,,Cc1cn(-c2cc(NC(=O)c3ccc(C)c(Nc4nccc(-c5cnccn5)n4)c3)cc(C(F)(F)F)c2)cn1
ravidasvir_cid52918888,,,ravidasvir_cid52918888.png,low,low,0.7316576699191962,invalid,,,,,,invalid,invalid,,False,False,False,False,,False,,,,,,,[H]C1(C2=NC=C(C3=CC4=C(C=C3)C=C(C3=CC5=C(C=C3)N=C(C3CCCN3C(=O)(=O)C(NC(=O)OC)C(C)C)N5)C=C4)N2)CCCN1C(=O)C(NC(=O)OC)C(C)C
refametinib_cid44182295,,,refametinib_cid44182295.png,high,high,0.8929741706172981,wrong,,Refametinib,0.983,31,31,exact,exact,Refametinib,False,True,False,False,1.0,False,False,1,2,[H],,,[H].[H]OC[C@@H](O)CC1(S(=O)(=O)Nc2c(OC)cc(F)c(F)c2Nc2ccc(I)cc2F)CC1 |^1:0|
resminostat_cid11609955,,,resminostat_cid11609955.png,high,high,0.8855938607656223,wrong,,Resminostat,0.978,24,24,exact,exact,Resminostat,False,True,False,False,1.0,False,False,1,2,[H],,,[H].[H]/C(C(=O)NO)=C(/[H])c1ccn(S(=O)(=O)c2ccc(CN(C)C)cc2)c1 |^1:0|
retinol_palmitate_cid5280531,,,retinol_palmitate_cid5280531.png,high,high,0.8494487533000912,wrong,,Retinol Palmitate,0.508,27,38,wrong,wrong,,False,False,False,False,0.508,False,False,27,1,,,,[H]/C(C)=C([H])/C=C([H])/C(C)=C/COC(=O)CCCCCCCCCCCCCCC
riboflavin_cid493570,,,riboflavin_cid493570.png,high,high,0.8819660807403157,exact,Riboflavin,Riboflavin,1.0,27,27,exact,exact,Riboflavin,False,False,False,False,1.0,True,True,0,1,,,,[H]O[C@H]([C@H](O)CO)[C@@H](O)Cn1c2nc(=O)[nH]c(=O)c-2nc2cc(C)c(C)cc21
ridaforolimus_cid11520894,,,ridaforolimus_cid11520894.png,low,low,2.691004822655277e-05,invalid,,,,,,invalid,invalid,,False,False,False,False,,False,,,,,,,[H]C(=CC)C(C)CCC1([H])OC(=O)C2([H])CCCCN2C(=O)C(=O)C23(O)OC4([H])C[CH]56(OC)C(C)=C7([H])C(O7C)C7([H])=C89%10[H]C=7%11%12([H])(=C8[H])C97C8[CH]9%13%14C(C1C)[CH]81%15C9[CH]89(OC)C%131[CH]1(OC)[CH]8%13OP(C)(C)=O=P(C)(C)(=O)O[CH]19(C%13%11C=C([H])=C5(C)=C(OC)C6C4([H])(CCC2C)O3)C%10%12C7%14%15
rilmenidine_cid68712,,,rilmenidine_cid68712.png,high,high,0.8491126476096719,exact,Rilmenidine,Rilmenidine,1.0,13,13,exact,exact,Rilmenidine,False,False,False,False,1.0,True,True,0,1,,,,C1COC(NC(C2CC2)C2CC2)=N1
rilpivirine_cid6451164,,,rilpivirine_cid6451164.png,high,high,0.8845462941365696,wrong,,Rilpivirine,0.979,28,28,exact,exact,Rilpivirine,False,True,False,False,1.0,False,False,2,3,[H].[H],,,"[H].[H].[H]/C(C#N)=C(/[H])c1cc(C)c(Nc2ccnc(Nc3ccc(C#N)cc3)n2)c(C)c1 |^1:0,1|"
rimexolone_cid5311412,,,rimexolone_cid5311412.png,low,low,0.8356625068006526,exact,Rimexolone,Rimexolone,1.0,27,27,exact,exact,Rimexolone,False,False,False,False,1.0,True,True,0,1,,,,[H]O[C@H]1C[C@@]2(C)[C@@]([H])(C[C@@H](C)[C@]2(C)C(=O)CC)[C@]2([H])CCC3=CC(=O)C=C[C@]3(C)[C@@]12[H]
rimocidin_cid6440843,,,rimocidin_cid6440843.png,low,low,0.6016661816080849,wrong,,Rimocidin,1.0,54,54,stereo,stereo,Rimocidin,False,True,False,False,1.0,False,False,3,4,[H].[H].[H],,,"[H].[H].[H].[H]N[C@@H]1[C@H](O)[C@@H](O[C@@H]2C[C@]3([H])O[C@](O)(C[C@@H](O)CCCC(=O)C[C@@H](O)[C@H](CC)C(=O)O[C@H](CCC)C/C([H])=C([H])/C([H])=C([H])/C([H])=C([H])/C([H])=C/2[H])C[C@@H](O)[C@H]3C(=O)O)O[C@H](C)[C@H]1O |^1:0,1,2|"
rintatolimod_cid135537060,,,rintatolimod_cid135537060.png,low,low,0.5014718121868488,wrong,,Rintatolimod,0.872,74,65,near,near,,False,False,False,False,0.872,False,False,33,15,[H].[H],O.O.O.O.O.OPO.OPO,,"Nc1ccn([C@@H]2O[C@H](CO)[C@H](O)[C@H]2O)c(=O)n1.O.O.O.O.O.O.O=c1[nH]cnc2c1ncn2[C@H]1O[C@H](COP(=O)(O)O)[C@H](O)[C@@H]1O.O=c1ccn([C@@H]2O[C@H](CO)[C@H](O)[C@@H]2O)c(=O)[nH]1.OP.OPO.OPO.OPO.[H].[H] |^1:74,75|"
rintodestrant_cid129205616,,,rintodestrant_cid129205616.png,high,high,0.8988521765941941,wrong,,Rintodestrant,0.982,33,33,exact,exact,Rintodestrant,False,True,False,False,1.0,False,False,2,2,[HH],,,[HH].[H]/C(C(=O)O)=C(/[H])c1ccc(Oc2c(C(=O)c3c(C)cc(F)cc3C)sc3cc(O)ccc23)cc1
ritobegron_cid9820882,,,ritobegron_cid9820882.png,high,high,0.8919649829530361,wrong,,Ritobegron,0.96,27,27,exact,exact,Ritobegron,False,True,False,False,1.0,False,False,3,3,[HH].[H],,,Cc1cc(OCC(=O)O)c(C)cc1CCN[C@@H](C)[C@H](O)c1ccc(O)cc1.[HH].[H] |^1:28|
ritodrine_cid33572,,,ritodrine_cid33572.png,high,high,0.8822732437720857,wrong,,Ritodrine,0.968,21,21,exact,exact,Ritodrine,False,True,False,False,1.0,False,False,2,3,[H].[H],,,"[H].[H].[H]Oc1ccc(CCN[C@@H](C)[C@H](O[H])c2ccc(O)cc2)cc1 |^1:0,1|"
riviciclib_cid24887371,,,riviciclib_cid24887371.png,high,high,0.8876697740692456,wrong,,Riviciclib,0.982,28,28,exact,exact,Riviciclib,False,True,False,False,1.0,False,False,3,4,[H].[H].[H],,,"[H].[H].[H].[H][C@]1(c2c(O)cc(O)c3c(=O)cc(-c4ccccc4Cl)oc23)CCN(C)[C@@H]1CO |^1:0,1,2|"
roscovitine_cid160355,,,roscovitine_cid160355.png,high,high,0.8938036440306293,exact,Roscovitine,Roscovitine,1.0,26,26,exact,exact,Roscovitine,False,False,False,False,1.0,True,True,0,1,,,,[H]OC[C@@H](CC)Nc1nc(N([H])Cc2ccccc2)c2ncn(C(C)C)c2n1
roxarsone_cid5104,,,roxarsone_cid5104.png,high,high,0.8730367528741746,wrong,,Roxarsone,0.964,14,14,exact,exact,Roxarsone,False,True,False,False,1.0,False,False,1,2,[H],,,O=[N+]([O-])c1cc([As](=O)(O)O)ccc1O.[H] |^1:14|
roxatidine_cid91276,,,roxatidine_cid91276.png,high,high,0.8944571242482682,wrong,,Roxatidine,0.978,22,22,exact,exact,Roxatidine,False,True,False,False,1.0,False,False,4,3,[HH].[HH],,,O=C(CO)NCCCOc1cccc(CN2CCCCC2)c1.[HH].[HH]
rubitecan_cid472335,,,rubitecan_cid472335.png,high,high,0.8954341487553759,exact,Rubitecan,Rubitecan,1.0,29,29,exact,exact,Rubitecan,False,False,False,False,1.0,True,True,0,1,,,,CC[C@@]1(O)C(=O)OCc2c1cc1n(c2=O)Cc2cc3c([N+](=O)[O-])cccc3nc2-1
ruboxistaurin_cid153999,,,ruboxistaurin_cid153999.png,low,low,0.8353211710657782,exact,Ruboxistaurin,Ruboxistaurin,1.0,35,35,exact,exact,Ruboxistaurin,False,False,False,False,1.0,True,True,0,1,,,,CN(C)C[C@@H]1CCn2cc(c3ccccc32)C2=C(C(=O)NC2=O)c2cn(c3ccccc23)CCO1
runcaciguat_cid134440946,,,runcaciguat_cid134440946.png,high,high,0.8873315519618473,exact,Runcaciguat,Runcaciguat,1.0,32,32,exact,exact,Runcaciguat,False,False,False,False,1.0,True,True,0,1,,,,C[C@H]([C@H](C(=O)Nc1cc([C@@H](CC(=O)O)C2CC2)ccc1Cl)c1ccc(Cl)cc1)C(F)(F)F
saffan_cid24732,,,saffan_cid24732.png,low,low,0.1039806879131178,invalid,,,,,,invalid,invalid,,False,False,False,False,,False,,,,,,,[H]C12CCC3([H])C4([H])CCC(C(C)=O)C4(C)CC(=O)C3([H])C1(C)CCC(O)C2.[H]C12CCC34([H])[H]C35CCC(C(=O)COC(C)=O)C5(C)CC(=O)C4([H])C1(C)CCC(O)C2
salacinol_cid6451151,,,salacinol_cid6451151.png,high,high,0.8748697428709298,wrong,,Salacinol,1.0,20,20,exact,exact,Salacinol,False,True,False,False,1.0,False,False,2,3,[H].[H],,,"[H].[H].[H]O[C@@H]1C[S+](C[C@@H](O)[C@H](CO)OS(=O)(=O)[O-])[C@H](CO)[C@H]1O |^1:0,1|"
sarcosine_cid1088,,,sarcosine_cid1088.png,high,high,0.8693055700873815,exact,Sarcosine,Sarcosine,1.0,6,6,exact,exact,Sarcosine,False,False,False,False,1.0,True,True,0,1,,,,[H]OC(=O)CN([H])C
sarpogrelate_cid5160,,,sarpogrelate_cid5160.png,high,high,0.9199782956896908,exact,Sarpogrelate,Sarpogrelate,1.0,31,31,exact,exact,Sarpogrelate,False,False,False,False,1.0,True,True,0,1,,,,COc1cccc(CCc2ccccc2OCC(CN(C)C)OC(=O)CCC(=O)O)c1
seglitide_cid5311430,,,seglitide_cid5311430.png,low,low,0.5125189670083884,invalid,,,,,,invalid,invalid,,False,False,False,False,,False,,,,,,,CC(=O)C1NC(=O)C(CCCCN)NC(=O)C(CC2=CNC3=CC=CC=C23)NC(=O)C(CC2=CC=C(O)C=C2)NC[CH](C)(C)N(C)C(=O)C(CC2=CC=CC=C2)NC1=O.[HH].[HH].[HH].[H].[H].[H].[H]
selenium_disulfide_cid24087,,,selenium_disulfide_cid24087.png,low,low,0.6391528857822123,wrong,,Selenium disulfide,0.2,5,3,wrong,wrong,,False,False,False,False,0.2,False,False,2,1,,,,S=C=[Se]=C=S
seletalisib_cid56928390,,,seletalisib_cid56928390.png,high,high,0.8523633430487437,wrong,,Seletalisib,0.588,24,34,wrong,wrong,,False,False,False,False,0.588,False,False,13,1,,,,[H]N[C@H](c1cc2cccc(Cl)c2nc1-c1ccc[n+]([O-])c1)C(F)(F)F
semduramicin_cid71327,,,semduramicin_cid71327.png,low,low,0.06425210308963496,invalid,,,,,,invalid,invalid,,False,False,False,False,,False,,,,,,,[H].[H].[H].[H]OC1(CC(=O)O)OC([H])(C(C)C2OC3(CCC4([H])([H]C45CC4C(C)(O5)C5([H])OC([H])(C6([H])OC(C)(O)C(C)CC6C)C[CH]45OC4CCC(OC)C(C)O4)O3)CC(O)C2C)C(OC)C(O)C1C
serlopitant_cid23653789,,,serlopitant_cid23653789.png,high,high,0.9058090429253182,stereo,Serlopitant,Serlopitant,1.0,39,39,stereo,stereo,Serlopitant,False,False,False,False,1.0,True,True,0,1,,,,[H][C@]12CC[C@H](O[C@H](C)c3cc(C(F)(F)F)cc(C(F)(F)F)c3)[C@@H](c3ccc(F)cc3)[C@@]1([H])CN(C1=CC(=O)CC1)C2
setipiprant_cid49843471,,,setipiprant_cid49843471.png,high,high,0.8811021409617058,exact,Setipiprant,Setipiprant,1.0,30,30,exact,exact,Setipiprant,False,False,False,False,1.0,True,True,0,1,,,,O=C(O)Cn1c2c(c3cc(F)ccc31)CN(C(=O)c1cccc3ccccc13)CC2
simeprevir_cid24873435,,,simeprevir_cid24873435.png,low,low,0.2012432712101107,invalid,,,,,,invalid,invalid,,False,False,False,False,,False,,,,,,,[H]C1=C([H])C2([H])CC23(C(=O)NS(=O)(=O)C2CC2)CN3C(=O)C2([H])CC(OC3=CC(C4=NC(C(C)C)=CS4)=NC4=C3C=CC(OC)=C4C)CC2([H])C(=O)(=O)NCCCC1
simfibrate_cid5217,,,simfibrate_cid5217.png,high,high,0.8832874867094513,exact,Simfibrate,Simfibrate,1.0,31,31,exact,exact,Simfibrate,False,False,False,False,1.0,True,True,0,1,,,,CC(C)(Oc1ccc(Cl)cc1)C(=O)OCCCOC(=O)C(C)(C)Oc1ccc(Cl)cc1
sinefungin_cid65482,,,sinefungin_cid65482.png,high,high,0.8766483966134967,wrong,,Sinefungin,0.981,27,27,exact,exact,Sinefungin,False,True,False,False,1.0,False,False,8,8,[HH].[H].[H].[H].[H].[H].[H],,,"Nc1ncnc2c1ncn2[C@@H]1O[C@H](C[C@@H](N)CC[C@H](N)C(=O)O)[C@@H](O)[C@H]1O.[HH].[H].[H].[H].[H].[H].[H] |^1:28,29,30,31,32,33|"
sm_102_cid126697616,,,sm_102_cid126697616.png,high,high,0.8595416420580305,wrong,,SM-102,0.206,49,50,wrong,wrong,,False,False,False,False,0.206,False,False,18,1,,,,*CCC(CCCCCCCC(=C)NC(CCCCCCCC)CCCCCCCC)CCCCCC(C)NCCCCCCCCCCC |$Bn;;;;;;;;;;;;;;;;;;;;;;;;;;;;;;;;;;;;;;;;;;;;;;;;;$|
sodium_arsenite_cid443495,,,sodium_arsenite_cid443495.png,low,low,0.8278469068638996,wrong,,Sodium Arsenite,0.231,4,4,wrong,wrong,,False,False,False,False,0.231,False,True,0,1,,,,"O=[As][O-][Na+] |3,C:2.2|"
sodium_butyrate_cid5222465,,,sodium_butyrate_cid5222465.png,low,low,0.8356307768061898,wrong,,Sodium Butyrate,0.391,7,7,wrong,wrong,,False,False,False,False,0.391,False,True,0,1,,,,"CCCC(=O)[O-][Na+] |6,C:5.5|"
sodium_fluoride_cid5235,,,sodium_fluoride_cid5235.png,low,low,0.5462019786361398,wrong,,Sodium Fluoride,0.0,2,2,wrong,wrong,,False,False,False,False,0.0,False,False,0,1,,,,[F][Na+] |1|
sodium_perborate_cid517072,,,sodium_perborate_cid517072.png,low,low,0.8417229112084009,wrong,,Sodium Perborate,0.294,5,5,wrong,wrong,,False,False,False,False,0.294,False,False,0,1,,,,O=BO[O][Na+] |4|
sodium_phenylbutyrate_cid5258,,,sodium_phenylbutyrate_cid5258.png,low,low,0.7156872185587437,wrong,,Sodium Phenylbutyrate,0.562,13,13,wrong,wrong,,False,False,False,False,0.562,False,False,0,1,,,,O=C(CCCc1ccccc1)[O][Na+] |12|
sodium_pyruvate_cid23662274,,,sodium_pyruvate_cid23662274.png,high,high,0.8715985800213576,wrong,,Sodium pyruvate,0.316,7,7,wrong,wrong,,False,False,False,False,0.316,False,True,0,1,,,,"CC(=O)C(=O)[O-][Na+] |6,C:5.5|"
sodium_selenate_cid25960,,,sodium_selenate_cid25960.png,low,low,0.8242025825562795,wrong,,Sodium Selenate,0.462,8,7,wrong,wrong,,False,False,False,False,0.462,False,False,1,3,,[Na+],,O=[Se](=O)([O-])[O][Na+].[Na+].[Na+] |5|
sodium_tetrathionate_dihydrate_6ci_7ci_cid203055,,,sodium_tetrathionate_dihydrate_6ci_7ci_cid203055.png,low,low,0.8340169703391807,wrong,,"Sodium tetrathionate, dihydrate (6CI,7CI)",0.667,14,14,salt,salt,"Sodium tetrathionate, dihydrate (6CI,7CI)",False,True,True,False,0.706,False,False,3,7,[H].[H],O.[Na+],,"O=S(=O)([O-])SSS(=O)(=O)O.[H].[H].[H]O.[H]O.[Na+].[Na+] |^1:10,11|"
sodium_thiocyanate_cid516871,,,sodium_thiocyanate_cid516871.png,high,high,0.8761535151492092,wrong,,Sodium thiocyanate,0.231,4,4,wrong,wrong,,False,False,False,False,0.231,False,False,0,1,,,,N#C[S][Na+] |3|
sorangicin_a_cid657059,,,sorangicin_a_cid657059.png,low,low,1.385271473473997e-20,invalid,,,,,,invalid,invalid,,False,False,False,False,,False,,,,,,,[H]O[CH]123C4=C1C15([H])=C26=C127=CC18([H])=C[CH]9%10%11C%12=C%13O[CH]%129%14%15%16C9=C%12=C%14%17%18(=C([H])C=%17%14([H])([H])[H]C%14=C([H])C([H])=C%13[H])[CH]9%13(C=C9C%12C9%15)O%169C%12([H])([H])C(C(C)CCCC([H])=O)[CH]9%12%13%18%14%15(C)OC9CC9C=1C=8([H])=CC([H])(=C4)=C([H])(=CC%10OC%11C([H])C([H])=C([H])C([H])=C([H])C1([H])([H])=C%1448=C19[H][CH]94%15(C)[H]8)[CH]2([H])O6C=573=O
spiramycin_ii_cid49787020,,,spiramycin_ii_cid49787020.png,low,low,0.02050932655386672,invalid,,,,,,invalid,invalid,,False,False,False,False,,False,,,,,,,[H]C(=O)C[CH]12(CC([H])=O)C[CH][CH]3(O[CH]O[CH]C)C([H])=C([H])C([H])=C([H])CC4C[CH](C)(CC([H])=C([H])C([H])=C3[H])OC(=O)CC(OC(C)=O)[CH]35(OC)[CH](OC(C)=O)(CC(=O)O4)[CH]4(OC)[CH]13O[CH]425OC1OC(C)C(OC2CC(C)(O)C(O)C(C)O2)C(N(C)C)C1O
spirapril_cid5311447,,,spirapril_cid5311447.png,high,high,0.8768638756913544,exact,Spirapril,Spirapril,1.0,31,31,exact,exact,Spirapril,False,False,False,False,1.0,True,True,0,1,,,,CCOC(=O)[C@H](CCc1ccccc1)N[C@@H](C)C(=O)N1CC2(C[C@H]1C(=O)O)SCCS2
stibophen_cid16683008,,,stibophen_cid16683008.png,low,low,0.7181514160204576,wrong,,Stibophen,0.951,34,45,near,near,,False,False,False,False,0.951,False,False,14,17,[H].[H].[H].[H].[H].[H].[H].[H].[H].[H].[H].[H].[H].[H].[H],,,"O.O=S(=O)([O-])c1cc([O][Sb]2[O]c3cc(S(=O)(=O)[O-])cc(S(=O)(=O)[O-])c3[O]2)c([O-])c(S(=O)(=O)[O-])c1.[H].[H].[H].[H].[H].[H].[H].[H].[H].[H].[H].[H].[H].[H].[H] |^1:34,35,36,37,38,39,40,41,42,43,44,45,46,47,48|"
stop_cid24550,,,stop_cid24550.png,low,low,0.7549536165430062,exact,Stop,Stop,1.0,3,3,exact,exact,Stop,False,False,False,False,1.0,True,True,0,1,,,,[F][Sn][F] |^2:1|
succinylcholine_chloride_cid22475,,,succinylcholine_chloride_cid22475.png,high,high,0.8836071299444348,exact,Succinylcholine Chloride,Succinylcholine Chloride,1.0,22,22,exact,exact,Succinylcholine Chloride,False,False,False,False,1.0,True,True,0,3,,[Cl-],,C[N+](C)(C)CCOC(=O)CCC(=O)OCC[N+](C)(C)C.[Cl-].[Cl-]
sulfasalazine_cid5339,,,sulfasalazine_cid5339.png,high,high,0.8991447156311191,wrong,,Sulfasalazine,0.957,28,28,stereo,stereo,Sulfasalazine,False,True,False,False,1.0,False,False,3,3,[HH].[H],,,O=C(O)c1cc(/N=N/c2ccc(S(=O)(=O)Nc3ccccn3)cc2)ccc1O.[HH].[H] |^1:29|
sulfinpyrazone_cid5342,,,sulfinpyrazone_cid5342.png,high,high,0.9108965457024872,exact,Sulfinpyrazone,Sulfinpyrazone,1.0,29,29,exact,exact,Sulfinpyrazone,False,False,False,False,1.0,True,True,0,1,,,,O=C1C(CCS(=O)c2ccccc2)C(=O)N(c2ccccc2)N1c1ccccc1
sutezolid_cid465951,,,sutezolid_cid465951.png,high,high,0.8986515636286119,exact,Sutezolid,Sutezolid,1.0,24,24,exact,exact,Sutezolid,False,False,False,False,1.0,True,True,0,1,,,,CC(=O)NC[C@H]1CN(c2ccc(N3CCSCC3)c(F)c2)C(=O)O1
suvorexant_cid24965990,,,suvorexant_cid24965990.png,high,high,0.9019883491073072,exact,Suvorexant,Suvorexant,1.0,32,32,exact,exact,Suvorexant,False,False,False,False,1.0,True,True,0,1,,,,Cc1ccc(-n2nccn2)c(C(=O)N2CCN(c3nc4cc(Cl)ccc4o3)CC[C@H]2C)c1
suzetrigine_cid156445116,,,suzetrigine_cid156445116.png,low,low,0.7934475175613322,wrong,,Suzetrigine,1.0,33,33,stereo,stereo,Suzetrigine,False,True,False,False,1.0,False,False,1,2,[H],,,[H].[H]NC(=O)c1cc(NC(=O)[C@@H]2O[C@@](C)(C(F)(F)F)[C@@H](C)[C@]2([H])c2ccc(F)c(F)c2OC)ccn1 |^1:0|
taurine_cid1123,,,taurine_cid1123.png,high,high,0.8472215214070444,exact,Taurine,Taurine,1.0,7,7,exact,exact,Taurine,False,False,False,False,1.0,True,True,0,1,,,,[H]OS(=O)(=O)CCN([H])[H]
tazarotene_cid5381,,,tazarotene_cid5381.png,high,high,0.9081588858465499,wrong,,Tazarotene,0.694,25,25,wrong,wrong,,False,False,False,False,0.694,False,False,0,1,,,,CCOC(=O)c1ccc(C#Cc2ccc3c(c2)C(C)(C)CC[S-]3)nc1 |^1:22|
tazemetostat_cid66558664,,,tazemetostat_cid66558664.png,high,high,0.9102341401138657,exact,Tazemetostat,Tazemetostat,1.0,42,42,exact,exact,Tazemetostat,False,False,False,False,1.0,True,True,0,1,,,,CCN(c1cc(-c2ccc(CN3CCOCC3)cc2)cc(C(=O)NCc2c(C)cc(C)[nH]c2=O)c1C)C1CCOCC1
tazobactam_cid123630,,,tazobactam_cid123630.png,high,high,0.8954515176722884,exact,Tazobactam,Tazobactam,1.0,20,20,exact,exact,Tazobactam,False,False,False,False,1.0,True,True,0,1,,,,[H]OC(=O)[C@@H]1N2C(=O)C[C@@]2([H])S(=O)(=O)[C@@]1(C)Cn1ccnn1
tecarfarin_cid54718618,,,tecarfarin_cid54718618.png,high,high,0.8933047958315325,exact,Tecarfarin,Tecarfarin,1.0,32,32,exact,exact,Tecarfarin,False,False,False,False,1.0,True,True,0,1,,,,CC(OC(=O)c1ccc(Cc2c(O)c3ccccc3oc2=O)cc1)(C(F)(F)F)C(F)(F)F
tegobuvir_cid23649154,,,tegobuvir_cid23649154.png,high,high,0.9123398464293172,exact,Tegobuvir,Tegobuvir,1.0,37,37,exact,exact,Tegobuvir,False,False,False,False,1.0,True,True,0,1,,,,Fc1ccccc1-c1nc2ccn(Cc3ccc(-c4ccc(C(F)(F)F)cc4C(F)(F)F)nn3)cc-2n1
telratolimod_cid56833311,,,telratolimod_cid56833311.png,low,low,0.2692778395598059,invalid,,,,,,invalid,invalid,,False,False,False,False,,False,,,,,,,CCCCCCCCCCCCCCCCCC12=O=C(CCCCCCCCCCCCCCCCC)(=O=1)NC1C(CN2)C23C4OC2C4C13
temurtide_cid76972485,,,temurtide_cid76972485.png,low,low,0.5132122241404768,wrong,,Temurtide,0.982,36,36,stereo,stereo,Temurtide,False,True,False,False,1.0,False,False,6,7,[H].[H].[H].[H].[H].[H],,,"[H].[H].[H].[H].[H].[H].[H]C(=O)[C@H](NC(C)=O)[C@@H](O[C@H](C)C(=O)N[C@H](C(=O)N[C@H](CCC(=O)O)C(N)=O)[C@@H](C)O)[C@@H](O)[C@H](O)CO |^1:0,1,2,3,4,5|"
tenatoprazole_cid636411,,,tenatoprazole_cid636411.png,low,low,0.4947861827693157,wrong,,Tenatoprazole,0.769,24,24,wrong,wrong,,False,False,False,False,0.769,False,False,1,1,,,,COc1ccc2[nH]c([S](O)Cc3ncc(C)c(OC)c3C)nc2n1 |^1:8|
terlipressin_cid72081,,,terlipressin_cid72081.png,low,low,0.07420526639261968,invalid,,,,,,invalid,invalid,,False,False,False,False,,False,,,,,,,C=CC=CSCC(CN1CCCC1C(=O)NC(CCCCN)C(=O)NCC(N)=O)NC(=O)(=O)C(CC(N)=O)NC(=O)[CH]1(NC(=O)C2NCC(CC3=CC=C(O)C=C3)NC(=O)C(NC(=O)CNC(=O)CNC(=O)CN)CC3456=C78=C9%10(=C=3%11C7=C3(=C8%11=CC3=C94)C=C%105)C26)C2C34C1C21C3256=O=C41(=O=2)(N5)N6
terodiline_cid23480,,,terodiline_cid23480.png,high,high,0.8644407520042301,exact,Terodiline,Terodiline,1.0,21,21,exact,exact,Terodiline,False,False,False,False,1.0,True,True,0,1,,,,[H]N(C(C)CC(c1ccccc1)c1ccccc1)C(C)(C)C
tertatolol_cid36920,,,tertatolol_cid36920.png,high,high,0.9098622355037762,exact,Tertatolol,Tertatolol,1.0,20,20,exact,exact,Tertatolol,False,False,False,False,1.0,True,True,0,1,,,,CC(C)(C)NCC(O)COc1cccc2c1SCCC2
thebaine_cid5324289,,,thebaine_cid5324289.png,low,low,0.7837766339808423,exact,Thebaine,Thebaine,1.0,23,23,exact,exact,Thebaine,False,False,False,False,1.0,True,True,0,1,,,,[H][C@@]12Oc3c(OC)ccc4c3[C@@]13CCN(C)[C@]([H])(C4)C3=CC=C2OC
thiocillin_cid5282053,,,thiocillin_cid5282053.png,low,low,4.55349494522282e-07,invalid,,,,,,invalid,invalid,,False,False,False,False,,False,,,,,,,[H]C(C)=C(NCC123=CSC4(=N1)N[CH]15(C(C)C)N4C46(=O)=C7(=C(=C(N7)S4)SC478=NC(=CS4)C49%10%11=[SH]C=4%12=C(S9)N=%10C=%12=%11(=O7)N[CH]4(C(C)C)C179%10=N1=C45%11%12%13=NC7%11(=CS%12)C4(=O)N5([H])C(=O)(N4([H])[CH]5(C(C)C)C4=N57C%11(=CS4)N4=C5%12CC=CC=48=N%11%127)C19%13=CS%10)C1=N=2=6C(=CS1)C3(=O)NC(C(=O)NCC(C)O)=C([H])C)C(=O)NCC(C)O
thiothixene_cid941651,,,thiothixene_cid941651.png,high,high,0.892192955139004,exact,Thiothixene,Thiothixene,1.0,30,30,exact,exact,Thiothixene,False,False,False,False,1.0,True,True,0,1,,,,[H]/C(CCN1CCN(C)CC1)=C1\c2ccccc2Sc2ccc(S(=O)(=O)N(C)C)cc21
tiapride_cid5467,,,tiapride_cid5467.png,high,high,0.9156238543667375,exact,Tiapride,Tiapride,1.0,22,22,exact,exact,Tiapride,False,False,False,False,1.0,True,True,0,1,,,,[H]N(CCN(CC)CC)C(=O)c1cc(S(C)(=O)=O)ccc1OC
tilidine_cid30131,,,tilidine_cid30131.png,high,high,0.8965383740465002,exact,Tilidine,Tilidine,1.0,20,20,exact,exact,Tilidine,False,False,False,False,1.0,True,True,0,1,,,,CCOC(=O)[C@]1(c2ccccc2)CCC=C[C@H]1N(C)C
tiopronin_cid5483,,,tiopronin_cid5483.png,high,high,0.879802779786543,exact,Tiopronin,Tiopronin,1.0,10,10,exact,exact,Tiopronin,False,False,False,False,1.0,True,True,0,1,,,,[H]OC(=O)CN([H])C(=O)C([H])(C)S[H]
tipifarnib_cid159324,,,tipifarnib_cid159324.png,high,high,0.883184640479379,exact,Tipifarnib,Tipifarnib,1.0,34,34,exact,exact,Tipifarnib,False,False,False,False,1.0,True,True,0,1,,,,[H]N[C@](c1ccc(Cl)cc1)(c1ccc2c(c1)c(-c1cccc(Cl)c1)cc(=O)n2C)c1cncn1C
tirapazamine_cid135413511,,,tirapazamine_cid135413511.png,high,high,0.8926633678337864,exact,Tirapazamine,Tirapazamine,1.0,13,13,exact,exact,Tirapazamine,False,False,False,False,1.0,True,True,0,1,,,,Nc1n[n+]([O-])c2ccccc2[n+]1[O-]
tirbanibulin_cid23635314,,,tirbanibulin_cid23635314.png,high,high,0.9194420007129639,exact,Tirbanibulin,Tirbanibulin,1.0,32,32,exact,exact,Tirbanibulin,False,False,False,False,1.0,True,True,0,1,,,,O=C(Cc1ccc(-c2ccc(OCCN3CCOCC3)cc2)cn1)NCc1ccccc1
tixocortol_pivalate_cid15052414,,,tixocortol_pivalate_cid15052414.png,high,high,0.872956664572523,stereo,Tixocortol Pivalate,Tixocortol Pivalate,1.0,32,32,stereo,stereo,Tixocortol Pivalate,False,False,False,False,1.0,True,True,0,1,,,,[H]O[C@H]1C[C@@]2(C)[C@@]([H])(CC[C@]2(O)C(=O)CSC(=O)C(C)(C)C)[C@@]2([H])CCC3=CC(=O)CC[C@]3(C)[C@@]12[H]
tolfenamic_acid_cid610479,,,tolfenamic_acid_cid610479.png,high,high,0.8746205525131068,wrong,,Tolfenamic Acid,0.969,18,18,exact,exact,Tolfenamic Acid,False,True,False,False,1.0,False,False,4,3,[HH].[HH],,,Cc1c(Cl)cccc1Nc1ccccc1C(=O)O.[HH].[HH]
tolnaftate_cid5510,,,tolnaftate_cid5510.png,high,high,0.9041124713182365,exact,Tolnaftate,Tolnaftate,1.0,22,22,exact,exact,Tolnaftate,False,False,False,False,1.0,True,True,0,1,,,,Cc1cccc(N(C)C(=S)Oc2ccc3ccccc3c2)c1
tomatine_cid28523,,,tomatine_cid28523.png,low,low,0.006291337832486555,stereo,Tomatine,Tomatine,1.0,72,72,stereo,stereo,Tomatine,False,False,False,False,1.0,True,True,0,1,,,,[H]N1C[C@@H](C)CCC12O[C@]1([H])C[C@@]3([H])[C@]4([H])CC[C@]5([H])C[C@H](O[C@H]6O[C@H](CO)[C@@H](O[C@H]7O[C@H](CO)[C@@H](O)[C@@H](O[C@H]8OC[C@@H](O)[C@@]([H])(O)[C@@H]8O)[C@H]7O[C@H]7O[C@H](CO)[C@@H](O)[C@H](O)[C@H]7O)[C@@H](O)[C@H]6O)CC[C@]5(C)[C@@]4([H])CC[C@]3(C)[C@@]1([H])[C@@H]2C
torcetrapib_cid159325,,,torcetrapib_cid159325.png,high,high,0.9084393088798933,exact,Torcetrapib,Torcetrapib,1.0,41,41,exact,exact,Torcetrapib,False,False,False,False,1.0,True,True,0,1,,,,CCOC(=O)N1c2ccc(C(F)(F)F)cc2[C@@H](N(Cc2cc(C(F)(F)F)cc(C(F)(F)F)c2)C(=O)OC)C[C@H]1CC
toremifene_cid3005573,,,toremifene_cid3005573.png,high,high,0.8917991615206352,exact,Toremifene,Toremifene,1.0,29,29,exact,exact,Toremifene,False,False,False,False,1.0,True,True,0,1,,,,CN(C)CCOc1ccc(/C(=C(/CCCl)c2ccccc2)c2ccccc2)cc1
trans_diamminedichloroplatinum_cid441203,,,trans_diamminedichloroplatinum_cid441203.png,low,low,0.7145101552064418,wrong,,trans-Diamminedichloroplatinum,0.083,5,5,wrong,wrong,,False,False,False,False,0.083,False,False,1,1,,,,[H][N]([H])[Pt+]([Cl])([Cl])[N]([H])([H])[H] |C:6.5|
trapidil_cid5531,,,trapidil_cid5531.png,high,high,0.9058091459457683,exact,Trapidil,Trapidil,1.0,15,15,exact,exact,Trapidil,False,False,False,False,1.0,True,True,0,1,,,,CCN(CC)c1cc(C)nc2ncnn12
tribendimidine_cid3086564,,,tribendimidine_cid3086564.png,high,high,0.9046574291912044,stereo,Tribendimidine,Tribendimidine,1.0,34,34,stereo,stereo,Tribendimidine,False,False,False,False,1.0,True,True,0,1,,,,[H]/C(=N\c1ccc(/N=C(\C)N(C)C)cc1)c1ccc(/C=N/c2ccc(/N=C(\C)N(C)C)cc2)cc1
trichlorfon_cid5853,,,trichlorfon_cid5853.png,low,low,0.8037458233612065,wrong,,Trichlorfon,0.952,12,12,exact,exact,Trichlorfon,False,True,False,False,1.0,False,False,2,2,[HH],,,COP(=O)(OC)C(O)C(Cl)(Cl)Cl.[HH]
trichloroethylene_cid6575,,,trichloroethylene_cid6575.png,high,high,0.8546243585134972,exact,Trichloroethylene,Trichloroethylene,1.0,5,5,exact,exact,Trichloroethylene,False,False,False,False,1.0,True,True,0,1,,,,ClC=C(Cl)Cl
triflusal_cid9458,,,triflusal_cid9458.png,high,high,0.906471615099985,exact,Triflusal,Triflusal,1.0,17,17,exact,exact,Triflusal,False,False,False,False,1.0,True,True,0,1,,,,[H]OC(=O)c1ccc(C(F)(F)F)cc1OC(C)=O
trimegestone_cid68926,,,trimegestone_cid68926.png,low,low,0.4726493498095448,wrong,,Trimegestone,0.979,25,25,stereo,stereo,Trimegestone,False,True,False,False,1.0,False,False,1,2,[H],,,[H].[H][C@@]12CC[C@](C)(C(=O)[C@H](C)O)[C@@]1(C)CCC1=C3CCC(=O)C=C3CC[C@@]12[H] |^1:0|
trimeprazine_cid5574,,,trimeprazine_cid5574.png,high,high,0.90495697079137,exact,(+-)-Trimeprazine,(+-)-Trimeprazine,1.0,21,21,exact,exact,(+-)-Trimeprazine,False,False,False,False,1.0,True,True,0,1,,,,CC(CN(C)C)CN1c2ccccc2Sc2ccccc21
tripropeptin_c_cid58960776,,,tripropeptin_c_cid58960776.png,low,low,0.0001859176219730725,invalid,,,,,,invalid,invalid,,False,False,False,False,,False,,,,,,,[H]N1C(=O)CC23(CCCCCCCCCC(C)C)O4C(=O)C142C3(C)O.[H]NC1=NC2C34CCCC(NC(=O)C(NC(=O)C5CCCN5C(=O)O)O3C3=O=C3(=O)O)C(=O)N([H])CC(=O)N3CCC([H])C35N=C(N[H])(NC243(C(=O)(=O)OCCCCCCCCCCCC)NC53=O)N1[H]
trofosfamide_cid65702,,,trofosfamide_cid65702.png,high,high,0.8825651532533944,exact,Trofosfamide,Trofosfamide,1.0,17,17,exact,exact,Trofosfamide,False,False,False,False,1.0,True,True,0,1,,,,O=P1(N(CCCl)CCCl)OCCCN1CCCl
trospium_chloride_cid5284631,,,trospium_chloride_cid5284631.png,low,low,0.5714706903705654,wrong,,Trospium chloride,0.549,28,30,wrong,wrong,,False,False,False,False,0.549,False,False,5,2,,,,[Cl-].[H][C@]12CC[C@@]([H])(CC(OC(=O)C(O)(c3ccccc3)c3ccccc3)C1)[N+]2CC |^1:27|
tryparsamide_cid23665572,,,tryparsamide_cid23665572.png,low,low,0.6357350911294818,wrong,,Tryparsamide,0.641,16,16,wrong,wrong,,False,False,False,False,0.641,False,False,3,3,[HH].[H],,,"[HH].[H].[H]NC(=O)CNc1ccc([As](=O)(O)[O][Na+])cc1 |^1:1,16|"
tucaresol_cid55223,,,tucaresol_cid55223.png,high,high,0.9045472494800515,wrong,,Tucaresol,0.973,20,20,exact,exact,Tucaresol,False,True,False,False,1.0,False,False,1,2,[H],,,[H].[H]OC(=O)c1ccc(COc2cccc(O)c2C([H])=O)cc1 |^1:0|
tucidinostat_cid12136798,,,tucidinostat_cid12136798.png,high,high,0.8922072947056248,exact,Tucidinostat,Tucidinostat,1.0,29,29,exact,exact,Tucidinostat,False,False,False,False,1.0,True,True,0,1,,,,[H]/C(C(=O)NCc1ccc(C(=O)Nc2ccc(F)cc2N)cc1)=C(/[H])c1cccnc1
umbralisib_cid72950888,,,umbralisib_cid72950888.png,high,high,0.8922460803819515,wrong,,Umbralisib,0.986,42,42,exact,exact,Umbralisib,False,True,False,False,1.0,False,False,2,3,[H].[H],,,"CC(C)Oc1ccc(-c2nn([C@@H](C)c3oc4ccc(F)cc4c(=O)c3-c3cccc(F)c3)c3ncnc(N)c23)cc1F.[H].[H] |^1:42,43|"
uracil_mustard_cid6194,,,uracil_mustard_cid6194.png,high,high,0.8996143877585365,exact,Uracil Mustard,Uracil Mustard,1.0,15,15,exact,exact,Uracil Mustard,False,False,False,False,1.0,True,True,0,1,,,,[H]n1c(=O)[nH]cc(N(CCCl)CCCl)c1=O
urapidil_cid5639,,,urapidil_cid5639.png,high,high,0.9081825277609895,exact,Urapidil,Urapidil,1.0,28,28,exact,exact,Urapidil,False,False,False,False,1.0,True,True,0,1,,,,COc1ccccc1N1CCN(CCCNc2cc(=O)n(C)c(=O)n2C)CC1
valnemulin_cid9850878,,,valnemulin_cid9850878.png,low,low,0.7613836288101953,exact,Valnemulin,Valnemulin,1.0,39,39,exact,exact,Valnemulin,False,False,False,False,1.0,True,True,0,1,,,,[H][C@@]12C(=O)CC[C@]13CC[C@@H](C)[C@@]2(C)[C@H](OC(=O)CSC(C)(C)CNC(=O)[C@H](N)C(C)C)C[C@@](C)(C=C)[C@@H](O)[C@@H]3C
valrubicin_cid454216,,,valrubicin_cid454216.png,high,high,0.8900500592139704,exact,Valrubicin,Valrubicin,1.0,51,51,exact,exact,Valrubicin,False,False,False,False,1.0,True,True,0,1,,,,CCCCC(=O)OCC(=O)[C@]1(O)Cc2c(O)c3c(c(O)c2[C@@H](O[C@H]2C[C@H](NC(=O)C(F)(F)F)[C@H](O)[C@H](C)O2)C1)C(=O)c1c(OC)cccc1C3=O
vanzacaftor_cid139399801,,,vanzacaftor_cid139399801.png,low,low,0.7742016263548703,stereo,Vanzacaftor,Vanzacaftor,1.0,44,44,stereo,stereo,Vanzacaftor,False,False,False,False,1.0,True,True,0,1,,,,[H][C@]12CCCNc3cccc(n3)S(=O)(=O)NC(=O)c3ccc(-n4ccc(OCCC5C6(CC6)C56CC6)n4)nc3N(C1)C(C)(C)C2
vecabrutinib_cid72547837,,,vecabrutinib_cid72547837.png,high,high,0.903635195130845,wrong,,Vecabrutinib,0.986,36,36,exact,exact,Vecabrutinib,False,True,False,False,1.0,False,False,3,4,[H].[H].[H],,,"NC(=O)[C@H]1CCN(c2ncnc(N)c2F)C[C@@H]1N1CCC[C@@H](Nc2cc(Cl)cc(C(F)(F)F)c2)C1=O.[H].[H].[H] |^1:36,37,38|"
vecuronium_bromide_cid39764,,,vecuronium_bromide_cid39764.png,low,low,0.6922173364474035,stereo,Vecuronium Bromide,Vecuronium Bromide,1.0,41,41,stereo,stereo,Vecuronium Bromide,False,False,False,False,1.0,True,True,0,2,,,,[Br-].[H][C@@]12CC[C@@]3([H])[C@]([H])(CC[C@]4(C)[C@H](OC(C)=O)[C@@]([H])([N+]5(C)CCCCC5)C[C@@]34[H])[C@@]1(C)C[C@H](N1CCCCC1)[C@@H](OC(C)=O)C2
vernakalant_hydrochloride_cid9930048,,,vernakalant_hydrochloride_cid9930048.png,high,high,0.864395376134641,exact,Vernakalant Hydrochloride,Vernakalant Hydrochloride,1.0,26,26,exact,exact,Vernakalant Hydrochloride,False,False,False,False,1.0,True,True,0,2,,,,COc1ccc(CCO[C@@H]2CCCC[C@H]2N2CC[C@@H](O)C2)cc1OC.[H]Cl
vesatolimod_cid46241268,,,vesatolimod_cid46241268.png,low,low,0.1276680191484383,invalid,,,,,,invalid,invalid,,False,False,False,False,,False,,,,,,,CC=C1=C(CN2CCCC2)C=C1CN1CC(=O)NC2=C(N)N=C(OCCCC)N=C21.[H].[H]
vidofludimus_cid9820008,,,vidofludimus_cid9820008.png,high,high,0.9090465932768369,wrong,,Vidofludimus,0.979,26,26,exact,exact,Vidofludimus,False,True,False,False,1.0,False,False,1,2,[H],,,COc1cccc(-c2ccc(NC(=O)C3=C(C(=O)O)CCC3)c(F)c2)c1.[H] |^1:26|
vigabatrin_cid5665,,,vigabatrin_cid5665.png,high,high,0.8747220838886847,exact,Vigabatrin,Vigabatrin,1.0,9,9,exact,exact,Vigabatrin,False,False,False,False,1.0,True,True,0,1,,,,[H]NC(C=C)CCC(=O)O[H]
vistusertib_cid25262792,,,vistusertib_cid25262792.png,high,high,0.9080841877078858,exact,Vistusertib,Vistusertib,1.0,34,34,exact,exact,Vistusertib,False,False,False,False,1.0,True,True,0,1,,,,CNC(=O)c1cccc(-c2ccc3c(N4CCOC[C@@H]4C)nc(N4CCOC[C@@H]4C)nc3n2)c1
voglibose_cid444020,,,voglibose_cid444020.png,high,high,0.8780621972011762,wrong,,Voglibose,1.0,18,18,exact,exact,Voglibose,False,True,False,False,1.0,False,False,1,2,[H],,,[H].[H]OCC(CO[H])N([H])[C@H]1C[C@@](CO[H])(O[H])[C@@H](O[H])[C@H](O[H])[C@H]1O |^1:0|
volasertib_cid10461508,,,volasertib_cid10461508.png,high,high,0.8852361366804492,exact,Volasertib,Volasertib,1.0,45,45,exact,exact,Volasertib,False,False,False,False,1.0,True,True,0,1,,,,CC[C@@H]1C(=O)N(C)c2cnc(Nc3ccc(C(=O)NC4CCC(N5CCN(CC6CC6)CC5)CC4)cc3OC)nc2N1C(C)C
xanomeline_cid60809,,,xanomeline_cid60809.png,high,high,0.9049104897030785,exact,Xanomeline,Xanomeline,1.0,19,19,exact,exact,Xanomeline,False,False,False,False,1.0,True,True,0,1,,,,CCCCCCOc1nsnc1C1=CCCN(C)C1
xemilofiban_cid60957,,,xemilofiban_cid60957.png,high,high,0.868103861670391,wrong,,Xemilofiban,0.98,26,26,exact,exact,Xemilofiban,False,True,False,False,1.0,False,False,8,5,[HH].[HH].[HH].[HH],,,C#C[C@H](CC(=O)OCC)NC(=O)CCC(=O)Nc1ccc(C(=N)N)cc1.[HH].[HH].[HH].[HH]
ximelagatran_cid9574101,,,ximelagatran_cid9574101.png,high,high,0.8670343883184835,exact,Ximelagatran,Ximelagatran,1.0,34,34,exact,exact,Ximelagatran,False,False,False,False,1.0,True,True,0,1,,,,CCOC(=O)CN[C@@H](C(=O)N1CC[C@H]1C(=O)NCc1ccc(/C(N)=N/O)cc1)C1CCCCC1
zandelisib_cid66571003,,,zandelisib_cid66571003.png,high,high,0.9007015524575883,exact,Zandelisib,Zandelisib,1.0,42,42,exact,exact,Zandelisib,False,False,False,False,1.0,True,True,0,1,,,,CN1CCC(c2ccccc2CC(C)(C)Nc2nc(N3CCOCC3)nc(-n3c(C(F)F)nc4ccccc43)n2)CC1
zb_716_cid126480615,,,zb_716_cid126480615.png,low,low,0.01565363805403396,invalid,,,,,,invalid,invalid,,False,False,False,False,,False,,,,,,,[H]OBC1=C2=C(B(O)O[H])C=CC3=C2CC2C(CCCCCCCCSCCCC(F)(F)C(F)(F)F)[CH]4(CCCCCCCCCSCCCC(F)(F)C(F)(F)F)C5([H])C67([H])C(C=C1)C31([H])C6CC3(C)C(O)CCC35([H])C2417[H]
zeranol_cid2999413,,,zeranol_cid2999413.png,high,high,0.8838685768142434,wrong,,Zeranol,0.976,23,23,exact,exact,Zeranol,False,True,False,False,1.0,False,False,3,3,[HH].[H],,,[HH].[H].[H]O[C@@H]1CCCCCc2cc(O)cc(O)c2C(=O)O[C@@H](C)CCC1 |^1:1|
zoldonrasib_cid168201327,,,zoldonrasib_cid168201327.png,low,low,0.001451298763464321,invalid,,,,,,invalid,invalid,,False,False,False,False,,False,,,,,,,[H]C12CC(NC(=O)C(NCC34CC(C3)N(C(=O)C3N(C)C3([H])C3CC3)C4)C3CCCC3)C(=O)N3NC([H])(C(=O)OCC(C)(C)C)C45CC36N37CC689C3C3C86C4([H])([H])C39C56([H])([H])(N7)C(=O)OCC(C)CC3=C(C4=C(C(C)OC)N=CC(N5CCN(C6CC6)CC5)=C4)N(CC(F)(F)F)C4=C3C=C(C=C4)N(CCO1)C2
zuclopenthixol_cid5311507,,,zuclopenthixol_cid5311507.png,high,high,0.8965213138545172,wrong,,Zuclopenthixol,0.66,27,27,wrong,wrong,,False,False,False,False,0.66,False,False,0,1,,,,[H]OCCN1CCN(CC/C([H])=C2/c3ccccc3[S-]c3ccc(Cl)cc32)CC1 |^1:19|
