group,figure,segment,file_name,tier,tier_by_threshold,confidence,verdict,matched_name,closest_name,closest_tanimoto,pred_heavy,closest_heavy,grade,grade_largest,graded_match,decoded,dephantom,dedup,largest,best_tanimoto,skeleton_match,formula_match,elem_delta,n_fragments,phantom_frags,duplicate_frags,dropped_by_largest,smiles
1_1_1_3_3_3_hexafluoro_2_5_fluoro_2_1_2_fluorophenyl_methyl__cid86269973,,,1_1_1_3_3_3_hexafluoro_2_5_fluoro_2_1_2_fluorophenyl_methyl__cid86269973.png,high,high,0.8944201403377098,exact,"1,1,1,3,3,3-Hexafluoro-2-(((5-fluoro-2-(1-((2-fluorophenyl)methyl)-5-(3-isoxazolyl)-1H-pyrazol-3-yl)-4-pyrimidinyl)amino)methyl)-2-propanol","1,1,1,3,3,3-Hexafluoro-2-(((5-fluoro-2-(1-((2-fluorophenyl)methyl)-5-(3-isoxazolyl)-1H-pyrazol-3-yl)-4-pyrimidinyl)amino)methyl)-2-propanol",1.0,37,37,exact,exact,"1,1,1,3,3,3-Hexafluoro-2-(((5-fluoro-2-(1-((2-fluorophenyl)methyl)-5-(3-isoxazolyl)-1H-pyrazol-3-yl)-4-pyrimidinyl)amino)methyl)-2-propanol",False,False,False,False,1.0,True,True,0,1,,,,OC(CNc1nc(-c2cc(-c3ccon3)n(Cc3ccccc3F)n2)ncc1F)(C(F)(F)F)C(F)(F)F
1_3_dimethyl_2_6_dioxo_1_2_3_6_tetrahydro_7h_purin_7_yl_acet_cid176595,,,1_3_dimethyl_2_6_dioxo_1_2_3_6_tetrahydro_7h_purin_7_yl_acet_cid176595.png,high,high,0.8948424806659798,wrong,,"(1,3-Dimethyl-2,6-dioxo-1,2,3,6-tetrahydro-7H-purin-7-yl)acetic acid--4-(((2-amino-3,5-dibromophenyl)methyl)amino)cyclohexan-1-ol (1/1)",0.984,35,35,exact,exact,"(1,3-Dimethyl-2,6-dioxo-1,2,3,6-tetrahydro-7H-purin-7-yl)acetic acid--4-(((2-amino-3,5-dibromophenyl)methyl)amino)cyclohexan-1-ol (1/1)",False,True,False,False,1.0,False,False,6,5,[HH].[HH].[HH],,,Cn1c(=O)c2c(ncn2CC(=O)O)n(C)c1=O.Nc1c(Br)cc(Br)cc1CNC1CCC(O)CC1.[HH].[HH].[HH]
1_5_dihydro_1_beta_d_ribofuranosyl_4h_pyrazolo_3_4_d_pyrimid_cid135407110,,,1_5_dihydro_1_beta_d_ribofuranosyl_4h_pyrazolo_3_4_d_pyrimid_cid135407110.png,high,high,0.8886429650198818,wrong,,"1,5-Dihydro-1-beta-D-ribofuranosyl-4H-pyrazolo(3,4-d)pyrimidin-4-one",1.0,19,19,exact,exact,"1,5-Dihydro-1-beta-D-ribofuranosyl-4H-pyrazolo(3,4-d)pyrimidin-4-one",False,True,False,False,1.0,False,False,2,3,[H].[H],,,"O=c1[nH]cnc2c1cnn2[C@@H]1O[C@H](CO)[C@@H](O)[C@H]1O.[H].[H] |^1:19,20|"
216014_14_1_non_salt_cid172966628,,,216014_14_1_non_salt_cid172966628.png,low,low,0.0006768454414134466,invalid,,,,,,invalid,invalid,,False,False,False,False,,False,,,,,,,CCCCCCCCCCCC(CC1=O=C2OC(CCCCCCCCCCC)CC(=O)NCC(O)C(O)CC(OC(=O)CCCCCCCCC)C(CCCCCCCCCC)[CH](CCCCCCCCCCC)(OC(=O)CCCCCCCCC)COC(O)CC(OC(C(=O)O)C(=O)O)CC2N1)OC(=O)CCCCCCCCC
25_hydroxyvitamin_d3_cid5283731,,,25_hydroxyvitamin_d3_cid5283731.png,low,low,0.4607531174121122,wrong,,25-Hydroxyvitamin D3,0.982,29,29,stereo,stereo,25-Hydroxyvitamin D3,False,True,False,False,1.0,False,False,4,3,[HH].[HH],,,[HH].[HH].[H]C(=C1\C[C@@H](O)CCC1=C)/C([H])=C1\CCC[C@@]2(C)[C@@]1([H])CC[C@@]2([H])[C@H](C)CCCC(C)(C)O
2_4_amino_3_chloro_5_trifluoromethyl_phenyl_2_tert_butylamin_cid9997788,,,2_4_amino_3_chloro_5_trifluoromethyl_phenyl_2_tert_butylamin_cid9997788.png,high,high,0.8896338897885341,wrong,,2-(4-Amino-3-chloro-5-trifluoromethyl-phenyl)-2-tert-butylaminoethanol hydrochloride,0.974,21,21,exact,exact,2-(4-Amino-3-chloro-5-trifluoromethyl-phenyl)-2-tert-butylaminoethanol hydrochloride,False,True,False,False,1.0,False,False,2,4,[H].[H],,,"CC(C)(C)NC(CO)c1cc(Cl)c(N)c(C(F)(F)F)c1.[H].[H].[H]Cl |^1:20,21|"
2_5_dimethoxy_4_iodoamphetamine_cid1229,,,2_5_dimethoxy_4_iodoamphetamine_cid1229.png,high,high,0.8738119448991114,exact,"2,5-Dimethoxy-4-iodoamphetamine","2,5-Dimethoxy-4-iodoamphetamine",1.0,15,15,exact,exact,"2,5-Dimethoxy-4-iodoamphetamine",False,False,False,False,1.0,True,True,0,1,,,,[H]NC(C)Cc1cc(OC)c(I)cc1OC
3r_6r_3_2_3_dihydro_1h_inden_2_yl_1_1r_1_2_6_dimethyl_3_pyri_cid11634973,,,3r_6r_3_2_3_dihydro_1h_inden_2_yl_1_1r_1_2_6_dimethyl_3_pyri_cid11634973.png,high,high,0.8930449206664128,exact,"(3R,6R)-3-(2,3-Dihydro-1H-inden-2-yl)-1-((1R)-1-(2,6-dimethyl-3-pyridinyl)-2-(4-morpholinyl)-2-oxoethyl)-6-((1S)-1-methylpropyl)-2,5-piperazinedione","(3R,6R)-3-(2,3-Dihydro-1H-inden-2-yl)-1-((1R)-1-(2,6-dimethyl-3-pyridinyl)-2-(4-morpholinyl)-2-oxoethyl)-6-((1S)-1-methylpropyl)-2,5-piperazinedione",1.0,38,38,exact,exact,"(3R,6R)-3-(2,3-Dihydro-1H-inden-2-yl)-1-((1R)-1-(2,6-dimethyl-3-pyridinyl)-2-(4-morpholinyl)-2-oxoethyl)-6-((1S)-1-methylpropyl)-2,5-piperazinedione",False,False,False,False,1.0,True,True,0,1,,,,[H][C@]1(C2Cc3ccccc3C2)NC(=O)[C@@]([H])([C@@H](C)CC)N([C@@H](C(=O)N2CCOCC2)c2ccc(C)nc2C)C1=O
abediterol_cid11962616,,,abediterol_cid11962616.png,high,high,0.88792147308081,exact,Abediterol,Abediterol,1.0,33,33,exact,exact,Abediterol,False,False,False,False,1.0,True,True,0,1,,,,[H]Oc1ccc([C@@H](O)CNCCCCCCOCC(F)(F)c2ccccc2)c2ccc(=O)[nH]c12
acetanilide_cid904,,,acetanilide_cid904.png,high,high,0.8534516259558609,exact,Acetanilide,Acetanilide,1.0,10,10,exact,exact,Acetanilide,False,False,False,False,1.0,True,True,0,1,,,,[H]N(C(C)=O)c1ccccc1
acetarsol_cid1985,,,acetarsol_cid1985.png,high,high,0.8843593467405384,wrong,,Acetarsol,0.967,15,15,exact,exact,Acetarsol,False,True,False,False,1.0,False,False,2,3,[H].[H],,,"[H].[H].[H]N(C(C)=O)c1cc([As](=O)(O)O)ccc1O |^1:0,1|"
acotiamide_cid5282338,,,acotiamide_cid5282338.png,high,high,0.9013622308623528,exact,Acotiamide,Acotiamide,1.0,31,31,exact,exact,Acotiamide,False,False,False,False,1.0,True,True,0,1,,,,COc1cc(O)c(C(=O)Nc2nc(C(=O)NCCN(C(C)C)C(C)C)cs2)cc1OC
aculeacin_a_cid53297328,,,aculeacin_a_cid53297328.png,low,low,1.721432080349718e-14,invalid,,,,,,invalid,invalid,,False,False,False,False,,False,,,,,,,[H]N1C23(C)C45=O=C2(=O)(C4CCCCCCCCCCCCC)N52CC(O)CC2C24C[CH]135C(C)(C)C1(C(O)C(O)N=C36(O)=O78=C9%10%11=O%12=C=7%13(=O)(O)C=87%14%15%16N=98C9%17([H])[CH]7%18(O)C([H])(C(O)CC(N)=O)NC(=O)C3%18%137(N2)(N49%14C(C)N%17%157[CH]16%10)C=%128%161(=O)C(O)[CH]%111C1=CC=C(O)C=C1)[CH]123(C)C4C1(=O)[CH]42C53O
afegostat_cid447607,,,afegostat_cid447607.png,high,high,0.8547298638101584,wrong,,Afegostat,1.0,10,10,exact,exact,Afegostat,False,True,False,False,1.0,False,False,1,2,[H],,,[H].[H]OC[C@H]1CN([H])C[C@@H](O[H])[C@@H]1O |^1:0|
albaconazole_cid208952,,,albaconazole_cid208952.png,high,high,0.8964482785500988,exact,Albaconazole,Albaconazole,1.0,30,30,exact,exact,Albaconazole,False,False,False,False,1.0,True,True,0,1,,,,C[C@@H](n1cnc2cc(Cl)ccc2c1=O)[C@](O)(Cn1cncn1)c1ccc(F)cc1F
alcaftadine_cid19371515,,,alcaftadine_cid19371515.png,high,high,0.8995062022886533,exact,Alcaftadine,Alcaftadine,1.0,23,23,exact,exact,Alcaftadine,False,False,False,False,1.0,True,True,0,1,,,,[H]C(=O)c1cnc2n1CCc1ccccc1C2=C1CCN(C)CC1
almotriptan_malate_cid123607,,,almotriptan_malate_cid123607.png,high,high,0.9121872269564841,wrong,,Almotriptan Malate,0.983,32,32,exact,exact,Almotriptan Malate,False,True,False,False,1.0,False,False,2,4,[H].[H],,,"CN(C)CCc1c[nH]c2ccc(CS(=O)(=O)N3CCCC3)cc12.O=C(O)CC(O)C(=O)O.[H].[H] |^1:32,33|"
alpha_galactosylceramide_cid2826713,,,alpha_galactosylceramide_cid2826713.png,low,low,0.03303162601677224,wrong,,Alpha-Galactosylceramide,0.188,68,60,wrong,wrong,,False,False,False,False,0.188,False,False,20,2,,,,*[C@H](CCCCCCCCCCCCCC)[C@@H](C#N)[C@H](CN[C@@H]1[C@H](C#N)[C@H](C#N)[C@@](*)(C)[C@H]2[CH]([Na])[Na][CH2][C@@H]12)C(=O)[O-].CCCCCCCCCCCCCCCCCCCCCCCCCCC(=O)[O-] |$Nbt;;;;;;;;;;;;;;;;;;;;;;;;;;;;;;Nbt;;;;;;;;;;;;;;;;;;;;;;;;;;;;;;;;;;;;;;;$|
alphaxalone_cid104845,,,alphaxalone_cid104845.png,high,high,0.8583281189821816,exact,Alphaxalone,Alphaxalone,1.0,24,24,exact,exact,Alphaxalone,False,False,False,False,1.0,True,True,0,1,,,,[H][C@@]12CC[C@@]3([H])[C@]4([H])CC[C@H](C(C)=O)[C@@]4(C)CC(=O)[C@]3([H])[C@@]1(C)CC[C@@H](O)C2
altiratinib_cid54576299,,,altiratinib_cid54576299.png,high,high,0.8982508598010523,exact,Altiratinib,Altiratinib,1.0,37,37,exact,exact,Altiratinib,False,False,False,False,1.0,True,True,0,1,,,,O=C(Nc1cc(Oc2cc(F)c(NC(=O)C3(C(=O)Nc4ccc(F)cc4)CC3)cc2F)ccn1)C1CC1
aluminum_clofibrate_cid10390009,,,aluminum_clofibrate_cid10390009.png,high,low,0.8808190752026569,invalid,,,,,,invalid,invalid,,False,False,False,False,,False,,,,,,,CC(C)(OC1=CC=C(Cl)C=C1)C(=O)[O-].CC(C)(OC1=CC=C(Cl)C=C1)C(=O)[O][Al+3].[OH-]
alvocidib_cid5287969,,,alvocidib_cid5287969.png,high,high,0.9042642908318107,wrong,,Alvocidib,1.0,28,28,exact,exact,Alvocidib,False,True,False,False,1.0,False,False,3,4,[H].[H].[H],,,"[H].[H].[H].[H][C@]1(c2c(O)cc(O)c3c(=O)cc(-c4ccccc4Cl)oc23)CCN(C)C[C@H]1O |^1:0,1,2|"
amdinocillin_cid36273,,,amdinocillin_cid36273.png,high,high,0.8744847569634753,exact,Amdinocillin,Amdinocillin,1.0,22,22,exact,exact,Amdinocillin,False,False,False,False,1.0,True,True,0,1,,,,[H]OC(=O)[C@@H]1N2C(=O)[C@@H](N=C([H])N3CCCCCC3)[C@@]2([H])SC1(C)C
amenamevir_cid11397521,,,amenamevir_cid11397521.png,high,high,0.9020648343303403,exact,Amenamevir,Amenamevir,1.0,34,34,exact,exact,Amenamevir,False,False,False,False,1.0,True,True,0,1,,,,Cc1cccc(C)c1N(CC(=O)Nc1ccc(-c2ncon2)cc1)C(=O)C1CCS(=O)(=O)CC1
amfenac_cid2136,,,amfenac_cid2136.png,high,high,0.8787099731007636,wrong,,Amfenac,0.938,19,19,exact,exact,Amfenac,False,True,False,False,1.0,False,False,3,3,[HH].[H],,,Nc1c(CC(=O)O)cccc1C(=O)c1ccccc1.[HH].[H] |^1:20|
aminoglutethimide_cid2145,,,aminoglutethimide_cid2145.png,high,high,0.9016617320593437,exact,Aminoglutethimide,Aminoglutethimide,1.0,17,17,exact,exact,Aminoglutethimide,False,False,False,False,1.0,True,True,0,1,,,,[H]Nc1ccc(C2(CC)CCC(=O)N([H])C2=O)cc1
amodiaquine_hydrochloride_cid64646,,,amodiaquine_hydrochloride_cid64646.png,high,high,0.8841181246418571,wrong,,Amodiaquine Hydrochloride,0.959,26,29,salt,salt,Amodiaquine Hydrochloride,False,True,False,False,0.979,False,False,4,8,[H].[H].[H].[H].[H].[H],,,"CCN(CC)Cc1cc(Nc2ccnc3cc(Cl)ccc23)ccc1O.[H].[H].[H].[H].[H].[H].[H]Cl |^1:25,26,27,28,29,30|"
amorolfine_cid54260,,,amorolfine_cid54260.png,high,high,0.8944602497965335,exact,Amorolfine,Amorolfine,1.0,23,23,exact,exact,Amorolfine,False,False,False,False,1.0,True,True,0,1,,,,CCC(C)(C)c1ccc(CC(C)CN2C[C@@H](C)O[C@@H](C)C2)cc1
amphotericin_b_monomethyl_ester_cid11968030,,,amphotericin_b_monomethyl_ester_cid11968030.png,low,low,0.06842522588922272,invalid,,,,,,invalid,invalid,,False,False,False,False,,False,,,,,,,[H]NC1C(O)C(C)OC(OC2CC3([H])OC(O)(CC(O)CC(O)C(O)CCC(O)CC(O)CC(=O)OC(C)C4CC5([H])=C[CH](C)(C=5=C([H])C=C([H])C([H])=C([H])C=C([H])C([H])=C([H])C([H])=C([H])C([H])=C2[H])C4O)CC(O)C3C(=O)OC)C1O
amprolium_cid73341,,,amprolium_cid73341.png,high,high,0.9071729600801371,exact,Amprolium,Amprolium,1.0,19,19,exact,exact,Amprolium,False,False,False,False,1.0,True,True,0,2,,,,[Cl-].[H]Nc1nc(CCC)ncc1C[n+]1ccccc1C
anagrelide_cid135409400,,,anagrelide_cid135409400.png,high,high,0.8666106282482883,exact,Anagrelide,Anagrelide,1.0,16,16,exact,exact,Anagrelide,False,False,False,False,1.0,True,True,0,1,,,,[H]N1C(=O)CN2Cc3c(ccc(Cl)c3Cl)N=C21
anserine_cid112072,,,anserine_cid112072.png,high,high,0.8663852699022535,wrong,,Anserine,0.975,17,17,exact,exact,Anserine,False,True,False,False,1.0,False,False,1,2,[H],,,[H].[H]NCCC(=O)N[C@@H](Cc1cncn1C)C(=O)O |^1:0|
anthralin_cid2202,,,anthralin_cid2202.png,high,high,0.8986814109760651,exact,Anthralin,Anthralin,1.0,17,17,exact,exact,Anthralin,False,False,False,False,1.0,True,True,0,1,,,,[H]Oc1cccc2c1C(=O)c1c(cccc1O[H])C2
apilimod_cid10173277,,,apilimod_cid10173277.png,high,high,0.9174601142584977,exact,Apilimod,Apilimod,1.0,31,31,exact,exact,Apilimod,False,False,False,False,1.0,True,True,0,1,,,,[H]/C(=N\Nc1cc(N2CCOCC2)nc(OCCc2ccccn2)n1)c1cccc(C)c1
apomorphine_cid6005,,,apomorphine_cid6005.png,high,high,0.8958679829312445,exact,Apomorphine,Apomorphine,1.0,20,20,exact,exact,Apomorphine,False,False,False,False,1.0,True,True,0,1,,,,[H][C@@]12Cc3ccc(O)c(O)c3-c3cccc(c31)CCN2C
apraclonidine_cid2216,,,apraclonidine_cid2216.png,high,high,0.8834474807106558,exact,Apraclonidine,Apraclonidine,1.0,15,15,exact,exact,Apraclonidine,False,False,False,False,1.0,True,True,0,1,,,,[H]N1CCN=C1Nc1c(Cl)cc(N([H])[H])cc1Cl
aprocitentan_cid25099191,,,aprocitentan_cid25099191.png,low,low,0.2185778351835317,invalid,,,,,,invalid,invalid,,False,False,False,False,,False,,,,,,,NS(=O)(=O)NC1=C23=C4(NS(N)(=O)=O)=C(C(=NC=N4)OCCOC4=N(=C5(=NC=C(Br)C=N5)OCCOC2=NC=N1)C=C(Br)C=N4)C1=C2=C345=CC=C(Br)C=C4=C(=C15)C(Br)=C2
ar_67_cid6712744,,,ar_67_cid6712744.png,high,high,0.8781347011330534,exact,Ar-67,Ar-67,1.0,34,34,exact,exact,Ar-67,False,False,False,False,1.0,True,True,0,1,,,,CC[C@@]1(O)C(=O)OCc2c1cc1n(c2=O)Cc2c-1nc1ccc(O)cc1c2[Si](C)(C)C(C)(C)C
aranidipine_cid2225,,,aranidipine_cid2225.png,high,high,0.9022999393683255,exact,Aranidipine,Aranidipine,1.0,28,28,exact,exact,Aranidipine,False,False,False,False,1.0,True,True,0,1,,,,COC(=O)C1=C(C)NC(C)=C(C(=O)OCC(C)=O)C1c1ccccc1[N+](=O)[O-]
argipressin_cid644077,,,argipressin_cid644077.png,low,low,0.0007430143201782151,invalid,,,,,,invalid,invalid,,False,False,False,False,,False,,,,,,,[H]N[CH]123C4=O=C15NC(C(=O)N([CH]CNC(CCCN=C)C(=O)NCC(N)=O)CC)CSSCC1(N)(C([H])=O)C6=CC=CC(CC7=CC=C(O)C=C7)C7=O=C(=O)(C(CC8=CC=C(O)C=C8)C8=CC=CC=C8)N[CH]89C(C(N7)C87=O=C9(=O)N[CH]89(CCC(N)=O)C(CC(N)=O)C(N7)C87=O=C9(=O)N2([H])[CH]45(C3C(N)=O)N7[H])C61
aripiprazole_lauroxil_cid49831411,,,aripiprazole_lauroxil_cid49831411.png,high,high,0.9113881360746361,exact,Aripiprazole Lauroxil,Aripiprazole Lauroxil,1.0,45,45,exact,exact,Aripiprazole Lauroxil,False,False,False,False,1.0,True,True,0,1,,,,CCCCCCCCCCCC(=O)OCN1C(=O)CCc2ccc(OCCCCN3CCN(c4cccc(Cl)c4Cl)CC3)cc21
arterolane_cid10475633,,,arterolane_cid10475633.png,high,high,0.8583039803902827,wrong,,Arterolane,0.957,28,28,exact,exact,Arterolane,False,True,False,False,1.0,False,False,3,3,[HH].[H],,,CC(C)(N)CNC(=O)CC1CCC2(CC1)OOC1(O2)C2CC3CC(C2)CC1C3.[HH].[H] |^1:29|
arv_471_cid134562533,,,arv_471_cid134562533.png,low,low,0.4892603062819027,wrong,,Arv-471,0.756,54,54,wrong,wrong,,False,False,False,False,0.756,False,False,4,1,,,,CC(=C/C=C(\C)N1CCC(CN2CCN(c3ccc4c(c3)CN([C@H]3CCC(=O)NC3=O)C4=O)CC2)CC1)[C@@H]1c2ccc(O)cc2CC[C@@H]1c1ccccc1
ascomycin_cid5282071,,,ascomycin_cid5282071.png,low,low,0.8162807455104995,stereo,Ascomycin,Ascomycin,1.0,56,56,stereo,stereo,Ascomycin,False,False,False,False,1.0,True,True,0,1,,,,[H]C(=C(C)[C@H]1OC(=O)[C@@]2([H])CCCCN2C(=O)C(=O)[C@]2(O)O[C@]([H])([C@@H](OC)C[C@@H](C)C/C(C)=C/[C@@H](CC)C(=O)C[C@H](O)[C@H]1C)[C@@H](OC)C[C@H]2C)[C@@H]1CC[C@@H](O)[C@H](OC)C1
asimadoline_cid179340,,,asimadoline_cid179340.png,high,high,0.896705317561441,exact,Asimadoline,Asimadoline,1.0,31,31,exact,exact,Asimadoline,False,False,False,False,1.0,True,True,0,1,,,,CN(C(=O)C(c1ccccc1)c1ccccc1)[C@H](CN1CC[C@H](O)C1)c1ccccc1
asundexian_cid135206011,,,asundexian_cid135206011.png,high,high,0.9029162188020854,wrong,,Asundexian,0.987,41,41,exact,exact,Asundexian,False,True,False,False,1.0,False,False,4,3,[HH].[HH],,,CC[C@@H](C(=O)Nc1ccc(C(N)=O)c(F)c1)n1cc(OC)c(-c2cc(Cl)ccc2-n2cc(C(F)(F)F)nn2)cc1=O.[HH].[HH]
azaline_b_cid71587609,,,azaline_b_cid71587609.png,low,low,6.640085960479778e-08,invalid,,,,,,invalid,invalid,,False,False,False,False,,False,,,,,,,CCNCCCC[CH]123C(CCCNC(C)C)C(NC(=O)C(CC(C)C)NC(=O)(=O)[CH]456N[CH]7(C4(N)[CH]NC)C54C589=C%10=C4%11%12(=C=54C5=C%13%14C(=C8%11)=C%12=CC=58(=C%10%134)NC45=NN=C(N)N4C4(=N=5N=C(N)N4)N%148)C796)C145=O1=C2678=O=C=132(=O=6)N71369C7C%10%11C%12%13C%14C%101N74821%10C32C3C47C(C8=O%15=C%16%17%18=O=C=%15(=O)(N%15[CH]%19(C[CH]%15%20(C)C(N)(=O)=O=C%19%20(N)=O=C(N)C(C)N8)N%16)[CH]4%12%1761C3%14%11[CH]7%13%189%10)N25
azamulin_cid16072188,,,azamulin_cid16072188.png,low,low,0.5917449074329468,invalid,,,,,,invalid,invalid,,False,False,False,False,,False,,,,,,,[HH].[H].[H].[H].[H]C12C(=O)CCC13CCC1C[CH](OC(=O)CSC4=NNC(N)=N4)(CC(C)(CC)C(O)C3C)C12C
azd8871_cid71558565,,,azd8871_cid71558565.png,high,high,0.898724900438771,wrong,,Azd8871,0.579,51,52,wrong,wrong,,False,False,False,False,0.579,False,False,2,1,,,,CN(CCCNc1ccc(CNCC(=O)c2ccc(O)c3[nH]c(=O)ccc23)cc1N)C1CCC(OC(=O)C(O)(c2cccs2)c2cccs2)CC1
aztreonam_cid5742832,,,aztreonam_cid5742832.png,high,high,0.8731963816057253,wrong,,Aztreonam,0.982,28,28,exact,exact,Aztreonam,False,True,False,False,1.0,False,False,1,2,[H],,,[H].[H]Nc1nc(/C(=N/OC(C)(C)C(=O)O[H])C(=O)N([H])[C@@H]2C(=O)N(S(=O)(=O)O)[C@H]2C)cs1 |^1:0|
balaglitazone_cid9889200,,,balaglitazone_cid9889200.png,high,high,0.9136692819787318,exact,Balaglitazone,Balaglitazone,1.0,28,28,exact,exact,Balaglitazone,False,False,False,False,1.0,True,True,0,1,,,,Cn1c(COc2ccc(CC3SC(=O)NC3=O)cc2)nc2ccccc2c1=O
balapiravir_cid11691726,,,balapiravir_cid11691726.png,high,high,0.8831377116201992,wrong,,Balapiravir,0.7,35,35,wrong,wrong,,False,False,False,False,0.7,False,False,2,2,[H],,,"CC(C)C(=O)OC[C@@]1(N[N+]=[N-])O[C@@H](n2ccc(N)nc2=O)[C@H](OC(=O)C(C)C)[C@@H]1OC(=O)C(C)C.[H] |^1:9,35|"
balhimycin_cid139586033,,,balhimycin_cid139586033.png,low,low,0.01735262969804948,invalid,,,,,,invalid,invalid,,False,False,False,False,,False,,,,,,,[H]CNCC123OCOC(C)C4(=O)C(C)OC(CC4(C)(C)N)OC45C1(CNC16C7=C(C(O)=CC(O)=C7)C1(O)=O=C6([H])=O)NC(=O)C(C1=CC(O)=C(O)C=C1)NC(=O)C1CC=C(OC6=C(Cl)C=C42C(=C6)C53=CCCl)C(OC2OC(CO)C(O)C(O)C2O)=C(C)OC2=C(Cl)C=C(C=C2)C(O)C(NC(=O)C(CC(C)C)NC)C(=O)NCC(=O)N1
baloxavir_marboxil_cid124081896,,,baloxavir_marboxil_cid124081896.png,low,low,0.7739470220408768,stereo,Baloxavir Marboxil,Baloxavir Marboxil,1.0,40,40,stereo,stereo,Baloxavir Marboxil,False,False,False,False,1.0,True,True,0,1,,,,[H][C@]12COCCN1C(=O)c1c(OCOC(=O)OC)c(=O)ccn1N2[C@@H]1c2ccccc2SCc2c1ccc(F)c2F
barnidipine_cid443869,,,barnidipine_cid443869.png,high,high,0.9089304096205751,exact,Barnidipine,Barnidipine,1.0,36,36,exact,exact,Barnidipine,False,False,False,False,1.0,True,True,0,1,,,,COC(=O)C1=C(C)NC(C)=C(C(=O)O[C@H]2CCN(Cc3ccccc3)C2)[C@H]1c1cccc([N+](=O)[O-])c1
barusiban_cid9832431,,,barusiban_cid9832431.png,low,low,0.004535031453724143,invalid,,,,,,invalid,invalid,,False,False,False,False,,False,,,,,,,O.[H].[H]C1NC2(=O)C3([H])([H])C(CC)C2([H])(C(=O)NC([H])(C)C(CC)C(=O)NC(CCSCCCN)C(=O)N(C)C(CO)CCCN)(NC(=O)[CH]24NC5678=O=C(=O=5)(=O=6)(CCS56CC[CH](C(=O)N(C)C(CO)CCCN)(CC5SC6C7)NC(=O)C(CC(N)=O)NC1=O)N28[CH]C4C1=CNC2=CC=CC=C21)[CH]3(C)CC
baxdrostat_cid71535962,,,baxdrostat_cid71535962.png,high,high,0.9167325328081588,exact,Baxdrostat,Baxdrostat,1.0,27,27,exact,exact,Baxdrostat,False,False,False,False,1.0,True,True,0,1,,,,CCC(=O)N[C@@H]1CCCc2c(-c3ccc4c(c3)CCC(=O)N4C)cncc21
bazedoxifene_cid154257,,,bazedoxifene_cid154257.png,high,high,0.8985581501032136,wrong,,Bazedoxifene,0.981,35,35,exact,exact,Bazedoxifene,False,True,False,False,1.0,False,False,4,3,[HH].[HH],,,Cc1c(-c2ccc(O)cc2)n(Cc2ccc(OCCN3CCCCCC3)cc2)c2ccc(O)cc12.[HH].[HH]
beauvericin_cid3007984,,,beauvericin_cid3007984.png,high,high,0.8784735439643934,exact,Beauvericin,Beauvericin,1.0,57,57,exact,exact,Beauvericin,False,False,False,False,1.0,True,True,0,1,,,,CC(C)[C@H]1OC(=O)[C@H](Cc2ccccc2)N(C)C(=O)[C@@H](C(C)C)OC(=O)[C@H](Cc2ccccc2)N(C)C(=O)[C@@H](C(C)C)OC(=O)[C@H](Cc2ccccc2)N(C)C1=O
becampanel_cid5491960,,,becampanel_cid5491960.png,high,high,0.9027693244456181,exact,Becampanel,Becampanel,1.0,22,22,exact,exact,Becampanel,False,False,False,False,1.0,True,True,0,1,,,,[H]OP(=O)(O)CN([H])Cc1cc([N+](=O)[O-])cc2[nH]c(=O)c(=O)n([H])c12
beclabuvir_cid56934415,,,beclabuvir_cid56934415.png,low,low,0.01002430138023128,invalid,,,,,,invalid,invalid,,False,False,False,False,,False,,,,,,,[H]C12CC1(C(=O)N1C3([H])C4CC56789([H])[H]C3%10%11CN(C)(C5)(C%106)C7C18([H])CC4%119)CN1C3=C(C=CC(C(=O)NS(=O)(=O)N(C)C)=C3)C(C3CCCCC3)=C1C1=C2C=C(OC)C=C1
befunolol_cid2309,,,befunolol_cid2309.png,high,high,0.9140327153103379,exact,Befunolol,Befunolol,1.0,21,21,exact,exact,Befunolol,False,False,False,False,1.0,True,True,0,1,,,,[H]OC(COc1cccc2cc(C(C)=O)oc12)CN([H])C(C)C
belvarafenib_cid89655386,,,belvarafenib_cid89655386.png,low,low,0.7882709331447288,wrong,,Belvarafenib,0.97,33,33,exact,exact,Belvarafenib,False,True,False,False,1.0,False,False,5,4,[HH].[HH].[H],,,Cc1ccc2c(Nc3cccc(Cl)c3F)nccc2c1NC(=O)c1csc2c(N)ncnc12.[HH].[HH].[H] |^1:35|
benidipine_cid656668,,,benidipine_cid656668.png,high,high,0.9076901696551115,exact,Benidipine,Benidipine,1.0,37,37,exact,exact,Benidipine,False,False,False,False,1.0,True,True,0,1,,,,COC(=O)C1=C(C)NC(C)=C(C(=O)O[C@@H]2CCCN(Cc3ccccc3)C2)[C@@H]1c1cccc([N+](=O)[O-])c1
benperidol_cid16363,,,benperidol_cid16363.png,high,high,0.8763391011494605,exact,Benperidol,Benperidol,1.0,28,28,exact,exact,Benperidol,False,False,False,False,1.0,True,True,0,1,,,,O=C(CCCN1CCC(n2c(=O)[nH]c3ccccc32)CC1)c1ccc(F)cc1
benznidazole_cid31593,,,benznidazole_cid31593.png,low,low,0.8057126455706511,invalid,,,,,,invalid,invalid,,False,False,False,False,,False,,,,,,,O=C(CN1C=CN=C1N(=O)O)NCC1=CC=CC=C1.[HH]
benzphetamine_hydrochloride_cid11558159,,,benzphetamine_hydrochloride_cid11558159.png,high,high,0.8994043140957114,exact,Benzphetamine Hydrochloride,Benzphetamine Hydrochloride,1.0,19,19,exact,exact,Benzphetamine Hydrochloride,False,False,False,False,1.0,True,True,0,2,,,,C[C@@H](Cc1ccccc1)N(C)Cc1ccccc1.[H]Cl
beraprost_sodium_cid23663404,,,beraprost_sodium_cid23663404.png,low,low,0.5222242834499785,wrong,,Beraprost Sodium,0.778,30,30,wrong,wrong,,False,False,False,False,0.778,False,False,2,2,,,,[H]C(=C[C@H]1[C@H](O)C[C@]2([H])Oc3c(CCCC(=O)[O-])cccc3[C@@]12[H])[C@@H](O)C(C)CC=CC.[Na+]
berninamycin_a_cid91617669,,,berninamycin_a_cid91617669.png,low,low,0.0001628880622541981,invalid,,,,,,invalid,invalid,,False,False,False,False,,False,,,,,,,[H]OC(C)C1([H])NC(=O)C2=C(=C34(=C5N3=C(C3=C(C6=NC(NC7(=O)[H]C7=C)=CO6)N=C(C(=O)NC(=C)C(=O)NC(=C)C(N)=O)C=C3)[SH]54)C(=O)C([H])N3C456=C([H])(C)C34(=C([H])C)(C1=O)N513OC(C)=C1(C([H])(=O)NC([H])(CNC(=C)NC(=O)(=CC(=C)C)NC145=C=C1(=O=4)[H]5)C(C)(C)O)C63=O)S2
besifovir_cid5270766,,,besifovir_cid5270766.png,high,high,0.8775715158311882,wrong,,Besifovir,0.977,20,20,exact,exact,Besifovir,False,True,False,False,1.0,False,False,3,4,[H].[H].[H],,,"[H].[H].[H].[H]OP(=O)(O)COC1(Cn2cnc3cnc(N)nc32)CC1 |^1:0,1,2|"
betahistine_cid2366,,,betahistine_cid2366.png,high,high,0.8861430748300871,exact,Betahistine,Betahistine,1.0,10,10,exact,exact,Betahistine,False,False,False,False,1.0,True,True,0,1,,,,[H]N(C)CCc1ccccn1
bethanechol_cid2370,,,bethanechol_cid2370.png,high,high,0.9027512725182398,exact,Bethanechol,Bethanechol,1.0,11,11,exact,exact,Bethanechol,False,False,False,False,1.0,True,True,0,1,,,,[H]N([H])C(=O)OC([H])(C)C[N+](C)(C)C
bexarotene_cid82146,,,bexarotene_cid82146.png,high,high,0.903480509076479,exact,Bexarotene,Bexarotene,1.0,26,26,exact,exact,Bexarotene,False,False,False,False,1.0,True,True,0,1,,,,C=C(c1ccc(C(=O)O)cc1)c1cc2c(cc1C)C(C)(C)CCC2(C)C
biotin_cid171548,,,biotin_cid171548.png,high,high,0.8696229348726376,exact,Biotin,Biotin,1.0,16,16,exact,exact,Biotin,False,False,False,False,1.0,True,True,0,1,,,,[H]OC(=O)CCCC[C@@H]1SC[C@]2([H])N([H])C(=O)N([H])[C@]12[H]
bismuth_subgallate_cid73415769,,,bismuth_subgallate_cid73415769.png,high,high,0.8612857351091888,wrong,,Bismuth Subgallate,0.92,13,14,near,near,,False,False,False,False,0.92,False,False,3,4,[H].[H],,,"O=C(O)c1cc([O-])c([O-])c(O)c1.[H].[H].[H][O-] |^1:12,13|"
bleomycin_b2_cid5496540,,,bleomycin_b2_cid5496540.png,low,low,0.00858684835519791,wrong,,Bleomycin B2,0.899,97,98,near,near,,False,False,False,False,0.899,False,False,3,1,,,,[H]NC(=O)C[C@@H](NC[C@@H](N[H])C(=O)N[H])c1nc(CN[C@H](C(=O)N[C@@H](C)C(O)[C@H](C)C(=O)N[C@H](C(=O)NCCc2nc(-c3nc(C(=O)NCCCC/N=C(/N)N[H])cs3)cs2)[C@H](C)O)[C@H](O[C@H]2O[C@@H](CO)[C@@H](O)[C@@H](O)[C@H]2O[C@H]2O[C@H](CO)[C@@H](O)[C@@H](OC(N)=O)[C@H]2O)c2cnc[nH]2)c(C)c(N[H])n1
bolasterone_cid102146,,,bolasterone_cid102146.png,high,high,0.8622544269013884,exact,Bolasterone,Bolasterone,1.0,23,23,exact,exact,Bolasterone,False,False,False,False,1.0,True,True,0,1,,,,[H][C@]12CC[C@@]3(C)[C@@]([H])(CC[C@]3(C)O)[C@]1([H])[C@H](C)CC1=CC(=O)CC[C@@]12C
boric_acid_cid7628,,,boric_acid_cid7628.png,high,high,0.8544568738468333,exact,Boric Acid,Boric Acid,1.0,4,4,exact,exact,Boric Acid,False,False,False,False,1.0,True,True,0,1,,,,[H]OB(O[H])O[H]
brilacidin_cid25023695,,,brilacidin_cid25023695.png,low,low,0.004736630544002709,invalid,,,,,,invalid,invalid,,False,False,False,False,,False,,,,,,,[H]NC(N)=NCCCCC(=O)NC1=C234OC5CNCC5C5CC(CN5)OC5=C2(NC(=O)CCCCN=C(N)N[H])C=C26C7=C53N3C58(=O=C39(=O=5)C3=N5=C89(=C3)N=C5)NC=74=CC3(=C1)C21(F)FC36(F)(F)(F)F1
brivanib_cid11234052,,,brivanib_cid11234052.png,high,high,0.8954504977449652,wrong,,Brivanib,0.965,27,27,exact,exact,Brivanib,False,True,False,False,1.0,False,False,3,3,[HH].[H],,,Cc1cc2c(F)c(Oc3ncnn4cc(OC[C@@H](C)O)c(C)c34)ccc2[nH]1.[HH].[H] |^1:28|
brivudine_cid446727,,,brivudine_cid446727.png,high,high,0.8751440934671045,exact,Brivudine,Brivudine,1.0,19,19,exact,exact,Brivudine,False,False,False,False,1.0,True,True,0,1,,,,[H]/C(Br)=C(/[H])c1cn([C@H]2C[C@H](O)[C@@H](CO)O2)c(=O)n([H])c1=O
brodifacoum_cid54680676,,,brodifacoum_cid54680676.png,high,high,0.9146069618520531,wrong,,Brodifacoum,0.98,35,35,exact,exact,Brodifacoum,False,True,False,False,1.0,False,False,1,2,[H],,,O=c1oc2ccccc2c(O)c1C1CC(c2ccc(-c3ccc(Br)cc3)cc2)Cc2ccccc21.[H] |^1:35|
bupranolol_cid2475,,,bupranolol_cid2475.png,high,high,0.8975958802704314,exact,Bupranolol,Bupranolol,1.0,18,18,exact,exact,Bupranolol,False,False,False,False,1.0,True,True,0,1,,,,[H]OC(CNC(C)(C)C)COc1cc(C)ccc1Cl
butenafine_cid2484,,,butenafine_cid2484.png,high,high,0.9043020764597898,exact,Butenafine,Butenafine,1.0,24,24,exact,exact,Butenafine,False,False,False,False,1.0,True,True,0,1,,,,CN(Cc1ccc(C(C)(C)C)cc1)Cc1cccc2ccccc12
c_c_dimethyl_n_n_tricyclo_8_2_2_24_7_hexadeca_4_6_10_12_13_1_cid71474517,,,c_c_dimethyl_n_n_tricyclo_8_2_2_24_7_hexadeca_4_6_10_12_13_1_cid71474517.png,low,low,0.1710735304478305,wrong,,"C,C'-Dimethyl N,N'-(tricyclo(8.2.2.24,7)hexadeca-4,6,10,12,13,15-hexaene-5,11-diylbis(1H-benzimidazole-6,2-diyl((2S,3aS,7aS)-octahydro-1H-indole-2,1-diyl)((1S)-1-(1-methylethyl)-2-oxo-2,1-ethanediyl)))bis(carbamate)",0.607,61,74,wrong,wrong,,False,False,False,False,0.607,False,False,23,1,,,,[H][C@@]12CCCC[C@@]1([H])N(C(=O)[C@@H](NC(=O)OC)C(C)C)[C@]([H])(c1nc3cc(/C=C/Cc4ccc5nc([C@@]6([H])C[C@@]7([H])CCCC[C@@]7([H])N6C(=O)[C@@H](NC(=O)OC)C(C)C)[nH]c5c4)ccc3[nH]1)C2
calcium_chloride_cid5284359,,,calcium_chloride_cid5284359.png,high,high,0.880625684657298,wrong,,Calcium Chloride,0.333,3,3,wrong,wrong,,False,False,False,False,0.333,False,False,0,3,,[Cl-],,[Ca+].[Cl-].[Cl-] |^1:0|
canfosfamide_cid5312109,,,canfosfamide_cid5312109.png,high,high,0.8800661530413296,wrong,,Canfosfamide,0.969,47,47,exact,exact,Canfosfamide,False,True,False,False,1.0,False,False,5,5,[HH].[H].[H].[H],,,"N[C@@H](CCC(=O)N[C@@H](CS(=O)(=O)CCOP(=O)(N(CCCl)CCCl)N(CCCl)CCCl)C(=O)N[C@@H](C(=O)O)c1ccccc1)C(=O)O.[HH].[H].[H].[H] |^1:48,49,50|"
cannabidiol_cid644019,,,cannabidiol_cid644019.png,low,low,0.7218780672186139,stereo,Cannabidiol,Cannabidiol,1.0,23,23,stereo,stereo,Cannabidiol,False,False,False,False,1.0,True,True,0,1,,,,[H]Oc1cc(CCCCC)cc(O)c1[C@@]1([H])C=C(C)CC[C@H]1C(=C)C
canrenone_cid13789,,,canrenone_cid13789.png,low,low,0.1909215677876261,invalid,,,,,,invalid,invalid,,False,False,False,False,,False,,,,,,,[H]C12C=CC3=CC(=O)CCC3(C)C13([H])CCC1(C)C(C3)C3(C)C4(CCC(=O)O4)CCC132[H]
cantharidin_cid5944,,,cantharidin_cid5944.png,low,low,0.1688013481209141,invalid,,,,,,invalid,invalid,,False,False,False,False,,False,,,,,,,[H]C123CCC456([H])[H]C7(C4C1)C1(C)(C(=O)OC(=O)C21C)C735O6
captopril_cid44093,,,captopril_cid44093.png,high,high,0.8651494862649308,exact,Captopril,Captopril,1.0,14,14,exact,exact,Captopril,False,False,False,False,1.0,True,True,0,1,,,,[H]OC(=O)[C@@H]1CCCN1C(=O)[C@H](C)CS[H]
carbachol_cid5831,,,carbachol_cid5831.png,high,high,0.893272507832549,exact,Carbachol,Carbachol,1.0,11,11,exact,exact,Carbachol,False,False,False,False,1.0,True,True,0,2,,,,[Cl-].[H]NC(=O)OCC[N+](C)(C)C
carbenicillin_cid20824,,,carbenicillin_cid20824.png,high,high,0.8868781187832742,exact,Carbenicillin,Carbenicillin,1.0,26,26,exact,exact,Carbenicillin,False,False,False,False,1.0,True,True,0,1,,,,[H]N(C(=O)C(C(=O)O)c1ccccc1)[C@@H]1C(=O)N2[C@@H](C(=O)O)C(C)(C)S[C@]12[H]
carisbamate_cid6918474,,,carisbamate_cid6918474.png,high,high,0.8881383863072566,exact,Carisbamate,Carisbamate,1.0,14,14,exact,exact,Carisbamate,False,False,False,False,1.0,True,True,0,1,,,,[H]NC(=O)OC[C@@H](O[H])c1ccccc1Cl
carmegliptin_cid11417567,,,carmegliptin_cid11417567.png,high,high,0.8886204805580848,exact,Carmegliptin,Carmegliptin,1.0,27,27,exact,exact,Carmegliptin,False,False,False,False,1.0,True,True,0,1,,,,[H]N[C@H]1C[C@@]2([H])c3cc(OC)c(OC)cc3CCN2C[C@@H]1N1C[C@@H](CF)CC1=O
carnosine_cid439224,,,carnosine_cid439224.png,high,high,0.8742416002844985,wrong,,Carnosine,0.974,16,16,exact,exact,Carnosine,False,True,False,False,1.0,False,False,1,2,[H],,,[H].[H]NCCC(=O)N([H])[C@@H](Cc1cncn1[H])C(=O)O[H] |^1:0|
carumonam_cid6540466,,,carumonam_cid6540466.png,high,high,0.8724534754559855,wrong,,Carumonam,0.984,30,30,exact,exact,Carumonam,False,True,False,False,1.0,False,False,4,5,[H].[H].[H].[H],,,"[H].[H].[H].[H].[H]N(C(=O)/C(=N\OCC(=O)O)c1csc(N)n1)[C@@H]1C(=O)N(S(=O)(=O)O)[C@@H]1COC(N)=O |^1:0,1,2,3|"
cefaclor_cid51039,,,cefaclor_cid51039.png,low,low,0.838420299475734,wrong,,Cefaclor,0.922,35,24,near,exact,,False,False,False,True,0.922,False,False,21,2,,,NC(=O)[C@H](N)c1ccccc1,[H]NC(=O)[C@H](N[H])c1ccccc1.[H]OC(=O)C1=C(Cl)CS[C@]2([H])[C@H](N([H])C(=O)[C@H](N)c3ccccc3)C(=O)N12
cefamandole_cid456255,,,cefamandole_cid456255.png,high,high,0.8884238320018291,exact,Cefamandole,Cefamandole,1.0,31,31,exact,exact,Cefamandole,False,False,False,False,1.0,True,True,0,1,,,,[H][C@]12SCC(CSc3nnnn3C)=C(C(=O)O)N1C(=O)[C@H]2NC(=O)[C@H](O)c1ccccc1
cefdinir_cid6915944,,,cefdinir_cid6915944.png,high,high,0.8903415735338994,exact,Cefdinir,Cefdinir,1.0,26,26,exact,exact,Cefdinir,False,False,False,False,1.0,True,True,0,1,,,,[H]O/N=C(\C(=O)N([H])[C@@H]1C(=O)N2C(C(=O)O[H])=C(C=C)CS[C@]12[H])c1csc(N)n1
cefiderocol_cid77843966,,,cefiderocol_cid77843966.png,low,low,0.6848301903726546,invalid,,,,,,invalid,invalid,,False,False,False,False,,False,,,,,,,[HH].[H].[H]C12SCC(CN3(CCNC(=O)C4=C(Cl)C(O)=C(O)C=C4)CCCC3)=C(C(=O)[O-])N1C(=O)C2NC(=O)C(=NOC(C)(C)C(=O)O)C1=CSC(N)=N1
cefilavancin_cid76960417,,,cefilavancin_cid76960417.png,low,low,9.213508260927616e-11,invalid,,,,,,invalid,invalid,,False,False,False,False,,False,,,,,,,C[CH]O[CH]C12[CH]34C[CH]1356O[CH]13C(O)[CH]1(O)(C3O)[CH]1(CO)O[CH]137(O)C218(O[CH]13(O)(O4)O8)[CH]57(O)(OCC=CCC(NC[CH]NC[CH]NCC(CCC)NC)C1=O=N1CC=CC(O)=C(O)C(O)CCCONC(C(=O)NC1=C2N(C1=O)C(C(=O)[O-])C(C[N+]1=CC=CC=C1)=C1S[SH]12)C1C=[SH]C(N)=N1)C6O.O
cefixime_cid5362065,,,cefixime_cid5362065.png,high,high,0.8649114654367496,wrong,,Cefixime,0.97,30,30,exact,exact,Cefixime,False,True,False,False,1.0,False,False,4,4,[HH].[H].[H],,,"[HH].[H].[H].[H]N(C(=O)/C(=N\OCC(=O)O)c1csc(N)n1)[C@@H]1C(=O)N2C(C(=O)O)=C(C=C)CS[C@]12[H] |^1:1,2|"
cefmetazole_cid42008,,,cefmetazole_cid42008.png,high,high,0.8624318064334237,exact,Cefmetazole,Cefmetazole,1.0,30,30,exact,exact,Cefmetazole,False,False,False,False,1.0,True,True,0,1,,,,[H][C@]12SCC(CSc3nnnn3C)=C(C(=O)O)N1C(=O)[C@]2(NC(=O)CSCC#N)OC
cefoperazone_cid44187,,,cefoperazone_cid44187.png,low,low,0.4498320678489434,stereo,Cefoperazone,Cefoperazone,1.0,44,44,stereo,stereo,Cefoperazone,False,False,False,False,1.0,True,True,0,1,,,,[H][C@@]12SCC(CSc3nnnn3C)=C(C(=O)O)N1C(=O)[C@H]2NC(=O)[C@H](NC(=O)N1CCN(CC)C(=O)C1=O)c1ccc(O)cc1
cefotaxime_cid5742673,,,cefotaxime_cid5742673.png,low,low,0.4658209611232323,wrong,,Cefotaxime,0.97,30,30,stereo,stereo,Cefotaxime,False,True,False,False,1.0,False,False,4,4,[HH].[H].[H],,,"[HH].[H].[H].[H][C@@]12SCC(COC(C)=O)=C(C(=O)O)N1C(=O)[C@H]2NC(=O)/C(=N\OC)c1csc(N)n1 |^1:1,2|"
cefotetan_cid53025,,,cefotetan_cid53025.png,low,low,0.7253945429845945,wrong,,Cefotetan,0.986,36,36,exact,exact,Cefotetan,False,True,False,False,1.0,False,False,3,4,[H].[H].[H],,,"[H].[H].[H].[H]C1(C(=O)N[C@]2(OC)C(=O)N3C(C(=O)O)=C(CSc4nnnn4C)CS[C@@]32[H])SC(=C(C(N)=O)C(=O)O)S1 |^1:0,1,2|"
cefoxitin_cid441199,,,cefoxitin_cid441199.png,high,high,0.8741800340453683,wrong,,Cefoxitin,0.984,28,28,exact,exact,Cefoxitin,False,True,False,False,1.0,False,False,2,3,[H].[H],,,"[H].[H].[H][C@]12SCC(COC(N)=O)=C(C(=O)O)N1C(=O)[C@]2(NC(=O)Cc1cccs1)OC |^1:0,1|"
cefozopran_cid9571080,,,cefozopran_cid9571080.png,low,low,0.4925092335874434,wrong,,Cefozopran,0.988,35,35,stereo,stereo,Cefozopran,False,True,False,False,1.0,False,False,3,4,[H].[H].[H],,,"[H].[H].[H].[H][C@@]12SCC(C[n+]3ccn4ncccc43)=C(C(=O)[O-])N1C(=O)[C@H]2NC(=O)/C(=N\OC)c1nsc(N)n1 |^1:0,1,2|"
cefprozil_cid62977,,,cefprozil_cid62977.png,low,low,0.6483267424660265,wrong,,Cefprozil,0.667,27,27,wrong,wrong,,False,False,False,False,0.667,False,False,7,5,[HH].[H].[H].[H],,,"[HH].[H].[H].[H].[H][C@]12SCC(CCC)=C(C(=O)O)N1C(=O)[C@H]2NC(=O)[C@H](N)c1ccc(O)cc1 |^1:1,2,3|"
ceftizoxime_cid6533629,,,ceftizoxime_cid6533629.png,high,high,0.8781061180946853,wrong,,Ceftizoxime,0.716,24,25,wrong,wrong,,False,False,False,False,0.716,False,False,3,1,,,,[H]Nc1nc(/C(CN([H])[C@@H]2C(=O)N3C(C(=O)O[H])=CCS[C@]23[H])=N/OC)cs1
centanafadine_cid16095349,,,centanafadine_cid16095349.png,low,low,0.8279801835126555,exact,Centanafadine,Centanafadine,1.0,16,16,exact,exact,Centanafadine,False,False,False,False,1.0,True,True,0,1,,,,[H]N1C[C@@]2([H])C[C@@]2(c2ccc3ccccc3c2)C1
cephaloridine_cid5773,,,cephaloridine_cid5773.png,high,high,0.8886855361042023,exact,Cephaloridine,Cephaloridine,1.0,28,28,exact,exact,Cephaloridine,False,False,False,False,1.0,True,True,0,1,,,,[H][C@]12SCC(C[n+]3ccccc3)=C(C(=O)[O-])N1C(=O)[C@H]2NC(=O)Cc1cccs1
cephalothin_cid6024,,,cephalothin_cid6024.png,high,high,0.8827629012432194,exact,Cephalothin,Cephalothin,1.0,26,26,exact,exact,Cephalothin,False,False,False,False,1.0,True,True,0,1,,,,[H][C@]12SCC(COC(C)=O)=C(C(=O)O)N1C(=O)[C@H]2NC(=O)Cc1cccs1
chlormadinone_acetate_cid9324,,,chlormadinone_acetate_cid9324.png,low,low,0.7855546279713186,exact,Chlormadinone Acetate,Chlormadinone Acetate,1.0,28,28,exact,exact,Chlormadinone Acetate,False,False,False,False,1.0,True,True,0,1,,,,[H][C@@]12C=C(Cl)C3=CC(=O)CC[C@]3(C)[C@@]1([H])CC[C@@]1(C)[C@@]2([H])CC[C@]1(OC(C)=O)C(C)=O
chloroeremomycin_cid445806,,,chloroeremomycin_cid445806.png,low,low,5.804729418562155e-10,invalid,,,,,,invalid,invalid,,False,False,False,False,,False,,,,,,,O.[H]C1CNC([H])C(OC2[CH]N([H])C([H])([H])C2)CC=CC2=C3ClC3=C3=C4567=C89=C4%10%11(CCl)=C84%12C8(CN1)NC(=O)[CH]NC1N(CCC(N)=O)C%13(=O)[CH]%14%15NC%16%17=O=C(=O)(N[CH]1%13%18[CH]%141(O)O[CH]%15%18%13CC%14=CCO%15C%18%19%20%21=C5%22C%15%105(=C%18(O[CH][CH]O[CH]O[CH]C)CO2)(=C=6%19C38%2294%11(=C=%20%125)O7)O%21CC=CC%141%13)[CH]%16(CC(C)C)(NC)C(C(C)C)C%17NC
chlorotrianisene_cid11289,,,chlorotrianisene_cid11289.png,high,high,0.9081560911288769,exact,Chlorotrianisene,Chlorotrianisene,1.0,27,27,exact,exact,Chlorotrianisene,False,False,False,False,1.0,True,True,0,1,,,,COc1ccc(C(Cl)=C(c2ccc(OC)cc2)c2ccc(OC)cc2)cc1
chlorozotocin_cid451706,,,chlorozotocin_cid451706.png,high,high,0.8805134179143874,wrong,,Chlorozotocin,0.974,20,20,exact,exact,Chlorozotocin,False,True,False,False,1.0,False,False,2,3,[H].[H],,,"[H].[H].[H]O[C@@H]([C@H](O)[C@H](O)CO)[C@@H](NC(=O)N(CCCl)N=O)C([H])=O |^1:0,1|"
chlorprothixene_cid667467,,,chlorprothixene_cid667467.png,high,high,0.8792555899726471,wrong,,Chlorprothixene,0.617,21,21,wrong,wrong,,False,False,False,False,0.617,False,False,0,1,,,,[H]/C(CCN(C)C)=C1\c2ccccc2[S-]c2ccc(Cl)cc21 |^1:14|
chlorzoxazone_cid2733,,,chlorzoxazone_cid2733.png,high,high,0.896636702674032,exact,Chlorzoxazone,Chlorzoxazone,1.0,11,11,exact,exact,Chlorzoxazone,False,False,False,False,1.0,True,True,0,1,,,,[H]n1c(=O)oc2ccc(Cl)cc21
cilagicin_cid171038003,,,cilagicin_cid171038003.png,low,low,2.709561276293667e-08,invalid,,,,,,invalid,invalid,,False,False,False,False,,False,,,,,,,CCCCCCCCCCCCCCN[CH]CN1[CH]234C5OC[CH]NC[CH]NCCNC(=O)C(Cc6=CC=CC=C6)NCCNC[CH]NC[CH]NCCNC(=O)C(CC(=O)O)NC(=O)[CH]6(NC(=O)C(CO)C7C89=O=C7(N8)C9CCCCCCCCCCCC)C(CN)[CH]67NC2(=O)(O)[CH]5132C41=O=C2(=O)N[CH]23C4CNC(N)C[CH]427C3CN1
cilazapril_cid56330,,,cilazapril_cid56330.png,low,low,0.8391193739394209,exact,Cilazapril,Cilazapril,1.0,30,30,exact,exact,Cilazapril,False,False,False,False,1.0,True,True,0,1,,,,[H]OC(=O)[C@@H]1CCCN2CCC[C@H](N[C@@H](CCc3ccccc3)C(=O)OCC)C(=O)N12
cinnarizine_cid1547484,,,cinnarizine_cid1547484.png,high,high,0.9112193073283524,exact,Cinnarizine,Cinnarizine,1.0,28,28,exact,exact,Cinnarizine,False,False,False,False,1.0,True,True,0,1,,,,[H]/C(CN1CCN(C(c2ccccc2)c2ccccc2)CC1)=C(/[H])c1ccccc1
citrulline_cid9750,,,citrulline_cid9750.png,high,high,0.8568096902127768,wrong,,Citrulline,0.96,12,12,exact,exact,Citrulline,False,True,False,False,1.0,False,False,1,2,[H],,,[H].[H]NC(=O)N([H])CCC[C@H](N[H])C(=O)O |^1:0|
clavulanic_acid_cid5280980,,,clavulanic_acid_cid5280980.png,high,high,0.8933785943094626,exact,Clavulanic Acid,Clavulanic Acid,1.0,14,14,exact,exact,Clavulanic Acid,False,False,False,False,1.0,True,True,0,1,,,,[H]OC/C([H])=C1\O[C@]2([H])CC(=O)N2[C@H]1C(=O)O[H]
clazosentan_cid6433095,,,clazosentan_cid6433095.png,high,high,0.9043854616374254,wrong,,Clazosentan,0.973,41,41,exact,exact,Clazosentan,False,True,False,False,1.0,False,False,3,3,[HH].[H],,,COc1ccccc1Oc1c(NS(=O)(=O)c2ccc(C)cn2)nc(-c2ccnc(-c3nn[nH]n3)c2)nc1OCCO.[HH].[H] |^1:42|
clocortolone_cid5311052,,,clocortolone_cid5311052.png,low,low,0.8377906339519686,exact,Clocortolone,Clocortolone,1.0,28,28,exact,exact,Clocortolone,False,False,False,False,1.0,True,True,0,1,,,,[H]O[C@H]1C[C@]2(C)[C@@H](C(=O)CO)[C@H](C)C[C@@]2([H])[C@]2([H])C[C@H](F)C3=CC(=O)C=C[C@]3(C)[C@@]12Cl
clotrimazole_cid2812,,,clotrimazole_cid2812.png,high,high,0.8997861857612505,exact,Clotrimazole,Clotrimazole,1.0,25,25,exact,exact,Clotrimazole,False,False,False,False,1.0,True,True,0,1,,,,Clc1ccccc1C(c1ccccc1)(c1ccccc1)n1ccnc1
clovibactin_cid146342518,,,clovibactin_cid146342518.png,low,low,0.2874145381137714,stereo,Clovibactin,Clovibactin,1.0,64,64,stereo,stereo,Clovibactin,False,False,False,False,1.0,True,True,0,1,,,,[H]NC(=O)[C@@H]1OC(=O)[C@H](CC(C)C)NC(=O)[C@H](CC(C)C)NC(=O)[C@H](C)NC(=O)[C@@H]1NC(=O)[C@H](CO)NC(=O)[C@H](CCCCN)NC(=O)[C@H](CC(C)C)NC(=O)[C@H](Cc1ccccc1)N[H]
cloxacillin_cid6098,,,cloxacillin_cid6098.png,high,high,0.9060605169071986,exact,Cloxacillin,Cloxacillin,1.0,29,29,exact,exact,Cloxacillin,False,False,False,False,1.0,True,True,0,1,,,,[H][C@]12SC(C)(C)[C@H](C(=O)O)N1C(=O)[C@H]2NC(=O)c1c(-c2ccccc2Cl)noc1C
contezolid_cid25184541,,,contezolid_cid25184541.png,high,high,0.8980120483420629,exact,Contezolid,Contezolid,1.0,29,29,exact,exact,Contezolid,False,False,False,False,1.0,True,True,0,1,,,,O=C1C=CN(c2c(F)cc(N3C[C@H](CNc4ccon4)OC3=O)c(F)c2F)CC1
coprexa_cid5245480,,,coprexa_cid5245480.png,low,low,0.4271726942589568,wrong,,Coprexa,0.1,5,5,wrong,wrong,,False,False,False,False,0.1,False,True,0,1,,,,"[H][S-][Mo](=[S])(=[S])[S-][H] |C:1.1,5.4|"
creatine_cid586,,,creatine_cid586.png,high,high,0.8799656370985784,wrong,,Creatine,0.72,9,9,charge,charge,Creatine,False,False,False,False,0.72,True,True,0,1,,,,[H]/N=C(\N[H])N(C)CC(=O)O[H]
crenolanib_cid10366136,,,crenolanib_cid10366136.png,high,high,0.9008127431910967,wrong,,Crenolanib,0.969,33,33,exact,exact,Crenolanib,False,True,False,False,1.0,False,False,3,3,[HH].[H],,,CC1(COc2ccc3c(c2)ncn3-c2ccc3cccc(N4CCC(N)CC4)c3n2)COC1.[HH].[H] |^1:34|
cycloguanil_cid9049,,,cycloguanil_cid9049.png,high,high,0.8587277537896276,wrong,,Cycloguanil,0.968,17,17,exact,exact,Cycloguanil,False,True,False,False,1.0,False,False,2,3,[H].[H],,,"CC1(C)N=C(N)N=C(N)N1c1ccc(Cl)cc1.[H].[H] |^1:17,18|"
cyclopropane_cid6351,,,cyclopropane_cid6351.png,high,high,0.863172994918185,exact,Cyclopropane,Cyclopropane,1.0,3,3,exact,exact,Cyclopropane,False,False,False,False,1.0,True,True,0,1,,,,C1CC1
cystine_cid67678,,,cystine_cid67678.png,low,low,0.8284381682822557,wrong,,(-)-Cystine,0.944,14,14,exact,exact,(-)-Cystine,False,True,False,False,1.0,False,False,3,4,[H].[H].[H],,,"[H].[H].[H].[H]N[C@@H](CSSC[C@H](N[H])C(=O)O)C(=O)O |^1:0,1,2|"
dabrafenib_cid44462760,,,dabrafenib_cid44462760.png,high,high,0.9011097543450135,exact,Dabrafenib,Dabrafenib,1.0,35,35,exact,exact,Dabrafenib,False,False,False,False,1.0,True,True,0,1,,,,CC(C)(C)c1nc(-c2cccc(NS(=O)(=O)c3c(F)cccc3F)c2F)c(-c2ccnc(N)n2)s1
dantrolene_cid6914273,,,dantrolene_cid6914273.png,high,high,0.9088228303869131,exact,Dantrolene,Dantrolene,1.0,23,23,exact,exact,Dantrolene,False,False,False,False,1.0,True,True,0,1,,,,[H]/C(=N\N1CC(=O)NC1=O)c1ccc(-c2ccc([N+](=O)[O-])cc2)o1
danuglipron_tromethamine_cid154702463,,,danuglipron_tromethamine_cid154702463.png,high,high,0.8796801568487028,exact,Danuglipron Tromethamine,Danuglipron Tromethamine,1.0,49,49,exact,exact,Danuglipron Tromethamine,False,False,False,False,1.0,True,True,0,2,,,,N#Cc1ccc(COc2cccc(C3CCN(Cc4nc5ccc(C(=O)O)cc5n4C[C@@H]4CCO4)CC3)n2)c(F)c1.NC(CO)(CO)CO
dapivirine_cid214347,,,dapivirine_cid214347.png,high,high,0.9117410577991114,wrong,,Dapivirine,0.976,25,25,exact,exact,Dapivirine,False,True,False,False,1.0,False,False,1,2,[H],,,Cc1cc(C)c(Nc2ccnc(Nc3ccc(C#N)cc3)n2)c(C)c1.[H] |^1:25|
darobactin_cid154586077,,,darobactin_cid154586077.png,low,low,2.43105578842856e-17,invalid,,,,,,invalid,invalid,,False,False,False,False,,False,,,,,,,[H]OCC1C2NC3456=O=C([H])(C)C(C78C9C%10%11CC9%10=C9%10%12%13%14(N)=C%11%15%16=C9%11C%109%17OC%10C=CC%18(CC(=O)N%19CC%20%21([H])C%19%22C%19(CC%22(N)=O)C%20%22=O%20=N%22%12(C%19%219=O)C%17%139=O=%15%12=C(C=%12(O)CCC7%12C7OC%123%13(OC%13=N2C1C(C)OC41([H])CC%165([H])(C)C1(=O)O)C78)N%20%119%14)NC%18=C%10)C6([H])[H]
darolutamide_cid67171867,,,darolutamide_cid67171867.png,high,high,0.8905598194092454,wrong,,Darolutamide,0.984,28,28,exact,exact,Darolutamide,False,True,False,False,1.0,False,False,2,3,[H].[H],,,"[H].[H].[H]C(C)(O)c1cc(C(=O)N[C@@H](C)Cn2ccc(-c3ccc(C#N)c(Cl)c3)n2)n[nH]1 |^1:0,1|"
delamanid_cid6480466,,,delamanid_cid6480466.png,high,high,0.9015340580030747,exact,Delamanid,Delamanid,1.0,38,38,exact,exact,Delamanid,False,False,False,False,1.0,True,True,0,1,,,,C[C@]1(COc2ccc(N3CCC(Oc4ccc(OC(F)(F)F)cc4)CC3)cc2)Cn2cc([N+](=O)[O-])nc2O1
delapril_cid5362116,,,delapril_cid5362116.png,low,low,0.6965893533409574,exact,Delapril,Delapril,1.0,33,33,exact,exact,Delapril,False,False,False,False,1.0,True,True,0,1,,,,CCOC(=O)[C@H](CCc1ccccc1)N[C@@H](C)C(=O)N(CC(=O)O)C1Cc2ccccc2C1
delavirdine_cid5625,,,delavirdine_cid5625.png,high,high,0.9016359294624102,wrong,,Delavirdine,0.984,32,32,exact,exact,Delavirdine,False,True,False,False,1.0,False,False,2,2,[HH],,,CC(C)Nc1cccnc1N1CCN(C(=O)c2cc3cc(NS(C)(=O)=O)ccc3[nH]2)CC1.[HH]
deldeprevir_cid56935739,,,deldeprevir_cid56935739.png,low,low,0.0007296030095604258,invalid,,,,,,invalid,invalid,,False,False,False,False,,False,,,,,,,[H]C1=C2([H])[H]C3=C4([H])CCCCC[CH]56CC7(=O)=O=C(N8CCCC(F)(F)C8)(CC(C5CCCC14)C14=O=C65(=O=1)N1C[CH]6(OC8=CC(C9=NC(C(C)C)=CS9)=NC9=C8C=CC(OC)=C9C)CN45C1(O)(C6)C(=O)NC1(C(=O)NS(=O)(=O)C4CC4)CC312[H])N71CCCC(F)(F)C1
demoxytocin_cid449224,,,demoxytocin_cid449224.png,low,low,0.5828818793767371,wrong,,Demoxytocin,0.409,67,68,wrong,wrong,,False,False,False,False,0.409,False,False,2,1,,,,[H]C(=O)C[C@H](NC(=O)[C@H](CCC(N)=O)NC(=O)[C@@]([H])(NC(=O)[C@H](Cc1ccc(O)cc1)NC(=O)CCS)[C@@H](C)CC)C(=O)N[C@@H](CS)C(=O)N1CCC[C@H]1C(=O)N[C@@H](CC(C)C)C(=O)NCC(N)=O
desferrithiocin_cid135564781,,,desferrithiocin_cid135564781.png,low,low,0.4009233474277656,wrong,,Desferrithiocin,0.688,17,17,wrong,wrong,,False,False,False,False,0.688,False,False,1,2,[H],,,"C[C@]1(C(=O)[O][Na+])CSC(c2ncccc2O)=N1.[H] |^1:17,5|"
desoximetasone_cid5311067,,,desoximetasone_cid5311067.png,high,high,0.8747156257042071,exact,Desoximetasone,Desoximetasone,1.0,27,27,exact,exact,Desoximetasone,False,False,False,False,1.0,True,True,0,1,,,,[H]O[C@H]1C[C@]2(C)[C@@H](C(=O)CO)[C@H](C)C[C@@]2([H])[C@]2([H])CCC3=CC(=O)C=C[C@]3(C)[C@@]12F
desvenlafaxine_succinate_cid6918664,,,desvenlafaxine_succinate_cid6918664.png,high,high,0.8688021713715857,wrong,,Desvenlafaxine Succinate,0.976,28,28,exact,exact,Desvenlafaxine Succinate,False,True,False,False,1.0,False,False,4,7,[H].[H].[H].[H],,,"CN(C)CC(c1ccc(O)cc1)C1(O)CCCCC1.O.O=C(O)CCC(=O)O.[H].[H].[H].[H] |^1:28,29,30,31|"
detirelix_cid16129698,,,detirelix_cid16129698.png,low,low,0.0007325005209925992,invalid,,,,,,invalid,invalid,,False,False,False,False,,False,,,,,,,CC1=CNC2=CC=CC=C12.[H][H](NC(=O)NC(CO)C(=O)NC(CC1=CC=C(O)C=C1)C(=O)N[CH]1(C(=O)NC(CC(C)C)C(=O)NC(CCCNC(=N)N)C(=O)N2CCCC2C(=O)NC(C)C(N)=O)CCCCN=C(NCC)(NCC)=N(=C(N)NCC)CCCC1)C(=O)[CH]NC(=O)C(CC1=CC2=CC=CC=C2C=C1)NC(C)=O
dexpanthenol_cid131204,,,dexpanthenol_cid131204.png,high,high,0.875069225641111,wrong,,Dexpanthenol,0.964,14,14,exact,exact,Dexpanthenol,False,True,False,False,1.0,False,False,2,3,[H].[H],,,"CC(C)(CO)[C@@H](O)C(=O)NCCCO.[H].[H] |^1:14,15|"
dibekacin_cid470999,,,dibekacin_cid470999.png,low,low,0.835301602446934,wrong,,Dibekacin,1.0,31,31,exact,exact,Dibekacin,False,True,False,False,1.0,False,False,10,11,[H].[H].[H].[H].[H].[H].[H].[H].[H].[H],,,"[H].[H].[H].[H].[H].[H].[H].[H].[H].[H].[H]N[C@@H]1C[C@H](N)[C@@H](O[C@H]2O[C@H](CN)CC[C@H]2N)[C@H](O)[C@H]1O[C@H]1O[C@H](CO)[C@@H](O[H])[C@H](N)[C@H]1O |^1:0,1,2,3,4,5,6,7,8,9|"
dibrospidium_chloride_cid72114,,,dibrospidium_chloride_cid72114.png,high,high,0.8735963543389442,exact,Dibrospidium Chloride,Dibrospidium Chloride,1.0,28,28,exact,exact,Dibrospidium Chloride,False,False,False,False,1.0,True,True,0,3,,[Cl-],,O=C(CCBr)N1CC[N+]2(CC1)CC[N+]1(CCN(C(=O)CCBr)CC1)CC2.[Cl-].[Cl-]
diclazuril_cid456389,,,diclazuril_cid456389.png,high,high,0.9145938037918573,exact,Diclazuril,Diclazuril,1.0,26,26,exact,exact,Diclazuril,False,False,False,False,1.0,True,True,0,1,,,,[H]n1c(=O)cnn(-c2cc(Cl)c(C(C#N)c3ccc(Cl)cc3)c(Cl)c2)c1=O
dicloxacillin_cid18381,,,dicloxacillin_cid18381.png,high,high,0.9020960948273293,exact,Dicloxacillin,Dicloxacillin,1.0,30,30,exact,exact,Dicloxacillin,False,False,False,False,1.0,True,True,0,1,,,,[H]OC(=O)[C@@H]1N2C(=O)[C@@H](NC(=O)c3c(-c4c(Cl)cccc4Cl)noc3C)[C@@]2([H])SC1(C)C
dideoxycytidine_cid24066,,,dideoxycytidine_cid24066.png,low,low,0.8398422759749476,wrong,,Dideoxycytidine,0.974,15,15,exact,exact,Dideoxycytidine,False,True,False,False,1.0,False,False,4,3,[HH].[HH],,,[HH].[HH].[H]OC[C@@H]1CC[C@H](n2ccc(N)nc2=O)O1
diethylpropion_hydrochloride_cid91442,,,diethylpropion_hydrochloride_cid91442.png,high,high,0.9239174148410785,exact,Diethylpropion Hydrochloride,Diethylpropion Hydrochloride,1.0,16,16,exact,exact,Diethylpropion Hydrochloride,False,False,False,False,1.0,True,True,0,2,,,,CCN(CC)C(C)C(=O)c1ccccc1.[H]Cl
difamilast_cid57855696,,,difamilast_cid57855696.png,high,high,0.905887874568952,exact,Difamilast,Difamilast,1.0,32,32,exact,exact,Difamilast,False,False,False,False,1.0,True,True,0,1,,,,CCOc1ccccc1C(=O)NCc1coc(-c2ccc(OC(F)F)c(OC(C)C)c2)n1
difetarsone_sodium_anhydrous_cid68198,,,difetarsone_sodium_anhydrous_cid68198.png,high,high,0.8756849306170469,wrong,,Difetarsone sodium anhydrous,0.862,26,26,salt,salt,Difetarsone sodium anhydrous,False,True,True,False,0.893,False,False,5,5,[HH].[HH],[Na+],,O=[As]([O-])(O)c1ccc(NCCNc2ccc([As](=O)(O)O)cc2)cc1.[HH].[HH].[Na+].[Na+]
diflucortolone_valerate_cid91670,,,diflucortolone_valerate_cid91670.png,low,low,0.6568467072042035,stereo,Diflucortolone Valerate,Diflucortolone Valerate,1.0,34,34,stereo,stereo,Diflucortolone Valerate,False,False,False,False,1.0,True,True,0,1,,,,[H]O[C@H]1C[C@]2(C)[C@@H](C(=O)COC(=O)CCCC)[C@H](C)C[C@@]2([H])[C@@]2([H])C[C@H](F)C3=CC(=O)C=C[C@]3(C)[C@@]12F
difluprednate_cid443936,,,difluprednate_cid443936.png,low,low,0.349157520347264,stereo,Difluprednate,Difluprednate,1.0,36,36,stereo,stereo,Difluprednate,False,False,False,False,1.0,True,True,0,1,,,,[H]O[C@H]1C[C@@]2(C)[C@@]([H])(CC[C@]2(OC(=O)CCC)C(=O)COC(C)=O)[C@@]2([H])C[C@H](F)C3=CC(=O)C=C[C@]3(C)[C@@]12F
digitonin_cid6474107,,,digitonin_cid6474107.png,low,low,0.002491442149716953,wrong,,Digitonin,0.385,75,85,wrong,wrong,,False,False,False,False,0.385,False,False,29,1,,,,"[H]O[C@@H]1[C@@H](O)[C@@H](O[C@@H]2[C@@H](O)[C@@H](O[C@H]3[C@@H](O[C@H]4[C@@H](O)[C@H](O)[C@@H](O[C@H]5C[C@@]6([H])CC[C@@]([H])([C]([H])[C](O)[C]([H])O[C]OC[CH]C)[C]([H])[C@@]6([H])C[C@H]5O)O[C@@H]4CO)O[C@H](CO)[C@H](O)[C@H]3O[C@H]3OC[C@@H](O)[C@@H](O)[C@@H]3O)O[C@H](CO)[C@H]2O)O[C@H](CO)[C@H]1O |^1:30,32,34,40,42,^2:37|"
dihydroergotamine_cid10531,,,dihydroergotamine_cid10531.png,low,low,0.5769007290019567,stereo,Dihydroergotamine,Dihydroergotamine,1.0,43,43,stereo,stereo,Dihydroergotamine,False,False,False,False,1.0,True,True,0,1,,,,[H][C@]12CCCN1C(=O)[C@H](Cc1ccccc1)N1C(=O)[C@](C)(NC(=O)[C@H]3CN(C)[C@@]4([H])Cc5c[nH]c6cccc(c56)[C@@]4([H])C3)O[C@]12O
dimethyl_fumarate_cid637568,,,dimethyl_fumarate_cid637568.png,high,high,0.88153503921127,exact,Dimethyl Fumarate,Dimethyl Fumarate,1.0,10,10,exact,exact,Dimethyl Fumarate,False,False,False,False,1.0,True,True,0,1,,,,[H]/C(C(=O)OC)=C(/[H])C(=O)OC
dinaciclib_cid46926350,,,dinaciclib_cid46926350.png,high,high,0.8947878400521041,exact,Dinaciclib,Dinaciclib,1.0,29,29,exact,exact,Dinaciclib,False,False,False,False,1.0,True,True,0,1,,,,CCc1cnn2c(NCc3ccc[n+]([O-])c3)cc(N3CCCC[C@H]3CCO)nc12
diphenyl_diselenide_cid15460,,,diphenyl_diselenide_cid15460.png,high,high,0.8672089182187764,exact,Diphenyl diselenide,Diphenyl diselenide,1.0,14,14,exact,exact,Diphenyl diselenide,False,False,False,False,1.0,True,True,0,1,,,,c1ccc([Se][Se]c2ccccc2)cc1
diquafosol_cid148197,,,diquafosol_cid148197.png,low,low,0.7937335885486303,wrong,,Diquafosol,0.695,58,49,wrong,wrong,,False,False,False,False,0.695,False,False,29,9,,O.OP.OP,,O.O.O=P(O)(O)OP.O=c1ccn([C@@H]2O[C@H](CO)[C@H](O)[C@@H]2O)c(=O)[nH]1.O=c1ccn([C@@H]2O[C@H](COP(=O)(O)OP)[C@H](O)[C@H]2O)c(=O)[nH]1.OP.OP.OP.[H]OP(=O)(O)O
diroximel_fumarate_cid73330464,,,diroximel_fumarate_cid73330464.png,high,high,0.8958384237212581,exact,Diroximel Fumarate,Diroximel Fumarate,1.0,18,18,exact,exact,Diroximel Fumarate,False,False,False,False,1.0,True,True,0,1,,,,[H]/C(C(=O)OC)=C(/[H])C(=O)OCCN1C(=O)CCC1=O
distigmine_cid3116,,,distigmine_cid3116.png,high,high,0.9110830048983405,exact,Distigmine,Distigmine,1.0,30,30,exact,exact,Distigmine,False,False,False,False,1.0,True,True,0,1,,,,CN(CCCCCCN(C)C(=O)Oc1ccc[n+](C)c1)C(=O)Oc1ccc[n+](C)c1
dolasetron_mesylate_cid3033817,,,dolasetron_mesylate_cid3033817.png,low,low,0.7339022632636621,wrong,,Dolasetron mesylate,0.544,29,29,wrong,wrong,,False,False,False,False,0.544,False,False,4,4,[H].[H],,,"CS(=O)(=O)O.[H].[H].[H][C]1CC(OC(=O)c2c[nH]c3ccccc23)CC2([H])NCC(=O)C(C1)N2 |^1:5,6,8|"
doxapram_cid3156,,,doxapram_cid3156.png,high,high,0.9012998154203173,exact,Doxapram,Doxapram,1.0,28,28,exact,exact,Doxapram,False,False,False,False,1.0,True,True,0,1,,,,[H]C1(CCN2CCOCC2)CN(CC)C(=O)C1(c1ccccc1)c1ccccc1
dromostanolone_cid6011,,,dromostanolone_cid6011.png,high,high,0.8499542386718872,exact,Dromostanolone,Dromostanolone,1.0,22,22,exact,exact,Dromostanolone,False,False,False,False,1.0,True,True,0,1,,,,[H][C@@]12CC[C@]3([H])[C@]([H])(CC[C@]4(C)[C@@H](O)CC[C@@]34[H])[C@@]1(C)C[C@@H](C)C(=O)C2
dsm_265_cid51347395,,,dsm_265_cid51347395.png,high,high,0.8866336973161257,wrong,,Dsm-265,0.848,27,27,wrong,wrong,,False,False,False,False,0.848,False,False,5,1,,,,Cc1cc(Nc2ccc(S(F)(F)(F)(F)F)cc2)n2nc(C(F)(F)F)nc2n1
duocarmycin_sa_cid115369,,,duocarmycin_sa_cid115369.png,low,low,0.2069573961751864,invalid,,,,,,invalid,invalid,,False,False,False,False,,False,,,,,,,[H]C123CN(C(=O)C4=CC5=CC(OC)=C(OC)C(OC)=C5N4)C4=CC(=O)C5=C(C=C(C(=O)OC)N5)C415C2C35
eberconazole_cid72051,,,eberconazole_cid72051.png,high,high,0.8893909036301503,exact,Eberconazole,Eberconazole,1.0,22,22,exact,exact,Eberconazole,False,False,False,False,1.0,True,True,0,1,,,,Clc1cc(Cl)c2c(c1)CCc1ccccc1C2n1ccnc1
ecabet_sodium_cid23663982,,,ecabet_sodium_cid23663982.png,high,high,0.888017795218405,wrong,,Ecabet sodium,0.759,27,27,wrong,wrong,,False,False,False,False,0.759,False,True,0,1,,,,"[H][C@@]12CCc3cc(C(C)C)c(S(=O)(=O)[O-][Na+])cc3[C@@]1(C)CCC[C@@]2(C)C(=O)O |15,C:14.14|"
echinocandin_b_cid9898144,,,echinocandin_b_cid9898144.png,low,low,6.936419756907103e-06,invalid,,,,,,invalid,invalid,,False,False,False,False,,False,,,,,,,[H]NC123C(C(=O)O)C14(NCCCCCCCC([H])=C([H])CC([H])=CCCCCC)(C2C(=O)C1C(O)(O)NC([H])(C(C)O)C1(N)CC(=O)O[H])C3(NC(C(C)O)C(O)C(N)=O)=O=C4(=O)NC(C(=O)N12CC(C)[CH]3(O)C456([H])C78=O=C4(=O=7)(N8)C314([H])[CH]5(O)C(C)C2N64C([H])=O)C(C)O
elinogrel_cid16066663,,,elinogrel_cid16066663.png,high,high,0.8799204834841303,exact,Elinogrel,Elinogrel,1.0,34,34,exact,exact,Elinogrel,False,False,False,False,1.0,True,True,0,1,,,,CNc1cc2[nH]c(=O)n(-c3ccc(NC(=O)NS(=O)(=O)c4ccc(Cl)s4)cc3)c(=O)c2cc1F
elinzanetant_cid16063568,,,elinzanetant_cid16063568.png,high,high,0.8514969338159601,stereo,Elinzanetant,Elinzanetant,1.0,47,47,stereo,stereo,Elinzanetant,False,False,False,False,1.0,True,True,0,1,,,,[H][C@@]12COCCN1C[C@@H](CO)N(c1cc(-c3ccc(F)cc3C)c(N(C)C(=O)C(C)(C)c3cc(C(F)(F)F)cc(C(F)(F)F)c3)cn1)C2
eliprodil_cid60703,,,eliprodil_cid60703.png,high,high,0.9029474834851153,wrong,,Eliprodil,0.976,24,24,exact,exact,Eliprodil,False,True,False,False,1.0,False,False,1,2,[H],,,OC(CN1CCC(Cc2ccc(F)cc2)CC1)c1ccc(Cl)cc1.[H] |^1:24|
elmustine_cid68804,,,elmustine_cid68804.png,high,high,0.8853290930987668,exact,Elmustine,Elmustine,1.0,12,12,exact,exact,Elmustine,False,False,False,False,1.0,True,True,0,1,,,,[H]OCCNC(=O)N(CCCl)N=O
elobixibat_cid9939892,,,elobixibat_cid9939892.png,high,high,0.9003752229739483,exact,Elobixibat,Elobixibat,1.0,48,48,exact,exact,Elobixibat,False,False,False,False,1.0,True,True,0,1,,,,CCCCC1(CCCC)CN(c2ccccc2)c2cc(SC)c(OCC(=O)N[C@@H](C(=O)NCC(=O)O)c3ccccc3)cc2S(=O)(=O)C1
elsubrutinib_cid117773770,,,elsubrutinib_cid117773770.png,high,high,0.8981378958033431,exact,Elsubrutinib,Elsubrutinib,1.0,22,22,exact,exact,Elsubrutinib,False,False,False,False,1.0,True,True,0,1,,,,[H]NC(=O)c1ccc([C@]2([H])CCCN(C(=O)C=C)C2)c2ccn([H])c12
eluxadoline_cid11250029,,,eluxadoline_cid11250029.png,high,high,0.8628798861407185,wrong,,Eluxadoline,0.986,42,42,exact,exact,Eluxadoline,False,True,False,False,1.0,False,False,5,6,[H].[H].[H].[H].[H],,,"COc1ccc(CN(C(=O)[C@@H](N)Cc2c(C)cc(C(N)=O)cc2C)[C@@H](C)c2ncc(-c3ccccc3)[nH]2)cc1C(=O)O.[H].[H].[H].[H].[H] |^1:42,43,44,45,46|"
enadoline_cid60768,,,enadoline_cid60768.png,high,high,0.9057248844847865,exact,Enadoline,Enadoline,1.0,29,29,exact,exact,Enadoline,False,False,False,False,1.0,True,True,0,1,,,,CN(C(=O)Cc1cccc2occc12)[C@H]1CC[C@@]2(CCCO2)C[C@@H]1N1CCCC1
enisamium_iodide_cid10089466,,,enisamium_iodide_cid10089466.png,high,high,0.8943248497597373,exact,Enisamium Iodide,Enisamium Iodide,1.0,18,18,exact,exact,Enisamium Iodide,False,False,False,False,1.0,True,True,0,2,,,,C[n+]1ccc(C(=O)NCc2ccccc2)cc1.[I-]
enmetazobactam_cid23653540,,,enmetazobactam_cid23653540.png,high,high,0.8704340476266248,exact,Enmetazobactam,Enmetazobactam,1.0,21,21,exact,exact,Enmetazobactam,False,False,False,False,1.0,True,True,0,1,,,,[H][C@@]12CC(=O)N1[C@@H](C(=O)[O-])[C@](C)(Cn1cc[n+](C)n1)S2(=O)=O
epidermin_cid70698381,,,epidermin_cid70698381.png,low,low,1.53820298861498e-19,invalid,,,,,,invalid,invalid,,False,False,False,False,,False,,,,,,,CC[CH]C1OC1OC(C)C(O)[CH]123O[CH]1456OC1[CH]7(C(O)[CH]O[CH][CH]O[CH]OC8C9O%10[CH]O9[CH]8%10[CH]O[CH]C(O)C(O)[CH]O[CH]C(O)[CH]89O[CH]8(O)C9O)CSC7[CH]247O[CH]375(O)[CH]62(O)OC2C(CCCCC=C(N)N)C(O)C(O)[CH]2(O)C(O)[CH]12C
eplerenone_cid443872,,,eplerenone_cid443872.png,low,low,0.4683612139478592,stereo,Eplerenone,Eplerenone,1.0,30,30,stereo,stereo,Eplerenone,False,False,False,False,1.0,True,True,0,1,,,,[H][C@@]12CC[C@@]3(CCC(=O)O3)[C@@]1(C)C[C@]1([H])O[C@@]13[C@@]2([H])[C@H](C(=O)OC)CC1=CC(=O)CC[C@@]13C
eprosartan_cid5281037,,,eprosartan_cid5281037.png,high,high,0.8714914401404159,wrong,,Eprosartan,0.667,30,30,wrong,wrong,,False,False,False,False,0.667,False,False,0,1,,,,[H]/C(=C(/CC1=CC=C[S-]1)C(=O)O)c1cnc(CCCC)n1Cc1ccc(C(=O)O)cc1 |^1:8|
eptazocine_cid3042090,,,eptazocine_cid3042090.png,low,low,0.2816087775676368,invalid,,,,,,invalid,invalid,,False,False,False,False,,False,,,,,,,[H]C123CN(C)CCC45(C)CCN(C)C1C4(CC1=C5C=C(O)C=C1)(C2)C3
equilin_cid223368,,,equilin_cid223368.png,high,high,0.888663076450693,exact,Equilin,Equilin,1.0,20,20,exact,exact,Equilin,False,False,False,False,1.0,True,True,0,1,,,,[H][C@]12CC[C@]3(C)C(=O)CC[C@@]3([H])C1=CCc1cc(O)ccc12
eremomycin_cid122131,,,eremomycin_cid122131.png,low,low,2.334488499290991e-05,invalid,,,,,,invalid,invalid,,False,False,False,False,,False,,,,,,,O.O.[H]C1CN2[CH]C3(NC3C)[CH]2(NC)CN1.[H]NC1([H])CC(O[CH]CC=CCOC2=CC=C(C(=O)NC3CC=CC(O)C456=C(O)C=CC3=C4C53=C64CC=C5C=C43(O)O5)NCC(CC(N)=O)NCC(NC(=O)C(CC(C)C)NC)C(O)CC=CCOCC2O[CH][CH]O[CH]O[CH]C)[CH]OC(C)C1O
eritoran_cid6912404,,,eritoran_cid6912404.png,low,low,8.634598584878997e-10,invalid,,,,,,invalid,invalid,,False,False,False,False,,False,,,,,,,O.O.O.[H]C1(CCCCCC)[H]C1([H])CCCCCCCCCC(=O)NC1C(OCC2O[CH]34OC5(=O)=O=C(CC6=O=C7(=O)(CCCCC8CCCCC(C)CCCCCC8CCCCC67)C5)O[CH]35[CH]36(O)[CH]7(OC)[CH]38OCCC3CCC9C%10C(CCCC3CO[CH]245786)C9C2C34CC2(C3)C%104)OC(OP)C(O)C1OCCC(CCCCCCC)OC.[O-]O
erythritol_cid222285,,,erythritol_cid222285.png,high,high,0.8892010748789769,wrong,,Erythritol,0.9,8,8,exact,exact,Erythritol,False,True,False,False,1.0,False,False,1,2,[H],,,[H].[H]OC[C@@H](O)[C@@H](O)CO[H] |^1:0|
esorubicin_cid152036,,,esorubicin_cid152036.png,high,high,0.8914810832048989,exact,Esorubicin,Esorubicin,1.0,38,38,exact,exact,Esorubicin,False,False,False,False,1.0,True,True,0,1,,,,[H]Oc1c2c(c(O[H])c3c1C(=O)c1cccc(OC)c1C3=O)[C@@H](O[C@H]1C[C@H](N)C[C@H](C)O1)C[C@](O)(C(=O)CO)C2
ethyl_pyruvate_cid12041,,,ethyl_pyruvate_cid12041.png,high,high,0.892795723841885,exact,Ethyl pyruvate,Ethyl pyruvate,1.0,8,8,exact,exact,Ethyl pyruvate,False,False,False,False,1.0,True,True,0,1,,,,CCOC(=O)C(C)=O
etonogestrel_cid6917715,,,etonogestrel_cid6917715.png,low,low,0.8312060742818129,wrong,,Etonogestrel,0.981,24,24,exact,exact,Etonogestrel,False,True,False,False,1.0,False,False,1,2,[H],,,[H].[H][C@@]12CC[C@@](O)(C#C)[C@@]1(CC)CC(=C)[C@@]1([H])[C@@]2([H])CCC2=CC(=O)CC[C@@]21[H] |^1:0|
evobrutinib_cid71479709,,,evobrutinib_cid71479709.png,high,high,0.9077179108871102,exact,Evobrutinib,Evobrutinib,1.0,32,32,exact,exact,Evobrutinib,False,False,False,False,1.0,True,True,0,1,,,,C=CC(=O)N1CCC(CNc2ncnc(N)c2-c2ccc(Oc3ccccc3)cc2)CC1
evofosfamide_cid11984561,,,evofosfamide_cid11984561.png,high,high,0.8971326267477941,exact,Evofosfamide,Evofosfamide,1.0,21,21,exact,exact,Evofosfamide,False,False,False,False,1.0,True,True,0,1,,,,[H]N(CCBr)P(=O)(NCCBr)OCc1cnc([N+](=O)[O-])n1C
examorelin_cid6918297,,,examorelin_cid6918297.png,low,low,0.4931422408255219,stereo,Examorelin,Examorelin,1.0,65,65,stereo,stereo,Examorelin,False,False,False,False,1.0,True,True,0,1,,,,[H]NCCCC[C@H](NC(=O)[C@@H](Cc1ccccc1)NC(=O)[C@@H](Cc1c[nH]c2ccccc12)N([H])C(=O)[C@H](C)NC(=O)[C@H](Cc1c(C)[nH]c2ccccc12)NC(=O)[C@H](Cc1cncn1[H])N[H])C(=O)N[H]
ezlopitant_cid188927,,,ezlopitant_cid188927.png,low,low,0.0446393672707751,invalid,,,,,,invalid,invalid,,False,False,False,False,,False,,,,,,,[H]C1(C(C2=CC=CC=C2)C2=CC=CC=C2)[CH]2(NCC3=C(OC)C=CC(C(C)C)=C3)C345CCN6(CC3)C3CC278C2N3479CCC216589
ezogabine_cid121892,,,ezogabine_cid121892.png,high,high,0.886295671562363,wrong,,Ezogabine,0.977,22,22,exact,exact,Ezogabine,False,True,False,False,1.0,False,False,3,4,[H].[H].[H],,,"CCOC(=O)Nc1ccc(NCc2ccc(F)cc2)cc1N.[H].[H].[H] |^1:22,23,24|"
falecalcitriol_cid5282190,,,falecalcitriol_cid5282190.png,high,high,0.8798479646093644,wrong,,Falecalcitriol,0.984,36,36,exact,exact,Falecalcitriol,False,True,False,False,1.0,False,False,3,3,[HH].[H],,,[HH].[H].[H]C(=C1\C[C@@H](O)C[C@H](O)C1=C)/C([H])=C1\CCC[C@@]2(C)[C@@]1([H])CC[C@]2([H])[C@H](C)CCCC(O)(C(F)(F)F)C(F)(F)F |^1:1|
famitinib_cid16662431,,,famitinib_cid16662431.png,high,high,0.8855512109594135,exact,Famitinib,Famitinib,1.0,30,30,exact,exact,Famitinib,False,False,False,False,1.0,True,True,0,1,,,,[H]/C(=C1/C(=O)Nc2ccc(F)cc21)c1[nH]c2c(c1C)C(=O)N(CCN(CC)CC)CC2
fendiline_cid3336,,,fendiline_cid3336.png,high,high,0.8993754863152665,exact,Fendiline,Fendiline,1.0,24,24,exact,exact,Fendiline,False,False,False,False,1.0,True,True,0,1,,,,[H]N(CCC(c1ccccc1)c1ccccc1)C(C)c1ccccc1
fexuprazan_cid122662112,,,fexuprazan_cid122662112.png,high,high,0.9088815403095011,exact,Fexuprazan,Fexuprazan,1.0,28,28,exact,exact,Fexuprazan,False,False,False,False,1.0,True,True,0,1,,,,CNCc1cn(S(=O)(=O)c2cccc(F)c2)c(-c2ccc(F)cc2F)c1OC
finerenone_cid60150535,,,finerenone_cid60150535.png,high,high,0.8939775134903836,exact,Finerenone,Finerenone,1.0,28,28,exact,exact,Finerenone,False,False,False,False,1.0,True,True,0,1,,,,[H]NC(=O)C1=C(C)Nc2c(C)cnc(OCC)c2[C@]1([H])c1ccc(C#N)cc1OC
firocoxib_cid208910,,,firocoxib_cid208910.png,high,high,0.8928455929336505,exact,Firocoxib,Firocoxib,1.0,23,23,exact,exact,Firocoxib,False,False,False,False,1.0,True,True,0,1,,,,CC1(C)OC(=O)C(OCC2CC2)=C1c1ccc(S(C)(=O)=O)cc1
flavoxate_cid3354,,,flavoxate_cid3354.png,high,high,0.8960244019166779,exact,Flavoxate,Flavoxate,1.0,29,29,exact,exact,Flavoxate,False,False,False,False,1.0,True,True,0,1,,,,Cc1c(-c2ccccc2)oc2c(C(=O)OCCN3CCCCC3)cccc2c1=O
flomoxef_cid65864,,,flomoxef_cid65864.png,high,high,0.8926249195440467,wrong,,Flomoxef,0.986,32,32,exact,exact,Flomoxef,False,True,False,False,1.0,False,False,1,2,[H],,,[H].[H][C@]12OCC(CSc3nnnn3CCO)=C(C(=O)O)N1C(=O)[C@]2(NC(=O)CSC(F)F)OC |^1:0|
flotufolastat_cid149063248,,,flotufolastat_cid149063248.png,low,low,3.331882468493555e-05,invalid,,,,,,invalid,invalid,,False,False,False,False,,False,,,,,,,CC1(C)CC2(C)C(C)(C)(C)[Si]12(F)F.CCCN1CCCCC(NC[CH]N)C(=O)(O)[CH](NC2(=O)=O=C(N[CH](=O)C3=CC=CC=C3)[CH]2(CC)NCCCC(CO)CCN(CCN(CC(=O)O)C2CN2C)CC(=O)O)(C(=O)O)CCCCNC1(=O)CCC(=O)NCCCC(N)(C(=O)O)C(=O)CCC(NC=O)C(O)O.O=C(O)[CH]CCC(O)O
fluciclovine_cid10820564,,,fluciclovine_cid10820564.png,low,low,0.6508550938987103,exact,Fluciclovine,Fluciclovine,1.0,9,9,exact,exact,Fluciclovine,False,False,False,False,1.0,True,True,0,1,,,,[H]NC1(C(=O)O[H])CC(F)C1
flucloxacillin_cid21319,,,flucloxacillin_cid21319.png,high,high,0.9023582566079165,exact,Flucloxacillin,Flucloxacillin,1.0,30,30,exact,exact,Flucloxacillin,False,False,False,False,1.0,True,True,0,1,,,,[H]OC(=O)[C@@H]1N2C(=O)[C@@H](NC(=O)c3c(-c4c(F)cccc4Cl)noc3C)[C@@]2([H])SC1(C)C
fluorodopa_cid107730,,,fluorodopa_cid107730.png,high,high,0.8712243980588803,exact,Fluorodopa,Fluorodopa,1.0,15,15,exact,exact,Fluorodopa,False,False,False,False,1.0,True,True,0,1,,,,[H]N[C@@H](Cc1cc(O)c(O)cc1F)C(=O)O[H]
flupirtine_cid53276,,,flupirtine_cid53276.png,high,high,0.8986219877735094,exact,Flupirtine,Flupirtine,1.0,22,22,exact,exact,Flupirtine,False,False,False,False,1.0,True,True,0,1,,,,[H]Nc1nc(N([H])Cc2ccc(F)cc2)ccc1NC(=O)OCC
flurandrenolide_cid15209,,,flurandrenolide_cid15209.png,low,low,0.5205474368934238,stereo,Flurandrenolide,Flurandrenolide,1.0,31,31,stereo,stereo,Flurandrenolide,False,False,False,False,1.0,True,True,0,1,,,,[H]OCC(=O)[C@@]12OC(C)(C)O[C@@]1([H])C[C@@]1([H])[C@]3([H])C[C@H](F)C4=CC(=O)CC[C@]4(C)[C@@]3([H])[C@@H](O)C[C@@]12C
folic_acid_cid135398658,,,folic_acid_cid135398658.png,high,high,0.9018989121047684,wrong,,Folic Acid,0.983,32,32,exact,exact,Folic Acid,False,True,False,False,1.0,False,False,4,4,[HH].[H].[H],,,"Nc1nc2ncc(CNc3ccc(C(=O)N[C@@H](CCC(=O)O)C(=O)O)cc3)nc2c(=O)[nH]1.[HH].[H].[H] |^1:33,34|"
friulimicin_b_cid56842195,,,friulimicin_b_cid56842195.png,low,low,2.868091438101189e-14,invalid,,,,,,invalid,invalid,,False,False,False,False,,False,,,,,,,[H]C#CC1(=O)[CH]23C(C(N)=O)[CH]145NC241=O=C2(=O=1=C2(=O)N1CCCCC1C1=O24=C67NC=289=O=C2(=O)N[CH]%10%11%12%13CNC(O)[CH]O[CH]NC[CH]%14(O)C(C)NC%10=O=C%11%10%15NC(=O)CNC%11(C)[CH]%16%17%18%19NC%16(=O)[CH]%11%16(C([H])([H])C)(C%17(=O)NC%11C2NC(=O)C62(CC2)C7%122[CH]%108[CH]42%159(O1)C%13(CNC%11([H])C)NC%14C)C%181=O=C%19%16([H])(=O)[H]1)N35
fudosteine_cid134669,,,fudosteine_cid134669.png,high,high,0.8743843571617449,exact,Fudosteine,Fudosteine,1.0,11,11,exact,exact,Fudosteine,False,False,False,False,1.0,True,True,0,1,,,,[H]N[C@@H](CSCCCO[H])C(=O)O[H]
fungichromin_cid5282200,,,fungichromin_cid5282200.png,low,low,0.8280275421351839,wrong,,Fungichromin,1.0,47,47,exact,exact,Fungichromin,False,True,False,False,1.0,False,False,9,10,[H].[H].[H].[H].[H].[H].[H].[H].[H],,,"[H].[H].[H].[H].[H].[H].[H].[H].[H].[H]O[C@@H]1[C@H](O)C[C@H](O)C[C@H](O)C[C@H](O)C[C@H](O)C[C@H](O)[C@@]([H])([C@H](O)CCCCC)C(=O)O[C@H](C)[C@@H](O)/C([H])=C([H])/C([H])=C([H])/C([H])=C([H])/C([H])=C([H])/C([H])=C(\C)[C@H]1O |^1:0,1,2,3,4,5,6,7,8|"
gabexate_cid3447,,,gabexate_cid3447.png,high,high,0.8920916074569415,wrong,,Gabexate,0.976,23,23,exact,exact,Gabexate,False,True,False,False,1.0,False,False,6,4,[HH].[HH].[HH],,,CCOC(=O)c1ccc(OC(=O)CCCCCN=C(N)N)cc1.[HH].[HH].[HH]
gadobenate_dimeglumine_cid6918204,,,gadobenate_dimeglumine_cid6918204.png,low,low,0.08247772476757169,invalid,,,,,,invalid,invalid,,False,False,False,False,,False,,,,,,,CNCC(O)C(O)C(O)C(O)CO.C[O-]C(=O)CN(CCN(CC(=O)[O-])CC(=O)O)CCN(CC(=O)O)C(COCC1=CC=CC=C1)C(=O)O.[Gd+3].[Gd+3].[H]C(O)C(O)C(O)C(O)CNC.[H]OC(C(O)CNC)C(O)C(O)CO
gadofosveset_trisodium_cid73049652,,,gadofosveset_trisodium_cid73049652.png,high,high,0.8864283288102368,wrong,,Gadofosveset Trisodium,0.754,55,55,wrong,wrong,,False,False,False,False,0.754,False,False,1,4,,[Na+].[Na+],,O=C([O-])CN(CCN(CC(=O)[O-])CC(COP(=O)([O][Gd+3])OC1CCC(c2ccccc2)(c2ccccc2)CC1)N(CC(=O)[O-])CC(=O)[O-])CC(=O)O.[Na+].[Na+].[Na+]
gadoversetamide_cid444013,,,gadoversetamide_cid444013.png,high,high,0.9107159671759011,wrong,,Gadoversetamide,0.795,36,36,wrong,wrong,,False,False,False,False,0.795,False,False,4,1,,,,COCCNC(=O)CN(CCN(CCN(CC(=O)[O-])CC(=O)NCCOC)CC(=O)[O][GaH2])CC(=O)[O-]
gallidermin_cid73348284,,,gallidermin_cid73348284.png,low,low,4.823262479345927e-24,invalid,,,,,,invalid,invalid,,False,False,False,False,,False,,,,,,,C=C1[CH]2(C3=C4=C3C(C)=CC=C4)[CH]134(C(N)=O)C1C35C3C67[CH]89%10%11[CH]%12%13(CCCCCCC)C%14%15C%16C[CH]%17%18%19C[CH]12%20%21(NC%20C[CH]O[CH]C[CH]C(C)CC1[CH]2%20C(CCCC%22C%23C%24CC%22%24%23)[CH]12%22(CC%22CCC)C%20C(C)=O)C%14%1712N356(C%18%12148%21)C%15%19%13291[CH]7%1023(O)[CH]4(C)(CC%16C5=CC5CCC)[CH]25678(C)[CH]29%10(O)[CH]5%12%13%14[CH]265(O9)[CH]%10%127(O%13)(C%14(C)=O)[CH]4%115318C.O.[CH]CC
garenoxacin_cid124093,,,garenoxacin_cid124093.png,high,high,0.8992570756249436,wrong,,Garenoxacin,0.984,31,31,exact,exact,Garenoxacin,False,True,False,False,1.0,False,False,2,2,[HH],,,C[C@H]1NCc2cc(-c3ccc4c(=O)c(C(=O)O)cn(C5CC5)c4c3OC(F)F)ccc21.[HH]
gedatolisib_cid44516953,,,gedatolisib_cid44516953.png,high,high,0.8994055026926032,exact,Gedatolisib,Gedatolisib,1.0,45,45,exact,exact,Gedatolisib,False,False,False,False,1.0,True,True,0,1,,,,CN(C)C1CCN(C(=O)c2ccc(NC(=O)Nc3ccc(-c4nc(N5CCOCC5)nc(N5CCOCC5)n4)cc3)cc2)CC1
gemeprost_cid5282237,,,gemeprost_cid5282237.png,high,high,0.8839685721141098,stereo,Gemeprost,Gemeprost,1.0,28,28,stereo,stereo,Gemeprost,False,False,False,False,1.0,True,True,0,1,,,,[H]O[C@@H]1CC(=O)[C@H](CCCC/C([H])=C(\[H])C(=O)OC)[C@H]1C([H])=C([H])[C@@H](O)C(C)(C)CCCC
glibornuride_cid12818200,,,glibornuride_cid12818200.png,low,low,0.7943895673522098,stereo,Glibornuride,Glibornuride,1.0,25,25,stereo,stereo,Glibornuride,False,False,False,False,1.0,True,True,0,1,,,,[H][C@]12CC[C@@](C)([C@@H](O)[C@H]1NC(=O)NS(=O)(=O)c1ccc(C)cc1)C2(C)C
glufosfamide_cid123628,,,glufosfamide_cid123628.png,high,high,0.8895677264623226,exact,Glufosfamide,Glufosfamide,1.0,22,22,exact,exact,Glufosfamide,False,False,False,False,1.0,True,True,0,1,,,,[H]O[C@H]1[C@H](OP(=O)(NCCCl)N([H])CCCl)O[C@H](CO)[C@@H](O)[C@@H]1O[H]
granisetron_hydrochloride_cid49799997,,,granisetron_hydrochloride_cid49799997.png,low,low,0.4920995538095995,exact,Granisetron hydrochloride,Granisetron hydrochloride,1.0,24,24,exact,exact,Granisetron hydrochloride,False,False,False,False,1.0,True,True,0,2,,,,[H]Cl.[H][C@]12CCC[C@@]([H])(CC(NC(=O)c3nn(C)c4ccccc34)C1)N2C
grapiprant_cid11677589,,,grapiprant_cid11677589.png,high,high,0.8999414686413388,exact,Grapiprant,Grapiprant,1.0,35,35,exact,exact,Grapiprant,False,False,False,False,1.0,True,True,0,1,,,,CCc1nc2c(C)nc(C)cc2n1-c1ccc(CCNC(=O)NS(=O)(=O)c2ccc(C)cc2)cc1
hydroquinone_cid785,,,hydroquinone_cid785.png,high,high,0.8525794868444924,exact,Hydroquinone,Hydroquinone,1.0,8,8,exact,exact,Hydroquinone,False,False,False,False,1.0,True,True,0,1,,,,Oc1ccc(O)cc1
hydroxynorketamine_cid133669,,,hydroxynorketamine_cid133669.png,low,low,0.8405407388212562,exact,Hydroxynorketamine,Hydroxynorketamine,1.0,16,16,exact,exact,Hydroxynorketamine,False,False,False,False,1.0,True,True,0,1,,,,[H]NC1(c2ccccc2Cl)CCCC(O[H])C1=O
hydroxypyridinone_cid69975,,,hydroxypyridinone_cid69975.png,low,low,0.7721887355069723,exact,Hydroxypyridinone,Hydroxypyridinone,1.0,8,8,exact,exact,Hydroxypyridinone,False,False,False,False,1.0,True,True,0,1,,,,O=c1ccccn1O
hydroxyzine_cid3658,,,hydroxyzine_cid3658.png,high,high,0.9099550200770138,wrong,,Hydroxyzine,0.976,26,26,exact,exact,Hydroxyzine,False,True,False,False,1.0,False,False,2,2,[HH],,,OCCOCCN1CCN(C(c2ccccc2)c2ccc(Cl)cc2)CC1.[HH]
ibogaine_cid197060,,,ibogaine_cid197060.png,low,low,0.5051792929200788,invalid,,,,,,invalid,invalid,,False,False,False,False,,False,,,,,,,[H]C12CC3([H])CC34(CC)N(CCC3=C1NC1=C3C=C(OC)C=C1)C24[H]
idoxuridine_cid5905,,,idoxuridine_cid5905.png,high,high,0.8777558313925542,exact,Idoxuridine,Idoxuridine,1.0,17,17,exact,exact,Idoxuridine,False,False,False,False,1.0,True,True,0,1,,,,[H]O[C@H]1C[C@H](n2cc(I)c(=O)[nH]c2=O)O[C@@H]1CO
idrabiotaparinux_cid16202213,,,idrabiotaparinux_cid16202213.png,low,low,1.016862079049521e-14,invalid,,,,,,invalid,invalid,,False,False,False,False,,False,,,,,,,C[CH][CH]1(C)[CH]234(C)C(C)[CH]5(C)[CH]678N[CH]5629[CH]2(C)N5[CH]26%10[CH]2%11CO[CH]56%12%13CCCCCCCCCCCC5=O=C(=O)(CCCCCCCCCCC[CH]%107%129OC[CH]283[CH]%111%134C)[CH]123C(C)C(CC)[CH]1(CC)[CH]521[CH]24(C)[CH]56C7CC(C7)[CH]52[CH]6341C.[CH]C[CH]C([CH]C(C)[CH]C[CH]C(C)[CH]CC)C(=C)C
iguratimod_cid124246,,,iguratimod_cid124246.png,high,high,0.9050760149929667,exact,Iguratimod,Iguratimod,1.0,26,26,exact,exact,Iguratimod,False,False,False,False,1.0,True,True,0,1,,,,[H]C(=O)N([H])c1coc2cc(NS(C)(=O)=O)c(Oc3ccccc3)cc2c1=O
imidafenacin_cid6433090,,,imidafenacin_cid6433090.png,high,high,0.8953444654807665,exact,Imidafenacin,Imidafenacin,1.0,24,24,exact,exact,Imidafenacin,False,False,False,False,1.0,True,True,0,1,,,,[H]NC(=O)C(CCn1ccnc1C)(c1ccccc1)c1ccccc1
imidapril_cid5464343,,,imidapril_cid5464343.png,low,low,0.8260506730389369,wrong,,Imidapril,0.981,29,29,exact,exact,Imidapril,False,True,False,False,1.0,False,False,1,2,[H],,,CCOC(=O)[C@H](CCc1ccccc1)N[C@@H](C)C(=O)N1C(=O)N(C)C[C@H]1C(=O)O.[H] |^1:29|
imipenem_cid104838,,,imipenem_cid104838.png,high,high,0.8582317235003714,wrong,,Imipenem,0.979,20,20,stereo,stereo,Imipenem,False,True,False,False,1.0,False,False,1,2,[H],,,[H].[H]OC(=O)C1=C(SCC/N=C(\[H])N)C[C@@]2([H])N1C(=O)[C@@]2([H])[C@@H](C)O |^1:0|
iseganan_cid16131103,,,iseganan_cid16131103.png,low,low,4.755124614493975e-09,invalid,,,,,,invalid,invalid,,False,False,False,False,,False,,,,,,,CC1(C)=O2=C3C1C=21N[CH]2456C(S)[CH](C2S)(C42=O=C5(=O)N[CH]457(C)C89(=O)=O=C4%10%11%12=O=8=C548(N%10CC5=O%10=C%13(=O=C=%10(=O)(CN9)N[CH]9%10%14(C%15CC%15C%15NC(=O)N%15)C(CCNC(N)=O)[CH]%15(N%13)C9(CCNC(N)=O)C(N5)C%10(N)=O5=C%15(N)=O=C=5%14(N)=O)CN%11)C59NC547(N9)[CH]8%12N2)N316.N=C(N)NCCCC12=O345=C6789(NC[CH]NC[CH]N[CH]CS)C%10%11C=3%12%13%14%15=O=63=C=4%106%16%17=O=1=7=%12=C=3=5%11(C8%136)(N2%14%16)N9%15%17.O
istaroxime_cid9841834,,,istaroxime_cid9841834.png,low,low,0.5681197438253549,stereo,Istaroxime,Istaroxime,1.0,26,26,stereo,stereo,Istaroxime,False,False,False,False,1.0,True,True,0,1,,,,[H][C@]12CC(=O)[C@@]3([H])C/C(=N/OCCN)CC[C@]3(C)[C@@]1([H])CC[C@]1(C)C(=O)CC[C@@]21[H]
kanglemycin_a_cid139588980,,,kanglemycin_a_cid139588980.png,low,low,0.02592183895490711,invalid,,,,,,invalid,invalid,,False,False,False,False,,False,,,,,,,[H]C1=C(C)OCO[CH]23C[CH]2(C)C(O)C(C(OC(C)=O)C(C)[CH]O[CH]O[CH]C)COC2(C)OC4=C(C2=O)C2=C(C(=O)C(=CC2=O)NC(=O)C(C)=C([H])C([H])=C([H])C3([H])(C(C)OC(=O)C(C)(C)CC(=O)O)C([H])=C1[H])C(O)=C4C
katanosin_b_cid139589288,,,katanosin_b_cid139589288.png,low,low,0.01153637726283356,wrong,,Katanosin B,0.802,81,90,wrong,wrong,,False,False,False,False,0.802,False,False,19,2,,,,O.[H]N[C@H](CC(C)C)C(=O)N[C@@H](CC(C)C)C(=O)N[C@@H]1C(=O)N[C]([H])C(=O)N[C@@H](CC(C)CC)C(=O)N[C@H](CCCN=C(N)N)C(=O)N[C@@H](C(C)C)C(=O)N[C@@]([H])([C@H](C)O)C(=O)NCC(=O)NC([H])([H])C(=O)N[C@@H](CO)C(=O)O[C@@H]1c1ccccc1 |^1:23|
kojic_acid_cid3840,,,kojic_acid_cid3840.png,high,high,0.9030213947252136,exact,Kojic Acid,Kojic Acid,1.0,10,10,exact,exact,Kojic Acid,False,False,False,False,1.0,True,True,0,1,,,,[H]OCc1cc(=O)c(O[H])co1
kp_1019_cid133083029,,,kp_1019_cid133083029.png,high,low,0.8639370903339891,invalid,,,,,,invalid,invalid,,False,False,False,False,,False,,,,,,,C1=CC=C2NN=CC2=C1.C1=CC=C2N[N+]=CC2=C1.C1=NNC2=CC=[Cl-]C=C12.[Cl-].[Cl-].[Cl-].[Cl-].[Cl-].[Cl-].[H].[H].[H]
l_homocysteine_cid91552,,,l_homocysteine_cid91552.png,high,high,0.8586161322438891,exact,L-Homocysteine,L-Homocysteine,1.0,8,8,exact,exact,L-Homocysteine,False,False,False,False,1.0,True,True,0,1,,,,[H]N[C@@H](CCS[H])C(=O)O[H]
l_methylfolate_cid135398561,,,l_methylfolate_cid135398561.png,high,high,0.8831528165283059,wrong,,L-Methylfolate,1.0,33,33,exact,exact,L-Methylfolate,False,True,False,False,1.0,False,False,10,6,[HH].[HH].[HH].[HH].[HH],,,CN1c2c(nc(N)[nH]c2=O)NC[C@@H]1CNc1ccc(C(=O)N[C@@H](CCC(=O)O)C(=O)O)cc1.[HH].[HH].[HH].[HH].[HH]
l_ornithine_cid6262,,,l_ornithine_cid6262.png,high,high,0.8897980782882962,exact,L-(-)-Ornithine,L-(-)-Ornithine,1.0,9,9,exact,exact,L-(-)-Ornithine,False,False,False,False,1.0,True,True,0,1,,,,[H]N[C@@H](CCCN([H])[H])C(=O)O[H]
laidlomycin_cid71454116,,,laidlomycin_cid71454116.png,low,low,0.2934893040916735,wrong,,Laidlomycin,0.685,46,49,wrong,wrong,,False,False,False,False,0.685,False,False,8,1,,,,[H]O[C@@H]1C[C@]2(CC[C@@](C)(C3([H])CC[C@@](C)([C]([H])OC([H])([H])[C@]4([H])O[C@](O)(CO)[C@H](C)C[C@@H]4C)O3)O2)O[C@@]([H])([C@@H](C)[C@@H](OC(=O)CC)[C@H](C)C(=O)O)[C@@H]1C |^1:15|
laninamivir_cid502272,,,laninamivir_cid502272.png,low,low,0.8054474490609286,wrong,,Laninamivir,0.98,24,24,exact,exact,Laninamivir,False,True,False,False,1.0,False,False,6,7,[H].[H].[H].[H].[H].[H],,,"[H].[H].[H].[H].[H].[H].[H]NC(N)=N[C@H]1C=C(C(=O)O)O[C@@]([H])([C@H](OC)[C@H](O)CO)[C@@H]1NC(C)=O |^1:0,1,2,3,4,5|"
lanraplenib_cid118161062,,,lanraplenib_cid118161062.png,high,high,0.8967573320412978,exact,Lanraplenib,Lanraplenib,1.0,33,33,exact,exact,Lanraplenib,False,False,False,False,1.0,True,True,0,1,,,,Nc1cncc(-c2cn3ccnc3c(Nc3ccc(N4CCN(C5COC5)CC4)cc3)n2)n1
lapretolimod_ammonium_cid134687617,,,lapretolimod_ammonium_cid134687617.png,low,low,8.010610921679262e-16,invalid,,,,,,invalid,invalid,,False,False,False,False,,False,,,,,,,CCCCCCCCCCCCCC(=O)CC1OC2C(O)[CH]O3C45O6[CH]78C(O)C(O)C(O)C9O[CH]%10%11([CH]12CCCCCCCCCC)[CH]3(CO[CH]C(C)[CH]C(O)CC1CC1CCCCCCCC)O[CH]4%101O57[CH]968%111.CCCCCCCCCCCCCC(=O)NC(CC1CC1CCCCCCCCCCC)CC1CC12C1C(CCCCCCCCC)C12
lasalocid_a_cid5360807,,,lasalocid_a_cid5360807.png,low,low,0.6502547284867708,stereo,Lasalocid A,Lasalocid A,1.0,42,42,stereo,stereo,Lasalocid A,False,False,False,False,1.0,True,True,0,1,,,,[H][C@@]1([C@@H](CC)C(=O)[C@@H](C)[C@@H](O)[C@H](C)CCc2ccc(C)c(O)c2C(=O)O)O[C@](CC)([C@@]2([H])CC[C@](O)(CC)[C@H](C)O2)C[C@@H]1C
lasofoxifene_cid216416,,,lasofoxifene_cid216416.png,high,high,0.8997372632491138,wrong,,Lasofoxifene,0.981,31,31,exact,exact,Lasofoxifene,False,True,False,False,1.0,False,False,1,2,[H],,,Oc1ccc2c(c1)CC[C@H](c1ccccc1)[C@@H]2c1ccc(OCCN2CCCC2)cc1.[H] |^1:31|
laspartomycin_cid139589219,,,laspartomycin_cid139589219.png,low,low,6.071649698818786e-09,invalid,,,,,,invalid,invalid,,False,False,False,False,,False,,,,,,,[H]C1NC2(=O)=O=C3N[CH]4([H])C(=O)(=O)(=O)N5CCCC5C(=O)NC5=O(=C5)=C5(=O)(NCC(=O)NC(CC(=O)O)C(=O)NCC(=O)NC(CC(=O)O)C(=O)NC(=O)CC(N)=O)=O[CH]5([H])(CCCC)[CH](C=O)(CNC([CH]CC)[CH]14(C)CC)C1[NH+]4=C(=[NH+]1C1CC1[CH]32NC(=O)CC1=O=C(C(N)CC(=O)O)N1)C=CC=C4
laulimalide_cid6918457,,,laulimalide_cid6918457.png,low,low,0.3011272248143539,stereo,Laulimalide,Laulimalide,1.0,37,37,stereo,stereo,Laulimalide,False,False,False,False,1.0,True,True,0,1,,,,[H]O[C@@H](C([H])=C([H])[C@@H]1CC(C)=CCO1)[C@]1([H])C[C@]2([H])O[C@H]2[C@@H](O)CC(=C)C[C@H](C)C[C@]2([H])CC=C[C@@]([H])(C/C([H])=C(\[H])C(=O)O1)O2
lenacapavir_sodium_cid153435888,,,lenacapavir_sodium_cid153435888.png,high,high,0.8916756714928595,wrong,,Lenacapavir Sodium,0.823,65,65,wrong,wrong,,False,False,False,False,0.823,False,False,0,1,,,,[H][C@@]12C[C@]1([H])c1c(C(F)(F)F)nn(CC(=O)N[C@@H](Cc3cc(F)cc(F)c3)c3nc(C#CC(C)(C)S(C)(=O)=O)ccc3-c3ccc(Cl)c4c([N]([Na+])S(C)(=O)=O)nn(CC(F)(F)F)c34)c1C2(F)F |50|
lercanidipine_cid65866,,,lercanidipine_cid65866.png,high,high,0.9059758206527745,exact,Lercanidipine,Lercanidipine,1.0,45,45,exact,exact,Lercanidipine,False,False,False,False,1.0,True,True,0,1,,,,COC(=O)C1=C(C)NC(C)=C(C(=O)OC(C)(C)CN(C)CCC(c2ccccc2)c2ccccc2)C1c1cccc([N+](=O)[O-])c1
levocabastine_cid54385,,,levocabastine_cid54385.png,high,high,0.88548200361277,exact,Levocabastine,Levocabastine,1.0,31,31,exact,exact,Levocabastine,False,False,False,False,1.0,True,True,0,1,,,,C[C@@H]1CN(C2CCC(C#N)(c3ccc(F)cc3)CC2)CC[C@]1(C(=O)O)c1ccccc1
ljn452_cid121418176,,,ljn452_cid121418176.png,low,low,0.5154812358080495,stereo,Ljn452,Ljn452,1.0,42,42,stereo,stereo,Ljn452,False,False,False,False,1.0,True,True,0,1,,,,[H][C@@]12CC[C@]([H])(CC(OCc3c(-c4ccccc4OC(F)(F)F)noc3C3CC3)C1)N2c1nc2c(F)cc(C(=O)O)cc2s1
ln_1_255_cid23672118,,,ln_1_255_cid23672118.png,high,high,0.8966490165883556,wrong,,LN-1-255,0.813,35,35,wrong,wrong,,False,False,False,False,0.813,False,False,2,3,[H].[H],,,"[H].[H].[H]/C(=C1\C(=O)N2[C@@H](C(=O)[O][Na+])[C@](C)(COC(=O)Cc3ccc(O)c(O)c3)S(=O)(=O)[C@]12[H])c1ccccn1 |^1:0,1,12|"
lobeglitazone_cid9826451,,,lobeglitazone_cid9826451.png,high,high,0.9004025059505272,exact,Lobeglitazone,Lobeglitazone,1.0,34,34,exact,exact,Lobeglitazone,False,False,False,False,1.0,True,True,0,1,,,,COc1ccc(Oc2cc(N(C)CCOc3ccc(CC4SC(=O)NC4=O)cc3)ncn2)cc1
lodoxamide_cid44564,,,lodoxamide_cid44564.png,high,high,0.8748485903641559,wrong,,Lodoxamide,0.966,21,21,exact,exact,Lodoxamide,False,True,False,False,1.0,False,False,3,4,[H].[H].[H],,,"N#Cc1cc(NC(=O)C(=O)O)c(Cl)c(NC(=O)C(=O)O)c1.[H].[H].[H] |^1:21,22,23|"
loteprednol_etabonate_cid444025,,,loteprednol_etabonate_cid444025.png,low,low,0.4613084705472908,stereo,Loteprednol Etabonate,Loteprednol Etabonate,1.0,32,32,stereo,stereo,Loteprednol Etabonate,False,False,False,False,1.0,True,True,0,1,,,,[H]O[C@H]1C[C@@]2(C)[C@]([H])(CC[C@]2(OC(=O)OCC)C(=O)OCCl)[C@]2([H])CCC3=CC(=O)C=C[C@]3(C)[C@@]12[H]
mabuterol_cid3995,,,mabuterol_cid3995.png,high,high,0.8997228810225883,exact,Mabuterol,Mabuterol,1.0,20,20,exact,exact,Mabuterol,False,False,False,False,1.0,True,True,0,1,,,,[H]Nc1c(Cl)cc(C(O)CN([H])C(C)(C)C)cc1C(F)(F)F
malacidin_a_cid132282518,,,malacidin_a_cid132282518.png,low,low,0.01314127883655262,invalid,,,,,,invalid,invalid,,False,False,False,False,,False,,,,,,,O.[H]C(CCC(C)C)=C([H])C([H])=C([H])C(=O)NC(C(=O)NC1C(=O)NC(C(C)C)C(=O)NC(CCCCN)C(=O)NC(C(O)C(=O)O)CNC(CC(=O)O)C(=O)NCCN[CH]23CNC4C56N7CC(C)CC([H])(N5C47(=O)[CH]6(C(C)C)NC2(=O)C2C456CC23(C4)(C5)C6(=O)O)C(=O)(=O)NC1C)C(C)C(=O)O
mangafodipir_trisodium_cid160036,,,mangafodipir_trisodium_cid160036.png,high,high,0.8784797776238013,wrong,,Mangafodipir Trisodium,0.865,48,46,near,near,,False,False,False,False,0.865,False,False,5,7,,[Na+].[Na+].[Na+].[Na+].[Na+],,Cc1ncc(COP(=O)([O-])[O-])c(CN(CCN(CC(=O)[O-])Cc2c(COP(=O)([O-])[O-])cnc(C)c2[OH2+])CC(=O)[O-])c1[O-].[Na+].[Na+].[Na+].[Na+].[Na+].[Na+]
mannopeptimycin_alpha_cid139585504,,,mannopeptimycin_alpha_cid139585504.png,low,low,3.274226879646465e-05,invalid,,,,,,invalid,invalid,,False,False,False,False,,False,,,,,,,[H]NC(=O)NC1O[CH]234NC(=O)C5NCC(C(O)C6([H])CN=C(N([H])[H])N6)NC(=O)C(CCC=CCO[CH]OC(CO)C([CH])OC6OC(CO)C(O)C(O)C6O)NCC67([H])C(C)C6([H])(C(=O)N[H])(CNC(=O)NC(O)[CH]26(O)[CH](O)(C1O)[CH]3(O)[CH]46CO)C7C(O)C5O
maytansinol_cid9915934,,,maytansinol_cid9915934.png,low,low,0.5941133914922841,stereo,Maytansinol,Maytansinol,1.0,39,39,stereo,stereo,Maytansinol,False,False,False,False,1.0,True,True,0,1,,,,[H]O[C@H]1CC(=O)N(C)c2cc(cc(OC)c2Cl)C/C(C)=C([H])/C([H])=C(\[H])[C@@H](OC)[C@@]2(O[H])C[C@@]([H])(OC(=O)N2[H])[C@@H](C)[C@]2([H])O[C@@]12C
mefloquine_hydrochloride_cid65329,,,mefloquine_hydrochloride_cid65329.png,high,high,0.8941980865737544,exact,Mefloquine Hydrochloride,Mefloquine Hydrochloride,1.0,27,27,exact,exact,Mefloquine Hydrochloride,False,False,False,False,1.0,True,True,0,2,,,,[H]Cl.[H]O[C@@H](c1cc(C(F)(F)F)nc2c(C(F)(F)F)cccc12)[C@@]1([H])CCCCN1[H]
megazol_cid29698,,,megazol_cid29698.png,high,high,0.8930384028676159,exact,Megazol,Megazol,1.0,15,15,exact,exact,Megazol,False,False,False,False,1.0,True,True,0,1,,,,[H]Nc1nnc(-c2ncc([N+](=O)[O-])n2C)s1
melagatran_cid183797,,,melagatran_cid183797.png,high,high,0.8797487384489562,wrong,,Melagatran,0.982,31,31,exact,exact,Melagatran,False,True,False,False,1.0,False,False,8,5,[HH].[HH].[HH].[HH],,,N=C(N)c1ccc(CNC(=O)[C@@H]2CCN2C(=O)[C@H](NCC(=O)O)C2CCCCC2)cc1.[HH].[HH].[HH].[HH]
melogliptin_cid11623906,,,melogliptin_cid11623906.png,high,high,0.8984248047485256,exact,Melogliptin,Melogliptin,1.0,23,23,exact,exact,Melogliptin,False,False,False,False,1.0,True,True,0,1,,,,N#C[C@@H]1C[C@H](F)CN1C(=O)CN[C@@H]1CC[C@H](Cn2cncn2)C1
merbromin_cid9853537,,,merbromin_cid9853537.png,high,high,0.9004130344190083,wrong,,Merbromin,0.962,30,31,near,near,,False,False,False,False,0.962,False,False,1,4,[H],[Na+],,O=C([O-])c1ccccc1-c1c2cc(Br)c(=O)cc-2oc2[c]([Hg+])c([O-])c(Br)cc12.[H].[Na+].[Na+] |^1:28|
merotocin_cid76073634,,,merotocin_cid76073634.png,low,low,0.412498610698236,exact,Merotocin,Merotocin,1.0,73,73,exact,exact,Merotocin,False,False,False,False,1.0,True,True,0,1,,,,[H]NC(=O)C[C@@H]1NC(=O)[C@H](CCC(N)=O)NC(=O)[C@]([H])([C@@H](C)CC)NC(=O)[C@H](Cc2ccc(O)cc2)NC(=O)CCCSC[C@@H](C(=O)N(CC(=O)N[C@@H](CC(C)C)C(=O)NCC(N)=O)Cc2ccc(F)cc2)NC1=O
mersacidin_cid70698380,,,mersacidin_cid70698380.png,low,low,0.02278162235225082,invalid,,,,,,invalid,invalid,,False,False,False,False,,False,,,,,,,[H]C1CNCCNCCNCC(=O)NCCN[CH]CNC(CN[CH]C(C)SCC([H])NCC(CO)NCC(=C)NCC(C)SC([H])=C([H])NCC(O)(O)C([H])[CH]CC)C2[SH]3[CH]4567C[CH]38(C4)([SH]25)[CH]6234C5=O=C2(N[CH]CN1)[CH]5781N3C2=O=C(N41)[CH]2(CC1=CC=CC=C1)NC(=O)C1NCC2(CSC1C)N[H]N2
mersalyl_cid9806195,,,mersalyl_cid9806195.png,high,high,0.8607848744792838,wrong,,Mersalyl,0.698,22,22,wrong,wrong,,False,False,False,False,0.698,False,False,1,4,[H].[H],,,"[H].[H].[H]C([CH2][Hg+])(CNC(=O)c1ccccc1OCC(=O)[O][Na+])OC.[O-] |^1:0,1,24,21|"
mesna_cid23662354,,,mesna_cid23662354.png,low,low,0.7545075707411074,wrong,,Mesna,0.391,8,8,wrong,wrong,,False,False,False,False,0.391,False,False,0,1,,,,[H]SCCS(=O)(=O)[O][Na+] |8|
metahexamide_cid11259,,,metahexamide_cid11259.png,high,high,0.8885054606241127,wrong,,Metahexamide,0.976,21,21,exact,exact,Metahexamide,False,True,False,False,1.0,False,False,2,3,[H].[H],,,"[H].[H].[H]Nc1cc(S(=O)(=O)NC(=O)NC2CCCCC2)ccc1C |^1:0,1|"
methenolone_cid3037705,,,methenolone_cid3037705.png,high,high,0.8498300544507936,exact,Methenolone,Methenolone,1.0,22,22,exact,exact,Methenolone,False,False,False,False,1.0,True,True,0,1,,,,[H][C@@]12CC[C@]3([H])[C@]([H])(CC[C@]4(C)[C@@H](O)CC[C@@]34[H])[C@@]1(C)C(C)=CC(=O)C2
methicillin_cid6087,,,methicillin_cid6087.png,high,high,0.8764646890682064,exact,Methicillin,Methicillin,1.0,26,26,exact,exact,Methicillin,False,False,False,False,1.0,True,True,0,1,,,,[H]OC(=O)[C@@H]1N2C(=O)[C@@H](NC(=O)c3c(OC)cccc3OC)[C@@]2([H])SC1(C)C
methisazone_cid667492,,,methisazone_cid667492.png,high,high,0.8905282996411462,stereo,Methisazone,Methisazone,1.0,16,16,stereo,stereo,Methisazone,False,False,False,False,1.0,True,True,0,1,,,,[H]NC(=S)/N=N/c1c(O[H])n(C)c2ccccc12
methohexital_cid9034,,,methohexital_cid9034.png,high,high,0.8799782805119564,exact,Methohexital,Methohexital,1.0,19,19,exact,exact,Methohexital,False,False,False,False,1.0,True,True,0,1,,,,[H]N1C(=O)N(C)C(=O)C(CC=C)(C(C)C#CCC)C1=O
metrizoic_acid_cid2528,,,metrizoic_acid_cid2528.png,high,high,0.8762067483141318,exact,Metrizoic Acid,Metrizoic Acid,1.0,21,21,exact,exact,Metrizoic Acid,False,False,False,False,1.0,True,True,0,1,,,,CC(=O)Nc1c(I)c(C(=O)O)c(I)c(N(C)C(C)=O)c1I
milataxel_cid6918589,,,milataxel_cid6918589.png,low,low,0.60895556247678,stereo,Milataxel,Milataxel,1.0,61,61,stereo,stereo,Milataxel,False,False,False,False,1.0,True,True,0,1,,,,[H][C@@]12[C@H](OC(=O)c3ccccc3)[C@]3(O)C[C@H](OC(=O)[C@H](O)[C@@H](NC(=O)OC(C)(C)C)c4ccco4)C(C)=C([C@@H](O)C(=O)[C@]1(C)[C@@H](OC(=O)CC)C[C@]1([H])OC[C@@]21OC(C)=O)C3(C)C
mirogabalin_cid59509752,,,mirogabalin_cid59509752.png,high,high,0.8800981765907687,exact,Mirogabalin,Mirogabalin,1.0,15,15,exact,exact,Mirogabalin,False,False,False,False,1.0,True,True,0,1,,,,[H]NC[C@]1(CC(=O)O[H])C[C@@]2([H])CC(CC)=C[C@]21[H]
mitoxantrone_cid4212,,,mitoxantrone_cid4212.png,high,high,0.8504187422578966,wrong,,Mitoxantrone,0.969,32,32,exact,exact,Mitoxantrone,False,True,False,False,1.0,False,False,8,5,[HH].[HH].[HH].[HH],,,O=C1c2c(O)ccc(O)c2C(=O)c2c(NCCNCCO)ccc(NCCNCCO)c21.[HH].[HH].[HH].[HH]
mm_47761_cid195570,,,mm_47761_cid195570.png,low,low,3.321469175272815e-07,invalid,,,,,,invalid,invalid,,False,False,False,False,,False,,,,,,,[H]NC(=O)CC12NC3(=O)C456NC789(=O)C%10%11C%12N47%13C47(NC(=O)C%128(CC(C)C)(NC)C%108%12C%10%14CC8(C)(C)(C%10)C%14C%129(NC)N%11C)C58NCC15=O=C2NC1C2=CC(=C9(OCCOCOCC)C%10=C2=C92OC9%11%12=C(C=9=CC9C4(O)(CC=C%11)C83%13C967O)O%102%12)OCC=CCC(OC2CC(C)(N)C(O)C(C)O2)CCNCC2=C(C(O)=CC(O)=C2)C(O[H])=C(O)C=CCC(C(N)=O)NC1CN5
moclobemide_cid4235,,,moclobemide_cid4235.png,high,high,0.9036464459711591,exact,Moclobemide,Moclobemide,1.0,18,18,exact,exact,Moclobemide,False,False,False,False,1.0,True,True,0,1,,,,[H]N(CCN1CCOCC1)C(=O)c1ccc(Cl)cc1
moexipril_cid91270,,,moexipril_cid91270.png,low,low,0.5583882199349475,invalid,,,,,,invalid,invalid,,False,False,False,False,,False,,,,,,,CCOC(=O)C1N[CH](C)(C(=O)N2CC3=CC(OC)=C(OC)C=C3CC2C(=O)O)C1CC1=CC=CC=C1
molindone_cid23897,,,molindone_cid23897.png,high,high,0.9003424734419309,exact,Molindone,Molindone,1.0,20,20,exact,exact,Molindone,False,False,False,False,1.0,True,True,0,1,,,,[H]n1c(C)c(CC)c2c1CCC(CN1CCOCC1)C2=O
monobenzone_cid7638,,,monobenzone_cid7638.png,low,low,0.8417884820644186,exact,Monobenzone,Monobenzone,1.0,15,15,exact,exact,Monobenzone,False,False,False,False,1.0,True,True,0,1,,,,Oc1ccc(OCc2ccccc2)cc1
monomethyl_fumarate_cid5369209,,,monomethyl_fumarate_cid5369209.png,high,high,0.8968580338489197,exact,Monomethyl Fumarate,Monomethyl Fumarate,1.0,9,9,exact,exact,Monomethyl Fumarate,False,False,False,False,1.0,True,True,0,1,,,,[H]OC(=O)/C([H])=C(\[H])C(=O)OC
monomethylauristatin_e_cid11542188,,,monomethylauristatin_e_cid11542188.png,low,low,0.4227163168202436,exact,Monomethylauristatin E,Monomethylauristatin E,1.0,51,51,exact,exact,Monomethylauristatin E,False,False,False,False,1.0,True,True,0,1,,,,[H][C@@]1([C@H](OC)[C@@H](C)C(=O)N[C@H](C)[C@@H](O)c2ccccc2)CCCN1C(=O)C[C@@H](OC)[C@H]([C@@H](C)CC)N(C)C(=O)[C@@H](NC(=O)[C@@H](NC)C(C)C)C(C)C
mosliciguat_cid154572869,,,mosliciguat_cid154572869.png,high,high,0.9022925303877353,exact,Mosliciguat,Mosliciguat,1.0,52,52,exact,exact,Mosliciguat,False,False,False,False,1.0,True,True,0,1,,,,O=C(O)c1ccc(CCN(CCc2ccccc2OCc2ccc(-c3ccc(C(F)(F)F)cc3)cc2Cl)[C@H]2CCCc3nc(C(=O)O)ccc32)cc1
mosnodenvir_cid133083036,,,mosnodenvir_cid133083036.png,high,high,0.8973744926292996,exact,Mosnodenvir,Mosnodenvir,1.0,39,39,exact,exact,Mosnodenvir,False,False,False,False,1.0,True,True,0,1,,,,COc1cc(N[C@H](C(=O)c2c[nH]c3ccc(OC(F)(F)F)cc23)c2ccc(Cl)cc2OC)cc(S(C)(=O)=O)c1
moxalactam_cid47499,,,moxalactam_cid47499.png,low,low,0.5846217407218361,exact,Moxalactam,Moxalactam,1.0,36,36,exact,exact,Moxalactam,False,False,False,False,1.0,True,True,0,1,,,,[H]C(C(=O)O)(C(=O)N[C@]1(OC)C(=O)N2C(C(=O)O)=C(CSc3nnnn3C)CO[C@@]21[H])c1ccc(O)cc1
mulundocandin_cid121225706,,,mulundocandin_cid121225706.png,low,low,4.309486703214627e-09,invalid,,,,,,invalid,invalid,,False,False,False,False,,False,,,,,,,O.[H]C1O[CH]234C567COC8C[CH]9%10(O)[CH]%11(O)[CH]%12(O)C9%13%14C29%15%16(C)(O)C2([H])(C(C)O)N%17O%18[CH]5%139%19(O)(C135=O=C13([H])C(=O)NC(CO)C9N%13%20CC(C)[CH]%21%22(O)[CH]%23(C)CN9%24(C(=O)OC9C(=O)NC(=O)C91([H])(NCCCCCCCCCCCCC)N635)C%13%21([H])C13(=O)N5C(=O)(N%111[CH]5%12%10O)C%203%22%24([H])C%23O)C%17%15(O)(O7)C8%182%144%16%19[H]
muraglitazar_cid206044,,,muraglitazar_cid206044.png,high,high,0.8963124516742771,exact,Muraglitazar,Muraglitazar,1.0,38,38,exact,exact,Muraglitazar,False,False,False,False,1.0,True,True,0,1,,,,COc1ccc(OC(=O)N(CC(=O)O)Cc2ccc(OCCc3nc(-c4ccccc4)oc3C)cc2)cc1
mycophenolic_acid_cid446541,,,mycophenolic_acid_cid446541.png,high,high,0.8922230140627657,exact,Mycophenolic Acid,Mycophenolic Acid,1.0,23,23,exact,exact,Mycophenolic Acid,False,False,False,False,1.0,True,True,0,1,,,,[H]Oc1c(C/C([H])=C(\C)CCC(=O)O)c(OC)c(C)c2c1C(=O)OC2
n2_1s_1_4_fluorophenyl_ethyl_4_1_methyl_1h_pyrazol_4_yl_n6_2_cid46866319,,,n2_1s_1_4_fluorophenyl_ethyl_4_1_methyl_1h_pyrazol_4_yl_n6_2_cid46866319.png,low,low,0.6049544371384542,exact,"N2-((1S)-1-(4-Fluorophenyl)ethyl)-4-(1-methyl-1H-pyrazol-4-yl)-N6-2-pyrazinyl-2,6-pyridinediamine","N2-((1S)-1-(4-Fluorophenyl)ethyl)-4-(1-methyl-1H-pyrazol-4-yl)-N6-2-pyrazinyl-2,6-pyridinediamine",1.0,29,29,exact,exact,"N2-((1S)-1-(4-Fluorophenyl)ethyl)-4-(1-methyl-1H-pyrazol-4-yl)-N6-2-pyrazinyl-2,6-pyridinediamine",False,False,False,False,1.0,True,True,0,1,,,,[H]N(c1cc(-c2cnn(C)c2)cc(Nc2cnccn2)n1)[C@@H](C)c1ccc(F)cc1
n_1_8_3_methyl_4_1_methyl_1h_benzo_d_imidazol_5_yl_oxy_pheny_cid160283094,,,n_1_8_3_methyl_4_1_methyl_1h_benzo_d_imidazol_5_yl_oxy_pheny_cid160283094.png,high,high,0.9107160862218676,exact,"N-(1-(8-((3-methyl-4-((1-methyl-1H-benzo(d)imidazol-5-yl)oxy)phenyl)amino)pyrimido(5,4-d)pyrimidin-2-yl)piperidin-4-yl)acrylamide","N-(1-(8-((3-methyl-4-((1-methyl-1H-benzo(d)imidazol-5-yl)oxy)phenyl)amino)pyrimido(5,4-d)pyrimidin-2-yl)piperidin-4-yl)acrylamide",1.0,40,40,exact,exact,"N-(1-(8-((3-methyl-4-((1-methyl-1H-benzo(d)imidazol-5-yl)oxy)phenyl)amino)pyrimido(5,4-d)pyrimidin-2-yl)piperidin-4-yl)acrylamide",False,False,False,False,1.0,True,True,0,1,,,,C=CC(=O)NC1CCN(c2ncc3ncnc(Nc4ccc(Oc5ccc6c(c5)ncn6C)c(C)c4)c3n2)CC1
n_5_aminosulfonyl_4_methyl_1_3_thiazol_2_yl_n_methyl_2_4_2_p_cid491941,,,n_5_aminosulfonyl_4_methyl_1_3_thiazol_2_yl_n_methyl_2_4_2_p_cid491941.png,high,high,0.9164072045586459,exact,"N-(5-(Aminosulfonyl)-4-methyl-1,3-thiazol-2-yl)-N-methyl-2-(4-(2-pyridinyl)phenyl)acetamide","N-(5-(Aminosulfonyl)-4-methyl-1,3-thiazol-2-yl)-N-methyl-2-(4-(2-pyridinyl)phenyl)acetamide",1.0,27,27,exact,exact,"N-(5-(Aminosulfonyl)-4-methyl-1,3-thiazol-2-yl)-N-methyl-2-(4-(2-pyridinyl)phenyl)acetamide",False,False,False,False,1.0,True,True,0,1,,,,[H]NS(=O)(=O)c1sc(N(C)C(=O)Cc2ccc(-c3ccccn3)cc2)nc1C
n_acetylcysteine_amide_cid10176265,,,n_acetylcysteine_amide_cid10176265.png,high,high,0.8652926670496022,exact,N-Acetylcysteine amide,N-Acetylcysteine amide,1.0,10,10,exact,exact,N-Acetylcysteine amide,False,False,False,False,1.0,True,True,0,1,,,,[H]NC(=O)[C@H](CS[H])NC(C)=O
nabilone_cid5284592,,,nabilone_cid5284592.png,high,high,0.8659385787443192,stereo,Nabilone,Nabilone,1.0,27,27,stereo,stereo,Nabilone,False,False,False,False,1.0,True,True,0,1,,,,[H][C@@]12CCC(=O)C[C@]1([H])c1c(O)cc(C(C)(C)CCCCCC)cc1OC2(C)C
naftifine_cid47641,,,naftifine_cid47641.png,high,high,0.9131183171837117,exact,Naftifine,Naftifine,1.0,22,22,exact,exact,Naftifine,False,False,False,False,1.0,True,True,0,1,,,,[H]/C(CN(C)Cc1cccc2ccccc12)=C(/[H])c1ccccc1
nalbuphine_cid5311304,,,nalbuphine_cid5311304.png,low,low,0.278547255484337,stereo,Nalbuphine,Nalbuphine,1.0,26,26,stereo,stereo,Nalbuphine,False,False,False,False,1.0,True,True,0,1,,,,[H]Oc1ccc2c3c1O[C@]1([H])[C@@H](O[H])CC[C@]4(O[H])[C@@]31CCN(CC1CCC1)[C@]4([H])C2
naloxegol_oxalate_cid56959086,,,naloxegol_oxalate_cid56959086.png,low,low,3.817346830714391e-05,invalid,,,,,,invalid,invalid,,False,False,False,False,,False,,,,,,,O=C(O)C(=O)O.[H]C12O3C=C4(O)=C567=C89=C%10C=CC=5(O)=C38C%10635=C68(C=C4)C4%10C93%11C3([H])(O7)C1(OCCOCCOCCOCCOCCOCCOCCOC)CCC%111([H])([H])C2435C234(C)CN2579C32%11N(CC=C)C2653C%1187C%101349
narasin_cid65452,,,narasin_cid65452.png,low,low,0.3672568716128621,stereo,Narasin,Narasin,1.0,54,54,stereo,stereo,Narasin,False,False,False,False,1.0,True,True,0,1,,,,[H][C@]1([C@@H](CC)C(=O)O)O[C@@]([H])([C@@H](C)[C@H](O)[C@H](C)C(=O)[C@H](CC)[C@]2([H])O[C@]3(C=C[C@@H](O)[C@]4(CC[C@@](C)([C@@]5([H])CC[C@](O)(CC)[C@H](C)O5)O4)O3)[C@H](C)C[C@@H]2C)[C@@H](C)C[C@@H]1C
navtemadlin_cid58573469,,,navtemadlin_cid58573469.png,high,high,0.8920457315099036,exact,Navtemadlin,Navtemadlin,1.0,37,37,exact,exact,Navtemadlin,False,False,False,False,1.0,True,True,0,1,,,,CC(C)[C@@H](CS(=O)(=O)C(C)C)N1C(=O)[C@@](C)(CC(=O)O)C[C@H](c2cccc(Cl)c2)[C@H]1c1ccc(Cl)cc1
neoarsphenamine_cid76961391,,,neoarsphenamine_cid76961391.png,high,high,0.8582023292206817,wrong,,Neoarsphenamine,0.681,23,23,wrong,wrong,,False,False,False,False,0.681,False,False,5,6,[H].[H].[H].[H].[H],,,"Nc1cc(/[As]=[As]/c2ccc(O)c(NCOS[O-][Na+])c2)ccc1O.[H].[H].[H].[H].[H] |^1:23,24,25,26,27,17,C:16.16|"
neramexane_cid6433106,,,neramexane_cid6433106.png,high,high,0.8739048670913953,exact,Neramexane,Neramexane,1.0,12,12,exact,exact,Neramexane,False,False,False,False,1.0,True,True,0,1,,,,[H]N([H])C1(C)CC(C)(C)CC(C)(C)C1
neticonazole_cid5282433,,,neticonazole_cid5282433.png,high,high,0.905865208202483,wrong,,Neticonazole,0.731,21,21,wrong,wrong,,False,False,False,False,0.731,False,False,0,1,,,,[H]/C([S-]C)=C(/c1ccccc1OCCCCC)n1ccnc1 |^1:2|
niclosamide_cid4477,,,niclosamide_cid4477.png,high,high,0.9095021111176885,wrong,,Niclosamide,0.975,21,21,exact,exact,Niclosamide,False,True,False,False,1.0,False,False,1,2,[H],,,O=C(Nc1ccc([N+](=O)[O-])cc1Cl)c1cc(Cl)ccc1O.[H] |^1:21|
nicorandil_cid47528,,,nicorandil_cid47528.png,high,high,0.8971554738924324,exact,Nicorandil,Nicorandil,1.0,15,15,exact,exact,Nicorandil,False,False,False,False,1.0,True,True,0,1,,,,O=C(NCCO[N+](=O)[O-])c1cccnc1
nikkomycin_x_cid194647,,,nikkomycin_x_cid194647.png,high,high,0.8612514000125672,wrong,,Nikkomycin X,1.0,35,35,exact,exact,Nikkomycin X,False,True,False,False,1.0,False,False,4,5,[H].[H].[H].[H],,,"[H].[H].[H].[H].[H]C(=O)c1cn(C2OC(C([H])(NC(=O)C(N)C(C)C(O)c3ccc(O)cn3)C(=O)O)C(O)C2O)c(=O)[nH]1 |^1:0,1,2,3|"
niludipine_cid89767,,,niludipine_cid89767.png,high,high,0.8985543453641492,wrong,,Niludipine,0.863,35,35,near,near,,False,False,False,False,0.863,False,False,0,1,,,,CCCOCCOC(=O)C1=C(C)NC(C)=C(C(=O)OCCOCCC)C1c1cccc([N+]([O-])[O-])c1 |^1:31|
nintedanib_esylate_cid135476717,,,nintedanib_esylate_cid135476717.png,high,high,0.8891778796326115,wrong,,Nintedanib esylate,0.986,46,46,stereo,stereo,Nintedanib esylate,False,True,False,False,1.0,False,False,2,4,[H].[H],,,"CCS(=O)(=O)O.COC(=O)c1ccc2c(/C(=N/c3ccc(N(C)C(=O)CN4CCN(C)CC4)cc3)c3ccccc3)c(O)[nH]c2c1.[H].[H] |^1:46,47|"
nisoldipine_cid4499,,,nisoldipine_cid4499.png,high,high,0.9013869383454336,exact,Nisoldipine,Nisoldipine,1.0,28,28,exact,exact,Nisoldipine,False,False,False,False,1.0,True,True,0,1,,,,COC(=O)C1=C(C)NC(C)=C(C(=O)OCC(C)C)C1c1ccccc1[N+](=O)[O-]
nitarsone_cid66826,,,nitarsone_cid66826.png,high,high,0.8803377533538652,exact,Nitarsone,Nitarsone,1.0,13,13,exact,exact,Nitarsone,False,False,False,False,1.0,True,True,0,1,,,,[H]O[As](=O)(O[H])c1ccc([N+](=O)[O-])cc1
nitric_oxide_cid145068,,,nitric_oxide_cid145068.png,low,low,0.7517084982405496,wrong,,Nitric Oxide,0.2,2,2,wrong,wrong,,False,False,False,False,0.2,False,False,1,1,,,,N=O
nogalamycin_cid5289019,,,nogalamycin_cid5289019.png,low,low,0.2450710164309198,stereo,Nogalamycin,Nogalamycin,1.0,56,56,stereo,stereo,Nogalamycin,False,False,False,False,1.0,True,True,0,1,,,,[H][C@@]12Oc3c(cc(O)c4c3C(=O)c3cc5c(c(O)c3C4=O)[C@@H](O[C@@H]3O[C@@H](C)[C@H](OC)[C@](C)(OC)[C@H]3OC)C[C@@](C)(O)[C@@H]5C(=O)OC)[C@@](C)(O1)[C@H](O)[C@@H](N(C)C)[C@@H]2O
norethandrolone_cid5858,,,norethandrolone_cid5858.png,low,low,0.8167092788407218,wrong,,Norethandrolone,0.977,22,22,stereo,stereo,Norethandrolone,False,True,False,False,1.0,False,False,1,2,[H],,,[H].[H][C@@]12CCC3=CC(=O)CC[C@@]3([H])[C@@]1([H])CC[C@]1(C)[C@](O)(CC)CC[C@@]21[H] |^1:0|
norucholic_acid_cid192254,,,norucholic_acid_cid192254.png,low,low,0.2028405425430705,wrong,,Norucholic Acid,1.0,27,27,stereo,stereo,Norucholic Acid,False,True,False,False,1.0,False,False,1,2,[H],,,[H].[H]O[C@H]1C[C@]2([H])C[C@H](O)CC[C@]2(C)[C@@]2([H])CC[C@@]3(C)[C@@]([H])(CC[C@]3([H])[C@H](C)CC(=O)O)[C@@]12[H] |^1:0|
nosiheptide_cid16130051,,,nosiheptide_cid16130051.png,low,low,5.249675839181114e-22,invalid,,,,,,invalid,invalid,,False,False,False,False,,False,,,,,,,O=CS.[H]N(C)C1=O=C1(C)(O)C(=O)C(C)(O)C1N2C34=C5OC56=C3C(=O)C(=O)NC1243(=O)=C124=CC3(O)(=C1)C1(=O=2)=C2357(=C89N%10(C(C)=O)C(=NC%11C%12([H])(C)CC%11%12([H])([H])C)C%11=C8%10(=O)C8=NC%10%12(=O)=N%13%14%15=C%10%16%17=N%10%18=C%13%19(CSC(=O)C=CN=C%13%20C(=C(C=CC%21=C%19%16=N%21)OC%16(=O)=O=C%16O1)C%131%16%19=C%20=C1C1%13%20=C2%21C32=C%1193=C%212159%11C1(=C=%13=%162=C19=C2O6)N%203%19%11)N%171=C%10%142(=O=C2C8)C=%121%18%15=O)O[H]O47
novolimus_cid9854320,,,novolimus_cid9854320.png,low,low,0.003228435106552785,invalid,,,,,,invalid,invalid,,False,False,False,False,,False,,,,,,,[H]OC1CC[CH]23CC(C)C4([H])CC(=O)C(C)C([H])=C(C)C(O)C(OC)C(=O)C(C)CC(C)C([H])=C([H])C([H])=CC([H])([H])=C5(C)=C([H])(=C(C)C(O)C6C7([H])CCC(C)C(O)(O7)(OC6([H])CC5O)C(=O)C(=O)N5CCCCC5([H])C(=O)O4)C([H])=C4([H])C2[CH]1(OC)C43
octapeptin_cid3084738,,,octapeptin_cid3084738.png,low,low,0.146175709404031,invalid,,,,,,invalid,invalid,,False,False,False,False,,False,,,,,,,[H]NCCC1NC(=O)C(CC(C)C)NC(=O)C(CC(C)C)NC23(=O)=O=C(N[CH]CC(C)C)(=O=2)C(CCN[H])NC2=O=C(=O)(=O)(NC3CCN[H])C(CCN)NC(=O)([CH]NC(=O)CC(O)CCCCC(C)CC)=O=C(NC2CCN)C2NC(=O)C2CNC(=O)C(CC(C)C)NC(=O)C(CCN[H])N([H])C1=O
olinciguat_cid90445883,,,olinciguat_cid90445883.png,high,high,0.8985897135559536,exact,Olinciguat,Olinciguat,1.0,36,36,exact,exact,Olinciguat,False,False,False,False,1.0,True,True,0,1,,,,[H]NC(=O)[C@](O)(CNc1nc(-c2cc(-c3ccon3)n(Cc3ccccc3F)n2)ncc1F)C(F)(F)F
olorigliflozin_cid122660464,,,olorigliflozin_cid122660464.png,low,low,0.2479350009027002,invalid,,,,,,invalid,invalid,,False,False,False,False,,False,,,,,,,CCOC1=CC=C2(=C3=C(C=CC(OCC)=C3)CC3=C(Cl)C=CC(=C3)C3456OC7(C(C)O)CO3C4(C53=CC(=C(Cl)C=C3)C2)[CH]6(O)C(O)C7O)C=C1
ontazolast_cid71458,,,ontazolast_cid71458.png,high,high,0.9162892282817002,exact,Ontazolast,Ontazolast,1.0,25,25,exact,exact,Ontazolast,False,False,False,False,1.0,True,True,0,1,,,,[H]N(c1nc2cc(C)ccc2o1)[C@@H](CC1CCCCC1)c1ccccn1
ormaplatin_cid6434704,,,ormaplatin_cid6434704.png,low,low,0.4996381416342842,wrong,,Ormaplatin,0.25,12,13,wrong,wrong,,False,False,False,False,0.25,False,False,3,1,,,,[H][N]1[C@]2([H])CCCC[C@@]2([H])[N]([H])[Pt+]1([Cl])([Cl])[Cl]
otamixaban_cid5496659,,,otamixaban_cid5496659.png,high,high,0.8832485997068034,wrong,,Otamixaban,0.982,33,33,exact,exact,Otamixaban,False,True,False,False,1.0,False,False,6,4,[HH].[HH].[HH],,,[HH].[HH].[HH].[H]NC(=N)c1cccc(C[C@@H](C(=O)OC)[C@@H](C)NC(=O)c2ccc(-c3cc[n+]([O-])cc3)cc2)c1
otilonium_bromide_cid72092,,,otilonium_bromide_cid72092.png,high,high,0.895968374458699,exact,Otilonium Bromide,Otilonium Bromide,1.0,36,36,exact,exact,Otilonium Bromide,False,False,False,False,1.0,True,True,0,2,,,,CCCCCCCCOc1ccccc1C(=O)Nc1ccc(C(=O)OCC[N+](C)(CC)CC)cc1.[Br-]
oxacillin_cid6196,,,oxacillin_cid6196.png,high,high,0.8771608701669041,wrong,,Oxacillin,0.683,29,28,wrong,wrong,,False,False,False,False,0.683,False,False,4,2,,,,[H]NC(=O)c1c(-c2ccccc2)noc1C.[H]N[C@@H]1C(=O)N2[C@@H](C(=O)O)C(C)(C)S[C@]12[H]
pamiparib_cid135565554,,,pamiparib_cid135565554.png,low,low,0.818123942982733,exact,Pamiparib,Pamiparib,1.0,22,22,exact,exact,Pamiparib,False,False,False,False,1.0,True,True,0,1,,,,C[C@]12CCCN1CC1=NNC(=O)c3cc(F)cc4[nH]c2c1c34
pancuronium_bromide_cid27350,,,pancuronium_bromide_cid27350.png,low,low,0.7504020791365751,stereo,Pancuronium Bromide,Pancuronium Bromide,1.0,43,43,stereo,stereo,Pancuronium Bromide,False,False,False,False,1.0,True,True,0,3,,[Br-],,[Br-].[Br-].[H][C@@]12CC[C@@]3([H])C(CC[C@]4(C)[C@@H](OC(C)=O)[C@@]([H])([N+]5(C)CCCCC5)C[C@@]34[H])[C@@]1(C)C[C@]([H])([N+]1(C)CCCCC1)[C@@H](OC(C)=O)C2
pazufloxacin_cid65957,,,pazufloxacin_cid65957.png,high,high,0.871459103217691,exact,Pazufloxacin,Pazufloxacin,1.0,23,23,exact,exact,Pazufloxacin,False,False,False,False,1.0,True,True,0,1,,,,[H]NC1(c2c(F)cc3c(=O)c(C(=O)O)cn4c3c2OC[C@@H]4C)CC1
pelabresib_cid118591411,,,pelabresib_cid118591411.png,high,high,0.8996985491762718,wrong,,Pelabresib,0.98,27,27,exact,exact,Pelabresib,False,True,False,False,1.0,False,False,2,4,[H].[H],,,"Cc1noc2c1-c1ccccc1C(c1ccc(Cl)cc1)=N[C@H]2CC(N)=O.O.[H].[H] |^1:27,28|"
penbutolol_cid37464,,,penbutolol_cid37464.png,high,high,0.9000601449692799,wrong,,Penbutolol,0.976,21,21,exact,exact,Penbutolol,False,True,False,False,1.0,False,False,1,2,[H],,,CC(C)(C)NC[C@H](O)COc1ccccc1C1CCCC1.[H] |^1:21|
penicillin_v_cid6869,,,penicillin_v_cid6869.png,high,high,0.866208492439166,exact,Penicillin V,Penicillin V,1.0,24,24,exact,exact,Penicillin V,False,False,False,False,1.0,True,True,0,1,,,,[H][C@]12SC(C)(C)[C@H](C(=O)O)N1C(=O)[C@H]2NC(=O)COc1ccccc1
pentamidine_isethionate_cid8813,,,pentamidine_isethionate_cid8813.png,low,low,0.5650526278270679,wrong,,Pentamidine Isethionate,0.625,46,39,wrong,wrong,,False,False,False,False,0.625,False,False,13,3,,,,O=S(=O)(O)CC(O)C(CO)[SH](=O)(O)O.O=S(=O)(O)CCO.[H]/N=C(\N)c1ccc(OCCCCCOc2ccc(C(=N)N)cc2)cc1
peplomycin_cid6852373,,,peplomycin_cid6852373.png,low,low,0.02136653737263532,invalid,,,,,,invalid,invalid,,False,False,False,False,,False,,,,,,,CC(NCCCNC(=O)C1=CSC(C2=CSC(CCNCC(NC(=O)(=O)C(C)CO)C(C)O)=N2)=N1)C1=CC=CC=C1.[H]NC1=NC(C(N)CC(N)=O)=NC(=CO)C1NC(C(=O)NC(C)CO)C1O[CH]2(OC(CO)C(O)C(O)(O)C2OC2OC(CO)C(O)C(OC(N)=O)C2O)C12=CN=CN2
perfluoropropane_cid6432,,,perfluoropropane_cid6432.png,low,low,0.8356134128927367,exact,Perfluoropropane,Perfluoropropane,1.0,11,11,exact,exact,Perfluoropropane,False,False,False,False,1.0,True,True,0,1,,,,FC(F)(F)C(F)(F)C(F)(F)F
pevonedistat_cid16720766,,,pevonedistat_cid16720766.png,high,high,0.8582115796973507,wrong,,Pevonedistat,0.985,31,31,exact,exact,Pevonedistat,False,True,False,False,1.0,False,False,6,4,[HH].[HH].[HH],,,NS(=O)(=O)OC[C@@H]1C[C@@H](n2ccc3c(N[C@H]4CCc5ccccc54)ncnc32)C[C@@H]1O.[HH].[HH].[HH]
pexidartinib_cid25151352,,,pexidartinib_cid25151352.png,high,high,0.884809487782497,exact,Pexidartinib,Pexidartinib,1.0,29,29,exact,exact,Pexidartinib,False,False,False,False,1.0,True,True,0,1,,,,FC(F)(F)c1ccc(CNc2ccc(Cc3c[nH]c4ncc(Cl)cc34)cn2)cn1
pexiganan_cid16132253,,,pexiganan_cid16132253.png,low,low,1.072234070504505e-54,wrong,,Pexiganan,0.053,86,176,wrong,wrong,,False,False,False,False,0.053,False,False,122,3,,CCCCCCCCCCCCCCCCCCCCCCCCCCCC,,CCCCCCCCCCCCCCCCCCCCCCCCCCCC.CCCCCCCCCCCCCCCCCCCCCCCCCCCC.CCCCCCCCCCCCCCCCCCCCCCCCCCCCCC
phenazopyridine_hydrochloride_cid8691,,,phenazopyridine_hydrochloride_cid8691.png,high,high,0.8888415038160741,wrong,,Phenazopyridine hydrochloride,0.964,17,17,stereo,stereo,Phenazopyridine hydrochloride,False,True,False,False,1.0,False,False,1,3,[H],,,[H].[H]Cl.[H]Nc1ccc(/N=N/c2ccccc2)c(N[H])n1 |^1:0|
pheniramine_cid4761,,,pheniramine_cid4761.png,high,high,0.8878879544221484,exact,Pheniramine,Pheniramine,1.0,18,18,exact,exact,Pheniramine,False,False,False,False,1.0,True,True,0,1,,,,CN(C)CCC(c1ccccc1)c1ccccn1
phenoxyethanol_cid31236,,,phenoxyethanol_cid31236.png,high,high,0.8747935706219937,exact,Phenoxyethanol,Phenoxyethanol,1.0,10,10,exact,exact,Phenoxyethanol,False,False,False,False,1.0,True,True,0,1,,,,[H]OCCOc1ccccc1
phenylmercuric_nitrate_cid16682924,,,phenylmercuric_nitrate_cid16682924.png,low,low,0.8117523327374208,exact,Phenylmercuric Nitrate,Phenylmercuric Nitrate,1.0,11,11,exact,exact,Phenylmercuric Nitrate,False,False,False,False,1.0,True,True,0,1,,,,O=[N+]([O-])[O][Hg][c]1ccccc1
pidotimod_cid65944,,,pidotimod_cid65944.png,high,high,0.8746523506512238,exact,Pidotimod,Pidotimod,1.0,16,16,exact,exact,Pidotimod,False,False,False,False,1.0,True,True,0,1,,,,[H]OC(=O)[C@@H]1CSCN1C(=O)[C@@H]1CCC(=O)N1
pimodivir_cid67286591,,,pimodivir_cid67286591.png,low,low,0.5401123262234504,invalid,,,,,,invalid,invalid,,False,False,False,False,,False,,,,,,,O=C(O)[CH]12C3CCC4CCC431C2NC1=NC(C2=CNC3=C2C=C(F)C=N3)=NC=C1F
piperaquine_cid122262,,,piperaquine_cid122262.png,high,high,0.9035160544242384,exact,Piperaquine,Piperaquine,1.0,37,37,exact,exact,Piperaquine,False,False,False,False,1.0,True,True,0,1,,,,Clc1ccc2c(N3CCN(CCCN4CCN(c5ccnc6cc(Cl)ccc56)CC4)CC3)ccnc2c1
pirarubicin_cid11296583,,,pirarubicin_cid11296583.png,low,low,0.8320087231769342,exact,Pirarubicin,Pirarubicin,1.0,45,45,exact,exact,Pirarubicin,False,False,False,False,1.0,True,True,0,1,,,,[H]N[C@H]1C[C@H](O[C@H]2C[C@](O)(C(=O)CO)Cc3c(O[H])c4c(c(O)c32)C(=O)c2c(OC)cccc2C4=O)O[C@@H](C)[C@H]1O[C@@H]1CCCCO1
piroctone_olamine_cid50258,,,piroctone_olamine_cid50258.png,low,low,0.6469245118245236,wrong,,Piroctone Olamine,0.667,23,21,wrong,wrong,,False,False,False,False,0.667,False,False,5,4,[H].[H],,,"Cc1cc(CC(C)CC(C)(C)C)n(O)c(=O)c1.NC1NCC1O.[H].[H] |^1:23,24|"
planosporicin_cid139586698,,,planosporicin_cid139586698.png,low,low,7.928283332354151e-10,invalid,,,,,,invalid,invalid,,False,False,False,False,,False,,,,,,,O.[H]C(NC1(=O)C2345=O=C16789(=O=C61N6[CH]%10(C(C)C)N%11CC%11%12=O=C(=O)(CC(C%11(=O)=O=C%13%14%15%16[H]C%13([H]%14)(N%11%15)C%16(=O)NC%11CCSC[CH](C(=O)NC=O)(C(=O)NC(=O)CNC%13C%14C(CN[CH]CN[CH]CNC)N%13%14)C%11(=O)NC%11%13=O=C%11(NCC(N)CCS)=O=%13)N%12)NC(=O)[CH]6%10(C(C)C)N6C27(NCCNCC(N)[CH]CC)C=3=86=N149)=O=5)C(=O)NCCC(=O)O
plinabulin_cid9949641,,,plinabulin_cid9949641.png,high,high,0.8768506811250925,exact,Plinabulin,Plinabulin,1.0,25,25,exact,exact,Plinabulin,False,False,False,False,1.0,True,True,0,1,,,,[H]/C(c1ccccc1)=c1/[nH]c(=O)/c(=C(\[H])c2nc[nH]c2C(C)(C)C)[nH]c1=O
plocabulin_cid57788271,,,plocabulin_cid57788271.png,low,low,0.3530036054746599,stereo,Plocabulin,Plocabulin,1.0,41,41,stereo,stereo,Plocabulin,False,False,False,False,1.0,True,True,0,1,,,,[H]NC(=O)O[C@H](C/C([H])=C\NC(=O)[C@H](NC(=O)/C([H])=C([H])\C([H])=C([H])/C(C)=C(\[H])[C@H](C)[C@@]1([H])CC=C(OC)C(=O)O1)C(C)(C)C)C/C([H])=C(/[H])C
pneumocandin_b_0_cid16119739,,,pneumocandin_b_0_cid16119739.png,low,low,3.663946899309798e-05,invalid,,,,,,invalid,invalid,,False,False,False,False,,False,,,,,,,[H]C12C(=O)NC(O)C(O)CC(C)(NC(=O)CCCCCCCC[CH]3(C)CC(CC)C3)[CH]3(O)NC4567C(=O)C489(C)(O)C4C(O)CC5%10%11(O)C48(O)C(NC(C(O)C(O)C4=CC=C(O)C=C4)C(=O)NC(C(O)CC(N)=O)C(=O)N1CCC2O)O3%106C%1179=O
pnu_159682_cid9874188,,,pnu_159682_cid9874188.png,low,low,0.6037131614769919,exact,Pnu-159682,Pnu-159682,1.0,46,46,exact,exact,Pnu-159682,False,False,False,False,1.0,True,True,0,1,,,,[H][C@]12O[C@]3([H])[C@H](C)O[C@@H](O[C@H]4C[C@](O)(C(=O)CO)Cc5c(O)c6c(c(O)c54)C(=O)c4c(OC)cccc4C6=O)C[C@]3([H])N1CCO[C@@H]2OC
potassium_permanganate_cid516875,,,potassium_permanganate_cid516875.png,low,low,0.7639794061402869,wrong,,Potassium Permanganate,0.231,6,6,wrong,wrong,,False,False,False,False,0.231,False,False,0,1,,,,[O]=[Mn](=[O])(=[O])[O][K+] |5|
povorcitinib_cid86280672,,,povorcitinib_cid86280672.png,high,high,0.8860165331225478,wrong,,Povorcitinib,0.986,36,36,exact,exact,Povorcitinib,False,True,False,False,1.0,False,False,1,2,[H],,,Cc1n[nH]c(C)c1-c1cnn(C2(CC#N)CN(c3cc(F)c(C(=O)N[C@@H](C)C(F)(F)F)cc3F)C2)c1.[H] |^1:36|
practolol_cid4883,,,practolol_cid4883.png,high,high,0.863893901826946,wrong,,Practolol,0.947,19,19,exact,exact,Practolol,False,True,False,False,1.0,False,False,3,3,[HH].[H],,,CC(=O)Nc1ccc(OCC(O)CNC(C)C)cc1.[HH].[H] |^1:20|
pralatrexate_cid148121,,,pralatrexate_cid148121.png,high,high,0.8835022963775943,wrong,,Pralatrexate,0.984,35,35,exact,exact,Pralatrexate,False,True,False,False,1.0,False,False,3,4,[H].[H].[H],,,"[H].[H].[H].[H]Nc1nc(N)nc2ncc(CC([H])(CC#C)c3ccc(C(=O)N[C@@H](CCC(=O)O)C(=O)O)cc3)nc12 |^1:0,1,2|"
pralidoxime_chloride_cid135445761,,,pralidoxime_chloride_cid135445761.png,high,high,0.8936598799891774,exact,Pralidoxime Chloride,Pralidoxime Chloride,1.0,11,11,exact,exact,Pralidoxime Chloride,False,False,False,False,1.0,True,True,0,2,,,,[Cl-].[H]O/N=C(\[H])c1cccc[n+]1C
pramiconazole_cid3013050,,,pramiconazole_cid3013050.png,low,low,0.7767983294302843,exact,Pramiconazole,Pramiconazole,1.0,48,48,exact,exact,Pramiconazole,False,False,False,False,1.0,True,True,0,1,,,,CC(C)N1CCN(c2ccc(N3CCN(c4ccc(OC[C@H]5OC[C@](Cn6cncn6)(c6ccc(F)cc6F)O5)cc4)CC3)cc2)C1=O
pranlukast_cid4887,,,pranlukast_cid4887.png,high,high,0.9057286803367902,exact,Pranlukast,Pranlukast,1.0,36,36,exact,exact,Pranlukast,False,False,False,False,1.0,True,True,0,1,,,,O=C(Nc1cccc2c(=O)cc(-c3nn[nH]n3)oc12)c1ccc(OCCCCc2ccccc2)cc1
procaterol_cid688563,,,procaterol_cid688563.png,high,high,0.8872541239521335,wrong,,Procaterol,0.976,21,21,exact,exact,Procaterol,False,True,False,False,1.0,False,False,1,2,[H],,,[H].[H]O[C@@H](c1ccc(O)c2c1ccc(=O)n2[H])[C@@H](CC)NC(C)C |^1:0|
procyclidine_cid4919,,,procyclidine_cid4919.png,high,high,0.8959791170483014,exact,Procyclidine,Procyclidine,1.0,21,21,exact,exact,Procyclidine,False,False,False,False,1.0,True,True,0,1,,,,[H]OC(CCN1CCCC1)(c1ccccc1)C1CCCCC1
propiverine_cid4942,,,propiverine_cid4942.png,high,high,0.8924047430005998,exact,Propiverine,Propiverine,1.0,27,27,exact,exact,Propiverine,False,False,False,False,1.0,True,True,0,1,,,,CCCOC(C(=O)OC1CCN(C)CC1)(c1ccccc1)c1ccccc1
protirelin_cid638678,,,protirelin_cid638678.png,high,high,0.8775279816564765,wrong,,Protirelin,0.966,26,26,exact,exact,Protirelin,False,True,False,False,1.0,False,False,4,4,[HH].[H].[H],,,"NC(=O)[C@@H]1CCCN1C(=O)[C@H](Cc1cnc[nH]1)NC(=O)[C@@H]1CCC(=O)N1.[HH].[H].[H] |^1:27,28|"
proxyphylline_cid4977,,,proxyphylline_cid4977.png,high,high,0.8711031420488515,exact,Proxyphylline,Proxyphylline,1.0,17,17,exact,exact,Proxyphylline,False,False,False,False,1.0,True,True,0,1,,,,[H]C(C)(O)Cn1cnc2c1c(=O)n(C)c(=O)n2C
pyridostigmine_bromide_cid7550,,,pyridostigmine_bromide_cid7550.png,high,high,0.9056174088051689,exact,Pyridostigmine Bromide,Pyridostigmine Bromide,1.0,14,14,exact,exact,Pyridostigmine Bromide,False,False,False,False,1.0,True,True,0,2,,,,CN(C)C(=O)Oc1ccc[n+](C)c1.[Br-]
radotinib_cid16063245,,,radotinib_cid16063245.png,high,high,0.905621630100782,exact,Radotinib,Radotinib,1.0,39,39,exact,exact,Radotinib,False,False,False,False,1.0,True,True,0,1,,,,Cc1cn(-c2cc(NC(=O)c3ccc(C)c(Nc4nccc(-c5cnccn5)n4)c3)cc(C(F)(F)F)c2)cn1
ravidasvir_cid52918888,,,ravidasvir_cid52918888.png,low,low,0.5251897009843882,stereo,Ravidasvir,Ravidasvir,1.0,56,56,stereo,stereo,Ravidasvir,False,False,False,False,1.0,True,True,0,1,,,,[H]C1(c2nc3ccc(-c4ccc5cc(-c6cnc([C@]7([H])CCCN7C(=O)[C@@H](NC(=O)OC)C(C)C)[nH]6)ccc5c4)cc3[nH]2)CCCN1C(=O)[C@@H](NC(=O)OC)C(C)C
refametinib_cid44182295,,,refametinib_cid44182295.png,high,high,0.9050204058818259,wrong,,Refametinib,0.983,31,31,exact,exact,Refametinib,False,True,False,False,1.0,False,False,2,3,[H].[H],,,"COc1cc(F)c(F)c(Nc2ccc(I)cc2F)c1NS(=O)(=O)C1(C[C@H](O)CO)CC1.[H].[H] |^1:31,32|"
resminostat_cid11609955,,,resminostat_cid11609955.png,high,high,0.8912769845893963,wrong,,Resminostat,0.978,24,24,exact,exact,Resminostat,False,True,False,False,1.0,False,False,1,2,[H],,,[H].[H]/C(C(=O)NO)=C(/[H])c1ccn(S(=O)(=O)c2ccc(CN(C)C)cc2)c1 |^1:0|
retinol_palmitate_cid5280531,,,retinol_palmitate_cid5280531.png,high,high,0.8565343662930778,wrong,,Retinol Palmitate,0.828,37,38,wrong,wrong,,False,False,False,False,0.828,False,False,3,1,,,,[H]C(/C=C/C1=C(C)CCCC1(C)C)=C([H])\C([H])=C([H])\C(C)=C(/[H])COC(=O)CCCCCCCCCCCCCCC
riboflavin_cid493570,,,riboflavin_cid493570.png,high,high,0.8768204751510025,wrong,,Riboflavin,0.979,27,27,exact,exact,Riboflavin,False,True,False,False,1.0,False,False,2,3,[H].[H],,,"[H].[H].[H]O[C@H]([C@H](O)CO)[C@@H](O)Cn1c2nc(=O)[nH]c(=O)c-2nc2cc(C)c(C)cc21 |^1:0,1|"
ridaforolimus_cid11520894,,,ridaforolimus_cid11520894.png,low,low,5.456092461137166e-05,invalid,,,,,,invalid,invalid,,False,False,False,False,,False,,,,,,,[H]C1CO2C345[H]C26([H])(C3CC(C)C([H])=C(C)C(O)C(OC)C[CH]C[CH]C2([H])C([H])=CC3=C([H])([H]3)C37C8C9C%10%11C8%12C(C(OP(C)(C)=O)[CH]3(OC)C[CH]9%127)C2%10([H])=C([H])C%11([H])=C([H])[H]C([H])=C(C)C(OC)CC2([H])O3C789(O)C(C)C37(O)(O28)C9(=O)C(=O)N1)[CH]412C[CH]56(C1)C2
rilmenidine_cid68712,,,rilmenidine_cid68712.png,high,high,0.8843562348790945,exact,Rilmenidine,Rilmenidine,1.0,13,13,exact,exact,Rilmenidine,False,False,False,False,1.0,True,True,0,1,,,,C1COC(NC(C2CC2)C2CC2)=N1
rilpivirine_cid6451164,,,rilpivirine_cid6451164.png,high,high,0.8806258649661751,wrong,,Rilpivirine,0.959,28,28,exact,exact,Rilpivirine,False,True,False,False,1.0,False,False,3,3,[HH].[H],,,[HH].[H].[H]/C(C#N)=C(/[H])c1cc(C)c(Nc2ccnc(Nc3ccc(C#N)cc3)n2)c(C)c1 |^1:1|
rimexolone_cid5311412,,,rimexolone_cid5311412.png,high,high,0.8522843443229546,exact,Rimexolone,Rimexolone,1.0,27,27,exact,exact,Rimexolone,False,False,False,False,1.0,True,True,0,1,,,,[H]O[C@H]1C[C@@]2(C)[C@@]([H])(C[C@@H](C)[C@]2(C)C(=O)CC)[C@]2([H])CCC3=CC(=O)C=C[C@]3(C)[C@@]12[H]
rimocidin_cid6440843,,,rimocidin_cid6440843.png,low,low,0.7554620496049882,exact,Rimocidin,Rimocidin,1.0,54,54,exact,exact,Rimocidin,False,False,False,False,1.0,True,True,0,1,,,,[H]N[C@@H]1[C@H](O)[C@H](O[C@@H]2C[C@]3([H])O[C@](O)(C[C@@H](O)CCCC(=O)C[C@@H](O)[C@H](CC)C(=O)O[C@H](CCC)C/C([H])=C([H])/C([H])=C([H])/C([H])=C([H])/C([H])=C/2[H])C[C@H](O)[C@H]3C(=O)O)O[C@H](C)[C@H]1O
rintatolimod_cid135537060,,,rintatolimod_cid135537060.png,low,low,0.474507850208533,wrong,,Rintatolimod,0.907,72,65,near,near,,False,False,False,False,0.907,False,False,33,16,,O.O.O.O.O.O.O.O.O.O.OP,,Nc1ccn([C@@H]2O[C@H](CO)[C@H](O)[C@H]2O)c(=O)n1.O.O.O.O.O.O.O.O.O.O.O.O=c1[nH]cnc2c1ncn2[C@H]1O[C@H](COP(=O)(O)O)[C@H](O)[C@@H]1O.OP.OP.[H]O[C@@H]1[C@H](O)[C@H](n2ccc(=O)[nH]c2=O)O[C@@H]1CO
rintodestrant_cid129205616,,,rintodestrant_cid129205616.png,high,high,0.9016296818903043,wrong,,Rintodestrant,0.982,33,33,exact,exact,Rintodestrant,False,True,False,False,1.0,False,False,2,2,[HH],,,[HH].[H]/C(C(=O)O)=C(/[H])c1ccc(Oc2c(C(=O)c3c(C)cc(F)cc3C)sc3cc(O)ccc23)cc1
ritobegron_cid9820882,,,ritobegron_cid9820882.png,high,high,0.8772712549611307,wrong,,Ritobegron,0.98,27,27,exact,exact,Ritobegron,False,True,False,False,1.0,False,False,4,3,[HH].[HH],,,Cc1cc(OCC(=O)O)c(C)cc1CCN[C@@H](C)[C@H](O)c1ccc(O)cc1.[HH].[HH]
ritodrine_cid33572,,,ritodrine_cid33572.png,high,high,0.8790321664579775,wrong,,Ritodrine,0.968,21,21,exact,exact,Ritodrine,False,True,False,False,1.0,False,False,2,3,[H].[H],,,"C[C@H](NCCc1ccc(O)cc1)[C@H](O)c1ccc(O)cc1.[H].[H] |^1:21,22|"
riviciclib_cid24887371,,,riviciclib_cid24887371.png,high,high,0.8803160197772528,wrong,,Riviciclib,0.982,28,28,exact,exact,Riviciclib,False,True,False,False,1.0,False,False,3,4,[H].[H].[H],,,"[H].[H].[H].[H][C@]1(c2c(O)cc(O)c3c(=O)cc(-c4ccccc4Cl)oc23)CCN(C)[C@@H]1CO |^1:0,1,2|"
roscovitine_cid160355,,,roscovitine_cid160355.png,high,high,0.9050750921573055,exact,Roscovitine,Roscovitine,1.0,26,26,exact,exact,Roscovitine,False,False,False,False,1.0,True,True,0,1,,,,[H]OC[C@@H](CC)Nc1nc(N([H])Cc2ccccc2)c2ncn(C(C)C)c2n1
roxarsone_cid5104,,,roxarsone_cid5104.png,high,high,0.8827522856722022,exact,Roxarsone,Roxarsone,1.0,14,14,exact,exact,Roxarsone,False,False,False,False,1.0,True,True,0,1,,,,[H]Oc1ccc([As](=O)(O)O)cc1[N+](=O)[O-]
roxatidine_cid91276,,,roxatidine_cid91276.png,high,high,0.9002416799382156,wrong,,Roxatidine,0.957,22,22,exact,exact,Roxatidine,False,True,False,False,1.0,False,False,3,3,[HH].[H],,,O=C(CO)NCCCOc1cccc(CN2CCCCC2)c1.[HH].[H] |^1:23|
rubitecan_cid472335,,,rubitecan_cid472335.png,high,high,0.8843664915181552,wrong,,Rubitecan,0.864,29,29,near,near,,False,False,False,False,0.864,False,False,1,1,,,,CC[C@@]1(O)C(=O)OCc2c1cc1n(c2=O)Cc2cc3c([N+](=O)O)cccc3nc2-1
ruboxistaurin_cid153999,,,ruboxistaurin_cid153999.png,high,high,0.8712640855646031,exact,Ruboxistaurin,Ruboxistaurin,1.0,35,35,exact,exact,Ruboxistaurin,False,False,False,False,1.0,True,True,0,1,,,,CN(C)C[C@@H]1CCn2cc(c3ccccc32)C2=C(C(=O)NC2=O)c2cn(c3ccccc23)CCO1
runcaciguat_cid134440946,,,runcaciguat_cid134440946.png,high,high,0.8886467015438689,exact,Runcaciguat,Runcaciguat,1.0,32,32,exact,exact,Runcaciguat,False,False,False,False,1.0,True,True,0,1,,,,C[C@H]([C@H](C(=O)Nc1cc([C@@H](CC(=O)O)C2CC2)ccc1Cl)c1ccc(Cl)cc1)C(F)(F)F
saffan_cid24732,,,saffan_cid24732.png,low,low,0.1160019697912307,invalid,,,,,,invalid,invalid,,False,False,False,False,,False,,,,,,,[H]C12CCC3([H])C4([H])CCC(C(=O)COC(C)=O)C4(C)CC(=O)C3([H])C1(C)CCC(O)C2.[H]C12CCC34[H]C35([H])CCC(C(C)=O)C5(C)CC(=O)C4([H])C1(C)CCC(O)C2
salacinol_cid6451151,,,salacinol_cid6451151.png,high,high,0.8606967017698494,wrong,,Salacinol,1.0,20,20,exact,exact,Salacinol,False,True,False,False,1.0,False,False,3,4,[H].[H].[H],,,"[H].[H].[H].[H]O[C@@H]1C[S+](C[C@@H](O)[C@H](CO)OS(=O)(=O)[O-])[C@H](CO)[C@H]1O |^1:0,1,2|"
sarcosine_cid1088,,,sarcosine_cid1088.png,high,high,0.8771676538408272,exact,Sarcosine,Sarcosine,1.0,6,6,exact,exact,Sarcosine,False,False,False,False,1.0,True,True,0,1,,,,[H]OC(=O)CN([H])C
sarpogrelate_cid5160,,,sarpogrelate_cid5160.png,high,high,0.8841870867039701,exact,Sarpogrelate,Sarpogrelate,1.0,31,31,exact,exact,Sarpogrelate,False,False,False,False,1.0,True,True,0,1,,,,COc1cccc(CCc2ccccc2OCC(CN(C)C)OC(=O)CCC(=O)O)c1
seglitide_cid5311430,,,seglitide_cid5311430.png,low,low,0.4905003766541892,invalid,,,,,,invalid,invalid,,False,False,False,False,,False,,,,,,,CC(=O)C1NC(=O)C(CCCCN)NC(=O)C(CC2=CNC3=CC=CC=C23)NC(=O)C(CC2=CC=C(O)C=C2)NCC(C)N2(C)C[CH](CC3=CC=CC=C3)(NC1=O)C2=O.[HH].[HH].[HH].[HH].[HH].[H].[H]
selenium_disulfide_cid24087,,,selenium_disulfide_cid24087.png,low,low,0.6537534195633133,wrong,,Selenium disulfide,0.333,4,3,wrong,wrong,,False,False,False,False,0.333,False,False,1,1,,,,S=C=[Se]=S
seletalisib_cid56928390,,,seletalisib_cid56928390.png,high,high,0.8945922557705384,exact,Seletalisib,Seletalisib,1.0,34,34,exact,exact,Seletalisib,False,False,False,False,1.0,True,True,0,1,,,,[H]N(c1ncnc2cccnc12)[C@H](c1cc2cccc(Cl)c2nc1-c1ccc[n+]([O-])c1)C(F)(F)F
semduramicin_cid71327,,,semduramicin_cid71327.png,low,low,0.02983447489887843,invalid,,,,,,invalid,invalid,,False,False,False,False,,False,,,,,,,[H]OC1C(C)C(CC(=O)O)(O[H])OC([H])(C([H])C2OC3(CCC([H])(C456CC7C89(C)(O4)O5C7684([H])OC([H])(C5([H])OC(C)(O)C(C)CC5C)CC(OC5CCC(OC)C(C)O5)C94[H])O3)CC(O)C2C)C1OC
serlopitant_cid23653789,,,serlopitant_cid23653789.png,high,high,0.8894220292556382,stereo,Serlopitant,Serlopitant,1.0,39,39,stereo,stereo,Serlopitant,False,False,False,False,1.0,True,True,0,1,,,,[H][C@]12CC[C@H](O[C@H](C)c3cc(C(F)(F)F)cc(C(F)(F)F)c3)[C@@H](c3ccc(F)cc3)[C@@]1([H])CN(C1=CC(=O)CC1)C2
setipiprant_cid49843471,,,setipiprant_cid49843471.png,high,high,0.8997473216440044,exact,Setipiprant,Setipiprant,1.0,30,30,exact,exact,Setipiprant,False,False,False,False,1.0,True,True,0,1,,,,O=C(O)Cn1c2c(c3cc(F)ccc31)CN(C(=O)c1cccc3ccccc13)CC2
simeprevir_cid24873435,,,simeprevir_cid24873435.png,low,low,0.1135976113742193,invalid,,,,,,invalid,invalid,,False,False,False,False,,False,,,,,,,[H]C1=C([H])C2([H])CC23(C(=O)NS(=O)(=O)C2CC2)N2C4(=O)C5([H])CC(OC6=CC(C7=NC(C(C)C)=CS7)=NC7=C6C=CC(OC)=C7C)CC5([H])C(=O)(=O=C243)NCCCC1
simfibrate_cid5217,,,simfibrate_cid5217.png,high,high,0.9124133936026051,exact,Simfibrate,Simfibrate,1.0,31,31,exact,exact,Simfibrate,False,False,False,False,1.0,True,True,0,1,,,,CC(C)(Oc1ccc(Cl)cc1)C(=O)OCCCOC(=O)C(C)(C)Oc1ccc(Cl)cc1
sinefungin_cid65482,,,sinefungin_cid65482.png,high,high,0.8876885112665979,wrong,,Sinefungin,0.981,27,27,exact,exact,Sinefungin,False,True,False,False,1.0,False,False,8,8,[HH].[H].[H].[H].[H].[H].[H],,,"Nc1ncnc2c1ncn2[C@@H]1O[C@H](C[C@@H](N)CC[C@H](N)C(=O)O)[C@@H](O)[C@H]1O.[HH].[H].[H].[H].[H].[H].[H] |^1:28,29,30,31,32,33|"
sm_102_cid126697616,,,sm_102_cid126697616.png,low,low,0.325072129235814,wrong,,SM-102,0.241,49,50,wrong,wrong,,False,False,False,False,0.241,False,False,20,1,,,,*CCC(CCCCCCCC(=C)CC(CCCCCCCC)CCCCCCCC)CCCCCC(=C)CCCCCCCCCCCC |$Bn8;;;;;;;;;;;;;;;;;;;;;;;;;;;;;;;;;;;;;;;;;;;;;;;;;$|
sodium_arsenite_cid443495,,,sodium_arsenite_cid443495.png,low,low,0.8268162384409639,wrong,,Sodium Arsenite,0.231,4,4,wrong,wrong,,False,False,False,False,0.231,False,True,0,1,,,,"O=[As][O-][Na+] |3,C:2.2|"
sodium_butyrate_cid5222465,,,sodium_butyrate_cid5222465.png,high,high,0.8952872487522743,wrong,,Sodium Butyrate,0.391,7,7,wrong,wrong,,False,False,False,False,0.391,False,True,0,1,,,,"CCCC(=O)[O-][Na+] |6,C:5.5|"
sodium_fluoride_cid5235,,,sodium_fluoride_cid5235.png,low,low,0.4882507087978226,wrong,,Sodium Fluoride,0.0,2,2,wrong,wrong,,False,False,False,False,0.0,False,False,0,1,,,,[F][Na+] |1|
sodium_perborate_cid517072,,,sodium_perborate_cid517072.png,low,low,0.8254058908672139,wrong,,Sodium Perborate,0.278,5,5,wrong,wrong,,False,False,False,False,0.278,False,True,0,1,,,,"O=BO[O-][Na+] |4,C:3.3|"
sodium_phenylbutyrate_cid5258,,,sodium_phenylbutyrate_cid5258.png,low,low,0.4776613461644415,wrong,,Sodium Phenylbutyrate,0.562,13,13,wrong,wrong,,False,False,False,False,0.562,False,False,0,1,,,,O=C(CCCc1ccccc1)[O][Na+] |12|
sodium_pyruvate_cid23662274,,,sodium_pyruvate_cid23662274.png,high,high,0.8808956861470483,wrong,,Sodium pyruvate,0.316,7,7,wrong,wrong,,False,False,False,False,0.316,False,True,0,1,,,,"CC(=O)C(=O)[O-][Na+] |6,C:5.5|"
sodium_selenate_cid25960,,,sodium_selenate_cid25960.png,high,high,0.8761916755328862,wrong,,Sodium Selenate,0.462,7,7,wrong,wrong,,False,False,False,False,0.462,False,False,0,2,,,,O=[Se](=O)([O-])[O][Na+].[Na+] |5|
sodium_tetrathionate_dihydrate_6ci_7ci_cid203055,,,sodium_tetrathionate_dihydrate_6ci_7ci_cid203055.png,low,low,0.8309869103098018,wrong,,"Sodium tetrathionate, dihydrate (6CI,7CI)",0.667,14,14,salt,salt,"Sodium tetrathionate, dihydrate (6CI,7CI)",False,True,True,False,0.706,False,False,4,8,[H].[H].[H],O.[Na+],,"O=S(=O)([O-])SSS(=O)(=O)O.[H].[H].[H].[H]O.[H]O.[Na+].[Na+] |^1:10,11,12|"
sodium_thiocyanate_cid516871,,,sodium_thiocyanate_cid516871.png,low,low,0.8191346705060268,wrong,,Sodium thiocyanate,0.231,4,4,wrong,wrong,,False,False,False,False,0.231,False,False,0,1,,,,N#C[S][Na+] |3|
sorangicin_a_cid657059,,,sorangicin_a_cid657059.png,low,low,4.281883290614176e-153,wrong,,Sorangicin A,0.053,158,58,wrong,wrong,,False,False,False,False,0.053,False,False,174,1,,,,[H]CCC1C2C13C21C24C(C25C2C6C25C62C5C26C52C65C26C52C65C26C52C65C26C52C65C26C52C65C26C52C65C26C52C65C26C52C65C26C52C65C26C52C65C26C52C65C26C52C65C26C52C65C26C52C65C26C52C65C26C52C65C26C52C65C26C52C65C26C52C65C26C52C65C26C52C65C26C52C65C26C52C65C26C27C89C%10%11C%12%13C%14%15C%16%17C%18%19C%20%21C%22%23C%24%25C%26%27C%28%29C%30%31C%32%33C%34%35C%36%37C%38%39C%40%41C%42%43C%44%45C%46%47C%48%49C%50%51C%52%53C%54%55C%56%57C%58%59C%60%61C%62%63C%64%65C%66%67C%68%69C%70%71C%72%73C%74%75C%76CC%76%74C%75%72C%73%70C%71%68C%69%66C%67%64C%65%62C%63%60C%61%58C%59%56C%57%54C%55%52C%53%50C%51%48C%49%46C%47%44C%45%42C%43%40C%41%38C%39%36C%37%34C%35%32C%33%30C%31%28C%29%26C%27%24C%25%22C%23%20C%21%18C%19%16C%17%14C%15%12C%13%10C%118C92C576)C341
spiramycin_ii_cid49787020,,,spiramycin_ii_cid49787020.png,low,low,0.02278670307743426,invalid,,,,,,invalid,invalid,,False,False,False,False,,False,,,,,,,[H]C(=O)C[CH]12(CC([H])=O)C[CH][CH]3(O[CH]O[CH]C)C([H])=C([H])C([H])=C([H])CC4C[CH](C)(CC([H])=C([H])C([H])=C3[H])OC(=O)CC(OC(C)=O)[CH]35(OC)[CH](OC(C)=O)(CC(=O)O4)[CH](OC)([CH]13O)[CH]25OC1OC(C)C(OC2CC(C)(O)C(O)C(C)O2)C(N(C)C)C1O
spirapril_cid5311447,,,spirapril_cid5311447.png,high,high,0.888206921154418,exact,Spirapril,Spirapril,1.0,31,31,exact,exact,Spirapril,False,False,False,False,1.0,True,True,0,1,,,,CCOC(=O)[C@H](CCc1ccccc1)N[C@@H](C)C(=O)N1CC2(C[C@H]1C(=O)O)SCCS2
stibophen_cid16683008,,,stibophen_cid16683008.png,low,low,0.8251509970374737,wrong,,Stibophen,0.976,35,45,salt,salt,Stibophen,False,True,False,False,1.0,False,False,12,17,[H].[H].[H].[H].[H].[H].[H].[H].[H].[H].[H].[H].[H].[H],,,"O.O=S(=O)([O-])c1cc([O][Sb]2[O]c3cc(S(=O)(=O)[O-])cc(S(=O)(=O)[O-])c3[O]2)c([O-])c(S(=O)(=O)[O-])c1.[H].[H].[H].[H].[H].[H].[H].[H].[H].[H].[H].[H].[H].[H].[Na+] |^1:34,35,36,37,38,39,40,41,42,43,44,45,46,47|"
stop_cid24550,,,stop_cid24550.png,low,low,0.7638980519860765,exact,Stop,Stop,1.0,3,3,exact,exact,Stop,False,False,False,False,1.0,True,True,0,1,,,,[F][Sn][F] |^2:1|
succinylcholine_chloride_cid22475,,,succinylcholine_chloride_cid22475.png,high,high,0.8772099774537884,exact,Succinylcholine Chloride,Succinylcholine Chloride,1.0,22,22,exact,exact,Succinylcholine Chloride,False,False,False,False,1.0,True,True,0,3,,[Cl-],,C[N+](C)(C)CCOC(=O)CCC(=O)OCC[N+](C)(C)C.[Cl-].[Cl-]
sulfasalazine_cid5339,,,sulfasalazine_cid5339.png,high,high,0.9000710770050864,wrong,,Sulfasalazine,0.957,28,28,stereo,stereo,Sulfasalazine,False,True,False,False,1.0,False,False,3,3,[HH].[H],,,O=C(O)c1cc(/N=N/c2ccc(S(=O)(=O)Nc3ccccn3)cc2)ccc1O.[HH].[H] |^1:29|
sulfinpyrazone_cid5342,,,sulfinpyrazone_cid5342.png,high,high,0.8850024372863682,exact,Sulfinpyrazone,Sulfinpyrazone,1.0,29,29,exact,exact,Sulfinpyrazone,False,False,False,False,1.0,True,True,0,1,,,,O=C1C(CCS(=O)c2ccccc2)C(=O)N(c2ccccc2)N1c1ccccc1
sutezolid_cid465951,,,sutezolid_cid465951.png,high,high,0.9005972054397213,exact,Sutezolid,Sutezolid,1.0,24,24,exact,exact,Sutezolid,False,False,False,False,1.0,True,True,0,1,,,,CC(=O)NC[C@H]1CN(c2ccc(N3CCSCC3)c(F)c2)C(=O)O1
suvorexant_cid24965990,,,suvorexant_cid24965990.png,high,high,0.8801905725260065,exact,Suvorexant,Suvorexant,1.0,32,32,exact,exact,Suvorexant,False,False,False,False,1.0,True,True,0,1,,,,Cc1ccc(-n2nccn2)c(C(=O)N2CCN(c3nc4cc(Cl)ccc4o3)CC[C@H]2C)c1
suzetrigine_cid156445116,,,suzetrigine_cid156445116.png,low,low,0.7530425861265483,wrong,,Suzetrigine,1.0,33,33,exact,exact,Suzetrigine,False,True,False,False,1.0,False,False,1,2,[H],,,[H].[H]NC(=O)c1cc(NC(=O)[C@@H]2O[C@@](C)(C(F)(F)F)[C@@H](C)[C@@]2([H])c2ccc(F)c(F)c2OC)ccn1 |^1:0|
taurine_cid1123,,,taurine_cid1123.png,high,high,0.8862340045626645,exact,Taurine,Taurine,1.0,7,7,exact,exact,Taurine,False,False,False,False,1.0,True,True,0,1,,,,[H]OS(=O)(=O)CCN([H])[H]
tazarotene_cid5381,,,tazarotene_cid5381.png,high,high,0.9110661445008088,exact,Tazarotene,Tazarotene,1.0,25,25,exact,exact,Tazarotene,False,False,False,False,1.0,True,True,0,1,,,,CCOC(=O)c1ccc(C#Cc2ccc3c(c2)C(C)(C)CCS3)nc1
tazemetostat_cid66558664,,,tazemetostat_cid66558664.png,high,high,0.9223297350174381,exact,Tazemetostat,Tazemetostat,1.0,42,42,exact,exact,Tazemetostat,False,False,False,False,1.0,True,True,0,1,,,,CCN(c1cc(-c2ccc(CN3CCOCC3)cc2)cc(C(=O)NCc2c(C)cc(C)[nH]c2=O)c1C)C1CCOCC1
tazobactam_cid123630,,,tazobactam_cid123630.png,high,high,0.892300009893939,exact,Tazobactam,Tazobactam,1.0,20,20,exact,exact,Tazobactam,False,False,False,False,1.0,True,True,0,1,,,,[H]OC(=O)[C@@H]1N2C(=O)C[C@@]2([H])S(=O)(=O)[C@@]1(C)Cn1ccnn1
tecarfarin_cid54718618,,,tecarfarin_cid54718618.png,high,high,0.8885702136024163,exact,Tecarfarin,Tecarfarin,1.0,32,32,exact,exact,Tecarfarin,False,False,False,False,1.0,True,True,0,1,,,,CC(OC(=O)c1ccc(Cc2c(O)c3ccccc3oc2=O)cc1)(C(F)(F)F)C(F)(F)F
tegobuvir_cid23649154,,,tegobuvir_cid23649154.png,high,high,0.9043625649795941,exact,Tegobuvir,Tegobuvir,1.0,37,37,exact,exact,Tegobuvir,False,False,False,False,1.0,True,True,0,1,,,,Fc1ccccc1-c1nc2ccn(Cc3ccc(-c4ccc(C(F)(F)F)cc4C(F)(F)F)nn3)cc-2n1
telratolimod_cid56833311,,,telratolimod_cid56833311.png,high,high,0.8945725875809892,wrong,,Telratolimod,0.568,43,43,wrong,wrong,,False,False,False,False,0.568,False,False,2,2,,,,CCCCCCCCCCCCCCCCCC(=O)NCCCCO.CCCCc1nc2c(N)nc3ccccc3c2[nH]1
temurtide_cid76972485,,,temurtide_cid76972485.png,low,low,0.6444496455286968,wrong,,Temurtide,0.982,36,36,exact,exact,Temurtide,False,True,False,False,1.0,False,False,7,8,[H].[H].[H].[H].[H].[H].[H],,,"[H].[H].[H].[H].[H].[H].[H].[H]C(=O)[C@H](NC(C)=O)[C@@H](O[C@H](C)C(=O)N[C@H](C(=O)N[C@H](CCC(=O)O)C(N)=O)[C@@H](C)O)[C@H](O)[C@H](O)CO |^1:0,1,2,3,4,5,6|"
tenatoprazole_cid636411,,,tenatoprazole_cid636411.png,high,high,0.8982103954429315,exact,Tenatoprazole,Tenatoprazole,1.0,24,24,exact,exact,Tenatoprazole,False,False,False,False,1.0,True,True,0,1,,,,COc1ccc2[nH]c(S(=O)Cc3ncc(C)c(OC)c3C)nc2n1
terlipressin_cid72081,,,terlipressin_cid72081.png,low,low,0.06854459748317762,invalid,,,,,,invalid,invalid,,False,False,False,False,,False,,,,,,,[H]NCCCCC(NC(=O)C1CCCN1CC(CSC=CC=C)NC(=O)(=O)C(CC(N)=O)NC(=O)[CH]1(NC(=O)C2NCC(CC3=CC=C(O)C=C3)NC(=O)C(NC(=O)CNC(=O)CNC(=O)CN)CC3456=C78=C9%10(=C=3%11C7=C3(=C8%11=CC3=C94)C=C%105)C26)C2C34C1C21C3256=O=C41(=O=2)(N5)N6)C(=O)NCC(=O)N[H]
terodiline_cid23480,,,terodiline_cid23480.png,high,high,0.8988676390425744,exact,Terodiline,Terodiline,1.0,21,21,exact,exact,Terodiline,False,False,False,False,1.0,True,True,0,1,,,,CC(CC(c1ccccc1)c1ccccc1)NC(C)(C)C
tertatolol_cid36920,,,tertatolol_cid36920.png,high,high,0.9032448537760625,exact,Tertatolol,Tertatolol,1.0,20,20,exact,exact,Tertatolol,False,False,False,False,1.0,True,True,0,1,,,,CC(C)(C)NCC(O)COc1cccc2c1SCCC2
thebaine_cid5324289,,,thebaine_cid5324289.png,low,low,0.7552157977399486,exact,Thebaine,Thebaine,1.0,23,23,exact,exact,Thebaine,False,False,False,False,1.0,True,True,0,1,,,,[H][C@@]12Oc3c(OC)ccc4c3[C@@]13CCN(C)[C@]([H])(C4)C3=CC=C2OC
thiocillin_cid5282053,,,thiocillin_cid5282053.png,low,low,0.001055865407241399,invalid,,,,,,invalid,invalid,,False,False,False,False,,False,,,,,,,[H]C(C)=C1NCC2=CSC(=N2)C2=N3C(C(=C4(=NC=CS4)NC(=O)NC(C([H])(C)O)C(=O)N1)C=C2)C31=CSC(N([H])C(=O)C23=CSC2(C(NC2=NC(CNC4(=C([H])C)C567=O=C48(=O=5)N6C45[CH]69C[CH]4(C)(O)(O6)C9N578)=CS2)C(C)C)=N3)=N1
thiothixene_cid941651,,,thiothixene_cid941651.png,high,high,0.879930470672206,exact,Thiothixene,Thiothixene,1.0,30,30,exact,exact,Thiothixene,False,False,False,False,1.0,True,True,0,1,,,,[H]/C(CCN1CCN(C)CC1)=C1\c2ccccc2Sc2ccc(S(=O)(=O)N(C)C)cc21
tiapride_cid5467,,,tiapride_cid5467.png,high,high,0.9078594146945006,exact,Tiapride,Tiapride,1.0,22,22,exact,exact,Tiapride,False,False,False,False,1.0,True,True,0,1,,,,[H]N(CCN(CC)CC)C(=O)c1cc(S(C)(=O)=O)ccc1OC
tilidine_cid30131,,,tilidine_cid30131.png,high,high,0.8853852057938263,exact,Tilidine,Tilidine,1.0,20,20,exact,exact,Tilidine,False,False,False,False,1.0,True,True,0,1,,,,CCOC(=O)[C@]1(c2ccccc2)CCC=C[C@H]1N(C)C
tiopronin_cid5483,,,tiopronin_cid5483.png,high,high,0.9072108114530627,exact,Tiopronin,Tiopronin,1.0,10,10,exact,exact,Tiopronin,False,False,False,False,1.0,True,True,0,1,,,,[H]OC(=O)CN([H])C(=O)C([H])(C)S[H]
tipifarnib_cid159324,,,tipifarnib_cid159324.png,high,high,0.8835628645932505,exact,Tipifarnib,Tipifarnib,1.0,34,34,exact,exact,Tipifarnib,False,False,False,False,1.0,True,True,0,1,,,,[H]N[C@](c1ccc(Cl)cc1)(c1ccc2c(c1)c(-c1cccc(Cl)c1)cc(=O)n2C)c1cncn1C
tirapazamine_cid135413511,,,tirapazamine_cid135413511.png,high,high,0.8981823187460583,exact,Tirapazamine,Tirapazamine,1.0,13,13,exact,exact,Tirapazamine,False,False,False,False,1.0,True,True,0,1,,,,Nc1n[n+]([O-])c2ccccc2[n+]1[O-]
tirbanibulin_cid23635314,,,tirbanibulin_cid23635314.png,high,high,0.896411814008189,exact,Tirbanibulin,Tirbanibulin,1.0,32,32,exact,exact,Tirbanibulin,False,False,False,False,1.0,True,True,0,1,,,,O=C(Cc1ccc(-c2ccc(OCCN3CCOCC3)cc2)cn1)NCc1ccccc1
tixocortol_pivalate_cid15052414,,,tixocortol_pivalate_cid15052414.png,low,low,0.7081546428831099,stereo,Tixocortol Pivalate,Tixocortol Pivalate,1.0,32,32,stereo,stereo,Tixocortol Pivalate,False,False,False,False,1.0,True,True,0,1,,,,[H]O[C@H]1C[C@@]2(C)[C@@]([H])(CC[C@]2(O)C(=O)CSC(=O)C(C)(C)C)[C@@]2([H])CCC3=CC(=O)CC[C@]3(C)[C@@]12[H]
tolfenamic_acid_cid610479,,,tolfenamic_acid_cid610479.png,high,high,0.901004987407721,exact,Tolfenamic Acid,Tolfenamic Acid,1.0,18,18,exact,exact,Tolfenamic Acid,False,False,False,False,1.0,True,True,0,1,,,,Cc1c(Cl)cccc1Nc1ccccc1C(=O)O
tolnaftate_cid5510,,,tolnaftate_cid5510.png,high,high,0.9240140162724888,exact,Tolnaftate,Tolnaftate,1.0,22,22,exact,exact,Tolnaftate,False,False,False,False,1.0,True,True,0,1,,,,Cc1cccc(N(C)C(=S)Oc2ccc3ccccc3c2)c1
tomatine_cid28523,,,tomatine_cid28523.png,low,low,0.001708853503300988,wrong,,Tomatine,0.697,72,72,wrong,wrong,,False,False,False,False,0.697,False,False,4,1,,,,*[C@@]12CC[C@]3([H])C[C@H](O[C@H]4O[C@H](CO)[C@@H](O[C@H]5O[C@H](CO)[C@@H](O)[C@@H](O[C@H]6OC[C@H](O)[C@@H](O)[C@@H]6O)[C@@H]5O[C@@H]5O[C@H](CO)[C@@H](O)[C@H](O)[C@H]5O)[C@@H](O)[C@H]4O)CC[C@]3(C)[C@@]1([H])CC[C@@]1(C)[C@@]2(*)C[C@@]2([H])O[C@@]3(CC[C@H](C)CN3[H])[C@@H](C)[C@]12[H] |$Me;;;;;;;;;;;;;;;;;;;;;;;;;;;;;;;;;;;;;;;;;;;;;;;;;;;;;;;;;;;;;;Me;;;;;;;;;;;;;;;;$|
torcetrapib_cid159325,,,torcetrapib_cid159325.png,high,high,0.9095391723367138,exact,Torcetrapib,Torcetrapib,1.0,41,41,exact,exact,Torcetrapib,False,False,False,False,1.0,True,True,0,1,,,,CCOC(=O)N1c2ccc(C(F)(F)F)cc2[C@@H](N(Cc2cc(C(F)(F)F)cc(C(F)(F)F)c2)C(=O)OC)C[C@H]1CC
toremifene_cid3005573,,,toremifene_cid3005573.png,high,high,0.8884854947099342,exact,Toremifene,Toremifene,1.0,29,29,exact,exact,Toremifene,False,False,False,False,1.0,True,True,0,1,,,,CN(C)CCOc1ccc(/C(=C(/CCCl)c2ccccc2)c2ccccc2)cc1
trans_diamminedichloroplatinum_cid441203,,,trans_diamminedichloroplatinum_cid441203.png,low,low,0.4766230857690663,wrong,,trans-Diamminedichloroplatinum,0.083,5,5,wrong,wrong,,False,False,False,False,0.083,False,False,1,1,,,,[H][N]([H])[Pt+]([Cl])([Cl])[N]([H])([H])[H] |C:6.5|
trapidil_cid5531,,,trapidil_cid5531.png,high,high,0.8948115018435573,exact,Trapidil,Trapidil,1.0,15,15,exact,exact,Trapidil,False,False,False,False,1.0,True,True,0,1,,,,CCN(CC)c1cc(C)nc2ncnn12
tribendimidine_cid3086564,,,tribendimidine_cid3086564.png,high,high,0.9060497311062006,stereo,Tribendimidine,Tribendimidine,1.0,34,34,stereo,stereo,Tribendimidine,False,False,False,False,1.0,True,True,0,1,,,,[H]/C(=N\c1ccc(/N=C(\C)N(C)C)cc1)c1ccc(/C=N/c2ccc(/N=C(\C)N(C)C)cc2)cc1
trichlorfon_cid5853,,,trichlorfon_cid5853.png,low,low,0.8152840723671994,wrong,,Trichlorfon,0.952,12,12,exact,exact,Trichlorfon,False,True,False,False,1.0,False,False,2,2,[HH],,,COP(=O)(OC)C(O)C(Cl)(Cl)Cl.[HH]
trichloroethylene_cid6575,,,trichloroethylene_cid6575.png,low,low,0.8350971182554217,exact,Trichloroethylene,Trichloroethylene,1.0,5,5,exact,exact,Trichloroethylene,False,False,False,False,1.0,True,True,0,1,,,,ClC=C(Cl)Cl
triflusal_cid9458,,,triflusal_cid9458.png,high,high,0.8953493960913667,exact,Triflusal,Triflusal,1.0,17,17,exact,exact,Triflusal,False,False,False,False,1.0,True,True,0,1,,,,CC(=O)Oc1cc(C(F)(F)F)ccc1C(=O)O
trimegestone_cid68926,,,trimegestone_cid68926.png,low,low,0.186793067106354,wrong,,Trimegestone,0.979,25,25,stereo,stereo,Trimegestone,False,True,False,False,1.0,False,False,1,2,[H],,,[H].[H][C@@]12CC[C@](C)(C(=O)[C@H](C)O)[C@@]1(C)CCC1=C3CCC(=O)C=C3CC[C@@]12[H] |^1:0|
trimeprazine_cid5574,,,trimeprazine_cid5574.png,high,high,0.8886660685803022,wrong,,(+-)-Trimeprazine,0.632,21,21,wrong,wrong,,False,False,False,False,0.632,False,False,0,1,,,,CC(CN(C)C)CN1c2ccccc2[S-]c2ccccc21 |^1:14|
tripropeptin_c_cid58960776,,,tripropeptin_c_cid58960776.png,low,low,1.70448321233058e-13,invalid,,,,,,invalid,invalid,,False,False,False,False,,False,,,,,,,O.[H]NC1=NCC(=O)N23C45C267=O2=C8C9(=O)C%10%11C%12C%13CCC%14N%10C%10%15=O=C%16%17%18%19=O=%10=C%10%20%21=O=C%10%22C(CCCCCCCCC(C)C)C(C)(CCCCCCCCCCC)(OC%10=O%23=N14%24C14=O=C%25(CC(=C6(C6([H])([H])[H]C%129%256[H])C=28769([H])([H])=C%162CC7(O)(C(=O)O)C(O)CN([H])C(=O)C7NC(=O)C([H])([H])CCC(=O)C%176N2%20%18(C(=O)C=%23%10513%24)C%15%199)C4)C(=O)N%13%14%11)C%22C(=O)N([H])C%21
trofosfamide_cid65702,,,trofosfamide_cid65702.png,high,high,0.8879203006926288,exact,Trofosfamide,Trofosfamide,1.0,17,17,exact,exact,Trofosfamide,False,False,False,False,1.0,True,True,0,1,,,,O=P1(N(CCCl)CCCl)OCCCN1CCCl
trospium_chloride_cid5284631,,,trospium_chloride_cid5284631.png,low,low,0.00665127616201983,invalid,,,,,,invalid,invalid,,False,False,False,False,,False,,,,,,,[Cl-].[H]C12C3=O=C(=O)(OC456CC7([H])CCC8([H])(C4)C54C(O3)C6C3([H])CCCC[N+]738C43([H])CC3)C3(O)(C14=C(=C31=CC=CC=C1)C=CC=C4)C1(=CC=CC=C1)=C1=C2C=CC=C1
tryparsamide_cid23665572,,,tryparsamide_cid23665572.png,low,low,0.8315256608168465,wrong,,Tryparsamide,0.658,16,16,wrong,wrong,,False,False,False,False,0.658,False,False,1,2,[H],,,"[H].[H]NC(=O)CN([H])c1ccc([As](=O)(O)[O][Na+])cc1 |^1:0,16|"
tucaresol_cid55223,,,tucaresol_cid55223.png,high,high,0.9023695217080099,wrong,,Tucaresol,0.973,20,20,exact,exact,Tucaresol,False,True,False,False,1.0,False,False,1,2,[H],,,[H].[H]OC(=O)c1ccc(COc2cccc(O)c2C([H])=O)cc1 |^1:0|
tucidinostat_cid12136798,,,tucidinostat_cid12136798.png,high,high,0.8929932656705647,exact,Tucidinostat,Tucidinostat,1.0,29,29,exact,exact,Tucidinostat,False,False,False,False,1.0,True,True,0,1,,,,[H]/C(C(=O)NCc1ccc(C(=O)Nc2ccc(F)cc2N)cc1)=C(/[H])c1cccnc1
umbralisib_cid72950888,,,umbralisib_cid72950888.png,high,high,0.9047305434128758,exact,Umbralisib,Umbralisib,1.0,42,42,exact,exact,Umbralisib,False,False,False,False,1.0,True,True,0,1,,,,CC(C)Oc1ccc(-c2nn([C@@H](C)c3oc4ccc(F)cc4c(=O)c3-c3cccc(F)c3)c3ncnc(N)c23)cc1F
uracil_mustard_cid6194,,,uracil_mustard_cid6194.png,high,high,0.8777654086316786,exact,Uracil Mustard,Uracil Mustard,1.0,15,15,exact,exact,Uracil Mustard,False,False,False,False,1.0,True,True,0,1,,,,[H]n1c(=O)[nH]cc(N(CCCl)CCCl)c1=O
urapidil_cid5639,,,urapidil_cid5639.png,high,high,0.902286355229314,exact,Urapidil,Urapidil,1.0,28,28,exact,exact,Urapidil,False,False,False,False,1.0,True,True,0,1,,,,COc1ccccc1N1CCN(CCCNc2cc(=O)n(C)c(=O)n2C)CC1
valnemulin_cid9850878,,,valnemulin_cid9850878.png,low,low,0.4099375216596659,stereo,Valnemulin,Valnemulin,1.0,39,39,stereo,stereo,Valnemulin,False,False,False,False,1.0,True,True,0,1,,,,[H][C@@]12C(=O)CCC13CC[C@@H](C)[C@@]2(C)[C@H](OC(=O)CSC(C)(C)CNC(=O)[C@H](N)C(C)C)C[C@@](C)(C=C)[C@@H](O)[C@@H]3C
valrubicin_cid454216,,,valrubicin_cid454216.png,high,high,0.8862774072706199,exact,Valrubicin,Valrubicin,1.0,51,51,exact,exact,Valrubicin,False,False,False,False,1.0,True,True,0,1,,,,CCCCC(=O)OCC(=O)[C@]1(O)Cc2c(O)c3c(c(O)c2[C@@H](O[C@H]2C[C@H](NC(=O)C(F)(F)F)[C@H](O)[C@H](C)O2)C1)C(=O)c1c(OC)cccc1C3=O
vanzacaftor_cid139399801,,,vanzacaftor_cid139399801.png,low,low,0.8366757906026786,stereo,Vanzacaftor,Vanzacaftor,1.0,44,44,stereo,stereo,Vanzacaftor,False,False,False,False,1.0,True,True,0,1,,,,[H][C@]12CCCNc3cccc(n3)S(=O)(=O)NC(=O)c3ccc(-n4ccc(OCCC5C6(CC6)C56CC6)n4)nc3N(C1)C(C)(C)C2
vecabrutinib_cid72547837,,,vecabrutinib_cid72547837.png,high,high,0.8978493195910517,wrong,,Vecabrutinib,0.986,36,36,exact,exact,Vecabrutinib,False,True,False,False,1.0,False,False,3,4,[H].[H].[H],,,"NC(=O)[C@H]1CCN(c2ncnc(N)c2F)C[C@@H]1N1CCC[C@@H](Nc2cc(Cl)cc(C(F)(F)F)c2)C1=O.[H].[H].[H] |^1:36,37,38|"
vecuronium_bromide_cid39764,,,vecuronium_bromide_cid39764.png,low,low,0.2600428464482328,exact,Vecuronium Bromide,Vecuronium Bromide,1.0,41,41,exact,exact,Vecuronium Bromide,False,False,False,False,1.0,True,True,0,2,,,,[Br-].[H][C@@]12CC[C@]3([H])[C@]([H])(CC[C@]4(C)[C@@H](OC(C)=O)[C@@]([H])([N+]5(C)CCCCC5)C[C@@]34[H])[C@@]1(C)C[C@H](N1CCCCC1)[C@@H](OC(C)=O)C2
vernakalant_hydrochloride_cid9930048,,,vernakalant_hydrochloride_cid9930048.png,high,high,0.9034863243197488,wrong,,Vernakalant Hydrochloride,1.0,26,26,exact,exact,Vernakalant Hydrochloride,False,True,False,False,1.0,False,False,1,3,[H],,,COc1ccc(CCO[C@@H]2CCCC[C@H]2N2CC[C@@H](O)C2)cc1OC.[H].[H]Cl |^1:25|
vesatolimod_cid46241268,,,vesatolimod_cid46241268.png,low,low,0.1341840189370216,invalid,,,,,,invalid,invalid,,False,False,False,False,,False,,,,,,,CC=C1=C(CN2CCCC2)C=C1CN1CC(=O)NC2=C(N)N=C(OCCCC)N=C21.[H].[H]
vidofludimus_cid9820008,,,vidofludimus_cid9820008.png,high,high,0.9056001993729438,wrong,,Vidofludimus,0.979,26,26,exact,exact,Vidofludimus,False,True,False,False,1.0,False,False,2,2,[HH],,,COc1cccc(-c2ccc(NC(=O)C3=C(C(=O)O)CCC3)c(F)c2)c1.[HH]
vigabatrin_cid5665,,,vigabatrin_cid5665.png,high,high,0.8818776452205974,exact,Vigabatrin,Vigabatrin,1.0,9,9,exact,exact,Vigabatrin,False,False,False,False,1.0,True,True,0,1,,,,[H]NC(C=C)CCC(=O)O[H]
vistusertib_cid25262792,,,vistusertib_cid25262792.png,high,high,0.9104373373804235,exact,Vistusertib,Vistusertib,1.0,34,34,exact,exact,Vistusertib,False,False,False,False,1.0,True,True,0,1,,,,CNC(=O)c1cccc(-c2ccc3c(N4CCOC[C@@H]4C)nc(N4CCOC[C@@H]4C)nc3n2)c1
voglibose_cid444020,,,voglibose_cid444020.png,high,high,0.8746639469229402,wrong,,Voglibose,1.0,18,18,exact,exact,Voglibose,False,True,False,False,1.0,False,False,2,3,[H].[H],,,"[H].[H].[H]OCC(CO)N([H])[C@H]1C[C@@](CO[H])(O[H])[C@@H](O[H])[C@H](O[H])[C@H]1O |^1:0,1|"
volasertib_cid10461508,,,volasertib_cid10461508.png,high,high,0.9029593109943056,exact,Volasertib,Volasertib,1.0,45,45,exact,exact,Volasertib,False,False,False,False,1.0,True,True,0,1,,,,CC[C@@H]1C(=O)N(C)c2cnc(Nc3ccc(C(=O)NC4CCC(N5CCN(CC6CC6)CC5)CC4)cc3OC)nc2N1C(C)C
xanomeline_cid60809,,,xanomeline_cid60809.png,high,high,0.9141942307453423,exact,Xanomeline,Xanomeline,1.0,19,19,exact,exact,Xanomeline,False,False,False,False,1.0,True,True,0,1,,,,CCCCCCOc1nsnc1C1=CCCN(C)C1
xemilofiban_cid60957,,,xemilofiban_cid60957.png,high,high,0.8684829230429264,wrong,,Xemilofiban,0.98,26,26,exact,exact,Xemilofiban,False,True,False,False,1.0,False,False,8,5,[HH].[HH].[HH].[HH],,,C#C[C@H](CC(=O)OCC)NC(=O)CCC(=O)Nc1ccc(C(=N)N)cc1.[HH].[HH].[HH].[HH]
ximelagatran_cid9574101,,,ximelagatran_cid9574101.png,high,high,0.8679219029304447,exact,Ximelagatran,Ximelagatran,1.0,34,34,exact,exact,Ximelagatran,False,False,False,False,1.0,True,True,0,1,,,,CCOC(=O)CN[C@@H](C(=O)N1CC[C@H]1C(=O)NCc1ccc(/C(N)=N/O)cc1)C1CCCCC1
zandelisib_cid66571003,,,zandelisib_cid66571003.png,high,high,0.8859801011665838,exact,Zandelisib,Zandelisib,1.0,42,42,exact,exact,Zandelisib,False,False,False,False,1.0,True,True,0,1,,,,CN1CCC(c2ccccc2CC(C)(C)Nc2nc(N3CCOCC3)nc(-n3c(C(F)F)nc4ccccc43)n2)CC1
zb_716_cid126480615,,,zb_716_cid126480615.png,low,low,0.4870260890916356,wrong,,Zb-716,0.784,44,43,wrong,wrong,,False,False,False,False,0.784,False,False,6,4,[H],O,,O.O.[H].[H]OB(O)c1ccc2c(c1)C[C@@H](CCCCCCCCCSCCCC(F)(F)C(F)(F)F)[C@@]1([H])C2([H])CC[C@]2(C)[C@H](O)CC[C@@]12[H] |^1:2|
zeranol_cid2999413,,,zeranol_cid2999413.png,high,high,0.9000897493688789,wrong,,Zeranol,1.0,23,23,exact,exact,Zeranol,False,True,False,False,1.0,False,False,2,3,[H].[H],,,"[H].[H].[H]O[C@@H]1CCCCCc2cc(O)cc(O)c2C(=O)O[C@@H](C)CCC1 |^1:0,1|"
zoldonrasib_cid168201327,,,zoldonrasib_cid168201327.png,low,low,0.00252631591470702,invalid,,,,,,invalid,invalid,,False,False,False,False,,False,,,,,,,[H]C12CCCN3(N1)C(=O)[CH]1(NC(=O)C(C4CCCC4)N4CCC5(CCN(C(=O)[CH]NC)C5)C4)CC4567([H])CC([H])(O4)C5N(CCO6)C4=CC5=C6(C8=C(C(C)OC)N=CC(N9CCN(C%10CC%10)CC9)=C8)=C(CC(C)(C)COC2=O)C2=C=5(C=CC(=C2)NCCOC([H])(CC)C137)(C=C4)N6CC(F)(F)F
zuclopenthixol_cid5311507,,,zuclopenthixol_cid5311507.png,high,high,0.8929416370051553,wrong,,Zuclopenthixol,0.66,27,27,wrong,wrong,,False,False,False,False,0.66,False,False,0,1,,,,[H]/C(CCN1CCN(CCO)CC1)=C1\c2ccccc2[S+]c2ccc(Cl)cc21 |^1:20|
