group,figure,segment,file_name,tier,tier_by_threshold,confidence,verdict,matched_name,closest_name,closest_tanimoto,pred_heavy,closest_heavy,grade,grade_largest,graded_match,decoded,dephantom,dedup,largest,best_tanimoto,skeleton_match,formula_match,elem_delta,n_fragments,phantom_frags,duplicate_frags,dropped_by_largest,smiles
15_crown_5_cid36336,,,15_crown_5_cid36336.png,high,high,0.8828661397822535,exact,15-Crown-5,15-Crown-5,1.0,15,15,exact,exact,15-Crown-5,False,False,False,False,1.0,True,True,0,1,,,,C1COCCOCCOCCOCCO1
18_crown_6_cid28557,,,18_crown_6_cid28557.png,high,high,0.9220630758629234,exact,18-Crown-6,18-Crown-6,1.0,18,18,exact,exact,18-Crown-6,False,False,False,False,1.0,True,True,0,1,,,,C1COCCOCCOCCOCCOCCO1
1_butyl_3_methylimidazolium_chloride_cid2734161,,,1_butyl_3_methylimidazolium_chloride_cid2734161.png,high,high,0.9199830020832381,exact,1-Butyl-3-methylimidazolium chloride,1-Butyl-3-methylimidazolium chloride,1.0,11,11,exact,exact,1-Butyl-3-methylimidazolium chloride,False,False,False,False,1.0,True,True,0,2,,,,CCCCn1cc[n+](C)c1.[Cl-]
1_methyl_4_prop_1_en_2_ylcyclohexene_cid22311,,,1_methyl_4_prop_1_en_2_ylcyclohexene_cid22311.png,high,high,0.8787237924447054,exact,1-Methyl-4-Prop-1-En-2-Ylcyclohexene,1-Methyl-4-Prop-1-En-2-Ylcyclohexene,1.0,10,10,exact,exact,1-Methyl-4-Prop-1-En-2-Ylcyclohexene,False,False,False,False,1.0,True,True,0,1,,,,C=C(C)C1CC=C(C)CC1
1h_pyrrole_1_carboxamide_3_ethyl_2_5_dihydro_4_methyl_n_2_4__cid3476,,,1h_pyrrole_1_carboxamide_3_ethyl_2_5_dihydro_4_methyl_n_2_4__cid3476.png,low,low,0.5689647415539832,wrong,,"1H-Pyrrole-1-carboxamide, 3-ethyl-2,5-dihydro-4-methyl-N-2-4-(trans-4-methylcyclohexyl)aminocarbonylaminosulfonylphenylethyl-2-oxo-",0.539,34,34,wrong,wrong,,False,False,False,False,0.539,False,False,3,1,,,,CC[CH]C(=O)N(CCC)C(=O)NCCc1ccc(S(=O)(=O)NC(=O)N[C@@H]2CC[C@H](C)CC2)cc1 |^1:2|
5_adp_cid6022,,,5_adp_cid6022.png,low,low,0.7776585386062064,stereo,5'-Adp,5'-Adp,1.0,27,27,stereo,stereo,5'-Adp,False,False,False,False,1.0,True,True,0,1,,,,Nc1ncnc2c1ncn2[C@@H]1O[C@H](COP(=O)(O)OP(=O)(O)O)[C@H](O)[C@@H]1O
5_aminosalicylic_acid_cid4075,,,5_aminosalicylic_acid_cid4075.png,high,high,0.881612303745594,exact,5-Aminosalicylic Acid,5-Aminosalicylic Acid,1.0,11,11,exact,exact,5-Aminosalicylic Acid,False,False,False,False,1.0,True,True,0,1,,,,Nc1ccc(O)c(C(=O)O)c1
5_atp_cid5957,,,5_atp_cid5957.png,low,low,0.5107851809999107,stereo,5'-Atp,5'-Atp,1.0,31,31,stereo,stereo,5'-Atp,False,False,False,False,1.0,True,True,0,1,,,,Nc1ncnc2c1ncn2[C@@H]1O[C@H](COP(=O)(O)OP(=O)(O)OP(=O)(O)O)[C@H](O)[C@@H]1O
5_fluorouracil_cid3385,,,5_fluorouracil_cid3385.png,high,high,0.8917884969231124,exact,5-Fluorouracil,5-Fluorouracil,1.0,9,9,exact,exact,5-Fluorouracil,False,False,False,False,1.0,True,True,0,1,,,,O=c1[nH]cc(F)c(=O)[nH]1
6_mercaptopurine_cid667490,,,6_mercaptopurine_cid667490.png,high,high,0.8737835072416181,exact,6-Mercaptopurine,6-Mercaptopurine,1.0,10,10,exact,exact,6-Mercaptopurine,False,False,False,False,1.0,True,True,0,1,,,,S=c1nc[nH]c2nc[nH]c12
abemaciclib_cid46220502,,,abemaciclib_cid46220502.png,high,high,0.9252471333966115,exact,Abemaciclib,Abemaciclib,1.0,37,37,exact,exact,Abemaciclib,False,False,False,False,1.0,True,True,0,1,,,,CCN1CCN(Cc2ccc(Nc3ncc(F)c(-c4cc(F)c5nc(C)n(C(C)C)c5c4)n3)nc2)CC1
acalabrutinib_cid71226662,,,acalabrutinib_cid71226662.png,high,high,0.8983549072658085,exact,Acalabrutinib,Acalabrutinib,1.0,35,35,exact,exact,Acalabrutinib,False,False,False,False,1.0,True,True,0,1,,,,CC#CC(=O)N1CCC[C@H]1c1nc(-c2ccc(C(=O)Nc3ccccn3)cc2)c2c(N)nccn12
acetaminophen_cid1983,,,acetaminophen_cid1983.png,high,high,0.9083067752359605,exact,Acetaminophen,Acetaminophen,1.0,11,11,exact,exact,Acetaminophen,False,False,False,False,1.0,True,True,0,1,,,,CC(=O)Nc1ccc(O)cc1
acetic_acid_cid176,,,acetic_acid_cid176.png,low,low,0.6148495176475666,wrong,,Acetic Acid,0.062,7,4,wrong,wrong,,False,False,False,False,0.062,False,False,13,3,,O,,CC1CCC1.O.O
acetone_d6_cid522220,,,acetone_d6_cid522220.png,low,low,0.8193662826917605,stereo,Acetone-D6,Acetone-D6,0.333,4,4,skeleton,skeleton,,False,False,False,False,0.333,True,True,0,1,,,,[18H]C([18H])([18H])C(=O)C([18H])([18H])[18H]
acetylglucosamine_cid1738118,,,acetylglucosamine_cid1738118.png,high,high,0.882970338674116,exact,Acetylglucosamine,Acetylglucosamine,1.0,15,15,exact,exact,Acetylglucosamine,False,False,False,False,1.0,True,True,0,1,,,,CC(=O)N[C@@H](C=O)[C@@H](O)[C@H](O)[C@H](O)CO
aclidinium_cid11434515,,,aclidinium_cid11434515.png,low,low,0.172691997418035,invalid,,,,,,invalid,invalid,,False,False,False,False,,False,,,,,,,[H]C1(OC(=O)C(O)(C2=CC=CS2)C2=CC=CS2)CC234(CCN2CCCOC2=CC=CC=C2)C2C[NH+]3C[CH]214
adenosine_monophosphate_cid6083,,,adenosine_monophosphate_cid6083.png,low,low,0.3319178890089383,stereo,Adenosine Monophosphate,Adenosine Monophosphate,1.0,23,23,stereo,stereo,Adenosine Monophosphate,False,False,False,False,1.0,True,True,0,1,,,,Nc1ncnc2c1ncn2[C@@H]1O[C@H](COP(=O)(O)O)[C@@H](O)[C@@H]1O
aldosterone_cid5839,,,aldosterone_cid5839.png,low,low,0.5925289776159856,wrong,,Aldosterone,0.507,28,26,wrong,wrong,,False,False,False,False,0.507,False,False,4,1,,,,"[H][C@@]12CC[C@H](C(=O)CO)[C@@]1(C=O)C[C@@H](O)[C@@]1([Bi])[C@@]2([Bi])CCC2=CC(=O)CC[C@@]21C |^2:16,18|"
allicin_cid65036,,,allicin_cid65036.png,high,high,0.8897925983983749,exact,Allicin,Allicin,1.0,9,9,exact,exact,Allicin,False,False,False,False,1.0,True,True,0,1,,,,C=CCSS(=O)CC=C
alpha_cyclodextrin_cid444913,,,alpha_cyclodextrin_cid444913.png,low,low,2.279788839214342e-14,invalid,,,,,,invalid,invalid,,False,False,False,False,,False,,,,,,,[H]C1OC([H])C([H])(CO)OC([H])OC2([H])C34(O)C5C6([H])(OC([H])C([H])(CO)OC([H])O7C89%10%11([H])C%12%13%14%15[H]C8%16%17%18([H])(O%12)OC98%12([H])(O)C%13%16(O)C9([H])(OC([H])C(CO)CCOC%13CC%13(CO)O1)(OC%101%13%16([H])(CO)C(O)C%111([H])(O9%13)C7%148%17%16[H])C%15%12%18O)C31([H])(O)C52([H])(O)C641(C)O
alpha_tocopherol_cid14985,,,alpha_tocopherol_cid14985.png,low,low,0.006308475446479155,wrong,,alpha-Tocopherol,0.475,31,31,wrong,wrong,,False,False,False,False,0.475,False,False,2,1,,,,CC1=C(O)C(C)C2CC[C@@](C)(CCCC(C)CCCC(C)CCCC(C)C)OC2=C1C
alprazolam_cid2118,,,alprazolam_cid2118.png,high,high,0.9092301613536056,exact,Alprazolam,Alprazolam,1.0,22,22,exact,exact,Alprazolam,False,False,False,False,1.0,True,True,0,1,,,,Cc1nnc2n1-c1ccc(Cl)cc1C(c1ccccc1)=NC2
alvelestat_cid46861623,,,alvelestat_cid46861623.png,high,high,0.9103815628544788,exact,Alvelestat,Alvelestat,1.0,38,38,exact,exact,Alvelestat,False,False,False,False,1.0,True,True,0,1,,,,Cc1c(-c2ccnn2C)cc(C(=O)NCc2ccc(S(C)(=O)=O)cn2)c(=O)n1-c1cccc(C(F)(F)F)c1
amantadine_cid2130,,,amantadine_cid2130.png,low,low,0.7723916365627725,exact,Amantadine,Amantadine,1.0,11,11,exact,exact,Amantadine,False,False,False,False,1.0,True,True,0,1,,,,NC12CC3CC(CC(C3)C1)C2
amiodarone_cid2157,,,amiodarone_cid2157.png,high,high,0.9170972211423865,exact,Amiodarone,Amiodarone,1.0,31,31,exact,exact,Amiodarone,False,False,False,False,1.0,True,True,0,1,,,,CCCCc1oc2ccccc2c1C(=O)c1cc(I)c(OCCN(CC)CC)c(I)c1
amitriptyline_cid2160,,,amitriptyline_cid2160.png,high,high,0.8997188355529611,exact,Amitriptyline,Amitriptyline,1.0,21,21,exact,exact,Amitriptyline,False,False,False,False,1.0,True,True,0,1,,,,CN(C)CCC=C1c2ccccc2CCc2ccccc21
amlodipine_cid2162,,,amlodipine_cid2162.png,high,high,0.9169654845809583,exact,Amlodipine,Amlodipine,1.0,28,28,exact,exact,Amlodipine,False,False,False,False,1.0,True,True,0,1,,,,CCOC(=O)C1=C(COCCN)NC(C)=C(C(=O)OC)C1c1ccccc1Cl
ammonium_sulfate_cid6097028,,,ammonium_sulfate_cid6097028.png,high,high,0.8477038111741753,exact,Ammonium Sulfate,Ammonium Sulfate,1.0,7,7,exact,exact,Ammonium Sulfate,False,False,False,False,1.0,True,True,0,3,,[NH4+],,O=S(=O)([O-])[O-].[NH4+].[NH4+]
amoxicillin_cid33613,,,amoxicillin_cid33613.png,low,low,0.7282063582000461,exact,Amoxicillin,Amoxicillin,1.0,25,25,exact,exact,Amoxicillin,False,False,False,False,1.0,True,True,0,1,,,,[H][C@]12SC(C)(C)[C@H](C(=O)O)N1C(=O)[C@H]2NC(=O)[C@H](N)c1ccc(O)cc1
amphotericin_b_cid5280965,,,amphotericin_b_cid5280965.png,low,low,0.0002908779911975313,stereo,Amphotericin B,Amphotericin B,1.0,65,65,stereo,stereo,Amphotericin B,False,False,False,False,1.0,True,True,0,1,,,,[H][C@]12C[C@@H](O[C@H]3O[C@H](C)[C@@H](O)[C@H](N)[C@@H]3O)/C=C/C=C/C=C/C=C/C=C/C=C/C=C/[C@H](C)[C@@H](O)[C@@H](C)[C@H](C)OC(=O)CC(O)CC(O)CC[C@@H](O)[C@H](O)C[C@@H](O)CC(O)(C[C@H](O)[C@H]1C(=O)O)O2
ampicillin_cid6249,,,ampicillin_cid6249.png,high,high,0.8841921541041762,exact,Ampicillin,Ampicillin,1.0,24,24,exact,exact,Ampicillin,False,False,False,False,1.0,True,True,0,1,,,,[H][C@]12SC(C)(C)[C@H](C(=O)O)N1C(=O)[C@H]2NC(=O)[C@H](N)c1ccccc1
anastrozole_cid2187,,,anastrozole_cid2187.png,high,high,0.8943414606800996,exact,Anastrozole,Anastrozole,1.0,22,22,exact,exact,Anastrozole,False,False,False,False,1.0,True,True,0,1,,,,CC(C)(C#N)c1cc(Cn2cncn2)cc(C(C)(C)C#N)c1
androstenedione_cid6128,,,androstenedione_cid6128.png,low,low,0.6276095383480099,wrong,,Androstenedione,0.407,22,21,wrong,wrong,,False,False,False,False,0.407,False,False,4,1,,,,*[C@@]12CCC3=CC(=O)CC[C@]3(C)[C@@]1(Cl)CC[C@]1(C)C(=O)CC[C@@]21[H] |$IBi;;;;;;;;;;;;;;;;;;;;;;;$|
angiotensin_ii_cid172198,,,angiotensin_ii_cid172198.png,low,low,9.42405732784604e-06,stereo,Angiotensin Ii,Angiotensin Ii,1.0,75,75,stereo,stereo,Angiotensin Ii,False,False,False,False,1.0,True,True,0,1,,,,CC[C@H](C)[C@H](NC(=O)[C@H](Cc1ccc(O)cc1)NC(=O)[C@@H](NC(=O)[C@@H](CCCN=C(N)N)NC(=O)[C@H](N)CC(=O)O)C(C)C)C(=O)NC(Cc1cnc[nH]1)C(=O)N1CCCC1C(=O)NC(Cc1ccccc1)C(=O)O
aniline_cid6115,,,aniline_cid6115.png,low,low,0.773747744429597,wrong,,Aniline,0.846,9,7,wrong,exact,,False,False,False,True,0.846,False,False,6,2,,,C=C,C=C.Nc1ccccc1
ansamitocins_cid131750198,,,ansamitocins_cid131750198.png,low,low,9.468764144785175e-40,invalid,,,,,,invalid,invalid,,False,False,False,False,,False,,,,,,,CCC(O)O.[H]C1234C5C(=O)NC(=O)O1678C19%10(=O)N[CH]%11%12%13%14%15C(C=CC(C)=C%16C%17=C%18%19C%16%20%21=CC%16%22%23%24(Cl)=C%25%26(N%27CO=C%27C(OC(=O)C%27%28%29%30CC%27%31%32%33CC%31%28(C%32%29)C%33%30)C(C)O[CH]2%27%28C62%29%30%31%32[H]C%2776%33%34([H])(O1)C2C5%288([H])([CH]3%296C)([CH]4%30%33O)O9%31%34C(=O)N%10C%111(OC)(CCC23C(C[CH]1%12OC)C21(O)C[CH]324CC(=O)(O2)N14)CC%32)C%17%20%16=C%25%22(Cl)C%18%231(C)(=C%21)C%262(Cl)=C=%24%191Cl2)[CH]%131O%142CO1%15C2
anthracene_cid8418,,,anthracene_cid8418.png,high,high,0.8921204250725228,exact,Anthracene,Anthracene,1.0,14,14,exact,exact,Anthracene,False,False,False,False,1.0,True,True,0,1,,,,c1ccc2cc3ccccc3cc2c1
apixaban_cid10182969,,,apixaban_cid10182969.png,high,high,0.9235283215685529,exact,Apixaban,Apixaban,1.0,34,34,exact,exact,Apixaban,False,False,False,False,1.0,True,True,0,1,,,,COc1ccc(-n2nc(C(N)=O)c3c2C(=O)N(c2ccc(N4CCCCC4=O)cc2)CC3)cc1
arachidonic_acid_cid444899,,,arachidonic_acid_cid444899.png,high,high,0.9177609829356697,exact,Arachidonic Acid,Arachidonic Acid,1.0,22,22,exact,exact,Arachidonic Acid,False,False,False,False,1.0,True,True,0,1,,,,CCCCC/C=C\C/C=C\C/C=C\C/C=C\CCCC(=O)O
aripiprazole_cid60795,,,aripiprazole_cid60795.png,high,high,0.9128710388218736,exact,Aripiprazole,Aripiprazole,1.0,30,30,exact,exact,Aripiprazole,False,False,False,False,1.0,True,True,0,1,,,,O=C1CCc2ccc(OCCCCN3CCN(c4cccc(Cl)c4Cl)CC3)cc2N1
articaine_cid32170,,,articaine_cid32170.png,high,high,0.9152110026946174,exact,Articaine,Articaine,1.0,19,19,exact,exact,Articaine,False,False,False,False,1.0,True,True,0,1,,,,CCCNC(C)C(=O)Nc1c(C)csc1C(=O)OC
asparagine_cid6267,,,asparagine_cid6267.png,high,high,0.9050307983526595,exact,(-)-Asparagine,(-)-Asparagine,1.0,9,9,exact,exact,(-)-Asparagine,False,False,False,False,1.0,True,True,0,1,,,,NC(=O)C[C@H](N)C(=O)O
aspidospermidine_3_carboxylic_acid_4_acetyloxy_6_7_didehydro_cid10629256,,,aspidospermidine_3_carboxylic_acid_4_acetyloxy_6_7_didehydro_cid10629256.png,low,low,0.1702020978997132,exact,"Aspidospermidine-3-carboxylic acid, 4-(acetyloxy)-6,7-didehydro-15-((2R,4R,6S,8S)-4-(1,1-difluoroethyl)-1,3,4,5,6,7,8,9-octahydro-8-(methoxycarbonyl)-2,6-methano-2H-azecino(4,3-b)indol-8-yl)-3-hydroxy-16-methoxy-1-methyl-, methyl ester, (2beta,3beta,4beta,5alpha,12R,19alpha)-","Aspidospermidine-3-carboxylic acid, 4-(acetyloxy)-6,7-didehydro-15-((2R,4R,6S,8S)-4-(1,1-difluoroethyl)-1,3,4,5,6,7,8,9-octahydro-8-(methoxycarbonyl)-2,6-methano-2H-azecino(4,3-b)indol-8-yl)-3-hydroxy-16-methoxy-1-methyl-, methyl ester, (2beta,3beta,4beta,5alpha,12R,19alpha)-",1.0,59,59,exact,exact,"Aspidospermidine-3-carboxylic acid, 4-(acetyloxy)-6,7-didehydro-15-((2R,4R,6S,8S)-4-(1,1-difluoroethyl)-1,3,4,5,6,7,8,9-octahydro-8-(methoxycarbonyl)-2,6-methano-2H-azecino(4,3-b)indol-8-yl)-3-hydroxy-16-methoxy-1-methyl-, methyl ester, (2beta,3beta,4beta,5alpha,12R,19alpha)-",False,False,False,False,1.0,True,True,0,1,,,,[H][C@]12C[C@@H](C(C)(F)F)CN(Cc3c([nH]c4ccccc34)[C@@](C(=O)OC)(c3cc4c(cc3OC)N(C)[C@]3([H])[C@]45CCN4CC=C[C@@](CC)([C@@H](OC(C)=O)[C@]3(O)C(=O)OC)[C@]45[H])C1)C2
aspirin_cid2244,,,aspirin_cid2244.png,high,high,0.9185681986759549,exact,Aspirin,Aspirin,1.0,13,13,exact,exact,Aspirin,False,False,False,False,1.0,True,True,0,1,,,,CC(=O)Oc1ccccc1C(=O)O
atazanavir_cid148192,,,atazanavir_cid148192.png,low,low,0.6071584232635628,stereo,Atazanavir,Atazanavir,1.0,51,51,stereo,stereo,Atazanavir,False,False,False,False,1.0,True,True,0,1,,,,COC(=O)NC(C(=O)NN(Cc1ccc(-c2ccccn2)cc1)C[C@H](O)[C@H](Cc1ccccc1)NC(=O)[C@@H](NC(=O)OC)C(C)(C)C)C(C)(C)C
atenolol_cid2249,,,atenolol_cid2249.png,high,high,0.923839673913045,exact,Atenolol,Atenolol,1.0,19,19,exact,exact,Atenolol,False,False,False,False,1.0,True,True,0,1,,,,CC(C)NCC(O)COc1ccc(CC(N)=O)cc1
atorvastatin_cid60823,,,atorvastatin_cid60823.png,low,low,0.7219220364903814,exact,Atorvastatin,Atorvastatin,1.0,41,41,exact,exact,Atorvastatin,False,False,False,False,1.0,True,True,0,1,,,,CC(C)c1c(C(=O)Nc2ccccc2)c(-c2ccccc2)c(-c2ccc(F)cc2)n1CC[C@@H](O)C[C@@H](O)CC(=O)O
atrazine_cid2256,,,atrazine_cid2256.png,high,high,0.8994672246008115,exact,Atrazine,Atrazine,1.0,14,14,exact,exact,Atrazine,False,False,False,False,1.0,True,True,0,1,,,,CCNc1nc(Cl)nc(NC(C)C)n1
auranofin_cid16667669,,,auranofin_cid16667669.png,low,low,0.0002394422688736226,stereo,Auranofin,Auranofin,1.0,32,32,stereo,stereo,Auranofin,False,False,False,False,1.0,True,True,0,3,,,,CC(=O)OC[C@H]1O[C@H]([S-])[C@H](OC(C)=O)[C@@H](OC(C)=O)C1OC(C)=O.CCP(CC)CC.[Au+]
avermectin_b1a_cid6434889,,,avermectin_b1a_cid6434889.png,low,low,5.524736112042624e-05,stereo,avermectin B1a,avermectin B1a,1.0,62,62,stereo,stereo,avermectin B1a,False,False,False,False,1.0,True,True,0,1,,,,[H][C@@]12C[C@]([H])(C/C=C(\C)C(O[C@H]3CC(OC)[C@@H](O[C@H]4CC(OC)[C@@H](O)[C@H](C)O4)C(C)O3)[C@@H](C)C=C/C=C3\CO[C@]4([H])[C@H](O)C(C)=C[C@@]([H])(C(=O)O1)C34O)O[C@@]1(C=C[C@H](C)[C@@H]([C@@H](C)CC)O1)C2
azane_dichloroplatinum_cid5702198,,,azane_dichloroplatinum_cid5702198.png,low,low,0.6751698696115973,wrong,,azane;dichloroplatinum,0.333,8,5,wrong,wrong,,False,False,False,False,0.333,False,False,5,4,,N,,Cl[CH2][Pt][Cl].N.N.[Cl][Pt]
azathioprine_cid2265,,,azathioprine_cid2265.png,high,low,0.9198678105510217,invalid,,,,,,invalid,invalid,,False,False,False,False,,False,,,,,,,CN1C=NC(N(=O)[O-])=C1SC1=C2NC=NC2=NC=N1
azd_1390_cid126689157,,,azd_1390_cid126689157.png,high,high,0.9072951098206382,exact,Azd-1390,Azd-1390,1.0,35,35,exact,exact,Azd-1390,False,False,False,False,1.0,True,True,0,1,,,,CC(C)n1c(=O)n(C)c2cnc3cc(F)c(-c4ccc(OCCCN5CCCCC5)nc4)cc3c21
azilsartan_cid135415867,,,azilsartan_cid135415867.png,high,high,0.9055590196742925,exact,Azilsartan,Azilsartan,1.0,34,34,exact,exact,Azilsartan,False,False,False,False,1.0,True,True,0,1,,,,CCOc1nc2cccc(C(=O)O)c2n1Cc1ccc(-c2ccccc2-c2noc(=O)[nH]2)cc1
azithromycin_cid447043,,,azithromycin_cid447043.png,low,low,0.5577433758351963,exact,Azithromycin,Azithromycin,1.0,52,52,exact,exact,Azithromycin,False,False,False,False,1.0,True,True,0,1,,,,CC[C@H]1OC(=O)[C@H](C)[C@@H](O[C@H]2C[C@@](C)(OC)[C@@H](O)[C@H](C)O2)[C@H](C)[C@@H](O[C@@H]2O[C@H](C)C[C@H](N(C)C)[C@H]2O)[C@](C)(O)C[C@@H](C)CN(C)[C@H](C)[C@@H](O)[C@]1(C)O
bacitracin_cid10909430,,,bacitracin_cid10909430.png,low,low,2.720360933333977e-11,wrong,,Bacitracin,0.917,100,100,near,near,,False,False,False,False,0.917,False,False,2,1,,,,CCC(C)[C@H](NC(=O)[C@@H](CCC(=O)O)NC(=O)C(CC(C)C)NC(=O)[C@H]1CSC([C@H](N)[C@@H](C)CC)=N1)C(=O)N[C@@H]1CCCCNC(=O)[C@H](CC(N)=O)NC(=O)[C@H](CC(=O)O)N[C@@H](O)[C@H](Cc2cnc[nH]2)NC(=O)[C@H](Cc2ccccc2)NC(=O)[C@H]([C@H](C)CC)NC(=O)C(CCCN)NC1=O
baclofen_cid2284,,,baclofen_cid2284.png,high,high,0.921647702320768,exact,Baclofen,Baclofen,1.0,14,14,exact,exact,Baclofen,False,False,False,False,1.0,True,True,0,1,,,,NCC(CC(=O)O)c1ccc(Cl)cc1
beclomethasone_cid20469,,,beclomethasone_cid20469.png,low,low,0.7338778459974789,wrong,,Beclomethasone,0.77,27,28,wrong,wrong,,False,False,False,False,0.77,False,False,2,1,,,,*[C@]12[C@H](O)C[C@@]3(C)[C@@]([H])(C[C@H](C)[C@]3(O)C(=O)CO)[C@]1([H])CCC1=CC(=O)C=C[C@@]12C |$Cl9;;;;;;;;;;;;;;;;;;;;;;;;;;;;;$|
bedaquiline_cid5388906,,,bedaquiline_cid5388906.png,high,high,0.9019986080113165,exact,Bedaquiline,Bedaquiline,1.0,37,37,exact,exact,Bedaquiline,False,False,False,False,1.0,True,True,0,1,,,,COc1nc2ccc(Br)cc2cc1[C@@H](c1ccccc1)[C@@](O)(CCN(C)C)c1cccc2ccccc12
benzene_cid241,,,benzene_cid241.png,low,low,0.748445766600401,wrong,,Benzene,0.0,12,6,wrong,wrong,,False,False,False,False,0.0,False,False,30,4,,CC.CC,,C1CCCCC1.CC.CC.CC
benzene_d6_cid71601,,,benzene_d6_cid71601.png,low,low,0.834871551018567,wrong,,Benzene-D6,0.056,6,6,skeleton,skeleton,,False,False,False,False,0.056,True,True,0,1,,,,[H]c1c([H])c([14H])c([14H])c([14H])c1[13H]
benzo_a_pyrene_cid2336,,,benzo_a_pyrene_cid2336.png,high,high,0.8627602557561443,exact,Benzo[a]pyrene,Benzo[a]pyrene,1.0,20,20,exact,exact,Benzo[a]pyrene,False,False,False,False,1.0,True,True,0,1,,,,c1ccc2c(c1)cc1ccc3cccc4ccc2c1c34
benzocaine_cid2337,,,benzocaine_cid2337.png,high,high,0.9146718919953144,exact,Benzocaine,Benzocaine,1.0,12,12,exact,exact,Benzocaine,False,False,False,False,1.0,True,True,0,1,,,,CCOC(=O)c1ccc(N)cc1
benzoic_acid_cid243,,,benzoic_acid_cid243.png,high,high,0.9067584833186328,exact,Benzoic Acid,Benzoic Acid,1.0,9,9,exact,exact,Benzoic Acid,False,False,False,False,1.0,True,True,0,1,,,,O=C(O)c1ccccc1
beta_cyclodextrin_cid444041,,,beta_cyclodextrin_cid444041.png,low,low,4.419597339229868e-07,invalid,,,,,,invalid,invalid,,False,False,False,False,,False,,,,,,,[H]C1OC([H])C([H])(CO)OC23[H]C([H]2)(O3)C([H])(O)C([H])C2(O)OC3(CO)OC4([H])([H]C(O4)C([H])(CO)OC([H])OC([H])C([H])(CO)OC([H])(C([H])O)OC4([H])C([H])(CO)OC(O)(OC([H])C([H])(CO)O1)C([H])(O)C4([H])O)C([H])(O)C([H])(O)C3([H])O2
beta_lactose_cid6134,,,beta_lactose_cid6134.png,high,high,0.8739232081269972,exact,beta-Lactose,beta-Lactose,1.0,23,23,exact,exact,beta-Lactose,False,False,False,False,1.0,True,True,0,1,,,,OC[C@H]1O[C@@H](O[C@H]2[C@H](O)[C@@H](O)[C@H](O)O[C@@H]2CO)[C@H](O)[C@@H](O)[C@H]1O
betaine_cid247,,,betaine_cid247.png,high,high,0.8962309597188463,exact,Betaine,Betaine,1.0,8,8,exact,exact,Betaine,False,False,False,False,1.0,True,True,0,1,,,,C[N+](C)(C)CC(=O)[O-]
betamethasone_cid9782,,,betamethasone_cid9782.png,low,low,0.7724013866003708,stereo,Betamethasone,Betamethasone,1.0,28,28,stereo,stereo,Betamethasone,False,False,False,False,1.0,True,True,0,1,,,,[H][C@@]12C[C@H](C)[C@](O)(C(=O)CO)[C@@]1(C)C[C@@H](O)[C@@]1(F)[C@@]2([H])CCC2=CC(=O)C=C[C@@]21C
bicalutamide_cid2375,,,bicalutamide_cid2375.png,high,high,0.9106253770114945,exact,Bicalutamide,Bicalutamide,1.0,29,29,exact,exact,Bicalutamide,False,False,False,False,1.0,True,True,0,1,,,,CC(O)(CS(=O)(=O)c1ccc(F)cc1)C(=O)Nc1ccc(C#N)c(C(F)(F)F)c1
bismuth_subsalicylate_cid53629521,,,bismuth_subsalicylate_cid53629521.png,high,high,0.9056919950442603,exact,Bismuth Subsalicylate,Bismuth Subsalicylate,1.0,12,12,exact,exact,Bismuth Subsalicylate,False,False,False,False,1.0,True,True,0,3,,,,O=C([O-])c1ccccc1[O-].[Bi+3].[OH-] |^2:10|
bleomycin_a2_cid5460769,,,bleomycin_a2_cid5460769.png,low,low,4.481786664936904e-13,wrong,,Bleomycin A2,0.771,111,96,wrong,near,,False,False,False,True,0.771,False,False,36,2,,,C[S+](C)CCCNC(=O)/C=C/SCC=N,C[S+](C)CCCNC(=O)/C=C/SCC=N.Cc1c(N)nc([C@H](CC(N)=O)NC[C@@H](N)C(N)=O)nc1C(=O)N[C@@H](C(=O)N[C@H](C)[C@@H](O)[C@@H](C)C(=O)NC(C(=O)NCCc1nc(-c2nc(C(=O)NCCC[S+](C)C)cs2)cs1)[C@@H](C)O)[C@@H](O[C@@H]1O[C@@H](CO)[C@@H](O)[C@H](O)[C@H]1O[C@H]1OC(CO)[C@H](O)[C@@H](OC(N)=O)C1O)C1=CNCN1
bleomycin_cid5360373,,,bleomycin_cid5360373.png,low,low,1.662055361545071e-13,wrong,,Bleomycin,0.79,109,96,wrong,near,,False,False,False,True,0.79,False,False,33,2,,,CS/C=C/C(=O)NCCC[S+](C)C,CS/C=C/C(=O)NCCC[S+](C)C.Cc1c(N)nc([C@H](CC(N)=O)NC[C@@H](N)C(N)=O)nc1C(=O)N[C@@H](C(=O)N[C@H](C)[C@@H](O)[C@@H](C)C(=O)NC(C(=O)NCCc1nc(-c2nc(C(=O)NCCC[S+](C)C)cs2)cs1)[C@@H](C)O)[C@@H](O[C@@H]1OC(CO)[C@@H](O)[C@H](O)C1O[C@@H]1OC(CO)[C@H](O)[C@@H](OC(N)=O)[C@H]1O)C1=CNCN1
bosentan_cid104865,,,bosentan_cid104865.png,high,high,0.9240442426507527,exact,Bosentan,Bosentan,1.0,39,39,exact,exact,Bosentan,False,False,False,False,1.0,True,True,0,1,,,,COc1ccccc1Oc1c(NS(=O)(=O)c2ccc(C(C)(C)C)cc2)nc(-c2ncccn2)nc1OCCO
bradykinin_cid439201,,,bradykinin_cid439201.png,low,low,5.924893008543662e-07,invalid,,,,,,invalid,invalid,,False,False,False,False,,False,,,,,,,NC(N)=NCCCC(N)C(=O)N1CCCC1C(=O)N12C3C4C5C43C1[CH]52[CH]NCC(=O)(O)NC(CNC(CO)C(=O)N1CCCC1C(=O)NC(CC1=CC=CC=C1)C(=O)N[CH]1(C(=O)O)C2C34C1C21C32N35=C6(N)=N2(=C3(N)(N)N6)C415)CC1=CCCC=C1
brevetoxin_b_cid10865865,,,brevetoxin_b_cid10865865.png,low,low,8.849007724793956e-11,invalid,,,,,,invalid,invalid,,False,False,False,False,,False,,,,,,,[H]C12CC345[H]C6([H]3)(O4)C(C)CC34[H]C7([H])(CC8([H])OC(=O)C=C(C)C8([H])OC7(C)CC3([H])OC6([H])CCC5(C)OC1(C)CC13([H])OC15CC1OC6(C)C(O)CC(CC(=C)C=O)OC6([H])CC1OC5C=CCC3(C)O2)O4
brexpiprazole_cid11978813,,,brexpiprazole_cid11978813.png,high,high,0.8982423504357713,exact,Brexpiprazole,Brexpiprazole,1.0,31,31,exact,exact,Brexpiprazole,False,False,False,False,1.0,True,True,0,1,,,,O=c1ccc2ccc(OCCCCN3CCN(c4cccc5sccc45)CC3)cc2[nH]1
bromocriptine_cid31101,,,bromocriptine_cid31101.png,low,low,0.4933055755433334,wrong,,Bromocriptine,0.753,44,43,wrong,wrong,,False,False,False,False,0.753,False,False,1,1,,,,[H][C@@]12Cc3c(Br)[nH]c4cccc(c34)C1=C[C@@H](C(=O)N[C@]1(C(C)C)O[C@]3(O)N(C1=O)[C@@H](CC(C)C)C(=O)N1CCC[C@]13O)CN2C
brompheniramine_cid6834,,,brompheniramine_cid6834.png,high,high,0.9241923539484236,exact,Brompheniramine,Brompheniramine,1.0,19,19,exact,exact,Brompheniramine,False,False,False,False,1.0,True,True,0,1,,,,CN(C)CCC(c1ccc(Br)cc1)c1ccccn1
bryostatin_1_cid5280757,,,bryostatin_1_cid5280757.png,low,low,3.563109638909186e-06,invalid,,,,,,invalid,invalid,,False,False,False,False,,False,,,,,,,[H]C1CC2=C[CH]3(OC)C4C(OC(C)=O)C(C)(C)C(O)(CC5([H])CC(=CC(=O)OC)CC([H])(O5)O=C(C=CC=CCCC)O[CH]2)OC43([H])CC(O)CC(=O)OC(C(C)O)C1
bryostatin_cid6435419,,,bryostatin_cid6435419.png,low,low,2.180772759361075e-05,invalid,,,,,,invalid,invalid,,False,False,False,False,,False,,,,,,,[H]C12CC3=CC(=O)C(C)C(OC(C)=O)C(C)(C)C(O)(C[CH]CC(=CC(=O)OC)CC4([H])C=CC(C)(C)C(O)(O1)C3OC(C=CC=CCCC)=O4)O[CH]CC(O)CC(=O)OC(C(C)O)C2
bupivacaine_usan_inn_ban_cid2474,,,bupivacaine_usan_inn_ban_cid2474.png,high,high,0.9105375661941516,exact,Bupivacaine (USAN:INN:BAN),Bupivacaine (USAN:INN:BAN),1.0,21,21,exact,exact,Bupivacaine (USAN:INN:BAN),False,False,False,False,1.0,True,True,0,1,,,,CCCCN1CCCCC1C(=O)Nc1c(C)cccc1C
bupropion_cid444,,,bupropion_cid444.png,high,high,0.8969649586889,exact,Bupropion,Bupropion,1.0,16,16,exact,exact,Bupropion,False,False,False,False,1.0,True,True,0,1,,,,CC(NC(C)(C)C)C(=O)c1cccc(Cl)c1
buspirone_cid2477,,,buspirone_cid2477.png,high,high,0.9114864226992884,exact,Buspirone,Buspirone,1.0,28,28,exact,exact,Buspirone,False,False,False,False,1.0,True,True,0,1,,,,O=C1CC2(CCCC2)CC(=O)N1CCCCN1CCN(c2ncccn2)CC1
busulfan_cid2478,,,busulfan_cid2478.png,high,high,0.9023209176511756,exact,Busulfan,Busulfan,1.0,14,14,exact,exact,Busulfan,False,False,False,False,1.0,True,True,0,1,,,,CS(=O)(=O)OCCCCOS(C)(=O)=O
butalbital_cid2481,,,butalbital_cid2481.png,high,high,0.8900973788297725,exact,Butalbital,Butalbital,1.0,16,16,exact,exact,Butalbital,False,False,False,False,1.0,True,True,0,1,,,,C=CCC1(CC(C)C)C(=O)NC(=O)NC1=O
c_i_acid_orange_52_cid23673835,,,c_i_acid_orange_52_cid23673835.png,high,high,0.8989403636600647,stereo,C.I. Acid Orange 52,C.I. Acid Orange 52,1.0,22,22,stereo,stereo,C.I. Acid Orange 52,False,False,False,False,1.0,True,True,0,2,,,,CN(C)c1ccc(/N=N/c2ccc(S(=O)(=O)[O-])cc2)cc1.[Na+]
cabazitaxel_cid9854073,,,cabazitaxel_cid9854073.png,low,low,0.6217387775975577,stereo,Cabazitaxel,Cabazitaxel,1.0,60,60,stereo,stereo,Cabazitaxel,False,False,False,False,1.0,True,True,0,1,,,,[H][C@]12[C@@H](OC(=O)c3ccccc3)[C@]3(O)C[C@@H](OC(=O)[C@H](O)[C@@H](NC(=O)OC(C)(C)C)c4ccccc4)C(C)=C([C@@H](OC)C(=O)[C@]1(C)[C@@H](OC)C[C@@]1([H])OC[C@]21OC(C)=O)C3(C)C
cabergoline_cid54746,,,cabergoline_cid54746.png,low,low,0.4263634655482227,wrong,,Cabergoline,0.584,35,33,wrong,wrong,,False,False,False,False,0.584,False,False,4,1,,,,C=CCN1C[C@H](C(=O)N(CCCN(C)C)C(=O)NCC)C[C@@]2(Cl)c3cccc4[nH]cc(c34)C[C@@]12Cl
cabozantinib_cid25102847,,,cabozantinib_cid25102847.png,high,high,0.9015481120133243,exact,Cabozantinib,Cabozantinib,1.0,37,37,exact,exact,Cabozantinib,False,False,False,False,1.0,True,True,0,1,,,,COc1cc2nccc(Oc3ccc(NC(=O)C4(C(=O)Nc5ccc(F)cc5)CC4)cc3)c2cc1OC
caffeine_cid2519,,,caffeine_cid2519.png,high,high,0.9201979864938254,exact,Caffeine,Caffeine,1.0,14,14,exact,exact,Caffeine,False,False,False,False,1.0,True,True,0,1,,,,Cn1c(=O)c2c(ncn2C)n(C)c1=O
calcium_gluconate_cid9290,,,calcium_gluconate_cid9290.png,low,low,0.5646474162000809,exact,Calcium Gluconate,Calcium Gluconate,1.0,27,27,exact,exact,Calcium Gluconate,False,False,False,False,1.0,True,True,0,3,,O=C([O-])[C@H](O)[C@@H](O)[C@H](O)[C@H](O)CO,,O=C([O-])[C@H](O)[C@@H](O)[C@H](O)[C@H](O)CO.O=C([O-])[C@H](O)[C@@H](O)[C@H](O)[C@H](O)CO.[Ca+2]
camphor_cid2537,,,camphor_cid2537.png,high,high,0.8519645408915671,exact,Camphor,Camphor,1.0,11,11,exact,exact,Camphor,False,False,False,False,1.0,True,True,0,1,,,,CC12CCC(CC1=O)C2(C)C
camptothecin_cid24360,,,camptothecin_cid24360.png,low,low,0.714997924725366,exact,Camptothecin,Camptothecin,1.0,26,26,exact,exact,Camptothecin,False,False,False,False,1.0,True,True,0,1,,,,CC[C@@]1(O)C(=O)OCc2c1cc1n(c2=O)Cc2cc3ccccc3nc2-1
candesartan_cid2541,,,candesartan_cid2541.png,high,high,0.9013983121002118,exact,Candesartan,Candesartan,1.0,33,33,exact,exact,Candesartan,False,False,False,False,1.0,True,True,0,1,,,,CCOc1nc2cccc(C(=O)O)c2n1Cc1ccc(-c2ccccc2-c2nn[nH]n2)cc1
candesartan_cilexetil_cid2540,,,candesartan_cilexetil_cid2540.png,high,high,0.9199034403894744,exact,Candesartan Cilexetil,Candesartan Cilexetil,1.0,45,45,exact,exact,Candesartan Cilexetil,False,False,False,False,1.0,True,True,0,1,,,,CCOc1nc2cccc(C(=O)OC(C)OC(=O)OC3CCCCC3)c2n1Cc1ccc(-c2ccccc2-c2nn[nH]n2)cc1
caprolactam_cid7768,,,caprolactam_cid7768.png,high,high,0.8589960111980226,exact,Caprolactam,Caprolactam,1.0,8,8,exact,exact,Caprolactam,False,False,False,False,1.0,True,True,0,1,,,,O=C1CCCCCN1
carbamazepine_cid2554,,,carbamazepine_cid2554.png,high,high,0.8852942661845625,exact,Carbamazepine,Carbamazepine,1.0,18,18,exact,exact,Carbamazepine,False,False,False,False,1.0,True,True,0,1,,,,NC(=O)N1c2ccccc2C=Cc2ccccc21
carbon_dioxide_cid280,,,carbon_dioxide_cid280.png,low,low,0.673775613758107,wrong,,Carbon Dioxide,0.0,8,3,wrong,wrong,,False,False,False,False,0.0,False,False,27,6,,CC.O.O,,C.CC.CC.O.O.O
cardiolipin_cid166177218,,,cardiolipin_cid166177218.png,low,low,1.149666773117233e-19,wrong,,Cardiolipin,0.8,100,100,wrong,wrong,,False,False,False,False,0.8,False,False,2,1,,,,CCCCC/C=C\C/C=C\CCCCCCCC(=O)OC[C@H](CO[P](O)(O)OC[C@@H](O)COP(=O)(O)OC[C@@H](COC(=O)CCCCCC/C=C/CC/C=C\CCCCC)OC(=O)CCCCCCC/C=C\C=CCCCCCC)OC(=O)CCCCCCC/C=C\C/C=C\CCCCC |^1:24|
carisoprodol_cid2576,,,carisoprodol_cid2576.png,high,high,0.9187241868361292,exact,Carisoprodol,Carisoprodol,1.0,18,18,exact,exact,Carisoprodol,False,False,False,False,1.0,True,True,0,1,,,,CCCC(C)(COC(N)=O)COC(=O)NC(C)C
catechin_cid9064,,,catechin_cid9064.png,high,high,0.9010732384437483,exact,Catechin,Catechin,1.0,21,21,exact,exact,Catechin,False,False,False,False,1.0,True,True,0,1,,,,Oc1cc(O)c2c(c1)O[C@H](c1ccc(O)c(O)c1)[C@@H](O)C2
cediranib_cid9933475,,,cediranib_cid9933475.png,high,high,0.9074141894264321,exact,Cediranib,Cediranib,1.0,33,33,exact,exact,Cediranib,False,False,False,False,1.0,True,True,0,1,,,,COc1cc2c(Oc3ccc4[nH]c(C)cc4c3F)ncnc2cc1OCCCN1CCCC1
cefazolin_cid33255,,,cefazolin_cid33255.png,low,low,0.7778825889279704,stereo,Cefazolin,Cefazolin,1.0,29,29,stereo,stereo,Cefazolin,False,False,False,False,1.0,True,True,0,1,,,,[H][C@@]12SCC(CSc3nnc(C)s3)=C(C(=O)O)N1C(=O)[C@H]2NC(=O)Cn1cnnn1
cefepime_cid5479537,,,cefepime_cid5479537.png,low,low,0.4168932968601859,stereo,Cefepime,Cefepime,1.0,32,32,stereo,stereo,Cefepime,False,False,False,False,1.0,True,True,0,1,,,,[H][C@@]12SCC(C[N+]3(C)CCCC3)=C(C(=O)[O-])N1C(=O)[C@H]2NC(=O)/C(=N\OC)c1csc(N)n1
ceftazidime_cid5481173,,,ceftazidime_cid5481173.png,low,low,0.5819190256283499,exact,Ceftazidime,Ceftazidime,1.0,37,37,exact,exact,Ceftazidime,False,False,False,False,1.0,True,True,0,1,,,,[H][C@]12SCC(C[n+]3ccccc3)=C(C(=O)[O-])N1C(=O)[C@H]2NC(=O)/C(=N\OC(C)(C)C(=O)O)c1csc(N)n1
cefuroxime_cid5479529,,,cefuroxime_cid5479529.png,low,low,0.5438931930067451,stereo,Cefuroxime,Cefuroxime,1.0,29,29,stereo,stereo,Cefuroxime,False,False,False,False,1.0,True,True,0,1,,,,[H][C@@]12SCC(COC(N)=O)=C(C(=O)O)N1C(=O)[C@H]2NC(=O)/C(=N\OC)c1ccco1
celecoxib_cid2662,,,celecoxib_cid2662.png,high,high,0.9000445483380197,exact,Celecoxib,Celecoxib,1.0,26,26,exact,exact,Celecoxib,False,False,False,False,1.0,True,True,0,1,,,,Cc1ccc(-c2cc(C(F)(F)F)nn2-c2ccc(S(N)(=O)=O)cc2)cc1
cephalexin_cid27447,,,cephalexin_cid27447.png,high,high,0.9138708285012488,exact,Cephalexin,Cephalexin,1.0,24,24,exact,exact,Cephalexin,False,False,False,False,1.0,True,True,0,1,,,,[H][C@]12SCC(C)=C(C(=O)O)N1C(=O)[C@H]2NC(=O)[C@H](N)c1ccccc1
cetirizine_cid2678,,,cetirizine_cid2678.png,high,high,0.9173460589000328,exact,Cetirizine,Cetirizine,1.0,27,27,exact,exact,Cetirizine,False,False,False,False,1.0,True,True,0,1,,,,O=C(O)COCCN1CCN(C(c2ccccc2)c2ccc(Cl)cc2)CC1
cetrorelix_cid25074887,,,cetrorelix_cid25074887.png,low,low,2.308424325235157e-09,stereo,Cetrorelix,Cetrorelix,1.0,102,102,stereo,stereo,Cetrorelix,False,False,False,False,1.0,True,True,0,1,,,,CC(=O)N[C@@H](Cc1ccc2ccccc2c1)C(=O)N[C@H](Cc1ccc(Cl)cc1)C(=O)N[C@H](Cc1cccnc1)C(=O)NC(CO)C(=O)N[C@@H](Cc1ccc(O)cc1)C(=O)N[C@@H](CCCNC(N)=O)C(=O)N[C@H](CC(C)C)C(=O)N[C@@H](CCCN=C(N)N)C(=O)N1CCC[C@H]1C(=O)N[C@@H](C)C(N)=O
chlorambucil_cid2708,,,chlorambucil_cid2708.png,high,high,0.900919276415567,exact,Chlorambucil,Chlorambucil,1.0,19,19,exact,exact,Chlorambucil,False,False,False,False,1.0,True,True,0,1,,,,O=C(O)CCCc1ccc(N(CCCl)CCCl)cc1
chloramphenicol_cid5959,,,chloramphenicol_cid5959.png,low,low,0.4607590277746657,wrong,,Chloramphenicol,0.775,20,20,wrong,wrong,,False,False,False,False,0.775,False,False,1,1,,,,O=C(N[C@H](CO)[C@H](O)c1ccc([N+](=O)O)cc1)C(Cl)Cl
chloroform_d_cid71583,,,chloroform_d_cid71583.png,low,low,0.7858941648052828,stereo,Chloroform-D,Chloroform-D,0.333,4,4,skeleton,skeleton,,False,False,False,False,0.333,True,True,0,1,,,,[18H]C(Cl)(Cl)Cl
chlorophyll_a_cid12085802,,,chlorophyll_a_cid12085802.png,low,low,1.247468685981976e-15,invalid,,,,,,invalid,invalid,,False,False,False,False,,False,,,,,,,CCC12=C3(C)C4C5C67=C[CH]538(C1C)N6C(=C[CH]13[N]([Mg])[CH]5(C6C9=N%10C(=C[CH]%102N48)C(C)=C9C(=O)C6C(O)OC)[CH]246C8C9C%10=O=C9%11(=O)(CC[CH]852(C14C)[CH]36C)OCC=C1(C)CCC[CH]2(C)CCC[CH](C)(CCCC(C)C)CC(CCCC(C)C)CCCC(CCCC(=CCO%10%11)C1)C2)N7
chloroquine_cid2719,,,chloroquine_cid2719.png,high,high,0.916108432484279,exact,Chloroquine,Chloroquine,1.0,22,22,exact,exact,Chloroquine,False,False,False,False,1.0,True,True,0,1,,,,CCN(CC)CCCC(C)Nc1ccnc2cc(Cl)ccc12
chlorotris_triphenylphosphine_rhodium_i_cid84599,,,chlorotris_triphenylphosphine_rhodium_i_cid84599.png,high,high,0.902087010246683,wrong,,Chlorotris(triphenylphosphine)rhodium(I),0.4,59,59,wrong,wrong,,False,False,False,False,0.4,False,False,3,5,,c1ccc([PH](c2ccccc2)c2ccccc2)cc1.c1ccc([PH](c2ccccc2)c2ccccc2)cc1,,"[Cl-].[Rh].c1ccc([PH](c2ccccc2)c2ccccc2)cc1.c1ccc([PH](c2ccccc2)c2ccccc2)cc1.c1ccc([PH](c2ccccc2)c2ccccc2)cc1 |^1:1,6,25,44|"
chlorpheniramine_cid2725,,,chlorpheniramine_cid2725.png,high,high,0.921931695602523,exact,(+-)-Chlorpheniramine,(+-)-Chlorpheniramine,1.0,19,19,exact,exact,(+-)-Chlorpheniramine,False,False,False,False,1.0,True,True,0,1,,,,CN(C)CCC(c1ccc(Cl)cc1)c1ccccn1
chlorpromazine_cid2726,,,chlorpromazine_cid2726.png,high,high,0.9230597723007447,exact,Chlorpromazine,Chlorpromazine,1.0,21,21,exact,exact,Chlorpromazine,False,False,False,False,1.0,True,True,0,1,,,,CN(C)CCCN1c2ccccc2Sc2ccc(Cl)cc21
cholesterol_cid5997,,,cholesterol_cid5997.png,low,low,0.6264409369429225,wrong,,Cholesterol,0.5,28,28,wrong,wrong,,False,False,False,False,0.5,False,False,4,1,,,,*[C@]12CC=C3C[C@H](O)CC[C@]3(C)[C@@]1(*)CC[C@]1(C)[C@@H]([C@H](C)CCCC(C)C)CC[C@@]21[H] |$Et;;;;;;;;;;;;;Et;;;;;;;;;;;;;;;;;$|
choline_chloride_cid6209,,,choline_chloride_cid6209.png,high,high,0.9166083496695219,exact,Choline Chloride,Choline Chloride,1.0,8,8,exact,exact,Choline Chloride,False,False,False,False,1.0,True,True,0,2,,,,C[N+](C)(C)CCO.[Cl-]
chromium_hexacarbonyl_cid25589,,,chromium_hexacarbonyl_cid25589.png,low,low,0.1886062563315607,invalid,,,,,,invalid,invalid,,False,False,False,False,,False,,,,,,,[C-].[C-].[C-]#C.[C-]#C.[C-]#C.[C-]#C[O-].[C-]#[C-].[C-]#[O+].[C-]#[O+].[C-]#[O+].[C-]#[O+].[C-]#[O+]#[C-]#C.[Cr]
cilengitide_cid176873,,,cilengitide_cid176873.png,high,high,0.9044058214111994,exact,Cilengitide,Cilengitide,1.0,42,42,exact,exact,Cilengitide,False,False,False,False,1.0,True,True,0,1,,,,CC(C)[C@H]1C(=O)N[C@@H](CCCN=C(N)N)C(=O)NCC(=O)N[C@@H](CC(=O)O)C(=O)N[C@H](Cc2ccccc2)C(=O)N1C
ciprofloxacin_cid2764,,,ciprofloxacin_cid2764.png,high,high,0.8866558916001723,exact,Ciprofloxacin,Ciprofloxacin,1.0,24,24,exact,exact,Ciprofloxacin,False,False,False,False,1.0,True,True,0,1,,,,O=C(O)c1cn(C2CC2)c2cc(N3CCNCC3)c(F)cc2c1=O
cis_oxalato_trans_l_1_2_diaminocyclohexaneplatinum_ii_cid9887053,,,cis_oxalato_trans_l_1_2_diaminocyclohexaneplatinum_ii_cid9887053.png,high,high,0.8565911927311,wrong,,"cis-oxalato-trans-l-1,2-diaminocyclohexaneplatinum(II)",0.682,15,15,wrong,wrong,,False,False,False,False,0.682,False,False,2,3,,,,O=C(O)C(=O)O.[NH-][C@@H]1CCCC[C@H]1[NH3+].[Pt+2]
citalopram_cid2771,,,citalopram_cid2771.png,high,high,0.9135893430300909,exact,Citalopram,Citalopram,1.0,24,24,exact,exact,Citalopram,False,False,False,False,1.0,True,True,0,1,,,,CN(C)CCCC1(c2ccc(F)cc2)OCc2cc(C#N)ccc21
citric_acid_cid311,,,citric_acid_cid311.png,high,high,0.8985517858762081,exact,Citric Acid,Citric Acid,1.0,13,13,exact,exact,Citric Acid,False,False,False,False,1.0,True,True,0,1,,,,O=C(O)CC(O)(CC(=O)O)C(=O)O
clarithromycin_cid84029,,,clarithromycin_cid84029.png,low,low,0.4617391048688808,stereo,Clarithromycin,Clarithromycin,1.0,52,52,stereo,stereo,Clarithromycin,False,False,False,False,1.0,True,True,0,1,,,,CC[C@H]1OC(=O)[C@H](C)[C@@H](O[C@H]2C[C@@](C)(OC)[C@@H](O)[C@H](C)O2)[C@H](C)[C@@H](O[C@H]2O[C@H](C)C[C@H](N(C)C)[C@H]2O)[C@](C)(OC)C[C@@H](C)C(=O)[C@H](C)[C@@H](O)[C@]1(C)O
clobazam_cid2789,,,clobazam_cid2789.png,high,high,0.9109390313485882,exact,Clobazam,Clobazam,1.0,21,21,exact,exact,Clobazam,False,False,False,False,1.0,True,True,0,1,,,,CN1C(=O)CC(=O)N(c2ccccc2)c2cc(Cl)ccc21
clomiphene_cid2800,,,clomiphene_cid2800.png,low,low,0.657871295588799,wrong,,Clomiphene,0.532,29,29,wrong,wrong,,False,False,False,False,0.532,False,False,2,1,,,,CCN(CC)CCOc1ccc([C@H](c2ccccc2)[C@H](Cl)c2ccccc2)cc1
clonidine_cid2803,,,clonidine_cid2803.png,high,high,0.9130399979544713,exact,Clonidine,Clonidine,1.0,14,14,exact,exact,Clonidine,False,False,False,False,1.0,True,True,0,1,,,,Clc1cccc(Cl)c1NC1=NCCN1
clopidogrel_cid60606,,,clopidogrel_cid60606.png,high,high,0.89924605412616,exact,Clopidogrel,Clopidogrel,1.0,21,21,exact,exact,Clopidogrel,False,False,False,False,1.0,True,True,0,1,,,,COC(=O)[C@H](c1ccccc1Cl)N1CCc2sccc2C1
cobaltocene_cid92884,,,cobaltocene_cid92884.png,high,high,0.9033642082173268,exact,Cobaltocene,Cobaltocene,1.0,11,11,exact,exact,Cobaltocene,False,False,False,False,1.0,True,True,0,3,,c1cc[cH-]c1,,[Co+2].c1cc[cH-]c1.c1cc[cH-]c1 |^1:0|
colchicine_cid6167,,,colchicine_cid6167.png,high,high,0.9017992750651114,exact,Colchicine,Colchicine,1.0,29,29,exact,exact,Colchicine,False,False,False,False,1.0,True,True,0,1,,,,COc1cc2c(c(OC)c1OC)-c1ccc(OC)c(=O)cc1[C@@H](NC(C)=O)CC2
colfosceril_palmitate_cid452110,,,colfosceril_palmitate_cid452110.png,low,low,0.06384860903244496,wrong,,Colfosceril Palmitate,0.357,50,50,wrong,wrong,,False,False,False,False,0.357,False,False,6,1,,,,CCCCCCCCCCCCCCCC(=O)O[C@H](CO[C@H](O)CCCCCCCCCCCCCCC)CO[PH]([O-])(O)OCC[Si](C)(C)C
colistin_a_cid24825758,,,colistin_a_cid24825758.png,low,low,3.693071274498812e-07,wrong,,Colistin A,0.852,82,82,near,near,,False,False,False,False,0.852,False,False,4,1,,,,CC[C@H](C)CCCCC(=O)N[C@@H](CCN)C(=O)NC(C(=O)N[C@@H](CCN)C(=O)NC1CCNC(=O)[C@H]([C@H](C)O)NC(=O)[C@H](CCN)NC(=O)[C@H](CCN)N[C@@H](O)[C@H](CC(C)C)N[C@@H](O)[C@@H](CC(C)C)NC(=O)[C@H](CCN)NC1=O)[C@H](C)O
colistin_cid5311054,,,colistin_cid5311054.png,low,low,8.070802002193027e-07,invalid,,,,,,invalid,invalid,,False,False,False,False,,False,,,,,,,CCC(C)CCCCN[CH]1([CH]NC(C(=O)N[CH]2(C(=O)NC3CCNC(O)C(C(C)O)NC(=O)C(CCN)NC(=O)C(CCN)NC(=O)C(CC(C)C)N[CH](=O)C(CC(C)C)NC(=O)C(CCN)NC3=O)C3C45NC3(N4)C52)C(C)O)C2C34NC2(N3)C41
congo_red_cid11313,,,congo_red_cid11313.png,low,low,0.5996999655766991,wrong,,Congo red,0.881,48,48,near,near,,False,False,False,False,0.881,False,False,2,3,,[Na+],,Nc1c(/N=N/c2ccc(-c3ccc(/N=N/c4cc(S(=O)(=O)[O-])c5ccccc5c4N)cc3)cc2)cc(S([O-])(O)O)c2ccccc12.[Na+].[Na+]
copper_ii_acetylacetonate_cid13669119,,,copper_ii_acetylacetonate_cid13669119.png,high,high,0.9153180265981943,exact,Copper(II) acetylacetonate,Copper(II) acetylacetonate,1.0,15,15,exact,exact,Copper(II) acetylacetonate,False,False,False,False,1.0,True,True,0,3,,CC(=O)[CH-]C(C)=O,,CC(=O)[CH-]C(C)=O.CC(=O)[CH-]C(C)=O.[Cu+2] |^1:14|
coronene_cid9115,,,coronene_cid9115.png,low,low,0.8223885990781614,exact,Coronene,Coronene,1.0,24,24,exact,exact,Coronene,False,False,False,False,1.0,True,True,0,1,,,,c1cc2ccc3ccc4ccc5ccc6ccc1c1c2c3c4c5c61
corticosterone_cid5753,,,corticosterone_cid5753.png,low,low,0.6093422346205252,wrong,,Corticosterone,0.478,27,25,wrong,wrong,,False,False,False,False,0.478,False,False,4,1,,,,"[H][C@@]12CC[C@H](C(=O)CO)[C@@]1(C)C[C@@H](O)[C@@]1([Bi])[C@@]2([Bi])CCC2=CC(=O)CC[C@@]21C |^2:15,17|"
cortisol_cid5754,,,cortisol_cid5754.png,low,low,0.438895595001029,invalid,,,,,,invalid,invalid,,False,False,False,False,,False,,,,,,,[H]C12CCC(O)(C(=O)CO)C13(C)C1[CH]456O[CH]1(O4)(C35)C61C3(C)CCC(=O)C=C3CC[C]21[Bi]
cromolyn_cid2882,,,cromolyn_cid2882.png,low,low,0.7684674859351224,exact,Cromolyn,Cromolyn,1.0,34,34,exact,exact,Cromolyn,False,False,False,False,1.0,True,True,0,1,,,,O=C(O)c1cc(=O)c2c(OCC(O)COc3cccc4oc(C(=O)O)cc(=O)c34)cccc2o1
crystal_violet_cid11057,,,crystal_violet_cid11057.png,high,high,0.9062112188953938,exact,Crystal Violet,Crystal Violet,1.0,29,29,exact,exact,Crystal Violet,False,False,False,False,1.0,True,True,0,2,,,,CN(C)c1ccc(C(=C2C=CC(=[N+](C)C)C=C2)c2ccc(N(C)C)cc2)cc1.[Cl-]
cucurbit_7_uril_cb_7_hydrate_cid6096207,,,cucurbit_7_uril_cb_7_hydrate_cid6096207.png,low,low,5.432932507913806e-17,invalid,,,,,,invalid,invalid,,False,False,False,False,,False,,,,,,,O=CN12C3N45CN36C3(=O)(=O)CN378CN39%10C(=O)N%11%12%13C%14N%15%16%17%18C(=O)N%19%20%21%22%23%24%25C%11N%11%26%27%28=C%15%19%29%30%31%32%33=C%11%20%15C%14%16%29%21%11N%30%14(C%16%19N%20%21%29C%30%34C%35%36%37N(CN%38%39%40C(=O)N(CNC%41NC(=O)N%41CN%41%42C%43(=O)N%44C%41%45%46N(C4=O)[CH]%44%42%45C5%46N%43C1637N13(C(=O)N4C%1256N7(C%15%26%22C47%13%12C591C6%103%12)C%17%27%31%23C=%32%14%18%28%11%24)C28)C1NC(=O)N234C%385N%3567C1%392N5%36(C%40%2036)C%2147=O)C123=O=C4(=O=1)N%30%162C%37%29N%34%1943)C%33%25=O
cyanocobalamin_cid166596686,,,cyanocobalamin_cid166596686.png,low,low,4.051101442013443e-19,invalid,,,,,,invalid,invalid,,False,False,False,False,,False,,,,,,,[H]C1NC(C(C)=CC(CCC(=N)[O-])C(C)(C)[CH]C=C23NC(=C(C)C45=NC6789C%10%11%12%13[CH]46%14(CCC(N)=O)C%10746%15(C)CC(N)(=O)=O7=C%10CC%118%144(C%12)(C6)[CH]59%15(CCC(N)=O)C%13C7(N)(=O)N%10)C2(C)(CC(N)=O)C3CC)C(C)(CCC(=O)NCC(C)OPO[CH]C(CO)O[CH]NC2=CC=C(C)C(C)=C2)C1CC(N)=O
cyclobenzaprine_cid2895,,,cyclobenzaprine_cid2895.png,high,high,0.900928959275433,exact,Cyclobenzaprine,Cyclobenzaprine,1.0,21,21,exact,exact,Cyclobenzaprine,False,False,False,False,1.0,True,True,0,1,,,,CN(C)CCC=C1c2ccccc2C=Cc2ccccc21
cyclophosphamide_cid2907,,,cyclophosphamide_cid2907.png,low,low,0.6409120780044884,wrong,,Cyclophosphamide,0.588,14,14,wrong,wrong,,False,False,False,False,0.588,False,False,1,1,,,,O[P]1(N(CCCl)CCCl)NCCCO1 |^1:1|
cyclosporin_a_cid5284373,,,cyclosporin_a_cid5284373.png,low,low,1.132273502413541e-05,wrong,,Cyclosporin A,0.9,83,85,near,near,,False,False,False,False,0.9,False,False,5,1,,,,C/C=C/C[C@@H](C)[C@@H](O)[C@H]1C(=O)N[C@@H](CC)C(=O)N(C)CC(=O)N(C)[C@@H](CC(C)C)C(=O)N[C@@H](C(C)C)C(=O)N(C)[C@@H](CC(C)C)C(=O)N[C@@H](C)C(=O)NC(C)C(=O)N(C)[C@@H](CC(C)C)C(=O)[C@@H](CC(C)C)C(=O)N(C)[C@@H](C(C)C)C(=O)N1C
d_fructose_cid2723872,,,d_fructose_cid2723872.png,high,high,0.8892603506769672,exact,D-Fructose,D-Fructose,1.0,12,12,exact,exact,D-Fructose,False,False,False,False,1.0,True,True,0,1,,,,OCC1(O)OC[C@@H](O)[C@@H](O)[C@@H]1O
d_galactose_cid6036,,,d_galactose_cid6036.png,high,high,0.867652863048687,exact,D-Galactose,D-Galactose,1.0,12,12,exact,exact,D-Galactose,False,False,False,False,1.0,True,True,0,1,,,,OC[C@H]1OC(O)[C@H](O)[C@@H](O)[C@H]1O
d_glucose_cid5793,,,d_glucose_cid5793.png,low,low,0.7856482619070316,invalid,,,,,,invalid,invalid,,False,False,False,False,,False,,,,,,,O#CC1C(O)C(O)OC(CO)C1O
d_ribose_cid10975657,,,d_ribose_cid10975657.png,high,high,0.8641170173996109,exact,D-Ribose,D-Ribose,1.0,10,10,exact,exact,D-Ribose,False,False,False,False,1.0,True,True,0,1,,,,OC1OC[C@@H](O)[C@@H](O)[C@H]1O
daptomycin_cid21585658,,,daptomycin_cid21585658.png,low,low,6.003921989354715e-09,invalid,,,,,,invalid,invalid,,False,False,False,False,,False,,,,,,,[CH]NC1=O=C(=O)(NC(CC(N)=O)C(=O)NC(CC(=O)O)C(=O)NC2C(=O)NCC(=O)NC(CCCN)C(=O)NC(CC(=O)O)C(=O)NC(C)C(=O)NC(CC(=O)O)C(=O)NCC(=O)NC(CO)C(=O)NC(C(C)CC(=O)O)C(=O)NC(CC(=O)C3=C(N)C=CC=C3)C(=O)OC2C)C1NC(=O)CCCCCCCCC
desmopressin_cid5311065,,,desmopressin_cid5311065.png,low,low,5.434181375068777e-13,invalid,,,,,,invalid,invalid,,False,False,False,False,,False,,,,,,,NC=NCCC[CH]NC(=O)C1CCCN123C1(=O)C4C5SCCCC(=O)N6C(CC7=CC=C(O)C=C7)C(=O)N[CH]7(CC8=CC=CC=C8)NC(=O)[CH]6(CC6=CC=C(O)C=C6)NC(=O)CCCSC[CH]51(N4C(=O)C(CC(N)=O)NC(=O)C(CCC(N)=O)NC7=O)C2(=O)N1CCC[CH]13C(=O)NC(CCCN=C(N)N)C(=O)NCC(N)=O
di_2h3_methyl_sulphoxide_cid75151,,,di_2h3_methyl_sulphoxide_cid75151.png,low,low,0.8068613655817908,invalid,,,,,,invalid,invalid,,False,False,False,False,,False,,,,,,,[18H]C([18H])([18H])[18H]S(=O)CC([18H])([18H])[18H]
dibenzo_18_crown_6_cid26541,,,dibenzo_18_crown_6_cid26541.png,high,high,0.8964389867348979,exact,Dibenzo-18-crown-6,Dibenzo-18-crown-6,1.0,26,26,exact,exact,Dibenzo-18-crown-6,False,False,False,False,1.0,True,True,0,1,,,,c1ccc2c(c1)OCCOCCOc1ccccc1OCCOCCO2
dibenzo_ghi_mno_fluoranthene_cid11831840,,,dibenzo_ghi_mno_fluoranthene_cid11831840.png,high,high,0.8523670040534976,exact,"Dibenzo(ghi,mno)fluoranthene","Dibenzo(ghi,mno)fluoranthene",1.0,20,20,exact,exact,"Dibenzo(ghi,mno)fluoranthene",False,False,False,False,1.0,True,True,0,1,,,,c1cc2ccc3ccc4ccc5ccc1c1c2c3c4c51
dichlororuthenium_2_pyridin_2_ylpyridine_cid10908382,,,dichlororuthenium_2_pyridin_2_ylpyridine_cid10908382.png,high,high,0.9164270375823609,exact,Dichlororuthenium;2-pyridin-2-ylpyridine,Dichlororuthenium;2-pyridin-2-ylpyridine,1.0,39,39,exact,exact,Dichlororuthenium;2-pyridin-2-ylpyridine,False,False,False,False,1.0,True,True,0,4,,c1ccc(-c2ccccn2)nc1.c1ccc(-c2ccccn2)nc1,,[Cl][Ru][Cl].c1ccc(-c2ccccn2)nc1.c1ccc(-c2ccccn2)nc1.c1ccc(-c2ccccn2)nc1
diflunisal_cid3059,,,diflunisal_cid3059.png,high,high,0.911778829924004,exact,Diflunisal,Diflunisal,1.0,18,18,exact,exact,Diflunisal,False,False,False,False,1.0,True,True,0,1,,,,O=C(O)c1cc(-c2ccc(F)cc2F)ccc1O
dihydrotestosterone_cid10635,,,dihydrotestosterone_cid10635.png,low,low,0.6004597879463326,wrong,,Dihydrotestosterone,0.426,21,21,wrong,wrong,,False,False,False,False,0.426,False,False,4,1,,,,*[C@]12CC[C@]3(C)[C@H](O)CC[C@@]3([H])[C@]1(*)CC[C@@]1([H])CC(=O)CC[C@@]12C |$Dl;;;;;;;;;;;;;Dl;;;;;;;;;;;$|
diltiazem_cid39186,,,diltiazem_cid39186.png,high,high,0.9124528145130066,exact,Diltiazem,Diltiazem,1.0,29,29,exact,exact,Diltiazem,False,False,False,False,1.0,True,True,0,1,,,,COc1ccc([C@@H]2Sc3ccccc3N(CCN(C)C)C(=O)[C@@H]2OC(C)=O)cc1
dimethylmercury_cid11645,,,dimethylmercury_cid11645.png,low,low,0.7273856081427875,exact,Dimethylmercury,Dimethylmercury,1.0,3,3,exact,exact,Dimethylmercury,False,False,False,False,1.0,True,True,0,1,,,,[CH3][Hg][CH3]
diphenhydramine_cid3100,,,diphenhydramine_cid3100.png,high,high,0.9165056869731153,exact,Diphenhydramine,Diphenhydramine,1.0,19,19,exact,exact,Diphenhydramine,False,False,False,False,1.0,True,True,0,1,,,,CN(C)CCOC(c1ccccc1)c1ccccc1
disulfiram_cid3117,,,disulfiram_cid3117.png,high,high,0.9038204061542278,exact,Disulfiram,Disulfiram,1.0,16,16,exact,exact,Disulfiram,False,False,False,False,1.0,True,True,0,1,,,,CCN(CC)C(=S)SSC(=S)N(CC)CC
donepezil_cid3152,,,donepezil_cid3152.png,high,high,0.9005681174892838,exact,Donepezil,Donepezil,1.0,28,28,exact,exact,Donepezil,False,False,False,False,1.0,True,True,0,1,,,,COc1cc2c(cc1OC)C(=O)C(CC1CCN(Cc3ccccc3)CC1)C2
dopamine_cid681,,,dopamine_cid681.png,high,high,0.9148602254730983,exact,Dopamine,Dopamine,1.0,11,11,exact,exact,Dopamine,False,False,False,False,1.0,True,True,0,1,,,,NCCc1ccc(O)c(O)c1
doxazosin_cid3157,,,doxazosin_cid3157.png,high,high,0.9149080321768146,exact,Doxazosin,Doxazosin,1.0,33,33,exact,exact,Doxazosin,False,False,False,False,1.0,True,True,0,1,,,,COc1cc2nc(N3CCN(C(=O)C4COc5ccccc5O4)CC3)nc(N)c2cc1OC
doxepin_cid3158,,,doxepin_cid3158.png,high,high,0.9111882907154427,stereo,Doxepin,Doxepin,1.0,21,21,stereo,stereo,Doxepin,False,False,False,False,1.0,True,True,0,1,,,,CN(C)CC/C=C1\c2ccccc2COc2ccccc21
doxorubicin_cid31703,,,doxorubicin_cid31703.png,low,low,0.7939305614639097,exact,Doxorubicin,Doxorubicin,1.0,39,39,exact,exact,Doxorubicin,False,False,False,False,1.0,True,True,0,1,,,,COc1cccc2c1C(=O)c1c(O)c3c(c(O)c1C2=O)C[C@@](O)(C(=O)CO)C[C@@H]3O[C@H]1C[C@H](N)[C@H](O)[C@H](C)O1
edoxaban_cid10280735,,,edoxaban_cid10280735.png,high,high,0.9123244378883142,exact,Edoxaban,Edoxaban,1.0,37,37,exact,exact,Edoxaban,False,False,False,False,1.0,True,True,0,1,,,,CN1CCc2nc(C(=O)N[C@@H]3C[C@@H](C(=O)N(C)C)CC[C@@H]3NC(=O)C(=O)Nc3ccc(Cl)cn3)sc2C1
entacapone_cid5281081,,,entacapone_cid5281081.png,high,high,0.9173035909128079,exact,Entacapone,Entacapone,1.0,22,22,exact,exact,Entacapone,False,False,False,False,1.0,True,True,0,1,,,,CCN(CC)C(=O)/C(C#N)=C/c1cc(O)c(O)c([N+](=O)[O-])c1
eosin_cid11048,,,eosin_cid11048.png,high,high,0.9143984828424411,exact,Eosin,Eosin,1.0,31,31,exact,exact,Eosin,False,False,False,False,1.0,True,True,0,3,,[Na+],,O=C([O-])c1ccccc1-c1c2cc(Br)c(=O)c(Br)c-2oc2c(Br)c([O-])c(Br)cc12.[Na+].[Na+]
epinephrine_cid5816,,,epinephrine_cid5816.png,high,high,0.9037442839706157,exact,Epinephrine,Epinephrine,1.0,13,13,exact,exact,Epinephrine,False,False,False,False,1.0,True,True,0,1,,,,CNC[C@H](O)c1ccc(O)c(O)c1
epothilone_b_cid448013,,,epothilone_b_cid448013.png,high,high,0.8767362315154823,stereo,Epothilone B,Epothilone B,1.0,35,35,stereo,stereo,Epothilone B,False,False,False,False,1.0,True,True,0,1,,,,[H][C@]12C[C@@H](C(C)=Cc3csc(C)n3)OC(=O)C[C@@H](O)C(C)(C)C(=O)[C@H](C)[C@H](O)[C@@H](C)CCC[C@@]1(C)O2
epothilone_cid10838895,,,epothilone_cid10838895.png,high,high,0.881880529783618,stereo,Epothilone,Epothilone,1.0,34,34,stereo,stereo,Epothilone,False,False,False,False,1.0,True,True,0,1,,,,[H][C@@]12CCC[C@H](C)[C@@H](O)[C@@H](C)C(=O)C(C)(C)[C@H](O)CC(=O)O[C@H](C(C)=Cc3csc(C)n3)C[C@]1([H])O2
eribulin_cid11354606,,,eribulin_cid11354606.png,low,low,1.404582913139765e-13,invalid,,,,,,invalid,invalid,,False,False,False,False,,False,,,,,,,[H]C12CCC34([H])CC(C)C(=C)(C([H])(CC56([H])O[CH]7(CC(O)CN)[CH]8(OC)C59%10%11[H]C869([H]%10)[CH]7%11OC)(O3)O4)C3456789(CC%10C%11[H]C%10([H])(CC1=C)O%112)CC12([H])OC%10%11%12%13([H])C%14%15%16([H])OC3%17%18%19%20%21%22O43C1%1754%23%24%25(O15%17C%1864%26(C3%19%23C27)C1%10%20%24O1C23([H])CCC4([H])O6C2%147%10%18[H]C63%152([H])(O47)C5%10%11([H])C%16%18%122([H])OC1%17%13%26%21%25)(O8)O%229
erythromycin_cid12560,,,erythromycin_cid12560.png,low,low,0.4363639504252266,stereo,Erythromycin,Erythromycin,1.0,51,51,stereo,stereo,Erythromycin,False,False,False,False,1.0,True,True,0,1,,,,CC[C@H]1OC(=O)[C@H](C)[C@@H](O[C@H]2C[C@@](C)(OC)[C@@H](O)[C@H](C)O2)[C@H](C)[C@@H](O[C@H]2O[C@H](C)C[C@H](N(C)C)[C@H]2O)[C@](C)(O)C[C@@H](C)C(=O)[C@H](C)[C@@H](O)[C@]1(C)O
esomeprazole_magnesium_cid9568613,,,esomeprazole_magnesium_cid9568613.png,low,low,0.09989698624825433,invalid,,,,,,invalid,invalid,,False,False,False,False,,False,,,,,,,COC1=CC2=C(C=C1)[N-]C(=C(C1=NC=C(C)C(OC)=C1C)S(O)(O)C1=NC3=C(C=CC(OC)=C3)N1)=N2.[Mg+2]
estradiol_cid5757,,,estradiol_cid5757.png,low,low,0.536006006262628,wrong,,Estradiol,0.407,21,20,wrong,wrong,,False,False,False,False,0.407,False,False,4,1,,,,*[C@@]12CCc3cc(O)ccc3[C@@]1(Cl)CC[C@]1(C)[C@H](O)CC[C@@]21[H] |$ClI;;;;;;;;;;;;;;;;;;;;;;$|
estriol_cid5756,,,estriol_cid5756.png,low,low,0.3986139619213681,wrong,,Estriol,0.414,21,21,wrong,wrong,,False,False,False,False,0.414,False,False,4,1,,,,*[C@@]12CCc3cc(O)ccc3[C@@]1(*)CC[C@]1(C)[C@@H](O)[C@H](O)C[C@@]21[H] |$EtI;;;;;;;;;;;;EtI;;;;;;;;;;;$|
estrone_cid5870,,,estrone_cid5870.png,low,low,0.5967023679886646,wrong,,Estrone,0.439,20,20,wrong,wrong,,False,False,False,False,0.439,False,False,4,1,,,,*[C@@]12CCc3cc(O)ccc3[C@@]1(*)CC[C@]1(C)C(=O)CC[C@@]21[H] |$ClI;;;;;;;;;;;;ClI;;;;;;;;;;$|
ethambutol_cid14052,,,ethambutol_cid14052.png,high,high,0.9148327247305881,exact,Ethambutol,Ethambutol,1.0,14,14,exact,exact,Ethambutol,False,False,False,False,1.0,True,True,0,1,,,,CC[C@@H](CO)NCCN[C@@H](CC)CO
ethosuximide_cid3291,,,ethosuximide_cid3291.png,high,high,0.8842114006345068,exact,Ethosuximide,Ethosuximide,1.0,10,10,exact,exact,Ethosuximide,False,False,False,False,1.0,True,True,0,1,,,,CCC1(C)CC(=O)NC1=O
ethylenediaminetetraacetic_acid_cid6049,,,ethylenediaminetetraacetic_acid_cid6049.png,high,high,0.9079262606156482,exact,Ethylenediaminetetraacetic Acid,Ethylenediaminetetraacetic Acid,1.0,20,20,exact,exact,Ethylenediaminetetraacetic Acid,False,False,False,False,1.0,True,True,0,1,,,,O=C(O)CN(CCN(CC(=O)O)CC(=O)O)CC(=O)O
etidocaine_cid37497,,,etidocaine_cid37497.png,high,high,0.8963102868203645,exact,Etidocaine,Etidocaine,1.0,20,20,exact,exact,Etidocaine,False,False,False,False,1.0,True,True,0,1,,,,CCCN(CC)C(CC)C(=O)Nc1c(C)cccc1C
etodolac_cid3308,,,etodolac_cid3308.png,high,high,0.9098495063109194,exact,Etodolac,Etodolac,1.0,21,21,exact,exact,Etodolac,False,False,False,False,1.0,True,True,0,1,,,,CCc1cccc2c3c([nH]c12)C(CC)(CC(=O)O)OCC3
etoposide_cid36462,,,etoposide_cid36462.png,low,low,0.2049634172873223,wrong,,Etoposide,0.646,43,42,wrong,wrong,,False,False,False,False,0.646,False,False,3,1,,,,[H][C@]12COC(=O)[C@]1([H])[C@H](c1cc(OC)c(O)c(OC)c1)c1cc3c(cc1[C@@H]2O[C@@H]1O[C@]24CO[C@@H](C)O[C@]2(O4)[C@@H](O)[C@H]1O)OCO3
eugenol_cid3314,,,eugenol_cid3314.png,high,high,0.8856631308400995,exact,Eugenol,Eugenol,1.0,12,12,exact,exact,Eugenol,False,False,False,False,1.0,True,True,0,1,,,,C=CCc1ccc(O)c(OC)c1
everolimus_cid6442177,,,everolimus_cid6442177.png,low,low,0.001050026172820163,invalid,,,,,,invalid,invalid,,False,False,False,False,,False,,,,,,,[H]C12CCCCN1C(=O)C1(=O)C34OC156(O)OC17([H])(CC(OC)C(C)=COC)CC[CH]35(C)CC1C([H])(C7C(OC)C(C)=COC13=CC[CH]1(OCCO)CCC(CC(C)C(CC(=O)C(C)C=C(C)C(O)C(OC)C(=O)C(C)CC(C)C=CC)OC2=O)C3)O46
exemestane_cid60198,,,exemestane_cid60198.png,low,low,0.600559297616862,wrong,,Exemestane,0.413,25,22,wrong,wrong,,False,False,False,False,0.413,False,False,4,1,,,,[H][C@@]12CCC(=O)[C@@]1(C)CC[C@@]1(Cl)[C@@]2(BCl)CC(=C)C2=CC(=O)C=C[C@@]21C
fadh2_cid446013,,,fadh2_cid446013.png,low,low,0.0001365188826622455,stereo,Fadh2,Fadh2,1.0,53,53,stereo,stereo,Fadh2,False,False,False,False,1.0,True,True,0,1,,,,Cc1cc2c(cc1C)N(C[C@H](O)[C@H](O)[C@H](O)COP(=O)(O)OP(=O)(O)OC[C@@H]1O[C@@H](n3cnc4c(N)ncnc43)[C@H](O)[C@@H]1O)c1[nH]c(=O)[nH]c(=O)c1N2
famciclovir_cid3324,,,famciclovir_cid3324.png,high,high,0.9187163365851053,exact,Famciclovir,Famciclovir,1.0,23,23,exact,exact,Famciclovir,False,False,False,False,1.0,True,True,0,1,,,,CC(=O)OCC(CCn1cnc2cnc(N)nc21)COC(C)=O
farxiga_cid24936221,,,farxiga_cid24936221.png,low,low,0.3665477843974517,wrong,,Farxiga,1.0,35,34,stereo,stereo,Farxiga,False,False,True,False,1.0,False,False,3,4,,O,,CCOc1ccc(Cc2cc([C@@H]3O[C@H](CO)C(O)C(O)[C@H]3O)ccc2Cl)cc1.C[C@@H](O)CO.O.O
felodipine_cid3333,,,felodipine_cid3333.png,high,high,0.9216493925228959,exact,Felodipine,Felodipine,1.0,25,25,exact,exact,Felodipine,False,False,False,False,1.0,True,True,0,1,,,,CCOC(=O)C1=C(C)NC(C)=C(C(=O)OC)C1c1cccc(Cl)c1Cl
fenofibrate_cid3339,,,fenofibrate_cid3339.png,high,high,0.9028113522602068,exact,Fenofibrate,Fenofibrate,1.0,25,25,exact,exact,Fenofibrate,False,False,False,False,1.0,True,True,0,1,,,,CC(C)OC(=O)C(C)(C)Oc1ccc(C(=O)c2ccc(Cl)cc2)cc1
fenoldopam_cid3341,,,fenoldopam_cid3341.png,high,high,0.906511098865283,exact,Fenoldopam,Fenoldopam,1.0,21,21,exact,exact,Fenoldopam,False,False,False,False,1.0,True,True,0,1,,,,Oc1ccc(C2CNCCc3c2cc(O)c(O)c3Cl)cc1
fenoprofen_cid3342,,,fenoprofen_cid3342.png,high,high,0.9146061684900096,exact,Fenoprofen,Fenoprofen,1.0,18,18,exact,exact,Fenoprofen,False,False,False,False,1.0,True,True,0,1,,,,CC(C(=O)O)c1cccc(Oc2ccccc2)c1
fentanyl_cid3345,,,fentanyl_cid3345.png,high,high,0.9199671536254692,exact,Fentanyl,Fentanyl,1.0,25,25,exact,exact,Fentanyl,False,False,False,False,1.0,True,True,0,1,,,,CCC(=O)N(c1ccccc1)C1CCN(CCc2ccccc2)CC1
ferrocene_cid10219726,,,ferrocene_cid10219726.png,high,high,0.8977058500132621,wrong,,Ferrocene,0.231,11,11,wrong,wrong,,False,False,False,False,0.231,False,False,2,3,,C1=CCC=C1,,C1=CCC=C1.C1=CCC=C1.[Fe]
fexofenadine_cid3348,,,fexofenadine_cid3348.png,high,high,0.8988041367133817,exact,Fexofenadine,Fexofenadine,1.0,37,37,exact,exact,Fexofenadine,False,False,False,False,1.0,True,True,0,1,,,,CC(C)(C(=O)O)c1ccc(C(O)CCCN2CCC(C(O)(c3ccccc3)c3ccccc3)CC2)cc1
fidaxomicin_cid10034073,,,fidaxomicin_cid10034073.png,low,low,2.274624520288366e-18,invalid,,,,,,invalid,invalid,,False,False,False,False,,False,,,,,,,CCC1=C(C(=O)OC2C(C)OC(OCC34=CC=CC[CH]56(O)C7C=CC3[CH]3(O)C8=C(C)C9%10=C%11%12(C)C(=C9%13(C)C%119%14O%11C%15(OC(C)(C)C(OC(=O)C(C)C)C(O)C%15O)OC%11%13%12%15C9%11(CC)C9%12=C5%13(C)C7(O)=C96(C)C%11%13=C%12%14%15CC)C%10(C)=CCC3(C8)OC4=O)C(OC)C2O)C(O)=C(Cl)C(O)=C1Cl
fimasartan_cid9870652,,,fimasartan_cid9870652.png,high,high,0.9225257058439332,exact,Fimasartan,Fimasartan,1.0,36,36,exact,exact,Fimasartan,False,False,False,False,1.0,True,True,0,1,,,,CCCCc1nc(C)c(CC(=S)N(C)C)c(=O)n1Cc1ccc(-c2ccccc2-c2nn[nH]n2)cc1
finasteride_cid57363,,,finasteride_cid57363.png,low,low,0.2120741089546885,wrong,,Finasteride,0.529,29,27,wrong,wrong,,False,False,False,False,0.529,False,False,2,1,,,,[H][C@@]12CC[C]34([Bi])C[C@@]3(CC[C@]3(C)[C@@H](C(=O)NC(C)(C)C)CC[C@]34[H])[C@@]1(C)C=CC(=O)N2 |^2:5|
flecainide_cid3356,,,flecainide_cid3356.png,low,low,0.7598019572194076,exact,Flecainide,Flecainide,1.0,28,28,exact,exact,Flecainide,False,False,False,False,1.0,True,True,0,1,,,,O=C(NCC1CCCCN1)c1cc(OCC(F)(F)F)ccc1OCC(F)(F)F
fludrocortisone_cid31378,,,fludrocortisone_cid31378.png,low,low,0.7904486738449703,stereo,Fludrocortisone,Fludrocortisone,1.0,27,27,stereo,stereo,Fludrocortisone,False,False,False,False,1.0,True,True,0,1,,,,[H][C@@]12CC[C@](O)(C(=O)CO)[C@@]1(C)C[C@@H](O)[C@@]1(F)[C@@]2([H])CCC2=CC(=O)CC[C@@]21C
fluorescein_cid16850,,,fluorescein_cid16850.png,high,high,0.9115031892899926,exact,Fluorescein,Fluorescein,1.0,25,25,exact,exact,Fluorescein,False,False,False,False,1.0,True,True,0,1,,,,O=C1OC2(c3ccc(O)cc3Oc3cc(O)ccc32)c2ccccc21
fluoxetine_cid3386,,,fluoxetine_cid3386.png,high,high,0.9081722347257365,exact,Fluoxetine,Fluoxetine,1.0,22,22,exact,exact,Fluoxetine,False,False,False,False,1.0,True,True,0,1,,,,CNCCC(Oc1ccc(C(F)(F)F)cc1)c1ccccc1
flurbiprofen_cid3394,,,flurbiprofen_cid3394.png,high,high,0.9192242750401881,exact,Flurbiprofen,Flurbiprofen,1.0,18,18,exact,exact,Flurbiprofen,False,False,False,False,1.0,True,True,0,1,,,,CC(C(=O)O)c1ccc(-c2ccccc2)c(F)c1
flutamide_cid3397,,,flutamide_cid3397.png,high,high,0.9177688559402742,exact,Flutamide,Flutamide,1.0,19,19,exact,exact,Flutamide,False,False,False,False,1.0,True,True,0,1,,,,CC(C)C(=O)Nc1ccc([N+](=O)[O-])c(C(F)(F)F)c1
formic_acid_cid284,,,formic_acid_cid284.png,low,low,0.6139169803987564,wrong,,Formic Acid,0.0,5,3,wrong,wrong,,False,False,False,False,0.0,False,False,6,2,,,,C1C2OC12.O
formoterol_cid3410,,,formoterol_cid3410.png,high,high,0.9107160912605304,exact,Formoterol,Formoterol,1.0,25,25,exact,exact,Formoterol,False,False,False,False,1.0,True,True,0,1,,,,COc1ccc(CC(C)NCC(O)c2ccc(O)c(NC=O)c2)cc1
foscarnet_cid3415,,,foscarnet_cid3415.png,high,low,0.8562222338526333,invalid,,,,,,invalid,invalid,,False,False,False,False,,False,,,,,,,CP(=O)(O)(O)C(=O)O
fosfomycin_cid446987,,,fosfomycin_cid446987.png,high,high,0.856535246667752,wrong,,Fosfomycin,0.565,9,8,wrong,wrong,,False,False,False,False,0.565,False,False,3,1,,,,C[C@@H]1O[C@@H]1P(=O)(O)CO
fullerenes_cid123591,,,fullerenes_cid123591.png,low,low,1.293154898505146e-43,invalid,,,,,,invalid,invalid,,False,False,False,False,,False,,,,,,,C12=C34=C1567=C189%10=C%11%12%13=C31%14=C=8%1151=C935=C89%11%15%16%17(=C%143)=C=15%10C=%12=81=C358%10=C%13%12%14=C9%13%18%19=C9%20%21%22=C=%11%12%23C%13%11%12=C9%13%24%25%26%27%28%29=C9%30=C%31C%32%33%34=C%35%36%37%38%39=C%40C=%35%41%42=C=%32%35%43%44%45%46=C%32%47%48%49%50=C%51%52=C%53%54%55=C%51%56%57(C%51%58C%56%59C2%516C%58%59%577)C=%53=%32%52%36267=C=%54%32%36%51=C%37%472C=%32=%38=%48=6%332=C%4976=C%357%32=C=%41=%34=%43%33%35%37=C%44%34%38%41=C=%50=%337%42(C=6%32%452%35)C=%37%31%34%4626C%387%31%32=C=%412%33%34%35%37=C762%38%41%42=C=%31%3367%43%44%45=C=%342%31%33%46%47=C=32%34%48%49%50=C53%52=C=%14=8=%15125=C=%106128%14=C=5=%34%166%10%15=C=%18=%171%135%16=C=%35=2=%48=7%38%316(=C=3=%41=%33=8=%10=%43%49=C9%32%46%44C5%241=C=%20=%25%11235=C=%26%40678=C%369%10=C%11%13%17%18=C4C=%114=C=%51%55%13=C=%179%11=C=%184%21=C=%27%23%1924=C=%22=3=%28%306(C1%1247)C=%39%10%1185%29)=C=%52=%42=%47=%15=%50%16%37%14%45
furan_cid8029,,,furan_cid8029.png,low,low,0.7818395400699396,wrong,,Furan,0.059,7,5,wrong,wrong,,False,False,False,False,0.059,False,False,12,2,,,,C1CCOC1.CC
gabapentin_cid3446,,,gabapentin_cid3446.png,high,high,0.9093304426927608,exact,Gabapentin,Gabapentin,1.0,12,12,exact,exact,Gabapentin,False,False,False,False,1.0,True,True,0,1,,,,NCC1(CC(=O)O)CCCCC1
gadopentetate_dimeglumine_cid55466,,,gadopentetate_dimeglumine_cid55466.png,low,low,1.524620050421317e-09,invalid,,,,,,invalid,invalid,,False,False,False,False,,False,,,,,,,CNCC(O)C(O)C(O)C(O)CO.CNCC(O)C(O)C(O)C(O)CO.O=C([O-])CN(CCN1CCN(CC(=O)O)C(C(=O)[O-])N(CC(=O)[O-])(CC(=O)O)CCN(CCN(CC(=O)[O-])CC(=O)O)(CC(=O)[O-])C1C(=O)[O-])CC(=O)O
geldanamycin_cid5288382,,,geldanamycin_cid5288382.png,high,high,0.8951133956488159,stereo,Geldanamycin,Geldanamycin,1.0,40,40,stereo,stereo,Geldanamycin,False,False,False,False,1.0,True,True,0,1,,,,COC1=C2C[C@@H](C)C[C@H](OC)[C@@H](O)[C@@H](C)/C=C(\C)[C@H](OC(N)=O)[C@@H](OC)/C=C\C=C(/C)C(=O)NC(=CC1=O)C2=O
gemcitabine_cid60750,,,gemcitabine_cid60750.png,high,high,0.9124135975776627,exact,Gemcitabine,Gemcitabine,1.0,18,18,exact,exact,Gemcitabine,False,False,False,False,1.0,True,True,0,1,,,,Nc1ccn([C@@H]2O[C@H](CO)[C@@H](O)C2(F)F)c(=O)n1
gemfibrozil_cid3463,,,gemfibrozil_cid3463.png,high,high,0.9058490514787338,exact,Gemfibrozil,Gemfibrozil,1.0,18,18,exact,exact,Gemfibrozil,False,False,False,False,1.0,True,True,0,1,,,,Cc1ccc(C)c(OCCCC(C)(C)C(=O)O)c1
gentamicin_cid3467,,,gentamicin_cid3467.png,high,high,0.9056144623788699,exact,Gentamicin,Gentamicin,1.0,33,33,exact,exact,Gentamicin,False,False,False,False,1.0,True,True,0,1,,,,CNC(C)C1CCC(N)C(OC2C(N)CC(N)C(OC3OCC(C)(O)C(NC)C3O)C2O)O1
ginsenoside_rb1_cid9898279,,,ginsenoside_rb1_cid9898279.png,low,low,3.852751102608505e-14,wrong,,Ginsenoside Rb1,0.814,77,77,wrong,wrong,,False,False,False,False,0.814,False,False,2,1,,,,[H]C12CC[C@@]3(C)[C@]([H])(C[C@H](O)[C@@]4([H])[C@H]([C@@](C)(CCCC(C)C)O[C@H]5OC(COC6OC(CO)[C@@H](O)[C@H](O)[C@@H]6O)[C@@H](O)C(O)[C@@H]5O)CC[C@@]43C)[C@@]1(C)CC[C@H](O[C@H]1OC(CO)C(O)[C@@H](O)[C@H]1O[C@@H]1OC(CO)[C@H](O)C(O)[C@H]1O)C2(C)C
glibenclamide_cid3488,,,glibenclamide_cid3488.png,high,high,0.8816916665030302,exact,Glibenclamide,Glibenclamide,1.0,33,33,exact,exact,Glibenclamide,False,False,False,False,1.0,True,True,0,1,,,,COc1ccc(Cl)cc1C(=O)NCCc1ccc(S(=O)(=O)NC(=O)NC2CCCCC2)cc1
gliclazide_cid3475,,,gliclazide_cid3475.png,high,high,0.9087190574902413,exact,Gliclazide,Gliclazide,1.0,22,22,exact,exact,Gliclazide,False,False,False,False,1.0,True,True,0,1,,,,Cc1ccc(S(=O)(=O)NC(=O)NN2CC3CCCC3C2)cc1
glipizide_cid3478,,,glipizide_cid3478.png,low,low,0.8135074839029759,exact,Glipizide,Glipizide,1.0,31,31,exact,exact,Glipizide,False,False,False,False,1.0,True,True,0,1,,,,Cc1cnc(C(=O)NCCc2ccc(S(=O)(=O)NC(=O)NC3CCCCC3)cc2)cn1
glutathione_cid124886,,,glutathione_cid124886.png,high,high,0.903471448437489,exact,Glutathione,Glutathione,1.0,20,20,exact,exact,Glutathione,False,False,False,False,1.0,True,True,0,1,,,,N[C@@H](CCC(=O)N[C@@H](CS)C(=O)NCC(=O)O)C(=O)O
glycerol_cid753,,,glycerol_cid753.png,high,high,0.8945260527792573,exact,Glycerol,Glycerol,1.0,6,6,exact,exact,Glycerol,False,False,False,False,1.0,True,True,0,1,,,,OCC(O)CO
glycine_cid750,,,glycine_cid750.png,low,low,0.6838930546882751,wrong,,Glycine,0.235,5,5,wrong,wrong,,False,False,False,False,0.235,False,False,6,1,,,,CC(O)CN
glycopyrronium_cid3494,,,glycopyrronium_cid3494.png,high,high,0.9143816497709234,exact,Glycopyrronium,Glycopyrronium,1.0,23,23,exact,exact,Glycopyrronium,False,False,False,False,1.0,True,True,0,1,,,,C[N+]1(C)CCC(OC(=O)C(O)(c2ccccc2)C2CCCC2)C1
glycyrrhizin_cid14982,,,glycyrrhizin_cid14982.png,low,low,4.100697287753643e-08,stereo,Glycyrrhizin,Glycyrrhizin,1.0,58,58,stereo,stereo,Glycyrrhizin,False,False,False,False,1.0,True,True,0,1,,,,[H][C@]12C(=O)C=C3[C@@]4([H])C[C@@](C)(C(=O)O)CC[C@@]4(C)CC[C@@]3(C)[C@@]1(C)CC[C@@]1([H])C(C)(C)C(O[C@H]3OC(C(=O)O)C(O)[C@@H](O)[C@H]3O[C@H]3OC(C(=O)O)[C@@H](O)[C@H](O)[C@H]3O)CC[C@]21C
glyphosate_cid3496,,,glyphosate_cid3496.png,high,high,0.8999874929986497,exact,Glyphosate,Glyphosate,1.0,10,10,exact,exact,Glyphosate,False,False,False,False,1.0,True,True,0,1,,,,O=C(O)CNCP(=O)(O)O
goserelin_cid5311128,,,goserelin_cid5311128.png,low,low,7.338352047795357e-09,invalid,,,,,,invalid,invalid,,False,False,False,False,,False,,,,,,,CC(C)CC(NC(=O)C(COC(C)(C)C)NC(=O)C(CC1=CC=C(O)C=C1)NC(=O)C(CO)NC(=O)C(CC1=CNC2=C1C=CC=C2)NC(=O)C(CC1=CN=CN1)NC(=O)C1CCC(=O)N1)C(=O)NC(CCCN=C(N)N)C(=O)N123CCCC1C1(=O)=O=C(NN4C(N)=O=C4(N)(=O)NN1)[CH]21CCCN1C3(=O)[CH]CCCN=CN
gramicidin_s_cid73357,,,gramicidin_s_cid73357.png,low,low,0.02496211410706183,invalid,,,,,,invalid,invalid,,False,False,False,False,,False,,,,,,,C[CH]C[CH]NC(=O)CCN.O.[H]C1(C(=O)N[CH]C2=O=C3(=O)NC(N2)C(=O)N[CH](CCC)(C2(=O)NC(CC4=CC=CC=C4)C(=O)NC(CCCN)C(=O)NC2CC(C)C)C(=O)NC3CC2=CC=CC=C2)CCCN1C1(=O)C(NC(=O)[CH]NC(=O)CCN)CC12=CC=CC=C2
guaifenesin_cid3516,,,guaifenesin_cid3516.png,high,high,0.9168111618393605,exact,Guaifenesin,Guaifenesin,1.0,14,14,exact,exact,Guaifenesin,False,False,False,False,1.0,True,True,0,1,,,,COc1ccccc1OCC(O)CO
guanidine_hydrochloride_cid5742,,,guanidine_hydrochloride_cid5742.png,high,high,0.8774405457437334,exact,Guanidine Hydrochloride,Guanidine Hydrochloride,1.0,5,5,exact,exact,Guanidine Hydrochloride,False,False,False,False,1.0,True,True,0,2,,,,Cl.[H]N=C(N)N
halichondrin_b_cid5488895,,,halichondrin_b_cid5488895.png,low,low,6.568973750073789e-70,invalid,,,,,,invalid,invalid,,False,False,False,False,,False,,,,,,,C[CH]1234C5[CH]1678C219[CH]2%10([CH]%11%12[CH]%13([CH]%1123)[CH]%122(F)[CH]%133%11[CH]%12%13C%14%15C(F)[CH]%1223(F)[CH]%14%11(F)[CH]%15%13F)C462[CH]1%10346%11%12%13%14%15%16[CH]1%10%17%18%19%20%21%22[CH]3%23%24%25%26%27%28%29%30[CH]143%31%32%33%34%35%36%37[CH]14%38%39%40%41%42%43[CH]%44%45%46%47%48%49%50%51[CH]%52%53%54%55%56%57%58[CH]%59%60%61%62%63[CH]%64%65%66%67[CH]%68%69%70%71%72[CH]%73%74[CH]%68%75%76%77[CH]%69%68([CH][CH][CH]C%69C%78[CH]%69%79C%69[CH]%80([CH]C%80)[CH]%78%69%79)[CH]%73%75%64%70%69[CH]%76%71%59%64%70[CH]%65%60%52%59%71[CH]%64%61%53%52([CH]%66%62%59%54%53[CH]%63%71%52%55%44%54%59%60%61[CH]%10%451%2336%44%52%55%62%63%64[CH]%174%24%31%11136%10%23[CH]7%46%38%25%32%12%444%11%17%24[CH]%18%47%39%54%26%331%13%527%12%25[CH]%53%56%19%48%40%59%27%3434%551%13[CH]%57%20%49%41%60%28%356%14%11%6273[CH]%58%21%50%42%61%29%36%10%15%17%63%121[CH]5928%22%51%43%30%37%23%16%24%64%25%133)[CH]%74%68%77%67%72%69%70
haloperidol_cid3559,,,haloperidol_cid3559.png,high,high,0.8954033020749111,exact,Haloperidol,Haloperidol,1.0,26,26,exact,exact,Haloperidol,False,False,False,False,1.0,True,True,0,1,,,,O=C(CCCN1CCC(O)(c2ccc(Cl)cc2)CC1)c1ccc(F)cc1
heme_b_cid4973,,,heme_b_cid4973.png,high,high,0.8756573423173921,wrong,,Heme b,0.606,43,43,wrong,wrong,,False,False,False,False,0.606,False,False,2,2,,,,C=CC1=C(C)c2cc3[nH]c(cc4nc(cc5[nH]c(cc1n2)c(C)c5C=C)C(C)=C4CCC(=O)O)c(CCC(=O)O)c3C.[Fe]
heparin_disaccharide_i_s_cid5288499,,,heparin_disaccharide_i_s_cid5288499.png,low,low,0.6440399081668358,wrong,,Heparin Disaccharide I-S,0.898,35,35,charge,charge,Heparin Disaccharide I-S,False,False,False,False,0.898,True,False,1,1,,,,O=C([O-])C1=C[C@@H](O)[C@@H](OS(=O)(=O)O)[C@H](O[C@H]2[C@H](O)[C@@H](NS(=O)(=O)[O-])[C@@H](O)O[C@@H]2COS(=O)(=O)[O-])O1
hexadecyltrimethylammonium_bromide_cid5974,,,hexadecyltrimethylammonium_bromide_cid5974.png,high,high,0.9139553474623616,exact,Hexadecyltrimethylammonium Bromide,Hexadecyltrimethylammonium Bromide,1.0,21,21,exact,exact,Hexadecyltrimethylammonium Bromide,False,False,False,False,1.0,True,True,0,2,,,,CCCCCCCCCCCCCCCC[N+](C)(C)C.[Br-]
hexamethylenetetramine_cid4101,,,hexamethylenetetramine_cid4101.png,low,low,0.551778159554508,invalid,,,,,,invalid,invalid,,False,False,False,False,,False,,,,,,,C1N2CN34CN5(C2)C3N1C45
histamine_cid774,,,histamine_cid774.png,high,high,0.8938988925932264,exact,Histamine,Histamine,1.0,8,8,exact,exact,Histamine,False,False,False,False,1.0,True,True,0,1,,,,NCCc1cnc[nH]1
hydralazine_cid3637,,,hydralazine_cid3637.png,high,high,0.9187007528865254,exact,Hydralazine,Hydralazine,1.0,12,12,exact,exact,Hydralazine,False,False,False,False,1.0,True,True,0,1,,,,NNc1nncc2ccccc12
hydrogen_peroxide_cid784,,,hydrogen_peroxide_cid784.png,low,low,0.8056755292227211,exact,Hydrogen Peroxide,Hydrogen Peroxide,1.0,2,2,exact,exact,Hydrogen Peroxide,False,False,False,False,1.0,True,True,0,1,,,,OO
hydroxychloroquine_cid3652,,,hydroxychloroquine_cid3652.png,high,high,0.9225780519397463,exact,Hydroxychloroquine,Hydroxychloroquine,1.0,23,23,exact,exact,Hydroxychloroquine,False,False,False,False,1.0,True,True,0,1,,,,CCN(CCO)CCCC(C)Nc1ccnc2cc(Cl)ccc12
hydroxyurea_cid3657,,,hydroxyurea_cid3657.png,low,low,0.6965567265601756,wrong,,Hydroxyurea,0.429,5,5,wrong,wrong,,False,False,False,False,0.429,False,False,3,1,,,,CC(=O)NO
hypericin_cid3663,,,hypericin_cid3663.png,low,low,0.4150416438120133,invalid,,,,,,invalid,invalid,,False,False,False,False,,False,,,,,,,CC1=CC(=O)C2=C(O)C3=C4C(=C(O)C=C3O)C3=C5=C6=C4C2C1=C1=C6C(=C(O)C5=C(O)C=C3O)C(=O)C=C1C
ibrutinib_cid24821094,,,ibrutinib_cid24821094.png,high,high,0.9032721074784601,exact,Ibrutinib,Ibrutinib,1.0,33,33,exact,exact,Ibrutinib,False,False,False,False,1.0,True,True,0,1,,,,C=CC(=O)N1CCC[C@@H](n2nc(-c3ccc(Oc4ccccc4)cc3)c3c(N)ncnc32)C1
ibuprofen_cid3672,,,ibuprofen_cid3672.png,high,high,0.9083574567919903,exact,"Ibuprofen, (+-)-","Ibuprofen, (+-)-",1.0,15,15,exact,exact,"Ibuprofen, (+-)-",False,False,False,False,1.0,True,True,0,1,,,,CC(C)Cc1ccc(C(C)C(=O)O)cc1
ibutilide_cid60753,,,ibutilide_cid60753.png,low,low,0.5356135081994231,stereo,Ibutilide,Ibutilide,1.0,26,26,stereo,stereo,Ibutilide,False,False,False,False,1.0,True,True,0,1,,,,CCCCCCCN(CC)CCC[C@H](O)c1ccc(NS(C)(=O)=O)cc1
ifosfamide_cid3690,,,ifosfamide_cid3690.png,high,high,0.9015592808163126,exact,Ifosfamide,Ifosfamide,1.0,14,14,exact,exact,Ifosfamide,False,False,False,False,1.0,True,True,0,1,,,,O=P1(NCCCl)OCCCN1CCCl
imatinib_cid5291,,,imatinib_cid5291.png,high,high,0.9153345235108862,exact,Imatinib,Imatinib,1.0,37,37,exact,exact,Imatinib,False,False,False,False,1.0,True,True,0,1,,,,Cc1ccc(NC(=O)c2ccc(CN3CCN(C)CC3)cc2)cc1Nc1nccc(-c2cccnc2)n1
imidacloprid_cid86287518,,,imidacloprid_cid86287518.png,high,high,0.8978275128723315,exact,Imidacloprid,Imidacloprid,1.0,17,17,exact,exact,Imidacloprid,False,False,False,False,1.0,True,True,0,1,,,,O=[N+]([O-])/N=C1\NCCN1Cc1ccc(Cl)nc1
imidazole_cid795,,,imidazole_cid795.png,low,low,0.8047495388067861,wrong,,Imidazole,0.045,9,5,wrong,wrong,,False,False,False,False,0.045,False,False,20,3,,CC,,C1CNCN1.CC.CC
imipramine_cid3696,,,imipramine_cid3696.png,high,high,0.9035429274327254,exact,Imipramine,Imipramine,1.0,21,21,exact,exact,Imipramine,False,False,False,False,1.0,True,True,0,1,,,,CN(C)CCCN1c2ccccc2CCc2ccccc21
indigo_carmine_cid2723854,,,indigo_carmine_cid2723854.png,high,high,0.899808489634251,exact,Indigo carmine,Indigo carmine,1.0,30,30,exact,exact,Indigo carmine,False,False,False,False,1.0,True,True,0,3,,[Na+],,O=C1C(c2[nH]c3ccc(S(=O)(=O)[O-])cc3c2O)=Nc2ccc(S(=O)(=O)[O-])cc21.[Na+].[Na+]
indigo_cid10215,,,indigo_cid10215.png,high,high,0.9127457237614721,exact,Indigo,Indigo,1.0,20,20,exact,exact,Indigo,False,False,False,False,1.0,True,True,0,1,,,,O=C1C(c2[nH]c3ccccc3c2O)=Nc2ccccc21
indole_cid798,,,indole_cid798.png,high,high,0.8932234269123697,exact,Indole,Indole,1.0,9,9,exact,exact,Indole,False,False,False,False,1.0,True,True,0,1,,,,c1ccc2[nH]ccc2c1
indomethacin_cid3715,,,indomethacin_cid3715.png,high,high,0.909784407414086,exact,Indomethacin,Indomethacin,1.0,25,25,exact,exact,Indomethacin,False,False,False,False,1.0,True,True,0,1,,,,COc1ccc2c(c1)c(CC(=O)O)c(C)n2C(=O)c1ccc(Cl)cc1
irbesartan_cid3749,,,irbesartan_cid3749.png,high,high,0.9173296649142026,exact,Irbesartan,Irbesartan,1.0,32,32,exact,exact,Irbesartan,False,False,False,False,1.0,True,True,0,1,,,,CCCCC1=NC2(CCCC2)C(=O)N1Cc1ccc(-c2ccccc2-c2nn[nH]n2)cc1
iron_pentacarbonyl_cid26040,,,iron_pentacarbonyl_cid26040.png,high,high,0.8438312146501149,wrong,,Iron pentacarbonyl,0.333,11,11,wrong,wrong,,False,False,False,False,0.333,False,False,10,6,,C=O.C=O.C=O.C=O,,C=O.C=O.C=O.C=O.C=O.[Fe]
isoniazid_cid3767,,,isoniazid_cid3767.png,high,high,0.9228112356992683,exact,Isoniazid,Isoniazid,1.0,10,10,exact,exact,Isoniazid,False,False,False,False,1.0,True,True,0,1,,,,NNC(=O)c1ccncc1
isosorbide_dinitrate_cid6883,,,isosorbide_dinitrate_cid6883.png,high,high,0.8757130582855697,wrong,,Isosorbide Dinitrate,0.432,17,16,wrong,wrong,,False,False,False,False,0.432,False,False,2,1,,,,[H][C@]12OC[C@H](O[N+](=O)[O-])[C@@]1([Tl])OC[C@H]2O[N+](=O)[O-]
isosorbide_mononitrate_cid27661,,,isosorbide_mononitrate_cid27661.png,low,low,0.839129084131435,exact,Isosorbide Mononitrate,Isosorbide Mononitrate,1.0,13,13,exact,exact,Isosorbide Mononitrate,False,False,False,False,1.0,True,True,0,1,,,,[H][C@]12OC[C@@H](O[N+](=O)[O-])[C@@]1([H])OC[C@@H]2O
isradipine_cid3784,,,isradipine_cid3784.png,high,high,0.9147837419503456,exact,Isradipine,Isradipine,1.0,27,27,exact,exact,Isradipine,False,False,False,False,1.0,True,True,0,1,,,,COC(=O)C1=C(C)NC(C)=C(C(=O)OC(C)C)C1c1cccc2nonc12
ivosidenib_cid71657455,,,ivosidenib_cid71657455.png,high,high,0.90537618552004,exact,Ivosidenib,Ivosidenib,1.0,41,41,exact,exact,Ivosidenib,False,False,False,False,1.0,True,True,0,1,,,,N#Cc1ccnc(N2C(=O)CC[C@H]2C(=O)N(c2cncc(F)c2)[C@H](C(=O)NC2CC(F)(F)C2)c2ccccc2Cl)c1
ixabepilone_cid6445540,,,ixabepilone_cid6445540.png,high,high,0.872922920948056,stereo,Ixabepilone,Ixabepilone,1.0,35,35,stereo,stereo,Ixabepilone,False,False,False,False,1.0,True,True,0,1,,,,[H][C@]12C[C@@H](C(C)=Cc3csc(C)n3)NC(=O)C[C@@H](O)C(C)(C)C(=O)[C@H](C)[C@H](O)[C@@H](C)CCC[C@@]1(C)O2
ketamine_cid3821,,,ketamine_cid3821.png,high,high,0.9067495683077959,exact,Ketamine,Ketamine,1.0,16,16,exact,exact,Ketamine,False,False,False,False,1.0,True,True,0,1,,,,CNC1(c2ccccc2Cl)CCCCC1=O
ketorolac_cid3826,,,ketorolac_cid3826.png,high,high,0.911497590476625,exact,Ketorolac,Ketorolac,1.0,19,19,exact,exact,Ketorolac,False,False,False,False,1.0,True,True,0,1,,,,O=C(c1ccccc1)c1ccc2n1CCC2C(=O)O
l_alanine_cid5950,,,l_alanine_cid5950.png,low,low,0.8297283215402044,exact,L-Alanine,L-Alanine,1.0,6,6,exact,exact,L-Alanine,False,False,False,False,1.0,True,True,0,1,,,,C[C@H](N)C(=O)O
l_arginine_cid6322,,,l_arginine_cid6322.png,high,high,0.8959140936699311,exact,L-Arginine,L-Arginine,1.0,12,12,exact,exact,L-Arginine,False,False,False,False,1.0,True,True,0,1,,,,NC(N)=NCCC[C@H](N)C(=O)O
l_ascorbic_acid_cid54670067,,,l_ascorbic_acid_cid54670067.png,high,high,0.8871804680378607,exact,L-Ascorbic Acid,L-Ascorbic Acid,1.0,12,12,exact,exact,L-Ascorbic Acid,False,False,False,False,1.0,True,True,0,1,,,,O=C1O[C@H]([C@@H](O)CO)C(O)=C1O
l_aspartic_acid_cid5960,,,l_aspartic_acid_cid5960.png,high,high,0.8928427774876151,exact,L-Aspartic Acid,L-Aspartic Acid,1.0,9,9,exact,exact,L-Aspartic Acid,False,False,False,False,1.0,True,True,0,1,,,,N[C@@H](CC(=O)O)C(=O)O
l_glutamic_acid_cid33032,,,l_glutamic_acid_cid33032.png,high,high,0.8986621116447095,exact,L-Glutamic Acid,L-Glutamic Acid,1.0,10,10,exact,exact,L-Glutamic Acid,False,False,False,False,1.0,True,True,0,1,,,,N[C@@H](CCC(=O)O)C(=O)O
l_glutamine_cid5961,,,l_glutamine_cid5961.png,high,high,0.8858071628817056,exact,L-Glutamine,L-Glutamine,1.0,10,10,exact,exact,L-Glutamine,False,False,False,False,1.0,True,True,0,1,,,,NC(=O)CC[C@H](N)C(=O)O
l_histidine_cid6274,,,l_histidine_cid6274.png,high,high,0.8911526029962346,exact,L-Histidine,L-Histidine,1.0,11,11,exact,exact,L-Histidine,False,False,False,False,1.0,True,True,0,1,,,,N[C@@H](Cc1cnc[nH]1)C(=O)O
l_isoleucine_cid6306,,,l_isoleucine_cid6306.png,high,high,0.8719656184855032,exact,L-Isoleucine,L-Isoleucine,1.0,9,9,exact,exact,L-Isoleucine,False,False,False,False,1.0,True,True,0,1,,,,CC[C@H](C)[C@H](N)C(=O)O
l_leucine_cid6106,,,l_leucine_cid6106.png,high,high,0.8924508647718088,exact,L-Leucine,L-Leucine,1.0,9,9,exact,exact,L-Leucine,False,False,False,False,1.0,True,True,0,1,,,,CC(C)C[C@H](N)C(=O)O
l_lysine_cid5962,,,l_lysine_cid5962.png,high,high,0.8807380892659026,exact,L-Lysine,L-Lysine,1.0,10,10,exact,exact,L-Lysine,False,False,False,False,1.0,True,True,0,1,,,,NCCCC[C@H](N)C(=O)O
l_methionine_cid6137,,,l_methionine_cid6137.png,high,high,0.8878115882366187,exact,L-Methionine,L-Methionine,1.0,9,9,exact,exact,L-Methionine,False,False,False,False,1.0,True,True,0,1,,,,CSCC[C@H](N)C(=O)O
l_phenylalanine_cid6140,,,l_phenylalanine_cid6140.png,high,high,0.9099880444144609,exact,L-Phenylalanine,L-Phenylalanine,1.0,12,12,exact,exact,L-Phenylalanine,False,False,False,False,1.0,True,True,0,1,,,,N[C@@H](Cc1ccccc1)C(=O)O
l_proline_cid145742,,,l_proline_cid145742.png,low,low,0.8318851500757439,wrong,,L-Proline,0.37,8,8,wrong,wrong,,False,False,False,False,0.37,False,False,2,1,,,,OC(O)[C@@H]1CCCN1
l_serine_cid5951,,,l_serine_cid5951.png,high,high,0.860839497033733,exact,L-Serine,L-Serine,1.0,7,7,exact,exact,L-Serine,False,False,False,False,1.0,True,True,0,1,,,,N[C@@H](CO)C(=O)O
l_threonine_cid6288,,,l_threonine_cid6288.png,high,high,0.8676965444977819,exact,L-Threonine,L-Threonine,1.0,8,8,exact,exact,L-Threonine,False,False,False,False,1.0,True,True,0,1,,,,C[C@@H](O)[C@H](N)C(=O)O
l_tryptophan_cid6305,,,l_tryptophan_cid6305.png,high,high,0.921180692432662,exact,L-Tryptophan,L-Tryptophan,1.0,15,15,exact,exact,L-Tryptophan,False,False,False,False,1.0,True,True,0,1,,,,N[C@@H](Cc1c[nH]c2ccccc12)C(=O)O
l_tyrosine_cid6057,,,l_tyrosine_cid6057.png,high,high,0.9047305779162788,exact,L-Tyrosine,L-Tyrosine,1.0,13,13,exact,exact,L-Tyrosine,False,False,False,False,1.0,True,True,0,1,,,,N[C@@H](Cc1ccc(O)cc1)C(=O)O
l_valine_cid6287,,,l_valine_cid6287.png,high,high,0.8937933908377484,exact,L-Valine,L-Valine,1.0,8,8,exact,exact,L-Valine,False,False,False,False,1.0,True,True,0,1,,,,CC(C)[C@H](N)C(=O)O
labetalol_cid3869,,,labetalol_cid3869.png,high,high,0.9167344586970989,exact,Labetalol,Labetalol,1.0,24,24,exact,exact,Labetalol,False,False,False,False,1.0,True,True,0,1,,,,CC(CCc1ccccc1)NCC(O)c1ccc(O)c(C(N)=O)c1
lamotrigine_cid3878,,,lamotrigine_cid3878.png,high,high,0.9219956351452058,exact,Lamotrigine,Lamotrigine,1.0,16,16,exact,exact,Lamotrigine,False,False,False,False,1.0,True,True,0,1,,,,Nc1nnc(-c2cccc(Cl)c2Cl)c(N)n1
lansoprazole_cid3883,,,lansoprazole_cid3883.png,high,high,0.9088741945671575,exact,Lansoprazole,Lansoprazole,1.0,25,25,exact,exact,Lansoprazole,False,False,False,False,1.0,True,True,0,1,,,,Cc1c(OCC(F)(F)F)ccnc1CS(=O)c1nc2ccccc2[nH]1
lapatinib_cid208908,,,lapatinib_cid208908.png,high,high,0.9096622645574436,exact,Lapatinib,Lapatinib,1.0,40,40,exact,exact,Lapatinib,False,False,False,False,1.0,True,True,0,1,,,,CS(=O)(=O)CCNCc1ccc(-c2ccc3ncnc(Nc4ccc(OCc5cccc(F)c5)c(Cl)c4)c3c2)o1
lazertinib_cid121269225,,,lazertinib_cid121269225.png,high,high,0.9138629548880428,exact,Lazertinib,Lazertinib,1.0,41,41,exact,exact,Lazertinib,False,False,False,False,1.0,True,True,0,1,,,,C=CC(=O)Nc1cc(Nc2nccc(-n3cc(CN(C)C)c(-c4ccccc4)n3)n2)c(OC)cc1N1CCOCC1
ledipasvir_cid67505836,,,ledipasvir_cid67505836.png,low,low,0.01087556768109303,stereo,Ledipasvir,Ledipasvir,1.0,65,65,stereo,stereo,Ledipasvir,False,False,False,False,1.0,True,True,0,1,,,,[H][C@]12CC[C@]([H])(C1)N(C(=O)[C@H](NC(=O)OC)C(C)C)[C@H]2c1nc2ccc(-c3ccc4c(c3)C(F)(F)c3cc(-c5cnc([C@@H]6CC7(CC7)CN6C(=O)[C@H](NC(=O)OC)C(C)C)[nH]5)ccc3-4)cc2[nH]1
lenalidomide_cid216326,,,lenalidomide_cid216326.png,high,high,0.9165311001024947,exact,Lenalidomide,Lenalidomide,1.0,19,19,exact,exact,Lenalidomide,False,False,False,False,1.0,True,True,0,1,,,,Nc1cccc2c1CN(C1CCC(=O)NC1=O)C2=O
letrozole_cid3902,,,letrozole_cid3902.png,high,high,0.9095865988406402,exact,Letrozole,Letrozole,1.0,22,22,exact,exact,Letrozole,False,False,False,False,1.0,True,True,0,1,,,,N#Cc1ccc(C(c2ccc(C#N)cc2)n2cncn2)cc1
leu_enkephalin_cid461776,,,leu_enkephalin_cid461776.png,low,low,0.7876904072619229,exact,Leu-Enkephalin,Leu-Enkephalin,1.0,40,40,exact,exact,Leu-Enkephalin,False,False,False,False,1.0,True,True,0,1,,,,CC(C)C[C@H](NC(=O)[C@H](Cc1ccccc1)NC(=O)CNC(=O)CNC(=O)[C@@H](N)Cc1ccc(O)cc1)C(=O)O
leukotriene_b4_cid5280492,,,leukotriene_b4_cid5280492.png,high,high,0.9183740605500691,exact,Leukotriene B4,Leukotriene B4,1.0,24,24,exact,exact,Leukotriene B4,False,False,False,False,1.0,True,True,0,1,,,,CCCCC/C=C\C[C@@H](O)/C=C/C=C/C=C\[C@@H](O)CCCC(=O)O
leuprolide_cid657181,,,leuprolide_cid657181.png,low,low,2.589321979400787e-08,wrong,,Leuprolide,0.856,87,87,near,near,,False,False,False,False,0.856,False,False,2,1,,,,CCNC(=O)[C@@H]1CCCN1C(=O)[C@H](CCCNC(N)N)NC(=O)[C@@H](CC(C)C)NC(=O)[C@H](CC(C)C)NC(=O)[C@H](Cc1ccc(O)cc1)NC(=O)C(CO)NC(=O)[C@@H](Cc1c[nH]c2ccccc12)NC(=O)[C@H](Cc1cnc[nH]1)NC(=O)[C@H]1CCC(=O)N1
levetiracetam_cid5284583,,,levetiracetam_cid5284583.png,high,high,0.9031326414837523,exact,Levetiracetam,Levetiracetam,1.0,12,12,exact,exact,Levetiracetam,False,False,False,False,1.0,True,True,0,1,,,,CC[C@@H](C(N)=O)N1CCCC1=O
levodopa_cid6047,,,levodopa_cid6047.png,high,high,0.9086852070954908,exact,Levodopa,Levodopa,1.0,14,14,exact,exact,Levodopa,False,False,False,False,1.0,True,True,0,1,,,,N[C@@H](Cc1ccc(O)c(O)c1)C(=O)O
levonorgestrel_cid13109,,,levonorgestrel_cid13109.png,low,low,0.3986995033827062,wrong,,Levonorgestrel,0.5,23,23,wrong,wrong,,False,False,False,False,0.5,False,False,4,1,,,,*[C@]12CC[C@@]3(CC)[C@@]([H])(CC[C@]3(O)C#C)[C@]1(*)CCC1=CC(=O)CC[C@@]12[H] |$Dl;;;;;;;;;;;;;;;;DlI;;;;;;;;;;$|
lidocaine_cid3676,,,lidocaine_cid3676.png,high,high,0.9029584720978344,exact,Lidocaine,Lidocaine,1.0,17,17,exact,exact,Lidocaine,False,False,False,False,1.0,True,True,0,1,,,,CCN(CC)CC(=O)Nc1c(C)cccc1C
linagliptin_cid10096344,,,linagliptin_cid10096344.png,high,high,0.8597230791533002,exact,Linagliptin,Linagliptin,1.0,35,35,exact,exact,Linagliptin,False,False,False,False,1.0,True,True,0,1,,,,CC#CCn1c(N2CCC[C@@H](N)C2)nc2c1c(=O)n(Cc1nc(C)c3ccccc3n1)c(=O)n2C
linalool_cid6549,,,linalool_cid6549.png,high,high,0.8974283167121297,wrong,,Linalool,0.419,11,11,wrong,wrong,,False,False,False,False,0.419,False,False,2,1,,,,C=CC(C)(O)C/C=C/C(=C)C
linoleic_acid_cid5280450,,,linoleic_acid_cid5280450.png,high,high,0.919290854325539,exact,Linoleic Acid,Linoleic Acid,1.0,20,20,exact,exact,Linoleic Acid,False,False,False,False,1.0,True,True,0,1,,,,CCCCC/C=C\C/C=C\CCCCCCCC(=O)O
liothyronine_cid5920,,,liothyronine_cid5920.png,high,high,0.8977670265081242,exact,Liothyronine,Liothyronine,1.0,23,23,exact,exact,Liothyronine,False,False,False,False,1.0,True,True,0,1,,,,N[C@@H](Cc1cc(I)c(Oc2ccc(O)c(I)c2)c(I)c1)C(=O)O
lipoic_acid_cid6112,,,lipoic_acid_cid6112.png,high,high,0.8825684841943133,exact,Lipoic acid,Lipoic acid,1.0,12,12,exact,exact,Lipoic acid,False,False,False,False,1.0,True,True,0,1,,,,O=C(O)CCCC[C@@H]1CCSS1
lithium_carbonate_cid11125,,,lithium_carbonate_cid11125.png,low,low,0.8188805472595314,wrong,,Lithium Carbonate,0.6,6,6,wrong,wrong,,False,False,False,False,0.6,False,False,5,3,,[Li+],,CC(=O)[O-].[Li+].[Li+]
lithium_citrate_cid13520,,,lithium_citrate_cid13520.png,high,high,0.9063542820054994,exact,Lithium Citrate,Lithium Citrate,1.0,16,16,exact,exact,Lithium Citrate,False,False,False,False,1.0,True,True,0,4,,[Li+].[Li+],,O=C([O-])CC(O)(CC(=O)[O-])C(=O)[O-].[Li+].[Li+].[Li+]
loperamide_cid3955,,,loperamide_cid3955.png,high,high,0.9165299032255068,exact,Loperamide,Loperamide,1.0,34,34,exact,exact,Loperamide,False,False,False,False,1.0,True,True,0,1,,,,CN(C)C(=O)C(CCN1CCC(O)(c2ccc(Cl)cc2)CC1)(c1ccccc1)c1ccccc1
lopinavir_cid92727,,,lopinavir_cid92727.png,high,high,0.9048491753657468,exact,Lopinavir,Lopinavir,1.0,46,46,exact,exact,Lopinavir,False,False,False,False,1.0,True,True,0,1,,,,Cc1cccc(C)c1OCC(=O)N[C@@H](Cc1ccccc1)[C@@H](O)C[C@H](Cc1ccccc1)NC(=O)[C@H](C(C)C)N1CCCNC1=O
loratadine_cid3957,,,loratadine_cid3957.png,high,high,0.9069278528482312,exact,Loratadine,Loratadine,1.0,27,27,exact,exact,Loratadine,False,False,False,False,1.0,True,True,0,1,,,,CCOC(=O)N1CCC(=C2c3ccc(Cl)cc3CCc3cccnc32)CC1
lorazepam_cid3958,,,lorazepam_cid3958.png,high,high,0.9153910438735011,exact,Lorazepam,Lorazepam,1.0,21,21,exact,exact,Lorazepam,False,False,False,False,1.0,True,True,0,1,,,,O=C1Nc2ccc(Cl)cc2C(c2ccccc2Cl)=NC1O
lorlatinib_cid71731823,,,lorlatinib_cid71731823.png,high,high,0.8937238092443961,exact,Lorlatinib,Lorlatinib,1.0,30,30,exact,exact,Lorlatinib,False,False,False,False,1.0,True,True,0,1,,,,C[C@H]1Oc2cc(cnc2N)-c2c(nn(C)c2C#N)CN(C)C(=O)c2ccc(F)cc21
losartan_cid3961,,,losartan_cid3961.png,high,high,0.9151737240955125,exact,Losartan,Losartan,1.0,30,30,exact,exact,Losartan,False,False,False,False,1.0,True,True,0,1,,,,CCCCc1nc(Cl)c(CO)n1Cc1ccc(-c2ccccc2-c2nn[nH]n2)cc1
lovastatin_cid53232,,,lovastatin_cid53232.png,high,high,0.899124197665101,exact,Lovastatin,Lovastatin,1.0,29,29,exact,exact,Lovastatin,False,False,False,False,1.0,True,True,0,1,,,,[H][C@@]12C(=C[C@H](C)C[C@@H]1OC(=O)[C@@H](C)CC)C=C[C@H](C)[C@@H]2CC[C@@H]1C[C@@H](O)CC(=O)O1
loxapine_cid3964,,,loxapine_cid3964.png,high,high,0.9101999850493405,exact,Loxapine,Loxapine,1.0,23,23,exact,exact,Loxapine,False,False,False,False,1.0,True,True,0,1,,,,CN1CCN(C2=Nc3ccccc3Oc3ccc(Cl)cc32)CC1
lurbinectedin_cid57327016,,,lurbinectedin_cid57327016.png,low,low,1.036091536586771e-20,invalid,,,,,,invalid,invalid,,False,False,False,False,,False,,,,,,,[H]C1C2=C(OC(C)=O)C(C)=C3OCOC3=C2C2([H])COC345=CN367=C389%10=C%11%12C%13=C(C=C(C)C(OC)=C%13O)C%13%14C%15%16%17C%18%19%20N%21(C)=C4%22%23N%11%154C3%11%15C3%24C%18%25%26=C%18%27%28=C36(=C%253=C(C=CC(OC)=C3)N%18)N=C=5=87C(O)N2C19235[H]C%13%12%16%22%274216789%18%25N24%12%13%16%22C31%27%29%30%31=C61C=%273C6C%19%27%32=C=2%297%19%33%34%35=NC27(=C%27C=C(OC)C=C2)C=%194C=%12%32%338(=C=%341%30%139(=O)N7%16%35)C6%24%143%21%20%11%17%23%28%10%31%22%18124C%26C1N%15%252C54
lycopene_cid446925,,,lycopene_cid446925.png,high,high,0.869233584426776,wrong,,Lycopene,0.35,40,40,wrong,wrong,,False,False,False,False,0.35,False,False,18,1,,,,CC(C)=CCC/C(C)=C/CC/C(C)=C/CC/C(C)=C/CCCC(C)CCCC(C)CCCC(C)CCCC(C)C
magnesium_stearate_cid11177,,,magnesium_stearate_cid11177.png,low,low,0.3053118313383445,invalid,,,,,,invalid,invalid,,False,False,False,False,,False,,,,,,,CCCCCCCCCCCCCCCCCC(=O)O[12CH]OC(=O)(=O)CCCCCCCCCCCCCCCCC
malachite_green_cid11294,,,malachite_green_cid11294.png,high,high,0.9204548600818196,exact,Malachite Green,Malachite Green,1.0,26,26,exact,exact,Malachite Green,False,False,False,False,1.0,True,True,0,2,,,,CN(C)c1ccc(C(=C2C=CC(=[N+](C)C)C=C2)c2ccccc2)cc1.[Cl-]
malathion_cid4004,,,malathion_cid4004.png,low,low,0.8426441208512238,stereo,Malathion,Malathion,1.0,19,19,stereo,stereo,Malathion,False,False,False,False,1.0,True,True,0,1,,,,CCOC(=O)C[C@@H](SP(=S)(OC)OC)C(=O)OCC
manganese_iii_acetylacetonate_cid12567224,,,manganese_iii_acetylacetonate_cid12567224.png,high,high,0.9057445515635957,wrong,,Manganese(III) acetylacetonate,0.875,22,22,near,near,,False,False,False,False,0.875,False,False,0,4,,CC(=O)/C=C(/C)[O-].CC(=O)/C=C(/C)[O-],,CC(=O)/C=C(/C)[O-].CC(=O)/C=C(/C)[O-].CC(=O)/C=C(/C)[O-].[Mn+2] |^1:21|
maprotiline_cid4011,,,maprotiline_cid4011.png,low,low,0.3887005108571415,invalid,,,,,,invalid,invalid,,False,False,False,False,,False,,,,,,,CNCCCC1234CC1(CCC2C1=C3C=CC=C1)C1=C4C=CC=C1
maytansine_cid5281828,,,maytansine_cid5281828.png,low,low,0.5927666993847983,exact,Maytansine,Maytansine,1.0,48,48,exact,exact,Maytansine,False,False,False,False,1.0,True,True,0,1,,,,[H][C@@]12O[C@@]1(C)[C@@H](OC(=O)[C@H](C)N(C)C(C)=O)CC(=O)N(C)c1cc(cc(OC)c1Cl)C/C(C)=C/C=C/[C@@H](OC)[C@@]1(O)C[C@]([H])(OC(=O)N1)[C@H]2C
meclizine_cid4034,,,meclizine_cid4034.png,high,high,0.9159785369796833,exact,Meclizine,Meclizine,1.0,28,28,exact,exact,Meclizine,False,False,False,False,1.0,True,True,0,1,,,,Cc1cccc(CN2CCN(C(c3ccccc3)c3ccc(Cl)cc3)CC2)c1
medroxyprogesterone_cid10631,,,medroxyprogesterone_cid10631.png,low,low,0.7405717836075251,wrong,,Medroxyprogesterone,0.469,25,25,wrong,wrong,,False,False,False,False,0.469,False,False,4,1,,,,*[C@]12CC[C@@]3(C)[C@@]([H])(CC[C@]3(O)C(C)=O)[C@]1(*)C[C@H](C)C1=CC(=O)CC[C@@]12C |$CN;;;;;;;;;;;;;;;;CN;;;;;;;;;;;$|
mefenamic_acid_cid4044,,,mefenamic_acid_cid4044.png,high,high,0.9172436000954318,exact,Mefenamic Acid,Mefenamic Acid,1.0,18,18,exact,exact,Mefenamic Acid,False,False,False,False,1.0,True,True,0,1,,,,Cc1cccc(Nc2ccccc2C(=O)O)c1C
megestrol_cid19090,,,megestrol_cid19090.png,low,low,0.8095973041964698,invalid,,,,,,invalid,invalid,,False,False,False,False,,False,,,,,,,[H]C12CCC(O)(C(C)=O)C1(C)CCC1(NCl)C3(C)CCC(=O)C=C3C3(C)=CC21C=3
melamine_cid7955,,,melamine_cid7955.png,high,high,0.8974970171154816,exact,Melamine,Melamine,1.0,9,9,exact,exact,Melamine,False,False,False,False,1.0,True,True,0,1,,,,Nc1nc(N)nc(N)n1
melatonin_cid896,,,melatonin_cid896.png,high,high,0.9127716672267628,exact,Melatonin,Melatonin,1.0,17,17,exact,exact,Melatonin,False,False,False,False,1.0,True,True,0,1,,,,COc1ccc2[nH]cc(CCNC(C)=O)c2c1
memantine_cid4054,,,memantine_cid4054.png,high,high,0.8768426523767021,exact,Memantine,Memantine,1.0,13,13,exact,exact,Memantine,False,False,False,False,1.0,True,True,0,1,,,,CC12CC3CC(C)(C1)CC(N)(C3)C2
menthol_cid1254,,,menthol_cid1254.png,high,high,0.9159482856770349,exact,Menthol,Menthol,1.0,11,11,exact,exact,Menthol,False,False,False,False,1.0,True,True,0,1,,,,CC1CCC(C(C)C)C(O)C1
meperidine_cid4058,,,meperidine_cid4058.png,high,high,0.9113744746892917,exact,Meperidine,Meperidine,1.0,18,18,exact,exact,Meperidine,False,False,False,False,1.0,True,True,0,1,,,,CCOC(=O)C1(c2ccccc2)CCN(C)CC1
mepivacaine_cid4062,,,mepivacaine_cid4062.png,high,high,0.9207370228757161,exact,Mepivacaine,Mepivacaine,1.0,18,18,exact,exact,Mepivacaine,False,False,False,False,1.0,True,True,0,1,,,,Cc1cccc(C)c1NC(=O)C1CCCCN1C
metformin_cid4091,,,metformin_cid4091.png,high,high,0.9084047464734243,wrong,,Metformin,0.682,9,9,charge,charge,Metformin,False,False,False,False,0.682,True,True,0,1,,,,[H]/N=C(/N=C(N)N)N(C)C
methadone_cid4095,,,methadone_cid4095.png,high,high,0.9005925699540229,exact,Methadone,Methadone,1.0,23,23,exact,exact,Methadone,False,False,False,False,1.0,True,True,0,1,,,,CCC(=O)C(CC(C)N(C)C)(c1ccccc1)c1ccccc1
methanol_d4_cid71568,,,methanol_d4_cid71568.png,low,low,0.8006575635563737,exact,Methanol-D4,Methanol-D4,1.0,2,2,exact,exact,Methanol-D4,False,False,False,False,1.0,True,True,0,1,,,,[2H]OC([2H])([2H])[2H]
methocarbamol_cid4107,,,methocarbamol_cid4107.png,high,high,0.9229742007493804,exact,Methocarbamol,Methocarbamol,1.0,17,17,exact,exact,Methocarbamol,False,False,False,False,1.0,True,True,0,1,,,,COc1ccccc1OCC(O)COC(N)=O
methylene_blue_cid6099,,,methylene_blue_cid6099.png,high,high,0.9079737758240747,exact,Methylene Blue,Methylene Blue,1.0,21,21,exact,exact,Methylene Blue,False,False,False,False,1.0,True,True,0,2,,,,CN(C)c1ccc2nc3ccc(=[N+](C)C)cc-3sc2c1.[Cl-]
methylphenidate_cid4158,,,methylphenidate_cid4158.png,high,high,0.9189621118010838,exact,Methylphenidate,Methylphenidate,1.0,17,17,exact,exact,Methylphenidate,False,False,False,False,1.0,True,True,0,1,,,,COC(=O)C(c1ccccc1)C1CCCCN1
methylprednisolone_cid6741,,,methylprednisolone_cid6741.png,low,low,0.4361223578688188,wrong,,Methylprednisolone,0.461,31,27,wrong,wrong,,False,False,False,False,0.461,False,False,4,1,,,,[H][C@@]12CC[C@](O)(C(=O)CO)[C@@]1(C)C[C@@H](O)[C@@]1(NI)[C@@]2(NI)C[C@H](C)C2=CC(=O)C=C[C@@]21C
metoprolol_cid4171,,,metoprolol_cid4171.png,high,high,0.9098452982296434,exact,Metoprolol,Metoprolol,1.0,19,19,exact,exact,Metoprolol,False,False,False,False,1.0,True,True,0,1,,,,COCCc1ccc(OCC(O)CNC(C)C)cc1
metoprolol_succinate_cid62937,,,metoprolol_succinate_cid62937.png,low,low,0.0002248542888618458,stereo,Metoprolol Succinate,Metoprolol Succinate,1.0,46,46,stereo,stereo,Metoprolol Succinate,False,False,False,False,1.0,True,True,0,3,,,,COCCc1ccc(OC[C@@H](O)CNC(C)C)cc1.COCCc1ccc(OC[C@H](O)CNC(C)C)cc1.O=C(O)CCC(=O)O
metronidazole_cid4173,,,metronidazole_cid4173.png,high,high,0.9053114432054148,exact,Metronidazole,Metronidazole,1.0,12,12,exact,exact,Metronidazole,False,False,False,False,1.0,True,True,0,1,,,,Cc1ncc([N+](=O)[O-])n1CCO
midostaurin_cid9829523,,,midostaurin_cid9829523.png,low,low,0.0006121594761458373,invalid,,,,,,invalid,invalid,,False,False,False,False,,False,,,,,,,CCN12C34=C567NC8=C9%10(C=CC=C8)C58%11%12=C5%13%14=C96%15%16=C869C58(=O)NCC6%135%17(=C36C3%13%18=C45C=3645=C13C1=C6=C3(=CC(=C%13)=C4=C6)C=512%18)CNC(=O)C=%11=%158%17=C%1079%14%12%16
minoxidil_cid4201,,,minoxidil_cid4201.png,high,high,0.9132455567693011,wrong,,Minoxidil,0.8,15,15,charge,charge,Minoxidil,False,False,False,False,0.8,True,True,0,1,,,,[H]/N=c1\nc(N2CCCCC2)cc(N)n1O
mirtazapine_cid4205,,,mirtazapine_cid4205.png,high,high,0.909772450436593,exact,Mirtazapine,Mirtazapine,1.0,20,20,exact,exact,Mirtazapine,False,False,False,False,1.0,True,True,0,1,,,,CN1CCN2c3ncccc3Cc3ccccc3C2C1
mithramycin_cid163659,,,mithramycin_cid163659.png,low,low,2.613051546777474e-11,stereo,Mithramycin,Mithramycin,1.0,76,76,stereo,stereo,Mithramycin,False,False,False,False,1.0,True,True,0,1,,,,CO[C@@H](C(=O)C(O)[C@@H](C)O)[C@@H]1Cc2cc3cc(O[C@H]4C[C@H](O[C@H]5CC(O)C(O)[C@@H](C)O5)[C@H](O)[C@@H](C)O4)c(C)c(O)c3c(O)c2C(=O)[C@H]1OC1C[C@H](OC2C[C@H](OC3C[C@@](C)(O)C(O)[C@@H](C)O3)[C@@H](O)[C@@H](C)O2)[C@H](O)[C@H](C)O1
mitomycin_c_cid5746,,,mitomycin_c_cid5746.png,high,high,0.8715970069960219,stereo,Mitomycin C,Mitomycin C,1.0,24,24,stereo,stereo,Mitomycin C,False,False,False,False,1.0,True,True,0,1,,,,[H][C@]12N[C@@]1([H])CN1C3=C(C(=O)C(N)=C(C)C3=O)[C@@H](COC(N)=O)[C@@]12OC
mk_1775_cid24856436,,,mk_1775_cid24856436.png,high,high,0.9170791896584083,exact,MK 1775,MK 1775,1.0,37,37,exact,exact,MK 1775,False,False,False,False,1.0,True,True,0,1,,,,C=CCn1c(=O)c2cnc(Nc3ccc(N4CCN(C)CC4)cc3)nc2n1-c1cccc(C(C)(C)O)n1
mobocertinib_cid118607832,,,mobocertinib_cid118607832.png,high,high,0.9105090974426484,exact,Mobocertinib,Mobocertinib,1.0,43,43,exact,exact,Mobocertinib,False,False,False,False,1.0,True,True,0,1,,,,C=CC(=O)Nc1cc(Nc2ncc(C(=O)OC(C)C)c(-c3cn(C)c4ccccc34)n2)c(OC)cc1N(C)CCN(C)C
montelukast_cid5281040,,,montelukast_cid5281040.png,low,low,0.4868510480182365,wrong,,Montelukast,0.846,41,41,wrong,wrong,,False,False,False,False,0.846,False,False,2,1,,,,CC(C)(O)c1ccccc1CC[C@@H](SCC1(CC(=O)O)CC1)c1cccc(/C=C/c2ccc3cc[c]([Cf])cc3n2)c1
n_21_ethyl_20_2_1_methoxyethyl_5_4_methylpiperazin_1_yl_3_py_cid164885345,,,n_21_ethyl_20_2_1_methoxyethyl_5_4_methylpiperazin_1_yl_3_py_cid164885345.png,low,low,0.135507076837852,wrong,,"N-[21-ethyl-20-[2-(1-methoxyethyl)-5-(4-methylpiperazin-1-yl)-3-pyridinyl]-17,17-dimethyl-8,14-dioxo-15-oxa-4-thia-9,21,27,28-tetrazapentacyclo[17.5.2.12,5.19,13.022,26]octacosa-1(25),2,5(28),19,22(26),23-hexaen-7-yl]-2-methylcyclopropane-1-carboxamide",0.398,67,58,wrong,wrong,,False,False,False,False,0.398,False,False,24,1,,,,CCC(C(=O)NC)C1=C(c2ccc3c(c2)c(CC(C)(C)COC(=O)[C@@H]2CCCN(C(=O)[CH]NC(=O)[C@H]4CC4C)N2)c(-c2cc(N4CCN(C)CC4)cnc2C(C)OC)n3CC)N=C(CN)[SH]1C |^1:31|
nadolol_cid39147,,,nadolol_cid39147.png,high,high,0.9052099881024545,exact,Nadolol,Nadolol,1.0,22,22,exact,exact,Nadolol,False,False,False,False,1.0,True,True,0,1,,,,CC(C)(C)NCC(O)COc1cccc2c1C[C@H](O)[C@H](O)C2
nafcillin_cid8982,,,nafcillin_cid8982.png,high,high,0.8855148210888288,exact,Nafcillin,Nafcillin,1.0,29,29,exact,exact,Nafcillin,False,False,False,False,1.0,True,True,0,1,,,,[H][C@]12SC(C)(C)[C@H](C(=O)O)N1C(=O)[C@H]2NC(=O)c1c(OCC)ccc2ccccc12
nandrolone_cid9904,,,nandrolone_cid9904.png,low,low,0.5178096410441906,wrong,,Nandrolone,0.4,23,20,wrong,wrong,,False,False,False,False,0.4,False,False,3,1,,,,[H][C@@]12CC[C@@H](O)[C@@]1(C)CC[C@@]1(NCl)[C@@]2(O)CCC2=CC(=O)CC[C@@]21[H]
naphthalene_cid931,,,naphthalene_cid931.png,high,high,0.8876872721657283,exact,Naphthalene,Naphthalene,1.0,10,10,exact,exact,Naphthalene,False,False,False,False,1.0,True,True,0,1,,,,c1ccc2ccccc2c1
naratriptan_cid4440,,,naratriptan_cid4440.png,high,high,0.9167772362382197,exact,Naratriptan,Naratriptan,1.0,23,23,exact,exact,Naratriptan,False,False,False,False,1.0,True,True,0,1,,,,CNS(=O)(=O)CCc1ccc2[nH]cc(C3CCN(C)CC3)c2c1
nefazodone_cid4449,,,nefazodone_cid4449.png,high,high,0.8992359241740439,wrong,,Nefazodone,0.825,33,33,wrong,wrong,,False,False,False,False,0.825,False,False,2,1,,,,CCc1nn(CCCN2CCN(c3ccc[c]([Cm])c3)CC2)c(=O)n1CCOc1ccccc1
nevirapine_cid4463,,,nevirapine_cid4463.png,high,high,0.9061928254479886,exact,Nevirapine,Nevirapine,1.0,20,20,exact,exact,Nevirapine,False,False,False,False,1.0,True,True,0,1,,,,Cc1ccnc2c1NC(=O)c1cccnc1N2C1CC1
nicardipine_cid4474,,,nicardipine_cid4474.png,high,high,0.9197832410741253,exact,Nicardipine,Nicardipine,1.0,35,35,exact,exact,Nicardipine,False,False,False,False,1.0,True,True,0,1,,,,COC(=O)C1=C(C)NC(C)=C(C(=O)OCCN(C)Cc2ccccc2)C1c1cccc([N+](=O)[O-])c1
nickelocene_cid62390,,,nickelocene_cid62390.png,high,high,0.9084954810318377,exact,Nickelocene,Nickelocene,1.0,11,11,exact,exact,Nickelocene,False,False,False,False,1.0,True,True,0,3,,c1cc[cH-]c1,,[Ni+2].c1cc[cH-]c1.c1cc[cH-]c1
nicotine_cid89594,,,nicotine_cid89594.png,high,high,0.9243995843993115,exact,Nicotine,Nicotine,1.0,12,12,exact,exact,Nicotine,False,False,False,False,1.0,True,True,0,1,,,,CN1CCC[C@H]1c1cccnc1
nicotinic_acid_cid938,,,nicotinic_acid_cid938.png,high,high,0.9060694059257093,exact,Nicotinic Acid,Nicotinic Acid,1.0,9,9,exact,exact,Nicotinic Acid,False,False,False,False,1.0,True,True,0,1,,,,O=C(O)c1cccnc1
nifedipine_cid4485,,,nifedipine_cid4485.png,high,high,0.9167154999237198,exact,Nifedipine,Nifedipine,1.0,25,25,exact,exact,Nifedipine,False,False,False,False,1.0,True,True,0,1,,,,COC(=O)C1=C(C)NC(C)=C(C(=O)OC)C1c1ccccc1[N+](=O)[O-]
nilotinib_cid644241,,,nilotinib_cid644241.png,high,high,0.9100626855653042,exact,Nilotinib,Nilotinib,1.0,39,39,exact,exact,Nilotinib,False,False,False,False,1.0,True,True,0,1,,,,Cc1cn(-c2cc(NC(=O)c3ccc(C)c(Nc4nccc(-c5cccnc5)n4)c3)cc(C(F)(F)F)c2)cn1
nirmatrelvir_cid155903259,,,nirmatrelvir_cid155903259.png,high,high,0.8665513005369081,exact,Nirmatrelvir,Nirmatrelvir,1.0,35,35,exact,exact,Nirmatrelvir,False,False,False,False,1.0,True,True,0,1,,,,[H][C@@]12[C@@H](C(=O)N[C@H](C#N)C[C@@H]3CCNC3=O)N(C(=O)[C@@H](NC(=O)C(F)(F)F)C(C)(C)C)C[C@]1([H])C2(C)C
nitazoxanide_cid41684,,,nitazoxanide_cid41684.png,high,high,0.922464101911545,exact,Nitazoxanide,Nitazoxanide,1.0,21,21,exact,exact,Nitazoxanide,False,False,False,False,1.0,True,True,0,1,,,,CC(=O)Oc1ccccc1C(=O)Nc1ncc([N+](=O)[O-])s1
nitric_acid_cid944,,,nitric_acid_cid944.png,low,low,0.4388102041139983,wrong,,Nitric Acid,0.067,8,4,wrong,wrong,,False,False,False,False,0.067,False,False,19,4,,O,,CC.C[NH+](O)O.O.O
nitrofurantoin_cid6604200,,,nitrofurantoin_cid6604200.png,high,high,0.9087063503065,exact,Nitrofurantoin,Nitrofurantoin,1.0,17,17,exact,exact,Nitrofurantoin,False,False,False,False,1.0,True,True,0,1,,,,O=C1CN(/N=C/c2ccc([N+](=O)[O-])o2)C(=O)N1
nitroglycerin_cid4510,,,nitroglycerin_cid4510.png,high,high,0.9211307585087629,exact,Nitroglycerin,Nitroglycerin,1.0,15,15,exact,exact,Nitroglycerin,False,False,False,False,1.0,True,True,0,1,,,,O=[N+]([O-])OCC(CO[N+](=O)[O-])O[N+](=O)[O-]
nonactin_cid72519,,,nonactin_cid72519.png,low,low,4.687590290647702e-05,stereo,Nonactin,Nonactin,1.0,52,52,stereo,stereo,Nonactin,False,False,False,False,1.0,True,True,0,1,,,,[H][C@]12CC[C@@]([H])(O1)[C@H](C)C(=O)OC(C)C[C@]1([H])CC[C@@]([H])(O1)[C@@H](C)C(=O)O[C@H](C)C[C@@]1([H])CC[C@]([H])(O1)[C@H](C)C(=O)O[C@@H](C)C[C@@]1([H])CC[C@@]([H])(O1)[C@@H](C)C(=O)O[C@H](C)C2
norepinephrine_cid439260,,,norepinephrine_cid439260.png,high,high,0.9033929815122836,exact,Norepinephrine,Norepinephrine,1.0,12,12,exact,exact,Norepinephrine,False,False,False,False,1.0,True,True,0,1,,,,NC[C@H](O)c1ccc(O)c(O)c1
norethindrone_cid6230,,,norethindrone_cid6230.png,low,low,0.4158199883506396,wrong,,Norethindrone,0.475,22,22,wrong,wrong,,False,False,False,False,0.475,False,False,4,1,,,,*[C@]12CC[C@@]3(C)[C@@]([H])(CC[C@@]3(O)C#C)[C@]1(*)CCC1=CC(=O)CC[C@@]12[H] |$Dl;;;;;;;;;;;;;;;DlI;;;;;;;;;;$|
nortriptyline_cid4543,,,nortriptyline_cid4543.png,high,high,0.8942995164003356,exact,Nortriptyline,Nortriptyline,1.0,20,20,exact,exact,Nortriptyline,False,False,False,False,1.0,True,True,0,1,,,,CNCCC=C1c2ccccc2CCc2ccccc21
nystatin_usp_inn_ban_jan_cid6433272,,,nystatin_usp_inn_ban_jan_cid6433272.png,low,low,3.504576267688124e-11,invalid,,,,,,invalid,invalid,,False,False,False,False,,False,,,,,,,[CH]C1C(O)C2C(=O)O3[CH]4(C)[CH]56(C)[CH]37(C)OC(=O)C[CH]2(O)C[CH]1(O)CC(O)CCC(O)C(O)CC(O)O[CH]C1C2OC3OC(C)[CH](O)(C(C)O[CH]O[CH]18C=CC=CC=CC=CCCC=CC=C[CH]1(C)[CH]59(O)[CH](C)(C=CC=CCCC=CC=CC=CC=C28)[CH]16(O)[CH]479C)C(N)C3O
octreotide_cid448601,,,octreotide_cid448601.png,low,low,2.627131148427767e-10,invalid,,,,,,invalid,invalid,,False,False,False,False,,False,,,,,,,CC(O)[CH]NC1=O=C2N[CH]CN[CH]CSSC[CH]345NC6(=O)=O=C(N[CH]78C39%10%11=O3=C74%12%13=O=9=C=3854N%12[CH]35789C%12%14%15C%16%17%18=C%19%20=C%12%21%22%23%24%25%26%27%28C3%12%29C3%30%31%32%33C%21%34=C%21%35C%36%37=C%38%39C=3=%22%40=C=%23%14%123%22(C%305%24%12C(N%10)C5=O=C7(=O)(NC(CC7=CNC%10=C7C=CC=C%10)C7NC2C(CCCN)C1NCC7N5)[CH]%15%29%12(N%11%1348)C%16%3193%25)C=%21%32%261=C23=C%17%27=C=%34=1%36C=%382%351=C=%37%19%402=C3=C%201C=%18=%33=%22=%28%392)C(N)CC1=C(=C2(=CC=CC=C2)CC6N)C=CC=C1
okadaic_acid_cid446512,,,okadaic_acid_cid446512.png,low,low,8.612422211347005e-11,invalid,,,,,,invalid,invalid,,False,False,False,False,,False,,,,,,,CC(C=CC1CCC2(CCC3(C)OC(C(O)CC(C)C4OC5(CCCCO5)CCC4C)C(C)C(O)C3(C)O2)O1)C1OC2(C(O)CC[CH]CC(C)(O)C(=O)O)C=C3(C)C2=CC13
oleic_acid_cid445639,,,oleic_acid_cid445639.png,high,high,0.9197816746858252,exact,Oleic Acid,Oleic Acid,1.0,20,20,exact,exact,Oleic Acid,False,False,False,False,1.0,True,True,0,1,,,,CCCCCCCC/C=C\CCCCCCCC(=O)O
olmesartan_cid158781,,,olmesartan_cid158781.png,high,high,0.911294200371793,exact,Olmesartan,Olmesartan,1.0,33,33,exact,exact,Olmesartan,False,False,False,False,1.0,True,True,0,1,,,,CCCc1nc(C(C)(C)O)c(C(=O)O)n1Cc1ccc(-c2ccccc2-c2nn[nH]n2)cc1
omeprazole_cid4594,,,omeprazole_cid4594.png,low,low,0.6329195700187011,wrong,,Omeprazole,0.778,24,24,wrong,wrong,,False,False,False,False,0.778,False,False,1,1,,,,COc1ccc2nc([S](O)Cc3ncc(C)c(OC)c3C)[nH]c2c1 |^1:8|
ondansetron_cid4595,,,ondansetron_cid4595.png,high,high,0.9176533191953327,exact,Ondansetron,Ondansetron,1.0,22,22,exact,exact,Ondansetron,False,False,False,False,1.0,True,True,0,1,,,,Cc1nccn1CC1CCc2c(c3ccccc3n2C)C1=O
oritavancin_cid16136912,,,oritavancin_cid16136912.png,low,low,3.446817259485328e-24,invalid,,,,,,invalid,invalid,,False,False,False,False,,False,,,,,,,[H]C(O)C([H])NC(=O)C1(C(C)(C)C2=CO2C=CC2=CCOC3=C(O)C=CC45OC6CC(C)C78(O)C(C)O69[CH]6(CC7(C)(N)C(O)[CH]98(C)O6)OC67(C(=O)N8C(=O)C9=C%10(=C%11%12=C%13%14%15C%16%17=C(O)C(O)=C=%16%13[CH]86%14C%17%11=C%10%156C8%10=OC=8%126O%10)C(O)=CC=C9C(NC(=O)C2N)C26=O=C78=O=2=C368)C4C5O)C2C3456=O=C2(=O=3)(N4)(N5)C16
orphenadrine_cid4601,,,orphenadrine_cid4601.png,high,high,0.9216177321653731,exact,Orphenadrine,Orphenadrine,1.0,20,20,exact,exact,Orphenadrine,False,False,False,False,1.0,True,True,0,1,,,,Cc1ccccc1C(OCCN(C)C)c1ccccc1
osimertinib_cid71496458,,,osimertinib_cid71496458.png,high,high,0.8898718061724201,exact,Osimertinib,Osimertinib,1.0,37,37,exact,exact,Osimertinib,False,False,False,False,1.0,True,True,0,1,,,,C=CC(=O)Nc1cc(Nc2nccc(-c3cn(C)c4ccccc34)n2)c(OC)cc1N(C)CCN(C)C
osimertinib_mesylate_cid78357807,,,osimertinib_mesylate_cid78357807.png,high,high,0.8977214004092736,exact,Osimertinib Mesylate,Osimertinib Mesylate,1.0,42,42,exact,exact,Osimertinib Mesylate,False,False,False,False,1.0,True,True,0,2,,,,C=CC(=O)Nc1cc(Nc2nccc(-c3cn(C)c4ccccc34)n2)c(OC)cc1N(C)CCN(C)C.CS(=O)(=O)O
oxalic_acid_cid971,,,oxalic_acid_cid971.png,low,low,0.4864946844795693,wrong,,Oxalic Acid,0.05,9,6,wrong,wrong,,False,False,False,False,0.05,False,False,21,1,,,,CCCC(O)C(O)CC
oxandrolone_cid5878,,,oxandrolone_cid5878.png,low,low,0.7283680198503584,wrong,,Oxandrolone,0.446,23,22,wrong,wrong,,False,False,False,False,0.446,False,False,3,1,,,,*[C@]12CC[C@@]3(C)[C@@]([H])(CC[C@]3(C)O)[C@]1(O)CC[C@@]1([H])CC(=O)OC[C@@]12C |$DI;;;;;;;;;;;;;;;;;;;;;;;;;$|
oxaprozin_cid4614,,,oxaprozin_cid4614.png,high,high,0.9180485069680457,exact,Oxaprozin,Oxaprozin,1.0,22,22,exact,exact,Oxaprozin,False,False,False,False,1.0,True,True,0,1,,,,O=C(O)CCc1nc(-c2ccccc2)c(-c2ccccc2)o1
oxcarbazepine_cid34312,,,oxcarbazepine_cid34312.png,high,high,0.9165683838084004,exact,Oxcarbazepine,Oxcarbazepine,1.0,19,19,exact,exact,Oxcarbazepine,False,False,False,False,1.0,True,True,0,1,,,,NC(=O)N1c2ccccc2CC(=O)c2ccccc21
oxytocin_cid439302,,,oxytocin_cid439302.png,low,low,4.743531892041355e-15,invalid,,,,,,invalid,invalid,,False,False,False,False,,False,,,,,,,CC[CH]12CNC(CC3=CC=C(O)C=C3)C3(=O)N[CH]14C1(=O)NC(CCC(N)=O)C(=O)N[CH]5(CC(N)=O)N6C(=O)C(CCC(N)=O)NC(=O)[CH]12N34C(=O)C(CC1=CC=C(O)C=C1)NC(=O)C(N)CSSC[CH]123NC5(=O)N1(C(=O)C6CC(N)=O)C1C24=O=C13(=O)N41CCCC1C(=O)NC(CC(C)C)C(=O)NCC(N)=O
ozone_cid24823,,,ozone_cid24823.png,low,low,0.7705941814498395,invalid,,,,,,invalid,invalid,,False,False,False,False,,False,,,,,,,CC.O.[O-][OH-]
paclitaxel_cid36314,,,paclitaxel_cid36314.png,low,low,0.4812379020014175,stereo,Paclitaxel,Paclitaxel,1.0,62,62,stereo,stereo,Paclitaxel,False,False,False,False,1.0,True,True,0,1,,,,[H][C@]12[C@@H](OC(=O)c3ccccc3)[C@]3(O)C[C@@H](OC(=O)[C@@H](O)[C@@H](NC(=O)c4ccccc4)c4ccccc4)C(C)=C([C@@H](OC(C)=O)C(=O)[C@]1(C)[C@@H](O)C[C@@]1([H])OC[C@]21OC(C)=O)C3(C)C
palmitic_acid_cid985,,,palmitic_acid_cid985.png,high,high,0.8790474151409644,exact,Palmitic Acid,Palmitic Acid,1.0,18,18,exact,exact,Palmitic Acid,False,False,False,False,1.0,True,True,0,1,,,,CCCCCCCCCCCCCCCC(=O)O
pantoprazole_cid4679,,,pantoprazole_cid4679.png,low,low,0.5382671683205208,wrong,,Pantoprazole,0.797,26,26,wrong,wrong,,False,False,False,False,0.797,False,False,1,1,,,,COc1ccnc(C[S](O)c2nc3ccc(OC(F)F)cc3[nH]2)c1OC |^1:8|
pantothenic_acid_cid6613,,,pantothenic_acid_cid6613.png,high,high,0.9151375586634092,exact,Pantothenic Acid,Pantothenic Acid,1.0,15,15,exact,exact,Pantothenic Acid,False,False,False,False,1.0,True,True,0,1,,,,CC(C)(CO)[C@@H](O)C(=O)NCCC(=O)O
paraquat_cid15939,,,paraquat_cid15939.png,high,high,0.8648374347996278,wrong,,Paraquat,0.429,14,14,wrong,wrong,,False,False,False,False,0.429,False,False,2,1,,,,C[n+]1ccc(C2=CC=[S+](C)C=C2)cc1 |^1:8|
paroxetine_cid43815,,,paroxetine_cid43815.png,high,high,0.9193544995266305,exact,Paroxetine,Paroxetine,1.0,24,24,exact,exact,Paroxetine,False,False,False,False,1.0,True,True,0,1,,,,Fc1ccc([C@@H]2CCNC[C@H]2COc2ccc3c(c2)OCO3)cc1
patulin_cid4696,,,patulin_cid4696.png,high,high,0.9157370560794325,exact,Patulin,Patulin,1.0,11,11,exact,exact,Patulin,False,False,False,False,1.0,True,True,0,1,,,,O=C1C=C2C(=CCOC2O)O1
pazopanib_cid10113978,,,pazopanib_cid10113978.png,high,high,0.9160939896032991,exact,Pazopanib,Pazopanib,1.0,31,31,exact,exact,Pazopanib,False,False,False,False,1.0,True,True,0,1,,,,Cc1ccc(Nc2nccc(N(C)c3ccc4c(C)n(C)nc4c3)n2)cc1S(N)(=O)=O
penicillin_g_cid5904,,,penicillin_g_cid5904.png,high,high,0.8966314820986597,exact,Penicillin G,Penicillin G,1.0,23,23,exact,exact,Penicillin G,False,False,False,False,1.0,True,True,0,1,,,,[H][C@]12SC(C)(C)[C@H](C(=O)O)N1C(=O)[C@H]2NC(=O)Cc1ccccc1
pentacene_cid8671,,,pentacene_cid8671.png,high,high,0.8964928429912731,exact,Pentacene,Pentacene,1.0,22,22,exact,exact,Pentacene,False,False,False,False,1.0,True,True,0,1,,,,c1ccc2cc3cc4cc5ccccc5cc4cc3cc2c1
perfluorooctanesulfonic_acid_cid74483,,,perfluorooctanesulfonic_acid_cid74483.png,high,high,0.8733053661803231,exact,Perfluorooctanesulfonic acid,Perfluorooctanesulfonic acid,1.0,29,29,exact,exact,Perfluorooctanesulfonic acid,False,False,False,False,1.0,True,True,0,1,,,,O=S(=O)(O)C(F)(F)C(F)(F)C(F)(F)C(F)(F)C(F)(F)C(F)(F)C(F)(F)C(F)(F)F
perfluorooctanoic_acid_cid9554,,,perfluorooctanoic_acid_cid9554.png,low,low,0.8176894066981585,exact,Perfluorooctanoic acid,Perfluorooctanoic acid,1.0,25,25,exact,exact,Perfluorooctanoic acid,False,False,False,False,1.0,True,True,0,1,,,,O=C(O)C(F)(F)C(F)(F)C(F)(F)C(F)(F)C(F)(F)C(F)(F)C(F)(F)F
pergolide_cid47811,,,pergolide_cid47811.png,low,low,0.6982485659915256,wrong,,Pergolide,0.457,24,22,wrong,wrong,,False,False,False,False,0.457,False,False,4,1,,,,CCCN1C[C@H](CSC)C[C@]2(Cl)c3cccc4[nH]cc(c34)C[C@@]12Cl
permethrin_cid40326,,,permethrin_cid40326.png,high,high,0.9160272705626405,exact,Permethrin,Permethrin,1.0,26,26,exact,exact,Permethrin,False,False,False,False,1.0,True,True,0,1,,,,CC1(C)C(C=C(Cl)Cl)C1C(=O)OCc1cccc(Oc2ccccc2)c1
perylene_cid9142,,,perylene_cid9142.png,low,low,0.8297062538378254,exact,Perylene,Perylene,1.0,20,20,exact,exact,Perylene,False,False,False,False,1.0,True,True,0,1,,,,c1cc2cccc3c4cccc5cccc(c(c1)c23)c54
phenobarbital_cid4763,,,phenobarbital_cid4763.png,high,high,0.914983372858202,exact,Phenobarbital,Phenobarbital,1.0,17,17,exact,exact,Phenobarbital,False,False,False,False,1.0,True,True,0,1,,,,CCC1(c2ccccc2)C(=O)NC(=O)NC1=O
phenol_cid996,,,phenol_cid996.png,low,low,0.7100240331577864,wrong,,Phenol,0.333,9,7,wrong,wrong,,False,False,False,False,0.333,False,False,10,2,,,,C=C.Cc1ccccc1
phenylephrine_cid6041,,,phenylephrine_cid6041.png,high,high,0.9114507266920678,exact,Phenylephrine,Phenylephrine,1.0,12,12,exact,exact,Phenylephrine,False,False,False,False,1.0,True,True,0,1,,,,CNC[C@H](O)c1cccc(O)c1
phenytoin_cid1775,,,phenytoin_cid1775.png,high,high,0.9206611952049643,exact,Phenytoin,Phenytoin,1.0,19,19,exact,exact,Phenytoin,False,False,False,False,1.0,True,True,0,1,,,,O=C1NC(=O)C(c2ccccc2)(c2ccccc2)N1
phosphoric_acid_cid1004,,,phosphoric_acid_cid1004.png,low,low,0.7586966126176757,wrong,,Phosphoric Acid,0.083,6,5,wrong,wrong,,False,False,False,False,0.083,False,False,7,2,,,,C[PH](O)(O)O.O
phthalocyanine_cid86280045,,,phthalocyanine_cid86280045.png,low,low,0.6796164172757385,invalid,,,,,,invalid,invalid,,False,False,False,False,,False,,,,,,,C1=CC2=C3N=C4N=C(N=C5NC(=NC6N=C(N=C(=C2C=C1)N3)C1=C6C=CC=C1)C1=C5C=CC=C1)C1=C4C=CC=C1
pimozide_cid16362,,,pimozide_cid16362.png,high,high,0.9105285961270176,exact,Pimozide,Pimozide,1.0,34,34,exact,exact,Pimozide,False,False,False,False,1.0,True,True,0,1,,,,O=c1[nH]c2ccccc2n1C1CCN(CCCC(c2ccc(F)cc2)c2ccc(F)cc2)CC1
pioglitazone_cid4829,,,pioglitazone_cid4829.png,high,high,0.9217563794100251,exact,Pioglitazone,Pioglitazone,1.0,25,25,exact,exact,Pioglitazone,False,False,False,False,1.0,True,True,0,1,,,,CCc1ccc(CCOc2ccc(CC3SC(=O)NC3=O)cc2)nc1
piperacillin_cid43672,,,piperacillin_cid43672.png,high,high,0.8949023714420067,exact,Piperacillin,Piperacillin,1.0,36,36,exact,exact,Piperacillin,False,False,False,False,1.0,True,True,0,1,,,,[H][C@]12SC(C)(C)[C@H](C(=O)O)N1C(=O)[C@H]2NC(=O)[C@H](NC(=O)N1CCN(CC)C(=O)C1=O)c1ccccc1
platinum_ii_1_cyclobutanedicarboxylato_diammine_cis_cid426756,,,platinum_ii_1_cyclobutanedicarboxylato_diammine_cis_cid426756.png,high,high,0.8731257878354745,wrong,,"Platinum(II),1-cyclobutanedicarboxylato)diammine-, cis-",0.882,13,13,salt,salt,"Platinum(II),1-cyclobutanedicarboxylato)diammine-, cis-",False,False,False,False,0.882,False,False,2,4,,N,,N.N.O=C(O)C1(C(=O)O)CCC1.[Pt+2]
pomalidomide_cid134780,,,pomalidomide_cid134780.png,high,high,0.9181109295242389,exact,Pomalidomide,Pomalidomide,1.0,20,20,exact,exact,Pomalidomide,False,False,False,False,1.0,True,True,0,1,,,,Nc1cccc2c1C(=O)N(C1CCC(=O)NC1=O)C2=O
potassium_citrate_cid2735208,,,potassium_citrate_cid2735208.png,high,high,0.881267536244284,wrong,,Potassium Citrate,0.783,17,17,salt,salt,Potassium Citrate,False,False,False,False,0.783,False,False,1,5,,[K+],,O.O=C([O-])CC(O)(CC(=O)O)C(=O)[O-].[K+].[K+].[K] |^1:16|
potassium_trichloro_ethylene_platinate_ii_hydrate_cid71311337,,,potassium_trichloro_ethylene_platinate_ii_hydrate_cid71311337.png,high,high,0.8600233846860929,wrong,,Potassium trichloro(ethylene)platinate(II) hydrate,0.333,9,8,wrong,wrong,,False,False,False,False,0.333,False,False,3,4,,,,C=C.Cl[CH2][Pt]([Cl])[Cl].O.[K+]
pravastatin_cid54687,,,pravastatin_cid54687.png,high,high,0.8855885576081483,exact,Pravastatin,Pravastatin,1.0,30,30,exact,exact,Pravastatin,False,False,False,False,1.0,True,True,0,1,,,,[H][C@@]12C(=C[C@@H](O)C[C@@H]1OC(=O)[C@@H](C)CC)C=C[C@H](C)[C@@H]2CC[C@@H](O)C[C@@H](O)CC(=O)O
praziquantel_cid4891,,,praziquantel_cid4891.png,high,high,0.8936133653362706,exact,Praziquantel,Praziquantel,1.0,23,23,exact,exact,Praziquantel,False,False,False,False,1.0,True,True,0,1,,,,O=C(C1CCCCC1)N1CC(=O)N2CCc3ccccc3C2C1
prazosin_cid4893,,,prazosin_cid4893.png,high,high,0.9108689469194848,exact,Prazosin,Prazosin,1.0,28,28,exact,exact,Prazosin,False,False,False,False,1.0,True,True,0,1,,,,COc1cc2nc(N3CCN(C(=O)c4ccco4)CC3)nc(N)c2cc1OC
prednisolone_cid5755,,,prednisolone_cid5755.png,low,low,0.3927960228969566,invalid,,,,,,invalid,invalid,,False,False,False,False,,False,,,,,,,[H]C12CCC(O)(C(=O)CO)C13(C)C1[CH]456O[CH]1(O4)(C35)C61C3(C)C=CC(=O)C=C3CC[C]21[Bi]
prednisone_cid5865,,,prednisone_cid5865.png,low,low,0.5924500789295881,wrong,,Prednisone,0.5,28,26,wrong,wrong,,False,False,False,False,0.5,False,False,4,1,,,,"[H][C@@]12CC[C@](O)(C(=O)CO)[C@@]1(C)CC(=O)[C@@]1([Bi])[C@@]2([Bi])CCC2=CC(=O)C=C[C@@]21C |^2:16,18|"
pregabalin_cid5486971,,,pregabalin_cid5486971.png,high,high,0.8775125055164631,stereo,Pregabalin,Pregabalin,1.0,11,11,stereo,stereo,Pregabalin,False,False,False,False,1.0,True,True,0,1,,,,CC(C)CC(CN)CC(=O)O
pregnenolone_cid8955,,,pregnenolone_cid8955.png,low,low,0.3599315634881523,wrong,,Pregnenolone,0.443,23,23,wrong,wrong,,False,False,False,False,0.443,False,False,4,1,,,,*[C@]12CC[C@]3(C)[C@@H](C(C)=O)CC[C@@]3([H])[C@]1(*)CC=C1C[C@H](O)CC[C@@]12C |$InI;;;;;;;;;;;;;;;InI;;;;;;;;;;$|
pretomanid_cid456199,,,pretomanid_cid456199.png,high,high,0.9052159442208547,stereo,Pretomanid,Pretomanid,1.0,25,25,stereo,stereo,Pretomanid,False,False,False,False,1.0,True,True,0,1,,,,O=[N+]([O-])c1cn2c(n1)OC[C@H](OCc1ccc(OC(F)(F)F)cc1)C2
prilocaine_cid4906,,,prilocaine_cid4906.png,high,high,0.9120091712078062,exact,Prilocaine,Prilocaine,1.0,16,16,exact,exact,Prilocaine,False,False,False,False,1.0,True,True,0,1,,,,CCCNC(C)C(=O)Nc1ccccc1C
primidone_cid4909,,,primidone_cid4909.png,high,high,0.9188543448915351,exact,Primidone,Primidone,1.0,16,16,exact,exact,Primidone,False,False,False,False,1.0,True,True,0,1,,,,CCC1(c2ccccc2)C(=O)NCNC1=O
procarbazine_cid4915,,,procarbazine_cid4915.png,high,high,0.9123742430403918,exact,Procarbazine,Procarbazine,1.0,16,16,exact,exact,Procarbazine,False,False,False,False,1.0,True,True,0,1,,,,CNNCc1ccc(C(=O)NC(C)C)cc1
progesterone_cid5994,,,progesterone_cid5994.png,low,low,0.7643133655341628,wrong,,Progesterone,0.45,24,23,wrong,wrong,,False,False,False,False,0.45,False,False,3,1,,,,*[C@]12CC[C@]3(C)[C@@H](C(C)=O)CC[C@@]3([H])[C@]1(C)CCC1=CC(=O)CC[C@@]12C |$EtI;;;;;;;;;;;;;;;;;;;;;;;;;$|
propofol_cid4943,,,propofol_cid4943.png,high,high,0.9173605438484824,exact,Propofol,Propofol,1.0,13,13,exact,exact,Propofol,False,False,False,False,1.0,True,True,0,1,,,,CC(C)c1cccc(C(C)C)c1O
propranolol_cid4946,,,propranolol_cid4946.png,high,high,0.9177392695336335,exact,Propranolol,Propranolol,1.0,19,19,exact,exact,Propranolol,False,False,False,False,1.0,True,True,0,1,,,,CC(C)NCC(O)COc1cccc2ccccc12
pseudoephedrine_cid7028,,,pseudoephedrine_cid7028.png,high,high,0.894128833135755,exact,Pseudoephedrine,Pseudoephedrine,1.0,12,12,exact,exact,Pseudoephedrine,False,False,False,False,1.0,True,True,0,1,,,,CN[C@@H](C)[C@@H](O)c1ccccc1
pyrene_cid31423,,,pyrene_cid31423.png,high,high,0.8913996950133002,exact,Pyrene,Pyrene,1.0,16,16,exact,exact,Pyrene,False,False,False,False,1.0,True,True,0,1,,,,c1cc2ccc3cccc4ccc(c1)c2c34
pyridine_cid1049,,,pyridine_cid1049.png,low,low,0.796718490624608,wrong,,Pyridine,0.0,8,6,wrong,wrong,,False,False,False,False,0.0,False,False,14,2,,,,C1CCNCC1.CC
pyridinium_4_2_6r_7r_2_carboxy_7_2z_2_ethoxyimino_2_5_phosph_cid9852981,,,pyridinium_4_2_6r_7r_2_carboxy_7_2z_2_ethoxyimino_2_5_phosph_cid9852981.png,low,low,0.2177628529220106,exact,"Pyridinium, 4-(2-(((6R,7R)-2-carboxy-7-(((2Z)-2-(ethoxyimino)-2-(5-(phosphonoamino)-1,2,4-thiadiazol-3-yl)acetyl)amino)-8-oxo-5-thia-1-azabicyclo(4.2.0)oct-2-en-3-yl)thio)-4-thiazolyl)-1-methyl-, inner salt","Pyridinium, 4-(2-(((6R,7R)-2-carboxy-7-(((2Z)-2-(ethoxyimino)-2-(5-(phosphonoamino)-1,2,4-thiadiazol-3-yl)acetyl)amino)-8-oxo-5-thia-1-azabicyclo(4.2.0)oct-2-en-3-yl)thio)-4-thiazolyl)-1-methyl-, inner salt",1.0,43,43,exact,exact,"Pyridinium, 4-(2-(((6R,7R)-2-carboxy-7-(((2Z)-2-(ethoxyimino)-2-(5-(phosphonoamino)-1,2,4-thiadiazol-3-yl)acetyl)amino)-8-oxo-5-thia-1-azabicyclo(4.2.0)oct-2-en-3-yl)thio)-4-thiazolyl)-1-methyl-, inner salt",False,False,False,False,1.0,True,True,0,1,,,,[H][C@]12SCC(Sc3nc(-c4cc[n+](C)cc4)cs3)=C(C(=O)[O-])N1C(=O)[C@H]2NC(=O)/C(=N\OCC)c1nsc(NP(=O)(O)O)n1
pyridoxal_cid1050,,,pyridoxal_cid1050.png,high,high,0.9102230810119255,exact,Pyridoxal,Pyridoxal,1.0,12,12,exact,exact,Pyridoxal,False,False,False,False,1.0,True,True,0,1,,,,Cc1ncc(CO)c(C=O)c1O
quetiapine_cid5002,,,quetiapine_cid5002.png,high,high,0.8985370863871875,exact,Quetiapine,Quetiapine,1.0,27,27,exact,exact,Quetiapine,False,False,False,False,1.0,True,True,0,1,,,,OCCOCCN1CCN(C2=Nc3ccccc3Sc3ccccc32)CC1
quinapril_cid54892,,,quinapril_cid54892.png,low,low,0.7095511698224234,exact,Quinapril,Quinapril,1.0,32,32,exact,exact,Quinapril,False,False,False,False,1.0,True,True,0,1,,,,CCOC(=O)[C@H](CCc1ccccc1)N[C@@H](C)C(=O)N1Cc2ccccc2C[C@H]1C(=O)O
quinupristin_cid5388937,,,quinupristin_cid5388937.png,low,low,1.158969039423614e-05,wrong,,Quinupristin,0.797,74,73,wrong,wrong,,False,False,False,False,0.797,False,False,1,1,,,,[H][C@@]12CC(=O)[C@@H](CS[C@@]3([H])CN4CC[C@H]5CC[C@@]543)CN1C(=O)[C@H](Cc1ccc(N(C)C)cc1)N(C)C(=O)[C@]1([H])CCCN1C(=O)C(CC)NC(=O)[C@@H](NC(=O)c1ncccc1O)[C@@H](C)OC(=O)C(c1ccccc1)NC2=O
rabeprazole_cid5029,,,rabeprazole_cid5029.png,low,low,0.5793586975414882,wrong,,Rabeprazole,0.782,25,25,wrong,wrong,,False,False,False,False,0.782,False,False,1,1,,,,COCCCOc1ccnc(C[S](O)c2nc3ccccc3[nH]2)c1C |^1:12|
raloxifene_cid5035,,,raloxifene_cid5035.png,high,high,0.9087078465339273,exact,Raloxifene,Raloxifene,1.0,34,34,exact,exact,Raloxifene,False,False,False,False,1.0,True,True,0,1,,,,O=C(c1ccc(OCCN2CCCCC2)cc1)c1c(-c2ccc(O)cc2)sc2cc(O)ccc12
ranitidine_cid3001055,,,ranitidine_cid3001055.png,high,high,0.9027693896954276,exact,Ranitidine,Ranitidine,1.0,21,21,exact,exact,Ranitidine,False,False,False,False,1.0,True,True,0,1,,,,CN/C(=C\[N+](=O)[O-])NCCSCc1ccc(CN(C)C)o1
ranolazine_cid56959,,,ranolazine_cid56959.png,high,high,0.9174531518959418,exact,Ranolazine,Ranolazine,1.0,31,31,exact,exact,Ranolazine,False,False,False,False,1.0,True,True,0,1,,,,COc1ccccc1OCC(O)CN1CCN(CC(=O)Nc2c(C)cccc2C)CC1
regorafenib_cid11167602,,,regorafenib_cid11167602.png,high,high,0.9123139824658704,exact,Regorafenib,Regorafenib,1.0,33,33,exact,exact,Regorafenib,False,False,False,False,1.0,True,True,0,1,,,,CNC(=O)c1cc(Oc2ccc(NC(=O)Nc3ccc(Cl)c(C(F)(F)F)c3)c(F)c2)ccn1
rhodamine_b_cid6694,,,rhodamine_b_cid6694.png,high,high,0.9006070376359695,exact,Rhodamine B,Rhodamine B,1.0,34,34,exact,exact,Rhodamine B,False,False,False,False,1.0,True,True,0,2,,,,CCN(CC)c1ccc2c(-c3ccccc3C(=O)O)c3ccc(=[N+](CC)CC)cc-3oc2c1.[Cl-]
ribavirin_cid37542,,,ribavirin_cid37542.png,high,high,0.9164397340592716,exact,Ribavirin,Ribavirin,1.0,17,17,exact,exact,Ribavirin,False,False,False,False,1.0,True,True,0,1,,,,NC(=O)c1ncn([C@@H]2O[C@H](CO)[C@@H](O)[C@H]2O)n1
rifabutin_cid135415564,,,rifabutin_cid135415564.png,low,low,0.2980429167847402,wrong,,Rifabutin,0.881,60,61,near,near,,False,False,False,False,0.881,False,False,4,1,,,,CO[C@H]1/C=C/O[C@@]2(C)Oc3c(C)c(O)c4c(O)c(c5c(c4c3C2=O)=NC2(CCN(CC(C)C)CC2)N=5)NC(=O)/C(C)=C\C=C\[CH][C@@H](O)[C@@H](C)[C@@H](O)[C@@H](C)[C@@H](OC(C)=O)[C@@H]1C |^1:44|
rifampicin_cid135398735,,,rifampicin_cid135398735.png,low,low,0.0002022076254754799,invalid,,,,,,invalid,invalid,,False,False,False,False,,False,,,,,,,[H]C1(OC)C=COC23(C)OC45=C678C2(=O)C=42(=C36=O)C734=C6(=C827=C32(O)=C3C=N(=C)C89%10%11([CH]CN(C)CC8)N=C8=N9(=N%10)C([H])(C)(C([H])(OC(C)=O)C1([H])C)C%11([H])(O)C([H])(C)C(O)(O)C(C)(C)C=CC=C(C)C(=O)NC3(=C6O)C82=C47O)C(O)=C5C
risperidone_cid5073,,,risperidone_cid5073.png,high,high,0.9097491975132309,exact,Risperidone,Risperidone,1.0,30,30,exact,exact,Risperidone,False,False,False,False,1.0,True,True,0,1,,,,Cc1nc2n(c(=O)c1CCN1CCC(c3noc4cc(F)ccc34)CC1)CCCC2
ritonavir_cid392622,,,ritonavir_cid392622.png,high,high,0.8449359930752842,stereo,Ritonavir,Ritonavir,1.0,50,50,stereo,stereo,Ritonavir,False,False,False,False,1.0,True,True,0,1,,,,CC(C)c1nc(CN(C)C(=O)N[C@H](C(=O)N[C@@H](Cc2ccccc2)C[C@@H](O)[C@H](Cc2ccccc2)NC(=O)OCc2cncs2)C(C)C)cs1
rivaroxaban_cid9875401,,,rivaroxaban_cid9875401.png,low,low,0.001920587568285488,exact,Rivaroxaban,Rivaroxaban,1.0,29,29,exact,exact,Rivaroxaban,False,False,False,False,1.0,True,True,0,1,,,,O=C(NC[C@H]1CN(c2ccc(N3CCOCC3=O)cc2)C(=O)O1)c1ccc(Cl)s1
rizatriptan_cid5078,,,rizatriptan_cid5078.png,high,high,0.9232101953855696,exact,Rizatriptan,Rizatriptan,1.0,20,20,exact,exact,Rizatriptan,False,False,False,False,1.0,True,True,0,1,,,,CN(C)CCc1c[nH]c2ccc(Cn3cncn3)cc12
romidepsin_cid5352062,,,romidepsin_cid5352062.png,low,low,0.4307354744156327,exact,Romidepsin,Romidepsin,1.0,36,36,exact,exact,Romidepsin,False,False,False,False,1.0,True,True,0,1,,,,[H][C@]12CSSCC/C=C/[C@]([H])(CC(=O)N[C@]([H])(C(C)C)C(=O)N1)OC(=O)[C@H](C(C)C)NC(=O)/C(=C/C)NC2=O
ropinirole_cid5095,,,ropinirole_cid5095.png,high,high,0.91486338868652,exact,Ropinirole,Ropinirole,1.0,19,19,exact,exact,Ropinirole,False,False,False,False,1.0,True,True,0,1,,,,CCCN(CCC)CCc1cccc2c1CC(=O)N2
rosuvastatin_calcium_cid5282455,,,rosuvastatin_calcium_cid5282455.png,low,low,3.435001984647448e-07,wrong,,Rosuvastatin Calcium,0.641,68,67,wrong,wrong,,False,False,False,False,0.641,False,False,8,2,,,,CC(C)c1nc(N(C)[S](C)(=O)O)nc(-c2ccc(F)cc2)c1C=C[C@@H](O)C[C@@H](O)CC(=O)[O][Cu].CC(C)c1nc(N(C)[Si](C)(O)O)nc(-c2ccc(F)cc2)c1C=C[C@H](O)C[C@H](O)CC(=O)[O][Cu] |^1:8|
rotigotine_cid59227,,,rotigotine_cid59227.png,high,high,0.8772596861987718,exact,Rotigotine,Rotigotine,1.0,22,22,exact,exact,Rotigotine,False,False,False,False,1.0,True,True,0,1,,,,CCCN(CCc1cccs1)[C@H]1CCc2c(O)cccc2C1
rubrene_cid68203,,,rubrene_cid68203.png,high,high,0.9053088479866858,exact,Rubrene,Rubrene,1.0,42,42,exact,exact,Rubrene,False,False,False,False,1.0,True,True,0,1,,,,c1ccc(-c2c3ccccc3c(-c3ccccc3)c3c(-c4ccccc4)c4ccccc4c(-c4ccccc4)c23)cc1
ruthenocene_cid11020720,,,ruthenocene_cid11020720.png,high,high,0.9117598226515018,wrong,,Ruthenocene,0.231,11,11,wrong,wrong,,False,False,False,False,0.231,False,False,2,3,,C1=CCC=C1,,C1=CCC=C1.C1=CCC=C1.[Ru]
salbutamol_cid2083,,,salbutamol_cid2083.png,high,high,0.8963768587927036,exact,Salbutamol,Salbutamol,1.0,17,17,exact,exact,Salbutamol,False,False,False,False,1.0,True,True,0,1,,,,CC(C)(C)NCC(O)c1ccc(O)c(CO)c1
salicylic_acid_cid338,,,salicylic_acid_cid338.png,high,high,0.9203766362965465,exact,Salicylic Acid,Salicylic Acid,1.0,10,10,exact,exact,Salicylic Acid,False,False,False,False,1.0,True,True,0,1,,,,O=C(O)c1ccccc1O
savolitinib_cid68289010,,,savolitinib_cid68289010.png,high,high,0.9157568114094157,exact,Savolitinib,Savolitinib,1.0,26,26,exact,exact,Savolitinib,False,False,False,False,1.0,True,True,0,1,,,,C[C@@H](c1ccc2nccn2c1)n1nnc2ncc(-c3cnn(C)c3)nc21
selegiline_cid26757,,,selegiline_cid26757.png,high,high,0.908276854938565,exact,Selegiline,Selegiline,1.0,14,14,exact,exact,Selegiline,False,False,False,False,1.0,True,True,0,1,,,,C#CCN(C)[C@H](C)Cc1ccccc1
serotonin_cid5202,,,serotonin_cid5202.png,high,high,0.912935847310493,exact,Serotonin,Serotonin,1.0,13,13,exact,exact,Serotonin,False,False,False,False,1.0,True,True,0,1,,,,NCCc1c[nH]c2ccc(O)cc12
simvastatin_cid54454,,,simvastatin_cid54454.png,high,high,0.8964105048059071,exact,Simvastatin,Simvastatin,1.0,30,30,exact,exact,Simvastatin,False,False,False,False,1.0,True,True,0,1,,,,[H][C@@]12C(=C[C@H](C)C[C@@H]1OC(=O)C(C)(C)CC)C=C[C@H](C)[C@@H]2CC[C@@H]1C[C@@H](O)CC(=O)O1
sirolimus_cid5284616,,,sirolimus_cid5284616.png,low,low,1.9825345586264e-05,invalid,,,,,,invalid,invalid,,False,False,False,False,,False,,,,,,,[H]C12CCC(C)C(O)(O1)C1=O=C1(=O)N1CCCCC1([H])C(=O)O1[CH]345C6C7(=O)C38C3(=O)(=O)C(C)C9=C%10%11(C)=C=9%12(C)(=C[CH]73C)[CH]%103(O)[CH]79(OC)C%10%13[CH]%14%15C[CH]%10(C[CH]C=C%10[CH]%16%17%18C%19[CH]%20(CC[CH]%16(O)[CH]%10%19%16O%17CO%18%16C)C%10[CH]4%16(C)C%20[CH]%105(C)[CH]618%16)(C%14[CH]C=CC=CC=C(C)C(OC)C2)C%157(=O)[CH]%133(OC)[CH]%119%12O
sodium_acetate_cid31372,,,sodium_acetate_cid31372.png,low,low,0.8260683780425615,wrong,,Sodium acetate,0.231,5,5,wrong,wrong,,False,False,False,False,0.231,False,False,6,2,,,,CC(C)[O-].[Na+]
sodium_chloride_cid5234,,,sodium_chloride_cid5234.png,low,low,0.618386986465529,invalid,,,,,,invalid,invalid,,False,False,False,False,,False,,,,,,,C[Cl-].[Na]
sodium_lauryl_sulfate_cid3423265,,,sodium_lauryl_sulfate_cid3423265.png,high,high,0.8767941246958528,wrong,,Sodium Lauryl Sulfate,0.63,18,18,salt,salt,Sodium Lauryl Sulfate,False,False,False,False,0.63,True,False,1,2,,,,CCCCCCCCCCCCOS(=O)(=O)O.[Na+]
sodium_nitroprusside_dihydrate_cid11953895,,,sodium_nitroprusside_dihydrate_cid11953895.png,low,low,0.7535309967513752,invalid,,,,,,invalid,invalid,,False,False,False,False,,False,,,,,,,O.O.[C-]#N.[C-]#N.[C-]#N.[C-]#N.[C-]#N.[C-]#N.[Na+].[O]#[Na+]
sodium_zirconium_cyclosilicate_cid155804812,,,sodium_zirconium_cyclosilicate_cid155804812.png,low,low,0.6209192016308782,invalid,,,,,,invalid,invalid,,False,False,False,False,,False,,,,,,,[2H]C1([O-])[Si]2O[Si]([O-])([O-])O[Si]1(O)(O)O2.[Na+].[Na+]
somatostatin_cid16129706,,,somatostatin_cid16129706.png,low,low,1.030565061115443e-09,invalid,,,,,,invalid,invalid,,False,False,False,False,,False,,,,,,,CC(N)CNCCN[CH]12CSSC[CH]3456C7SSC1[CH]C2N[CH]CN[CH]C(=O)N[CH]CNC(C)C(=O)NC(CC1=CNC2=C1C=CC=C2)C(=O)NC(CCCCN)C(=O)N[CH]C(=O)NC(CC1=CC=CC=C1)C(=O)N[CH]128C(=O)N[CH]9(CO)C%10%11%12=O=C9%13(=O=%10)C%111[CH]19%10(C(=O)NC(CO)C%11(=O)[CH]13%14[CH]7(C4(=O)O)(N295C)N%11%14%106C)C%12%138
sorafenib_cid216239,,,sorafenib_cid216239.png,high,high,0.9169184843260905,exact,Sorafenib,Sorafenib,1.0,32,32,exact,exact,Sorafenib,False,False,False,False,1.0,True,True,0,1,,,,CNC(=O)c1cc(Oc2ccc(NC(=O)Nc3ccc(Cl)c(C(F)(F)F)c3)cc2)ccn1
sotalol_cid5253,,,sotalol_cid5253.png,high,high,0.9111636207663532,exact,Sotalol,Sotalol,1.0,18,18,exact,exact,Sotalol,False,False,False,False,1.0,True,True,0,1,,,,CC(C)NCC(O)c1ccc(NS(C)(=O)=O)cc1
sotorasib_cid137278711,,,sotorasib_cid137278711.png,high,high,0.9210904856040246,exact,Sotorasib,Sotorasib,1.0,41,41,exact,exact,Sotorasib,False,False,False,False,1.0,True,True,0,1,,,,C=CC(=O)N1CCN(c2nc(=O)n(-c3c(C)ccnc3C(C)C)c3nc(-c4c(O)cccc4F)c(F)cc23)[C@@H](C)C1
spectinomycin_cid15541,,,spectinomycin_cid15541.png,low,low,0.1771774172033937,invalid,,,,,,invalid,invalid,,False,False,False,False,,False,,,,,,,[H]C12OC(C)CC(=O)C1(O)OC13(C(O)=O)C(NC)C(O)[CH]45N(C)[CH]6(NC)([CH]7(O)O[CH]46C71O2)[CH]5(O)C3NC
sphingosine_cid5280335,,,sphingosine_cid5280335.png,low,low,0.5629357948784113,stereo,Sphingosine,Sphingosine,1.0,21,21,stereo,stereo,Sphingosine,False,False,False,False,1.0,True,True,0,1,,,,CCCCCCCCCCCCC/C=C/[C@@H](O)C(N)CO
spironolactone_cid5833,,,spironolactone_cid5833.png,low,low,0.6297047956222104,wrong,,Spironolactone,0.385,18,29,wrong,wrong,,False,False,False,False,0.385,False,False,23,1,,,,"C[C]1[C](C)[C@@]2(C)CCC(=O)C=C2C[C@H]1SC(C)=O |^1:1,2|"
squalene_cid638072,,,squalene_cid638072.png,low,low,0.7971533902149955,wrong,,Squalene,0.533,30,30,wrong,wrong,,False,False,False,False,0.533,False,False,6,1,,,,CC(C)=CCC/C(C)=C/CC/C(C)=C/CCCC(C)CCCC(C)CCCC(C)C
stanozolol_cid25249,,,stanozolol_cid25249.png,low,low,0.7119186104846296,wrong,,Stanozolol,0.508,26,24,wrong,wrong,,False,False,False,False,0.508,False,False,3,1,,,,[H][C@@]12CC[C@@]3(Cl)[C@]4([H])CC[C@](C)(O)[C@@]4(C)CC[C@]3(C)[C@@]1(C)Cc1cn[nH]c1C2
stevioside_cid442089,,,stevioside_cid442089.png,low,low,3.826465364783186e-11,invalid,,,,,,invalid,invalid,,False,False,False,False,,False,,,,,,,[H]C12CCC345CC(=C)C67(OC8OC(CO)C(O)C(O)C8OC8OC(CO)C(O)C(O)C8O)CCC3(C64)(C75)C1(C)CCCC2(C)C(=O)OC1OC(CO)C(O)C(O)C1O
streptomycin_cid19649,,,streptomycin_cid19649.png,low,low,0.4736775700650565,exact,Streptomycin,Streptomycin,1.0,40,40,exact,exact,Streptomycin,False,False,False,False,1.0,True,True,0,1,,,,CN[C@@H]1[C@H](O[C@H]2[C@H](O[C@H]3[C@H](O)[C@@H](O)[C@H](N=C(N)N)[C@@H](O)[C@@H]3N=C(N)N)O[C@@H](C)[C@]2(O)C=O)O[C@@H](CO)[C@H](O)[C@H]1O
substance_p_cid36511,,,substance_p_cid36511.png,low,low,8.025075348700263e-10,wrong,,Substance P,0.896,95,95,near,near,,False,False,False,False,0.896,False,False,2,1,,,,CSCC[C@H](NC(=O)[C@@H](CC(C)C)NC(=O)CNC(=O)[C@@H](Cc1ccccc1)NC(=O)[C@H](Cc1ccccc1)NC(=O)[C@H](CCC(N)=O)NC(=O)[C@@H](CCC(N)=O)NC(=O)[C@@H]1CCCN1C(=O)[C@H](CCCCN)N[C@@H](O)[C@@H]1CCCN1C(=O)[C@H](N)CCCN=C(N)N)C(N)=O
sucrose_cid5988,,,sucrose_cid5988.png,high,high,0.8861665978840984,exact,Sucrose,Sucrose,1.0,23,23,exact,exact,Sucrose,False,False,False,False,1.0,True,True,0,1,,,,OC[C@H]1O[C@@](CO)(O[C@H]2O[C@H](CO)[C@@H](O)[C@H](O)[C@H]2O)[C@@H](O)[C@@H]1O
sulfamethoxazole_cid5329,,,sulfamethoxazole_cid5329.png,high,high,0.8998952084808696,exact,Sulfamethoxazole,Sulfamethoxazole,1.0,17,17,exact,exact,Sulfamethoxazole,False,False,False,False,1.0,True,True,0,1,,,,Cc1cc(NS(=O)(=O)c2ccc(N)cc2)no1
sulfur_hexafluoride_cid17358,,,sulfur_hexafluoride_cid17358.png,low,low,0.7778762563956024,exact,Sulfur Hexafluoride,Sulfur Hexafluoride,1.0,7,7,exact,exact,Sulfur Hexafluoride,False,False,False,False,1.0,True,True,0,1,,,,FS(F)(F)(F)(F)F
sulfuric_acid_cid1118,,,sulfuric_acid_cid1118.png,low,low,0.6514232777445351,wrong,,Sulfuric Acid,0.0,8,5,wrong,wrong,,False,False,False,False,0.0,False,False,19,8,,O.O.O.O.O.O.O,,O.O.O.O.O.O.O.O
sumatriptan_cid5358,,,sumatriptan_cid5358.png,high,high,0.9125370786484338,exact,Sumatriptan,Sumatriptan,1.0,20,20,exact,exact,Sumatriptan,False,False,False,False,1.0,True,True,0,1,,,,CNS(=O)(=O)Cc1ccc2[nH]cc(CCN(C)C)c2c1
tacrolimus_cid445643,,,tacrolimus_cid445643.png,low,low,0.0005459248005630149,invalid,,,,,,invalid,invalid,,False,False,False,False,,False,,,,,,,[H]C12CCCCN1C(=O)C(=O)C13(O)OC456789O1C41%10%11([H])[CH]54%12%13O5%14%15C%16O%17%18CO%164%19(C%175)[CH]%18%14164C(C3C)[CH]%15%12%19%107C%13%1141([H])[CH]834C(C(C)CC5(=CC(CC=C)C(=O)CC(O)C(C)C(C(C)=CC6CCC(O)C(OC)C6)OC2=O)=CC(CC=C)C(=O)C5)[CH]192O31CO42C1
talazoparib_cid135565082,,,talazoparib_cid135565082.png,high,high,0.8963365560576989,exact,Talazoparib,Talazoparib,1.0,28,28,exact,exact,Talazoparib,False,False,False,False,1.0,True,True,0,1,,,,Cn1ncnc1[C@H]1c2n[nH]c(=O)c3cc(F)cc(c23)N[C@@H]1c1ccc(F)cc1
technetium_tc_99m_sestamibi_cid449763,,,technetium_tc_99m_sestamibi_cid449763.png,low,low,0.004333054382481661,invalid,,,,,,invalid,invalid,,False,False,False,False,,False,,,,,,,C#NCC(C)(C)OC.C#NCC(C)(C)OC.C#NCC(C)(C)OC.C#NCC(C)(C)OC.C#NCC(C)(C)OC.C#NCC(C)(C)OC
teixobactin_cid86341926,,,teixobactin_cid86341926.png,low,low,2.733357416197745e-06,invalid,,,,,,invalid,invalid,,False,False,False,False,,False,,,,,,,CCC(C)C(NC(=O)C(CC1=CC=CC=C1)NC)C(=O)NC(CO)CNC(CCC(N)=O)C(=O)N[CH]1(C(=O)NC(C(=O)NC(CO)C(=O)NC2C(=O)NC(C)C(=O)NC(CC3CN=C(N)N3)C(=O)NC(C(C)CC)C(=O)OC2C)C(C)CC)C(CC)C[CH]1(C)CC
telavancin_cid3081362,,,telavancin_cid3081362.png,low,low,7.161708515583391e-16,invalid,,,,,,invalid,invalid,,False,False,False,False,,False,,,,,,,[H]C(CNCC([H])C=CCC([H])(O)[CH]CNC1C(=O)C1=CCO)CC(N)=O.[H]C1(O)(C=C(O)(C=CCOC2OC(CO)C(O)C(O)C2O[CH]OC(C)CNCCNCCCCCCCCCC)=CO)C23([H])NCC(NC)CC(=O)CC(C)(=O)CC(NC)C4NC1([H])(C2([H])(O)CO)C43([H])O
telmisartan_cid65999,,,telmisartan_cid65999.png,high,high,0.9136027449435374,exact,Telmisartan,Telmisartan,1.0,39,39,exact,exact,Telmisartan,False,False,False,False,1.0,True,True,0,1,,,,CCCc1nc2c(C)cc(-c3nc4ccccc4n3C)cc2n1Cc1ccc(-c2ccccc2C(=O)O)cc1
temozolomide_cid5394,,,temozolomide_cid5394.png,high,high,0.916898356503141,exact,Temozolomide,Temozolomide,1.0,14,14,exact,exact,Temozolomide,False,False,False,False,1.0,True,True,0,1,,,,Cn1nnc2c(C(N)=O)ncn2c1=O
tempo_cid2724126,,,tempo_cid2724126.png,high,high,0.8740283355969697,wrong,,Tempo,0.5,11,11,wrong,wrong,,False,False,False,False,0.5,False,False,1,1,,,,CC1(C)CCCC(C)(C)N1O
temsirolimus_cid6918289,,,temsirolimus_cid6918289.png,low,low,2.684885625404402e-08,invalid,,,,,,invalid,invalid,,False,False,False,False,,False,,,,,,,[H]C12CCC(C)C3(O)C(=O)C4(=O)N56CCCCC578[H]C659%10([H])CCCCN475C(=O)C(=O)C45(O)OC([H])(CCC4C)(C1C(OC)C(C)=CC=CC=CC(C)CC(C)C(=O)C(OC)C(O)C(C)=CC(C)C(=O)CC(OC9=O)OC8%10=O)O235
terazosin_cid5401,,,terazosin_cid5401.png,high,high,0.9050798146415112,stereo,Terazosin,Terazosin,1.0,28,28,stereo,stereo,Terazosin,False,False,False,False,1.0,True,True,0,1,,,,COc1cc2nc(N3CCN(C(=O)[C@@H]4CCCO4)CC3)nc(N)c2cc1OC
terbutaline_cid5403,,,terbutaline_cid5403.png,high,high,0.9150406580526369,exact,Terbutaline,Terbutaline,1.0,16,16,exact,exact,Terbutaline,False,False,False,False,1.0,True,True,0,1,,,,CC(C)(C)NCC(O)c1cc(O)cc(O)c1
testosterone_cid6013,,,testosterone_cid6013.png,low,low,0.4827903665139276,wrong,,Testosterone,0.4,25,21,wrong,wrong,,False,False,False,False,0.4,False,False,4,1,,,,[H][C@@]12CC[C@@H](O)[C@@]1(C)CC[C@@]1(NCl)[C@@]2(NCl)CCC2=CC(=O)CC[C@@]21C
tetrabutylammonium_bromide_cid74236,,,tetrabutylammonium_bromide_cid74236.png,high,high,0.8488289031575526,wrong,,Tetrabutylammonium Bromide,0.368,18,18,wrong,wrong,,False,False,False,False,0.368,False,False,2,2,,,,CCCC[Si](CCCC)(CCCC)CCCC.[Br-]
tetraethyllead_cid6511,,,tetraethyllead_cid6511.png,high,high,0.8497496044191951,wrong,,Tetraethyllead,0.231,8,9,wrong,wrong,,False,False,False,False,0.231,False,False,2,1,,,,CC*(CC)(CC)CC |$;;Pn;;;;;;$|
tetrafluoroethylene_cid8301,,,tetrafluoroethylene_cid8301.png,low,low,0.8316730493218256,wrong,,Tetrafluoroethylene,0.077,8,6,wrong,wrong,,False,False,False,False,0.077,False,False,8,1,,,,FCC(F)C(F)CF
tetrahydrocannabinol_cid16078,,,tetrahydrocannabinol_cid16078.png,low,low,0.1921639938536052,invalid,,,,,,invalid,invalid,,False,False,False,False,,False,,,,,,,CCCCCC1=CC2=C(C(O)=C1)C13(C)C=C(C)CCC1(CCC(C)=C3)C(C)(C)O2
tetrahydrofuran_cid8028,,,tetrahydrofuran_cid8028.png,high,high,0.8643345257573543,exact,Tetrahydrofuran,Tetrahydrofuran,1.0,5,5,exact,exact,Tetrahydrofuran,False,False,False,False,1.0,True,True,0,1,,,,C1CCOC1
tetraphenylphosphonium_chloride_cid164911,,,tetraphenylphosphonium_chloride_cid164911.png,high,high,0.8861034719572564,exact,Tetraphenylphosphonium Chloride,Tetraphenylphosphonium Chloride,1.0,26,26,exact,exact,Tetraphenylphosphonium Chloride,False,False,False,False,1.0,True,True,0,2,,,,[Cl-].c1ccc([P+](c2ccccc2)(c2ccccc2)c2ccccc2)cc1
tetraphenylporphyrin_cid86280046,,,tetraphenylporphyrin_cid86280046.png,high,high,0.9095853850894575,exact,Tetraphenylporphyrin,Tetraphenylporphyrin,1.0,48,48,exact,exact,Tetraphenylporphyrin,False,False,False,False,1.0,True,True,0,1,,,,C1=Cc2nc1c(-c1ccccc1)c1ccc([nH]1)c(-c1ccccc1)c1nc(c(-c3ccccc3)c3ccc([nH]3)c2-c2ccccc2)C=C1
thalidomide_cid5426,,,thalidomide_cid5426.png,high,high,0.9090213990929692,exact,Thalidomide,Thalidomide,1.0,19,19,exact,exact,Thalidomide,False,False,False,False,1.0,True,True,0,1,,,,O=C1CCC(N2C(=O)c3ccccc3C2=O)C(=O)N1
theophylline_cid2153,,,theophylline_cid2153.png,high,high,0.9122668754650864,exact,Theophylline,Theophylline,1.0,13,13,exact,exact,Theophylline,False,False,False,False,1.0,True,True,0,1,,,,Cn1c(=O)c2[nH]cnc2n(C)c1=O
thiamine_cid1130,,,thiamine_cid1130.png,high,high,0.9017090820171002,exact,Thiamine,Thiamine,1.0,18,18,exact,exact,Thiamine,False,False,False,False,1.0,True,True,0,1,,,,Cc1ncc(C[n+]2csc(CCO)c2C)c(N)n1
thiamine_pyrophosphate_cid5431,,,thiamine_pyrophosphate_cid5431.png,low,low,0.7455987360524504,exact,Thiamine Pyrophosphate,Thiamine Pyrophosphate,1.0,26,26,exact,exact,Thiamine Pyrophosphate,False,False,False,False,1.0,True,True,0,1,,,,Cc1ncc(C[n+]2csc(CCOP(=O)(O)OP(=O)([O-])O)c2C)c(N)n1
thioguanine_cid2723601,,,thioguanine_cid2723601.png,high,high,0.8550820994397474,exact,Thioguanine,Thioguanine,1.0,11,11,exact,exact,Thioguanine,False,False,False,False,1.0,True,True,0,1,,,,Nc1nc(=S)c2[nH]cnc2[nH]1
thiophene_cid8030,,,thiophene_cid8030.png,low,low,0.4184186046580859,wrong,,Thiophene,0.0,4,5,wrong,wrong,,False,False,False,False,0.0,False,False,5,1,,,,C1CCC1
thioridazine_cid5452,,,thioridazine_cid5452.png,high,high,0.9089615214853753,exact,Thioridazine,Thioridazine,1.0,25,25,exact,exact,Thioridazine,False,False,False,False,1.0,True,True,0,1,,,,CSc1ccc2c(c1)N(CCC1CCCCN1C)c1ccccc1S2
thymol_cid6989,,,thymol_cid6989.png,high,high,0.9014425539179975,exact,Thymol,Thymol,1.0,11,11,exact,exact,Thymol,False,False,False,False,1.0,True,True,0,1,,,,Cc1ccc(C(C)C)c(O)c1
thyroxine_cid5819,,,thyroxine_cid5819.png,high,high,0.880507410682387,exact,Thyroxine,Thyroxine,1.0,24,24,exact,exact,Thyroxine,False,False,False,False,1.0,True,True,0,1,,,,N[C@@H](Cc1cc(I)c(Oc2cc(I)c(O)c(I)c2)c(I)c1)C(=O)O
ticlopidine_cid5472,,,ticlopidine_cid5472.png,high,high,0.922502419618311,exact,Ticlopidine,Ticlopidine,1.0,17,17,exact,exact,Ticlopidine,False,False,False,False,1.0,True,True,0,1,,,,Clc1ccccc1CN1CCc2sccc2C1
titanocene_dichloride_cid76030824,,,titanocene_dichloride_cid76030824.png,high,high,0.8718761801743504,wrong,,Titanocene dichloride,0.588,13,13,salt,salt,Titanocene dichloride,False,False,False,False,0.588,False,False,1,5,,[Cl-],,C1=CCC=C1.[Cl-].[Cl-].[Ti+4].c1cc[cH-]c1
tizanidine_cid5487,,,tizanidine_cid5487.png,high,high,0.9047038953718767,exact,Tizanidine,Tizanidine,1.0,16,16,exact,exact,Tizanidine,False,False,False,False,1.0,True,True,0,1,,,,Clc1ccc2nsnc2c1NC1=NCCN1
tobramycin_cid36294,,,tobramycin_cid36294.png,low,low,0.4542973061587695,stereo,Tobramycin,Tobramycin,1.0,32,32,stereo,stereo,Tobramycin,False,False,False,False,1.0,True,True,0,1,,,,NC[C@H]1O[C@H](O[C@H]2[C@@H](O)[C@@H](O[C@H]3O[C@H](CO)[C@@H](O)[C@H](N)[C@H]3O)[C@H](N)C[C@@H]2N)[C@H](N)C[C@@H]1O
tolcapone_cid4659569,,,tolcapone_cid4659569.png,high,high,0.9198273287861979,exact,Tolcapone,Tolcapone,1.0,20,20,exact,exact,Tolcapone,False,False,False,False,1.0,True,True,0,1,,,,Cc1ccc(C(=O)c2cc(O)c(O)c([N+](=O)[O-])c2)cc1
toluene_cid1140,,,toluene_cid1140.png,high,high,0.9061681401742921,exact,Toluene,Toluene,1.0,7,7,exact,exact,Toluene,False,False,False,False,1.0,True,True,0,1,,,,Cc1ccccc1
topotecan_cid60700,,,topotecan_cid60700.png,low,low,0.5060372799163846,stereo,Topotecan,Topotecan,1.0,31,31,stereo,stereo,Topotecan,False,False,False,False,1.0,True,True,0,1,,,,CC[C@]1(O)C(=O)OCc2c1cc1n(c2=O)Cc2cc3c(CN(C)C)c(O)ccc3nc2-1
tramadol_cid33741,,,tramadol_cid33741.png,high,high,0.9100369048799695,exact,Tramadol,Tramadol,1.0,19,19,exact,exact,Tramadol,False,False,False,False,1.0,True,True,0,1,,,,COc1cccc([C@@]2(O)CCCC[C@@H]2CN(C)C)c1
trametinib_cid11707110,,,trametinib_cid11707110.png,high,high,0.9046240470759584,exact,Trametinib,Trametinib,1.0,37,37,exact,exact,Trametinib,False,False,False,False,1.0,True,True,0,1,,,,CC(=O)Nc1cccc(-n2c(=O)n(C3CC3)c(=O)c3c(Nc4ccc(I)cc4F)n(C)c(=O)c(C)c32)c1
trazodone_cid5533,,,trazodone_cid5533.png,high,high,0.9182494477935779,exact,Trazodone,Trazodone,1.0,26,26,exact,exact,Trazodone,False,False,False,False,1.0,True,True,0,1,,,,O=c1n(CCCN2CCN(c3cccc(Cl)c3)CC2)nc2ccccn12
triamcinolone_cid31307,,,triamcinolone_cid31307.png,low,low,0.837621183127147,stereo,Triamcinolone,Triamcinolone,1.0,28,28,stereo,stereo,Triamcinolone,False,False,False,False,1.0,True,True,0,1,,,,[H][C@@]12C[C@@H](O)[C@](O)(C(=O)CO)[C@@]1(C)C[C@@H](O)[C@@]1(F)[C@@]2([H])CCC2=CC(=O)C=C[C@@]21C
trihexyphenidyl_cid5572,,,trihexyphenidyl_cid5572.png,high,high,0.903394586126987,exact,Trihexyphenidyl,Trihexyphenidyl,1.0,22,22,exact,exact,Trihexyphenidyl,False,False,False,False,1.0,True,True,0,1,,,,OC(CCN1CCCCC1)(c1ccccc1)C1CCCCC1
trimethoprim_cid5578,,,trimethoprim_cid5578.png,high,high,0.9252760290931643,exact,Trimethoprim,Trimethoprim,1.0,21,21,exact,exact,Trimethoprim,False,False,False,False,1.0,True,True,0,1,,,,COc1cc(Cc2cnc(N)nc2N)cc(OC)c1OC
trimethylaluminum_cid16682925,,,trimethylaluminum_cid16682925.png,low,low,0.7565166908859045,wrong,,Trimethylaluminum,0.143,4,4,wrong,wrong,,False,False,False,False,0.143,False,False,2,1,,,,CN(C)C
triphenylene_cid9170,,,triphenylene_cid9170.png,high,high,0.8764689876665164,wrong,,Triphenylene,0.192,16,18,wrong,wrong,,False,False,False,False,0.192,False,False,4,1,,,,C/C=C1\Cc2ccccc2-c2ccccc21
tungsten_hexacarbonyl_cid98884,,,tungsten_hexacarbonyl_cid98884.png,low,low,0.4096497644682762,invalid,,,,,,invalid,invalid,,False,False,False,False,,False,,,,,,,[C-]#[C-].[C-]#[C-].[C-]#[C-].[C-]#[C-].[C-]#[O+].[C-]#[O+].[C-]#[O+].[C-][C-]#[C-].[C-][C-]#[C-].[W]
tylosin_cid5280440,,,tylosin_cid5280440.png,low,low,0.0005612558518992496,stereo,Tylosin,Tylosin,1.0,64,64,stereo,stereo,Tylosin,False,False,False,False,1.0,True,True,0,1,,,,CC[C@H]1OC(=O)C[C@@H](O)[C@H](C)[C@@H](O[C@@H]2O[C@H](C)[C@H](O[C@H]3C[C@](C)(O)[C@@H](O)[C@H](C)O3)[C@H](N(C)C)[C@H]2O)C(CC=O)C[C@@H](C)C(=O)/C=C/C(/C)=C[C@@H]1CO[C@@H]1O[C@H](C)[C@H](O)[C@@H](OC)[C@H]1OC
tyrocidine_a_cid16129635,,,tyrocidine_a_cid16129635.png,low,low,2.203787177043137e-05,invalid,,,,,,invalid,invalid,,False,False,False,False,,False,,,,,,,[H]C1C[CH]234C5C[CH]26NC(CCC(N)=O)=O=C(=O)(N[CH]3(C2(=O)=O=C3NC7C8=O=C79(=O)N[CH](CC(C)C)(C(=O)N[CH]7(CC%10=CC=CC=C%10)C(=O)[CH]37(C(C)C)N2)N89)C56)C2(=CC=C(O)C=C2)=C(=C42=CC=C(O)C=C2)NC(=O)C(CC(N)=O)NC(=O)C(CC2=CC=CC=C2)NC2(=O)C(CC23=CC=CC=C3)NC1=O
urea_cid1176,,,urea_cid1176.png,low,low,0.2815118850626574,wrong,,Urea,0.083,6,4,wrong,wrong,,False,False,False,False,0.083,False,False,8,1,,,,NC12CC1(N)C2
valinomycin_cid3000706,,,valinomycin_cid3000706.png,low,low,1.584808528238693e-06,stereo,Valinomycin,Valinomycin,1.0,78,78,stereo,stereo,Valinomycin,False,False,False,False,1.0,True,True,0,1,,,,CC1OC(=O)[C@@H](C(C)C)NC(=O)C(C(C)C)OC(=O)[C@H](C(C)C)NC(=O)[C@H](C)OC(=O)[C@H](C(C)C)NC(=O)C(C(C)C)OC(=O)[C@H](C(C)C)NC(=O)[C@H](C)OC(=O)C(C(C)C)NC(=O)[C@@H](C(C)C)OC(=O)[C@H](C(C)C)NC1=O
valproic_acid_cid3121,,,valproic_acid_cid3121.png,high,high,0.9195475021273923,exact,Valproic Acid,Valproic Acid,1.0,10,10,exact,exact,Valproic Acid,False,False,False,False,1.0,True,True,0,1,,,,CCCC(CCC)C(=O)O
vancomycin_cid14969,,,vancomycin_cid14969.png,low,low,5.98793530812185e-09,invalid,,,,,,invalid,invalid,,False,False,False,False,,False,,,,,,,[H]C(CC(N)=O)NC(=O)C([H])(NC(=O)C(CC(C)C)NC)C([H])(O)C1=CC(Cl)=C(OC23=C45OC67(OC(CO)C(O)C(O)C6OC6CC(C)(N)C(O)C(C)O6)[CH]6(O[CH]CC(C)N)C(O)C(O)C(CO)OC6O47C24=C2C=CC3=C=453OC4567=C(Cl)C=C(C=C4)C([H])(O)C4=CC5(Cl)=C(C6=C4)O237)C=C1
velpatasvir_cid67683363,,,velpatasvir_cid67683363.png,low,low,0.0002627607431711216,wrong,,Velpatasvir,0.911,65,65,near,near,,False,False,False,False,0.911,False,False,2,1,,,,COC[C@@H]1C[C@@H](c2ncc(-c3ccc4c(c3)COc3cc5c(ccc6[nH]c([C@@H]7CC[C@H](C)N7C(=O)[C@H](N[C@H](O)OC)C(C)C)nc65)cc3-4)[nH]2)N(C(=O)[C@H](NC(=O)OC)c2ccccc2)C1
vemurafenib_cid42611257,,,vemurafenib_cid42611257.png,high,high,0.9090951763998559,exact,Vemurafenib,Vemurafenib,1.0,33,33,exact,exact,Vemurafenib,False,False,False,False,1.0,True,True,0,1,,,,CCCS(=O)(=O)Nc1ccc(F)c(C(=O)c2c[nH]c3ncc(-c4ccc(Cl)cc4)cc23)c1F
venetoclax_cid49846579,,,venetoclax_cid49846579.png,low,low,1.345647904453024e-07,invalid,,,,,,invalid,invalid,,False,False,False,False,,False,,,,,,,CC1(C)CCC(CN2CCN(C3=CC(OC4=CC5=C(N=C4)NCC5)=C(C(=O)NS(=O)(=O)C4=CC(N(=O)[O-])=C(NCC5CCOCC5)C=C4)C=C3)CC2)=C(C2=CC=C(Cl)C=C2)C1
venlafaxine_cid5656,,,venlafaxine_cid5656.png,high,high,0.9098049391404244,exact,Venlafaxine,Venlafaxine,1.0,20,20,exact,exact,Venlafaxine,False,False,False,False,1.0,True,True,0,1,,,,COc1ccc(C(CN(C)C)C2(O)CCCCC2)cc1
verapamil_cid2520,,,verapamil_cid2520.png,high,high,0.9162944589887846,exact,Verapamil,Verapamil,1.0,33,33,exact,exact,Verapamil,False,False,False,False,1.0,True,True,0,1,,,,COc1ccc(CCN(C)CCCC(C#N)(c2ccc(OC)c(OC)c2)C(C)C)cc1OC
vilazodone_cid6918314,,,vilazodone_cid6918314.png,high,high,0.9210008821961168,exact,Vilazodone,Vilazodone,1.0,33,33,exact,exact,Vilazodone,False,False,False,False,1.0,True,True,0,1,,,,N#Cc1ccc2[nH]cc(CCCCN3CCN(c4ccc5oc(C(N)=O)cc5c4)CC3)c2c1
vinblastine_cid13342,,,vinblastine_cid13342.png,low,low,0.174724041327397,stereo,Vinblastine,Vinblastine,1.0,59,59,stereo,stereo,Vinblastine,False,False,False,False,1.0,True,True,0,1,,,,[H][C@@]12CN(CCc3c([nH]c4ccccc34)[C@](C(=O)OC)(c3cc4c(cc3OC)N(C)[C@]3([H])[C@]45CCN4CC=C[C@@](CC)([C@@H](OC(C)=O)[C@]3(O)C(=O)OC)[C@]45[H])C1)C[C@@](O)(CC)C2
vincristine_cid5978,,,vincristine_cid5978.png,low,low,0.158212940551379,stereo,Vincristine,Vincristine,1.0,60,60,stereo,stereo,Vincristine,False,False,False,False,1.0,True,True,0,1,,,,[H][C@]12CN(CCc3c([nH]c4ccccc34)[C@](C(=O)OC)(c3cc4c(cc3OC)N(C=O)[C@]3([H])[C@]45CCN4CC=C[C@@](CC)([C@@H](OC(C)=O)[C@]3(O)C(=O)OC)[C@]45[H])C1)C[C@@](O)(CC)C2
vinorelbine_cid5311497,,,vinorelbine_cid5311497.png,low,low,0.04514352550809984,invalid,,,,,,invalid,invalid,,False,False,False,False,,False,,,,,,,[H]C12C=C(CC)CN(CC3=C(NC4=C3C=CC=C4)C3(C1)C(=O)OCC14=C(OC)C35C=C3C67CCN8CC=CC(CC)(C(OC(C)=O)C(O)(C(=O)OC)C6([H])N(C)C31C=C54OC)C87[H])C2
vitamin_b12_cid165339223,,,vitamin_b12_cid165339223.png,low,low,2.96233519568397e-23,invalid,,,,,,invalid,invalid,,False,False,False,False,,False,,,,,,,N#[C][Co].[H]C1NC(C(C)CCC(O)NCC(C)OC(=O)([O-])O[CH]C(O)C(O)N2C=NC3=C2C=C(C)C(C)=C3)=C(C)C2=NC(=CC34=N5C6789%10=C%11%12%13(C)C%14%15%16%17C6%18%19=C=%116%20%21%22N3C5%18%12763(=C%148%20(C)C=%19%15%1356=NC1(C)(N=5%16)C(C)(CC(N)=O)C=%176CCC(N)=O)C9%21156CC789(N)=O=C%11%12%13(=O=7)(NC7(=O)C%11C%10%223(C71%12)(C85%13)[CH]46CCC(N)=O)N9)C(C)(C)C2CCC(N)=O
vitamin_b6_cid104817,,,vitamin_b6_cid104817.png,high,high,0.9090970687532941,exact,Vitamin B6,Vitamin B6,1.0,15,15,exact,exact,Vitamin B6,False,False,False,False,1.0,True,True,0,1,,,,Cc1ncc(COP(=O)([O-])[O-])c(C)c1O
vitamin_e_cid69540411,,,vitamin_e_cid69540411.png,low,low,0.01065865454398741,stereo,Vitamin-E,Vitamin-E,1.0,40,40,stereo,stereo,Vitamin-E,False,False,False,False,1.0,True,True,0,3,,,,Cc1c(C)c2c(c(C)c1O)CC[C@@](C)(CCC[C@@H](C)CCC[C@H](C)CCCC(C)C)O2.O=C([O-])CCC(=O)[O-].[Ca+2]
zearalenone_cid5281576,,,zearalenone_cid5281576.png,high,high,0.904801541999181,exact,Zearalenone,Zearalenone,1.0,23,23,exact,exact,Zearalenone,False,False,False,False,1.0,True,True,0,1,,,,C[C@H]1CCCC(=O)CCC/C=C/c2cc(O)cc(O)c2C(=O)O1
zibotentan_cid9910224,,,zibotentan_cid9910224.png,high,high,0.914173752907921,exact,Zibotentan,Zibotentan,1.0,30,30,exact,exact,Zibotentan,False,False,False,False,1.0,True,True,0,1,,,,COc1nc(C)cnc1NS(=O)(=O)c1cccnc1-c1ccc(-c2nnco2)cc1
zidovudine_cid35370,,,zidovudine_cid35370.png,high,high,0.908261588079522,wrong,,Zidovudine,0.804,19,19,wrong,wrong,,False,False,False,False,0.804,False,False,1,1,,,,Cc1cn([C@H]2C[C@H](N=[N+]=N)[C@@H](CO)O2)c(=O)[nH]c1=O
zinc_phthalocyanine_cid114933,,,zinc_phthalocyanine_cid114933.png,high,high,0.8595708503589233,wrong,,Zinc Phthalocyanine,0.4,41,41,wrong,wrong,,False,False,False,False,0.4,False,False,2,2,,,,[Zn+2].c1ccc2c(c1)-c1nc-2nc2[nH]c(nc3nc([nH]c4nc(n1)-c1ccccc1-4)-c1ccccc1-3)c1ccccc21
zirconocene_dichloride_cid102092,,,zirconocene_dichloride_cid102092.png,high,high,0.8802774487315017,wrong,,"Zirconocene, dichloride",0.632,13,13,wrong,wrong,,False,False,False,False,0.632,False,False,1,3,,,,C1=CCC=C1.[Cl][Zr+2][Cl].c1cc[cH-]c1
zonisamide_cid5734,,,zonisamide_cid5734.png,high,high,0.8994657916155426,exact,Zonisamide,Zonisamide,1.0,14,14,exact,exact,Zonisamide,False,False,False,False,1.0,True,True,0,1,,,,NS(=O)(=O)Cc1noc2ccccc12
