group,figure,segment,file_name,tier,tier_by_threshold,confidence,verdict,matched_name,closest_name,closest_tanimoto,pred_heavy,closest_heavy,grade,grade_largest,graded_match,decoded,dephantom,dedup,largest,best_tanimoto,skeleton_match,formula_match,elem_delta,n_fragments,phantom_frags,duplicate_frags,dropped_by_largest,smiles
15_crown_5_cid36336,,,15_crown_5_cid36336.png,low,low,5.567587937107447e-08,wrong,,15-Crown-5,0.031,63,15,wrong,wrong,,False,False,False,False,0.031,False,False,144,1,,,,C1CCCCCC2CC2CCCCCCCC2CC2CCCCCCC2C3C4C(CCCC5CC5CCCCCCCC5C6C(CCC7CC7CCCC7CC7CCCCC1)C56)C234
18_crown_6_cid28557,,,18_crown_6_cid28557.png,low,low,0.8209334441379139,wrong,,18-Crown-6,0.294,18,18,wrong,wrong,,False,False,False,False,0.294,False,False,16,1,,,,C1CCNCCNCCNCCOCCNCC1
1_butyl_3_methylimidazolium_chloride_cid2734161,,,1_butyl_3_methylimidazolium_chloride_cid2734161.png,low,low,0.1344483531378817,wrong,,1-Butyl-3-methylimidazolium chloride,0.243,11,11,wrong,wrong,,False,False,False,False,0.243,False,False,3,2,,,,"CCCC[N+]1CC[N+](C)C1.[Cl-] |^1:4,7|"
1_methyl_4_prop_1_en_2_ylcyclohexene_cid22311,,,1_methyl_4_prop_1_en_2_ylcyclohexene_cid22311.png,low,low,0.004932880094718314,invalid,,,,,,invalid,invalid,,False,False,False,False,,False,,,,,,,CCC(=O)CC12C3[CH]45CC4CC[CH]31C25
1h_pyrrole_1_carboxamide_3_ethyl_2_5_dihydro_4_methyl_n_2_4__cid3476,,,1h_pyrrole_1_carboxamide_3_ethyl_2_5_dihydro_4_methyl_n_2_4__cid3476.png,low,low,0.092585865664731,wrong,,"1H-Pyrrole-1-carboxamide, 3-ethyl-2,5-dihydro-4-methyl-N-2-4-(trans-4-methylcyclohexyl)aminocarbonylaminosulfonylphenylethyl-2-oxo-",0.277,34,34,wrong,wrong,,False,False,False,False,0.277,False,False,10,1,,,,[1*]C(CCc1ccc(S(=O)(=O)N([1*])C(=O)C([1*])C2CCC(C)CC2)cc1)C(=O)N1CC(C)[C@H](CC)[C@@H]1O |$R1;;;;;;;;;;;;R1;;;;R1;;;;;;;;;;;;;;;;;;;;$|
5_adp_cid6022,,,5_adp_cid6022.png,low,low,5.490754005819013e-09,invalid,,,,,,invalid,invalid,,False,False,False,False,,False,,,,,,,[H]OC1234O([H])C56789(O[H])(O[H])O[CH]%10%11%12%13(O[H])O15[CH]2%106(O[H])O371C%1123([H])O5C[CH]C6C7([H])[H]C%10[H]C[CH]%107%11C(CO)C(C7C([CH])OC%10C7N[CH]CC%10[NH2+]([H])[H])O[CH]6%11C5OC12%12([H])(O8)(O3[H])O4%139
5_aminosalicylic_acid_cid4075,,,5_aminosalicylic_acid_cid4075.png,low,low,0.0001628914873576337,invalid,,,,,,invalid,invalid,,False,False,False,False,,False,,,,,,,*C[CH]123C(*)[CH]145C[CH]24CC(C(C)C)[CH]C35 |$R;;;;R;;;;;;;;;;$|
5_atp_cid5957,,,5_atp_cid5957.png,low,low,0.02348407498659544,invalid,,,,,,invalid,invalid,,False,False,False,False,,False,,,,,,,COC1C(OCC2(C)OC(CC(C)(CO)OC)(OC)CC2O)CC(OC2CNC3C(C(C)=O)=OCOC23)C1OC
5_fluorouracil_cid3385,,,5_fluorouracil_cid3385.png,low,low,0.2347629235392209,wrong,,5-Fluorouracil,0.0,10,9,wrong,wrong,,False,False,False,False,0.0,False,False,14,1,,,,O[C@@H]1C[C@H](O)[C@H](O)O[C@@H]1O
6_mercaptopurine_cid667490,,,6_mercaptopurine_cid667490.png,low,low,0.4672092923171525,wrong,,6-Mercaptopurine,0.023,11,10,wrong,wrong,,False,False,False,False,0.023,False,False,21,1,,,,CC1CNCC[C@H](O)C[SH]C1 |^1:9|
abemaciclib_cid46220502,,,abemaciclib_cid46220502.png,low,low,0.06036899598217262,wrong,,Abemaciclib,0.085,38,37,wrong,wrong,,False,False,False,False,0.085,False,False,32,1,,,,CCC1CCN(CC2CCC(N(C)[C@H]3NCC(C)[C@H](c4cc(O)c5c(c4)[C@H](N(C)C)C(C)N5)O3)CC2)CC1
acalabrutinib_cid71226662,,,acalabrutinib_cid71226662.png,low,low,0.0004179780250226546,invalid,,,,,,invalid,invalid,,False,False,False,False,,False,,,,,,,[H]C(C1CC=CCC1)C(C)C1=CC[CH]2(CC1)[CH]134O5[CH]6(C([H])(C)N(CC)CC=CC)O[CH]5217C31C2C3CC5CO[CH]31(C([H])[H])[CH]247O56
acetaminophen_cid1983,,,acetaminophen_cid1983.png,low,low,0.01552770666891927,wrong,,Acetaminophen,0.024,14,11,wrong,wrong,,False,False,False,False,0.024,False,False,30,2,,,,*[CH]C.C[CH]CC[C@H](C)C(C)C(C)CC |$R;;;;;;;;;;;;;;$|
acetic_acid_cid176,,,acetic_acid_cid176.png,low,low,0.6510789974098355,wrong,,Acetic Acid,0.042,6,4,wrong,wrong,,False,False,False,False,0.042,False,False,12,1,,,,*CC(CC)CO* |$Y;;;;;;;Y$|
acetone_d6_cid522220,,,acetone_d6_cid522220.png,low,low,0.1779276683951733,wrong,,Acetone-D6,0.16,12,4,wrong,wrong,,False,False,False,False,0.16,False,False,20,1,,,,CC(=O)C[C@@H](C(C)=O)C(C)(C)C
acetylglucosamine_cid1738118,,,acetylglucosamine_cid1738118.png,low,low,0.1420979334598088,wrong,,Acetylglucosamine,0.115,23,15,wrong,wrong,,False,False,False,False,0.115,False,False,50,1,,,,CC[CH]C(CCC)[C@@H](CC)[C@H](CC)[C@H](CCCC)[C@@H](C)C(C)O |^1:2|
aclidinium_cid11434515,,,aclidinium_cid11434515.png,low,low,0.0007443541480196613,invalid,,,,,,invalid,invalid,,False,False,False,False,,False,,,,,,,[H]C(C(O)C[CH]12CC34(CCCOC5CCCCC5)(CC3)C13C156C7C[N+]73189(CCCOC1CCCCC1)CCC58C2649)(C1C[CH]CC1)C1C[CH]CC1
adenosine_monophosphate_cid6083,,,adenosine_monophosphate_cid6083.png,low,low,7.361937957043596e-05,invalid,,,,,,invalid,invalid,,False,False,False,False,,False,,,,,,,*CC1C(C2CN[CH]34[CH]25NC26C789C(O5)[CH]25%10C37(C)[CH]685[CH]49%10C(O)O)CC(CSC(C)(C*)CC)C1O* |$R;;;;;;;;;;;;;;;;;;;;;;;;;;;;;R;;;;;R$|
aldosterone_cid5839,,,aldosterone_cid5839.png,low,low,0.203336752618419,invalid,,,,,,invalid,invalid,,False,False,False,False,,False,,,,,,,CCC1CC2C(C(C)COC)C[CH][CH]2(C)C2(C)CCC3CC(O)CCC3(C)C12C
allicin_cid65036,,,allicin_cid65036.png,low,low,0.06507516952550864,wrong,,Allicin,0.125,24,9,wrong,wrong,,False,False,False,False,0.125,False,False,55,1,,,,C=CCCCC[C@@H]1CCCCCCCC[C@@H](CCCCC=C)C1C
alpha_cyclodextrin_cid444913,,,alpha_cyclodextrin_cid444913.png,low,low,8.861541652360469e-15,invalid,,,,,,invalid,invalid,,False,False,False,False,,False,,,,,,,CCO12N34(C)C[CH]156789%10%11%12%13C1%14%15[CH]%16%17%18%19%20%21%22O35%23(CC)[CH]135%24%25%26%27%28O46(CC)[CH]2%14%23146%29%30%31C%16372%14%23[CH]37%16%32%33O[CH]%152%34%35%36%37%38%39%40(C)(OC(C)[CH]OC)O[CH]%142%15%41%42[CH]3%17518%34%14O%35[CH]%23%14135(O%36)[CH]72%378%14%17%23%34(OC)[CH]27%35%36%37%43%44[CH]%18%2449%45%46%47(O)[CH]849%18%24%48%49(OC)[CH]%192%256%108%50%51O26[CH]%207%264%29%11%10%19%25(O)O4[CH]2%21%35%279%30%127%11%20O[CH]46%22%36%28%18%31%1329[CH]%458%14%10746(OC)[CH]%16%151%37%24%3878(OC)[CH]%32%413%43%484%17%391%10(OC)[CH]%33%425%44%496%403(OC)[CH]%46%50%237%19%1121O(C)[CH]%47%51%3483%25%209%10OC.[H]OC1C(C)(OCC)OC(COC)C(C)(C)C1(C)CO
alpha_tocopherol_cid14985,,,alpha_tocopherol_cid14985.png,low,low,0.0900750721359417,wrong,,alpha-Tocopherol,0.218,29,31,wrong,wrong,,False,False,False,False,0.218,False,False,7,1,,,,CCCCC[C@H](N)CCC[C@H](C)CCC[C@@]1(O)CCC2C[C@H](OC)C(C)C[C@H]2O1
alprazolam_cid2118,,,alprazolam_cid2118.png,low,low,1.115835889050547e-05,invalid,,,,,,invalid,invalid,,False,False,False,False,,False,,,,,,,[7*]C12C3C[CH]45N6C([CH]N[CH]7(C8C[CH]CCC8)[CH]489[CH]14C3([7*])[CH]28[CH]7549)CN[CH]61CC1 |$R7;;;;;;;;;;;;;;;;;;;R7;;;;;;;$|
alvelestat_cid46861623,,,alvelestat_cid46861623.png,low,low,1.309712476945024e-05,invalid,,,,,,invalid,invalid,,False,False,False,False,,False,,,,,,,CC1C[CH]234CC5C2C(C(C=O)CNC3C(C)C(O)C2[CH][CH]3([CH]678O[CH]9%10%11C%12C6(C)C97[CH]%12%10C%118)C(C)OC(O)C(C1O)C23)[CH]5(C=O)CN4
amantadine_cid2130,,,amantadine_cid2130.png,low,low,0.001100489272388525,invalid,,,,,,invalid,invalid,,False,False,False,False,,False,,,,,,,CC123CC45CC67CC1CCC1C89C2C18C69[CH](C4)(C3)C57.[H][H]O
amiodarone_cid2157,,,amiodarone_cid2157.png,low,low,0.007910000971391768,wrong,,Amiodarone,0.147,30,31,wrong,wrong,,False,False,False,False,0.147,False,False,30,1,,,,*N1C[C@@H]([C@H](C)[C@@H]2[C@@H](CCCC)OC3CCCC[C@@H]32)C[C@H](C)[C@@H]1CCCN(CC)CC |$R;;;;;;;;;;;;;;;;;;;;;;;;;;;;;;$|
amitriptyline_cid2160,,,amitriptyline_cid2160.png,low,low,0.0002961934085554338,invalid,,,,,,invalid,invalid,,False,False,False,False,,False,,,,,,,CCC[CH]C[CH][CH]1234CC[CH]5(CC1C)C(C2)C(CC3C)C5C4
amlodipine_cid2162,,,amlodipine_cid2162.png,low,low,0.06346996168831096,invalid,,,,,,invalid,invalid,,False,False,False,False,,False,,,,,,,[H]N1C(C)C(C(C)OC)C([CH]23CC4C56C[CH]4(C5C2)C6C3O)C(C(=O)NCC)C1CNCCC(C)C
ammonium_sulfate_cid6097028,,,ammonium_sulfate_cid6097028.png,low,low,0.032412067492222,invalid,,,,,,invalid,invalid,,False,False,False,False,,False,,,,,,,[H][H][Si]([H])([H])([H][H])[H][H].[H][Si]([H])([H])([H])[H].[H][Si]([H])([H])([H])[H].[H][Si]([H])([H])[H]
amoxicillin_cid33613,,,amoxicillin_cid33613.png,low,low,0.006958232417330477,wrong,,Amoxicillin,0.052,37,25,wrong,wrong,,False,False,False,False,0.052,False,False,75,3,,,,"CCC[C@H](C)C[C](C)C.CCC[C@H](C)[C@H](CCO)[C@H](C)CC.CO[C@H]1C[CH][C@H]([C@@H](C)[C@@H](O)C(C)C)CC1 |^1:6,26|"
amphotericin_b_cid5280965,,,amphotericin_b_cid5280965.png,low,low,5.769061027381567e-05,invalid,,,,,,invalid,invalid,,False,False,False,False,,False,,,,,,,[CH]C1CCOCC2C(CO)C(C)[CH]23(OC)C2C456CC2(O)(O4)(O5)[CH]63OC(C(C)C)C(C)(O)[CH]C(O)C(O)CC(C)OC(C)CC(O)C(O)C[CH]2(OC3OC(C)C(NC)C(N(C)C)C3OC)CC34(O)OC(C)(CC(O)CC(O)C(OC)CCC(O)C1)CC(CO)[CH]3(C(=O)OC)C24
ampicillin_cid6249,,,ampicillin_cid6249.png,low,low,0.0005122010777460533,invalid,,,,,,invalid,invalid,,False,False,False,False,,False,,,,,,,CC*(C)C1CC(C)([CH]23[CH]4(CO)[CH]2(C)[CH]25(O)[CH]67(C(C)C)C(C)(C)[CH]2(C2CCCCC2)([CH]62CCCCC2)[CH]7(O)[CH]435C)OC1(C)C |$;;Ph;;;;;;;;;;;;;;;;;;;;;;;;;;;;;;;;;;;;;;;;;$|
anastrozole_cid2187,,,anastrozole_cid2187.png,low,low,0.04361061164436013,wrong,,Anastrozole,0.095,22,22,wrong,wrong,,False,False,False,False,0.095,False,False,31,3,,CC,,CC.CC.C[C@@H]1C2C[C@@H]1[C@H](CN1[CH]CCC1)C[C@@H]2C(C)(C)C |^1:12|
androstenedione_cid6128,,,androstenedione_cid6128.png,low,low,0.04465667696092397,invalid,,,,,,invalid,invalid,,False,False,False,False,,False,,,,,,,CC1[CH]CC23(C)C45(C)C6C7C8C[CH]79CC(C)CCC92(C)C4(C)C863(C)C15C
angiotensin_ii_cid172198,,,angiotensin_ii_cid172198.png,low,low,0.0007131645960683061,invalid,,,,,,invalid,invalid,,False,False,False,False,,False,,,,,,,CCC(C)NC(=O)(=O)N(C)C(CC1=CN=NN1C)C(=O)N1CCC[CH]12C1=O=C23C2[CH]N3C2C(C)(C)(=O)[CH]2(CC(C)C34=C5(=C2C2=C=5C3=CC=C2)C=CC=C4)N1.COC(N)CCC(=O)(=O)NC(C)C.[H]C(C(=O)C(CCCN=C(C(C)C)C(C)C)NC)C(C(=O)C(O)C(CC1=CC=C(OC)C=C1)C(=O)NC)C(C)C
aniline_cid6115,,,aniline_cid6115.png,low,low,0.1182716245885365,invalid,,,,,,invalid,invalid,,False,False,False,False,,False,,,,,,,C[SH2](C)[CH]123CCCC(C1)C2C3
ansamitocins_cid131750198,,,ansamitocins_cid131750198.png,low,low,1.519252487973121e-16,invalid,,,,,,invalid,invalid,,False,False,False,False,,False,,,,,,,CCC1C(O)[CH]1(O)CC=C(OC)C(O)C[CH]1(O)C[CH]23456789O[CH]2%10%11%12%13%14%15%16O2C%17%18(=O)=O=C%19%20(=O=C(O[CH]C1C(O)C(C)O)C%19N1CN%19(C)(CN(C)(C)(C%17)C1%19)C%18%20)O1[CH]3%10%17%18%19%20[CH]4%113%10%21%22%23O[CH]%1735%124%11(O%10)[CH]%18%216%1335%10O[CH]1%19%22437%146O5[CH]2%20%23%11%1086%15O9%16.CO[CH]123[CH]4567C189%10(O)(C(O)C(O)[CH]O)[CH]41%11O54%12C5O%13%14CO56(C%134)[CH]%14%12784C21956CC3%114%101(O5)[CH]2(O)C34OC25(O3)O[CH]4561
anthracene_cid8418,,,anthracene_cid8418.png,low,low,0.004907470409391285,invalid,,,,,,invalid,invalid,,False,False,False,False,,False,,,,,,,C1CC2CC3C4CCC5C(C4)C[CH]53C3C4CC1C[CH]243
apixaban_cid10182969,,,apixaban_cid10182969.png,low,low,0.001882220667431278,invalid,,,,,,invalid,invalid,,False,False,False,False,,False,,,,,,,[H]NC(O)C1NN(C2[CH]CC(OC)CC2)C2CN([CH][CH]CC(C)N3CCCCC3)C34C5C36C3CC64[CH]1235
arachidonic_acid_cid444899,,,arachidonic_acid_cid444899.png,low,low,0.1131200519901055,wrong,,Arachidonic Acid,0.174,54,22,wrong,wrong,,False,False,False,False,0.174,False,False,90,2,,,,*[C@H](CCCCC)[C@H](O)CCC(O)CC(O)C(O)CC(O)CCCCCC.CCCCCCC[C@@H](O)CC(O)C(O)CC(O)C(O)C[C@@H](O)CCCCCC |$R;;;;;;;;;;;;;;;;;;;;;;;;;;;;;;;;;;;;;;;;;;;;;;;;;;;;;;$|
aripiprazole_cid60795,,,aripiprazole_cid60795.png,low,low,0.5382532539502656,wrong,,Aripiprazole,0.198,31,30,wrong,wrong,,False,False,False,False,0.198,False,False,22,1,,,,OC1C2=C(CC[C@@H](OCCCCN3CCN([C@@H]4CCCC(O)[C@@H]4O)CC3)C2)CC[C@@H]1O
articaine_cid32170,,,articaine_cid32170.png,low,low,0.147873232885381,wrong,,Articaine,0.145,21,19,wrong,wrong,,False,False,False,False,0.145,False,False,20,1,,,,CCC[C@@H](C)[C@@H](C)[C@@H](N)[C@H](O)C(C(C)C)C(O)[C@@H](N)OC
asparagine_cid6267,,,asparagine_cid6267.png,low,low,0.6190211834374257,wrong,,(-)-Asparagine,0.062,7,9,wrong,wrong,,False,False,False,False,0.062,False,False,16,1,,,,*C(*)[C@H](CC[1*])CCC([1*])[1*] |$R;;R;;;;R1;;;;R1;R1$|
aspidospermidine_3_carboxylic_acid_4_acetyloxy_6_7_didehydro_cid10629256,,,aspidospermidine_3_carboxylic_acid_4_acetyloxy_6_7_didehydro_cid10629256.png,low,low,2.363118690026038e-10,invalid,,,,,,invalid,invalid,,False,False,False,False,,False,,,,,,,[H]CC1(C(C)OC)C(CC(C)C)C(CC)C23(C)C4C5CC26789C2[CH]%10%11(C[CH]%12%13C%14([H])C%12%15%16C%12%17C%18%19%20CC([N+](C)(C)C)C[CH]%21%22CC([N+](C)(C)C)C%18C%12(C)(C%21)(C%19)C%20%15C%14%17%13[CH]%16%12%13C(C%22)[CH]%14%15C[CH]CN%16=C%14%17[CH]%12%14O[CH]%17%13(O)[CH]%16%15%14)O6C236(C4C5%1076)(O%118)C19C
aspirin_cid2244,,,aspirin_cid2244.png,low,low,0.04309847011485875,wrong,,Aspirin,0.022,18,13,wrong,wrong,,False,False,False,False,0.022,False,False,44,2,,,,CCCC[C@@H](C)C(C)C.C[CH]CC[C@@H](C)C(C)C |^1:10|
atazanavir_cid148192,,,atazanavir_cid148192.png,low,low,9.025500711025962e-06,invalid,,,,,,invalid,invalid,,False,False,False,False,,False,,,,,,,CCC(N)C(O)[CH]12[CH](C)(C)(C)[CH]3(C(C)C(N)CC)(C(O)[CH]45(C)[CH]13(O)C1(=O)[CH]4367C4C89%10%11=C%12=C%13%14(=C=8%15C=CC=C%139=C(=C%14%10)C=C%12%15)C%113[CH]4153[CH]61O[CH]734(O)CN356C7[CH](C)(CCC(C)C(C)OCC(C)C)C3[CH]7(O5C(C)C(N(C)C(C)OC)C(C)(C)C)C164)[CH]2(C)(C)C
atenolol_cid2249,,,atenolol_cid2249.png,low,low,0.3685458769747029,wrong,,Atenolol,0.082,17,19,wrong,wrong,,False,False,False,False,0.082,False,False,16,1,,,,[H]C(CC)CC([H])([H])CO[C@@H]1CC[C@H](C[C@@H](C)C([H])[H])CC1
atorvastatin_cid60823,,,atorvastatin_cid60823.png,low,low,0.009679555853130463,invalid,,,,,,invalid,invalid,,False,False,False,False,,False,,,,,,,*CC(CCN1C(C(C)C)C(C(=O)N([H])[CH]2=CCCC[CH]2)C2C3CCCCC3C3C4[CH]5(O)C6C[CH]37(CC[CH]64(O)C5C7)C21)CC(CC)CC(C)CC |$R;;;;;;;;;;;;;;;;;;;;;;;;;;;;;;;;;;;;;;;;;;;;;;;;;;$|
atrazine_cid2256,,,atrazine_cid2256.png,low,low,0.2207381737149312,invalid,,,,,,invalid,invalid,,False,False,False,False,,False,,,,,,,CCC(O)C1C[CH](C)(O)NC(N(C)C(C)C)N1
auranofin_cid16667669,,,auranofin_cid16667669.png,low,low,0.04971354254666791,invalid,,,,,,invalid,invalid,,False,False,False,False,,False,,,,,,,CCC(CC)CC.CCC1O[CH]2(C[CH]3(CC)C2[CH]O3C)C(OC(C)C)C(OC(C)C)C1OC(C)=O
avermectin_b1a_cid6434889,,,avermectin_b1a_cid6434889.png,low,low,2.583541894866061e-07,invalid,,,,,,invalid,invalid,,False,False,False,False,,False,,,,,,,*O12C3[CH]4(C)O[CH]56C78[CH]9(OC)C[CH]75%10(OC(C)[CH]91(O[11*])[CH]38(OC)C42)O[CH]12[CH]3(C)O[CH]45C[CH]1(OC)[CH]3(C(C)O[CH]O41C3N4[CH]CC(OCOC([H])[CH]C)C7CCC(C)OCC8CC(C)C(OC)C(C)C8(O)[CH]C([H])C(O)C(O)C(C)[CH]41(O5)N3[CH]7)O26%10 |$R111;;;;;;;;;;;;;;;;;;R11;;;;;;;;;;;;;;;;;;;;;;;;;;;;;;;;;;;;;;;;;;;;;;;;;;;;;;;;;;;;;;;;$|
azane_dichloroplatinum_cid5702198,,,azane_dichloroplatinum_cid5702198.png,low,low,0.5729315859319843,wrong,,azane;dichloroplatinum,0.056,13,5,wrong,wrong,,False,False,False,False,0.056,False,False,34,3,,,,CC[NH+]CC.C[NH+](C)C.C[NH+](C)Cl |^1:2|
azathioprine_cid2265,,,azathioprine_cid2265.png,low,low,2.72491378328759e-05,invalid,,,,,,invalid,invalid,,False,False,False,False,,False,,,,,,,*C(C)N1N2CN3(C)[CH]145N1C6C78C(C)CN[CH]79NC7N[CH]8(C)C64[CH]134N(C)([CH]N79)C2NN54C(*)C |$Y;;;;;;;;;;;;;;;;;;;;;;;;;;;;;;;;Y;$|
azd_1390_cid126689157,,,azd_1390_cid126689157.png,low,low,3.500147254605504e-09,invalid,,,,,,invalid,invalid,,False,False,False,False,,False,,,,,,,*C12C[CH]345C6C7(*)[CH]189[CH]1%10[CH]27%11[CH]827CCC(NCCCN8CCCCC8)C(C2)C7[CH]9%112C1378=C%10421C7C(N(C)C)C(O)N2(C)C3C2C3[CH]6581 |$X;;;;;;X;;;;;;;;;;;;;;;;;;;;;;;;;;;;;;;;;;;;$|
azilsartan_cid135415867,,,azilsartan_cid135415867.png,low,low,0.00536531290759883,invalid,,,,,,invalid,invalid,,False,False,False,False,,False,,,,,,,COC(C)C1[CH]CCC2N[CH]N(CC3CC[CH]45C(C3)[CH]4(C)C[CH]53CCCCC3C3=NCC(O)C3C)C21
azithromycin_cid447043,,,azithromycin_cid447043.png,low,low,4.11041640185938e-05,invalid,,,,,,invalid,invalid,,False,False,False,False,,False,,,,,,,CCC1C(C)CC(O[CH]2345OC6[CH]2(C)C2O7C(OC(C)C)C(OC)C(C(OC)C(C)C(C)C)O[CH]78(C3C)C(C)(OC)CC(C)COC(C)C(OC)C(C)(OC)[CH](CC)(C(C)C(OC)C(C)OCC(C)CC28(C)C)C2C(O)[CH]43(C)C[CH]65[CH]23O)CC1(C)OC
bacitracin_cid10909430,,,bacitracin_cid10909430.png,low,low,3.978927610053944e-14,invalid,,,,,,invalid,invalid,,False,False,False,False,,False,,,,,,,C.C[CH][CH]C(O)O.O.O.[H]N(C)C(=O)CC(=O)C(O)CCCC[CH]123C45(NCC(C)CC)=O6=C789%10%11(C(C)CNC(=O)C%12C%13C%14N%12C%13C%12%13=O=C%14(=O=%12)O%12CO%13C%12)=O=C=6%12%13%14%15%16N6%17C%18%19%20[CH]%12%21%22%23[CH]6%12%24%25(C)[CH]%1841%217%136(O=8=%141=N9%15[CH]%19521%22%12%10%166[CH](C)([CH]CC)N%20%11)[CH]%173%23%241(C)C(=O)N2(CCC)C3(=O)C456C(CC)N34(C5(=O)C(=O)[CH]CCOCC)C26(=O)C(CCC)NC%251=O
baclofen_cid2284,,,baclofen_cid2284.png,low,low,0.224187447354102,wrong,,Baclofen,0.093,16,14,wrong,wrong,,False,False,False,False,0.093,False,False,21,1,,,,[H]C([H])CC(C[C@H](C)OC)[C@H](C)CCC(=O)[CH]C |^1:16|
beclomethasone_cid20469,,,beclomethasone_cid20469.png,low,low,0.005709700729501535,invalid,,,,,,invalid,invalid,,False,False,False,False,,False,,,,,,,[11*]C1234C5(CC)C6C7C(CC)([NH](C)CCC)C(C)CC7(O)C17(C)CC[CH]18CC(O)CC9C12%10%11CC983(C%10)C57%11([11*])[CH]64CC |$R11;;;;;;;;;;;;;;;;;;;;;;;;;;;;;;;;;;;R11;;;$|
bedaquiline_cid5388906,,,bedaquiline_cid5388906.png,low,low,0.03890756141622889,wrong,,Bedaquiline,0.105,36,37,wrong,wrong,,False,False,False,False,0.105,False,False,40,1,,,,[1*]C1C[CH][C@@H](CCC)C(C[C@@H](CC)[C@H](C(CCN(C)C)[C@@H]2CCC[C@H]3CCCC[C@@H]32)C2CCCCC2)C1 |$R1;;;;;;;;;;;;;;;;;;;;;;;;;;;;;;;;;;;;$|
benzene_cid241,,,benzene_cid241.png,low,low,0.06923939728787452,invalid,,,,,,invalid,invalid,,False,False,False,False,,False,,,,,,,C1CC2C[CH]3(C1)CCC23
benzene_d6_cid71601,,,benzene_d6_cid71601.png,low,low,0.09502501162925796,wrong,,Benzene-D6,0.0,11,6,wrong,wrong,,False,False,False,False,0.0,False,False,13,1,,,,[10*]C1C(C)[C@H](O)[C@H](O)[C@@H](O)[C@@H]1O |$R10;;;;;;;;;;;$|
benzo_a_pyrene_cid2336,,,benzo_a_pyrene_cid2336.png,low,low,0.0004243705315977335,invalid,,,,,,invalid,invalid,,False,False,False,False,,False,,,,,,,C1CC[CH]23C4C5C[CH]6789%10C%11C%12C6%13C%116C%11[CH]%14%15CCC(C[CH]2(C1)C[CH]%12%116%147)[CH]41C53CC8[CH]%139[CH]1%15%10
benzocaine_cid2337,,,benzocaine_cid2337.png,low,low,0.03084509558284356,wrong,,Benzocaine,0.071,28,12,wrong,wrong,,False,False,False,False,0.071,False,False,66,5,,CCC,,CCC.CCC.[H]C([H])/C(=C/C)CC/C=C\CCCCC(C)/C=C/C.[H]CC([H])=C.[H]CCl
benzoic_acid_cid243,,,benzoic_acid_cid243.png,low,low,0.1015844520585893,invalid,,,,,,invalid,invalid,,False,False,False,False,,False,,,,,,,COC(C)[CH]12CCC(CC1)CC2
beta_cyclodextrin_cid444041,,,beta_cyclodextrin_cid444041.png,low,low,3.037986573352665e-05,invalid,,,,,,invalid,invalid,,False,False,False,False,,False,,,,,,,CC[CH]C(OC)C(C)OC1(C)OC(COC)C(OC23OC(COC)C(C)(CC456(C)OC(COC)C(OC7(C)OC(COC)C(O)C(OC)C7CO)C(OC)[CH]47O5[CH]76C)C(OC)C2O3C)C(O)C1CO.[CH]C1C(OC2C(CCC)OC(C)C(CO)C2OC)C1O
beta_lactose_cid6134,,,beta_lactose_cid6134.png,low,low,0.009255933353697746,invalid,,,,,,invalid,invalid,,False,False,False,False,,False,,,,,,,CCOC(CO)CC1C(OC)[CH]23C4O5[CH]16CC(OC)C1[CH]27(CNC)C(OC)C(OC)[CH]4(CO)[CH](OC)(C7O)C(CO)[CH]153O6
betaine_cid247,,,betaine_cid247.png,low,low,0.7387896518354874,wrong,,Betaine,0.208,7,8,wrong,wrong,,False,False,False,False,0.208,False,False,8,1,,,,*[C@@H](C)C[N+](C)(C)C |$A;;;;;;;$|
betamethasone_cid9782,,,betamethasone_cid9782.png,low,low,0.0001155410942398085,invalid,,,,,,invalid,invalid,,False,False,False,False,,False,,,,,,,CCC[NH](C)C12(CC1CC)C(C)CC13(O)[CH]2(C)C2[CH]45(CC)[CH]267(CC)C28CC9%10%11%12%13CC%14%15%16(C9)C%10CC(O)C[CH]%14%119CCC1%10%11%14%17(C)CC3%10(C%11C9)(C24%156%12%14C)C85%167%13%17C
bicalutamide_cid2375,,,bicalutamide_cid2375.png,low,low,0.03758127594620464,wrong,,Bicalutamide,0.104,29,29,wrong,wrong,,False,False,False,False,0.104,False,False,36,3,,,,*CCC[C@@H](C=O)[C@H]([CH])O.C[C@H]1[C@H]2C[C@@H]2CC[C@@H]1C(O)(O)C[C@@](C)(CO)C(=O)O.[I-] |$(As16)AmAr17;;;;;;;;;;;;;;;;;;;;;;;;;;;;;$|
bismuth_subsalicylate_cid53629521,,,bismuth_subsalicylate_cid53629521.png,low,low,0.2473242167835593,wrong,,Bismuth Subsalicylate,0.027,12,12,wrong,wrong,,False,False,False,False,0.027,False,False,15,3,,O,,O.O.OC(O)[C@H]1CCCC[C@H]1O
bleomycin_a2_cid5460769,,,bleomycin_a2_cid5460769.png,low,low,1.493622045529312e-09,invalid,,,,,,invalid,invalid,,False,False,False,False,,False,,,,,,,C.C[CH]O[CH]O[CH]O[CH]COC.O.[1*]N(CCCN(C)C)C(=O)C1=CNC(C2=CCC(CCC([H])C(O)C3C(O)[CH](CC)(C(O)C([H])CCC4CC=C(C5N=CC(C(=O)N([1*])CCCN(C)C)=N5)N4)C(C)[CH]45C[CH]6(O)(C3O)[CH]4378(C)C[CH]564(O)(C3)[CH]7(C)[CH]356C7C3[CH]7(O)[CH]53O[CH]3(O)[CH]684O)N2)=N1 |$;;;;;;;;;;;;;R1;;;;;;;;;;;;;;;;;;;;;;;;;;;;;;;;;;;;;;;;;;;;;;;R1;;;;;;;;;;;;;;;;;;;;;;;;;;;;;;;;;;;;;$|
bleomycin_cid5360373,,,bleomycin_cid5360373.png,low,low,1.79423780357729e-08,invalid,,,,,,invalid,invalid,,False,False,False,False,,False,,,,,,,C.O.[10*]C(CCC1CC=C(C2NC=C(C(=O)N([10*])CCCN(C)C)N2)N1)[CH]1(O)[CH]23(CC)C[CH]14(C2C)C1(O)CC34[CH]1(C)C(C)C(C([CH])O)[CH](C)(C)O.[10*]C1=CC=C1[CH]1(NC2C3CN2C3C2[CH]N2)C[CH]2(O)(CC(CO)C(OC)C3(O)C456=C(COC)CC(OC7(=O)=O=C7O)C7(O)C48C75C3862O)C12=O=C2[10*] |$;;R10;;;;;;;;;;;;;;;R10;;;;;;;;;;;;;;;;;;;;;;;;;;;;;;;;;;R10;;;;;;;;;;;;;;;;;;;;;;;;;;;;;;;;;;;;;;;;;;;;;;;;;R10$|
bosentan_cid104865,,,bosentan_cid104865.png,low,low,0.01821054840461685,wrong,,Bosentan,0.124,36,39,wrong,wrong,,False,False,False,False,0.124,False,False,31,1,,,,COC1=CCCC[C@@H]1N[C@H]1C(NS(C)(C)[C@@H]2CCC(C(C)(C)C)CC2)C[C@@H](C2NCCCN2)N[C@@H]1O
bradykinin_cid439201,,,bradykinin_cid439201.png,low,low,0.0002083729961237092,invalid,,,,,,invalid,invalid,,False,False,False,False,,False,,,,,,,C[CH]C(O)C(CCCC=C(C(C)C)C(C)C)CCCC1C(O)[CH]1(CO)CC(O)[CH]12C3C45C1C31C4N2(C(O)C(COC)C(O)C(=O)O)C51.[H]C1C[CH]1(CCCNC(C(C)C)C(O)O)C(O)C1CCCN1C(=O)N1CCCC1C(=O)NCC(C)NC1C[CH]23C4=CC=CC2C=42(=CC=CCC2)C13
brevetoxin_b_cid10865865,,,brevetoxin_b_cid10865865.png,low,low,0.04541478585978748,invalid,,,,,,invalid,invalid,,False,False,False,False,,False,,,,,,,CC1CC2CC3(C)CC4(C)CC5(C)C(C)CC6(C)OC7(C)CC8(C)OC(O)CC(C)C8(C)OC7(C)CC6(C)OC5(C)CCC4(C)OC3(C)CC2(C)OC2(C)CC3(C)OC4(C)CCC(CC(=O)[CH](C)=O)OC4(C)CC3(C)OC2(C)O1
brexpiprazole_cid11978813,,,brexpiprazole_cid11978813.png,low,low,0.1352958473187056,wrong,,Brexpiprazole,0.051,31,31,wrong,wrong,,False,False,False,False,0.051,False,False,30,1,,,,O[C@H]1CC[C@@H]2CC[C@@H](NCCCCC3CCC([C@H]4CCCC5CC=C[C@@H]54)CC3)C[C@H]2C1
bromocriptine_cid31101,,,bromocriptine_cid31101.png,low,low,9.286888590001931e-05,invalid,,,,,,invalid,invalid,,False,False,False,False,,False,,,,,,,CC1C(C)C[CH]2(CO)C[CH]1([CH]13CC45C1C1C46[CH]4789C%10[CH]34%11[CH]C(O)[CH]7(O)[CH]%106%118C159)C2.COC123[CH][CH]45C(O)C([SH]C)(O1)(C(O)N2C(CC(C)C)C(O)C1CCCC13C)(C4(C)C)C5(C)C
brompheniramine_cid6834,,,brompheniramine_cid6834.png,low,low,0.1633721578094404,wrong,,Brompheniramine,0.186,18,19,wrong,wrong,,False,False,False,False,0.186,False,False,14,1,,,,*[C@@H]1CCCC[C@@H]1[C@H](CCN(C)C)[C@H]1CCCCN1 |$R;;;;;;;;;;;;;;;;;;$|
bryostatin_1_cid5280757,,,bryostatin_1_cid5280757.png,low,low,5.593420526342726e-15,invalid,,,,,,invalid,invalid,,False,False,False,False,,False,,,,,,,*C(C([H])=C[CH]12C(C)(C)C(O)(O)[CH]3(O[CH]145C(C(C)=O)C(C)(CC=C([H])C(O)O)C4[CH]25O)C1C2C(O)CC456(O)O[CH]478[CH]4(O)C9%10[CH]7(O)(C[CH]97%11%12(C[11*])C9[CH]%107(C[11*])C%117[CH]%12%10%11C%12[CH]%13(C)[CH]%12(OC=N)C%12%14%15(C)(C)C%16%17C%12%18%19%20%21%22OC%16%14%12%23%24%25(O[CH]23O1%18%12[CH]%17%15%19%23(C)(O%20%24)O%13%21%25)O%22[CH]97%10(O)O%11)[CH]485O6)C([H])CCC |$Me;;;;;;;;;;;;;;;;;;;;;;;;;;;;;;;;;;;;;;;;;;;;;;;;R11;;;;R11;;;;;;;;;;;;;;;;;;;;;;;;;;;;;;;;;;$|
bryostatin_cid6435419,,,bryostatin_cid6435419.png,low,low,3.496106873165457e-15,invalid,,,,,,invalid,invalid,,False,False,False,False,,False,,,,,,,[10*]N(C(C)CCC)C(C)[CH]12O[CH]1345C2[CH]31(O)C423(C)(C)[CH]46(OC)[CH]7(O)(C8C9C(O)(O)CC%10(C)(C(C)OC)CC%10C(O)C[CH]C[CH]%10%11%12%13C[CH]%10%14%15%16%17%18O%10C%14%19%20%21(OC)C(C)[CH]%14(OC=N)[CH]%15%22(OC)[CH]%15(OC=N)[CH]%19(C)C%10%20%16%19%23%24(OC)(O[CH]97O8%21%19)OC%11%237(=O)[CH]%14%15%17(OC)[CH]%227%12%18(O%13)O%24)C42(O)(O)C6153(C)OC.[10*]O |$R10;;;;;;;;;;;;;;;;;;;;;;;;;;;;;;;;;;;;;;;;;;;;;;;;;;;;;;;;;;;;;;;;;;;;;;;;;;;;;;;;;;;;;;R10;$|
bupivacaine_usan_inn_ban_cid2474,,,bupivacaine_usan_inn_ban_cid2474.png,low,low,0.2171885988251006,invalid,,,,,,invalid,invalid,,False,False,False,False,,False,,,,,,,*C(C(C)C1CCCCN1CCCC)C1C(C)CC2C[CH]1(C)C2C |$R;;;;;;;;;;;;;;;;;;;;;;;$|
bupropion_cid444,,,bupropion_cid444.png,low,low,0.340889661042053,wrong,,Bupropion,0.131,18,16,wrong,wrong,,False,False,False,False,0.131,False,False,17,2,,,,CCC(=O)[C@@H]1CC=C[C@H](C)C1.[10*]N(CC)C(C)(C)C |$;;;;;;;;;;;R10;;;;;;;$|
buspirone_cid2477,,,buspirone_cid2477.png,low,low,0.4062734452637205,wrong,,Buspirone,0.257,28,28,wrong,wrong,,False,False,False,False,0.257,False,False,18,1,,,,C[C@@H]1CC2(CCCC2)C[C@H](O)N1CCCCN1CCN([C@@H]2CC=CCC2)CC1
busulfan_cid2478,,,busulfan_cid2478.png,low,low,0.2108901770954775,wrong,,Busulfan,0.188,13,14,wrong,wrong,,False,False,False,False,0.188,False,False,19,1,,,,[H]C(C)(C)OCCCCOC1(C)CC1
butalbital_cid2481,,,butalbital_cid2481.png,low,low,0.04272445703739188,invalid,,,,,,invalid,invalid,,False,False,False,False,,False,,,,,,,CC(C)CC123C[CH](C)(C)C1(C(C)C)C1[CH]2(O)C(C)C(O)C(O)[CH]13O
c_i_acid_orange_52_cid23673835,,,c_i_acid_orange_52_cid23673835.png,low,low,0.006819947252521488,invalid,,,,,,invalid,invalid,,False,False,False,False,,False,,,,,,,CC(C)CC1CC[CH]2(C)CC1C2C(O)C(C)CCC(C)C(C)C.O
cabazitaxel_cid9854073,,,cabazitaxel_cid9854073.png,low,low,0.01640938851679353,invalid,,,,,,invalid,invalid,,False,False,False,False,,False,,,,,,,*C(C(O)OC(C)(C)C)C(C1CCCCC1)C(O[1*])C(C)OC1CC2C(OC(O)C3CC=CCC3)C3(C)C(C)(CC(OC)C(N1C)C2(C)C)C(OC)CC1(C)OCC13O[CH](C)=O |$R;;;;;;;;;;;;;;;;;;R1;;;;;;;;;;;;;;;;;;;;;;;;;;;;;;;;;;;;;;;;;;;$|
cabergoline_cid54746,,,cabergoline_cid54746.png,low,low,0.002508651976852481,invalid,,,,,,invalid,invalid,,False,False,False,False,,False,,,,,,,*N(C)C(C)N(CCC)C(O)C1CC(C)C2([H])(C)C(O)C1[CH]2(O)[CH]123C45C67C8C49[CH]64%10%11[CH]6%12O[CH]4%13%14(O)C[CH]4(C6%13)[CH]1%106%13O([CH]852)[CH]43%116[CH]79%12%14%13.CC(C)C |$Y;;;;;;;;;;;;;;;;;;;;;;;;;;;;;;;;;;;;;;;;;;;;$|
cabozantinib_cid25102847,,,cabozantinib_cid25102847.png,low,low,3.530752779822812e-05,invalid,,,,,,invalid,invalid,,False,False,False,False,,False,,,,,,,*O[CH]123C4C5=C678(NC9CCNC%10CC(OC)C(OC)[CH]C%109)=CC51[CH]41(N(*)C(=O)C4(C(O)C(O)C5CC=C(C)CC5)CC4)[CH]24C=6[CH]31(C7)O=84 |$R;;;;;;;;;;;;;;;;;;;;;;;;;R;;;;;;;;;;;;;;;;;;;;;$|
caffeine_cid2519,,,caffeine_cid2519.png,low,low,0.02203439193803376,invalid,,,,,,invalid,invalid,,False,False,False,False,,False,,,,,,,CC1CC2CC3C4[CH]5(C)C(C)CC1C23[CH]45C
calcium_gluconate_cid9290,,,calcium_gluconate_cid9290.png,low,low,0.6216102717191815,wrong,,Calcium Gluconate,0.167,30,27,wrong,wrong,,False,False,False,False,0.167,False,False,29,2,,,,[11*]C[C@@H](C(=O)O)[C@@H](O[11*])[C@H](O[11*])[C@H](CC)CCO.[11*]OC[C@@H](O[11*])[C@H](O[11*])[C@H](CO)[C@H](CC)C(O)O |$R11;;;;;;;;R11;;;R11;;;;;;;R11;;;;;R11;;;R11;;;;;;;;;$|
camphor_cid2537,,,camphor_cid2537.png,low,low,0.7575340072774187,wrong,,Camphor,0.189,11,11,wrong,wrong,,False,False,False,False,0.189,False,False,6,1,,,,C[C@H]1CC2CC[N+]1(C)C2(C)C
camptothecin_cid24360,,,camptothecin_cid24360.png,low,low,0.01492739967489388,wrong,,Camptothecin,0.119,27,26,wrong,wrong,,False,False,False,False,0.119,False,False,34,1,,,,CCC1(CC)[C@@H]2C[C@@H]3[C@H]4C[C@@H]5CC=CC[C@@H]5C[C@@H]4C[C@H]3[C@H](O)[C@H]2CN[C@@H]1C
candesartan_cid2541,,,candesartan_cid2541.png,low,low,2.149682411784857e-05,invalid,,,,,,invalid,invalid,,False,False,False,False,,False,,,,,,,*C1N[CH]23C4N2[CH]2(*)N=N43(C3C[CH]CO[CH]34[CH]356C7C[CH]8(CN9[CH]NC%10CC[CH]C(C(N)CC)C%109)C[CH]39C8C5[CH]7946)=N12 |$Y;;;;;;;Y;;;;;;;;;;;;;;;;;;;;;;;;;;;;;;;;$|
candesartan_cilexetil_cid2540,,,candesartan_cilexetil_cid2540.png,low,low,0.008908455831265018,invalid,,,,,,invalid,invalid,,False,False,False,False,,False,,,,,,,*N1NCC(C2=CCCCC2[CH]23CC[CH]4(CC5C(CC)CC6CCCC(C(C)OC(C)CC(C)OC7CCCCC7)C65)C5C2C4C53)N1 |$R;;;;;;;;;;;;;;;;;;;;;;;;;;;;;;;;;;;;;;;;;;;;;;$|
caprolactam_cid7768,,,caprolactam_cid7768.png,low,low,0.2771076554878784,wrong,,Caprolactam,0.023,14,8,wrong,wrong,,False,False,False,False,0.023,False,False,27,1,,,,[10*]CC(CCC1CC1)CC([H])CCCCC |$R10;;;;;;;;;;;;;;;$|
carbamazepine_cid2554,,,carbamazepine_cid2554.png,low,low,7.609376870093629e-06,invalid,,,,,,invalid,invalid,,False,False,False,False,,False,,,,,,,CCC1CC23C4C5C6CC6C6C(CCC7C8C7C68)O[CH]54267CC6CCC[CH]13CO7.[CH]CC(C)C
carbon_dioxide_cid280,,,carbon_dioxide_cid280.png,low,low,0.0,invalid,,,,,,invalid,invalid,,False,False,False,False,,False,,,,,,,CCCC1CC1CCCCC1CC1C1C2C13C21C32C34C56C(CCC7C8C(CCCCCCCCCCCC9C%10C9C%109CC9%10CC%109C%10C%11%12C(CCCC%13C%14C%13%15C%14%13C%15%14C%13%15C%14%13C%15%14C%13%15%16%17%18%19%20%21%22%23C%14%13%24%25%26%27%28%29%30%31%32%33%34%35%36%37%38%39%40C%14%41%42%43%44%45%46%47%48%49%50%51%52%53%54%55%56%57%58%59C%60%61%62%63%64%65C%66%67%68%69%70C%71%72%73%74C%66%75%76%77C%71%67%66%78C%72%75%67%71C%76%66%72%75%79%80%81%82%83C%78%67%66%76%84%85%86%87%88%89%90%91%92%93%94C%71%72%67%78%95%96%97%98%99%(100)%(101)%(102)%(103)%(104)%(105)%(106)%(107)%(108)%(109)C%75%66%71%72%(110)%(111)%(112)%(113)%(114)%(115)%(116)%(117)%(118)%(119)%(120)%(121)%(122)%(123)%(124)%(125)%(126)C%76%67%66%75%(127)%(128)%(129)%(130)%(131)%(132)%(133)%(134)%(135)%(136)%(137)%(138)%(139)%(140)%(141)%(142)%(143)%(144)%(145)C%78%71%67%76%(146)%(147)%(148)%(149)%(150)%(151)%(152)%(153)%(154)%(155)%(156)%(157)%(158)%(159)%(160)%(161)%(162)%(163)%(164)%(165)C%66%71%78%(166)%(167)%(168)%(169)%(170)%(171)%(172)%(173)%(174)%(175)%(176)%(177)%(178)%(179)%(180)%(181)%(182)%(183)%(184)%(185)%(186)%(187)C%15%13%14%66%(188)%(189)%(190)%(191)%(192)%(193)%(194)%(195)%(196)%(197)%(198)%(199)%(200)%(201)%(202)%(203)%(204)%(205)%(206)%(207)C%60%41%13%14%15%(208)%(209)%(210)%(211)%(212)%(213)%(214)C%73%77%68%61%41C%74%69%62%13%60C%70%41%63%14%42%13%61C%60%64%15%43%66%14%41%42%62%63%68%69%70%73C%65%13%(208)%44%(188)%15%43%60%64%66%74%77%(215)%(216)%(217)C%61%(209)%14%24%45%(189)%13%44%65%(188)%(208)%(218)%(219)%(220)%(221)%(222)%(223)%(224)%(225)%(226)%(227)C%16%25%46%(190)%14%24%45%61%(189)%(209)%(228)%(229)%(230)%(231)%(232)%(233)%(234)%(235)%(236)%(237)%(238)%(239)C%26%47%13%(191)%16%25%46%(190)%(240)%(241)%(242)%(243)%(244)%(245)%(246)%(247)%(248)%(249)%(250)%(251)%(252)%(253)%(254)%(255)C%44%14%(192)%71%13%26%47%(191)%(256)%(257)%(258)%(259)%(260)%(261)%(262)%(263)%(264)%(265)%(266)%(267)%(268)%(269)%(270)%(271)C%(193)%16%78%14%44%71%(192)%(272)%(273)%(274)%(275)%(276)%(277)%(278)%(279)%(280)%(281)%(282)%(283)%(284)%(285)%(286)%(287)%(288)C%72%75%67%(166)%16%78%(193)%(289)%(290)%(291)%(292)%(293)%(294)%(295)%(296)%(297)%(298)%(299)%(300)%(301)%(302)%(303)%(304)%(305)%(306)C%17%(210)%41%15%27%48%65%24%(194)%25%13%14%(167)%67%72%75%(166)%(307)%(308)%(309)%(310)%(311)%(312)%(313)%(314)%(315)C%18%42%43%28%49%(188)%45%(195)%46%26%44%76%(168)%16%13%14%15%17%24%25%27%41%48%65%(167)%(194)%(210)C%19%(211)%62%60%29%50%(208)%61%(127)%(196)%(190)%47%71%(146)%(169)%78%67%16%18%26%28%42%43%44%45%46%49%76%(168)%(188)C%20%(212)%63%64%30%51%(218)%(189)%(128)%(197)%(240)%(191)%(192)%(147)%(170)%(193)%72%13%19%29%47%50%60%61%62%67%71%78%(127)%(146)C%21%(213)%68%66%31%52%(219)%(110)%(209)%(129)%(198)%(241)%(256)%(272)%(148)%(171)%(289)%75%14%16%13%20%30%51%63%64%72%(128)%(147)%(169)%(170)%(189)C%22%(214)%69%74%32%95%53%(220)%(111)%(228)%(130)%(199)%(242)%(257)%(273)%(149)%(172)%(290)%(166)%15%18%19%14%16%21%31%52%66%68%75%(110)%(129)%(148)%(171)C%23%70%77%33%96%54%(221)%(112)%(229)%(131)%(200)%(243)%(258)%(274)%(150)%(173)%(291)%(307)%17%26%29%13%15%18%19%22%32%53%69%74%95%(111)%(130)%(149)C%97%(113)%(132)%(259)%(275)%(151)%(174)%(292)%13%17%23%26%29%33%54%70%77%96%(112)%(131)%(150)%(166)%(172)%(173)%(190)%(191)%(192)%(193)%(195)%(196)%(197)%(198)C%(152)%(293)%97%(113)%(132)%(151)%(174)%(199)%(200)%(208)%(209)%(211)%(212)%(213)%(214)%(218)%(219)%(220)%(221)%(228)%(229)%(240)%(241)%(242)%(243)%(256)%(257)%(258)C%13%(152)%(259)%(272)%(273)%(274)%(275)%(289)%(290)%(291)%(292)%(293)%(307)%(316)%(317)%(318)%(319)%(320)%(321)%(322)%(323)%(324)%(325)%(326)%(327)%(328)%(329)%(330)C%97%17%13%(331)%(332)%(333)%(334)%(335)%(336)%(337)%(338)%(339)%(340)%(341)%(342)%(343)%(344)%(345)%(346)%(347)%(348)%(349)%(350)%(351)%(352)%(353)%(354)%(355)%(356)C%(113)%(152)%23%17%97%(357)%(358)%(359)%(360)%(361)%(362)%(363)%(364)%(365)%(366)%(367)%(368)%(369)%(370)%(371)%(372)%(373)%(374)%(375)%(376)%(377)%(378)%(379)%(380)%(381)C%(114)%(133)%(276)%(153)%(175)%(294)%(132)%(259)%13%26%23%(113)%(152)%(382)%(383)%(384)%(385)%(386)%(387)%(388)%(389)%(390)%(391)%(392)%(393)%(394)%(395)%(396)%(397)%(398)%(399)C%(151)%(272)%(331)%17%29%13%26%(114)%(132)%(133)%(153)%(175)%(259)%(276)%(294)%(400)%(401)%(402)%(403)%(404)%(405)%(406)%(407)%(408)%(409)%(410)%(411)%(412)%(413)%(414)%(415)%(416)%(417)C%84%98%(115)%(134)%(244)%(260)%(277)%(154)%(176)%(295)%(174)%(273)%(332)%97%23%20%33%14%15%17%29%(151)%(272)%(331)%(418)%(419)%(420)%(421)%(422)%(423)%(424)%(425)%(426)%(427)C%73%(215)%34%99%55%(222)%(116)%(230)%(135)%(201)%(245)%(261)%(278)%(155)%(177)%(296)%(308)%24%28%47%(113)%30%54%16%18%14%15%20%23%33%84%97%98%(115)C%85%(100)%(117)%(136)%(246)%(262)%(279)%(156)%(178)%(297)%(199)%(274)%(333)%(357)%(152)%70%13%21%19%17%16%18%24%28%30%34%47%54%55%73%99%(113)%(116)%(134)C%(200)%(275)%(334)%(358)%(382)%77%26%29%13%17%19%21%70%85%(100)%(117)%(135)%(136)%(152)%(154)%(155)%(156)%(174)%(176)%(177)%(178)%(199)%(201)%(215)%(222)%(230)%(244)%(245)%(246)C%86%(101)%(118)%(231)%(137)%(247)%(263)%(280)%(157)%(179)%(298)%(208)%(289)%(335)%42%50%(359)%(383)%51%96%(114)%31%22%14%(151)%16%26%29%77%(200)%(260)%(261)%(262)%(273)%(274)%(275)C%(216)%87%35%(102)%56%(223)%(119)%(232)%(138)%(202)%(248)%(264)%(281)%(158)%(180)%(299)%(309)%25%(209)%43%60%(384)%63%(112)%52%32%15%(272)%18%14%16%22%31%42%50C%(217)%88%36%(103)%57%(224)%(120)%(233)%(139)%(203)%(249)%(265)%(282)%(159)%(181)%(300)%(310)%27%(211)%(290)%44%61%(385)%64%(131)%66%53%20%(331)%24%26%15%18%25%32%35C%89%37%(104)%58%(225)%(121)%(234)%(140)%(204)%(250)%(266)%(283)%(160)%(182)%(301)%(311)%41%(212)%(291)%(336)%45%62%(386)%72%(150)%68%69%23%(418)%28%14%29%20%24%26%27C%79%90%(105)%(122)%(235)%(141)%(251)%(267)%(284)%(161)%(183)%(302)%(312)%48%(213)%(292)%(337)%46%67%(360)%(387)%(128)%(166)%(132)%75%74%33%(419)%30%13%16%15%77%14%23%28%29C%(214)%(293)%(338)%(361)%(388)%(172)%(133)%(420)%34%17%(200)%13%15%16%30%33%36%37%41%43%44%45%46%48%51%52%53%56%57%58%60%61%62%63%64%66C%17%34%67%68%69%72%74%75%77%79%86%87%88%89%90%96%(101)%(102)%(103)%(104)%(105)%(112)%(114)%(118)%(119)%(120)%(121)%(122)%(128)%(131)%(132)%(133)%(137)%(138)%(139)C%(140)%(141)%(150)%(151)%(157)%(158)%(159)%(160)%(161)%(166)%(172)%(179)%(180)%(181)%(182)%(183)%(200)%(202)%(203)%(204)%(208)%(209)%(211)%(212)%(213)%(214)%(216)%(217)%(223)%(224)%(225)C%17%(231)%(232)%(233)%(234)%(235)%(247)%(248)%(249)%(250)%(251)%(263)%(264)%(265)%(266)%(267)%(272)%(277)%(278)%(279)%(280)%(281)%(282)%(283)%(284)%(289)%(290)%(291)%(292)%(293)%(295)C%(140)%34%17%(296)%(297)%(298)%(299)%(300)%(301)%(302)%(308)%(309)%(310)%(311)%(312)%(331)%(332)%(333)%(334)%(335)%(336)%(337)%(338)%(357)%(358)%(359)%(360)%(361)%(382)%(383)%(384)%(385)C%(141)%(231)%67%34%(140)%(386)%(387)%(388)%(418)%(419)%(420)%(428)%(429)%(430)%(431)%(432)%(433)%(434)%(435)%(436)%(437)%(438)%(439)%(440)%(441)%(442)%(443)%(444)%(445)%(446)%(447)%(448)C%(150)%(232)%17%68%67%(141)%(231)%(449)%(450)%(451)%(452)%(453)%(454)%(455)%(456)%(457)%(458)%(459)%(460)%(461)%(462)%(463)%(464)%(465)%(466)%(467)%(468)%(469)%(470)%(471)%(472)%(473)C%(151)%(233)%(296)%34%69%17%68%(150)%(232)%(474)%(475)%(476)%(477)%(478)%(479)%(480)%(481)%(482)%(483)%(484)%(485)%(486)%(487)%(488)%(489)%(490)%(491)%(492)%(493)%(494)%(495)%(496)%(497)C%(157)%(234)%(297)%(140)%67%72%34%69%(151)%(233)%(296)%(498)%(499)%(500)%(501)%(502)%(503)%(504)%(505)%(506)%(507)%(508)%(509)%(510)%(511)%(512)%(513)%(514)%(515)%(516)%(517)%(518)%(519)C%(158)%(235)%(298)%(386)%(141)%17%74%67%72%(140)%(157)%(234)%(297)%(520)%(521)%(522)%(523)%(524)%(525)%(526)%(527)%(528)%(529)%(530)%(531)%(532)%(533)%(534)%(535)%(536)%(537)%(538)%(539)C%(159)%(247)%(299)%(387)%(231)%68%34%75%17%74%(141)%(158)%(235)%(298)%(386)%(540)%(541)%(542)%(543)%(544)%(545)%(546)%(547)%(548)%(549)%(550)%(551)%(552)%(553)%(554)%(555)%(556)%(557)C%(160)%(248)%(300)%(388)%(449)%(150)%69%67%77%34%68%75%(159)%(231)%(247)%(299)%(387)%(558)%(559)%(560)%(561)%(562)%(563)%(564)%(565)%(566)%(567)%(568)%(569)%(570)%(571)%(572)%(573)%(574)C%(161)%(249)%(301)%(418)%(450)%(232)%(151)%72%17%79%67%69%77%(150)%(160)%(248)%(300)%(388)%(449)%(575)%(576)%(577)%(578)%(579)%(580)%(581)%(582)%(583)%(584)%(585)%(586)%(587)%(588)%(589)C%(166)%(250)%(302)%(419)%(451)%(474)%(233)%(140)%74%34%86%17%72%79%(151)%(161)%(232)%(249)%(301)%(418)%(450)%(590)%(591)%(592)%(593)%(594)%(595)%(596)%(597)%(598)%(599)%(600)%(601)%(602)C%(172)%(251)%(308)%(420)%(452)%(475)%(296)%(157)%(141)%68%67%87%13%34%74%86%(140)%(166)%(233)%(250)%(302)%(419)%(451)%(474)%(603)%(604)%(605)%(606)%(607)%(608)%(609)%(610)%(611)%(612)%(613)C%(179)%(263)%(309)%(428)%(453)%(476)%(498)%(234)%(158)%75%69%17%88%15%13%67%68%87%(141)%(157)%(172)%(251)%(296)%(308)%(420)%(452)%(475)%(614)%(615)%(616)%(617)%(618)%(619)%(620)%(621)C%(180)%(264)%(310)%(429)%(454)%(477)%(499)%(297)%(235)%(159)%77%72%19%89%34%16%15%17%69%75%88%(158)%(179)%(234)%(263)%(309)%(428)%(453)%(476)%(498)%(622)%(623)%(624)%(625)%(626)%(627)C%(181)%(265)%(311)%(430)%(455)%(478)%(500)%(520)%(298)%(231)%(150)%79%21%90%74%13%30%16%19%34%72%77%89%(159)%(180)%(235)%(264)%(297)%(310)%(429)%(454)%(477)%(499)%(628)%(629)%(630)C%(182)%(266)%(312)%(431)%(456)%(479)%(501)%(521)%(386)%(153)%(247)%(160)%(151)%70%96%86%67%15%33%13%21%30%74%79%90%(150)%(181)%(231)%(265)%(298)%(311)%(430)%(455)%(478)%(500)%(520)%(631)C%(183)%(267)%(331)%(432)%(457)%(480)%(502)%(522)%(540)%(175)%(299)%(248)%(161)%85%(101)%(140)%68%17%16%36%15%33%67%70%86%96%(151)%(153)%(160)%(182)%(247)%(266)%(312)%(386)%(431)%(456)%(479)C%(200)%(272)%(332)%(433)%(458)%(481)%(503)%(523)%(541)%(259)%(387)%(300)%(232)%(100)%(102)%(166)%87%69%19%37%13%16%17%36%68%85%(101)%(140)%(161)%(175)%(183)%(248)%(267)%(299)%(331)%(432)%(457)C%(202)%(277)%(333)%(434)%(459)%(482)%(504)%(524)%(542)%(276)%(558)%(388)%(249)%(117)%(103)%(233)%(141)%75%34%41%21%15%13%19%37%69%87%(100)%(102)%(166)%(200)%(232)%(259)%(272)%(300)%(332)%(387)C%(362)%(203)%(278)%(334)%(435)%(460)%(483)%(505)%(525)%(543)%(294)%(559)%(449)%(301)%(135)%(104)%(250)%(157)%88%72%43%30%33%16%15%21%34%41%75%(103)%(117)%(141)%(202)%(233)%(249)%(276)%(277)%(333)C%(363)%(204)%(279)%(335)%(436)%(461)%(484)%(506)%(526)%(544)%(400)%(560)%(575)%(418)%(136)%(105)%(302)%(172)%(158)%77%44%74%67%17%13%16%30%33%43%72%88%(104)%(135)%(157)%(203)%(250)%(278)%(294)C%(218)%(307)%(339)%(364)%(389)%(173)%(401)%(421)%47%(561)%(576)%(450)%(152)%(112)%(419)%(251)%(260)%(179)%89%45%79%70%36%19%15%13%17%44%67%74%77%(105)%(136)%(158)%(172)%(204)%(279)(C%80%91%(106)%(123)%(236)%(142)%(252)%(268)%(285)%(162)%(184)%(303)%65%(219)%(316)%(340)%49%71%(365)%(390)%(147)%(190)%(402)%(110)%95%84%(422)%54%(154)%22%18%20%(261)%46%14%15%19C%81%92%38%(107)%59%(226)%(124)%(237)%(143)%(205)%(253)%(269)%(286)%(163)%(185)%(304)%(313)%(167)%(220)%(317)%(341)%76%78%(366)%(391)%(169)%(191)%(129)%(111)%97%(423)%55%31%25%24%(262)%23%14C%82%93%39%(108)%(227)%(125)%(238)%(144)%(206)%(254)%(270)%(287)%(164)%(186)%(305)%(314)%(194)%(221)%(318)%(342)%(168)%(127)%(367)%(392)%(170)%(192)%(403)%(148)%(130)%98%(424)%73%42%32%26%(273)%28%15C%83%94%40%(109)%(126)%(239)%(145)%(207)%(255)%(271)%(288)%(165)%(187)%(306)%(315)%(210)%(228)%(319)%(343)%(188)%(146)%(368)%(393)%(189)%(193)%(404)%(171)%(149)%(115)%(425)%99%(155)%50%35%27%(274)%29%19%14)C%(344)%(369)%(208)%(280)%(336)%(437)%(462)%(485)%(507)%(527)%(545)%(405)%(562)%(577)%(590)%(156)%(114)%(451)%(296)%(234)%(159)%48%90%86%68%37%21%16%14%15%18%19%20%22%23%24%25%26%27C%(345)%(370)%(209)%(281)%(337)%(438)%(463)%(486)%(508)%(528)%(546)%(406)%(563)%(578)%(591)%(174)%(118)%(474)%(308)%(263)%(180)%51%(150)%96%85%69%34%30%13%16%21%28%29%31%32%35%36%37%38C%(320)%(346)%(371)%(211)%(282)%(338)%(439)%(464)%(487)%(509)%(529)%(547)%(407)%(564)%(579)%(592)%(176)%(119)%(603)%(420)%(309)%(235)%52%(181)%(151)%(101)%87%41%33%17%14%13%30%34%39%40%42%45%46%47C%(321)%(347)%(372)%(212)%(283)%(357)%(440)%(465)%(488)%(510)%(530)%(548)%(408)%(565)%(580)%(593)%(177)%(120)%(604)%(452)%(428)%(264)%53%(231)%(153)%(140)%(100)%75%43%44%15%16%14%17%33%41%48%49%50%51C%(322)%(348)%(373)%(213)%(284)%(358)%(441)%(466)%(489)%(511)%(531)%(549)%(409)%(566)%(581)%(594)%(178)%(121)%(605)%(475)%(453)%(297)%56%(265)%(160)%(161)%(102)%(103)%72%67%18%21%13%15%16%43%44%52%53%54C%(229)%(323)%(349)%(374)%(214)%(289)%(359)%(442)%(467)%(490)%(512)%(532)%(550)%(410)%(567)%(582)%(595)%(199)%(122)%(606)%(614)%(476)%(310)%57%(298)%(182)%(175)%(166)%(117)%88%74%19%28%30%14%13%18%21%55%56%59C%(240)%(324)%(350)%(375)%(216)%(290)%(360)%(443)%(468)%(491)%(513)%(533)%(551)%(411)%(568)%(583)%(596)%(201)%(128)%(607)%(615)%(498)%(429)%58%(311)%(247)%(183)%(200)%(141)%(104)%77%20%29%34%17%15%14%19%28%30%57C%(241)%(325)%(351)%(376)%(394)%(195)%(492)%(514)%(534)%(552)%(412)%(426)%(113)%(569)%(584)%(597)%(215)%(131)%(608)%(616)%(275)%(622)%(454)%60%(430)%(266)%(248)%(232)%(202)%(135)%(105)%22%31%39%33%16%13%15%17%20%29C%(242)%(326)%(352)%(377)%(217)%(291)%(395)%(361)%(444)%(469)%(493)%(515)%(535)%(553)%(413)%(570)%(585)%(598)%(222)%(132)%(609)%(617)%(623)%(477)%61%(455)%(312)%(267)%(259)%(233)%(157)%(136)%23%32%40%41%43%18%14%13%16%22C%(243)%(327)%(353)%(378)%(223)%(292)%(396)%(382)%(445)%(470)%(494)%(516)%(536)%(554)%(414)%(571)%(586)%(599)%(230)%(133)%(610)%(618)%(624)%(499)%62%(478)%(386)%(299)%(272)%(249)%(203)%(158)%24%35%42%48%44%21%19%15%14%18C%(256)%(328)%(354)%(379)%(224)%(293)%(397)%(196)%(383)%(446)%(471)%(495)%(517)%(537)%(555)%(415)%(572)%(587)%(600)%(244)%(137)%(611)%(619)%(625)%(628)%63%(500)%(431)%(331)%(300)%(276)%(250)%(172)%25%36%45%49%52%55%28%17%13%15C%(257)%(329)%(355)%(380)%(398)%(197)%(384)%(447)%(472)%(496)%(518)%(538)%(556)%(416)%(427)%(116)%(573)%(588)%(601)%(245)%(138)%(612)%(620)%(626)%(629)%64%(520)%(456)%(432)%(332)%(277)%(278)%(204)%26%37%46%50%53%56%30%20%16%14C%(258)%(330)%(356)%(381)%(225)%(295)%(399)%(198)%(385)%(448)%(473)%(497)%(519)%(539)%(557)%(417)%(134)%(574)%(589)%(602)%(246)%(139)%(613)%(621)%(627)%(630)%66%(631)%(479)%(457)%(387)%(333)%(294)%(279)%27%38%47%51%54%59%57%29%22%18%15)C%11C%10%129)C78)C5C63C142
cardiolipin_cid166177218,,,cardiolipin_cid166177218.png,low,low,0.01587139359827268,invalid,,,,,,invalid,invalid,,False,False,False,False,,False,,,,,,,C.CCCCCCC(=O)CCCCCCCCC(=O)OCCOP(O)OCCCCOCO.[1*]C(=CCCCC)C(=C)CC(O)=C([1*])CCCCCC(=O)OCC(CC(=O)(O)(O)OCCCCOP(=O)(O)OCC(CCCCCCCC([H])=C(O)CC(O)=C(O)CCCCC)OC(=O)CCCCCCCCC(=O)CCCCCC)OCCCCCCCCC(O)=C(O)CCCCCC |$;;;;;;;;;;;;;;;;;;;;;;;;;;;;;;;;;R1;;;;;;;;;;;;;R1;;;;;;;;;;;;;;;;;;;;;;;;;;;;;;;;;;;;;;;;;;;;;;;;;;;;;;;;;;;;;;;;;;;;;;;;;;;;;;;;;;;;;;$|
carisoprodol_cid2576,,,carisoprodol_cid2576.png,low,low,0.7120652735887876,wrong,,Carisoprodol,0.224,15,18,wrong,wrong,,False,False,False,False,0.224,False,False,17,1,,,,*C(*)C(*)CCC(C)(CCC)CCCCCC |$R;;R;;R;;;;;;;;;;;;;$|
catechin_cid9064,,,catechin_cid9064.png,low,low,0.07178862676402631,invalid,,,,,,invalid,invalid,,False,False,False,False,,False,,,,,,,COC1CCC(C2C[CH]34CCCC[CH]3(CC2O)C(CO)CCC4)CC1OC
cediranib_cid9933475,,,cediranib_cid9933475.png,low,low,0.04251029551338844,wrong,,Cediranib,0.17,32,33,wrong,wrong,,False,False,False,False,0.17,False,False,32,1,,,,*N1C(C)=C[C@@H]2C(C)C(O[C@H]3CC[C@@H](C)[C@H]4CC(CCCCN5CCCC5)C([1*])C[C@H]43)CC[C@@H]21 |$R;;;;;;;;;;;;;;;;;;;;;;;;;;;;R1;;;;;$|
cefazolin_cid33255,,,cefazolin_cid33255.png,low,low,0.01319079884562558,invalid,,,,,,invalid,invalid,,False,False,False,False,,False,,,,,,,[7*]N1C(C)CC2[CH]CC(CC345(C)CCC(CCC6[14NH]OC(C)O6)C(C(O)O)C3C4(C)C15)N2 |$R7;;;;;;;;;;;;;;;;;;;;;;;;;;;;;;;$|
cefepime_cid5479537,,,cefepime_cid5479537.png,low,low,0.00026578905483066,invalid,,,,,,invalid,invalid,,False,False,False,False,,False,,,,,,,CC(C)C.[H]N(CC(N)CC[CH]1234C[N+]5(C)(CCCC5)C1C15C26[CH]27C(C)[CH]6(C(C)C)(C123)C574)C(O)C(CNC)C1CCC(N(C)C)N1
ceftazidime_cid5481173,,,ceftazidime_cid5481173.png,low,low,0.1283708746322583,wrong,,Ceftazidime,0.131,37,37,wrong,wrong,,False,False,False,False,0.131,False,False,38,1,,,,[H]C([C@@H]1C(O)N2CC(CN3C=CC=CC3)CC[C@]12C)[C@H](O)[C@H](COC(C)(C)C(=O)O)[C@@H]1CCC(N(C)C)N1
cefuroxime_cid5479529,,,cefuroxime_cid5479529.png,low,low,0.1430099403444215,wrong,,Cefuroxime,0.109,31,29,wrong,wrong,,False,False,False,False,0.109,False,False,51,1,,,,*[C@@H]([C@H](C)[C@@H](CSC)[C@@H]1CCCS1)[C@@H]1C(=O)N2[C@H]1CC[C@@H](CO[C@H](C)C(C)C)[C@@H]2C(C)C |$R;;;;;;;;;;;;;;;;;;;;;;;;;;;;;;;$|
celecoxib_cid2662,,,celecoxib_cid2662.png,low,low,0.0009357938896847973,invalid,,,,,,invalid,invalid,,False,False,False,False,,False,,,,,,,*C1(C)(C)CN[CH]23(C(C)C1)C(C)[CH]14CCC(C)CC1C1CC(C(C)C)CC[CH]12N[CH]43C |$Y;;;;;;;;;;;;;;;;;;;;;;;;;;;;;;$|
cephalexin_cid27447,,,cephalexin_cid27447.png,low,low,7.93502354248341e-06,invalid,,,,,,invalid,invalid,,False,False,False,False,,False,,,,,,,[H]N(C(C)C(CO)[CH]12(C)C[CH]3456C7CC1C718C3C(C24)[CH]15C86)C1C(C)CCC(C)C(C(C)O)CC1O
cetirizine_cid2678,,,cetirizine_cid2678.png,low,low,0.2496878746370214,wrong,,Cetirizine,0.146,27,27,wrong,wrong,,False,False,False,False,0.146,False,False,18,1,,,,*OC(=O)CCCCC1CCN(C(C2=CCC(O)CC2)C2CCCCC2)CC1 |$A;;;;;;;;;;;;;;;;;;;;;;;;;;;$|
cetrorelix_cid25074887,,,cetrorelix_cid25074887.png,low,low,0.0004791605418065102,invalid,,,,,,invalid,invalid,,False,False,False,False,,False,,,,,,,*CN([H])C(CC12=CC3=C(CC)(=C31)C=C2)C(=O)NC(CC1=CC=C(O)C=C1)C(=O)N([1*])C(CC1=CC=CCC1)C(=O)N([1*])C(CCC)CCC(CCC=CC([10*])=CC)N(=O)=O.C.[1*]N(C(=O)[CH]CCCNC(C)C(C)O)C(CC(C)C)C(=O)N[CH]C(=O)N1CCCC1C(N)C(O)C(C)C(O)N([H])[H] |$Me;;;;;;;;;;;;;;;;;;;;;;;;;;;;;;R1;;;;;;;;;;;;R1;;;;;;;;;;;;;R10;;;;;;;R1;;;;;;;;;;;;;;;;;;;;;;;;;;;;;;;;;;;;;;;;$|
chlorambucil_cid2708,,,chlorambucil_cid2708.png,low,low,0.4965120684099883,wrong,,Chlorambucil,0.077,18,19,wrong,wrong,,False,False,False,False,0.077,False,False,17,1,,,,[10*]CCN(CCO)[C@@H]1CC[C@@H](CCC[C@@H](N)N[10*])CC1 |$R10;;;;;;;;;;;;;;;;;R10;;$|
chloramphenicol_cid5959,,,chloramphenicol_cid5959.png,low,low,5.065605577143574e-05,invalid,,,,,,invalid,invalid,,False,False,False,False,,False,,,,,,,OCC(O)O.[1*]C[CH]1(C2C3CC(C3)CC2N[1*])[CH]234C5C(O)C2[CH]5132C1([H])=C42([H])C1O |$;;;;;R1;;;;;;;;;;;R1;;;;;;;;;;;;$|
chloroform_d_cid71583,,,chloroform_d_cid71583.png,low,low,0.3986299150087445,wrong,,Chloroform-D,0.05,4,4,wrong,wrong,,False,False,False,False,0.05,False,False,13,1,,,,[10*]CC([10*])([10*])[C@@H]([10*])[CH] |$R10;;;R10;R10;;R10;$|
chlorophyll_a_cid12085802,,,chlorophyll_a_cid12085802.png,low,low,1.832654308114508e-10,invalid,,,,,,invalid,invalid,,False,False,False,False,,False,,,,,,,*C(COC(=O)CCCC(C)C1=CC2OC(CCC(C)[CH]34C(C)C56(CC)C(C)=C(C[CH]OC(C)CC)N7C8=C9%10%11(=C8%12%13=O8%14%15=C[CH]89[CH]%12%14C=%13=%15%108(C)=C(OC)C=8C89%10C(=O)(OC)[CH]8%12[CH]9(C1)C%12%10(=O)OC)C1[CH]35C%11[CH]1746)C(CO)C2C)C(C)CCCC(C)CCCC(C)CCCC(C)C |$R;;;;;;;;;;;;;;;;;;;;;;;;;;;;;;;;;;;;;;;;;;;;;;;;;;;;;;;;;;;;;;;;;;;;;;;;;;;;;;;;;;;;;;;;$|
chloroquine_cid2719,,,chloroquine_cid2719.png,low,low,0.01446938114877971,invalid,,,,,,invalid,invalid,,False,False,False,False,,False,,,,,,,[1*]C1([CH])CC2C([CH]N([H])C(C)(C)CCCC(CC)CC)[CH][CH]21[1*] |$R1;;;;;;;;;;;;;;;;;;;;;;R1$|
chlorotris_triphenylphosphine_rhodium_i_cid84599,,,chlorotris_triphenylphosphine_rhodium_i_cid84599.png,low,low,0.04530233485066264,wrong,,Chlorotris(triphenylphosphine)rhodium(I),0.058,66,59,wrong,wrong,,False,False,False,False,0.058,False,False,42,6,,[Na],,"C/C=C\C(C)[PH](C1=CC=CCC1)c1cccc(-c2ccccc2)c1.C1=C2C=C2CC1.C=CC(CC=O)[PH](C1=CCCC=C1)C1CCCC1.C=CCC(C=C)[PH](C(C)=O)C1=CCCC=C1.[Na].[Na] |^1:5,36,54,64,65|"
chlorpheniramine_cid2725,,,chlorpheniramine_cid2725.png,low,low,0.02464650920606067,wrong,,(+-)-Chlorpheniramine,0.159,20,19,wrong,wrong,,False,False,False,False,0.159,False,False,17,1,,,,CN(C)CC[C@H](C1CCCCO1)[C@H]1CCC(O)C[C@H]1O
chlorpromazine_cid2726,,,chlorpromazine_cid2726.png,low,low,0.0006872101700068066,invalid,,,,,,invalid,invalid,,False,False,False,False,,False,,,,,,,CC[CH]12C3C[CH]C[CH]345(CN3C(C)C6C7[CH]6(O)C[CH]731)C1C3C(CC24)C1C35
cholesterol_cid5997,,,cholesterol_cid5997.png,low,low,0.4161751462455495,wrong,,Cholesterol,0.2,27,28,wrong,wrong,,False,False,False,False,0.2,False,False,6,1,,,,*[C@]1(CCC(C)[N+]([H])[C@H](C)CCCC(C)C)C(C)CC[C@@H]2C[C@@H](OC)CC[C@@]21C |$R;;;;;;;;;;;;;;;;;;;;;;;;;;;;$|
choline_chloride_cid6209,,,choline_chloride_cid6209.png,low,low,0.4417115643713848,wrong,,Choline Chloride,0.4,8,8,wrong,wrong,,False,False,False,False,0.4,False,False,4,2,,,,[1*]CCC[N+](C)(C)C.[Cl-] |$R1;;;;;;;;$|
chromium_hexacarbonyl_cid25589,,,chromium_hexacarbonyl_cid25589.png,low,low,0.0,invalid,,,,,,invalid,invalid,,False,False,False,False,,False,,,,,,,CCCCCC1CC1C1C2C34C(CCCC5C6C57C65C76C57C65C76C57C65C76C57C65C76C57C65C76C57C65C76C57C65C76C57C65C76C57C65C76C57C65C76C57C65C76C578C659C76%10C857%11C9658C%10769C%1157%10C865%11C9768C%10579C%1165%10C876%11C9578C%10659C%1176%10C857%11C9658C%10769C%1157%10C865%11C9768C%10579%12C%1165%10%13C876%11%14C9578%15C%12%10659%16C%13%1176%10%12C%14857%11%13C%159658%14C%16%10769%15C%12%1157%10%16C%13865%11%12%17C%149768%13%18C%15%10579%14%19C%16%1165%10%15%20C%12876%11%16%21C%17%139578%12%22C%18%14%10659%13%17C%19%15%1176%10%14%18C%20%16857%11%15%19C%21%129658%16%20C%22%13%10769%12%21%23C%17%14%1157%10%13%22%24C%18%15865%11%14%17%25C%19%169768%15%18%26C%20%12%10579%16%19%27C%21%13%1165%10%12%20%28C%23%22%14876%11%13%21%29C%24%17%159578%14%22%23%30C%25%18%16%10659%15%17%24%31C%26%19%12%1176%10%16%18%25%32C%27%20%13857%11%12%19%26%33C%28%21%149658%13%20%27%34C%29%22%15%10769%14%21%28%35C%23%17%16%1157%10%15%22%29%36C%30%24%18%12865%11%16%17%23%37%38C%31%25%19%139768%12%18%24%30%39C%32%26%20%14%10579%13%19%25%31%40C%33%27%21%15%1165%10%14%20%26%32%41C%34%28%22%16876%11%15%21%27%33%42C%35%29%17%129578%16%22%28%34%43C%36%23%18%13%10659%12%17%29%35%44C%37%24%19%14%1176%10%13%18%23%36%45C%38%30%25%20%15857%11%14%19%24%37%46C%39%31%26%21%169658%15%20%25%30%38C%40%32%27%22%12%10769%16%21%26%31%39C%41%33%28%17%13%1157%10%12%22%27%32%40C%42%34%29%18%14865%11%13%17%28%33%41C%43%35%23%19%159768%14%18%29%34%42C%44%36%24%20%16%10579%15%19%23%35%43C%45%37%25%21%12%1165%10%16%20%24%36%44C%46%30%26%22%13876%11%12%21%25%37%45C%38%31%27%17%149578%13%22%26%30%46C%39%32%28%18%15%10659%14%17%27%31%38C%40%33%29%19%16%1176%10%15%18%28%32%39C%41%34%23%20%12857%11%16%19%29%33%40C%42%35%24%21%139658%12%20%23%34%41C%43%36%25%22%14%10769%13%21%24%35%42C%44%37%26%17%15%1157%10%14%22%25%36%43C%45%30%27%18%16865%11%15%17%26%37%44C%46%31%28%19%129768%16%18%27%30%45C%38%32%29%20%13%10579%12%19%28%31%46C%39%33%23%21%14%1165%10%13%20%29%32%38C%40%34%24%22%15876%11%14%21%23%33%39C%41%35%25%17%169578%15%22%24%34%40C%42%36%26%18%12%10659%16%17%25%35%41C%43%37%27%19%13%1176%10%12%18%26%36%42%47C%44%30%28%20%14857%11%13%19%27%37%43%48C%45%31%29%21%159658%14%20%28%30%44%49C%22%16%10769%15%21%29%31%45%50%51%52%53C7%10%16%22%54%55%56%57%58%59%60%61C%62%63%64%65%66%67%68%69C7%70%71%72%73%74%75%76%77C%62%107%78%79%80%81%82%83%84C%63%70%16%10%62%85%86%87%88%89%90C%64%717%22%16%63%70%91%92%93%94C%65%72%78%10%5467%22%64%71%95%96%97C%66%73%79%62%16%5596%10%54%65%72%78%98C%67%74%80%85%63%567%159%16%55%62%66%73%79C%22%23%24%176%12%115%217%15%56%63%67%74C%46%32%33%34%25%18%1398%2956%11%12%17C%38%39%40%35%10%26%19%16%14%31789%13%18C%68%75%81%86%70%57%64%54%55%20%45%1557%10%14C%82%87%91%58%71%65%36%27%62%28%50%56685%15C%88%92%59%95%41%72%42%37%66%30%51%63%11976C%69%76%83%89%93%60%96%78%43%73%44%52%67%12%13%105C%77%84%90%94%61%97%98%47%48%79%49%53%74%17%18%14%156)C3C124
cilengitide_cid176873,,,cilengitide_cid176873.png,low,low,0.006061072100942774,invalid,,,,,,invalid,invalid,,False,False,False,False,,False,,,,,,,C=C(C(C)C(C[CH]12C3CC4C3C3C5C1C43C52)[CH]1(C)CN12[CH]13C4(C(C)O)[CH](C)(O)C[CH]4125C(CO)C(C)N35C)C(C(C)C)C(O)N(C)C(CCCN=C(C(C)C)C(C)C)C(O)C(C)C
ciprofloxacin_cid2764,,,ciprofloxacin_cid2764.png,low,low,0.09403094493341553,invalid,,,,,,invalid,invalid,,False,False,False,False,,False,,,,,,,[1*]OCC1CO[CH]234[CH]C(N5CC[N+]([H])CC5)C5(C)C[CH]26(C1C)C5C3[CH]6(C)C(CO)CC4C1CC1 |$R1;;;;;;;;;;;;;;;;;;;;;;;;;;;;;;;;;$|
cis_oxalato_trans_l_1_2_diaminocyclohexaneplatinum_ii_cid9887053,,,cis_oxalato_trans_l_1_2_diaminocyclohexaneplatinum_ii_cid9887053.png,low,low,1.734821468313151e-06,invalid,,,,,,invalid,invalid,,False,False,False,False,,False,,,,,,,[H]C1C([H])C23[CH]([Co])([C][Co])[CH]4([CH]O)[CH]56C(O)[CH]45(O)[CH]264[CH]N3(C)([CH]C4)C1([H])CCC
citalopram_cid2771,,,citalopram_cid2771.png,low,low,0.01446518563350486,invalid,,,,,,invalid,invalid,,False,False,False,False,,False,,,,,,,*C1C[CH]23[CH]OC456(C7[CH]CC(O)CC7)CC(CN(C)C)C4(CCN(C)C)[CH](C1)(C25)C36[CH] |$Lr(AmAr)Ar;;;;;;;;;;;;;;;;;;;;;;;;;;;;;;$|
citric_acid_cid311,,,citric_acid_cid311.png,low,low,0.007890865195764485,invalid,,,,,,invalid,invalid,,False,False,False,False,,False,,,,,,,CC(C)CC(=O)O.CCC(=O)CCC123(C)CC(C1)(C2CC)C3C(=O)CC.Cl.Cl
clarithromycin_cid84029,,,clarithromycin_cid84029.png,low,low,0.00419954134510124,wrong,,Clarithromycin,0.408,57,52,wrong,wrong,,False,False,False,False,0.408,False,False,19,1,,,,CC[C@H]1O[C@@H](O)[C@H](C)[C@@H](O[C@@H]2C[C@](C)(OC)[C@@H](OC)[C@H](C)O2)[C@H](C)[C@@H](C[C@@H]2O[C@H](C)C[C@H](N(C)C)[C@H]2OC)[C@H](OC)[C@H](OC)[C@@H](C)[C@H](O)[C@@H](C)[C@@H](OC)[C@@]1(C)OC
clobazam_cid2789,,,clobazam_cid2789.png,low,low,0.06198241483947727,wrong,,Clobazam,0.078,21,21,wrong,wrong,,False,False,False,False,0.078,False,False,30,1,,,,"C[C@@H]1[C@H]2[CH]C[C@H](C)[CH][C@H]2N(C2CCCCC2)[C@@H](C)C[C@H]1C |^1:3,7|"
clomiphene_cid2800,,,clomiphene_cid2800.png,low,low,0.001494387907517653,invalid,,,,,,invalid,invalid,,False,False,False,False,,False,,,,,,,CCN(CC)CCOC(C)C.[1*]C[CH]1234C(C5C[CH]CCC5)[CH]56([CH]1(C)C[CH]52(C)C)[CH]31CCCCC1[CH]641CCCCC1 |$;;;;;;;;;;;R1;;;;;;;;;;;;;;;;;;;;;;;;;;;;$|
clonidine_cid2803,,,clonidine_cid2803.png,low,low,2.372319271205629e-06,invalid,,,,,,invalid,invalid,,False,False,False,False,,False,,,,,,,[1*]C12[CH]34(CC)(CC(C)O)CC(O)C[CH]56CCN([H])C78[CH]39(O)[CH]713%10%11C1N53[CH]18293(CN([H])CCCO6%103)[CH]4%11O |$R1;;;;;;;;;;;;;;;;;;;;;;;;;;;;;;;;;$|
clopidogrel_cid60606,,,clopidogrel_cid60606.png,low,low,0.2651859189113572,wrong,,Clopidogrel,0.096,23,21,wrong,wrong,,False,False,False,False,0.096,False,False,28,2,,,,C[CH]CC[C@H](C)O.[1*][C@H](N)[C@H](C[C@H](C)O)N1CCC2NCCC2C1 |$;;;;;;;R1;;;;;;;;;;;;;;;;$|
cobaltocene_cid92884,,,cobaltocene_cid92884.png,low,low,4.16234516107956e-32,invalid,,,,,,invalid,invalid,,False,False,False,False,,False,,,,,,,[Ca+].[Ca+].[Ca+].[Ca+].[Ca+].[Ca+].[Ca+].[Ca+].[Ca+].[Ca+].[Ca+].[Ca+].[Ca+].[Ca+].[Ca+].[Ca+].[Ca+].[Ca+].[Ca+].[Ca+].[Ca+].[Ca+].[Ca+].[Ca+].[Ca+].[Ca+].[Ca+].[Ca+].[H]C1CC23C4C[CH]2(C25[CH]6789%10%11%12C[CH]%13(C)C6%14%15C[CH]%1476%16%17%18%19(C)C7%14%20[CH]%21%22%23%24%25%26C%27%28%29C%216%30%31%32%33%34C%226%21%35C%23%16%22%36%37%38[CH]%308%16%23(C)C8C9%30[CH]9%39C[CH]8%10(C9)[CH]%302%39%13%157%16%22%31%11%178(C)C%12[CH]5%27%146%36%3227(CC)C5(C)[CH]%28%21%37%336(CC)C%24%182(C%25)[CH]5%29%20%35%38%34(CC)C%236%26%1978)CCC2([H])C1CC2C43
colchicine_cid6167,,,colchicine_cid6167.png,low,low,0.04524682162532395,wrong,,Colchicine,0.065,29,29,wrong,wrong,,False,False,False,False,0.065,False,False,24,1,,,,[1*]N(C(C)C)[C@H]1CC[C@@H]2C[C@H](OC)[C@@H](OC)C(OC)N2[C@H](C)[C@H]1C[C@@H](N)[C@H](C)OC |$R1;;;;;;;;;;;;;;;;;;;;;;;;;;;;;$|
colfosceril_palmitate_cid452110,,,colfosceril_palmitate_cid452110.png,low,low,0.3365627963963284,wrong,,Colfosceril Palmitate,0.409,49,50,wrong,wrong,,False,False,False,False,0.409,False,False,19,1,,,,[11*][C@](C)(CCC[N+](C)(C)C)OC[C@@H](CC[C@H](O)CCCCCCCCCCCCCCC)OC(=O)CCCCCCCCCCCCCCC |$R11;;;;;;;;;;;;;;;;;;;;;;;;;;;;;;;;;;;;;;;;;;;;;;;;;$|
colistin_a_cid24825758,,,colistin_a_cid24825758.png,low,low,2.851397966878345e-07,invalid,,,,,,invalid,invalid,,False,False,False,False,,False,,,,,,,[1*]OC(C)[CH]1(C(=O)C(CCN(C)C)N([11*])C(CCC(N)=O)C(=O)N([11*])C(CC(C)C)C(=O)NC(=O)(=O)CN(C)C)[CH]2(O)N3(C)CC[CH]45678C(CN2(C)[CH]13O)[CH]4(C5(=O)N6C[CH]NC[CH]N([11*])C[CH]N([1*])CCCCC[CH]CC)C712=O=C8(=O)N1[CH]134CCC5(C)CC(C)(CC[CH]678C(C)[CH]61([CH]73O)N284)C5 |$R1;;;;;;;;;;;;;;R11;;;;;;;;;;R11;;;;;;;;;;;;;;;;;;;;;;;;;;;;;;;;;;;;;;;R11;;;;R1;;;;;;;;;;;;;;;;;;;;;;;;;;;;;;;$|
colistin_cid5311054,,,colistin_cid5311054.png,low,low,0.0156783729619984,invalid,,,,,,invalid,invalid,,False,False,False,False,,False,,,,,,,CCC1(C(C)O)NC(=O)C(CCC(C)=O)NC(=O)C(CCC(C)C)C(=O)NC2CC3(C)CC(C)(CC2NC(=O)C(COC(C)C)NC(O)CCNC1=O)C3.[1*]N(C(=O)C(CCC(C)C)C([11*])C(=O)NCCC(C)CC)C1C2(N)=O=C1(NC(CCC(C)C)C(C)=O)=O=2 |$;;;;;;;;;;;;;;;;;;;;;;;;;;;;;;;;;;;;;;;;;;;;;;;;;;;;;;R1;;;;;;;;;;;R11;;;;;;;;;;;;;;;;;;;;;;;;;$|
congo_red_cid11313,,,congo_red_cid11313.png,low,low,0.02165198005145994,wrong,,Congo red,0.029,48,48,wrong,wrong,,False,False,False,False,0.029,False,False,58,1,,,,*OS(O)(O)[C@H]1C[C@@H](CN[C@H]2CC[C@@H]([C@@H]3CC[C@H](NC[C@H]4C[C@@H](C(O)(O)O)[C@H]5CC=CC=C5[C@@H]4[C@H]([10*])C)CC3)CC2)[C@@H]([C@H]([10*])O)[C@@H]2CCCC[C@H]21 |$Me;;;;;;;;;;;;;;;;;;;;;;;;;;;;;;;;;;;R10;;;;;;;;R10;;;;;;;$|
copper_ii_acetylacetonate_cid13669119,,,copper_ii_acetylacetonate_cid13669119.png,low,low,0.08174004220850545,invalid,,,,,,invalid,invalid,,False,False,False,False,,False,,,,,,,[H]C([CH]C([H])([H])(C([CH])C)C(C)C)(C([CH])C)C([CH])C
coronene_cid9115,,,coronene_cid9115.png,low,low,1.421204276273331e-05,invalid,,,,,,invalid,invalid,,False,False,False,False,,False,,,,,,,[CH]1CCC2C3C1[CH]CC1C4C[CH]56CC7C5[CH]C5[CH]C8C9CC8[CH]92C5[CH]76[CH]13C4
corticosterone_cid5753,,,corticosterone_cid5753.png,low,low,0.445629683260955,invalid,,,,,,invalid,invalid,,False,False,False,False,,False,,,,,,,*OCC(C)C1C[CH][CH]2(C)C3(C)CCC4CC(O)CCC4(C)C3(C)[CH]3(CC)[CH]C12(C)C3 |$Y;;;;;;;;;;;;;;;;;;;;;;;;;;;;;;$|
cortisol_cid5754,,,cortisol_cid5754.png,low,low,0.006218179872894795,invalid,,,,,,invalid,invalid,,False,False,False,False,,False,,,,,,,CCC1([NH2+](C)COC)C[CH]23CC[CH]245C3C42(C)CCC3CC(O)CCC3(C)[CH]2(O)C(C)CC15C
cromolyn_cid2882,,,cromolyn_cid2882.png,low,low,0.12850797115255,wrong,,Cromolyn,0.11,33,34,wrong,wrong,,False,False,False,False,0.11,False,False,22,1,,,,[1*]C(CO[C@H]1CCC=C2OC(C(O)O[H])CC(O)[C@@H]21)CO[C@@H]1CC[CH][C@H]2O[C@H]([C@@H](O)O[H])C[C@H](O)[C@@H]21 |$R1;;;;;;;;;;;;;;;;;;;;;;;;;;;;;;;;;;;$|
crystal_violet_cid11057,,,crystal_violet_cid11057.png,low,low,0.6633310904909122,wrong,,Crystal Violet,0.068,26,29,wrong,wrong,,False,False,False,False,0.068,False,False,17,2,,,,"C=C(CC[CH]N(C)C)C(C1CCC(OC)CC1)[C@H]1CC[C@@H](OC)CC1.[C-] |^1:4,^5:25|"
cucurbit_7_uril_cb_7_hydrate_cid6096207,,,cucurbit_7_uril_cb_7_hydrate_cid6096207.png,low,low,1.540794436538534e-26,invalid,,,,,,invalid,invalid,,False,False,False,False,,False,,,,,,,*C1O2[CH]345[CH]267N328C39C46%10%11C4N36%12(CCC(N)NC3C%13%14C%15O%16C%17(*)[CH]%18%19C%20(*)OC%21C%22CC%23%24C(O)C%25C[CH]%26%27%28%29%30%31C[CH]%32%33%34%35%36%37%38%39%40%41C[CH]%42(O)C%32%43%44%45%46(C%26%33)[CH]%26(O)C%34[CH]%43%27%35%32%33%34%47%48C%27[CH]%35%43%49C[CH]%50%51C%52C%44%28%32%36%53%54[CH]%27%37%28(C%33%38N%27C%35C%32%33C%35%36C%37N1%38CC%37%32(C%35C%331%32%35%37C[CH]%38571O%32(C2%10%35)C%43%37(O)N%151257%10(CC%22%16C%21%13%18%15C%14%19N3%20%17%15)CC%50%493C1%13C(C[CH])C%25%51321C%2352C%137(O)C%2421%10)C%27%36O)C%45%29%34%391[CH]%52%28%46%53%30%47%40[CH]%42%261%54%31%48%41)C1C6N492(C)[CH]1(NC=O)C8%11%122 |$Y;;;;;;;;;;;;;;;;;;;;Y;;;Y;;;;;;;;;;;;;;;;;;;;;;;;;;;;;;;;;;;;;;;;;;;;;;;;;;;;;;;;;;;;;;;;;;;;;;;;;;;;$|
cyanocobalamin_cid166596686,,,cyanocobalamin_cid166596686.png,low,low,2.607975347894178e-07,invalid,,,,,,invalid,invalid,,False,False,False,False,,False,,,,,,,[1*]N=C(N)CCN[CH]1(CC)C2N1[CH]21OC(C(C)[CH]23OC4567(C)(C)O([CH]C8(C)CC9(=O)=O=C%10(CC8(CNC)C%10C)N[11*]N9[11*])C248(C)O52C36(CCC([1*])NC[CH](C)(C)C[CH](O)(CO)O[CH]OC(C)N3=CC([1*])C4C=C(O)C(N)=CC43)[CH]287CC(=O)N([1*])[1*])C(OCC(O)=N[1*])C1(C)C |$R1;;;;;;;;;;;;;;;;;;;;;;;;;;;;;;;;;;;;;;;R11;;R11;;;;;;;;R1;;;;;;;;;;;;;;;;;;;R1;;;;;;;;;;;;;;R1;R1;;;;;;;R1;;;$|
cyclobenzaprine_cid2895,,,cyclobenzaprine_cid2895.png,low,low,0.000200036606045874,invalid,,,,,,invalid,invalid,,False,False,False,False,,False,,,,,,,C[CH]C1CC(CC2C(CCC)CC2[CH]23CC4CC[CH]25C[CH]3(C)C5C4)CCC1C
cyclophosphamide_cid2907,,,cyclophosphamide_cid2907.png,low,low,0.02978104780670639,invalid,,,,,,invalid,invalid,,False,False,False,False,,False,,,,,,,*N1CC234*C5([CH]2)C2([H])[CH]678*[CH]2(*)(C36)(C47)C158([H])C(CC)CCO |$R;;;;R;;;;;;R;;R;;;;;;;;;;$|
cyclosporin_a_cid5284373,,,cyclosporin_a_cid5284373.png,low,low,0.001611321232594793,invalid,,,,,,invalid,invalid,,False,False,False,False,,False,,,,,,,[H]C(NCC)C(=O)C([H])(C(=O)NC(C(C)C)C1O[CH]1(C)C(CC(C)C)N(C)C(=O)C(CC(C)C)N(C)C(O)C(C)N(C)C(O)C(C)N(C)C1NC2[CH]1(CN(C)C)N13(C)[CH]2(CC(C)C)[CH]2(C)[CH]14(O)[CH]15C6(C)(C)CC(C6)[CH]46(N47[1*][CH]16([1*]4)C7=O)[CH]253O)C(CC)C(C)OC(C)C(C)C |$;;;;;;;;;;;;;;;;;;;;;;;;;;;;;;;;;;;;;;;;;;;;;;;;;;;;;;;;;;;;;;;;;;;;;;;;;;;;R1;;R1;;;;;;;;;;;;;;;$|
d_fructose_cid2723872,,,d_fructose_cid2723872.png,low,low,0.006774333933560204,invalid,,,,,,invalid,invalid,,False,False,False,False,,False,,,,,,,*OCC12(O*)C(*)C1CC(O*)C(C)C2CO |$Y;;;;;Y;;Y;;;;;Y;;;;;$|
d_galactose_cid6036,,,d_galactose_cid6036.png,low,low,0.4072278971038504,wrong,,D-Galactose,0.053,17,12,wrong,wrong,,False,False,False,False,0.053,False,False,23,1,,,,CC[C@H]1C[C@H](COC)[C@H](OC)[C@H](OC)[C@@H]1OC
d_glucose_cid5793,,,d_glucose_cid5793.png,low,low,0.2976953668979727,wrong,,D-Glucose,0.053,17,12,wrong,wrong,,False,False,False,False,0.053,False,False,23,1,,,,CC[C@H]1C[C@H](COC)[C@@H](OC)[C@H](OC)[C@@H]1OC
d_ribose_cid10975657,,,d_ribose_cid10975657.png,low,low,0.3960208420046539,wrong,,D-Ribose,0.135,10,10,wrong,wrong,,False,False,False,False,0.135,False,False,10,1,,,,*C[C@@H]1CO[C@H](O*)[C@H](C(*)*)[C@@H]1O* |$R;;;;;;;R;;;R;R;;;R$|
daptomycin_cid21585658,,,daptomycin_cid21585658.png,low,low,1.883753756106362e-09,invalid,,,,,,invalid,invalid,,False,False,False,False,,False,,,,,,,*OC1=O=C234(O)=O=C5(=O=2)(CC2678(C)C(NC9C[CH][CH](O)(C%10NCCCC%10C(C)C)C[CH]%10%11NC(C)C(NC[CH]NC[CH]NC[CH]C(O)CCCCCCCCCC)[CH]%12(C(*)NC(=O)C%13[CH]O%13)C[CH]%12%10C9%11O)[CH]29(N6C2C6%10OC%11%12%13(O*%11O%11%14[CH]%15%16[CH]%11(O*)(N97)[CH]%15%14%12[CH]26%16%13)O%10)[CH]8(C)(C)O1)O31*O54*1 |$Ra;;;;;;;;;;;;;;;;;;;;;;;;;;;;;;;;;;;;;;;;;;;;;;;;;;;;;;;;;Ra;;;;;;;;;;;;;;;;;;Ra;;;;;Ra;;;;;;;;;;R;;R$|
desmopressin_cid5311065,,,desmopressin_cid5311065.png,low,low,0.00452561070833787,invalid,,,,,,invalid,invalid,,False,False,False,False,,False,,,,,,,[1*]N(CC(=O)N([H])C)C(=O)C(CCCN=C(C([H])C)N(C)C)C1(C)N2=O=C21=O.[H]NC(CC([H])CO)C1(=O)=O=C([H])N[CH]23C4C(OCCC(O)C(C)C(CC5C=CC(O[H])=CC5)C(O)C(O)C(C[CH]CCC)C(=O)N(=O)C(CCC(=O)N([H])C)C(=O)O)C[CH]45(N1)C21=O=C35(=O)N2(CCCC2)C2CCCN21 |$R1;;;;;;;;;;;;;;;;;;;;;;;;;;;;;;;;;;;;;;;;;;;;;;;;;;;;;;;;;;;;;;;;;;;;;;;;;;;;;;;;;;;;;;;;;;;;;;;;;;;;;;;$|
di_2h3_methyl_sulphoxide_cid75151,,,di_2h3_methyl_sulphoxide_cid75151.png,low,low,0.3852507428227533,wrong,,Di((2H3)methyl) sulphoxide,0.036,14,4,wrong,wrong,,False,False,False,False,0.036,False,False,38,1,,,,CCC(CC)C(CC(C)C)C(C)(C)C
dibenzo_18_crown_6_cid26541,,,dibenzo_18_crown_6_cid26541.png,low,low,0.1596813776754879,invalid,,,,,,invalid,invalid,,False,False,False,False,,False,,,,,,,C1CCN2CCCNCCNC3CCC4C[CH]3(C4)NCCNCCNC2C1
dibenzo_ghi_mno_fluoranthene_cid11831840,,,dibenzo_ghi_mno_fluoranthene_cid11831840.png,low,low,7.923201699360665e-11,invalid,,,,,,invalid,invalid,,False,False,False,False,,False,,,,,,,C1C2C[CH]34C5[CH]67[CH]89C1[CH]31%10C3[CH]2%11CC%11C2C%11C%12[CH]%13%14%15%16C%11N%12%13%11%17%18[CH]%14%12[CH]8%13[CH]6([CH]597%13)[CH]156([CH]34%10)[CH]%111C2[CH]15%15%17[CH]%126%16%18
dichlororuthenium_2_pyridin_2_ylpyridine_cid10908382,,,dichlororuthenium_2_pyridin_2_ylpyridine_cid10908382.png,low,low,0.0005002328973074728,invalid,,,,,,invalid,invalid,,False,False,False,False,,False,,,,,,,[CH2]C1[CH][CH][CH]CC1C1[CH]C2[CH2]3C4C1[CH2]3[CH2]24.[CH]1[CH]C(C2[CH]CCCC2)CCC1.[CH]1[CH]NC(C2CC=CC=N2)CC1
diflunisal_cid3059,,,diflunisal_cid3059.png,low,low,0.0001325271583787888,invalid,,,,,,invalid,invalid,,False,False,False,False,,False,,,,,,,[10*]OC(C)C1C(CO)C2[CH][CH]34(C2)C1[CH]12[CH]C5[CH]C([H])[CH]13C([CH]5)C24 |$R10;;;;;;;;;;;;;;;;;;;;;;$|
dihydrotestosterone_cid10635,,,dihydrotestosterone_cid10635.png,low,low,0.02014409241420805,invalid,,,,,,invalid,invalid,,False,False,False,False,,False,,,,,,,C[CH]CC(C)CCC12(C)C(C)CCC345(C)C16[CH]178C9[CH]6%10(C16[CH]31(CO)C(O)[CH]964C7%101)C285C
diltiazem_cid39186,,,diltiazem_cid39186.png,low,low,0.4287460070580387,wrong,,Diltiazem,0.17,29,29,wrong,wrong,,False,False,False,False,0.17,False,False,20,1,,,,CO[C@H]1CC[C@@H]([C@@H]2O[C@H]3CCCC[C@H]3N(CCN(C)C)[C@@H](O)[C@@H]2OC(C)C)CC1
dimethylmercury_cid11645,,,dimethylmercury_cid11645.png,low,low,0.5816089356965436,wrong,,Dimethylmercury,0.1,10,3,wrong,wrong,,False,False,False,False,0.1,False,False,27,2,,CCCCC,,CCCCC.CCCCC
diphenhydramine_cid3100,,,diphenhydramine_cid3100.png,low,low,0.1333419317956403,wrong,,Diphenhydramine,0.22,26,19,wrong,wrong,,False,False,False,False,0.22,False,False,30,2,,,,"CN(C)CCOCC1CC[CH]CC1.CN(C)CCOCC1[CH]CCCC1 |^1:10,21|"
disulfiram_cid3117,,,disulfiram_cid3117.png,low,low,0.7562209549505207,wrong,,Disulfiram,0.152,15,16,wrong,wrong,,False,False,False,False,0.152,False,False,16,1,,,,CCN(CC)CCNC(C)N(CC)CC
donepezil_cid3152,,,donepezil_cid3152.png,low,low,0.03088225604496288,invalid,,,,,,invalid,invalid,,False,False,False,False,,False,,,,,,,[1*]C1=CC2CC(CC3CCC(C[CH]45CC6[CH]C7C6C(C4)C75)CC3)C(O)C2C=C1O |$R1;;;;;;;;;;;;;;;;;;;;;;;;;;;;$|
dopamine_cid681,,,dopamine_cid681.png,low,low,0.192820751629867,wrong,,Dopamine,0.022,13,11,wrong,wrong,,False,False,False,False,0.022,False,False,14,2,,,,COC.[1*]NCCC1CCC(O[1*])CC1 |$;;;R1;;;;;;;;;R1;;$|
doxazosin_cid3157,,,doxazosin_cid3157.png,low,low,0.04087719674484768,invalid,,,,,,invalid,invalid,,False,False,False,False,,False,,,,,,,CNC1C=C2NC(=O)(N3CCN(C(C)C4CNC5CCCCC5O4)CC3)=OC(N(C)C)C2=CC1NC
doxepin_cid3158,,,doxepin_cid3158.png,low,low,0.0004930517733355844,invalid,,,,,,invalid,invalid,,False,False,False,False,,False,,,,,,,CCC[CH]CC([CH]12CCC3C[CH]1(C)CCC3C2)[CH]12CC3CCC1O[CH]2(O)CC3
doxorubicin_cid31703,,,doxorubicin_cid31703.png,low,low,0.05375757479312194,wrong,,Doxorubicin,0.158,44,39,wrong,wrong,,False,False,False,False,0.158,False,False,41,1,,,,*C1O[C@@H](O[C@@H]2C[C@](C)([C@@H](O)CCC)C[C@H](CCC)[C@H]2[C@H](CO)N2C[C@@H](O)[C@@H]3CCC[C@@H](OC)[C@H]3[C@H]2C)C[C@H](C(=O)O)[C@H]1[SH2+]O |$Ph;;;;;;;;;;;;;;;;;;;;;;;;;;;;;;;;;;;;;;;;;;;;$|
edoxaban_cid10280735,,,edoxaban_cid10280735.png,low,low,0.0676076787293181,wrong,,Edoxaban,0.113,39,37,wrong,wrong,,False,False,False,False,0.113,False,False,42,1,,,,*N([C@H](O)[C@@H]1C[C@@H]2CN(C)CCC2N1)[C@@H]1C[C@H]([C@@H](C)C(C)C)CC[C@@H]1C(=O)[C@@H](C)C(C)N(C)[C@@H]1CCC(Br)CN1 |$R;;;;;;;;;;;;;;;;;;;;;;;;;;;;;;;;;;;;;;;$|
entacapone_cid5281081,,,entacapone_cid5281081.png,low,low,0.01237515956144648,wrong,,Entacapone,0.089,22,22,wrong,wrong,,False,False,False,False,0.089,False,False,35,2,,,,*C[C@@H](C[CH]C)CCC[1*].*C[C@H]([C@@H](C)O)[C@@H](C)C(C)C(=O)NCC |$R;;;;;;;;;R1;R;;;;;;;;;;;;;;$|
eosin_cid11048,,,eosin_cid11048.png,low,low,8.157662648065913e-05,invalid,,,,,,invalid,invalid,,False,False,False,False,,False,,,,,,,C[N+](C)CC1C[CH]CCC1.[1*]CC[CH]123C(C(O)C(C)O)OC4C(O)C(O)C(O)C[CH]45C1C1=C52C[CH]13C[1*].[Na+].[Na+] |$;;;;;;;;;;R1;;;;;;;;;;;;;;;;;;;;;;;;;;R1;;$|
epinephrine_cid5816,,,epinephrine_cid5816.png,low,low,6.58224305427887e-05,invalid,,,,,,invalid,invalid,,False,False,False,False,,False,,,,,,,*CC12C(OC)CC3C(CC)C(CC)[CH]4(CC)CC5[CH]167C1C28C6(C*)C(OC)C[CH]514[CH]387 |$R;;;;;;;;;;;;;;;;;;;;;;;;R;;;;;;$|
epothilone_b_cid448013,,,epothilone_b_cid448013.png,low,low,0.004366869120827311,wrong,,Epothilone B,0.144,37,35,wrong,wrong,,False,False,False,False,0.144,False,False,21,1,,,,[7*]C(=C(C)C(C)C1[C@H](O)C[C@H]([C@H](C)O)[C@H](C)[C@H](O)[C@H](C)[C@@H](CO)[C@@H](C)CC[C@@H]1C(C)(C)O)[C@H]1COC(C)O1 |$R7;;;;;;;;;;;;;;;;;;;;;;;;;;;;;;;;;;;;;$|
epothilone_cid10838895,,,epothilone_cid10838895.png,low,low,1.235773535604491e-05,invalid,,,,,,invalid,invalid,,False,False,False,False,,False,,,,,,,*C(=C(C)C(C)C1C(O)C[CH]2(OC)C(C)[CH]3(CC1O)[CH]1(C)C(O)[CH]45(C)C(CO)C(C)[CH]4(CO)C(C)[CH]15(O)[CH]23C)C1COC(C)O1 |$Y;;;;;;;;;;;;;;;;;;;;;;;;;;;;;;;;;;;;;;;;;;;;$|
eribulin_cid11354606,,,eribulin_cid11354606.png,low,low,8.50097419158061e-05,invalid,,,,,,invalid,invalid,,False,False,False,False,,False,,,,,,,CCC1C(CC(CO)C[SiH3](C)C)OC(C)(CC2(C)OC3(C)CCC45(C)OC(C)(CO[CH]6789CC%10(C)OC%11C%12(C)C%13O%14C%12[CH]%13(C)(OC%11%12(O4)C%106O7[CH]%128C9)C4[CH](C)(C3)C2(=O)[CH]4(C)C%14(C)CC(C)C)CC5C)C1(C)C
erythromycin_cid12560,,,erythromycin_cid12560.png,low,low,6.011156693432239e-06,invalid,,,,,,invalid,invalid,,False,False,False,False,,False,,,,,,,CCC1OC(O)C(C)[CH]23O[CH]4(CC(C)(OC)C(OC)C(C)O4)C4C(OC(C)C(OC)C4(C)OC)OC(C(C)C(O)O[CH]C1C)[CH]21(C)[CH]245C(OC)[CH]167(C[CH]1(OC(C)CC(N(C)C)C1OC)[CH]1(OC)C(N(C)C)CC(C)OC1O26)([CH]34C)[CH]1(OC)C2CCCC[CH]2157OC
esomeprazole_magnesium_cid9568613,,,esomeprazole_magnesium_cid9568613.png,low,low,0.000191648182286432,invalid,,,,,,invalid,invalid,,False,False,False,False,,False,,,,,,,[11*]N1[CH]2(O[CH]345C[CH]67(OC)CC8C63[CH](O[CH]CC(C)C3OCCC(OC)C3C)(C74)[CH]815)C(C(C)C1NC3=C(CN(OC)CC3)O1)[CH]21CCC(C)C(OC)N1C |$R11;;;;;;;;;;;;;;;;;;;;;;;;;;;;;;;;;;;;;;;;;;;;;;;;;;;;$|
estradiol_cid5757,,,estradiol_cid5757.png,low,low,0.02384286372322358,invalid,,,,,,invalid,invalid,,False,False,False,False,,False,,,,,,,*CC1C[CH]C2(C)C1(C)CCC1C3C4C5=C(CC)(=C4=C5)C4CN34CCC12C |$R;;;;;;;;;;;;;;;;;;;;;;;;;;$|
estriol_cid5756,,,estriol_cid5756.png,low,low,0.0001923752832499173,invalid,,,,,,invalid,invalid,,False,False,False,False,,False,,,,,,,[1*]C1(C2(C)[CH]C345=C(CC2)C2[CH]6(CO)C[CH]37CC4C267C5)CC(CO)C(CO)C1(C)C |$R1;;;;;;;;;;;;;;;;;;;;;;;;;;;;$|
estrone_cid5870,,,estrone_cid5870.png,low,low,0.2334445751202994,wrong,,Estrone,0.125,23,20,wrong,wrong,,False,False,False,False,0.125,False,False,18,1,,,,"CO[C@@H]1C[CH][C@H]2[C@@H]3CC[C@]4(C)[C@H](C)C[CH][C@@]4(C)[C@]3(C)CCN2C1 |^1:4,14|"
ethambutol_cid14052,,,ethambutol_cid14052.png,low,low,0.2930908526481941,wrong,,Ethambutol,0.154,14,14,wrong,wrong,,False,False,False,False,0.154,False,False,10,1,,,,*OC[C@H](CC)OCC[C@@H](*)[C@@H](CC)CO* |$Rb;;;;;;;;;;R;;;;;;R$|
ethosuximide_cid3291,,,ethosuximide_cid3291.png,low,low,0.07068304513037844,wrong,,Ethosuximide,0.1,14,10,wrong,wrong,,False,False,False,False,0.1,False,False,28,2,,,,CCC1CC1.C[CH][C@H](C)[C@@H](C)C(C)C |^1:6|
ethylenediaminetetraacetic_acid_cid6049,,,ethylenediaminetetraacetic_acid_cid6049.png,low,low,0.1893487964532126,wrong,,Ethylenediaminetetraacetic Acid,0.045,20,20,wrong,wrong,,False,False,False,False,0.045,False,False,27,1,,,,[1*]N[C@H](N)C[NH+](CC[NH+](C[C@@H](C)O[1*])C[C@@H](C)O[11*])C[C@@H](N)O |$R1;;;;;;;;;;;;;R1;;;;;R11;;;;$|
etidocaine_cid37497,,,etidocaine_cid37497.png,low,low,0.4446990772014867,invalid,,,,,,invalid,invalid,,False,False,False,False,,False,,,,,,,*N1CCCC[CH]1(CC)C(CCC)CCCC.CCCN(CC)CC |$R;;;;;;;;;;;;;;;;;;;;;;;;$|
etodolac_cid3308,,,etodolac_cid3308.png,low,low,0.0006373957219932994,invalid,,,,,,invalid,invalid,,False,False,False,False,,False,,,,,,,CCC(N)CC1(CC)OCCCC1N1(=O)[CH]234C5C6C7C[CH]62[CH]512N3(CC)C7N42CC
etoposide_cid36462,,,etoposide_cid36462.png,low,low,0.01084549605621879,invalid,,,,,,invalid,invalid,,False,False,False,False,,False,,,,,,,COC1[CH]23C(C)[CH]1(C2O)C3(CC(C)C)C(C)(C)O.COC1[CH]C(C2C3CC4OCOC4CC3C(C[CH]O)C3(C)CCC(O)C23C)CC(OC)C1CO
eugenol_cid3314,,,eugenol_cid3314.png,low,low,0.06417670708418903,wrong,,Eugenol,0.067,11,12,wrong,wrong,,False,False,False,False,0.067,False,False,7,1,,,,[H]O[C@@H]1CC[C@H](CC(C)O)CC1
everolimus_cid6442177,,,everolimus_cid6442177.png,low,low,3.201334331735217e-09,invalid,,,,,,invalid,invalid,,False,False,False,False,,False,,,,,,,*OCCOC1(=O)[CH]2(OC)C(OC(C)C3(O)C(C)[CH]4(COC(CO*)C(O)C4C)C(O)C(O)[CH]34(C)OC3C45[CH]4(OCCOC)CC[CH]67C[CH](C)([CH](C)(CC=O)OC(O)C8(O)CCCCC8C[CH]C)C89O[CH]%10%11(C[CH]8%10(C)[CH]9%11C)C6([CH]4(OC)C7)[CH]351O)[CH]2(O)C(C)C(CC)CC(C)(C)O |$Me;;;;;;;;;;;;;;;;;;;;;;;;Me;;;;;;;;;;;;;;;;;;;;;;;;;;;;;;;;;;;;;;;;;;;;;;;;;;;;;;;;;;;;;;;;;;;;;;$|
exemestane_cid60198,,,exemestane_cid60198.png,low,low,0.03178009855110454,invalid,,,,,,invalid,invalid,,False,False,False,False,,False,,,,,,,CC1CC2(C)C(C)(CCC3(C)C(C)C[CH]C32C)C2CC3C[CH]3(O)CC12
fadh2_cid446013,,,fadh2_cid446013.png,low,low,9.776454343770237e-07,invalid,,,,,,invalid,invalid,,False,False,False,False,,False,,,,,,,CCOCC(OC)[CH]1(CC)[CH]234O[CH]125(O3)C(O)C1[CH]2(C)C(C)CC3C(C)C6C(O)C(O)C(C)C(O)C6N6(CC(C(CC)C(COC)OC)OC2[CH]316)C45.COC1C(CO)C(COP(C)(O)O)OC1N1[CH]NC2C1OCCN2C(C)C
famciclovir_cid3324,,,famciclovir_cid3324.png,low,low,0.5262688161889271,wrong,,Famciclovir,0.149,25,23,wrong,wrong,,False,False,False,False,0.149,False,False,33,1,,,,CC(C)OCC(CCN1CC[C@@H]2CSC(C(C)C)N[C@@H]21)COC(C)C
farxiga_cid24936221,,,farxiga_cid24936221.png,low,low,2.231979109646393e-05,invalid,,,,,,invalid,invalid,,False,False,False,False,,False,,,,,,,*OC(C)C[SiH3][O-].*OC1C(C[SiH3]*)OC(C2[CH]C(C[CH]34CC56C37C3C[CH]89(C4)C3C(O)[CH]58(O[1*])C7[CH]69OC)C(O)CC2)C(O[1*])C1O*.[1*][SiH3]O |$E;;;;;;;R;;;;;;R;;;;;;;;;;;;;;;;;;;;R1;;;;;;;;;;;R1;;;R;R1;;$|
felodipine_cid3333,,,felodipine_cid3333.png,low,low,0.4310038274866826,wrong,,Felodipine,0.044,25,25,wrong,wrong,,False,False,False,False,0.044,False,False,51,3,,,,CCC(C)CC.CCCC.[1*]C(CC)C[C@@H](CCCCC)C(C)C(C)C |$;;;;;;;;;;R1;;;;;;;;;;;;;;;$|
fenofibrate_cid3339,,,fenofibrate_cid3339.png,low,low,0.08296070805004249,wrong,,Fenofibrate,0.118,25,25,wrong,wrong,,False,False,False,False,0.118,False,False,20,1,,,,CC(C)O[C@H](N)C(C)(C)O[C@H]1CC[C@@H]([C@H](O)[C@@H]2CCC(O)CO2)CC1
fenoldopam_cid3341,,,fenoldopam_cid3341.png,low,low,0.01182870996157277,wrong,,Fenoldopam,0.056,24,21,wrong,wrong,,False,False,False,False,0.056,False,False,26,1,,,,OCC1[C@H](CO)CC2[C@@H](CCCC[C@@H]2[C@@H]2[CH]C[C@H](CO)CC2)[C@@H]1O |^1:15|
fenoprofen_cid3342,,,fenoprofen_cid3342.png,low,low,0.04514257906902953,invalid,,,,,,invalid,invalid,,False,False,False,False,,False,,,,,,,[1*]OC(C)C(C)C1[CH]CCC(C[CH]23CCC4C5C2C4C53)C1 |$R1;;;;;;;;;;;;;;;;;;;;$|
fentanyl_cid3345,,,fentanyl_cid3345.png,low,low,0.02698228193870406,invalid,,,,,,invalid,invalid,,False,False,False,False,,False,,,,,,,CCC(C)N(CCC[NH+](C)CC[CH]12CC[CH]34CC1C3CC4C2)C1CCC(C)C1
ferrocene_cid10219726,,,ferrocene_cid10219726.png,low,low,0.01667258501241734,invalid,,,,,,invalid,invalid,,False,False,False,False,,False,,,,,,,[CH-]1[CH-][CH-][CH-]2[CH-][CH-]2[CH-][CH-]1.[CH-]1[CH-][CH-][CH2+][CH-]1
fexofenadine_cid3348,,,fexofenadine_cid3348.png,low,low,8.646152323553807e-05,invalid,,,,,,invalid,invalid,,False,False,False,False,,False,,,,,,,[1*]OC(=O)C(C)(C)C1CCC(C(CCC[NH+]23CCC([CH]4567CC[CH]89%10C%11C4C8(C%115)C645C96C8CC[CH]4(C(C4CCCCC4)C(C)C4CCCCC4)C67C85%10)(CC2)CC3)O[10*])CC1 |$R1;;;;;;;;;;;;;;;;;;;;;;;;;;;;;;;;;;;;;;;;;;;;;;;;;;;;;;;R10;;$|
fidaxomicin_cid10034073,,,fidaxomicin_cid10034073.png,low,low,0.0009811347783454456,invalid,,,,,,invalid,invalid,,False,False,False,False,,False,,,,,,,C=C(O)[CH](C)(O[CH]OC(=O)C(C)CC(O)C(C)(O)CC(CC)OC)C(=O)C[CH](CC(O)C(O)C(O)C(CC)OC(=O)C(C)C)(CC(O)C(OC)C(O)C(CC)OC(=O)C(C)C)C(CC)C(O)CC.COC1=C(O)C(OC)=C(C(=O)OC2C(C)OC(O)C(OC)C2OO)[CH](OC)=C1O.O
fimasartan_cid9870652,,,fimasartan_cid9870652.png,low,low,2.877210313160834e-10,invalid,,,,,,invalid,invalid,,False,False,False,False,,False,,,,,,,CC1C2[CH]3456C17=C3189=C273%10%11%12=C2C7%13C[CH]2(C=37)C%13C2C3CC(O)C[CH]37%13%14C3CC(O)[CH]C3[CH]174%10C([CH]8%135%11)[CH]29%146%12
finasteride_cid57363,,,finasteride_cid57363.png,low,low,0.02932066116680175,invalid,,,,,,invalid,invalid,,False,False,False,False,,False,,,,,,,CC(C)(C)C(O)C(O)C1CCC2(C)C1(C)CCC1(C)C2(C)CCC23(C)C(O)[CH]45(O)CC(C4C(O)C25O)C13C
flecainide_cid3356,,,flecainide_cid3356.png,low,low,0.0005087632442158178,invalid,,,,,,invalid,invalid,,False,False,False,False,,False,,,,,,,*C(CC1CCCCC1*)C(C)C.CC(C)(C)CCC1C2C[CH]3(OCC(C)(C)C)C2C[CH]2(OCC(C)(C)C)CC3C12 |$R;;;;;;;;;R;;;;;;;;;;;;;;;;;;;;;;;;;;;;;;;$|
fludrocortisone_cid31378,,,fludrocortisone_cid31378.png,low,low,0.02015641760363159,invalid,,,,,,invalid,invalid,,False,False,False,False,,False,,,,,,,CCC1([NH2+](C)COC)CC(C)CC2(C)CCC3CC(O)CCC3(C)[CH]2(C)C(C)CC1C
fluorescein_cid16850,,,fluorescein_cid16850.png,low,low,3.415031588441216e-06,invalid,,,,,,invalid,invalid,,False,False,False,False,,False,,,,,,,[10*]OC(C)CC1C*23(OC(N)[CH]45C6O7O4[CH]64C6C8[CH]52C[CH]8674)C2C4CC(O)CC2(O1)C43 |$R10;;;;;;;Bu;;;;;;;;;;;;;;;;;;;;;;$|
fluoxetine_cid3386,,,fluoxetine_cid3386.png,low,low,0.03090261749090271,invalid,,,,,,invalid,invalid,,False,False,False,False,,False,,,,,,,*N(C)CCC(C1C[CH]CCC1)C1C[CH]2(CCC1O)CC2[CH2+][CH2+].[CH2+] |$R;;;;;;;;;;;;;;;;;;;;;;;$|
flurbiprofen_cid3394,,,flurbiprofen_cid3394.png,low,low,0.04087374255162533,invalid,,,,,,invalid,invalid,,False,False,False,False,,False,,,,,,,[1*]C123[1*]C145C([CH][CH]24[CH]12[CH]CCC(C1)C2)C(C(C)C(C)CO)C35 |$R1;;R1;;;;;;;;;;;;;;;;;;;$|
flutamide_cid3397,,,flutamide_cid3397.png,low,low,0.2912540574813693,wrong,,Flutamide,0.105,20,19,wrong,wrong,,False,False,False,False,0.105,False,False,40,1,,,,CCC[C@@H](CC(C(C)C)[C@H](O)[C@@H](O)C(C)C)C(C)(C)C
formic_acid_cid284,,,formic_acid_cid284.png,low,low,0.6173149107242378,wrong,,Formic Acid,0.105,5,3,wrong,wrong,,False,False,False,False,0.105,False,False,6,1,,,,*OCC(C)=O |$Ra;;;;;$|
formoterol_cid3410,,,formoterol_cid3410.png,low,low,0.07882401100730115,wrong,,Formoterol,0.112,29,25,wrong,wrong,,False,False,False,False,0.112,False,False,26,1,,,,[1*]C(CC(OC)C1CC[C@H](OC)[C@@H]([C@H](O)C(=O)O)C1)C(C)C[C@H]1CC[C@@H](OC)CC1 |$R1;;;;;;;;;;;;;;;;;;;;;;;;;;;;;$|
foscarnet_cid3415,,,foscarnet_cid3415.png,low,low,0.185936355865436,wrong,,Foscarnet,0.0,13,7,wrong,wrong,,False,False,False,False,0.0,False,False,43,1,,,,*CC[Si](CC)(CC)CC(CC)CC |$Y;;;;;;;;;;;;;$|
fosfomycin_cid446987,,,fosfomycin_cid446987.png,low,low,0.0001202134284352234,invalid,,,,,,invalid,invalid,,False,False,False,False,,False,,,,,,,CC(O)C(=O)[CH]12C[CH]1345(CC3C([CH]O)C(C)O)CC4C25
fullerenes_cid123591,,,fullerenes_cid123591.png,low,low,0.32272261871206,wrong,,Fullerenes,0.0,0,60,wrong,wrong,,False,False,False,False,0.0,False,False,128,68,,*.*.*.*.*.*.*.*.*.*.*.*.*.*.*.*.*.*.*.*.*.*.*.*.*.*.*.*.*.*.*.*.*.*.*.*.*.*.*.*.*.*.*.*.*.*.*.*.*.*.*.*.*.*.*.*.*.*.*.*.*.*.*.*.*.*.*,,*.*.*.*.*.*.*.*.*.*.*.*.*.*.*.*.*.*.*.*.*.*.*.*.*.*.*.*.*.*.*.*.*.*.*.*.*.*.*.*.*.*.*.*.*.*.*.*.*.*.*.*.*.*.*.*.*.*.*.*.*.*.*.*.*.*.*.* |$10;10;10;10;10;10;10;10;10;10;10;10;10;10;10;10;10;10;10;10;10;10;10;10;10;10;10;10;10;10;10;10;10;10;10;10;10;10;10;10;10;10;10;10;10;10;10;10;10;10;10;10;10;10;10;10;10;10;10;10;10;10;10;10;10;10;10;10$|
furan_cid8029,,,furan_cid8029.png,low,low,0.0,invalid,,,,,,invalid,invalid,,False,False,False,False,,False,,,,,,,CC1234567CCCCCCCCCCCCCC8C9C81%10C921C32C43(C4C589C5%11C%12%13C%14%15C%16(C%14%17C%16%14C%17%16C%14%17C%16%14C%17%16%18C%17%19C%20%21%22C%23%24C%25(C%23%20C%17%16%21C%14%19%18%22)C%14%16C%17%18C%25%24%14C%16%17%14C%18%16%17C%18%19C%14%16%20C%18%17%14%16C%17%18%21C%19%20%14%22C%17%16%14%19C%18%22%16%17%20C%21%14%18%22%23C%19%16%14%21%24C%17%18%16%19%25C%20%22%14%17%18%26C%23%21%16%14%20%22C%24%19%17%16%21%23C%25%18%14%17%19%24C%26%20%16%14%18%25%27C%22%21%17%16%20%26%28C%23%19%14%17%21%22%29C%24%18%16%14%19%23%30C%25%20%17%16%18%24%31C%27%26%21%14%17%20%25%32C%28%22%19%16%14%21%26%27C%29%23%18%17%16%19%22%28C%30%24%20%14%17%18%23%29C%31%25%21%16%14%20%24%30%33C%32%26%19%17%16%21%25%31%34C%27%22%18%14%17%19%26%32%35C%28%23%20%16%14%18%22%27%36C%29%24%21%17%16%20%23%28%37C%30%25%19%14%17%21%24%29%38C%33%31%26%18%16%14%19%25%30%39C%34%32%22%20%17%16%18%26%31%33%40C%35%27%23%21%14%17%20%22%32%34%41C%36%28%24%19%16%14%21%23%27%35%42C%37%29%25%18%17%16%19%24%28%36%43C%38%30%26%20%14%17%18%25%29%37%44C%39%31%22%21%16%14%20%26%30%38%45C%33%32%23%19%17%16%21%22%31%39%46C%40%34%27%24%18%14%17%19%23%32%33%47%48C%41%35%28%25%20%16%14%18%24%27%34%40%49C%42%36%29%26%21%17%16%20%25%28%35%41%50C%43%37%30%22%19%14%17%21%26%29%36%42%51C%44%38%31%23%18%16%14%19%22%30%37%43%52C%45%39%32%24%20%17%16%18%23%31%38%44%53%54C%46%33%27%25%21%14%17%20%24%32%39%45%55%56C%47%34%28%26%19%16%14%21%25%27%33%46%57%58C%48%40%35%29%22%18%17%16%19%26%28%34%47%59%60C%49%41%36%30%23%20%14%17%18%22%29%35%40%48%61C%50%42%37%31%24%21%16%14%20%23%30%36%41%49%62C%51%43%38%32%25%19%17%16%21%24%31%37%42%50%63%64C%52%44%39%27%26%18%14%17%19%25%32%38%43%51%65%66C%53%45%33%28%22%20%16%14%18%26%27%39%44%52%67%68C%54%55%46%34%29%23%21%17%16%20%22%28%33%45%53%69%70C%56%57%47%35%30%24%19%14%17%21%23%29%34%46%54%55%71C%58%59%40%36%31%25%18%16%14%19%24%30%35%47%56%57%72C%60%48%41%37%32%26%20%17%16%18%25%31%36%40%58%59%73%74C%61%49%42%38%27%22%21%14%17%20%26%32%37%41%48%60%75%76C%62%50%43%39%28%23%19%16%14%21%22%27%38%42%49%61%77%78C%63%51%44%33%29%24%18%17%16%19%23%28%39%43%50%62%79%80C%64%65%52%45%34%30%25%20%14%17%18%24%29%33%44%51%63%81%82C%66%67%53%46%35%31%26%21%16%14%20%25%30%34%45%52%64%65%83C%68%69%54%47%36%32%22%19%17%16%21%26%31%35%46%53%66%67%84C%70%55%56%40%37%27%23%18%14%17%19%22%32%36%47%54%68%69%85C%71%57%58%41%38%28%24%20%16%14%18%23%27%37%40%55%56%70%86%87C%72%59%48%42%39%29%25%21%17%16%20%24%28%38%41%57%58%71%88%89C%73%60%49%43%33%30%26%19%14%17%21%25%29%39%42%48%59%72%90%91C%74%75%61%50%44%34%31%22%18%16%14%19%26%30%33%43%49%60%73%92%93C%76%77%62%51%45%35%32%23%20%17%16%18%22%31%34%44%50%61%74%75%94C%78%79%63%52%46%36%27%24%21%14%17%20%23%32%35%45%51%62%76%77%95C%80%81%64%53%47%37%28%25%19%16%14%21%24%27%36%46%52%63%78%79%96C%82%65%66%54%40%38%29%26%18%17%16%19%25%28%37%47%53%64%80%81%97%98C%83%67%68%55%41%39%30%22%20%14%17%18%26%29%38%40%54%65%66%82%99%(100)C%84%69%56%57%42%33%31%23%21%16%14%20%22%30%39%41%55%67%68%83%(101)%(102)C%85%70%58%48%43%34%32%24%19%17%16%21%23%31%33%42%56%57%69%84%(103)%(104)C%86%71%59%49%44%35%27%25%18%14%17%19%24%32%34%43%48%58%70%85%(105)%(106)%(107)C%87%88%72%60%50%45%36%28%26%20%16%14%18%25%27%35%44%49%59%71%86%(108)%(109)%(110)C%89%90%73%61%51%46%37%29%22%21%17%16%20%26%28%36%45%50%60%72%87%88%(111)%(112)C%91%92%74%62%52%47%38%30%23%19%14%17%21%22%29%37%46%51%61%73%89%90%(113)%(114)C%93%75%76%63%53%40%39%31%24%18%16%14%19%23%30%38%47%52%62%74%91%92%(115)%(116)%(117)C%94%77%78%64%54%41%33%32%25%20%17%16%18%24%31%39%40%53%63%75%76%93%(118)%(119)%(120)C%95%79%80%65%55%42%34%27%26%21%14%17%20%25%32%33%41%54%64%77%78%94%(121)%(122)%(123)%(124)C%96%81%66%67%56%43%35%28%22%19%16%14%21%26%27%34%42%55%65%79%80%95%(125)%(126)%(127)%(128)C%16%19%22%28%35%43%56%66%67%81%96%(129)%(130)%(131)%(132)%(133)%(134)%(135)%(136)%(137)%(138)%(139)%(140)%(141)%(142)%(143)C%(144)%(145)%(146)%(147)%(148)%(149)%(150)%(151)%(152)%(153)%(154)%(155)%(156)%(157)%(158)%(159)%(160)%(161)%(162)C%16%(163)%(164)%(165)%(166)%(167)%(168)%(169)%(170)%(171)%(172)%(173)%(174)%(175)%(176)%(177)%(178)%(179)%(180)%(181)C%(144)%19%16%(182)%(183)%(184)%(185)%(186)%(187)%(188)%(189)%(190)%(191)%(192)%(193)%(194)%(195)%(196)%(197)%(198)C%(145)%(163)%22%19%(144)%(199)%(200)%(201)%(202)%(203)%(204)%(205)%(206)%(207)%(208)%(209)%(210)%(211)%(212)%(213)%(214)C%(146)%(164)%16%28%22%(145)%(163)%(215)%(216)%(217)%(218)%(219)%(220)%(221)%(222)%(223)%(224)%(225)%(226)%(227)%(228)C%(147)%(165)%(182)%19%35%16%28%(146)%(164)%(229)%(230)%(231)%(232)%(233)%(234)%(235)%(236)%(237)%(238)%(239)%(240)%(241)C%(148)%(166)%(183)%(144)%22%43%19%35%(147)%(165)%(182)%(242)%(243)%(244)%(245)%(246)%(247)%(248)%(249)%(250)%(251)%(252)C%(149)%(167)%(184)%(199)%(145)%16%56%22%43%(144)%(148)%(166)%(183)%(253)%(254)%(255)%(256)%(257)%(258)%(259)%(260)%(261)%(262)C%(150)%(168)%(185)%(200)%(163)%28%19%66%16%56%(145)%(149)%(167)%(184)%(199)%(263)%(264)%(265)%(266)%(267)%(268)%(269)%(270)%(271)C%(151)%(169)%(186)%(201)%(215)%(146)%35%22%67%19%28%66%(150)%(163)%(168)%(185)%(200)%(272)%(273)%(274)%(275)%(276)%(277)%(278)C%(152)%(170)%(187)%(202)%(216)%(164)%(147)%43%16%81%22%35%67%(146)%(151)%(169)%(186)%(201)%(215)%(279)%(280)%(281)%(282)%(283)%(284)C%(153)%(171)%(188)%(203)%(217)%(229)%(165)%(144)%56%19%96%16%43%81%(147)%(152)%(164)%(170)%(187)%(202)%(216)%(285)%(286)%(287)%(288)C%(154)%(172)%(189)%(204)%(218)%(230)%(182)%(148)%(145)%28%22%(129)%17%14%19%56%96%(144)%(153)%(165)%(171)%(188)%(203)%(217)%(229)%(289)%(290)C%(155)%(173)%(190)%(205)%(219)%(231)%(242)%(166)%(149)%66%35%16%(130)%20%21%14%17%22%28%(129)%(145)%(148)%(154)%(172)%(182)%(189)%(204)C%97%82%68%57%48%44%36%29%23%18%67%43%(131)%25%26%19%16%20%21%35%66%(130)%(149)%(155)%(166)%(173)%(190)C%(156)%(174)%(191)%(206)%(220)%(232)%(243)%(183)%(167)%(150)%24%(146)%81%(132)%32%27%56%14%18%19%23%25%26%29%36%43%44%48C%(157)%(175)%(192)%(207)%(221)%(233)%(244)%(253)%(184)%(163)%30%31%(151)%(147)%(133)%33%34%96%17%16%14%24%27%32%56%57%67%68%81C%(158)%(176)%(193)%(208)%(222)%(234)%(245)%(254)%(199)%(168)%38%39%(169)%(152)%(134)%41%42%(144)%22%20%18%16%17%30%31%33%34%82%96C%98%99%83%69%58%49%45%37%(263)%(185)%47%40%(186)%(164)%(135)%54%55%(153)%28%21%19%14%18%20%22%38%39%41%42C%(100)%(101)%84%70%(255)%59%50%46%(264)%(200)%52%53%(201)%(170)%(136)%64%65%(165)%(129)%35%23%24%16%14%19%21%28%37%40C%(159)%(177)%(194)%(209)%(223)%(235)%(246)%(256)%51%(265)%(272)%62%63%(215)%(187)%(137)%77%79%(171)%(145)%66%25%27%17%18%16%23%24%35%45C%(102)%(103)%(236)%(247)%85%(257)%71%60%61%(266)%(273)%74%75%(279)%(202)%(138)%78%80%(188)%(148)%(130)%26%32%30%20%14%17%18%25%27C%(160)%(178)%(195)%(210)%(224)%(237)%(248)%(258)%72%73%(267)%(274)%91%76%(280)%(216)%(139)%94%95%(203)%(154)%(149)%29%56%31%22%19%16%14%20%26C%(211)%(225)%(104)%(238)%(249)%(105)%(259)%86%87%89%(268)%(275)%92%93%(281)%(285)%(140)%(121)%(125)%(217)%(172)%(155)%36%57%33%38%21%23%17%16%19C%(161)%(179)%(196)%(212)%(226)%(239)%(250)%(260)%(108)%88%90%(269)%(276)%(115)%(118)%(282)%(286)%(141)%(122)%(126)%(229)%(182)%(166)%43%67%34%39%28%24%18%14%17C%(180)%(197)%(213)%(227)%(240)%(251)%(106)%(261)%(109)%(111)%(113)%(270)%(277)%(116)%(119)%(283)%(287)%(142)%(123)%(127)%(289)%(189)%(173)%44%68%82%41%37%35%25%20%16C%(162)%(181)%(198)%(214)%(228)%(241)%(252)%(107)%(262)%(110)%(112)%(114)%(271)%(278)%(117)%(120)%(284)%(288)%(143)%(124)%(128)%(290)%(204)%(190)%48%81%96%42%40%45%27%26%19%17)C%15%12C%135C%118C4936)C2%1017
gabapentin_cid3446,,,gabapentin_cid3446.png,low,low,0.3551247174107358,invalid,,,,,,invalid,invalid,,False,False,False,False,,False,,,,,,,CC(C)CC12(CCCCC1)C1CCCCC1C2C(C)C
gadopentetate_dimeglumine_cid55466,,,gadopentetate_dimeglumine_cid55466.png,low,low,0.09439985589331695,invalid,,,,,,invalid,invalid,,False,False,False,False,,False,,,,,,,*CC(CO*)C(CO)C(C([10*])=O)C(C[10*])CC(C)C.*OC(C(=CO)C(CO)CC(C)C)C(C[10*])CO.[10*]NC([10*])CN(CCN1(CC(N)O)C(CN(CC(N)=O)CC(C)O[10*])CC1C(C)O)CC(N)O |$R111;;;;;R111;;;;;;R10;;;;R10;;;;;R111;;;;;;;;;;;;;;;R10;;;R10;;;R10;;;;;;;;;;;;;;;;;;;;;R10;;;;;;;;;$|
geldanamycin_cid5288382,,,geldanamycin_cid5288382.png,low,low,0.0005963581659106117,invalid,,,,,,invalid,invalid,,False,False,False,False,,False,,,,,,,CC(C[CH][CH]123(O)C4O[CH]456(O)[CH]14CC(O)C17[CH](O)(C4)C[CH]1254[CH]12(O)[CH]589C[CH]1%10(C)([CH]5(C)C(C)[CH]8%10C)[CH]94(O)[CH]7236)CCO
gemcitabine_cid60750,,,gemcitabine_cid60750.png,low,low,0.002043864093574846,invalid,,,,,,invalid,invalid,,False,False,False,False,,False,,,,,,,C[CH]CC1OC(C2CCC(C(C)C)CC2C)C234(C)(C)[CH][CH]2(C)C(CC)(C3CC)C14
gemfibrozil_cid3463,,,gemfibrozil_cid3463.png,low,low,0.5278261548767987,wrong,,Gemfibrozil,0.094,19,18,wrong,wrong,,False,False,False,False,0.094,False,False,19,8,,O,,C=CCC.CC.CCC(C)C.CO.Cl.O.O.O=CCl
gentamicin_cid3467,,,gentamicin_cid3467.png,low,low,0.3472139861853373,wrong,,Gentamicin,0.168,46,33,wrong,wrong,,False,False,False,False,0.168,False,False,58,1,,,,COC1C(C[C@H]2OC[C@](C)(CO)C(C(C)C)[C@H]2OC)C(C(C)C)CC(C(C)C)C1OC1C(C(C)C)CC[C@](C)(CC(C)C)[C@@H]1OC
ginsenoside_rb1_cid9898279,,,ginsenoside_rb1_cid9898279.png,low,low,6.758991870794915e-06,invalid,,,,,,invalid,invalid,,False,False,False,False,,False,,,,,,,COC(CC1OC(COC([CH]OC)OC([CH][CH]C)CCO)C(CO)C(CO)C1OCC=C(C)C)C12CCC3(C)C145(C)C16(CO)C7C8(C)(CC9%10CCC98(C)CCC(OC8OC(CCO)C(OC)C(O)C8CC8OC(C)C(C(=O)OO)C(OC)C8O)C%10(C)C)C1[CH]74(CO)C3265C
glibenclamide_cid3488,,,glibenclamide_cid3488.png,low,low,0.005195725729763592,invalid,,,,,,invalid,invalid,,False,False,False,False,,False,,,,,,,*C1C=CC(NC)C(C(=O)N(=O)CC[CH]23CC[CH]4(C(O)C([10*])C(O)C([10*])C5CCCCC5)C5C2C4C53)C1 |$CO2H;;;;;;;;;;;;;;;;;;;;;R10;;;;R10;;;;;;;;;;;$|
gliclazide_cid3475,,,gliclazide_cid3475.png,low,low,0.01695785524496815,wrong,,Gliclazide,0.11,24,22,wrong,wrong,,False,False,False,False,0.11,False,False,25,1,,,,"CCCC[C@@H](C)[C@@](C)(O)[C@@H](O)[C@H](O)[C@@H](C)[C@H]1[CH]C2C(C[C@H]3[CH][C@@H]23)C1 |^1:16,21|"
glipizide_cid3478,,,glipizide_cid3478.png,low,low,0.01486573586170827,wrong,,Glipizide,0.165,41,31,wrong,wrong,,False,False,False,False,0.165,False,False,53,2,,,,[H]C(C(=O)[C@H](O)C1CCCCC1)C1CCC(CCN([H])C(=O)[C@H](N)/C=C\C(C)C)CC1.[H]C(C)C(=O)[C@H](C)C1CCCCC1
glutathione_cid124886,,,glutathione_cid124886.png,low,low,0.6086223464321419,wrong,,Glutathione,0.169,23,20,wrong,wrong,,False,False,False,False,0.169,False,False,39,1,,,,[10*]C[C@@H](C)CNC(=O)C(CC)N([H])[C@@H](C)CC[C@H](C(C)C)C(C)NC |$R10;;;;;;;;;;;;;;;;;;;;;;;;$|
glycerol_cid753,,,glycerol_cid753.png,low,low,0.5371295106713285,wrong,,Glycerol,0.062,5,6,wrong,wrong,,False,False,False,False,0.062,False,False,9,1,,,,[11*]CCCCC[12*] |$R11;;;;;;R12$|
glycine_cid750,,,glycine_cid750.png,low,low,0.552390318501965,wrong,,Glycine,0.04,5,5,wrong,wrong,,False,False,False,False,0.04,False,False,9,1,,,,*C([H])C[C@@H](C)O[1*] |$X;;;;;;;R1$|
glycopyrronium_cid3494,,,glycopyrronium_cid3494.png,low,low,0.007348590812270963,invalid,,,,,,invalid,invalid,,False,False,False,False,,False,,,,,,,*C1C2[CH2+]C3C4C5C2[CH]14[CH2+]35.*C1[CH]CC(C)(C)[CH]1.[CH]1[CH]CC[CH]1 |$R;;;;;;;;;;R;;;;;;;;;;;;$|
glycyrrhizin_cid14982,,,glycyrrhizin_cid14982.png,low,low,0.03352081437967702,wrong,,Glycyrrhizin,0.195,67,58,wrong,wrong,,False,False,False,False,0.195,False,False,46,2,,,,CO[C@@H](O)[C@]1(C)CC[C@]2(C)CCC(C)(C)[C@H](C)[C@@]2(C)C1.[H][C]1[C@@H](C)CC[C@@]2(C)C(C)(C)[C@@H](O[C@H]3O[C@H](C(=O)OC)[C@@H](CO)[C@H](CO)[C@@H]3C[C@@H]3O[C@H]([C@@H](O)OC)[C@H](CO)[C@H](OC)[C@H]3OC)CC[C@]12C |^1:21|
glyphosate_cid3496,,,glyphosate_cid3496.png,low,low,0.00541526865290654,wrong,,Glyphosate,0.073,23,10,wrong,wrong,,False,False,False,False,0.073,False,False,37,1,,,,[10*]O[Si](CC(C)[Si](CC[Si](O)C[Si]([H])(O[10*])OC)O[10*])C[Si](O)C[Si]([H])(O[10*])O[10*] |$R10;;;;;;;;;;;;;;;R10;;;;R10;;;;;;;;R10;;R10$|
goserelin_cid5311128,,,goserelin_cid5311128.png,low,low,0.01851025568198946,invalid,,,,,,invalid,invalid,,False,False,False,False,,False,,,,,,,[1*]OCC(N(=O)C[CH]C[CH]1(C)O=C(=O)(NC(CC(C)C)C(=O)NC(CCCN=C2(C(F)F)C345FC2(F3)(F4)F5)C(=O)N2CCCC2C(=O)NC([1*])C(=O)N([1*])[H])C1COC(C)(C)C)N(C)(C)C(O)C(CC1=CN([1*])C2=CC=CC=C12)C1=O=N1C(CC1CNCN1[1*])N(=O)C(=O)C1CCC(=O)C1O |$R1;;;;;;;;;;;;;;;;;;;;;;;;;;;;;;;;;;;;;;;;;;;;;;;;;R1;;;;R1;;;;;;;;;;;;;;;;;;;R1;;;;;;;;;;;;;;;;;R1;;;;;;;;;;;$|
gramicidin_s_cid73357,,,gramicidin_s_cid73357.png,low,low,5.138467248115444e-07,invalid,,,,,,invalid,invalid,,False,False,False,False,,False,,,,,,,[10*]C(C(CC1[CH]CCCC1)C([10*])(C)C12(CC(O)C(O)C3(C)CCCO3)C3(C)C[CH](C)(C3)OC(C(O)C(O)C(CO)CC3C=NCCC3)OC(=O)C3(CCCN(C)C)C4(C)C156(C)C31(C)C(=C)[CH]3(CC)C7OC3(O)C75(O)C4126C)[CH](=O)[CH]1(CC(C)C)CC(C)O1 |$R10;;;;;;;;;;;R10;;;;;;;;;;;;;;;;;;;;;;;;;;;;;;;;;;;;;;;;;;;;;;;;;;;;;;;;;;;;;;;;;;;;;;;;;;;$|
guaifenesin_cid3516,,,guaifenesin_cid3516.png,low,low,0.3036627772329972,wrong,,Guaifenesin,0.091,16,14,wrong,wrong,,False,False,False,False,0.091,False,False,22,1,,,,CCCC(CN[C@@H]1CCCCC1OC)NC
guanidine_hydrochloride_cid5742,,,guanidine_hydrochloride_cid5742.png,low,low,0.6902844414540158,wrong,,Guanidine Hydrochloride,0.0,11,5,wrong,wrong,,False,False,False,False,0.0,False,False,22,2,,,,CC[C@H](CN(C)C)N(C)C.[Cl-]
halichondrin_b_cid5488895,,,halichondrin_b_cid5488895.png,low,low,1.461323187474137e-27,invalid,,,,,,invalid,invalid,,False,False,False,False,,False,,,,,,,CCCCCC1(C)CC(C)(CC2CC2[CH]234[CH]O5C6[CH]2(CC3C[CH]CC2(C)(C)C3C7(C)OC3(C)(C)(OC389%10%11CC%12%13%14CC%15%16(C[CH](OC%17OC(C)C%18%19CC%18C%19C%17C(=O)OC%17CC(C)(C)(C%17)CC%17%18%19(C)C[CH](C%17)(C%18)C%12%193C8(C)(C9)C%13%10[CH]%113CC8C9C%10%11C%12C9(C%10[CH]%12(C)C)C8%113)(O%15)O%16)C%14)O72)[CH]654)O1
haloperidol_cid3559,,,haloperidol_cid3559.png,low,low,0.00505992419715252,invalid,,,,,,invalid,invalid,,False,False,False,False,,False,,,,,,,[1*]CC12345(C6[CH]CC([1*])=CC6)CC678C(CCCC(N)C9CCC([NH2+])CC9)C9%10C1C21(C3[1*])C94CC%106C7C815 |$R1;;;;;;;R1;;;;;;;;;;;;;;;;;;;;;;R1;;;;;$|
heme_b_cid4973,,,heme_b_cid4973.png,low,low,1.390990896018263e-05,invalid,,,,,,invalid,invalid,,False,False,False,False,,False,,,,,,,CCC(C)CCC1[CH]2(C)C3CC4N[CH](CC)(CC5CC(C[CH]N(C)C(CCCC(O)CC)C[CH]12N3C)C(C)C5CO)[CH]123C[CH]1(C)[CH]42C3C
heparin_disaccharide_i_s_cid5288499,,,heparin_disaccharide_i_s_cid5288499.png,low,low,0.02707055838632347,wrong,,Heparin Disaccharide I-S,0.163,36,35,wrong,wrong,,False,False,False,False,0.163,False,False,55,1,,,,*O[C@H]1C[C@H]([C@H](C)O)O[C@@H](O[C@H]2[C@H](OC)[C@H](OC(C)(C)C)[C@@H](O)O[C@@H]2CNC(C)(C)C)[C@H]1OC(C)(O)O |$R;;;;;;;;;;;;;;;;;;;;;;;;;;;;;;;;;;;;$|
hexadecyltrimethylammonium_bromide_cid5974,,,hexadecyltrimethylammonium_bromide_cid5974.png,low,low,0.830584901249288,wrong,,Hexadecyltrimethylammonium Bromide,0.882,21,21,salt,salt,Hexadecyltrimethylammonium Bromide,False,False,False,False,0.882,False,False,2,2,,,,CCCCCCCCCCCCCCCC[N+](C)(C)C.[I-]
hexamethylenetetramine_cid4101,,,hexamethylenetetramine_cid4101.png,low,low,0.2474870014532427,invalid,,,,,,invalid,invalid,,False,False,False,False,,False,,,,,,,*1[NH+]2C[NH+]34C[NH+]C[NH+]1(C3)C24 |$Y;;;;;;;;;$|
histamine_cid774,,,histamine_cid774.png,low,low,0.006070782823345756,invalid,,,,,,invalid,invalid,,False,False,False,False,,False,,,,,,,[H]N(C)CCC1CC2[H][CH]1([H])[H]2[CH]
hydralazine_cid3637,,,hydralazine_cid3637.png,low,low,0.05950772432919577,wrong,,Hydralazine,0.0,16,12,wrong,wrong,,False,False,False,False,0.0,False,False,24,1,,,,"O[CH][C@@H](O)[C@H](O)[C@@H](O)[C@@H]1CCCC[C@@H]1[CH]O |^1:1,14|"
hydrogen_peroxide_cid784,,,hydrogen_peroxide_cid784.png,low,low,0.5321522996597876,wrong,,Hydrogen Peroxide,0.0,4,2,wrong,wrong,,False,False,False,False,0.0,False,False,10,1,,,,[1*]CCOC |$R1;;;;$|
hydroxychloroquine_cid3652,,,hydroxychloroquine_cid3652.png,low,low,0.05558554636391352,wrong,,Hydroxychloroquine,0.096,24,23,wrong,wrong,,False,False,False,False,0.096,False,False,16,1,,,,*OCCC(CC)CCCC(C)(C)N([H])[C@H]1CCN[C@@H]2[CH]C3([10*])[CH]C([CH]3)[C@@H]21 |$C2H5;;;;;;;;;;;;;;;;;;;;;;R10;;;;$|
hydroxyurea_cid3657,,,hydroxyurea_cid3657.png,low,low,0.6804934076172364,wrong,,Hydroxyurea,0.0,11,5,wrong,wrong,,False,False,False,False,0.0,False,False,28,1,,,,CCN(C)C[C@@H](C)CN(C)C
hypericin_cid3663,,,hypericin_cid3663.png,low,low,0.0006609159906771994,wrong,,Hypericin,0.045,46,38,wrong,wrong,,False,False,False,False,0.045,False,False,60,1,,,,"C[CH]C[CH][CH][C@@H](O)C[C@H](C)C1[C@H]2[CH][C@H]([C@H](O)[CH]C(OC)CC(OC)CC(C)C[C@H](COC)[C@H](OC)[CH][C@@H](O)C[C@@H]1C)[C@H](O)C[C@@H]2C |^1:1,3,4,12,16,35|"
ibrutinib_cid24821094,,,ibrutinib_cid24821094.png,low,low,0.005026523793946649,invalid,,,,,,invalid,invalid,,False,False,False,False,,False,,,,,,,[1*]C([H])C([CH]C)C1[CH]C(N23CN4([PH](O)CC)C5C67C2C5(C63)C74)OC1C1=CCC(OC2C=CCCC2)C[CH]1 |$R1;;;;;;;;;;;;;;;;;;;;;;;;;;;;;;;;;;;;$|
ibuprofen_cid3672,,,ibuprofen_cid3672.png,low,low,0.00834114955540632,invalid,,,,,,invalid,invalid,,False,False,False,False,,False,,,,,,,*CC(C)[CH]1(C)C2CC[CH]34(CC2)CCC1CC3C(C)C4CC |$R;;;;;;;;;;;;;;;;;;;;;$|
ibutilide_cid60753,,,ibutilide_cid60753.png,low,low,0.4198757327883078,wrong,,Ibutilide,0.246,26,26,wrong,wrong,,False,False,False,False,0.246,False,False,13,1,,,,[1*]OC(CCCN(C)CCCCCCC)[C@H](C)CC[C@H](C)C(O)[Si](C)(O)O |$R1;;;;;;;;;;;;;;;;;;;;;;;;;;$|
ifosfamide_cid3690,,,ifosfamide_cid3690.png,low,low,0.6244892092329744,wrong,,Ifosfamide,0.059,10,14,wrong,wrong,,False,False,False,False,0.059,False,False,14,1,,,,*CCC(C)[Si]([H])(C)NCCC |$n-Pr;;;;;;;;;;;$|
imatinib_cid5291,,,imatinib_cid5291.png,low,low,1.131616410423788e-06,invalid,,,,,,invalid,invalid,,False,False,False,False,,False,,,,,,,*[NH2+](C1CCCC(C2C=CCCC2)N1)[CH]12C[CH]3456C7C8C1(C)C[CH]83[CH]7(C24)C51(*)[CH]N6(*)[CH]1(O)[CH]123CC[CH]45(CN6CCN(C)CC6)C67C18C41[CH]62C85[CH]713 |$Y;;;;;;;;;;;;;;;;;;;;;;;;;;R;;;R;;;;;;;;;;;;;;;;;;;;$|
imidacloprid_cid86287518,,,imidacloprid_cid86287518.png,low,low,0.1396286708045202,wrong,,Imidacloprid,0.082,17,17,wrong,wrong,,False,False,False,False,0.082,False,False,22,1,,,,[H]N1CCN(C[C@@H]2CC[C@@H](O)NC2)[C@@H]1CC(C)N
imidazole_cid795,,,imidazole_cid795.png,low,low,0.0007354582852780718,invalid,,,,,,invalid,invalid,,False,False,False,False,,False,,,,,,,[H]C1CCCCC2(C1)CC213CCCCCCCC1C3
imipramine_cid3696,,,imipramine_cid3696.png,low,low,3.23764202106281e-09,invalid,,,,,,invalid,invalid,,False,False,False,False,,False,,,,,,,CCCCCC[CH]12C[CH]345CC67[CH]189%10C[CH]621%11C8[CH]73268C9C423C16C5[CH]38C[CH]%10%11C1C2C3CCC4C[CH]31(CCCCCC)C42
indigo_carmine_cid2723854,,,indigo_carmine_cid2723854.png,low,low,0.02090314987725958,wrong,,Indigo carmine,0.022,28,30,wrong,wrong,,False,False,False,False,0.022,False,False,40,2,,,,*O[C@H]1[CH]N(*)[C@@H]2C[CH]C(C(C)(O)O)C[C@H]12.CC(C)(O)[C@@H]1CC[C@@H]2O[CH][C@H](O)[C@H]2C1 |$R;;;;;R;;;;;;;;;;;;;;;;;;;;;;;;$|
indigo_cid10215,,,indigo_cid10215.png,low,low,0.04007116708780177,wrong,,Indigo,0.03,22,20,wrong,wrong,,False,False,False,False,0.03,False,False,25,1,,,,CN1C([C@H]2S[C@H]3CCCC[C@H]3[C@H]2O)[C@@H](CO)[C@H]2CCCC[C@H]21
indole_cid798,,,indole_cid798.png,low,low,0.003840064664350306,invalid,,,,,,invalid,invalid,,False,False,False,False,,False,,,,,,,*N12CC3C4C5=N6CC7(CC1CC342)C5C67 |$R;;;;;;;;;;;;;;$|
indomethacin_cid3715,,,indomethacin_cid3715.png,low,low,0.003251782430130266,invalid,,,,,,invalid,invalid,,False,False,False,False,,False,,,,,,,*NC(=O)CC1CCC2(NC)CC(CC(C(O)[CH]34CC[CH]56(O)OC3[CH]5(C4)O6)O1)C2 |$R;;;;;;;;;;;;;;;;;;;;;;;;;;;;$|
irbesartan_cid3749,,,irbesartan_cid3749.png,low,low,0.2144469424056311,wrong,,Irbesartan,0.133,33,32,wrong,wrong,,False,False,False,False,0.133,False,False,32,1,,,,CCCCCCC1([C@H](C)NC[C@H]2CC=C(C3=CCCC[C@H]3[C@@H]3C[C@@H](C)N=N3)CC2)CCCC1
iron_pentacarbonyl_cid26040,,,iron_pentacarbonyl_cid26040.png,low,low,0.6853307604156651,wrong,,Iron pentacarbonyl,0.0,12,11,wrong,wrong,,False,False,False,False,0.0,False,False,45,6,,C=C.CC.CC.CC,,C=C.C=C.CC.CC.CC.CC
isoniazid_cid3767,,,isoniazid_cid3767.png,low,low,0.1369559922604241,wrong,,Isoniazid,0.0,9,10,wrong,wrong,,False,False,False,False,0.0,False,False,13,1,,,,[1*]C([2*])N([1*])C1C2CCCC1C2 |$R1;;R2;;R1;;;;;;;$|
isosorbide_dinitrate_cid6883,,,isosorbide_dinitrate_cid6883.png,low,low,0.04097687866874177,invalid,,,,,,invalid,invalid,,False,False,False,False,,False,,,,,,,CC1[CH]2(CN(C)C)CNC13(C)C(CN(C)C)CN[CH]23C
isosorbide_mononitrate_cid27661,,,isosorbide_mononitrate_cid27661.png,low,low,0.003265961229344464,invalid,,,,,,invalid,invalid,,False,False,False,False,,False,,,,,,,[H]N(C)C[CH]12CC(C1)C1(C)C(CO)CC3C([CH]CO)[CH]C312C
isradipine_cid3784,,,isradipine_cid3784.png,low,low,0.04938548235306336,invalid,,,,,,invalid,invalid,,False,False,False,False,,False,,,,,,,CCC(C)(C)CC(CCOC(C)C)C1CC[CH][CH]23CC(CC12)N3
ivosidenib_cid71657455,,,ivosidenib_cid71657455.png,low,low,0.0007763247408754148,wrong,,Ivosidenib,0.098,39,41,wrong,wrong,,False,False,False,False,0.098,False,False,50,1,,,,"[H]C1([H])CC(N(C)C(=O)[C@H]([C@@H](C2[CH]CCC(O)C2)[C@@H](C)[C@@H](C)[C@H](C(C)N)[C@@H](C)C[C@@H](N)[CH]C)[C@H]2C[CH]CCC2O)C1 |^1:12,31,35|"
ixabepilone_cid6445540,,,ixabepilone_cid6445540.png,low,low,2.852256237271365e-10,invalid,,,,,,invalid,invalid,,False,False,False,False,,False,,,,,,,CCC1C(C)CC2C3C456(C)C2[N+]3278(C)CC4239%10%11%12%13%14(C)C24[CH]3%15%16%17%18[CH]3%19%20[CH](C)(CC)[CH]%15%21([CH](C)(C)N(C)C%15CCC(C)O%15)(C9)([CH]3(C)CCC(OC)C(C)C(O)C1C)C%19%16%1013[CH]2%17%119%10(C)C57%12[CH]461%1889%13(C)[CH]%203%21%10%14C
ketamine_cid3821,,,ketamine_cid3821.png,low,low,0.04400736519613627,wrong,,Ketamine,0.113,15,16,wrong,wrong,,False,False,False,False,0.113,False,False,9,1,,,,[10*][C@@H]1CCCC[C@]1(CC)N1CC[CH]OC1C |$R10;;;;;;;;;;;;;;;$|
ketorolac_cid3826,,,ketorolac_cid3826.png,low,low,0.01029923479297728,invalid,,,,,,invalid,invalid,,False,False,False,False,,False,,,,,,,*C1(C(C)CC)C[CH]C2C1CCC2[CH]1(C)CC2CC[CH]C=C21 |$R;;;;;;;;;;;;;;;;;;;;;$|
l_alanine_cid5950,,,l_alanine_cid5950.png,low,low,0.499172699834263,wrong,,L-Alanine,0.12,7,6,wrong,wrong,,False,False,False,False,0.12,False,False,16,1,,,,*C(C)CCC(C)C[1*] |$E;;;;;;;;R1$|
l_arginine_cid6322,,,l_arginine_cid6322.png,low,low,0.475276386194365,wrong,,L-Arginine,0.102,25,12,wrong,wrong,,False,False,False,False,0.102,False,False,54,4,,,,*C(=O)CCCCCCCC.*CCCCCCC(*)=O.C.CCCN(C)C |$Ph;;;;;;;;;;;Me;;;;;;;;Ph;;;;;;;;$|
l_ascorbic_acid_cid54670067,,,l_ascorbic_acid_cid54670067.png,low,low,0.1170352529122956,wrong,,L-Ascorbic Acid,0.118,15,12,wrong,wrong,,False,False,False,False,0.118,False,False,16,2,,,,[1*][C@]1(C(C)C)O[C@H](O)C(CO)C1OC.[OH][Ir] |$R1;;;;;;;;;;;;;;;$|
l_aspartic_acid_cid5960,,,l_aspartic_acid_cid5960.png,low,low,0.5014273005230842,wrong,,L-Aspartic Acid,0.057,8,9,wrong,wrong,,False,False,False,False,0.057,False,False,16,1,,,,*CC[C@H](CCOC)C(*)* |$R;;;;;;;;;R;R$|
l_glutamic_acid_cid33032,,,l_glutamic_acid_cid33032.png,low,low,0.1410400574297544,wrong,,L-Glutamic Acid,0.057,25,10,wrong,wrong,,False,False,False,False,0.057,False,False,74,4,,,,CC.CC(C)C.CCC(C)C(CC)CC.CC[C@H](C(C)C)[C@@H](C)CC
l_glutamine_cid5961,,,l_glutamine_cid5961.png,low,low,0.2282478404731697,wrong,,L-Glutamine,0.075,28,10,wrong,wrong,,False,False,False,False,0.075,False,False,80,3,,,,CCCCC.CCCCCCCCC(C)C.[H]C([H])[C@@H](C)CCC(CCC)C(C)C
l_histidine_cid6274,,,l_histidine_cid6274.png,low,low,0.001174872938941071,invalid,,,,,,invalid,invalid,,False,False,False,False,,False,,,,,,,*C([7*])[CH]1(C(CO)O[6*])C[CH]234C5O[CH]678O9[CH]5(C12)C36[CH]97O48 |$Y;;R7;;;;;;R6;;;;;;;;;;;$|
l_isoleucine_cid6306,,,l_isoleucine_cid6306.png,low,low,0.149419327060822,invalid,,,,,,invalid,invalid,,False,False,False,False,,False,,,,,,,O.[1*]C(C)C1C(CCC)[CH]1(C)CC |$;R1;;;;;;;;;;;$|
l_leucine_cid6106,,,l_leucine_cid6106.png,low,low,0.3242061487520694,wrong,,L-Leucine,0.139,25,9,wrong,wrong,,False,False,False,False,0.139,False,False,67,4,,,,CC(C)C.CCC(C)C.CCCC.CCCCCC(C)C(C)C(C)C
l_lysine_cid5962,,,l_lysine_cid5962.png,low,low,0.1210052304837056,wrong,,L-Lysine,0.143,27,10,wrong,wrong,,False,False,False,False,0.143,False,False,71,3,,,,CCCCCC(C)C.CCCCCCCC(C)C.[1*]CCCCCCC(C)C |$;;;;;;;;;;;;;;;;;;R1;;;;;;;;;$|
l_methionine_cid6137,,,l_methionine_cid6137.png,low,low,0.3593915359393746,wrong,,L-Methionine,0.057,17,9,wrong,wrong,,False,False,False,False,0.057,False,False,41,2,,,,C[CH]CCCCCCCCCCCCCC.[CH3+] |^1:1|
l_phenylalanine_cid6140,,,l_phenylalanine_cid6140.png,low,low,0.07470333222131537,invalid,,,,,,invalid,invalid,,False,False,False,False,,False,,,,,,,*OC(C)C(C[CH]12CCC3C(CC3C1)C2)C([H])C |$E;;;;;;;;;;;;;;;;;$|
l_proline_cid145742,,,l_proline_cid145742.png,low,low,0.007353652626585632,invalid,,,,,,invalid,invalid,,False,False,False,False,,False,,,,,,,*OC(CO)C[CH]1(C)C2O3C4CCC4C231 |$Y;;;;;;;;;;;;;;$|
l_serine_cid5951,,,l_serine_cid5951.png,low,low,0.6935774103185864,wrong,,L-Serine,0.049,13,7,wrong,wrong,,False,False,False,False,0.049,False,False,28,1,,,,*OCC(C)C[C@H](CCC)CN(C)C |$R;;;;;;;;;;;;;$|
l_threonine_cid6288,,,l_threonine_cid6288.png,low,low,0.01631817246569004,invalid,,,,,,invalid,invalid,,False,False,False,False,,False,,,,,,,CCCC[CH]1(CCNC)C(N(C)C)C1[CH]1(OC)CC1
l_tryptophan_cid6305,,,l_tryptophan_cid6305.png,low,low,0.4870635675669836,wrong,,L-Tryptophan,0.049,18,15,wrong,wrong,,False,False,False,False,0.049,False,False,23,1,,,,[H]C(C)[C@@H](C[C@@H]1C[C@H](O)[C@@H]2CCCC[C@H]12)[C@H](O)OC
l_tyrosine_cid6057,,,l_tyrosine_cid6057.png,low,low,0.09206947481490406,wrong,,L-Tyrosine,0.04,16,13,wrong,wrong,,False,False,False,False,0.04,False,False,24,1,,,,[H]C(C)[C@@H](C[C@@H]1CCC(OC)CC1)[C@H](C)OC
l_valine_cid6287,,,l_valine_cid6287.png,low,low,0.04099945814515142,invalid,,,,,,invalid,invalid,,False,False,False,False,,False,,,,,,,C1CC23CC2C13.CCCC1C(N(C)C)[CH]1(CCNC)CC(C)CC
labetalol_cid3869,,,labetalol_cid3869.png,low,low,0.0002663414594774995,invalid,,,,,,invalid,invalid,,False,False,False,False,,False,,,,,,,*OC(CC(C)C(C)CC[CH]12[CH]C3C4C56C1[CH]45C36CC2)C1CC(C(O)C(C)O)C2(C(C)C)CC1C2 |$R;;;;;;;;;;;;;;;;;;;;;;;;;;;;;;;;;;$|
lamotrigine_cid3878,,,lamotrigine_cid3878.png,low,low,0.004809603718600764,invalid,,,,,,invalid,invalid,,False,False,False,False,,False,,,,,,,[10*]C(=CC(C)C)[CH]12CC34CC(C)C(C)C(C31)N2C(C)C(C)C4 |$R10;;;;;;;;;;;;;;;;;;;;;$|
lansoprazole_cid3883,,,lansoprazole_cid3883.png,low,low,0.07157274857541736,invalid,,,,,,invalid,invalid,,False,False,False,False,,False,,,,,,,*C1C2CC=CCC2NC1C(C)CC1NCC2CC(C)(C)(C)CC(C)(C)COC2=C1C |$R;;;;;;;;;;;;;;;;;;;;;;;;;;;;;;$|
lapatinib_cid208908,,,lapatinib_cid208908.png,low,low,0.001368210186175498,invalid,,,,,,invalid,invalid,,False,False,False,False,,False,,,,,,,*C(CCS(C)(O)O)CC1CCC(CCCC(O)N(C)C2CC([1*])[CH]3(CCC4C[CH]5(C)C6C7C4C6C75)CC2C3)O1 |$R;;;;;;;;;;;;;;;;;;;;;;;R1;;;;;;;;;;;;;;;;$|
lazertinib_cid121269225,,,lazertinib_cid121269225.png,low,low,5.614303049843102e-06,invalid,,,,,,invalid,invalid,,False,False,False,False,,False,,,,,,,CCC[CH]12O3C(CCC[CH]N4CC(C[NH+](C)C)C=N4)C14C1CCC(C5CCNCC5)[CH]5(NC6CC6C)C[CH](C(C)OC)(C(C)OC)(C(=O)[CH]346CCCC(N3CC(CN(C)C)C(C4CC=CCC4)=N3)C6)C152
ledipasvir_cid67505836,,,ledipasvir_cid67505836.png,low,low,1.510381660698519e-06,invalid,,,,,,invalid,invalid,,False,False,False,False,,False,,,,,,,[H]C(C(=O)OC)C(C(=O)N12C3([H])CCC34(C)[CH]135C167=NC89C=CC%10(C%11C=CC%12=C(C%11)C([H])(C)C%11CC(C%13COC(C%14(C)CC%15(CC%15)CC%14C(=O)C(C(C)C)N([H])C(=O)OC)N%13[H])C=CC%12%11)C%11[CH]8%12%13C%10[CH]%1198C1%129[H][CH]%1381([H]9)[H]N631[CH]2475)C(C)C
lenalidomide_cid216326,,,lenalidomide_cid216326.png,low,low,1.394194723870061e-05,invalid,,,,,,invalid,invalid,,False,False,False,False,,False,,,,,,,CC1CCCC(O)C1C.C[CH][CH]1234C(C)N5C6C1[CH](CC)(C(C)C)C62C5N1C3C[CH]14C
letrozole_cid3902,,,letrozole_cid3902.png,low,low,0.01607077861957552,invalid,,,,,,invalid,invalid,,False,False,False,False,,False,,,,,,,CC[CH]C(C(C)CCC(C)C(C)C)[CH]12C[CH]34CC1C3NC42
leu_enkephalin_cid461776,,,leu_enkephalin_cid461776.png,low,low,0.002686785237237354,invalid,,,,,,invalid,invalid,,False,False,False,False,,False,,,,,,,[H]N(C)(C(=O)C(CC1=CC=CC=C1)N(C)C(=O)CC(O)C(O)C[CH](O)(O)C(O)C(CC)CC1CCC(O)CC1)[CH]12C(O)C(O)CC3456=O=C78(C3)C4C(=O)(C175)C286
leukotriene_b4_cid5280492,,,leukotriene_b4_cid5280492.png,low,low,0.309274981447863,invalid,,,,,,invalid,invalid,,False,False,False,False,,False,,,,,,,[1*]C(C(=O)C(CCCC(=O)N[11*])O[11*])C(O)C([1*])C(C)=C(C)[CH](C)(O)CCC(=C)CCCCC |$R1;;;;;;;;;;;R11;;R11;;;;R1;;;;;;;;;;;;;;;;$|
leuprolide_cid657181,,,leuprolide_cid657181.png,low,low,0.003429380191019982,invalid,,,,,,invalid,invalid,,False,False,False,False,,False,,,,,,,[H]NC(=O)(CCCN[CH](C(C)O)(C(C)O)C(O)[CH]NCCCCC(O)[CH][CH]CNCC)C(CC(C)C)N([H])C(=O)C(CN(C)C)NC(=O)C(CC1C=CC(NO)=CC1)NC(=O)C(CC)NC(=O)C(CN1CN([H])CC1=CC)C1(=O)=O=N1C(CC(N)C[NH3+])C(O)C(O)[CH]12C3C4C1C3C13(=O)C(=O)[CH]215OC435=O
levetiracetam_cid5284583,,,levetiracetam_cid5284583.png,low,low,0.2035118482233613,wrong,,Levetiracetam,0.085,13,12,wrong,wrong,,False,False,False,False,0.085,False,False,18,1,,,,C[C@H]([C@H]1CCC[C@H]1C)[C@@H](C)N(C)C
levodopa_cid6047,,,levodopa_cid6047.png,low,low,0.007383895708877859,invalid,,,,,,invalid,invalid,,False,False,False,False,,False,,,,,,,CCC(C)C(C[CH]12CCC1CC(CC)C(CC)C2)C(C)C
levonorgestrel_cid13109,,,levonorgestrel_cid13109.png,low,low,0.0002255816082652624,invalid,,,,,,invalid,invalid,,False,False,False,False,,False,,,,,,,CCCC123CC4C[CH]456C4(C)CCC7CC(C)CCC78(CC)C(CCN)CCC57(C)C5CCC1(CC)(C2(C)C)C536(CC)CC[CH]487
lidocaine_cid3676,,,lidocaine_cid3676.png,low,low,0.06293368074283144,invalid,,,,,,invalid,invalid,,False,False,False,False,,False,,,,,,,CC(CN1CCCC1)C(C)C1C2CC2[CH]23CCC2C1(C)C3
linagliptin_cid10096344,,,linagliptin_cid10096344.png,low,low,0.01204413429057691,wrong,,Linagliptin,0.1,32,35,wrong,wrong,,False,False,False,False,0.1,False,False,28,1,,,,CCCC[C@H]1C([C@H](O)OC[C@H](C)N[C@H]2CCCC[C@H]2CO)[CH]S[C@H]1N1CCC[C@@H](C[NH3+])C1 |^1:21|
linalool_cid6549,,,linalool_cid6549.png,low,low,0.03378406769434226,wrong,,Linalool,0.091,33,11,wrong,wrong,,False,False,False,False,0.091,False,False,75,2,,,,CCCCCCCCC(CC)(CCC)CCC.CCCCCCCCC(CC)(CCC)[SH]C |^1:31|
linoleic_acid_cid5280450,,,linoleic_acid_cid5280450.png,low,low,0.762140933682475,wrong,,Linoleic Acid,0.167,20,20,wrong,wrong,,False,False,False,False,0.167,False,False,10,1,,,,[1*]O[C@H](C)CCCCCCCCC([1*])CC([1*])C([1*])CCCCC |$R1;;;;;;;;;;;;;R1;;;R1;;R1;;;;;$|
liothyronine_cid5920,,,liothyronine_cid5920.png,low,low,0.0002219529949866949,invalid,,,,,,invalid,invalid,,False,False,False,False,,False,,,,,,,C.CC=CC(CC)C1=C23=C(C(=CC4=CCC4)=C=2CC(C(CC)CCCCC(C(C)=O)C(C)C)CCCCC3)C1CC.Cl
lipoic_acid_cid6112,,,lipoic_acid_cid6112.png,low,low,0.2458276000895933,wrong,,Lipoic acid,0.174,17,12,wrong,wrong,,False,False,False,False,0.174,False,False,32,1,,,,[1*]CCN(C[1*])CCCCCCCCC1CCCC1 |$R1;;;;;R1;;;;;;;;;;;;;$|
lithium_carbonate_cid11125,,,lithium_carbonate_cid11125.png,low,low,0.4489918967132663,wrong,,Lithium Carbonate,0.0,1,6,wrong,wrong,,False,False,False,False,0.0,False,False,9,1,,,,[10*]C([10*])[10*] |$R10;;R10;R10$|
lithium_citrate_cid13520,,,lithium_citrate_cid13520.png,low,low,0.4858912142223954,wrong,,Lithium Citrate,0.118,15,16,wrong,wrong,,False,False,False,False,0.118,False,False,33,5,,O,,CC(C)=O.CC(C)CCCCO.Cl.O.O
loperamide_cid3955,,,loperamide_cid3955.png,low,low,3.227125822011437e-06,invalid,,,,,,invalid,invalid,,False,False,False,False,,False,,,,,,,C1=C2C3C24C2[CH]15C[CH]32C45.C1C2C3C[CH]245CC2[CH]16C[CH]24C6C35.[H]C(C)(CCCCCCC)C1CCC(O)CC1
lopinavir_cid92727,,,lopinavir_cid92727.png,low,low,0.00613132355247174,invalid,,,,,,invalid,invalid,,False,False,False,False,,False,,,,,,,CC1=C2(OCC(O)C(=O)C(CC3CCCCC3)C(C)CC(CC3CC=CCC3)C(C)C(O)C3CCC[CH]4(O)C(O)CCC[NH+]34)CC34C5C1C3C5C42
loratadine_cid3957,,,loratadine_cid3957.png,low,low,0.01256403827007243,wrong,,Loratadine,0.09,27,27,wrong,wrong,,False,False,False,False,0.09,False,False,26,1,,,,"CCO[C@H](C)[C@@H]1CC[C@@H]([C@H]2[C@H]3[CH]CC(C)[CH][C@@H]3CC[C@@H]3CCC[NH+][C@H]32)CC1 |^1:11,15,23|"
lorazepam_cid3958,,,lorazepam_cid3958.png,low,low,2.385211858699332e-08,invalid,,,,,,invalid,invalid,,False,False,False,False,,False,,,,,,,CC1C2N[CH]345C6C([CH]CC(C)[CH]67O[CH]689%10%11%12(CC(CCC36)C8)C7[CH]36C7C[CH]8%13%14C[CH]349%15C83C(C2%13)C%14C%10[CH]7%15%11C365%12)N1C
lorlatinib_cid71731823,,,lorlatinib_cid71731823.png,low,low,1.087055020243835e-05,invalid,,,,,,invalid,invalid,,False,False,False,False,,False,,,,,,,*N(C)C(C=O)CC(C)CC(CO)OC(C)C1C[CH]23C4=CC(C(C)N(C)C)C(C(O)OC(CC(C)C)C([1*])C(C)Cl)C2C4=C3=CC1C(C)N(C)C |$R;;;;;;;;;;;;;;;;;;;;;;;;;;;;;;;;;;;;;R1;;;;;;;;;;;;;$|
losartan_cid3961,,,losartan_cid3961.png,low,low,0.000542851018800104,invalid,,,,,,invalid,invalid,,False,False,False,False,,False,,,,,,,*N1CC(CCCC)N(CC23=C4C56C=2C42[CH]54C(CC(C)CC)[CH]62(C2CC5C6C7C5C6[CH]72C2NCC(C)O2)C4C3)C1CCC |$Rb;;;;;;;;;;;;;;;;;;;;;;;;;;;;;;;;;;;;;;;;;;$|
lovastatin_cid53232,,,lovastatin_cid53232.png,low,low,7.771946434978899e-05,invalid,,,,,,invalid,invalid,,False,False,False,False,,False,,,,,,,*C12[CH]34C(C)[CH]567C(C)O[CH]8(CCC9[CH]35(C)[CH]35C6[CH]16%10%11(C[CH]1(C)(C6)(C6[CH]%12%13C1[CH]621(O[CH]26(C)CC(O%121)[CH]2(CC)C[CH]6(C)CC)C9%134%10*)C3%11)C57)CC(O)CC(OC)C8 |$R;;;;;;;;;;;;;;;;;;;;;;;;;;;;;;;;;;;;;;;;;R;;;;;;;;;;$|
loxapine_cid3964,,,loxapine_cid3964.png,low,low,0.0001019596702184918,invalid,,,,,,invalid,invalid,,False,False,False,False,,False,,,,,,,CN1CCN(C[CH]23[CH]C(O)OC4C2O2[CH]43O[CH]234O[CH]2(O)C(CC3O)C[CH]2(O)CC4O)CC1
lurbinectedin_cid57327016,,,lurbinectedin_cid57327016.png,low,low,6.915206931578761e-14,invalid,,,,,,invalid,invalid,,False,False,False,False,,False,,,,,,,*OC1C2[CH]O[CH]34(C)C5(C)C[CH]67C(O[CH]C)=C(*)C8CC[CH]C89C6C68(C)CC%10N%11C(=O)[CH]%11%12%13C%11C%14C(C2[CH]C(C)C1OC)C%14%1231(C)(C)O[CH]23%12%14C%15C%16C(OC)[CH][CH]%112[CH]%153(C%16%12)[CH]%1423N(*)[CH]%11%12(CC(C)(C)([CH]976)[CH]%1058%11C(O*)[CH]%122%13O*)[CH]341O* |$Y;;;;;;;;;;;;;;;;;Y;;;;;;;;;;;;;;;;;;;;;;;;;;;;;;;;;;;;;;;;;Y;;;;;;;;;;Y;;;Y;;;Y$|
lycopene_cid446925,,,lycopene_cid446925.png,low,low,0.4808275132777673,invalid,,,,,,invalid,invalid,,False,False,False,False,,False,,,,,,,CC=CCCC(C)(C)=CCC(C)=C1(C)=O=C1CC(C)(=O)=CC(=O)CC(C)=CC=C(=O)C(C)CC=CC(=O)C=[CH](C)CCC=C(C)C
magnesium_stearate_cid11177,,,magnesium_stearate_cid11177.png,low,low,0.8067269179858702,wrong,,Magnesium Stearate,0.371,41,41,wrong,wrong,,False,False,False,False,0.371,False,False,14,1,,,,CCCCCCCCCCCCCCCCCC(=O)CCO[C@@H](C)CCCCCCCCCCCCCCCCC
malachite_green_cid11294,,,malachite_green_cid11294.png,low,low,0.1726815144913156,invalid,,,,,,invalid,invalid,,False,False,False,False,,False,,,,,,,CN(C)C1[CH]CC(C[CH]2([CH]CCCCCC3CCCC(N(C)C)C3)[CH]CCCC2)CC1
malathion_cid4004,,,malathion_cid4004.png,low,low,0.3210859211890219,wrong,,Malathion,0.138,21,19,wrong,wrong,,False,False,False,False,0.138,False,False,23,2,,,,CCCCCC[C@H](O)OC.[1*][Si](OC)(OC)OCCOCC |$;;;;;;;;;;R1;;;;;;;;;;;$|
manganese_iii_acetylacetonate_cid12567224,,,manganese_iii_acetylacetonate_cid12567224.png,low,low,0.07810529854983313,wrong,,Manganese(III) acetylacetonate,0.094,34,22,wrong,wrong,,False,False,False,False,0.094,False,False,81,6,,*C(C(C)C)C(C)C,,*C(C(C)C)C(C)C.*C(C(C)C)C(C)C.CC(C)C(C)C.CC(C)[C@@H](C)O.CCC.CCC(C)C |$Y;;;;;;;;Y;;;;;;;;;;;;;;;;;;;;;;;;;;;$|
maprotiline_cid4011,,,maprotiline_cid4011.png,low,low,0.003228891781920014,invalid,,,,,,invalid,invalid,,False,False,False,False,,False,,,,,,,CN(C)CCCN123C4CCCCC4C4CCC415C1C4CC6CC[CH]452[CH]13C6
maytansine_cid5281828,,,maytansine_cid5281828.png,low,low,1.492596836957617e-08,invalid,,,,,,invalid,invalid,,False,False,False,False,,False,,,,,,,C.[H]C1(C)OC(O)C(O)[CH]2(CC)C(OC)[CH]3(O)C(O)C(O)C(C)C4[CH]567C[CH]489%10%11(CC(OC)[CH]4%12(O)[CH]%13%14%15%16O(C)[CH]4%13(C8)([CH]%14(C)C(O)CC(OC(O)C(C)N(C)C(C)C)C(C)C(C)(O)C1C)([CH]5%159O6)[CH]7%12%16%10C%11)OC(C)C(O)C(O)C1O(C)C132OC
meclizine_cid4034,,,meclizine_cid4034.png,low,low,0.0005196391616486355,invalid,,,,,,invalid,invalid,,False,False,False,False,,False,,,,,,,[1*]C1CCC(C(N2CCN(C[CH]34[CH]C5(C)CC(C3)C5CC4)CC2)C23=C4[CH]567C=2[CH]428C5CC3C(C62)C78)CC1 |$R1;;;;;;;;;;;;;;;;;;;;;;;;;;;;;;;;;;;$|
medroxyprogesterone_cid10631,,,medroxyprogesterone_cid10631.png,low,low,0.002046107724417827,invalid,,,,,,invalid,invalid,,False,False,False,False,,False,,,,,,,C[CH][CH]123CC(C)CCC14(C)[CH]1(C)C5(C)(C)C(C)CCC(CC)(C(C)=O)C6(C)(C)C7CC6[CH]7(C)[CH]54(C)C12(C)CCC(C)C3
mefenamic_acid_cid4044,,,mefenamic_acid_cid4044.png,low,low,0.07857341195507965,wrong,,Mefenamic Acid,0.016,22,18,wrong,wrong,,False,False,False,False,0.016,False,False,37,2,,,,*[C@H](C(C)C)[C@H](CC)[C@@H]([CH]C)C=C.CC(C)[C@H](C)N(C)C(C)C |$R10(Am)TaTa;;;;;;;;;;;;;;;;;;;;;;$|
megestrol_cid19090,,,megestrol_cid19090.png,low,low,3.775341812281074e-05,invalid,,,,,,invalid,invalid,,False,False,False,False,,False,,,,,,,[1*]OC1C23C4C25CC32(C)(O([1*])C)[CH]1(C)CCCC136(C)CCC(O)C[CH]17([CH]C)CC(O)CCC71(C)[CH]37C[CH]16(C)([CH]1(C)C3CC1C32(C)C)C7(C)(C)[CH]45C |$R1;;;;;;;;;;R1;;;;;;;;;;;;;;;;;;;;;;;;;;;;;;;;;;;;;;;;$|
melamine_cid7955,,,melamine_cid7955.png,low,low,0.269491279998571,wrong,,Melamine,0.0,15,9,wrong,wrong,,False,False,False,False,0.0,False,False,39,1,,,,CC(C)C1C[C@@H](C(C)C)N[C@@H](C(C)C)C1
melatonin_cid896,,,melatonin_cid896.png,low,low,0.02452842602091948,invalid,,,,,,invalid,invalid,,False,False,False,False,,False,,,,,,,[1*]C(C)N([1*])CCC1CN([H])[CH]23C4C5C6(CC)[CH][CH]12C4[CH]53C6 |$R1;;;;R1;;;;;;;;;;;;;;;;;$|
memantine_cid4054,,,memantine_cid4054.png,low,low,0.00464405920076584,invalid,,,,,,invalid,invalid,,False,False,False,False,,False,,,,,,,CC1CCCCC[CH]23(C1)CC1CC4(CC(C1)(C2)C4C)C3
menthol_cid1254,,,menthol_cid1254.png,low,low,0.7001163970240917,wrong,,Menthol,0.297,12,11,wrong,wrong,,False,False,False,False,0.297,False,False,2,1,,,,*C1([CH]O)CC([H])(C)CC[C@]1([H])C(C)C |$R;;;;;;;;;;;;;;$|
meperidine_cid4058,,,meperidine_cid4058.png,low,low,0.1978440630043128,wrong,,Meperidine,0.077,13,18,wrong,wrong,,False,False,False,False,0.077,False,False,10,1,,,,CC[C@@H](C)C(C)(C)C1CCCCC1
mepivacaine_cid4062,,,mepivacaine_cid4062.png,low,low,0.02555517397781088,wrong,,Mepivacaine,0.133,23,18,wrong,wrong,,False,False,False,False,0.133,False,False,30,3,,,,CC1CC2C3CC1[C@@H](C)[C@@H]2C3.CN1CCCCC1.[1*][C@@H](C)C(C)C |$;;;;;;;;;;;;;;;;;;R1;;;;;$|
metformin_cid4091,,,metformin_cid4091.png,low,low,0.6886701575518367,wrong,,Metformin,0.086,11,9,wrong,wrong,,False,False,False,False,0.086,False,False,20,1,,,,*C(*)C(O[C@H](C(*)*)C(C)C)N(C)C |$Y;;Y;;;;;Y;Y;;;;;;$|
methadone_cid4095,,,methadone_cid4095.png,low,low,0.01075784552578665,invalid,,,,,,invalid,invalid,,False,False,False,False,,False,,,,,,,CCC(C)C.CCC1[CH]C[CH][CH]C1.CN(C)[CH](C)(C)CC1[CH]C[CH]CC1
methanol_d4_cid71568,,,methanol_d4_cid71568.png,low,low,0.7096930398143866,wrong,,Methanol-D4,0.067,4,2,wrong,wrong,,False,False,False,False,0.067,False,False,6,1,,,,[H]C([H])([H])COC
methocarbamol_cid4107,,,methocarbamol_cid4107.png,low,low,0.00229720492406527,invalid,,,,,,invalid,invalid,,False,False,False,False,,False,,,,,,,CC(C)CCC(C)C(C)Cl.CO[CH]12C[CH]34CC(C3CC1C)C42
methylene_blue_cid6099,,,methylene_blue_cid6099.png,low,low,0.005205583199505538,invalid,,,,,,invalid,invalid,,False,False,False,False,,False,,,,,,,CN(C)[CH]12CC3C4NC5C6C[CH]7(N(C)C)C[CH]5(C[CH]4(C1)C32)C67.[I-]
methylphenidate_cid4158,,,methylphenidate_cid4158.png,low,low,0.5185886392524066,wrong,,Methylphenidate,0.148,16,17,wrong,wrong,,False,False,False,False,0.148,False,False,12,1,,,,CN(C)C(C1[CH]CCCC1)C1CCCCC1 |^1:5|
methylprednisolone_cid6741,,,methylprednisolone_cid6741.png,low,low,6.232006379385799e-05,invalid,,,,,,invalid,invalid,,False,False,False,False,,False,,,,,,,CCC1(C(=O)COC)CCC2(C)(C)C3456(C)C7[CH]8(C)CC7239%10(C)[CH]4237C[CH]594%11%12(C)(O[CH]6%1045C2%1146(C)CC35%122(C)[CH]4(C)CC(C)C[CH]862)[CH]7(C)CC1(C)C
metoprolol_cid4171,,,metoprolol_cid4171.png,low,low,0.1867741172064928,wrong,,Metoprolol,0.065,21,19,wrong,wrong,,False,False,False,False,0.065,False,False,27,1,,,,CCCC[C@@H]1CC[C@@H](CC[C@@H](CC)CC(C)C(C)C)CC1
metoprolol_succinate_cid62937,,,metoprolol_succinate_cid62937.png,low,low,0.02899853195184652,wrong,,Metoprolol Succinate,0.175,45,46,wrong,wrong,,False,False,False,False,0.175,False,False,19,3,,,,[10*]*C(C)CCC(=O)O[10*].[10*]O[C@H](CO[C@@H]1C=C[C@H](CCOC)CC1)CN([10*])C(C)C.[10*][C@@H](C[C@H](CO[C@@H]1C=CC(CCOC)CC1)O[H])C(C)C |$R10;Me;;;;;;;;R10;R10;;;;;;;;;;;;;;;;;R10;;;;R10;;;;;;;;;;;;;;;;;;;;$|
metronidazole_cid4173,,,metronidazole_cid4173.png,low,low,0.1711385137207566,wrong,,Metronidazole,0.038,11,12,wrong,wrong,,False,False,False,False,0.038,False,False,24,1,,,,[1*][C@@H](C)[C@@H]1CC[C@H](C)[C@H]1CCC |$R1;;;;;;;;;;;$|
midostaurin_cid9829523,,,midostaurin_cid9829523.png,low,low,2.665932019333346e-06,invalid,,,,,,invalid,invalid,,False,False,False,False,,False,,,,,,,CC(O)C1CCCCC1.CC[CH]12CC(C)(C1)CC134(C)[CH]2(CC)C125(C)O[CH]316[CH]37CCCCC3C3C8CC(O)C(O)C8C8C9CCCCC9N(C)C8[CH]31C72O654
minoxidil_cid4201,,,minoxidil_cid4201.png,low,low,0.08173466367544359,wrong,,Minoxidil,0.051,17,15,wrong,wrong,,False,False,False,False,0.051,False,False,21,1,,,,*C[C@H]1C[C@@H](C2CCCCC2)C[C@H](C(F)F)[C@H]1O* |$R;;;;;;;;;;;;;;;;;;R$|
mirtazapine_cid4205,,,mirtazapine_cid4205.png,low,low,0.00925952060416285,wrong,,Mirtazapine,0.164,21,20,wrong,wrong,,False,False,False,False,0.164,False,False,19,1,,,,"C[C@@H]1C[C@@H]2CC(C2)[C@H]1C1CCN(C)C[C@@H]1C1[CH]CC[CH]C1 |^1:16,19|"
mithramycin_cid163659,,,mithramycin_cid163659.png,low,low,0.0001332014182980017,invalid,,,,,,invalid,invalid,,False,False,False,False,,False,,,,,,,[1*]OC1C(C)OC(OC2CC(O[CH]345678O[CH]9%10(C)C[CH]%11%12%13O9[CH]9%14OC(C(O)C(OC)C(O)C(O)C(C)O)[CH](O)([CH]O)C(C(=O)[CH]C(O)=CC(O)C(C)[CH]O[CH]O[CH]C)O[CH]OC(C)[CH]%113%15(O[11*])[CH]3%11%16O4[CH]%154(C935)(C%14%116)[CH]%10%1273C(O)[CH]%16%1348C3O)OC(C)C2O[11*])CC1([H])C |$R1;;;;;;;;;;;;;;;;;;;;;;;;;;;;;;;;;;;;;;;;;;;;;;;;;;;;;;;;;;;;;;R11;;;;;;;;;;;;;;;;;R11;;;;$|
mitomycin_c_cid5746,,,mitomycin_c_cid5746.png,low,low,0.00102720543050112,invalid,,,,,,invalid,invalid,,False,False,False,False,,False,,,,,,,[H]C([H])C12(=O)=O=C(C1CC1C3C(O)C(N([H])[H])C(C)C(C)C3C3CC4C(N4[H])C31CC)C2([H])[H]
mk_1775_cid24856436,,,mk_1775_cid24856436.png,low,low,0.03398595262932983,invalid,,,,,,invalid,invalid,,False,False,False,False,,False,,,,,,,[11*]CC(C)(C)N1C=NCC(C2C3O[CH]4(C(C)C5CCC(N6CC[NH+](C)CC6)CC5)CC4CC3C(O)N2CC)C1 |$R11;;;;;;;;;;;;;;;;;;;;;;;;;;;;;;;;;;;;;;$|
mobocertinib_cid118607832,,,mobocertinib_cid118607832.png,low,low,0.04316041291162111,wrong,,Mobocertinib,0.158,44,43,wrong,wrong,,False,False,False,False,0.158,False,False,39,1,,,,*N(C1=NC[C@@H]([C@@H](N)OC(C)C)[C@@H]([C@@H]2CN(C)[C@@H]3CCCC[C@H]23)C1)[C@H]1C[C@@H]([C@H](C)[C@@H](C)CC)[C@H]([C@H](C)CCN(C)C)C=C1OC |$Y;;;;;;;;;;;;;;;;;;;;;;;;;;;;;;;;;;;;;;;;;;;;$|
montelukast_cid5281040,,,montelukast_cid5281040.png,low,low,0.0003910627302423818,invalid,,,,,,invalid,invalid,,False,False,False,False,,False,,,,,,,CC(C)(CO)C1CCCCC1C1C2[CH]345C1[CH]216(OCC278(CC(O)CO)(CC2)C2C7C2(CC(O)CO)C8O31)[CH]412C[CH]5634CC(CC(C(O)[CH]C5CCC6CCC(O)[CH]C6N5)C13)C24.O
n_21_ethyl_20_2_1_methoxyethyl_5_4_methylpiperazin_1_yl_3_py_cid164885345,,,n_21_ethyl_20_2_1_methoxyethyl_5_4_methylpiperazin_1_yl_3_py_cid164885345.png,low,low,2.239326892887692e-06,invalid,,,,,,invalid,invalid,,False,False,False,False,,False,,,,,,,*N1C2CCCC1C(C)NC[CH]13CC[CH]45(N1)C1C(NC(C(C)C(C)C6=C(C)C6)C13)C41=C3[CH]46C=C357CC(C4C(CC)C(CCC([CH]CCC(C)OC)N3CCN(C)CC3)=N6CC(C)(C)COC2=O)C17 |$R;;;;;;;;;;;;;;;;;;;;;;;;;;;;;;;;;;;;;;;;;;;;;;;;;;;;;;;;;;;;;;;;;;;$|
nadolol_cid39147,,,nadolol_cid39147.png,low,low,0.002196519280730078,invalid,,,,,,invalid,invalid,,False,False,False,False,,False,,,,,,,CC1C[CH]23CC4CC[CH]2(CC1CO)C(CCC(CO)CC(C)C(C)(C)C)CCC43
nafcillin_cid8982,,,nafcillin_cid8982.png,low,low,0.00876434966915567,invalid,,,,,,invalid,invalid,,False,False,False,False,,False,,,,,,,*OC(=O)C1C2C(=O)C(C(*)C(C)C3C4CCCCC4C4C[CH]3(OCC)C4)C2(C)CC1(C)C |$Ra;;;;;;;;;;R;;;;;;;;;;;;;;;;;;;;;;$|
nandrolone_cid9904,,,nandrolone_cid9904.png,low,low,0.1778449965609251,invalid,,,,,,invalid,invalid,,False,False,False,False,,False,,,,,,,CC[CH]12C(C)C3(C)(C4(C)CCC5CC(C)CCC5(C)C4C)C4C1C3C42
naphthalene_cid931,,,naphthalene_cid931.png,low,low,0.04950434090675123,invalid,,,,,,invalid,invalid,,False,False,False,False,,False,,,,,,,[CH]1CC2[CH][CH]3(CCCCC13)C2
naratriptan_cid4440,,,naratriptan_cid4440.png,low,low,0.5279784637662946,wrong,,Naratriptan,0.154,24,23,wrong,wrong,,False,False,False,False,0.154,False,False,27,1,,,,[1*][C@](C)(CCC1C[CH]CN(C)C[C@@H](C2CCN(C)CC2)CC1)C(C)C |$R1;;;;;;;;;;;;;;;;;;;;;;;;$|
nefazodone_cid4449,,,nefazodone_cid4449.png,low,low,0.05968221885011703,invalid,,,,,,invalid,invalid,,False,False,False,False,,False,,,,,,,CCC1=NN(CCCN2CCN(C3=CC(C)=CCC3)CC2)C(O)N1CCO[NH+]12C=CC3C4C1C3C42
nevirapine_cid4463,,,nevirapine_cid4463.png,low,low,1.096041196540097e-05,invalid,,,,,,invalid,invalid,,False,False,False,False,,False,,,,,,,CC1C2C34(C)C5[CH]67C3[CH]53C6[CH]2(CC2CC2)(C14)O73.C[CH]C1CC[CH]23[CH]CC2[CH]1(CC1CC1)S3
nicardipine_cid4474,,,nicardipine_cid4474.png,low,low,1.028845300224058e-08,invalid,,,,,,invalid,invalid,,False,False,False,False,,False,,,,,,,*C123(C)(CC(C)N(C)C(C)C1CCC)C145C67CC8[CH]9%10%11C%12%13C%14C%15%16CC[CH]%12%17%18%19%20%21C9(O)=O=C%17(O)(=O=C%18(=O)O)[CH]8%139%12C%198%13O=C%109%20%17=C%156829%10=C1%11%12%21[CH]%167%13%173(C%1449)[CH]5%10O |$R;;;;;;;;;;;;;;;;;;;;;;;;;;;;;;;;;;;;;;;;;;;$|
nickelocene_cid62390,,,nickelocene_cid62390.png,low,low,5.389523046245628e-05,invalid,,,,,,invalid,invalid,,False,False,False,False,,False,,,,,,,[H].[H].[H]C1CCC2C3CCCC1CCC32.[H]C1C[CH]2([H])C3C1C1[H][CH]132
nicotine_cid89594,,,nicotine_cid89594.png,low,low,0.2219317372863693,invalid,,,,,,invalid,invalid,,False,False,False,False,,False,,,,,,,CN(C)[CH][CH]12CNC3C4C1C3C42
nicotinic_acid_cid938,,,nicotinic_acid_cid938.png,low,low,0.07568847102594622,invalid,,,,,,invalid,invalid,,False,False,False,False,,False,,,,,,,COC(C)[CH]12CCC(CC1)CC2
nifedipine_cid4485,,,nifedipine_cid4485.png,low,low,0.01048925255464193,invalid,,,,,,invalid,invalid,,False,False,False,False,,False,,,,,,,COC(=O)C1CC(C(C)OC)N(C)NC1C.C[NH2+]N12CC3CCC1CC[CH]C32
nilotinib_cid644241,,,nilotinib_cid644241.png,low,low,0.07716422229190804,invalid,,,,,,invalid,invalid,,False,False,False,False,,False,,,,,,,[1*]C(C1=C(C)C=CC(C(=O)(=O)[NH2+]C2C=C(C([1*])(C)C)C=C(N3C=C(C)NC3)C2)C1)C12=CCC3C4=C5(=CC=CCC5)C3(=N=14)CC2 |$R1;;;;;;;;;;;;;;;;R1;;;;;;;;;;;;;;;;;;;;;;;;;;;$|
nirmatrelvir_cid155903259,,,nirmatrelvir_cid155903259.png,low,low,4.095883549514012e-05,invalid,,,,,,invalid,invalid,,False,False,False,False,,False,,,,,,,*C(C(C)N)C(C[CH]12CC(C1)C(O)C2O)C(C)C.CC(N)C(O)C(C(O)C1CC(C)C(C)(C)C(C)C1C)C(C)(C)C |$R;;;;;;;;;;;;;;;;;;;;;;;;;;;;;;;;;;;;;;;;$|
nitazoxanide_cid41684,,,nitazoxanide_cid41684.png,low,low,0.01783740015104022,invalid,,,,,,invalid,invalid,,False,False,False,False,,False,,,,,,,*C(C1CC(C(C)=O)CN1)C(C)[CH]12C(NC(C)C)CC3C4C1C3C42 |$R;;;;;;;;;;;;;;;;;;;;;;;$|
nitric_acid_cid944,,,nitric_acid_cid944.png,low,low,0.6144112231657233,wrong,,Nitric Acid,0.0,8,4,wrong,wrong,,False,False,False,False,0.0,False,False,25,3,,O,,CCCCCC.O.O
nitrofurantoin_cid6604200,,,nitrofurantoin_cid6604200.png,low,low,0.3243458105975369,invalid,,,,,,invalid,invalid,,False,False,False,False,,False,,,,,,,CCC(CCN(=O)O)C(O)CN1CC(O)C(O)C1O
nitroglycerin_cid4510,,,nitroglycerin_cid4510.png,low,low,0.1026483161364196,wrong,,Nitroglycerin,0.111,25,15,wrong,wrong,,False,False,False,False,0.111,False,False,48,2,,,,N=C=NC(N)C(N)=O.[H]CC(C)COCCCCC[N+]12CCC3C1[N+]32[O-]
nonactin_cid72519,,,nonactin_cid72519.png,low,low,0.0007491770378907039,invalid,,,,,,invalid,invalid,,False,False,False,False,,False,,,,,,,*C1(CC(C)CC(O)C(C)C23(C)CCC456([H])(CC7(CCC(C)(C(C)C(O)CC(C)CC8(C)CCC(C)(CC(O)O[CH]C)O8)O724)C5[CH](C)(CC(O)C(C)C2(C)CCC(C)(C[CH]C)O2)C6)O3)CCC(C)(C)O1 |$Y;;;;;;;;;;;;;;;;;;;;;;;;;;;;;;;;;;;;;;;;;;;;;;;;;;;;;;;;;;;;;;;;;;;;;$|
norepinephrine_cid439260,,,norepinephrine_cid439260.png,low,low,0.1499342433076576,wrong,,Norepinephrine,0.018,15,12,wrong,wrong,,False,False,False,False,0.018,False,False,23,2,,,,*OCC1C[C@H]([CH]CC)CCC1O*.*[SH](C)C |$Et;;;;;;;;;;;;;R;Y;;;$|
norethindrone_cid6230,,,norethindrone_cid6230.png,low,low,0.01096047185351328,invalid,,,,,,invalid,invalid,,False,False,False,False,,False,,,,,,,**CC123(C*)C(*)C145(C*)C(C(C1(C)CCC6CC(C)CCC6(C)C1[10*])C24C)C35 |$Y;Y;;;;Y;;Y;;;Y;;;;;;;;;;;;;;;;R10;;;$|
nortriptyline_cid4543,,,nortriptyline_cid4543.png,low,low,0.00848204793679051,invalid,,,,,,invalid,invalid,,False,False,False,False,,False,,,,,,,CC(C)CCCC1C2C[CH]CCC2C2[CH]345C[CH]267C3C(CC[CH]146)C57
nystatin_usp_inn_ban_jan_cid6433272,,,nystatin_usp_inn_ban_jan_cid6433272.png,low,low,0.005671740125730044,invalid,,,,,,invalid,invalid,,False,False,False,False,,False,,,,,,,O.[10*]NC1C(C)OC(OC2CC([10*])C(O)C(O)C(=O)NC(=O)(=O)CCCCC([10*])C(C)C3(C)C(C)[CH]4(O[10*])[CH]5(CC(C(C)C([10*])CCC)C(C)[CH]34(C)C5CO)C(C)OC(=O)CC([10*])CCCC(C)CCC([10*])C(O)CC3([10*])CC4(CO)C5C(C2)C4(CO3)C5(=O)O[10*])C(O[10*])C1C([H])[H] |$;R10;;;;;;;;;;;R10;;;;;;;;;;;;;;;;R10;;;;;;;;;R10;;;;;;;R10;;;;;;;;;;;;;;;;;;R10;;;;;;;;;R10;;;;;R10;;;;;;;;;;;;;;R10;;;R10;;;;$|
octreotide_cid448601,,,octreotide_cid448601.png,low,low,1.630616103698571e-08,invalid,,,,,,invalid,invalid,,False,False,False,False,,False,,,,,,,[11*]OC(CCCCC)CC1(O)OC1CCOCCC(O)OC1CC([CH]N[CH][CH]OC)NC(O)C(O)(O)(NCC(OCCCN(C)C)C(=O)(O)[CH](C)(O)[CH]C(O)C(O)[CH]2(N(C)C3(=O)C45C(OCC)[CH]36C4O[CH]56(O)C(=O)C3C4C5=C(=[CH]46ON36[11*])C=CCC5)C3C4567=C89=C3%10%11(=C=43C84=C8%12=C93=C43C8=C5%10=C=%123=C6%11)C27)C1 |$R11;;;;;;;;;;;;;;;;;;;;;;;;;;;;;;;;;;;;;;;;;;;;;;;;;;;;;;;;;;;;;;;;;;;;;;;;;;;;;;;;;R11;;;;;;;;;;;;;;;;;;;$|
okadaic_acid_cid446512,,,okadaic_acid_cid446512.png,low,low,1.531274357866695e-06,invalid,,,,,,invalid,invalid,,False,False,False,False,,False,,,,,,,COC(=O)C1(OC)CC2CCC(OC)C34OC5C67O[CH]589C[CH](C)(C)(N(C)=C[CH]5%10%11OC(C)OCC5%12C(CC(C(OC)C(O)C(O)C(C)CC(C)C5(C)OC%13(CCCCC%13)CCC5C)[Si](C)(C)O)C%10C%12C%11=N8)C695CC(O)(=CC6(OC(CCC6OC)C[Si](C)(OC)(C(=O)OC)C1)(O5)O23)C4=C7O
oleic_acid_cid445639,,,oleic_acid_cid445639.png,low,low,0.7719663707737506,wrong,,Oleic Acid,0.205,20,20,wrong,wrong,,False,False,False,False,0.205,False,False,8,1,,,,[1*]O[C@H](C)CCCCCCCC([H])C([1*])CCCCCCCC |$R1;;;;;;;;;;;;;;R1;;;;;;;;$|
olmesartan_cid158781,,,olmesartan_cid158781.png,low,low,0.004451566469978585,wrong,,Olmesartan,0.076,35,33,wrong,wrong,,False,False,False,False,0.076,False,False,32,1,,,,[1*]CC(C)(C)[C@@H]1NN(CCC)N(C[C@H]2C[CH][C@H]([C@@H]3C[CH]CC[C@H]3[C@H]3N[CH][C@@H](N)N3)CC2)C1[C@@H](N)OC |$R1;;;;;;;;;;;;;;;;;;;;;;;;;;;;;;;;;;;$|
omeprazole_cid4594,,,omeprazole_cid4594.png,low,low,0.05268070105272842,wrong,,Omeprazole,0.071,21,24,wrong,wrong,,False,False,False,False,0.071,False,False,15,1,,,,"CNCCC1[CH]NC([C@H](O)C[C@@H](O)[CH][C@H](N)C(C)C)[C@H]1O |^1:5,13|"
ondansetron_cid4595,,,ondansetron_cid4595.png,low,low,0.03277973769905498,invalid,,,,,,invalid,invalid,,False,False,False,False,,False,,,,,,,CC1NCCC1CC1CCC(N[CH]23CC4CCC2C(C4)C3)[CH][NH]1C
oritavancin_cid16136912,,,oritavancin_cid16136912.png,low,low,1.413449049715835e-08,invalid,,,,,,invalid,invalid,,False,False,False,False,,False,,,,,,,CC(C)C.CC1=CC=C2(C=C1)C1C34C2(C)C12C31C35C(C)[CH]31(C)C425.[H]C1(COC(C)C)OCC2(O[CH]C(O)[CH]O[CH][CH]O[CH][CH]O[CH]O[CH]3(C)[CH]45([CH]O)O[CH]34(O5)C(C)O[CH]OCC3C4OC(=CO34)C=CC1O[CH]CC(C)(C(O)C(C)O)C(C)(C)C)C13=C45=C26=C=12=C41=C4(O)C(=C3)=C6=CC=1(O)=C452
orphenadrine_cid4601,,,orphenadrine_cid4601.png,low,low,0.2101039183293488,wrong,,Orphenadrine,0.204,28,20,wrong,wrong,,False,False,False,False,0.204,False,False,35,2,,,,CC1CCCC[C@H]1COCCN(C)C.C[C@@H]1CCCC[C@@H]1COCCN(C)C
osimertinib_cid71496458,,,osimertinib_cid71496458.png,low,low,0.06991736752407118,wrong,,Osimertinib,0.14,37,37,wrong,wrong,,False,False,False,False,0.14,False,False,23,1,,,,*N(C1=NC=C[C@H]([C@@H]2NN(C)[C@@H]3CCCC[C@H]23)N1)C1C[C@@H](N(*)[C@@H](C)CC)C(N(C)CCN(C)C)CC1OC |$R;;;;;;;;;;;;;;;;;;;;;;R;;;;;;;;;;;;;;;;$|
osimertinib_mesylate_cid78357807,,,osimertinib_mesylate_cid78357807.png,low,low,0.004255357925430711,invalid,,,,,,invalid,invalid,,False,False,False,False,,False,,,,,,,*C(C(O)CC)C1CC(C([1*])C2CCCC(C3CN(C)C4CCCCC34)C2)C(OC)C=C1N(C)CCN(C)C.C[CH](O)(O)CO |$E;;;;;;;;;;R1;;;;;;;;;;;;;;;;;;;;;;;;;;;;;;;;;;$|
oxalic_acid_cid971,,,oxalic_acid_cid971.png,low,low,0.08804881983033039,invalid,,,,,,invalid,invalid,,False,False,False,False,,False,,,,,,,[1*]OC1C[CH](CC)(O[1*])C(O[1*])C(O)C1O |$R1;;;;;;;;R1;;;R1;;;;$|
oxandrolone_cid5878,,,oxandrolone_cid5878.png,low,low,0.03525934134967523,invalid,,,,,,invalid,invalid,,False,False,False,False,,False,,,,,,,CC1C(C)(CO)CC2[CH]34C[CH]125C31(C)C2CC3(C)CC(O)OCC367(C)CCC(O)CC6(C)CCC245(C)[CH]17O
oxaprozin_cid4614,,,oxaprozin_cid4614.png,low,low,0.004458019811898735,invalid,,,,,,invalid,invalid,,False,False,False,False,,False,,,,,,,CCC(O)CCC1CC([NH+]23CCC4C(CC4C2)C3)N(C2CCCCC2)C1
oxcarbazepine_cid34312,,,oxcarbazepine_cid34312.png,low,low,1.527749893326627e-05,invalid,,,,,,invalid,invalid,,False,False,False,False,,False,,,,,,,OC1C[CH]234C[CH]56CC78[CH]5(C[CH]725O2[CH]7(C[CH]CCC17)O5[CH]283)OC64.[10*]CC(C)O |$;;;;;;;;;;;;;;;;;;;;;;R10;;;;$|
oxytocin_cid439302,,,oxytocin_cid439302.png,low,low,0.003041926225673653,invalid,,,,,,invalid,invalid,,False,False,False,False,,False,,,,,,,[10*]C(CC1C(=O)N([10*])[CH]2(C(=O)NC(CC)C(=O)N(C)C(CC(C)C)C(=O)N(C)CC(=O)N(C)C)CC(OCC(C(=O)(=O)O)C(=O)NC(CC3C=CC(NC)CC3)C(O)C(O)C([H])(C(C)CC)[CH]N(C)C(CC[CH](=O)N(C)C)C(=O)N1[10*])C2C)C(C)C |$R10;;;;;;;R10;;;;;;;;;;;;;;;;;;;;;;;;;;;;;;;;;;;;;;;;;;;;;;;;;;;;;;;;;;;;;;;;;;;;;;;;;R10;;;;;$|
ozone_cid24823,,,ozone_cid24823.png,low,low,0.476111108085091,wrong,,Ozone,0.0,4,3,wrong,wrong,,False,False,False,False,0.0,False,False,17,1,,,,*CCCC |$Ar;;;;$|
paclitaxel_cid36314,,,paclitaxel_cid36314.png,low,low,1.798265761398162e-08,invalid,,,,,,invalid,invalid,,False,False,False,False,,False,,,,,,,*C[CH]12C[CH]345678C9[CH]%10(C)C%11[CH]%12%13C[CH]%11%14%15C3%11[CH]3%16%17%18C4%19C134%20(C)C[CH]9%11%19(C%105)(C%166(C)[CH]41[CH]%203C(CC(C)O)[CH]31(CC(C)O)CC1(C)C(C)CC3(C)[CH]CC3(O[CH](C)=O)C1(C)C2OC(C)C1=CC=CC=C1)(C%12%14%177)C%13%15%188.C=CC[CH]C(C)C([CH]CO)CC(O)[CH]12CCC3C45C[CH]3(C41)C52 |$Me;;;;;;;;;;;;;;;;;;;;;;;;;;;;;;;;;;;;;;;;;;;;;;;;;;;;;;;;;;;;;;;;;;;;;;;;;;;;;;;;;;;;$|
palmitic_acid_cid985,,,palmitic_acid_cid985.png,low,low,0.809332949907792,wrong,,Palmitic Acid,0.471,16,18,wrong,wrong,,False,False,False,False,0.471,False,False,4,1,,,,CCCCCCCCCCCCCCCC
pantoprazole_cid4679,,,pantoprazole_cid4679.png,low,low,0.001444416927033762,invalid,,,,,,invalid,invalid,,False,False,False,False,,False,,,,,,,*C(C)O[CH]12CC(C1)[CH]13C(C2)C(C)[CH]24C(C(N)CN(C)C)[CH]12C34.CCCCC(C)CC(C)C |$Y;;;;;;;;;;;;;;;;;;;;;;;;;;;;;;;;$|
pantothenic_acid_cid6613,,,pantothenic_acid_cid6613.png,low,low,0.5563022381554679,wrong,,Pantothenic Acid,0.185,17,15,wrong,wrong,,False,False,False,False,0.185,False,False,19,1,,,,[1*]C[C@@H]([C@H](C)C(C)CCC(=O)O[1*])C(C)(C)COC |$R1;;;;;;;;;;;;R1;;;;;;$|
paraquat_cid15939,,,paraquat_cid15939.png,low,low,0.2531926451281367,wrong,,Paraquat,0.036,12,14,wrong,wrong,,False,False,False,False,0.036,False,False,6,1,,,,"[CH]1CC(C2C[CH]NCC2)CCN1 |^1:0,5|"
paroxetine_cid43815,,,paroxetine_cid43815.png,low,low,0.01922228808979302,invalid,,,,,,invalid,invalid,,False,False,False,False,,False,,,,,,,C1CC([CH]23CC4C5C6C4[CH]52C63)C(CNC2CCC3NCNC3C2)C[N-]1
patulin_cid4696,,,patulin_cid4696.png,low,low,0.2090816119601726,invalid,,,,,,invalid,invalid,,False,False,False,False,,False,,,,,,,[1*]OC1NCCC2O[CH](=O)CC21 |$R1;;;;;;;;;;;$|
pazopanib_cid10113978,,,pazopanib_cid10113978.png,low,low,0.09448664478689046,wrong,,Pazopanib,0.071,32,31,wrong,wrong,,False,False,False,False,0.071,False,False,31,1,,,,"[H]C([H])[C@](C)(O)[C@H]1C=C(N(C)[C@H]2NC[CH][C@H]([C@H](C)C3[CH]C[C@H]4C(C3)NN(C)[C@@H]4C)N2)C=C[C@H]1C |^1:14,19|"
penicillin_g_cid5904,,,penicillin_g_cid5904.png,low,low,0.002360718661451464,invalid,,,,,,invalid,invalid,,False,False,False,False,,False,,,,,,,[10*]C1([CH]C(C)C(O)C[CH]23C4CC5C4C4C6C2[CH]54C63)OC(C)(C)C([N+](C)CC)C1CO |$R10;;;;;;;;;;;;;;;;;;;;;;;;;;;;;$|
pentacene_cid8671,,,pentacene_cid8671.png,low,low,0.03302885827140058,wrong,,Pentacene,0.0,20,22,wrong,wrong,,False,False,False,False,0.0,False,False,24,1,,,,CCC1C[C@H]2C[C@@H]3[C@H](C[C@@H]2C[C@H]1CC)C[C@@H]3CC(C)C
perfluorooctanesulfonic_acid_cid74483,,,perfluorooctanesulfonic_acid_cid74483.png,low,low,0.09876679806477154,invalid,,,,,,invalid,invalid,,False,False,False,False,,False,,,,,,,[H]C(C)(C(C)C(C)(C)C)C(C)(C)C1(C)(C)C2C3456CC213(C4)(C5)C6(C)(C)C(C)(C)C(C)(C)CC
perfluorooctanoic_acid_cid9554,,,perfluorooctanoic_acid_cid9554.png,low,low,0.1441796159429445,invalid,,,,,,invalid,invalid,,False,False,False,False,,False,,,,,,,[H]C(C)(C)C(C)(C)C([H])(C)C(C)(C)C(C)(C)C(C)(C)(C)C([H])(C)C(C)C(C)O
pergolide_cid47811,,,pergolide_cid47811.png,low,low,4.587323785480315e-07,invalid,,,,,,invalid,invalid,,False,False,False,False,,False,,,,,,,CCCC1CC23([TeH])C1[CH]14C[CH]56C1C1[CH]578[CH]5(O)C9C[CH]7%10%11%12C7([CH]%10%13[CH]%10(O)C(CC2(C)C)[CH]%13(O)[CH]17%1056%11[CH]98O)[CH]43%12
permethrin_cid40326,,,permethrin_cid40326.png,low,low,0.0934262791195434,invalid,,,,,,invalid,invalid,,False,False,False,False,,False,,,,,,,*C(C)CCC(CC)C(C)OCC(CC(O)C[CH]12CCC3C4C1C3C42)C(C)C |$Bu;;;;;;;;;;;;;;;;;;;;;;;;;;;$|
perylene_cid9142,,,perylene_cid9142.png,low,low,1.957425308422755e-05,invalid,,,,,,invalid,invalid,,False,False,False,False,,False,,,,,,,[CH][CH]1234C[CH]567C[CH]89%10C%11CC[CH]C%12[CH]CCC(C%12%11)C%11CC%12[CH]1%13%14C[CH]%12%132[CH]%14(C53C(C68)C79)[CH]%11%104
phenobarbital_cid4763,,,phenobarbital_cid4763.png,low,low,0.009722708966065998,invalid,,,,,,invalid,invalid,,False,False,False,False,,False,,,,,,,*C1C(O)CC([CH]O)C(O)[Si]1(CC)(C(C)O)C1CCCCC1O.[I-] |$Cu17(Am);;;;;;;;;;;;;;;;;;;;;;;$|
phenol_cid996,,,phenol_cid996.png,low,low,0.007587688622103976,invalid,,,,,,invalid,invalid,,False,False,False,False,,False,,,,,,,[1*]O[CH]12CC3CC4C1[CH](O[1*])(C3)C42 |$R1;;;;;;;;;;R1;;$|
phenylephrine_cid6041,,,phenylephrine_cid6041.png,low,low,0.1909797298152196,invalid,,,,,,invalid,invalid,,False,False,False,False,,False,,,,,,,[H][NH2+](C)CC(C)C1CCCC([NH2+])C1
phenytoin_cid1775,,,phenytoin_cid1775.png,low,low,1.114252663561771e-06,invalid,,,,,,invalid,invalid,,False,False,False,False,,False,,,,,,,*N1C(CO)N(C)C23(C4C5CC6C7CC6C4[CH]52C7C)C2([CH]13O)[CH]134C[CH]2156CC1C(CC35)CC146 |$R;;;;;;;;;;;;;;;;;;;;;;;;;;;;;;;$|
phosphoric_acid_cid1004,,,phosphoric_acid_cid1004.png,low,low,0.357580774490058,wrong,,Phosphoric Acid,0.042,10,5,wrong,wrong,,False,False,False,False,0.042,False,False,22,1,,,,[10*]CC(CO)(COC)COC |$R10;;;;;;;;;;$|
phthalocyanine_cid86280045,,,phthalocyanine_cid86280045.png,low,low,8.223401707556811e-14,invalid,,,,,,invalid,invalid,,False,False,False,False,,False,,,,,,,[H]C12([CH]C)C345[CH]678C9[CH]%10%11%12C[CH]C%13C[CH]%10(C%13)C(O)CC%10NC(CC%13C[CH]%14(C[CH]13%15(C%14)[CH]13%14C%16C%17C%18CC%19%20C%21[CH]1%22%23C%18%19[CH]%2131%18%19[CH]3%21%24CC%25C3C3C[CH]%16%22%151(C%253)C%21%141[CH]%20%18(C%17%24)C94%1163C%127[CH]2518%233%19)C1CCCCC%131)C1CC2CC2C%101
pimozide_cid16362,,,pimozide_cid16362.png,low,low,0.1134358744709915,wrong,,Pimozide,0.205,34,34,wrong,wrong,,False,False,False,False,0.205,False,False,36,1,,,,CC1CC[C@@H](C(CCCN2CCC([C@@H]3C[C@H](C)[C@@H]4CCCC[C@@H]43)CC2)[C@@H]2CCC(O)CC2)CC1
pioglitazone_cid4829,,,pioglitazone_cid4829.png,low,low,0.07231663331582826,wrong,,Pioglitazone,0.092,25,25,wrong,wrong,,False,False,False,False,0.092,False,False,17,1,,,,C[C@H]1CC[C@@H](CCN[C@@H]2CC[C@H](C[C@H]3OC(=O)N(C)[C@@H]3O)CC2)NC1
piperacillin_cid43672,,,piperacillin_cid43672.png,low,low,0.01973321661377911,wrong,,Piperacillin,0.06,39,36,wrong,wrong,,False,False,False,False,0.06,False,False,58,1,,,,*[C@@H]([C@@H](O)[C@@H]1CC[C@@H](CC)[C@H](C)[C@@H]1O)[C@H](C1CCCCC1)[C@@H](C)N(*)C[C@H](O)[CH]C(C)(C)[C@@H](CCC)[C@@H](O)C(C)C |$R;;;;;;;;;;;;;;;;;;;;;;;;R;;;;;;;;;;;;;;;;$|
platinum_ii_1_cyclobutanedicarboxylato_diammine_cis_cid426756,,,platinum_ii_1_cyclobutanedicarboxylato_diammine_cis_cid426756.png,low,low,0.0003608875441318925,invalid,,,,,,invalid,invalid,,False,False,False,False,,False,,,,,,,CC(C)C1[CH]2(C(C)C)[CH]34O[CH]5(O)[CH]132C(O)C(O)[CH]12367CCC18C2C83[CH]56(C)CC47
pomalidomide_cid134780,,,pomalidomide_cid134780.png,low,low,0.03963720072581728,wrong,,Pomalidomide,0.077,24,20,wrong,wrong,,False,False,False,False,0.077,False,False,29,2,,,,C[C@H](O)[C@@H]1CC[CH]C[C@@H](O)N[C@H](O)C1.O[C@@H]1[C@H](O)[C@H](O)CC[C@H]1O |^1:6|
potassium_citrate_cid2735208,,,potassium_citrate_cid2735208.png,low,low,0.5555965816344486,wrong,,Potassium Citrate,0.043,19,17,wrong,wrong,,False,False,False,False,0.043,False,False,39,5,,[Cl-],,CC(C)CC1(CO)CCC(C)C1.Cl.ClC(Cl)Cl.[Cl-].[Cl-]
potassium_trichloro_ethylene_platinate_ii_hydrate_cid71311337,,,potassium_trichloro_ethylene_platinate_ii_hydrate_cid71311337.png,low,low,0.4847867167537309,wrong,,Potassium trichloro(ethylene)platinate(II) hydrate,0.0,8,8,wrong,wrong,,False,False,False,False,0.0,False,False,21,2,,,,*C[NH+](CC)CC.*[NH+]O |$R;;;;;;;R;;$|
pravastatin_cid54687,,,pravastatin_cid54687.png,low,low,0.01979141748352255,invalid,,,,,,invalid,invalid,,False,False,False,False,,False,,,,,,,[11*]CC(C)CC(CC(C)CCC1C(C)CC2C[CH]23CC([11*])CC(OC(C)C(C)C)C13C)C(C)C |$R11;;;;;;;;;;;;;;;;;;;;R11;;;;;;;;;;;;;$|
praziquantel_cid4891,,,praziquantel_cid4891.png,low,low,0.1766287890160972,wrong,,Praziquantel,0.088,23,23,wrong,wrong,,False,False,False,False,0.088,False,False,24,1,,,,C[C@H](C1CCCCC1)C1CC2C(CC[C@H]3CCCC[C@H]23)[C@@H](C)C1
prazosin_cid4893,,,prazosin_cid4893.png,low,low,0.03578539124427178,invalid,,,,,,invalid,invalid,,False,False,False,False,,False,,,,,,,[H]N([H])[CH]1(O)[CH]23C(NC(=O)N4CCN(C(=O)C5C[CH]CO5)CC4)CCC45C(C)C6C4[CH]1(C2O)C653
prednisolone_cid5755,,,prednisolone_cid5755.png,low,low,0.0003066218966464198,invalid,,,,,,invalid,invalid,,False,False,False,False,,False,,,,,,,CCC12([NH2+](C)COC)CC3C4C56(C)CC[CH]78CC9CC(CCC97)C8(C)[CH]5(O)C(C)C5[CH]17CC572(C)[CH]346C
prednisone_cid5865,,,prednisone_cid5865.png,low,low,0.001911963039547512,invalid,,,,,,invalid,invalid,,False,False,False,False,,False,,,,,,,CCC1(C(C)COC)CC[CH]23C14(C)CC(C)[CH]15C67(C)C8CC(C)C[CH]69CCC12(C)[CH]4(C)C53(C)CCC7C9C(O)C8
pregabalin_cid5486971,,,pregabalin_cid5486971.png,low,low,0.2006693277658238,wrong,,Pregabalin,0.13,27,11,wrong,wrong,,False,False,False,False,0.13,False,False,58,5,,,,CCCC(O)CC.CCCCC.CCCCCCCC(C)C.CCOC.Cl
pregnenolone_cid8955,,,pregnenolone_cid8955.png,low,low,0.003947535077074506,invalid,,,,,,invalid,invalid,,False,False,False,False,,False,,,,,,,[1*]C[CH]12CCC34(C)C5([1*])C67CC58(C)(CC59C68C6[CH]538C1[CH]694C28)C71(C)CC2[CH]3(C([1*])C)C1(C)[CH]23C([1*])C |$R1;;;;;;;;R1;;;;;;;;;;;;;;;;;;;R1;;;;;;R1;$|
pretomanid_cid456199,,,pretomanid_cid456199.png,low,low,0.09843628408492076,wrong,,Pretomanid,0.1,22,25,wrong,wrong,,False,False,False,False,0.1,False,False,22,1,,,,[H]C([H])([H])O[C@H]1C[CH][C@H](CO[C@@H]2CS[C@H]3N[C@H](C(O)O)CN3C2)CC1 |^1:7|
prilocaine_cid4906,,,prilocaine_cid4906.png,low,low,0.005771390398237806,wrong,,Prilocaine,0.087,44,16,wrong,wrong,,False,False,False,False,0.087,False,False,109,8,,*CCCC.CCCCC,,*CCCC.*CCCC.C/C=C\CCl.C1CCCC2(CC1)CC2.CCCC.CCCCC.CCCCC.CCCCC(C)CC |$R;;;;;R;;;;;;;;;;;;;;;;;;;;;;;;;;;;;;;;;;;;;;;;$|
primidone_cid4909,,,primidone_cid4909.png,low,low,3.11161567242724e-08,invalid,,,,,,invalid,invalid,,False,False,False,False,,False,,,,,,,CC(O)C123(C)CC(O)C1[CH]14567C[CH]289%10C(C38)[CH]238C9[CH]9%11C21[CH]4(C%105)(C936)C%1187
procarbazine_cid4915,,,procarbazine_cid4915.png,low,low,0.3025956728434859,wrong,,Procarbazine,0.074,16,16,wrong,wrong,,False,False,False,False,0.074,False,False,21,1,,,,[1*]C(C(C)C)[C@@H](C)[C@@H]1CC[C@H](C[C@H]([1*])C([H])C)CC1 |$R1;;;;;;;;;;;;;R1;;;;;$|
progesterone_cid5994,,,progesterone_cid5994.png,low,low,6.98637915966594e-09,invalid,,,,,,invalid,invalid,,False,False,False,False,,False,,,,,,,[H]C123456C7CC89%10(C)CCC71%11%12%13%14([H])[CH]217C[CH]3%112%15%16(CC)(C[CH]4%123(C4C(C(C)O)[CH]12%11(CC(C)O)CC12C4%11C4%11[CH]%12(C)C145%13(C)[CH]81(C)(CCC9C(C)N)[CH]%10(C)(C)C2%11%1216%14C)C%15C3%16C)C7C
propofol_cid4943,,,propofol_cid4943.png,low,low,0.005082209693395318,invalid,,,,,,invalid,invalid,,False,False,False,False,,False,,,,,,,*O[CH]12C3(CC)C(C)C14C[CH]2(C(C)C)CCC34 |$R;;;;;;;;;;;;;;;;$|
propranolol_cid4946,,,propranolol_cid4946.png,low,low,0.005936356403261987,invalid,,,,,,invalid,invalid,,False,False,False,False,,False,,,,,,,*N(CC([H])([H])CS[CH]12CC(C1)C1[CH]34C5[CH]678CC[CH]239C[CH]2(C6)C7[CH]159C248)C(C)C |$R;;;;;;;;;;;;;;;;;;;;;;;;;;;$|
pseudoephedrine_cid7028,,,pseudoephedrine_cid7028.png,low,low,0.002458772343310725,wrong,,Pseudoephedrine,0.06,18,12,wrong,wrong,,False,False,False,False,0.06,False,False,27,1,,,,CC[C@H]([C@@H]1C2CC[C@@H]3CCC[C@H]2[C@H]31)[C@H](C)C(C)C
pyrene_cid31423,,,pyrene_cid31423.png,low,low,0.08722326778277527,wrong,,Pyrene,0.032,16,16,wrong,wrong,,False,False,False,False,0.032,False,False,15,1,,,,[CH]1CC[C@@H]2CC[C@@H]3CCC[C@H]4CC[C@H]1[C@@H]2[C@H]34 |^1:0|
pyridine_cid1049,,,pyridine_cid1049.png,low,low,0.27144814049622,wrong,,Pyridine,0.0,8,6,wrong,wrong,,False,False,False,False,0.0,False,False,13,1,,,,CCC1CCCCO1
pyridinium_4_2_6r_7r_2_carboxy_7_2z_2_ethoxyimino_2_5_phosph_cid9852981,,,pyridinium_4_2_6r_7r_2_carboxy_7_2z_2_ethoxyimino_2_5_phosph_cid9852981.png,low,low,0.01752588264050758,wrong,,"Pyridinium, 4-(2-(((6R,7R)-2-carboxy-7-(((2Z)-2-(ethoxyimino)-2-(5-(phosphonoamino)-1,2,4-thiadiazol-3-yl)acetyl)amino)-8-oxo-5-thia-1-azabicyclo(4.2.0)oct-2-en-3-yl)thio)-4-thiazolyl)-1-methyl-, inner salt",0.106,43,43,wrong,wrong,,False,False,False,False,0.106,False,False,36,1,,,,*N(C1=N[C@@H]([C@H](NOC)[C@@H](O)C([H])[C@@H]2[C@@H](O)[C@@H]3[C@@H]([C@@H](C)O)[C@@H](OC4=N[C@H]([C@@H]5CC=C(C)CC5)CS4)CC[C@@]32O)N[CH]1)P(=O)(O)O[10*] |$R;;;;;;;;;;;;;;;;;;;;;;;;;;;;;;;;;;;;;;;;;;;;;R10$|
pyridoxal_cid1050,,,pyridoxal_cid1050.png,low,low,0.08066936886434342,wrong,,Pyridoxal,0.051,16,12,wrong,wrong,,False,False,False,False,0.051,False,False,25,2,,,,*OCCC[C@H](C)O.CO[C@H]1CCCCC1C |$A;;;;;;;;;;;;;;;;$|
quetiapine_cid5002,,,quetiapine_cid5002.png,low,low,0.01664769896780796,invalid,,,,,,invalid,invalid,,False,False,False,False,,False,,,,,,,*OCCNCCN1CCN(CC2CC[CH]CC2O[CH]23CC4CC(C2O)N4CC3O)CC1 |$Rb;;;;;;;;;;;;;;;;;;;;;;;;;;;;;;;$|
quinapril_cid54892,,,quinapril_cid54892.png,low,low,0.2336392549993397,wrong,,Quinapril,0.108,32,32,wrong,wrong,,False,False,False,False,0.108,False,False,34,1,,,,*N([C@@H](C)[C@@H](C)N1C[C@@H]2CCCC[C@@H]2C[C@H]1[C@@H](C)CC)[C@@H](CCC1CCCCC1)[C@H](C)OC |$R;;;;;;;;;;;;;;;;;;;;;;;;;;;;;;;;$|
quinupristin_cid5388937,,,quinupristin_cid5388937.png,low,low,9.823788052585153e-11,invalid,,,,,,invalid,invalid,,False,False,False,False,,False,,,,,,,[1*]N(C(=O)C1=C(N)C=CC=N1)[CH]123[CH]456C7[CH]418(OC(C)=O)(CC(O)C(O[H])C1=O=C(=O)(C(N[H])[CH]49%10C[CH]72%11(C)(OC(C)=O)(C42[CH]4(O)C7C(C([H])C)[CH]72(O9)C4%10%11)[CH]538O)[CH]23CCOC2457([H])[H]C2([CH]14C3C)[CH]5(O)C1(C)C(OC3=CC=C(N(C)C)C=C3)CNC(CC(=O)O)C(O)C(C)[CH]127)O6C(C)=O |$R1;;;;;;;;;;;;;;;;;;;;;;;;;;;;;;;;;;;;;;;;;;;;;;;;;;;;;;;;;;;;;;;;;;;;;;;;;;;;;;;;;;;;;;;;;;;;;;$|
rabeprazole_cid5029,,,rabeprazole_cid5029.png,low,low,0.0001123492813005309,invalid,,,,,,invalid,invalid,,False,False,False,False,,False,,,,,,,CC[CH]1234C5C[CH](O)(C6NC7CCCCC7C6C)C[CH]1(O)C516[CH]257O2(CCCO)[CH]1389O(CCCO)[CH]2641(OCCCO)[CH]582O[CH]7291O
raloxifene_cid5035,,,raloxifene_cid5035.png,low,low,0.0001140001477982401,invalid,,,,,,invalid,invalid,,False,False,False,False,,False,,,,,,,[10*]C1CC2C3C[CH]456(CCCN7CCCCC7)CCN3(CC4)C3(=O)=O=C(C([CH]C4CCC(C)CC4)[CH]47CC8C4CC8([10*])CC48(C1)C1C4N1[CH]37C28)N1CC5C(OCCN2CCCCC2)C6C1 |$R10;;;;;;;;;;;;;;;;;;;;;;;;;;;;;;;;;;;;;;;;R10;;;;;;;;;;;;;;;;;;;;;;;$|
ranitidine_cid3001055,,,ranitidine_cid3001055.png,low,low,0.2612115273139738,wrong,,Ranitidine,0.073,21,21,wrong,wrong,,False,False,False,False,0.073,False,False,23,1,,,,*C(CCCC[C@@H]1CC[C@H](CC(C)C)O1)[C@H](C([1*])C)N(*)C(C)=O |$X;;;;;;;;;;;;;;;;;R1;;;X;;;$|
ranolazine_cid56959,,,ranolazine_cid56959.png,low,low,0.02296769160657059,invalid,,,,,,invalid,invalid,,False,False,False,False,,False,,,,,,,*OC(CCC1=CC=CCC1OC)CN1CCC(CC(C)C([1*])[CH]23C4CC2C4CCN3C)CC1 |$R;;;;;;;;;;;;;;;;;;;;;;R1;;;;;;;;;;;$|
regorafenib_cid11167602,,,regorafenib_cid11167602.png,low,low,0.01481796729803164,wrong,,Regorafenib,0.074,33,33,wrong,wrong,,False,False,False,False,0.074,False,False,51,1,,,,[1*]C[C@@H](CCC(C)O[C@H]1[CH]CC[C@H](C(=O)CC)C1)[C@@H](C)[C@H](O)[C@@H](O)C1[CH]C[C@@H](O)[C@H](C(C)O)C1 |$R1;;;;;;;;;;;;;;;;;;;;;;;;;;;;;;;;;$|
rhodamine_b_cid6694,,,rhodamine_b_cid6694.png,low,low,0.005057343498705069,wrong,,Rhodamine B,0.085,35,34,wrong,wrong,,False,False,False,False,0.085,False,False,34,3,,,,CCC([CH]/C=C1\CC[C@@H]2CC[C@H](N(CC)CC)C[C@@H]2N1)CC.[1*]C[C@H](O)C1C[C@H]1C.[1*]C[C@H](O)C[CH]C |$;;;;;;;;;;;;;;;;;;;;;;R1;;;;;;;;R1;;;;;;$|
ribavirin_cid37542,,,ribavirin_cid37542.png,low,low,0.006979715224667835,invalid,,,,,,invalid,invalid,,False,False,False,False,,False,,,,,,,CCC1C(NCN)OC(CNC)[CH]1(CO)[CH]1(CC)C(NCN)OC(CNC)C1CO.CN(C)C
rifabutin_cid135415564,,,rifabutin_cid135415564.png,low,low,1.63963616322557e-06,invalid,,,,,,invalid,invalid,,False,False,False,False,,False,,,,,,,[1*]OC1C(C)C(CC(C)C)C(C)C(OC)C(O)C(O)CC2(C)CC3C(C)C(O[1*])C([CH]C3C2O)C(O)C2C(O)[CH]34(O)C(C)C(C)C(O)C(C)C(C(C)C(O)C(C)[CH]3(C)C(O)N24C)C(CO)C1C |$R1;;;;;;;;;;;;;;;;;;;;;;;;;;;;R1;;;;;;;;;;;;;;;;;;;;;;;;;;;;;;;;;;;;;;$|
rifampicin_cid135398735,,,rifampicin_cid135398735.png,low,low,3.478677813362893e-07,invalid,,,,,,invalid,invalid,,False,False,False,False,,False,,,,,,,*OC1C(C)C(OC(C)C)C(C)C(CC)C(C)C(*)OC234(C)ON56C(C)C(OC)C7C(=O)(OC)[CH](O)(CC(O*)[CH]78[CH]579[CH]2(O)[CH]862[CH]735O[CH]9254O)C2C(O)C(O)C(C(O)C(C)C(O([H])C)C1C)C2O |$Me;;;;;;;;;;;;;;;;;;M;;;;;;;;;;;;;;;;;;;;;Me;;;;;;;;;;;;;;;;;;;;;;;;;;;$|
risperidone_cid5073,,,risperidone_cid5073.png,low,low,0.1833802091646023,invalid,,,,,,invalid,invalid,,False,False,False,False,,False,,,,,,,*C1C(CCN2CCC([CH]C3CC4C3CN4([H])[CH])CC2)=C(C)NC2CCCCN21 |$R;;;;;;;;;;;;;;;;;;;;;;;;;;;;$|
ritonavir_cid392622,,,ritonavir_cid392622.png,low,low,0.01542995317959368,invalid,,,,,,invalid,invalid,,False,False,False,False,,False,,,,,,,*CC(CC(CC1C=CCCC1)N(*)C(=O)C(NC(=O)NCC1=NSC(C(C)C)N1)C(C)C)C(CC1CCCCC1)C(=O)C(O)NC[CH]12OC3C4C1C3C42 |$R;;;;;;;;;;;;;R;;;;;;;;;;;;;;;;;;;;;;;;;;;;;;;;;;;;;;;;$|
rivaroxaban_cid9875401,,,rivaroxaban_cid9875401.png,low,low,0.08064901714622193,wrong,,Rivaroxaban,0.162,29,29,wrong,wrong,,False,False,False,False,0.162,False,False,22,1,,,,*C1CC[C@@H](C(=O)C(O)C[C@H]2C[C@H](O)N([C@@H]3C=CC(N4CCOC[C@@H]4O)=CC3)C2)C1 |$Y;;;;;;;;;;;;;;;;;;;;;;;;;;;;;$|
rizatriptan_cid5078,,,rizatriptan_cid5078.png,low,low,0.0004118310275124939,invalid,,,,,,invalid,invalid,,False,False,False,False,,False,,,,,,,CC1OC(CCN(C)C)C2C1CC1C3C2[CH]12CN14(CC5CC1CCC54)C32
romidepsin_cid5352062,,,romidepsin_cid5352062.png,low,low,4.210283741777493e-08,invalid,,,,,,invalid,invalid,,False,False,False,False,,False,,,,,,,[H]C1CCCOCC[CH]23(C)[CH]45(O)C(O)[CH]678CCO9[CH]%10%11%12C%13[CH]9%10%14(CC%139%10%15(C)(C[CH]%13(O)[CH]%16%17(C(C)C)[CH]%18(O)C9C(C)(C%14%10)[CH]%15(O)C([H])CCCCCC[CH]9%10[CH]%14(O)[CH]4(C)([CH]92(O)[CH]65O)[CH]%1032(O)[CH]3(O)[CH]456(C(C)C)[CH]9(C)[CH]%16(O)[CH]%13%18(C(C)C)[CH]%17(O)[CH]4(C)[CH]935(C(C)C)[CH]%1426O)C1=O)([CH]7%11O)[CH]8%12O
ropinirole_cid5095,,,ropinirole_cid5095.png,low,low,0.06101738949408638,invalid,,,,,,invalid,invalid,,False,False,False,False,,False,,,,,,,CCCC(CCC)CCC1C2CCC3N(C)C[CH][CH]13C2.[O-]
rosuvastatin_calcium_cid5282455,,,rosuvastatin_calcium_cid5282455.png,low,low,0.001239781470505863,invalid,,,,,,invalid,invalid,,False,False,False,False,,False,,,,,,,*C[CH]123C[CH]4(C)(CC(=O)O)C(C(=O)O)C(CC)C41C(OC(=O)(C(C)=C(N=C(C)C(C)S(C)(O)O)C1CC=C(O)CC1)O2)C3[1*].CC(C)C1=CC(C(C)S(C)(C)O)NC(C2=CC=C(O)C=C2)=C1NC(CC(O)CC(=O)O)C(=O)O |$R;;;;;;;;;;;;;;;;;;;;;;;;;;;;;;;;;;;;;;;;;;;R1;;;;;;;;;;;;;;;;;;;;;;;;;;;;;;;;;;$|
rotigotine_cid59227,,,rotigotine_cid59227.png,low,low,0.01449690694448439,invalid,,,,,,invalid,invalid,,False,False,False,False,,False,,,,,,,[1*]NC1CCCC2CC(C(CCC)CC[CH]34CCC5C(CC53)C4)CCC21 |$R1;;;;;;;;;;;;;;;;;;;;;;;;;$|
rubrene_cid68203,,,rubrene_cid68203.png,low,low,0.0004220062505757059,invalid,,,,,,invalid,invalid,,False,False,False,False,,False,,,,,,,[CH]1CCCC(C2C3CCCCC3C([N+]3[CH]CCCC3)C3C2C(C2CCCCC2)C2C4CC[CH][CH]2([CH]CC4)C3N2CCCCC2)C1
ruthenocene_cid11020720,,,ruthenocene_cid11020720.png,low,low,0.001539516610520086,invalid,,,,,,invalid,invalid,,False,False,False,False,,False,,,,,,,[CH-]1[CH-][CH-][CH-]23[CH-][CH-]2[CH-][CH-][CH-][CH-]3[CH-]1.[CH-]1[CH-][CH-][CH2-][CH-]1
salbutamol_cid2083,,,salbutamol_cid2083.png,low,low,0.01264651098665373,invalid,,,,,,invalid,invalid,,False,False,False,False,,False,,,,,,,*C(CC(OC)[CH]12CC(COC)C(OC)C(C1)O2)C(C)(C)C |$R;;;;;;;;;;;;;;;;;;;;;$|
salicylic_acid_cid338,,,salicylic_acid_cid338.png,low,low,0.03459681603350991,invalid,,,,,,invalid,invalid,,False,False,False,False,,False,,,,,,,[11*]OC1C[CH]23CCC2C[CH]1(C(C)OC)CC3 |$R11;;;;;;;;;;;;;;;$|
savolitinib_cid68289010,,,savolitinib_cid68289010.png,low,low,0.04013937221638469,invalid,,,,,,invalid,invalid,,False,False,False,False,,False,,,,,,,CC(C1CCC2NCCC2C1)C1C2C3C2[CH]32CCC(C3CNN(C)C3)NC12
selegiline_cid26757,,,selegiline_cid26757.png,low,low,0.07797641307072867,invalid,,,,,,invalid,invalid,,False,False,False,False,,False,,,,,,,CC(C[CH]12CCC3C(CC3C1)C2)N(C)CCCI
serotonin_cid5202,,,serotonin_cid5202.png,low,low,0.01221035570648945,wrong,,Serotonin,0.035,16,13,wrong,wrong,,False,False,False,False,0.035,False,False,15,1,,,,*OC1C2C[C@H]3[C@@H](C1[C@H]2O*)[C@H](CC[NH+](*)[H])C[C@@H]3O |$Y;;;;;;;;;;Y;;;;;Y;;;;$|
simvastatin_cid54454,,,simvastatin_cid54454.png,low,low,0.001350313573813692,invalid,,,,,,invalid,invalid,,False,False,False,False,,False,,,,,,,*O1*OC2C3[CH]456C(CC7C(C)C[CH]C8CC(C)CC(OC(C)C(C)(C)CC)C87[1*])[CH]347(C)O5C(N)CC1C267 |$R;;R;;;;;;;;;;;;;;;;;;;;;;;;;;;R1;;;;;;;;$|
sirolimus_cid5284616,,,sirolimus_cid5284616.png,low,low,6.310081985436733e-07,invalid,,,,,,invalid,invalid,,False,False,False,False,,False,,,,,,,*C1(C(C)CC(C)C)CN([CH])C(C)C(O)C(C)C(OC)C(OC)C(O)C(C)C2[CH]3(C)[CH]4(O)C(C(NO)C5OCO(C)C(CC(O)CCC(C)C(O)C(O)C6CCCCC6(C)C(O)O1)C5C)N(CC)[CH]3415O(CC)[CH]34([CH]6(O)C(O)[CH]637OC73C([H])([H])(C)N341CC)[CH]25O |$X;;;;;;;;;;;;;;;;;;;;;;;;;;;;;;;;;;;;;;;;;;;;;;;;;;;;;;;;;;;;;;;;;;;;;;;;;;;;;;;;;;;;;;;;$|
sodium_acetate_cid31372,,,sodium_acetate_cid31372.png,low,low,0.6461813710550794,wrong,,Sodium acetate,0.105,7,5,wrong,wrong,,False,False,False,False,0.105,False,False,13,3,,[I-],,CCCCO.[I-].[I-]
sodium_chloride_cid5234,,,sodium_chloride_cid5234.png,low,low,0.4716145705691074,wrong,,Sodium Chloride,0.0,3,2,wrong,wrong,,False,False,False,False,0.0,False,False,5,3,,[I-].[I-],,[I-].[I-].[I-]
sodium_lauryl_sulfate_cid3423265,,,sodium_lauryl_sulfate_cid3423265.png,low,low,0.6966928884431548,wrong,,Sodium Lauryl Sulfate,0.333,15,18,wrong,wrong,,False,False,False,False,0.333,False,False,12,1,,,,*C[C@](*)([H])OCCCCCCCCCCCC |$Rb;;;X;;;;;;;;;;;;;;$|
sodium_nitroprusside_dihydrate_cid11953895,,,sodium_nitroprusside_dihydrate_cid11953895.png,low,low,0.2243245776046411,wrong,,Sodium nitroprusside dihydrate,0.0,2,17,wrong,wrong,,False,False,False,False,0.0,False,False,55,27,,**[H-].**[H-].*O.*[H-].*[H-].[H-].[H-].[H-].[H-].[H-].[H-].[H-].[H-].[H-].[H-].[H-].[H-].[H-].[H-].[H-].[H-],,*****[H-].**[H-].**[H-].**[H-].*O[H-].*O[H-].*[H-].*[H-].*[H-].[H-].[H-].[H-].[H-].[H-].[H-].[H-].[H-].[H-].[H-].[H-].[H-].[H-].[H-].[H-].[H-].[H-].[H-][H-] |$M-;M-;M-;M-;M-;;M-;M-;;M-;M-;;M-;M-;;M;;;M;;;M-;;M-;;M-;;;;;;;;;;;;;;;;;;;;$|
sodium_zirconium_cyclosilicate_cid155804812,,,sodium_zirconium_cyclosilicate_cid155804812.png,low,low,1.278002142930305e-06,invalid,,,,,,invalid,invalid,,False,False,False,False,,False,,,,,,,OC1CC2C3N45C6(C1)C1C478C4C57C231468.[Ca].[Ca].[Ca].[Ca].[Ca].[Ca].[Ca].[Ca].[Ca].[Ca].[Ca].[Ca].[Ca].[Ca].[Ca].[Ca].[Ca].[Ca].[Ca].[Ca].[Ca].[Ca].[Ca].[Ca].[Ca].[Ca].[Ca].[Ca].[Ca].[Ca].[Ca].[Ca].[Ca].[Ca].[Ca].[Ca].[Ca].[Ca].[Ca].[Ca].[Ca].[Ca].[Ca].[Ca].[Ca].[Ca].[Ca].[Ca].[Ca].[Ca].[Ca].[Ca].[Ca].[Ca].[Ca].[Ca][Ca].[Ca][Ca]
somatostatin_cid16129706,,,somatostatin_cid16129706.png,low,low,2.428042295655096e-08,invalid,,,,,,invalid,invalid,,False,False,False,False,,False,,,,,,,*NCC1CC1C(CC(O)C(CC(CCC(O)CC(O)[CH]OCC(OCCC(N)=O)C(O)[CH]1(O)COC1CO[CH]12C(OC345OC6CCO(C)C63(=O4)C(O)C(CNC)C(O)C5O)[CH]13O[CH]1(CCCCC1)C23)NC(O)C(O)C(=O)OC)OC)NC[CH]C(O)C(O)CN([CH])C(O)[CH]NC |$Me;;;;;;;;;;;;;;;;;;;;;;;;;;;;;;;;;;;;;;;;;;;;;;;;;;;;;;;;;;;;;;;;;;;;;;;;;;;;;;;;;;;;;;;;;;;;;;;$|
sorafenib_cid216239,,,sorafenib_cid216239.png,low,low,8.476145674552157e-05,invalid,,,,,,invalid,invalid,,False,False,False,False,,False,,,,,,,CCC(=O)C1CCC2C34O5[CH]23(C1)O41C2C3C[CH]46(C(O)C(O)C(O)C7[CH]CC(O)[CH]C7)CC[CH]3517C1C4C27C16
sotalol_cid5253,,,sotalol_cid5253.png,low,low,0.01910140688380241,invalid,,,,,,invalid,invalid,,False,False,False,False,,False,,,,,,,*C12C(C)C(*)(C1C)C2C([H])([H])C1CCC(C2[CH]34CS2(C)(C)(C)(C3)C4)CC1 |$R;;;;;R;;;;;;;;;;;;;;;;;;;;;$|
sotorasib_cid137278711,,,sotorasib_cid137278711.png,low,low,0.0009387832022298914,invalid,,,,,,invalid,invalid,,False,False,False,False,,False,,,,,,,[11*]C1C=C(C(=O)N2CCN(C(N)C(C)C)CC2C)C(N[CH]CC2C3[CH]45CC367C3C8[CH]4(C(C)C)C3[CH]86CC257)NC1C1C([11*])CCCC1O |$R11;;;;;;;;;;;;;;;;;;;;;;;;;;;;;;;;;;;;;;;;;R11;;;;;$|
spectinomycin_cid15541,,,spectinomycin_cid15541.png,low,low,0.09968192145688852,wrong,,Spectinomycin,0.114,27,23,wrong,wrong,,False,False,False,False,0.114,False,False,25,1,,,,*O[C@H]1[C@H](C(C)C)[C@@H](O[1*])[C@@H](N(C)C)[C@]2(C)O[C@@]3(C)[C@H](C[C@H](C)C[C@@H]3O)O[C@]12C |$R;;;;;;;;;R1;;;;;;;;;;;;;;;;;;;$|
sphingosine_cid5280335,,,sphingosine_cid5280335.png,low,low,0.2927189859766242,wrong,,Sphingosine,0.167,21,21,wrong,wrong,,False,False,False,False,0.167,False,False,8,1,,,,*C(CCCCCCCCCCCCC)C[C@@H](C[11*])[C@@H](CO[12*])N([11*])[12*] |$R;;;;;;;;;;;;;;;;;;R11;;;;R12;;R11;R12$|
spironolactone_cid5833,,,spironolactone_cid5833.png,low,low,0.01105711431608686,invalid,,,,,,invalid,invalid,,False,False,False,False,,False,,,,,,,CC(C)CC1CC2CC(C)CCC2(C)C2CCC3(C)[CH]45CCC36(CCC(C)C6)CC4CC125C
squalene_cid638072,,,squalene_cid638072.png,low,low,0.8061704156049307,wrong,,Squalene,0.297,32,30,wrong,wrong,,False,False,False,False,0.297,False,False,6,1,,,,C/C=C/CC/C(C)=C(\C)CC/C(C)=C(\C)CC/C(C)=C(\C)CCC(O)CCCC=C(C)C
stanozolol_cid25249,,,stanozolol_cid25249.png,low,low,0.3763199293176473,wrong,,Stanozolol,0.141,26,24,wrong,wrong,,False,False,False,False,0.141,False,False,19,1,,,,*C[C@@]1(C)C[CH][C@@]2(C)[C@@H](C)[C@@](C)(C3CC[CH]NC(C)CCC3C)CC[C@@]12C |$R;;;;;;;;;;;;;;;;;;;;;;;;;;$|
stevioside_cid442089,,,stevioside_cid442089.png,low,low,9.68659679426134e-07,invalid,,,,,,invalid,invalid,,False,False,False,False,,False,,,,,,,CCCC1O[CH]2345CC6[CH]78(CC9(CC)CCC%10%11(C)C9C%10(C)CCC9(C)C(C)(C(O)OC%10OC(OCC)C(CO)C(OC)C%10OC)CCCC9%11C)O[CH]9%10(CCC)C(CC)C(O97)[CH]7(O)C(O)[CH]8(C2[CH]2(O3)C4(OC)[CH]3(O)C[CH](CO)(C1OC)[CH]325OC)[CH]67(OC)C%10OC
streptomycin_cid19649,,,streptomycin_cid19649.png,low,low,0.01067209501029997,wrong,,Streptomycin,0.115,57,40,wrong,wrong,,False,False,False,False,0.115,False,False,75,1,,,,CC[C@](C(C)O)(C(C)O)[C@@H](C[C@@H]1O[C@H](COC)[C@H](OC)[C@@H](OC)[C@@H]1CO)[C@@H](O)O[C@@H]1[C@@H](C[C@H](C(C)C)N(C)C)[C@H](OC)[C@@H](C=C(C(C)C)C(C)C)[C@H](OC)[C@H]1OC
substance_p_cid36511,,,substance_p_cid36511.png,low,low,3.321846343524365e-05,invalid,,,,,,invalid,invalid,,False,False,False,False,,False,,,,,,,*C([H])CCCCC(NC(=O)C1CCCN1C(=O)CCCCC=CC([H])[H])C1O[CH]23C(O)[CH]4(N(=O)C[CH]5(N[CH](=O)N(=O)C(CC6=CC=NCC6)C(=O)NC(CCC=CC=C)CNCCC([10*])[CH]NC[CH]CCCC)C6C78C5C65C769%10=O=C85(=O=6)(*9)*%10)C5C(C4C4(C(C)O)=O=C5([H])=O=4)N2C([H])[CH]32CCOC12.C.O |$Me;;;;;;;;;;;;;;;;;;;;;;;;;;;;;;;;;;;;;;;;;;;;;;;;;;;;;;;;;;;;;;;;;R10;;;;;;;;;;;;;;;;;Me;Me;;;;;;;;;;;;;;;;;;;;;$|
sucrose_cid5988,,,sucrose_cid5988.png,low,low,0.0003115175134425163,invalid,,,,,,invalid,invalid,,False,False,False,False,,False,,,,,,,*OCC1[CH]O[CH]C(CO[CH]23C(CO)C(CO)[CH]45C[CH]6(O)C[CH](O)(C6)C[CH]6(O24)[CH]52C45OC(O4)[CH]562C3CO)C(CO)C1OC |$E;;;;;;;;;;;;;;;;;;;;;;;;;;;;;;;;;;;;;;;;;;$|
sulfamethoxazole_cid5329,,,sulfamethoxazole_cid5329.png,low,low,1.304635191574973e-13,invalid,,,,,,invalid,invalid,,False,False,False,False,,False,,,,,,,*[CH2+][CH]1234*(*)[CH]1567[CH]218[CH]529%10%11C[CH]1625%12(C)[CH]912[CH2+][CH]1%105(C23)[CH]1(C)[CH][CH]1847%11%12[CH]12[CH]34C5[CH2+]16[CH]178[CH]9%10C3C13%11%12[CH][CH]493[CH2+]71C%11[CH]528[CH]%1061%12 |$R;;;R;R;;;;;;;;;;;;;;;;;;;;;;;;;;;;$|
sulfur_hexafluoride_cid17358,,,sulfur_hexafluoride_cid17358.png,low,low,0.3425562417031495,wrong,,Sulfur Hexafluoride,0.0,21,7,wrong,wrong,,False,False,False,False,0.0,False,False,73,5,,CCC(CC)(CC)CC,,C.CCC(CC)(CC)CC.CCC(CC)(CC)CC.Cl.[I-]
sulfuric_acid_cid1118,,,sulfuric_acid_cid1118.png,low,low,0.1154471803007549,wrong,,Sulfuric Acid,0.0,22,5,wrong,wrong,,False,False,False,False,0.0,False,False,57,2,,CC[Si](CC)(COC)COC,,CC[Si](CC)(COC)COC.CC[Si](CC)(COC)COC
sumatriptan_cid5358,,,sumatriptan_cid5358.png,low,low,0.0462825784993134,invalid,,,,,,invalid,invalid,,False,False,False,False,,False,,,,,,,*C1CC(CCN(C)C)C2C[CH]3(CC(*)(C)N(C)C)[CH]C3CC12 |$X;;;;;;;;;;;;;;X;;;;;;;;$|
tacrolimus_cid445643,,,tacrolimus_cid445643.png,low,low,1.467080797490927e-10,invalid,,,,,,invalid,invalid,,False,False,False,False,,False,,,,,,,*C(C1CCC(CC)C(CC)C1)C(C)C1[CH]C(OC)[CH]C(O)C(C[CH]C)C(C)C(C)CC(C)C[CH]2(OC)[CH]3456789[CH]%10%11(OC)[CH]3%12(C[CH])(OC)C%1043%13%14(C)O4[CH]%10%15O35C2%11%12%13635(C)(C7)O[CH]26[CH]7%11(O)[CH]%12(C)C%13CCCCC%13%16(C)([CH]O1)CCCCC%16[CH]7(C)[CH]%12%1021(O)([CH]%11(C)O83)[CH](C)(CC%1495OC)[CH]4%1561 |$R;;;;;;;;;;;;;;;;;;;;;;;;;;;;;;;;;;;;;;;;;;;;;;;;;;;;;;;;;;;;;;;;;;;;;;;;;;;;;;;;;;;;;;;$|
talazoparib_cid135565082,,,talazoparib_cid135565082.png,low,low,0.006602365624083281,wrong,,Talazoparib,0.057,32,28,wrong,wrong,,False,False,False,False,0.057,False,False,45,1,,,,CC1[CH]C[C@H]([C@H]2[C@H](O)[C@@H]3CC(O)CC(C(=O)C(C)O)C3[C@H](O)[C@]2(C)[C@H]2NCN[C@H]2C)CC1 |^1:2|
technetium_tc_99m_sestamibi_cid449763,,,technetium_tc_99m_sestamibi_cid449763.png,low,low,0.4109616066310962,invalid,,,,,,invalid,invalid,,False,False,False,False,,False,,,,,,,C=[NH+]CC(C)(C)OC.COC(C)(C)C[NH+].COC(C)(C)C[NH+]=O.COC(C)(C)C[NH+]=O.CO[Si](C)(C)C[NH+].CO[Si](C)(C)C[NH+].C[OH-]C(C)(C)C[NH+]
teixobactin_cid86341926,,,teixobactin_cid86341926.png,low,low,2.74328341530749e-09,invalid,,,,,,invalid,invalid,,False,False,False,False,,False,,,,,,,C[CH]C(C)O.O.[CH][CH]CC(O)C(O)CCNC[CH]1(O)OC1[CH]CC.[H]N12([CH]34C[CH]3567O[CH]45(O6)[CH]7(O)C(O)C(C)O)[CH]345(O)[CH]6(C)(CC)C13789([H])C13O[CH]147%10%11%12O[CH]8%10(O)[CH]%1114(C)C(C(=O)O)[CH]1(CN(CO)C(C)C(=O)NC(C)CC)C(C)[CH]4(O)C36259%12([H])NCC(C)[CH]O
telavancin_cid3081362,,,telavancin_cid3081362.png,low,low,2.090817468300267e-10,invalid,,,,,,invalid,invalid,,False,False,False,False,,False,,,,,,,CCCCCCCCCCCCC(C)(C)C.C[CH]OC1=O=S(=O)(=O)(OC)C1.[H]C[CH]CC1=C23C(=C1CO[CH]O[CH]OC[CH]O)C1=C24C=C=13(O)O4.[H]OC1(=O)[CH]2(CC3(O2)C(C(C)O)C(O)C3C2C3=O=C32CCCC)C(O)[CH]12C=C1(O)C(O[CH]345C(OCC(C)OC)[CH]36(O)[CH]4(OCC(C)OC)[CH]65OC3C4(O)C56=C7=C345=C=67)=C(O)C12
telmisartan_cid65999,,,telmisartan_cid65999.png,low,low,0.04763401364942694,wrong,,Telmisartan,0.098,38,39,wrong,wrong,,False,False,False,False,0.098,False,False,30,1,,,,CCC1CC2CC[C@H]([C@@H]3O[C@H]4CCCC[C@@H]4N3C)CC2C1C[C@H]1C=C[C@H]([C@@H]2CCCC[C@H]2C(=O)OC)CC1
temozolomide_cid5394,,,temozolomide_cid5394.png,low,low,0.00830735884553945,invalid,,,,,,invalid,invalid,,False,False,False,False,,False,,,,,,,CC1N(C)CC[CH]23[CH]4(C(N)N(C)C)C5C6[SH]4[CH]52[CH]163
tempo_cid2724126,,,tempo_cid2724126.png,low,low,0.8161711719611632,wrong,,Tempo,0.333,10,11,wrong,wrong,,False,False,False,False,0.333,False,False,1,1,,,,CC1(C)CCCC(C)(C)O1
temsirolimus_cid6918289,,,temsirolimus_cid6918289.png,low,low,5.282728874378923e-08,invalid,,,,,,invalid,invalid,,False,False,False,False,,False,,,,,,,CCC([CH]C(C)(C)O1C2(OC)[CH](C)(C)C13(OC)(C(C)C)[CH]1(O)O[CH]23C1O)C[CH]C(C)C(C)C(O)C(O)C(C)[CH]12(COC(C(C)COC)C(O)C1C)C1O[CH]12O.CCCC(C)(C)CCC.CCOC(C)C(C)[CH]12CC3(C)(N[CH](=O)C4CCCCC4)OC1C(C)C23
terazosin_cid5401,,,terazosin_cid5401.png,low,low,0.06079272989927832,wrong,,Terazosin,0.239,30,28,wrong,wrong,,False,False,False,False,0.239,False,False,22,1,,,,C[CH]C1C[C@@H]2OC(N3CCN(C(=O)C4CCCC4)CC3)=C[C@H]([C@H](C)O)[C@@H]2C[C@@H]1OC |^1:1|
terbutaline_cid5403,,,terbutaline_cid5403.png,low,low,0.4899024192431179,wrong,,Terbutaline,0.109,27,16,wrong,wrong,,False,False,False,False,0.109,False,False,62,4,,CCCCCCC,,CCC(C)(C)C.CCCCCCC.CCCCCCC.[10*]CCC([10*])C(C)(C)C |$;;;;;;;;;;;;;;;;;;;;R10;;;;R10;;;;$|
testosterone_cid6013,,,testosterone_cid6013.png,low,low,0.0274788704804946,invalid,,,,,,invalid,invalid,,False,False,False,False,,False,,,,,,,CC12CCC(O)CC1CCC13(C)C2(C)C[CH]C245(C)C1(C)C1C67C(C[CH]62[CH]74CO)[CH]135C
tetrabutylammonium_bromide_cid74236,,,tetrabutylammonium_bromide_cid74236.png,low,low,0.7999648787202475,wrong,,Tetrabutylammonium Bromide,0.3,18,18,wrong,wrong,,False,False,False,False,0.3,False,False,4,2,,,,CCCCC(CCCC)(CCCC)CCCC.[Na+]
tetraethyllead_cid6511,,,tetraethyllead_cid6511.png,low,low,0.3282322142005552,wrong,,Tetraethyllead,0.214,18,9,wrong,wrong,,False,False,False,False,0.214,False,False,35,4,,CCC.CCC,,CCC.CCC.CCC.CC[Si](CC)(CC)CC
tetrafluoroethylene_cid8301,,,tetrafluoroethylene_cid8301.png,low,low,0.4578916576830121,wrong,,Tetrafluoroethylene,0.0,9,6,wrong,wrong,,False,False,False,False,0.0,False,False,23,3,,[I-],,C/C=C/C=C\CC.[I-].[I-]
tetrahydrocannabinol_cid16078,,,tetrahydrocannabinol_cid16078.png,low,low,0.0908641692701436,invalid,,,,,,invalid,invalid,,False,False,False,False,,False,,,,,,,[1*]OC(C)[CH]12C(C)C3([H])C45CC36(C)(C)(C4)O[CH]13(CCCCCCC)C2O536 |$R1;;;;;;;;;;;;;;;;;;;;;;;;;$|
tetrahydrofuran_cid8028,,,tetrahydrofuran_cid8028.png,low,low,0.5997451236842064,wrong,,Tetrahydrofuran,0.133,6,5,wrong,wrong,,False,False,False,False,0.133,False,False,5,2,,,,Cl.[CH]1CCCC1 |^1:1|
tetraphenylphosphonium_chloride_cid164911,,,tetraphenylphosphonium_chloride_cid164911.png,low,low,0.0001468361352137224,invalid,,,,,,invalid,invalid,,False,False,False,False,,False,,,,,,,C1CCC([PH]2C3CC45C6C4C(C65)[CH]34CC3C56C[CH]3(C5CC3C5CCC[CH]32C5)C6C4)CC1.[Cl-]
tetraphenylporphyrin_cid86280046,,,tetraphenylporphyrin_cid86280046.png,low,low,0.0001312276861523467,invalid,,,,,,invalid,invalid,,False,False,False,False,,False,,,,,,,[H]N1C2CCC1N([CH]13CCC(CC1)CC3)C(C)CC(C)C([CH]13CCC(CC1)CC3)[CH]1(C)C[CH]1(C)C(C1CCCCC1)C(C)NC(C)C2C(C)[CH]CC(C)C
thalidomide_cid5426,,,thalidomide_cid5426.png,low,low,0.3680984195944971,wrong,,Thalidomide,0.071,20,19,wrong,wrong,,False,False,False,False,0.071,False,False,18,2,,,,N[C@H]1N[C@@H](O)[C@H]2CNCC[C@H]21.OC1[C@H](O)CCC[C@H]1O
theophylline_cid2153,,,theophylline_cid2153.png,low,low,1.456124771257086e-07,invalid,,,,,,invalid,invalid,,False,False,False,False,,False,,,,,,,[H][CH]123[CH]4(C)[CH]5(CNC)[CH]1(C)[CH]421[CH]24(C)[CH]6789C[CH]526%10%11C2CC(C)[CH]4756(C)C8([CH]5%10CC2C)[CH]3196%11
thiamine_cid1130,,,thiamine_cid1130.png,low,low,0.05510634071670756,wrong,,Thiamine,0.025,17,18,wrong,wrong,,False,False,False,False,0.025,False,False,13,1,,,,*OCC[C@H]1CCN2C[C@@H]([C@H](NCC)N(*)*)CC[C@@H]12 |$E;;;;;;;;;;;;;;;E;E;;;$|
thiamine_pyrophosphate_cid5431,,,thiamine_pyrophosphate_cid5431.png,low,low,0.003635951657625178,wrong,,Thiamine Pyrophosphate,0.087,30,26,wrong,wrong,,False,False,False,False,0.087,False,False,42,1,,,,CC[C@@]1(C)O[C@H](O)[C@@](C)(OCC[C@@H]2[CH]CC3C[C@@H]4[C@H](C[C@H](C)N[C@@H]4C(C)=O)C[C@@H]32)O1 |^1:13|
thioguanine_cid2723601,,,thioguanine_cid2723601.png,low,low,0.2481833860196987,wrong,,Thioguanine,0.038,12,11,wrong,wrong,,False,False,False,False,0.038,False,False,27,2,,,,*C.*C1CN[C@H](C(=O)CC([H])C)C1C |$R;;R;;;;;;;;;;;;$|
thiophene_cid8030,,,thiophene_cid8030.png,low,low,0.0,invalid,,,,,,invalid,invalid,,False,False,False,False,,False,,,,,,,CCCCCC1C2C1C2C123CCC1C2C3.CCCCCCC1CC1C1C2C13C21C32C13C21C32C13C21C32C13C21C32C13C21C32C134C215C326C4137C5214C6325C7136C4217C5324C6135C72168C43279C5134%10C6215%11C87326%12C941378C%1052149C%116325%10C%127136%11C84217%12%13C953248%14%15C%1061359%16%17C%117216%10%18%19C%124327%11%20%21C%1385134%12%22%23C%14962158%13%24C%15%16%1073269%14%25C%17%18%114137%10%15%16C%19%20%125214%11%17%18C%21%2286325%12%19%20C%23%13971368%21%22C%24%14%1042179%13%23C%25%15%115324%10%14%24C%16%17%126135%11%15%25C%18%1987216%12%16%17C%20%21943278%18%19C%22%13%1051349%20%21C%23%14%116215%10%13%22C%24%15%127326%11%14%23%26C%25%1684137%12%15%24%27C%17%18952148%16%25%28C%19%20%1063259%17%18%29C%21%13%117136%10%19%20%30C%22%14%124217%11%13%21%31C%23%1585324%12%14%22%32C%26%24%16961358%15%23%33%34C%27%25%17%1072169%16%24%26%35C%28%18%19%114327%10%17%25%27%36C%29%20%13%125134%11%18%19%28%37C%30%21%1486215%12%13%20%29%38C%31%22%15973268%14%21%30%39%40C%32%23%16%1041379%15%22%31%41%42C%33%24%17%115214%10%16%23%32%43%44C%34%26%25%18%126325%11%17%24%33%45%46C%35%27%19%1387136%12%18%25%26%34%47C%36%28%20%14942178%13%19%27%35%48%49C%37%29%21%15%1053249%14%20%28%36%50%51C%38%30%22%16%116135%10%15%21%29%37%52%53C%39%31%23%17%127216%11%16%22%30%38%54%55C%40%41%32%24%1884327%12%17%23%31%39%56%57%58C%42%43%33%25%13951348%18%24%32%40%41%59%60C%44%45%26%19%14%1062159%13%25%33%42%43%61%62C%46%34%27%20%15%117326%10%14%19%26%44%45%63%64C%47%35%28%21%16%124137%11%15%20%27%34%46%65%66%67C%48%36%29%22%1785214%12%16%21%28%35%47%68%69%70C%49%50%37%30%23%18963258%17%22%29%36%48%71%72%73C%51%52%38%31%24%13%1071369%18%23%30%37%49%50%74%75C%53%54%39%32%25%14%114217%10%13%24%31%38%51%52%76%77C%55%56%40%33%19%15%125324%11%14%25%32%39%53%54%78%79%80C%57%41%42%26%20%1686135%12%15%19%33%40%55%56%81%82%83C%58%59%43%44%27%21%17972168%16%20%26%41%42%57%84%85%86C%60%61%45%34%28%22%18%1043279%17%21%27%43%44%58%59%87%88C%62%63%46%35%29%23%13%115134%10%18%22%28%34%45%60%61%89%90C%64%65%47%36%30%24%14%126215%11%13%23%29%35%46%62%63%91%92C%66%68%48%37%31%25%1587326%12%14%24%30%36%47%64%65%93%94C378%15%25%31%37%48%66%68%95%96%97%98%99%(100)%(101)%(102)%(103)%(104)%(105)C%(106)%(107)%(108)%(109)%(110)%(111)%(112)%(113)%(114)%(115)%(116)%(117)%(118)%(119)%(120)%(121)C%(122)%(123)%(124)%(125)%(126)%(127)%(128)%(129)%(130)%(131)C%(106)%(132)%(133)%(134)%(135)%(136)%(137)%(138)%(139)%(140)C%(122)%(107)%(106)%(141)%(142)%(143)%(144)%(145)%(146)%(147)%(148)C%(123)%(132)%(108)%(107)%(122)%(149)%(150)%(151)%(152)%(153)%(154)C%(124)%(133)%(106)%(109)%(108)%(123)%(132)%(155)%(156)%(157)%(158)%(159)C%(125)%(134)%(141)%(107)%(110)%(106)%(109)%(124)%(133)%(160)%(161)%(162)%(163)C%(126)%(135)%(142)%(122)%(108)%(111)%(107)%(110)%(125)%(134)%(141)%(164)%(165)%(166)C%(127)%(136)%(143)%(149)%(123)%(106)%(112)3%(108)%(111)%(122)%(126)%(135)%(142)%(167)%(168)%(169)C%(128)%(137)%(144)%(150)%(132)%(109)%(107)%(113)73%(106)%(112)%(123)%(127)%(136)%(143)%(149)%(170)C%(129)%(138)%(145)%(151)%(155)%(124)%(110)%(114)%(108)87%(107)%(109)%(113)%(128)%(132)%(137)%(144)%(150)%(171)C%(130)%(139)%(146)%(152)%(156)%(133)%(125)%(115)%(111)3%158%(108)%(110)%(114)%(124)%(129)%(138)%(145)%(151)%(155)C%(160)%(134)%(116)%(122)%(106)7%253%15%(111)%(115)%(125)%(130)%(133)%(139)%(146)%(152)%(156)%(172)%(173)%(174)C%(141)%(117)%(126)%(112)%(107)8%317%25%(106)%(116)%(122)%(134)%(160)%(175)%(176)%(177)%(178)%(179)%(180)%(181)C%(147)%(153)%(157)%(161)%(164)%(118)%(135)%(123)%(109)%(108)3%378%31%(107)%(112)%(117)%(126)%(141)%(182)%(183)%(184)C%(158)%(162)%(165)%(119)%(142)%(127)%(113)%(110)%157%483%37%(108)%(109)%(118)%(123)%(135)%(147)%(153)%(157)%(161)C%(120)%(167)%(136)%(128)%(114)%(111)%25%668127%15%48%(110)%(113)%(119)%(127)%(142)%(158)%(162)%(164)C%(168)%(143)%(132)%(124)%(115)%(106)%68%313456128%25%66%(111)%(114)%(120)%(128)%(136)C%(149)%(137)%(129)%(125)%(116)%95%(107)%379%10%11%1273456%31%68%(106)%(115)%(124)C%(144)%(138)%(130)%(122)%96%(112)%(108)%16%17%18%13%14%15179%10%11%12%37%95%(107)C%32%(133)%19%(134)%97%(117)%(109)%20%21%22%23%24%48231%13%14%15%16%17%18C%(131)%(140)%(148)%(154)%(159)%(163)%(166)%(121)%(169)%(170)%(150)%(145)%(139)%(160)%98%(126)%(118)%(110)84723C%(171)%(151)%(146)%33%(175)%99%(141)%(123)%26%27%28%29%30%(113)%25591478%19%20C%67%69%71%49%38%39%40%(176)%(100)%41%43%34%35%36%(119)%666%10%13159%21C%72%50%51%53%(152)%55%(177)%(101)%(135)%42%44%45%46%47%(127)%(111)%31%11%1446%10%13C%74%52%54%(156)%56%(178)%(102)%(182)%(147)%57%58%60%62%64%(142)%(114)%68%12%15174%11C%76%78%(172)%81%(179)%(103)%(183)%(153)%84%59%61%63%65%(158)%(120)%(106)%37%1625681C%(155)%79%(173)%82%(180)%(104)%(184)%(157)%85%87%89%91%93%(162)%(128)%(115)%95%1739%104%19C%70%73%75%77%80%(174)%83%(181)%(105)%(161)%86%88%90%92%94%(164)%(136)%(124)%(107)%18%21%13%11%201.CCCCCCCCCC
thioridazine_cid5452,,,thioridazine_cid5452.png,low,low,0.001214643775099249,invalid,,,,,,invalid,invalid,,False,False,False,False,,False,,,,,,,CC[CH]CCC1[CH]23CCCCC2O[CH]24[CH]C[CH]5(CO)C6[CH]12C5[CH]64C3CCC1CCCCC1
thymol_cid6989,,,thymol_cid6989.png,low,low,0.06037652250528808,invalid,,,,,,invalid,invalid,,False,False,False,False,,False,,,,,,,[1*]C1C[CH]C2[CH][CH](C(C)C)(C2)C1 |$R1;;;;;;;;;;;$|
thyroxine_cid5819,,,thyroxine_cid5819.png,low,low,4.963612396852553e-05,invalid,,,,,,invalid,invalid,,False,False,False,False,,False,,,,,,,COC(O)C(CC1CC(O)[CH]C2C1C13=CC(CC(C(C)O)C(O)CO)CC(O)C1OC1C[CH]C(CO)C(C)C1C23)C(C)O
ticlopidine_cid5472,,,ticlopidine_cid5472.png,low,low,0.02149702935820215,invalid,,,,,,invalid,invalid,,False,False,False,False,,False,,,,,,,CC(O)CCN1CCC2O[CH]34CC3C2(C1)C4
titanocene_dichloride_cid76030824,,,titanocene_dichloride_cid76030824.png,low,low,0.0004169839174658145,invalid,,,,,,invalid,invalid,,False,False,False,False,,False,,,,,,,CC1[CH]OCC1.C[NH+]12C[CH]CC(CC1)C2.O.O.O.O.O.O.O.O.O.O.O.O.O.O.O.O.O.O.O.O.O.O.O.O.O.O.O.O.O.O.O.O.O.O.O.O.O.O.O.O.O.O.O.O.O.O.O.O.O.O.O.O.O.O.O.O.O.O.O.O.O.O.O.O.O.O.O.O.O.O.O.O.O.O.O.O.O.O.O.O.O.O.O.O.O.O.O.O.O.O.O.O.O.O.O.O.O.O.O.O
tizanidine_cid5487,,,tizanidine_cid5487.png,low,low,0.05730410804630395,invalid,,,,,,invalid,invalid,,False,False,False,False,,False,,,,,,,*NC1NCC[NH+]1*.OC1[CH]C2N[CH]N[CH]23[CH]C1C3 |$R;;;;;;;R;;;;;;;;;;;$|
tobramycin_cid36294,,,tobramycin_cid36294.png,low,low,0.1331432859626821,wrong,,Tobramycin,0.195,48,32,wrong,wrong,,False,False,False,False,0.195,False,False,61,2,,,,COC[C@H]1O[C@H](O)[C@@H](OC)[C@@H](C(C)C)[C@H]1OC.CO[C@@H]1[C@@H](O)[C@H](C(C)C)C[C@H]([C@H](C)O)[C@@H]1O[C@H]1O[C@H](CC(C)C)[C@H](OC)C[C@H]1C(C)C
tolcapone_cid4659569,,,tolcapone_cid4659569.png,low,low,1.670822797465073e-07,invalid,,,,,,invalid,invalid,,False,False,False,False,,False,,,,,,,C[CH][CH]12C(C(C)C)C[CH]34CC1C15*C(*1)[CH]52C3C[CH]4(C)[CH]12C[CH]34C5C(C13)[CH]413CC21C53 |$;;;;;;;;;;;;R;;R;;;;;;;;;;;;;;;$|
toluene_cid1140,,,toluene_cid1140.png,low,low,0.7011694326011477,wrong,,Toluene,0.0,6,7,wrong,wrong,,False,False,False,False,0.0,False,False,4,1,,,,[CH-]1CCCCC1
topotecan_cid60700,,,topotecan_cid60700.png,low,low,4.608091752063406e-06,invalid,,,,,,invalid,invalid,,False,False,False,False,,False,,,,,,,*CC1(CC)C(O)CCC2C1CC1[CH]3(CC4C5[CH]6(CC78=C9%10%11%12=C7%13%14(C9[CH]416)[CH]%10(C)[CH]%13%11CC([CH]O)[CH]8(CN(C)C)[CH]5%14%12)C3)C2O |$R;;;;;;;;;;;;;;;;;;;;;;;;;;;;;;;;;;;;;;;$|
tramadol_cid33741,,,tramadol_cid33741.png,low,low,0.006909123189383558,invalid,,,,,,invalid,invalid,,False,False,False,False,,False,,,,,,,[H]C12C[CH]3(C)CC4C[CH](C)(C43)[CH]1(CC(C)C)CCCC2C(C)(C)CC(C)C
trametinib_cid11707110,,,trametinib_cid11707110.png,low,low,0.0002892425995166438,invalid,,,,,,invalid,invalid,,False,False,False,False,,False,,,,,,,CCCC(C)C[CH]COC(C1C(=O)N(C2CC2)C(O)N([CH]23C[CH]45CC(OC(C)=O)C2[CH](OC(C)=O)(C3)C4C5)C1CC)N(C)C1=C(C)CC(C)CC1C
trazodone_cid5533,,,trazodone_cid5533.png,low,low,0.004895322568301958,invalid,,,,,,invalid,invalid,,False,False,False,False,,False,,,,,,,CCOC1CCN(CCCC2N[CH]345[CH]C([CH]3)CC3C4[CH]2(O)C35)CC1.[Cl-]
triamcinolone_cid31307,,,triamcinolone_cid31307.png,low,low,0.02000513382146197,invalid,,,,,,invalid,invalid,,False,False,False,False,,False,,,,,,,CCC(C)N(C)C1(CC)C(CC)CC2(C)(C)C3(C)CCC4CCCC5CCC45(C)C3(C)C(C)CC12(C)C
trihexyphenidyl_cid5572,,,trihexyphenidyl_cid5572.png,low,low,0.003583790987759372,wrong,,Trihexyphenidyl,0.1,23,22,wrong,wrong,,False,False,False,False,0.1,False,False,10,1,,,,CC1C2C3[C@@H]1[C@@H]2[C@](C1CCCCC1)(C1CC2CCCCC21)[C@@H]3C
trimethoprim_cid5578,,,trimethoprim_cid5578.png,low,low,0.001394279056917666,invalid,,,,,,invalid,invalid,,False,False,False,False,,False,,,,,,,CCCCC1C2C3CC(CC)C[CH]2(C3)C[CH](CCCC)(OC)C1C
trimethylaluminum_cid16682925,,,trimethylaluminum_cid16682925.png,low,low,0.6621923390612552,wrong,,Trimethylaluminum,0.1,5,4,wrong,wrong,,False,False,False,False,0.1,False,False,6,1,,,,CCCCC
triphenylene_cid9170,,,triphenylene_cid9170.png,low,low,0.0097942331768579,invalid,,,,,,invalid,invalid,,False,False,False,False,,False,,,,,,,CCC1C(CC)[CH]23CC4CCC2[CH]2(C5CC(C5)CC12)C3CC4
tungsten_hexacarbonyl_cid98884,,,tungsten_hexacarbonyl_cid98884.png,low,low,0.0,invalid,,,,,,invalid,invalid,,False,False,False,False,,False,,,,,,,[2H]C.[2H]CCCCCCC1C2C13C21C32C13C21C32C13C21C32C13C21C32C13C21C32C13C21C32C13C21C32C13C21C32C13C21C32C13C21C32C13C21C32C13C21C32C13C21C32C13C21C32C13C21C32C13C21C32C13C21C324C135C216C4327C5134C6215C7326C4137C5214C6325C7136C4217C5324C6135C7216C4327C5134C6215C73268C41379C5214%10C6325%11C87136%12C942178C%1053249%13C%116135%10%14C%127216%11%15C84327%12%16C951348%17C%13%1062159%18C%14%117326%10%13%19C%15%124137%11%14%20C%1685214%12%15%21C%17963258%16%22C%18%1071369%17%23C%13%114217%10%18%24%25C%19%14%125324%11%13%26%27C%20%1586135%12%14%19%28C%21%16972168%15%20%29C%22%17%1043279%16%21%30C%23%18%115134%10%17%22%31%32C%24%13%126215%11%18%23%33%34C%25%26%1487326%12%13%24%35%36C%27%19%15941378%14%25%26%37C%28%20%16%1052149%15%19%27%38%39C%29%21%17%116325%10%16%20%28%40%41C%30%22%18%127136%11%17%21%29%42%43C%31%23%1384217%12%18%22%30%44%45C%32%33%24%14953248%13%23%31%46%47%48C%34%35%25%15%1061359%14%24%32%33%49%50C%36%26%19%16%117216%10%15%25%34%35%51%52C%37%27%20%17%124327%11%16%19%26%36%53%54C%38%28%21%1885134%12%17%20%27%37%55%56%57C%39%40%29%22%13962158%18%21%28%38%58%59%60C%41%42%30%23%14%1073269%13%22%29%39%40%61%62C%43%44%31%24%15%114137%10%14%23%30%41%42%63%64C%45%46%32%25%16%125214%11%15%24%31%43%44%65%66C%47%33%34%19%1786325%12%16%25%32%45%46%67%68C%48%49%35%26%20%18971368%17%19%33%34%47%69%70C%50%51%36%27%21%13%1042179%18%20%26%35%48%49%71C%52%53%37%28%22%14%115324%10%13%21%27%36%50%51%72%73C%54%55%38%29%23%15%126135%11%14%22%28%37%52%53%74%75C%56%58%39%30%24%1687216%12%15%23%29%38%54%55%76%77C%57%59%40%41%31%25%17943278%16%24%30%39%56%58%78%79C%60%61%42%43%32%19%18%1051349%17%25%31%40%41%57%59%80C%62%63%44%45%33%20%13%116215%10%18%19%32%42%43%60%61%81C%64%65%46%34%26%21%14%127326%11%13%20%33%44%45%62%63%82C%66%67%47%35%27%22%1584137%12%14%21%26%34%46%64%65%83C%68%69%48%36%28%23%16952148%15%22%27%35%47%66%67%84C%70%49%50%37%29%24%17%1063259%16%23%28%36%48%68%69%85C%71%51%52%38%30%25%18%117136%10%17%24%29%37%49%50%70%86C%72%53%54%39%31%19%13%124217%11%18%25%30%38%51%52%71%87C24%12%13%19%31%39%53%54%72%88%89%90%91%92%93%94%95%96%97%98%99C%(100)%(101)%(102)%(103)%(104)%(105)%(106)%(107)%(108)%(109)%(110)%(111)C2%(112)%(113)%(114)%(115)%(116)%(117)%(118)%(119)%(120)%(121)%(122)%(123)C%(100)42%(124)%(125)%(126)%(127)%(128)%(129)%(130)%(131)%(132)%(133)C%(101)%(112)%124%(100)%(134)%(135)%(136)%(137)%(138)%(139)%(140)%(141)%(142)C%(102)%(113)2%13%12%(101)%(112)%(143)%(144)%(145)%(146)%(147)%(148)%(149)%(150)C%(103)%(114)%(124)4%192%13%(102)%(113)%(151)%(152)%(153)%(154)%(155)%(156)%(157)C%(104)%(115)%(125)%(100)%12%314%19%(103)%(114)%(124)%(158)%(159)%(160)%(161)%(162)%(163)C%(105)%(116)%(126)%(134)%(101)2%39%12%31%(100)%(104)%(115)%(125)%(164)%(165)%(166)%(167)%(168)C%(106)%(117)%(127)%(135)%(112)%134%532%39%(101)%(105)%(116)%(126)%(134)%(169)%(170)%(171)%(172)C%(107)%(118)%(128)%(136)%(143)%(102)%19%12%544%13%53%(106)%(112)%(117)%(127)%(135)%(173)%(174)%(175)C%(108)%(119)%(129)%(137)%(144)%(113)%(103)%312%72%12%19%54%(102)%(107)%(118)%(128)%(136)%(143)%(176)C%(109)%(120)%(130)%(138)%(145)%(151)%(114)%(100)%394%882%31%72%(103)%(108)%(113)%(119)%(129)%(137)%(144)C%73%74%55%56%40%32%20%148531%894%39%88%(100)%(109)%(114)%(120)%(130)%(138)C%(110)%(121)%(131)%(139)%(146)%(152)%(124)%(104)%(101)%13%12627%901358%14%20%32%40C%(140)%(147)%(153)%(158)%(115)%(105)%53%19%21%159%10%31%11%914267%12%13%55%56C%(148)%(154)%(159)%(125)%(116)%(106)%54%33%26%22%16%17%72%18%92%39149%10%11%15%19C%(155)%(160)%(164)%(126)%(112)%(102)%42%44%34%27%23%24%(103)%25%93%88321%16%17%18%21C%(161)%(165)%(134)%(117)%(107)%41%43%45%46%35%28%29%(108)%30%94%(100)56423%22%23C%(166)%(169)%(127)%(118)%58%57%60%62%64%47%36%37%(113)%38%95%(109)8791456C%(170)%76%(135)%(128)%78%59%61%63%65%66%48%49%(119)%51%96%(114)%14%12%10%16217C%75%77%(173)%(136)%79%80%81%82%83%67%68%50%(129)%52%97%(120)%20%13%11%17342C%(111)%(122)%(132)%(141)%(149)%(156)%(162)%(167)%(171)%(174)%(143)%69%70%(137)%71%98%(130)%32%55%15%18%2251C%(123)%(133)%(142)%(150)%(157)%(163)%(168)%(172)%(175)%(176)%84%85%86%(144)%87%99%(138)%40%56%19%21%23672
tylosin_cid5280440,,,tylosin_cid5280440.png,low,low,0.002376659707249493,wrong,,Tylosin,0.253,71,64,wrong,wrong,,False,False,False,False,0.253,False,False,39,1,,,,CC[C@H]1CC2C[C@@H](OC)[C@H](CO2)[C@H]2C[C@H]3[C@H](OC)[C@@H](N(C)C)[C@@H](O[C@H]4C[C@@](C)(OC)[C@@H](CO)[C@H](C)O4)[C@@H](C)[C@@H]3C(C(C)C)[C@H]2C[C@@H](C)[C@H](O)OC(C)C[C@H](O)[C@@H]1OC[C@@H]1O[C@@H](C)[C@H](OC)[C@@H](CC)[C@H]1OC
tyrocidine_a_cid16129635,,,tyrocidine_a_cid16129635.png,low,low,2.423044475674075e-11,invalid,,,,,,invalid,invalid,,False,False,False,False,,False,,,,,,,OC([CH]OC1CC=CCC1)C(O)C1CCCCC1O.[H]OC(O[CH]C12(O)CCC(O)OC(O)C(O)[CH]CCCCCCC[CH]CC(OC3CCC(O)CC3)O3[CH][CH]3(O)OC3C(O[CH]C(O[CH])OC1C(O[CH])O[CH]C2O[CH])OC1C(C3O)O2[H]O1[H]2)C(C)C
urea_cid1176,,,urea_cid1176.png,low,low,0.07870156127301862,wrong,,Urea,0.0,9,4,wrong,wrong,,False,False,False,False,0.0,False,False,23,1,,,,[10*][C@H]([CH])C[C@H](C[CH])CC([H])C |$R10;;;;;;;;;;$|
valinomycin_cid3000706,,,valinomycin_cid3000706.png,low,low,0.02277351314941385,wrong,,Valinomycin,0.176,81,78,wrong,wrong,,False,False,False,False,0.176,False,False,49,1,,,,*[C@@H]1[C@H](O)CC(C)O[C@H](O)C(C(C)C)NC(=O)[C@@H](C(C)C)NC(=O)C(C(C)C)[C@H](*)[C@H](O)[C@H](C)NC(=O)[C@H](N(C)C)[C@@H](C)C(O)[C@@H](C(C)C)O[C@H](C)[C@H](C(C)C)N[C@@H](O)[C@H](C)O[C@@H](C)[C@H](C(C)C)[C@H](C)[C@@H](C)[C@H](C(C)C)NC(=O)[C@@H]1C(C)C |$R;;;;;;;;;;;;;;;;;;;;;;;;;;;;;R;;;;;;;;;;;;;;;;;;;;;;;;;;;;;;;;;;;;;;;;;;;;;;;;;;;;;$|
valproic_acid_cid3121,,,valproic_acid_cid3121.png,low,low,0.6403793442163667,wrong,,Valproic Acid,0.138,10,10,wrong,wrong,,False,False,False,False,0.138,False,False,6,3,,,,CCC.O.[1*]OCCCCC |$;;;;R1;;;;;;$|
vancomycin_cid14969,,,vancomycin_cid14969.png,low,low,2.21137537188366e-10,invalid,,,,,,invalid,invalid,,False,False,False,False,,False,,,,,,,[1*]CC(C([CH]OC1CC(O[CH]C=CC2(C)OC34CC3O24)CC(C(O)COC234O[CH]5(O)(CC6[CH]789O[CH]67%10CC(C[1*])[CH]%10(OCC5O)(C8C(=CC(C)[NH+][1*])O[1*])C9(=O)O)C2[CH]3(O)C4O)C1)C[11*])C([CH]O[CH]CC(C)(C[1*])C([CH]C)C[1*])O[1*].[1*][NH+](C)CCC(C)C |$R1;;;;;;;;;;;;;;;;;;;;;;;;;;;;;;;;;;;;;;R1;;;;;;;;;;;;R1;;R1;;;;;;;;;;;R11;;;;;;;;;R1;;;;;R1;;R1;R1;;;;;;;$|
velpatasvir_cid67683363,,,velpatasvir_cid67683363.png,low,low,1.039743779421987e-09,invalid,,,,,,invalid,invalid,,False,False,False,False,,False,,,,,,,[CH]N(C(=O)OC)C(C1CCCCC1)C(O)[CH]123C4[CH]56789C%10N%11(C%12[CH]%13%14%15O[CH]%13(O)[CH]%14%13N(C)(C(=O)OC)[CH]%12%14%16%17(N%12%18[CH]N%14([CH]%12)C%12%14(=O)=O=C%18%19O%12%18CO%19%14C%18)C%13%15%12CCCCC%12%13C%16%12%14%15C%16CC%18C%19C%20CC%12[CH]%16%13%17(C%19%14)C%15C%18%20)C1%12%13%14%15(C)C1C2%16%17%18%19(CN(C)[CH]C(C)=C(C)CC[CH]C(C)CN[CH]C2(O)C%20CC(C)C%202)C%12C1%1132%12(O%16%13)C5%17[CH]%1041(C63O45CO3(C4)C571)(C8%18%142)C9%19%15%12
vemurafenib_cid42611257,,,vemurafenib_cid42611257.png,low,low,0.000120631120628094,invalid,,,,,,invalid,invalid,,False,False,False,False,,False,,,,,,,CCCC(C)(C)N(C)C1=[CH](C)C(C(O)[CH]23C4[CH]56(O)C2[CH]42(O)[CH]54C5[CH]78C9C7[CH]562[CH]342C3C2C938C2[CH]CC(O)CC2)C(C)CC1C
venetoclax_cid49846579,,,venetoclax_cid49846579.png,low,low,0.569142453375021,wrong,,Venetoclax,0.19,56,61,wrong,wrong,,False,False,False,False,0.19,False,False,27,1,,,,[1*]c1ccc(C2CC(C)(C)CCC2CN2CCC(C3=CC(Oc4cnc5c(ccn5[1*])c4)=C(C(=O)N([1*])C[C@@H]4CCC(N([1*])CC5CCCCC5)=C([N+]([1*])[H])C4)CC3)CC2)cc1 |$R1;;;;;;;;;;;;;;;;;;;;;;;;;;;;;;R1;;;;;;R1;;;;;;;R1;;;;;;;;;;R1;;;;;;;;$|
venlafaxine_cid5656,,,venlafaxine_cid5656.png,low,low,0.3507434007076667,wrong,,Venlafaxine,0.196,20,20,wrong,wrong,,False,False,False,False,0.196,False,False,13,1,,,,CO[C@H]1CC[C@@H](C(CC(C)C)C2(C)CCCCC2)CC1
verapamil_cid2520,,,verapamil_cid2520.png,low,low,1.88044559821747e-05,invalid,,,,,,invalid,invalid,,False,False,False,False,,False,,,,,,,COC(C)CCC(C)CC[NH+](C)CCC[CH]12[CH]3(COC(C)C)C45[CH]67C8[CH]461C71C4(OC)=C6(OC)[CH]52[CH]43(OC)[CH]816OC
vilazodone_cid6918314,,,vilazodone_cid6918314.png,low,low,0.2712882756720708,wrong,,Vilazodone,0.252,34,33,wrong,wrong,,False,False,False,False,0.252,False,False,17,1,,,,[1*]N[C@@H](O)[C@H]1Cc2cc(N3CCN(CCCCC4=C[C@H](C)[C@H]5C=CC(C=O)C[C@@H]45)CC3)ccc2O1 |$R1;;;;;;;;;;;;;;;;;;;;;;;;;;;;;;;;;;$|
vinblastine_cid13342,,,vinblastine_cid13342.png,low,low,7.089642633348681e-07,invalid,,,,,,invalid,invalid,,False,False,False,False,,False,,,,,,,[1*]CC12(CC)CC34([H])CC(C(=O)O)(C5CC6[CH](C)(C=C5OC)N5(C)C678CC569(C)C5%10%11C%12C5(C)C%1276(C)(C(OC)=O=C%10(=O)OC)[CH]%11(CC(C)C)C5(CO)CCCC6CCC89(C)C65C)[CH]56C([1*])C7CC=CC[CH]78C57C5C[N+]9%10%11%12(C3)C(C7C586)[N+]9(C4%10)(C1%11)C2%12 |$R1;;;;;;;;;;;;;;;;;;;;;;;;;;;;;;;;;;;;;;;;;;;;;;;;;;;;;;;;;;;;;;R1;;;;;;;;;;;;;;;;;;$|
vincristine_cid5978,,,vincristine_cid5978.png,low,low,2.097377329775557e-07,invalid,,,,,,invalid,invalid,,False,False,False,False,,False,,,,,,,*C1C2CC=CC[CH]23C24C5C[CH]678C9C%10%11(C)CC(C(=O)O)(C%12CC%13%14%15%16C%17C%18%19CC[CH]CC=CC(CO)C(CC(C)=O)C%20(C)(C(=O)OC)C%13%21%22(C)(C)N%13(C(C)C)C(CC%12OC)C%12CC%14%21%23(C)C%17%18%15%22(C%19)C%12%13%20%23%16(C)C)[CH]12C53C4CC961(C%10)C7C(CC)(CO)(C%11)C81 |$R;;;;;;;;;;;;;;;;;;;;;;;;;;;;;;;;;;;;;;;;;;;;;;;;;;;;;;;;;;;;;;;;;;;;;;;;;;;;;;;$|
vinorelbine_cid5311497,,,vinorelbine_cid5311497.png,low,low,1.81482883577211e-06,invalid,,,,,,invalid,invalid,,False,False,False,False,,False,,,,,,,CC[NH]1[CH]C2(C)CC(C1)C1[CH]345[CH]6(C(C)[CH]789OCC%10C[CH]73[CH]164[CH]85CCC%10O9)C1(C2)C2N(C)(CC)[CH]134C(NC)C[CH]15N(C)C6(C)C(C)(C(C)OC)C(OC(C)=O)C78CCC7CCC7CCC6(C78C)[CH]16O3(C)[CH]2564
vitamin_b12_cid165339223,,,vitamin_b12_cid165339223.png,low,low,5.010292793121705e-13,invalid,,,,,,invalid,invalid,,False,False,False,False,,False,,,,,,,C.CC(C)O.[10*]C[CH]OC1(CC23456CCC7(=O)=O=C8(C[CH]29%10%11C8[CH]3(C)[CH]9423CC4=O=C8(=O)(CC[CH]259%12N2C%103(C)(C)N935%10C(C)[CH]O[CH]C([10*])(C)(C)[CH]9(CCCC(=O)N([H])[H])N%13%14%15%16CN9%17%18%19(C)C%13C9([CH]%143%17N%116)[CH]%155%18C%12(C)[CH]29%16%10%19)N42[10*]N8([10*])(C)C2)N([10*])CN7([10*])C)C2CC34(=O)=O=C(CC21[10*])N[H]N3([H])[H]4 |$;;;;;R10;;;;;;;;;;;;;;;;;;;;;;;;;;;;;;;;;;;;;;R10;;;;;;;;;;;;;;;;;;;;;;;;;R10;;R10;;;;R10;;;R10;;;;;;;;;;R10;;;;;$|
vitamin_b6_cid104817,,,vitamin_b6_cid104817.png,low,low,0.4243671693005042,wrong,,Vitamin B6,0.051,15,15,wrong,wrong,,False,False,False,False,0.051,False,False,26,1,,,,CO[C@H]1C[C@@H](CNC(C)(C)C)CN[C@@H]1C
vitamin_e_cid69540411,,,vitamin_e_cid69540411.png,low,low,0.0377272230070009,wrong,,Vitamin-E,0.256,35,40,wrong,wrong,,False,False,False,False,0.256,False,False,10,2,,,,*C(=O)CCC(=O)O.[1*]C(CCCC(C)C)CCC[C@H](C)CCC[C@]1([1*])CCN2C[C@@H](OC)C(C)C[C@@H]2C1 |$OMe;;;;;;;;R1;;;;;;;;;;;;;;;;;R1;;;;;;;;;;;;$|
zearalenone_cid5281576,,,zearalenone_cid5281576.png,low,low,0.003196090898986613,invalid,,,,,,invalid,invalid,,False,False,False,False,,False,,,,,,,CCC1CC[CH]23C4[CH]5(C)C(C)CCCC(O)CC6CC(C)C[CH]2(C6)[CH]4(COC)[CH]53C1
zibotentan_cid9910224,,,zibotentan_cid9910224.png,low,low,0.007587242671451691,invalid,,,,,,invalid,invalid,,False,False,False,False,,False,,,,,,,*C(=O)C1CCC(C)NC1*.OC1[CH]CC2C[CH]1([CH]13CCC([CH]45SC6C7C4C6C75)C4C1[CH]43O)N2 |$R;;;;;;;;;;Z;;;;;;;;;;;;;;;;;;;;;;;$|
zidovudine_cid35370,,,zidovudine_cid35370.png,low,low,0.0612524494859718,invalid,,,,,,invalid,invalid,,False,False,False,False,,False,,,,,,,CCCC1CC([CH]23C(C)C(O)C(C)N4(C)C2C34)OC1COC
zinc_phthalocyanine_cid114933,,,zinc_phthalocyanine_cid114933.png,low,low,3.336234436485857e-16,invalid,,,,,,invalid,invalid,,False,False,False,False,,False,,,,,,,C[CH]1234C[CH]567C1[CH]18(C9C1[CH]9(C[CH]19%10%11C%12%13C1%14%15[CH]%121%16%17%18C%12[CH]%19([CH]C(CC[CH]%20%21%22C%23C%24%25%26%27C%20[CH]%23%24%20%28(C%21%25)C%26%21C%23%24[CH]%27%20%25C%20%26C%21%25%28%27[CH]%23%2052[CH]%24%26%226%273)C2C3CC3[CH]C2%19)C1[CH]%12%13%14%161[CH]%172356%12C%13%14C%16%17%19C2%20C%132%21C%16%13%22C%16%23%24%25C%172%26%27C2%17%28[CH]%19%21%16%29C%13%26%16%19[CH]2%2393%13%21%26C%22%27%292[CH]%17%24%16%105%133[CH]%14%20%1816%21[CH]%15%28%25%192%11%12%263)C1CCC2C[CH]18C2)O74
zirconocene_dichloride_cid102092,,,zirconocene_dichloride_cid102092.png,low,low,0.0001190049266997168,invalid,,,,,,invalid,invalid,,False,False,False,False,,False,,,,,,,CC(C)C(C)[CH][Si]1(C)(C)[CH]C(C)C1C.CC1[CH]2(C)[CH]C2[Si]1(C)C
zonisamide_cid5734,,,zonisamide_cid5734.png,low,low,0.05976583406304396,invalid,,,,,,invalid,invalid,,False,False,False,False,,False,,,,,,,[H]C1(C)(C)CC2CSC3CCC(CC23)C1(C)C
