group,figure,segment,file_name,tier,tier_by_threshold,confidence,verdict,matched_name,closest_name,closest_tanimoto,pred_heavy,closest_heavy,grade,grade_largest,graded_match,decoded,dephantom,dedup,largest,best_tanimoto,skeleton_match,formula_match,elem_delta,n_fragments,phantom_frags,duplicate_frags,dropped_by_largest,smiles
1_1_1_3_3_3_hexafluoro_2_5_fluoro_2_1_2_fluorophenyl_methyl__cid86269973,,,1_1_1_3_3_3_hexafluoro_2_5_fluoro_2_1_2_fluorophenyl_methyl__cid86269973.png,high,high,0.879281169680388,exact,"1,1,1,3,3,3-Hexafluoro-2-(((5-fluoro-2-(1-((2-fluorophenyl)methyl)-5-(3-isoxazolyl)-1H-pyrazol-3-yl)-4-pyrimidinyl)amino)methyl)-2-propanol","1,1,1,3,3,3-Hexafluoro-2-(((5-fluoro-2-(1-((2-fluorophenyl)methyl)-5-(3-isoxazolyl)-1H-pyrazol-3-yl)-4-pyrimidinyl)amino)methyl)-2-propanol",1.0,37,37,exact,exact,"1,1,1,3,3,3-Hexafluoro-2-(((5-fluoro-2-(1-((2-fluorophenyl)methyl)-5-(3-isoxazolyl)-1H-pyrazol-3-yl)-4-pyrimidinyl)amino)methyl)-2-propanol",False,False,False,False,1.0,True,True,0,1,,,,OC(CNc1nc(-c2cc(-c3ccon3)n(Cc3ccccc3F)n2)ncc1F)(C(F)(F)F)C(F)(F)F
1_3_dimethyl_2_6_dioxo_1_2_3_6_tetrahydro_7h_purin_7_yl_acet_cid176595,,,1_3_dimethyl_2_6_dioxo_1_2_3_6_tetrahydro_7h_purin_7_yl_acet_cid176595.png,high,high,0.8787804613086935,exact,"(1,3-Dimethyl-2,6-dioxo-1,2,3,6-tetrahydro-7H-purin-7-yl)acetic acid--4-(((2-amino-3,5-dibromophenyl)methyl)amino)cyclohexan-1-ol (1/1)","(1,3-Dimethyl-2,6-dioxo-1,2,3,6-tetrahydro-7H-purin-7-yl)acetic acid--4-(((2-amino-3,5-dibromophenyl)methyl)amino)cyclohexan-1-ol (1/1)",1.0,35,35,exact,exact,"(1,3-Dimethyl-2,6-dioxo-1,2,3,6-tetrahydro-7H-purin-7-yl)acetic acid--4-(((2-amino-3,5-dibromophenyl)methyl)amino)cyclohexan-1-ol (1/1)",False,False,False,False,1.0,True,True,0,2,,,,Cn1c(=O)c2c(ncn2CC(=O)O)n(C)c1=O.Nc1c(Br)cc(Br)cc1CNC1CCC(O)CC1
1_5_dihydro_1_beta_d_ribofuranosyl_4h_pyrazolo_3_4_d_pyrimid_cid135407110,,,1_5_dihydro_1_beta_d_ribofuranosyl_4h_pyrazolo_3_4_d_pyrimid_cid135407110.png,high,high,0.8794467331223627,exact,"1,5-Dihydro-1-beta-D-ribofuranosyl-4H-pyrazolo(3,4-d)pyrimidin-4-one","1,5-Dihydro-1-beta-D-ribofuranosyl-4H-pyrazolo(3,4-d)pyrimidin-4-one",1.0,19,19,exact,exact,"1,5-Dihydro-1-beta-D-ribofuranosyl-4H-pyrazolo(3,4-d)pyrimidin-4-one",False,False,False,False,1.0,True,True,0,1,,,,O=c1[nH]cnc2c1cnn2[C@@H]1O[C@H](CO)[C@@H](O)[C@H]1O
216014_14_1_non_salt_cid172966628,,,216014_14_1_non_salt_cid172966628.png,low,low,1.797506792679519e-08,invalid,,,,,,invalid,invalid,,False,False,False,False,,False,,,,,,,CCCCCCCCCCCC(CCO[CH]C(OP(=O)(=O)[O-])C(CO)OC1OC[CH]2(C(=O)[O-])NC34(=O)=O=C(C5C6OC7=O=C(=O)(CCCCC8CC9(CC)C(C)CC89CCCCC7)O[CH]57(CCCCCCCCC(CC)C(CCC)CCCCCCC67)C3)O43[CH][CH]3(COC1OCC[CH]OCCCCCCCC)C2(=O)[O-])OC(=O)CCCCCCCCC
25_hydroxyvitamin_d3_cid5283731,,,25_hydroxyvitamin_d3_cid5283731.png,high,high,0.8785179718308006,exact,25-Hydroxyvitamin D3,25-Hydroxyvitamin D3,1.0,29,29,exact,exact,25-Hydroxyvitamin D3,False,False,False,False,1.0,True,True,0,1,,,,[H][C@@]12CC[C@H]([C@H](C)CCCC(C)(C)O)[C@@]1(C)CCC/C2=C\C=C1\C[C@@H](O)CCC1=C
2_4_amino_3_chloro_5_trifluoromethyl_phenyl_2_tert_butylamin_cid9997788,,,2_4_amino_3_chloro_5_trifluoromethyl_phenyl_2_tert_butylamin_cid9997788.png,high,high,0.8548632659480917,exact,2-(4-Amino-3-chloro-5-trifluoromethyl-phenyl)-2-tert-butylaminoethanol hydrochloride,2-(4-Amino-3-chloro-5-trifluoromethyl-phenyl)-2-tert-butylaminoethanol hydrochloride,1.0,21,21,exact,exact,2-(4-Amino-3-chloro-5-trifluoromethyl-phenyl)-2-tert-butylaminoethanol hydrochloride,False,False,False,False,1.0,True,True,0,2,,,,CC(C)(C)NC(CO)c1cc(Cl)c(N)c(C(F)(F)F)c1.Cl
2_5_dimethoxy_4_iodoamphetamine_cid1229,,,2_5_dimethoxy_4_iodoamphetamine_cid1229.png,low,low,0.8336110980660614,wrong,,"2,5-Dimethoxy-4-iodoamphetamine",0.647,14,15,wrong,wrong,,False,False,False,False,0.647,False,False,2,1,,,,*c1cc(OC)c(CC(C)N)cc1OC |$J;;;;;;;;;;;;;;$|
3r_6r_3_2_3_dihydro_1h_inden_2_yl_1_1r_1_2_6_dimethyl_3_pyri_cid11634973,,,3r_6r_3_2_3_dihydro_1h_inden_2_yl_1_1r_1_2_6_dimethyl_3_pyri_cid11634973.png,high,high,0.8776994368764488,exact,"(3R,6R)-3-(2,3-Dihydro-1H-inden-2-yl)-1-((1R)-1-(2,6-dimethyl-3-pyridinyl)-2-(4-morpholinyl)-2-oxoethyl)-6-((1S)-1-methylpropyl)-2,5-piperazinedione","(3R,6R)-3-(2,3-Dihydro-1H-inden-2-yl)-1-((1R)-1-(2,6-dimethyl-3-pyridinyl)-2-(4-morpholinyl)-2-oxoethyl)-6-((1S)-1-methylpropyl)-2,5-piperazinedione",1.0,38,38,exact,exact,"(3R,6R)-3-(2,3-Dihydro-1H-inden-2-yl)-1-((1R)-1-(2,6-dimethyl-3-pyridinyl)-2-(4-morpholinyl)-2-oxoethyl)-6-((1S)-1-methylpropyl)-2,5-piperazinedione",False,False,False,False,1.0,True,True,0,1,,,,CC[C@H](C)[C@@H]1C(=O)N[C@H](C2Cc3ccccc3C2)C(=O)N1[C@@H](C(=O)N1CCOCC1)c1ccc(C)nc1C
abediterol_cid11962616,,,abediterol_cid11962616.png,high,high,0.8564079762618856,exact,Abediterol,Abediterol,1.0,33,33,exact,exact,Abediterol,False,False,False,False,1.0,True,True,0,1,,,,O=c1ccc2c([C@@H](O)CNCCCCCCOCC(F)(F)c3ccccc3)ccc(O)c2[nH]1
acetanilide_cid904,,,acetanilide_cid904.png,high,high,0.8971679406920894,exact,Acetanilide,Acetanilide,1.0,10,10,exact,exact,Acetanilide,False,False,False,False,1.0,True,True,0,1,,,,CC(=O)Nc1ccccc1
acetarsol_cid1985,,,acetarsol_cid1985.png,low,low,0.8301477605362958,exact,Acetarsol,Acetarsol,1.0,15,15,exact,exact,Acetarsol,False,False,False,False,1.0,True,True,0,1,,,,CC(=O)Nc1cc([As](=O)(O)O)ccc1O
acotiamide_cid5282338,,,acotiamide_cid5282338.png,high,high,0.8567621941482348,exact,Acotiamide,Acotiamide,1.0,31,31,exact,exact,Acotiamide,False,False,False,False,1.0,True,True,0,1,,,,COc1cc(O)c(C(=O)Nc2nc(C(=O)NCCN(C(C)C)C(C)C)cs2)cc1OC
aculeacin_a_cid53297328,,,aculeacin_a_cid53297328.png,low,low,0.3374246046355953,exact,Aculeacin A,Aculeacin A,1.0,76,76,exact,exact,Aculeacin A,False,False,False,False,1.0,True,True,0,1,,,,[H][C@@]12C[C@@H](O)CN1C(=O)[C@H]([C@@H](C)O)NC(=O)[C@@H](NC(=O)CCCCCCCCCCCCCCC)C[C@@H](O)[C@@H](O)NC(=O)[C@]1([H])[C@@H](O)[C@@H](C)CN1C(=O)[C@H]([C@H](O)CC(N)=O)NC(=O)[C@H]([C@H](O)[C@@H](O)c1ccc(O)cc1)NC2=O
afegostat_cid447607,,,afegostat_cid447607.png,high,high,0.8646705507313764,exact,Afegostat,Afegostat,1.0,10,10,exact,exact,Afegostat,False,False,False,False,1.0,True,True,0,1,,,,OC[C@H]1CNC[C@@H](O)[C@@H]1O
albaconazole_cid208952,,,albaconazole_cid208952.png,high,high,0.8897283390756692,exact,Albaconazole,Albaconazole,1.0,30,30,exact,exact,Albaconazole,False,False,False,False,1.0,True,True,0,1,,,,C[C@@H](n1cnc2cc(Cl)ccc2c1=O)[C@](O)(Cn1cncn1)c1ccc(F)cc1F
alcaftadine_cid19371515,,,alcaftadine_cid19371515.png,high,high,0.8973656650593755,exact,Alcaftadine,Alcaftadine,1.0,23,23,exact,exact,Alcaftadine,False,False,False,False,1.0,True,True,0,1,,,,CN1CCC(=C2c3ccccc3CCn3c(C=O)cnc32)CC1
almotriptan_malate_cid123607,,,almotriptan_malate_cid123607.png,high,high,0.8781622835092493,exact,Almotriptan Malate,Almotriptan Malate,1.0,32,32,exact,exact,Almotriptan Malate,False,False,False,False,1.0,True,True,0,2,,,,CN(C)CCc1c[nH]c2ccc(CS(=O)(=O)N3CCCC3)cc12.O=C(O)CC(O)C(=O)O
alpha_galactosylceramide_cid2826713,,,alpha_galactosylceramide_cid2826713.png,low,low,0.5024018328859645,wrong,,Alpha-Galactosylceramide,0.733,59,60,wrong,wrong,,False,False,False,False,0.733,False,False,5,1,,,,*C[C@H]1O[C@H](OCC(NC(=O)CCCCCCCCCCCCCCCCCCCCCCCCC)[C@H](O)[C@H](O)CCCCCCCCCCCCCC)[C@H](C)[C@@H](O)[C@H]1O |$C2H5;;;;;;;;;;;;;;;;;;;;;;;;;;;;;;;;;;;;;;;;;;;;;;;;;;;;;;;;;;;$|
alphaxalone_cid104845,,,alphaxalone_cid104845.png,high,high,0.859485428797643,exact,Alphaxalone,Alphaxalone,1.0,24,24,exact,exact,Alphaxalone,False,False,False,False,1.0,True,True,0,1,,,,[H][C@@]12CC[C@@]3([H])[C@]4([H])CC[C@H](C(C)=O)[C@@]4(C)CC(=O)[C@]3([H])[C@@]1(C)CC[C@@H](O)C2
altiratinib_cid54576299,,,altiratinib_cid54576299.png,high,high,0.8883465830726744,exact,Altiratinib,Altiratinib,1.0,37,37,exact,exact,Altiratinib,False,False,False,False,1.0,True,True,0,1,,,,O=C(Nc1cc(Oc2cc(F)c(NC(=O)C3(C(=O)Nc4ccc(F)cc4)CC3)cc2F)ccn1)C1CC1
aluminum_clofibrate_cid10390009,,,aluminum_clofibrate_cid10390009.png,high,high,0.8855849474713618,wrong,,Aluminum Clofibrate,0.964,29,30,near,near,,False,False,False,False,0.964,False,False,1,3,,CC(C)(Oc1ccc(Cl)cc1)C(=O)[O-],,CC(C)(Oc1ccc(Cl)cc1)C(=O)[O-].CC(C)(Oc1ccc(Cl)cc1)C(=O)[O-].[OH-]
alvocidib_cid5287969,,,alvocidib_cid5287969.png,high,high,0.8837110103694309,exact,Alvocidib,Alvocidib,1.0,28,28,exact,exact,Alvocidib,False,False,False,False,1.0,True,True,0,1,,,,CN1CC[C@H](c2c(O)cc(O)c3c(=O)cc(-c4ccccc4Cl)oc23)[C@H](O)C1
amdinocillin_cid36273,,,amdinocillin_cid36273.png,high,high,0.8586356048961071,exact,Amdinocillin,Amdinocillin,1.0,22,22,exact,exact,Amdinocillin,False,False,False,False,1.0,True,True,0,1,,,,[H][C@]12SC(C)(C)[C@H](C(=O)O)N1C(=O)[C@H]2N=CN1CCCCCC1
amenamevir_cid11397521,,,amenamevir_cid11397521.png,high,high,0.8730839672411121,exact,Amenamevir,Amenamevir,1.0,34,34,exact,exact,Amenamevir,False,False,False,False,1.0,True,True,0,1,,,,Cc1cccc(C)c1N(CC(=O)Nc1ccc(-c2ncon2)cc1)C(=O)C1CCS(=O)(=O)CC1
amfenac_cid2136,,,amfenac_cid2136.png,high,high,0.8986206360502242,exact,Amfenac,Amfenac,1.0,19,19,exact,exact,Amfenac,False,False,False,False,1.0,True,True,0,1,,,,Nc1c(CC(=O)O)cccc1C(=O)c1ccccc1
aminoglutethimide_cid2145,,,aminoglutethimide_cid2145.png,low,low,0.8267943302994256,exact,Aminoglutethimide,Aminoglutethimide,1.0,17,17,exact,exact,Aminoglutethimide,False,False,False,False,1.0,True,True,0,1,,,,CCC1(c2ccc(N)cc2)CCC(=O)NC1=O
amodiaquine_hydrochloride_cid64646,,,amodiaquine_hydrochloride_cid64646.png,low,low,0.8246952307697957,wrong,,Amodiaquine Hydrochloride,0.979,30,29,salt,salt,Amodiaquine Hydrochloride,False,False,False,False,0.979,False,False,9,6,,O.O.O.O,,CCN(CC)Cc1cc(Nc2ccnc3cc(Cl)ccc23)ccc1O.O.O.O.O.O
amorolfine_cid54260,,,amorolfine_cid54260.png,low,low,0.8403679365369373,exact,Amorolfine,Amorolfine,1.0,23,23,exact,exact,Amorolfine,False,False,False,False,1.0,True,True,0,1,,,,CCC(C)(C)c1ccc(CC(C)CN2C[C@@H](C)O[C@@H](C)C2)cc1
amphotericin_b_monomethyl_ester_cid11968030,,,amphotericin_b_monomethyl_ester_cid11968030.png,low,low,0.0009925471490420488,invalid,,,,,,invalid,invalid,,False,False,False,False,,False,,,,,,,COC(=O)C1C(O)CC2(O)CC(O)CC(O)C(O)CCC(O)CC(O)CC(=O)O[CH]3(C)[CH]4(C)[CH]567O[CH]48(O)([CH]5(C)C4=CC=CC=CC=CC=CC=CC=CC5C9[CH]1(C[CH]91C=C(C=CC=CC=CC=CC=CC=C[CH]468C)[CH]4(O)C(N)C(O)C(C)OC4O51)O2)[CH]37(C)C(C)OC(C)=O
amprolium_cid73341,,,amprolium_cid73341.png,high,high,0.903229661154892,exact,Amprolium,Amprolium,1.0,19,19,exact,exact,Amprolium,False,False,False,False,1.0,True,True,0,2,,,,CCCc1ncc(C[n+]2ccccc2C)c(N)n1.[Cl-]
anagrelide_cid135409400,,,anagrelide_cid135409400.png,high,high,0.8794722437937958,exact,Anagrelide,Anagrelide,1.0,16,16,exact,exact,Anagrelide,False,False,False,False,1.0,True,True,0,1,,,,O=C1CN2Cc3c(ccc(Cl)c3Cl)N=C2N1
anserine_cid112072,,,anserine_cid112072.png,high,high,0.8520851487591435,exact,Anserine,Anserine,1.0,17,17,exact,exact,Anserine,False,False,False,False,1.0,True,True,0,1,,,,Cn1cncc1C[C@H](NC(=O)CCN)C(=O)O
anthralin_cid2202,,,anthralin_cid2202.png,high,high,0.9139873396670175,exact,Anthralin,Anthralin,1.0,17,17,exact,exact,Anthralin,False,False,False,False,1.0,True,True,0,1,,,,O=C1c2c(O)cccc2Cc2cccc(O)c21
apilimod_cid10173277,,,apilimod_cid10173277.png,high,high,0.8738775075624532,exact,Apilimod,Apilimod,1.0,31,31,exact,exact,Apilimod,False,False,False,False,1.0,True,True,0,1,,,,Cc1cccc(/C=N/Nc2cc(N3CCOCC3)nc(OCCc3ccccn3)n2)c1
apomorphine_cid6005,,,apomorphine_cid6005.png,high,high,0.8948947380685743,stereo,Apomorphine,Apomorphine,1.0,20,20,stereo,stereo,Apomorphine,False,False,False,False,1.0,True,True,0,1,,,,[H]C12Cc3ccc(O)c(O)c3-c3cccc(c31)CCN2C
apraclonidine_cid2216,,,apraclonidine_cid2216.png,low,low,0.8079600425854205,exact,Apraclonidine,Apraclonidine,1.0,15,15,exact,exact,Apraclonidine,False,False,False,False,1.0,True,True,0,1,,,,Nc1cc(Cl)c(NC2=NCCN2)c(Cl)c1
aprocitentan_cid25099191,,,aprocitentan_cid25099191.png,high,high,0.8800213003062334,exact,Aprocitentan,Aprocitentan,1.0,29,29,exact,exact,Aprocitentan,False,False,False,False,1.0,True,True,0,1,,,,NS(=O)(=O)Nc1ncnc(OCCOc2ncc(Br)cn2)c1-c1ccc(Br)cc1
ar_67_cid6712744,,,ar_67_cid6712744.png,high,high,0.8644727970403823,exact,Ar-67,Ar-67,1.0,34,34,exact,exact,Ar-67,False,False,False,False,1.0,True,True,0,1,,,,CC[C@@]1(O)C(=O)OCc2c1cc1n(c2=O)Cc2c-1nc1ccc(O)cc1c2[Si](C)(C)C(C)(C)C
aranidipine_cid2225,,,aranidipine_cid2225.png,high,low,0.855308396998234,invalid,,,,,,invalid,invalid,,False,False,False,False,,False,,,,,,,COC(=O)C12=C(C)NC(C)=C(C(=O)OCC(C)=O)C1C1=CC=CC=C1[N+]([O-])=C2O
argipressin_cid644077,,,argipressin_cid644077.png,high,high,0.8599669756776127,exact,Argipressin,Argipressin,1.0,75,75,exact,exact,Argipressin,False,False,False,False,1.0,True,True,0,1,,,,NC(=O)CC[C@@H]1NC(=O)[C@H](Cc2ccccc2)NC(=O)[C@H](Cc2ccc(O)cc2)NC(=O)[C@@H](N)CSSC[C@@H](C(=O)N2CCC[C@H]2C(=O)N[C@@H](CCCN=C(N)N)C(=O)NCC(N)=O)NC(=O)[C@H](CC(N)=O)NC1=O
aripiprazole_lauroxil_cid49831411,,,aripiprazole_lauroxil_cid49831411.png,high,high,0.8721163864231204,exact,Aripiprazole Lauroxil,Aripiprazole Lauroxil,1.0,45,45,exact,exact,Aripiprazole Lauroxil,False,False,False,False,1.0,True,True,0,1,,,,CCCCCCCCCCCC(=O)OCN1C(=O)CCc2ccc(OCCCCN3CCN(c4cccc(Cl)c4Cl)CC3)cc21
arterolane_cid10475633,,,arterolane_cid10475633.png,low,low,0.6145410730627191,exact,Arterolane,Arterolane,1.0,28,28,exact,exact,Arterolane,False,False,False,False,1.0,True,True,0,1,,,,CC(C)(N)CNC(=O)CC1CCC2(CC1)OOC1(O2)C2CC3CC(C2)CC1C3
arv_471_cid134562533,,,arv_471_cid134562533.png,high,high,0.8616338097047049,exact,Arv-471,Arv-471,1.0,54,54,exact,exact,Arv-471,False,False,False,False,1.0,True,True,0,1,,,,O=C1CC[C@H](N2Cc3cc(N4CCN(CC5CCN(c6ccc([C@@H]7c8ccc(O)cc8CC[C@@H]7c7ccccc7)cc6)CC5)CC4)ccc3C2=O)C(=O)N1
ascomycin_cid5282071,,,ascomycin_cid5282071.png,high,high,0.870604153032738,stereo,Ascomycin,Ascomycin,1.0,56,56,stereo,stereo,Ascomycin,False,False,False,False,1.0,True,True,0,1,,,,[H][C@@]12O[C@@](O)(C(=O)C(=O)N3CCCC[C@@]3([H])C(=O)O[C@H](C(C)=C[C@@H]3CC[C@@H](O)[C@H](OC)C3)[C@H](C)[C@@H](O)CC(=O)[C@H](CC)/C=C(\C)C[C@H](C)C[C@@H]1OC)[C@H](C)C[C@@H]2OC
asimadoline_cid179340,,,asimadoline_cid179340.png,high,high,0.8760617232462113,exact,Asimadoline,Asimadoline,1.0,31,31,exact,exact,Asimadoline,False,False,False,False,1.0,True,True,0,1,,,,CN(C(=O)C(c1ccccc1)c1ccccc1)[C@H](CN1CC[C@H](O)C1)c1ccccc1
asundexian_cid135206011,,,asundexian_cid135206011.png,high,high,0.8980659836041789,exact,Asundexian,Asundexian,1.0,41,41,exact,exact,Asundexian,False,False,False,False,1.0,True,True,0,1,,,,CC[C@@H](C(=O)Nc1ccc(C(N)=O)c(F)c1)n1cc(OC)c(-c2cc(Cl)ccc2-n2cc(C(F)(F)F)nn2)cc1=O
azaline_b_cid71587609,,,azaline_b_cid71587609.png,high,high,0.8720001040235902,wrong,,azaline B,0.904,111,116,near,near,,False,False,False,False,0.904,False,False,10,1,,,,CC(=O)N[C@H](Cc1ccc2ccccc2c1)C(=O)N[C@H](Cc1ccc(Cl)cc1)C(=O)N[C@H](Cc1cccnc1)C(=O)N[C@@H](CO)C(=O)N[C@@H](Cc1ccc(Nc2nnc(N)[nH]2)cc1)C(=O)N[C@H](Cc1ccc(Nc2nnc(N)[nH]2)cc1)C(=O)N[C@@H](CC(C)C)C(=O)N[C@@H](CCCCNC(C)C)C(=O)N1CCC[C@H]1C(N)=O
azamulin_cid16072188,,,azamulin_cid16072188.png,low,low,0.3165222559557768,invalid,,,,,,invalid,invalid,,False,False,False,False,,False,,,,,,,[H]C123C(=O)CCC145CCC2(C)C(C)(OC(=O)CSC1=NNC(N)=N1)C3(C)(CC4)CC(C)(CC)C(O)C5C
azd8871_cid71558565,,,azd8871_cid71558565.png,high,high,0.8834571939480559,exact,Azd8871,Azd8871,1.0,52,52,exact,exact,Azd8871,False,False,False,False,1.0,True,True,0,1,,,,CN(CCCn1nnc2cc(CNC[C@H](O)c3ccc(O)c4[nH]c(=O)ccc34)ccc21)C1CCC(OC(=O)C(O)(c2cccs2)c2cccs2)CC1
aztreonam_cid5742832,,,aztreonam_cid5742832.png,high,high,0.8586413126867041,exact,Aztreonam,Aztreonam,1.0,28,28,exact,exact,Aztreonam,False,False,False,False,1.0,True,True,0,1,,,,C[C@H]1[C@H](NC(=O)/C(=N\OC(C)(C)C(=O)O)c2csc(N)n2)C(=O)N1S(=O)(=O)O
balaglitazone_cid9889200,,,balaglitazone_cid9889200.png,high,high,0.8780802744024014,exact,Balaglitazone,Balaglitazone,1.0,28,28,exact,exact,Balaglitazone,False,False,False,False,1.0,True,True,0,1,,,,Cn1c(COc2ccc(CC3SC(=O)NC3=O)cc2)nc2ccccc2c1=O
balapiravir_cid11691726,,,balapiravir_cid11691726.png,high,high,0.875807077952043,exact,Balapiravir,Balapiravir,1.0,35,35,exact,exact,Balapiravir,False,False,False,False,1.0,True,True,0,1,,,,CC(C)C(=O)OC[C@@]1(N=[N+]=[N-])O[C@@H](n2ccc(N)nc2=O)[C@H](OC(=O)C(C)C)[C@@H]1OC(=O)C(C)C
balhimycin_cid139586033,,,balhimycin_cid139586033.png,low,low,0.4001821261546038,exact,Balhimycin,Balhimycin,1.0,101,101,exact,exact,Balhimycin,False,False,False,False,1.0,True,True,0,1,,,,CNC(CC(C)C)C(=O)NC1C(=O)NC(CC(N)=O)C(=O)NC2C(=O)NC3C(=O)NC(C(=O)NC(C(=O)O)c4cc(O)cc(O)c4-c4cc3ccc4O)C(OC3C[C@](C)(N)C(=O)C(C)O3)c3ccc(c(Cl)c3)Oc3cc2cc(c3OC2O[C@H](CO)C(O)[C@H](O)C2O)Oc2ccc(cc2Cl)C1O
baloxavir_marboxil_cid124081896,,,baloxavir_marboxil_cid124081896.png,high,high,0.8983413328742296,exact,Baloxavir Marboxil,Baloxavir Marboxil,1.0,40,40,exact,exact,Baloxavir Marboxil,False,False,False,False,1.0,True,True,0,1,,,,[H][C@@]12COCCN1C(=O)c1c(OCOC(=O)OC)c(=O)ccn1N2[C@@H]1c2ccccc2SCc2c1ccc(F)c2F
barnidipine_cid443869,,,barnidipine_cid443869.png,high,high,0.8919922834051209,exact,Barnidipine,Barnidipine,1.0,36,36,exact,exact,Barnidipine,False,False,False,False,1.0,True,True,0,1,,,,COC(=O)C1=C(C)NC(C)=C(C(=O)O[C@H]2CCN(Cc3ccccc3)C2)[C@H]1c1cccc([N+](=O)[O-])c1
barusiban_cid9832431,,,barusiban_cid9832431.png,low,low,0.7858240485544198,exact,Barusiban,Barusiban,1.0,58,58,exact,exact,Barusiban,False,False,False,False,1.0,True,True,0,1,,,,CC[C@@H](C)[C@@H]1NC(=O)[C@H]([C@@H](C)CC)NC(=O)[C@@H](Cc2c[nH]c3ccccc23)NC(=O)CCSCC[C@@H](C(=O)N(C)[C@H](CO)CCCN)NC(=O)[C@H](CC(N)=O)NC1=O
baxdrostat_cid71535962,,,baxdrostat_cid71535962.png,high,high,0.883300529952162,exact,Baxdrostat,Baxdrostat,1.0,27,27,exact,exact,Baxdrostat,False,False,False,False,1.0,True,True,0,1,,,,CCC(=O)N[C@@H]1CCCc2c(-c3ccc4c(c3)CCC(=O)N4C)cncc21
bazedoxifene_cid154257,,,bazedoxifene_cid154257.png,high,high,0.8698326588102838,exact,Bazedoxifene,Bazedoxifene,1.0,35,35,exact,exact,Bazedoxifene,False,False,False,False,1.0,True,True,0,1,,,,Cc1c(-c2ccc(O)cc2)n(Cc2ccc(OCCN3CCCCCC3)cc2)c2ccc(O)cc12
beauvericin_cid3007984,,,beauvericin_cid3007984.png,high,high,0.8912365705897957,exact,Beauvericin,Beauvericin,1.0,57,57,exact,exact,Beauvericin,False,False,False,False,1.0,True,True,0,1,,,,CC(C)[C@H]1OC(=O)[C@H](Cc2ccccc2)N(C)C(=O)[C@@H](C(C)C)OC(=O)[C@H](Cc2ccccc2)N(C)C(=O)[C@@H](C(C)C)OC(=O)[C@H](Cc2ccccc2)N(C)C1=O
becampanel_cid5491960,,,becampanel_cid5491960.png,high,high,0.8835416066230082,wrong,,Becampanel,0.8,22,22,wrong,wrong,,False,False,False,False,0.8,False,False,1,1,,,,O=c1[nH]c2cc([N+](=O)O)cc(CNCP(=O)(O)O)c2[nH]c1=O
beclabuvir_cid56934415,,,beclabuvir_cid56934415.png,low,low,0.06505965689849555,invalid,,,,,,invalid,invalid,,False,False,False,False,,False,,,,,,,[H]C1CCC([H])CC(=O)(C2345CN6C7=C(C=CC(C(=O)NS(=O)(=O)N(C)C)=C7)C(C7CCCCC7)=C67C6=C(C=C(OC)C=C6)C2689[H]C3([H]6)(C4)(C85)C92=C7C=CC(OC)=C2)C1
befunolol_cid2309,,,befunolol_cid2309.png,high,high,0.899624560904229,exact,Befunolol,Befunolol,1.0,21,21,exact,exact,Befunolol,False,False,False,False,1.0,True,True,0,1,,,,CC(=O)c1cc2cccc(OCC(O)CNC(C)C)c2o1
belvarafenib_cid89655386,,,belvarafenib_cid89655386.png,high,high,0.8901236057433984,exact,Belvarafenib,Belvarafenib,1.0,33,33,exact,exact,Belvarafenib,False,False,False,False,1.0,True,True,0,1,,,,Cc1ccc2c(Nc3cccc(Cl)c3F)nccc2c1NC(=O)c1csc2c(N)ncnc12
benidipine_cid656668,,,benidipine_cid656668.png,high,high,0.8945672562215091,exact,Benidipine,Benidipine,1.0,37,37,exact,exact,Benidipine,False,False,False,False,1.0,True,True,0,1,,,,COC(=O)C1=C(C)NC(C)=C(C(=O)O[C@@H]2CCCN(Cc3ccccc3)C2)[C@@H]1c1cccc([N+](=O)[O-])c1
benperidol_cid16363,,,benperidol_cid16363.png,high,high,0.9154598596027419,exact,Benperidol,Benperidol,1.0,28,28,exact,exact,Benperidol,False,False,False,False,1.0,True,True,0,1,,,,O=C(CCCN1CCC(n2c(=O)[nH]c3ccccc32)CC1)c1ccc(F)cc1
benznidazole_cid31593,,,benznidazole_cid31593.png,high,high,0.9022577793949976,exact,Benznidazole,Benznidazole,1.0,19,19,exact,exact,Benznidazole,False,False,False,False,1.0,True,True,0,1,,,,O=C(Cn1ccnc1[N+](=O)[O-])NCc1ccccc1
benzphetamine_hydrochloride_cid11558159,,,benzphetamine_hydrochloride_cid11558159.png,high,high,0.9165767818327089,exact,Benzphetamine Hydrochloride,Benzphetamine Hydrochloride,1.0,19,19,exact,exact,Benzphetamine Hydrochloride,False,False,False,False,1.0,True,True,0,2,,,,C[C@@H](Cc1ccccc1)N(C)Cc1ccccc1.Cl
beraprost_sodium_cid23663404,,,beraprost_sodium_cid23663404.png,high,high,0.8462958632618024,stereo,Beraprost Sodium,Beraprost Sodium,1.0,30,30,stereo,stereo,Beraprost Sodium,False,False,False,False,1.0,True,True,0,2,,,,[H][C@]12C[C@@H](O)[C@H](C=C[C@@H](O)C(C)CC#CC)[C@@]1([H])c1cccc(CCCC(=O)[O-])c1O2.[Na+]
berninamycin_a_cid91617669,,,berninamycin_a_cid91617669.png,low,low,0.5682538339401867,wrong,,Berninamycin A,0.847,81,82,wrong,wrong,,False,False,False,False,0.847,False,False,3,1,,,,C=C(NC(=O)C(=C)NC(=O)c1ccc2c(n1)-c1coc(n1)C(=C)NC(=O)C(=C)NC(=O)c1nc(oc1C)C(=C)NC(=O)[C@H](C(C)(C)O)NC(=O)C(=C)NC(=O)c1nc(oc1C)/C(=C/C)NC(=O)C(CO)NC(=O)c1csc-2n1)C(N)=O
besifovir_cid5270766,,,besifovir_cid5270766.png,low,low,0.8185584202196592,exact,Besifovir,Besifovir,1.0,20,20,exact,exact,Besifovir,False,False,False,False,1.0,True,True,0,1,,,,Nc1ncc2ncn(CC3(OCP(=O)(O)O)CC3)c2n1
betahistine_cid2366,,,betahistine_cid2366.png,high,high,0.8846271077184598,exact,Betahistine,Betahistine,1.0,10,10,exact,exact,Betahistine,False,False,False,False,1.0,True,True,0,1,,,,CNCCc1ccccn1
bethanechol_cid2370,,,bethanechol_cid2370.png,high,high,0.861902659881322,exact,Bethanechol,Bethanechol,1.0,11,11,exact,exact,Bethanechol,False,False,False,False,1.0,True,True,0,1,,,,CC(C[N+](C)(C)C)OC(N)=O
bexarotene_cid82146,,,bexarotene_cid82146.png,high,high,0.8768978330685379,exact,Bexarotene,Bexarotene,1.0,26,26,exact,exact,Bexarotene,False,False,False,False,1.0,True,True,0,1,,,,C=C(c1ccc(C(=O)O)cc1)c1cc2c(cc1C)C(C)(C)CCC2(C)C
biotin_cid171548,,,biotin_cid171548.png,high,high,0.8548795575159819,exact,Biotin,Biotin,1.0,16,16,exact,exact,Biotin,False,False,False,False,1.0,True,True,0,1,,,,[H][C@]12CS[C@@H](CCCCC(=O)O)[C@@]1([H])NC(=O)N2
bismuth_subgallate_cid73415769,,,bismuth_subgallate_cid73415769.png,high,high,0.8909361323505955,wrong,,Bismuth Subgallate,0.958,13,14,near,near,,False,False,False,False,0.958,False,False,1,2,,,,O=C(O)c1cc([O-])c([O-])c(O)c1.[OH-]
bleomycin_b2_cid5496540,,,bleomycin_b2_cid5496540.png,low,low,0.7167416620842377,wrong,,Bleomycin B2,0.477,97,98,wrong,wrong,,False,False,False,False,0.477,False,False,6,1,,,,Cc1c(N)nc([C@H](CC(N)=O)NC[C@H](N)C(N)=O)nc1C(=O)N[C@@H]1C(=O)N[C@H](C)[C@@H](O)[C@H](C)C(=O)N[C@@H]([C@@H](C)O)C(=O)NCCc2nc(-c3nc(C(=O)NCCCCN=C(N)N)cs3)cn2CC2O[C@H](O[C@@H]3[C@@H](O[C@@H](CO)[C@@H](O)[C@@H]3O)O[C@H]1c1cnc[nH]1)[C@@H](C)[C@@H](OC(N)=O)[C@@H]2O
bolasterone_cid102146,,,bolasterone_cid102146.png,high,high,0.8576809020293603,exact,Bolasterone,Bolasterone,1.0,23,23,exact,exact,Bolasterone,False,False,False,False,1.0,True,True,0,1,,,,[H][C@]12CC[C@@]3(C)[C@@]([H])(CC[C@]3(C)O)[C@]1([H])[C@H](C)CC1=CC(=O)CC[C@@]12C
boric_acid_cid7628,,,boric_acid_cid7628.png,low,low,0.7863337341313706,exact,Boric Acid,Boric Acid,1.0,4,4,exact,exact,Boric Acid,False,False,False,False,1.0,True,True,0,1,,,,OB(O)O
brilacidin_cid25023695,,,brilacidin_cid25023695.png,high,high,0.8541912774734814,exact,Brilacidin,Brilacidin,1.0,66,66,exact,exact,Brilacidin,False,False,False,False,1.0,True,True,0,1,,,,NC(N)=NCCCCC(=O)Nc1cc(C(F)(F)F)cc(NC(=O)c2cc(C(=O)Nc3cc(C(F)(F)F)cc(NC(=O)CCCCN=C(N)N)c3O[C@@H]3CCNC3)ncn2)c1O[C@@H]1CCNC1
brivanib_cid11234052,,,brivanib_cid11234052.png,high,high,0.8607478884248756,exact,Brivanib,Brivanib,1.0,27,27,exact,exact,Brivanib,False,False,False,False,1.0,True,True,0,1,,,,Cc1cc2c(F)c(Oc3ncnn4cc(OC[C@@H](C)O)c(C)c34)ccc2[nH]1
brivudine_cid446727,,,brivudine_cid446727.png,low,low,0.715561459818618,invalid,,,,,,invalid,invalid,,False,False,False,False,,False,,,,,,,CN1(C(=O)NC2CC(O)C(CO)O2)C=C(C=CBr)C(=O)NC1=O
brodifacoum_cid54680676,,,brodifacoum_cid54680676.png,high,high,0.8911440202552419,exact,Brodifacoum,Brodifacoum,1.0,35,35,exact,exact,Brodifacoum,False,False,False,False,1.0,True,True,0,1,,,,O=c1oc2ccccc2c(O)c1C1CC(c2ccc(-c3ccc(Br)cc3)cc2)Cc2ccccc21
bupranolol_cid2475,,,bupranolol_cid2475.png,high,high,0.8662204308872037,exact,Bupranolol,Bupranolol,1.0,18,18,exact,exact,Bupranolol,False,False,False,False,1.0,True,True,0,1,,,,Cc1ccc(Cl)c(OCC(O)CNC(C)(C)C)c1
butenafine_cid2484,,,butenafine_cid2484.png,high,high,0.8877224158513013,exact,Butenafine,Butenafine,1.0,24,24,exact,exact,Butenafine,False,False,False,False,1.0,True,True,0,1,,,,CN(Cc1ccc(C(C)(C)C)cc1)Cc1cccc2ccccc12
c_c_dimethyl_n_n_tricyclo_8_2_2_24_7_hexadeca_4_6_10_12_13_1_cid71474517,,,c_c_dimethyl_n_n_tricyclo_8_2_2_24_7_hexadeca_4_6_10_12_13_1_cid71474517.png,low,low,0.6770858921331266,wrong,,"C,C'-Dimethyl N,N'-(tricyclo(8.2.2.24,7)hexadeca-4,6,10,12,13,15-hexaene-5,11-diylbis(1H-benzimidazole-6,2-diyl((2S,3aS,7aS)-octahydro-1H-indole-2,1-diyl)((1S)-1-(1-methylethyl)-2-oxo-2,1-ethanediyl)))bis(carbamate)",0.769,74,74,wrong,wrong,,False,False,False,False,0.769,False,False,2,1,,,,[H][C@@]12CCCC[C@]1([H])N(C(=O)[C@@H](NC(=O)OC)C(C)C)[C@H](c1nc3ccc(-c4cc5ccc4CCc4ccc(c(C6=CC7N[C@@H]([C@@H]8C[C@]9([H])CCCC[C@]9([H])N8C(=O)[C@@H](NC(=O)OC)C(C)C)N=C7C=C6)c4)CC5)cc3[nH]1)C2
calcium_chloride_cid5284359,,,calcium_chloride_cid5284359.png,low,low,0.7483119230281657,wrong,,Calcium Chloride,1.0,4,3,salt,salt,Calcium Chloride,False,False,False,False,1.0,False,False,1,4,,[Cl-].[Cl-],,[Ca+2].[Cl-].[Cl-].[Cl-]
canfosfamide_cid5312109,,,canfosfamide_cid5312109.png,high,high,0.8713091863018618,exact,Canfosfamide,Canfosfamide,1.0,47,47,exact,exact,Canfosfamide,False,False,False,False,1.0,True,True,0,1,,,,N[C@@H](CCC(=O)N[C@@H](CS(=O)(=O)CCOP(=O)(N(CCCl)CCCl)N(CCCl)CCCl)C(=O)N[C@@H](C(=O)O)c1ccccc1)C(=O)O
cannabidiol_cid644019,,,cannabidiol_cid644019.png,low,low,0.6946835694799025,wrong,,Cannabidiol,0.566,24,23,wrong,wrong,,False,False,False,False,0.566,False,False,4,2,,,,C=C(C)[C@H]1[CH]C=C(C)CC1.CCCCCc1cc(O)c(C)c(O)c1 |^1:4|
canrenone_cid13789,,,canrenone_cid13789.png,high,high,0.8469545058359259,exact,Canrenone,Canrenone,1.0,25,25,exact,exact,Canrenone,False,False,False,False,1.0,True,True,0,1,,,,[H][C@@]12C=CC3=CC(=O)CC[C@]3(C)[C@@]1([H])CC[C@]1(C)[C@]3(CCC(=O)O3)CC[C@@]21[H]
cantharidin_cid5944,,,cantharidin_cid5944.png,high,high,0.8658540233028612,exact,Cantharidin,Cantharidin,1.0,14,14,exact,exact,Cantharidin,False,False,False,False,1.0,True,True,0,1,,,,[H][C@]12CC[C@]([H])(O1)[C@]1(C)C(=O)OC(=O)[C@@]12C
captopril_cid44093,,,captopril_cid44093.png,low,low,0.7711072538955038,exact,Captopril,Captopril,1.0,14,14,exact,exact,Captopril,False,False,False,False,1.0,True,True,0,1,,,,C[C@H](CS)C(=O)N1CCC[C@H]1C(=O)O
carbachol_cid5831,,,carbachol_cid5831.png,high,high,0.8592920082339861,exact,Carbachol,Carbachol,1.0,11,11,exact,exact,Carbachol,False,False,False,False,1.0,True,True,0,2,,,,C[N+](C)(C)CCOC(N)=O.[Cl-]
carbenicillin_cid20824,,,carbenicillin_cid20824.png,high,high,0.8745395554385696,exact,Carbenicillin,Carbenicillin,1.0,26,26,exact,exact,Carbenicillin,False,False,False,False,1.0,True,True,0,1,,,,[H][C@]12SC(C)(C)[C@H](C(=O)O)N1C(=O)[C@H]2NC(=O)C(C(=O)O)c1ccccc1
carisbamate_cid6918474,,,carisbamate_cid6918474.png,high,high,0.8465627576127599,exact,Carisbamate,Carisbamate,1.0,14,14,exact,exact,Carisbamate,False,False,False,False,1.0,True,True,0,1,,,,NC(=O)OC[C@@H](O)c1ccccc1Cl
carmegliptin_cid11417567,,,carmegliptin_cid11417567.png,high,high,0.8608271022451192,exact,Carmegliptin,Carmegliptin,1.0,27,27,exact,exact,Carmegliptin,False,False,False,False,1.0,True,True,0,1,,,,[H][C@@]12C[C@H](N)[C@@H](N3C[C@@H](CF)CC3=O)CN1CCc1cc(OC)c(OC)cc12
carnosine_cid439224,,,carnosine_cid439224.png,low,low,0.8168587777933874,exact,Carnosine,Carnosine,1.0,16,16,exact,exact,Carnosine,False,False,False,False,1.0,True,True,0,1,,,,NCCC(=O)N[C@@H](Cc1cnc[nH]1)C(=O)O
carumonam_cid6540466,,,carumonam_cid6540466.png,high,high,0.8882846866274416,exact,Carumonam,Carumonam,1.0,30,30,exact,exact,Carumonam,False,False,False,False,1.0,True,True,0,1,,,,NC(=O)OC[C@@H]1[C@H](NC(=O)/C(=N\OCC(=O)O)c2csc(N)n2)C(=O)N1S(=O)(=O)O
cefaclor_cid51039,,,cefaclor_cid51039.png,high,high,0.8760238771446142,exact,Cefaclor,Cefaclor,1.0,24,24,exact,exact,Cefaclor,False,False,False,False,1.0,True,True,0,1,,,,[H][C@]12SCC(Cl)=C(C(=O)O)N1C(=O)[C@H]2NC(=O)[C@H](N)c1ccccc1
cefamandole_cid456255,,,cefamandole_cid456255.png,high,high,0.8519886805858595,exact,Cefamandole,Cefamandole,1.0,31,31,exact,exact,Cefamandole,False,False,False,False,1.0,True,True,0,1,,,,[H][C@]12SCC(CSc3nnnn3C)=C(C(=O)O)N1C(=O)[C@H]2NC(=O)[C@H](O)c1ccccc1
cefdinir_cid6915944,,,cefdinir_cid6915944.png,high,high,0.8656122658813789,exact,Cefdinir,Cefdinir,1.0,26,26,exact,exact,Cefdinir,False,False,False,False,1.0,True,True,0,1,,,,[H][C@]12SCC(C=C)=C(C(=O)O)N1C(=O)[C@H]2NC(=O)/C(=N\O)c1csc(N)n1
cefiderocol_cid77843966,,,cefiderocol_cid77843966.png,high,high,0.8911290058758781,exact,Cefiderocol,Cefiderocol,1.0,50,50,exact,exact,Cefiderocol,False,False,False,False,1.0,True,True,0,1,,,,[H][C@]12SCC(C[N+]3(CCNC(=O)c4ccc(O)c(O)c4Cl)CCCC3)=C(C(=O)[O-])N1C(=O)[C@H]2NC(=O)/C(=N\OC(C)(C)C(=O)O)c1csc(N)n1
cefilavancin_cid76960417,,,cefilavancin_cid76960417.png,low,low,0.0002606335384092345,invalid,,,,,,invalid,invalid,,False,False,False,False,,False,,,,,,,[H]C1(CC(N)=O)NC(=O)C2([H])NC(C(CC(C)C)NC)C2(O)C=CC=COC23=C456O[CH]78O[CH](CO)(C(O)[CH]O[CH]O74C24=C52C5=CC7C3(=C(NC1=O)[CH]7(O)N[CH]C1=C(O)C=C1)C2=C546)C(O)C(O)C8OC1CC(C)(N)C2C[CH]2(C)O1.[H]C12SCC(C[N+]3=CC=CC=C3)=C(C(=O)[O-])N1C2=O
cefixime_cid5362065,,,cefixime_cid5362065.png,high,high,0.8902728257726487,exact,Cefixime,Cefixime,1.0,30,30,exact,exact,Cefixime,False,False,False,False,1.0,True,True,0,1,,,,[H][C@]12SCC(C=C)=C(C(=O)O)N1C(=O)[C@H]2NC(=O)/C(=N\OCC(=O)O)c1csc(N)n1
cefmetazole_cid42008,,,cefmetazole_cid42008.png,high,high,0.8440281778795881,exact,Cefmetazole,Cefmetazole,1.0,30,30,exact,exact,Cefmetazole,False,False,False,False,1.0,True,True,0,1,,,,[H][C@]12SCC(CSc3nnnn3C)=C(C(=O)O)N1C(=O)[C@]2(NC(=O)CSCC#N)OC
cefoperazone_cid44187,,,cefoperazone_cid44187.png,high,high,0.8918453737535715,exact,Cefoperazone,Cefoperazone,1.0,44,44,exact,exact,Cefoperazone,False,False,False,False,1.0,True,True,0,1,,,,[H][C@]12SCC(CSc3nnnn3C)=C(C(=O)O)N1C(=O)[C@H]2NC(=O)[C@H](NC(=O)N1CCN(CC)C(=O)C1=O)c1ccc(O)cc1
cefotaxime_cid5742673,,,cefotaxime_cid5742673.png,high,high,0.8838370915912521,exact,Cefotaxime,Cefotaxime,1.0,30,30,exact,exact,Cefotaxime,False,False,False,False,1.0,True,True,0,1,,,,[H][C@]12SCC(COC(C)=O)=C(C(=O)O)N1C(=O)[C@H]2NC(=O)/C(=N\OC)c1csc(N)n1
cefotetan_cid53025,,,cefotetan_cid53025.png,high,high,0.8761476080928156,exact,Cefotetan,Cefotetan,1.0,36,36,exact,exact,Cefotetan,False,False,False,False,1.0,True,True,0,1,,,,[H][C@]12SCC(CSc3nnnn3C)=C(C(=O)O)N1C(=O)[C@]2(NC(=O)C1SC(=C(C(N)=O)C(=O)O)S1)OC
cefoxitin_cid441199,,,cefoxitin_cid441199.png,high,high,0.8682856478224142,exact,Cefoxitin,Cefoxitin,1.0,28,28,exact,exact,Cefoxitin,False,False,False,False,1.0,True,True,0,1,,,,[H][C@]12SCC(COC(N)=O)=C(C(=O)O)N1C(=O)[C@]2(NC(=O)Cc1cccs1)OC
cefozopran_cid9571080,,,cefozopran_cid9571080.png,low,low,0.8307784021707547,exact,Cefozopran,Cefozopran,1.0,35,35,exact,exact,Cefozopran,False,False,False,False,1.0,True,True,0,1,,,,[H][C@]12SCC(C[n+]3ccn4ncccc43)=C(C(=O)[O-])N1C(=O)[C@H]2NC(=O)/C(=N\OC)c1nsc(N)n1
cefprozil_cid62977,,,cefprozil_cid62977.png,high,high,0.8788850323677952,stereo,Cefprozil,Cefprozil,1.0,27,27,stereo,stereo,Cefprozil,False,False,False,False,1.0,True,True,0,1,,,,[H][C@]12SCC(/C=C/C)=C(C(=O)O)N1C(=O)[C@H]2NC(=O)[C@H](N)c1ccc(O)cc1
ceftizoxime_cid6533629,,,ceftizoxime_cid6533629.png,high,high,0.8810531791899875,exact,Ceftizoxime,Ceftizoxime,1.0,25,25,exact,exact,Ceftizoxime,False,False,False,False,1.0,True,True,0,1,,,,[H][C@]12SCC=C(C(=O)O)N1C(=O)[C@H]2NC(=O)/C(=N\OC)c1csc(N)n1
centanafadine_cid16095349,,,centanafadine_cid16095349.png,high,high,0.8853815763815601,exact,Centanafadine,Centanafadine,1.0,16,16,exact,exact,Centanafadine,False,False,False,False,1.0,True,True,0,1,,,,[H][C@@]12CNC[C@]1(c1ccc3ccccc3c1)C2
cephaloridine_cid5773,,,cephaloridine_cid5773.png,high,high,0.8952423025722145,wrong,,Cephaloridine,0.864,28,28,skeleton,skeleton,,False,False,False,False,0.864,True,False,1,1,,,,[H][C@]12SCC(C[n+]3ccccc3)=C(C(=O)O)N1C(=O)[C@H]2NC(=O)Cc1cccs1
cephalothin_cid6024,,,cephalothin_cid6024.png,high,high,0.8700587153834624,exact,Cephalothin,Cephalothin,1.0,26,26,exact,exact,Cephalothin,False,False,False,False,1.0,True,True,0,1,,,,[H][C@]12SCC(COC(C)=O)=C(C(=O)O)N1C(=O)[C@H]2NC(=O)Cc1cccs1
chlormadinone_acetate_cid9324,,,chlormadinone_acetate_cid9324.png,high,high,0.859663882075563,exact,Chlormadinone Acetate,Chlormadinone Acetate,1.0,28,28,exact,exact,Chlormadinone Acetate,False,False,False,False,1.0,True,True,0,1,,,,[H][C@@]12C=C(Cl)C3=CC(=O)CC[C@]3(C)[C@@]1([H])CC[C@@]1(C)[C@@]2([H])CC[C@]1(OC(C)=O)C(C)=O
chloroeremomycin_cid445806,,,chloroeremomycin_cid445806.png,low,low,0.004629501464972421,invalid,,,,,,invalid,invalid,,False,False,False,False,,False,,,,,,,[H]C1(CC(N)=O)NC(=O)C([H])(NC(=O)C(CC(C)C)NC)C2([H])OC2=CC(Cl)=COC=CC2=C3OC4567=C(O)C=C89(C=C4)C=C5=C4(=C=6(O)C=C5(C=C4)[CH]846([H])C8NC(=O)C%10(C)(C=CC=C(O)C(=C%10)C%10=C(C=C(O)C=C%10O)C(C(=O)O)C(=O)N4C8596([H])OC4CC(C)(N)C(O)C(C)O4)NC(=O)C2NC1=O)O37
chlorotrianisene_cid11289,,,chlorotrianisene_cid11289.png,high,high,0.8607511979738263,exact,Chlorotrianisene,Chlorotrianisene,1.0,27,27,exact,exact,Chlorotrianisene,False,False,False,False,1.0,True,True,0,1,,,,COc1ccc(C(Cl)=C(c2ccc(OC)cc2)c2ccc(OC)cc2)cc1
chlorozotocin_cid451706,,,chlorozotocin_cid451706.png,low,low,0.8249839415773381,exact,Chlorozotocin,Chlorozotocin,1.0,20,20,exact,exact,Chlorozotocin,False,False,False,False,1.0,True,True,0,1,,,,O=C[C@H](NC(=O)N(CCCl)N=O)[C@@H](O)[C@H](O)[C@H](O)CO
chlorprothixene_cid667467,,,chlorprothixene_cid667467.png,high,high,0.8963181343062893,exact,Chlorprothixene,Chlorprothixene,1.0,21,21,exact,exact,Chlorprothixene,False,False,False,False,1.0,True,True,0,1,,,,CN(C)CC/C=C1/c2ccccc2Sc2ccc(Cl)cc21
chlorzoxazone_cid2733,,,chlorzoxazone_cid2733.png,high,high,0.8698780699114184,exact,Chlorzoxazone,Chlorzoxazone,1.0,11,11,exact,exact,Chlorzoxazone,False,False,False,False,1.0,True,True,0,1,,,,O=c1[nH]c2cc(Cl)ccc2o1
cilagicin_cid171038003,,,cilagicin_cid171038003.png,low,low,3.332710495358461e-05,invalid,,,,,,invalid,invalid,,False,False,False,False,,False,,,,,,,[CH]NC(=O)CNC(=O)C(CC(=O)O)NC(=O)C(CC(N)=O)NC(=O)CNC(=O)C(CC(=O)O)NC(=O)C(CCN)NC123=O=C4(=O=1)(=O=2)N1[CH]256N[CH]137N2C(C(CO)NCCCCCCCCCCCCCC)=O1=C2N3C=1(C(CO)NC(=O)CCCCCCCCCCCCC)(N[CH]51C58=O=C9(=O)(N[CH]3167)N5[CH]89CC1=CC=CC=C1)[CH]24CO
cilazapril_cid56330,,,cilazapril_cid56330.png,high,high,0.8861572057472671,exact,Cilazapril,Cilazapril,1.0,30,30,exact,exact,Cilazapril,False,False,False,False,1.0,True,True,0,1,,,,CCOC(=O)[C@H](CCc1ccccc1)N[C@H]1CCCN2CCC[C@@H](C(=O)O)N2C1=O
cinnarizine_cid1547484,,,cinnarizine_cid1547484.png,high,high,0.9012815778504352,exact,Cinnarizine,Cinnarizine,1.0,28,28,exact,exact,Cinnarizine,False,False,False,False,1.0,True,True,0,1,,,,C(=C/c1ccccc1)\CN1CCN(C(c2ccccc2)c2ccccc2)CC1
citrulline_cid9750,,,citrulline_cid9750.png,low,low,0.8374602540458692,exact,Citrulline,Citrulline,1.0,12,12,exact,exact,Citrulline,False,False,False,False,1.0,True,True,0,1,,,,NC(=O)NCCC[C@H](N)C(=O)O
clavulanic_acid_cid5280980,,,clavulanic_acid_cid5280980.png,high,high,0.8706642928752463,exact,Clavulanic Acid,Clavulanic Acid,1.0,14,14,exact,exact,Clavulanic Acid,False,False,False,False,1.0,True,True,0,1,,,,[H][C@@]12CC(=O)N1[C@@H](C(=O)O)/C(=C/CO)O2
clazosentan_cid6433095,,,clazosentan_cid6433095.png,high,high,0.8832265360268365,exact,Clazosentan,Clazosentan,1.0,41,41,exact,exact,Clazosentan,False,False,False,False,1.0,True,True,0,1,,,,COc1ccccc1Oc1c(NS(=O)(=O)c2ccc(C)cn2)nc(-c2ccnc(-c3nn[nH]n3)c2)nc1OCCO
clocortolone_cid5311052,,,clocortolone_cid5311052.png,high,high,0.8651623177599824,exact,Clocortolone,Clocortolone,1.0,28,28,exact,exact,Clocortolone,False,False,False,False,1.0,True,True,0,1,,,,[H][C@@]12C[C@H](F)C3=CC(=O)C=C[C@]3(C)[C@@]1(Cl)[C@@H](O)C[C@]1(C)[C@@H](C(=O)CO)[C@H](C)C[C@@]21[H]
clotrimazole_cid2812,,,clotrimazole_cid2812.png,high,high,0.8944175498815455,exact,Clotrimazole,Clotrimazole,1.0,25,25,exact,exact,Clotrimazole,False,False,False,False,1.0,True,True,0,1,,,,Clc1ccccc1C(c1ccccc1)(c1ccccc1)n1ccnc1
clovibactin_cid146342518,,,clovibactin_cid146342518.png,high,high,0.8690253261972937,exact,Clovibactin,Clovibactin,1.0,64,64,exact,exact,Clovibactin,False,False,False,False,1.0,True,True,0,1,,,,CC(C)C[C@@H]1NC(=O)[C@H](C)NC(=O)[C@H](NC(=O)[C@H](CO)NC(=O)[C@@H](CCCCN)NC(=O)[C@@H](CC(C)C)NC(=O)[C@@H](N)Cc2ccccc2)[C@H](C(N)=O)OC(=O)[C@H](CC(C)C)NC1=O
cloxacillin_cid6098,,,cloxacillin_cid6098.png,high,high,0.8681720880625788,exact,Cloxacillin,Cloxacillin,1.0,29,29,exact,exact,Cloxacillin,False,False,False,False,1.0,True,True,0,1,,,,[H][C@]12SC(C)(C)[C@H](C(=O)O)N1C(=O)[C@H]2NC(=O)c1c(-c2ccccc2Cl)noc1C
contezolid_cid25184541,,,contezolid_cid25184541.png,high,high,0.8914608131662313,exact,Contezolid,Contezolid,1.0,29,29,exact,exact,Contezolid,False,False,False,False,1.0,True,True,0,1,,,,O=C1C=CN(c2c(F)cc(N3C[C@H](CNc4ccon4)OC3=O)c(F)c2F)CC1
coprexa_cid5245480,,,coprexa_cid5245480.png,low,low,0.822894688955079,exact,Coprexa,Coprexa,1.0,5,5,exact,exact,Coprexa,False,False,False,False,1.0,True,True,0,3,,[SH-],,[SH-].[SH-].[S]=[Mo]=[S]
creatine_cid586,,,creatine_cid586.png,low,low,0.7424151229014792,exact,Creatine,Creatine,1.0,9,9,exact,exact,Creatine,False,False,False,False,1.0,True,True,0,1,,,,CN(CC(=O)O)C(=N)N
crenolanib_cid10366136,,,crenolanib_cid10366136.png,high,high,0.8879744650285801,exact,Crenolanib,Crenolanib,1.0,33,33,exact,exact,Crenolanib,False,False,False,False,1.0,True,True,0,1,,,,CC1(COc2ccc3c(c2)ncn3-c2ccc3cccc(N4CCC(N)CC4)c3n2)COC1
cycloguanil_cid9049,,,cycloguanil_cid9049.png,high,high,0.8747158685914623,exact,Cycloguanil,Cycloguanil,1.0,17,17,exact,exact,Cycloguanil,False,False,False,False,1.0,True,True,0,1,,,,CC1(C)N=C(N)N=C(N)N1c1ccc(Cl)cc1
cyclopropane_cid6351,,,cyclopropane_cid6351.png,low,low,0.7453290418938825,exact,Cyclopropane,Cyclopropane,1.0,3,3,exact,exact,Cyclopropane,False,False,False,False,1.0,True,True,0,1,,,,C1CC1
cystine_cid67678,,,cystine_cid67678.png,low,low,0.8242144411585394,exact,(-)-Cystine,(-)-Cystine,1.0,14,14,exact,exact,(-)-Cystine,False,False,False,False,1.0,True,True,0,1,,,,N[C@@H](CSSC[C@H](N)C(=O)O)C(=O)O
dabrafenib_cid44462760,,,dabrafenib_cid44462760.png,high,high,0.8719558124650024,exact,Dabrafenib,Dabrafenib,1.0,35,35,exact,exact,Dabrafenib,False,False,False,False,1.0,True,True,0,1,,,,CC(C)(C)c1nc(-c2cccc(NS(=O)(=O)c3c(F)cccc3F)c2F)c(-c2ccnc(N)n2)s1
dantrolene_cid6914273,,,dantrolene_cid6914273.png,high,high,0.8943871476347288,exact,Dantrolene,Dantrolene,1.0,23,23,exact,exact,Dantrolene,False,False,False,False,1.0,True,True,0,1,,,,O=C1CN(/N=C/c2ccc(-c3ccc([N+](=O)[O-])cc3)o2)C(=O)N1
danuglipron_tromethamine_cid154702463,,,danuglipron_tromethamine_cid154702463.png,high,high,0.887453082331098,exact,Danuglipron Tromethamine,Danuglipron Tromethamine,1.0,49,49,exact,exact,Danuglipron Tromethamine,False,False,False,False,1.0,True,True,0,2,,,,N#Cc1ccc(COc2cccc(C3CCN(Cc4nc5ccc(C(=O)O)cc5n4C[C@@H]4CCO4)CC3)n2)c(F)c1.NC(CO)(CO)CO
dapivirine_cid214347,,,dapivirine_cid214347.png,high,high,0.8858119617480097,exact,Dapivirine,Dapivirine,1.0,25,25,exact,exact,Dapivirine,False,False,False,False,1.0,True,True,0,1,,,,Cc1cc(C)c(Nc2ccnc(Nc3ccc(C#N)cc3)n2)c(C)c1
darobactin_cid154586077,,,darobactin_cid154586077.png,low,low,0.1229732356380671,invalid,,,,,,invalid,invalid,,False,False,False,False,,False,,,,,,,[H]C1(CO)NC(=O)C2NC(=O)C(CC(N)=O)NC(=O)C(N)CC34=BC5=C36=CC=CC(=C56C=4)BC2C2=CNC3=C2C=CC(=C3)C([H])(CCCN)C([H])(C(=O)NC(CO)C(=O)NC(CC2=CC=CC=C2)C(=O)O)NC1=O
darolutamide_cid67171867,,,darolutamide_cid67171867.png,high,high,0.9043748695766549,exact,Darolutamide,Darolutamide,1.0,28,28,exact,exact,Darolutamide,False,False,False,False,1.0,True,True,0,1,,,,CC(O)c1cc(C(=O)N[C@@H](C)Cn2ccc(-c3ccc(C#N)c(Cl)c3)n2)n[nH]1
delamanid_cid6480466,,,delamanid_cid6480466.png,high,high,0.8740036333955927,exact,Delamanid,Delamanid,1.0,38,38,exact,exact,Delamanid,False,False,False,False,1.0,True,True,0,1,,,,C[C@]1(COc2ccc(N3CCC(Oc4ccc(OC(F)(F)F)cc4)CC3)cc2)Cn2cc([N+](=O)[O-])nc2O1
delapril_cid5362116,,,delapril_cid5362116.png,high,high,0.893495830295615,exact,Delapril,Delapril,1.0,33,33,exact,exact,Delapril,False,False,False,False,1.0,True,True,0,1,,,,CCOC(=O)[C@H](CCc1ccccc1)N[C@@H](C)C(=O)N(CC(=O)O)C1Cc2ccccc2C1
delavirdine_cid5625,,,delavirdine_cid5625.png,high,high,0.8835686928963428,exact,Delavirdine,Delavirdine,1.0,32,32,exact,exact,Delavirdine,False,False,False,False,1.0,True,True,0,1,,,,CC(C)Nc1cccnc1N1CCN(C(=O)c2cc3cc(NS(C)(=O)=O)ccc3[nH]2)CC1
deldeprevir_cid56935739,,,deldeprevir_cid56935739.png,high,high,0.877642366766137,exact,Deldeprevir,Deldeprevir,1.0,63,63,exact,exact,Deldeprevir,False,False,False,False,1.0,True,True,0,1,,,,[H][C@@]12C[C@@H](Oc3cc(-c4nc(C(C)C)cs4)nc4c(C)c(OC)ccc34)CN1C(=O)[C@@H](CC(=O)N1CCCC(F)(F)C1)CCCCC/C=C\[C@]1([H])C[C@@]1(C(=O)NS(=O)(=O)C1CC1)NC2=O
demoxytocin_cid449224,,,demoxytocin_cid449224.png,high,high,0.8875592960216891,exact,Demoxytocin,Demoxytocin,1.0,68,68,exact,exact,Demoxytocin,False,False,False,False,1.0,True,True,0,1,,,,CC[C@H](C)[C@@H]1NC(=O)[C@H](Cc2ccc(O)cc2)NC(=O)CCSSC[C@@H](C(=O)N2CCC[C@H]2C(=O)N[C@@H](CC(C)C)C(=O)NCC(N)=O)NC(=O)[C@H](CC(N)=O)NC(=O)[C@H](CCC(N)=O)NC1=O
desferrithiocin_cid135564781,,,desferrithiocin_cid135564781.png,high,high,0.9014935166738622,exact,Desferrithiocin,Desferrithiocin,1.0,17,17,exact,exact,Desferrithiocin,False,False,False,False,1.0,True,True,0,2,,,,C[C@]1(C(=O)[O-])CSC(c2ncccc2O)=N1.[Na+]
desoximetasone_cid5311067,,,desoximetasone_cid5311067.png,low,low,0.7105519859182653,stereo,Desoximetasone,Desoximetasone,1.0,27,27,stereo,stereo,Desoximetasone,False,False,False,False,1.0,True,True,0,1,,,,[H][C@@]12CCC3=CC(=O)C=C[C@]3(C)[C@]1(F)[C@@H](O)C[C@]1(C)[C@@H](C(=O)CO)[C@H](C)C[C@@]21[H]
desvenlafaxine_succinate_cid6918664,,,desvenlafaxine_succinate_cid6918664.png,high,high,0.8501261843746717,wrong,,Desvenlafaxine Succinate,0.975,27,28,salt,salt,Desvenlafaxine Succinate,False,False,False,False,0.975,False,False,3,2,,,,CN(C)CC(c1ccc(O)cc1)C1(O)CCCCC1.O=C(O)CCC(=O)O
detirelix_cid16129698,,,detirelix_cid16129698.png,low,low,0.01524544101603441,invalid,,,,,,invalid,invalid,,False,False,False,False,,False,,,,,,,C=CNC=CC12[CH]C3(=O)NC(CO)C4(=O)NC(CC5=CC=C(O)C=C5)C(=O)N5[CH]C6CCCN7=C(NCC)N(CC)C=7(NCC)=NCCCC[CH]65NC(=O)C(CC5=CC=C(O)C=C5)NC(=O)[CH]4(CO)NC(=O)[CH]13(NC(=O)C(CC1=CC=C(Cl)C=C1)NC(=O)C(CC1=CC3=CC=CC=C3C=C1)NC(C)=O)CC21=CNC2=CC=CC=C21
dexpanthenol_cid131204,,,dexpanthenol_cid131204.png,high,high,0.8690539091224581,exact,Dexpanthenol,Dexpanthenol,1.0,14,14,exact,exact,Dexpanthenol,False,False,False,False,1.0,True,True,0,1,,,,CC(C)(CO)[C@@H](O)C(=O)NCCCO
dibekacin_cid470999,,,dibekacin_cid470999.png,high,high,0.8789411373656437,exact,Dibekacin,Dibekacin,1.0,31,31,exact,exact,Dibekacin,False,False,False,False,1.0,True,True,0,1,,,,NC[C@@H]1CC[C@@H](N)[C@@H](O[C@H]2[C@H](O)[C@@H](O[C@H]3O[C@H](CO)[C@@H](O)[C@H](N)[C@H]3O)[C@H](N)C[C@@H]2N)O1
dibrospidium_chloride_cid72114,,,dibrospidium_chloride_cid72114.png,low,low,0.8141526401886786,exact,Dibrospidium Chloride,Dibrospidium Chloride,1.0,28,28,exact,exact,Dibrospidium Chloride,False,False,False,False,1.0,True,True,0,3,,[Cl-],,O=C(CCBr)N1CC[N+]2(CC1)CC[N+]1(CCN(C(=O)CCBr)CC1)CC2.[Cl-].[Cl-]
diclazuril_cid456389,,,diclazuril_cid456389.png,high,high,0.900995324473509,exact,Diclazuril,Diclazuril,1.0,26,26,exact,exact,Diclazuril,False,False,False,False,1.0,True,True,0,1,,,,N#CC(c1ccc(Cl)cc1)c1c(Cl)cc(-n2ncc(=O)[nH]c2=O)cc1Cl
dicloxacillin_cid18381,,,dicloxacillin_cid18381.png,high,high,0.8867241214336656,exact,Dicloxacillin,Dicloxacillin,1.0,30,30,exact,exact,Dicloxacillin,False,False,False,False,1.0,True,True,0,1,,,,[H][C@]12SC(C)(C)[C@H](C(=O)O)N1C(=O)[C@H]2NC(=O)c1c(-c2c(Cl)cccc2Cl)noc1C
dideoxycytidine_cid24066,,,dideoxycytidine_cid24066.png,high,high,0.8963289345428894,exact,Dideoxycytidine,Dideoxycytidine,1.0,15,15,exact,exact,Dideoxycytidine,False,False,False,False,1.0,True,True,0,1,,,,Nc1ccn([C@H]2CC[C@@H](CO)O2)c(=O)n1
diethylpropion_hydrochloride_cid91442,,,diethylpropion_hydrochloride_cid91442.png,high,high,0.8473356988537621,exact,Diethylpropion Hydrochloride,Diethylpropion Hydrochloride,1.0,16,16,exact,exact,Diethylpropion Hydrochloride,False,False,False,False,1.0,True,True,0,2,,,,CCN(CC)C(C)C(=O)c1ccccc1.Cl
difamilast_cid57855696,,,difamilast_cid57855696.png,high,high,0.8850021711953502,exact,Difamilast,Difamilast,1.0,32,32,exact,exact,Difamilast,False,False,False,False,1.0,True,True,0,1,,,,CCOc1ccccc1C(=O)NCc1coc(-c2ccc(OC(F)F)c(OC(C)C)c2)n1
difetarsone_sodium_anhydrous_cid68198,,,difetarsone_sodium_anhydrous_cid68198.png,high,high,0.8810756611003072,exact,Difetarsone sodium anhydrous,Difetarsone sodium anhydrous,1.0,26,26,exact,exact,Difetarsone sodium anhydrous,False,False,False,False,1.0,True,True,0,3,,[Na+],,O=[As]([O-])(O)c1ccc(NCCNc2ccc([As](=O)([O-])O)cc2)cc1.[Na+].[Na+]
diflucortolone_valerate_cid91670,,,diflucortolone_valerate_cid91670.png,low,low,0.6063901467998588,stereo,Diflucortolone Valerate,Diflucortolone Valerate,1.0,34,34,stereo,stereo,Diflucortolone Valerate,False,False,False,False,1.0,True,True,0,1,,,,[H][C@@]12C[C@@H](F)C3=CC(=O)C=C[C@]3(C)[C@@]1(F)[C@@H](O)C[C@]1(C)[C@@H](C(=O)COC(=O)CCCC)[C@H](C)C[C@@]21[H]
difluprednate_cid443936,,,difluprednate_cid443936.png,low,low,0.7692310658974567,stereo,Difluprednate,Difluprednate,1.0,36,36,stereo,stereo,Difluprednate,False,False,False,False,1.0,True,True,0,1,,,,[H][C@@]12CC[C@](OC(=O)CCC)(C(=O)COC(C)=O)[C@@]1(C)C[C@H](O)[C@@]1(F)[C@@]2([H])C[C@@H](F)C2=CC(=O)C=C[C@@]21C
digitonin_cid6474107,,,digitonin_cid6474107.png,low,low,0.6028736238387145,wrong,,Digitonin,0.5,78,85,wrong,wrong,,False,False,False,False,0.5,False,False,16,1,,,,"[H][C](C[CH]O[CH]O[C@H](CO)[C@@H]([CH]O)O[C@@H]1O[C@H](CO)[C@@H](O)[C@H](O[C@@H]2OC[C@@H](O)[C@H](O)[C@H]2O)[C@H]1O[C@@H]1O[C@H](CO)[C@H](O)[C@H](O[C@@H]2O[C@H](CO)[C@@H](O)[C@H](O)[C@H]2O)[C@H]1O)CC[C@]1([H])[C]([H])CC[C@]2(C)[C@@]3([H])[C@H](C)[C@@]4(CC[C@@H](C)CO4)O[C@@]3([H])[C@@H](O)[C@]21[H] |^1:1,3,5,11,60|"
dihydroergotamine_cid10531,,,dihydroergotamine_cid10531.png,high,high,0.8665976780466594,exact,Dihydroergotamine,Dihydroergotamine,1.0,43,43,exact,exact,Dihydroergotamine,False,False,False,False,1.0,True,True,0,1,,,,[H][C@@]12Cc3c[nH]c4cccc(c34)[C@@]1([H])C[C@@H](C(=O)N[C@]1(C)O[C@]3(O)N(C1=O)[C@@H](Cc1ccccc1)C(=O)N1CCC[C@]13[H])CN2C
dimethyl_fumarate_cid637568,,,dimethyl_fumarate_cid637568.png,high,high,0.8540417668655913,exact,Dimethyl Fumarate,Dimethyl Fumarate,1.0,10,10,exact,exact,Dimethyl Fumarate,False,False,False,False,1.0,True,True,0,1,,,,COC(=O)/C=C/C(=O)OC
dinaciclib_cid46926350,,,dinaciclib_cid46926350.png,high,high,0.8999073339232769,exact,Dinaciclib,Dinaciclib,1.0,29,29,exact,exact,Dinaciclib,False,False,False,False,1.0,True,True,0,1,,,,CCc1cnn2c(NCc3ccc[n+]([O-])c3)cc(N3CCCC[C@H]3CCO)nc12
diphenyl_diselenide_cid15460,,,diphenyl_diselenide_cid15460.png,high,high,0.9109331847293597,exact,Diphenyl diselenide,Diphenyl diselenide,1.0,14,14,exact,exact,Diphenyl diselenide,False,False,False,False,1.0,True,True,0,1,,,,c1ccc([Se][Se]c2ccccc2)cc1
diquafosol_cid148197,,,diquafosol_cid148197.png,high,high,0.8869431000366081,exact,Diquafosol,Diquafosol,1.0,49,49,exact,exact,Diquafosol,False,False,False,False,1.0,True,True,0,1,,,,O=c1ccn([C@@H]2O[C@H](COP(=O)(O)OP(=O)(O)OP(=O)(O)OP(=O)(O)OC[C@H]3O[C@@H](n4ccc(=O)[nH]c4=O)[C@H](O)[C@@H]3O)[C@@H](O)[C@H]2O)c(=O)[nH]1
diroximel_fumarate_cid73330464,,,diroximel_fumarate_cid73330464.png,high,high,0.8698168984305257,exact,Diroximel Fumarate,Diroximel Fumarate,1.0,18,18,exact,exact,Diroximel Fumarate,False,False,False,False,1.0,True,True,0,1,,,,COC(=O)/C=C/C(=O)OCCN1C(=O)CCC1=O
distigmine_cid3116,,,distigmine_cid3116.png,high,high,0.8652339220872441,exact,Distigmine,Distigmine,1.0,30,30,exact,exact,Distigmine,False,False,False,False,1.0,True,True,0,1,,,,CN(CCCCCCN(C)C(=O)Oc1ccc[n+](C)c1)C(=O)Oc1ccc[n+](C)c1
dolasetron_mesylate_cid3033817,,,dolasetron_mesylate_cid3033817.png,low,low,0.727681393758694,wrong,,Dolasetron mesylate,0.678,29,29,wrong,wrong,,False,False,False,False,0.678,False,False,3,2,,,,CS(=O)(=O)O.[H]C12CC(OC(=O)c3c[nH]c4ccccc34)C[C@@]3([H])CC(C1)C(=O)CC23
doxapram_cid3156,,,doxapram_cid3156.png,high,high,0.8921223217158631,exact,Doxapram,Doxapram,1.0,28,28,exact,exact,Doxapram,False,False,False,False,1.0,True,True,0,1,,,,CCN1CC(CCN2CCOCC2)C(c2ccccc2)(c2ccccc2)C1=O
dromostanolone_cid6011,,,dromostanolone_cid6011.png,high,high,0.8682335987862889,exact,Dromostanolone,Dromostanolone,1.0,22,22,exact,exact,Dromostanolone,False,False,False,False,1.0,True,True,0,1,,,,[H][C@@]12CC[C@]3([H])[C@]([H])(CC[C@]4(C)[C@@H](O)CC[C@@]34[H])[C@@]1(C)C[C@@H](C)C(=O)C2
dsm_265_cid51347395,,,dsm_265_cid51347395.png,low,low,0.8169932780295782,invalid,,,,,,invalid,invalid,,False,False,False,False,,False,,,,,,,CC1=NC2=NC(C(C)(F)F)=NN2C(NC2=CC=C(S(F)(F)(F)(F)(F)F)C=C2)=C1
duocarmycin_sa_cid115369,,,duocarmycin_sa_cid115369.png,high,high,0.8860525088648965,exact,Duocarmycin Sa,Duocarmycin Sa,1.0,35,35,exact,exact,Duocarmycin Sa,False,False,False,False,1.0,True,True,0,1,,,,[H][C@@]12CN(C(=O)c3cc4cc(OC)c(OC)c(OC)c4[nH]3)C3=CC(=O)c4[nH]c(C(=O)OC)cc4[C@]31C2
eberconazole_cid72051,,,eberconazole_cid72051.png,high,high,0.8562600732320436,exact,Eberconazole,Eberconazole,1.0,22,22,exact,exact,Eberconazole,False,False,False,False,1.0,True,True,0,1,,,,Clc1cc(Cl)c2c(c1)CCc1ccccc1C2n1ccnc1
ecabet_sodium_cid23663982,,,ecabet_sodium_cid23663982.png,high,high,0.8836430804231078,exact,Ecabet sodium,Ecabet sodium,1.0,27,27,exact,exact,Ecabet sodium,False,False,False,False,1.0,True,True,0,2,,,,[H][C@@]12CCc3cc(C(C)C)c(S(=O)(=O)[O-])cc3[C@@]1(C)CCC[C@@]2(C)C(=O)O.[Na+]
echinocandin_b_cid9898144,,,echinocandin_b_cid9898144.png,low,low,0.2484607759000836,stereo,Echinocandin B,Echinocandin B,1.0,75,75,stereo,stereo,Echinocandin B,False,False,False,False,1.0,True,True,0,1,,,,[H][C@@]12C[C@@H](O)CN1C(=O)[C@H]([C@@H](C)O)NC(=O)C(NC(=O)CCCCCCC/C=C\C/C=C\CCCCC)C[C@@H](O)[C@@H](O)NC(=O)[C@]1([H])[C@H](O)[C@@H](C)CN1C(=O)[C@H]([C@@H](C)O)NC(=O)[C@H]([C@H](O)[C@@H](O)c1ccc(O)cc1)NC2=O
elinogrel_cid16066663,,,elinogrel_cid16066663.png,high,high,0.8850917562479784,exact,Elinogrel,Elinogrel,1.0,34,34,exact,exact,Elinogrel,False,False,False,False,1.0,True,True,0,1,,,,CNc1cc2[nH]c(=O)n(-c3ccc(NC(=O)NS(=O)(=O)c4ccc(Cl)s4)cc3)c(=O)c2cc1F
elinzanetant_cid16063568,,,elinzanetant_cid16063568.png,high,high,0.8882090654408957,exact,Elinzanetant,Elinzanetant,1.0,47,47,exact,exact,Elinzanetant,False,False,False,False,1.0,True,True,0,1,,,,[H][C@]12COCCN1C[C@@H](CO)N(c1cc(-c3ccc(F)cc3C)c(N(C)C(=O)C(C)(C)c3cc(C(F)(F)F)cc(C(F)(F)F)c3)cn1)C2
eliprodil_cid60703,,,eliprodil_cid60703.png,high,high,0.8898841732221942,exact,Eliprodil,Eliprodil,1.0,24,24,exact,exact,Eliprodil,False,False,False,False,1.0,True,True,0,1,,,,OC(CN1CCC(Cc2ccc(F)cc2)CC1)c1ccc(Cl)cc1
elmustine_cid68804,,,elmustine_cid68804.png,high,high,0.8633398547320545,exact,Elmustine,Elmustine,1.0,12,12,exact,exact,Elmustine,False,False,False,False,1.0,True,True,0,1,,,,O=NN(CCCl)C(=O)NCCO
elobixibat_cid9939892,,,elobixibat_cid9939892.png,high,high,0.8979908058465413,exact,Elobixibat,Elobixibat,1.0,48,48,exact,exact,Elobixibat,False,False,False,False,1.0,True,True,0,1,,,,CCCCC1(CCCC)CN(c2ccccc2)c2cc(SC)c(OCC(=O)N[C@@H](C(=O)NCC(=O)O)c3ccccc3)cc2S(=O)(=O)C1
elsubrutinib_cid117773770,,,elsubrutinib_cid117773770.png,high,high,0.8523253356350499,exact,Elsubrutinib,Elsubrutinib,1.0,22,22,exact,exact,Elsubrutinib,False,False,False,False,1.0,True,True,0,1,,,,C=CC(=O)N1CCC[C@@H](c2ccc(C(N)=O)c3[nH]ccc23)C1
eluxadoline_cid11250029,,,eluxadoline_cid11250029.png,high,high,0.8898195673895493,exact,Eluxadoline,Eluxadoline,1.0,42,42,exact,exact,Eluxadoline,False,False,False,False,1.0,True,True,0,1,,,,COc1ccc(CN(C(=O)[C@@H](N)Cc2c(C)cc(C(N)=O)cc2C)[C@@H](C)c2ncc(-c3ccccc3)[nH]2)cc1C(=O)O
enadoline_cid60768,,,enadoline_cid60768.png,high,high,0.8701788461605608,exact,Enadoline,Enadoline,1.0,29,29,exact,exact,Enadoline,False,False,False,False,1.0,True,True,0,1,,,,CN(C(=O)Cc1cccc2occc12)[C@H]1CC[C@@]2(CCCO2)C[C@@H]1N1CCCC1
enisamium_iodide_cid10089466,,,enisamium_iodide_cid10089466.png,high,high,0.8895262326939922,exact,Enisamium Iodide,Enisamium Iodide,1.0,18,18,exact,exact,Enisamium Iodide,False,False,False,False,1.0,True,True,0,2,,,,C[n+]1ccc(C(=O)NCc2ccccc2)cc1.[I-]
enmetazobactam_cid23653540,,,enmetazobactam_cid23653540.png,high,high,0.8594291763060282,exact,Enmetazobactam,Enmetazobactam,1.0,21,21,exact,exact,Enmetazobactam,False,False,False,False,1.0,True,True,0,1,,,,[H][C@@]12CC(=O)N1[C@@H](C(=O)[O-])[C@](C)(Cn1cc[n+](C)n1)S2(=O)=O
epidermin_cid70698381,,,epidermin_cid70698381.png,low,low,0.0002662257921265113,invalid,,,,,,invalid,invalid,,False,False,False,False,,False,,,,,,,[H]C1[CH]C([H])COCCC2([H])C3=O=C3(=O)NC=CSCC([H])(NC(=O)C(CC(N)=O)C(=O)C(NC(=O)C([H])C)C3C45=C6C=47C(NC(=O)C(C)NC(=O)C(N)C(C)CC)=C4=C6375=CC=C4)C(=O)NCC2([H])NC(=O)C([H])(C([H])([H])C)CSC[CH]C(=O)NC(C)C(=O)NC(CCCCN)C(=O)C(=CC)C(=O)NC1
eplerenone_cid443872,,,eplerenone_cid443872.png,low,low,0.841659339498947,exact,Eplerenone,Eplerenone,1.0,30,30,exact,exact,Eplerenone,False,False,False,False,1.0,True,True,0,1,,,,[H][C@@]12CC[C@@]3(CCC(=O)O3)[C@@]1(C)C[C@@]1([H])O[C@@]13[C@@]2([H])[C@H](C(=O)OC)CC1=CC(=O)CC[C@@]13C
eprosartan_cid5281037,,,eprosartan_cid5281037.png,high,high,0.8903183343134179,exact,Eprosartan,Eprosartan,1.0,30,30,exact,exact,Eprosartan,False,False,False,False,1.0,True,True,0,1,,,,CCCCc1ncc(/C=C(\Cc2cccs2)C(=O)O)n1Cc1ccc(C(=O)O)cc1
eptazocine_cid3042090,,,eptazocine_cid3042090.png,low,low,0.8252417900204804,exact,(-)-Eptazocine,(-)-Eptazocine,1.0,17,17,exact,exact,(-)-Eptazocine,False,False,False,False,1.0,True,True,0,1,,,,[H][C@]12Cc3ccc(O)cc3[C@](C)(CCN(C)C1)C2
equilin_cid223368,,,equilin_cid223368.png,high,high,0.8707475423358404,exact,Equilin,Equilin,1.0,20,20,exact,exact,Equilin,False,False,False,False,1.0,True,True,0,1,,,,[H][C@]12CC[C@]3(C)C(=O)CC[C@@]3([H])C1=CCc1cc(O)ccc12
eremomycin_cid122131,,,eremomycin_cid122131.png,low,low,0.000734832193679284,invalid,,,,,,invalid,invalid,,False,False,False,False,,False,,,,,,,[H]C(CC(N)=O)NC(=O)C([H])(NC(=O)C(CC(C)C)NC)C([H])(O)C=CC(Cl)=COC=CC=CCOC123=CC=C4567C(=C1)C18C9(=O)NC(C(=O)O)C%10=C(C(O)=CC(O)=C%10)C%10=C(O)C=CC%11(=C%10)CC%11(=O)NC9%10(=O)C149([H])O1[CH]4%11CC(C)(N)[CH]%12(O)[CH]%13%14C[CH]%12%15(C)O[CH]1(CC(C)(N)[CH]%13%15O)(O4%14)O%11C8%105([H])C961=CC=2=C(C)C3=C17
eritoran_cid6912404,,,eritoran_cid6912404.png,low,low,0.7593789042686493,exact,Eritoran,Eritoran,1.0,89,89,exact,exact,Eritoran,False,False,False,False,1.0,True,True,0,1,,,,CCCCCC/C=C\CCCCCCCCCC(=O)N[C@H]1[C@H](OC[C@H]2O[C@H](OP(=O)(O)O)[C@H](NC(=O)CC(=O)CCCCCCCCCCC)[C@@H](OCCCCCCCCCC)[C@@H]2O)O[C@H](COC)[C@@H](OP(=O)(O)O)[C@@H]1OCC[C@@H](CCCCCCC)OC
erythritol_cid222285,,,erythritol_cid222285.png,high,high,0.8990258594691838,exact,Erythritol,Erythritol,1.0,8,8,exact,exact,Erythritol,False,False,False,False,1.0,True,True,0,1,,,,OC[C@@H](O)[C@@H](O)CO
esorubicin_cid152036,,,esorubicin_cid152036.png,low,low,0.840956813400292,exact,Esorubicin,Esorubicin,1.0,38,38,exact,exact,Esorubicin,False,False,False,False,1.0,True,True,0,1,,,,COc1cccc2c1C(=O)c1c(O)c3c(c(O)c1C2=O)C[C@@](O)(C(=O)CO)C[C@@H]3O[C@H]1C[C@H](N)C[C@H](C)O1
ethyl_pyruvate_cid12041,,,ethyl_pyruvate_cid12041.png,high,high,0.8468557383821098,exact,Ethyl pyruvate,Ethyl pyruvate,1.0,8,8,exact,exact,Ethyl pyruvate,False,False,False,False,1.0,True,True,0,1,,,,CCOC(=O)C(C)=O
etonogestrel_cid6917715,,,etonogestrel_cid6917715.png,high,high,0.8775356532649591,exact,Etonogestrel,Etonogestrel,1.0,24,24,exact,exact,Etonogestrel,False,False,False,False,1.0,True,True,0,1,,,,[H][C@@]12CC[C@@](O)(C#C)[C@@]1(CC)CC(=C)[C@@]1([H])[C@@]2([H])CCC2=CC(=O)CC[C@@]21[H]
evobrutinib_cid71479709,,,evobrutinib_cid71479709.png,high,high,0.8640994881020727,exact,Evobrutinib,Evobrutinib,1.0,32,32,exact,exact,Evobrutinib,False,False,False,False,1.0,True,True,0,1,,,,C=CC(=O)N1CCC(CNc2ncnc(N)c2-c2ccc(Oc3ccccc3)cc2)CC1
evofosfamide_cid11984561,,,evofosfamide_cid11984561.png,high,high,0.8682811403576167,exact,Evofosfamide,Evofosfamide,1.0,21,21,exact,exact,Evofosfamide,False,False,False,False,1.0,True,True,0,1,,,,Cn1c(COP(=O)(NCCBr)NCCBr)cnc1[N+](=O)[O-]
examorelin_cid6918297,,,examorelin_cid6918297.png,high,high,0.8733158959608424,exact,Examorelin,Examorelin,1.0,65,65,exact,exact,Examorelin,False,False,False,False,1.0,True,True,0,1,,,,Cc1[nH]c2ccccc2c1C[C@@H](NC(=O)[C@@H](N)Cc1cnc[nH]1)C(=O)N[C@@H](C)C(=O)N[C@@H](Cc1c[nH]c2ccccc12)C(=O)N[C@H](Cc1ccccc1)C(=O)N[C@@H](CCCCN)C(N)=O
ezlopitant_cid188927,,,ezlopitant_cid188927.png,low,low,0.03768079074573626,invalid,,,,,,invalid,invalid,,False,False,False,False,,False,,,,,,,[H][CH]12N3CCC4C5([H])(C)[CH]3(C1(C1=CC=CC=C1)C1=CC=CC=C1)C425NCC1=C(OC)C=CC(C(C)C)=C1
ezogabine_cid121892,,,ezogabine_cid121892.png,high,high,0.8727128155572529,exact,Ezogabine,Ezogabine,1.0,22,22,exact,exact,Ezogabine,False,False,False,False,1.0,True,True,0,1,,,,CCOC(=O)Nc1ccc(NCc2ccc(F)cc2)cc1N
falecalcitriol_cid5282190,,,falecalcitriol_cid5282190.png,high,high,0.8545792613359271,exact,Falecalcitriol,Falecalcitriol,1.0,36,36,exact,exact,Falecalcitriol,False,False,False,False,1.0,True,True,0,1,,,,[H][C@@]12CC[C@H]([C@H](C)CCCC(O)(C(F)(F)F)C(F)(F)F)[C@@]1(C)CCC/C2=C\C=C1\C[C@@H](O)C[C@H](O)C1=C
famitinib_cid16662431,,,famitinib_cid16662431.png,high,high,0.8706446935331026,exact,Famitinib,Famitinib,1.0,30,30,exact,exact,Famitinib,False,False,False,False,1.0,True,True,0,1,,,,CCN(CC)CCN1CCc2[nH]c(/C=C3\C(=O)Nc4ccc(F)cc43)c(C)c2C1=O
fendiline_cid3336,,,fendiline_cid3336.png,high,high,0.9051305896094889,exact,Fendiline,Fendiline,1.0,24,24,exact,exact,Fendiline,False,False,False,False,1.0,True,True,0,1,,,,CC(NCCC(c1ccccc1)c1ccccc1)c1ccccc1
fexuprazan_cid122662112,,,fexuprazan_cid122662112.png,high,high,0.9017879939075392,exact,Fexuprazan,Fexuprazan,1.0,28,28,exact,exact,Fexuprazan,False,False,False,False,1.0,True,True,0,1,,,,CNCc1cn(S(=O)(=O)c2cccc(F)c2)c(-c2ccc(F)cc2F)c1OC
finerenone_cid60150535,,,finerenone_cid60150535.png,high,high,0.8839039275267798,exact,Finerenone,Finerenone,1.0,28,28,exact,exact,Finerenone,False,False,False,False,1.0,True,True,0,1,,,,CCOc1ncc(C)c2c1[C@H](c1ccc(C#N)cc1OC)C(C(N)=O)=C(C)N2
firocoxib_cid208910,,,firocoxib_cid208910.png,high,high,0.8598679276861915,exact,Firocoxib,Firocoxib,1.0,23,23,exact,exact,Firocoxib,False,False,False,False,1.0,True,True,0,1,,,,CC1(C)OC(=O)C(OCC2CC2)=C1c1ccc(S(C)(=O)=O)cc1
flavoxate_cid3354,,,flavoxate_cid3354.png,high,high,0.9054152091847475,exact,Flavoxate,Flavoxate,1.0,29,29,exact,exact,Flavoxate,False,False,False,False,1.0,True,True,0,1,,,,Cc1c(-c2ccccc2)oc2c(C(=O)OCCN3CCCCC3)cccc2c1=O
flomoxef_cid65864,,,flomoxef_cid65864.png,high,high,0.8839405418297339,exact,Flomoxef,Flomoxef,1.0,32,32,exact,exact,Flomoxef,False,False,False,False,1.0,True,True,0,1,,,,[H][C@]12OCC(CSc3nnnn3CCO)=C(C(=O)O)N1C(=O)[C@]2(NC(=O)CSC(F)F)OC
flotufolastat_cid149063248,,,flotufolastat_cid149063248.png,low,low,0.4632629137175903,invalid,,,,,,invalid,invalid,,False,False,False,False,,False,,,,,,,CC(C)(C)[Si](F)(F)(F)C1=CC=C(C(=O)NCC(NC(=O)CCC(C(=O)O)N2CCN(CC(=O)O)CCN(CC(=O)O)CCN(CC(=O)O)CC2)C(=O)NC(CCCCNC(=O)CCC(=O)NCCCC(NC(=O)CCC(NC(=O)NC(CCC(=O)O)C(=O)O)C(=O)O)C(=O)O)C(=O)O)C=C1.NC(=O)CC[CH]CC(=O)N[CH]CCC(=O)O
fluciclovine_cid10820564,,,fluciclovine_cid10820564.png,low,low,0.8195287990513828,exact,Fluciclovine,Fluciclovine,1.0,9,9,exact,exact,Fluciclovine,False,False,False,False,1.0,True,True,0,1,,,,NC1(C(=O)O)CC(F)C1
flucloxacillin_cid21319,,,flucloxacillin_cid21319.png,high,high,0.8860769547911597,exact,Flucloxacillin,Flucloxacillin,1.0,30,30,exact,exact,Flucloxacillin,False,False,False,False,1.0,True,True,0,1,,,,[H][C@]12SC(C)(C)[C@H](C(=O)O)N1C(=O)[C@H]2NC(=O)c1c(-c2c(F)cccc2Cl)noc1C
fluorodopa_cid107730,,,fluorodopa_cid107730.png,high,high,0.8821076506482661,exact,Fluorodopa,Fluorodopa,1.0,15,15,exact,exact,Fluorodopa,False,False,False,False,1.0,True,True,0,1,,,,N[C@@H](Cc1cc(O)c(O)cc1F)C(=O)O
flupirtine_cid53276,,,flupirtine_cid53276.png,high,high,0.8491757045221492,exact,Flupirtine,Flupirtine,1.0,22,22,exact,exact,Flupirtine,False,False,False,False,1.0,True,True,0,1,,,,CCOC(=O)Nc1ccc(NCc2ccc(F)cc2)nc1N
flurandrenolide_cid15209,,,flurandrenolide_cid15209.png,high,high,0.8680462828595117,exact,Flurandrenolide,Flurandrenolide,1.0,31,31,exact,exact,Flurandrenolide,False,False,False,False,1.0,True,True,0,1,,,,[H][C@@]12C[C@@]3([H])OC(C)(C)O[C@@]3(C(=O)CO)[C@@]1(C)C[C@H](O)[C@@]1([H])[C@@]2([H])C[C@H](F)C2=CC(=O)CC[C@@]21C
folic_acid_cid135398658,,,folic_acid_cid135398658.png,low,low,0.8388322534457974,exact,Folic Acid,Folic Acid,1.0,32,32,exact,exact,Folic Acid,False,False,False,False,1.0,True,True,0,1,,,,Nc1nc2ncc(CNc3ccc(C(=O)N[C@@H](CCC(=O)O)C(=O)O)cc3)nc2c(=O)[nH]1
friulimicin_b_cid56842195,,,friulimicin_b_cid56842195.png,low,low,0.8397393252544719,stereo,Friulimicin B,Friulimicin B,1.0,92,92,stereo,stereo,Friulimicin B,False,False,False,False,1.0,True,True,0,1,,,,[H][C@@]12CCCN1C(=O)[C@H](C(C)C)NC(=O)[C@@H]([C@@H](C)N)NC(=O)CNC(=O)[C@H](CC(=O)O)NC(=O)CNC(=O)[C@H](CC(=O)O)NC(=O)[C@H]([C@H](C)C(=O)O)NC(=O)[C@@]1([H])CCCCN1C(=O)[C@H](NC(=O)[C@H](CC(N)=O)NC(=O)C/C=C\CCCCCCCC(C)C)[C@H](C)NC2=O
fudosteine_cid134669,,,fudosteine_cid134669.png,high,high,0.8616163100823966,exact,Fudosteine,Fudosteine,1.0,11,11,exact,exact,Fudosteine,False,False,False,False,1.0,True,True,0,1,,,,N[C@@H](CSCCCO)C(=O)O
fungichromin_cid5282200,,,fungichromin_cid5282200.png,low,low,0.7687185615045812,stereo,Fungichromin,Fungichromin,1.0,47,47,stereo,stereo,Fungichromin,False,False,False,False,1.0,True,True,0,1,,,,CCCCC[C@@H](O)[C@H]1C(=O)O[C@H](C)[C@@H](O)/C=C/C=C/C=C/C=C/C=C(\C)[C@@H](O)[C@H](O)[C@H](O)C[C@H](O)C[C@@H](O)C[C@H](O)C[C@H](O)C[C@@H]1O
gabexate_cid3447,,,gabexate_cid3447.png,high,high,0.8629651141118865,exact,Gabexate,Gabexate,1.0,23,23,exact,exact,Gabexate,False,False,False,False,1.0,True,True,0,1,,,,CCOC(=O)c1ccc(OC(=O)CCCCCN=C(N)N)cc1
gadobenate_dimeglumine_cid6918204,,,gadobenate_dimeglumine_cid6918204.png,high,high,0.8657269045944638,exact,Gadobenate Dimeglumine,Gadobenate Dimeglumine,1.0,63,63,exact,exact,Gadobenate Dimeglumine,False,False,False,False,1.0,True,True,0,4,,CNC[C@H](O)[C@@H](O)[C@H](O)[C@H](O)CO,,CNC[C@H](O)[C@@H](O)[C@H](O)[C@H](O)CO.CNC[C@H](O)[C@@H](O)[C@H](O)[C@H](O)CO.O=C([O-])CN(CCN(CC(=O)[O-])CC(=O)O)CCN(CC(=O)O)C(COCc1ccccc1)C(=O)[O-].[Gd+3] |^1:62|
gadofosveset_trisodium_cid73049652,,,gadofosveset_trisodium_cid73049652.png,low,low,0.8342418815746433,wrong,,Gadofosveset Trisodium,0.966,54,55,near,near,,False,False,False,False,0.966,False,False,3,4,,[Gd+2],,O=C([O-])CN(CCN(CC(=O)[O-])CC(COP(=O)([O-])OC1CCC(c2ccccc2)(c2ccccc2)CC1)N(CC(=O)[O-])CC(=O)[O-])CC(=O)[O-].[Gd+2].[Gd+2].[Na+]
gadoversetamide_cid444013,,,gadoversetamide_cid444013.png,high,high,0.8528648214601906,wrong,,Gadoversetamide,0.939,36,36,near,near,,False,False,False,False,0.939,False,False,0,2,,,,COCCNC(=O)CN(CCN(CCN(CC(=O)[O-])CC(=O)NCCOC)CC(=O)[O-])CC(=O)[O-].[Gd+2]
gallidermin_cid73348284,,,gallidermin_cid73348284.png,low,low,7.07291607308697e-09,invalid,,,,,,invalid,invalid,,False,False,False,False,,False,,,,,,,[H]C123CCCOC1=C(C)NC14=C(C)C(=O)NC5([H])(CSC=C2C3=O)CC2=O=C(=O)(N25)[CH]12([H])CC(=O)C(=O)NC1CNC(=O)C(=CC)N1C(=O)C(CCCCN)NC1(=O)[CH]3(N)C5(C)=N67C8=N=59%10C5[CH]1%11(NC1C%12%13C%14%15=CN%16=CC=C%14%17C%12%14%18%19=C69=C5%13%17(=C=%14%167%10)(C%18=C8)C%15%19[CH]3%11C1(=O)NC(CC(=O)O)C1(=O)=O=C12)C(=O)NC(=O)C4CC(=O)[CH]C
garenoxacin_cid124093,,,garenoxacin_cid124093.png,high,high,0.9000597061011147,exact,Garenoxacin,Garenoxacin,1.0,31,31,exact,exact,Garenoxacin,False,False,False,False,1.0,True,True,0,1,,,,C[C@H]1NCc2cc(-c3ccc4c(=O)c(C(=O)O)cn(C5CC5)c4c3OC(F)F)ccc21
gedatolisib_cid44516953,,,gedatolisib_cid44516953.png,high,high,0.8781743231652099,exact,Gedatolisib,Gedatolisib,1.0,45,45,exact,exact,Gedatolisib,False,False,False,False,1.0,True,True,0,1,,,,CN(C)C1CCN(C(=O)c2ccc(NC(=O)Nc3ccc(-c4nc(N5CCOCC5)nc(N5CCOCC5)n4)cc3)cc2)CC1
gemeprost_cid5282237,,,gemeprost_cid5282237.png,low,low,0.6176678702962043,stereo,Gemeprost,Gemeprost,1.0,28,28,stereo,stereo,Gemeprost,False,False,False,False,1.0,True,True,0,1,,,,CCCCC(C)(C)[C@H](O)C=C[C@H]1[C@H](O)CC(=O)[C@@H]1CCCC/C=C/C(=O)OC
glibornuride_cid12818200,,,glibornuride_cid12818200.png,high,high,0.8501839001951665,exact,Glibornuride,Glibornuride,1.0,25,25,exact,exact,Glibornuride,False,False,False,False,1.0,True,True,0,1,,,,[H][C@@]12CC[C@@](C)([C@@H](O)[C@H]1NC(=O)NS(=O)(=O)c1ccc(C)cc1)C2(C)C
glufosfamide_cid123628,,,glufosfamide_cid123628.png,high,high,0.8996229288816172,exact,Glufosfamide,Glufosfamide,1.0,22,22,exact,exact,Glufosfamide,False,False,False,False,1.0,True,True,0,1,,,,O=P(NCCCl)(NCCCl)O[C@@H]1O[C@H](CO)[C@@H](O)[C@H](O)[C@H]1O
granisetron_hydrochloride_cid49799997,,,granisetron_hydrochloride_cid49799997.png,high,high,0.8881601613542676,exact,Granisetron hydrochloride,Granisetron hydrochloride,1.0,24,24,exact,exact,Granisetron hydrochloride,False,False,False,False,1.0,True,True,0,2,,,,Cl.[H][C@]12CCC[C@@]([H])(CC(NC(=O)c3nn(C)c4ccccc34)C1)N2C
grapiprant_cid11677589,,,grapiprant_cid11677589.png,high,high,0.8786440401845397,exact,Grapiprant,Grapiprant,1.0,35,35,exact,exact,Grapiprant,False,False,False,False,1.0,True,True,0,1,,,,CCc1nc2c(C)nc(C)cc2n1-c1ccc(CCNC(=O)NS(=O)(=O)c2ccc(C)cc2)cc1
hydroquinone_cid785,,,hydroquinone_cid785.png,high,high,0.8687515376503817,exact,Hydroquinone,Hydroquinone,1.0,8,8,exact,exact,Hydroquinone,False,False,False,False,1.0,True,True,0,1,,,,Oc1ccc(O)cc1
hydroxynorketamine_cid133669,,,hydroxynorketamine_cid133669.png,high,high,0.8838941371183978,exact,Hydroxynorketamine,Hydroxynorketamine,1.0,16,16,exact,exact,Hydroxynorketamine,False,False,False,False,1.0,True,True,0,1,,,,NC1(c2ccccc2Cl)CCCC(O)C1=O
hydroxypyridinone_cid69975,,,hydroxypyridinone_cid69975.png,high,high,0.9251062071764097,exact,Hydroxypyridinone,Hydroxypyridinone,1.0,8,8,exact,exact,Hydroxypyridinone,False,False,False,False,1.0,True,True,0,1,,,,O=c1ccccn1O
hydroxyzine_cid3658,,,hydroxyzine_cid3658.png,high,high,0.8939831839290071,exact,Hydroxyzine,Hydroxyzine,1.0,26,26,exact,exact,Hydroxyzine,False,False,False,False,1.0,True,True,0,1,,,,OCCOCCN1CCN(C(c2ccccc2)c2ccc(Cl)cc2)CC1
ibogaine_cid197060,,,ibogaine_cid197060.png,low,low,0.4231587531886976,invalid,,,,,,invalid,invalid,,False,False,False,False,,False,,,,,,,[H]C12CC3([H])C4=C(CCNC3([H])C([H])(CC)(C1)C2)C1=C(C=CC(OC)=C1)N4
idoxuridine_cid5905,,,idoxuridine_cid5905.png,low,low,0.8416606048270301,exact,Idoxuridine,Idoxuridine,1.0,17,17,exact,exact,Idoxuridine,False,False,False,False,1.0,True,True,0,1,,,,O=c1[nH]c(=O)n([C@H]2C[C@H](O)[C@@H](CO)O2)cc1I
idrabiotaparinux_cid16202213,,,idrabiotaparinux_cid16202213.png,low,low,0.1923543579810416,invalid,,,,,,invalid,invalid,,False,False,False,False,,False,,,,,,,[H]C12COC(CCCCC(=O)NCCCCCC(=O)NC3C(OCC(O[CH]O[CH]C(OS(=O)(=O)O)C([CH]O[CH]C(OC(C)OC4C(COS(=O)(=O)O)OC(OC)C5OS(=O)(=O)(O)OS(=O)(=O)OC45)C(=O)O)OS(=O)(=O)O)C(=O)O)OC(COS(=O)(=O)O)C(OC)C3OC)C1([H])NC(=O)N2
iguratimod_cid124246,,,iguratimod_cid124246.png,high,high,0.9028603620570631,exact,Iguratimod,Iguratimod,1.0,26,26,exact,exact,Iguratimod,False,False,False,False,1.0,True,True,0,1,,,,CS(=O)(=O)Nc1cc2occ(NC=O)c(=O)c2cc1Oc1ccccc1
imidafenacin_cid6433090,,,imidafenacin_cid6433090.png,high,high,0.8751669298002641,exact,Imidafenacin,Imidafenacin,1.0,24,24,exact,exact,Imidafenacin,False,False,False,False,1.0,True,True,0,1,,,,Cc1nccn1CCC(C(N)=O)(c1ccccc1)c1ccccc1
imidapril_cid5464343,,,imidapril_cid5464343.png,high,high,0.8724490209617232,wrong,,Imidapril,0.705,30,29,wrong,wrong,,False,False,False,False,0.705,False,False,5,2,,,,CCCc1ccccc1.CCOC(=O)CN[C@@H](C)C(=O)N1C(=O)N(C)C[C@H]1C(=O)O
imipenem_cid104838,,,imipenem_cid104838.png,high,high,0.8561699810810537,stereo,Imipenem,Imipenem,1.0,20,20,stereo,stereo,Imipenem,False,False,False,False,1.0,True,True,0,1,,,,[H][C@]12CC(SCC/N=C/N)=C(C(=O)O)N1C(=O)[C@@H]2[C@@H](C)O
iseganan_cid16131103,,,iseganan_cid16131103.png,low,low,0.04377117511732067,wrong,,Iseganan,0.553,113,130,wrong,wrong,,False,False,False,False,0.553,False,False,21,1,,,,CCC[C@@H](CN[C@H]1CCSC[C@@H](NC(C(=O)NCC(=O)N[C@@H](CCCNC(=N)N)C(N)=O)C(C)C)C(=O)N[C@H](C(C)C)C(=O)N[C@H](Cc2ccccc2)C(=O)[C@H](CCCNC(=N)N)NCC(=O)[C@H](CCCNC(=N)N)NC[CH]NC(=O)[C@H](Cc2ccc(O)cc2)NC1=O)NC(=O)CNC(=O)CNC(=O)[C@@H](N)CCCNC(=N)N |^1:77|
istaroxime_cid9841834,,,istaroxime_cid9841834.png,high,high,0.8660517107871527,exact,Istaroxime,Istaroxime,1.0,26,26,exact,exact,Istaroxime,False,False,False,False,1.0,True,True,0,1,,,,[H][C@@]12CC(=O)[C@@]3([H])C/C(=N/OCCN)CC[C@]3(C)[C@@]1([H])CC[C@]1(C)C(=O)CC[C@@]21[H]
kanglemycin_a_cid139588980,,,kanglemycin_a_cid139588980.png,low,low,0.4548943118733954,wrong,,Kanglemycin A,0.825,69,70,wrong,wrong,,False,False,False,False,0.825,False,False,3,1,,,,[H][C@]1(C)[C@@]([H])(O)[C@@]([H])(C)[C@@]([H])(O)[C@@]([H])([C@@H](C)OC(=O)C(C)(C)CC(=O)O)/C=C/C=C(\C)C(=O)NC2=CC(=O)c3c(c(O)c(C)c4c3C(=O)C(O/C=C/[C@]([H])(O[C@@H]3C[C@]5([H])OCO[C@]5([H])[C@H](C)O3)[C@@]([H])(C)[C@]1([H])OC(C)=O)O4)C2=O
katanosin_b_cid139589288,,,katanosin_b_cid139589288.png,low,low,0.8097324821926943,stereo,Katanosin B,Katanosin B,1.0,90,90,stereo,stereo,Katanosin B,False,False,False,False,1.0,True,True,0,1,,,,CCC(C)C[C@@H]1NC(=O)[C@H]([C@H](O)C(C)C)NC(=O)[C@H](NC(=O)[C@H](CC(C)C)NC(=O)[C@H](N)CC(C)C)[C@@H](c2ccccc2)OC(=O)[C@H](CO)NC(=O)[C@H]([C@H](O)C(N)=O)NC(=O)CNC(=O)[C@H]([C@H](C)O)NC(=O)[C@@H](C(C)C)NC(=O)[C@@H](CCCN=C(N)N)NC1=O
kojic_acid_cid3840,,,kojic_acid_cid3840.png,low,low,0.7244828095346065,exact,Kojic Acid,Kojic Acid,1.0,10,10,exact,exact,Kojic Acid,False,False,False,False,1.0,True,True,0,1,,,,O=c1cc(CO)occ1O
kp_1019_cid133083029,,,kp_1019_cid133083029.png,high,high,0.8911144672737209,wrong,,KP-1019,1.0,31,32,salt,salt,KP-1019,False,False,False,False,1.0,False,False,1,7,,[Cl-].[Cl-].c1ccc2[nH]ncc2c1,,[Cl-].[Cl-].[Cl-].[Ru+3].c1ccc2[nH][nH+]cc2c1.c1ccc2[nH]ncc2c1.c1ccc2[nH]ncc2c1 |^1:3|
l_homocysteine_cid91552,,,l_homocysteine_cid91552.png,low,low,0.8106920815692567,exact,L-Homocysteine,L-Homocysteine,1.0,8,8,exact,exact,L-Homocysteine,False,False,False,False,1.0,True,True,0,1,,,,N[C@@H](CCS)C(=O)O
l_methylfolate_cid135398561,,,l_methylfolate_cid135398561.png,high,high,0.8771179131284536,exact,L-Methylfolate,L-Methylfolate,1.0,33,33,exact,exact,L-Methylfolate,False,False,False,False,1.0,True,True,0,1,,,,CN1c2c(nc(N)[nH]c2=O)NC[C@@H]1CNc1ccc(C(=O)N[C@@H](CCC(=O)O)C(=O)O)cc1
l_ornithine_cid6262,,,l_ornithine_cid6262.png,low,low,0.8426169010901723,exact,L-(-)-Ornithine,L-(-)-Ornithine,1.0,9,9,exact,exact,L-(-)-Ornithine,False,False,False,False,1.0,True,True,0,1,,,,NCCC[C@H](N)C(=O)O
laidlomycin_cid71454116,,,laidlomycin_cid71454116.png,low,low,0.4453545202594207,exact,Laidlomycin,Laidlomycin,1.0,49,49,exact,exact,Laidlomycin,False,False,False,False,1.0,True,True,0,1,,,,CCC(=O)O[C@H]([C@H](C)[C@H]1O[C@@]2(CC[C@@](C)([C@H]3CC[C@@](C)([C@@H]4O[C@@H]([C@H]5O[C@@](O)(CO)[C@H](C)C[C@@H]5C)C[C@@H]4C)O3)O2)C[C@H](O)[C@H]1C)[C@H](C)C(=O)O
laninamivir_cid502272,,,laninamivir_cid502272.png,high,high,0.879734505882718,exact,Laninamivir,Laninamivir,1.0,24,24,exact,exact,Laninamivir,False,False,False,False,1.0,True,True,0,1,,,,CO[C@@H]([C@@H]1OC(C(=O)O)=C[C@H](N=C(N)N)[C@H]1NC(C)=O)[C@H](O)CO
lanraplenib_cid118161062,,,lanraplenib_cid118161062.png,high,high,0.8749561760199527,exact,Lanraplenib,Lanraplenib,1.0,33,33,exact,exact,Lanraplenib,False,False,False,False,1.0,True,True,0,1,,,,Nc1cncc(-c2cn3ccnc3c(Nc3ccc(N4CCN(C5COC5)CC4)cc3)n2)n1
lapretolimod_ammonium_cid134687617,,,lapretolimod_ammonium_cid134687617.png,low,low,0.002882340845193178,invalid,,,,,,invalid,invalid,,False,False,False,False,,False,,,,,,,CCCCCCCCCCCCCCO[CH]CCO[CH]123C4OS56=O=S(=O)(=O)(O)(=O=5)(OC4OC(OCC4OC(O)C(NC(=O)CCCCCCCCCCCCC)C(OC(=O)CC(O)CCCCCCCCCCC)C4O)[CH]1457C1[CH]28NC[CH]2(CCCCCCCCCCC)(OC(=O)CCCCCCCCCCCCC)C9C%10C2%11[CH]%109OCC4N%1185[CH]137)O6
lasalocid_a_cid5360807,,,lasalocid_a_cid5360807.png,high,high,0.8673029571786154,exact,Lasalocid A,Lasalocid A,1.0,42,42,exact,exact,Lasalocid A,False,False,False,False,1.0,True,True,0,1,,,,CC[C@@H](C(=O)[C@@H](C)[C@@H](O)[C@H](C)CCc1ccc(C)c(O)c1C(=O)O)[C@H]1O[C@](CC)([C@H]2CC[C@](O)(CC)[C@H](C)O2)C[C@@H]1C
lasofoxifene_cid216416,,,lasofoxifene_cid216416.png,high,high,0.8581999436131538,exact,Lasofoxifene,Lasofoxifene,1.0,31,31,exact,exact,Lasofoxifene,False,False,False,False,1.0,True,True,0,1,,,,Oc1ccc2c(c1)CC[C@H](c1ccccc1)[C@@H]2c1ccc(OCCN2CCCC2)cc1
laspartomycin_cid139589219,,,laspartomycin_cid139589219.png,high,high,0.8466403627698956,stereo,Laspartomycin,Laspartomycin,1.0,90,90,stereo,stereo,Laspartomycin,False,False,False,False,1.0,True,True,0,1,,,,[H][C@@]12CCCN1C(=O)[C@H]([C@H](C)CC)NC(=O)[C@H]([C@@H](C)O)NC(=O)CC(=O)NC(=O)[C@H](CC(=O)O)NC(=O)CNC(=O)[C@H](CC(=O)O)NC(=O)CNC(=O)[C@]1([H])CCCCN1C(=O)[C@H](NC(=O)[C@H](CC(=O)O)NC(=O)/C=C/CCCCCCCCCC(C)C)CNC2=O
laulimalide_cid6918457,,,laulimalide_cid6918457.png,low,low,0.8275108437655391,wrong,,Laulimalide,0.674,36,37,wrong,wrong,,False,False,False,False,0.674,False,False,2,1,,,,[H]C1C/C=C\[CH]C/C=C\C(=O)O[C@H]([C@@H](O)C=C[C@@H]2CC(C)=CCO2)C[C@]2([H])O[C@@]2([H])[C@@H](O)CC(=C)C[C@H](C)C1 |^1:5|
lenacapavir_sodium_cid153435888,,,lenacapavir_sodium_cid153435888.png,high,high,0.868447488043577,wrong,,Lenacapavir Sodium,0.769,65,65,wrong,wrong,,False,False,False,False,0.769,False,False,2,2,,,,[H][C@@]12C[C@]1([H])C1=C([N](CC(=O)N[C@@H](Cc3cc(F)cc(F)c3)c3nc(C#CC(C)(C)S(C)(=O)=O)ccc3-c3ccc(Cl)c4c([N-]S(C)(=O)=O)nn(CC(F)(F)F)c34)[W]=[C]1C(F)(F)F)C2(F)F.[Na+]
lercanidipine_cid65866,,,lercanidipine_cid65866.png,high,high,0.8746944968181997,exact,Lercanidipine,Lercanidipine,1.0,45,45,exact,exact,Lercanidipine,False,False,False,False,1.0,True,True,0,1,,,,COC(=O)C1=C(C)NC(C)=C(C(=O)OC(C)(C)CN(C)CCC(c2ccccc2)c2ccccc2)C1c1cccc([N+](=O)[O-])c1
levocabastine_cid54385,,,levocabastine_cid54385.png,high,high,0.8949130283938918,exact,Levocabastine,Levocabastine,1.0,31,31,exact,exact,Levocabastine,False,False,False,False,1.0,True,True,0,1,,,,C[C@@H]1CN(C2CCC(C#N)(c3ccc(F)cc3)CC2)CC[C@]1(C(=O)O)c1ccccc1
ljn452_cid121418176,,,ljn452_cid121418176.png,low,low,0.004878343322234216,invalid,,,,,,invalid,invalid,,False,False,False,False,,False,,,,,,,[H]C1CCC2([H])C3C456SOCC7=C8ON=C7(C7=CC=CC=C7OC(F)(F)F)C7=C9(C(=O)O)C=C%10%11(F)(CC%10)C(=N4C34%10%12(CC([H])(CCC([H])(C4)C25%10)C16%12)SOC7)C(F)=C89%11
ln_1_255_cid23672118,,,ln_1_255_cid23672118.png,high,high,0.8782987831638229,exact,LN-1-255,LN-1-255,1.0,35,35,exact,exact,LN-1-255,False,False,False,False,1.0,True,True,0,2,,,,[H][C@@]12/C(=C\c3ccccn3)C(=O)N1[C@@H](C(=O)[O-])[C@](C)(COC(=O)Cc1ccc(O)c(O)c1)S2(=O)=O.[Na+]
lobeglitazone_cid9826451,,,lobeglitazone_cid9826451.png,high,high,0.9055484460979257,exact,Lobeglitazone,Lobeglitazone,1.0,34,34,exact,exact,Lobeglitazone,False,False,False,False,1.0,True,True,0,1,,,,COc1ccc(Oc2cc(N(C)CCOc3ccc(CC4SC(=O)NC4=O)cc3)ncn2)cc1
lodoxamide_cid44564,,,lodoxamide_cid44564.png,high,high,0.8868025445793006,exact,Lodoxamide,Lodoxamide,1.0,21,21,exact,exact,Lodoxamide,False,False,False,False,1.0,True,True,0,1,,,,N#Cc1cc(NC(=O)C(=O)O)c(Cl)c(NC(=O)C(=O)O)c1
loteprednol_etabonate_cid444025,,,loteprednol_etabonate_cid444025.png,low,low,0.8181423849066447,exact,Loteprednol Etabonate,Loteprednol Etabonate,1.0,32,32,exact,exact,Loteprednol Etabonate,False,False,False,False,1.0,True,True,0,1,,,,[H][C@@]12CC[C@](OC(=O)OCC)(C(=O)OCCl)[C@@]1(C)C[C@H](O)[C@@]1([H])[C@@]2([H])CCC2=CC(=O)C=C[C@@]21C
mabuterol_cid3995,,,mabuterol_cid3995.png,low,low,0.8365596455699643,exact,Mabuterol,Mabuterol,1.0,20,20,exact,exact,Mabuterol,False,False,False,False,1.0,True,True,0,1,,,,CC(C)(C)NCC(O)c1cc(Cl)c(N)c(C(F)(F)F)c1
malacidin_a_cid132282518,,,malacidin_a_cid132282518.png,high,high,0.8443081155668131,stereo,Malacidin A,Malacidin A,1.0,88,88,stereo,stereo,Malacidin A,False,False,False,False,1.0,True,True,0,1,,,,[H][C@@]12C[C@@H](C)CN1C(=O)[C@H](C(C)C)NC(=O)C([C@H](C)C(=O)O)NC(=O)CNC(=O)[C@H](CC(=O)O)NC(=O)[C@H]([C@@H](O)C(=O)O)NC(=O)[C@H](CCCCN)NC(=O)[C@H](C(C)C)NC(=O)[C@@H](NC(=O)[C@@H](NC(=O)/C=C/C=C\CCC(C)C)C(C)C(=O)O)C(C)NC2=O
mangafodipir_trisodium_cid160036,,,mangafodipir_trisodium_cid160036.png,high,high,0.8566610104029764,wrong,,Mangafodipir Trisodium,0.979,46,46,near,near,,False,False,False,False,0.979,False,False,4,6,,[Na+].[Na+].[Na+],,Cc1ncc(COP(=O)([O-])[O-])c(CN(CCN(CC(=O)[O-])Cc2c(COP(=O)([O-])[O-])cnc(C)c2[O-])CC(=O)[O-])c1[O-].[H+].[Na+].[Na+].[Na+].[Na+]
mannopeptimycin_alpha_cid139585504,,,mannopeptimycin_alpha_cid139585504.png,low,low,0.8393838252997256,exact,Mannopeptimycin alpha,Mannopeptimycin alpha,1.0,91,91,exact,exact,Mannopeptimycin alpha,False,False,False,False,1.0,True,True,0,1,,,,C[C@@H](c1ccccc1)[C@@H]1NC(=O)CNC(=O)[C@H](CO)NC(=O)[C@@H]([C@@H](O)[C@@H]2CN=C(N)N2[C@H]2O[C@H](CO)[C@@H](O)[C@H](O)[C@@H]2O)NC(=O)C([C@@H](O)[C@@H]2CN=C(N)N2)NC(=O)[C@@H](Cc2ccc(O[C@H]3O[C@H](CO)[C@@H](O[C@H]4O[C@H](CO)[C@@H](O)[C@H](O)[C@@H]4O)[C@H](O)[C@@H]3O)cc2)NC1=O
maytansinol_cid9915934,,,maytansinol_cid9915934.png,low,low,0.4805733036440727,stereo,Maytansinol,Maytansinol,1.0,39,39,stereo,stereo,Maytansinol,False,False,False,False,1.0,True,True,0,1,,,,[H][C@@]12O[C@@]1(C)[C@@H](O)CC(=O)N(C)c1cc(cc(OC)c1Cl)C/C(C)=C/C=C/[C@@H](OC)[C@@]1(O)CC(OC(=O)N1)[C@H]2C
mefloquine_hydrochloride_cid65329,,,mefloquine_hydrochloride_cid65329.png,high,high,0.8932806929960992,exact,Mefloquine Hydrochloride,Mefloquine Hydrochloride,1.0,27,27,exact,exact,Mefloquine Hydrochloride,False,False,False,False,1.0,True,True,0,2,,,,Cl.O[C@@H](c1cc(C(F)(F)F)nc2c(C(F)(F)F)cccc12)[C@H]1CCCCN1
megazol_cid29698,,,megazol_cid29698.png,low,low,0.8099109743687997,exact,Megazol,Megazol,1.0,15,15,exact,exact,Megazol,False,False,False,False,1.0,True,True,0,1,,,,Cn1c([N+](=O)[O-])cnc1-c1nnc(N)s1
melagatran_cid183797,,,melagatran_cid183797.png,high,high,0.8493484055683176,exact,Melagatran,Melagatran,1.0,31,31,exact,exact,Melagatran,False,False,False,False,1.0,True,True,0,1,,,,N=C(N)c1ccc(CNC(=O)[C@@H]2CCN2C(=O)[C@H](NCC(=O)O)C2CCCCC2)cc1
melogliptin_cid11623906,,,melogliptin_cid11623906.png,high,high,0.8638270411981666,stereo,Melogliptin,Melogliptin,1.0,23,23,stereo,stereo,Melogliptin,False,False,False,False,1.0,True,True,0,1,,,,N#C[C@@H]1C[C@@H](F)CN1C(=O)CN[C@@H]1CC[C@H](Cn2cncn2)C1
merbromin_cid9853537,,,merbromin_cid9853537.png,high,high,0.8594924873634819,exact,Merbromin,Merbromin,1.0,31,31,exact,exact,Merbromin,False,False,False,False,1.0,True,True,0,4,,[Na+],,O=C([O-])c1ccccc1-c1c2cc(Br)c(=O)cc-2oc2[c]([Hg+])c([O-])c(Br)cc12.[Na+].[Na+].[OH-]
merotocin_cid76073634,,,merotocin_cid76073634.png,high,high,0.8656002036157115,wrong,,Merotocin,0.865,73,73,near,near,,False,False,False,False,0.865,False,False,4,1,,,,CC[C@H](C)[C@@H]1NC(=O)[C@H](Cc2ccc(O)cc2)NC(=O)CCCCC[C@@H](C(=O)N(CC(=O)N[C@@H](CC(C)C)C(=O)NCC(N)=O)Cc2ccc(F)cc2)NC(=O)[C@H](CC(N)=O)NC(=O)[C@H](CCC(N)=O)NC1=O
mersacidin_cid70698380,,,mersacidin_cid70698380.png,low,low,0.002291072976530811,invalid,,,,,,invalid,invalid,,False,False,False,False,,False,,,,,,,[H]C1CNC(=O)C2(C)CC(=O)NC(=O)C(C(C)C)NC(=O)CNC(=O)CNC(=O)CNC(=O)CNC(=O)C3([H])CCCN3C(=O)C(CC(C)C)NC(=O)C(NC(=O)C3NC(C4NC(=O)C(N)CSC4C)=CC45=C6=C4(=CC=C6)C35)C(C)CCC(O)C(=O)NC(=O)C(CC(C)C)C(C3(=O)NC3[CH])NC=C(N)C2NC1=O
mersalyl_cid9806195,,,mersalyl_cid9806195.png,low,low,0.8130390915366758,exact,Mersalyl,Mersalyl,1.0,22,22,exact,exact,Mersalyl,False,False,False,False,1.0,True,True,0,3,,,,COC([CH2][Hg+])CNC(=O)c1ccccc1OCC(=O)[O-].[Na+].[OH-]
mesna_cid23662354,,,mesna_cid23662354.png,high,high,0.8463278482001078,exact,Mesna,Mesna,1.0,8,8,exact,exact,Mesna,False,False,False,False,1.0,True,True,0,2,,,,O=S(=O)([O-])CCS.[Na+]
metahexamide_cid11259,,,metahexamide_cid11259.png,high,high,0.8577318812583408,exact,Metahexamide,Metahexamide,1.0,21,21,exact,exact,Metahexamide,False,False,False,False,1.0,True,True,0,1,,,,Cc1ccc(S(=O)(=O)NC(=O)NC2CCCCC2)cc1N
methenolone_cid3037705,,,methenolone_cid3037705.png,high,high,0.8732088790402743,exact,Methenolone,Methenolone,1.0,22,22,exact,exact,Methenolone,False,False,False,False,1.0,True,True,0,1,,,,[H][C@@]12CC[C@]3([H])[C@]([H])(CC[C@]4(C)[C@@H](O)CC[C@@]34[H])[C@@]1(C)C(C)=CC(=O)C2
methicillin_cid6087,,,methicillin_cid6087.png,high,high,0.8758331011110968,exact,Methicillin,Methicillin,1.0,26,26,exact,exact,Methicillin,False,False,False,False,1.0,True,True,0,1,,,,[H][C@]12SC(C)(C)[C@H](C(=O)O)N1C(=O)[C@H]2NC(=O)c1c(OC)cccc1OC
methisazone_cid667492,,,methisazone_cid667492.png,high,high,0.8893081338835712,stereo,Methisazone,Methisazone,1.0,16,16,stereo,stereo,Methisazone,False,False,False,False,1.0,True,True,0,1,,,,Cn1c(O)c(/N=N/C(N)=S)c2ccccc21
methohexital_cid9034,,,methohexital_cid9034.png,low,low,0.8118986391711787,exact,Methohexital,Methohexital,1.0,19,19,exact,exact,Methohexital,False,False,False,False,1.0,True,True,0,1,,,,C=CCC1(C(C)C#CCC)C(=O)NC(=O)N(C)C1=O
metrizoic_acid_cid2528,,,metrizoic_acid_cid2528.png,high,high,0.8664966990337906,wrong,,Metrizoic Acid,0.561,18,21,wrong,wrong,,False,False,False,False,0.561,False,False,6,1,,,,*c1c(NC(C)=O)c(*)c(N(C)C(C)=O)c(*)c1C(=O)O |$J;;;;;;;;J;;;;;;;;J;;;;$|
milataxel_cid6918589,,,milataxel_cid6918589.png,high,high,0.855827998625927,exact,Milataxel,Milataxel,1.0,61,61,exact,exact,Milataxel,False,False,False,False,1.0,True,True,0,1,,,,[H][C@]12[C@H](OC(=O)c3ccccc3)[C@]3(O)C[C@H](OC(=O)[C@H](O)[C@@H](NC(=O)OC(C)(C)C)c4ccco4)C(C)=C([C@@H](O)C(=O)[C@]1(C)[C@@H](OC(=O)CC)C[C@@]1([H])OC[C@@]21OC(C)=O)C3(C)C
mirogabalin_cid59509752,,,mirogabalin_cid59509752.png,high,high,0.8858469912803258,exact,Mirogabalin,Mirogabalin,1.0,15,15,exact,exact,Mirogabalin,False,False,False,False,1.0,True,True,0,1,,,,[H][C@]12CC(CC)=C[C@@]1([H])[C@@](CN)(CC(=O)O)C2
mitoxantrone_cid4212,,,mitoxantrone_cid4212.png,high,high,0.8906702212376731,exact,Mitoxantrone,Mitoxantrone,1.0,32,32,exact,exact,Mitoxantrone,False,False,False,False,1.0,True,True,0,1,,,,O=C1c2c(O)ccc(O)c2C(=O)c2c(NCCNCCO)ccc(NCCNCCO)c21
mm_47761_cid195570,,,mm_47761_cid195570.png,low,low,0.09183171804104978,invalid,,,,,,invalid,invalid,,False,False,False,False,,False,,,,,,,CC=COC1=CC2=CC=C1C(=COC1OC(CO)C(O)C(O)C1OC1OC(C)C(O)C(O)C1O)OC1=C(Cl)C=C3(C=C1)C(O)C1(NC(=O)C4(CC(C)C)C(C(C)C)C(NC)C4(=O)NCC(=O)NC(CC(N)=O)C(=O)NC2C(C(=O)NC2C(=O)NCC(=O)NC(C(=O)O)C4=C(C(O)=CC(O)=C4)C4=C(O)C=CC2=C4)NC(=O)C(CC(N)=O)NC1=O)C3O
moclobemide_cid4235,,,moclobemide_cid4235.png,high,high,0.8607320003106445,exact,Moclobemide,Moclobemide,1.0,18,18,exact,exact,Moclobemide,False,False,False,False,1.0,True,True,0,1,,,,O=C(NCCN1CCOCC1)c1ccc(Cl)cc1
moexipril_cid91270,,,moexipril_cid91270.png,high,high,0.8908068927813018,exact,Moexipril,Moexipril,1.0,36,36,exact,exact,Moexipril,False,False,False,False,1.0,True,True,0,1,,,,CCOC(=O)[C@H](CCc1ccccc1)N[C@@H](C)C(=O)N1Cc2cc(OC)c(OC)cc2C[C@H]1C(=O)O
molindone_cid23897,,,molindone_cid23897.png,high,high,0.8635374931432891,exact,Molindone,Molindone,1.0,20,20,exact,exact,Molindone,False,False,False,False,1.0,True,True,0,1,,,,CCc1c(C)[nH]c2c1C(=O)C(CN1CCOCC1)CC2
monobenzone_cid7638,,,monobenzone_cid7638.png,high,high,0.8800665788119597,exact,Monobenzone,Monobenzone,1.0,15,15,exact,exact,Monobenzone,False,False,False,False,1.0,True,True,0,1,,,,Oc1ccc(OCc2ccccc2)cc1
monomethyl_fumarate_cid5369209,,,monomethyl_fumarate_cid5369209.png,high,high,0.846134759063873,exact,Monomethyl Fumarate,Monomethyl Fumarate,1.0,9,9,exact,exact,Monomethyl Fumarate,False,False,False,False,1.0,True,True,0,1,,,,COC(=O)/C=C/C(=O)O
monomethylauristatin_e_cid11542188,,,monomethylauristatin_e_cid11542188.png,high,high,0.8577658313349192,exact,Monomethylauristatin E,Monomethylauristatin E,1.0,51,51,exact,exact,Monomethylauristatin E,False,False,False,False,1.0,True,True,0,1,,,,CC[C@H](C)[C@@H]([C@@H](CC(=O)N1CCC[C@H]1[C@H](OC)[C@@H](C)C(=O)N[C@H](C)[C@@H](O)c1ccccc1)OC)N(C)C(=O)[C@@H](NC(=O)[C@@H](NC)C(C)C)C(C)C
mosliciguat_cid154572869,,,mosliciguat_cid154572869.png,high,high,0.8823259359763193,exact,Mosliciguat,Mosliciguat,1.0,52,52,exact,exact,Mosliciguat,False,False,False,False,1.0,True,True,0,1,,,,O=C(O)c1ccc(CCN(CCc2ccccc2OCc2ccc(-c3ccc(C(F)(F)F)cc3)cc2Cl)[C@H]2CCCc3nc(C(=O)O)ccc32)cc1
mosnodenvir_cid133083036,,,mosnodenvir_cid133083036.png,high,high,0.8849209512744911,exact,Mosnodenvir,Mosnodenvir,1.0,39,39,exact,exact,Mosnodenvir,False,False,False,False,1.0,True,True,0,1,,,,COc1cc(N[C@H](C(=O)c2c[nH]c3ccc(OC(F)(F)F)cc23)c2ccc(Cl)cc2OC)cc(S(C)(=O)=O)c1
moxalactam_cid47499,,,moxalactam_cid47499.png,high,high,0.8564102449286853,exact,Moxalactam,Moxalactam,1.0,36,36,exact,exact,Moxalactam,False,False,False,False,1.0,True,True,0,1,,,,[H][C@]12OCC(CSc3nnnn3C)=C(C(=O)O)N1C(=O)[C@]2(NC(=O)C(C(=O)O)c1ccc(O)cc1)OC
mulundocandin_cid121225706,,,mulundocandin_cid121225706.png,low,low,0.7751434503336253,stereo,Mulundocandin,Mulundocandin,1.0,71,71,stereo,stereo,Mulundocandin,False,False,False,False,1.0,True,True,0,1,,,,[H][C@@]12C[C@@H](O)CN1C(=O)[C@H]([C@@H](C)O)NC(=O)[C@@H](NC(=O)CCCCCCCCCCC(C)CC)C[C@@H](O)[C@H](O)NC(=O)[C@]1([H])[C@@H](O)[C@@H](C)CN1C(=O)[C@H](CO)NC(=O)[C@H]([C@H](O)C(O)c1ccc(O)cc1)NC2=O
muraglitazar_cid206044,,,muraglitazar_cid206044.png,high,high,0.8911608352754417,exact,Muraglitazar,Muraglitazar,1.0,38,38,exact,exact,Muraglitazar,False,False,False,False,1.0,True,True,0,1,,,,COc1ccc(OC(=O)N(CC(=O)O)Cc2ccc(OCCc3nc(-c4ccccc4)oc3C)cc2)cc1
mycophenolic_acid_cid446541,,,mycophenolic_acid_cid446541.png,high,high,0.8855854409665456,exact,Mycophenolic Acid,Mycophenolic Acid,1.0,23,23,exact,exact,Mycophenolic Acid,False,False,False,False,1.0,True,True,0,1,,,,COc1c(C)c2c(c(O)c1C/C=C(\C)CCC(=O)O)C(=O)OC2
n2_1s_1_4_fluorophenyl_ethyl_4_1_methyl_1h_pyrazol_4_yl_n6_2_cid46866319,,,n2_1s_1_4_fluorophenyl_ethyl_4_1_methyl_1h_pyrazol_4_yl_n6_2_cid46866319.png,high,high,0.9007828857173505,exact,"N2-((1S)-1-(4-Fluorophenyl)ethyl)-4-(1-methyl-1H-pyrazol-4-yl)-N6-2-pyrazinyl-2,6-pyridinediamine","N2-((1S)-1-(4-Fluorophenyl)ethyl)-4-(1-methyl-1H-pyrazol-4-yl)-N6-2-pyrazinyl-2,6-pyridinediamine",1.0,29,29,exact,exact,"N2-((1S)-1-(4-Fluorophenyl)ethyl)-4-(1-methyl-1H-pyrazol-4-yl)-N6-2-pyrazinyl-2,6-pyridinediamine",False,False,False,False,1.0,True,True,0,1,,,,C[C@H](Nc1cc(-c2cnn(C)c2)cc(Nc2cnccn2)n1)c1ccc(F)cc1
n_1_8_3_methyl_4_1_methyl_1h_benzo_d_imidazol_5_yl_oxy_pheny_cid160283094,,,n_1_8_3_methyl_4_1_methyl_1h_benzo_d_imidazol_5_yl_oxy_pheny_cid160283094.png,high,high,0.8933784744928638,exact,"N-(1-(8-((3-methyl-4-((1-methyl-1H-benzo(d)imidazol-5-yl)oxy)phenyl)amino)pyrimido(5,4-d)pyrimidin-2-yl)piperidin-4-yl)acrylamide","N-(1-(8-((3-methyl-4-((1-methyl-1H-benzo(d)imidazol-5-yl)oxy)phenyl)amino)pyrimido(5,4-d)pyrimidin-2-yl)piperidin-4-yl)acrylamide",1.0,40,40,exact,exact,"N-(1-(8-((3-methyl-4-((1-methyl-1H-benzo(d)imidazol-5-yl)oxy)phenyl)amino)pyrimido(5,4-d)pyrimidin-2-yl)piperidin-4-yl)acrylamide",False,False,False,False,1.0,True,True,0,1,,,,C=CC(=O)NC1CCN(c2ncc3ncnc(Nc4ccc(Oc5ccc6c(c5)ncn6C)c(C)c4)c3n2)CC1
n_5_aminosulfonyl_4_methyl_1_3_thiazol_2_yl_n_methyl_2_4_2_p_cid491941,,,n_5_aminosulfonyl_4_methyl_1_3_thiazol_2_yl_n_methyl_2_4_2_p_cid491941.png,high,high,0.9054850898590648,exact,"N-(5-(Aminosulfonyl)-4-methyl-1,3-thiazol-2-yl)-N-methyl-2-(4-(2-pyridinyl)phenyl)acetamide","N-(5-(Aminosulfonyl)-4-methyl-1,3-thiazol-2-yl)-N-methyl-2-(4-(2-pyridinyl)phenyl)acetamide",1.0,27,27,exact,exact,"N-(5-(Aminosulfonyl)-4-methyl-1,3-thiazol-2-yl)-N-methyl-2-(4-(2-pyridinyl)phenyl)acetamide",False,False,False,False,1.0,True,True,0,1,,,,Cc1nc(N(C)C(=O)Cc2ccc(-c3ccccn3)cc2)sc1S(N)(=O)=O
n_acetylcysteine_amide_cid10176265,,,n_acetylcysteine_amide_cid10176265.png,high,high,0.8444760701137621,exact,N-Acetylcysteine amide,N-Acetylcysteine amide,1.0,10,10,exact,exact,N-Acetylcysteine amide,False,False,False,False,1.0,True,True,0,1,,,,CC(=O)N[C@@H](CS)C(N)=O
nabilone_cid5284592,,,nabilone_cid5284592.png,high,high,0.8760181233213495,exact,Nabilone,Nabilone,1.0,27,27,exact,exact,Nabilone,False,False,False,False,1.0,True,True,0,1,,,,[H][C@@]12CC(=O)CC[C@@]1([H])C(C)(C)Oc1cc(C(C)(C)CCCCCC)cc(O)c12
naftifine_cid47641,,,naftifine_cid47641.png,high,high,0.9108321606765928,exact,Naftifine,Naftifine,1.0,22,22,exact,exact,Naftifine,False,False,False,False,1.0,True,True,0,1,,,,CN(C/C=C/c1ccccc1)Cc1cccc2ccccc12
nalbuphine_cid5311304,,,nalbuphine_cid5311304.png,low,low,0.00503909552497973,invalid,,,,,,invalid,invalid,,False,False,False,False,,False,,,,,,,[H][CH]12CC3=C4C(=C(O)C=C3)OC35([H])CN167CC1CC8(C1)C1CC8C1CN1CC43(C26O)C17(O)CCC5O
naloxegol_oxalate_cid56959086,,,naloxegol_oxalate_cid56959086.png,low,low,1.115080460778147e-07,invalid,,,,,,invalid,invalid,,False,False,False,False,,False,,,,,,,O=C(O)C(=O)O.[H]C12CC345=C6789C%10%11(=C(O)C=C3)=C3%12%13%14(O)=C6%15%16=C6%17(=C=37%18%19C37*%20%21C%22%23([H])(CC=C)*C%2038%24%25[CH](N%10)(N%11%15%18)C938(C9CC91%223(O)CC%2127%238%24)C4%16%19%25=C1C2=C6%12=C15=C=2%17%13)O%14 |$;;;;;;;;;;;;;;;;;;;;;;0;;;;;;*;;;;;;;;;;;;;;;;;;$|
narasin_cid65452,,,narasin_cid65452.png,low,low,0.4270154600256907,wrong,,Narasin,0.86,54,54,near,near,,False,False,False,False,0.86,False,False,12,2,,,,CCC.CCC[C@@H]1O[C@@H]([C@@H](C)[C@H](O)[C@H](C)C(=O)[C@H](CC)[C@H]2O[C@]3(C=C[C@@H](O)[C@]4(CC[C@@](C)([C@H]5CC[C@](O)(CC)[C@H](C)O5)O4)O3)[C@H](C)C[C@@H]2C)[C@@H](C)C[C@@H]1C
navtemadlin_cid58573469,,,navtemadlin_cid58573469.png,high,high,0.8808585626364732,exact,Navtemadlin,Navtemadlin,1.0,37,37,exact,exact,Navtemadlin,False,False,False,False,1.0,True,True,0,1,,,,CC(C)[C@@H](CS(=O)(=O)C(C)C)N1C(=O)[C@@](C)(CC(=O)O)C[C@H](c2cccc(Cl)c2)[C@H]1c1ccc(Cl)cc1
neoarsphenamine_cid76961391,,,neoarsphenamine_cid76961391.png,high,high,0.8763347344788626,stereo,Neoarsphenamine,Neoarsphenamine,1.0,23,23,stereo,stereo,Neoarsphenamine,False,False,False,False,1.0,True,True,0,2,,,,Nc1cc(/[As]=[As]/c2ccc(O)c(NCOS[O-])c2)ccc1O.[Na+]
neramexane_cid6433106,,,neramexane_cid6433106.png,high,high,0.9024480258944976,exact,Neramexane,Neramexane,1.0,12,12,exact,exact,Neramexane,False,False,False,False,1.0,True,True,0,1,,,,CC1(C)CC(C)(C)CC(C)(N)C1
neticonazole_cid5282433,,,neticonazole_cid5282433.png,high,high,0.8779322644744142,exact,Neticonazole,Neticonazole,1.0,21,21,exact,exact,Neticonazole,False,False,False,False,1.0,True,True,0,1,,,,CCCCCOc1ccccc1/C(=C\SC)n1ccnc1
niclosamide_cid4477,,,niclosamide_cid4477.png,high,high,0.8830698322319848,exact,Niclosamide,Niclosamide,1.0,21,21,exact,exact,Niclosamide,False,False,False,False,1.0,True,True,0,1,,,,O=C(Nc1ccc([N+](=O)[O-])cc1Cl)c1cc(Cl)ccc1O
nicorandil_cid47528,,,nicorandil_cid47528.png,low,low,0.6830508144156706,exact,Nicorandil,Nicorandil,1.0,15,15,exact,exact,Nicorandil,False,False,False,False,1.0,True,True,0,1,,,,O=C(NCCO[N+](=O)[O-])c1cccnc1
nikkomycin_x_cid194647,,,nikkomycin_x_cid194647.png,high,high,0.8836944859404664,exact,Nikkomycin X,Nikkomycin X,1.0,35,35,exact,exact,Nikkomycin X,False,False,False,False,1.0,True,True,0,1,,,,CC(C(N)C(=O)NC(C(=O)O)C1OC(n2cc(C=O)[nH]c2=O)C(O)C1O)C(O)c1ccc(O)cn1
niludipine_cid89767,,,niludipine_cid89767.png,high,high,0.8772565775245041,exact,Niludipine,Niludipine,1.0,35,35,exact,exact,Niludipine,False,False,False,False,1.0,True,True,0,1,,,,CCCOCCOC(=O)C1=C(C)NC(C)=C(C(=O)OCCOCCC)C1c1cccc([N+](=O)[O-])c1
nintedanib_esylate_cid135476717,,,nintedanib_esylate_cid135476717.png,high,high,0.8863298515141037,stereo,Nintedanib esylate,Nintedanib esylate,1.0,46,46,stereo,stereo,Nintedanib esylate,False,False,False,False,1.0,True,True,0,2,,,,CCS(=O)(=O)O.COC(=O)c1ccc2c(/C(=N/c3ccc(N(C)C(=O)CN4CCN(C)CC4)cc3)c3ccccc3)c(O)[nH]c2c1
nisoldipine_cid4499,,,nisoldipine_cid4499.png,high,high,0.8571929800643361,exact,Nisoldipine,Nisoldipine,1.0,28,28,exact,exact,Nisoldipine,False,False,False,False,1.0,True,True,0,1,,,,COC(=O)C1=C(C)NC(C)=C(C(=O)OCC(C)C)C1c1ccccc1[N+](=O)[O-]
nitarsone_cid66826,,,nitarsone_cid66826.png,high,high,0.8638901373495922,exact,Nitarsone,Nitarsone,1.0,13,13,exact,exact,Nitarsone,False,False,False,False,1.0,True,True,0,1,,,,O=[N+]([O-])c1ccc([As](=O)(O)O)cc1
nitric_oxide_cid145068,,,nitric_oxide_cid145068.png,low,low,0.4083499421700791,invalid,,,,,,invalid,invalid,,False,False,False,False,,False,,,,,,,N#O
nogalamycin_cid5289019,,,nogalamycin_cid5289019.png,high,high,0.8504097420124929,exact,Nogalamycin,Nogalamycin,1.0,56,56,exact,exact,Nogalamycin,False,False,False,False,1.0,True,True,0,1,,,,[H][C@@]12Oc3c(cc(O)c4c3C(=O)c3cc5c(c(O)c3C4=O)[C@@H](O[C@@H]3O[C@@H](C)[C@H](OC)[C@@](C)(OC)[C@H]3OC)C[C@](C)(O)[C@@H]5C(=O)OC)[C@@](C)(O1)[C@H](O)[C@@H](N(C)C)[C@@H]2O
norethandrolone_cid5858,,,norethandrolone_cid5858.png,low,low,0.8289777043205132,exact,Norethandrolone,Norethandrolone,1.0,22,22,exact,exact,Norethandrolone,False,False,False,False,1.0,True,True,0,1,,,,[H][C@@]12CCC3=CC(=O)CC[C@]3([H])[C@@]1([H])CC[C@]1(C)[C@](O)(CC)CC[C@@]21[H]
norucholic_acid_cid192254,,,norucholic_acid_cid192254.png,high,high,0.8835166486135871,exact,Norucholic Acid,Norucholic Acid,1.0,27,27,exact,exact,Norucholic Acid,False,False,False,False,1.0,True,True,0,1,,,,[H][C@@]12C[C@H](O)CC[C@]1(C)[C@@]1([H])CC[C@]3(C)[C@@H]([C@H](C)CC(=O)O)CC[C@@]3([H])[C@]1([H])[C@@H](O)C2
nosiheptide_cid16130051,,,nosiheptide_cid16130051.png,low,low,0.03631102507744091,invalid,,,,,,invalid,invalid,,False,False,False,False,,False,,,,,,,C=C(NC(=O)C12=CSC(=N1)C13=N4=C56C7=CSC(=N7)C7CSC(=O)C8=C(N)C9=C(C=CC=C9N8)COC(=O)C(O)CC(NC(=O)C8=CSC(=N8)C(=CC)NC(=O)C(C(C)O)NC(=O)C8=CSC9(=N8)C58=C5%10=C%11(=C4C1=N2)OC=35(O)C%11=C=%10968)C1=NC(=CS1)C(=O)N7)C(N)=O
novolimus_cid9854320,,,novolimus_cid9854320.png,high,high,0.8516747855953506,wrong,,Novolimus,0.761,63,64,wrong,wrong,,False,False,False,False,0.761,False,False,2,1,,,,[H][C]1CC[C@@H](C)C(O)C(=O)C(=O)N2CCCC[C@@]2([H])C(=O)O[C@H]([C@H](C)C[C@@H]2CC[C@@H](O)[C@H](OC)C2)CC(=O)[C@H](C)/C=C(\C)[C@@H](O)[C@@H](OC)C(=O)[C@H](C)C[C@H](C)/C=C/C=C/C=C(\C)[C@@H](O)C1 |^1:1|
octapeptin_cid3084738,,,octapeptin_cid3084738.png,high,high,0.8772199590609587,exact,Octapeptin,Octapeptin,1.0,72,72,exact,exact,Octapeptin,False,False,False,False,1.0,True,True,0,1,,,,CCC(C)CCCCC(O)CC(=O)N[C@H]1CCNC(=O)[C@H](CC(C)C)NC(=O)[C@H](CCN)NC(=O)[C@H](CCN)NC(=O)[C@H](CC(C)C)NC(=O)[C@H](CC(C)C)NC(=O)[C@H](CCN)NC(=O)[C@H](CCN)NC1=O
olinciguat_cid90445883,,,olinciguat_cid90445883.png,high,high,0.8742944157524218,exact,Olinciguat,Olinciguat,1.0,36,36,exact,exact,Olinciguat,False,False,False,False,1.0,True,True,0,1,,,,NC(=O)[C@](O)(CNc1nc(-c2cc(-c3ccon3)n(Cc3ccccc3F)n2)ncc1F)C(F)(F)F
olorigliflozin_cid122660464,,,olorigliflozin_cid122660464.png,high,high,0.8757021809644733,exact,Olorigliflozin,Olorigliflozin,1.0,31,31,exact,exact,Olorigliflozin,False,False,False,False,1.0,True,True,0,1,,,,CCOc1ccc(Cc2cc([C@]34OC[C@]([C@@H](C)O)(O3)[C@@H](O)[C@H](O)[C@H]4O)ccc2Cl)cc1
ontazolast_cid71458,,,ontazolast_cid71458.png,high,high,0.8931346777810576,exact,Ontazolast,Ontazolast,1.0,25,25,exact,exact,Ontazolast,False,False,False,False,1.0,True,True,0,1,,,,Cc1ccc2oc(N[C@@H](CC3CCCCC3)c3ccccn3)nc2c1
ormaplatin_cid6434704,,,ormaplatin_cid6434704.png,low,low,0.7232643294035608,wrong,,Ormaplatin,0.647,12,13,wrong,wrong,,False,False,False,False,0.647,False,False,2,2,,,,Cl*(Cl)(Cl)Cl.N[C@@H]1CCCC[C@H]1N |$;Pt2+2;;;;;;;;;;;$|
otamixaban_cid5496659,,,otamixaban_cid5496659.png,low,low,0.8428416164418532,exact,Otamixaban,Otamixaban,1.0,33,33,exact,exact,Otamixaban,False,False,False,False,1.0,True,True,0,1,,,,COC(=O)[C@H](Cc1cccc(C(=N)N)c1)[C@@H](C)NC(=O)c1ccc(-c2cc[n+]([O-])cc2)cc1
otilonium_bromide_cid72092,,,otilonium_bromide_cid72092.png,high,high,0.899172076527019,exact,Otilonium Bromide,Otilonium Bromide,1.0,36,36,exact,exact,Otilonium Bromide,False,False,False,False,1.0,True,True,0,2,,,,CCCCCCCCOc1ccccc1C(=O)Nc1ccc(C(=O)OCC[N+](C)(CC)CC)cc1.[Br-]
oxacillin_cid6196,,,oxacillin_cid6196.png,high,high,0.888802769258317,exact,Oxacillin,Oxacillin,1.0,28,28,exact,exact,Oxacillin,False,False,False,False,1.0,True,True,0,1,,,,[H][C@]12SC(C)(C)[C@H](C(=O)O)N1C(=O)[C@H]2NC(=O)c1c(-c2ccccc2)noc1C
pamiparib_cid135565554,,,pamiparib_cid135565554.png,high,high,0.8592320018354102,exact,Pamiparib,Pamiparib,1.0,22,22,exact,exact,Pamiparib,False,False,False,False,1.0,True,True,0,1,,,,C[C@]12CCCN1CC1=NNC(=O)c3cc(F)cc4[nH]c2c1c34
pancuronium_bromide_cid27350,,,pancuronium_bromide_cid27350.png,high,high,0.8589653987448116,wrong,,Pancuronium Bromide,1.0,42,43,salt,salt,Pancuronium Bromide,False,False,False,False,1.0,False,False,1,2,,,,[Br-].[H][C@@]12CC[C@]3([H])[C@]([H])(CC[C@]4(C)[C@@H](OC(C)=O)[C@@H]([N+]5(C)CCCCC5)C[C@@]34[H])[C@@]1(C)C[C@H]([N+]1(C)CCCCC1)[C@@H](OC(C)=O)C2
pazufloxacin_cid65957,,,pazufloxacin_cid65957.png,low,low,0.8411050256131829,exact,Pazufloxacin,Pazufloxacin,1.0,23,23,exact,exact,Pazufloxacin,False,False,False,False,1.0,True,True,0,1,,,,C[C@H]1COc2c(C3(N)CC3)c(F)cc3c(=O)c(C(=O)O)cn1c23
pelabresib_cid118591411,,,pelabresib_cid118591411.png,high,high,0.8741990619968749,wrong,,Pelabresib,0.98,26,27,salt,salt,Pelabresib,False,False,False,False,0.98,False,False,3,1,,,,Cc1noc2c1-c1ccccc1C(c1ccc(Cl)cc1)=N[C@H]2CC(N)=O
penbutolol_cid37464,,,penbutolol_cid37464.png,high,high,0.8977194279714362,exact,Penbutolol,Penbutolol,1.0,21,21,exact,exact,Penbutolol,False,False,False,False,1.0,True,True,0,1,,,,CC(C)(C)NC[C@H](O)COc1ccccc1C1CCCC1
penicillin_v_cid6869,,,penicillin_v_cid6869.png,high,high,0.8493453471220568,exact,Penicillin V,Penicillin V,1.0,24,24,exact,exact,Penicillin V,False,False,False,False,1.0,True,True,0,1,,,,[H][C@]12SC(C)(C)[C@H](C(=O)O)N1C(=O)[C@H]2NC(=O)COc1ccccc1
pentamidine_isethionate_cid8813,,,pentamidine_isethionate_cid8813.png,high,high,0.8943355989011098,exact,Pentamidine Isethionate,Pentamidine Isethionate,1.0,39,39,exact,exact,Pentamidine Isethionate,False,False,False,False,1.0,True,True,0,3,,O=S(=O)(O)CCO,,N=C(N)c1ccc(OCCCCCOc2ccc(C(=N)N)cc2)cc1.O=S(=O)(O)CCO.O=S(=O)(O)CCO
peplomycin_cid6852373,,,peplomycin_cid6852373.png,low,low,0.3543654842453304,wrong,,Peplomycin,0.704,100,102,wrong,wrong,,False,False,False,False,0.704,False,False,8,3,,,,C[C@H](C(=O)N[CH][C@@H](C)O)[C@H](O)[C@@H](C)NC(=O)C[C@@H](O[C@@H]1O[C@@H](CO)[C@@H](O)[C@H](O)[C@@H]1O[C@H]1O[C@H](CO)[C@@H](O)[C@H](OC(N)=O)[C@@H]1O)c1cnc[nH]1.C[C@H](NCCCNC(=O)c1csc(-c2cc(O)nc(O)n2)n1)c1ccccc1.Cc1c(N)nc([C@H](CC(N)=O)NC[C@H](N)C(N)=O)nc1C(=O)O |^1:5|
perfluoropropane_cid6432,,,perfluoropropane_cid6432.png,high,high,0.8665403938642084,exact,Perfluoropropane,Perfluoropropane,1.0,11,11,exact,exact,Perfluoropropane,False,False,False,False,1.0,True,True,0,1,,,,FC(F)(F)C(F)(F)C(F)(F)F
pevonedistat_cid16720766,,,pevonedistat_cid16720766.png,high,high,0.8907855979590913,exact,Pevonedistat,Pevonedistat,1.0,31,31,exact,exact,Pevonedistat,False,False,False,False,1.0,True,True,0,1,,,,NS(=O)(=O)OC[C@@H]1C[C@@H](n2ccc3c(N[C@H]4CCc5ccccc54)ncnc32)C[C@@H]1O
pexidartinib_cid25151352,,,pexidartinib_cid25151352.png,high,high,0.8886388898024908,exact,Pexidartinib,Pexidartinib,1.0,29,29,exact,exact,Pexidartinib,False,False,False,False,1.0,True,True,0,1,,,,FC(F)(F)c1ccc(CNc2ccc(Cc3c[nH]c4ncc(Cl)cc34)cn2)cn1
pexiganan_cid16132253,,,pexiganan_cid16132253.png,low,low,4.421460351197895e-06,invalid,,,,,,invalid,invalid,,False,False,False,False,,False,,,,,,,CC(C)CC(NC(=O)[CH]123C[CH]1(C2)C3C)C(=O)N[CH]C(=O)NC(C=CC=CC(N)=CCC[CH]NC12C(=O)C1C2=C(C=CC1CC2N1C2(=O)[CH]1(CC(C)C)CN23C1(=O)N[CH]214CCCC2NC(CCC[CH]35C13(=O)N1[CH]67CC8CC9%10NC(N9)C%10CC86C(C=CC=CN6C8CC8CC68[CH]69C[CH]8(C6)N9)N73C154=O)N2)CCCN)C(N)=O
phenazopyridine_hydrochloride_cid8691,,,phenazopyridine_hydrochloride_cid8691.png,high,high,0.8950271063849669,stereo,Phenazopyridine hydrochloride,Phenazopyridine hydrochloride,1.0,17,17,stereo,stereo,Phenazopyridine hydrochloride,False,False,False,False,1.0,True,True,0,2,,,,Cl.Nc1ccc(/N=N/c2ccccc2)c(N)n1
pheniramine_cid4761,,,pheniramine_cid4761.png,high,high,0.9079003071819803,exact,Pheniramine,Pheniramine,1.0,18,18,exact,exact,Pheniramine,False,False,False,False,1.0,True,True,0,1,,,,CN(C)CCC(c1ccccc1)c1ccccn1
phenoxyethanol_cid31236,,,phenoxyethanol_cid31236.png,high,high,0.8567367015086993,exact,Phenoxyethanol,Phenoxyethanol,1.0,10,10,exact,exact,Phenoxyethanol,False,False,False,False,1.0,True,True,0,1,,,,OCCOc1ccccc1
phenylmercuric_nitrate_cid16682924,,,phenylmercuric_nitrate_cid16682924.png,high,high,0.8786567269984534,exact,Phenylmercuric Nitrate,Phenylmercuric Nitrate,1.0,11,11,exact,exact,Phenylmercuric Nitrate,False,False,False,False,1.0,True,True,0,1,,,,O=[N+]([O-])[O][Hg][c]1ccccc1
pidotimod_cid65944,,,pidotimod_cid65944.png,high,high,0.855467199644358,exact,Pidotimod,Pidotimod,1.0,16,16,exact,exact,Pidotimod,False,False,False,False,1.0,True,True,0,1,,,,O=C1CC[C@@H](C(=O)N2CSC[C@H]2C(=O)O)N1
pimodivir_cid67286591,,,pimodivir_cid67286591.png,low,low,0.2555550813002911,invalid,,,,,,invalid,invalid,,False,False,False,False,,False,,,,,,,[H]C1(NC2=NC(C3=CNC4=C3C=C(F)C=N4)=NC=C2F)C2[CH]C3([H])(C(=O)O)C(CC2)C13
piperaquine_cid122262,,,piperaquine_cid122262.png,high,high,0.9155322658420748,exact,Piperaquine,Piperaquine,1.0,37,37,exact,exact,Piperaquine,False,False,False,False,1.0,True,True,0,1,,,,Clc1ccc2c(N3CCN(CCCN4CCN(c5ccnc6cc(Cl)ccc56)CC4)CC3)ccnc2c1
pirarubicin_cid11296583,,,pirarubicin_cid11296583.png,high,high,0.8630365203066446,stereo,Pirarubicin,Pirarubicin,1.0,45,45,stereo,stereo,Pirarubicin,False,False,False,False,1.0,True,True,0,1,,,,COc1cccc2c1C(=O)c1c(O)c3c(c(O)c1C2=O)C[C@@](O)(C(=O)CO)C[C@@H]3OC1C[C@H](N)[C@H](O[C@@H]2CCCCO2)[C@H](C)O1
piroctone_olamine_cid50258,,,piroctone_olamine_cid50258.png,high,high,0.888240810051355,exact,Piroctone Olamine,Piroctone Olamine,1.0,21,21,exact,exact,Piroctone Olamine,False,False,False,False,1.0,True,True,0,2,,,,Cc1cc(CC(C)CC(C)(C)C)n(O)c(=O)c1.NCCO
planosporicin_cid139586698,,,planosporicin_cid139586698.png,low,low,0.0001360300833542027,invalid,,,,,,invalid,invalid,,False,False,False,False,,False,,,,,,,O.[H]C(C)C(=O)NC(CC(=O)O)C(=O)NCC(=O)NC(=O)CCC(N)=O.[H]C(CC1C[SH]1CN[CH]1(NC(=O)C(CC2=CC=CC=C2NC)NC(=O)C(=O)NC(=O)C(NC(=O)[CH]NCC(=CC)NC(=O)C(N)[CH]23CC4C2C43)C(C)C)C*C2[CH]34(O)O[CH]25(C1=O)C31C[SH]1CC(C)NC45=O)NC(=O)CN1C23=O=C12=O=3 |$;;;;;;;;;;;;;;;;;;;;;;;;;;;;;;;;;;;;;;;;;;;;;;;;;;;;;;;;;;;;;;;;;;;;;;;;;;;;;;;;MeN;;;;;;;;;;;;;;;;;;;;;;;;;$|
plinabulin_cid9949641,,,plinabulin_cid9949641.png,high,high,0.8918695368766417,exact,Plinabulin,Plinabulin,1.0,25,25,exact,exact,Plinabulin,False,False,False,False,1.0,True,True,0,1,,,,CC(C)(C)c1[nH]cnc1/C=c1\[nH]c(=O)/c(=C/c2ccccc2)[nH]c1=O
plocabulin_cid57788271,,,plocabulin_cid57788271.png,high,high,0.8693741582508981,exact,Plocabulin,Plocabulin,1.0,41,41,exact,exact,Plocabulin,False,False,False,False,1.0,True,True,0,1,,,,C/C=C\C[C@@H](C/C=C\NC(=O)[C@@H](NC(=O)/C=C\C=C/C(C)=C/[C@H](C)[C@@H]1CC=C(OC)C(=O)O1)C(C)(C)C)OC(N)=O
pneumocandin_b_0_cid16119739,,,pneumocandin_b_0_cid16119739.png,low,low,0.8247067441141246,stereo,Pneumocandin B(0),Pneumocandin B(0),1.0,75,75,stereo,stereo,Pneumocandin B(0),False,False,False,False,1.0,True,True,0,1,,,,[H][C@@]12C[C@@H](O)CN1C(=O)[C@H]([C@@H](C)O)NC(=O)C(NC(=O)CCCCCCCC[C@@H](C)C[C@@H](C)CC)CC(O)[C@@H](O)NC(=O)[C@]1([H])[C@@H](O)CCN1C(=O)[C@H]([C@H](O)CC(N)=O)NC(=O)[C@H]([C@H](O)[C@@H](O)c1ccc(O)cc1)NC2=O
pnu_159682_cid9874188,,,pnu_159682_cid9874188.png,high,high,0.8845305359194339,exact,Pnu-159682,Pnu-159682,1.0,46,46,exact,exact,Pnu-159682,False,False,False,False,1.0,True,True,0,1,,,,[H][C@]12O[C@]3([H])[C@H](C)O[C@@H](O[C@H]4C[C@](O)(C(=O)CO)Cc5c(O)c6c(c(O)c54)C(=O)c4c(OC)cccc4C6=O)C[C@]3([H])N1CCO[C@@H]2OC
potassium_permanganate_cid516875,,,potassium_permanganate_cid516875.png,low,low,0.7039519363033495,exact,Potassium Permanganate,Potassium Permanganate,1.0,6,6,exact,exact,Potassium Permanganate,False,False,False,False,1.0,True,True,0,2,,,,[K+].[O]=[Mn](=[O])(=[O])[O-]
povorcitinib_cid86280672,,,povorcitinib_cid86280672.png,high,high,0.9069146149360088,exact,Povorcitinib,Povorcitinib,1.0,36,36,exact,exact,Povorcitinib,False,False,False,False,1.0,True,True,0,1,,,,Cc1n[nH]c(C)c1-c1cnn(C2(CC#N)CN(c3cc(F)c(C(=O)N[C@@H](C)C(F)(F)F)cc3F)C2)c1
practolol_cid4883,,,practolol_cid4883.png,high,high,0.8659995443111701,exact,Practolol,Practolol,1.0,19,19,exact,exact,Practolol,False,False,False,False,1.0,True,True,0,1,,,,CC(=O)Nc1ccc(OCC(O)CNC(C)C)cc1
pralatrexate_cid148121,,,pralatrexate_cid148121.png,high,high,0.8824893888772555,exact,Pralatrexate,Pralatrexate,1.0,35,35,exact,exact,Pralatrexate,False,False,False,False,1.0,True,True,0,1,,,,C#CCC(Cc1cnc2nc(N)nc(N)c2n1)c1ccc(C(=O)N[C@@H](CCC(=O)O)C(=O)O)cc1
pralidoxime_chloride_cid135445761,,,pralidoxime_chloride_cid135445761.png,high,high,0.8844019979963167,exact,Pralidoxime Chloride,Pralidoxime Chloride,1.0,11,11,exact,exact,Pralidoxime Chloride,False,False,False,False,1.0,True,True,0,2,,,,C[n+]1ccccc1/C=N/O.[Cl-]
pramiconazole_cid3013050,,,pramiconazole_cid3013050.png,high,high,0.8665706309162596,exact,Pramiconazole,Pramiconazole,1.0,48,48,exact,exact,Pramiconazole,False,False,False,False,1.0,True,True,0,1,,,,CC(C)N1CCN(c2ccc(N3CCN(c4ccc(OC[C@H]5OC[C@](Cn6cncn6)(c6ccc(F)cc6F)O5)cc4)CC3)cc2)C1=O
pranlukast_cid4887,,,pranlukast_cid4887.png,high,high,0.8727614765904078,exact,Pranlukast,Pranlukast,1.0,36,36,exact,exact,Pranlukast,False,False,False,False,1.0,True,True,0,1,,,,O=C(Nc1cccc2c(=O)cc(-c3nn[nH]n3)oc12)c1ccc(OCCCCc2ccccc2)cc1
procaterol_cid688563,,,procaterol_cid688563.png,high,high,0.8953602750996555,exact,Procaterol,Procaterol,1.0,21,21,exact,exact,Procaterol,False,False,False,False,1.0,True,True,0,1,,,,CC[C@@H](NC(C)C)[C@@H](O)c1ccc(O)c2[nH]c(=O)ccc12
procyclidine_cid4919,,,procyclidine_cid4919.png,high,high,0.8813325227238081,exact,Procyclidine,Procyclidine,1.0,21,21,exact,exact,Procyclidine,False,False,False,False,1.0,True,True,0,1,,,,OC(CCN1CCCC1)(c1ccccc1)C1CCCCC1
propiverine_cid4942,,,propiverine_cid4942.png,high,high,0.8797195935110457,exact,Propiverine,Propiverine,1.0,27,27,exact,exact,Propiverine,False,False,False,False,1.0,True,True,0,1,,,,CCCOC(C(=O)OC1CCN(C)CC1)(c1ccccc1)c1ccccc1
protirelin_cid638678,,,protirelin_cid638678.png,high,high,0.8500896257262319,wrong,,Protirelin,0.734,27,26,wrong,wrong,,False,False,False,False,0.734,False,False,5,2,,,,CC(N)=O.O=C1CC[C@@H](C(=O)N[C@@H](Cc2cnc[nH]2)C(=O)N2CCCC2)N1
proxyphylline_cid4977,,,proxyphylline_cid4977.png,high,high,0.8812336546691458,exact,Proxyphylline,Proxyphylline,1.0,17,17,exact,exact,Proxyphylline,False,False,False,False,1.0,True,True,0,1,,,,CC(O)Cn1cnc2c1c(=O)n(C)c(=O)n2C
pyridostigmine_bromide_cid7550,,,pyridostigmine_bromide_cid7550.png,high,high,0.8857419413650026,exact,Pyridostigmine Bromide,Pyridostigmine Bromide,1.0,14,14,exact,exact,Pyridostigmine Bromide,False,False,False,False,1.0,True,True,0,2,,,,CN(C)C(=O)Oc1ccc[n+](C)c1.[Br-]
radotinib_cid16063245,,,radotinib_cid16063245.png,high,high,0.9037666185511649,exact,Radotinib,Radotinib,1.0,39,39,exact,exact,Radotinib,False,False,False,False,1.0,True,True,0,1,,,,Cc1cn(-c2cc(NC(=O)c3ccc(C)c(Nc4nccc(-c5cnccn5)n4)c3)cc(C(F)(F)F)c2)cn1
ravidasvir_cid52918888,,,ravidasvir_cid52918888.png,high,high,0.8527556017488859,exact,Ravidasvir,Ravidasvir,1.0,56,56,exact,exact,Ravidasvir,False,False,False,False,1.0,True,True,0,1,,,,COC(=O)N[C@H](C(=O)N1CCC[C@H]1c1ncc(-c2ccc3cc(-c4ccc5nc([C@@H]6CCCN6C(=O)[C@@H](NC(=O)OC)C(C)C)[nH]c5c4)ccc3c2)[nH]1)C(C)C
refametinib_cid44182295,,,refametinib_cid44182295.png,high,high,0.8469593955081509,exact,Refametinib,Refametinib,1.0,31,31,exact,exact,Refametinib,False,False,False,False,1.0,True,True,0,1,,,,COc1cc(F)c(F)c(Nc2ccc(I)cc2F)c1NS(=O)(=O)C1(C[C@H](O)CO)CC1
resminostat_cid11609955,,,resminostat_cid11609955.png,high,high,0.8494341829860921,exact,Resminostat,Resminostat,1.0,24,24,exact,exact,Resminostat,False,False,False,False,1.0,True,True,0,1,,,,CN(C)Cc1ccc(S(=O)(=O)n2ccc(/C=C/C(=O)NO)c2)cc1
retinol_palmitate_cid5280531,,,retinol_palmitate_cid5280531.png,high,high,0.8502065557347368,exact,Retinol Palmitate,Retinol Palmitate,1.0,38,38,exact,exact,Retinol Palmitate,False,False,False,False,1.0,True,True,0,1,,,,CCCCCCCCCCCCCCCC(=O)OC/C=C(C)/C=C/C=C(C)/C=C/C1=C(C)CCCC1(C)C
riboflavin_cid493570,,,riboflavin_cid493570.png,high,high,0.8804557948579412,exact,Riboflavin,Riboflavin,1.0,27,27,exact,exact,Riboflavin,False,False,False,False,1.0,True,True,0,1,,,,Cc1cc2nc3c(=O)[nH]c(=O)nc-3n(C[C@H](O)[C@H](O)[C@H](O)CO)c2cc1C
ridaforolimus_cid11520894,,,ridaforolimus_cid11520894.png,low,low,0.8350708962456872,wrong,,Ridaforolimus,0.65,68,69,wrong,wrong,,False,False,False,False,0.65,False,False,4,2,,,,CP(C)(=O)O.[H][C]1CC[C@@H](C)[C@@H](O)C(=O)C(=O)N2CCCC[C@@]2([H])C(=O)O[C@H]([C@H](C)C[C@@H]2CCC[C@H](OC)C2)CC(=O)[C@H](C)/C=C(\C)[C@@H](O)[C@@H](OC)C(=O)[C@H](C)C[C@H](C)/C=C/C=C/C=C(\C)[C@H](OC)C1 |^1:6|
rilmenidine_cid68712,,,rilmenidine_cid68712.png,high,high,0.8463951851310567,exact,Rilmenidine,Rilmenidine,1.0,13,13,exact,exact,Rilmenidine,False,False,False,False,1.0,True,True,0,1,,,,C1COC(NC(C2CC2)C2CC2)=N1
rilpivirine_cid6451164,,,rilpivirine_cid6451164.png,high,high,0.8990084327424078,exact,Rilpivirine,Rilpivirine,1.0,28,28,exact,exact,Rilpivirine,False,False,False,False,1.0,True,True,0,1,,,,Cc1cc(/C=C/C#N)cc(C)c1Nc1ccnc(Nc2ccc(C#N)cc2)n1
rimexolone_cid5311412,,,rimexolone_cid5311412.png,high,high,0.862323699651778,exact,Rimexolone,Rimexolone,1.0,27,27,exact,exact,Rimexolone,False,False,False,False,1.0,True,True,0,1,,,,[H][C@@]12C[C@@H](C)[C@](C)(C(=O)CC)[C@@]1(C)C[C@H](O)[C@@]1([H])[C@@]2([H])CCC2=CC(=O)C=C[C@@]21C
rimocidin_cid6440843,,,rimocidin_cid6440843.png,low,low,1.429934560188557e-06,invalid,,,,,,invalid,invalid,,False,False,False,False,,False,,,,,,,CCCC1CC=CC=CC=CC=C[CH]234C[CH]56OC(O)(CC(O)CCCC(=O)CC(O)C(CC)C(=O)O1)(CC(O)C5C(O)=O15[CH]789%10%11[CH]%12%13%14%15O%16[CH]7%17%18%19%20O[CH]%1687%21%22%23(O)[CH]8%16(N)[CH]%24%25%26%27(O)[CH]%12%177%28(N)[CH]87%12%17%29O[CH]%16%288%30(O)([CH]%13%18%247%21N)[CH]%25%127%13%16%18%21O2%12[CH]1%26%1782%24%25%28O37[CH]%125%27%29%3013(O4%132)O9%16%242[CH]%14%19%224(O)O%10%18%251[CH]%152%20%23(O)O4%11%21%283)O6
rintatolimod_cid135537060,,,rintatolimod_cid135537060.png,high,high,0.8691893316833147,exact,Rintatolimod,Rintatolimod,1.0,65,65,exact,exact,Rintatolimod,False,False,False,False,1.0,True,True,0,3,,,,Nc1ccn([C@@H]2O[C@H](COP(=O)(O)O)[C@@H](O)[C@H]2O)c(=O)n1.O=c1[nH]cnc2c1ncn2[C@@H]1O[C@H](COP(=O)(O)O)[C@@H](O)[C@H]1O.O=c1ccn([C@@H]2O[C@H](COP(=O)(O)O)[C@@H](O)[C@H]2O)c(=O)[nH]1
rintodestrant_cid129205616,,,rintodestrant_cid129205616.png,high,high,0.8855558895030072,exact,Rintodestrant,Rintodestrant,1.0,33,33,exact,exact,Rintodestrant,False,False,False,False,1.0,True,True,0,1,,,,Cc1cc(F)cc(C)c1C(=O)c1sc2cc(O)ccc2c1Oc1ccc(/C=C/C(=O)O)cc1
ritobegron_cid9820882,,,ritobegron_cid9820882.png,high,high,0.8748513868672751,exact,Ritobegron,Ritobegron,1.0,27,27,exact,exact,Ritobegron,False,False,False,False,1.0,True,True,0,1,,,,Cc1cc(OCC(=O)O)c(C)cc1CCN[C@@H](C)[C@H](O)c1ccc(O)cc1
ritodrine_cid33572,,,ritodrine_cid33572.png,high,high,0.8979025808725002,exact,Ritodrine,Ritodrine,1.0,21,21,exact,exact,Ritodrine,False,False,False,False,1.0,True,True,0,1,,,,C[C@H](NCCc1ccc(O)cc1)[C@H](O)c1ccc(O)cc1
riviciclib_cid24887371,,,riviciclib_cid24887371.png,high,high,0.8705677647684443,exact,Riviciclib,Riviciclib,1.0,28,28,exact,exact,Riviciclib,False,False,False,False,1.0,True,True,0,1,,,,CN1CC[C@H](c2c(O)cc(O)c3c(=O)cc(-c4ccccc4Cl)oc23)[C@H]1CO
roscovitine_cid160355,,,roscovitine_cid160355.png,high,high,0.9054410220838442,exact,Roscovitine,Roscovitine,1.0,26,26,exact,exact,Roscovitine,False,False,False,False,1.0,True,True,0,1,,,,CC[C@H](CO)Nc1nc(NCc2ccccc2)c2ncn(C(C)C)c2n1
roxarsone_cid5104,,,roxarsone_cid5104.png,high,high,0.8727815111106251,exact,Roxarsone,Roxarsone,1.0,14,14,exact,exact,Roxarsone,False,False,False,False,1.0,True,True,0,1,,,,O=[N+]([O-])c1cc([As](=O)(O)O)ccc1O
roxatidine_cid91276,,,roxatidine_cid91276.png,high,high,0.8848287189371091,exact,Roxatidine,Roxatidine,1.0,22,22,exact,exact,Roxatidine,False,False,False,False,1.0,True,True,0,1,,,,O=C(CO)NCCCOc1cccc(CN2CCCCC2)c1
rubitecan_cid472335,,,rubitecan_cid472335.png,high,high,0.8677247679020044,exact,Rubitecan,Rubitecan,1.0,29,29,exact,exact,Rubitecan,False,False,False,False,1.0,True,True,0,1,,,,CC[C@@]1(O)C(=O)OCc2c1cc1n(c2=O)Cc2cc3c([N+](=O)[O-])cccc3nc2-1
ruboxistaurin_cid153999,,,ruboxistaurin_cid153999.png,high,high,0.8771887897580747,exact,Ruboxistaurin,Ruboxistaurin,1.0,35,35,exact,exact,Ruboxistaurin,False,False,False,False,1.0,True,True,0,1,,,,CN(C)C[C@@H]1CCn2cc(c3ccccc32)C2=C(C(=O)NC2=O)c2cn(c3ccccc23)CCO1
runcaciguat_cid134440946,,,runcaciguat_cid134440946.png,high,high,0.8758998684382384,exact,Runcaciguat,Runcaciguat,1.0,32,32,exact,exact,Runcaciguat,False,False,False,False,1.0,True,True,0,1,,,,C[C@H]([C@H](C(=O)Nc1cc([C@@H](CC(=O)O)C2CC2)ccc1Cl)c1ccc(Cl)cc1)C(F)(F)F
saffan_cid24732,,,saffan_cid24732.png,low,low,0.8317185920542944,exact,Saffan,Saffan,1.0,52,52,exact,exact,Saffan,False,False,False,False,1.0,True,True,0,2,,,,[H][C@@]12CC[C@@]3([H])[C@]4([H])CC[C@H](C(=O)COC(C)=O)[C@@]4(C)CC(=O)[C@]3([H])[C@@]1(C)CC[C@@H](O)C2.[H][C@@]12CC[C@@]3([H])[C@]4([H])CC[C@H](C(C)=O)[C@@]4(C)CC(=O)[C@]3([H])[C@@]1(C)CC[C@@H](O)C2
salacinol_cid6451151,,,salacinol_cid6451151.png,low,low,0.834466412179852,exact,Salacinol,Salacinol,1.0,20,20,exact,exact,Salacinol,False,False,False,False,1.0,True,True,0,1,,,,O=S(=O)([O-])O[C@@H](CO)[C@H](O)C[S+]1C[C@@H](O)[C@H](O)[C@H]1CO
sarcosine_cid1088,,,sarcosine_cid1088.png,low,low,0.6327413718785884,exact,Sarcosine,Sarcosine,1.0,6,6,exact,exact,Sarcosine,False,False,False,False,1.0,True,True,0,1,,,,CNCC(=O)O
sarpogrelate_cid5160,,,sarpogrelate_cid5160.png,high,high,0.8725112081554754,exact,Sarpogrelate,Sarpogrelate,1.0,31,31,exact,exact,Sarpogrelate,False,False,False,False,1.0,True,True,0,1,,,,COc1cccc(CCc2ccccc2OCC(CN(C)C)OC(=O)CCC(=O)O)c1
seglitide_cid5311430,,,seglitide_cid5311430.png,high,high,0.88223046821031,exact,Seglitide,Seglitide,1.0,59,59,exact,exact,Seglitide,False,False,False,False,1.0,True,True,0,1,,,,CC(C)[C@@H]1NC(=O)[C@H](CCCCN)NC(=O)[C@@H](Cc2c[nH]c3ccccc23)NC(=O)[C@H](Cc2ccc(O)cc2)NC(=O)[C@H](C)N(C)C(=O)[C@H](Cc2ccccc2)NC1=O
selenium_disulfide_cid24087,,,selenium_disulfide_cid24087.png,low,low,0.3331353823843981,wrong,,Selenium disulfide,0.0,4,3,wrong,wrong,,False,False,False,False,0.0,False,False,6,1,,,,C1=S2C[Se]12 |^1:3|
seletalisib_cid56928390,,,seletalisib_cid56928390.png,high,high,0.8851402707111697,exact,Seletalisib,Seletalisib,1.0,34,34,exact,exact,Seletalisib,False,False,False,False,1.0,True,True,0,1,,,,[O-][n+]1cccc(-c2nc3c(Cl)cccc3cc2[C@@H](Nc2ncnc3cccnc23)C(F)(F)F)c1
semduramicin_cid71327,,,semduramicin_cid71327.png,low,low,0.07610525217991308,invalid,,,,,,invalid,invalid,,False,False,False,False,,False,,,,,,,CC[CH]1(OC2CCC(OC)C(C)O2)[CH]OC(C2OC(C)(O)C(C)CC2C)C1.COC1CCC(OC2CC(C3OC(C)(O)C(C)CC3C)OC2C2(C)CCC(C3(C)CCC4(CC(O)C(C)C(C(C)C5OC(O)(CC(=O)O)C(C)C(O)C5OC)O4)O3)O2)OC1C
serlopitant_cid23653789,,,serlopitant_cid23653789.png,high,high,0.8794251652431466,exact,Serlopitant,Serlopitant,1.0,39,39,exact,exact,Serlopitant,False,False,False,False,1.0,True,True,0,1,,,,[H][C@]12CC[C@H](O[C@H](C)c3cc(C(F)(F)F)cc(C(F)(F)F)c3)[C@@H](c3ccc(F)cc3)[C@]1([H])CN(C1=CC(=O)CC1)C2
setipiprant_cid49843471,,,setipiprant_cid49843471.png,high,high,0.8799631282997825,exact,Setipiprant,Setipiprant,1.0,30,30,exact,exact,Setipiprant,False,False,False,False,1.0,True,True,0,1,,,,O=C(O)Cn1c2c(c3cc(F)ccc31)CN(C(=O)c1cccc3ccccc13)CC2
simeprevir_cid24873435,,,simeprevir_cid24873435.png,high,high,0.8823367582739905,exact,Simeprevir,Simeprevir,1.0,52,52,exact,exact,Simeprevir,False,False,False,False,1.0,True,True,0,1,,,,[H][C@@]12C[C@@H](Oc3cc(-c4nc(C(C)C)cs4)nc4c(C)c(OC)ccc34)C[C@@]1([H])C(=O)N(C)CCCC/C=C\[C@]1([H])C[C@@]1(C(=O)NS(=O)(=O)C1CC1)NC2=O
simfibrate_cid5217,,,simfibrate_cid5217.png,high,high,0.9151420151311064,exact,Simfibrate,Simfibrate,1.0,31,31,exact,exact,Simfibrate,False,False,False,False,1.0,True,True,0,1,,,,CC(C)(Oc1ccc(Cl)cc1)C(=O)OCCCOC(=O)C(C)(C)Oc1ccc(Cl)cc1
sinefungin_cid65482,,,sinefungin_cid65482.png,high,high,0.8567440688043338,exact,Sinefungin,Sinefungin,1.0,27,27,exact,exact,Sinefungin,False,False,False,False,1.0,True,True,0,1,,,,Nc1ncnc2c1ncn2[C@@H]1O[C@H](C[C@@H](N)CC[C@H](N)C(=O)O)[C@@H](O)[C@H]1O
sm_102_cid126697616,,,sm_102_cid126697616.png,low,low,0.8299949920631969,exact,SM-102,SM-102,1.0,50,50,exact,exact,SM-102,False,False,False,False,1.0,True,True,0,1,,,,CCCCCCCCCCCOC(=O)CCCCCN(CCO)CCCCCCCC(=O)OC(CCCCCCCC)CCCCCCCC
sodium_arsenite_cid443495,,,sodium_arsenite_cid443495.png,high,high,0.8633308998304727,wrong,,Sodium Arsenite,0.273,5,4,wrong,wrong,,False,False,False,False,0.273,False,False,1,2,,,,O=[As](=O)[O-].[Na+]
sodium_butyrate_cid5222465,,,sodium_butyrate_cid5222465.png,high,high,0.898185502044109,exact,Sodium Butyrate,Sodium Butyrate,1.0,7,7,exact,exact,Sodium Butyrate,False,False,False,False,1.0,True,True,0,2,,,,CCCC(=O)[O-].[Na+]
sodium_fluoride_cid5235,,,sodium_fluoride_cid5235.png,low,low,0.4818690313610057,wrong,,Sodium Fluoride,0.0,5,2,wrong,wrong,,False,False,False,False,0.0,False,False,10,3,,,,C[CH2][Na].[I-].[Nb] |^1:4|
sodium_perborate_cid517072,,,sodium_perborate_cid517072.png,high,high,0.8726035304368901,exact,Sodium Perborate,Sodium Perborate,1.0,5,5,exact,exact,Sodium Perborate,False,False,False,False,1.0,True,True,0,2,,,,O=BO[O-].[Na+]
sodium_phenylbutyrate_cid5258,,,sodium_phenylbutyrate_cid5258.png,high,high,0.9047621488165111,exact,Sodium Phenylbutyrate,Sodium Phenylbutyrate,1.0,13,13,exact,exact,Sodium Phenylbutyrate,False,False,False,False,1.0,True,True,0,2,,,,O=C([O-])CCCc1ccccc1.[Na+]
sodium_pyruvate_cid23662274,,,sodium_pyruvate_cid23662274.png,low,low,0.8278666919238069,exact,Sodium pyruvate,Sodium pyruvate,1.0,7,7,exact,exact,Sodium pyruvate,False,False,False,False,1.0,True,True,0,2,,,,CC(=O)C(=O)[O-].[Na+]
sodium_selenate_cid25960,,,sodium_selenate_cid25960.png,high,high,0.8657783014043152,exact,Sodium Selenate,Sodium Selenate,1.0,7,7,exact,exact,Sodium Selenate,False,False,False,False,1.0,True,True,0,3,,[Na+],,O=[Se](=O)([O-])[O-].[Na+].[Na+]
sodium_tetrathionate_dihydrate_6ci_7ci_cid203055,,,sodium_tetrathionate_dihydrate_6ci_7ci_cid203055.png,low,low,0.6990752727870788,wrong,,"Sodium tetrathionate, dihydrate (6CI,7CI)",1.0,13,14,salt,salt,"Sodium tetrathionate, dihydrate (6CI,7CI)",False,False,False,False,1.0,False,False,1,4,,O,,O.O.O=S(=O)([O-])SSS(=O)(=O)[O-].[Na+]
sodium_thiocyanate_cid516871,,,sodium_thiocyanate_cid516871.png,low,low,0.6790463330132778,wrong,,Sodium thiocyanate,0.222,3,4,wrong,wrong,,False,False,False,False,0.222,False,False,2,2,,,,C#N.[Na+]
sorangicin_a_cid657059,,,sorangicin_a_cid657059.png,low,low,0.0029156375451128,invalid,,,,,,invalid,invalid,,False,False,False,False,,False,,,,,,,[H]C1[CH]2([H])OC34([H])C=CC=CC=CC(=O)O[H]C5([H])C=CC([H])(CC=CCCC=CC([H])(O)C6([H])OC678(O)C[CH]69(O)C7[CH]7(O)[CH]6%10%11C[CH]796(C)C%107CC9=C%10C%12%13%14[H]C%10%15%16%17([H])(OC3%10%18([H])O%12%15C4([H])(O%13%10%16)C12%18%17)C%14=CC9C%116O78)OC5([H])C(C)=CC(C)CCCCC(=O)O
spiramycin_ii_cid49787020,,,spiramycin_ii_cid49787020.png,high,high,0.8503818251316264,exact,spiramycin II,spiramycin II,1.0,62,62,exact,exact,spiramycin II,False,False,False,False,1.0,True,True,0,1,,,,CO[C@@H]1[C@@H](O[C@@H]2O[C@H](C)[C@@H](O[C@H]3C[C@@](C)(O)[C@@H](O)[C@H](C)O3)[C@H](N(C)C)[C@H]2O)[C@@H](CC=O)C[C@@H](C)[C@@H](O[C@H]2CC[C@H](N(C)C)[C@@H](C)O2)/C=C/C=C/C[C@@H](C)OC(=O)C[C@H]1OC(C)=O
spirapril_cid5311447,,,spirapril_cid5311447.png,high,high,0.8898525753985393,exact,Spirapril,Spirapril,1.0,31,31,exact,exact,Spirapril,False,False,False,False,1.0,True,True,0,1,,,,CCOC(=O)[C@H](CCc1ccccc1)N[C@@H](C)C(=O)N1CC2(C[C@H]1C(=O)O)SCCS2
stibophen_cid16683008,,,stibophen_cid16683008.png,low,low,0.263993444536199,wrong,,Stibophen,0.025,120,45,wrong,wrong,,False,False,False,False,0.025,False,False,341,120,,O.O.O.O.O.O.O.O.O.O.O.O.O.O.O.O.O.O.O.O.O.O.O.O.O.O.O.O.O.O.O.O.O.O.O.O.O.O.O.O.O.O.O.O.O.O.O.O.O.O.O.O.O.O.O.O.O.O.O.O.O.O.O.O.O.O.O.O.O.O.O.O.O.O.O.O.O.O.O.O.O.O.O.O.O.O.O.O.O.O.O.O.O.O.O.O.O.O.O.O.O.O.O.O.O.O.O.O.O.O.O.O.O.O.O.O.O.O.O,,O.O.O.O.O.O.O.O.O.O.O.O.O.O.O.O.O.O.O.O.O.O.O.O.O.O.O.O.O.O.O.O.O.O.O.O.O.O.O.O.O.O.O.O.O.O.O.O.O.O.O.O.O.O.O.O.O.O.O.O.O.O.O.O.O.O.O.O.O.O.O.O.O.O.O.O.O.O.O.O.O.O.O.O.O.O.O.O.O.O.O.O.O.O.O.O.O.O.O.O.O.O.O.O.O.O.O.O.O.O.O.O.O.O.O.O.O.O.O.O
stop_cid24550,,,stop_cid24550.png,low,low,0.6752175611699005,exact,Stop,Stop,1.0,3,3,exact,exact,Stop,False,False,False,False,1.0,True,True,0,1,,,,[F][Sn][F] |^2:1|
succinylcholine_chloride_cid22475,,,succinylcholine_chloride_cid22475.png,high,high,0.8563982946813689,exact,Succinylcholine Chloride,Succinylcholine Chloride,1.0,22,22,exact,exact,Succinylcholine Chloride,False,False,False,False,1.0,True,True,0,3,,[Cl-],,C[N+](C)(C)CCOC(=O)CCC(=O)OCC[N+](C)(C)C.[Cl-].[Cl-]
sulfasalazine_cid5339,,,sulfasalazine_cid5339.png,high,high,0.8456683972906657,stereo,Sulfasalazine,Sulfasalazine,1.0,28,28,stereo,stereo,Sulfasalazine,False,False,False,False,1.0,True,True,0,1,,,,O=C(O)c1cc(/N=N/c2ccc(S(=O)(=O)Nc3ccccn3)cc2)ccc1O
sulfinpyrazone_cid5342,,,sulfinpyrazone_cid5342.png,high,high,0.8923983795849565,exact,Sulfinpyrazone,Sulfinpyrazone,1.0,29,29,exact,exact,Sulfinpyrazone,False,False,False,False,1.0,True,True,0,1,,,,O=C1C(CCS(=O)c2ccccc2)C(=O)N(c2ccccc2)N1c1ccccc1
sutezolid_cid465951,,,sutezolid_cid465951.png,high,high,0.896902116751679,exact,Sutezolid,Sutezolid,1.0,24,24,exact,exact,Sutezolid,False,False,False,False,1.0,True,True,0,1,,,,CC(=O)NC[C@H]1CN(c2ccc(N3CCSCC3)c(F)c2)C(=O)O1
suvorexant_cid24965990,,,suvorexant_cid24965990.png,high,high,0.9019182312435468,exact,Suvorexant,Suvorexant,1.0,32,32,exact,exact,Suvorexant,False,False,False,False,1.0,True,True,0,1,,,,Cc1ccc(-n2nccn2)c(C(=O)N2CCN(c3nc4cc(Cl)ccc4o3)CC[C@H]2C)c1
suzetrigine_cid156445116,,,suzetrigine_cid156445116.png,high,high,0.8844875144411208,exact,Suzetrigine,Suzetrigine,1.0,33,33,exact,exact,Suzetrigine,False,False,False,False,1.0,True,True,0,1,,,,COc1c([C@H]2[C@H](C(=O)Nc3ccnc(C(N)=O)c3)O[C@@](C)(C(F)(F)F)[C@H]2C)ccc(F)c1F
taurine_cid1123,,,taurine_cid1123.png,low,low,0.7153713025119505,exact,Taurine,Taurine,1.0,7,7,exact,exact,Taurine,False,False,False,False,1.0,True,True,0,1,,,,NCCS(=O)(=O)O
tazarotene_cid5381,,,tazarotene_cid5381.png,high,high,0.8982771158955807,exact,Tazarotene,Tazarotene,1.0,25,25,exact,exact,Tazarotene,False,False,False,False,1.0,True,True,0,1,,,,CCOC(=O)c1ccc(C#Cc2ccc3c(c2)C(C)(C)CCS3)nc1
tazemetostat_cid66558664,,,tazemetostat_cid66558664.png,high,high,0.8920007537553266,exact,Tazemetostat,Tazemetostat,1.0,42,42,exact,exact,Tazemetostat,False,False,False,False,1.0,True,True,0,1,,,,CCN(c1cc(-c2ccc(CN3CCOCC3)cc2)cc(C(=O)NCc2c(C)cc(C)[nH]c2=O)c1C)C1CCOCC1
tazobactam_cid123630,,,tazobactam_cid123630.png,high,high,0.8913408688126679,exact,Tazobactam,Tazobactam,1.0,20,20,exact,exact,Tazobactam,False,False,False,False,1.0,True,True,0,1,,,,[H][C@@]12CC(=O)N1[C@@H](C(=O)O)[C@](C)(Cn1ccnn1)S2(=O)=O
tecarfarin_cid54718618,,,tecarfarin_cid54718618.png,high,high,0.8628162460069738,exact,Tecarfarin,Tecarfarin,1.0,32,32,exact,exact,Tecarfarin,False,False,False,False,1.0,True,True,0,1,,,,CC(OC(=O)c1ccc(Cc2c(O)c3ccccc3oc2=O)cc1)(C(F)(F)F)C(F)(F)F
tegobuvir_cid23649154,,,tegobuvir_cid23649154.png,high,high,0.9069648289580818,exact,Tegobuvir,Tegobuvir,1.0,37,37,exact,exact,Tegobuvir,False,False,False,False,1.0,True,True,0,1,,,,Fc1ccccc1-c1nc2ccn(Cc3ccc(-c4ccc(C(F)(F)F)cc4C(F)(F)F)nn3)cc-2n1
telratolimod_cid56833311,,,telratolimod_cid56833311.png,high,high,0.8865725693824705,exact,Telratolimod,Telratolimod,1.0,43,43,exact,exact,Telratolimod,False,False,False,False,1.0,True,True,0,1,,,,CCCCCCCCCCCCCCCCCC(=O)NCCCCOn1c(CCCC)nc2c(N)nc3ccccc3c21
temurtide_cid76972485,,,temurtide_cid76972485.png,high,high,0.8905769470996325,exact,Temurtide,Temurtide,1.0,36,36,exact,exact,Temurtide,False,False,False,False,1.0,True,True,0,1,,,,CC(=O)N[C@@H](C=O)[C@@H](O[C@H](C)C(=O)N[C@H](C(=O)N[C@H](CCC(=O)O)C(N)=O)[C@@H](C)O)[C@H](O)[C@H](O)CO
tenatoprazole_cid636411,,,tenatoprazole_cid636411.png,low,low,0.8078315854887322,exact,Tenatoprazole,Tenatoprazole,1.0,24,24,exact,exact,Tenatoprazole,False,False,False,False,1.0,True,True,0,1,,,,COc1ccc2[nH]c(S(=O)Cc3ncc(C)c(OC)c3C)nc2n1
terlipressin_cid72081,,,terlipressin_cid72081.png,high,high,0.8745780462746715,exact,Terlipressin,Terlipressin,1.0,85,85,exact,exact,Terlipressin,False,False,False,False,1.0,True,True,0,1,,,,NCCCC[C@H](NC(=O)[C@@H]1CCCN1C(=O)[C@@H]1CSSC[C@H](NC(=O)CNC(=O)CNC(=O)CN)C(=O)N[C@@H](Cc2ccc(O)cc2)C(=O)N[C@@H](Cc2ccccc2)C(=O)N[C@@H](CCC(N)=O)C(=O)N[C@@H](CC(N)=O)C(=O)N1)C(=O)NCC(N)=O
terodiline_cid23480,,,terodiline_cid23480.png,high,high,0.8676097186706963,exact,Terodiline,Terodiline,1.0,21,21,exact,exact,Terodiline,False,False,False,False,1.0,True,True,0,1,,,,CC(CC(c1ccccc1)c1ccccc1)NC(C)(C)C
tertatolol_cid36920,,,tertatolol_cid36920.png,high,high,0.8575827987548021,exact,Tertatolol,Tertatolol,1.0,20,20,exact,exact,Tertatolol,False,False,False,False,1.0,True,True,0,1,,,,CC(C)(C)NCC(O)COc1cccc2c1SCCC2
thebaine_cid5324289,,,thebaine_cid5324289.png,low,low,0.5943521985176686,invalid,,,,,,invalid,invalid,,False,False,False,False,,False,,,,,,,[H]C12C=C34C1=CC=C(OC)C3([H])OC1=C(OC)C=CC(=C14)C2
thiocillin_cid5282053,,,thiocillin_cid5282053.png,high,high,0.8453224730081871,stereo,Thiocillin,Thiocillin,1.0,76,76,stereo,stereo,Thiocillin,False,False,False,False,1.0,True,True,0,1,,,,C/C=C(\NC(=O)c1csc(-c2csc(-c3ccc4c(n3)-c3csc(n3)[C@H](C(C)C)NC(=O)c3csc(n3)C(C(C)C)NC(=O)c3csc(n3)/C(=C/C)NC(=O)C([C@@H](C)O)NC(=O)c3csc-4n3)n2)n1)C(=O)NC[C@H](C)O
thiothixene_cid941651,,,thiothixene_cid941651.png,high,high,0.8800547807909818,exact,Thiothixene,Thiothixene,1.0,30,30,exact,exact,Thiothixene,False,False,False,False,1.0,True,True,0,1,,,,CN1CCN(CC/C=C2/c3ccccc3Sc3ccc(S(=O)(=O)N(C)C)cc32)CC1
tiapride_cid5467,,,tiapride_cid5467.png,high,high,0.9006476084115383,exact,Tiapride,Tiapride,1.0,22,22,exact,exact,Tiapride,False,False,False,False,1.0,True,True,0,1,,,,CCN(CC)CCNC(=O)c1cc(S(C)(=O)=O)ccc1OC
tilidine_cid30131,,,tilidine_cid30131.png,high,high,0.8519733445881639,exact,Tilidine,Tilidine,1.0,20,20,exact,exact,Tilidine,False,False,False,False,1.0,True,True,0,1,,,,CCOC(=O)[C@]1(c2ccccc2)CCC=C[C@H]1N(C)C
tiopronin_cid5483,,,tiopronin_cid5483.png,low,low,0.7328509852784679,exact,Tiopronin,Tiopronin,1.0,10,10,exact,exact,Tiopronin,False,False,False,False,1.0,True,True,0,1,,,,CC(S)C(=O)NCC(=O)O
tipifarnib_cid159324,,,tipifarnib_cid159324.png,high,high,0.8964119315980332,exact,Tipifarnib,Tipifarnib,1.0,34,34,exact,exact,Tipifarnib,False,False,False,False,1.0,True,True,0,1,,,,Cn1cncc1[C@@](N)(c1ccc(Cl)cc1)c1ccc2c(c1)c(-c1cccc(Cl)c1)cc(=O)n2C
tirapazamine_cid135413511,,,tirapazamine_cid135413511.png,high,high,0.8862897338931449,exact,Tirapazamine,Tirapazamine,1.0,13,13,exact,exact,Tirapazamine,False,False,False,False,1.0,True,True,0,1,,,,Nc1n[n+]([O-])c2ccccc2[n+]1[O-]
tirbanibulin_cid23635314,,,tirbanibulin_cid23635314.png,high,high,0.8902614784190787,exact,Tirbanibulin,Tirbanibulin,1.0,32,32,exact,exact,Tirbanibulin,False,False,False,False,1.0,True,True,0,1,,,,O=C(Cc1ccc(-c2ccc(OCCN3CCOCC3)cc2)cn1)NCc1ccccc1
tixocortol_pivalate_cid15052414,,,tixocortol_pivalate_cid15052414.png,high,high,0.8886301715408399,exact,Tixocortol Pivalate,Tixocortol Pivalate,1.0,32,32,exact,exact,Tixocortol Pivalate,False,False,False,False,1.0,True,True,0,1,,,,[H][C@@]12CC[C@](O)(C(=O)CSC(=O)C(C)(C)C)[C@@]1(C)C[C@H](O)[C@@]1([H])[C@@]2([H])CCC2=CC(=O)CC[C@@]21C
tolfenamic_acid_cid610479,,,tolfenamic_acid_cid610479.png,high,high,0.8604035380704383,exact,Tolfenamic Acid,Tolfenamic Acid,1.0,18,18,exact,exact,Tolfenamic Acid,False,False,False,False,1.0,True,True,0,1,,,,Cc1c(Cl)cccc1Nc1ccccc1C(=O)O
tolnaftate_cid5510,,,tolnaftate_cid5510.png,high,high,0.8466740452053095,exact,Tolnaftate,Tolnaftate,1.0,22,22,exact,exact,Tolnaftate,False,False,False,False,1.0,True,True,0,1,,,,Cc1cccc(N(C)C(=S)Oc2ccc3ccccc3c2)c1
tomatine_cid28523,,,tomatine_cid28523.png,low,low,0.7033763099690082,exact,Tomatine,Tomatine,1.0,72,72,exact,exact,Tomatine,False,False,False,False,1.0,True,True,0,1,,,,[H][C@@]12CC[C@]3([H])[C@]([H])(CC[C@@]4(C)[C@@]3([H])C[C@]3([H])O[C@@]5(CC[C@H](C)CN5)[C@@H](C)[C@]43[H])[C@@]1(C)CC[C@H](O[C@@H]1O[C@H](CO)[C@H](O[C@@H]3O[C@H](CO)[C@@H](O)[C@H](O[C@@H]4OC[C@@H](O)[C@H](O)[C@H]4O)[C@H]3O[C@@H]3O[C@H](CO)[C@@H](O)[C@H](O)[C@H]3O)[C@H](O)[C@H]1O)C2
torcetrapib_cid159325,,,torcetrapib_cid159325.png,high,high,0.863926656064741,exact,Torcetrapib,Torcetrapib,1.0,41,41,exact,exact,Torcetrapib,False,False,False,False,1.0,True,True,0,1,,,,CCOC(=O)N1c2ccc(C(F)(F)F)cc2[C@@H](N(Cc2cc(C(F)(F)F)cc(C(F)(F)F)c2)C(=O)OC)C[C@H]1CC
toremifene_cid3005573,,,toremifene_cid3005573.png,high,high,0.8874738079947225,exact,Toremifene,Toremifene,1.0,29,29,exact,exact,Toremifene,False,False,False,False,1.0,True,True,0,1,,,,CN(C)CCOc1ccc(/C(=C(/CCCl)c2ccccc2)c2ccccc2)cc1
trans_diamminedichloroplatinum_cid441203,,,trans_diamminedichloroplatinum_cid441203.png,low,low,0.8322555714685556,exact,trans-Diamminedichloroplatinum,trans-Diamminedichloroplatinum,1.0,5,5,exact,exact,trans-Diamminedichloroplatinum,False,False,False,False,1.0,True,True,0,3,,N,,N.N.[Cl][Pt+2][Cl]
trapidil_cid5531,,,trapidil_cid5531.png,high,high,0.9091234067569428,exact,Trapidil,Trapidil,1.0,15,15,exact,exact,Trapidil,False,False,False,False,1.0,True,True,0,1,,,,CCN(CC)c1cc(C)nc2ncnn12
tribendimidine_cid3086564,,,tribendimidine_cid3086564.png,high,high,0.893160715769762,stereo,Tribendimidine,Tribendimidine,1.0,34,34,stereo,stereo,Tribendimidine,False,False,False,False,1.0,True,True,0,1,,,,C/C(=N/c1ccc(/N=C/c2ccc(/C=N/c3ccc(/N=C(/C)N(C)C)cc3)cc2)cc1)N(C)C
trichlorfon_cid5853,,,trichlorfon_cid5853.png,high,high,0.8557211802897957,exact,Trichlorfon,Trichlorfon,1.0,12,12,exact,exact,Trichlorfon,False,False,False,False,1.0,True,True,0,1,,,,COP(=O)(OC)C(O)C(Cl)(Cl)Cl
trichloroethylene_cid6575,,,trichloroethylene_cid6575.png,high,high,0.8945323799184535,exact,Trichloroethylene,Trichloroethylene,1.0,5,5,exact,exact,Trichloroethylene,False,False,False,False,1.0,True,True,0,1,,,,ClC=C(Cl)Cl
triflusal_cid9458,,,triflusal_cid9458.png,high,high,0.8688783035737602,exact,Triflusal,Triflusal,1.0,17,17,exact,exact,Triflusal,False,False,False,False,1.0,True,True,0,1,,,,CC(=O)Oc1cc(C(F)(F)F)ccc1C(=O)O
trimegestone_cid68926,,,trimegestone_cid68926.png,high,high,0.8721302103943301,exact,Trimegestone,Trimegestone,1.0,25,25,exact,exact,Trimegestone,False,False,False,False,1.0,True,True,0,1,,,,[H][C@@]12CC[C@](C)(C(=O)[C@H](C)O)[C@@]1(C)CCC1=C3CCC(=O)C=C3CC[C@]12[H]
trimeprazine_cid5574,,,trimeprazine_cid5574.png,low,low,0.8255330034705554,exact,(+-)-Trimeprazine,(+-)-Trimeprazine,1.0,21,21,exact,exact,(+-)-Trimeprazine,False,False,False,False,1.0,True,True,0,1,,,,CC(CN(C)C)CN1c2ccccc2Sc2ccccc21
tripropeptin_c_cid58960776,,,tripropeptin_c_cid58960776.png,low,low,0.6789075854849189,exact,Tripropeptin C,Tripropeptin C,1.0,81,81,exact,exact,Tripropeptin C,False,False,False,False,1.0,True,True,0,1,,,,CC(C)CCCCCCCCCC1CC(=O)NC(C(C)O)C(=O)N2CCCC2C(=O)N2CCCC2C(=O)NC(CCCN=C(N)N)C(=O)NC(C(O)C(=O)O)C(=O)NC(CO)C(=O)N2CCC(O)C2C(=O)NC(C(O)C(=O)O)C(=O)O1
trofosfamide_cid65702,,,trofosfamide_cid65702.png,high,high,0.850111451822267,exact,Trofosfamide,Trofosfamide,1.0,17,17,exact,exact,Trofosfamide,False,False,False,False,1.0,True,True,0,1,,,,O=P1(N(CCCl)CCCl)OCCCN1CCCl
trospium_chloride_cid5284631,,,trospium_chloride_cid5284631.png,low,low,0.1685252926074468,wrong,,Trospium chloride,0.537,34,30,wrong,wrong,,False,False,False,False,0.537,False,False,10,3,,[Cl-],,[Cl-].[Cl-].[H]C1CCC2([H])CCC[N+]3(CCCC3)C1C(OC(=O)C(O)(c1ccccc1)c1ccccc1)C2
tryparsamide_cid23665572,,,tryparsamide_cid23665572.png,high,high,0.9007607127151048,exact,Tryparsamide,Tryparsamide,1.0,16,16,exact,exact,Tryparsamide,False,False,False,False,1.0,True,True,0,2,,,,NC(=O)CNc1ccc([As](=O)([O-])O)cc1.[Na+]
tucaresol_cid55223,,,tucaresol_cid55223.png,high,high,0.8665561155706258,exact,Tucaresol,Tucaresol,1.0,20,20,exact,exact,Tucaresol,False,False,False,False,1.0,True,True,0,1,,,,O=Cc1c(O)cccc1OCc1ccc(C(=O)O)cc1
tucidinostat_cid12136798,,,tucidinostat_cid12136798.png,high,high,0.8929572120188833,exact,Tucidinostat,Tucidinostat,1.0,29,29,exact,exact,Tucidinostat,False,False,False,False,1.0,True,True,0,1,,,,Nc1cc(F)ccc1NC(=O)c1ccc(CNC(=O)/C=C/c2cccnc2)cc1
umbralisib_cid72950888,,,umbralisib_cid72950888.png,high,high,0.8554125845016967,exact,Umbralisib,Umbralisib,1.0,42,42,exact,exact,Umbralisib,False,False,False,False,1.0,True,True,0,1,,,,CC(C)Oc1ccc(-c2nn([C@@H](C)c3oc4ccc(F)cc4c(=O)c3-c3cccc(F)c3)c3ncnc(N)c23)cc1F
uracil_mustard_cid6194,,,uracil_mustard_cid6194.png,low,low,0.7754754884991117,exact,Uracil Mustard,Uracil Mustard,1.0,15,15,exact,exact,Uracil Mustard,False,False,False,False,1.0,True,True,0,1,,,,O=c1[nH]cc(N(CCCl)CCCl)c(=O)[nH]1
urapidil_cid5639,,,urapidil_cid5639.png,high,high,0.8955139014771278,exact,Urapidil,Urapidil,1.0,28,28,exact,exact,Urapidil,False,False,False,False,1.0,True,True,0,1,,,,COc1ccccc1N1CCN(CCCNc2cc(=O)n(C)c(=O)n2C)CC1
valnemulin_cid9850878,,,valnemulin_cid9850878.png,low,low,0.7175228168210235,wrong,,Valnemulin,0.54,33,39,wrong,wrong,,False,False,False,False,0.54,False,False,15,1,,,,[H][C@]12[C](CCC1=O)[C@@H](C)[C@](C)(C=C)[C@@H](OC(=O)CSC(C)(C)CNC(=O)[C@H](N)C(C)C)C2(C)C |^1:2|
valrubicin_cid454216,,,valrubicin_cid454216.png,high,high,0.8798737460745355,exact,Valrubicin,Valrubicin,1.0,51,51,exact,exact,Valrubicin,False,False,False,False,1.0,True,True,0,1,,,,CCCCC(=O)OCC(=O)[C@]1(O)Cc2c(O)c3c(c(O)c2[C@@H](O[C@H]2C[C@H](NC(=O)C(F)(F)F)[C@H](O)[C@H](C)O2)C1)C(=O)c1c(OC)cccc1C3=O
vanzacaftor_cid139399801,,,vanzacaftor_cid139399801.png,low,low,0.802147563174729,exact,Vanzacaftor,Vanzacaftor,1.0,44,44,exact,exact,Vanzacaftor,False,False,False,False,1.0,True,True,0,1,,,,[H][C@@]12CCCNc3cccc(n3)S(=O)(=O)NC(=O)c3ccc(-n4ccc(OCCC5C6(CC6)C56CC6)n4)nc3N(C1)C(C)(C)C2
vecabrutinib_cid72547837,,,vecabrutinib_cid72547837.png,high,high,0.8724211418084126,exact,Vecabrutinib,Vecabrutinib,1.0,36,36,exact,exact,Vecabrutinib,False,False,False,False,1.0,True,True,0,1,,,,NC(=O)[C@H]1CCN(c2ncnc(N)c2F)C[C@@H]1N1CCC[C@@H](Nc2cc(Cl)cc(C(F)(F)F)c2)C1=O
vecuronium_bromide_cid39764,,,vecuronium_bromide_cid39764.png,high,high,0.8743979230967438,exact,Vecuronium Bromide,Vecuronium Bromide,1.0,41,41,exact,exact,Vecuronium Bromide,False,False,False,False,1.0,True,True,0,2,,,,[Br-].[H][C@@]12CC[C@]3([H])[C@]([H])(CC[C@]4(C)[C@@H](OC(C)=O)[C@@H]([N+]5(C)CCCCC5)C[C@@]34[H])[C@@]1(C)C[C@H](N1CCCCC1)[C@@H](OC(C)=O)C2
vernakalant_hydrochloride_cid9930048,,,vernakalant_hydrochloride_cid9930048.png,high,high,0.8794990048601805,exact,Vernakalant Hydrochloride,Vernakalant Hydrochloride,1.0,26,26,exact,exact,Vernakalant Hydrochloride,False,False,False,False,1.0,True,True,0,2,,,,COc1ccc(CCO[C@@H]2CCCC[C@H]2N2CC[C@@H](O)C2)cc1OC.Cl
vesatolimod_cid46241268,,,vesatolimod_cid46241268.png,high,high,0.9000306420398644,exact,Vesatolimod,Vesatolimod,1.0,30,30,exact,exact,Vesatolimod,False,False,False,False,1.0,True,True,0,1,,,,CCCCOc1nc(N)c2c(n1)N(Cc1cccc(CN3CCCC3)c1)CC(=O)N2
vidofludimus_cid9820008,,,vidofludimus_cid9820008.png,high,high,0.8817975662275094,exact,Vidofludimus,Vidofludimus,1.0,26,26,exact,exact,Vidofludimus,False,False,False,False,1.0,True,True,0,1,,,,COc1cccc(-c2ccc(NC(=O)C3=C(C(=O)O)CCC3)c(F)c2)c1
vigabatrin_cid5665,,,vigabatrin_cid5665.png,low,low,0.6917914925793996,exact,Vigabatrin,Vigabatrin,1.0,9,9,exact,exact,Vigabatrin,False,False,False,False,1.0,True,True,0,1,,,,C=CC(N)CCC(=O)O
vistusertib_cid25262792,,,vistusertib_cid25262792.png,high,high,0.8794791663539805,exact,Vistusertib,Vistusertib,1.0,34,34,exact,exact,Vistusertib,False,False,False,False,1.0,True,True,0,1,,,,CNC(=O)c1cccc(-c2ccc3c(N4CCOC[C@@H]4C)nc(N4CCOC[C@@H]4C)nc3n2)c1
voglibose_cid444020,,,voglibose_cid444020.png,high,high,0.8617148470665174,exact,Voglibose,Voglibose,1.0,18,18,exact,exact,Voglibose,False,False,False,False,1.0,True,True,0,1,,,,OCC(CO)N[C@H]1C[C@](O)(CO)[C@@H](O)[C@H](O)[C@H]1O
volasertib_cid10461508,,,volasertib_cid10461508.png,high,high,0.8560447862655304,exact,Volasertib,Volasertib,1.0,45,45,exact,exact,Volasertib,False,False,False,False,1.0,True,True,0,1,,,,CC[C@@H]1C(=O)N(C)c2cnc(Nc3ccc(C(=O)NC4CCC(N5CCN(CC6CC6)CC5)CC4)cc3OC)nc2N1C(C)C
xanomeline_cid60809,,,xanomeline_cid60809.png,high,high,0.8829402997921312,exact,Xanomeline,Xanomeline,1.0,19,19,exact,exact,Xanomeline,False,False,False,False,1.0,True,True,0,1,,,,CCCCCCOc1nsnc1C1=CCCN(C)C1
xemilofiban_cid60957,,,xemilofiban_cid60957.png,high,high,0.863029997763996,exact,Xemilofiban,Xemilofiban,1.0,26,26,exact,exact,Xemilofiban,False,False,False,False,1.0,True,True,0,1,,,,C#C[C@H](CC(=O)OCC)NC(=O)CCC(=O)Nc1ccc(C(=N)N)cc1
ximelagatran_cid9574101,,,ximelagatran_cid9574101.png,high,high,0.8623682971967351,exact,Ximelagatran,Ximelagatran,1.0,34,34,exact,exact,Ximelagatran,False,False,False,False,1.0,True,True,0,1,,,,CCOC(=O)CN[C@@H](C(=O)N1CC[C@H]1C(=O)NCc1ccc(/C(N)=N/O)cc1)C1CCCCC1
zandelisib_cid66571003,,,zandelisib_cid66571003.png,high,high,0.9113010161055838,exact,Zandelisib,Zandelisib,1.0,42,42,exact,exact,Zandelisib,False,False,False,False,1.0,True,True,0,1,,,,CN1CCC(c2ccccc2CC(C)(C)Nc2nc(N3CCOCC3)nc(-n3c(C(F)F)nc4ccccc43)n2)CC1
zb_716_cid126480615,,,zb_716_cid126480615.png,low,low,0.8367253669664929,exact,Zb-716,Zb-716,1.0,43,43,exact,exact,Zb-716,False,False,False,False,1.0,True,True,0,1,,,,[H][C@@]12CC[C@H](O)[C@@]1(C)CC[C@]1([H])c3ccc(B(O)O)cc3C[C@@H](CCCCCCCCCS(=O)CCCC(F)(F)C(F)(F)F)[C@@]21[H]
zeranol_cid2999413,,,zeranol_cid2999413.png,high,high,0.8669788759826844,exact,Zeranol,Zeranol,1.0,23,23,exact,exact,Zeranol,False,False,False,False,1.0,True,True,0,1,,,,C[C@H]1CCC[C@H](O)CCCCCc2cc(O)cc(O)c2C(=O)O1
zoldonrasib_cid168201327,,,zoldonrasib_cid168201327.png,low,low,0.7543872931961499,wrong,,Zoldonrasib,0.84,83,84,wrong,wrong,,False,False,False,False,0.84,False,False,5,1,,,,CC(C)c1ncc(N2CCN(C3CC3)CC2)cc1-c1c2c3cc(ccc3n1CC(F)(F)F)N1CCC[C@H](C[C@@H](NC(=O)[C@H](C3CCCC3)N3CC[C@]4(CCN(C(=O)[C@H]5[C@@H](C6CC6)N5C)C4)C3)C(=O)N3CCCC(N3)C(=O)OCC(C)(C)C2)C1
zuclopenthixol_cid5311507,,,zuclopenthixol_cid5311507.png,high,high,0.8764098409705263,exact,Zuclopenthixol,Zuclopenthixol,1.0,27,27,exact,exact,Zuclopenthixol,False,False,False,False,1.0,True,True,0,1,,,,OCCN1CCN(CC/C=C2/c3ccccc3Sc3ccc(Cl)cc32)CC1
