group,figure,segment,file_name,tier,tier_by_threshold,confidence,verdict,matched_name,closest_name,closest_tanimoto,pred_heavy,closest_heavy,grade,grade_largest,graded_match,decoded,dephantom,dedup,largest,best_tanimoto,skeleton_match,formula_match,elem_delta,n_fragments,phantom_frags,duplicate_frags,dropped_by_largest,smiles
1_2_2_difluoro_1_3_benzodioxol_5_yl_n_1_2r_2_3_dihydroxyprop_cid46199646,,,1_2_2_difluoro_1_3_benzodioxol_5_yl_n_1_2r_2_3_dihydroxyprop_cid46199646.png,high,high,0.8882383845096845,wrong,,"1-(2,2-Difluoro-1,3-benzodioxol-5-yl)-N-(1-((2R)-2,3-dihydroxypropyl)-6-fluoro-2-(2-hydroxy-1,1-dimethylethyl)-1H-indol-5-yl)cyclopropanecarboxamide",0.985,37,37,exact,exact,"1-(2,2-Difluoro-1,3-benzodioxol-5-yl)-N-(1-((2R)-2,3-dihydroxypropyl)-6-fluoro-2-(2-hydroxy-1,1-dimethylethyl)-1H-indol-5-yl)cyclopropanecarboxamide",False,True,False,False,1.0,False,False,1,2,[H],,,CC(C)(CO)c1cc2cc(NC(=O)C3(c4ccc5c(c4)OC(F)(F)O5)CC3)c(F)cc2n1C[C@@H](O)CO.[H] |^1:37|
2_3_cyclic_guanosine_monophosphate_adenosine_monophosphate_cid135564529,,,2_3_cyclic_guanosine_monophosphate_adenosine_monophosphate_cid135564529.png,low,low,0.01119213972234023,invalid,,,,,,invalid,invalid,,False,False,False,False,,False,,,,,,,[H].[H].[H].[H]NC12=NC345=C67=C89=C=3%10(N=CN4(C=N6)C3OC([H])(COP(=O)(O[H])OC4([H])C(O[H])C(N6C=NC%11=C(N)N=CN=C%116)OC4([H])O5)C(O[H])C3([H])OP8(=O)O[H])C7(=O=C%10(=O)N1)NC(=N9)N2[H]
2_deoxy_4_c_ethynyl_2_fluoroadenosine_cid6483431,,,2_deoxy_4_c_ethynyl_2_fluoroadenosine_cid6483431.png,high,high,0.8715471674725342,wrong,,2'-Deoxy-4'-C-ethynyl-2-fluoroadenosine,0.818,21,21,charge,charge,2'-Deoxy-4'-C-ethynyl-2-fluoroadenosine,False,True,False,False,0.818,False,False,1,3,[H].[H],,,"[C-]#C[C@]1(CO)O[C@@H](n2cnc3c(N)nc(F)nc32)C[C@@H]1O.[H].[H] |^1:21,22|"
2_naphthacenecarboxamide_4_dimethylamino_1_4_4a_5_5a_6_11_12_cid54704426,,,2_naphthacenecarboxamide_4_dimethylamino_1_4_4a_5_5a_6_11_12_cid54704426.png,low,low,0.8418375898013991,wrong,,"2-Naphthacenecarboxamide, 4-(dimethylamino)-1,4,4a,5,5a,6,11,12a-octahydro-3,6,10,12,12a-pentahydroxy-6-methyl-1,11-dioxo-, hydrochloride (1:1), (4S,4aS,5aS,6S,12aS)-",0.983,33,33,exact,exact,"2-Naphthacenecarboxamide, 4-(dimethylamino)-1,4,4a,5,5a,6,11,12a-octahydro-3,6,10,12,12a-pentahydroxy-6-methyl-1,11-dioxo-, hydrochloride (1:1), (4S,4aS,5aS,6S,12aS)-",False,True,False,False,1.0,False,False,5,7,[H].[H].[H].[H].[H],,,"[H].[H].[H].[H].[H].[H]Cl.[H]NC(=O)C1=C(O[H])[C@@]2(O)C(=O)C3=C(O)c4c(O)cccc4[C@@](C)(O[H])[C@@]3([H])C[C@@]2([H])[C@H](N(C)C)C1=O |^1:0,1,2,3,4|"
3_4_diaminopyridine_cid5918,,,3_4_diaminopyridine_cid5918.png,high,high,0.8587607731719124,wrong,,"3,4-Diaminopyridine",0.941,8,8,exact,exact,"3,4-Diaminopyridine",False,True,False,False,1.0,False,False,2,3,[H].[H],,,"[H].[H].[H]Nc1ccncc1N |^1:0,1|"
4_dimethylamino_phenol_cid22174,,,4_dimethylamino_phenol_cid22174.png,high,high,0.9060027207881667,wrong,,4-(Dimethylamino)phenol,0.941,10,10,exact,exact,4-(Dimethylamino)phenol,False,True,False,False,1.0,False,False,1,2,[H],,,CN(C)c1ccc(O)cc1.[H] |^1:10|
4_methoxyphenol_cid9015,,,4_methoxyphenol_cid9015.png,low,low,0.6341380865589407,wrong,,4-Methoxyphenol,0.941,9,9,exact,exact,4-Methoxyphenol,False,True,False,False,1.0,False,False,2,2,[HH],,,COc1ccc(O)cc1.[HH]
4_methylpyrazole_cid3406,,,4_methylpyrazole_cid3406.png,high,high,0.9116043841790973,exact,4-Methylpyrazole,4-Methylpyrazole,1.0,6,6,exact,exact,4-Methylpyrazole,False,False,False,False,1.0,True,True,0,1,,,,Cc1cn[nH]c1
5_aza_2_deoxycytidine_cid451668,,,5_aza_2_deoxycytidine_cid451668.png,high,high,0.8770882965612102,exact,5-Aza-2'-deoxycytidine,5-Aza-2'-deoxycytidine,1.0,16,16,exact,exact,5-Aza-2'-deoxycytidine,False,False,False,False,1.0,True,True,0,1,,,,[H]Nc1ncn([C@H]2C[C@H](O[H])[C@@H](CO[H])O2)c(=O)n1
6_2_5_dioxo_2_5_dihydro_1h_pyrrol_1_yl_n_s_1_s_1_4_s_7_metho_cid89396500,,,6_2_5_dioxo_2_5_dihydro_1h_pyrrol_1_yl_n_s_1_s_1_4_s_7_metho_cid89396500.png,low,low,1.755999102219223e-11,invalid,,,,,,invalid,invalid,,False,False,False,False,,False,,,,,,,CC=C1=C2(=C1)NCCCC1=C34(=C56NC17C5=C1(C5=CC589%10=C(C)C=C(C=C8C9)C589%11=C%12C%13=C(=O)(C=C5)NC5(=O)=O=C%14%15(N[CH]C=C%16C=8%17=C%12(C9C=CC=%10=C1C=C3NC)C=%11%16%13%17)C13NC1%14C3[CH]5%15OC(O)[CH]1(C3NC3(=O)CCCCCC35=C(O)(CC)C3=CC=C5)C358CC1(C3)(C5)C8)C=476)NCCCNC1C=C3C4=C5(C34)C3C46=C(=C354C63=CC=CC=C3)C3C(O)C3C=C12CC
7_ethyl_10_hydroxycamptothecin_cid104842,,,7_ethyl_10_hydroxycamptothecin_cid104842.png,high,high,0.8956902176934644,exact,7-Ethyl-10-Hydroxycamptothecin,7-Ethyl-10-Hydroxycamptothecin,1.0,29,29,exact,exact,7-Ethyl-10-Hydroxycamptothecin,False,False,False,False,1.0,True,True,0,1,,,,CCc1c2c(nc3ccc(O)cc13)-c1cc3c(c(=O)n1C2)COC(=O)[C@]3(O)CC
8_methoxypsoralen_cid4114,,,8_methoxypsoralen_cid4114.png,high,high,0.9036541199551217,exact,8-Methoxypsoralen,8-Methoxypsoralen,1.0,16,16,exact,exact,8-Methoxypsoralen,False,False,False,False,1.0,True,True,0,1,,,,COc1c2occc2cc2ccc(=O)oc12
abacavir_sulfate_cid441384,,,abacavir_sulfate_cid441384.png,low,low,0.6643478486860266,wrong,,Abacavir Sulfate,0.839,47,47,near,near,,False,True,False,False,0.855,False,False,3,4,[H],,,Nc1nc(NC2CC2)c2ncn([C@@H]3C=C[C@@H](CO)C3)c2n1.Nc1nc(NC2CC2)c2ncn([C@H]3C=C[C@@H](CO)C3)c2n1.O=[SH](O)(O)O.[H] |^1:47|
abarelix_cid16131215,,,abarelix_cid16131215.png,low,low,1.152025381714575e-06,invalid,,,,,,invalid,invalid,,False,False,False,False,,False,,,,,,,O.[H]NC(=O)[CH]123(C)C[CH]45(NC67=O=C(NC(C41)C5(=O)N[H])C1C4CC58N19C([CH]NC[CH]NC[CH]NC[CH]NC)(N[CH]CN[CH]CN)[CH]1(NC(=O)C(CC(C)C)NC=O)C%10%11%12CCCN(C(C)C)C(C)(C)NCCC%10C%10[CH]%11%13%14%15NC%13[CH]%10%12%11%13(CCCCNCC)C19%14=O1=C%15%119=O=C=1%13(=O)N51%10%11C5CC%12%13C(C[CH]%121C(=O)(=O=6)N2)C%10N589[CH]4%137%11)C3(=O)N[H]
abiraterone_cid132971,,,abiraterone_cid132971.png,high,high,0.8709644818051663,exact,Abiraterone,Abiraterone,1.0,26,26,exact,exact,Abiraterone,False,False,False,False,1.0,True,True,0,1,,,,[H][C@@]12CC=C3C[C@@H](O)CC[C@]3(C)[C@@]1([H])CC[C@]1(C)C(c3cccnc3)=CC[C@@]21[H]
abt_263_cid24978538,,,abt_263_cid24978538.png,low,low,0.2652962928559084,invalid,,,,,,invalid,invalid,,False,False,False,False,,False,,,,,,,CC1(C)CCC(C2=CC=C(Cl)C=C2)=C(CN23(CCN(C4=CC=C(C(=O)NO)C=C4)CC2)C2CN(C4=CC=C(C(=O)C=O)C=C4)CCN2C3C2CC(C)(C)CC=C2C2=CC=C(Cl)C=C2)C1.O=S(O)C1=CC([SH](O)C(F)(F)F)=C(O)C=C1
acamprosate_cid71158,,,acamprosate_cid71158.png,high,high,0.8774368782406498,exact,Acamprosate,Acamprosate,1.0,11,11,exact,exact,Acamprosate,False,False,False,False,1.0,True,True,0,1,,,,[H]OS(=O)(=O)CCCNC(C)=O
acenocoumarol_cid54676537,,,acenocoumarol_cid54676537.png,high,high,0.9123303676079236,exact,Acenocoumarol,Acenocoumarol,1.0,26,26,exact,exact,Acenocoumarol,False,False,False,False,1.0,True,True,0,1,,,,CC(=O)CC(c1ccc([N+](=O)[O-])cc1)c1c(O)c2ccccc2oc1=O
acetohydroxamic_acid_cid1990,,,acetohydroxamic_acid_cid1990.png,high,high,0.8742214818498993,exact,Acetohydroxamic Acid,Acetohydroxamic Acid,1.0,5,5,exact,exact,Acetohydroxamic Acid,False,False,False,False,1.0,True,True,0,1,,,,[H]ON([H])C(C)=O
acetylcholine_cid187,,,acetylcholine_cid187.png,high,high,0.8695549256693411,exact,Acetylcholine,Acetylcholine,1.0,10,10,exact,exact,Acetylcholine,False,False,False,False,1.0,True,True,0,1,,,,CC(=O)OCC[N+](C)(C)C
afamelanotide_cid16197727,,,afamelanotide_cid16197727.png,low,low,2.82603023834611e-15,invalid,,,,,,invalid,invalid,,False,False,False,False,,False,,,,,,,<invalid>
afatinib_cid10184653,,,afatinib_cid10184653.png,high,high,0.9052427759301191,exact,Afatinib,Afatinib,1.0,34,34,exact,exact,Afatinib,False,False,False,False,1.0,True,True,0,1,,,,[H]/C(CN(C)C)=C(/[H])C(=O)Nc1cc2c(Nc3ccc(F)c(Cl)c3)ncnc2cc1O[C@H]1CCOC1
aficamten_cid139331495,,,aficamten_cid139331495.png,high,high,0.9114771988632785,exact,Aficamten,Aficamten,1.0,25,25,exact,exact,Aficamten,False,False,False,False,1.0,True,True,0,1,,,,CCc1nc(-c2ccc3c(c2)CC[C@H]3NC(=O)c2cnn(C)c2)no1
agomelatine_cid82148,,,agomelatine_cid82148.png,high,high,0.9086245094266544,exact,Agomelatine,Agomelatine,1.0,18,18,exact,exact,Agomelatine,False,False,False,False,1.0,True,True,0,1,,,,COc1ccc2cccc(CCNC(C)=O)c2c1
albendazole_cid2082,,,albendazole_cid2082.png,high,high,0.897267712169319,exact,Albendazole,Albendazole,1.0,18,18,exact,exact,Albendazole,False,False,False,False,1.0,True,True,0,1,,,,CCCSc1ccc2nc(NC(=O)OC)[nH]c2c1
alflutinib_cid118861389,,,alflutinib_cid118861389.png,high,high,0.8950878889208329,exact,Alflutinib,Alflutinib,1.0,41,41,exact,exact,Alflutinib,False,False,False,False,1.0,True,True,0,1,,,,C=CC(=O)Nc1cc(Nc2nccc(-c3cn(C)c4ccccc34)n2)c(OCC(F)(F)F)nc1N(C)CCN(C)C
almitrine_cid33887,,,almitrine_cid33887.png,high,high,0.9012898573364322,exact,Almitrine,Almitrine,1.0,35,35,exact,exact,Almitrine,False,False,False,False,1.0,True,True,0,1,,,,C=CCNc1nc(NCC=C)nc(N2CCN(C(c3ccc(F)cc3)c3ccc(F)cc3)CC2)n1
alpelisib_cid56649450,,,alpelisib_cid56649450.png,high,high,0.8963425876180551,wrong,,Alpelisib,0.649,30,30,wrong,wrong,,False,False,False,False,0.649,False,False,2,3,[H].[H],,,"[H].[H].[H]NC(=O)[C@@H]1CCCN1C(=O)N([H])C1=NC(C)=C(c2ccnc(C(C)(C)C(F)(F)F)c2)[S-]1 |^1:0,1,33|"
alpha_amanitin_cid9543442,,,alpha_amanitin_cid9543442.png,low,low,0.003658584832066651,invalid,,,,,,invalid,invalid,,False,False,False,False,,False,,,,,,,C.O.[H]NC(=O)CC1NC(=O)C2([H])C[SH]([O-])C34=C56C78C=3(C53C75([H])NC7(=O)C([H])(C(C)C(O)CO[H])NC(=O)C9([H])(CC(O)CN9C1=O)C(O)N([H])C7([H])CNC831([H])C(=O)NCC(=O)NC([H])(C(C)CC)(NC(=O)CNC51=O)C(=O)NCC(=O)N2)C61=C(C=C(O)C=C1)N4
alprostadil_cid5280723,,,alprostadil_cid5280723.png,high,high,0.8712047368686188,wrong,,Alprostadil,1.0,25,25,exact,exact,Alprostadil,False,True,False,False,1.0,False,False,1,2,[H],,,[H].[H]/C(=C(/[H])[C@@H](O)CCCCC)[C@H]1[C@H](O)CC(=O)[C@@H]1CCCCCCC(=O)O |^1:0|
alvimopan_cid5488548,,,alvimopan_cid5488548.png,high,high,0.9081571107119847,wrong,,Alvimopan,0.983,31,31,exact,exact,Alvimopan,False,True,False,False,1.0,False,False,4,3,[HH].[HH],,,C[C@H]1CN(C[C@H](Cc2ccccc2)C(=O)NCC(=O)O)CC[C@@]1(C)c1cccc(O)c1.[HH].[HH]
ambrisentan_cid6918493,,,ambrisentan_cid6918493.png,high,high,0.9060279127817609,exact,Ambrisentan,Ambrisentan,1.0,28,28,exact,exact,Ambrisentan,False,False,False,False,1.0,True,True,0,1,,,,COC(c1ccccc1)(c1ccccc1)[C@H](Oc1nc(C)cc(C)n1)C(=O)O
amisulpride_cid2159,,,amisulpride_cid2159.png,high,high,0.9132102320931769,exact,Amisulpride,Amisulpride,1.0,25,25,exact,exact,Amisulpride,False,False,False,False,1.0,True,True,0,1,,,,[H]Nc1cc(OC)c(C(=O)NCC2CCCN2CC)cc1S(=O)(=O)CC
anacetrapib_cid11556427,,,anacetrapib_cid11556427.png,high,high,0.9022755670608966,exact,Anacetrapib,Anacetrapib,1.0,44,44,exact,exact,Anacetrapib,False,False,False,False,1.0,True,True,0,1,,,,COc1cc(F)c(C(C)C)cc1-c1ccc(C(F)(F)F)cc1CN1C(=O)O[C@H](c2cc(C(F)(F)F)cc(C(F)(F)F)c2)[C@@H]1C
anagliptin_cid44513473,,,anagliptin_cid44513473.png,high,high,0.8884591505910348,exact,Anagliptin,Anagliptin,1.0,28,28,exact,exact,Anagliptin,False,False,False,False,1.0,True,True,0,1,,,,Cc1cc2ncc(C(=O)NCC(C)(C)NCC(=O)N3CCC[C@H]3C#N)cn2n1
apalutamide_cid24872560,,,apalutamide_cid24872560.png,high,high,0.9036524521485528,exact,Apalutamide,Apalutamide,1.0,33,33,exact,exact,Apalutamide,False,False,False,False,1.0,True,True,0,1,,,,CNC(=O)c1ccc(N2C(=S)N(c3cnc(C#N)c(C(F)(F)F)c3)C(=O)C23CCC3)cc1F
aprepitant_cid135413536,,,aprepitant_cid135413536.png,high,high,0.8623024596744414,wrong,,Aprepitant,0.984,37,37,exact,exact,Aprepitant,False,True,False,False,1.0,False,False,1,2,[H],,,C[C@@H](O[C@H]1OCCN(Cc2n[nH]c(=O)[nH]2)[C@H]1c1ccc(F)cc1)c1cc(C(F)(F)F)cc(C(F)(F)F)c1.[H] |^1:37|
artemisone_cid11531457,,,artemisone_cid11531457.png,low,low,0.5904156060657625,stereo,Artemisone,Artemisone,1.0,27,27,stereo,stereo,Artemisone,False,False,False,False,1.0,True,True,0,1,,,,[H][C@]12O[C@@H](N3CCS(=O)(=O)CC3)[C@H](C)[C@@]3([H])CC[C@@H](C)[C@]4([H])CC[C@@](C)(OO[C@]143)O2
asciminib_cid72165228,,,asciminib_cid72165228.png,high,high,0.8860409959149492,wrong,,Asciminib,1.0,31,31,exact,exact,Asciminib,False,True,False,False,1.0,False,False,1,2,[H],,,O=C(Nc1ccc(OC(F)(F)Cl)cc1)c1cnc(N2CC[C@@H](O)C2)c(-c2ccn[nH]2)c1.[H] |^1:31|
atomoxetine_hydrochloride_cid54840,,,atomoxetine_hydrochloride_cid54840.png,high,high,0.910364261218167,exact,Atomoxetine Hydrochloride,Atomoxetine Hydrochloride,1.0,20,20,exact,exact,Atomoxetine Hydrochloride,False,False,False,False,1.0,True,True,0,2,,,,CNCC[C@@H](Oc1ccccc1C)c1ccccc1.[H]Cl
atracurium_besylate_cid47320,,,atracurium_besylate_cid47320.png,low,low,4.847915873808849e-21,invalid,,,,,,invalid,invalid,,False,False,False,False,,False,,,,,,,<invalid>
aurothioglucose_cid6104,,,aurothioglucose_cid6104.png,high,high,0.8819340232215276,wrong,,Aurothioglucose,0.467,13,13,wrong,wrong,,False,False,False,False,0.467,False,False,2,3,[H].[H],,,"OC[C@H]1O[C@H]([S][Au+])[C@H](O)[C@@H](O)[C@@H]1O.[H].[H] |^1:13,14|"
avacopan_cid49841217,,,avacopan_cid49841217.png,high,high,0.9166470898428075,exact,Avacopan,Avacopan,1.0,42,42,exact,exact,Avacopan,False,False,False,False,1.0,True,True,0,1,,,,Cc1ccc(NC(=O)[C@H]2CCCN(C(=O)c3c(C)cccc3F)[C@H]2c2ccc(NC3CCCC3)cc2)cc1C(F)(F)F
avanafil_cid9869929,,,avanafil_cid9869929.png,high,high,0.9060371471244627,wrong,,Avanafil,0.986,34,34,exact,exact,Avanafil,False,True,False,False,1.0,False,False,1,2,[H],,,COc1ccc(CNc2nc(N3CCC[C@H]3CO)ncc2C(=O)NCc2ncccn2)cc1Cl.[H] |^1:34|
avapritinib_cid118023034,,,avapritinib_cid118023034.png,high,high,0.845907306805225,exact,Avapritinib,Avapritinib,1.0,37,37,exact,exact,Avapritinib,False,False,False,False,1.0,True,True,0,1,,,,[H]N[C@@](C)(c1ccc(F)cc1)c1cnc(N2CCN(c3ncnn4cc(-c5cnn(C)c5)cc34)CC2)nc1
avutometinib_cid16719221,,,avutometinib_cid16719221.png,high,high,0.9195156929008611,exact,Avutometinib,Avutometinib,1.0,33,33,exact,exact,Avutometinib,False,False,False,False,1.0,True,True,0,1,,,,CNS(=O)(=O)Nc1nccc(Cc2c(C)c3ccc(Oc4ncccn4)cc3oc2=O)c1F
azacytidine_cid9444,,,azacytidine_cid9444.png,high,high,0.8786715898598435,wrong,,Azacytidine,1.0,17,17,exact,exact,Azacytidine,False,True,False,False,1.0,False,False,3,4,[H].[H].[H],,,"[H].[H].[H].[H]OC[C@H]1O[C@@H](n2cnc(N)nc2=O)[C@H](O)[C@@H]1O |^1:0,1,2|"
azelaic_acid_cid2266,,,azelaic_acid_cid2266.png,high,high,0.9067701398229974,wrong,,Azelaic Acid,0.923,13,13,exact,exact,Azelaic Acid,False,True,False,False,1.0,False,False,1,2,[H],,,O=C(O)CCCCCCCC(=O)O.[H] |^1:13|
azelnidipine_cid65948,,,azelnidipine_cid65948.png,high,high,0.9096023652877172,exact,Azelnidipine,Azelnidipine,1.0,43,43,exact,exact,Azelnidipine,False,False,False,False,1.0,True,True,0,1,,,,CC1=C(C(=O)OC(C)C)C(c2cccc([N+](=O)[O-])c2)C(C(=O)OC2CN(C(c3ccccc3)c3ccccc3)C2)=C(N)N1
bambuterol_cid54766,,,bambuterol_cid54766.png,high,high,0.91061893261294,exact,Bambuterol,Bambuterol,1.0,26,26,exact,exact,Bambuterol,False,False,False,False,1.0,True,True,0,1,,,,[H]OC(CNC(C)(C)C)c1cc(OC(=O)N(C)C)cc(OC(=O)N(C)C)c1
batefenterol_cid10372836,,,batefenterol_cid10372836.png,high,high,0.8949843010284837,stereo,Batefenterol,Batefenterol,1.0,53,53,stereo,stereo,Batefenterol,False,False,False,False,1.0,True,True,0,1,,,,COc1cc(NC(=O)CCN2CCC(OC(=O)Nc3ccccc3-c3ccccc3)CC2)c(Cl)cc1CNCC(O)c1ccc(O)c2[nH]c(=O)ccc12
belotecan_cid6456014,,,belotecan_cid6456014.png,high,high,0.8971432392701132,exact,Belotecan,Belotecan,1.0,32,32,exact,exact,Belotecan,False,False,False,False,1.0,True,True,0,1,,,,[H]O[C@]1(CC)C(=O)OCc2c1cc1n(c2=O)Cc2c-1nc1ccccc1c2CCN([H])C(C)C
belzutifan_cid117947097,,,belzutifan_cid117947097.png,high,high,0.8924858345430083,exact,Belzutifan,Belzutifan,1.0,26,26,exact,exact,Belzutifan,False,False,False,False,1.0,True,True,0,1,,,,CS(=O)(=O)c1ccc(Oc2cc(F)cc(C#N)c2)c2c1[C@H](O)[C@H](F)[C@@H]2F
benazepril_cid5362124,,,benazepril_cid5362124.png,low,low,0.6217947265136766,exact,Benazepril,Benazepril,1.0,31,31,exact,exact,Benazepril,False,False,False,False,1.0,True,True,0,1,,,,[H]N([C@@H](CCc1ccccc1)C(=O)OCC)[C@H]1CCc2ccccc2N(CC(=O)O)C1=O
benserazide_cid2327,,,benserazide_cid2327.png,high,high,0.8876799033870431,wrong,,Benserazide,0.971,18,18,exact,exact,Benserazide,False,True,False,False,1.0,False,False,4,5,[H].[H].[H].[H],,,"[H].[H].[H].[H].[H]NC(CO[H])C(=O)NNCc1ccc(O[H])c(O)c1O |^1:0,1,2,3|"
benzoyl_peroxide_cid7187,,,benzoyl_peroxide_cid7187.png,high,high,0.9122480248060013,exact,Benzoyl Peroxide,Benzoyl Peroxide,1.0,18,18,exact,exact,Benzoyl Peroxide,False,False,False,False,1.0,True,True,0,1,,,,O=C(OOC(=O)c1ccccc1)c1ccccc1
benztropine_mesylate_cid238053,,,benztropine_mesylate_cid238053.png,high,high,0.8529068614863082,exact,Benztropine mesylate,Benztropine mesylate,1.0,28,28,exact,exact,Benztropine mesylate,False,False,False,False,1.0,True,True,0,2,,,,CN1C2CCC1CC(OC(c1ccccc1)c1ccccc1)C2.CS(=O)(=O)O
bepotastine_cid164522,,,bepotastine_cid164522.png,high,high,0.9042011835213799,exact,Bepotastine,Bepotastine,1.0,27,27,exact,exact,Bepotastine,False,False,False,False,1.0,True,True,0,1,,,,O=C(O)CCCN1CCC(O[C@@H](c2ccc(Cl)cc2)c2ccccn2)CC1
berenil_cid65060,,,berenil_cid65060.png,high,high,0.8794336472857703,wrong,,Berenil,0.976,29,29,stereo,stereo,Berenil,False,True,False,False,1.0,False,False,3,5,[H].[H].[H],,,"CC(=O)NCC(=O)O.[H].[H].[H].[H]NC(=N)c1ccc(N/N=N/c2ccc(C(=N)N)cc2)cc1 |^1:8,9,10|"
besifloxacin_cid10178705,,,besifloxacin_cid10178705.png,high,high,0.8856241018865961,wrong,,Besifloxacin,0.982,27,27,exact,exact,Besifloxacin,False,True,False,False,1.0,False,False,1,2,[H],,,[H].[H]N[C@@H]1CCCCN(c2c(F)cc3c(=O)c(C(=O)O)cn(C4CC4)c3c2Cl)C1 |^1:0|
beta_propiolactone_cid2365,,,beta_propiolactone_cid2365.png,high,high,0.9130011772854636,exact,Beta-Propiolactone,Beta-Propiolactone,1.0,5,5,exact,exact,Beta-Propiolactone,False,False,False,False,1.0,True,True,0,1,,,,O=C1CCO1
bictegravir_cid90311989,,,bictegravir_cid90311989.png,low,low,0.8354785510184307,stereo,Bictegravir,Bictegravir,1.0,32,32,stereo,stereo,Bictegravir,False,False,False,False,1.0,True,True,0,1,,,,[H][C@@]12CC[C@]([H])(C1)N1C(=O)c3c(O)c(=O)c(C(=O)NCc4c(F)cc(F)cc4F)cn3C[C@@]1([H])O2
boldenone_cid13308,,,boldenone_cid13308.png,low,low,0.7630873630579915,wrong,,Boldenone,1.0,21,21,exact,exact,Boldenone,False,True,False,False,1.0,False,False,1,2,[H],,,[H].[H][C@@]12CCC3=CC(=O)C=C[C@]3(C)[C@@]1([H])CC[C@]1(C)[C@@H](O)CC[C@@]21[H] |^1:0|
bosutinib_cid5328940,,,bosutinib_cid5328940.png,high,high,0.9072249053795695,exact,Bosutinib,Bosutinib,1.0,36,36,exact,exact,Bosutinib,False,False,False,False,1.0,True,True,0,1,,,,COc1cc(Nc2c(C#N)cnc3cc(OCCCN4CCN(C)CC4)c(OC)cc23)c(Cl)cc1Cl
bremelanotide_cid9941379,,,bremelanotide_cid9941379.png,low,low,0.7039959493318361,stereo,Bremelanotide,Bremelanotide,1.0,74,74,stereo,stereo,Bremelanotide,False,False,False,False,1.0,True,True,0,1,,,,[H]N1C(=O)[C@H](Cc2cnc[nH]2)NC(=O)[C@@H](NC(=O)[C@H](CCCC)NC(C)=O)CC(=O)NCCCC[C@@H](C(=O)O)NC(=O)[C@H](Cc2c[nH]c3ccccc23)NC(=O)[C@H](CCCN=C(N)N)NC(=O)[C@@H]1Cc1ccccc1
brincidofovir_cid483477,,,brincidofovir_cid483477.png,low,low,0.1710323801065825,invalid,,,,,,invalid,invalid,,False,False,False,False,,False,,,,,,,CCCCCCCCCCCCCCCCOCCCOO.CCCCCCCCCCCCCCCCOCCCOO.[NH3+]C1=NC(=O)N(CC(CO)OCOO)=CC1
brinzolamide_cid68844,,,brinzolamide_cid68844.png,high,high,0.8985006694146095,wrong,,Brinzolamide,0.981,23,23,exact,exact,Brinzolamide,False,True,False,False,1.0,False,False,1,2,[H],,,[H].[H]N([H])S(=O)(=O)c1cc2c(s1)S(=O)(=O)N(CCCOC)C[C@@H]2NCC |^1:0|
brivaracetam_cid9837243,,,brivaracetam_cid9837243.png,high,high,0.8730307978124154,wrong,,Brivaracetam,0.971,15,15,exact,exact,Brivaracetam,False,True,False,False,1.0,False,False,2,3,[H].[H],,,"CCC[C@@H]1CC(=O)N([C@@H](CC)C(N)=O)C1.[H].[H] |^1:15,16|"
bucillamine_cid656604,,,bucillamine_cid656604.png,high,high,0.8756759187751998,wrong,,Bucillamine,0.677,13,13,wrong,wrong,,False,False,False,False,0.677,False,False,2,3,[H].[H],,,"[H].[H].[H][S-]C[C@H](NC(=O)C(C)(C)S)C(=O)O |^1:0,1,3|"
c_i_acid_blue_90_cid61363,,,c_i_acid_blue_90_cid61363.png,low,low,0.06691097626539355,invalid,,,,,,invalid,invalid,,False,False,False,False,,False,,,,,,,CCOC1=CC=C(NC2=CC=C(CC3C=CC(=[N+]4(CC)CC5(=CC(S(=O)(=O)[O-])=CC=C5)=C5=C(C=CC=C5S(=O)(=O)[O-])C[N+](=C5C=CC(CC6=C(C)C=C(N(CC)CC7=CC(S(=O)(=O)[O-])=CC=C7)C=C6)C(C)=C5)C4C)C=C3C)C=C2)C=C1.[Na+]
cabotegravir_cid54713659,,,cabotegravir_cid54713659.png,low,low,0.7746010477651042,wrong,,Cabotegravir,0.983,29,29,exact,exact,Cabotegravir,False,True,False,False,1.0,False,False,1,2,[H],,,[H].[H][C@@]12Cn3cc(C(=O)NCc4ccc(F)cc4F)c(=O)c(O)c3C(=O)N1[C@@H](C)CO2 |^1:0|
calicheamicin_cid11840932,,,calicheamicin_cid11840932.png,low,low,9.090983745897163e-08,invalid,,,,,,invalid,invalid,,False,False,False,False,,False,,,,,,,O.[H]C([H])(C)C12=C3C=14=C2(C[CH]12(OC5O6C7=O=C56O7C)C[CH]567O([SiH3])[CH]8(C)C(NOC9CC(O)C(SC(=O)C%10=C(C)C(I)=C(OC%11OC(C)C(O)C(OC)C%11O)C(OC)=C%10OC)C(C)O9)[CH]9(O)C(NO)C(C)O[CH]%10%11C[CH]41(C)(C2)(O%10)[CH](O5C)(O86)[CH]%1197O[CH]OC[CH]NCC)C3(C)(O)CC
camostat_cid2536,,,camostat_cid2536.png,high,high,0.9123074865834105,exact,Camostat,Camostat,1.0,29,29,exact,exact,Camostat,False,False,False,False,1.0,True,True,0,1,,,,CN(C)C(=O)COC(=O)Cc1ccc(OC(=O)c2ccc(N=C(N)N)cc2)cc1
cangrelor_tetrasodium_cid10260031,,,cangrelor_tetrasodium_cid10260031.png,low,low,0.1754517930307966,invalid,,,,,,invalid,invalid,,False,False,False,False,,False,,,,,,,CSCCNC1=C2N=CN(C3OC(COP(=O)(O)OO)C(O)C3O)C2=NC(SCCC(F)(F)F)=N1.O=P1(O)[O-]P(=O)([O-])(O)C1(P)PO.[Na+].[Na+].[Na+].[Na+]
capivasertib_cid25227436,,,capivasertib_cid25227436.png,high,high,0.8944999572792772,wrong,,Capivasertib,0.983,30,30,exact,exact,Capivasertib,False,True,False,False,1.0,False,False,2,3,[H].[H],,,"[H].[H].[H]NC1(C(=O)N([H])[C@@H](CCO)c2ccc(Cl)cc2)CCN(c2ncnc3[nH]ccc23)CC1 |^1:0,1|"
carbetocin_cid16681432,,,carbetocin_cid16681432.png,low,low,0.005057539245668471,invalid,,,,,,invalid,invalid,,False,False,False,False,,False,,,,,,,CC[CH]CNC1=O=C23NC(N2)C(=O)N[CH]24(C(=O)N[CH]56(CC(N)=O)C78[CH](NC2(=O)CC(N)=O)(C2C79%10%11=O=C28(=O=9)(N%10)N%11)C527=O=C6(=O)(=O)(=O=2)NC(C(=O)(C(=O)NC(CC(C)C)C(=O)NCC(N)=O)N2CCCC2)CSCCCC(=O)N[CH]1(CCC=CCO)C(C1=CC=C(OC)C=C1)C3NCCCCSC[CH]N7)C1C23C4C14C2156=O=C34(=O=1)(N5)N6
carbidopa_cid34359,,,carbidopa_cid34359.png,low,low,0.7878647944334545,wrong,,Carbidopa,0.632,15,16,wrong,wrong,,False,False,False,False,0.632,False,False,3,4,[H].[H].[H],,,"[H].[H].[H].[H]N[C@@](C)(Cc1ccc(O)c(O)c1)C(=O)O |^1:0,1,2|"
carboprost_cid5281075,,,carboprost_cid5281075.png,high,high,0.8748702115912044,wrong,,Carboprost,1.0,26,26,exact,exact,Carboprost,False,True,False,False,1.0,False,False,2,3,[H].[H],,,"[H].[H].[H]OC(=O)CCC/C([H])=C(/[H])C[C@@H]1[C@@H](/C([H])=C(\[H])[C@@](C)(O)CCCCC)[C@H](O)C[C@@H]1O[H] |^1:0,1|"
carglumic_acid_cid121396,,,carglumic_acid_cid121396.png,high,high,0.8919763022163855,wrong,,Carglumic Acid,0.958,13,13,exact,exact,Carglumic Acid,False,True,False,False,1.0,False,False,1,2,[H],,,[H].[H]NC(=O)N([H])[C@@H](CCC(=O)O[H])C(=O)O |^1:0|
carnitine_cid10917,,,carnitine_cid10917.png,high,high,0.8959869162287292,exact,(-)-Carnitine,(-)-Carnitine,1.0,11,11,exact,exact,(-)-Carnitine,False,False,False,False,1.0,True,True,0,1,,,,C[N+](C)(C)C[C@H](O)CC(=O)[O-]
carteolol_cid2583,,,carteolol_cid2583.png,high,high,0.8939502624630303,exact,Carteolol,Carteolol,1.0,21,21,exact,exact,Carteolol,False,False,False,False,1.0,True,True,0,1,,,,CC(C)(C)NCC(O)COc1cccc2c1CCC(=O)N2
cefadroxil_cid47965,,,cefadroxil_cid47965.png,high,high,0.8744668497801559,wrong,,Cefadroxil,0.98,25,25,exact,exact,Cefadroxil,False,True,False,False,1.0,False,False,2,3,[H].[H],,,"[H].[H].[H]OC(=O)C1=C(C)CS[C@]2([H])[C@H](NC(=O)[C@H](N)c3ccc(O)cc3)C(=O)N12 |^1:0,1|"
cefpirome_cid5479539,,,cefpirome_cid5479539.png,high,high,0.9079162428771647,exact,Cefpirome,Cefpirome,1.0,35,35,exact,exact,Cefpirome,False,False,False,False,1.0,True,True,0,1,,,,[H][C@]12SCC(C[n+]3cccc4c3CCC4)=C(C(=O)[O-])N1C(=O)[C@H]2NC(=O)/C(=N\OC)c1csc(N)n1
ceritinib_cid57379345,,,ceritinib_cid57379345.png,high,high,0.9157443058562039,exact,Ceritinib,Ceritinib,1.0,38,38,exact,exact,Ceritinib,False,False,False,False,1.0,True,True,0,1,,,,Cc1cc(Nc2ncc(Cl)c(Nc3ccccc3S(=O)(=O)C(C)C)n2)c(OC(C)C)cc1C1CCNCC1
cethromycin_cid156417,,,cethromycin_cid156417.png,high,high,0.8850240296314391,wrong,,Cethromycin,0.79,55,55,wrong,wrong,,False,False,False,False,0.79,False,False,2,1,,,,[H][C@@]12NC(=O)O[C@]1(C)[C@@H](CC)OC(=O)[C@H](C)C(=O)[C@H](C)[C@@H](O[C@@H]1O[C@H](C)C[C@H](N(C)C)[C@H]1O)[C@](C)(OCCCc1cnc3ccccc3c1)C[C@@H](C)C(=O)[C@@H]2C
chlorhexidine_gluconate_cid9552081,,,chlorhexidine_gluconate_cid9552081.png,low,low,0.4627148055669548,invalid,,,,,,invalid,invalid,,False,False,False,False,,False,,,,,,,O=C(O)C(O)C(O)C(O)C(O)CO.[H]C(O)C(O)C(O)C(O)CO.[H]NC(=NC([H])([H])=NCCCCCCNC(N)=NC(=N)NC1=CC=C(Cl)C=C1)NC1=CC=C(Cl)C=C1.[H]NC(=NC([H])=NCCCCCCN=C(N)N=C(N)NC1=CC=C(Cl)C=C1)NC1=CC=C(Cl)C=C1
cholic_acid_cid221493,,,cholic_acid_cid221493.png,low,low,0.3957058898444615,wrong,,Cholic Acid,1.0,29,29,exact,exact,Cholic Acid,False,True,False,False,1.0,False,False,2,3,[H].[H],,,"[H].[H].[H][C@@]12C[C@H](O)CC[C@]1(C)[C@@]1([H])C[C@H](O)[C@@]3(C)[C@@]([H])(CC[C@]3([H])[C@H](C)CCC(=O)O)[C@]1([H])[C@H](O)C2 |^1:0,1|"
ciclopirox_olamine_cid38911,,,ciclopirox_olamine_cid38911.png,high,high,0.8951030864993976,wrong,,Ciclopirox Olamine,0.973,19,19,exact,exact,Ciclopirox Olamine,False,True,False,False,1.0,False,False,1,3,[H],,,Cc1cc(C2CCCCC2)n(O)c(=O)c1.[H].[H]NCCO |^1:15|
cilnidipine_cid5282138,,,cilnidipine_cid5282138.png,high,high,0.9133562677662218,exact,Cilnidipine,Cilnidipine,1.0,36,36,exact,exact,Cilnidipine,False,False,False,False,1.0,True,True,0,1,,,,[H]/C(COC(=O)C1=C(C)NC(C)=C(C(=O)OCCOC)C1c1cccc([N+](=O)[O-])c1)=C(/[H])c1ccccc1
cilofexor_cid71228883,,,cilofexor_cid71228883.png,high,high,0.9071042527110623,exact,Cilofexor,Cilofexor,1.0,39,39,exact,exact,Cilofexor,False,False,False,False,1.0,True,True,0,1,,,,O=C(O)c1ccnc(N2CC(O)(c3ccc(OCc4c(-c5c(Cl)cccc5Cl)noc4C4CC4)cc3Cl)C2)c1
cilostazol_cid2754,,,cilostazol_cid2754.png,high,high,0.9158861964580747,exact,Cilostazol,Cilostazol,1.0,27,27,exact,exact,Cilostazol,False,False,False,False,1.0,True,True,0,1,,,,O=C1CCc2cc(OCCCCc3nnnn3C3CCCCC3)ccc2N1
cinacalcet_hydrochloride_cid156418,,,cinacalcet_hydrochloride_cid156418.png,low,low,0.724803466281985,wrong,,Cinacalcet Hydrochloride,0.582,24,27,wrong,wrong,,False,False,False,False,0.582,False,False,4,1,,,,C[C@@H](NCCCc1cccc(C(F)(F)F)c1)C1=C\C=C/C=C\C=C\1
cipepofol_cid86301664,,,cipepofol_cid86301664.png,high,high,0.9149355157480267,exact,Cipepofol,Cipepofol,1.0,15,15,exact,exact,Cipepofol,False,False,False,False,1.0,True,True,0,1,,,,CC(C)c1cccc([C@H](C)C2CC2)c1O
cladribine_cid20279,,,cladribine_cid20279.png,high,high,0.8667285247248571,wrong,,Cladribine,1.0,19,19,exact,exact,Cladribine,False,True,False,False,1.0,False,False,3,4,[H].[H].[H],,,"Nc1nc(Cl)nc2c1ncn2[C@H]1C[C@H](O)[C@@H](CO)O1.[H].[H].[H] |^1:19,20,21|"
clascoterone_cid11750009,,,clascoterone_cid11750009.png,low,low,0.5687388874692278,wrong,,Clascoterone,0.646,30,29,wrong,wrong,,False,False,False,False,0.646,False,False,1,2,[H],,,[H].[H][C@]12CC[C@](OC(=O)CC)(C(=O)CO)[C@@]1(C)CC[C@@]1([H])[C@@]2([Hf])CCC2=CC(=O)CC[C@@]21C |^1:0|
clemastine_cid26987,,,clemastine_cid26987.png,low,low,0.7871852328867427,exact,Clemastine,Clemastine,1.0,24,24,exact,exact,Clemastine,False,False,False,False,1.0,True,True,0,1,,,,CN1CCC[C@@H]1CCO[C@](C)(c1ccccc1)c1ccc(Cl)cc1
clidinium_bromide_cid19004,,,clidinium_bromide_cid19004.png,high,high,0.8885487720552043,exact,Clidinium Bromide,Clidinium Bromide,1.0,27,27,exact,exact,Clidinium Bromide,False,False,False,False,1.0,True,True,0,2,,,,C[N+]12CCC(CC1)C(OC(=O)C(O)(c1ccccc1)c1ccccc1)C2.[Br-]
clindamycin_cid446598,,,clindamycin_cid446598.png,high,high,0.8923140750583232,wrong,,Clindamycin,1.0,27,27,exact,exact,Clindamycin,False,True,False,False,1.0,False,False,2,3,[H].[H],,,"[H].[H].[H]O[C@@H]1[C@H](O)[C@@H](O)[C@@H](SC)O[C@]1([H])[C@H](NC(=O)[C@@H]1C[C@@H](CCC)CN1C)[C@H](C)Cl |^1:0,1|"
clindamycin_phosphate_cid443385,,,clindamycin_phosphate_cid443385.png,high,high,0.8726705003531309,wrong,,Clindamycin Phosphate,1.0,31,31,exact,exact,Clindamycin Phosphate,False,True,False,False,1.0,False,False,3,4,[H].[H].[H],,,"[H].[H].[H].[H][C@]1([C@H](NC(=O)[C@@H]2C[C@@H](CCC)CN2C)[C@H](C)Cl)O[C@H](SC)[C@H](OP(=O)(O)O)[C@@H](O)[C@H]1O |^1:0,1,2|"
clioquinol_cid2788,,,clioquinol_cid2788.png,low,low,0.8087979339393435,wrong,,Clioquinol,0.967,13,13,exact,exact,Clioquinol,False,True,False,False,1.0,False,False,2,2,[HH],,,Oc1c(I)cc(Cl)c2cccnc12.[HH]
clomipramine_cid2801,,,clomipramine_cid2801.png,high,high,0.9126316139988134,exact,Clomipramine,Clomipramine,1.0,22,22,exact,exact,Clomipramine,False,False,False,False,1.0,True,True,0,1,,,,CN(C)CCCN1c2ccccc2CCc2ccc(Cl)cc21
cobicistat_cid25151504,,,cobicistat_cid25151504.png,high,high,0.9029347715342382,exact,Cobicistat,Cobicistat,1.0,54,54,exact,exact,Cobicistat,False,False,False,False,1.0,True,True,0,1,,,,CC(C)c1nc(CN(C)C(=O)N[C@@H](CCN2CCOCC2)C(=O)N[C@H](CC[C@H](Cc2ccccc2)NC(=O)OCc2cncs2)Cc2ccccc2)cs1
cortisone_cid222786,,,cortisone_cid222786.png,low,low,0.6948128235999594,wrong,,Cortisone,0.98,26,26,stereo,stereo,Cortisone,False,True,False,False,1.0,False,False,2,3,[H].[H],,,"[H].[H].[H][C@@]12CCC3=CC(=O)CC[C@]3(C)[C@@]1([H])C(=O)C[C@@]1(C)[C@]2([H])CC[C@]1(O)C(=O)CO |^1:0,1|"
cositecan_cid148202,,,cositecan_cid148202.png,high,high,0.8948661450935195,exact,Cositecan,Cositecan,1.0,32,32,exact,exact,Cositecan,False,False,False,False,1.0,True,True,0,1,,,,CC[C@@]1(O)C(=O)OCc2c1cc1n(c2=O)Cc2c-1nc1ccccc1c2CC[Si](C)(C)C
crizotinib_cid11626560,,,crizotinib_cid11626560.png,high,high,0.865832653325229,wrong,,Crizotinib,0.984,30,30,exact,exact,Crizotinib,False,True,False,False,1.0,False,False,2,2,[HH],,,[HH].[H]Nc1ncc(-c2cnn(C3CCNCC3)c2)cc1O[C@H](C)c1c(Cl)ccc(F)c1Cl
cryptophycin_52_cid9939639,,,cryptophycin_52_cid9939639.png,low,low,0.8351068185535928,stereo,Cryptophycin 52,Cryptophycin 52,1.0,47,47,stereo,stereo,Cryptophycin 52,False,False,False,False,1.0,True,True,0,1,,,,[H]/C1=C(/[H])C(=O)N[C@H](Cc2ccc(OC)c(Cl)c2)C(=O)NCC(C)(C)C(=O)O[C@@H](CC(C)C)C(=O)O[C@]([H])([C@H](C)[C@H]2O[C@@H]2c2ccccc2)C1
cyproheptadine_hydrochloride_cid13770,,,cyproheptadine_hydrochloride_cid13770.png,high,high,0.9018010102400934,exact,Cyproheptadine Hydrochloride,Cyproheptadine Hydrochloride,1.0,23,23,exact,exact,Cyproheptadine Hydrochloride,False,False,False,False,1.0,True,True,0,2,,,,CN1CCC(=C2c3ccccc3C=Cc3ccccc32)CC1.[H]Cl
cytarabine_cid6253,,,cytarabine_cid6253.png,high,high,0.8906480061266908,wrong,,Cytarabine,1.0,17,17,exact,exact,Cytarabine,False,True,False,False,1.0,False,False,2,3,[H].[H],,,"[H].[H].[H]OC[C@H]1O[C@@H](n2ccc(N)nc2=O)[C@@H](O)[C@@H]1O[H] |^1:0,1|"
d_phenylalanine_2s_n_2r_2_2_3_aminopropyl_phenoxy_propyl_2_c_cid11526696,,,d_phenylalanine_2s_n_2r_2_2_3_aminopropyl_phenoxy_propyl_2_c_cid11526696.png,high,high,0.893307158741335,exact,"D-Phenylalanine, (2S)-N-((2R)-2-(2-(3-aminopropyl)phenoxy)propyl)-2-cyclopropylglycyl-N-methyl-D-alanyl-4-fluoro-, (3->1)-lactam","D-Phenylalanine, (2S)-N-((2R)-2-(2-(3-aminopropyl)phenoxy)propyl)-2-cyclopropylglycyl-N-methyl-D-alanyl-4-fluoro-, (3->1)-lactam",1.0,39,39,exact,exact,"D-Phenylalanine, (2S)-N-((2R)-2-(2-(3-aminopropyl)phenoxy)propyl)-2-cyclopropylglycyl-N-methyl-D-alanyl-4-fluoro-, (3->1)-lactam",False,False,False,False,1.0,True,True,0,1,,,,[H][C@@]1(C2CC2)NC[C@@H](C)Oc2ccccc2CCCNC(=O)[C@@H](Cc2ccc(F)cc2)NC(=O)[C@@H](C)N(C)C1=O
dabigatran_cid216210,,,dabigatran_cid216210.png,high,high,0.8999167502544329,exact,Dabigatran,Dabigatran,1.0,35,35,exact,exact,Dabigatran,False,False,False,False,1.0,True,True,0,1,,,,[H]NC(=N)c1ccc(NCc2nc3cc(C(=O)N(CCC(=O)O)c4ccccn4)ccc3n2C)cc1
dapansutrile_cid12714644,,,dapansutrile_cid12714644.png,high,high,0.9012710475032406,exact,Dapansutrile,Dapansutrile,1.0,8,8,exact,exact,Dapansutrile,False,False,False,False,1.0,True,True,0,1,,,,CS(=O)(=O)CCC#N
dapoxetine_cid71353,,,dapoxetine_cid71353.png,high,high,0.9214761295590649,exact,Dapoxetine,Dapoxetine,1.0,23,23,exact,exact,Dapoxetine,False,False,False,False,1.0,True,True,0,1,,,,CN(C)[C@@H](CCOc1cccc2ccccc12)c1ccccc1
darifenacin_hydrobromide_cid444030,,,darifenacin_hydrobromide_cid444030.png,low,low,0.8414022024555576,stereo,Darifenacin Hydrobromide,Darifenacin Hydrobromide,1.0,33,33,stereo,stereo,Darifenacin Hydrobromide,False,False,False,False,1.0,True,True,0,2,,,,[H]Br.[H][C@]1(C(C(N)=O)(c2ccccc2)c2ccccc2)CCN(CCc2ccc3c(c2)CCO3)C1
darinaparsin_cid11683005,,,darinaparsin_cid11683005.png,high,high,0.8649896445954679,wrong,,Darinaparsin,0.952,23,23,exact,exact,Darinaparsin,False,True,False,False,1.0,False,False,5,5,[HH].[H].[H].[H],,,"C[As](C)SC[C@H](NC(=O)CC[C@H](N)C(=O)O)C(=O)NCC(=O)O.[HH].[H].[H].[H] |^1:24,25,26|"
decoquinate_cid29112,,,decoquinate_cid29112.png,high,high,0.8980487000846202,exact,Decoquinate,Decoquinate,1.0,30,30,exact,exact,Decoquinate,False,False,False,False,1.0,True,True,0,1,,,,[H]n1cc(C(=O)OCC)c(=O)c2cc(OCCCCCCCCCC)c(OCC)cc21
deflazacort_cid189821,,,deflazacort_cid189821.png,low,low,0.7101811968089748,stereo,Deflazacort,Deflazacort,1.0,32,32,stereo,stereo,Deflazacort,False,False,False,False,1.0,True,True,0,1,,,,[H][C@@]12C[C@]3([H])OC(C)=N[C@@]3(C(=O)COC(C)=O)[C@@]1(C)C[C@H](O)[C@@]1([H])[C@]2([H])CCC2=CC(=O)C=C[C@@]21C
delanzomib_cid24800541,,,delanzomib_cid24800541.png,high,high,0.8621314598770772,wrong,,Delanzomib,0.98,30,30,exact,exact,Delanzomib,False,True,False,False,1.0,False,False,3,4,[H].[H].[H],,,"CC(C)C[C@H](NC(=O)[C@@H](NC(=O)c1cccc(-c2ccccc2)n1)[C@@H](C)O)B(O)O.[H].[H].[H] |^1:30,31,32|"
delgocitinib_cid50914062,,,delgocitinib_cid50914062.png,low,low,0.7056400043187976,exact,Delgocitinib,Delgocitinib,1.0,23,23,exact,exact,Delgocitinib,False,False,False,False,1.0,True,True,0,1,,,,C[C@H]1CN(C(=O)CC#N)[C@]12CCN(c1ncnc3[nH]ccc13)C2
dersimelagon_cid126736894,,,dersimelagon_cid126736894.png,high,high,0.8950497446720671,exact,Dersimelagon,Dersimelagon,1.0,48,48,exact,exact,Dersimelagon,False,False,False,False,1.0,True,True,0,1,,,,[H]OC(=O)C1CCN(c2cc(C(F)(F)F)ccc2[C@@]2([H])CN(C(=O)[C@]3(F)CN(C4CCCC4)C[C@H]3c3ccc(OC)cc3)C[C@@H]2COC)CC1
deruxtecan_pyrrole_2_5_dione_cid118305111,,,deruxtecan_pyrrole_2_5_dione_cid118305111.png,low,low,2.493034453347352e-05,invalid,,,,,,invalid,invalid,,False,False,False,False,,False,,,,,,,[H]C123CCC(=O)(COCNC(=O)CNC4=O=C(C5=CC=CC=C5)C4NC(=O)CNC(=O)CNC(=O)CCCCCN4C=CC4=O)=C14=C21567C2=C4318C5134N=C8659=C168=C1%10(=C)C%11(COC(=O)C1%12(O)(CC)C(=O)(OC%11)C%10%12(O)CC)C(=O)N26357C849
desflurane_cid42113,,,desflurane_cid42113.png,low,low,0.8066921012744397,exact,Desflurane,Desflurane,1.0,10,10,exact,exact,Desflurane,False,False,False,False,1.0,True,True,0,1,,,,[H]C(F)(OC(F)F)C(F)(F)F
desipramine_cid2995,,,desipramine_cid2995.png,high,high,0.8946792816897372,exact,Desipramine,Desipramine,1.0,20,20,exact,exact,Desipramine,False,False,False,False,1.0,True,True,0,1,,,,CNCCCN1c2ccccc2CCc2ccccc21
deslanoside_cid28620,,,deslanoside_cid28620.png,low,low,0.1034405477422558,invalid,,,,,,invalid,invalid,,False,False,False,False,,False,,,,,,,[H]C12CCC3C4(O)CCC(C5=CC(=O)OC5)C4(C)C(O)CC34CC14(C)CCC(OC1CC(O)C(OC3CC(O)C(OC4CC(O)C(OC5OC(CO)C(O)C(O)C5O)C(C)O4)C(C)O3)C(C)O1)C2
deucravacitinib_cid134821691,,,deucravacitinib_cid134821691.png,high,high,0.8959123139614933,exact,Deucravacitinib,Deucravacitinib,1.0,31,31,exact,exact,Deucravacitinib,False,False,False,False,1.0,True,True,0,1,,,,[2H]C([2H])([2H])NC(=O)c1nnc(NC(=O)C2CC2)cc1Nc1cccc(-c2ncn(C)n2)c1OC
dexrazoxane_cid71384,,,dexrazoxane_cid71384.png,high,high,0.9088265349686572,exact,Dexrazoxane,Dexrazoxane,1.0,19,19,exact,exact,Dexrazoxane,False,False,False,False,1.0,True,True,0,1,,,,C[C@@H](CN1CC(=O)NC(=O)C1)N1CC(=O)NC(=O)C1
dicyclomine_hydrochloride_cid441344,,,dicyclomine_hydrochloride_cid441344.png,high,high,0.9042364346876947,exact,Dicyclomine Hydrochloride,Dicyclomine Hydrochloride,1.0,23,23,exact,exact,Dicyclomine Hydrochloride,False,False,False,False,1.0,True,True,0,2,,,,CCN(CC)CCOC(=O)C1(C2CCCCC2)CCCCC1.[H]Cl
difelikefalin_cid24794466,,,difelikefalin_cid24794466.png,low,low,0.2139155520670031,invalid,,,,,,invalid,invalid,,False,False,False,False,,False,,,,,,,[H]C(CC1=CC=CC=C1)C(=O)NC(CC1=CC=CC=C1)C(=O)N([H])C1C2C34CC2(C)(C3)C14.[H]NC(CCCCN)C(=O)N1CCC(N[H])(C(=O)O)CC1
digitoxin_cid441207,,,digitoxin_cid441207.png,low,low,0.1520409678285604,invalid,,,,,,invalid,invalid,,False,False,False,False,,False,,,,,,,[H]O1[H]OC23CCC4([H])CC(OC5CC(O)C(OC6CC(O)C(OC7CC(O)C(O)C(C)O7)C(C)O6)C(C)O5)CCC4(C)C2([H])CCC2(C)C(C4=CC(=O)OC4)CCC123
dihydroartemisinin_cid107770,,,dihydroartemisinin_cid107770.png,high,high,0.8477401918461481,exact,Dihydroartemisinin,Dihydroartemisinin,1.0,20,20,exact,exact,Dihydroartemisinin,False,False,False,False,1.0,True,True,0,1,,,,[H][C@]12O[C@H](O)[C@H](C)C3CC[C@@H](C)[C@]4([H])CCC(C)(OO[C@]314)O2
dinoprost_cid5280363,,,dinoprost_cid5280363.png,high,high,0.88305093519093,stereo,Dinoprost,Dinoprost,1.0,25,25,stereo,stereo,Dinoprost,False,False,False,False,1.0,True,True,0,1,,,,[H]O[C@@H](CCCCC)C([H])=C([H])[C@@H]1[C@@H](C/C([H])=C(/[H])CCCC(=O)O)[C@@H](O[H])C[C@H]1O[H]
dirithromycin_cid6473883,,,dirithromycin_cid6473883.png,low,low,0.3161406102188224,invalid,,,,,,invalid,invalid,,False,False,False,False,,False,,,,,,,[H]N1C(COCCOC)OC2([H])C(C)(O)C(CC)OC3C(C)C(OC4CC(C)(OC)C(O)C(C)O4)C(C)C(OC4OC(C)CC(N(C)C)C4O)C(C)(O)CC(C)C1([H])[CH]32C
disopyramide_cid3114,,,disopyramide_cid3114.png,high,high,0.89622769264863,exact,Disopyramide,Disopyramide,1.0,25,25,exact,exact,Disopyramide,False,False,False,False,1.0,True,True,0,1,,,,[H]NC(=O)C(CCN(C(C)C)C(C)C)(c1ccccc1)c1ccccn1
distearoylphosphatidylcholine_cid65146,,,distearoylphosphatidylcholine_cid65146.png,low,low,0.2519790227510307,wrong,,Distearoylphosphatidylcholine,0.382,96,54,wrong,wrong,,False,False,False,False,0.382,False,False,108,1,,,,CCCCCCCCCCCCCCCCCC(=O)OCC(OC(=O)CCCCCCCCCCCCCCCCC)C(OP(=O)(O)O)C(COC(=O)CCCCCCCCCCCCCCCCC)(COP(=O)(O)O)OC(=O)CCCCCCCCCCCCCCCCC
dl_selenomethionine_cid15103,,,dl_selenomethionine_cid15103.png,high,high,0.8695149352457884,wrong,,DL-selenomethionine,0.955,9,9,exact,exact,DL-selenomethionine,False,True,False,False,1.0,False,False,1,2,[H],,,C[Se]CCC(N)C(=O)O.[H] |^1:9|
dobutamine_hydrochloride_cid65324,,,dobutamine_hydrochloride_cid65324.png,high,high,0.8894722571272593,wrong,,Dobutamine Hydrochloride,0.972,23,23,exact,exact,Dobutamine Hydrochloride,False,True,False,False,1.0,False,False,2,4,[H].[H],,,"CC(CCc1ccc(O)cc1)NCCc1ccc(O)c(O)c1.[H].[H].[H]Cl |^1:22,23|"
dofetilide_cid71329,,,dofetilide_cid71329.png,high,high,0.8964082242260587,exact,Dofetilide,Dofetilide,1.0,29,29,exact,exact,Dofetilide,False,False,False,False,1.0,True,True,0,1,,,,CN(CCOc1ccc(NS(C)(=O)=O)cc1)CCc1ccc(NS(C)(=O)=O)cc1
domperidone_cid3151,,,domperidone_cid3151.png,high,high,0.8615264787938314,wrong,,Domperidone,0.98,30,30,exact,exact,Domperidone,False,True,False,False,1.0,False,False,2,2,[HH],,,O=c1[nH]c2ccccc2n1CCCN1CCC(n2c(=O)[nH]c3cc(Cl)ccc32)CC1.[HH]
doramectin_cid9832750,,,doramectin_cid9832750.png,low,low,3.3627821801865e-05,invalid,,,,,,invalid,invalid,,False,False,False,False,,False,,,,,,,[H]C1C=C(C)C(O)C([H])OCC=C([H])C([H])=C([H])[CH]2(C)[CH]34C5(C)=CC67C([H])C(C([H])OC1)C6([H])(OCOC([H])([CH]C)C1CCCCC1)CC7=C3([H])[CH]521O[CH]23C[CH]5(OC)C6[CH](C)(O[CH]O241)[CH]51(O[CH]24CC(OC)[CH](O)(C(C)O2)[CH](C)(C([CH])O)O[CH]O641)C(C)O3
dronedarone_hydrochloride_cid219025,,,dronedarone_hydrochloride_cid219025.png,high,high,0.9000509745216033,wrong,,Dronedarone Hydrochloride,0.873,40,40,near,near,,False,False,False,False,0.873,False,False,4,2,,,,CCCCc1oc2ccc(NS(=O)(=O)O)cc2c1C(=O)c1ccc(OCCCN(CCCC)CCCC)cc1.[H]Cl
droxidopa_cid92974,,,droxidopa_cid92974.png,high,high,0.8611653569007711,wrong,,Droxidopa,0.964,15,15,exact,exact,Droxidopa,False,True,False,False,1.0,False,False,2,3,[H].[H],,,"[H].[H].[H]N[C@H](C(=O)O[H])[C@H](O[H])c1ccc(O)c(O)c1 |^1:0,1|"
durlobactam_cid89851852,,,durlobactam_cid89851852.png,low,low,0.7685932866635643,invalid,,,,,,invalid,invalid,,False,False,False,False,,False,,,,,,,CC1=CN23CC(C2)(C1C(N)=O)N(OS(=O)(=O)O)C3=O.[H].[H].[H]
dutogliptin_cid11253490,,,dutogliptin_cid11253490.png,high,high,0.8941267510485464,exact,Dutogliptin,Dutogliptin,1.0,17,17,exact,exact,Dutogliptin,False,False,False,False,1.0,True,True,0,1,,,,[H]OB(O[H])[C@]1([H])CCCN1C(=O)CN([H])[C@@H]1CCN([H])C1
echothiophate_cid10548,,,echothiophate_cid10548.png,high,high,0.8747615571682833,exact,Echothiophate,Echothiophate,1.0,15,15,exact,exact,Echothiophate,False,False,False,False,1.0,True,True,0,1,,,,CCOP(=O)(OCC)SCC[N+](C)(C)C
edrophonium_chloride_cid8307,,,edrophonium_chloride_cid8307.png,high,high,0.8910968241537633,exact,Edrophonium Chloride,Edrophonium Chloride,1.0,13,13,exact,exact,Edrophonium Chloride,False,False,False,False,1.0,True,True,0,2,,,,[Cl-].[H]Oc1cccc([N+](C)(C)CC)c1
efinaconazole_cid489181,,,efinaconazole_cid489181.png,high,high,0.9136167302583068,exact,Efinaconazole,Efinaconazole,1.0,25,25,exact,exact,Efinaconazole,False,False,False,False,1.0,True,True,0,1,,,,[H]O[C@@](Cn1cncn1)(c1ccc(F)cc1F)[C@@H](C)N1CCC(=C)CC1
efonidipine_cid119171,,,efonidipine_cid119171.png,high,high,0.9071197631425743,exact,Efonidipine,Efonidipine,1.0,45,45,exact,exact,Efonidipine,False,False,False,False,1.0,True,True,0,1,,,,CC1=C(C(=O)OCCN(Cc2ccccc2)c2ccccc2)C(c2cccc([N+](=O)[O-])c2)C(P2(=O)OCC(C)(C)CO2)=C(C)N1
elacestrant_cid23642301,,,elacestrant_cid23642301.png,high,high,0.8962201968524316,stereo,Elacestrant,Elacestrant,1.0,34,34,stereo,stereo,Elacestrant,False,False,False,False,1.0,True,True,0,1,,,,[H][C@]1(c2ccc(OC)cc2N(CC)Cc2ccc(CCNCC)cc2)CCc2cc(O)ccc2C1
elagolix_cid11250647,,,elagolix_cid11250647.png,high,high,0.8888653680658981,wrong,,Elagolix,0.986,45,45,exact,exact,Elagolix,False,True,False,False,1.0,False,False,2,3,[H].[H],,,"COc1cccc(-c2c(C)n(Cc3c(F)cccc3C(F)(F)F)c(=O)n(C[C@H](NCCCC(=O)O)c3ccccc3)c2=O)c1F.[H].[H] |^1:45,46|"
elbasvir_cid71661251,,,elbasvir_cid71661251.png,low,low,0.03260553729201664,invalid,,,,,,invalid,invalid,,False,False,False,False,,False,,,,,,,[H].[H]N1C(C2=CC3=C4(=N5C(=C3)(N4)C34=C678C9=C(CC=NCC%10CCCN%10C(=O)C(NC(=O)OC)C(C)C)(=C6C=396O7C5(C3=CC=CC=C3)=O86)C=C4)C=C2)=CN=C1C1CCCN1C(=O)C(NC(=O)OC)C(C)C
eletriptan_hydrobromide_cid656631,,,eletriptan_hydrobromide_cid656631.png,high,high,0.9130247751877255,exact,Eletriptan Hydrobromide,Eletriptan Hydrobromide,1.0,28,28,exact,exact,Eletriptan Hydrobromide,False,False,False,False,1.0,True,True,0,2,,,,CN1CCC[C@@H]1Cc1c[nH]c2ccc(CCS(=O)(=O)c3ccccc3)cc12.[H]Br
elexacaftor_cid134587348,,,elexacaftor_cid134587348.png,high,high,0.9012903027678583,exact,Elexacaftor,Elexacaftor,1.0,41,41,exact,exact,Elexacaftor,False,False,False,False,1.0,True,True,0,1,,,,Cc1nn(C)cc1S(=O)(=O)NC(=O)c1ccc(-n2ccc(OCC(C)(C)C(F)(F)F)n2)nc1N1C[C@@H](C)CC1(C)C
eltanexor_cid86345880,,,eltanexor_cid86345880.png,high,high,0.8725773658649061,wrong,,Eltanexor,0.978,30,30,exact,exact,Eltanexor,False,True,False,False,1.0,False,False,2,3,[H].[H],,,"[H].[H].[H]/C(=C(\C(N)=O)c1cncnc1)n1cnc(-c2cc(C(F)(F)F)cc(C(F)(F)F)c2)n1 |^1:0,1|"
eltrombopag_cid135449332,,,eltrombopag_cid135449332.png,high,high,0.8985479839622286,wrong,,Eltrombopag,0.85,33,33,charge,charge,Eltrombopag,False,False,False,False,0.85,True,False,1,1,,,,Cc1ccc(-n2[nH]c(C)c(/N=N/c3cccc(-c4cccc(C(=O)[O-])c4)c3O)c2=O)cc1C
elvitegravir_cid5277135,,,elvitegravir_cid5277135.png,high,high,0.9002331089738015,wrong,,Elvitegravir,0.984,31,31,exact,exact,Elvitegravir,False,True,False,False,1.0,False,False,1,2,[H],,,COc1cc2c(cc1Cc1cccc(Cl)c1F)c(=O)c(C(=O)O)cn2[C@H](CO)C(C)C.[H] |^1:31|
emamectin_b1a_cid11136686,,,emamectin_b1a_cid11136686.png,low,low,0.0004278877583260161,invalid,,,,,,invalid,invalid,,False,False,False,False,,False,,,,,,,[H]C=C1([H])[CH]2(C)C[CH]1(C)C(OC1CC(OC)C(OC3CC(OC)C(NC)C(C)O3)C(C)O1)C(C)=C([H])CC13([H])CC([H])(OC(=O)C4([H])C=C(C)C(O)C5([H])OCC(=C([H])C=C2[H])C4O5)C2OC4[CH]5(CC)C[CH](CC)(C5)C5OC(C=C[CH]45C)(O1)O23
emtricitabine_cid60877,,,emtricitabine_cid60877.png,high,high,0.866527583380453,wrong,,Emtricitabine,0.596,16,16,wrong,wrong,,False,False,False,False,0.596,False,False,2,3,[H].[H],,,"Nc1nc(=O)n([C@@H]2C[S-][C@H](CO)O2)cc1F.[H].[H] |^1:8,16,17|"
encorafenib_cid50922675,,,encorafenib_cid50922675.png,high,high,0.9004086235850178,exact,Encorafenib,Encorafenib,1.0,36,36,exact,exact,Encorafenib,False,False,False,False,1.0,True,True,0,1,,,,COC(=O)N[C@@H](C)CNc1nccc(-c2cn(C(C)C)nc2-c2cc(Cl)cc(NS(C)(=O)=O)c2F)n1
enflurane_cid3226,,,enflurane_cid3226.png,low,low,0.5604773857684977,wrong,,Enflurane,0.5,8,10,wrong,wrong,,False,False,False,False,0.5,False,False,3,1,,,,FC(F)OC(F)(F)Cl
entecavir_cid135398508,,,entecavir_cid135398508.png,high,high,0.8753848563889287,wrong,,Entecavir,1.0,20,20,exact,exact,Entecavir,False,True,False,False,1.0,False,False,3,4,[H].[H].[H],,,"[H].[H].[H].[H]n1c(N)nc2c(ncn2[C@H]2C[C@H](O)[C@@H](CO)C2=C)c1=O |^1:0,1,2|"
entrectinib_cid25141092,,,entrectinib_cid25141092.png,high,high,0.9113053794255588,exact,Entrectinib,Entrectinib,1.0,41,41,exact,exact,Entrectinib,False,False,False,False,1.0,True,True,0,1,,,,CN1CCN(c2ccc(C(=O)Nc3n[nH]c4ccc(Cc5cc(F)cc(F)c5)cc34)c(NC3CCOCC3)c2)CC1
eptaplatin_cid119378,,,eptaplatin_cid119378.png,high,high,0.8657725570809475,wrong,,Eptaplatin,0.931,19,20,near,near,,False,False,False,False,0.931,False,False,5,6,[H].[H].[H].[H],,,"CC(C)C1O[C@H](CN)[C@@H](CN)O1.O=C([O-])CC(=O)[O-].[H].[H].[H].[H] |^1:19,20,21,22|"
eptifibatide_cid448812,,,eptifibatide_cid448812.png,low,low,0.0003118361307682433,invalid,,,,,,invalid,invalid,,False,False,False,False,,False,,,,,,,[H]C12CC3C1[S-]1CC45(C(=O)NC(CCCCN=C(N)N)C(=O)N467C48([H])C([S-])(CC)C26([H])(C4(=O)NC(C)C(N)=O)N582C(=O)[CH]4(CCCCN=C(N)N)C(CC5=CNC6=CC=CC=C56)NC(=O)C(CC(=O)O)NC(=O)CNC472=O)C31
ergometrine_cid443884,,,ergometrine_cid443884.png,low,low,0.7928039675204616,exact,Ergometrine,Ergometrine,1.0,24,24,exact,exact,Ergometrine,False,False,False,False,1.0,True,True,0,1,,,,[H]OC[C@H](C)N([H])C(=O)[C@@H]1C=C2c3cccc4[nH]cc(c34)C[C@@]2([H])N(C)C1
ertugliflozin_cid44814423,,,ertugliflozin_cid44814423.png,high,high,0.8486920823456073,exact,Ertugliflozin,Ertugliflozin,1.0,30,30,exact,exact,Ertugliflozin,False,False,False,False,1.0,True,True,0,1,,,,CCOc1ccc(Cc2cc([C@]34OC[C@](CO)(O3)[C@@H](O)[C@H](O)[C@H]4O)ccc2Cl)cc1
esmolol_hydrochloride_cid104769,,,esmolol_hydrochloride_cid104769.png,high,high,0.8968559088089741,wrong,,Esmolol Hydrochloride,0.976,22,22,exact,exact,Esmolol Hydrochloride,False,True,False,False,1.0,False,False,1,3,[H],,,COC(=O)CCc1ccc(OCC(O)CNC(C)C)cc1.[H].[H]Cl |^1:21|
etelcalcetide_cid71511839,,,etelcalcetide_cid71511839.png,low,low,0.009833405965575132,invalid,,,,,,invalid,invalid,,False,False,False,False,,False,,,,,,,*NC(=O)C(CCCN=C(N)N)NC(=O)C(C)NC(=O)C(CCCN=C(N)N)NC(=O)C(CCCN=C(N)N[H])NC(=O)C(CCCN=C(N=[H])N[H])NC(=O)C(C)NC(=O)C(CCO)NC(C)=O.*NC1(=O)=O=C(N)C2NC34=O=C(=O)(N[CH]15CC1CN=C(N)(N)=N(=C(N)N)C1CC25)[CH]3(C)NC4C.NC(CO)C(=O)O |$H17;;;;;;;;;;;;;;;;;;;;;;;;;;;;;;;;;;;;;;;;;;;;;;;;;;;;;;;;;;;;;;;;;;;;;H17;;;;;;;;;;;;;;;;;;;;;;;;;;;;;;;;;;;;;;;;$|
ethaselen_cid10387485,,,ethaselen_cid10387485.png,high,high,0.9184285290304424,exact,Ethaselen,Ethaselen,1.0,22,22,exact,exact,Ethaselen,False,False,False,False,1.0,True,True,0,1,,,,O=c1c2ccccc2[se]n1CCn1[se]c2ccccc2c1=O
ethinylestradiol_cid5991,,,ethinylestradiol_cid5991.png,low,low,0.5574841199146137,wrong,,Ethinylestradiol,0.977,22,22,stereo,stereo,Ethinylestradiol,False,True,False,False,1.0,False,False,3,4,[H].[H].[H],,,"[H].[H].[H].[H][C@@]12CCc3cc(O)ccc3[C@@]1([H])CC[C@@]1(C)[C@]2([H])CC[C@@]1(O)C#C |^1:0,1,2|"
etomidate_cid667484,,,etomidate_cid667484.png,high,high,0.890181532007316,exact,Etomidate,Etomidate,1.0,18,18,exact,exact,Etomidate,False,False,False,False,1.0,True,True,0,1,,,,CCOC(=O)c1cncn1[C@H](C)c1ccccc1
etoricoxib_cid123619,,,etoricoxib_cid123619.png,high,high,0.9131674052905288,exact,Etoricoxib,Etoricoxib,1.0,24,24,exact,exact,Etoricoxib,False,False,False,False,1.0,True,True,0,1,,,,Cc1ccc(-c2ncc(Cl)cc2-c2ccc(S(C)(=O)=O)cc2)cn1
etrasimod_cid44623998,,,etrasimod_cid44623998.png,high,high,0.8994367584505992,exact,Etrasimod,Etrasimod,1.0,33,33,exact,exact,Etrasimod,False,False,False,False,1.0,True,True,0,1,,,,O=C(O)C[C@H]1CCc2c1[nH]c1ccc(OCc3ccc(C4CCCC4)c(C(F)(F)F)c3)cc21
etretinate_cid5282375,,,etretinate_cid5282375.png,high,high,0.8872069995607156,exact,Etretinate,Etretinate,1.0,26,26,exact,exact,Etretinate,False,False,False,False,1.0,True,True,0,1,,,,[H]/C(C(=O)OCC)=C(C)\C([H])=C([H])\C([H])=C(C)\C([H])=C(/[H])c1c(C)cc(OC)c(C)c1C
exatecan_cid151115,,,exatecan_cid151115.png,high,high,0.8586950975513704,exact,Exatecan,Exatecan,1.0,32,32,exact,exact,Exatecan,False,False,False,False,1.0,True,True,0,1,,,,[H]N[C@H]1CCc2c(C)c(F)cc3nc4c(c1c23)Cn1c-4cc2c(c1=O)COC(=O)[C@]2(O)CC
febuxostat_cid134018,,,febuxostat_cid134018.png,high,high,0.9123753421702203,exact,Febuxostat,Febuxostat,1.0,22,22,exact,exact,Febuxostat,False,False,False,False,1.0,True,True,0,1,,,,Cc1nc(-c2ccc(OCC(C)C)c(C#N)c2)sc1C(=O)O
fedratinib_cid16722836,,,fedratinib_cid16722836.png,high,high,0.912032250256063,exact,Fedratinib,Fedratinib,1.0,37,37,exact,exact,Fedratinib,False,False,False,False,1.0,True,True,0,1,,,,Cc1cnc(Nc2ccc(OCCN3CCCC3)cc2)nc1Nc1cccc(S(=O)(=O)NC(C)(C)C)c1
felypressin_cid14257662,,,felypressin_cid14257662.png,low,low,0.02069110587114304,invalid,,,,,,invalid,invalid,,False,False,False,False,,False,,,,,,,[H]NCCCCC(NC(=O)C1CCCN1C(=O)C(CS)NC(=O)C(CC(=O)N[H])NC(=O)C(CCC(N)=O)NC1(=O)[CH]23C[CH]14C2CC[CH]125C6C7(=C(=C68=CC=CC=C8)C=CC=C7)C1[CH]1(C=CC)C26=O=C15(=O)(N3)N64)C(=O)NCC(=O)N[H]
fenebrutinib_cid86567195,,,fenebrutinib_cid86567195.png,high,high,0.8970937306138735,exact,Fenebrutinib,Fenebrutinib,1.0,49,49,exact,exact,Fenebrutinib,False,False,False,False,1.0,True,True,0,1,,,,C[C@H]1CN(C2COC2)CCN1c1ccc(Nc2cc(-c3ccnc(N4CCn5c(cc6c5CC(C)(C)C6)C4=O)c3CO)cn(C)c2=O)nc1
fenoterol_cid3343,,,fenoterol_cid3343.png,high,high,0.9119682421367329,exact,Fenoterol,Fenoterol,1.0,22,22,exact,exact,Fenoterol,False,False,False,False,1.0,True,True,0,1,,,,[H]Oc1ccc(CC([H])(C)NCC([H])(O[H])c2cc(O[H])cc(O[H])c2)cc1
ferric_maltol_cid169535,,,ferric_maltol_cid169535.png,high,high,0.9079389659205553,wrong,,Ferric Maltol,0.677,28,28,wrong,wrong,,False,False,False,False,0.677,False,False,0,3,,Cc1occc(=O)c1[O-],,Cc1occc(=O)c1[O-].Cc1occc(=O)c1[O-].Cc1occc(=O)c1[O][Fe+3]
ferroquine_cid140118553,,,ferroquine_cid140118553.png,low,low,0.01348266532127877,invalid,,,,,,invalid,invalid,,False,False,False,False,,False,,,,,,,[H][C]12(C=CC=C1)C1=CC=C[C]13([H])[Fe+4][C]14(CNC5=C6C=CC(Cl)=CC6=NC=C5)CC(=C5C1=C54)=[C](CN(C)C)[Fe+4]23
ferrous_fumarate_cid6433164,,,ferrous_fumarate_cid6433164.png,high,high,0.9020308007454625,wrong,,Ferrous Fumarate,0.833,9,9,wrong,near,,False,False,False,True,0.833,False,False,0,2,,,[Fe+4],[Fe+4].[H]/C(C(=O)[O-])=C(/[H])C(=O)[O-]
fesoterodine_fumarate_cid9849808,,,fesoterodine_fumarate_cid9849808.png,high,high,0.8878795891271779,wrong,,Fesoterodine Fumarate,0.981,38,38,exact,exact,Fesoterodine Fumarate,False,True,False,False,1.0,False,False,1,3,[H],,,CC(C)C(=O)Oc1ccc(CO)cc1[C@H](CCN(C(C)C)C(C)C)c1ccccc1.[H].[H]/C(C(=O)O)=C(/[H])C(=O)O |^1:30|
fevipiprant_cid23582412,,,fevipiprant_cid23582412.png,high,high,0.9109823083510751,exact,Fevipiprant,Fevipiprant,1.0,29,29,exact,exact,Fevipiprant,False,False,False,False,1.0,True,True,0,1,,,,Cc1c(CC(=O)O)c2cccnc2n1Cc1ccc(S(C)(=O)=O)cc1C(F)(F)F
fexinidazole_cid68792,,,fexinidazole_cid68792.png,high,high,0.8995776789487242,wrong,,Fexinidazole,0.696,19,19,wrong,wrong,,False,False,False,False,0.696,False,False,0,1,,,,C[S-]c1ccc(OCc2ncc([N+](=O)[O-])n2C)cc1 |^1:1|
fingolimod_cid107970,,,fingolimod_cid107970.png,high,high,0.8842137443183041,wrong,,Fingolimod,0.967,22,22,exact,exact,Fingolimod,False,True,False,False,1.0,False,False,2,3,[H].[H],,,"CCCCCCCCc1ccc(CCC(N)(CO)CO)cc1.[H].[H] |^1:22,23|"
floxuridine_cid5790,,,floxuridine_cid5790.png,high,high,0.8797129048879109,exact,Floxuridine,Floxuridine,1.0,17,17,exact,exact,Floxuridine,False,False,False,False,1.0,True,True,0,1,,,,[H]O[C@H]1C[C@H](n2cc(F)c(=O)[nH]c2=O)O[C@@H]1CO
fludarabine_cid657237,,,fludarabine_cid657237.png,high,high,0.8703885923119722,wrong,,Fludarabine,1.0,20,20,exact,exact,Fludarabine,False,True,False,False,1.0,False,False,4,5,[H].[H].[H].[H],,,"[H].[H].[H].[H].[H]OC[C@H]1O[C@@H](n2cnc3c(N)nc(F)nc32)[C@@H](O)[C@@H]1O |^1:0,1,2,3|"
flunitrazepam_cid3380,,,flunitrazepam_cid3380.png,high,high,0.9144487732470237,exact,Flunitrazepam,Flunitrazepam,1.0,23,23,exact,exact,Flunitrazepam,False,False,False,False,1.0,True,True,0,1,,,,CN1C(=O)CN=C(c2ccccc2F)c2cc([N+](=O)[O-])ccc21
fluoxymesterone_cid6446,,,fluoxymesterone_cid6446.png,low,low,0.7629602196733926,wrong,,Fluoxymesterone,1.0,24,24,exact,exact,Fluoxymesterone,False,True,False,False,1.0,False,False,1,2,[H],,,[H].[H]O[C@H]1C[C@@]2(C)[C@@]([H])(CC[C@]2(C)O)[C@]2([H])CCC3=CC(=O)CC[C@]3(C)[C@@]12F |^1:0|
fluphenazine_cid3372,,,fluphenazine_cid3372.png,high,high,0.9048107790857868,exact,Fluphenazine,Fluphenazine,1.0,30,30,exact,exact,Fluphenazine,False,False,False,False,1.0,True,True,0,1,,,,[H]OCCN1CCN(CCCN2c3ccccc3Sc3ccc(C(F)(F)F)cc32)CC1
flurithromycin_cid71260,,,flurithromycin_cid71260.png,low,low,0.821005189361139,wrong,,Flurithromycin,0.987,52,52,exact,exact,Flurithromycin,False,True,False,False,1.0,False,False,3,3,[HH].[H],,,[HH].[H].[H]O[C@]1(C)C[C@](C)(F)C(=O)[C@H](C)[C@@H](O)[C@](C)(O)[C@@H](CC)OC(=O)[C@H](C)[C@@H](O[C@H]2C[C@@](C)(OC)[C@@H](O)[C@H](C)O2)[C@H](C)[C@H]1O[C@@H]1O[C@H](C)C[C@H](N(C)C)[C@H]1O |^1:1|
formaldehyde_cid712,,,formaldehyde_cid712.png,high,high,0.8546231703449301,exact,Formaldehyde,Formaldehyde,1.0,2,2,exact,exact,Formaldehyde,False,False,False,False,1.0,True,True,0,1,,,,[H]C([H])=O
fosfluconazole_cid214356,,,fosfluconazole_cid214356.png,high,high,0.8648806929845319,exact,Fosfluconazole,Fosfluconazole,1.0,26,26,exact,exact,Fosfluconazole,False,False,False,False,1.0,True,True,0,1,,,,O=P(O)(O)OC(Cn1cncn1)(Cn1cncn1)c1ccc(F)cc1F
frovatriptan_succinate_cid152943,,,frovatriptan_succinate_cid152943.png,low,low,0.8234526085154507,wrong,,Frovatriptan Succinate,0.96,26,27,salt,salt,Frovatriptan Succinate,False,True,False,False,0.98,False,False,4,7,[H].[H].[H].[H].[H],,,"CN[C@@H]1CCc2[nH]c3ccc(C(N)=O)cc3c2C1.O=C(O)CCC(=O)O.[H].[H].[H].[H].[H] |^1:26,27,28,29,30|"
fulvestrant_cid104741,,,fulvestrant_cid104741.png,low,low,0.2875266652585182,wrong,,Fulvestrant,0.771,41,41,wrong,wrong,,False,False,False,False,0.771,False,False,3,1,,,,[H][C@]12CC[C@@H](O)[C@@]1(C)CC[C@]1([H])c3ccc(O)cc3C[C@@H](CCCCCCCCC[Si](O)CCCC(F)(F)C(F)(F)F)[C@@]21[H] |^1:30|
furazolidone_cid5323714,,,furazolidone_cid5323714.png,high,high,0.9097366594259935,exact,Furazolidone,Furazolidone,1.0,16,16,exact,exact,Furazolidone,False,False,False,False,1.0,True,True,0,1,,,,[H]/C(=N\N1CCOC1=O)c1ccc([N+](=O)[O-])o1
gabapentin_enacarbil_cid9883933,,,gabapentin_enacarbil_cid9883933.png,high,high,0.9034743961170248,exact,Gabapentin Enacarbil,Gabapentin Enacarbil,1.0,23,23,exact,exact,Gabapentin Enacarbil,False,False,False,False,1.0,True,True,0,1,,,,[H]OC(=O)CC1(CN([H])C(=O)OC(C)OC(=O)C(C)C)CCCCC1
gantacurium_cid10102486,,,gantacurium_cid10102486.png,low,low,3.496031624712379e-05,invalid,,,,,,invalid,invalid,,False,False,False,False,,False,,,,,,,COC1=C23C=C45(CC[N+](C)(CCCC=CO)CCCOC(=O)Cl)CC6=C4C(=C24(OC)=C1(OC)O(C)C4=C65)O(C)CO3.[H]C12=O=C3(=C1(Cl)Cl3)CC1(=O)=O=C=2OCCC2[N+]3(C)C(C4=CC(OC)=C(OC)C(OC)=C4)C45=CC(OC)=C(OC)C=C4CC3[N+]23(C)(CCCO1)CCC1=CC(OC)=C(OC)C=5=C1C3C1=CC(OC)=C(OC)C(OC)=C1
gemigliptin_cid11953153,,,gemigliptin_cid11953153.png,high,high,0.9034943786161166,exact,Gemigliptin,Gemigliptin,1.0,33,33,exact,exact,Gemigliptin,False,False,False,False,1.0,True,True,0,1,,,,[H]N[C@@H](CC(=O)N1CCc2c(nc(C(F)(F)F)nc2C(F)(F)F)C1)CN1CC(F)(F)CCC1=O
gilteritinib_cid49803313,,,gilteritinib_cid49803313.png,high,high,0.9177106830450165,exact,Gilteritinib,Gilteritinib,1.0,40,40,exact,exact,Gilteritinib,False,False,False,False,1.0,True,True,0,1,,,,[H]NC(=O)c1nc(CC)c(NC2CCOCC2)nc1Nc1ccc(N2CCC(N3CCN(C)CC3)CC2)c(OC)c1
giredestrant_cid121410806,,,giredestrant_cid121410806.png,high,high,0.8903808655653667,wrong,,Giredestrant,0.986,37,37,exact,exact,Giredestrant,False,True,False,False,1.0,False,False,1,2,[H],,,C[C@@H]1Cc2c([nH]c3ccccc23)[C@@H](c2c(F)cc(NC3CN(CCCF)C3)cc2F)N1CC(F)(F)CO.[H] |^1:37|
givinostat_cid9804992,,,givinostat_cid9804992.png,high,high,0.9113466336542302,exact,Givinostat,Givinostat,1.0,31,31,exact,exact,Givinostat,False,False,False,False,1.0,True,True,0,1,,,,CCN(CC)Cc1ccc2cc(COC(=O)Nc3ccc(C(=O)NO)cc3)ccc2c1
glasdegib_cid25166913,,,glasdegib_cid25166913.png,low,low,0.6162100774731442,stereo,Glasdegib,Glasdegib,1.0,28,28,stereo,stereo,Glasdegib,False,False,False,False,1.0,True,True,0,1,,,,[H][C@@]1(c2nc3ccccc3[nH]2)C[C@H](NC(=O)Nc2ccc(C#N)cc2)CCN1C
glutaraldehyde_cid3485,,,glutaraldehyde_cid3485.png,high,high,0.9012812817894797,exact,Glutaraldehyde,Glutaraldehyde,1.0,7,7,exact,exact,Glutaraldehyde,False,False,False,False,1.0,True,True,0,1,,,,[H]C(=O)CCCC([H])=O
glycolic_acid_cid757,,,glycolic_acid_cid757.png,low,low,0.8315029848372407,wrong,,Glycolic Acid,0.9,5,5,exact,exact,Glycolic Acid,False,True,False,False,1.0,False,False,1,2,[H],,,O=C(O)CO.[H] |^1:5|
gonadorelin_cid638793,,,gonadorelin_cid638793.png,low,low,0.2036465081057728,wrong,,Gonadorelin,0.849,85,85,wrong,wrong,,False,False,False,False,0.849,False,False,3,1,,,,[H]N/C(=N/CCC[C@H](NC(=O)[C@H](CCC)NC(=O)CNC(=O)C(Cc1ccc(O[H])cc1)NC(=O)[C@H](CO)N([H])C(=O)[C@H](Cc1c[nH]c2ccccc12)NC(=O)C(Cc1cnc[nH]1)NC(=O)[C@@H]1CCC(=O)N1)C(=O)N1CCC[C@H]1C(=O)NCC(N)=O)NN
grazoprevir_cid44603531,,,grazoprevir_cid44603531.png,low,low,0.3233168330678377,invalid,,,,,,invalid,invalid,,False,False,False,False,,False,,,,,,,[H]C12CC(C(=O)NC3(C(=O)NS(=O)(=O)C4CC4)CC3C=C)N(C1)C1(=O)C34([H])NC(=O)O5C(=O)(NC13([H])C4(C)(C)C)OC51([H])CC1([H])CCCCCC1=NC3=C(C=C(OC)C=C3)N=C1O2
halofantrine_hydrochloride_cid37392,,,halofantrine_hydrochloride_cid37392.png,high,high,0.9126180375361062,exact,(+-)-Halofantrine hydrochloride,(+-)-Halofantrine hydrochloride,1.0,34,34,exact,exact,(+-)-Halofantrine hydrochloride,False,False,False,False,1.0,True,True,0,2,,,,CCCCN(CCCC)CCC(O)c1cc2c(Cl)cc(Cl)cc2c2cc(C(F)(F)F)ccc12.[H]Cl
haloprogin_cid3561,,,haloprogin_cid3561.png,low,low,0.8167417717409607,exact,Haloprogin,Haloprogin,1.0,14,14,exact,exact,Haloprogin,False,False,False,False,1.0,True,True,0,1,,,,Clc1cc(Cl)c(OCC#CI)cc1Cl
henagliflozin_cid56832738,,,henagliflozin_cid56832738.png,high,high,0.853916979917669,wrong,,Henagliflozin,1.0,31,31,exact,exact,Henagliflozin,False,True,False,False,1.0,False,False,3,4,[H].[H].[H],,,"CCOc1ccc(Cc2cc([C@@]34OC[C@@](CO)(O3)[C@@H](O)[C@H](O)[C@H]4O)ccc2Cl)cc1F.[H].[H].[H] |^1:31,32,33|"
hexachlorocyclohexane_cid727,,,hexachlorocyclohexane_cid727.png,high,high,0.8917414632460029,exact,Hexachlorocyclohexane,Hexachlorocyclohexane,1.0,12,12,exact,exact,Hexachlorocyclohexane,False,False,False,False,1.0,True,True,0,1,,,,ClC1C(Cl)C(Cl)C(Cl)C(Cl)C1Cl
hexestrol_cid192197,,,hexestrol_cid192197.png,low,low,0.8014293170416804,wrong,,Hexestrol,0.95,20,20,exact,exact,Hexestrol,False,True,False,False,1.0,False,False,4,3,[HH].[HH],,,CC[C@H](c1ccc(O)cc1)[C@@H](CC)c1ccc(O)cc1.[HH].[HH]
hexoprenaline_cid3609,,,hexoprenaline_cid3609.png,high,high,0.9120223325735225,exact,Hexoprenaline,Hexoprenaline,1.0,30,30,exact,exact,Hexoprenaline,False,False,False,False,1.0,True,True,0,1,,,,Oc1ccc(C(O)CNCCCCCCNCC(O)c2ccc(O)c(O)c2)cc1O
histrelin_cid25077993,,,histrelin_cid25077993.png,low,low,0.001030516940430109,invalid,,,,,,invalid,invalid,,False,False,False,False,,False,,,,,,,[H]NC(=NCCCC1NC2(=O)C(CN[CH]CNC(CNCC)C3CCN3C1=O)NC1=O=C(NC2CC(C)C)C2NC34=O=C(NC1C2C1=CN(CC2=CC=CC=C2)C=N1)[CH]31NCC2C([CH]NC35=O=C(N23)[CH]5(CC2=CC3=CC=CC=C32)NC(=O)C(CC2=CN=CN2)NC2=O=C23N2C35CC25=O)NC4C1CC=CCO)N[H]
iberdomide_cid67335295,,,iberdomide_cid67335295.png,high,high,0.9038085600584347,exact,Iberdomide,Iberdomide,1.0,33,33,exact,exact,Iberdomide,False,False,False,False,1.0,True,True,0,1,,,,O=C1CC[C@H](N2Cc3c(OCc4ccc(CN5CCOCC5)cc4)cccc3C2=O)C(=O)N1
iclepertin_cid155259577,,,iclepertin_cid155259577.png,high,high,0.8948561244375721,exact,Iclepertin,Iclepertin,1.0,34,34,exact,exact,Iclepertin,False,False,False,False,1.0,True,True,0,1,,,,[H][C@]12CN(C(=O)c3cc(S(C)(=O)=O)ccc3O[C@H](C)C(F)(F)F)C[C@@]1(c1cc(C(F)(F)F)on1)C2
icotinib_cid22024915,,,icotinib_cid22024915.png,high,high,0.8947354291657209,wrong,,Icotinib,0.979,29,29,exact,exact,Icotinib,False,True,False,False,1.0,False,False,1,2,[H],,,C#Cc1cccc(Nc2ncnc3cc4c(cc23)OCCOCCOCCO4)c1.[H] |^1:29|
idarubicin_cid42890,,,idarubicin_cid42890.png,high,high,0.8947734377066944,wrong,,Idarubicin,1.0,36,36,exact,exact,Idarubicin,False,True,False,False,1.0,False,False,2,3,[H].[H],,,"[H].[H].[H]N[C@H]1C[C@H](O[C@H]2C[C@](O)(C(C)=O)Cc3c(O[H])c4c(c(O[H])c32)C(=O)c2ccccc2C4=O)O[C@@H](C)[C@H]1O |^1:0,1|"
idelalisib_cid11625818,,,idelalisib_cid11625818.png,high,high,0.9034073563300634,exact,Idelalisib,Idelalisib,1.0,31,31,exact,exact,Idelalisib,False,False,False,False,1.0,True,True,0,1,,,,CC[C@H](Nc1ncnc2nc[nH]c12)c1nc2cccc(F)c2c(=O)n1-c1ccccc1
ilaprazole_cid214351,,,ilaprazole_cid214351.png,high,high,0.9146754300158911,exact,Ilaprazole,Ilaprazole,1.0,26,26,exact,exact,Ilaprazole,False,False,False,False,1.0,True,True,0,1,,,,COc1ccnc(CS(=O)c2nc3ccc(-n4cccc4)cc3[nH]2)c1C
iloperidone_cid71360,,,iloperidone_cid71360.png,high,high,0.9106743380881007,exact,Iloperidone,Iloperidone,1.0,31,31,exact,exact,Iloperidone,False,False,False,False,1.0,True,True,0,1,,,,COc1cc(C(C)=O)ccc1OCCCN1CCC(c2noc3cc(F)ccc23)CC1
imeglimin_cid24812808,,,imeglimin_cid24812808.png,high,high,0.8953980158766075,wrong,,Imeglimin,0.958,11,11,exact,exact,Imeglimin,False,True,False,False,1.0,False,False,2,3,[H].[H],,,"C[C@@H]1N=C(N)NC(N(C)C)=N1.[H].[H] |^1:11,12|"
indacaterol_cid6918554,,,indacaterol_cid6918554.png,high,high,0.8902173224796669,wrong,,Indacaterol,0.98,29,29,exact,exact,Indacaterol,False,True,False,False,1.0,False,False,2,3,[H].[H],,,"[H].[H].[H]O[C@@H](CNC1Cc2cc(CC)c(CC)cc2C1)c1ccc(O)c2[nH]c(=O)ccc12 |^1:0,1|"
indoximod_cid405012,,,indoximod_cid405012.png,high,high,0.8724883076404172,exact,Indoximod,Indoximod,1.0,16,16,exact,exact,Indoximod,False,False,False,False,1.0,True,True,0,1,,,,[H]N[C@H](Cc1cn(C)c2ccccc12)C(=O)O[H]
infigratinib_cid53235510,,,infigratinib_cid53235510.png,high,high,0.9157018254986155,exact,Infigratinib,Infigratinib,1.0,38,38,exact,exact,Infigratinib,False,False,False,False,1.0,True,True,0,1,,,,CCN1CCN(c2ccc(Nc3cc(N(C)C(=O)Nc4c(Cl)c(OC)cc(OC)c4Cl)ncn3)cc2)CC1
ipragliflozin_cid10453870,,,ipragliflozin_cid10453870.png,high,high,0.9047894604574535,exact,Ipragliflozin,Ipragliflozin,1.0,28,28,exact,exact,Ipragliflozin,False,False,False,False,1.0,True,True,0,1,,,,[H]OC[C@H]1O[C@@H](c2ccc(F)c(Cc3cc4ccccc4s3)c2)[C@H](O[H])[C@@H](O)[C@@H]1O[H]
isavuconazole_cid6918485,,,isavuconazole_cid6918485.png,high,high,0.8971260365000816,exact,Isavuconazole,Isavuconazole,1.0,31,31,exact,exact,Isavuconazole,False,False,False,False,1.0,True,True,0,1,,,,C[C@@H](c1nc(-c2ccc(C#N)cc2)cs1)[C@](O)(Cn1cncn1)c1cc(F)ccc1F
isepamicin_cid3037209,,,isepamicin_cid3037209.png,low,low,0.7134444165616741,wrong,,Isepamicin,1.0,39,39,exact,exact,Isepamicin,False,True,False,False,1.0,False,False,11,12,[H].[H].[H].[H].[H].[H].[H].[H].[H].[H].[H],,,"[H].[H].[H].[H].[H].[H].[H].[H].[H].[H].[H].[H]O[C@H]1[C@@H](O[C@H]2[C@H](O)[C@@H](O[C@H]3OC[C@](C)(O)[C@H](NC)[C@H]3O)[C@H](NC(=O)[C@@H](O)CN)C[C@@H]2N)O[C@H](CN)[C@@H](O[H])[C@@H]1O |^1:0,1,2,3,4,5,6,7,8,9,10|"
ivabradine_hydrochloride_cid3045381,,,ivabradine_hydrochloride_cid3045381.png,high,high,0.9099467578581557,exact,Ivabradine Hydrochloride,Ivabradine Hydrochloride,1.0,35,35,exact,exact,Ivabradine Hydrochloride,False,False,False,False,1.0,True,True,0,2,,,,COc1cc2c(cc1OC)CC(=O)N(CCCN(C)C[C@H]1Cc3cc(OC)c(OC)cc31)CC2.[H]Cl
ivermectin_b1a_cid6321424,,,ivermectin_b1a_cid6321424.png,low,low,0.2381692803311848,stereo,Ivermectin B1a,Ivermectin B1a,1.0,62,62,stereo,stereo,Ivermectin B1a,False,False,False,False,1.0,True,True,0,1,,,,[H]O[C@H]1[C@H](C)O[C@@H](O[C@H]2[C@H](C)O[C@@H](O[C@@H]3/C(C)=C(\[H])C[C@@]4([H])C[C@]([H])(C[C@]5(CC[C@H](C)[C@]([H])([C@@H](C)CC)O5)O4)OC(=O)[C@]4([H])C=C(C)[C@@H](O[H])[C@@]5([H])OC/C(=C([H])\C([H])=C(/[H])[C@@H]3C)[C@@]45O)C[C@H]2OC)C[C@@H]1OC
ketoconazole_cid47576,,,ketoconazole_cid47576.png,high,high,0.9063454020159641,exact,Ketoconazole,Ketoconazole,1.0,36,36,exact,exact,Ketoconazole,False,False,False,False,1.0,True,True,0,1,,,,CC(=O)N1CCN(c2ccc(OC[C@@H]3CO[C@@](Cn4ccnc4)(c4ccc(Cl)cc4Cl)O3)cc2)CC1
ketoprofen_cid3825,,,ketoprofen_cid3825.png,high,high,0.9085338379778848,exact,Ketoprofen,Ketoprofen,1.0,19,19,exact,exact,Ketoprofen,False,False,False,False,1.0,True,True,0,1,,,,CC(C(=O)O)c1cccc(C(=O)c2ccccc2)c1
l_folinic_acid_cid135398559,,,l_folinic_acid_cid135398559.png,high,high,0.8785955297053771,wrong,,L-Folinic acid,0.985,34,34,exact,exact,L-Folinic acid,False,True,False,False,1.0,False,False,2,3,[H].[H],,,"[H].[H].[H]Nc1nc2c(c(=O)[nH]1)N(C([H])=O)[C@@H](CNc1ccc(C(=O)N[C@@H](CCC(=O)O)C(=O)O)cc1)CN2 |^1:0,1|"
lacosamide_cid219078,,,lacosamide_cid219078.png,high,high,0.8980782332709581,exact,Lacosamide,Lacosamide,1.0,18,18,exact,exact,Lacosamide,False,False,False,False,1.0,True,True,0,1,,,,COC[C@@H](NC(C)=O)C(=O)NCc1ccccc1
lactic_acid_cid612,,,lactic_acid_cid612.png,high,high,0.8723062873779572,wrong,,Lactic Acid,0.917,6,6,exact,exact,Lactic Acid,False,True,False,False,1.0,False,False,1,2,[H],,,[H].[H]C(C)(O)C(=O)O |^1:0|
landiolol_hydrochloride_cid164457,,,landiolol_hydrochloride_cid164457.png,high,high,0.9032317781316498,stereo,Landiolol Hydrochloride,Landiolol Hydrochloride,1.0,37,37,stereo,stereo,Landiolol Hydrochloride,False,False,False,False,1.0,True,True,0,2,,,,CC1(C)OC[C@@H](COC(=O)CCc2ccc(OC[C@H](O)CNCCNC(=O)N3CCOCC3)cc2)O1.[H]Cl
larotrectinib_cid46188928,,,larotrectinib_cid46188928.png,high,high,0.907459047859426,wrong,,Larotrectinib,1.0,31,31,exact,exact,Larotrectinib,False,True,False,False,1.0,False,False,2,3,[H].[H],,,"O=C(Nc1cnn2ccc(N3CCC[C@@H]3c3cc(F)ccc3F)nc12)N1CC[C@H](O)C1.[H].[H] |^1:31,32|"
lasmiditan_cid11610526,,,lasmiditan_cid11610526.png,high,high,0.9222540367259067,exact,Lasmiditan,Lasmiditan,1.0,27,27,exact,exact,Lasmiditan,False,False,False,False,1.0,True,True,0,1,,,,CN1CCC(C(=O)c2cccc(NC(=O)c3c(F)cc(F)cc3F)n2)CC1
lenacapavir_cid133082658,,,lenacapavir_cid133082658.png,high,high,0.894150418056103,exact,Lenacapavir,Lenacapavir,1.0,64,64,exact,exact,Lenacapavir,False,False,False,False,1.0,True,True,0,1,,,,[H][C@@]12C[C@]1([H])c1c(C(F)(F)F)nn(CC(=O)N[C@@H](Cc3cc(F)cc(F)c3)c3nc(C#CC(C)(C)S(C)(=O)=O)ccc3-c3ccc(Cl)c4c(NS(C)(=O)=O)nn(CC(F)(F)F)c34)c1C2(F)F
lenvatinib_cid9823820,,,lenvatinib_cid9823820.png,high,high,0.8945350921670633,exact,Lenvatinib,Lenvatinib,1.0,30,30,exact,exact,Lenvatinib,False,False,False,False,1.0,True,True,0,1,,,,COc1cc2nccc(Oc3ccc(NC(=O)NC4CC4)c(Cl)c3)c2cc1C(N)=O
levobunolol_cid39468,,,levobunolol_cid39468.png,high,high,0.8904517953343669,exact,Levobunolol,Levobunolol,1.0,21,21,exact,exact,Levobunolol,False,False,False,False,1.0,True,True,0,1,,,,CC(C)(C)NC[C@H](O)COc1cccc2c1CCCC2=O
levodropropizine_cid65859,,,levodropropizine_cid65859.png,high,high,0.900854237819604,wrong,,Levodropropizine,0.967,17,17,exact,exact,Levodropropizine,False,True,False,False,1.0,False,False,1,2,[H],,,[H].[H]OC[C@@H](O)CN1CCN(c2ccccc2)CC1 |^1:0|
levosimendan_cid3033825,,,levosimendan_cid3033825.png,high,high,0.8982130630918729,wrong,,Levosimendan,0.977,21,21,exact,exact,Levosimendan,False,True,False,False,1.0,False,False,2,2,[HH],,,[HH].[H]N1N=C(c2ccc(NN=C(C#N)C#N)cc2)[C@H](C)CC1=O
linaclotide_cid16158208,,,linaclotide_cid16158208.png,low,low,4.014363502577472e-08,invalid,,,,,,invalid,invalid,,False,False,False,False,,False,,,,,,,[H]C(NC(=O)C1(C([H])CNC2NC3(=O)=O=C([CH]C4(N)=C56C7NCC([H])C45NC(S)C45=O=C28(=O)=O=4=C([CH]N6C7(N)=O)NC2C46C7=C9(=C4%10%11=C(=C=94(=CC=C(O)C=C4)C[CH]49%12(N8)C%10[CH]68(N5)C24(O)=O=C89(O)=O=C%12(=O)O)C=C(O)C=C%11)C=C(O)C=C7)N3)CSC1S)C(=O)NC(CC(N)=O)C(=O)N1CCCC1([H])C(=O)N[CH]C
linifanib_cid11485656,,,linifanib_cid11485656.png,high,high,0.8767009493378143,wrong,,Linifanib,0.981,28,28,exact,exact,Linifanib,False,True,False,False,1.0,False,False,8,5,[HH].[HH].[HH].[HH],,,Cc1ccc(F)c(NC(=O)Nc2ccc(-c3cccc4[nH]nc(N)c34)cc2)c1.[HH].[HH].[HH].[HH]
lipid_a_504_cid10877033,,,lipid_a_504_cid10877033.png,low,low,1.111796259995322e-19,invalid,,,,,,invalid,invalid,,False,False,False,False,,False,,,,,,,<invalid>
lisaftoclax_cid137355972,,,lisaftoclax_cid137355972.png,high,high,0.8916305689650355,exact,Lisaftoclax,Lisaftoclax,1.0,62,62,exact,exact,Lisaftoclax,False,False,False,False,1.0,True,True,0,1,,,,O=C(NS(=O)(=O)c1ccc(NC[C@H]2COCCO2)c([N+](=O)[O-])c1)c1ccc(N2CCN(CC3=C(c4ccc(Cl)cc4)CC4(CCC4)CC3)CC2)cc1Oc1cnc2[nH]ccc2c1
lorcaserin_hydrochloride_cid11673085,,,lorcaserin_hydrochloride_cid11673085.png,high,high,0.9081895067209478,exact,Lorcaserin Hydrochloride,Lorcaserin Hydrochloride,1.0,14,14,exact,exact,Lorcaserin Hydrochloride,False,False,False,False,1.0,True,True,0,2,,,,C[C@H]1CNCCc2ccc(Cl)cc21.[H]Cl
lotilaner_cid76959255,,,lotilaner_cid76959255.png,high,high,0.9052354239318838,exact,Lotilaner,Lotilaner,1.0,36,36,exact,exact,Lotilaner,False,False,False,False,1.0,True,True,0,1,,,,[H]N(CC(=O)NCC(F)(F)F)C(=O)c1sc(C2=NO[C@@](c3cc(Cl)c(Cl)c(Cl)c3)(C(F)(F)F)C2)cc1C
luliconazole_cid3003141,,,luliconazole_cid3003141.png,high,high,0.8976948552196876,wrong,,Luliconazole,0.655,21,21,wrong,wrong,,False,False,False,False,0.655,False,False,0,1,,,,N#C/C(=C1/SC[C@@H](c2ccc(Cl)cc2Cl)[S-]1)n1ccnc1 |^1:15|
lumacaftor_cid16678941,,,lumacaftor_cid16678941.png,high,high,0.908315791250033,exact,Lumacaftor,Lumacaftor,1.0,33,33,exact,exact,Lumacaftor,False,False,False,False,1.0,True,True,0,1,,,,Cc1ccc(NC(=O)C2(c3ccc4c(c3)OC(F)(F)O4)CC2)nc1-c1cccc(C(=O)O)c1
lumefantrine_cid6437380,,,lumefantrine_cid6437380.png,high,high,0.9048000170436451,exact,Lumefantrine,Lumefantrine,1.0,35,35,exact,exact,Lumefantrine,False,False,False,False,1.0,True,True,0,1,,,,[H]/C(=C1\c2cc(Cl)ccc2-c2c1cc(Cl)cc2C(O)CN(CCCC)CCCC)c1ccc(Cl)cc1
lurasidone_hydrochloride_cid11237860,,,lurasidone_hydrochloride_cid11237860.png,low,low,0.2616200526224884,invalid,,,,,,invalid,invalid,,False,False,False,False,,False,,,,,,,ClCl.[H]C12C(=O)N(CC3CCCCC3CN3CCN(C4=NSC5=CC=CC=C54)CC3)C(=O)C1([H])C13([H])CCC21([H])C3
lurtotecan_cid60956,,,lurtotecan_cid60956.png,high,high,0.9044142479867526,exact,Lurtotecan,Lurtotecan,1.0,38,38,exact,exact,Lurtotecan,False,False,False,False,1.0,True,True,0,1,,,,CC[C@@]1(O)C(=O)OCc2c1cc1n(c2=O)Cc2c-1nc1cc3c(cc1c2CN1CCN(C)CC1)OCCO3
luseogliflozin_cid11988953,,,luseogliflozin_cid11988953.png,low,low,0.7121636035882726,wrong,,Luseogliflozin,1.0,30,30,stereo,stereo,Luseogliflozin,False,True,False,False,1.0,False,False,4,5,[H].[H].[H].[H],,,"[H].[H].[H].[H].[H][C@]1(c2cc(Cc3ccc(OCC)cc3)c(C)cc2OC)S[C@H](CO)[C@@H](O)[C@H](O)[C@H]1O |^1:0,1,2,3|"
lypressin_cid644076,,,lypressin_cid644076.png,low,low,0.0977457329156969,invalid,,,,,,invalid,invalid,,False,False,False,False,,False,,,,,,,[H]NCCCCC(NC(=O)C1CCCN1C(=O)C1CSSCC234(N)(C([H])=O)C5SC2C(N)(C([H])=O)(CC(NC(=O)C(CC2=CC=C(O)C=C2)C([H])=O)C(=O)NC(CCC(=O)N[H])C(=O)NC(CC(N)=O)C(=O)N1)C3([H])(=O)C54[H])C(=O)NCC(=O)N[H]
macitentan_cid16004692,,,macitentan_cid16004692.png,high,high,0.9101285707522991,exact,Macitentan,Macitentan,1.0,32,32,exact,exact,Macitentan,False,False,False,False,1.0,True,True,0,1,,,,CCCNS(=O)(=O)Nc1ncnc(OCCOc2ncc(Br)cn2)c1-c1ccc(Br)cc1
mafodotin_cid56949327,,,mafodotin_cid56949327.png,low,low,3.155139503459471e-05,invalid,,,,,,invalid,invalid,,False,False,False,False,,False,,,,,,,CCC(C)C(NC(=O)C(NC(=O)C(C(C)C)N(C)C(=O)CCCCCN1C(=O)C=CC1=O)C(C)C)C(=O)CC(=O)N1NC1CC.CC[CH]1234[CH]56N17NCCC7N1(CCC1)[CH]521[CH]6325C[CH]124(C)C12(=O)=O=C5N1C1C34C5=C(=C36(=CC=CC=C6)C[CH]43(N2)C1(O)=O=C3(=O)O)C=CC=C5
maribavir_cid471161,,,maribavir_cid471161.png,high,high,0.8958746516918183,exact,Maribavir,Maribavir,1.0,24,24,exact,exact,Maribavir,False,False,False,False,1.0,True,True,0,1,,,,[H]OC[C@@H]1O[C@H](n2c(NC(C)C)nc3cc(Cl)c(Cl)cc32)[C@@H](O[H])[C@H]1O[H]
mavacamten_cid117761397,,,mavacamten_cid117761397.png,low,low,0.7010830754059069,exact,Mavacamten,Mavacamten,1.0,20,20,exact,exact,Mavacamten,False,False,False,False,1.0,True,True,0,1,,,,[H]N(c1cc(=O)n(C(C)C)c(=O)[nH]1)[C@@H](C)c1ccccc1
maxacalcitol_cid6398761,,,maxacalcitol_cid6398761.png,high,high,0.8758537750256001,exact,Maxacalcitol,Maxacalcitol,1.0,30,30,exact,exact,Maxacalcitol,False,False,False,False,1.0,True,True,0,1,,,,[H]O[C@@H]1C/C(=C([H])/C([H])=C2\CCC[C@@]3(C)[C@@]2([H])CC[C@]3([H])[C@H](C)OCCC(C)(C)O)C(=C)[C@@H](O)C1
mebeverine_hydrochloride_cid17683,,,mebeverine_hydrochloride_cid17683.png,high,high,0.9157802146887907,exact,Mebeverine Hydrochloride,Mebeverine Hydrochloride,1.0,32,32,exact,exact,Mebeverine Hydrochloride,False,False,False,False,1.0,True,True,0,2,,,,CCN(CCCCOC(=O)c1ccc(OC)c(OC)c1)C(C)Cc1ccc(OC)cc1.[H]Cl
mechlorethamine_cid4033,,,mechlorethamine_cid4033.png,high,high,0.9056719199509153,exact,Mechlorethamine,Mechlorethamine,1.0,8,8,exact,exact,Mechlorethamine,False,False,False,False,1.0,True,True,0,1,,,,CN(CCCl)CCCl
meclofenamic_acid_cid4037,,,meclofenamic_acid_cid4037.png,high,high,0.8810156703144982,wrong,,Meclofenamic Acid,0.769,19,19,charge,charge,Meclofenamic Acid,False,False,False,False,0.769,True,False,1,1,,,,Cc1ccc(Cl)c(Nc2ccccc2C(=O)[O-])c1Cl
melphalan_cid460612,,,melphalan_cid460612.png,high,high,0.8894403006273208,exact,Melphalan,Melphalan,1.0,19,19,exact,exact,Melphalan,False,False,False,False,1.0,True,True,0,1,,,,[H]OC(=O)[C@@H](N)Cc1ccc(N(CCCl)CCCl)cc1
menadione_cid4055,,,menadione_cid4055.png,high,high,0.8714513442363319,exact,Menadione,Menadione,1.0,13,13,exact,exact,Menadione,False,False,False,False,1.0,True,True,0,1,,,,CC1=CC(=O)c2ccccc2C1=O
mertansine_cid11343137,,,mertansine_cid11343137.png,low,low,0.2613259561644382,stereo,Mertansine,Mertansine,1.0,50,50,stereo,stereo,Mertansine,False,False,False,False,1.0,True,True,0,1,,,,[H]C1=C(/C)Cc2cc(OC)c(Cl)c(c2)N(C)C(=O)C[C@H](OC(=O)[C@H](C)N(C)C(=O)CCS)[C@]2(C)O[C@]2([H])[C@H](C)[C@@]2([H])C[C@](O)(NC(=O)O2)[C@H](OC)\C([H])=C\1[H]
mestranol_cid6291,,,mestranol_cid6291.png,low,low,0.65217167502432,wrong,,Mestranol,0.979,23,23,stereo,stereo,Mestranol,False,True,False,False,1.0,False,False,1,2,[H],,,[H].[H][C@@]12CCc3cc(OC)ccc3[C@@]1([H])CC[C@@]1(C)[C@]2([H])CC[C@@]1(O)C#C |^1:0|
methoxyflurane_cid4116,,,methoxyflurane_cid4116.png,low,low,0.7579485276792879,exact,Methoxyflurane,Methoxyflurane,1.0,8,8,exact,exact,Methoxyflurane,False,False,False,False,1.0,True,True,0,1,,,,COC(F)(F)C(Cl)Cl
methscopolamine_bromide_cid5459110,,,methscopolamine_bromide_cid5459110.png,low,low,0.009535870744125862,invalid,,,,,,invalid,invalid,,False,False,False,False,,False,,,,,,,[Br-].[H]C123CC4567OC8(=O)=O=C(OC9(C14)C51C45%10%11[H]C1%12([H])(C64)(C975)C2%10(C1OC13)N%11%12(C)C)C1C2=C(=C3(=CC=CC=C3)[CH]8(CO)C1O)C=CC=C2
methyl_o_2_3_4_tri_o_methyl_6_o_sulfo_alpha_d_glucopyranosyl_cid3083445,,,methyl_o_2_3_4_tri_o_methyl_6_o_sulfo_alpha_d_glucopyranosyl_cid3083445.png,low,low,0.1478927837839238,wrong,,"Methyl O-2,3,4-tri-O-methyl-6-O-sulfo-alpha-D-glucopyranosyl-(1->4)-O-2,3-di-O-methyl-beta-D-glucopyranuronosyl-(1->4)-O-2,3,6-tri-O-sulfo-alpha-D-glucopyranosyl-(1->4)-O-2,3-di-O-methyl-alpha-L-idopyranuronosyl-(1->4)-alpha-D-glucopyranoside 2,3,6-tris(hydrogen sulfate)",0.5,97,94,wrong,wrong,,False,False,False,False,0.5,False,False,19,5,,O,,CO[C@@H]1O[C@H](CO)[C@H](O[C@@H]2O[C@@H](C(=O)O)[C@H](O[C@H]3O[C@H](CO[SH](=O)(O)O)[C@@H](O[C@@H]4O[C@H](C(=O)O)[C@H](O[C@H]5O[C@H](COSO)[C@@H](OC)[C@@H](OC)[C@H]5OC)[C@@H](OC)[C@@H]4OC)[C@@H](OS(=O)(=O)O)[C@H]3O[SH](=O)(O)O)[C@H](OC)[C@@H]2OC)[C@H](OS(O)(O)O)[C@H]1OSO.O.O.OSO.OSO[SH](O)O
methyldigoxin_cid443946,,,methyldigoxin_cid443946.png,low,low,0.419747379065919,wrong,,Methyldigoxin,0.616,57,56,wrong,wrong,,False,False,False,False,0.616,False,False,3,1,,,,[H]O[C@H]1C[C@@H](O[C@H]2[C@@H](O)C[C@@H](O[C@H]3CC[C@@]4(C)[C@]([H])(CC[C@@]5(O)[C@@]6([H])CC[C@H](C7=CC(=O)OC7)[C@@]6(C)[C@H](O)C[C@@]45C)C3)O[C@@H]2C)O[C@H](C)[C@H]1O[C@@H]1C[C@H](O)[C@H](OC)[C@@H](C)O1
methyldopa_cid38853,,,methyldopa_cid38853.png,high,high,0.8479114664897331,wrong,,Methyldopa,0.935,15,15,exact,exact,Methyldopa,False,True,False,False,1.0,False,False,4,4,[HH].[H].[H],,,"C[C@](N)(Cc1ccc(O)c(O)c1)C(=O)O.[HH].[H].[H] |^1:16,17|"
methylergometrine_cid8226,,,methylergometrine_cid8226.png,low,low,0.7564572623188229,exact,Methylergometrine,Methylergometrine,1.0,25,25,exact,exact,Methylergometrine,False,False,False,False,1.0,True,True,0,1,,,,[H]OC[C@H](CC)N([H])C(=O)[C@@H]1C=C2c3cccc4c3c(cn4[H])C[C@@]2([H])N(C)C1
methylnaltrexone_bromide_cid5361917,,,methylnaltrexone_bromide_cid5361917.png,low,low,0.1139213034321443,invalid,,,,,,invalid,invalid,,False,False,False,False,,False,,,,,,,[Br-].[H]OC12CCC(=O)C3([H])OC4=C(O)C=CC5=C4C31CC1C5C2([H])N1(C)CC1CC1
methyltestosterone_cid6010,,,methyltestosterone_cid6010.png,low,low,0.7728188750756089,wrong,,Methyltestosterone,0.974,22,22,exact,exact,Methyltestosterone,False,True,False,False,1.0,False,False,1,2,[H],,,[H].[H][C@@]12CCC3=CC(=O)CC[C@]3(C)[C@@]1([H])CC[C@@]1(C)[C@@]2([H])CC[C@]1(C)O |^1:0|
metra_cid120608,,,metra_cid120608.png,high,high,0.8683143262145963,wrong,,Metra,0.973,24,24,exact,exact,Metra,False,True,False,False,1.0,False,False,4,6,[H].[H].[H].[H],,,"C[C@H]1[C@H](c2ccccc2)OCCN1C.O=C(O)[C@H](O)[C@@H](O)C(=O)O.[H].[H].[H].[H] |^1:24,25,26,27|"
mezigdomide_cid137379043,,,mezigdomide_cid137379043.png,high,high,0.9176572047190648,exact,Mezigdomide,Mezigdomide,1.0,42,42,exact,exact,Mezigdomide,False,False,False,False,1.0,True,True,0,1,,,,N#Cc1ccc(N2CCN(Cc3ccc(COc4cccc5c4CN([C@H]4CCC(=O)NC4=O)C5=O)cc3)CC2)c(F)c1
mezlocillin_cid656511,,,mezlocillin_cid656511.png,high,high,0.8907819898787411,wrong,,Mezlocillin,0.984,36,36,exact,exact,Mezlocillin,False,True,False,False,1.0,False,False,2,3,[H].[H],,,"[H].[H].[H][C@]12SC(C)(C)[C@H](C(=O)O)N1C(=O)[C@H]2NC(=O)[C@H](NC(=O)N1CCN(S(C)(=O)=O)C1=O)c1ccccc1 |^1:0,1|"
miconazole_nitrate_cid68553,,,miconazole_nitrate_cid68553.png,low,low,0.5443409289251493,wrong,,Miconazole Nitrate,1.0,33,29,exact,exact,Miconazole Nitrate,False,False,True,False,1.0,False,False,5,3,,O=[N+]([O-])O,,O=[N+]([O-])O.O=[N+]([O-])O.[H]C(Cn1ccnc1)(OCc1ccc(Cl)cc1Cl)c1ccc(Cl)cc1Cl
midodrine_hydrochloride_cid18340,,,midodrine_hydrochloride_cid18340.png,high,high,0.9050055992621835,exact,Midodrine Hydrochloride,Midodrine Hydrochloride,1.0,19,19,exact,exact,Midodrine Hydrochloride,False,False,False,False,1.0,True,True,0,2,,,,[H]Cl.[H]NCC(=O)NCC(O[H])c1cc(OC)ccc1OC
mifamurtide_anhydrous_cid123133557,,,mifamurtide_anhydrous_cid123133557.png,low,low,1.804706213199607e-06,invalid,,,,,,invalid,invalid,,False,False,False,False,,False,,,,,,,CCCCCCCCCCCCCCCP1OC23=OC4C5(O)C(O)[CH]5(OC(=O)CCCCCCCCCCCCCC(C)C(CC)CCCCCCCCCCCC2)C42OP2(=O)(O)(CCCCCCCCCCCCCCC)O13.O.O.[H]C([H])(=O)C(OC(C)=O)C(O)CO
migalastat_cid176077,,,migalastat_cid176077.png,high,high,0.8673279020368986,wrong,,Migalastat,1.0,11,11,exact,exact,Migalastat,False,True,False,False,1.0,False,False,2,3,[H].[H],,,"[H].[H].[H]O[C@@H]1[C@H](O)[C@@H](O[H])CN[C@@H]1CO |^1:0,1|"
miglitol_cid441314,,,miglitol_cid441314.png,high,high,0.8785494114901846,wrong,,Miglitol,1.0,14,14,exact,exact,Miglitol,False,True,False,False,1.0,False,False,2,3,[H].[H],,,"[H].[H].[H]O[C@H]1[C@H](O)[C@@H](O[H])CN(CCO)[C@@H]1CO |^1:0,1|"
miglustat_cid51634,,,miglustat_cid51634.png,high,high,0.8879672536843072,wrong,,Miglustat,1.0,15,15,exact,exact,Miglustat,False,True,False,False,1.0,False,False,3,4,[H].[H].[H],,,"[H].[H].[H].[H]O[C@H]1[C@H](O)[C@@H](O)CN(CCCC)[C@@H]1CO |^1:0,1,2|"
milademetan_cid73297272,,,milademetan_cid73297272.png,low,low,0.1718115804474374,invalid,,,,,,invalid,invalid,,False,False,False,False,,False,,,,,,,[H].[H].[H].[H]NC(=O)C1CCC(NC(=O)C2NC345CCC(C)(C)(CC3=O)CC43=O=C4(=O)NC6=C(C=CC(Cl)=C6)C345C2C2=C(F)C(Cl)=NC=C2)CO1
milnacipran_hydrochloride_cid163701,,,milnacipran_hydrochloride_cid163701.png,high,high,0.8970543024288059,wrong,,Milnacipran Hydrochloride,0.947,19,19,exact,exact,Milnacipran Hydrochloride,False,True,False,False,1.0,False,False,3,4,[HH].[H],,,CCN(CC)C(=O)[C@]1(c2ccccc2)C[C@@H]1CN.[HH].[H].[H]Cl |^1:19|
milrinone_cid4197,,,milrinone_cid4197.png,high,high,0.9010559208676808,exact,Milrinone,Milrinone,1.0,16,16,exact,exact,Milrinone,False,False,False,False,1.0,True,True,0,1,,,,Cc1[nH]c(=O)c(C#N)cc1-c1ccncc1
milvexian_cid118277544,,,milvexian_cid118277544.png,low,low,0.001613796963892983,invalid,,,,,,invalid,invalid,,False,False,False,False,,False,,,,,,,CC1CCCC(N2C=NC(C3=C(N4C=C(Cl)N=N4)C=CC(Cl)=C3)=CC2=O)C23=N4=C2CCC[CH]256(C)C[CH]78C2CCC(N2C=NC(C9=C(N%10C=C(Cl)N=N%10)C=CC(Cl)=C9)=CC2=O)C2=NC=CC9%10(=C2)=C2%11=C(C=NN2C(F)F)NC75=O=C86(=O)NC=%112(=C9N(C(F)F)N=C2)=C=%102(=C(C=NN2C(F)F)NC1=O)C(=C3)C=C4
miocamycin_cid5282188,,,miocamycin_cid5282188.png,low,low,0.3276993991134949,invalid,,,,,,invalid,invalid,,False,False,False,False,,False,,,,,,,[H]C(=O)CC1C[CH](C)(C)CC(OC(C)=O)C([H])=C([H])C([H])=C([H])CC(C)OC(=O)CC(OC(=O)CC)C(OC)C1OC1OC(C)C(OC2CC(C)(OC(C)=O)C(OC(=O)CC)C(C)O2)C(N(C)C)C1O
mitiglinide_cid121891,,,mitiglinide_cid121891.png,high,high,0.8624265753561695,exact,Mitiglinide,Mitiglinide,1.0,23,23,exact,exact,Mitiglinide,False,False,False,False,1.0,True,True,0,1,,,,[H][C@@]12CCCC[C@]1([H])CN(C(=O)C[C@H](Cc1ccccc1)C(=O)O)C2
mitotane_cid4211,,,mitotane_cid4211.png,low,low,0.8136779117888886,exact,Mitotane,Mitotane,1.0,18,18,exact,exact,Mitotane,False,False,False,False,1.0,True,True,0,1,,,,Clc1ccc(C(c2ccccc2Cl)C(Cl)Cl)cc1
mivacurium_chloride_cid5281080,,,mivacurium_chloride_cid5281080.png,low,low,0.2305032131962411,invalid,,,,,,invalid,invalid,,False,False,False,False,,False,,,,,,,[Cl-].[Cl-].[H]C(CCC(=O)OCCC[N+]1(C)CCC2=CC(OC)=C(OC)C=C2C1CC1=CC(OC)=C(OC)C(OC)=C1)=C([H])CCC(=O)OCCN1(C)CCC2=CC(OC)=C(OC)C=C2C1CCC=C(OC)C(OC)=C(C)OC
ml_rr_s2_cda_sodium_salt_cid135390762,,,ml_rr_s2_cda_sodium_salt_cid135390762.png,low,low,0.007466130755599815,invalid,,,,,,invalid,invalid,,False,False,False,False,,False,,,,,,,[H].[H].[H].[H].[H].[H]NC1=C2N=CN3(C2=NC=N1)C1OC24([H])COP56=S=P7([O-])(=S)(OCC28([H])O2C3C1([H])(OP(=O)([S-])OCC1([H])O[CH](N3C=NC9=C(N)N=CN=C93)(C(O)C([H])O7)C(O)C1([H])O5)[CH]248O[H])[O-]6
molsidomine_cid5353788,,,molsidomine_cid5353788.png,high,high,0.8968858487625402,exact,Molsidomine,Molsidomine,1.0,17,17,exact,exact,Molsidomine,False,False,False,False,1.0,True,True,0,1,,,,CCO/C([O-])=N/c1c[n+](N2CCOCC2)no1
mometasone_furoate_cid441336,,,mometasone_furoate_cid441336.png,low,low,0.5474309749953452,exact,Mometasone Furoate,Mometasone Furoate,1.0,35,35,exact,exact,Mometasone Furoate,False,False,False,False,1.0,True,True,0,1,,,,[H]O[C@H]1C[C@@]2(C)[C@@]([H])(C[C@@H](C)[C@]2(OC(=O)c2ccco2)C(=O)CCl)[C@]2([H])CCC3=CC(=O)C=C[C@]3(C)[C@@]12Cl
monophosphoryl_lipid_a_cid24978548,,,monophosphoryl_lipid_a_cid24978548.png,low,low,3.769738287683098e-24,invalid,,,,,,invalid,invalid,,False,False,False,False,,False,,,,,,,[CH]NC1[CH]2(O)[CH]345(C#N)[CH](C#N)(C(C#N)[CH]136C1C(O[CH][CH]3(O)OC37C38=C9%10=C7(=N3)(=C9C%10CNC3C7C(CCCCCCCCCC)C37)C8C3C7C38C39C%10C(CCCCCCCCC)C%103C789)O16)[CH]13O[CH]6789O[CH]%10%11%12%13(C#N)CC%14CCCCC%15C(CCCCCCC%14%10)CC%10(CC%10)C%10(C%14CC%14%10)C%15C(CCC%10CC%10)CCCCCC%11C(C#N)C%12[CH]%10%11%12O[CH]16%14[CH]3274(O%10)[CH]%11%1485(O)C%129%13
morantel_tartrate_cid6433951,,,morantel_tartrate_cid6433951.png,high,high,0.8743137753201747,wrong,,Morantel Tartrate,0.978,25,25,exact,exact,Morantel Tartrate,False,True,False,False,1.0,False,False,3,5,[H].[H].[H],,,"O=C(O)[C@H](O)[C@@H](O)C(=O)O.[H].[H].[H].[H]/C(C1=NCCCN1C)=C(/[H])c1sccc1C |^1:10,11,12|"
moroxydine_cid71655,,,moroxydine_cid71655.png,high,high,0.8753580543756112,wrong,,Moroxydine,0.75,12,12,charge,charge,Moroxydine,False,False,False,False,0.75,True,True,0,1,,,,[H]/N=C(\N=C(N[H])N[H])N1CCOCC1
mosapride_cid119584,,,mosapride_cid119584.png,high,high,0.9034388331148927,wrong,,Mosapride,0.984,29,29,exact,exact,Mosapride,False,True,False,False,1.0,False,False,4,3,[HH].[HH],,,CCOc1cc(N)c(Cl)cc1C(=O)NCC1CN(Cc2ccc(F)cc2)CCO1.[HH].[HH]
muramyl_dipeptide_cid451714,,,muramyl_dipeptide_cid451714.png,high,high,0.8469019096030831,wrong,,Muramyl Dipeptide,1.0,34,34,exact,exact,Muramyl Dipeptide,False,True,False,False,1.0,False,False,6,7,[H].[H].[H].[H].[H].[H],,,"[H].[H].[H].[H].[H].[H].[H]NC(=O)[C@@H](CCC(=O)O)NC(=O)[C@H](C)NC(=O)[C@@H](C)O[C@H]1[C@H](O)[C@@H](CO)O[C@@H](O)[C@@H]1NC(C)=O |^1:0,1,2,3,4,5|"
murepavadin_cid91824766,,,murepavadin_cid91824766.png,low,low,4.284312887936748e-06,invalid,,,,,,invalid,invalid,,False,False,False,False,,False,,,,,,,[H]C([CH]CC)NCC1NCC([H])NC23=O=C45C([H])C([H])([H](C)(O)O)CN[CH]C1NC([H])CN[CH]CN[CH]CN[CH]CN[CH]CN[CH]CN[CH]CN[CH]CN[CH]CN[CH]16CN78C19%10%11C1%12%13=C%14%15[CH]9(N1)(C%12O)C6%131N%14%1069C%10C%12%13%14C%16%17C%126N%10%151%116C791%10%11C%16%13C8167([H])(C%17%14%10)C168=O=C%1179(=O=1)(=O=6)NC24167([H])C24CC1(C2)C4356([H])N897
n_1r_2r_2_2_3_dihydro_1_4_benzodioxin_6_yl_2_hydroxy_1_1_pyr_cid23652731,,,n_1r_2r_2_2_3_dihydro_1_4_benzodioxin_6_yl_2_hydroxy_1_1_pyr_cid23652731.png,high,high,0.907302228488384,exact,"N-((1R,2R)-2-(2,3-Dihydro-1,4-benzodioxin-6-yl)-2-hydroxy-1-(1-pyrrolidinylmethyl)ethyl)octanamide","N-((1R,2R)-2-(2,3-Dihydro-1,4-benzodioxin-6-yl)-2-hydroxy-1-(1-pyrrolidinylmethyl)ethyl)octanamide",1.0,29,29,exact,exact,"N-((1R,2R)-2-(2,3-Dihydro-1,4-benzodioxin-6-yl)-2-hydroxy-1-(1-pyrrolidinylmethyl)ethyl)octanamide",False,False,False,False,1.0,True,True,0,1,,,,CCCCCCCC(=O)N[C@H](CN1CCCC1)[C@H](O)c1ccc2c(c1)OCCO2
n_2r_2_3_dihydroxypropoxy_3_4_difluoro_2_2_fluoro_4_iodophen_cid9826528,,,n_2r_2_3_dihydroxypropoxy_3_4_difluoro_2_2_fluoro_4_iodophen_cid9826528.png,high,high,0.8886346537719219,wrong,,"N-((2R)-2,3-Dihydroxypropoxy)-3,4-difluoro-2-((2-fluoro-4-iodophenyl)amino)benzamide",0.98,26,26,exact,exact,"N-((2R)-2,3-Dihydroxypropoxy)-3,4-difluoro-2-((2-fluoro-4-iodophenyl)amino)benzamide",False,True,False,False,1.0,False,False,4,3,[HH].[HH],,,[HH].[HH].[H]O[C@H](CO)CONC(=O)c1ccc(F)c(F)c1Nc1ccc(I)cc1F
nafarelin_cid25077405,,,nafarelin_cid25077405.png,low,low,4.438475119729133e-05,invalid,,,,,,invalid,invalid,,False,False,False,False,,False,,,,,,,NC1=CC=CC=C1CC[CH]CN[CH]CO.[H]C([H])([H])=N1CCC23C4NC56=O7=C89%10%11=O=C=7%12(=O=8)(NC278CCCN=C([H])([H])(N)N(=C1([H])([H])[H])CCC7[CH]3(N9)C12=O=C83(=O)=O=1=C4N1C4C(NCC(N)=O)=O=C7(NCC(N)=O)=O=C(=O)(NCC(N)=O)[CH]89CCCN83%13C3CC9[CH]78C4CC1%13N328)C%10123=O=C(=O)NC5C1(C(C)C)[CH]6%11%12(N2)C3CC
nafithromycin_cid117587595,,,nafithromycin_cid117587595.png,low,low,0.1706396285149969,invalid,,,,,,invalid,invalid,,False,False,False,False,,False,,,,,,,[H]NC(=NOC(C)C1=NN=C(C2=CC=CC=N2)S1)C1C(=O)OC(C)([CH]2(CC)C=C(C(C)C(OC3OC(C)CC(N(C)C)C3O)C3CCO3C)C(C)C(=O)O2)C1([H])C(C)C(=O)[CH]C
nalmefene_hydrochloride_cid5388881,,,nalmefene_hydrochloride_cid5388881.png,low,low,0.01000756785199267,invalid,,,,,,invalid,invalid,,False,False,False,False,,False,,,,,,,[H]Cl.[H]OC123CCC(=C)C45([H])OC6=C(O)C=CC=C67C416C(C)C7521CCN(CC2CC2)C3([H])N(C)CC61
napsagatran_cid11954363,,,napsagatran_cid11954363.png,low,low,0.4508459259898224,wrong,,Napsagatran,0.727,33,40,wrong,wrong,,False,False,False,False,0.727,False,False,7,8,[H].[H].[H].[H].[H].[H].[H],,,"N=C(N)N1CCC[C@@H](CNC(=O)C[C@H](CC(=O)O)NS(=O)(=O)c2ccc3ccccc3c2)C1.[H].[H].[H].[H].[H].[H].[H] |^1:33,34,35,36,37,38,39|"
natamycin_cid5284447,,,natamycin_cid5284447.png,low,low,0.000471192464770589,invalid,,,,,,invalid,invalid,,False,False,False,False,,False,,,,,,,O.[H]NC1C(O[H])C(C)O[CH]([CH]O)(O[CH]234(CC)C5C6C27C([H])O2C(O)(CC(O[H])CC8OC8C([H])=C([H])C(=O)OC8CC9%10([H])=C%11([H])=C([H])(=C9%12([H])C([H])=C([H])C([H])=C([H])C([H])(=C63[H])=C4([H])=C([H])C([H])=C([H])C([H])=C%11%12[H])C8%10C(C)C)OC527[H])C1O[H]
nateglinide_cid5311309,,,nateglinide_cid5311309.png,high,high,0.908451275083621,exact,Nateglinide,Nateglinide,1.0,23,23,exact,exact,Nateglinide,False,False,False,False,1.0,True,True,0,1,,,,CC(C)C1CCC(C(=O)N[C@H](Cc2ccccc2)C(=O)O)CC1
netarsudil_cid66599893,,,netarsudil_cid66599893.png,high,high,0.9105070828795337,exact,Netarsudil,Netarsudil,1.0,34,34,exact,exact,Netarsudil,False,False,False,False,1.0,True,True,0,1,,,,Cc1ccc(C(=O)OCc2ccc([C@@H](CN)C(=O)Nc3ccc4cnccc4c3)cc2)c(C)c1
netupitant_cid6451149,,,netupitant_cid6451149.png,high,high,0.8858119408134648,exact,Netupitant,Netupitant,1.0,41,41,exact,exact,Netupitant,False,False,False,False,1.0,True,True,0,1,,,,Cc1ccccc1-c1cc(N2CCN(C)CC2)ncc1N(C)C(=O)C(C)(C)c1cc(C(F)(F)F)cc(C(F)(F)F)c1
nicotinamide_cid936,,,nicotinamide_cid936.png,high,high,0.8732233601100857,exact,Nicotinamide,Nicotinamide,1.0,9,9,exact,exact,Nicotinamide,False,False,False,False,1.0,True,True,0,1,,,,[H]NC(=O)c1cccnc1
nifuroxazide_cid5337997,,,nifuroxazide_cid5337997.png,high,high,0.8932723199179101,wrong,,Nifuroxazide,0.975,20,20,exact,exact,Nifuroxazide,False,True,False,False,1.0,False,False,1,2,[H],,,[H].[H]/C(=N\NC(=O)c1ccc(O)cc1)c1ccc([N+](=O)[O-])o1 |^1:0|
nikkomycin_z_cid456557,,,nikkomycin_z_cid456557.png,high,high,0.8660022768484136,wrong,,Nikkomycin Z,1.0,35,35,exact,exact,Nikkomycin Z,False,True,False,False,1.0,False,False,4,5,[H].[H].[H].[H],,,"[H].[H].[H].[H].[H]N[C@H](C(=O)N([H])[C@H](C(=O)O[H])[C@@]1([H])O[C@@H](n2ccc(=O)[nH]c2=O)[C@H](O)[C@@H]1O)[C@H](C)[C@H](O[H])c1ccc(O)cn1 |^1:0,1,2,3|"
nimesulide_cid4495,,,nimesulide_cid4495.png,high,high,0.8962896109055665,exact,Nimesulide,Nimesulide,1.0,21,21,exact,exact,Nimesulide,False,False,False,False,1.0,True,True,0,1,,,,CS(=O)(=O)Nc1ccc([N+](=O)[O-])cc1Oc1ccccc1
nimodipine_cid4497,,,nimodipine_cid4497.png,high,high,0.9186939422178273,exact,Nimodipine,Nimodipine,1.0,30,30,exact,exact,Nimodipine,False,False,False,False,1.0,True,True,0,1,,,,COCCOC(=O)C1=C(C)NC(C)=C(C(=O)OC(C)C)C1c1cccc([N+](=O)[O-])c1
niraparib_cid24958200,,,niraparib_cid24958200.png,high,high,0.8962272780954121,wrong,,Niraparib,0.96,24,24,exact,exact,Niraparib,False,True,False,False,1.0,False,False,3,3,[HH].[H],,,[HH].[H].[H]NC(=O)c1cccc2cn(-c3ccc([C@@H]4CCCNC4)cc3)nc12 |^1:1|
nitisinone_cid115355,,,nitisinone_cid115355.png,high,high,0.903076714665662,exact,Nitisinone,Nitisinone,1.0,23,23,exact,exact,Nitisinone,False,False,False,False,1.0,True,True,0,1,,,,O=C1CCCC(=O)C1C(=O)c1ccc(C(F)(F)F)cc1[N+](=O)[O-]
nitrous_oxide_cid948,,,nitrous_oxide_cid948.png,high,high,0.8530029991161145,exact,Nitrous Oxide,Nitrous Oxide,1.0,3,3,exact,exact,Nitrous Oxide,False,False,False,False,1.0,True,True,0,1,,,,[N-]=[N+]=O
nizatidine_cid4513,,,nizatidine_cid4513.png,low,low,0.2265506673575767,wrong,,Nizatidine,0.578,27,21,wrong,wrong,,False,False,False,False,0.578,False,False,13,1,,,,[H]N(CCSCc1csc(CN(C)C)n1)C(C[N+](=O)[O-])N(C)C(C)C[N+](=O)[O-]
norelgestromin_cid62930,,,norelgestromin_cid62930.png,low,low,0.7832212181990903,invalid,,,,,,invalid,invalid,,False,False,False,False,,False,,,,,,,[H].[H].[H]C12CCC(=N(O)O)C=C1CCC1([H])C2([H])CCC2(CC)C(O)(C#C)CCC12[H]
obicetrapib_cid11498596,,,obicetrapib_cid11498596.png,high,high,0.9076856328120914,exact,Obicetrapib,Obicetrapib,1.0,50,50,exact,exact,Obicetrapib,False,False,False,False,1.0,True,True,0,1,,,,CCOC(=O)N1c2ccc(C(F)(F)F)cc2[C@@H](N(Cc2cc(C(F)(F)F)cc(C(F)(F)F)c2)c2ncc(OCCCC(=O)O)cn2)C[C@H]1CC
obidoxime_chloride_cid135566074,,,obidoxime_chloride_cid135566074.png,high,high,0.8948467920740196,wrong,,Obidoxime Chloride,0.963,24,23,salt,salt,Obidoxime Chloride,False,True,True,False,1.0,False,False,3,5,[HH],[Cl-].[Cl-],,[Cl-].[Cl-].[Cl-].[HH].[H]/C(=N\O)c1cc[n+](COC[n+]2ccc(/C([H])=N/O)cc2)cc1
octenidine_hydrochloride_cid51166,,,octenidine_hydrochloride_cid51166.png,low,low,0.1738485626903689,wrong,,Octenidine Hydrochloride,0.193,71,42,wrong,wrong,,False,False,False,False,0.193,False,False,75,4,,,,CCCCCCCC/N=C1\C=C[N+](CCCCCCCCCC[n+]2ccc(NCCCCCCCC)cc2)=CC1.CCCCCCCC/N=C\C=C/C=C/CCCCCCCCC[N+]/C=C1/C=CC1.Cl.[Cl-] |^2:63|
olodaterol_cid11504295,,,olodaterol_cid11504295.png,high,high,0.9124973053519745,exact,Olodaterol,Olodaterol,1.0,28,28,exact,exact,Olodaterol,False,False,False,False,1.0,True,True,0,1,,,,[H]O[C@@H](CNC(C)(C)Cc1ccc(OC)cc1)c1cc(O)cc2c1OCC(=O)N2[H]
olutasidenib_cid118955396,,,olutasidenib_cid118955396.png,high,high,0.8977943061805275,exact,Olutasidenib,Olutasidenib,1.0,25,25,exact,exact,Olutasidenib,False,False,False,False,1.0,True,True,0,1,,,,[H]n1c(=O)c([C@H](C)Nc2ccc(C#N)n(C)c2=O)cc2cc(Cl)ccc21
omarigliptin_cid46209133,,,omarigliptin_cid46209133.png,low,low,0.796493543298842,exact,Omarigliptin,Omarigliptin,1.0,27,27,exact,exact,Omarigliptin,False,False,False,False,1.0,True,True,0,1,,,,[H]N[C@H]1C[C@@H](N2Cc3cn(S(C)(=O)=O)nc3C2)CO[C@@H]1c1cc(F)ccc1F
opicapone_cid135565903,,,opicapone_cid135565903.png,high,high,0.9082922329516135,wrong,,Opicapone,0.98,27,27,exact,exact,Opicapone,False,True,False,False,1.0,False,False,1,2,[H],,,Cc1c(Cl)c(C)[n+]([O-])c(Cl)c1-c1noc(-c2cc(O)c(O)c([N+](=O)[O-])c2)n1.[H] |^1:27|
orforglipron_cid137319706,,,orforglipron_cid137319706.png,high,high,0.8654272390627965,exact,Orforglipron,Orforglipron,1.0,65,65,exact,exact,Orforglipron,False,False,False,False,1.0,True,True,0,1,,,,Cc1cc(-n2nc3c(c2-n2ccn(-c4ccc5c(cnn5C)c4F)c2=O)[C@H](C)N(C(=O)c2cc4cc([C@H]5CCOC(C)(C)C5)ccc4n2[C@@]2(c4noc(=O)[nH]4)C[C@@H]2C)CC3)cc(C)c1F
orlistat_cid3034010,,,orlistat_cid3034010.png,low,low,0.4750136005408849,exact,Orlistat,Orlistat,1.0,35,35,exact,exact,Orlistat,False,False,False,False,1.0,True,True,0,1,,,,[H]C(=O)N[C@@H](CC(C)C)C(=O)O[C@@H](CCCCCCCCCCC)C[C@@H]1OC(=O)[C@H]1CCCCCC
ornidazole_cid28061,,,ornidazole_cid28061.png,high,high,0.9090259145942962,exact,Ornidazole,Ornidazole,1.0,14,14,exact,exact,Ornidazole,False,False,False,False,1.0,True,True,0,1,,,,Cc1ncc([N+](=O)[O-])n1CC(O)CCl
ortataxel_cid6918412,,,ortataxel_cid6918412.png,low,low,0.2711214832335842,invalid,,,,,,invalid,invalid,,False,False,False,False,,False,,,,,,,[H]C12CC(O)C3(C)C(=O)C(OC(C)=O)C4=C(C)C(OC(=O)C(O)C(CC(C)C)NC(=O)OC(C)(C)C)C56([H])OC(=O)OC5(C(OC(=O)C5=CC=CC=C5)C3([H])C1(OC(C)=O)CO2)C46(C)C
ouabain_cid439501,,,ouabain_cid439501.png,low,low,0.123354492153958,invalid,,,,,,invalid,invalid,,False,False,False,False,,False,,,,,,,CC1OC(OC2CC(O)C3(CO)C(O)(CCC456[H]C34([H]5)C(O)CC3(C)C(C4=CC(=O)OC4)CCC36O)C2)C(O)C(O)C1O.[H].[H]
oxfendazole_cid40854,,,oxfendazole_cid40854.png,high,high,0.904225794647498,exact,Oxfendazole,Oxfendazole,1.0,22,22,exact,exact,Oxfendazole,False,False,False,False,1.0,True,True,0,1,,,,[H]n1c(NC(=O)OC)nc2ccc(S(=O)c3ccccc3)cc21
oxiconazole_nitrate_cid9556529,,,oxiconazole_nitrate_cid9556529.png,high,high,0.8904909742198076,exact,Oxiconazole Nitrate,Oxiconazole Nitrate,1.0,30,30,exact,exact,Oxiconazole Nitrate,False,False,False,False,1.0,True,True,0,2,,,,Clc1ccc(CO/N=C(\Cn2ccnc2)c2ccc(Cl)cc2Cl)c(Cl)c1.O=[N+]([O-])O
oxybuprocaine_cid4633,,,oxybuprocaine_cid4633.png,high,high,0.9003554164178564,exact,Oxybuprocaine,Oxybuprocaine,1.0,22,22,exact,exact,Oxybuprocaine,False,False,False,False,1.0,True,True,0,1,,,,[H]Nc1ccc(C(=O)OCCN(CC)CC)cc1OCCCC
padsevonil_cid52911611,,,padsevonil_cid52911611.png,high,high,0.8988697721994455,exact,Padsevonil,Padsevonil,1.0,27,27,exact,exact,Padsevonil,False,False,False,False,1.0,True,True,0,1,,,,COCc1nn2c(CN3C[C@@H](CC(F)(F)Cl)CC3=O)c(C(F)(F)F)nc2s1
paliperidone_cid115237,,,paliperidone_cid115237.png,high,high,0.8924613650165601,exact,Paliperidone,Paliperidone,1.0,31,31,exact,exact,Paliperidone,False,False,False,False,1.0,True,True,0,1,,,,Cc1nc2n(c(=O)c1CCN1CCC(c3noc4cc(F)ccc34)CC1)CCCC2O
paliperidone_palmitate_cid9852746,,,paliperidone_palmitate_cid9852746.png,high,high,0.8969288535371371,wrong,,Paliperidone Palmitate,0.67,48,48,wrong,wrong,,False,False,False,False,0.67,False,False,2,1,,,,CCCCCCCCCCCCCCCC(=O)OC1CCCn2c1nc(C)c(CCN1CCC(C(=N)c3ccc(F)cc3O)CC1)c2=O
palonosetron_hydrochloride_cid6918303,,,palonosetron_hydrochloride_cid6918303.png,low,low,0.3208487665154715,invalid,,,,,,invalid,invalid,,False,False,False,False,,False,,,,,,,[H]C12CCCC3=C1C(=CC=C3)C(=O)N([CH]13C4N15CCC1CCC1435)C2.[H]Cl
paromomycin_cid165580,,,paromomycin_cid165580.png,low,low,0.4564109539538608,wrong,,Paromomycin,0.933,43,42,salt,stereo,Paromomycin,False,True,False,True,0.977,False,False,7,4,[H].[H][H],,N,[H].[H]NC[C@@H]1O[C@H](O[C@H]2[C@H](O[H])[C@H](O[C@@H]3[C@@H](O)[C@H](N[H])C[C@H](N[H])[C@H]3O[C@H]3O[C@H](CO)[C@@H](O)[C@H](O)[C@H]3N[H])O[C@@H]2CO)[C@H](N[H])[C@@H](O)[C@@H]1O[H].[H]N[H].[H][H] |^1:0|
pasireotide_cid9941444,,,pasireotide_cid9941444.png,low,low,0.000337190751157429,invalid,,,,,,invalid,invalid,,False,False,False,False,,False,,,,,,,[H]C12345=C678=C19%10=O=C=26(=O)(=O=9)N[CH]1(C2=CC=CC=C2)C(=O)NC(CC2=CNC6=CC=CC=C26)C2(=O)(=O)=O=C([CH]NC1C(C1=CC=CC=C1)N%10)N[CH]1(C6C9%10C1C61C96C9%11NC6(N9)C%11%101)C16(=O)=O=C(=O)(NC(CCC=CCOC)CN[CH]C(=O=C(C(CC9=CC=CC=C9)NC[CH]N1)N73)N4CC(OC(=O)NCCN)C5C8)[CH]6(CCCCN)N2
pemafibrate_cid11526038,,,pemafibrate_cid11526038.png,high,high,0.9017370606882555,exact,Pemafibrate,Pemafibrate,1.0,36,36,exact,exact,Pemafibrate,False,False,False,False,1.0,True,True,0,1,,,,CC[C@@H](Oc1cccc(CN(CCCOc2ccc(OC)cc2)c2nc3ccccc3o2)c1)C(=O)O
pemetrexed_cid135410875,,,pemetrexed_cid135410875.png,high,high,0.8764574626503319,wrong,,Pemetrexed,1.0,31,31,exact,exact,Pemetrexed,False,True,False,False,1.0,False,False,8,5,[HH].[HH].[HH].[HH],,,Nc1nc2[nH]cc(CCc3ccc(C(=O)N[C@@H](CCC(=O)O)C(=O)O)cc3)c2c(=O)[nH]1.[HH].[HH].[HH].[HH]
pemigatinib_cid86705695,,,pemigatinib_cid86705695.png,high,high,0.9015327213870261,exact,Pemigatinib,Pemigatinib,1.0,35,35,exact,exact,Pemigatinib,False,False,False,False,1.0,True,True,0,1,,,,CCN1C(=O)N(c2c(F)c(OC)cc(OC)c2F)Cc2cnc3[nH]c(CN4CCOCC4)cc3c21
penicillamine_cid5852,,,penicillamine_cid5852.png,high,high,0.8794670149887107,exact,Penicillamine,Penicillamine,1.0,9,9,exact,exact,Penicillamine,False,False,False,False,1.0,True,True,0,1,,,,[H]N[C@@H](C(=O)O[H])C(C)(C)S[H]
peposertib_cid86292849,,,peposertib_cid86292849.png,high,high,0.917365778964221,exact,Peposertib,Peposertib,1.0,34,34,exact,exact,Peposertib,False,False,False,False,1.0,True,True,0,1,,,,COc1ccc([C@@H](O)c2cc(-c3ncnc4cc(N5CCOCC5)ccc34)c(F)cc2Cl)nn1
perampanel_cid9924495,,,perampanel_cid9924495.png,high,high,0.898560672886031,exact,Perampanel,Perampanel,1.0,27,27,exact,exact,Perampanel,False,False,False,False,1.0,True,True,0,1,,,,N#Cc1ccccc1-c1cc(-c2ccccn2)cn(-c2ccccc2)c1=O
phenelzine_cid3675,,,phenelzine_cid3675.png,low,low,0.8328090066449402,wrong,,Phenelzine,0.95,11,10,salt,exact,Phenelzine,False,False,False,True,0.95,False,False,4,2,,,N,[H]N.[H]NNCCc1ccccc1
phenprocoumon_cid54680692,,,phenprocoumon_cid54680692.png,high,high,0.9090788191609804,wrong,,Phenprocoumon,0.971,21,21,exact,exact,Phenprocoumon,False,True,False,False,1.0,False,False,1,2,[H],,,CCC(c1ccccc1)c1c(O)c2ccccc2oc1=O.[H] |^1:21|
phentolamine_cid5775,,,phentolamine_cid5775.png,high,high,0.9073179394890788,exact,Phentolamine,Phentolamine,1.0,21,21,exact,exact,Phentolamine,False,False,False,False,1.0,True,True,0,1,,,,[H]Oc1cccc(N(CC2=NCCN2[H])c2ccc(C)cc2)c1
phylloquinone_cid5284607,,,phylloquinone_cid5284607.png,high,high,0.9008380175805545,exact,Phylloquinone,Phylloquinone,1.0,33,33,exact,exact,Phylloquinone,False,False,False,False,1.0,True,True,0,1,,,,CC1=C(C/C=C(\C)CCC[C@H](C)CCC[C@H](C)CCCC(C)C)C(=O)c2ccccc2C1=O
pinaverium_bromide_cid40703,,,pinaverium_bromide_cid40703.png,high,high,0.8914033190064407,exact,Pinaverium Bromide,Pinaverium Bromide,1.0,33,33,exact,exact,Pinaverium Bromide,False,False,False,False,1.0,True,True,0,2,,,,[Br-].[H]C12CC(CCC1CCOCC[N+]1(Cc3cc(OC)c(OC)cc3Br)CCOCC1)C2(C)C
pindolol_cid4828,,,pindolol_cid4828.png,high,high,0.8837879326364171,exact,Pindolol,Pindolol,1.0,18,18,exact,exact,Pindolol,False,False,False,False,1.0,True,True,0,1,,,,[H]OC(CNC(C)C)COc1cccc2[nH]ccc12
piperazine_cid4837,,,piperazine_cid4837.png,high,high,0.8746201972301008,exact,Piperazine,Piperazine,1.0,6,6,exact,exact,Piperazine,False,False,False,False,1.0,True,True,0,1,,,,[H]N1CCN([H])CC1
pirfenidone_cid40632,,,pirfenidone_cid40632.png,high,high,0.9175311261787992,exact,Pirfenidone,Pirfenidone,1.0,14,14,exact,exact,Pirfenidone,False,False,False,False,1.0,True,True,0,1,,,,Cc1ccc(=O)n(-c2ccccc2)c1
piroxicam_cid54676228,,,piroxicam_cid54676228.png,high,high,0.8955205746890854,wrong,,Piroxicam,0.977,23,23,exact,exact,Piroxicam,False,True,False,False,1.0,False,False,1,2,[H],,,CN1C(C(=O)Nc2ccccn2)=C(O)c2ccccc2S1(=O)=O.[H] |^1:23|
pivmecillinam_cid115163,,,pivmecillinam_cid115163.png,high,high,0.8995843824844141,exact,Pivmecillinam,Pivmecillinam,1.0,30,30,exact,exact,Pivmecillinam,False,False,False,False,1.0,True,True,0,1,,,,[H]C(=N[C@@H]1C(=O)N2[C@@H](C(=O)OCOC(=O)C(C)(C)C)C(C)(C)S[C@]12[H])N1CCCCCC1
plecanatide_cid70693500,,,plecanatide_cid70693500.png,low,low,6.392560988869353e-09,invalid,,,,,,invalid,invalid,,False,False,False,False,,False,,,,,,,[H]C1CSSC[CH]2345NC(=O)(=O)CNC6(=O)=O=C(NCC(=O)N2C(C3SSC[CH]2([H])C3(=O)=O=C(N3)[CH]12NC(=O)C(C)(C)C)C41=O=C5(=O)N[CH]2(CC(C)C)(C(=O)O)C(C(C)C)C(N1)C2(=O)O)C61([H])=C2(=O)=C([H])(NC3C([H])([H])C3([H])N3[CH]456N78C9(S)C([H])(N[CH]97%10%11[CH]47(C)C3549=O=C874%10(=O)[CH]69%11(C)N)C(=O)N1)C(=O)NCC2=O
ponesimod_cid11363176,,,ponesimod_cid11363176.png,high,high,0.8896505058071001,stereo,Ponesimod,Ponesimod,1.0,31,31,stereo,stereo,Ponesimod,False,False,False,False,1.0,True,True,0,1,,,,[H]/C(=C1/S/C(=N\CCC)N(c2ccccc2C)C1=O)c1ccc(OC[C@H](O)CO)c(Cl)c1
posaconazole_cid468595,,,posaconazole_cid468595.png,low,low,0.7774843832220076,wrong,,Posaconazole,0.758,51,51,wrong,wrong,,False,False,False,False,0.758,False,False,3,1,,,,CC[C@@H]([C@@H](C)O)N1N=CN(c2ccc(N3CCN(c4ccc(OC[C@@H]5CO[C@@](Cn6cncn6)(c6ccc(F)cc6F)C5)cc4)CC3)cc2)C=N1
potassium_perchlorate_cid516900,,,potassium_perchlorate_cid516900.png,high,high,0.8702521706250533,wrong,,Potassium Perchlorate,0.273,6,6,wrong,wrong,,False,False,False,False,0.273,False,False,0,1,,,,[O-][Cl+3]([O-])([O-])[O][K+] |5|
pracinostat_cid49855250,,,pracinostat_cid49855250.png,high,high,0.8973317843343874,wrong,,Pracinostat,0.981,26,26,exact,exact,Pracinostat,False,True,False,False,1.0,False,False,1,2,[H],,,[H].[H]/C(C(=O)NO)=C(/[H])c1ccc2c(c1)nc(CCCC)n2CCN(CC)CC |^1:0|
pralmorelin_cid6918245,,,pralmorelin_cid6918245.png,low,low,0.4580517184611901,exact,Pralmorelin,Pralmorelin,1.0,60,60,exact,exact,Pralmorelin,False,False,False,False,1.0,True,True,0,1,,,,[H]NCCCC[C@H](NC(=O)[C@@H](Cc1ccccc1)NC(=O)[C@H](Cc1c[nH]c2ccccc12)NC(=O)[C@H](C)NC(=O)[C@@H](Cc1ccc2ccccc2c1)NC(=O)[C@@H](C)N[H])C(=O)N[H]
propafenone_hydrochloride_cid36708,,,propafenone_hydrochloride_cid36708.png,high,high,0.9108552021403468,exact,Propafenone Hydrochloride,Propafenone Hydrochloride,1.0,26,26,exact,exact,Propafenone Hydrochloride,False,False,False,False,1.0,True,True,0,2,,,,CCCNCC(O)COc1ccccc1C(=O)CCc1ccccc1.[H]Cl
propantheline_bromide_cid9279,,,propantheline_bromide_cid9279.png,high,high,0.9002524439990945,exact,Propantheline Bromide,Propantheline Bromide,1.0,28,28,exact,exact,Propantheline Bromide,False,False,False,False,1.0,True,True,0,2,,,,CC(C)[N+](C)(CCOC(=O)C1c2ccccc2Oc2ccccc21)C(C)C.[Br-]
propoxyphene_cid10100,,,propoxyphene_cid10100.png,high,high,0.8901196367269749,exact,Propoxyphene,Propoxyphene,1.0,25,25,exact,exact,Propoxyphene,False,False,False,False,1.0,True,True,0,1,,,,CCC(=O)O[C@](Cc1ccccc1)(c1ccccc1)[C@H](C)CN(C)C
prostaglandin_e2_cid5280360,,,prostaglandin_e2_cid5280360.png,high,high,0.870464691500997,wrong,,Prostaglandin E2,1.0,25,25,exact,exact,Prostaglandin E2,False,True,False,False,1.0,False,False,1,2,[H],,,[H].[H]OC(=O)CCC/C([H])=C(/[H])C[C@H]1C(=O)C[C@@H](O)[C@@H]1/C([H])=C(\[H])[C@H](CCCCC)O[H] |^1:0|
prucalopride_cid3052762,,,prucalopride_cid3052762.png,high,high,0.8814361367937273,wrong,,Prucalopride,0.982,25,25,exact,exact,Prucalopride,False,True,False,False,1.0,False,False,4,3,[HH].[HH],,,COCCCN1CCC(NC(=O)c2cc(Cl)c(N)c3c2OCC3)CC1.[HH].[HH]
pyrantel_pamoate_cid5281033,,,pyrantel_pamoate_cid5281033.png,high,high,0.8970403953064033,exact,Pyrantel Pamoate,Pyrantel Pamoate,1.0,43,43,exact,exact,Pyrantel Pamoate,False,False,False,False,1.0,True,True,0,2,,,,O=C(O)c1cc2ccccc2c(Cc2c(O)c(C(=O)O)cc3ccccc23)c1O.[H]/C(C1=NCCCN1C)=C(/[H])c1cccs1
pyrazinamide_cid1046,,,pyrazinamide_cid1046.png,high,high,0.8941313570030502,exact,Pyrazinamide,Pyrazinamide,1.0,9,9,exact,exact,Pyrazinamide,False,False,False,False,1.0,True,True,0,1,,,,[H]NC(=O)c1cnccn1
pyrithione_zinc_cid26041,,,pyrithione_zinc_cid26041.png,high,high,0.8820792076947958,wrong,,Pyrithione Zinc,0.414,17,17,wrong,wrong,,False,False,False,False,0.414,False,False,0,1,,,,[O-][n+]1ccccc1[S][Zn+][S]c1cccc[n+]1[O-]
pyronaridine_tetraphosphate_cid156867,,,pyronaridine_tetraphosphate_cid156867.png,low,low,0.2331817650680898,invalid,,,,,,invalid,invalid,,False,False,False,False,,False,,,,,,,O.O=P(O)(O)(O)O.O=P(O)(O)O.O=[P+](O)(O)O.O[P-]1(O)(O)=O=P(O)(O)(O)(O)O1.[H]N(C1=CC(CN2CCCC2)=C(O)C(CN2CCCC2)=C1)C1=C2N=C(OC)C=CC2=NC2=C1C=CC(Cl)=C2
qs_21_apiose_isomer_cid73652135,,,qs_21_apiose_isomer_cid73652135.png,low,low,4.779769158816985e-12,invalid,,,,,,invalid,invalid,,False,False,False,False,,False,,,,,,,CC[CH][CH]CC(O)CCOC[CH][CH]CCCCOC(O)C(O)C(OC1C(O)C(O)C(O[CH]234OC[CH]5(O)[CH]6(O)[CH]7(O)CO[CH]28[CH]29O[CH]623(O)[CH]894(O)[CH]75O)C1O)OC(O)C(O)(O)C1(C)OC1CCCC12C345CCC6(O)C7(C)(O)C389C6(C)(O)[CH]17483O(O)C2593
quinacrine_dihydrochloride_cid6239,,,quinacrine_dihydrochloride_cid6239.png,high,high,0.9041005300578188,exact,Quinacrine Dihydrochloride,Quinacrine Dihydrochloride,1.0,30,30,exact,exact,Quinacrine Dihydrochloride,False,False,False,False,1.0,True,True,0,3,,Cl,,CCN(CC)CCCC(C)Nc1c2ccc(Cl)cc2nc2ccc(OC)cc12.[H]Cl.[H]Cl
quinagolide_cid3086401,,,quinagolide_cid3086401.png,low,low,0.7868256802795953,stereo,Quinagolide,Quinagolide,1.0,27,27,stereo,stereo,Quinagolide,False,False,False,False,1.0,True,True,0,1,,,,[H][C@]12Cc3c(O)cccc3C[C@@]1([H])N(CCC)C[C@@H](NS(=O)(=O)N(CC)CC)C2
radezolid_cid11224409,,,radezolid_cid11224409.png,high,high,0.8856020050186905,exact,Radezolid,Radezolid,1.0,32,32,exact,exact,Radezolid,False,False,False,False,1.0,True,True,0,1,,,,[H]N(Cc1ccc(-c2ccc(N3C[C@H](CNC(C)=O)OC3=O)cc2F)cc1)Cc1cn[nH]n1
raltitrexed_cid135400182,,,raltitrexed_cid135400182.png,low,low,0.04815939432089177,invalid,,,,,,invalid,invalid,,False,False,False,False,,False,,,,,,,[H]OC(=O)CCC(NC(=O)C1=CC=C(N(C)CC2=CC345=C678C(=C2)C=329N6=C36(C)=N72=C(C)(=N=389)NC42=O=C5(=O=2)N6)S1)C(=O)O
ramelteon_cid208902,,,ramelteon_cid208902.png,high,high,0.9147181286998701,exact,Ramelteon,Ramelteon,1.0,19,19,exact,exact,Ramelteon,False,False,False,False,1.0,True,True,0,1,,,,CCC(=O)NCC[C@@H]1CCc2ccc3c(c21)CCO3
ramosetron_cid108000,,,ramosetron_cid108000.png,high,high,0.9162264387366466,exact,Ramosetron,Ramosetron,1.0,21,21,exact,exact,Ramosetron,False,False,False,False,1.0,True,True,0,1,,,,Cn1cc(C(=O)[C@@H]2CCc3nc[nH]c3C2)c2ccccc21
rasagiline_cid3052776,,,rasagiline_cid3052776.png,high,high,0.8759180376252726,wrong,,Rasagiline,0.968,13,13,exact,exact,Rasagiline,False,True,False,False,1.0,False,False,1,2,[H],,,[H].[H]C#CCN[C@@H]1CCc2ccccc21 |^1:0|
ravtansine_cid11686439,,,ravtansine_cid11686439.png,low,low,0.49179340509735,invalid,,,,,,invalid,invalid,,False,False,False,False,,False,,,,,,,[H]OC123CC([H])(C1)(OC(=O)N2)C(C)C1([H])OC1(C)C(OC(=O)C(C)N(C)C(=O)CCC(C)(C)[SiH3])CC(=O)N(C)C1=C(Cl)C(OC)=CC(=C1)CC(C)=C([H])C([H])=C([H])C3OC
relebactam_cid44129647,,,relebactam_cid44129647.png,high,high,0.8467478900093163,wrong,,Relebactam,0.978,23,23,stereo,stereo,Relebactam,False,True,False,False,1.0,False,False,1,2,[H],,,[H].[H][C@]12CC[C@@H](C(=O)NC3CCNCC3)N(C1)C(=O)N2OS(=O)(=O)O |^1:0|
remimazolam_cid9867812,,,remimazolam_cid9867812.png,high,high,0.8964372754536866,exact,Remimazolam,Remimazolam,1.0,28,28,exact,exact,Remimazolam,False,False,False,False,1.0,True,True,0,1,,,,COC(=O)CC[C@@H]1N=C(c2ccccn2)c2cc(Br)ccc2-n2c(C)cnc21
retapamulin_cid6918462,,,retapamulin_cid6918462.png,low,low,0.02724315285444837,invalid,,,,,,invalid,invalid,,False,False,False,False,,False,,,,,,,[H]OC1C(C)(C=C)CC(OC(=O)CSC23CC4([H])CCC56([H])N(C)C47(C2)C5([H])C367)C2(C)C(C)CCC13CCC(=O)C32[H]
rifamycin_cid6324616,,,rifamycin_cid6324616.png,low,low,0.5402840056192246,wrong,,Rifamycin,1.0,50,50,stereo,stereo,Rifamycin,False,True,False,False,1.0,False,False,4,5,[H].[H].[H].[H],,,"[H].[H].[H].[H].[H]O[C@H]1[C@@H](C)[C@@H](O)[C@@H](C)[C@H](OC(C)=O)[C@H](C)[C@@H](OC)/C([H])=C(\[H])O[C@@]2(C)Oc3c(C)c(O)c4c(O)c(cc(O)c4c3C2=O)NC(=O)/C(C)=C([H])\C([H])=C(/[H])[C@@H]1C |^1:0,1,2,3|"
riluzole_cid5070,,,riluzole_cid5070.png,high,high,0.8854277980198866,wrong,,Riluzole,0.969,15,15,exact,exact,Riluzole,False,True,False,False,1.0,False,False,1,2,[H],,,[H].[H]Nc1nc2ccc(OC(F)(F)F)cc2s1 |^1:0|
rimantadine_hydrochloride_cid15165,,,rimantadine_hydrochloride_cid15165.png,high,high,0.8629048231484123,exact,Rimantadine Hydrochloride,Rimantadine Hydrochloride,1.0,14,14,exact,exact,Rimantadine Hydrochloride,False,False,False,False,1.0,True,True,0,2,,,,[H]Cl.[H]NC(C)C12CC3CC(CC(C3)C1)C2
riociguat_cid11304743,,,riociguat_cid11304743.png,high,high,0.8651869701695198,wrong,,Riociguat,0.983,31,31,exact,exact,Riociguat,False,True,False,False,1.0,False,False,2,3,[H].[H],,,"[H].[H].[H]Nc1nc(-c2nn(Cc3ccccc3F)c3ncccc23)nc(N[H])c1N(C)C(=O)OC |^1:0,1|"
ripasudil_cid9863672,,,ripasudil_cid9863672.png,high,high,0.9099118146060874,exact,Ripasudil,Ripasudil,1.0,22,22,exact,exact,Ripasudil,False,False,False,False,1.0,True,True,0,1,,,,C[C@H]1CNCCCN1S(=O)(=O)c1cccc2cncc(F)c12
robenacoxib_cid6433107,,,robenacoxib_cid6433107.png,high,high,0.9065035010599949,exact,Robenacoxib,Robenacoxib,1.0,23,23,exact,exact,Robenacoxib,False,False,False,False,1.0,True,True,0,1,,,,[H]OC(=O)Cc1cc(CC)ccc1Nc1c(F)c(F)cc(F)c1F
rocuronium_bromide_cid441351,,,rocuronium_bromide_cid441351.png,low,low,0.3464111719117273,invalid,,,,,,invalid,invalid,,False,False,False,False,,False,,,,,,,[Br-].[H]C12CCC3([H])C4([H])CC([H])(N5(CC=C)CCCC5)C(OC(C)=O)C4(C)CCC3([H])C1(C)CC(N1CCOCC1)C(O)C2
roflumilast_cid449193,,,roflumilast_cid449193.png,high,high,0.910989443251505,exact,Roflumilast,Roflumilast,1.0,26,26,exact,exact,Roflumilast,False,False,False,False,1.0,True,True,0,1,,,,[H]N(C(=O)c1ccc(OC(F)F)c(OCC2CC2)c1)c1c(Cl)cncc1Cl
rokitamycin_cid5282211,,,rokitamycin_cid5282211.png,low,low,1.259696095497185e-05,invalid,,,,,,invalid,invalid,,False,False,False,False,,False,,,,,,,C.[H]O[CH]12O[H]3C([H])=C45([H])=C31([H])=C([H])C=41([H])=C3([H])C[CH]4(C)OC67(=O)=O=C(OC(C)C34C=1([H])=C5[H])C613[CH]456O[CH]189%10O[CH]31(O)(C748)[CH]5934[CH](O[CH]57OC(C)[CH]8(O[CH]CC(C)([CH]OCCCC)OC(=O)CC)[CH]9%11[CH]5%12O[CH]79(O)[CH]8%12(N(C)C)N%11(C)C)(C(CC([H])=O)CC2C)[CH]61%102O31CO42C1
rolapitant_hydrochloride_cid16203739,,,rolapitant_hydrochloride_cid16203739.png,low,low,0.7748101276061087,wrong,,Rolapitant Hydrochloride,0.983,37,37,exact,exact,Rolapitant Hydrochloride,False,True,False,False,1.0,False,False,3,6,[H].[H].[H],,,"C[C@@H](OC[C@@]1(c2ccccc2)CC[C@]2(CCC(=O)N2)CN1)c1cc(C(F)(F)F)cc(C(F)(F)F)c1.O.[H].[H].[H].[H]Cl |^1:36,37,38|"
rosiglitazone_cid77999,,,rosiglitazone_cid77999.png,high,high,0.9077179307389142,exact,Rosiglitazone,Rosiglitazone,1.0,25,25,exact,exact,Rosiglitazone,False,False,False,False,1.0,True,True,0,1,,,,CN(CCOc1ccc(CC2SC(=O)NC2=O)cc1)c1ccccn1
rucaparib_cid9931954,,,rucaparib_cid9931954.png,high,high,0.8863367173354844,wrong,,Rucaparib,0.979,24,24,exact,exact,Rucaparib,False,True,False,False,1.0,False,False,1,2,[H],,,CNCc1ccc(-c2[nH]c3cc(F)cc4c3c2CCNC4=O)cc1.[H] |^1:24|
rufinamide_cid129228,,,rufinamide_cid129228.png,high,high,0.8759034774617953,wrong,,Rufinamide,0.971,17,17,exact,exact,Rufinamide,False,True,False,False,1.0,False,False,1,2,[H],,,NC(=O)c1cn(Cc2c(F)cccc2F)nn1.[H] |^1:17|
samuraciclib_cid91844733,,,samuraciclib_cid91844733.png,high,high,0.8954464629277024,exact,Samuraciclib,Samuraciclib,1.0,29,29,exact,exact,Samuraciclib,False,False,False,False,1.0,True,True,0,1,,,,[H]O[C@H]1CNCC[C@@H]1CNc1cc(N([H])Cc2ccccc2)n2ncc(C(C)C)c2n1
sapropterin_cid135398654,,,sapropterin_cid135398654.png,low,low,0.8165388656766577,wrong,,Sapropterin,0.974,17,17,exact,exact,Sapropterin,False,True,False,False,1.0,False,False,6,7,[H].[H].[H].[H].[H].[H],,,"[H].[H].[H].[H].[H].[H].[H][C@]1([C@@H](O)[C@H](C)O)CNc2nc(N)[nH]c(=O)c2N1 |^1:0,1,2,3,4,5|"
saruparib_cid155586901,,,saruparib_cid155586901.png,high,high,0.9108049512755119,exact,Saruparib,Saruparib,1.0,30,30,exact,exact,Saruparib,False,False,False,False,1.0,True,True,0,1,,,,CCc1cc2ncc(CN3CCN(c4ccc(C(=O)NC)nc4)CC3)cc2[nH]c1=O
saxagliptin_hydrochloride_cid49800073,,,saxagliptin_hydrochloride_cid49800073.png,high,high,0.8626868938557488,wrong,,Saxagliptin Hydrochloride,0.978,24,24,exact,exact,Saxagliptin Hydrochloride,False,True,False,False,1.0,False,False,1,3,[H],,,[H].[H]C12CC3CC(O)(C1)CC([C@H](N)C(=O)N1[C@H](C#N)C[C@]4([H])C[C@]14[H])(C3)C2.[H]Cl |^1:0|
selatogrel_cid59534142,,,selatogrel_cid59534142.png,high,high,0.8707000013806996,exact,Selatogrel,Selatogrel,1.0,43,43,exact,exact,Selatogrel,False,False,False,False,1.0,True,True,0,1,,,,[H]OP(=O)(O)C[C@H](NC(=O)c1cc(N2CC[C@H](OC)C2)nc(-c2ccccc2)n1)C(=O)N1CCN(C(=O)OCCCC)CC1
selenium_sulfide_ses_cid24011,,,selenium_sulfide_ses_cid24011.png,low,low,0.7990648576013744,invalid,,,,,,invalid,invalid,,False,False,False,False,,False,,,,,,,[O-]=[Se]
selexipag_cid9913767,,,selexipag_cid9913767.png,high,high,0.9151954016975218,exact,Selexipag,Selexipag,1.0,35,35,exact,exact,Selexipag,False,False,False,False,1.0,True,True,0,1,,,,CC(C)N(CCCCOCC(=O)NS(C)(=O)=O)c1cnc(-c2ccccc2)c(-c2ccccc2)n1
semaxanib_cid5329098,,,semaxanib_cid5329098.png,high,high,0.8921710152315303,exact,Semaxanib,Semaxanib,1.0,18,18,exact,exact,Semaxanib,False,False,False,False,1.0,True,True,0,1,,,,[H]/C(=C1/C(=O)Nc2ccccc21)c1c(C)cc(C)n1[H]
senna_cid73111,,,senna_cid73111.png,low,low,0.5965954710147201,wrong,,Senna,1.0,62,62,stereo,stereo,Senna,False,True,False,False,1.0,False,False,4,5,[H].[H].[H].[H],,,"[H].[H].[H].[H].[H]O[C@H]1[C@H](Oc2cccc3c2C(=O)c2c(O)cc(C(=O)O)cc2[C@]3([H])C2([H])c3cc(C(=O)O)cc(O)c3C(=O)c3c(O[C@@H]4O[C@H](CO)[C@@H](O)[C@@H](O)[C@H]4O)cccc32)O[C@H](CO)[C@@H](O)[C@H]1O |^1:0,1,2,3|"
sertindole_cid60149,,,sertindole_cid60149.png,high,high,0.900738169585529,exact,Sertindole,Sertindole,1.0,31,31,exact,exact,Sertindole,False,False,False,False,1.0,True,True,0,1,,,,O=C1NCCN1CCN1CCC(c2cn(-c3ccc(F)cc3)c3ccc(Cl)cc23)CC1
sevoflurane_cid5206,,,sevoflurane_cid5206.png,high,high,0.8647915839467518,exact,Sevoflurane,Sevoflurane,1.0,12,12,exact,exact,Sevoflurane,False,False,False,False,1.0,True,True,0,1,,,,FCOC(C(F)(F)F)C(F)(F)F
shr0302_cid71622431,,,shr0302_cid71622431.png,low,low,0.776173341213639,wrong,,Shr0302,0.984,29,29,stereo,stereo,Shr0302,False,True,False,False,1.0,False,False,2,3,[H].[H],,,"[H].[H].[H][C@@]12CC(N(C)c3ncnc4[nH]ccc34)C[C@@]1([H])CN(C(=O)Nc1nc(OC)ns1)C2 |^1:0,1|"
silodosin_cid5312125,,,silodosin_cid5312125.png,high,high,0.8896318603506452,wrong,,Silodosin,0.985,35,35,exact,exact,Silodosin,False,True,False,False,1.0,False,False,2,3,[H].[H],,,"C[C@H](Cc1cc2c(c(C(N)=O)c1)N(CCCO)CC2)NCCOc1ccccc1OCC(F)(F)F.[H].[H] |^1:35,36|"
silperisone_cid178568,,,silperisone_cid178568.png,high,high,0.9074209571867715,exact,Silperisone,Silperisone,1.0,18,18,exact,exact,Silperisone,False,False,False,False,1.0,True,True,0,1,,,,C[Si](C)(Cc1ccc(F)cc1)CN1CCCCC1
sitafloxacin_cid461399,,,sitafloxacin_cid461399.png,high,high,0.8923779103640412,wrong,,Sitafloxacin,0.966,28,28,exact,exact,Sitafloxacin,False,True,False,False,1.0,False,False,3,3,[HH].[H],,,N[C@@H]1CN(c2c(F)cc3c(=O)c(C(=O)O)cn([C@@H]4C[C@@H]4F)c3c2Cl)CC12CC2.[HH].[H] |^1:29|
sodium_deoxycholate_cid23668196,,,sodium_deoxycholate_cid23668196.png,low,low,0.4873825884022179,wrong,,Sodium Deoxycholate,0.763,29,29,wrong,wrong,,False,False,False,False,0.763,False,False,2,3,[H].[H],,,"[H].[H].[H][C@@]12CC[C@@]3([H])[C@]([H])(C[C@H](O)[C@@]4(C)[C@@]3([H])CC[C@@]4([H])[C@H](C)CCC(=O)[O][Na+])[C@@]1(C)CC[C@@H](O)C2 |^1:0,1,28|"
sodium_nitrite_cid23668193,,,sodium_nitrite_cid23668193.png,high,high,0.8483979731587218,wrong,,Sodium Nitrite,0.231,4,4,wrong,wrong,,False,False,False,False,0.231,False,False,0,1,,,,O=N[O][Na+] |3|
sodium_oxybate_cid23663870,,,sodium_oxybate_cid23663870.png,high,high,0.8546493920873854,wrong,,Sodium Oxybate,0.4,8,8,wrong,wrong,,False,False,False,False,0.4,False,False,1,2,[H],,,"O=C(CCCO)[O-][Na+].[H] |^1:8,7,C:6.6|"
sodium_phenylacetate_cid23690424,,,sodium_phenylacetate_cid23690424.png,high,high,0.8441216348413989,wrong,,Sodium Phenylacetate,0.519,11,11,wrong,wrong,,False,False,False,False,0.519,False,False,0,1,,,,O=C(Cc1ccccc1)[O][Na+] |10|
sodium_selenite_cid24934,,,sodium_selenite_cid24934.png,high,high,0.8598689235452562,wrong,,Sodium Selenite,0.75,6,6,wrong,wrong,,False,False,False,False,0.75,False,False,0,3,,[Na+],,O=[Se](=O)[O-].[Na+].[Na+] |^1:1|
sodium_thiosulfate_cid24477,,,sodium_thiosulfate_cid24477.png,high,high,0.8781916767154376,wrong,,Sodium Thiosulfate,0.533,7,7,wrong,wrong,,False,False,False,False,0.533,False,False,0,2,,,,O=S([O-])(=S)[O][Na+].[Na+] |5|
solifenacin_succinate_cid216457,,,solifenacin_succinate_cid216457.png,low,low,0.4763162352829252,wrong,,Solifenacin Succinate,0.98,35,35,exact,exact,Solifenacin Succinate,False,True,False,False,1.0,False,False,1,3,[H],,,O=C(O)CCC(=O)O.O=C(O[C@H]1CN2CCC1CC2)N1CCc2ccccc2[C@@H]1c1ccccc1.[H] |^1:35|
solithromycin_cid25242512,,,solithromycin_cid25242512.png,low,low,0.02255982655758274,invalid,,,,,,invalid,invalid,,False,False,False,False,,False,,,,,,,[H]C123N(CCCCN4C=C(C5=CC(N)=CC=C5)N=N4)C(=O)OC1(C)C(CO)(CO)OC(=O)C(C)(F)C(=O)C(C)C(OC1OC(C)CC(N(C)C)C1O)C14(OC)CC1256C1(=O)C(C)C5(=O)C1436C
sonrotoclax_cid149553242,,,sonrotoclax_cid149553242.png,low,low,0.08897227995874941,invalid,,,,,,invalid,invalid,,False,False,False,False,,False,,,,,,,CCC(CCN1CCCC1C1=CC=CC=C1C(C)C)C1CN2(C3=CC(OC4=CN=C5NC=CC5=C4)=C(C(=O)NC4=CC([N+](=O)[O-])=C(NCC5CCC(C)(O)CC5)C=C4)C=C3)CCC13(CC2)CC(N1CCC=C1C1=CC=CC=C1C(C)C)C3
sotagliflozin_cid24831714,,,sotagliflozin_cid24831714.png,low,low,0.6547305588670703,wrong,,Sotagliflozin,1.0,28,28,stereo,stereo,Sotagliflozin,False,True,False,False,1.0,False,False,2,3,[H].[H],,,"CCOc1ccc(Cc2cc([C@@H]3O[C@@H](SC)[C@@H](O)[C@H](O)[C@H]3O)ccc2Cl)cc1.[H].[H] |^1:28,29|"
spinosyn_a_cid443059,,,spinosyn_a_cid443059.png,low,low,0.3962401752983366,stereo,Spinosyn A,Spinosyn A,1.0,52,52,stereo,stereo,Spinosyn A,False,False,False,False,1.0,True,True,0,1,,,,[H][C@@]12C=C3C(=O)[C@H](C)[C@@H](O[C@H]4CC[C@H](N(C)C)[C@@H](C)O4)CCC[C@H](CC)OC(=O)C[C@]3([H])[C@]1([H])C=C[C@@]1([H])C[C@@H](O[C@@H]3O[C@@H](C)[C@H](OC)[C@@H](OC)[C@H]3OC)C[C@]21[H]
stiripentol_cid5311454,,,stiripentol_cid5311454.png,high,high,0.9091969076112355,exact,Stiripentol,Stiripentol,1.0,17,17,exact,exact,Stiripentol,False,False,False,False,1.0,True,True,0,1,,,,[H]/C(=C(/[H])C(O)C(C)(C)C)c1ccc2c(c1)OCO2
sulbactam_cid130313,,,sulbactam_cid130313.png,high,high,0.8761665073869159,exact,Sulbactam,Sulbactam,1.0,15,15,exact,exact,Sulbactam,False,False,False,False,1.0,True,True,0,1,,,,[H][C@@]12CC(=O)N1[C@@H](C(=O)O)C(C)(C)S2(=O)=O
sulpiride_cid5355,,,sulpiride_cid5355.png,high,high,0.8792908898071823,exact,Sulpiride,Sulpiride,1.0,23,23,exact,exact,Sulpiride,False,False,False,False,1.0,True,True,0,1,,,,[H]NS(=O)(=O)c1ccc(OC)c(C(=O)NCC2CCCN2CC)c1
tafamidis_cid11001318,,,tafamidis_cid11001318.png,high,high,0.9020601349269394,exact,Tafamidis,Tafamidis,1.0,20,20,exact,exact,Tafamidis,False,False,False,False,1.0,True,True,0,1,,,,[H]OC(=O)c1ccc2nc(-c3cc(Cl)cc(Cl)c3)oc2c1
tafluprost_cid9868491,,,tafluprost_cid9868491.png,high,high,0.8577763746931047,wrong,,Tafluprost,0.984,32,32,exact,exact,Tafluprost,False,True,False,False,1.0,False,False,3,3,[HH].[H],,,[HH].[H].[H]/C(CCCC(=O)OC(C)C)=C(\[H])C[C@@H]1[C@@H](/C([H])=C(\[H])C(F)(F)COc2ccccc2)[C@H](O)C[C@@H]1O |^1:1|
talabostat_cid6918572,,,talabostat_cid6918572.png,high,high,0.8627364856890355,wrong,,Talabostat,0.939,15,15,exact,exact,Talabostat,False,True,False,False,1.0,False,False,5,5,[HH].[H].[H].[H],,,"[HH].[H].[H].[H].[H][C@@]1(B(O)O)CCCN1C(=O)[C@@H](N)C(C)C |^1:1,2,3|"
tasimelteon_cid10220503,,,tasimelteon_cid10220503.png,high,high,0.8947733340496503,exact,Tasimelteon,Tasimelteon,1.0,18,18,exact,exact,Tasimelteon,False,False,False,False,1.0,True,True,0,1,,,,[H][C@@]1(c2cccc3c2CCO3)C[C@H]1CNC(=O)CC
tedizolid_cid11234049,,,tedizolid_cid11234049.png,high,high,0.9005922226911703,exact,Tedizolid,Tedizolid,1.0,27,27,exact,exact,Tedizolid,False,False,False,False,1.0,True,True,0,1,,,,Cn1nnc(-c2ccc(-c3ccc(N4C[C@H](CO)OC4=O)cc3F)cn2)n1
tegoprazan_cid23582846,,,tegoprazan_cid23582846.png,high,high,0.9094519434843538,exact,Tegoprazan,Tegoprazan,1.0,28,28,exact,exact,Tegoprazan,False,False,False,False,1.0,True,True,0,1,,,,Cc1nc2c(O[C@H]3CCOc4cc(F)cc(F)c43)cc(C(=O)N(C)C)cc2[nH]1
teicoplanin_a2_2_cid16198036,,,teicoplanin_a2_2_cid16198036.png,low,low,3.192329293570828e-15,invalid,,,,,,invalid,invalid,,False,False,False,False,,False,,,,,,,CC=CC12=C345(Cl1)ClC=231(Cl4)O2C(NC3C(C4NC678(=O)=O=C469%10%11=C=746%12=C7%13%14%15=O%16=C=49(=C6)(=C=%16=%12(=O)(=O)(NC4=O=C4)[CH]78%104NC6C4(=C(C)O)C64=C6C(O)=C7=C=46([CH]C(NC[CH]OC([CH]NCC)O[CH]CO)C(N)(=O)=O)(=CC(O)=CC46=C8(O4)OC=684=C(C)(O)=C%1368C(N%14)N6C84)C=C7O)C%15N%11)NC3(=O)C3C4N3C4(=O)C(N)=O)C=C251.O.O.O
temsavir_cid11317439,,,temsavir_cid11317439.png,high,high,0.9058839774859426,exact,Temsavir,Temsavir,1.0,35,35,exact,exact,Temsavir,False,False,False,False,1.0,True,True,0,1,,,,COc1cnc(-n2cnc(C)n2)c2[nH]cc(C(=O)C(=O)N3CCN(C(=O)c4ccccc4)CC3)c12
tenapanor_cid71587953,,,tenapanor_cid71587953.png,low,low,2.616896349779253e-27,invalid,,,,,,invalid,invalid,,False,False,False,False,,False,,,,,,,<invalid>
teneligliptin_cid11949652,,,teneligliptin_cid11949652.png,high,high,0.9001099079011701,wrong,,Teneligliptin,0.731,30,30,wrong,wrong,,False,False,False,False,0.731,False,False,0,1,,,,Cc1cc(N2CCN([C@@H]3CN[C@H](C(=O)N4CC[S-]C4)C3)CC2)n(-c2ccccc2)n1 |^1:17|
tenofovir_cid464205,,,tenofovir_cid464205.png,high,high,0.8775156256181162,wrong,,Tenofovir,0.977,19,19,exact,exact,Tenofovir,False,True,False,False,1.0,False,False,2,3,[H].[H],,,"[H].[H].[H]OP(=O)(O)CO[C@H](C)Cn1cnc2c(N)ncnc21 |^1:0,1|"
tesetaxel_cid6918574,,,tesetaxel_cid6918574.png,low,low,0.1827035738015922,stereo,Tesetaxel,Tesetaxel,1.0,63,63,stereo,stereo,Tesetaxel,False,False,False,False,1.0,True,True,0,1,,,,[H]N(C(=O)OC(C)(C)C)[C@@H](c1ncccc1F)[C@@H](O)C(=O)O[C@H]1C[C@@]2(O)[C@@H](OC(=O)c3ccccc3)[C@@]3([H])[C@@](C)(CC[C@]4([H])OC[C@@]34OC(C)=O)[C@@]3([H])O[C@H](CN(C)C)O[C@@]3([H])C(=C1C)C2(C)C
testosterone_enanthate_cid9416,,,testosterone_enanthate_cid9416.png,low,low,0.6728142290302337,stereo,Testosterone Enanthate,Testosterone Enanthate,1.0,29,29,stereo,stereo,Testosterone Enanthate,False,False,False,False,1.0,True,True,0,1,,,,[H][C@]12CCC3=CC(=O)CC[C@]3(C)[C@@]1([H])CC[C@]1(C)[C@@H](OC(=O)CCCCCC)CC[C@@]21[H]
testosterone_propionate_cid5995,,,testosterone_propionate_cid5995.png,low,low,0.3541763863409811,stereo,Testosterone Propionate,Testosterone Propionate,1.0,25,25,stereo,stereo,Testosterone Propionate,False,False,False,False,1.0,True,True,0,1,,,,[H][C@@]12CCC3=CC(=O)CC[C@]3(C)[C@@]1([H])CC[C@]1(C)[C@@H](OC(=O)CC)CC[C@]21[H]
testosterone_undecanoate_cid65157,,,testosterone_undecanoate_cid65157.png,high,high,0.8465125439866075,stereo,"Testosterone, undecanoate","Testosterone, undecanoate",1.0,33,33,stereo,stereo,"Testosterone, undecanoate",False,False,False,False,1.0,True,True,0,1,,,,[H][C@]12CCC3=CC(=O)CC[C@]3(C)[C@@]1([H])CC[C@]1(C)[C@H](OC(=O)CCCCCCCCCC)CC[C@@]21[H]
thiamphenicol_cid27200,,,thiamphenicol_cid27200.png,high,high,0.8910681211499595,wrong,,Thiamphenicol,0.973,21,21,exact,exact,Thiamphenicol,False,True,False,False,1.0,False,False,1,2,[H],,,[H].[H]O[C@H](c1ccc(S(C)(=O)=O)cc1)[C@@H](CO)NC(=O)C(Cl)Cl |^1:0|
thimerosal_cid16684434,,,thimerosal_cid16684434.png,high,high,0.9192570284577207,wrong,,Thimerosal,0.676,14,14,wrong,wrong,,False,False,False,False,0.676,False,False,0,1,,,,C[CH2][Hg][S]c1ccccc1C(=O)[O][Na+] |13|
thiopental_cid3000715,,,thiopental_cid3000715.png,high,high,0.892294293533926,exact,Thiopental,Thiopental,1.0,16,16,exact,exact,Thiopental,False,False,False,False,1.0,True,True,0,1,,,,CCCC(C)C1(CC)C(=O)NC(=S)NC1=O
thiotepa_cid5453,,,thiotepa_cid5453.png,high,high,0.8825807782230106,exact,Thiotepa,Thiotepa,1.0,11,11,exact,exact,Thiotepa,False,False,False,False,1.0,True,True,0,1,,,,S=P(N1CC1)(N1CC1)N1CC1
tildipirosin_cid24860548,,,tildipirosin_cid24860548.png,high,high,0.8631305426769167,stereo,Tildipirosin,Tildipirosin,1.0,52,52,stereo,stereo,Tildipirosin,False,False,False,False,1.0,True,True,0,1,,,,[H]/C1=C\C(C)=C(/[H])[C@H](CN2CCCCC2)[C@@H](CC)OC(=O)C[C@@H](O)[C@H](C)[C@@H](O[C@@H]2O[C@H](C)[C@@H](O)[C@H](N(C)C)[C@H]2O)[C@@H](CCN2CCCCC2)C[C@@H](C)C1=O
tilmicosin_cid5282521,,,tilmicosin_cid5282521.png,low,low,0.7377451809441107,stereo,Tilmicosin,Tilmicosin,1.0,61,61,stereo,stereo,Tilmicosin,False,False,False,False,1.0,True,True,0,1,,,,[H]/C1=C([H])\C(C)=C(/[H])[C@H](CO[C@@H]2O[C@H](C)[C@@H](O)[C@@H](OC)[C@H]2OC)[C@@H](CC)OC(=O)C[C@H](O)[C@H](C)[C@@H](O[C@H]2O[C@H](C)[C@@H](O)[C@H](N(C)C)[C@H]2O)[C@@H](CCN2C[C@H](C)C[C@H](C)C2)C[C@@H](C)C1=O
tirofiban_hydrochloride_anhydrous_cid64781,,,tirofiban_hydrochloride_anhydrous_cid64781.png,high,high,0.9071515515955327,exact,Tirofiban hydrochloride anhydrous,Tirofiban hydrochloride anhydrous,1.0,31,31,exact,exact,Tirofiban hydrochloride anhydrous,False,False,False,False,1.0,True,True,0,2,,,,CCCCS(=O)(=O)N[C@@H](Cc1ccc(OCCCCC2CCNCC2)cc1)C(=O)O.[H]Cl
tofogliflozin_cid46908929,,,tofogliflozin_cid46908929.png,low,low,0.6152806574944578,wrong,,Tofogliflozin,1.0,28,28,exact,exact,Tofogliflozin,False,True,False,False,1.0,False,False,3,4,[H].[H].[H],,,"[H].[H].[H].[H]O[C@H]1[C@H](O)[C@@H](CO)O[C@]2(OCc3ccc(Cc4ccc(CC)cc4)cc32)[C@@H]1O |^1:0,1,2|"
tolazoline_cid5504,,,tolazoline_cid5504.png,high,high,0.8943953385949724,exact,Tolazoline,Tolazoline,1.0,12,12,exact,exact,Tolazoline,False,False,False,False,1.0,True,True,0,1,,,,c1ccc(CC2=NCCN2)cc1
tolbutamide_cid5505,,,tolbutamide_cid5505.png,high,high,0.9042976419820092,exact,Tolbutamide,Tolbutamide,1.0,18,18,exact,exact,Tolbutamide,False,False,False,False,1.0,True,True,0,1,,,,CCCCNC(=O)NS(=O)(=O)c1ccc(C)cc1
tolperisone_cid5511,,,tolperisone_cid5511.png,high,high,0.9028365837206754,exact,Tolperisone,Tolperisone,1.0,18,18,exact,exact,Tolperisone,False,False,False,False,1.0,True,True,0,1,,,,Cc1ccc(C(=O)C(C)CN2CCCCC2)cc1
tolterodine_tartrate_cid443878,,,tolterodine_tartrate_cid443878.png,low,low,0.8045419029795327,wrong,,Tolterodine Tartrate,0.977,34,34,exact,exact,Tolterodine Tartrate,False,True,False,False,1.0,False,False,2,4,[H].[H],,,"Cc1ccc(O)c([C@H](CCN(C(C)C)C(C)C)c2ccccc2)c1.O=C(O)[C@H](O)[C@@H](O)C(=O)O.[H].[H] |^1:34,35|"
torasemide_cid41781,,,torasemide_cid41781.png,high,high,0.893725723230867,wrong,,Torasemide,0.959,24,24,exact,exact,Torasemide,False,True,False,False,1.0,False,False,3,3,[HH].[H],,,Cc1cccc(Nc2ccncc2S(=O)(=O)NC(=O)NC(C)C)c1.[HH].[H] |^1:25|
tranylcypromine_cid5530,,,tranylcypromine_cid5530.png,low,low,0.8323389451613761,wrong,,Tranylcypromine,0.947,10,10,exact,exact,Tranylcypromine,False,True,False,False,1.0,False,False,2,3,[H].[H],,,"NC1CC1c1ccccc1.[H].[H] |^1:10,11|"
trehalose_cid7427,,,trehalose_cid7427.png,high,high,0.8612388574023745,wrong,,Trehalose,1.0,23,23,exact,exact,Trehalose,False,True,False,False,1.0,False,False,3,4,[H].[H].[H],,,"[H].[H].[H].[H]O[C@@H]1[C@@H](O)[C@@H](O[C@H]2O[C@H](CO)[C@@H](O[H])[C@H](O)[C@H]2O)O[C@H](CO)[C@H]1O |^1:0,1,2|"
trelagliptin_cid15983988,,,trelagliptin_cid15983988.png,high,high,0.9023448809321377,wrong,,Trelagliptin,0.964,26,26,exact,exact,Trelagliptin,False,True,False,False,1.0,False,False,3,3,[HH].[H],,,Cn1c(=O)cc(N2CCC[C@@H](N)C2)n(Cc2cc(F)ccc2C#N)c1=O.[HH].[H] |^1:27|
trenbolone_cid25015,,,trenbolone_cid25015.png,low,low,0.4755307786222153,wrong,,Trenbolone,1.0,20,20,exact,exact,Trenbolone,False,True,False,False,1.0,False,False,1,2,[H],,,[H].[H][C@@]12CC[C@H](O)[C@@]1(C)C=CC1=C3CCC(=O)C=C3CC[C@]12[H] |^1:0|
trifarotene_cid11518241,,,trifarotene_cid11518241.png,high,high,0.9101219963677467,wrong,,Trifarotene,0.981,34,34,exact,exact,Trifarotene,False,True,False,False,1.0,False,False,1,2,[H],,,CC(C)(C)c1cc(-c2cc(-c3ccc(C(=O)O)cc3)ccc2OCCO)ccc1N1CCCC1.[H] |^1:34|
trifluridine_cid6256,,,trifluridine_cid6256.png,high,high,0.8954036688492772,exact,Trifluridine,Trifluridine,1.0,20,20,exact,exact,Trifluridine,False,False,False,False,1.0,True,True,0,1,,,,[H]OC[C@H]1O[C@@H](n2cc(C(F)(F)F)c(=O)[nH]c2=O)C[C@@H]1O
trilostane_cid656583,,,trilostane_cid656583.png,low,low,0.3041520273093865,exact,Trilostane,Trilostane,1.0,24,24,exact,exact,Trilostane,False,False,False,False,1.0,True,True,0,1,,,,[H][C@@]12CC[C@@]34O[C@]3([H])C(O)=C(C#N)C[C@]4(C)[C@@]1([H])CC[C@]1(C)[C@@H](O)CC[C@@]21[H]
trimebutine_maleate_cid5388977,,,trimebutine_maleate_cid5388977.png,high,high,0.8748744658457989,exact,Trimebutine Maleate,Trimebutine Maleate,1.0,36,36,exact,exact,Trimebutine Maleate,False,False,False,False,1.0,True,True,0,2,,,,CCC(COC(=O)c1cc(OC)c(OC)c(OC)c1)(c1ccccc1)N(C)C.[H]/C(C(=O)O)=C(\[H])C(=O)O
trimedoxime_cid135539427,,,trimedoxime_cid135539427.png,high,high,0.9021599650549538,wrong,,Trimedoxime,0.958,21,21,exact,exact,Trimedoxime,False,True,False,False,1.0,False,False,1,2,[H],,,[H].[H]O/N=C(\[H])c1cc[n+](CCC[n+]2ccc(/C([H])=N/O)cc2)cc1 |^1:0|
triplatin_cid71587574,,,triplatin_cid71587574.png,low,low,0.2188595098226944,wrong,,Triplatin,0.243,25,27,wrong,wrong,,False,False,False,False,0.243,False,False,21,26,[H].[H].[H].[H].[H].[H].[H].[H].[H].[H].[H][H].[H][H].[H][H].[H][H].[H][H].[H][H].[H][H].[H][H],[Pt].[Pt].[Pt],,"NCCCCCC[NH3+].[H].[H].[H].[H].[H].[H].[H].[H].[H].[H].[H]NCCC1C2C34C5NC3C52C14.[H]N[H].[H][H].[H][H].[H][H].[H][H].[H][H].[H][H].[H][H].[H][H].[H][Si].[Pt].[Pt].[Pt].[Pt] |^1:8,9,10,11,12,13,14,15,16,17,^5:50|"
tris_hydroxymethyl_aminomethane_cid6503,,,tris_hydroxymethyl_aminomethane_cid6503.png,high,high,0.8747686214590877,wrong,,Tris(hydroxymethyl)aminomethane,0.909,8,8,exact,exact,Tris(hydroxymethyl)aminomethane,False,True,False,False,1.0,False,False,1,2,[H],,,[H].[H]NC(CO)(CO[H])CO[H] |^1:0|
tromantadine_cid64377,,,tromantadine_cid64377.png,low,low,0.8372878502612794,exact,Tromantadine,Tromantadine,1.0,20,20,exact,exact,Tromantadine,False,False,False,False,1.0,True,True,0,1,,,,CN(C)CCOCC(=O)NC12CC3CC(CC(C3)C1)C2
trypan_blue_cid4407718,,,trypan_blue_cid4407718.png,low,low,0.7039287372401123,invalid,,,,,,invalid,invalid,,False,False,False,False,,False,,,,,,,[H]N([H])([H])C1=C(C(O)=C2(N=NC3=C(C)C=C(C4=CC(C)=C(N=NC5=C(O)C6=C(N)C=C(SO)C=C6C=C5S(=O)(=O)O)C=C4)C=C3)=C(O)C3=C(N([H])([H])[H])C=C(SO)C=C3C=C2SO)C=CC(S(=O)O)=C1
tulathromycin_cid9832301,,,tulathromycin_cid9832301.png,low,low,0.4058098759639579,wrong,,Tulathromycin,0.828,54,56,wrong,wrong,,False,False,False,False,0.828,False,False,4,1,,,,[H]N(CCC)C[C@]1(O)[C@H](C)O[C@@H](O[C@H]2[C@H](C)[C@@H](O[C@@H]3O[C@H](C)C[C@H](N(C)C)[C@H]3O)[C@](C)(O)C[C@@H](C)CN[C@H](C)[C@@H](O)[C@@](C)(O)[C@@H](CC)OC(=O)[C@@H]2C)C[C@]1([H])C
ulipristal_acetate_cid130904,,,ulipristal_acetate_cid130904.png,low,low,0.6807655254144402,exact,Ulipristal Acetate,Ulipristal Acetate,1.0,35,35,exact,exact,Ulipristal Acetate,False,False,False,False,1.0,True,True,0,1,,,,[H][C@@]12CC[C@](OC(C)=O)(C(C)=O)[C@@]1(C)C[C@H](c1ccc(N(C)C)cc1)C1=C3CCC(=O)C=C3CC[C@]12[H]
ulonivirine_cid73505111,,,ulonivirine_cid73505111.png,high,high,0.8958108337459199,exact,Ulonivirine,Ulonivirine,1.0,33,33,exact,exact,Ulonivirine,False,False,False,False,1.0,True,True,0,1,,,,N#Cc1cc(Cl)cc(Oc2c(C(F)(F)F)ncn(Cc3cc(C(F)(F)F)c(=O)[nH]n3)c2=O)c1
unithiol_cid2724039,,,unithiol_cid2724039.png,high,high,0.8552164936434679,wrong,,Unithiol,0.281,10,10,wrong,wrong,,False,False,False,False,0.281,False,True,0,2,[H],,,"O=S(=O)(CC(S)C[S-])[O][Na+].[H] |^1:10,9|"
ursodeoxycholic_acid_cid31401,,,ursodeoxycholic_acid_cid31401.png,low,low,0.2225020715321589,exact,Ursodeoxycholic Acid,Ursodeoxycholic Acid,1.0,28,28,exact,exact,Ursodeoxycholic Acid,False,False,False,False,1.0,True,True,0,1,,,,[H][C@@]12C[C@H](O)CC[C@]1(C)[C@@]1([H])CC[C@@]3(C)[C@@]([H])(CC[C@]3([H])[C@H](C)CCC(=O)O)[C@]1([H])[C@@H](O)C2
valacyclovir_hydrochloride_cid135398741,,,valacyclovir_hydrochloride_cid135398741.png,high,high,0.8908018205233413,wrong,,Valacyclovir Hydrochloride,0.98,24,24,exact,exact,Valacyclovir Hydrochloride,False,True,False,False,1.0,False,False,3,5,[H].[H].[H],,,"[H].[H].[H].[H]Cl.[H]N[C@H](C(=O)OCCOCn1cnc2c(=O)[nH]c(N)nc21)C(C)C |^1:0,1,2|"
vandetanib_cid3081361,,,vandetanib_cid3081361.png,high,high,0.8914147238885735,exact,Vandetanib,Vandetanib,1.0,30,30,exact,exact,Vandetanib,False,False,False,False,1.0,True,True,0,1,,,,COc1cc2c(Nc3ccc(Br)cc3F)ncnc2cc1OCC1CCN(C)CC1
vardenafil_hydrochloride_cid135438569,,,vardenafil_hydrochloride_cid135438569.png,high,high,0.9173813938748463,exact,Vardenafil Hydrochloride,Vardenafil Hydrochloride,1.0,35,35,exact,exact,Vardenafil Hydrochloride,False,False,False,False,1.0,True,True,0,2,,,,CCCc1nc(C)c2c(=O)[nH]c(-c3cc(S(=O)(=O)N4CCN(CC)CC4)ccc3OCC)nn12.[H]Cl
varenicline_tartrate_cid6918678,,,varenicline_tartrate_cid6918678.png,low,low,0.834343153562305,wrong,,Varenicline Tartrate,0.971,26,26,exact,exact,Varenicline Tartrate,False,True,False,False,1.0,False,False,3,5,[H].[H].[H],,,"O=C(O)[C@H](O)[C@@H](O)C(=O)O.[H].[H].[H].[H]N1C[C@@]2([H])C[C@@]([H])(C1)c1cc3nccnc3cc12 |^1:10,11,12|"
veliparib_cid11960529,,,veliparib_cid11960529.png,high,high,0.8855289860481583,wrong,,Veliparib,0.977,18,18,exact,exact,Veliparib,False,True,False,False,1.0,False,False,2,3,[H].[H],,,"[H].[H].[H]NC(=O)c1cccc2[nH]c([C@@]3(C)CCCN3)nc12 |^1:0,1|"
vilanterol_cid10184665,,,vilanterol_cid10184665.png,high,high,0.8961743580890016,stereo,Vilanterol,Vilanterol,1.0,32,32,stereo,stereo,Vilanterol,False,False,False,False,1.0,True,True,0,1,,,,OCc1cc([C@H](O)CNCCCCCCOCCOCc2c(Cl)cccc2Cl)ccc1O
vildagliptin_cid6918537,,,vildagliptin_cid6918537.png,low,low,0.8185940053348498,exact,Vildagliptin,Vildagliptin,1.0,22,22,exact,exact,Vildagliptin,False,False,False,False,1.0,True,True,0,1,,,,N#C[C@@H]1CCCN1C(=O)CNC12CC3CC(CC(O)(C3)C1)C2
vismodegib_cid24776445,,,vismodegib_cid24776445.png,high,high,0.900455521999748,exact,Vismodegib,Vismodegib,1.0,27,27,exact,exact,Vismodegib,False,False,False,False,1.0,True,True,0,1,,,,CS(=O)(=O)c1ccc(C(=O)Nc2ccc(Cl)c(-c3ccccn3)c2)c(Cl)c1
vitamin_d3_cid5280795,,,vitamin_d3_cid5280795.png,low,low,0.2398428084988486,wrong,,Vitamin D3,0.945,29,28,near,near,,False,False,False,False,0.945,False,False,5,2,[HH],,,[HH].[H]C(=C1\C[C@@H](O)CCC1=C)/C([H])=C1\CCC[C@@]2(C)[C@@]1([H])CC[C@]2([H])[C@H](C)CCCCC(C)C
voclosporin_cid6918486,,,voclosporin_cid6918486.png,low,low,0.05218535512957423,invalid,,,,,,invalid,invalid,,False,False,False,False,,False,,,,,,,C=CC=CCC(C)C(O)C(=O)NC(=O)C(C(C)C)N(C)C1(=O)C(CC(C)C)N(C)C2(=O)C(CC(C)C)N(C)C(=O)C(C)NC(=O)C(C)NC(=O)C(CC(C)C)N(C)C(=O)C(C(C)C)NC(=O)C(CC(C)C)N(C)C(=O)CN(C)C(=O)C(CC)NC(=O)CNC(=O)C(C(C)C)N(C)C(=O)[CH]1(CC(C)C)N2C.O
vonoprazan_cid15981397,,,vonoprazan_cid15981397.png,high,high,0.8957487808210741,exact,Vonoprazan,Vonoprazan,1.0,24,24,exact,exact,Vonoprazan,False,False,False,False,1.0,True,True,0,1,,,,CNCc1cc(-c2ccccc2F)n(S(=O)(=O)c2cccnc2)c1
vorapaxar_sulfate_cid10077129,,,vorapaxar_sulfate_cid10077129.png,low,low,0.5873955317109978,stereo,Vorapaxar Sulfate,Vorapaxar Sulfate,1.0,41,41,stereo,stereo,Vorapaxar Sulfate,False,False,False,False,1.0,True,True,0,2,,,,O=S(=O)(O)O.[H]/C(=C(/[H])[C@@H]1[C@@]2([H])[C@@H](C)OC(=O)[C@@]2([H])C[C@@]2([H])C[C@H](NC(=O)OCC)CC[C@@]12[H])c1ccc(-c2cccc(F)c2)cn1
voriconazole_cid71616,,,voriconazole_cid71616.png,high,high,0.9090343317605862,exact,Voriconazole,Voriconazole,1.0,25,25,exact,exact,Voriconazole,False,False,False,False,1.0,True,True,0,1,,,,[H]O[C@@](Cn1cncn1)(c1ccc(F)cc1F)[C@@H](C)c1ncncc1F
vorinostat_cid5311,,,vorinostat_cid5311.png,high,high,0.9042655195405912,wrong,,Vorinostat,0.964,19,19,exact,exact,Vorinostat,False,True,False,False,1.0,False,False,2,2,[HH],,,O=C(CCCCCCC(=O)Nc1ccccc1)NO.[HH]
vortioxetine_cid9966051,,,vortioxetine_cid9966051.png,high,high,0.9061764952889757,exact,Vortioxetine,Vortioxetine,1.0,21,21,exact,exact,Vortioxetine,False,False,False,False,1.0,True,True,0,1,,,,Cc1ccc(Sc2ccccc2N2CCNCC2)c(C)c1
voxelotor_cid71602803,,,voxelotor_cid71602803.png,high,high,0.9169899918196032,wrong,,Voxelotor,0.98,25,25,exact,exact,Voxelotor,False,True,False,False,1.0,False,False,1,2,[H],,,[H].[H]C(=O)c1c(O)cccc1OCc1cccnc1-c1ccnn1C(C)C |^1:0|
zanamivir_cid60855,,,zanamivir_cid60855.png,low,low,0.5288176430673821,wrong,,Zanamivir,0.978,23,23,exact,exact,Zanamivir,False,True,False,False,1.0,False,False,8,9,[H].[H].[H].[H].[H].[H].[H].[H],,,"[H].[H].[H].[H].[H].[H].[H].[H].[H][C@@]1([C@H](O)[C@H](O)CO)OC(C(=O)O)=C[C@H](N=C(N)N)[C@H]1NC(C)=O |^1:0,1,2,3,4,5,6,7|"
zanubrutinib_cid135565884,,,zanubrutinib_cid135565884.png,low,low,0.7772404956106204,wrong,,Zanubrutinib,0.984,35,35,exact,exact,Zanubrutinib,False,True,False,False,1.0,False,False,2,3,[H].[H],,,"[H].[H].[H]NC(=O)c1c(-c2ccc(Oc3ccccc3)cc2)nn2c1NCC[C@@]2([H])C1CCN(C(=O)C=C)CC1 |^1:0,1|"
zavegepant_cid53472683,,,zavegepant_cid53472683.png,high,high,0.9078115054066289,exact,Zavegepant,Zavegepant,1.0,47,47,exact,exact,Zavegepant,False,False,False,False,1.0,True,True,0,1,,,,Cc1cc(C[C@@H](NC(=O)N2CCC(c3cc4ccccc4[nH]c3=O)CC2)C(=O)N2CCN(C3CCN(C)CC3)CC2)cc2cn[nH]c12
zidebactam_cid77846445,,,zidebactam_cid77846445.png,low,low,0.3971836196917601,invalid,,,,,,invalid,invalid,,False,False,False,False,,False,,,,,,,[HH].[H].[H].[H]C123CN(C(=O)N1OS(=O)(=O)O)C2CC3C(=O)NNC(=O)C1CCCNC1
zifrosilone_cid60811,,,zifrosilone_cid60811.png,high,high,0.845196733769056,exact,Zifrosilone,Zifrosilone,1.0,16,16,exact,exact,Zifrosilone,False,False,False,False,1.0,True,True,0,1,,,,C[Si](C)(C)c1cccc(C(=O)C(F)(F)F)c1
zileuton_cid60490,,,zileuton_cid60490.png,high,high,0.8950819707997774,exact,Zileuton,Zileuton,1.0,16,16,exact,exact,Zileuton,False,False,False,False,1.0,True,True,0,1,,,,[H]NC(=O)N(O[H])C(C)c1cc2ccccc2s1
ziprasidone_hydrochloride_cid219099,,,ziprasidone_hydrochloride_cid219099.png,high,high,0.8875032278720311,exact,Ziprasidone Hydrochloride,Ziprasidone Hydrochloride,1.0,29,29,exact,exact,Ziprasidone Hydrochloride,False,False,False,False,1.0,True,True,0,2,,,,O=C1Cc2cc(CCN3CCN(c4nsc5ccccc45)CC3)c(Cl)cc2N1.[H]Cl
zofenopril_cid92400,,,zofenopril_cid92400.png,high,high,0.891469013136102,wrong,,Zofenopril,0.667,29,29,wrong,wrong,,False,False,False,False,0.667,False,False,2,1,,,,C[C@H](CSC(=O)c1ccccc1)C(=O)N1C[C@@H]([SH2]c2ccccc2)C[C@H]1C(=O)O
zolmitriptan_cid60857,,,zolmitriptan_cid60857.png,high,high,0.9093358580648956,exact,Zolmitriptan,Zolmitriptan,1.0,21,21,exact,exact,Zolmitriptan,False,False,False,False,1.0,True,True,0,1,,,,CN(C)CCc1c[nH]c2ccc(C[C@H]3COC(=O)N3)cc12
zotiraciclib_cid16739650,,,zotiraciclib_cid16739650.png,high,high,0.8911600827120519,exact,Zotiraciclib,Zotiraciclib,1.0,28,28,exact,exact,Zotiraciclib,False,False,False,False,1.0,True,True,0,1,,,,[H]/C1=C(\[H])CN(C)Cc2cccc(c2)Nc2nccc(n2)-c2cccc(c2)OCC1
