group,figure,segment,file_name,tier,tier_by_threshold,confidence,verdict,matched_name,closest_name,closest_tanimoto,pred_heavy,closest_heavy,grade,grade_largest,graded_match,decoded,dephantom,dedup,largest,best_tanimoto,skeleton_match,formula_match,elem_delta,n_fragments,phantom_frags,duplicate_frags,dropped_by_largest,smiles
1_1_1_3_3_3_hexafluoro_2_5_fluoro_2_1_2_fluorophenyl_methyl__cid86269973,,,1_1_1_3_3_3_hexafluoro_2_5_fluoro_2_1_2_fluorophenyl_methyl__cid86269973.png,high,high,0.9092317174524865,exact,"1,1,1,3,3,3-Hexafluoro-2-(((5-fluoro-2-(1-((2-fluorophenyl)methyl)-5-(3-isoxazolyl)-1H-pyrazol-3-yl)-4-pyrimidinyl)amino)methyl)-2-propanol","1,1,1,3,3,3-Hexafluoro-2-(((5-fluoro-2-(1-((2-fluorophenyl)methyl)-5-(3-isoxazolyl)-1H-pyrazol-3-yl)-4-pyrimidinyl)amino)methyl)-2-propanol",1.0,37,37,exact,exact,"1,1,1,3,3,3-Hexafluoro-2-(((5-fluoro-2-(1-((2-fluorophenyl)methyl)-5-(3-isoxazolyl)-1H-pyrazol-3-yl)-4-pyrimidinyl)amino)methyl)-2-propanol",False,False,False,False,1.0,True,True,0,1,,,,OC(CNc1nc(-c2cc(-c3ccon3)n(Cc3ccccc3F)n2)ncc1F)(C(F)(F)F)C(F)(F)F
1_3_dimethyl_2_6_dioxo_1_2_3_6_tetrahydro_7h_purin_7_yl_acet_cid176595,,,1_3_dimethyl_2_6_dioxo_1_2_3_6_tetrahydro_7h_purin_7_yl_acet_cid176595.png,low,low,0.4472157145064834,exact,"(1,3-Dimethyl-2,6-dioxo-1,2,3,6-tetrahydro-7H-purin-7-yl)acetic acid--4-(((2-amino-3,5-dibromophenyl)methyl)amino)cyclohexan-1-ol (1/1)","(1,3-Dimethyl-2,6-dioxo-1,2,3,6-tetrahydro-7H-purin-7-yl)acetic acid--4-(((2-amino-3,5-dibromophenyl)methyl)amino)cyclohexan-1-ol (1/1)",1.0,35,35,exact,exact,"(1,3-Dimethyl-2,6-dioxo-1,2,3,6-tetrahydro-7H-purin-7-yl)acetic acid--4-(((2-amino-3,5-dibromophenyl)methyl)amino)cyclohexan-1-ol (1/1)",False,False,False,False,1.0,True,True,0,2,,,,Cn1c(=O)c2c(ncn2CC(=O)O)n(C)c1=O.Nc1c(Br)cc(Br)cc1CNC1CCC(O)CC1
1_5_dihydro_1_beta_d_ribofuranosyl_4h_pyrazolo_3_4_d_pyrimid_cid135407110,,,1_5_dihydro_1_beta_d_ribofuranosyl_4h_pyrazolo_3_4_d_pyrimid_cid135407110.png,high,high,0.8771472927685313,exact,"1,5-Dihydro-1-beta-D-ribofuranosyl-4H-pyrazolo(3,4-d)pyrimidin-4-one","1,5-Dihydro-1-beta-D-ribofuranosyl-4H-pyrazolo(3,4-d)pyrimidin-4-one",1.0,19,19,exact,exact,"1,5-Dihydro-1-beta-D-ribofuranosyl-4H-pyrazolo(3,4-d)pyrimidin-4-one",False,False,False,False,1.0,True,True,0,1,,,,O=c1[nH]cnc2c1cnn2[C@@H]1O[C@H](CO)[C@@H](O)[C@H]1O
216014_14_1_non_salt_cid172966628,,,216014_14_1_non_salt_cid172966628.png,low,low,5.487826603930633e-19,invalid,,,,,,invalid,invalid,,False,False,False,False,,False,,,,,,,*O1*OP12=O=P1(=O)(O*O1*)O[CH]13C4O[CH]4(O)[CH]4(O5[CH]OC[CH]NCC(C(CCCCCCCC)OC(=O)CCCCCCCCC)[CH](CCCCCCCCCCC)(OC(=O)CCCCCCCCC)CC(=O)NC(C(=O)O)CO[CH]54C1OCCC(CCCCCCCCCCC)OC(=O)CCCCCCCCC)[CH]31C(O)C1O2 |$Me;;Me;;;;;;;Me;;Me;;;;;;;;;;;;;;;;;;;;;;;;;;;;;;;;;;;;;;;;;;;;;;;;;;;;;;;;;;;;;;;;;;;;;;;;;;;;;;;;;;;;;;;;;;;;;;;;;;;;;;;;$|
25_hydroxyvitamin_d3_cid5283731,,,25_hydroxyvitamin_d3_cid5283731.png,high,high,0.9007151575409663,exact,25-Hydroxyvitamin D3,25-Hydroxyvitamin D3,1.0,29,29,exact,exact,25-Hydroxyvitamin D3,False,False,False,False,1.0,True,True,0,1,,,,[H][C@@]12CC[C@H]([C@H](C)CCCC(C)(C)O)[C@@]1(C)CCC/C2=C\C=C1\C[C@@H](O)CCC1=C
2_4_amino_3_chloro_5_trifluoromethyl_phenyl_2_tert_butylamin_cid9997788,,,2_4_amino_3_chloro_5_trifluoromethyl_phenyl_2_tert_butylamin_cid9997788.png,high,high,0.8930923216939595,exact,2-(4-Amino-3-chloro-5-trifluoromethyl-phenyl)-2-tert-butylaminoethanol hydrochloride,2-(4-Amino-3-chloro-5-trifluoromethyl-phenyl)-2-tert-butylaminoethanol hydrochloride,1.0,21,21,exact,exact,2-(4-Amino-3-chloro-5-trifluoromethyl-phenyl)-2-tert-butylaminoethanol hydrochloride,False,False,False,False,1.0,True,True,0,2,,,,CC(C)(C)NC(CO)c1cc(Cl)c(N)c(C(F)(F)F)c1.Cl
2_5_dimethoxy_4_iodoamphetamine_cid1229,,,2_5_dimethoxy_4_iodoamphetamine_cid1229.png,high,high,0.907724885256392,exact,"2,5-Dimethoxy-4-iodoamphetamine","2,5-Dimethoxy-4-iodoamphetamine",1.0,15,15,exact,exact,"2,5-Dimethoxy-4-iodoamphetamine",False,False,False,False,1.0,True,True,0,1,,,,COc1cc(CC(C)N)c(OC)cc1I
3r_6r_3_2_3_dihydro_1h_inden_2_yl_1_1r_1_2_6_dimethyl_3_pyri_cid11634973,,,3r_6r_3_2_3_dihydro_1h_inden_2_yl_1_1r_1_2_6_dimethyl_3_pyri_cid11634973.png,high,high,0.8873667291411043,exact,"(3R,6R)-3-(2,3-Dihydro-1H-inden-2-yl)-1-((1R)-1-(2,6-dimethyl-3-pyridinyl)-2-(4-morpholinyl)-2-oxoethyl)-6-((1S)-1-methylpropyl)-2,5-piperazinedione","(3R,6R)-3-(2,3-Dihydro-1H-inden-2-yl)-1-((1R)-1-(2,6-dimethyl-3-pyridinyl)-2-(4-morpholinyl)-2-oxoethyl)-6-((1S)-1-methylpropyl)-2,5-piperazinedione",1.0,38,38,exact,exact,"(3R,6R)-3-(2,3-Dihydro-1H-inden-2-yl)-1-((1R)-1-(2,6-dimethyl-3-pyridinyl)-2-(4-morpholinyl)-2-oxoethyl)-6-((1S)-1-methylpropyl)-2,5-piperazinedione",False,False,False,False,1.0,True,True,0,1,,,,CC[C@H](C)[C@@H]1C(=O)N[C@H](C2Cc3ccccc3C2)C(=O)N1[C@@H](C(=O)N1CCOCC1)c1ccc(C)nc1C
abediterol_cid11962616,,,abediterol_cid11962616.png,low,low,0.7446500670995181,exact,Abediterol,Abediterol,1.0,33,33,exact,exact,Abediterol,False,False,False,False,1.0,True,True,0,1,,,,O=c1ccc2c([C@@H](O)CNCCCCCCOCC(F)(F)c3ccccc3)ccc(O)c2[nH]1
acetanilide_cid904,,,acetanilide_cid904.png,high,high,0.905323965011688,exact,Acetanilide,Acetanilide,1.0,10,10,exact,exact,Acetanilide,False,False,False,False,1.0,True,True,0,1,,,,CC(=O)Nc1ccccc1
acetarsol_cid1985,,,acetarsol_cid1985.png,high,high,0.9094798722037867,exact,Acetarsol,Acetarsol,1.0,15,15,exact,exact,Acetarsol,False,False,False,False,1.0,True,True,0,1,,,,CC(=O)Nc1cc([As](=O)(O)O)ccc1O
acotiamide_cid5282338,,,acotiamide_cid5282338.png,high,high,0.912538291803239,exact,Acotiamide,Acotiamide,1.0,31,31,exact,exact,Acotiamide,False,False,False,False,1.0,True,True,0,1,,,,COc1cc(O)c(C(=O)Nc2nc(C(=O)NCCN(C(C)C)C(C)C)cs2)cc1OC
aculeacin_a_cid53297328,,,aculeacin_a_cid53297328.png,low,low,5.012291456885264e-17,invalid,,,,,,invalid,invalid,,False,False,False,False,,False,,,,,,,[H]C123CC(O)C4N15[CH]167CCCC8C9C(CCC[CH]5%10([CH]15NC(O)C(O)C1%11%12(O)C(O)[CH]5%13%14%15(C)[CH]5(O)C1%13(O[CH]56%10%14)[CH]%11%15(O)C(O)C(O)NC1[CH](O)(C5=CC=C(O)C=C5)[CH]56(O)[CH]%10%11%13O[CH]%14(O[CH]%105%15(O)C%11(=O)N[CH]%136%15(C(O)CC(N)=O)NC%142O)C1%12O)N437)C81CCCC2C3CCC(C)C(CC)CC2C3CCC91
afegostat_cid447607,,,afegostat_cid447607.png,high,high,0.897169128277399,exact,Afegostat,Afegostat,1.0,10,10,exact,exact,Afegostat,False,False,False,False,1.0,True,True,0,1,,,,OC[C@H]1CNC[C@@H](O)[C@@H]1O
albaconazole_cid208952,,,albaconazole_cid208952.png,high,high,0.9098507847536267,exact,Albaconazole,Albaconazole,1.0,30,30,exact,exact,Albaconazole,False,False,False,False,1.0,True,True,0,1,,,,C[C@@H](n1cnc2cc(Cl)ccc2c1=O)[C@](O)(Cn1cncn1)c1ccc(F)cc1F
alcaftadine_cid19371515,,,alcaftadine_cid19371515.png,high,high,0.8968316591389844,exact,Alcaftadine,Alcaftadine,1.0,23,23,exact,exact,Alcaftadine,False,False,False,False,1.0,True,True,0,1,,,,CN1CCC(=C2c3ccccc3CCn3c(C=O)cnc32)CC1
almotriptan_malate_cid123607,,,almotriptan_malate_cid123607.png,low,low,0.7031954236013733,stereo,Almotriptan Malate,Almotriptan Malate,1.0,32,32,stereo,stereo,Almotriptan Malate,False,False,False,False,1.0,True,True,0,2,,,,CN(C)CCc1c[nH]c2ccc(CS(=O)(=O)N3CCCC3)cc12.O=C(O)C[C@H](O)C(=O)O
alpha_galactosylceramide_cid2826713,,,alpha_galactosylceramide_cid2826713.png,low,low,0.0002853498237463074,wrong,,Alpha-Galactosylceramide,0.719,60,60,wrong,wrong,,False,False,False,False,0.719,False,False,2,1,,,,CCCCCCCCCCCCCCCCCCCCCCCCCC(O)NC(CO[C@H]1O[C@H](CO)[C@@H](O)[C@H](O)[C@H]1O)[C@H](O)[C@@H](O)CCCCCCCCCCCCCC
alphaxalone_cid104845,,,alphaxalone_cid104845.png,low,low,0.5836036828800221,wrong,,Alphaxalone,0.45,24,24,wrong,wrong,,False,False,False,False,0.45,False,False,4,1,,,,*[C@@]12CC[C@@]3([H])C[C@H](O)CC[C@]3(C)[C@@]1(*)C(=O)C[C@]1(C)[C@@H](C(C)=O)CC[C@@]21[H] |$InI;;;;;;;;;;;;;;InI;;;;;;;;;;;;;$|
altiratinib_cid54576299,,,altiratinib_cid54576299.png,low,low,0.1901046073134428,exact,Altiratinib,Altiratinib,1.0,37,37,exact,exact,Altiratinib,False,False,False,False,1.0,True,True,0,1,,,,O=C(Nc1cc(Oc2cc(F)c(NC(=O)C3(C(=O)Nc4ccc(F)cc4)CC3)cc2F)ccn1)C1CC1
aluminum_clofibrate_cid10390009,,,aluminum_clofibrate_cid10390009.png,high,high,0.8847006365059817,wrong,,Aluminum Clofibrate,0.818,30,30,wrong,wrong,,False,False,False,False,0.818,False,False,1,4,,,,CC(C)(Oc1ccc(Cl)cc1)C(=O)O.CC(C)(Oc1ccc(Cl)cc1)C(=O)[O-].[Al+2].[OH-] |^1:28|
alvocidib_cid5287969,,,alvocidib_cid5287969.png,low,low,0.6748789393898869,stereo,Alvocidib,Alvocidib,1.0,28,28,stereo,stereo,Alvocidib,False,False,False,False,1.0,True,True,0,1,,,,CN1CC[C@H](c2c(O)cc(O)c3c(=O)cc(-c4ccccc4Cl)oc23)[C@@H](O)C1
amdinocillin_cid36273,,,amdinocillin_cid36273.png,high,high,0.8873992800699645,exact,Amdinocillin,Amdinocillin,1.0,22,22,exact,exact,Amdinocillin,False,False,False,False,1.0,True,True,0,1,,,,[H][C@]12SC(C)(C)[C@H](C(=O)O)N1C(=O)[C@H]2N=CN1CCCCCC1
amenamevir_cid11397521,,,amenamevir_cid11397521.png,high,high,0.903855179454843,exact,Amenamevir,Amenamevir,1.0,34,34,exact,exact,Amenamevir,False,False,False,False,1.0,True,True,0,1,,,,Cc1cccc(C)c1N(CC(=O)Nc1ccc(-c2ncon2)cc1)C(=O)C1CCS(=O)(=O)CC1
amfenac_cid2136,,,amfenac_cid2136.png,high,high,0.9187839523897039,exact,Amfenac,Amfenac,1.0,19,19,exact,exact,Amfenac,False,False,False,False,1.0,True,True,0,1,,,,Nc1c(CC(=O)O)cccc1C(=O)c1ccccc1
aminoglutethimide_cid2145,,,aminoglutethimide_cid2145.png,high,high,0.9173161915577266,exact,Aminoglutethimide,Aminoglutethimide,1.0,17,17,exact,exact,Aminoglutethimide,False,False,False,False,1.0,True,True,0,1,,,,CCC1(c2ccc(N)cc2)CCC(=O)NC1=O
amodiaquine_hydrochloride_cid64646,,,amodiaquine_hydrochloride_cid64646.png,high,high,0.8957029312219544,wrong,,Amodiaquine Hydrochloride,0.778,28,29,wrong,wrong,,False,False,False,False,0.778,False,False,2,5,,Cl.O,,*c1ccc2c(Nc3ccc(O)c(CN(CC)CC)c3)ccnc2c1.Cl.Cl.O.O |$Crv;;;;;;;;;;;;;;;;;;;;;;;;;;;;$|
amorolfine_cid54260,,,amorolfine_cid54260.png,high,high,0.897723933049162,exact,Amorolfine,Amorolfine,1.0,23,23,exact,exact,Amorolfine,False,False,False,False,1.0,True,True,0,1,,,,CCC(C)(C)c1ccc(CC(C)CN2C[C@@H](C)O[C@@H](C)C2)cc1
amphotericin_b_monomethyl_ester_cid11968030,,,amphotericin_b_monomethyl_ester_cid11968030.png,low,low,2.743513655882612e-08,invalid,,,,,,invalid,invalid,,False,False,False,False,,False,,,,,,,[H]C1OC(O)CC(O)CC(O)C(O)CC[CH]2(O)C[CH]34(O)CC56O[CH]78O5(C(=O)C63C(O)C24[CH]O)[CH]2(C)[CH]73(C)[CH]45(O)[CH]67C=CC=CC=CC=CC=CC=CC=C[CH]9%10O[CH]OC(C)[CH]%11(O)C(C)OC(OC(C9=CC=CC=CC=CC=CC=CC=C[CH]4(C)(C6)[CH]73(O)[CH]285C)C1%10)C(O)C%11N
amprolium_cid73341,,,amprolium_cid73341.png,high,high,0.8989664047414322,wrong,,Amprolium,0.951,19,19,salt,salt,Amprolium,False,False,False,False,0.951,False,False,0,2,,,,CCCc1ncc(C[n+]2ccccc2C)c(N)n1.[Cl] |^1:18|
anagrelide_cid135409400,,,anagrelide_cid135409400.png,high,high,0.9023754222293096,exact,Anagrelide,Anagrelide,1.0,16,16,exact,exact,Anagrelide,False,False,False,False,1.0,True,True,0,1,,,,O=C1CN2Cc3c(ccc(Cl)c3Cl)N=C2N1
anserine_cid112072,,,anserine_cid112072.png,high,high,0.8957333734195663,exact,Anserine,Anserine,1.0,17,17,exact,exact,Anserine,False,False,False,False,1.0,True,True,0,1,,,,Cn1cncc1C[C@H](NC(=O)CCN)C(=O)O
anthralin_cid2202,,,anthralin_cid2202.png,high,high,0.8956866058037202,exact,Anthralin,Anthralin,1.0,17,17,exact,exact,Anthralin,False,False,False,False,1.0,True,True,0,1,,,,O=C1c2c(O)cccc2Cc2cccc(O)c21
apilimod_cid10173277,,,apilimod_cid10173277.png,high,high,0.9220402021561455,exact,Apilimod,Apilimod,1.0,31,31,exact,exact,Apilimod,False,False,False,False,1.0,True,True,0,1,,,,Cc1cccc(/C=N/Nc2cc(N3CCOCC3)nc(OCCc3ccccn3)n2)c1
apomorphine_cid6005,,,apomorphine_cid6005.png,high,high,0.8978356787155456,exact,Apomorphine,Apomorphine,1.0,20,20,exact,exact,Apomorphine,False,False,False,False,1.0,True,True,0,1,,,,[H][C@@]12Cc3ccc(O)c(O)c3-c3cccc(c31)CCN2C
apraclonidine_cid2216,,,apraclonidine_cid2216.png,high,high,0.9051907308737785,exact,Apraclonidine,Apraclonidine,1.0,15,15,exact,exact,Apraclonidine,False,False,False,False,1.0,True,True,0,1,,,,Nc1cc(Cl)c(NC2=NCCN2)c(Cl)c1
aprocitentan_cid25099191,,,aprocitentan_cid25099191.png,high,high,0.857114567042036,exact,Aprocitentan,Aprocitentan,1.0,29,29,exact,exact,Aprocitentan,False,False,False,False,1.0,True,True,0,1,,,,NS(=O)(=O)Nc1ncnc(OCCOc2ncc(Br)cn2)c1-c1ccc(Br)cc1
ar_67_cid6712744,,,ar_67_cid6712744.png,high,high,0.8983433309497365,exact,Ar-67,Ar-67,1.0,34,34,exact,exact,Ar-67,False,False,False,False,1.0,True,True,0,1,,,,CC[C@@]1(O)C(=O)OCc2c1cc1n(c2=O)Cc2c-1nc1ccc(O)cc1c2[Si](C)(C)C(C)(C)C
aranidipine_cid2225,,,aranidipine_cid2225.png,high,high,0.917019798095528,exact,Aranidipine,Aranidipine,1.0,28,28,exact,exact,Aranidipine,False,False,False,False,1.0,True,True,0,1,,,,COC(=O)C1=C(C)NC(C)=C(C(=O)OCC(C)=O)C1c1ccccc1[N+](=O)[O-]
argipressin_cid644077,,,argipressin_cid644077.png,low,low,6.195910139731873e-09,invalid,,,,,,invalid,invalid,,False,False,False,False,,False,,,,,,,NC(=O)CCC1NC(=O)C2CC345(=CC=CC=C3[CH](N)(CCSCC(C(=O)N3CCCC3C(=O)NC(CCCN=C(N)N)C(=O)NCC(N)=O)NC(=O)C(CC(N)=O)NC1=O)C4=O)=C(=C5)C(CC1=CC=C(O)C=C1)C(=O)N2
aripiprazole_lauroxil_cid49831411,,,aripiprazole_lauroxil_cid49831411.png,low,low,0.1431371219827616,exact,Aripiprazole Lauroxil,Aripiprazole Lauroxil,1.0,45,45,exact,exact,Aripiprazole Lauroxil,False,False,False,False,1.0,True,True,0,1,,,,CCCCCCCCCCCC(=O)OCN1C(=O)CCc2ccc(OCCCCN3CCN(c4cccc(Cl)c4Cl)CC3)cc21
arterolane_cid10475633,,,arterolane_cid10475633.png,low,low,0.8307054862261555,exact,Arterolane,Arterolane,1.0,28,28,exact,exact,Arterolane,False,False,False,False,1.0,True,True,0,1,,,,CC(C)(N)CNC(=O)CC1CCC2(CC1)OOC1(O2)C2CC3CC(C2)CC1C3
arv_471_cid134562533,,,arv_471_cid134562533.png,low,low,0.02053046401041646,stereo,Arv-471,Arv-471,1.0,54,54,stereo,stereo,Arv-471,False,False,False,False,1.0,True,True,0,1,,,,O=C1CCC(N2Cc3cc(N4CCN(CC5CCN(c6ccc([C@@H]7c8ccc(O)cc8CC[C@@H]7c7ccccc7)cc6)CC5)CC4)ccc3C2=O)C(=O)N1
ascomycin_cid5282071,,,ascomycin_cid5282071.png,low,low,0.2500886685037172,invalid,,,,,,invalid,invalid,,False,False,False,False,,False,,,,,,,[H]C12OC(O)(C(=O)C(=O)N3CCCCC3C(=O)OC(C(C)=CC3CCC(O)C(OC)C3)C3C(O)CC(=O)[CH](CC)(C=C(C)CC(C)CC3OC)C=C(C)CC(C)CC1OC)C(C)CC2OC
asimadoline_cid179340,,,asimadoline_cid179340.png,low,low,0.8422419367563125,stereo,Asimadoline,Asimadoline,1.0,31,31,stereo,stereo,Asimadoline,False,False,False,False,1.0,True,True,0,1,,,,CN(C(=O)C(c1ccccc1)c1ccccc1)[C@H](CN1CC[C@@H](O)C1)c1ccccc1
asundexian_cid135206011,,,asundexian_cid135206011.png,high,high,0.9036905190897673,exact,Asundexian,Asundexian,1.0,41,41,exact,exact,Asundexian,False,False,False,False,1.0,True,True,0,1,,,,CC[C@@H](C(=O)Nc1ccc(C(N)=O)c(F)c1)n1cc(OC)c(-c2cc(Cl)ccc2-n2cc(C(F)(F)F)nn2)cc1=O
azaline_b_cid71587609,,,azaline_b_cid71587609.png,low,low,1.841853135473154e-09,wrong,,azaline B,0.904,111,116,near,near,,False,False,False,False,0.904,False,False,10,1,,,,CC(=O)N[C@@H](Cc1ccc2ccccc2c1)C(=O)N[C@H](Cc1ccc(Cl)cc1)C(=O)N[C@H](Cc1cccnc1)C(=O)N[C@H](CO)C(=O)N[C@@H](Cc1ccc(Nc2nnc(N)[nH]2)cc1)C(=O)N[C@@H](Cc1ccc(Nc2nnc(N)[nH]2)cc1)C(=O)N[C@@H](CC(C)C)C(=O)N[C@H](CCCCNC(C)C)C(=O)N1CCC[C@@H]1C(N)=O
azamulin_cid16072188,,,azamulin_cid16072188.png,low,low,0.5002243839947336,invalid,,,,,,invalid,invalid,,False,False,False,False,,False,,,,,,,[H]C12C(=O)CCC13CCC1C[CH](OC(=O)CSC4=NNC(N)=N4)(CC(C)(CC)C(O)C3C)C12C
azd8871_cid71558565,,,azd8871_cid71558565.png,low,low,7.211004356701962e-08,wrong,,Azd8871,0.885,52,52,near,near,,False,False,False,False,0.885,False,False,2,1,,,,CN(CCCn1nnc2cc(CNCC(O)c3ccc(O)c4[nH]c(=O)ccc34)ccc21)[C@@H]1CC[C@@H](OC(=O)[C@](O)(C2=CCCS2)c2cccs2)CC1
aztreonam_cid5742832,,,aztreonam_cid5742832.png,high,high,0.8843726326720572,exact,Aztreonam,Aztreonam,1.0,28,28,exact,exact,Aztreonam,False,False,False,False,1.0,True,True,0,1,,,,C[C@H]1[C@H](NC(=O)/C(=N\OC(C)(C)C(=O)O)c2csc(N)n2)C(=O)N1S(=O)(=O)O
balaglitazone_cid9889200,,,balaglitazone_cid9889200.png,low,low,0.8045786949425011,stereo,Balaglitazone,Balaglitazone,1.0,28,28,stereo,stereo,Balaglitazone,False,False,False,False,1.0,True,True,0,1,,,,Cn1c(COc2ccc(C[C@H]3SC(=O)NC3=O)cc2)nc2ccccc2c1=O
balapiravir_cid11691726,,,balapiravir_cid11691726.png,high,high,0.8999221626621855,exact,Balapiravir,Balapiravir,1.0,35,35,exact,exact,Balapiravir,False,False,False,False,1.0,True,True,0,1,,,,CC(C)C(=O)OC[C@@]1(N=[N+]=[N-])O[C@@H](n2ccc(N)nc2=O)[C@H](OC(=O)C(C)C)[C@@H]1OC(=O)C(C)C
balhimycin_cid139586033,,,balhimycin_cid139586033.png,low,low,1.132584170011819e-10,invalid,,,,,,invalid,invalid,,False,False,False,False,,False,,,,,,,CNC(CC(C)C)C(=O)N[CH]C(=O)NC(CC(N)=O)C(=O)N[CH]12C3=CCOC4=C(Cl)C=C5(C=C4)C46[CH]78C9%10(=O)N[CH]C%11=C(C(O)=CC(O)=C%11)C%11=C%12(O)=C(O)C=C%13%14C(=C%12)C%12%15(=C%11)[CH]%11%16C(=O)N[CH]49%17%18N4C9%19(=O)=O=C%20([CH]%13%129C%119(=CC(C(=O)O)=C(O)C=C9)[CH]%14%20%159N%16C1%11%12%13=O=C2(=O=%11)(C3%12)N%139)N7%19%17[CH]46%10[CH]58%18OC1CC(C)(N)C(=O)C(C)O1
baloxavir_marboxil_cid124081896,,,baloxavir_marboxil_cid124081896.png,high,high,0.8812868468559846,exact,Baloxavir Marboxil,Baloxavir Marboxil,1.0,40,40,exact,exact,Baloxavir Marboxil,False,False,False,False,1.0,True,True,0,1,,,,[H][C@@]12COCCN1C(=O)c1c(OCOC(=O)OC)c(=O)ccn1N2[C@@H]1c2ccccc2SCc2c1ccc(F)c2F
barnidipine_cid443869,,,barnidipine_cid443869.png,high,high,0.9158024396885331,exact,Barnidipine,Barnidipine,1.0,36,36,exact,exact,Barnidipine,False,False,False,False,1.0,True,True,0,1,,,,COC(=O)C1=C(C)NC(C)=C(C(=O)O[C@H]2CCN(Cc3ccccc3)C2)[C@H]1c1cccc([N+](=O)[O-])c1
barusiban_cid9832431,,,barusiban_cid9832431.png,low,low,9.281696831718599e-06,invalid,,,,,,invalid,invalid,,False,False,False,False,,False,,,,,,,CCC(C)C1NC(=O)C(CC2=CNC3=C2C=CC=C3)NC(=O)CCSCCC(C(=O)N(C)C(CO)CCCN)NC(=O)[CH]2(CC)C(=O)C(CC(N)=O)NC(=O)C2NC1=O
baxdrostat_cid71535962,,,baxdrostat_cid71535962.png,high,high,0.914172334959871,exact,Baxdrostat,Baxdrostat,1.0,27,27,exact,exact,Baxdrostat,False,False,False,False,1.0,True,True,0,1,,,,CCC(=O)N[C@@H]1CCCc2c(-c3ccc4c(c3)CCC(=O)N4C)cncc21
bazedoxifene_cid154257,,,bazedoxifene_cid154257.png,high,high,0.876349207802432,exact,Bazedoxifene,Bazedoxifene,1.0,35,35,exact,exact,Bazedoxifene,False,False,False,False,1.0,True,True,0,1,,,,Cc1c(-c2ccc(O)cc2)n(Cc2ccc(OCCN3CCCCCC3)cc2)c2ccc(O)cc12
beauvericin_cid3007984,,,beauvericin_cid3007984.png,high,high,0.856930004373072,exact,Beauvericin,Beauvericin,1.0,57,57,exact,exact,Beauvericin,False,False,False,False,1.0,True,True,0,1,,,,CC(C)[C@H]1OC(=O)[C@H](Cc2ccccc2)N(C)C(=O)[C@@H](C(C)C)OC(=O)[C@H](Cc2ccccc2)N(C)C(=O)[C@@H](C(C)C)OC(=O)[C@H](Cc2ccccc2)N(C)C1=O
becampanel_cid5491960,,,becampanel_cid5491960.png,high,high,0.8967073474237521,exact,Becampanel,Becampanel,1.0,22,22,exact,exact,Becampanel,False,False,False,False,1.0,True,True,0,1,,,,O=c1[nH]c2cc([N+](=O)[O-])cc(CNCP(=O)(O)O)c2[nH]c1=O
beclabuvir_cid56934415,,,beclabuvir_cid56934415.png,low,low,0.7043156445849218,wrong,,Beclabuvir,0.818,47,47,wrong,wrong,,False,False,False,False,0.818,False,False,1,1,,,,[H][C@]12CC[C](CN(C)C1)N2C(=O)[C@@]12Cn3c(c(C4CCCCC4)c4ccc(C(=O)NS(=O)(=O)N(C)C)cc43)-c3ccc(OC)cc3[C@]1([H])C2 |^1:4|
befunolol_cid2309,,,befunolol_cid2309.png,high,high,0.9194021258525016,exact,Befunolol,Befunolol,1.0,21,21,exact,exact,Befunolol,False,False,False,False,1.0,True,True,0,1,,,,CC(=O)c1cc2cccc(OCC(O)CNC(C)C)c2o1
belvarafenib_cid89655386,,,belvarafenib_cid89655386.png,high,high,0.8718711346474682,exact,Belvarafenib,Belvarafenib,1.0,33,33,exact,exact,Belvarafenib,False,False,False,False,1.0,True,True,0,1,,,,Cc1ccc2c(Nc3cccc(Cl)c3F)nccc2c1NC(=O)c1csc2c(N)ncnc12
benidipine_cid656668,,,benidipine_cid656668.png,high,high,0.9186093418767883,stereo,Benidipine,Benidipine,1.0,37,37,stereo,stereo,Benidipine,False,False,False,False,1.0,True,True,0,1,,,,COC(=O)C1=C(C)NC(C)=C(C(=O)O[C@H]2CCCN(Cc3ccccc3)C2)[C@@H]1c1cccc([N+](=O)[O-])c1
benperidol_cid16363,,,benperidol_cid16363.png,low,low,0.8333923301465429,exact,Benperidol,Benperidol,1.0,28,28,exact,exact,Benperidol,False,False,False,False,1.0,True,True,0,1,,,,O=C(CCCN1CCC(n2c(=O)[nH]c3ccccc32)CC1)c1ccc(F)cc1
benznidazole_cid31593,,,benznidazole_cid31593.png,high,high,0.9142969740212571,exact,Benznidazole,Benznidazole,1.0,19,19,exact,exact,Benznidazole,False,False,False,False,1.0,True,True,0,1,,,,O=C(Cn1ccnc1[N+](=O)[O-])NCc1ccccc1
benzphetamine_hydrochloride_cid11558159,,,benzphetamine_hydrochloride_cid11558159.png,high,high,0.9200100697605564,exact,Benzphetamine Hydrochloride,Benzphetamine Hydrochloride,1.0,19,19,exact,exact,Benzphetamine Hydrochloride,False,False,False,False,1.0,True,True,0,2,,,,C[C@@H](Cc1ccccc1)N(C)Cc1ccccc1.Cl
beraprost_sodium_cid23663404,,,beraprost_sodium_cid23663404.png,low,low,0.03984458362828802,stereo,Beraprost Sodium,Beraprost Sodium,1.0,30,30,stereo,stereo,Beraprost Sodium,False,False,False,False,1.0,True,True,0,2,,,,[H][C@]12C[C@H](O)[C@H](C=CC(O)[C@@H](C)CC#CC)[C@@]1([H])c1cccc(CCCC(=O)[O-])c1O2.[Na+]
berninamycin_a_cid91617669,,,berninamycin_a_cid91617669.png,low,low,3.598012602394831e-20,invalid,,,,,,invalid,invalid,,False,False,False,False,,False,,,,,,,C=CC(=NC123=CC(=C)NC(=O)NC(=O)C4(=C(C)OC4(=C)NC(=O)[CH]4(C(C)(C)O)NC4(=O)C(=C)NC(=O)C456=C(C)O7C48=C(C)=C75(C(=O)NC(=O)C457=N9C%10(=N4%11(C5=O)C%101=C=29%11)[SH]=C7)N=8=6)C1(=O)(C2=C(C)OC2=C)=O=C2(=O=C2NC(=C)OC=CC(N)=C32=N3=C2SC=C3C2(=O)=O=C(C(=O)NC=CC)N2)N1)C(=O)NC(=C)C(=O)NC(=C)C(N)=O
besifovir_cid5270766,,,besifovir_cid5270766.png,high,high,0.9165700059923327,exact,Besifovir,Besifovir,1.0,20,20,exact,exact,Besifovir,False,False,False,False,1.0,True,True,0,1,,,,Nc1ncc2ncn(CC3(OCP(=O)(O)O)CC3)c2n1
betahistine_cid2366,,,betahistine_cid2366.png,high,high,0.9182211043927238,exact,Betahistine,Betahistine,1.0,10,10,exact,exact,Betahistine,False,False,False,False,1.0,True,True,0,1,,,,CNCCc1ccccn1
bethanechol_cid2370,,,bethanechol_cid2370.png,high,high,0.9099357587109987,exact,Bethanechol,Bethanechol,1.0,11,11,exact,exact,Bethanechol,False,False,False,False,1.0,True,True,0,1,,,,CC(C[N+](C)(C)C)OC(N)=O
bexarotene_cid82146,,,bexarotene_cid82146.png,high,high,0.8919345226071842,exact,Bexarotene,Bexarotene,1.0,26,26,exact,exact,Bexarotene,False,False,False,False,1.0,True,True,0,1,,,,C=C(c1ccc(C(=O)O)cc1)c1cc2c(cc1C)C(C)(C)CCC2(C)C
biotin_cid171548,,,biotin_cid171548.png,high,high,0.8965564377233365,exact,Biotin,Biotin,1.0,16,16,exact,exact,Biotin,False,False,False,False,1.0,True,True,0,1,,,,[H][C@]12CS[C@@H](CCCCC(=O)O)[C@@]1([H])NC(=O)N2
bismuth_subgallate_cid73415769,,,bismuth_subgallate_cid73415769.png,high,high,0.8827147634365404,wrong,,Bismuth Subgallate,0.88,13,14,near,near,,False,False,False,False,0.88,False,False,4,2,,,,O=C(O)c1cc([O-])c([O-])c(O)c1.[Br+3] |12|
bleomycin_b2_cid5496540,,,bleomycin_b2_cid5496540.png,low,low,7.544717163637916e-14,wrong,,Bleomycin B2,0.868,98,98,tautomer,tautomer,Bleomycin B2,False,False,False,False,0.868,True,True,0,1,,,,Cc1c(N)nc([C@H](CC(N)=O)NC[C@@H](N)C(N)=O)nc1C(=O)NC(C(=O)N[C@H](C)[C@@H](O)[C@@H](C)C(=O)NC(C(=O)NCCc1nc(-c2nc(C(=O)NCCCCN=C(N)N)cs2)cs1)C(C)O)[C@@H](O[C@@H]1O[C@@H](CO)[C@H](O)[C@@H](O)C1O[C@H]1OC(CO)[C@H](O)[C@@H](OC(N)=O)[C@@H]1O)c1c[nH]cn1
bolasterone_cid102146,,,bolasterone_cid102146.png,low,low,0.6864351075261378,wrong,,Bolasterone,0.308,22,23,wrong,wrong,,False,False,False,False,0.308,False,False,11,1,,,,"C[C](O)[C](C)CC[C@@]1([Db])[C](O)[C@H](C)CC2=CC(=O)CC[C@@]21C |^1:1,3,9|"
boric_acid_cid7628,,,boric_acid_cid7628.png,high,high,0.8717571100170188,exact,Boric Acid,Boric Acid,1.0,4,4,exact,exact,Boric Acid,False,False,False,False,1.0,True,True,0,1,,,,OB(O)O
brilacidin_cid25023695,,,brilacidin_cid25023695.png,low,low,5.122382589716481e-14,wrong,,Brilacidin,0.812,121,66,wrong,stereo,,False,False,False,True,0.812,False,False,95,2,,,NC(N)=NCCCCC(=O)Nc1cc(C(F)(F)F)cc(NC(=O)c2cc(C(=O)N[C@H]3CC(C(F)(F)F)=CC=C3OC3CCNC3)ncn2)c1O[C@@H]1CCNC1,NC(N)=NCCCCC(=O)Nc1cc(C(F)(F)F)cc(NC(=O)c2cc(C(=O)N[C@H]3CC(C(F)(F)F)=CC=C3OC3CCNC3)ncn2)c1O[C@@H]1CCNC1.NC(N)=NCCCCC(=O)Nc1cc(C(F)(F)F)cc(NC(=O)c2cc(C(=O)Nc3cc(C(F)(F)F)cc(NC(=O)CCCCN=C(N)N)c3O[C@@H]3CCNC3)ncn2)c1OC1CCNC1
brivanib_cid11234052,,,brivanib_cid11234052.png,high,high,0.9105418283185002,exact,Brivanib,Brivanib,1.0,27,27,exact,exact,Brivanib,False,False,False,False,1.0,True,True,0,1,,,,Cc1cc2c(F)c(Oc3ncnn4cc(OC[C@@H](C)O)c(C)c34)ccc2[nH]1
brivudine_cid446727,,,brivudine_cid446727.png,low,low,0.7767025790959434,exact,Brivudine,Brivudine,1.0,19,19,exact,exact,Brivudine,False,False,False,False,1.0,True,True,0,1,,,,O=c1[nH]c(=O)n([C@H]2C[C@H](O)[C@@H](CO)O2)cc1/C=C/Br
brodifacoum_cid54680676,,,brodifacoum_cid54680676.png,high,high,0.9119954598393344,exact,Brodifacoum,Brodifacoum,1.0,35,35,exact,exact,Brodifacoum,False,False,False,False,1.0,True,True,0,1,,,,O=c1oc2ccccc2c(O)c1C1CC(c2ccc(-c3ccc(Br)cc3)cc2)Cc2ccccc21
bupranolol_cid2475,,,bupranolol_cid2475.png,high,high,0.9098730772959319,exact,Bupranolol,Bupranolol,1.0,18,18,exact,exact,Bupranolol,False,False,False,False,1.0,True,True,0,1,,,,Cc1ccc(Cl)c(OCC(O)CNC(C)(C)C)c1
butenafine_cid2484,,,butenafine_cid2484.png,high,high,0.913520493233143,exact,Butenafine,Butenafine,1.0,24,24,exact,exact,Butenafine,False,False,False,False,1.0,True,True,0,1,,,,CN(Cc1ccc(C(C)(C)C)cc1)Cc1cccc2ccccc12
c_c_dimethyl_n_n_tricyclo_8_2_2_24_7_hexadeca_4_6_10_12_13_1_cid71474517,,,c_c_dimethyl_n_n_tricyclo_8_2_2_24_7_hexadeca_4_6_10_12_13_1_cid71474517.png,low,low,0.002776951945497633,invalid,,,,,,invalid,invalid,,False,False,False,False,,False,,,,,,,[H]C12CCCCC1([H])N(C(=O)C(NC(=O)OC)C(C)C)C(C1=NC3=C(C=C(C4=CCC56=CC7N=C(C8CC9([H])CCCCC9([H])N8C(=O)C(NC(=O)OC)C(C)C)NC78=CC579%10=C8C=76C=956=C(C=CC(=C5)(=C6)CCC4)C%10)C=C3)N1)C2
calcium_chloride_cid5284359,,,calcium_chloride_cid5284359.png,high,high,0.8735021758283157,exact,Calcium Chloride,Calcium Chloride,1.0,3,3,exact,exact,Calcium Chloride,False,False,False,False,1.0,True,True,0,3,,[Cl-],,[Ca+2].[Cl-].[Cl-]
canfosfamide_cid5312109,,,canfosfamide_cid5312109.png,low,low,0.06519810874105175,stereo,Canfosfamide,Canfosfamide,1.0,47,47,stereo,stereo,Canfosfamide,False,False,False,False,1.0,True,True,0,1,,,,N[C@H](CCC(=O)N[C@@H](CS(=O)(=O)CCOP(=O)(N(CCCl)CCCl)N(CCCl)CCCl)C(=O)N[C@@H](C(=O)O)c1ccccc1)C(=O)O
cannabidiol_cid644019,,,cannabidiol_cid644019.png,high,high,0.9022162838086896,exact,Cannabidiol,Cannabidiol,1.0,23,23,exact,exact,Cannabidiol,False,False,False,False,1.0,True,True,0,1,,,,C=C(C)[C@@H]1CCC(C)=C[C@H]1c1c(O)cc(CCCCC)cc1O
canrenone_cid13789,,,canrenone_cid13789.png,low,low,0.2389295603040668,wrong,,Canrenone,0.469,27,25,wrong,wrong,,False,False,False,False,0.469,False,False,3,1,,,,[H][C@@]12CC[C@@]3(CCC(=O)O3)[C@@]1(C)CC[C@@]1(O)[C@]2(Cl)C=CC2=CC(=O)CC[C@@]21C
cantharidin_cid5944,,,cantharidin_cid5944.png,low,low,0.03693115569054278,invalid,,,,,,invalid,invalid,,False,False,False,False,,False,,,,,,,*C12C(=O)OC(=O)C1(C)C1345OC167(C)CCC23([H])C64O75 |$BiBiBiBi;;;;;;;;;;;;;;;;;;$|
captopril_cid44093,,,captopril_cid44093.png,high,high,0.904601556370609,exact,Captopril,Captopril,1.0,14,14,exact,exact,Captopril,False,False,False,False,1.0,True,True,0,1,,,,C[C@H](CS)C(=O)N1CCC[C@H]1C(=O)O
carbachol_cid5831,,,carbachol_cid5831.png,high,high,0.9001585204222147,exact,Carbachol,Carbachol,1.0,11,11,exact,exact,Carbachol,False,False,False,False,1.0,True,True,0,2,,,,C[N+](C)(C)CCOC(N)=O.[Cl-]
carbenicillin_cid20824,,,carbenicillin_cid20824.png,high,high,0.8531801240866146,exact,Carbenicillin,Carbenicillin,1.0,26,26,exact,exact,Carbenicillin,False,False,False,False,1.0,True,True,0,1,,,,[H][C@]12SC(C)(C)[C@H](C(=O)O)N1C(=O)[C@H]2NC(=O)C(C(=O)O)c1ccccc1
carisbamate_cid6918474,,,carisbamate_cid6918474.png,high,high,0.8992202254728514,exact,Carisbamate,Carisbamate,1.0,14,14,exact,exact,Carisbamate,False,False,False,False,1.0,True,True,0,1,,,,NC(=O)OC[C@@H](O)c1ccccc1Cl
carmegliptin_cid11417567,,,carmegliptin_cid11417567.png,low,low,0.7971055951907767,exact,Carmegliptin,Carmegliptin,1.0,27,27,exact,exact,Carmegliptin,False,False,False,False,1.0,True,True,0,1,,,,[H][C@@]12C[C@H](N)[C@@H](N3C[C@@H](CF)CC3=O)CN1CCc1cc(OC)c(OC)cc12
carnosine_cid439224,,,carnosine_cid439224.png,high,high,0.8996100338579658,exact,Carnosine,Carnosine,1.0,16,16,exact,exact,Carnosine,False,False,False,False,1.0,True,True,0,1,,,,NCCC(=O)N[C@@H](Cc1cnc[nH]1)C(=O)O
carumonam_cid6540466,,,carumonam_cid6540466.png,high,high,0.8899684510595532,exact,Carumonam,Carumonam,1.0,30,30,exact,exact,Carumonam,False,False,False,False,1.0,True,True,0,1,,,,NC(=O)OC[C@@H]1[C@H](NC(=O)/C(=N\OCC(=O)O)c2csc(N)n2)C(=O)N1S(=O)(=O)O
cefaclor_cid51039,,,cefaclor_cid51039.png,low,low,0.6171549805090213,stereo,Cefaclor,Cefaclor,1.0,24,24,stereo,stereo,Cefaclor,False,False,False,False,1.0,True,True,0,1,,,,[H][C@@]12SCC(Cl)=C(C(=O)O)N1C(=O)[C@H]2NC(=O)[C@H](N)c1ccccc1
cefamandole_cid456255,,,cefamandole_cid456255.png,low,low,0.5331451797526956,stereo,Cefamandole,Cefamandole,1.0,31,31,stereo,stereo,Cefamandole,False,False,False,False,1.0,True,True,0,1,,,,[H][C@]12SCC(CSc3nnnn3C)=C(C(=O)O)N1C(=O)[C@H]2NC(=O)[C@@H](O)c1ccccc1
cefdinir_cid6915944,,,cefdinir_cid6915944.png,high,high,0.9058151153165583,exact,Cefdinir,Cefdinir,1.0,26,26,exact,exact,Cefdinir,False,False,False,False,1.0,True,True,0,1,,,,[H][C@]12SCC(C=C)=C(C(=O)O)N1C(=O)[C@H]2NC(=O)/C(=N\O)c1csc(N)n1
cefiderocol_cid77843966,,,cefiderocol_cid77843966.png,high,high,0.8609205292540464,stereo,Cefiderocol,Cefiderocol,1.0,50,50,stereo,stereo,Cefiderocol,False,False,False,False,1.0,True,True,0,1,,,,[H][C@]12SCC(C[N+]3(CCNC(=O)c4ccc(O)c(O)c4Cl)CCCC3)=C(C(=O)[O-])N1C(=O)[C@@H]2NC(=O)/C(=N\OC(C)(C)C(=O)O)c1csc(N)n1
cefilavancin_cid76960417,,,cefilavancin_cid76960417.png,low,low,6.371060396467597e-21,invalid,,,,,,invalid,invalid,,False,False,False,False,,False,,,,,,,[H]C1NC[CH]NC2(=O)[CH]34C[CH]2(C3N)O4C(=O)[CH]2([H])N(C([H])C([H])(O)C=CC=COCC(OC3OC(CO)C(O)C(O)C3OC3CC(C)(N)C(O)C(C)O3)=COC=CC=C34C=C567C89%10%11%12[H]C5%13([H]8)(O9)(C%10(=O)NCC([H])C5=CC(O)=CC=C15)C36%11([H])(O)C47%12%13(O)O)C13=O=C(N12)[CH]31CCC(C)C1
cefixime_cid5362065,,,cefixime_cid5362065.png,low,low,0.8040903311463156,exact,Cefixime,Cefixime,1.0,30,30,exact,exact,Cefixime,False,False,False,False,1.0,True,True,0,1,,,,[H][C@]12SCC(C=C)=C(C(=O)O)N1C(=O)[C@H]2NC(=O)/C(=N\OCC(=O)O)c1csc(N)n1
cefmetazole_cid42008,,,cefmetazole_cid42008.png,high,high,0.9016263402485151,exact,Cefmetazole,Cefmetazole,1.0,30,30,exact,exact,Cefmetazole,False,False,False,False,1.0,True,True,0,1,,,,[H][C@]12SCC(CSc3nnnn3C)=C(C(=O)O)N1C(=O)[C@]2(NC(=O)CSCC#N)OC
cefoperazone_cid44187,,,cefoperazone_cid44187.png,low,low,0.7780280283736333,exact,Cefoperazone,Cefoperazone,1.0,44,44,exact,exact,Cefoperazone,False,False,False,False,1.0,True,True,0,1,,,,[H][C@]12SCC(CSc3nnnn3C)=C(C(=O)O)N1C(=O)[C@H]2NC(=O)[C@H](NC(=O)N1CCN(CC)C(=O)C1=O)c1ccc(O)cc1
cefotaxime_cid5742673,,,cefotaxime_cid5742673.png,low,low,0.5028934653484455,exact,Cefotaxime,Cefotaxime,1.0,30,30,exact,exact,Cefotaxime,False,False,False,False,1.0,True,True,0,1,,,,[H][C@]12SCC(COC(C)=O)=C(C(=O)O)N1C(=O)[C@H]2NC(=O)/C(=N\OC)c1csc(N)n1
cefotetan_cid53025,,,cefotetan_cid53025.png,low,low,0.5682307701292195,stereo,Cefotetan,Cefotetan,1.0,36,36,stereo,stereo,Cefotetan,False,False,False,False,1.0,True,True,0,1,,,,[H][C@@]12SCC(CSc3nnnn3C)=C(C(=O)O)N1C(=O)[C@]2(NC(=O)[C@H]1SC(=C(C(N)=O)C(=O)O)S1)OC
cefoxitin_cid441199,,,cefoxitin_cid441199.png,high,high,0.9056611367441028,exact,Cefoxitin,Cefoxitin,1.0,28,28,exact,exact,Cefoxitin,False,False,False,False,1.0,True,True,0,1,,,,[H][C@]12SCC(COC(N)=O)=C(C(=O)O)N1C(=O)[C@]2(NC(=O)Cc1cccs1)OC
cefozopran_cid9571080,,,cefozopran_cid9571080.png,low,low,0.7096824790461486,stereo,Cefozopran,Cefozopran,1.0,35,35,stereo,stereo,Cefozopran,False,False,False,False,1.0,True,True,0,1,,,,[H][C@@]12SCC(C[n+]3ccn4ncccc43)=C(C(=O)[O-])N1C(=O)[C@H]2NC(=O)/C(=N\OC)c1nsc(N)n1
cefprozil_cid62977,,,cefprozil_cid62977.png,low,low,0.6638440159468332,wrong,,Cefprozil,0.688,27,27,wrong,wrong,,False,False,False,False,0.688,False,False,2,1,,,,[H][C@@]12SCC(CCC)=C(C(=O)O)N1C(=O)[C@H]2NC(=O)[C@H](N)c1ccc(O)cc1
ceftizoxime_cid6533629,,,ceftizoxime_cid6533629.png,high,high,0.9074022899873916,exact,Ceftizoxime,Ceftizoxime,1.0,25,25,exact,exact,Ceftizoxime,False,False,False,False,1.0,True,True,0,1,,,,[H][C@]12SCC=C(C(=O)O)N1C(=O)[C@H]2NC(=O)/C(=N\OC)c1csc(N)n1
centanafadine_cid16095349,,,centanafadine_cid16095349.png,high,high,0.8868003275024562,exact,Centanafadine,Centanafadine,1.0,16,16,exact,exact,Centanafadine,False,False,False,False,1.0,True,True,0,1,,,,[H][C@@]12CNC[C@]1(c1ccc3ccccc3c1)C2
cephaloridine_cid5773,,,cephaloridine_cid5773.png,low,low,0.8184379324316714,stereo,Cephaloridine,Cephaloridine,1.0,28,28,stereo,stereo,Cephaloridine,False,False,False,False,1.0,True,True,0,1,,,,[H][C@@]12SCC(C[n+]3ccccc3)=C(C(=O)[O-])N1C(=O)[C@H]2NC(=O)Cc1cccs1
cephalothin_cid6024,,,cephalothin_cid6024.png,low,low,0.5367972438812492,exact,Cephalothin,Cephalothin,1.0,26,26,exact,exact,Cephalothin,False,False,False,False,1.0,True,True,0,1,,,,[H][C@]12SCC(COC(C)=O)=C(C(=O)O)N1C(=O)[C@H]2NC(=O)Cc1cccs1
chlormadinone_acetate_cid9324,,,chlormadinone_acetate_cid9324.png,low,low,0.4153711389529451,wrong,,Chlormadinone Acetate,0.522,28,28,wrong,wrong,,False,False,False,False,0.522,False,False,4,1,,,,*[C@@]12C=C(Cl)C3=CC(=O)CC[C@]3(C)[C@@]1(*)CC[C@@]1(C)[C@@]2([H])CC[C@]1(OC(C)=O)C(C)=O |$DbI;;;;;;;;;;;;;;DbI;;;;;;;;;;;;;;;;$|
chloroeremomycin_cid445806,,,chloroeremomycin_cid445806.png,low,low,1.712809967592733e-09,invalid,,,,,,invalid,invalid,,False,False,False,False,,False,,,,,,,[H]C1(CC(N)=O)NC(=O)C([H])(NC(=O)C(CC(C)C)NC)C([H])(O)C2=CC(Cl)=C(C=C2)OC=CC2=CCOC3=C(Cl)C=C(C=C3)C3([H])(OC4CC(C)C(O)C(C)(N)C4)C4([H])N5C6(=O)C7(O)C8(=O)NC53([H])C4(=O)N[CH]C3=C(C(O)=CC(O)=C3)C3=C(O)C=CC7(=C3)C86(O)NC(=O)C2([H])NC1=O
chlorotrianisene_cid11289,,,chlorotrianisene_cid11289.png,high,high,0.9056995226151823,exact,Chlorotrianisene,Chlorotrianisene,1.0,27,27,exact,exact,Chlorotrianisene,False,False,False,False,1.0,True,True,0,1,,,,COc1ccc(C(Cl)=C(c2ccc(OC)cc2)c2ccc(OC)cc2)cc1
chlorozotocin_cid451706,,,chlorozotocin_cid451706.png,high,high,0.8862508597678708,exact,Chlorozotocin,Chlorozotocin,1.0,20,20,exact,exact,Chlorozotocin,False,False,False,False,1.0,True,True,0,1,,,,O=C[C@H](NC(=O)N(CCCl)N=O)[C@@H](O)[C@H](O)[C@H](O)CO
chlorprothixene_cid667467,,,chlorprothixene_cid667467.png,high,high,0.907504717782909,exact,Chlorprothixene,Chlorprothixene,1.0,21,21,exact,exact,Chlorprothixene,False,False,False,False,1.0,True,True,0,1,,,,CN(C)CC/C=C1/c2ccccc2Sc2ccc(Cl)cc21
chlorzoxazone_cid2733,,,chlorzoxazone_cid2733.png,high,high,0.8958986715506954,exact,Chlorzoxazone,Chlorzoxazone,1.0,11,11,exact,exact,Chlorzoxazone,False,False,False,False,1.0,True,True,0,1,,,,O=c1[nH]c2cc(Cl)ccc2o1
cilagicin_cid171038003,,,cilagicin_cid171038003.png,low,low,3.388831259495313e-13,wrong,,Cilagicin,0.98,103,104,near,near,,False,False,False,False,0.98,False,False,3,1,,,,CCCCCCCCCCCCCC(=O)N[C@@H](CO)C(=O)N[C@H]1C(=O)NC(CCN)C(=O)N[C@@H](CC(=O)O)C(=O)NCC(=O)N[C@@H](CC(N)=O)C(=O)NC(CC(=O)O)C(=O)NCC(=O)N[C@@H](Cc2ccc(O)cc2)C(=O)N[C@H](C(C)C)C(=O)N[C@@H](CN)C(=O)N[C@@H](Cc2ccccc2)C(=O)OC1C
cilazapril_cid56330,,,cilazapril_cid56330.png,high,high,0.9024753709423513,exact,Cilazapril,Cilazapril,1.0,30,30,exact,exact,Cilazapril,False,False,False,False,1.0,True,True,0,1,,,,CCOC(=O)[C@H](CCc1ccccc1)N[C@H]1CCCN2CCC[C@@H](C(=O)O)N2C1=O
cinnarizine_cid1547484,,,cinnarizine_cid1547484.png,high,high,0.9138812088689483,exact,Cinnarizine,Cinnarizine,1.0,28,28,exact,exact,Cinnarizine,False,False,False,False,1.0,True,True,0,1,,,,C(=C/c1ccccc1)\CN1CCN(C(c2ccccc2)c2ccccc2)CC1
citrulline_cid9750,,,citrulline_cid9750.png,high,high,0.8937759250928011,exact,Citrulline,Citrulline,1.0,12,12,exact,exact,Citrulline,False,False,False,False,1.0,True,True,0,1,,,,NC(=O)NCCC[C@H](N)C(=O)O
clavulanic_acid_cid5280980,,,clavulanic_acid_cid5280980.png,high,high,0.8814743995837253,exact,Clavulanic Acid,Clavulanic Acid,1.0,14,14,exact,exact,Clavulanic Acid,False,False,False,False,1.0,True,True,0,1,,,,[H][C@@]12CC(=O)N1[C@@H](C(=O)O)/C(=C/CO)O2
clazosentan_cid6433095,,,clazosentan_cid6433095.png,high,high,0.9218922673777495,exact,Clazosentan,Clazosentan,1.0,41,41,exact,exact,Clazosentan,False,False,False,False,1.0,True,True,0,1,,,,COc1ccccc1Oc1c(NS(=O)(=O)c2ccc(C)cn2)nc(-c2ccnc(-c3nn[nH]n3)c2)nc1OCCO
clocortolone_cid5311052,,,clocortolone_cid5311052.png,high,high,0.8658516344210933,exact,Clocortolone,Clocortolone,1.0,28,28,exact,exact,Clocortolone,False,False,False,False,1.0,True,True,0,1,,,,[H][C@@]12C[C@H](F)C3=CC(=O)C=C[C@]3(C)[C@@]1(Cl)[C@@H](O)C[C@]1(C)[C@@H](C(=O)CO)[C@H](C)C[C@@]21[H]
clotrimazole_cid2812,,,clotrimazole_cid2812.png,high,high,0.8917919471702302,exact,Clotrimazole,Clotrimazole,1.0,25,25,exact,exact,Clotrimazole,False,False,False,False,1.0,True,True,0,1,,,,Clc1ccccc1C(c1ccccc1)(c1ccccc1)n1ccnc1
clovibactin_cid146342518,,,clovibactin_cid146342518.png,low,low,0.002061850841299543,stereo,Clovibactin,Clovibactin,1.0,64,64,stereo,stereo,Clovibactin,False,False,False,False,1.0,True,True,0,1,,,,CC(C)CC1NC(=O)C(C)NC(=O)C(NC(=O)[C@H](CO)NC(=O)[C@@H](CCCCN)NC(=O)[C@H](CC(C)C)NC(=O)[C@@H](N)Cc2ccccc2)[C@H](C(N)=O)OC(=O)[C@@H](CC(C)C)NC1=O
cloxacillin_cid6098,,,cloxacillin_cid6098.png,low,low,0.764336538338273,exact,Cloxacillin,Cloxacillin,1.0,29,29,exact,exact,Cloxacillin,False,False,False,False,1.0,True,True,0,1,,,,[H][C@]12SC(C)(C)[C@H](C(=O)O)N1C(=O)[C@H]2NC(=O)c1c(-c2ccccc2Cl)noc1C
contezolid_cid25184541,,,contezolid_cid25184541.png,low,low,0.2017684734293536,exact,Contezolid,Contezolid,1.0,29,29,exact,exact,Contezolid,False,False,False,False,1.0,True,True,0,1,,,,O=C1C=CN(c2c(F)cc(N3C[C@H](CNc4ccon4)OC3=O)c(F)c2F)CC1
coprexa_cid5245480,,,coprexa_cid5245480.png,low,low,0.6426922936157489,wrong,,Coprexa,0.2,6,5,wrong,wrong,,False,False,False,False,0.2,False,False,7,6,,[SH-].[SH-].[SH-].[SH-].[SH-],,[SH-].[SH-].[SH-].[SH-].[SH-].[SH-]
creatine_cid586,,,creatine_cid586.png,high,high,0.915173958481666,wrong,,Creatine,0.72,9,9,charge,charge,Creatine,False,False,False,False,0.72,True,True,0,1,,,,[H]/N=C(\N)N(C)CC(=O)O
crenolanib_cid10366136,,,crenolanib_cid10366136.png,high,high,0.9003241462367843,exact,Crenolanib,Crenolanib,1.0,33,33,exact,exact,Crenolanib,False,False,False,False,1.0,True,True,0,1,,,,CC1(COc2ccc3c(c2)ncn3-c2ccc3cccc(N4CCC(N)CC4)c3n2)COC1
cycloguanil_cid9049,,,cycloguanil_cid9049.png,high,high,0.9128049607868335,exact,Cycloguanil,Cycloguanil,1.0,17,17,exact,exact,Cycloguanil,False,False,False,False,1.0,True,True,0,1,,,,CC1(C)N=C(N)N=C(N)N1c1ccc(Cl)cc1
cyclopropane_cid6351,,,cyclopropane_cid6351.png,low,low,0.6671005892623008,exact,Cyclopropane,Cyclopropane,1.0,3,3,exact,exact,Cyclopropane,False,False,False,False,1.0,True,True,0,1,,,,C1CC1
cystine_cid67678,,,cystine_cid67678.png,low,low,0.6569423118930818,exact,(-)-Cystine,(-)-Cystine,1.0,14,14,exact,exact,(-)-Cystine,False,False,False,False,1.0,True,True,0,1,,,,N[C@@H](CSSC[C@H](N)C(=O)O)C(=O)O
dabrafenib_cid44462760,,,dabrafenib_cid44462760.png,high,high,0.915693963399341,exact,Dabrafenib,Dabrafenib,1.0,35,35,exact,exact,Dabrafenib,False,False,False,False,1.0,True,True,0,1,,,,CC(C)(C)c1nc(-c2cccc(NS(=O)(=O)c3c(F)cccc3F)c2F)c(-c2ccnc(N)n2)s1
dantrolene_cid6914273,,,dantrolene_cid6914273.png,high,high,0.9013935464900019,exact,Dantrolene,Dantrolene,1.0,23,23,exact,exact,Dantrolene,False,False,False,False,1.0,True,True,0,1,,,,O=C1CN(/N=C/c2ccc(-c3ccc([N+](=O)[O-])cc3)o2)C(=O)N1
danuglipron_tromethamine_cid154702463,,,danuglipron_tromethamine_cid154702463.png,low,low,0.0006978557225131607,wrong,,Danuglipron Tromethamine,1.0,90,49,exact,exact,Danuglipron Tromethamine,False,False,True,False,1.0,False,False,71,3,,N#Cc1ccc(COc2cccc(C3CCN(Cc4nc5ccc(C(=O)O)cc5n4C[C@@H]4CCO4)CC3)n2)c(F)c1,,N#Cc1ccc(COc2cccc(C3CCN(Cc4nc5ccc(C(=O)O)cc5n4C[C@@H]4CCO4)CC3)n2)c(F)c1.N#Cc1ccc(COc2cccc(C3CCN(Cc4nc5ccc(C(=O)O)cc5n4C[C@@H]4CCO4)CC3)n2)c(F)c1.NC(CO)(CO)CO
dapivirine_cid214347,,,dapivirine_cid214347.png,high,high,0.923364350071718,exact,Dapivirine,Dapivirine,1.0,25,25,exact,exact,Dapivirine,False,False,False,False,1.0,True,True,0,1,,,,Cc1cc(C)c(Nc2ccnc(Nc3ccc(C#N)cc3)n2)c(C)c1
darobactin_cid154586077,,,darobactin_cid154586077.png,low,low,2.448600795879269e-69,invalid,,,,,,invalid,invalid,,False,False,False,False,,False,,,,,,,C=C1234C5=C6=C7=C568(=C(C)=C7)=C56=C8OC78=CC=CC=C7NC7(=O)=O=C(N)C7C8C(=O)(CNC(C)=CC)NC(=O)C(=O)NCCOCC7=CC89%10%11=C1C1%12%13(C(=O)O)NC%14%15%16%17%18%19%20%21=C%22(C)=C%14%23%24%25(CO)C%15%14%26%27%28%29(=O)C%23%15%30%31%32%33%34(=O)C%23%35%36%37%38=O=C%39%40=O=C%39%41%42=C%39%43=C%44%45%46%47=C%48%49%50=C=%44%51%52=C=%41=%48=%45=C=%39=%49=%51=%46%42C=%475%50%52%39=CC=C5C%43%41C5128C12C%41%123(=O)(O)N1%15358C2%1341(=O)N%142C%243%264%12%13%14%15N%16(C(=O)C3C9%16=N9%24=C3%10(=N=%16(=C9=O)C%24=O)C(=CC%39=C6)=C7%11)C2%255%274%30367(=O)(N%22%17)C%23%28%12%31%182(CO)C45OC29C4%35%13%32%193(=O=%36)N%401%37%14%33%206C59%388%29%15%34%217
darolutamide_cid67171867,,,darolutamide_cid67171867.png,low,low,0.8310115171274218,stereo,Darolutamide,Darolutamide,1.0,28,28,stereo,stereo,Darolutamide,False,False,False,False,1.0,True,True,0,1,,,,C[C@@H](Cn1ccc(-c2ccc(C#N)c(Cl)c2)n1)NC(=O)c1cc([C@@H](C)O)[nH]n1
delamanid_cid6480466,,,delamanid_cid6480466.png,high,high,0.8910496652870086,exact,Delamanid,Delamanid,1.0,38,38,exact,exact,Delamanid,False,False,False,False,1.0,True,True,0,1,,,,C[C@]1(COc2ccc(N3CCC(Oc4ccc(OC(F)(F)F)cc4)CC3)cc2)Cn2cc([N+](=O)[O-])nc2O1
delapril_cid5362116,,,delapril_cid5362116.png,high,high,0.9148368709305866,exact,Delapril,Delapril,1.0,33,33,exact,exact,Delapril,False,False,False,False,1.0,True,True,0,1,,,,CCOC(=O)[C@H](CCc1ccccc1)N[C@@H](C)C(=O)N(CC(=O)O)C1Cc2ccccc2C1
delavirdine_cid5625,,,delavirdine_cid5625.png,high,high,0.9186287717596066,exact,Delavirdine,Delavirdine,1.0,32,32,exact,exact,Delavirdine,False,False,False,False,1.0,True,True,0,1,,,,CC(C)Nc1cccnc1N1CCN(C(=O)c2cc3cc(NS(C)(=O)=O)ccc3[nH]2)CC1
deldeprevir_cid56935739,,,deldeprevir_cid56935739.png,low,low,0.4036232831236369,exact,Deldeprevir,Deldeprevir,1.0,63,63,exact,exact,Deldeprevir,False,False,False,False,1.0,True,True,0,1,,,,[H][C@@]12C[C@@H](Oc3cc(-c4nc(C(C)C)cs4)nc4c(C)c(OC)ccc34)CN1C(=O)[C@@H](CC(=O)N1CCCC(F)(F)C1)CCCCC/C=C\[C@]1([H])C[C@@]1(C(=O)NS(=O)(=O)C1CC1)NC2=O
demoxytocin_cid449224,,,demoxytocin_cid449224.png,low,low,1.424132073690814e-15,invalid,,,,,,invalid,invalid,,False,False,False,False,,False,,,,,,,CCC(C)C1NC(=O)[CH]234(CC5=CC=C(O)C=C5)NC(=O)CCSSC[CH]567NC8(=O)[CH]9(CC(N)=O)NC(=O)[CH]%10(CCC(N)=O)NC1(=O)C(C(C)CC)NC2(=O)C(C3C1=CC=C(O)C=C1)N4C(=O)CCSSC5C(C6(=O)N1CCCC1C(=O)NC(CC(C)C)C(=O)NCC(N)=O)N87C9(=O)C(CC(N)=O)NC%10(=O)C(N)CCC(N)=O
desferrithiocin_cid135564781,,,desferrithiocin_cid135564781.png,high,high,0.8519551273758788,exact,Desferrithiocin,Desferrithiocin,1.0,17,17,exact,exact,Desferrithiocin,False,False,False,False,1.0,True,True,0,2,,,,C[C@]1(C(=O)[O-])CSC(c2ncccc2O)=N1.[Na+]
desoximetasone_cid5311067,,,desoximetasone_cid5311067.png,low,low,0.8181826776348373,stereo,Desoximetasone,Desoximetasone,1.0,27,27,stereo,stereo,Desoximetasone,False,False,False,False,1.0,True,True,0,1,,,,[H][C@@]12CCC3=CC(=O)C=C[C@]3(C)[C@@]1(F)[C@H](O)C[C@]1(C)[C@@H](C(=O)CO)[C@H](C)C[C@@]21[H]
desvenlafaxine_succinate_cid6918664,,,desvenlafaxine_succinate_cid6918664.png,high,high,0.8993720761267344,exact,Desvenlafaxine Succinate,Desvenlafaxine Succinate,1.0,28,28,exact,exact,Desvenlafaxine Succinate,False,False,False,False,1.0,True,True,0,3,,,,CN(C)CC(c1ccc(O)cc1)C1(O)CCCCC1.O.O=C(O)CCC(=O)O
detirelix_cid16129698,,,detirelix_cid16129698.png,low,low,3.837906153057935e-12,stereo,Detirelix,Detirelix,1.0,110,110,stereo,stereo,Detirelix,False,False,False,False,1.0,True,True,0,1,,,,CCNC(=NCCCCC(NC(=O)[C@H](Cc1ccc(O)cc1)NC(=O)[C@@H](CO)NC(=O)[C@@H](Cc1c[nH]c2ccccc12)NC(=O)[C@@H](Cc1ccc(Cl)cc1)NC(=O)[C@H](Cc1ccc2ccccc2c1)NC(C)=O)C(=O)N[C@H](CC(C)C)C(=O)N[C@@H](CCCNC(=N)N)C(=O)N1CCC[C@H]1C(=O)N[C@@H](C)C(N)=O)NCC
dexpanthenol_cid131204,,,dexpanthenol_cid131204.png,high,high,0.9140971844025677,exact,Dexpanthenol,Dexpanthenol,1.0,14,14,exact,exact,Dexpanthenol,False,False,False,False,1.0,True,True,0,1,,,,CC(C)(CO)[C@@H](O)C(=O)NCCCO
dibekacin_cid470999,,,dibekacin_cid470999.png,low,low,0.430023265142418,stereo,Dibekacin,Dibekacin,1.0,31,31,stereo,stereo,Dibekacin,False,False,False,False,1.0,True,True,0,1,,,,NC[C@@H]1CC[C@@H](N)[C@@H](O[C@H]2[C@@H](O)[C@@H](O[C@H]3O[C@H](CO)[C@@H](O)[C@H](N)[C@H]3O)[C@H](N)C[C@@H]2N)O1
dibrospidium_chloride_cid72114,,,dibrospidium_chloride_cid72114.png,low,low,0.8253143164701309,exact,Dibrospidium Chloride,Dibrospidium Chloride,1.0,28,28,exact,exact,Dibrospidium Chloride,False,False,False,False,1.0,True,True,0,3,,[Cl-],,O=C(CCBr)N1CC[N+]2(CC1)CC[N+]1(CCN(C(=O)CCBr)CC1)CC2.[Cl-].[Cl-]
diclazuril_cid456389,,,diclazuril_cid456389.png,high,high,0.9078323797394969,exact,Diclazuril,Diclazuril,1.0,26,26,exact,exact,Diclazuril,False,False,False,False,1.0,True,True,0,1,,,,N#CC(c1ccc(Cl)cc1)c1c(Cl)cc(-n2ncc(=O)[nH]c2=O)cc1Cl
dicloxacillin_cid18381,,,dicloxacillin_cid18381.png,high,high,0.8956870029581593,exact,Dicloxacillin,Dicloxacillin,1.0,30,30,exact,exact,Dicloxacillin,False,False,False,False,1.0,True,True,0,1,,,,[H][C@]12SC(C)(C)[C@H](C(=O)O)N1C(=O)[C@H]2NC(=O)c1c(-c2c(Cl)cccc2Cl)noc1C
dideoxycytidine_cid24066,,,dideoxycytidine_cid24066.png,high,high,0.8817346229119513,exact,Dideoxycytidine,Dideoxycytidine,1.0,15,15,exact,exact,Dideoxycytidine,False,False,False,False,1.0,True,True,0,1,,,,Nc1ccn([C@H]2CC[C@@H](CO)O2)c(=O)n1
diethylpropion_hydrochloride_cid91442,,,diethylpropion_hydrochloride_cid91442.png,high,high,0.9158277571985932,exact,Diethylpropion Hydrochloride,Diethylpropion Hydrochloride,1.0,16,16,exact,exact,Diethylpropion Hydrochloride,False,False,False,False,1.0,True,True,0,2,,,,CCN(CC)C(C)C(=O)c1ccccc1.Cl
difamilast_cid57855696,,,difamilast_cid57855696.png,high,high,0.9141830185349353,exact,Difamilast,Difamilast,1.0,32,32,exact,exact,Difamilast,False,False,False,False,1.0,True,True,0,1,,,,CCOc1ccccc1C(=O)NCc1coc(-c2ccc(OC(F)F)c(OC(C)C)c2)n1
difetarsone_sodium_anhydrous_cid68198,,,difetarsone_sodium_anhydrous_cid68198.png,high,high,0.9086054882613059,wrong,,Difetarsone sodium anhydrous,0.893,26,26,salt,salt,Difetarsone sodium anhydrous,False,False,False,False,0.893,True,False,1,3,,[Na+],,O=[As]([O-])(O)c1ccc(NCCNc2ccc([As](=O)(O)O)cc2)cc1.[Na+].[Na+]
diflucortolone_valerate_cid91670,,,diflucortolone_valerate_cid91670.png,high,high,0.8721590346876493,stereo,Diflucortolone Valerate,Diflucortolone Valerate,1.0,34,34,stereo,stereo,Diflucortolone Valerate,False,False,False,False,1.0,True,True,0,1,,,,[H][C@@]12C[C@H](F)C3=CC(=O)C=C[C@]3(C)[C@@]1(F)[C@H](O)C[C@]1(C)[C@@H](C(=O)COC(=O)CCCC)[C@H](C)C[C@@]21[H]
difluprednate_cid443936,,,difluprednate_cid443936.png,low,low,0.7614923596728428,stereo,Difluprednate,Difluprednate,1.0,36,36,stereo,stereo,Difluprednate,False,False,False,False,1.0,True,True,0,1,,,,[H][C@@]12CC[C@](OC(=O)CCC)(C(=O)COC(C)=O)[C@@]1(C)C[C@@H](O)[C@@]1(F)[C@@]2([H])C[C@H](F)C2=CC(=O)C=C[C@@]21C
digitonin_cid6474107,,,digitonin_cid6474107.png,low,low,1.050339109816997e-14,invalid,,,,,,invalid,invalid,,False,False,False,False,,False,,,,,,,[H]C(C[CH]OCOC([CH]OC1OC(CO)C(O)C(OC2OCC(O)C(O)C2O)C1OC1OC(CO)C(O)C(OC2OC(CO)C(O)C(O)C2O)C1O)CO)C1C([H])CCC234CC25(C)CCC2(C)C6([H])C(C)C7(CCC(C)CO7)OC6([H])C(O)C23([H])C5(C)C14
dihydroergotamine_cid10531,,,dihydroergotamine_cid10531.png,low,low,0.1051119289320118,wrong,,Dihydroergotamine,0.491,46,43,wrong,wrong,,False,False,False,False,0.491,False,False,3,1,,,,CN1C[C@H](C(=O)N[C@]2(C)O[C@]3(O)N(C2=O)[C@@H](Cc2ccccc2)C(=O)N2CCC[C@@]23O)C[C@]2(O)c3cccc4[nH]cc(c34)C[C@@]12O
dimethyl_fumarate_cid637568,,,dimethyl_fumarate_cid637568.png,high,high,0.9087502976826644,exact,Dimethyl Fumarate,Dimethyl Fumarate,1.0,10,10,exact,exact,Dimethyl Fumarate,False,False,False,False,1.0,True,True,0,1,,,,COC(=O)/C=C/C(=O)OC
dinaciclib_cid46926350,,,dinaciclib_cid46926350.png,high,high,0.9145012891747545,wrong,,Dinaciclib,0.845,29,29,wrong,wrong,,False,False,False,False,0.845,False,False,1,1,,,,CCc1cnn2c(NCc3ccc[n+](O)c3)cc(N3CCCC[C@H]3CCO)nc12
diphenyl_diselenide_cid15460,,,diphenyl_diselenide_cid15460.png,high,high,0.8814305830258851,exact,Diphenyl diselenide,Diphenyl diselenide,1.0,14,14,exact,exact,Diphenyl diselenide,False,False,False,False,1.0,True,True,0,1,,,,c1ccc([Se][Se]c2ccccc2)cc1
diquafosol_cid148197,,,diquafosol_cid148197.png,low,low,0.0001458626723465625,stereo,Diquafosol,Diquafosol,1.0,49,49,stereo,stereo,Diquafosol,False,False,False,False,1.0,True,True,0,1,,,,O=c1ccn([C@@H]2O[C@H](COP(=O)(O)OP(=O)(O)OP(=O)(O)OP(=O)(O)OC[C@H]3O[C@@H](n4ccc(=O)[nH]c4=O)[C@@H](O)[C@@H]3O)[C@@H](O)C2O)c(=O)[nH]1
diroximel_fumarate_cid73330464,,,diroximel_fumarate_cid73330464.png,high,high,0.894759756060144,exact,Diroximel Fumarate,Diroximel Fumarate,1.0,18,18,exact,exact,Diroximel Fumarate,False,False,False,False,1.0,True,True,0,1,,,,COC(=O)/C=C/C(=O)OCCN1C(=O)CCC1=O
distigmine_cid3116,,,distigmine_cid3116.png,low,low,0.03194350286502266,invalid,,,,,,invalid,invalid,,False,False,False,False,,False,,,,,,,CN(CCCCCCN(C)C(=O)OC1=CC=C[N+](C)=C1)C(=O)OC1=CC=CN(C)=C1
dolasetron_mesylate_cid3033817,,,dolasetron_mesylate_cid3033817.png,low,low,0.4649860982224109,wrong,,Dolasetron mesylate,0.585,29,29,wrong,wrong,,False,False,False,False,0.585,False,True,0,2,,,,CS(=O)(=O)O.[H][C@]12CC(OC(=O)c3c[nH]c4ccccc34)C[C@@]3([H])NCC(=O)C(C1)C23
doxapram_cid3156,,,doxapram_cid3156.png,high,high,0.8998481568185732,exact,Doxapram,Doxapram,1.0,28,28,exact,exact,Doxapram,False,False,False,False,1.0,True,True,0,1,,,,CCN1CC(CCN2CCOCC2)C(c2ccccc2)(c2ccccc2)C1=O
dromostanolone_cid6011,,,dromostanolone_cid6011.png,low,low,0.6528291235501477,invalid,,,,,,invalid,invalid,,False,False,False,False,,False,,,,,,,*C12CCC3([H])CC(=O)C(B)CC3(C)C13C1C4C3C1C41(C)C(O)CCC21[H] |$CN;;;;;;;;;;;;;;;;;;;;;;;;;;$|
dsm_265_cid51347395,,,dsm_265_cid51347395.png,high,high,0.9059035293696914,wrong,,Dsm-265,0.848,27,27,wrong,wrong,,False,False,False,False,0.848,False,False,5,1,,,,Cc1cc(Nc2ccc(S(F)(F)(F)(F)F)cc2)n2nc(C(F)(F)F)nc2n1
duocarmycin_sa_cid115369,,,duocarmycin_sa_cid115369.png,low,low,0.6414066118097633,exact,Duocarmycin Sa,Duocarmycin Sa,1.0,35,35,exact,exact,Duocarmycin Sa,False,False,False,False,1.0,True,True,0,1,,,,[H][C@@]12CN(C(=O)c3cc4cc(OC)c(OC)c(OC)c4[nH]3)C3=CC(=O)c4[nH]c(C(=O)OC)cc4[C@]31C2
eberconazole_cid72051,,,eberconazole_cid72051.png,high,high,0.910902999810303,exact,Eberconazole,Eberconazole,1.0,22,22,exact,exact,Eberconazole,False,False,False,False,1.0,True,True,0,1,,,,Clc1cc(Cl)c2c(c1)CCc1ccccc1C2n1ccnc1
ecabet_sodium_cid23663982,,,ecabet_sodium_cid23663982.png,high,high,0.8902941396073747,exact,Ecabet sodium,Ecabet sodium,1.0,27,27,exact,exact,Ecabet sodium,False,False,False,False,1.0,True,True,0,2,,,,[H][C@@]12CCc3cc(C(C)C)c(S(=O)(=O)[O-])cc3[C@@]1(C)CCC[C@@]2(C)C(=O)O.[Na+]
echinocandin_b_cid9898144,,,echinocandin_b_cid9898144.png,low,low,1.781482423442059e-09,invalid,,,,,,invalid,invalid,,False,False,False,False,,False,,,,,,,[H]C1N[CH]C(C(C)O)C(O)C(CCCCCCCC=CCC=CCCCCC)C1(=O)[CH]12N(C(=O)CCCCCCCC=CCC=CCCCCC)[CH]13(C(=O)C(O)C(O)NC(=O)C1([H])C(O)C(C)CN1C(=O)C(OC1=CC=C(O)C=C1)C(C)O)C(=O)NC(C(C)O)C23=O
elinogrel_cid16066663,,,elinogrel_cid16066663.png,high,high,0.9064078951665681,exact,Elinogrel,Elinogrel,1.0,34,34,exact,exact,Elinogrel,False,False,False,False,1.0,True,True,0,1,,,,CNc1cc2[nH]c(=O)n(-c3ccc(NC(=O)NS(=O)(=O)c4ccc(Cl)s4)cc3)c(=O)c2cc1F
elinzanetant_cid16063568,,,elinzanetant_cid16063568.png,low,low,0.6012296961893551,exact,Elinzanetant,Elinzanetant,1.0,47,47,exact,exact,Elinzanetant,False,False,False,False,1.0,True,True,0,1,,,,[H][C@]12COCCN1C[C@@H](CO)N(c1cc(-c3ccc(F)cc3C)c(N(C)C(=O)C(C)(C)c3cc(C(F)(F)F)cc(C(F)(F)F)c3)cn1)C2
eliprodil_cid60703,,,eliprodil_cid60703.png,high,high,0.9097075698990787,exact,Eliprodil,Eliprodil,1.0,24,24,exact,exact,Eliprodil,False,False,False,False,1.0,True,True,0,1,,,,OC(CN1CCC(Cc2ccc(F)cc2)CC1)c1ccc(Cl)cc1
elmustine_cid68804,,,elmustine_cid68804.png,high,high,0.8935305403374261,exact,Elmustine,Elmustine,1.0,12,12,exact,exact,Elmustine,False,False,False,False,1.0,True,True,0,1,,,,O=NN(CCCl)C(=O)NCCO
elobixibat_cid9939892,,,elobixibat_cid9939892.png,high,high,0.8786251009860567,wrong,,Elobixibat,0.798,48,48,wrong,wrong,,False,False,False,False,0.798,False,True,0,1,,,,[CH2-][SH+]c1cc2c(cc1OCC(=O)N[C@@H](C(=O)NCC(=O)O)c1ccccc1)S(=O)(=O)CC(CCCC)(CCCC)CN2c1ccccc1
elsubrutinib_cid117773770,,,elsubrutinib_cid117773770.png,high,high,0.9215491351077134,exact,Elsubrutinib,Elsubrutinib,1.0,22,22,exact,exact,Elsubrutinib,False,False,False,False,1.0,True,True,0,1,,,,C=CC(=O)N1CCC[C@@H](c2ccc(C(N)=O)c3[nH]ccc23)C1
eluxadoline_cid11250029,,,eluxadoline_cid11250029.png,high,high,0.90800721429759,exact,Eluxadoline,Eluxadoline,1.0,42,42,exact,exact,Eluxadoline,False,False,False,False,1.0,True,True,0,1,,,,COc1ccc(CN(C(=O)[C@@H](N)Cc2c(C)cc(C(N)=O)cc2C)[C@@H](C)c2ncc(-c3ccccc3)[nH]2)cc1C(=O)O
enadoline_cid60768,,,enadoline_cid60768.png,high,high,0.9176434432807458,exact,Enadoline,Enadoline,1.0,29,29,exact,exact,Enadoline,False,False,False,False,1.0,True,True,0,1,,,,CN(C(=O)Cc1cccc2occc12)[C@H]1CC[C@@]2(CCCO2)C[C@@H]1N1CCCC1
enisamium_iodide_cid10089466,,,enisamium_iodide_cid10089466.png,high,high,0.9157070970356619,exact,Enisamium Iodide,Enisamium Iodide,1.0,18,18,exact,exact,Enisamium Iodide,False,False,False,False,1.0,True,True,0,2,,,,C[n+]1ccc(C(=O)NCc2ccccc2)cc1.[I-]
enmetazobactam_cid23653540,,,enmetazobactam_cid23653540.png,low,low,0.814878500007182,exact,Enmetazobactam,Enmetazobactam,1.0,21,21,exact,exact,Enmetazobactam,False,False,False,False,1.0,True,True,0,1,,,,[H][C@@]12CC(=O)N1[C@@H](C(=O)[O-])[C@](C)(Cn1cc[n+](C)n1)S2(=O)=O
epidermin_cid70698381,,,epidermin_cid70698381.png,low,low,4.24459738163824e-22,invalid,,,,,,invalid,invalid,,False,False,False,False,,False,,,,,,,CCC(C)[CH]N.O.[H]C1OC23(C4[CH]2(C=C2([H])C[CH]C12)O[CH]4125N(C4=CC=CC=C4)[CH]14C21=C45=C1O)C124=O=C=13(=O)(=O=2)O=41[CH][CH]1(=O)NCCNC[CH]NC1[CH]NC2[CH]N3C4C5(=O=C436[CH]34CO(CC)C3[CH]563N5C6(=O)[CH]7(C(O)CCC8CO87)[CH]67(O)C[CH]5(O)N43C7O3CC3)OC2CNC1CN[CH]CC
eplerenone_cid443872,,,eplerenone_cid443872.png,low,low,0.8402209979101956,wrong,,Eplerenone,0.581,31,30,wrong,wrong,,False,False,False,False,0.581,False,False,2,1,,,,[H][C@@]12CC[C@@]3(CCC(=O)O3)[C@@]1(C)C[C@@]1([H])O[C@@]13[C@@]2([Ti])[C@H](C(=O)OC)CC1=CC(=O)CC[C@@]13C
eprosartan_cid5281037,,,eprosartan_cid5281037.png,high,high,0.9107323251246348,exact,Eprosartan,Eprosartan,1.0,30,30,exact,exact,Eprosartan,False,False,False,False,1.0,True,True,0,1,,,,CCCCc1ncc(/C=C(\Cc2cccs2)C(=O)O)n1Cc1ccc(C(=O)O)cc1
eptazocine_cid3042090,,,eptazocine_cid3042090.png,low,low,0.5211989794946351,invalid,,,,,,invalid,invalid,,False,False,False,False,,False,,,,,,,CN1CCC23(C)CC2(CC2=C3C=C(O)C=C2)C1
equilin_cid223368,,,equilin_cid223368.png,high,high,0.8999817265908843,exact,Equilin,Equilin,1.0,20,20,exact,exact,Equilin,False,False,False,False,1.0,True,True,0,1,,,,[H][C@]12CC[C@]3(C)C(=O)CC[C@@]3([H])C1=CCc1cc(O)ccc12
eremomycin_cid122131,,,eremomycin_cid122131.png,low,low,2.012834977662455e-09,invalid,,,,,,invalid,invalid,,False,False,False,False,,False,,,,,,,[H]C1NC(=O)C(O)(C2=CC=C(O)C=C2)NC(=O)C23([H])C=CC=C4(OC5OC(CO)C(O)C(O)C5OCCC(C)(C)N)C(=CC2=CC4OC=CC=CC1([H])OC1CC(C)(N)C(O)C(C)O1)OC1=C(Cl)C=C(C=C1)C([H])(O)C([H])(NC(=O)C(CC(C)C)NC)C(=O)NC([H])(CC(N)=O)C(=O)N3
eritoran_cid6912404,,,eritoran_cid6912404.png,low,low,1.886723857825997e-16,wrong,,Eritoran,0.684,88,89,wrong,wrong,,False,False,False,False,0.684,False,False,3,1,,,,CCCCCC/C=C\CCCCCCCCCC(=O)NC1[C@H](O[C@@H]2O[C@H](O[PH](O)(O)O)[C@@H](NC(=O)CC(=O)CCCCCCCCCCC)C(OCCCCCCCCCC)[C@H]2O)O[C@H](COC)[C@@H](O[PH](O)(O)O)[C@@H]1OCCC(CCCCCCC)OC
erythritol_cid222285,,,erythritol_cid222285.png,high,high,0.903653155424859,exact,Erythritol,Erythritol,1.0,8,8,exact,exact,Erythritol,False,False,False,False,1.0,True,True,0,1,,,,OC[C@@H](O)[C@@H](O)CO
esorubicin_cid152036,,,esorubicin_cid152036.png,low,low,0.8026859192645825,exact,Esorubicin,Esorubicin,1.0,38,38,exact,exact,Esorubicin,False,False,False,False,1.0,True,True,0,1,,,,COc1cccc2c1C(=O)c1c(O)c3c(c(O)c1C2=O)C[C@@](O)(C(=O)CO)C[C@@H]3O[C@H]1C[C@H](N)C[C@H](C)O1
ethyl_pyruvate_cid12041,,,ethyl_pyruvate_cid12041.png,high,high,0.9064392401150888,exact,Ethyl pyruvate,Ethyl pyruvate,1.0,8,8,exact,exact,Ethyl pyruvate,False,False,False,False,1.0,True,True,0,1,,,,CCOC(=O)C(C)=O
etonogestrel_cid6917715,,,etonogestrel_cid6917715.png,low,low,0.3986606271831613,wrong,,Etonogestrel,0.493,25,24,wrong,wrong,,False,False,False,False,0.493,False,False,3,1,,,,*[C@@]12CCC3=CC(=O)CC[C@]3([H])[C@@]1(C)C(=C)C[C@@]1(CC)[C@@]2([H])CC[C@]1(O)C#C |$DlI;;;;;;;;;;;;;;;;;;;;;;;;;;;$|
evobrutinib_cid71479709,,,evobrutinib_cid71479709.png,high,high,0.9267017471031936,exact,Evobrutinib,Evobrutinib,1.0,32,32,exact,exact,Evobrutinib,False,False,False,False,1.0,True,True,0,1,,,,C=CC(=O)N1CCC(CNc2ncnc(N)c2-c2ccc(Oc3ccccc3)cc2)CC1
evofosfamide_cid11984561,,,evofosfamide_cid11984561.png,high,high,0.9001990185001425,exact,Evofosfamide,Evofosfamide,1.0,21,21,exact,exact,Evofosfamide,False,False,False,False,1.0,True,True,0,1,,,,Cn1c(COP(=O)(NCCBr)NCCBr)cnc1[N+](=O)[O-]
examorelin_cid6918297,,,examorelin_cid6918297.png,low,low,0.02824051042060226,stereo,Examorelin,Examorelin,1.0,65,65,stereo,stereo,Examorelin,False,False,False,False,1.0,True,True,0,1,,,,Cc1[nH]c2ccccc2c1CC(NC(=O)[C@@H](N)Cc1cnc[nH]1)C(=O)N[C@@H](C)C(=O)N[C@H](Cc1c[nH]c2ccccc12)C(=O)N[C@H](Cc1ccccc1)C(=O)N[C@H](CCCCN)C(N)=O
ezlopitant_cid188927,,,ezlopitant_cid188927.png,low,low,0.1033840937018857,invalid,,,,,,invalid,invalid,,False,False,False,False,,False,,,,,,,[H]C1(C(C2=CC=CC=C2)C2=CC=CC=C2)C2([H])(NCC3=CC(C(C)C)=CC=C3OC)C34CC256C3CN23CCC1425C6C3
ezogabine_cid121892,,,ezogabine_cid121892.png,high,high,0.9221554840320917,exact,Ezogabine,Ezogabine,1.0,22,22,exact,exact,Ezogabine,False,False,False,False,1.0,True,True,0,1,,,,CCOC(=O)Nc1ccc(NCc2ccc(F)cc2)cc1N
falecalcitriol_cid5282190,,,falecalcitriol_cid5282190.png,low,low,0.3920739491846537,stereo,Falecalcitriol,Falecalcitriol,1.0,36,36,stereo,stereo,Falecalcitriol,False,False,False,False,1.0,True,True,0,1,,,,[H][C@@]12CC[C@H]([C@H](C)CCCC(O)(C(F)(F)F)C(F)(F)F)[C@@]1(C)CCC/C2=C\C=C1\C[C@@H](O)C[C@@H](O)C1=C
famitinib_cid16662431,,,famitinib_cid16662431.png,high,high,0.8992449383350201,exact,Famitinib,Famitinib,1.0,30,30,exact,exact,Famitinib,False,False,False,False,1.0,True,True,0,1,,,,CCN(CC)CCN1CCc2[nH]c(/C=C3\C(=O)Nc4ccc(F)cc43)c(C)c2C1=O
fendiline_cid3336,,,fendiline_cid3336.png,high,high,0.917037319986598,exact,Fendiline,Fendiline,1.0,24,24,exact,exact,Fendiline,False,False,False,False,1.0,True,True,0,1,,,,CC(NCCC(c1ccccc1)c1ccccc1)c1ccccc1
fexuprazan_cid122662112,,,fexuprazan_cid122662112.png,high,high,0.9005586406261133,exact,Fexuprazan,Fexuprazan,1.0,28,28,exact,exact,Fexuprazan,False,False,False,False,1.0,True,True,0,1,,,,CNCc1cn(S(=O)(=O)c2cccc(F)c2)c(-c2ccc(F)cc2F)c1OC
finerenone_cid60150535,,,finerenone_cid60150535.png,high,high,0.9144968225575483,exact,Finerenone,Finerenone,1.0,28,28,exact,exact,Finerenone,False,False,False,False,1.0,True,True,0,1,,,,CCOc1ncc(C)c2c1[C@H](c1ccc(C#N)cc1OC)C(C(N)=O)=C(C)N2
firocoxib_cid208910,,,firocoxib_cid208910.png,high,high,0.910832416043161,exact,Firocoxib,Firocoxib,1.0,23,23,exact,exact,Firocoxib,False,False,False,False,1.0,True,True,0,1,,,,CC1(C)OC(=O)C(OCC2CC2)=C1c1ccc(S(C)(=O)=O)cc1
flavoxate_cid3354,,,flavoxate_cid3354.png,high,high,0.9105950321973438,exact,Flavoxate,Flavoxate,1.0,29,29,exact,exact,Flavoxate,False,False,False,False,1.0,True,True,0,1,,,,Cc1c(-c2ccccc2)oc2c(C(=O)OCCN3CCCCC3)cccc2c1=O
flomoxef_cid65864,,,flomoxef_cid65864.png,high,high,0.8745342298349182,exact,Flomoxef,Flomoxef,1.0,32,32,exact,exact,Flomoxef,False,False,False,False,1.0,True,True,0,1,,,,[H][C@]12OCC(CSc3nnnn3CCO)=C(C(=O)O)N1C(=O)[C@]2(NC(=O)CSC(F)F)OC
flotufolastat_cid149063248,,,flotufolastat_cid149063248.png,low,low,6.458411112895588e-31,invalid,,,,,,invalid,invalid,,False,False,False,False,,False,,,,,,,CC(C)[Si](C)(C1=CC=CC2(=O)NC3C456CC347N53C45(=O)C8C9C4(C4%10C%11%12C%13%14C%15C%16C(N(CC(=O)O)C%17CN%17(CC(=O)O)CCN9%134%11N%14%10%12C(=O)O)N%16%15CC(=O)O)C83(=O)N5C(CNC(=O)C23=CC=C([Si](C)(C(C)(C)C)C(C)(C)C)C1=C3)C67(=O)N[CH]CCCCNC(=O)CCC(=O)NCCC[CH]NC(=O)CC[CH]NC(=O)NC(CCC(=O)O)C(=O)O)C(C)(C)C
fluciclovine_cid10820564,,,fluciclovine_cid10820564.png,high,high,0.8899669417633149,exact,Fluciclovine,Fluciclovine,1.0,9,9,exact,exact,Fluciclovine,False,False,False,False,1.0,True,True,0,1,,,,NC1(C(=O)O)CC(F)C1
flucloxacillin_cid21319,,,flucloxacillin_cid21319.png,high,high,0.8933635128376427,exact,Flucloxacillin,Flucloxacillin,1.0,30,30,exact,exact,Flucloxacillin,False,False,False,False,1.0,True,True,0,1,,,,[H][C@]12SC(C)(C)[C@H](C(=O)O)N1C(=O)[C@H]2NC(=O)c1c(-c2c(F)cccc2Cl)noc1C
fluorodopa_cid107730,,,fluorodopa_cid107730.png,high,high,0.9163693107750671,exact,Fluorodopa,Fluorodopa,1.0,15,15,exact,exact,Fluorodopa,False,False,False,False,1.0,True,True,0,1,,,,N[C@@H](Cc1cc(O)c(O)cc1F)C(=O)O
flupirtine_cid53276,,,flupirtine_cid53276.png,high,high,0.9181679465177413,exact,Flupirtine,Flupirtine,1.0,22,22,exact,exact,Flupirtine,False,False,False,False,1.0,True,True,0,1,,,,CCOC(=O)Nc1ccc(NCc2ccc(F)cc2)nc1N
flurandrenolide_cid15209,,,flurandrenolide_cid15209.png,low,low,0.05413996234236308,invalid,,,,,,invalid,invalid,,False,False,False,False,,False,,,,,,,*C123CC1456C[CH]([Fm])C1=CC(=O)CCC127(C)CCC(=O)C=C7[CH]([Fm])C4C3(C5)C61([H])CC2([H])OC(C)(C)OC2(C(=O)CO)C1C |$Et;;;;;;;;;;;;;;;;;;;;;;;;;;;;;;;;;;;;;;;;;;$|
folic_acid_cid135398658,,,folic_acid_cid135398658.png,high,high,0.9024446329260032,exact,Folic Acid,Folic Acid,1.0,32,32,exact,exact,Folic Acid,False,False,False,False,1.0,True,True,0,1,,,,Nc1nc2ncc(CNc3ccc(C(=O)N[C@@H](CCC(=O)O)C(=O)O)cc3)nc2c(=O)[nH]1
friulimicin_b_cid56842195,,,friulimicin_b_cid56842195.png,low,low,1.796747528920189e-23,invalid,,,,,,invalid,invalid,,False,False,False,False,,False,,,,,,,[H]C123CCCCN1(C)C(=O)C1C(C)NC4(=O)C56OC4789(O)N4%10%11%12%13C5%14(=O)N65%15%16C(=O)C(CC(=O)O)N6C%17%18(=O)N%19C%20%21(=O)C4%22%23%24(O)C4%25(C(=O)N[CH]%26(CC(=O)O)[CH]%27%28[CH]%29(C)[CH]%30(C(C)=O)C(=O)N[CH]%26%275%10%31%32%33N(CC(=O)NC(CC(=O)O)C(=O)NCC(=O)NC(C)CC%30(=O)N[CH]%29%28%31[CH]6%19%32CC(=O)O)C%157%11%335(=O)C4%17%20%228%12(O)C%25%14%18%21%16%239%135O)C45=O=C42C1C53%24=O
fudosteine_cid134669,,,fudosteine_cid134669.png,high,high,0.9034968885732148,exact,Fudosteine,Fudosteine,1.0,11,11,exact,exact,Fudosteine,False,False,False,False,1.0,True,True,0,1,,,,N[C@@H](CSCCCO)C(=O)O
fungichromin_cid5282200,,,fungichromin_cid5282200.png,low,low,3.461601403295674e-08,invalid,,,,,,invalid,invalid,,False,False,False,False,,False,,,,,,,CCCCC[CH]1(O)[CH]2345C6O[CH]C(O)C=CC=CC=CC=CC=C7C(O)[CH]8(O)[CH]9(O)C%10%11[CH]%12(O)C[CH]%108(O)[CH]9(O)[CH]7(O)C(C)=CC=CC=CC=CC=CC(O)[CH]OC27(=O)C(C(O)C[CH]O)[CH]328O[CH]43(O)(C[CH]49(O)C%10C(O)C%13%14[CH](O)(C4[CH]%10(O)C923)C2[CH]%13(O)C3[CH]%11(O)C%12[CH]23%14O)[CH]6178[CH]5(O)CCCCC
gabexate_cid3447,,,gabexate_cid3447.png,high,high,0.9030573069773843,exact,Gabexate,Gabexate,1.0,23,23,exact,exact,Gabexate,False,False,False,False,1.0,True,True,0,1,,,,CCOC(=O)c1ccc(OC(=O)CCCCCN=C(N)N)cc1
gadobenate_dimeglumine_cid6918204,,,gadobenate_dimeglumine_cid6918204.png,low,low,5.07566206932667e-05,wrong,,Gadobenate Dimeglumine,0.968,63,63,near,near,,False,False,False,False,0.968,False,False,1,4,,CNC[C@H](O)[C@@H](O)[C@H](O)[C@H](O)CO,,CNC[C@H](O)[C@@H](O)[C@H](O)[C@H](O)CO.CNC[C@H](O)[C@@H](O)[C@H](O)[C@H](O)CO.O=C([O-])CN(CCN(CCN(CC(=O)O)[C@H](COCc1ccccc1)C(=O)[O-])CC(=O)O)CC(=O)O.[Gd+2]
gadofosveset_trisodium_cid73049652,,,gadofosveset_trisodium_cid73049652.png,high,high,0.8535061988240733,wrong,,Gadofosveset Trisodium,0.935,54,55,near,near,,False,False,False,False,0.935,False,False,4,4,,[Na+],,O=C([O-])CN(CCN(CC(=O)O)CC(=O)O)C[C@@H](COP(=O)([O-])OC1CCC(c2ccccc2)(c2ccccc2)CC1)N(CC(=O)[O-])CC(=O)O.[Gd+3].[Na+].[Na+] |^1:51|
gadoversetamide_cid444013,,,gadoversetamide_cid444013.png,low,low,0.0003059483175220257,wrong,,Gadoversetamide,0.889,36,36,skeleton,skeleton,,False,False,False,False,0.889,True,False,1,2,,,,COCCNC(=O)CN(CCN(CCN(CC(=O)[O-])CC(=O)NCCOC)CC(=O)O)CC(=O)[O-].[Gd+3] |^1:35|
gallidermin_cid73348284,,,gallidermin_cid73348284.png,low,low,8.424521270745856e-26,invalid,,,,,,invalid,invalid,,False,False,False,False,,False,,,,,,,[H]C(CC[CH]NC(=O)CNC(=O)CN[CH]C(=O)NC[CH]NC(=O)CN=C1CCCN1[CH]C1NC2=O=C13NC1C(=O)[CH]14(C(=O)NC1CC1[CH]C(=O)C(C)NC(=O)C1N[CH]1(C)CC)[CH]C4NC1(=C(CC=CN)NC1=O)[CH]1(N4=C=C4CC=CN)CC1C[CH]23CCC)NC(=O)[CH]NC=C1OC1NC1=C=C12CC2(N)=O
garenoxacin_cid124093,,,garenoxacin_cid124093.png,high,high,0.8984282642484854,exact,Garenoxacin,Garenoxacin,1.0,31,31,exact,exact,Garenoxacin,False,False,False,False,1.0,True,True,0,1,,,,C[C@H]1NCc2cc(-c3ccc4c(=O)c(C(=O)O)cn(C5CC5)c4c3OC(F)F)ccc21
gedatolisib_cid44516953,,,gedatolisib_cid44516953.png,low,low,0.8264654940534367,exact,Gedatolisib,Gedatolisib,1.0,45,45,exact,exact,Gedatolisib,False,False,False,False,1.0,True,True,0,1,,,,CN(C)C1CCN(C(=O)c2ccc(NC(=O)Nc3ccc(-c4nc(N5CCOCC5)nc(N5CCOCC5)n4)cc3)cc2)CC1
gemeprost_cid5282237,,,gemeprost_cid5282237.png,high,high,0.900723374020582,stereo,Gemeprost,Gemeprost,1.0,28,28,stereo,stereo,Gemeprost,False,False,False,False,1.0,True,True,0,1,,,,CCCCC(C)(C)[C@@H](O)C=C[C@H]1[C@H](O)CC(=O)[C@@H]1CCCC/C=C/C(=O)OC
glibornuride_cid12818200,,,glibornuride_cid12818200.png,high,high,0.8908141956792159,exact,Glibornuride,Glibornuride,1.0,25,25,exact,exact,Glibornuride,False,False,False,False,1.0,True,True,0,1,,,,[H][C@@]12CC[C@@](C)([C@@H](O)[C@H]1NC(=O)NS(=O)(=O)c1ccc(C)cc1)C2(C)C
glufosfamide_cid123628,,,glufosfamide_cid123628.png,high,high,0.8806370876100476,exact,Glufosfamide,Glufosfamide,1.0,22,22,exact,exact,Glufosfamide,False,False,False,False,1.0,True,True,0,1,,,,O=P(NCCCl)(NCCCl)O[C@@H]1O[C@H](CO)[C@@H](O)[C@H](O)[C@H]1O
granisetron_hydrochloride_cid49799997,,,granisetron_hydrochloride_cid49799997.png,low,low,0.02654676223010285,invalid,,,,,,invalid,invalid,,False,False,False,False,,False,,,,,,,Cl.[H]C123C4CCC5C467([H])CCCC4CC8(NC(=O)C9=NN(C)C%10=C9C=CC=C%10)CCC451(C8)(N26C)N37C
grapiprant_cid11677589,,,grapiprant_cid11677589.png,high,high,0.89724243286484,exact,Grapiprant,Grapiprant,1.0,35,35,exact,exact,Grapiprant,False,False,False,False,1.0,True,True,0,1,,,,CCc1nc2c(C)nc(C)cc2n1-c1ccc(CCNC(=O)NS(=O)(=O)c2ccc(C)cc2)cc1
hydroquinone_cid785,,,hydroquinone_cid785.png,high,high,0.8904569816889837,exact,Hydroquinone,Hydroquinone,1.0,8,8,exact,exact,Hydroquinone,False,False,False,False,1.0,True,True,0,1,,,,Oc1ccc(O)cc1
hydroxynorketamine_cid133669,,,hydroxynorketamine_cid133669.png,high,high,0.9209871466839689,exact,Hydroxynorketamine,Hydroxynorketamine,1.0,16,16,exact,exact,Hydroxynorketamine,False,False,False,False,1.0,True,True,0,1,,,,NC1(c2ccccc2Cl)CCCC(O)C1=O
hydroxypyridinone_cid69975,,,hydroxypyridinone_cid69975.png,high,low,0.8930626650777977,invalid,,,,,,invalid,invalid,,False,False,False,False,,False,,,,,,,O=C1=CCC=CN1O
hydroxyzine_cid3658,,,hydroxyzine_cid3658.png,high,high,0.9098094434180174,exact,Hydroxyzine,Hydroxyzine,1.0,26,26,exact,exact,Hydroxyzine,False,False,False,False,1.0,True,True,0,1,,,,OCCOCCN1CCN(C(c2ccccc2)c2ccc(Cl)cc2)CC1
ibogaine_cid197060,,,ibogaine_cid197060.png,low,low,0.0954205201657668,invalid,,,,,,invalid,invalid,,False,False,False,False,,False,,,,,,,[H]C12CC34([H])CN56(CCC7=C1NC1=C7C=C(OC)C=C1)C1([H])C3C45(CC)C216[H]
idoxuridine_cid5905,,,idoxuridine_cid5905.png,high,high,0.9035680602618367,exact,Idoxuridine,Idoxuridine,1.0,17,17,exact,exact,Idoxuridine,False,False,False,False,1.0,True,True,0,1,,,,O=c1[nH]c(=O)n([C@H]2C[C@H](O)[C@@H](CO)O2)cc1I
idrabiotaparinux_cid16202213,,,idrabiotaparinux_cid16202213.png,low,low,4.876869946097733e-26,invalid,,,,,,invalid,invalid,,False,False,False,False,,False,,,,,,,[H]C12NC(=O)NC1([H])[CH]1(CCCCC(=O)NCCCCCC(=O)NC34C(=OC(CO[Si](=O)(O)O)=C(OC)C3OC)O3[CH]56[CH]78O[CH]9%10%11C(O[CH]C(CO[Si](O)(O)O)O[CH]O[CH]C(OC)O%12C%13OC%12O%13C([CH]O[Si](O)O)C(=O)O)O9[CH]5(C(O)=O=C7(=O)O)[CH]3(C4OC)(O8%10)[CH]6(OC)C%11OC)OC21
iguratimod_cid124246,,,iguratimod_cid124246.png,high,high,0.9044968819525943,exact,Iguratimod,Iguratimod,1.0,26,26,exact,exact,Iguratimod,False,False,False,False,1.0,True,True,0,1,,,,CS(=O)(=O)Nc1cc2occ(NC=O)c(=O)c2cc1Oc1ccccc1
imidafenacin_cid6433090,,,imidafenacin_cid6433090.png,high,high,0.9079292050161768,exact,Imidafenacin,Imidafenacin,1.0,24,24,exact,exact,Imidafenacin,False,False,False,False,1.0,True,True,0,1,,,,Cc1nccn1CCC(C(N)=O)(c1ccccc1)c1ccccc1
imidapril_cid5464343,,,imidapril_cid5464343.png,high,high,0.865355567948094,exact,Imidapril,Imidapril,1.0,29,29,exact,exact,Imidapril,False,False,False,False,1.0,True,True,0,1,,,,CCOC(=O)[C@H](CCc1ccccc1)N[C@@H](C)C(=O)N1C(=O)N(C)C[C@H]1C(=O)O
imipenem_cid104838,,,imipenem_cid104838.png,high,high,0.909849668128444,stereo,Imipenem,Imipenem,1.0,20,20,stereo,stereo,Imipenem,False,False,False,False,1.0,True,True,0,1,,,,[H][C@]12CC(SCC/N=C/N)=C(C(=O)O)N1C(=O)[C@@H]2[C@@H](C)O
iseganan_cid16131103,,,iseganan_cid16131103.png,low,low,3.757675735629205e-18,invalid,,,,,,invalid,invalid,,False,False,False,False,,False,,,,,,,CC(C)CC(NC(=O)CNC(=O)CNC(=O)C(N)CCCNC(=N)N)C(=O)NC1COCCC2NC3C(C)(C)[CH]34NC(=O)[CH]356CSC3CNC(=O)C(C3=CC=C(O)C=C3)NC1(=O)[CH]COCC2C1NC1(=O)C(C(C)C)[CH]4(C)NC5(=O)NC6CCNC(=O)C(CCNC(N)=O)C(=O)NC1=O2=C1C=2(=O)NC(C)CCCNC(N)=O
istaroxime_cid9841834,,,istaroxime_cid9841834.png,low,low,0.3970830920621904,wrong,,Istaroxime,0.522,28,26,wrong,wrong,,False,False,False,False,0.522,False,False,3,1,,,,[H][C@@]12CCC(=O)[C@@]1(C)CC[C@@]1(Cl)[C@@]2(C)CC(=O)[C@@]2([H])C/C(=N/OCCN)CC[C@]12C
kanglemycin_a_cid139588980,,,kanglemycin_a_cid139588980.png,low,low,1.487388881961185e-07,wrong,,Kanglemycin A,0.672,68,70,wrong,wrong,,False,False,False,False,0.672,False,False,9,1,,,,[H]C1(OC(C)=O)[C@]([H])(C)[C@]([H])(O[C@@H]2C[C@]3([H])OCO[C@]3([H])[C@H](C)O2)C=C[C@H]2O[C@]3(C)Oc4c(O)c(O)c5c(c4C3=O)C(=O)C=C(NC(=O)/C(C)=C/C=C/[C]([C@@H](C)OC(=O)C(C)(C)CC(=O)O)[C@]([H])(C)[C@]([H])(O)[C@]21[H])C5=O |^1:53|
katanosin_b_cid139589288,,,katanosin_b_cid139589288.png,low,low,0.0001791027727619303,invalid,,,,,,invalid,invalid,,False,False,False,False,,False,,,,,,,CCCCC1NC(=O)C2NCC(NC(=O)C(CC(C)C)NC(=O)C(N)CC(C)C)C3OC(=O)C(CO)NC(=O)C(C(O)C(N)=O)NC(=O)CNC(=O)C(C(C)O)NC(=O)[CH]NCC(CCCN=C(N)N)NC1(=O)[CH]NC2(=O)[CH]NC[CH]3(C=C1C=CC1)NC(=O)C(CC(C)C)NC(=O)C(N)CC(C)C
kojic_acid_cid3840,,,kojic_acid_cid3840.png,high,high,0.9043957323682579,exact,Kojic Acid,Kojic Acid,1.0,10,10,exact,exact,Kojic Acid,False,False,False,False,1.0,True,True,0,1,,,,O=c1cc(CO)occ1O
kp_1019_cid133083029,,,kp_1019_cid133083029.png,high,high,0.9008483513428004,wrong,,KP-1019,0.967,31,32,near,near,,False,False,False,False,0.967,False,False,1,7,,[Cl-].[Cl-].[Cl-].c1ccc2[nH]ncc2c1,,[Cl-].[Cl-].[Cl-].[Cl-].c1ccc2[nH][nH+]cc2c1.c1ccc2[nH]ncc2c1.c1ccc2[nH]ncc2c1
l_homocysteine_cid91552,,,l_homocysteine_cid91552.png,high,high,0.88969511666226,exact,L-Homocysteine,L-Homocysteine,1.0,8,8,exact,exact,L-Homocysteine,False,False,False,False,1.0,True,True,0,1,,,,N[C@@H](CCS)C(=O)O
l_methylfolate_cid135398561,,,l_methylfolate_cid135398561.png,high,high,0.891234644216403,exact,L-Methylfolate,L-Methylfolate,1.0,33,33,exact,exact,L-Methylfolate,False,False,False,False,1.0,True,True,0,1,,,,CN1c2c(nc(N)[nH]c2=O)NC[C@@H]1CNc1ccc(C(=O)N[C@@H](CCC(=O)O)C(=O)O)cc1
l_ornithine_cid6262,,,l_ornithine_cid6262.png,high,high,0.8857607902247125,exact,L-(-)-Ornithine,L-(-)-Ornithine,1.0,9,9,exact,exact,L-(-)-Ornithine,False,False,False,False,1.0,True,True,0,1,,,,NCCC[C@H](N)C(=O)O
laidlomycin_cid71454116,,,laidlomycin_cid71454116.png,low,low,0.00042446329775779,stereo,Laidlomycin,Laidlomycin,1.0,49,49,stereo,stereo,Laidlomycin,False,False,False,False,1.0,True,True,0,1,,,,CCC(=O)OC([C@H](C)C(=O)O)[C@H](C)[C@@H]1O[C@]2(CC[C@@](C)([C@H]3CC[C@@](C)([C@@H]4O[C@H]([C@H]5O[C@](O)(CO)[C@H](C)C[C@@H]5C)C[C@@H]4C)O3)O2)C[C@H](O)[C@H]1C
laninamivir_cid502272,,,laninamivir_cid502272.png,high,high,0.9180567685846639,exact,Laninamivir,Laninamivir,1.0,24,24,exact,exact,Laninamivir,False,False,False,False,1.0,True,True,0,1,,,,CO[C@@H]([C@@H]1OC(C(=O)O)=C[C@H](N=C(N)N)[C@H]1NC(C)=O)[C@H](O)CO
lanraplenib_cid118161062,,,lanraplenib_cid118161062.png,high,high,0.9169576596214754,exact,Lanraplenib,Lanraplenib,1.0,33,33,exact,exact,Lanraplenib,False,False,False,False,1.0,True,True,0,1,,,,Nc1cncc(-c2cn3ccnc3c(Nc3ccc(N4CCN(C5COC5)CC4)cc3)n2)n1
lapretolimod_ammonium_cid134687617,,,lapretolimod_ammonium_cid134687617.png,low,low,2.50388557221369e-31,invalid,,,,,,invalid,invalid,,False,False,False,False,,False,,,,,,,CCCCCCCC=CC=C12C3456=C7C189%10%11=C=3C7213(=O=4=8)(=O=5=9=[CH](O[CH]2(CCCCCCCC)C[CH]2(C(=O)NC2C(OCC4OC(O)C(NC(=O)CC(O)CCCCC5CC5CCCC)=C(O)C4O)OC(OC)C4C(O[CH]CCCCCCCCCCC)O(CC[CH]OCCCC)C24)O1)C=%103=CC=CCCCCCCCCC)C6%11=CCCCCCCCCCC
lasalocid_a_cid5360807,,,lasalocid_a_cid5360807.png,low,low,0.0009743456936720161,stereo,Lasalocid A,Lasalocid A,1.0,42,42,stereo,stereo,Lasalocid A,False,False,False,False,1.0,True,True,0,1,,,,CCC(C(=O)C(C)C(O)[C@H](C)CCc1ccc(C)c(O)c1C(=O)O)[C@H]1O[C@@](CC)([C@H]2CC[C@@](O)(CC)[C@H](C)O2)C[C@@H]1C
lasofoxifene_cid216416,,,lasofoxifene_cid216416.png,high,high,0.9062291554819649,exact,Lasofoxifene,Lasofoxifene,1.0,31,31,exact,exact,Lasofoxifene,False,False,False,False,1.0,True,True,0,1,,,,Oc1ccc2c(c1)CC[C@H](c1ccccc1)[C@@H]2c1ccc(OCCN2CCCC2)cc1
laspartomycin_cid139589219,,,laspartomycin_cid139589219.png,low,low,1.158923414652582e-11,invalid,,,,,,invalid,invalid,,False,False,False,False,,False,,,,,,,[H]C12CCCN1CC(C(C)CC)NC(=O)[CH]NC(=O)CC(=O)NC(=O)C(CC(=O)O)NC(=O)CNC(=O)C(CC(O)O)NC(=O)CNC(=O)C13(O)CCCCN1C(=O)[CH]1(CNC2=O)NC(=O)(C(CC(=O)O)NC(=O)CCCCCCCCCCCC(C)C)N1C3=O
laulimalide_cid6918457,,,laulimalide_cid6918457.png,low,low,0.6053865297222094,stereo,Laulimalide,Laulimalide,1.0,37,37,stereo,stereo,Laulimalide,False,False,False,False,1.0,True,True,0,1,,,,[H][C@]12CC=C[C@@]([H])(C/C=C/C(=O)O[C@H]([C@H](O)C=C[C@@H]3CC(C)=CCO3)C[C@]3([H])O[C@@]3([H])[C@@H](O)CC(=C)C[C@H](C)C1)O2
lenacapavir_sodium_cid153435888,,,lenacapavir_sodium_cid153435888.png,low,low,0.4191239320103954,wrong,,Lenacapavir Sodium,0.87,65,65,salt,salt,Lenacapavir Sodium,False,False,False,False,0.87,False,False,1,2,,,,[H][C@@]12C[C@]1([H])c1c(C(F)(F)F)nn(CC(=O)N[C@@H](Cc3cc(F)cc(F)c3)c3nc(C#CC(C)(C)S(C)(=O)=O)ccc3-c3ccc(Cl)c4c(NS(C)(=O)=O)nn(CC(F)(F)F)c34)c1C2(F)F.[Na+]
lercanidipine_cid65866,,,lercanidipine_cid65866.png,high,high,0.9138433699774001,exact,Lercanidipine,Lercanidipine,1.0,45,45,exact,exact,Lercanidipine,False,False,False,False,1.0,True,True,0,1,,,,COC(=O)C1=C(C)NC(C)=C(C(=O)OC(C)(C)CN(C)CCC(c2ccccc2)c2ccccc2)C1c1cccc([N+](=O)[O-])c1
levocabastine_cid54385,,,levocabastine_cid54385.png,high,high,0.8947369417852772,exact,Levocabastine,Levocabastine,1.0,31,31,exact,exact,Levocabastine,False,False,False,False,1.0,True,True,0,1,,,,C[C@@H]1CN([C@H]2CCC(C#N)(c3ccc(F)cc3)CC2)CC[C@]1(C(=O)O)c1ccccc1
ljn452_cid121418176,,,ljn452_cid121418176.png,low,low,0.6989912061625057,wrong,,Ljn452,0.793,42,42,wrong,wrong,,False,False,False,False,0.793,False,False,1,1,,,,[H][C@]12CC[C](CC(OCc3c(-c4ccccc4OC(F)(F)F)noc3C3CC3)C1)N2c1nc2c(F)cc(C(=O)O)cc2s1 |^1:4|
ln_1_255_cid23672118,,,ln_1_255_cid23672118.png,high,high,0.8925729594244889,exact,LN-1-255,LN-1-255,1.0,35,35,exact,exact,LN-1-255,False,False,False,False,1.0,True,True,0,2,,,,[H][C@@]12/C(=C\c3ccccn3)C(=O)N1[C@@H](C(=O)[O-])[C@](C)(COC(=O)Cc1ccc(O)c(O)c1)S2(=O)=O.[Na+]
lobeglitazone_cid9826451,,,lobeglitazone_cid9826451.png,low,low,0.06136687907720421,stereo,Lobeglitazone,Lobeglitazone,1.0,34,34,stereo,stereo,Lobeglitazone,False,False,False,False,1.0,True,True,0,1,,,,COc1ccc(Oc2cc(N(C)CCOc3ccc(C[C@H]4SC(=O)NC4=O)cc3)ncn2)cc1
lodoxamide_cid44564,,,lodoxamide_cid44564.png,high,high,0.9203257019487927,exact,Lodoxamide,Lodoxamide,1.0,21,21,exact,exact,Lodoxamide,False,False,False,False,1.0,True,True,0,1,,,,N#Cc1cc(NC(=O)C(=O)O)c(Cl)c(NC(=O)C(=O)O)c1
loteprednol_etabonate_cid444025,,,loteprednol_etabonate_cid444025.png,low,low,0.4366636380187999,wrong,,Loteprednol Etabonate,0.556,34,32,wrong,wrong,,False,False,False,False,0.556,False,False,3,1,,,,[H][C@@]12CC[C@](OC(=O)OCC)(C(=O)OCCl)[C@@]1(C)C[C@@H](O)[C@@]1(O)[C@]2(Cl)CCC2=CC(=O)C=C[C@@]21C
mabuterol_cid3995,,,mabuterol_cid3995.png,high,high,0.9081064489047481,exact,Mabuterol,Mabuterol,1.0,20,20,exact,exact,Mabuterol,False,False,False,False,1.0,True,True,0,1,,,,CC(C)(C)NCC(O)c1cc(Cl)c(N)c(C(F)(F)F)c1
malacidin_a_cid132282518,,,malacidin_a_cid132282518.png,low,low,1.053884326644712e-07,wrong,,Malacidin A,0.797,89,88,wrong,wrong,,False,False,False,False,0.797,False,False,3,1,,,,CC(C)CC/C=C\C=C\C(=O)NC(C(=O)NC1C(=O)N[C@@H](C(C)C)C(=O)N[C@@H](CCCCN)C(=O)N[C@@H]([C@@H](O)C(=O)O)C(=O)N[C@@H](CC(=O)O)C(=O)NCC(=O)N[C@@H]([C@@H](C)C(=O)O)C(=O)N[C@@H](C(C)C)C(=O)N2C[C@H](C)C[C@]2(C)C(=O)N[C@@H]1C)[C@@H](C)C(=O)O
mangafodipir_trisodium_cid160036,,,mangafodipir_trisodium_cid160036.png,high,high,0.8885795507767384,wrong,,Mangafodipir Trisodium,0.821,45,46,wrong,wrong,,False,False,False,False,0.821,False,False,3,7,,[H+].[H+].[Na+].[Na+],,Cc1ncc(COP(=O)([O-])[O-])c(CN(CCN(CC(=O)[O-])Cc2c(COP(=O)([O-])[O-])cnc(C)c2O)CC(=O)O)c1[O-].[H+].[H+].[H+].[Na+].[Na+].[Na+]
mannopeptimycin_alpha_cid139585504,,,mannopeptimycin_alpha_cid139585504.png,low,low,2.135392391931643e-09,invalid,,,,,,invalid,invalid,,False,False,False,False,,False,,,,,,,C[CH]12C3(=CC=CC=C3)C3(C)(C4=CC=CC=C4)[CH]14C1(NC(N)=O)=O=C45(=O)NC(CC4=CC=C(OC6OC(CO)C(OC7OC(CO)C(O)C(O)C7O)C(O)C6O)C=C4)C(=O)NC(C(O)C4CN=C(N)N4)C(=O)NC4C(=O)N[CH]O[CH]6(C(=O)N[CH]1235NC[CH]C4O)N1C(=O)C(O)C(O)[CH]16O
maytansinol_cid9915934,,,maytansinol_cid9915934.png,low,low,0.6586066889489416,wrong,,Maytansinol,0.863,39,39,near,near,,False,False,False,False,0.863,False,False,2,1,,,,[H][C@@]12O[C@@]1(C)[C@H](O)CC(=O)N(C)c1cc(cc(OC)[c]1[Cr])C/C(C)=C/C=C/[C@H](OC)[C@@]1(O)C[C@]([H])(OC(=O)N1)[C@H]2C
mefloquine_hydrochloride_cid65329,,,mefloquine_hydrochloride_cid65329.png,high,high,0.9004690885233695,exact,Mefloquine Hydrochloride,Mefloquine Hydrochloride,1.0,27,27,exact,exact,Mefloquine Hydrochloride,False,False,False,False,1.0,True,True,0,2,,,,Cl.O[C@@H](c1cc(C(F)(F)F)nc2c(C(F)(F)F)cccc12)[C@H]1CCCCN1
megazol_cid29698,,,megazol_cid29698.png,high,high,0.9139480186308313,exact,Megazol,Megazol,1.0,15,15,exact,exact,Megazol,False,False,False,False,1.0,True,True,0,1,,,,Cn1c([N+](=O)[O-])cnc1-c1nnc(N)s1
melagatran_cid183797,,,melagatran_cid183797.png,low,low,0.5483878325234176,wrong,,Melagatran,0.883,31,31,charge,charge,Melagatran,False,False,False,False,0.883,True,True,0,1,,,,[H]/N=C(\N)c1ccc(CNC(=O)[C@@H]2CCN2C(=O)[C@H](NCC(=O)O)C2CCCCC2)cc1
melogliptin_cid11623906,,,melogliptin_cid11623906.png,high,high,0.8938695175973677,exact,Melogliptin,Melogliptin,1.0,23,23,exact,exact,Melogliptin,False,False,False,False,1.0,True,True,0,1,,,,N#C[C@@H]1C[C@H](F)CN1C(=O)CN[C@@H]1CC[C@H](Cn2cncn2)C1
merbromin_cid9853537,,,merbromin_cid9853537.png,high,high,0.9022890198688485,wrong,,Merbromin,0.821,31,31,wrong,wrong,,False,False,False,False,0.821,False,False,0,4,,[Na+],,O=C([O-])c1ccccc1-c1c2cc(Br)c(=O)cc-2oc2[c]([Hg-])c([O-])c(Br)cc12.[Na+].[Na+].[OH-]
merotocin_cid76073634,,,merotocin_cid76073634.png,low,low,0.00014114553395637,stereo,Merotocin,Merotocin,1.0,73,73,stereo,stereo,Merotocin,False,False,False,False,1.0,True,True,0,1,,,,CC[C@H](C)[C@H]1NC(=O)[C@H](Cc2ccc(O)cc2)NC(=O)CCCSC[C@H](C(=O)N(CC(=O)N[C@@H](CC(C)C)C(=O)NCC(N)=O)Cc2ccc(F)cc2)NC(=O)[C@H](CC(N)=O)NC(=O)[C@H](CCC(N)=O)NC1=O
mersacidin_cid70698380,,,mersacidin_cid70698380.png,low,low,6.272234908978763e-12,invalid,,,,,,invalid,invalid,,False,False,False,False,,False,,,,,,,[H]C12(CC)NC(=O)C(=C)NC(=O)C3N[CH]456C(NC(=O)C7C(C)[SH]8C9%10C%11C8%12C98%13%14%15%16%17[H]C%10%129%18%19%20([H]8)(C%13S[CH]7(C)C(NC(=O)[CH]CSC(C)[CH]NC[CH]NCC7NC(=O)C(N)CSC7C)C(=O)N[CH]4(CC(C)C)C(=O)N35)C%11%14N%1593C145=O=C23(=O=4)N5%16%18C%191(=O)N2[CH]34[CH](C)(CC)[CH]3(C(=O)O)N41C2%17%20=O)C6C(C)C
mersalyl_cid9806195,,,mersalyl_cid9806195.png,high,high,0.8991264132700124,wrong,,Mersalyl,0.977,21,22,near,near,,False,False,False,False,0.977,False,False,1,2,,,,COC([CH2][Hg+])CNC(=O)c1ccccc1OCC(=O)[O-].[OH-]
mesna_cid23662354,,,mesna_cid23662354.png,high,high,0.859294030537832,wrong,,Mesna,0.5,8,8,salt,salt,Mesna,False,False,False,False,0.5,True,False,1,2,,,,O=S(=O)(O)CCS.[Na+]
metahexamide_cid11259,,,metahexamide_cid11259.png,high,high,0.9146423563094637,exact,Metahexamide,Metahexamide,1.0,21,21,exact,exact,Metahexamide,False,False,False,False,1.0,True,True,0,1,,,,Cc1ccc(S(=O)(=O)NC(=O)NC2CCCCC2)cc1N
methenolone_cid3037705,,,methenolone_cid3037705.png,low,low,0.516883586055502,wrong,,Methenolone,0.419,25,22,wrong,wrong,,False,False,False,False,0.419,False,False,5,1,,,,[H][C@@]12CC[C@@]3(C)[C@]4([H])CC[C@@H](O)[C@@]4(C)CC[C@]3(NCl)[C@@]1(C)C(C)=CC(=O)C2
methicillin_cid6087,,,methicillin_cid6087.png,low,low,0.6323845819870937,exact,Methicillin,Methicillin,1.0,26,26,exact,exact,Methicillin,False,False,False,False,1.0,True,True,0,1,,,,[H][C@]12SC(C)(C)[C@H](C(=O)O)N1C(=O)[C@H]2NC(=O)c1c(OC)cccc1OC
methisazone_cid667492,,,methisazone_cid667492.png,high,high,0.9090091799542743,stereo,Methisazone,Methisazone,1.0,16,16,stereo,stereo,Methisazone,False,False,False,False,1.0,True,True,0,1,,,,Cn1c(O)c(/N=N/C(N)=S)c2ccccc21
methohexital_cid9034,,,methohexital_cid9034.png,high,high,0.9078144805497909,exact,Methohexital,Methohexital,1.0,19,19,exact,exact,Methohexital,False,False,False,False,1.0,True,True,0,1,,,,C=CCC1(C(C)C#CCC)C(=O)NC(=O)N(C)C1=O
metrizoic_acid_cid2528,,,metrizoic_acid_cid2528.png,high,high,0.9186276727220047,exact,Metrizoic Acid,Metrizoic Acid,1.0,21,21,exact,exact,Metrizoic Acid,False,False,False,False,1.0,True,True,0,1,,,,CC(=O)Nc1c(I)c(C(=O)O)c(I)c(N(C)C(C)=O)c1I
milataxel_cid6918589,,,milataxel_cid6918589.png,low,low,0.2882271745586263,stereo,Milataxel,Milataxel,1.0,61,61,stereo,stereo,Milataxel,False,False,False,False,1.0,True,True,0,1,,,,[H][C@]12[C@@H](OC(=O)c3ccccc3)[C@]3(O)C[C@@H](OC(=O)[C@@H](O)[C@@H](NC(=O)OC(C)(C)C)c4ccco4)C(C)=C([C@@H](O)C(=O)[C@]1(C)[C@@H](OC(=O)CC)C[C@@]1([H])OC[C@]21OC(C)=O)C3(C)C
mirogabalin_cid59509752,,,mirogabalin_cid59509752.png,high,high,0.8830197306258831,exact,Mirogabalin,Mirogabalin,1.0,15,15,exact,exact,Mirogabalin,False,False,False,False,1.0,True,True,0,1,,,,[H][C@]12CC(CC)=C[C@@]1([H])[C@@](CN)(CC(=O)O)C2
mitoxantrone_cid4212,,,mitoxantrone_cid4212.png,high,high,0.8963905654212581,exact,Mitoxantrone,Mitoxantrone,1.0,32,32,exact,exact,Mitoxantrone,False,False,False,False,1.0,True,True,0,1,,,,O=C1c2c(O)ccc(O)c2C(=O)c2c(NCCNCCO)ccc(NCCNCCO)c21
mm_47761_cid195570,,,mm_47761_cid195570.png,low,low,9.140684140101516e-07,invalid,,,,,,invalid,invalid,,False,False,False,False,,False,,,,,,,CNC(CC(C)C)C(=O)NC12C3(O)C4=CC(Cl)=C(C=C4)OCC(OC4OC(CO)C(O)C(O)C4OC4OC(C)C(O)C(O)C4O)=COC=CC=CC(OC4CC(C)(N)C(O)C(C)O4)C(C(=O)NCC(=O)O)NC(=O)C(C4=CC=C(O)C=C4)NC(=O)[CH]NC(=O)[CH]4(CC(N)=O)NC1(=O)[CH]3(NC(=O)C(CC(C)C)NC)C2(=O)N4
moclobemide_cid4235,,,moclobemide_cid4235.png,high,high,0.9108391841870085,exact,Moclobemide,Moclobemide,1.0,18,18,exact,exact,Moclobemide,False,False,False,False,1.0,True,True,0,1,,,,O=C(NCCN1CCOCC1)c1ccc(Cl)cc1
moexipril_cid91270,,,moexipril_cid91270.png,low,low,0.814239773564258,exact,Moexipril,Moexipril,1.0,36,36,exact,exact,Moexipril,False,False,False,False,1.0,True,True,0,1,,,,CCOC(=O)[C@H](CCc1ccccc1)N[C@@H](C)C(=O)N1Cc2cc(OC)c(OC)cc2C[C@H]1C(=O)O
molindone_cid23897,,,molindone_cid23897.png,high,high,0.9203280419664027,exact,Molindone,Molindone,1.0,20,20,exact,exact,Molindone,False,False,False,False,1.0,True,True,0,1,,,,CCc1c(C)[nH]c2c1C(=O)C(CN1CCOCC1)CC2
monobenzone_cid7638,,,monobenzone_cid7638.png,high,high,0.9260943870319286,exact,Monobenzone,Monobenzone,1.0,15,15,exact,exact,Monobenzone,False,False,False,False,1.0,True,True,0,1,,,,Oc1ccc(OCc2ccccc2)cc1
monomethyl_fumarate_cid5369209,,,monomethyl_fumarate_cid5369209.png,high,high,0.9142823576292876,exact,Monomethyl Fumarate,Monomethyl Fumarate,1.0,9,9,exact,exact,Monomethyl Fumarate,False,False,False,False,1.0,True,True,0,1,,,,COC(=O)/C=C/C(=O)O
monomethylauristatin_e_cid11542188,,,monomethylauristatin_e_cid11542188.png,low,low,0.0002503422445377131,stereo,Monomethylauristatin E,Monomethylauristatin E,1.0,51,51,stereo,stereo,Monomethylauristatin E,False,False,False,False,1.0,True,True,0,1,,,,CC[C@H](C)[C@@H]([C@@H](CC(=O)N1CCCC1C(OC)[C@@H](C)C(=O)N[C@H](C)[C@@H](O)c1ccccc1)OC)N(C)C(=O)[C@@H](NC(=O)[C@H](NC)C(C)C)C(C)C
mosliciguat_cid154572869,,,mosliciguat_cid154572869.png,high,high,0.8948026638106568,exact,Mosliciguat,Mosliciguat,1.0,52,52,exact,exact,Mosliciguat,False,False,False,False,1.0,True,True,0,1,,,,O=C(O)c1ccc(CCN(CCc2ccccc2OCc2ccc(-c3ccc(C(F)(F)F)cc3)cc2Cl)[C@H]2CCCc3nc(C(=O)O)ccc32)cc1
mosnodenvir_cid133083036,,,mosnodenvir_cid133083036.png,high,high,0.9068375906986993,exact,Mosnodenvir,Mosnodenvir,1.0,39,39,exact,exact,Mosnodenvir,False,False,False,False,1.0,True,True,0,1,,,,COc1cc(N[C@H](C(=O)c2c[nH]c3ccc(OC(F)(F)F)cc23)c2ccc(Cl)cc2OC)cc(S(C)(=O)=O)c1
moxalactam_cid47499,,,moxalactam_cid47499.png,low,low,0.7382925659433738,stereo,Moxalactam,Moxalactam,1.0,36,36,stereo,stereo,Moxalactam,False,False,False,False,1.0,True,True,0,1,,,,[H][C@]12OCC(CSc3nnnn3C)=C(C(=O)O)N1C(=O)[C@]2(NC(=O)[C@@H](C(=O)O)c1ccc(O)cc1)OC
mulundocandin_cid121225706,,,mulundocandin_cid121225706.png,low,low,4.215289236836525e-08,invalid,,,,,,invalid,invalid,,False,False,False,False,,False,,,,,,,[H]C12C(=O)NC(O)C(O)[CH]34=O=C56(=O)NC(C(C)O)[CH]7(O)(OC(=O)CCCCCCCCCCC(C)CC)[CH]35N3(CCCCCCCCCCCC(C)CC)[CH]58O[CH]39(C=O)N5[CH]467C89(=O)N[CH]34C(NC3(=O)=O)C3[CH]5(CO)C=C6(=CC=C(O)C=C6)C6=O=C5(O)(C4O6)[CH]3(CO)C(=O)N1CC(C)C2O
muraglitazar_cid206044,,,muraglitazar_cid206044.png,low,low,0.02021758626896569,exact,Muraglitazar,Muraglitazar,1.0,38,38,exact,exact,Muraglitazar,False,False,False,False,1.0,True,True,0,1,,,,COc1ccc(OC(=O)N(CC(=O)O)Cc2ccc(OCCc3nc(-c4ccccc4)oc3C)cc2)cc1
mycophenolic_acid_cid446541,,,mycophenolic_acid_cid446541.png,high,high,0.9024334291382604,exact,Mycophenolic Acid,Mycophenolic Acid,1.0,23,23,exact,exact,Mycophenolic Acid,False,False,False,False,1.0,True,True,0,1,,,,COc1c(C)c2c(c(O)c1C/C=C(\C)CCC(=O)O)C(=O)OC2
n2_1s_1_4_fluorophenyl_ethyl_4_1_methyl_1h_pyrazol_4_yl_n6_2_cid46866319,,,n2_1s_1_4_fluorophenyl_ethyl_4_1_methyl_1h_pyrazol_4_yl_n6_2_cid46866319.png,high,high,0.9213322360565712,exact,"N2-((1S)-1-(4-Fluorophenyl)ethyl)-4-(1-methyl-1H-pyrazol-4-yl)-N6-2-pyrazinyl-2,6-pyridinediamine","N2-((1S)-1-(4-Fluorophenyl)ethyl)-4-(1-methyl-1H-pyrazol-4-yl)-N6-2-pyrazinyl-2,6-pyridinediamine",1.0,29,29,exact,exact,"N2-((1S)-1-(4-Fluorophenyl)ethyl)-4-(1-methyl-1H-pyrazol-4-yl)-N6-2-pyrazinyl-2,6-pyridinediamine",False,False,False,False,1.0,True,True,0,1,,,,C[C@H](Nc1cc(-c2cnn(C)c2)cc(Nc2cnccn2)n1)c1ccc(F)cc1
n_1_8_3_methyl_4_1_methyl_1h_benzo_d_imidazol_5_yl_oxy_pheny_cid160283094,,,n_1_8_3_methyl_4_1_methyl_1h_benzo_d_imidazol_5_yl_oxy_pheny_cid160283094.png,high,high,0.8963419638144694,exact,"N-(1-(8-((3-methyl-4-((1-methyl-1H-benzo(d)imidazol-5-yl)oxy)phenyl)amino)pyrimido(5,4-d)pyrimidin-2-yl)piperidin-4-yl)acrylamide","N-(1-(8-((3-methyl-4-((1-methyl-1H-benzo(d)imidazol-5-yl)oxy)phenyl)amino)pyrimido(5,4-d)pyrimidin-2-yl)piperidin-4-yl)acrylamide",1.0,40,40,exact,exact,"N-(1-(8-((3-methyl-4-((1-methyl-1H-benzo(d)imidazol-5-yl)oxy)phenyl)amino)pyrimido(5,4-d)pyrimidin-2-yl)piperidin-4-yl)acrylamide",False,False,False,False,1.0,True,True,0,1,,,,C=CC(=O)NC1CCN(c2ncc3ncnc(Nc4ccc(Oc5ccc6c(c5)ncn6C)c(C)c4)c3n2)CC1
n_5_aminosulfonyl_4_methyl_1_3_thiazol_2_yl_n_methyl_2_4_2_p_cid491941,,,n_5_aminosulfonyl_4_methyl_1_3_thiazol_2_yl_n_methyl_2_4_2_p_cid491941.png,high,high,0.8998088264189776,exact,"N-(5-(Aminosulfonyl)-4-methyl-1,3-thiazol-2-yl)-N-methyl-2-(4-(2-pyridinyl)phenyl)acetamide","N-(5-(Aminosulfonyl)-4-methyl-1,3-thiazol-2-yl)-N-methyl-2-(4-(2-pyridinyl)phenyl)acetamide",1.0,27,27,exact,exact,"N-(5-(Aminosulfonyl)-4-methyl-1,3-thiazol-2-yl)-N-methyl-2-(4-(2-pyridinyl)phenyl)acetamide",False,False,False,False,1.0,True,True,0,1,,,,Cc1nc(N(C)C(=O)Cc2ccc(-c3ccccn3)cc2)sc1S(N)(=O)=O
n_acetylcysteine_amide_cid10176265,,,n_acetylcysteine_amide_cid10176265.png,high,high,0.8618633093566922,exact,N-Acetylcysteine amide,N-Acetylcysteine amide,1.0,10,10,exact,exact,N-Acetylcysteine amide,False,False,False,False,1.0,True,True,0,1,,,,CC(=O)N[C@@H](CS)C(N)=O
nabilone_cid5284592,,,nabilone_cid5284592.png,low,low,0.6213657984644025,wrong,,Nabilone,0.515,28,27,wrong,wrong,,False,False,False,False,0.515,False,False,2,1,,,,CCCCCCC(C)(C)c1cc(O)c2c(c1)OC(C)(C)[C]1CCC(=O)C[C@]12C |^1:20|
naftifine_cid47641,,,naftifine_cid47641.png,high,high,0.9158422563941714,exact,Naftifine,Naftifine,1.0,22,22,exact,exact,Naftifine,False,False,False,False,1.0,True,True,0,1,,,,CN(C/C=C/c1ccccc1)Cc1cccc2ccccc12
nalbuphine_cid5311304,,,nalbuphine_cid5311304.png,low,low,0.2214581447091588,invalid,,,,,,invalid,invalid,,False,False,False,False,,False,,,,,,,[H]C12OC3=C(O)C=CC4=C3C13C1C5N(CC6CCC6)C51([H])(C4)C3(O)CCC2O
naloxegol_oxalate_cid56959086,,,naloxegol_oxalate_cid56959086.png,low,low,1.257936701545362e-21,invalid,,,,,,invalid,invalid,,False,False,False,False,,False,,,,,,,O=C(O)C(=O)O.[H]C1234OC56=C(O)C=CC789=C5%10C15%11%12C1C%13N(CC=C)C%14C7%15(O)C(C%158)C695C1%102%11(CC3OCCOCCOCCOCCOCCOCCOCCOC)C%13%14%12(O)CCC4OCCOCCOCCOCCOCCOCCOCCOC
narasin_cid65452,,,narasin_cid65452.png,low,low,0.000916037237631934,stereo,Narasin,Narasin,1.0,54,54,stereo,stereo,Narasin,False,False,False,False,1.0,True,True,0,1,,,,CCC(C(=O)O)C1O[C@@H]([C@@H](C)[C@H](O)[C@H](C)C(=O)[C@H](CC)[C@H]2O[C@@]3(C=C[C@@H](O)[C@]4(CC[C@](C)([C@H]5CC[C@@](O)(CC)[C@H](C)O5)O4)O3)[C@H](C)C[C@@H]2C)[C@@H](C)C[C@@H]1C
navtemadlin_cid58573469,,,navtemadlin_cid58573469.png,high,high,0.8980073134547057,exact,Navtemadlin,Navtemadlin,1.0,37,37,exact,exact,Navtemadlin,False,False,False,False,1.0,True,True,0,1,,,,CC(C)[C@@H](CS(=O)(=O)C(C)C)N1C(=O)[C@@](C)(CC(=O)O)C[C@H](c2cccc(Cl)c2)[C@H]1c1ccc(Cl)cc1
neoarsphenamine_cid76961391,,,neoarsphenamine_cid76961391.png,high,high,0.8821644184243607,wrong,,Neoarsphenamine,0.708,23,23,wrong,wrong,,False,False,False,False,0.708,False,False,3,2,,,,Nc1cc(/C=[As]/c2ccc(O)c(NCOS[O-])c2)ccc1O.[Na+]
neramexane_cid6433106,,,neramexane_cid6433106.png,high,high,0.8893063477689179,exact,Neramexane,Neramexane,1.0,12,12,exact,exact,Neramexane,False,False,False,False,1.0,True,True,0,1,,,,CC1(C)CC(C)(C)CC(C)(N)C1
neticonazole_cid5282433,,,neticonazole_cid5282433.png,high,high,0.9181395931648336,exact,Neticonazole,Neticonazole,1.0,21,21,exact,exact,Neticonazole,False,False,False,False,1.0,True,True,0,1,,,,CCCCCOc1ccccc1/C(=C\SC)n1ccnc1
niclosamide_cid4477,,,niclosamide_cid4477.png,high,high,0.915632411087896,exact,Niclosamide,Niclosamide,1.0,21,21,exact,exact,Niclosamide,False,False,False,False,1.0,True,True,0,1,,,,O=C(Nc1ccc([N+](=O)[O-])cc1Cl)c1cc(Cl)ccc1O
nicorandil_cid47528,,,nicorandil_cid47528.png,high,high,0.9148202532798089,exact,Nicorandil,Nicorandil,1.0,15,15,exact,exact,Nicorandil,False,False,False,False,1.0,True,True,0,1,,,,O=C(NCCO[N+](=O)[O-])c1cccnc1
nikkomycin_x_cid194647,,,nikkomycin_x_cid194647.png,low,low,0.3700263473051344,stereo,Nikkomycin X,Nikkomycin X,1.0,35,35,stereo,stereo,Nikkomycin X,False,False,False,False,1.0,True,True,0,1,,,,CC(C(O)c1ccc(O)cn1)[C@@H](N)C(=O)N[C@H](C(=O)O)C1OC(n2cc(C=O)[nH]c2=O)C(O)C1O
niludipine_cid89767,,,niludipine_cid89767.png,low,low,0.004753813990578716,exact,Niludipine,Niludipine,1.0,35,35,exact,exact,Niludipine,False,False,False,False,1.0,True,True,0,1,,,,CCCOCCOC(=O)C1=C(C)NC(C)=C(C(=O)OCCOCCC)C1c1cccc([N+](=O)[O-])c1
nintedanib_esylate_cid135476717,,,nintedanib_esylate_cid135476717.png,low,low,0.367005866363196,wrong,,Nintedanib esylate,0.87,52,46,near,near,,False,False,False,False,0.87,False,False,14,3,,C[CH2][Sr](=[O])(=[O])[OH],,COC(=O)c1ccc2c(/C(=N/c3ccc(N(C)C(=O)CN4CCN(C)CC4)cc3)c3ccccc3)c(O)[nH]c2c1.C[CH2][Sr](=[O])(=[O])[OH].C[CH2][Sr](=[O])(=[O])[OH]
nisoldipine_cid4499,,,nisoldipine_cid4499.png,high,high,0.9162487333402193,exact,Nisoldipine,Nisoldipine,1.0,28,28,exact,exact,Nisoldipine,False,False,False,False,1.0,True,True,0,1,,,,COC(=O)C1=C(C)NC(C)=C(C(=O)OCC(C)C)C1c1ccccc1[N+](=O)[O-]
nitarsone_cid66826,,,nitarsone_cid66826.png,high,high,0.912040748758428,exact,Nitarsone,Nitarsone,1.0,13,13,exact,exact,Nitarsone,False,False,False,False,1.0,True,True,0,1,,,,O=[N+]([O-])c1ccc([As](=O)(O)O)cc1
nitric_oxide_cid145068,,,nitric_oxide_cid145068.png,low,low,0.801646897622025,wrong,,Nitric Oxide,0.0,2,2,wrong,wrong,,False,False,False,False,0.0,False,False,5,2,,,,N.O
nogalamycin_cid5289019,,,nogalamycin_cid5289019.png,low,low,0.04583975525872303,invalid,,,,,,invalid,invalid,,False,False,False,False,,False,,,,,,,COC(=O)C1C2=CC3=C(C(=O)C4=C(C3=O)C3=C(C=C4O)C45(C)O[CH]4(O3)C(O)C(N(C)C)C5O)C(O)=C2C(OC2OC(C)C(OC)C(C)(OC)C2OC)CC1(C)O
norethandrolone_cid5858,,,norethandrolone_cid5858.png,low,low,0.474211969550386,wrong,,Norethandrolone,0.467,22,22,wrong,wrong,,False,False,False,False,0.467,False,False,4,1,,,,*[C@]12CC[C@]3(C)[C@@](O)(CC)CC[C@@]3([H])[C@]1(*)CCC1=CC(=O)CC[C@@]12[H] |$Dl;;;;;;;;;;;;;;;Dl;;;;;;;;;;$|
norucholic_acid_cid192254,,,norucholic_acid_cid192254.png,low,low,0.6827866701826764,wrong,,Norucholic Acid,0.5,31,27,wrong,wrong,,False,False,False,False,0.5,False,False,4,1,,,,[H][C@@]12C[C@H](O)CC[C@]1(C)[C@@]1(NCl)CC[C@]3(C)[C@@H]([C@H](C)CC(=O)O)CC[C@@]3([H])[C@@]1(NCl)[C@H](O)C2
nosiheptide_cid16130051,,,nosiheptide_cid16130051.png,low,low,1.624328891069841e-40,invalid,,,,,,invalid,invalid,,False,False,False,False,,False,,,,,,,C=C1O=C2C3C4C(=O)C5CSC(=O5)C5O[CH]5(C)[CH]56(O)C[CH]5789CNC5(=O)C%10%11%12%13NC%14(C)(C)C%15=C%16C%17%18=C[CH]%19%20[H]%21C%19(=C(CC)OC1C)C%21%20(N1C(=O)C1=CC)=CC1=COC%19%20=C%21(O)C[CH]%19%22(C(=O)NC(C)C(C)O)(CC%20=C%22N%19%20%22(C)CC%10%23%24=C%19%10%25[CH]%11%19(C(C)C3[CH]24C2(O)C=C[CH]1%15%173C[CH]%162%183)[CH]%23%2012C73[CH]%10%1281[CH]35%24%19%22(O)C%25%132(=O)NC69)C%21%14
novolimus_cid9854320,,,novolimus_cid9854320.png,low,low,0.2629775389490011,wrong,,Novolimus,0.893,63,64,near,near,,False,False,False,False,0.893,False,False,3,1,,,,[H][C@@]12CC[C@@H](C)[C@@](O)(O1)C(=O)C(=O)N1CCCC[C@@]1([H])C(=O)O[C@H]([C@H](C)C[C@@H]1CC[C@@H](O)[C@H](OC)C1)CC(=O)[C@H](C)/C=C(\C)[C@@H](O)[C@H](OC)C(=O)[C@H](C)C[C@H](C)/C=C\C=C\C=C\[C@H](O)C2
octapeptin_cid3084738,,,octapeptin_cid3084738.png,low,low,0.0004256807417076737,invalid,,,,,,invalid,invalid,,False,False,False,False,,False,,,,,,,CCC(C)(C)CCCCC(O)CC(=O)NC1C2C3C45CN[CH]24C2=O=C1(=O)NC(CCN)C14(=O)=O=C(=O=1)(NC(CCN)C(=O)(N[CH]CC(C)C)=O=C(=O)(NC(CC(C)C)C(=O)NC(CC(C)C)C(=O)NC(CCN)C(=O)NC(CCN)C(=O)(=O)N[CH]167C8[CH]9(C1%10C1%11%12CC8%10(C1)(C%11)C%12)C618%10=O=C976(=O=1)N8C5N3%106)C(CCN)N4)C(CCN)N2
olinciguat_cid90445883,,,olinciguat_cid90445883.png,low,low,0.83342535031928,exact,Olinciguat,Olinciguat,1.0,36,36,exact,exact,Olinciguat,False,False,False,False,1.0,True,True,0,1,,,,NC(=O)[C@](O)(CNc1nc(-c2cc(-c3ccon3)n(Cc3ccccc3F)n2)ncc1F)C(F)(F)F
olorigliflozin_cid122660464,,,olorigliflozin_cid122660464.png,low,low,0.6400505861489457,stereo,Olorigliflozin,Olorigliflozin,1.0,31,31,stereo,stereo,Olorigliflozin,False,False,False,False,1.0,True,True,0,1,,,,CCOc1ccc(Cc2cc([C@]34OC[C@]([C@@H](C)O)(O3)[C@@H](O)[C@@H](O)[C@H]4O)ccc2Cl)cc1
ontazolast_cid71458,,,ontazolast_cid71458.png,high,high,0.9192476714532417,exact,Ontazolast,Ontazolast,1.0,25,25,exact,exact,Ontazolast,False,False,False,False,1.0,True,True,0,1,,,,Cc1ccc2oc(N[C@@H](CC3CCCCC3)c3ccccn3)nc2c1
ormaplatin_cid6434704,,,ormaplatin_cid6434704.png,low,low,0.8058453161910069,exact,Ormaplatin,Ormaplatin,1.0,13,13,exact,exact,Ormaplatin,False,False,False,False,1.0,True,True,0,2,,,,N[C@@H]1CCCC[C@H]1N.[Cl][Pt+2]([Cl])([Cl])[Cl]
otamixaban_cid5496659,,,otamixaban_cid5496659.png,low,low,0.1333282127399971,wrong,,Otamixaban,0.982,33,33,exact,exact,Otamixaban,False,True,False,False,1.0,False,False,2,2,[HH],,,COC(=O)[C@H](Cc1cccc(C(=N)N)c1)[C@@H](C)NC(=O)c1ccc(-c2cc[n+]([O-])cc2)cc1.[HH]
otilonium_bromide_cid72092,,,otilonium_bromide_cid72092.png,low,low,0.6819454716969897,exact,Otilonium Bromide,Otilonium Bromide,1.0,36,36,exact,exact,Otilonium Bromide,False,False,False,False,1.0,True,True,0,2,,,,CCCCCCCCOc1ccccc1C(=O)Nc1ccc(C(=O)OCC[N+](C)(CC)CC)cc1.[Br-]
oxacillin_cid6196,,,oxacillin_cid6196.png,low,low,0.5950485480020289,exact,Oxacillin,Oxacillin,1.0,28,28,exact,exact,Oxacillin,False,False,False,False,1.0,True,True,0,1,,,,[H][C@]12SC(C)(C)[C@H](C(=O)O)N1C(=O)[C@H]2NC(=O)c1c(-c2ccccc2)noc1C
pamiparib_cid135565554,,,pamiparib_cid135565554.png,high,high,0.8861696461091131,exact,Pamiparib,Pamiparib,1.0,22,22,exact,exact,Pamiparib,False,False,False,False,1.0,True,True,0,1,,,,C[C@]12CCCN1CC1=NNC(=O)c3cc(F)cc4[nH]c2c1c34
pancuronium_bromide_cid27350,,,pancuronium_bromide_cid27350.png,low,low,0.1754463667308591,invalid,,,,,,invalid,invalid,,False,False,False,False,,False,,,,,,,[Br-].[Br-].[H]C12CCC3C4([H])CC(N5(C)CCCCC5)C(OC(C)=O)C4(C)CCC3(Br)C1(C)CC(N1(C)CCCCC1)C(OC(C)=O)C2
pazufloxacin_cid65957,,,pazufloxacin_cid65957.png,high,high,0.9005401341803272,exact,Pazufloxacin,Pazufloxacin,1.0,23,23,exact,exact,Pazufloxacin,False,False,False,False,1.0,True,True,0,1,,,,C[C@H]1COc2c(C3(N)CC3)c(F)cc3c(=O)c(C(=O)O)cn1c23
pelabresib_cid118591411,,,pelabresib_cid118591411.png,high,high,0.897330042625734,exact,Pelabresib,Pelabresib,1.0,27,27,exact,exact,Pelabresib,False,False,False,False,1.0,True,True,0,2,,,,Cc1noc2c1-c1ccccc1C(c1ccc(Cl)cc1)=N[C@H]2CC(N)=O.O
penbutolol_cid37464,,,penbutolol_cid37464.png,high,high,0.9198889740251796,exact,Penbutolol,Penbutolol,1.0,21,21,exact,exact,Penbutolol,False,False,False,False,1.0,True,True,0,1,,,,CC(C)(C)NC[C@H](O)COc1ccccc1C1CCCC1
penicillin_v_cid6869,,,penicillin_v_cid6869.png,high,high,0.8948215512242965,exact,Penicillin V,Penicillin V,1.0,24,24,exact,exact,Penicillin V,False,False,False,False,1.0,True,True,0,1,,,,[H][C@]12SC(C)(C)[C@H](C(=O)O)N1C(=O)[C@H]2NC(=O)COc1ccccc1
pentamidine_isethionate_cid8813,,,pentamidine_isethionate_cid8813.png,low,low,0.0001600164159553187,wrong,,Pentamidine Isethionate,0.729,39,39,wrong,wrong,,False,False,False,False,0.729,False,False,2,3,,,,O=S(=O)(O)CCO.[H]/N=C(\N)c1ccc(OCCCCCOc2ccc(C(=N)N)cc2)cc1.[O]=[Sm](=[O])([OH])[CH2]CO
peplomycin_cid6852373,,,peplomycin_cid6852373.png,low,low,1.858094835058187e-14,stereo,Peplomycin,Peplomycin,1.0,102,102,stereo,stereo,Peplomycin,False,False,False,False,1.0,True,True,0,1,,,,Cc1c(N)nc([C@H](CC(N)=O)NC[C@@H](N)C(N)=O)nc1C(=O)NC(C(=O)NC(C)[C@@H](O)[C@@H](C)C(=O)NC(C(=O)NCCc1nc(-c2nc(C(=O)NCCCN[C@@H](C)c3ccccc3)cs2)cs1)[C@@H](C)O)[C@@H](O[C@H]1O[C@@H](CO)C(O)[C@H](O)[C@H]1O[C@@H]1OC(CO)[C@H](O)[C@@H](OC(N)=O)[C@H]1O)c1cnc[nH]1
perfluoropropane_cid6432,,,perfluoropropane_cid6432.png,low,low,0.7463158391987916,exact,Perfluoropropane,Perfluoropropane,1.0,11,11,exact,exact,Perfluoropropane,False,False,False,False,1.0,True,True,0,1,,,,FC(F)(F)C(F)(F)C(F)(F)F
pevonedistat_cid16720766,,,pevonedistat_cid16720766.png,low,low,0.03066256437261368,stereo,Pevonedistat,Pevonedistat,1.0,31,31,stereo,stereo,Pevonedistat,False,False,False,False,1.0,True,True,0,1,,,,NS(=O)(=O)OCC1C[C@@H](n2ccc3c(N[C@H]4CCc5ccccc54)ncnc32)C[C@@H]1O
pexidartinib_cid25151352,,,pexidartinib_cid25151352.png,high,high,0.8985036221428393,wrong,,Pexidartinib,0.786,28,29,wrong,wrong,,False,False,False,False,0.786,False,False,2,1,,,,*c1cnc2[nH]cc(Cc3ccc(NCc4ccc(C(F)(F)F)nc4)nc3)c2c1 |$Cl6;;;;;;;;;;;;;;;;;;;;;;;;;;;;$|
pexiganan_cid16132253,,,pexiganan_cid16132253.png,low,low,2.94344726624008e-39,invalid,,,,,,invalid,invalid,,False,False,False,False,,False,,,,,,,C1=CC=1C[CH]1234(NC156=O1=C7=O=C=18(C7NC17=CC1=CC=C7)C5N68)C15=C6=C27=C=613=C=574.CC[CH][CH]NC[CH]NC[CH]NC[CH]NC1[CH]N1C1=O234=C56(=O)N78C(=O)C9%10%11(=C%12=C9%13%14C(C=C%12)C%13C7%14[CH]857N65[CH]68N9C=265%12%13[CH]1256N1%14C%15[CH]12%16%17%18C1(C)(=O)C=35%162C=4876%12%17[CH]%159%1412%13%18)C1C%10C1%11.NC12=O=C13C(C1NC14C(NC1C=C=C1)C4N1[CH]C1NC[CH]NCC1CN1)C23
phenazopyridine_hydrochloride_cid8691,,,phenazopyridine_hydrochloride_cid8691.png,high,high,0.9002115062850247,stereo,Phenazopyridine hydrochloride,Phenazopyridine hydrochloride,1.0,17,17,stereo,stereo,Phenazopyridine hydrochloride,False,False,False,False,1.0,True,True,0,2,,,,Cl.Nc1ccc(/N=N/c2ccccc2)c(N)n1
pheniramine_cid4761,,,pheniramine_cid4761.png,high,high,0.9074713789741344,exact,Pheniramine,Pheniramine,1.0,18,18,exact,exact,Pheniramine,False,False,False,False,1.0,True,True,0,1,,,,CN(C)CCC(c1ccccc1)c1ccccn1
phenoxyethanol_cid31236,,,phenoxyethanol_cid31236.png,high,high,0.9162450171997769,exact,Phenoxyethanol,Phenoxyethanol,1.0,10,10,exact,exact,Phenoxyethanol,False,False,False,False,1.0,True,True,0,1,,,,OCCOc1ccccc1
phenylmercuric_nitrate_cid16682924,,,phenylmercuric_nitrate_cid16682924.png,high,high,0.9138921442630188,wrong,,Phenylmercuric Nitrate,0.433,11,11,wrong,wrong,,False,False,False,False,0.433,False,False,2,1,,,,O=[N+]([O-])OOc1ccccc1
pidotimod_cid65944,,,pidotimod_cid65944.png,high,high,0.8936157310941509,exact,Pidotimod,Pidotimod,1.0,16,16,exact,exact,Pidotimod,False,False,False,False,1.0,True,True,0,1,,,,O=C1CC[C@@H](C(=O)N2CSC[C@H]2C(=O)O)N1
pimodivir_cid67286591,,,pimodivir_cid67286591.png,low,low,0.11994623455246,invalid,,,,,,invalid,invalid,,False,False,False,False,,False,,,,,,,[H]C1(C(=O)O)C([H])(NC2=NC(C3=CNC4=NC=C(F)C=C34)=NC=C2F)C234(CCC5CCC12C53)CC4
piperaquine_cid122262,,,piperaquine_cid122262.png,high,high,0.9091298612425368,exact,Piperaquine,Piperaquine,1.0,37,37,exact,exact,Piperaquine,False,False,False,False,1.0,True,True,0,1,,,,Clc1ccc2c(N3CCN(CCCN4CCN(c5ccnc6cc(Cl)ccc56)CC4)CC3)ccnc2c1
pirarubicin_cid11296583,,,pirarubicin_cid11296583.png,low,low,0.7355400125379009,exact,Pirarubicin,Pirarubicin,1.0,45,45,exact,exact,Pirarubicin,False,False,False,False,1.0,True,True,0,1,,,,COc1cccc2c1C(=O)c1c(O)c3c(c(O)c1C2=O)C[C@@](O)(C(=O)CO)C[C@@H]3O[C@H]1C[C@H](N)[C@H](O[C@@H]2CCCCO2)[C@H](C)O1
piroctone_olamine_cid50258,,,piroctone_olamine_cid50258.png,high,high,0.915293421807581,exact,Piroctone Olamine,Piroctone Olamine,1.0,21,21,exact,exact,Piroctone Olamine,False,False,False,False,1.0,True,True,0,2,,,,Cc1cc(CC(C)CC(C)(C)C)n(O)c(=O)c1.NCCO
planosporicin_cid139586698,,,planosporicin_cid139586698.png,low,low,5.21389208645262e-19,invalid,,,,,,invalid,invalid,,False,False,False,False,,False,,,,,,,[H]C1CSC[CH]NC(=O)CNC(=O)C2OC(=O)(C([H])NC(=O)C(CC3=CNC4=C3C=CC=C4)NC(=O)NC(=O)C(C(C)C)NC3O[CH]3(NC(=O)C(CC)NC(=O)C(N)C(C)CC)CCC([H])NC(=O)C3NC(CCC(=O)O)[CH]3(O)[CH]C(=O)NC3=O=C3(=O)NC1=O)N2C(=O)C(C)(N)C1[CH]N1
plinabulin_cid9949641,,,plinabulin_cid9949641.png,high,high,0.9019772511943797,exact,Plinabulin,Plinabulin,1.0,25,25,exact,exact,Plinabulin,False,False,False,False,1.0,True,True,0,1,,,,CC(C)(C)c1[nH]cnc1/C=c1\[nH]c(=O)/c(=C/c2ccccc2)[nH]c1=O
plocabulin_cid57788271,,,plocabulin_cid57788271.png,low,low,2.244213914109352e-05,wrong,,Plocabulin,1.0,82,41,near,stereo,,False,False,False,True,1.0,False,False,86,2,,,C/C=C\C[C@H](C/C=C\NC(=O)[C@H](NC(=O)/C=C\C=C/C(C)=C[C@H](C)[C@@H]1CC=C(OC)C(=O)O1)C(C)(C)C)OC(N)=O,C/C=C\C[C@@H](C/C=C\NC(=O)[C@@H](NC(=O)/C=C\C=C/C(C)=C[C@H](C)[C@@H]1CC=C(OC)C(=O)O1)C(C)(C)C)OC(N)=O.C/C=C\C[C@H](C/C=C\NC(=O)[C@H](NC(=O)/C=C\C=C/C(C)=C[C@H](C)[C@@H]1CC=C(OC)C(=O)O1)C(C)(C)C)OC(N)=O
pneumocandin_b_0_cid16119739,,,pneumocandin_b_0_cid16119739.png,low,low,1.046286469066934e-11,invalid,,,,,,invalid,invalid,,False,False,False,False,,False,,,,,,,[H]C12C(=O)NC(O)C(O)CC(NC(=O)CCCCCCCCC(C)CC(C)CC)C(=O)N[CH]345C(=O)[CH]36(O)CC(O)CC6437([H])CC(O)C[CH]53OC7NC(C(O)C(O)C3=CCC(O)C=C3)C(=O)NC(C(O)CC(N)=O)C(=O)N1CCC2O
pnu_159682_cid9874188,,,pnu_159682_cid9874188.png,low,low,0.7096047696082728,exact,Pnu-159682,Pnu-159682,1.0,46,46,exact,exact,Pnu-159682,False,False,False,False,1.0,True,True,0,1,,,,[H][C@]12O[C@]3([H])[C@H](C)O[C@@H](O[C@H]4C[C@](O)(C(=O)CO)Cc5c(O)c6c(c(O)c54)C(=O)c4c(OC)cccc4C6=O)C[C@]3([H])N1CCO[C@@H]2OC
potassium_permanganate_cid516875,,,potassium_permanganate_cid516875.png,low,low,0.6992980158164623,wrong,,Potassium Permanganate,0.077,10,6,wrong,wrong,,False,False,False,False,0.077,False,False,24,7,,O.O.O.O.O,,O.O.O.O.O.O.[CH3][Mn]([CH3])[O-]
povorcitinib_cid86280672,,,povorcitinib_cid86280672.png,high,high,0.9078268271888866,exact,Povorcitinib,Povorcitinib,1.0,36,36,exact,exact,Povorcitinib,False,False,False,False,1.0,True,True,0,1,,,,Cc1n[nH]c(C)c1-c1cnn(C2(CC#N)CN(c3cc(F)c(C(=O)N[C@@H](C)C(F)(F)F)cc3F)C2)c1
practolol_cid4883,,,practolol_cid4883.png,high,high,0.9114144867872317,exact,Practolol,Practolol,1.0,19,19,exact,exact,Practolol,False,False,False,False,1.0,True,True,0,1,,,,CC(=O)Nc1ccc(OCC(O)CNC(C)C)cc1
pralatrexate_cid148121,,,pralatrexate_cid148121.png,high,high,0.891581120545157,exact,Pralatrexate,Pralatrexate,1.0,35,35,exact,exact,Pralatrexate,False,False,False,False,1.0,True,True,0,1,,,,C#CCC(Cc1cnc2nc(N)nc(N)c2n1)c1ccc(C(=O)N[C@@H](CCC(=O)O)C(=O)O)cc1
pralidoxime_chloride_cid135445761,,,pralidoxime_chloride_cid135445761.png,high,high,0.8931186320748752,exact,Pralidoxime Chloride,Pralidoxime Chloride,1.0,11,11,exact,exact,Pralidoxime Chloride,False,False,False,False,1.0,True,True,0,2,,,,C[n+]1ccccc1/C=N/O.[Cl-]
pramiconazole_cid3013050,,,pramiconazole_cid3013050.png,low,low,0.0002032647699315495,stereo,Pramiconazole,Pramiconazole,1.0,48,48,stereo,stereo,Pramiconazole,False,False,False,False,1.0,True,True,0,1,,,,CC(C)N1CCN(c2ccc(N3CCN(c4ccc(OC[C@H]5OC[C@@](Cn6cncn6)(c6ccc(F)cc6F)O5)cc4)CC3)cc2)C1=O
pranlukast_cid4887,,,pranlukast_cid4887.png,high,high,0.8966337194004964,exact,Pranlukast,Pranlukast,1.0,36,36,exact,exact,Pranlukast,False,False,False,False,1.0,True,True,0,1,,,,O=C(Nc1cccc2c(=O)cc(-c3nn[nH]n3)oc12)c1ccc(OCCCCc2ccccc2)cc1
procaterol_cid688563,,,procaterol_cid688563.png,high,high,0.865601313410004,exact,Procaterol,Procaterol,1.0,21,21,exact,exact,Procaterol,False,False,False,False,1.0,True,True,0,1,,,,CC[C@@H](NC(C)C)[C@@H](O)c1ccc(O)c2[nH]c(=O)ccc12
procyclidine_cid4919,,,procyclidine_cid4919.png,high,high,0.8968747115248923,exact,Procyclidine,Procyclidine,1.0,21,21,exact,exact,Procyclidine,False,False,False,False,1.0,True,True,0,1,,,,OC(CCN1CCCC1)(c1ccccc1)C1CCCCC1
propiverine_cid4942,,,propiverine_cid4942.png,high,high,0.9086401260120824,exact,Propiverine,Propiverine,1.0,27,27,exact,exact,Propiverine,False,False,False,False,1.0,True,True,0,1,,,,CCCOC(C(=O)OC1CCN(C)CC1)(c1ccccc1)c1ccccc1
protirelin_cid638678,,,protirelin_cid638678.png,high,high,0.8962721051524821,exact,Protirelin,Protirelin,1.0,26,26,exact,exact,Protirelin,False,False,False,False,1.0,True,True,0,1,,,,NC(=O)[C@@H]1CCCN1C(=O)[C@H](Cc1cnc[nH]1)NC(=O)[C@@H]1CCC(=O)N1
proxyphylline_cid4977,,,proxyphylline_cid4977.png,high,high,0.9068962680650413,exact,Proxyphylline,Proxyphylline,1.0,17,17,exact,exact,Proxyphylline,False,False,False,False,1.0,True,True,0,1,,,,CC(O)Cn1cnc2c1c(=O)n(C)c(=O)n2C
pyridostigmine_bromide_cid7550,,,pyridostigmine_bromide_cid7550.png,high,high,0.9214365498707374,wrong,,Pyridostigmine Bromide,0.935,14,14,salt,salt,Pyridostigmine Bromide,False,False,False,False,0.935,True,False,1,2,,,,Br.CN(C)C(=O)Oc1ccc[n+](C)c1
radotinib_cid16063245,,,radotinib_cid16063245.png,high,high,0.9067483894300246,exact,Radotinib,Radotinib,1.0,39,39,exact,exact,Radotinib,False,False,False,False,1.0,True,True,0,1,,,,Cc1cn(-c2cc(NC(=O)c3ccc(C)c(Nc4nccc(-c5cnccn5)n4)c3)cc(C(F)(F)F)c2)cn1
ravidasvir_cid52918888,,,ravidasvir_cid52918888.png,low,low,0.3893715659754688,exact,Ravidasvir,Ravidasvir,1.0,56,56,exact,exact,Ravidasvir,False,False,False,False,1.0,True,True,0,1,,,,COC(=O)N[C@H](C(=O)N1CCC[C@H]1c1ncc(-c2ccc3cc(-c4ccc5nc([C@@H]6CCCN6C(=O)[C@@H](NC(=O)OC)C(C)C)[nH]c5c4)ccc3c2)[nH]1)C(C)C
refametinib_cid44182295,,,refametinib_cid44182295.png,low,low,0.4674378168307131,stereo,Refametinib,Refametinib,1.0,31,31,stereo,stereo,Refametinib,False,False,False,False,1.0,True,True,0,1,,,,COc1cc(F)c(F)c(Nc2ccc(I)cc2F)c1NS(=O)(=O)C1(C[C@@H](O)CO)CC1
resminostat_cid11609955,,,resminostat_cid11609955.png,high,high,0.9059777863594137,exact,Resminostat,Resminostat,1.0,24,24,exact,exact,Resminostat,False,False,False,False,1.0,True,True,0,1,,,,CN(C)Cc1ccc(S(=O)(=O)n2ccc(/C=C/C(=O)NO)c2)cc1
retinol_palmitate_cid5280531,,,retinol_palmitate_cid5280531.png,low,low,0.001655864233781374,exact,Retinol Palmitate,Retinol Palmitate,1.0,38,38,exact,exact,Retinol Palmitate,False,False,False,False,1.0,True,True,0,1,,,,CCCCCCCCCCCCCCCC(=O)OC/C=C(C)/C=C/C=C(C)/C=C/C1=C(C)CCCC1(C)C
riboflavin_cid493570,,,riboflavin_cid493570.png,high,high,0.9076611314209116,exact,Riboflavin,Riboflavin,1.0,27,27,exact,exact,Riboflavin,False,False,False,False,1.0,True,True,0,1,,,,Cc1cc2nc3c(=O)[nH]c(=O)nc-3n(C[C@H](O)[C@H](O)[C@H](O)CO)c2cc1C
ridaforolimus_cid11520894,,,ridaforolimus_cid11520894.png,low,low,6.482920653903741e-07,invalid,,,,,,invalid,invalid,,False,False,False,False,,False,,,,,,,[H]C12CCCCN1C(=O)C(=O)C134(O)OC567([H])(CCC1C)C[CH]1(OC)C8(C)=CC=CC=CC(C)CC(C)C(=O)C(OC)C(O)C(C)=CC(C)C(=O)CC(OC2=O)C(C)CC2CC[CH](OP(C)(C)=O)(C=CC=C1(C)[CH]8(OC)C5C6([H])(CCC3C)O47)[CH](C=C)(OC)C2
rilmenidine_cid68712,,,rilmenidine_cid68712.png,high,high,0.8929141670533853,exact,Rilmenidine,Rilmenidine,1.0,13,13,exact,exact,Rilmenidine,False,False,False,False,1.0,True,True,0,1,,,,C1COC(NC(C2CC2)C2CC2)=N1
rilpivirine_cid6451164,,,rilpivirine_cid6451164.png,high,high,0.9117957553545949,exact,Rilpivirine,Rilpivirine,1.0,28,28,exact,exact,Rilpivirine,False,False,False,False,1.0,True,True,0,1,,,,Cc1cc(/C=C/C#N)cc(C)c1Nc1ccnc(Nc2ccc(C#N)cc2)n1
rimexolone_cid5311412,,,rimexolone_cid5311412.png,low,low,0.6151543257717098,wrong,,Rimexolone,0.479,29,27,wrong,wrong,,False,False,False,False,0.479,False,False,4,1,,,,"[H][C@@]12C[C@@H](C)[C@](C)(C(=O)CC)[C@@]1(C)C[C@@H](O)[C@@]1([Bi])[C@@]2([Bi])CCC2=CC(=O)C=C[C@@]21C |^2:17,19|"
rimocidin_cid6440843,,,rimocidin_cid6440843.png,low,low,0.01237510261987826,stereo,Rimocidin,Rimocidin,1.0,54,54,stereo,stereo,Rimocidin,False,False,False,False,1.0,True,True,0,1,,,,[H][C@]12C[C@@H](O[C@H]3O[C@H](C)[C@@H](O)[C@H](N)[C@H]3O)/C=C/C=C/C=C/C=C/C[C@@H](CCC)OC(=O)[C@@H](CC)[C@H](O)CC(=O)CCC[C@H](O)C[C@](O)(CC(O)C1C(=O)O)O2
rintatolimod_cid135537060,,,rintatolimod_cid135537060.png,low,low,6.06898692481053e-08,wrong,,Rintatolimod,0.907,65,65,near,near,,False,False,False,False,0.907,False,False,2,3,,,,Nc1ccn([C@@H]2O[C@@H](CO[PH](O)(O)O)C(O)[C@H]2O)c(=O)n1.O=c1[nH]cnc2c1ncn2[C@H]1O[C@H](COP(=O)(O)O)[C@@H](O)C1O.O=c1ccn([C@@H]2O[C@@H](COP(=O)(O)O)C(O)[C@H]2O)c(=O)[nH]1
rintodestrant_cid129205616,,,rintodestrant_cid129205616.png,high,high,0.9103277765799527,exact,Rintodestrant,Rintodestrant,1.0,33,33,exact,exact,Rintodestrant,False,False,False,False,1.0,True,True,0,1,,,,Cc1cc(F)cc(C)c1C(=O)c1sc2cc(O)ccc2c1Oc1ccc(/C=C/C(=O)O)cc1
ritobegron_cid9820882,,,ritobegron_cid9820882.png,high,high,0.9185881719972041,exact,Ritobegron,Ritobegron,1.0,27,27,exact,exact,Ritobegron,False,False,False,False,1.0,True,True,0,1,,,,Cc1cc(OCC(=O)O)c(C)cc1CCN[C@@H](C)[C@H](O)c1ccc(O)cc1
ritodrine_cid33572,,,ritodrine_cid33572.png,high,high,0.8922199043558018,stereo,Ritodrine,Ritodrine,1.0,21,21,stereo,stereo,Ritodrine,False,False,False,False,1.0,True,True,0,1,,,,C[C@H](NCCc1ccc(O)cc1)[C@@H](O)c1ccc(O)cc1
riviciclib_cid24887371,,,riviciclib_cid24887371.png,high,high,0.9063060492556902,exact,Riviciclib,Riviciclib,1.0,28,28,exact,exact,Riviciclib,False,False,False,False,1.0,True,True,0,1,,,,CN1CC[C@H](c2c(O)cc(O)c3c(=O)cc(-c4ccccc4Cl)oc23)[C@H]1CO
roscovitine_cid160355,,,roscovitine_cid160355.png,high,high,0.9198066870485168,exact,Roscovitine,Roscovitine,1.0,26,26,exact,exact,Roscovitine,False,False,False,False,1.0,True,True,0,1,,,,CC[C@H](CO)Nc1nc(NCc2ccccc2)c2ncn(C(C)C)c2n1
roxarsone_cid5104,,,roxarsone_cid5104.png,high,high,0.9026927405677,exact,Roxarsone,Roxarsone,1.0,14,14,exact,exact,Roxarsone,False,False,False,False,1.0,True,True,0,1,,,,O=[N+]([O-])c1cc([As](=O)(O)O)ccc1O
roxatidine_cid91276,,,roxatidine_cid91276.png,high,high,0.9156034883508815,exact,Roxatidine,Roxatidine,1.0,22,22,exact,exact,Roxatidine,False,False,False,False,1.0,True,True,0,1,,,,O=C(CO)NCCCOc1cccc(CN2CCCCC2)c1
rubitecan_cid472335,,,rubitecan_cid472335.png,high,high,0.8646355462608328,stereo,Rubitecan,Rubitecan,1.0,29,29,stereo,stereo,Rubitecan,False,False,False,False,1.0,True,True,0,1,,,,CC[C@]1(O)C(=O)OCc2c1cc1n(c2=O)Cc2cc3c([N+](=O)[O-])cccc3nc2-1
ruboxistaurin_cid153999,,,ruboxistaurin_cid153999.png,high,high,0.9056726478143804,exact,Ruboxistaurin,Ruboxistaurin,1.0,35,35,exact,exact,Ruboxistaurin,False,False,False,False,1.0,True,True,0,1,,,,CN(C)C[C@@H]1CCn2cc(c3ccccc32)C2=C(C(=O)NC2=O)c2cn(c3ccccc23)CCO1
runcaciguat_cid134440946,,,runcaciguat_cid134440946.png,high,high,0.9044041079761485,exact,Runcaciguat,Runcaciguat,1.0,32,32,exact,exact,Runcaciguat,False,False,False,False,1.0,True,True,0,1,,,,C[C@H]([C@H](C(=O)Nc1cc([C@@H](CC(=O)O)C2CC2)ccc1Cl)c1ccc(Cl)cc1)C(F)(F)F
saffan_cid24732,,,saffan_cid24732.png,low,low,0.001368739184198783,wrong,,Saffan,0.337,53,52,wrong,wrong,,False,False,False,False,0.337,False,False,4,2,,,,"[H][C@@]12CC[C@]3(C)[C@]4([H])CC[C@H](CCOC(C)=O)[C@@]4(C)CC(=O)[C@]3([Bi])[C@@]1(C)CCC(O)C2.[H][C@@]12CC[C]3[C](C(=O)C[C@]4(C)[C@@H](C(C)=O)CC[C@@]34[H])[C@@]1(C)CCC(O)C2 |^1:35,36,^2:23|"
salacinol_cid6451151,,,salacinol_cid6451151.png,low,low,0.420838749380852,exact,Salacinol,Salacinol,1.0,20,20,exact,exact,Salacinol,False,False,False,False,1.0,True,True,0,1,,,,O=S(=O)([O-])O[C@@H](CO)[C@H](O)C[S+]1C[C@@H](O)[C@H](O)[C@H]1CO
sarcosine_cid1088,,,sarcosine_cid1088.png,high,high,0.9073849999932324,exact,Sarcosine,Sarcosine,1.0,6,6,exact,exact,Sarcosine,False,False,False,False,1.0,True,True,0,1,,,,CNCC(=O)O
sarpogrelate_cid5160,,,sarpogrelate_cid5160.png,high,high,0.9190469547860041,exact,Sarpogrelate,Sarpogrelate,1.0,31,31,exact,exact,Sarpogrelate,False,False,False,False,1.0,True,True,0,1,,,,COc1cccc(CCc2ccccc2OCC(CN(C)C)OC(=O)CCC(=O)O)c1
seglitide_cid5311430,,,seglitide_cid5311430.png,high,high,0.8606601146007564,exact,Seglitide,Seglitide,1.0,59,59,exact,exact,Seglitide,False,False,False,False,1.0,True,True,0,1,,,,CC(C)[C@@H]1NC(=O)[C@H](CCCCN)NC(=O)[C@@H](Cc2c[nH]c3ccccc23)NC(=O)[C@H](Cc2ccc(O)cc2)NC(=O)[C@H](C)N(C)C(=O)[C@H](Cc2ccccc2)NC1=O
selenium_disulfide_cid24087,,,selenium_disulfide_cid24087.png,low,low,0.5705527067184448,wrong,,Selenium disulfide,0.0,2,3,wrong,wrong,,False,False,False,False,0.0,False,False,2,2,,,,[SH-].[S] |^2:1|
seletalisib_cid56928390,,,seletalisib_cid56928390.png,high,high,0.8765382968717446,exact,Seletalisib,Seletalisib,1.0,34,34,exact,exact,Seletalisib,False,False,False,False,1.0,True,True,0,1,,,,[O-][n+]1cccc(-c2nc3c(Cl)cccc3cc2[C@@H](Nc2ncnc3cccnc23)C(F)(F)F)c1
semduramicin_cid71327,,,semduramicin_cid71327.png,low,low,1.592740077518123e-07,stereo,Semduramicin,Semduramicin,1.0,61,61,stereo,stereo,Semduramicin,False,False,False,False,1.0,True,True,0,1,,,,CO[C@H]1[C@@H](O)[C@H](C)[C@](O)(CC(=O)O)O[C@@H]1[C@H](C)C1O[C@@]2(CC[C@](C)([C@H]3CC[C@](C)([C@H]4O[C@@H]([C@H]5O[C@@](C)(O)[C@H](C)C[C@@H]5C)CC4OC4CC[C@@H](OC)[C@@H](C)O4)O3)O2)C[C@H](O)[C@H]1C
serlopitant_cid23653789,,,serlopitant_cid23653789.png,high,high,0.9010362553595584,exact,Serlopitant,Serlopitant,1.0,39,39,exact,exact,Serlopitant,False,False,False,False,1.0,True,True,0,1,,,,[H][C@]12CC[C@H](O[C@H](C)c3cc(C(F)(F)F)cc(C(F)(F)F)c3)[C@@H](c3ccc(F)cc3)[C@]1([H])CN(C1=CC(=O)CC1)C2
setipiprant_cid49843471,,,setipiprant_cid49843471.png,high,high,0.9138527375483659,exact,Setipiprant,Setipiprant,1.0,30,30,exact,exact,Setipiprant,False,False,False,False,1.0,True,True,0,1,,,,O=C(O)Cn1c2c(c3cc(F)ccc31)CN(C(=O)c1cccc3ccccc13)CC2
simeprevir_cid24873435,,,simeprevir_cid24873435.png,low,low,0.4869545627530164,wrong,,Simeprevir,0.732,51,52,wrong,wrong,,False,False,False,False,0.732,False,False,4,1,,,,"[H][C]1/C=C\CCCCN(C)C(=O)[C@]2([H])C[C@@H](Oc3cc(-c4nc(C(C)C)cs4)nc4c(C)c(OC)ccc34)C[C@@]2([H])C(=O)N[C]1C(=N)NS(=O)(=O)C1CC1 |^1:1,44|"
simfibrate_cid5217,,,simfibrate_cid5217.png,low,low,0.1861203498027325,exact,Simfibrate,Simfibrate,1.0,31,31,exact,exact,Simfibrate,False,False,False,False,1.0,True,True,0,1,,,,CC(C)(Oc1ccc(Cl)cc1)C(=O)OCCCOC(=O)C(C)(C)Oc1ccc(Cl)cc1
sinefungin_cid65482,,,sinefungin_cid65482.png,high,high,0.9078475276102436,exact,Sinefungin,Sinefungin,1.0,27,27,exact,exact,Sinefungin,False,False,False,False,1.0,True,True,0,1,,,,Nc1ncnc2c1ncn2[C@@H]1O[C@H](C[C@@H](N)CC[C@H](N)C(=O)O)[C@@H](O)[C@H]1O
sm_102_cid126697616,,,sm_102_cid126697616.png,low,low,5.328669649131925e-13,exact,SM-102,SM-102,1.0,50,50,exact,exact,SM-102,False,False,False,False,1.0,True,True,0,1,,,,CCCCCCCCCCCOC(=O)CCCCCN(CCO)CCCCCCCC(=O)OC(CCCCCCCC)CCCCCCCC
sodium_arsenite_cid443495,,,sodium_arsenite_cid443495.png,low,low,0.765210905940882,wrong,,Sodium Arsenite,0.364,5,4,wrong,wrong,,False,False,False,False,0.364,False,False,6,3,,,,C[As][O-].O.[Na+] |^1:1|
sodium_butyrate_cid5222465,,,sodium_butyrate_cid5222465.png,high,high,0.9027774727716794,exact,Sodium Butyrate,Sodium Butyrate,1.0,7,7,exact,exact,Sodium Butyrate,False,False,False,False,1.0,True,True,0,2,,,,CCCC(=O)[O-].[Na+]
sodium_fluoride_cid5235,,,sodium_fluoride_cid5235.png,low,low,0.5797393173686183,wrong,,Sodium Fluoride,0.0,3,2,wrong,wrong,,False,False,False,False,0.0,False,False,5,3,,[Ne],,[I-].[Ne].[Ne]
sodium_perborate_cid517072,,,sodium_perborate_cid517072.png,low,low,0.7246510830447993,invalid,,,,,,invalid,invalid,,False,False,False,False,,False,,,,,,,C=OO[O-].[Na]
sodium_phenylbutyrate_cid5258,,,sodium_phenylbutyrate_cid5258.png,high,high,0.9143247971651176,exact,Sodium Phenylbutyrate,Sodium Phenylbutyrate,1.0,13,13,exact,exact,Sodium Phenylbutyrate,False,False,False,False,1.0,True,True,0,2,,,,O=C([O-])CCCc1ccccc1.[Na+]
sodium_pyruvate_cid23662274,,,sodium_pyruvate_cid23662274.png,low,low,0.7203589559708273,wrong,,Sodium pyruvate,0.833,10,7,wrong,near,,False,False,False,True,0.833,False,False,8,2,,,CC(=O)[O-],CC(=O)C(=O)[O-].CC(=O)[O-]
sodium_selenate_cid25960,,,sodium_selenate_cid25960.png,high,high,0.8671840837525748,exact,Sodium Selenate,Sodium Selenate,1.0,7,7,exact,exact,Sodium Selenate,False,False,False,False,1.0,True,True,0,3,,[Na+],,O=[Se](=O)([O-])[O-].[Na+].[Na+]
sodium_tetrathionate_dihydrate_6ci_7ci_cid203055,,,sodium_tetrathionate_dihydrate_6ci_7ci_cid203055.png,high,high,0.8811438824802331,wrong,,"Sodium tetrathionate, dihydrate (6CI,7CI)",0.706,14,14,salt,salt,"Sodium tetrathionate, dihydrate (6CI,7CI)",False,False,False,False,0.706,True,False,1,5,,O.[Na+],,O.O.O=S(=O)([O-])SSS(=O)(=O)O.[Na+].[Na+]
sodium_thiocyanate_cid516871,,,sodium_thiocyanate_cid516871.png,low,low,0.7195875686794282,wrong,,Sodium thiocyanate,0.2,7,4,wrong,wrong,,False,False,False,False,0.2,False,False,20,4,,CC,,CC.CC.C[S-].[Na+]
sorangicin_a_cid657059,,,sorangicin_a_cid657059.png,low,low,5.818398650865334e-42,invalid,,,,,,invalid,invalid,,False,False,False,False,,False,,,,,,,CC1C=CC2C(C)OC(C)(OC2O)C(C)(O)C(C)(C)CCSCC=CCC(C)C(C)[CH]2(C)OC345(C)C67CC2=C6C32C43C=C(C)CC4C6C8C(C9CC%10C%11=CC%10(C)(=CC=CC=C%10%12=C%13(=C%10%14C(=C%14%12%13)C9=C%11)OC7325C)C(CCC235CC2(C3)C5CCC2C3C2C32CC2CC(C)CC=CCCCOC(C)(C)C(C)C)C(C)C(C)=C(C)O1)C468
spiramycin_ii_cid49787020,,,spiramycin_ii_cid49787020.png,low,low,2.502266185114609e-05,wrong,,spiramycin II,0.78,62,62,wrong,wrong,,False,False,False,False,0.78,False,False,2,1,,,,CO[C@@H]1[C@@H](O[C@@H]2O[C@H](C)C(O[C@@H]3C[C@](C)(O)[C@@H](O)C(C)O3)=C(N(C)C)[C@@H]2O)[C@@H](CC=O)C[C@@H](C)[C@@H](O[C@H]2CC[C@H](N(C)C)[C@@H](C)O2)C=C/C=C/C[C@@H](C)OC(=O)C[C@H]1OC(C)=O
spirapril_cid5311447,,,spirapril_cid5311447.png,low,low,0.2888722016949103,exact,Spirapril,Spirapril,1.0,31,31,exact,exact,Spirapril,False,False,False,False,1.0,True,True,0,1,,,,CCOC(=O)[C@H](CCc1ccccc1)N[C@@H](C)C(=O)N1CC2(C[C@H]1C(=O)O)SCCS2
stibophen_cid16683008,,,stibophen_cid16683008.png,low,low,0.440740446913766,wrong,,Stibophen,0.025,120,45,wrong,wrong,,False,False,False,False,0.025,False,False,341,120,,O.O.O.O.O.O.O.O.O.O.O.O.O.O.O.O.O.O.O.O.O.O.O.O.O.O.O.O.O.O.O.O.O.O.O.O.O.O.O.O.O.O.O.O.O.O.O.O.O.O.O.O.O.O.O.O.O.O.O.O.O.O.O.O.O.O.O.O.O.O.O.O.O.O.O.O.O.O.O.O.O.O.O.O.O.O.O.O.O.O.O.O.O.O.O.O.O.O.O.O.O.O.O.O.O.O.O.O.O.O.O.O.O.O.O.O.O.O.O,,O.O.O.O.O.O.O.O.O.O.O.O.O.O.O.O.O.O.O.O.O.O.O.O.O.O.O.O.O.O.O.O.O.O.O.O.O.O.O.O.O.O.O.O.O.O.O.O.O.O.O.O.O.O.O.O.O.O.O.O.O.O.O.O.O.O.O.O.O.O.O.O.O.O.O.O.O.O.O.O.O.O.O.O.O.O.O.O.O.O.O.O.O.O.O.O.O.O.O.O.O.O.O.O.O.O.O.O.O.O.O.O.O.O.O.O.O.O.O.O
stop_cid24550,,,stop_cid24550.png,low,low,0.8008149564523225,exact,Stop,Stop,1.0,3,3,exact,exact,Stop,False,False,False,False,1.0,True,True,0,1,,,,[F][Sn][F] |^2:1|
succinylcholine_chloride_cid22475,,,succinylcholine_chloride_cid22475.png,low,low,0.5892302339495146,exact,Succinylcholine Chloride,Succinylcholine Chloride,1.0,22,22,exact,exact,Succinylcholine Chloride,False,False,False,False,1.0,True,True,0,3,,[Cl-],,C[N+](C)(C)CCOC(=O)CCC(=O)OCC[N+](C)(C)C.[Cl-].[Cl-]
sulfasalazine_cid5339,,,sulfasalazine_cid5339.png,high,high,0.9171769158462321,stereo,Sulfasalazine,Sulfasalazine,1.0,28,28,stereo,stereo,Sulfasalazine,False,False,False,False,1.0,True,True,0,1,,,,O=C(O)c1cc(/N=N/c2ccc(S(=O)(=O)Nc3ccccn3)cc2)ccc1O
sulfinpyrazone_cid5342,,,sulfinpyrazone_cid5342.png,low,low,0.3838364708815067,wrong,,Sulfinpyrazone,0.703,29,29,wrong,wrong,,False,False,False,False,0.703,False,False,1,1,,,,O=C1C(CC[S](O)c2ccccc2)C(=O)N(c2ccccc2)N1c1ccccc1 |^1:5|
sutezolid_cid465951,,,sutezolid_cid465951.png,high,high,0.899076487835051,exact,Sutezolid,Sutezolid,1.0,24,24,exact,exact,Sutezolid,False,False,False,False,1.0,True,True,0,1,,,,CC(=O)NC[C@H]1CN(c2ccc(N3CCSCC3)c(F)c2)C(=O)O1
suvorexant_cid24965990,,,suvorexant_cid24965990.png,high,high,0.8983618796564917,exact,Suvorexant,Suvorexant,1.0,32,32,exact,exact,Suvorexant,False,False,False,False,1.0,True,True,0,1,,,,Cc1ccc(-n2nccn2)c(C(=O)N2CCN(c3nc4cc(Cl)ccc4o3)CC[C@H]2C)c1
suzetrigine_cid156445116,,,suzetrigine_cid156445116.png,high,high,0.9000651156124191,exact,Suzetrigine,Suzetrigine,1.0,33,33,exact,exact,Suzetrigine,False,False,False,False,1.0,True,True,0,1,,,,COc1c([C@H]2[C@H](C(=O)Nc3ccnc(C(N)=O)c3)O[C@@](C)(C(F)(F)F)[C@H]2C)ccc(F)c1F
taurine_cid1123,,,taurine_cid1123.png,low,low,0.8264811465209867,exact,Taurine,Taurine,1.0,7,7,exact,exact,Taurine,False,False,False,False,1.0,True,True,0,1,,,,NCCS(=O)(=O)O
tazarotene_cid5381,,,tazarotene_cid5381.png,high,high,0.8951684857276767,exact,Tazarotene,Tazarotene,1.0,25,25,exact,exact,Tazarotene,False,False,False,False,1.0,True,True,0,1,,,,CCOC(=O)c1ccc(C#Cc2ccc3c(c2)C(C)(C)CCS3)nc1
tazemetostat_cid66558664,,,tazemetostat_cid66558664.png,high,high,0.9253102534632712,exact,Tazemetostat,Tazemetostat,1.0,42,42,exact,exact,Tazemetostat,False,False,False,False,1.0,True,True,0,1,,,,CCN(c1cc(-c2ccc(CN3CCOCC3)cc2)cc(C(=O)NCc2c(C)cc(C)[nH]c2=O)c1C)C1CCOCC1
tazobactam_cid123630,,,tazobactam_cid123630.png,high,high,0.8589773013961957,exact,Tazobactam,Tazobactam,1.0,20,20,exact,exact,Tazobactam,False,False,False,False,1.0,True,True,0,1,,,,[H][C@@]12CC(=O)N1[C@@H](C(=O)O)[C@](C)(Cn1ccnn1)S2(=O)=O
tecarfarin_cid54718618,,,tecarfarin_cid54718618.png,high,high,0.9021183840839662,exact,Tecarfarin,Tecarfarin,1.0,32,32,exact,exact,Tecarfarin,False,False,False,False,1.0,True,True,0,1,,,,CC(OC(=O)c1ccc(Cc2c(O)c3ccccc3oc2=O)cc1)(C(F)(F)F)C(F)(F)F
tegobuvir_cid23649154,,,tegobuvir_cid23649154.png,high,high,0.9001913348955954,exact,Tegobuvir,Tegobuvir,1.0,37,37,exact,exact,Tegobuvir,False,False,False,False,1.0,True,True,0,1,,,,Fc1ccccc1-c1nc2ccn(Cc3ccc(-c4ccc(C(F)(F)F)cc4C(F)(F)F)nn3)cc-2n1
telratolimod_cid56833311,,,telratolimod_cid56833311.png,high,high,0.8943565329760288,wrong,,Telratolimod,0.721,43,43,wrong,wrong,,False,False,False,False,0.721,False,False,2,1,,,,CCCCCCCCCCCCCCCCC[C@H](O)NCCCCOn1c(CCCC)nc2c(N)nc3ccccc3c21
temurtide_cid76972485,,,temurtide_cid76972485.png,low,low,0.1869395262931083,stereo,Temurtide,Temurtide,1.0,36,36,stereo,stereo,Temurtide,False,False,False,False,1.0,True,True,0,1,,,,CC(=O)N[C@@H](C=O)[C@@H](OC(C)C(=O)NC(C(=O)N[C@H](CCC(=O)O)C(N)=O)C(C)O)[C@H](O)[C@H](O)CO
tenatoprazole_cid636411,,,tenatoprazole_cid636411.png,low,low,0.6499510160976212,wrong,,Tenatoprazole,0.769,24,24,wrong,wrong,,False,False,False,False,0.769,False,False,1,1,,,,COc1ccc2[nH]c([S](O)Cc3ncc(C)c(OC)c3C)nc2n1 |^1:8|
terlipressin_cid72081,,,terlipressin_cid72081.png,low,low,2.692732233544073e-13,invalid,,,,,,invalid,invalid,,False,False,False,False,,False,,,,,,,CSC1C(NC(=O)[CH]CC(N)=O)C(=O)(N2CCCC2C(=O)NCCCCCN)[CH]12(C(=O)N1CCCC1C(=O)NC(CCCCN)C(=O)NCC(N)=O)CSC13=CC=C(C=C1)CC(NC(=O)C(CC1=CC=C(O)C=C1)NC(=O)C(NC(=O)CNC(=O)CNC(=O)CN)C=C3)C(=O)NC(CCC(N)=O)C(=O)NC(CC(N)=O)C(=O)N2
terodiline_cid23480,,,terodiline_cid23480.png,high,high,0.909964521050369,exact,Terodiline,Terodiline,1.0,21,21,exact,exact,Terodiline,False,False,False,False,1.0,True,True,0,1,,,,CC(CC(c1ccccc1)c1ccccc1)NC(C)(C)C
tertatolol_cid36920,,,tertatolol_cid36920.png,high,high,0.9092401311933254,exact,Tertatolol,Tertatolol,1.0,20,20,exact,exact,Tertatolol,False,False,False,False,1.0,True,True,0,1,,,,CC(C)(C)NCC(O)COc1cccc2c1SCCC2
thebaine_cid5324289,,,thebaine_cid5324289.png,low,low,0.7044879515058462,exact,Thebaine,Thebaine,1.0,23,23,exact,exact,Thebaine,False,False,False,False,1.0,True,True,0,1,,,,[H][C@@]12Oc3c(OC)ccc4c3[C@@]13CCN(C)[C@]([H])(C4)C3=CC=C2OC
thiocillin_cid5282053,,,thiocillin_cid5282053.png,low,low,1.523775997691307e-17,invalid,,,,,,invalid,invalid,,False,False,False,False,,False,,,,,,,C=C123=N45=C167=C=421=C=35(=CS1)C(=O)N[CH]C(=O)NC(=CC)C1=N2=C3(=O)(=CS1)N14C(C(C)C)C15=C(=CS5)C(=O)N[CH]1(C(C)C)C5=N89=C1%10=NC81%11(=CS5)=N58=C=96%12%13=N%10=C69%10=N%14%15=C%16%17%18=NC%143%19%20%21=CSC(=N%19=C%15(=C[SH]%166)C24%203=NC(=CS3)C(=O)(NC(=CC)C(=O)NCC(C)O)C(C(=O)NC(=CC)C(N)=O)=CSC%21=NC)C5%1792(=N%12)C(=C8%18%102)C=C%13C7123(=N%11)=N1=C2=N3=C1C(C)C
thiothixene_cid941651,,,thiothixene_cid941651.png,high,high,0.8953199511305561,exact,Thiothixene,Thiothixene,1.0,30,30,exact,exact,Thiothixene,False,False,False,False,1.0,True,True,0,1,,,,CN1CCN(CC/C=C2/c3ccccc3Sc3ccc(S(=O)(=O)N(C)C)cc32)CC1
tiapride_cid5467,,,tiapride_cid5467.png,high,high,0.9184316460526746,exact,Tiapride,Tiapride,1.0,22,22,exact,exact,Tiapride,False,False,False,False,1.0,True,True,0,1,,,,CCN(CC)CCNC(=O)c1cc(S(C)(=O)=O)ccc1OC
tilidine_cid30131,,,tilidine_cid30131.png,high,high,0.8936059929804988,exact,Tilidine,Tilidine,1.0,20,20,exact,exact,Tilidine,False,False,False,False,1.0,True,True,0,1,,,,CCOC(=O)[C@]1(c2ccccc2)CCC=C[C@H]1N(C)C
tiopronin_cid5483,,,tiopronin_cid5483.png,high,high,0.9233947249351483,exact,Tiopronin,Tiopronin,1.0,10,10,exact,exact,Tiopronin,False,False,False,False,1.0,True,True,0,1,,,,CC(S)C(=O)NCC(=O)O
tipifarnib_cid159324,,,tipifarnib_cid159324.png,high,high,0.8973546780702809,exact,Tipifarnib,Tipifarnib,1.0,34,34,exact,exact,Tipifarnib,False,False,False,False,1.0,True,True,0,1,,,,Cn1cncc1[C@@](N)(c1ccc(Cl)cc1)c1ccc2c(c1)c(-c1cccc(Cl)c1)cc(=O)n2C
tirapazamine_cid135413511,,,tirapazamine_cid135413511.png,high,high,0.9142211716826989,exact,Tirapazamine,Tirapazamine,1.0,13,13,exact,exact,Tirapazamine,False,False,False,False,1.0,True,True,0,1,,,,Nc1n[n+]([O-])c2ccccc2[n+]1[O-]
tirbanibulin_cid23635314,,,tirbanibulin_cid23635314.png,high,high,0.9150291335062086,exact,Tirbanibulin,Tirbanibulin,1.0,32,32,exact,exact,Tirbanibulin,False,False,False,False,1.0,True,True,0,1,,,,O=C(Cc1ccc(-c2ccc(OCCN3CCOCC3)cc2)cn1)NCc1ccccc1
tixocortol_pivalate_cid15052414,,,tixocortol_pivalate_cid15052414.png,low,low,0.7523764251456654,wrong,,Tixocortol Pivalate,0.526,33,32,wrong,wrong,,False,False,False,False,0.526,False,False,3,1,,,,"[H][C@@]12CC[C@](O)(C(=O)CSC(=O)C(C)(C)C)[C@@]1(C)C[C@@H](O)[C]1[C@@]3(C)CCC(=O)C=C3CC[C@]12[Bi] |^1:21,^2:33|"
tolfenamic_acid_cid610479,,,tolfenamic_acid_cid610479.png,high,high,0.9193857795750696,exact,Tolfenamic Acid,Tolfenamic Acid,1.0,18,18,exact,exact,Tolfenamic Acid,False,False,False,False,1.0,True,True,0,1,,,,Cc1c(Cl)cccc1Nc1ccccc1C(=O)O
tolnaftate_cid5510,,,tolnaftate_cid5510.png,high,high,0.9239631876090397,exact,Tolnaftate,Tolnaftate,1.0,22,22,exact,exact,Tolnaftate,False,False,False,False,1.0,True,True,0,1,,,,Cc1cccc(N(C)C(=S)Oc2ccc3ccccc3c2)c1
tomatine_cid28523,,,tomatine_cid28523.png,low,low,2.402939628099492e-12,wrong,,Tomatine,0.697,73,72,wrong,wrong,,False,False,False,False,0.697,False,False,1,1,,,,[H][C@@]12CC[C@]34C[C@]3(CC[C@]3(C)[C@@]4([H])C[C@]4([H])O[C@@]5(CC[C@H](C)CN5)C(C)[C@@]34[H])[C@@]1(C)CCC(O[C@@H]1O[C@H](CO)[C@H](O[C@@H]3O[C@H](CO)C(O)C(O[C@H]4OCC(O)C(O)[C@@H]4O)[C@H]3O[C@@H]3O[C@H](CO)C(O)C(O)[C@H]3O)C(O)[C@H]1O)C2
torcetrapib_cid159325,,,torcetrapib_cid159325.png,high,high,0.9061062261506483,exact,Torcetrapib,Torcetrapib,1.0,41,41,exact,exact,Torcetrapib,False,False,False,False,1.0,True,True,0,1,,,,CCOC(=O)N1c2ccc(C(F)(F)F)cc2[C@@H](N(Cc2cc(C(F)(F)F)cc(C(F)(F)F)c2)C(=O)OC)C[C@H]1CC
toremifene_cid3005573,,,toremifene_cid3005573.png,high,high,0.9156221859030196,exact,Toremifene,Toremifene,1.0,29,29,exact,exact,Toremifene,False,False,False,False,1.0,True,True,0,1,,,,CN(C)CCOc1ccc(/C(=C(/CCCl)c2ccccc2)c2ccccc2)cc1
trans_diamminedichloroplatinum_cid441203,,,trans_diamminedichloroplatinum_cid441203.png,low,low,0.7610601152295299,exact,trans-Diamminedichloroplatinum,trans-Diamminedichloroplatinum,1.0,5,5,exact,exact,trans-Diamminedichloroplatinum,False,False,False,False,1.0,True,True,0,3,,N,,N.N.[Cl][Pt+2][Cl]
trapidil_cid5531,,,trapidil_cid5531.png,high,high,0.906851363140118,exact,Trapidil,Trapidil,1.0,15,15,exact,exact,Trapidil,False,False,False,False,1.0,True,True,0,1,,,,CCN(CC)c1cc(C)nc2ncnn12
tribendimidine_cid3086564,,,tribendimidine_cid3086564.png,high,high,0.9115379627819473,stereo,Tribendimidine,Tribendimidine,1.0,34,34,stereo,stereo,Tribendimidine,False,False,False,False,1.0,True,True,0,1,,,,C/C(=N\c1ccc(/N=C/c2ccc(/C=N/c3ccc(/N=C(\C)N(C)C)cc3)cc2)cc1)N(C)C
trichlorfon_cid5853,,,trichlorfon_cid5853.png,high,high,0.8791139156029913,exact,Trichlorfon,Trichlorfon,1.0,12,12,exact,exact,Trichlorfon,False,False,False,False,1.0,True,True,0,1,,,,COP(=O)(OC)C(O)C(Cl)(Cl)Cl
trichloroethylene_cid6575,,,trichloroethylene_cid6575.png,low,low,0.7329175412821108,wrong,,Trichloroethylene,0.05,6,5,wrong,wrong,,False,False,False,False,0.05,False,False,10,1,,,,CCC(Cl)CCl
triflusal_cid9458,,,triflusal_cid9458.png,high,high,0.9202299974994527,exact,Triflusal,Triflusal,1.0,17,17,exact,exact,Triflusal,False,False,False,False,1.0,True,True,0,1,,,,CC(=O)Oc1cc(C(F)(F)F)ccc1C(=O)O
trimegestone_cid68926,,,trimegestone_cid68926.png,high,high,0.8948061224446829,exact,Trimegestone,Trimegestone,1.0,25,25,exact,exact,Trimegestone,False,False,False,False,1.0,True,True,0,1,,,,[H][C@@]12CC[C@](C)(C(=O)[C@H](C)O)[C@@]1(C)CCC1=C3CCC(=O)C=C3CC[C@]12[H]
trimeprazine_cid5574,,,trimeprazine_cid5574.png,high,high,0.9129366443332262,exact,(+-)-Trimeprazine,(+-)-Trimeprazine,1.0,21,21,exact,exact,(+-)-Trimeprazine,False,False,False,False,1.0,True,True,0,1,,,,CC(CN(C)C)CN1c2ccccc2Sc2ccccc21
tripropeptin_c_cid58960776,,,tripropeptin_c_cid58960776.png,low,low,9.923708948232187e-14,invalid,,,,,,invalid,invalid,,False,False,False,False,,False,,,,,,,CC(C)CCCCCCCCC[CH]OC(=O)[CH]1234CC1C215(O)NC(=O)C2C(O)CCN26C(=O)C(NC(=O)C2NC78=O9=C2C912%10(OO)CC31(O)C(=O)[CH]39(C%11[CH]7%12[CH]3(C(=O)C3CCCN3C9(=O)O)C%1182C%125(OO)C%10C4)C1(=O)O)C61(=O)(C(CO)C(=O)O)C2CC3ON(C(N)=NC4C(C)C4C4(=O)OC5CC(=O)N[CH]54C(C)O)C3N21
trofosfamide_cid65702,,,trofosfamide_cid65702.png,high,high,0.8984919298403587,exact,Trofosfamide,Trofosfamide,1.0,17,17,exact,exact,Trofosfamide,False,False,False,False,1.0,True,True,0,1,,,,O=P1(N(CCCl)CCCl)OCCCN1CCCl
trospium_chloride_cid5284631,,,trospium_chloride_cid5284631.png,low,low,0.007587831976980532,invalid,,,,,,invalid,invalid,,False,False,False,False,,False,,,,,,,Cl.[H]C12CCC3([H])CC(C1)OC1(=O)=O=C(OC45CC6([H])(CC)C7([H])(C4C57)[N+]236CC)C2(O)C3=C(=C4(=CC=CC=C4)C1(O)C1(=CC=CC=C1)=C1=C2C=CC=C1)C=CC=C3
tryparsamide_cid23665572,,,tryparsamide_cid23665572.png,high,high,0.8821814016505944,exact,Tryparsamide,Tryparsamide,1.0,16,16,exact,exact,Tryparsamide,False,False,False,False,1.0,True,True,0,2,,,,NC(=O)CNc1ccc([As](=O)([O-])O)cc1.[Na+]
tucaresol_cid55223,,,tucaresol_cid55223.png,high,high,0.9122311538026309,exact,Tucaresol,Tucaresol,1.0,20,20,exact,exact,Tucaresol,False,False,False,False,1.0,True,True,0,1,,,,O=Cc1c(O)cccc1OCc1ccc(C(=O)O)cc1
tucidinostat_cid12136798,,,tucidinostat_cid12136798.png,high,high,0.9102942014802475,exact,Tucidinostat,Tucidinostat,1.0,29,29,exact,exact,Tucidinostat,False,False,False,False,1.0,True,True,0,1,,,,Nc1cc(F)ccc1NC(=O)c1ccc(CNC(=O)/C=C/c2cccnc2)cc1
umbralisib_cid72950888,,,umbralisib_cid72950888.png,high,high,0.9176151525684931,exact,Umbralisib,Umbralisib,1.0,42,42,exact,exact,Umbralisib,False,False,False,False,1.0,True,True,0,1,,,,CC(C)Oc1ccc(-c2nn([C@@H](C)c3oc4ccc(F)cc4c(=O)c3-c3cccc(F)c3)c3ncnc(N)c23)cc1F
uracil_mustard_cid6194,,,uracil_mustard_cid6194.png,high,high,0.9149586571461057,exact,Uracil Mustard,Uracil Mustard,1.0,15,15,exact,exact,Uracil Mustard,False,False,False,False,1.0,True,True,0,1,,,,O=c1[nH]cc(N(CCCl)CCCl)c(=O)[nH]1
urapidil_cid5639,,,urapidil_cid5639.png,high,high,0.9151335751738847,exact,Urapidil,Urapidil,1.0,28,28,exact,exact,Urapidil,False,False,False,False,1.0,True,True,0,1,,,,COc1ccccc1N1CCN(CCCNc2cc(=O)n(C)c(=O)n2C)CC1
valnemulin_cid9850878,,,valnemulin_cid9850878.png,low,low,0.3520111622695294,wrong,,Valnemulin,0.882,37,39,near,near,,False,False,False,False,0.882,False,False,4,1,,,,[H][C@@]12C(=O)CCC13CC[C@@H](C)[C@@]2(C)[C@H](OC(=O)CSC(C)(C)CNC(=O)[C@H](N)C(C)C)C[C@@](C)(C=C)[C@@H]3C
valrubicin_cid454216,,,valrubicin_cid454216.png,low,low,0.7595471348033865,exact,Valrubicin,Valrubicin,1.0,51,51,exact,exact,Valrubicin,False,False,False,False,1.0,True,True,0,1,,,,CCCCC(=O)OCC(=O)[C@]1(O)Cc2c(O)c3c(c(O)c2[C@@H](O[C@H]2C[C@H](NC(=O)C(F)(F)F)[C@H](O)[C@H](C)O2)C1)C(=O)c1c(OC)cccc1C3=O
vanzacaftor_cid139399801,,,vanzacaftor_cid139399801.png,low,low,0.0001155598992260902,invalid,,,,,,invalid,invalid,,False,False,False,False,,False,,,,,,,[H]C1CCCNC2=NC(=CC=C2)S(=O)(=O)NC(=O)C2=C(N=C(N345CC36=C(=N4)OCCC34789%10%11%12%13C%14%15%16%17%18%19C3%20%21%22%23%24%25C%1443%26%27C4%14O(C=6=N5)C35C473C%26%208467%28C%15%2198%20%26%29%30%31C3%27%164%22%109(C%145%176%11)C%187%238%123(C4C3C4%19%28%249%20%133CC3)C%26(C%29C%30)C%25%31)C=C2)N(C(C)C)C1
vecabrutinib_cid72547837,,,vecabrutinib_cid72547837.png,high,high,0.9198727684905286,exact,Vecabrutinib,Vecabrutinib,1.0,36,36,exact,exact,Vecabrutinib,False,False,False,False,1.0,True,True,0,1,,,,NC(=O)[C@H]1CCN(c2ncnc(N)c2F)C[C@@H]1N1CCC[C@@H](Nc2cc(Cl)cc(C(F)(F)F)c2)C1=O
vecuronium_bromide_cid39764,,,vecuronium_bromide_cid39764.png,low,low,0.6929003377680273,wrong,,Vecuronium Bromide,0.582,43,41,wrong,wrong,,False,False,False,False,0.582,False,False,3,2,,,,[Br-].[H][C@@]12CC[C@@]3(O)[C@]4([H])C[C@H]([N+]5(C)CCCCC5)[C@@H](OC(C)=O)[C@@]4(C)CC[C@]3(Br)[C@@]1(C)C[C@H](N1CCCCC1)[C@@H](OC(C)=O)C2
vernakalant_hydrochloride_cid9930048,,,vernakalant_hydrochloride_cid9930048.png,high,high,0.8946123139246068,exact,Vernakalant Hydrochloride,Vernakalant Hydrochloride,1.0,26,26,exact,exact,Vernakalant Hydrochloride,False,False,False,False,1.0,True,True,0,2,,,,COc1ccc(CCO[C@@H]2CCCC[C@H]2N2CC[C@@H](O)C2)cc1OC.Cl
vesatolimod_cid46241268,,,vesatolimod_cid46241268.png,low,low,0.1441756580165589,invalid,,,,,,invalid,invalid,,False,False,False,False,,False,,,,,,,CC=C1=C(CN2CCCC2)C=C1CN1CC(=O)NC2=C(N)N=C(OCCCC)N=C21
vidofludimus_cid9820008,,,vidofludimus_cid9820008.png,high,high,0.9114405642252881,exact,Vidofludimus,Vidofludimus,1.0,26,26,exact,exact,Vidofludimus,False,False,False,False,1.0,True,True,0,1,,,,COc1cccc(-c2ccc(NC(=O)C3=C(C(=O)O)CCC3)c(F)c2)c1
vigabatrin_cid5665,,,vigabatrin_cid5665.png,high,high,0.9266641467563335,exact,Vigabatrin,Vigabatrin,1.0,9,9,exact,exact,Vigabatrin,False,False,False,False,1.0,True,True,0,1,,,,C=CC(N)CCC(=O)O
vistusertib_cid25262792,,,vistusertib_cid25262792.png,high,high,0.9124640135271591,exact,Vistusertib,Vistusertib,1.0,34,34,exact,exact,Vistusertib,False,False,False,False,1.0,True,True,0,1,,,,CNC(=O)c1cccc(-c2ccc3c(N4CCOC[C@@H]4C)nc(N4CCOC[C@@H]4C)nc3n2)c1
voglibose_cid444020,,,voglibose_cid444020.png,low,low,0.8069304662317509,exact,Voglibose,Voglibose,1.0,18,18,exact,exact,Voglibose,False,False,False,False,1.0,True,True,0,1,,,,OCC(CO)N[C@H]1C[C@](O)(CO)[C@@H](O)[C@H](O)[C@H]1O
volasertib_cid10461508,,,volasertib_cid10461508.png,low,low,0.3676261578037663,exact,Volasertib,Volasertib,1.0,45,45,exact,exact,Volasertib,False,False,False,False,1.0,True,True,0,1,,,,CC[C@@H]1C(=O)N(C)c2cnc(Nc3ccc(C(=O)NC4CCC(N5CCN(CC6CC6)CC5)CC4)cc3OC)nc2N1C(C)C
xanomeline_cid60809,,,xanomeline_cid60809.png,high,high,0.9132990377809939,exact,Xanomeline,Xanomeline,1.0,19,19,exact,exact,Xanomeline,False,False,False,False,1.0,True,True,0,1,,,,CCCCCCOc1nsnc1C1=CCCN(C)C1
xemilofiban_cid60957,,,xemilofiban_cid60957.png,low,low,0.05087959888399076,wrong,,Xemilofiban,0.868,26,26,charge,charge,Xemilofiban,False,False,False,False,0.868,True,True,0,1,,,,[H]/N=C(\N)c1ccc(NC(=O)CCC(=O)N[C@H](C#C)CC(=O)OCC)cc1
ximelagatran_cid9574101,,,ximelagatran_cid9574101.png,low,low,0.4634606348806314,exact,Ximelagatran,Ximelagatran,1.0,34,34,exact,exact,Ximelagatran,False,False,False,False,1.0,True,True,0,1,,,,CCOC(=O)CN[C@@H](C(=O)N1CC[C@H]1C(=O)NCc1ccc(/C(N)=N/O)cc1)C1CCCCC1
zandelisib_cid66571003,,,zandelisib_cid66571003.png,high,high,0.9101276372144951,exact,Zandelisib,Zandelisib,1.0,42,42,exact,exact,Zandelisib,False,False,False,False,1.0,True,True,0,1,,,,CN1CCC(c2ccccc2CC(C)(C)Nc2nc(N3CCOCC3)nc(-n3c(C(F)F)nc4ccccc43)n2)CC1
zb_716_cid126480615,,,zb_716_cid126480615.png,low,low,0.006117786020304584,invalid,,,,,,invalid,invalid,,False,False,False,False,,False,,,,,,,*C12C3C4CC35(*)C1(C(CCCCCCCCCC(=O)CCCC(F)(F)C(F)(F)F)CC1=C25C=CC(B(O)O)=C1)C1([H])CCC(O)C41C |$Rb;;;;;;Rb;;;;;;;;;;;;;;;;;;;;;;;;;;;;;;;;;;;;;;;;;$|
zeranol_cid2999413,,,zeranol_cid2999413.png,high,high,0.915438184878584,exact,Zeranol,Zeranol,1.0,23,23,exact,exact,Zeranol,False,False,False,False,1.0,True,True,0,1,,,,C[C@H]1CCC[C@H](O)CCCCCc2cc(O)cc(O)c2C(=O)O1
zoldonrasib_cid168201327,,,zoldonrasib_cid168201327.png,low,low,3.91951426333319e-13,invalid,,,,,,invalid,invalid,,False,False,False,False,,False,,,,,,,[H]C12CCCN(N1)C(=O)C(NC(=O)C(C1CCCC1)N1CCC3(CCN(C(=O)C4C(C5CC5)N4C)C3)C1)CC13([H])CN4(CC56C4C(O51)O63)C1=CC=C3C(=C1)C(=C(C1=CC(N4CCN(C5CC5)CC4)=CN=C1C(C)OC)N3CC(F)(F)F)CC(C)(C)COC2=O
zuclopenthixol_cid5311507,,,zuclopenthixol_cid5311507.png,high,high,0.9036827056413375,exact,Zuclopenthixol,Zuclopenthixol,1.0,27,27,exact,exact,Zuclopenthixol,False,False,False,False,1.0,True,True,0,1,,,,OCCN1CCN(CC/C=C2/c3ccccc3Sc3ccc(Cl)cc32)CC1
