group,figure,segment,file_name,tier,tier_by_threshold,confidence,verdict,matched_name,closest_name,closest_tanimoto,pred_heavy,closest_heavy,grade,grade_largest,graded_match,decoded,dephantom,dedup,largest,best_tanimoto,skeleton_match,formula_match,elem_delta,n_fragments,phantom_frags,duplicate_frags,dropped_by_largest,smiles
1_2_2_difluoro_1_3_benzodioxol_5_yl_n_1_2r_2_3_dihydroxyprop_cid46199646,,,1_2_2_difluoro_1_3_benzodioxol_5_yl_n_1_2r_2_3_dihydroxyprop_cid46199646.png,high,high,0.86245483781624,wrong,,"1-(2,2-Difluoro-1,3-benzodioxol-5-yl)-N-(1-((2R)-2,3-dihydroxypropyl)-6-fluoro-2-(2-hydroxy-1,1-dimethylethyl)-1H-indol-5-yl)cyclopropanecarboxamide",0.985,37,37,exact,exact,"1-(2,2-Difluoro-1,3-benzodioxol-5-yl)-N-(1-((2R)-2,3-dihydroxypropyl)-6-fluoro-2-(2-hydroxy-1,1-dimethylethyl)-1H-indol-5-yl)cyclopropanecarboxamide",False,True,False,False,1.0,False,False,2,2,[HH],,,CC(C)(CO)c1cc2cc(NC(=O)C3(c4ccc5c(c4)OC(F)(F)O5)CC3)c(F)cc2n1C[C@@H](O)CO.[HH]
2_3_cyclic_guanosine_monophosphate_adenosine_monophosphate_cid135564529,,,2_3_cyclic_guanosine_monophosphate_adenosine_monophosphate_cid135564529.png,low,low,0.0007588089455527634,invalid,,,,,,invalid,invalid,,False,False,False,False,,False,,,,,,,[H]NC1=NC234=C567=C89%10%11%12=C%13%14(O)=N=28%15C(=N5)N%139(C=NC=3=6=%14=%102C7(=O=C2(=O)NC(N[H])=N%11)N1)[CH]%151OC([H])(COP(=O)(O[H])OC2([H])C(O[H])C(N3C=NC5=C(N)N=CN=C53)OC2([H])O%12)C(O[H])C1([H])OP4(=O)O[H]
2_deoxy_4_c_ethynyl_2_fluoroadenosine_cid6483431,,,2_deoxy_4_c_ethynyl_2_fluoroadenosine_cid6483431.png,high,high,0.8490073338842803,wrong,,2'-Deoxy-4'-C-ethynyl-2-fluoroadenosine,0.98,21,21,exact,exact,2'-Deoxy-4'-C-ethynyl-2-fluoroadenosine,False,True,False,False,1.0,False,False,8,5,[HH].[HH].[HH].[HH],,,[HH].[HH].[HH].[HH].[H]O[C@H]1C[C@H](n2cnc3c(N)nc(F)nc32)O[C@]1(C#C)CO
2_naphthacenecarboxamide_4_dimethylamino_1_4_4a_5_5a_6_11_12_cid54704426,,,2_naphthacenecarboxamide_4_dimethylamino_1_4_4a_5_5a_6_11_12_cid54704426.png,low,low,0.788995875533221,wrong,,"2-Naphthacenecarboxamide, 4-(dimethylamino)-1,4,4a,5,5a,6,11,12a-octahydro-3,6,10,12,12a-pentahydroxy-6-methyl-1,11-dioxo-, hydrochloride (1:1), (4S,4aS,5aS,6S,12aS)-",0.687,32,33,wrong,wrong,,False,False,False,False,0.687,False,False,8,11,[H].[H].[H].[H].[H].[H].[H].[H].[H],,,"[H].[H].[H].[H].[H].[H].[H].[H].[H].[H]Cl.[H]NC(=O)C1=C(O)[C@@]2(O)C(=O)C3=C(O)c4c(O)cccc4[C@@]([H])(O)[C@@]3([H])C[C@@]2([H])[C@H](N(C)C)C1=O |^1:0,1,2,3,4,5,6,7,8|"
3_4_diaminopyridine_cid5918,,,3_4_diaminopyridine_cid5918.png,low,low,0.7025274180597374,wrong,,"3,4-Diaminopyridine",0.889,12,8,exact,exact,"3,4-Diaminopyridine",False,True,False,False,1.0,False,False,14,8,I.I.I.I.[HH].[HH].[HH],,,I.I.I.I.Nc1ccncc1N.[HH].[HH].[HH]
4_dimethylamino_phenol_cid22174,,,4_dimethylamino_phenol_cid22174.png,low,low,0.7160071055252805,wrong,,4-(Dimethylamino)phenol,0.889,13,10,exact,exact,4-(Dimethylamino)phenol,False,True,False,False,1.0,False,False,8,5,I.I.I.[HH],,,CN(C)c1ccc(O)cc1.I.I.I.[HH]
4_methoxyphenol_cid9015,,,4_methoxyphenol_cid9015.png,low,low,0.7402151313658841,wrong,,4-Methoxyphenol,0.941,9,9,exact,exact,4-Methoxyphenol,False,True,False,False,1.0,False,False,2,2,[HH],,,COc1ccc(O)cc1.[HH]
4_methylpyrazole_cid3406,,,4_methylpyrazole_cid3406.png,low,low,0.6455689525610137,wrong,,4-Methylpyrazole,0.8,11,6,salt,exact,4-Methylpyrazole,False,True,False,True,0.941,False,False,7,5,II.II.[HH],,[I-],Cc1cn[nH]c1.II.II.[HH].[I-]
5_aza_2_deoxycytidine_cid451668,,,5_aza_2_deoxycytidine_cid451668.png,low,low,0.8129857384011562,wrong,,5-Aza-2'-deoxycytidine,0.951,17,16,exact,exact,5-Aza-2'-deoxycytidine,False,True,False,False,1.0,False,False,10,6,I.[HH].[HH].[HH].[HH],,,I.Nc1ncn([C@H]2C[C@H](O)[C@@H](CO)O2)c(=O)n1.[HH].[HH].[HH].[HH]
6_2_5_dioxo_2_5_dihydro_1h_pyrrol_1_yl_n_s_1_s_1_4_s_7_metho_cid89396500,,,6_2_5_dioxo_2_5_dihydro_1h_pyrrol_1_yl_n_s_1_s_1_4_s_7_metho_cid89396500.png,low,low,8.391926858642067e-23,invalid,,,,,,invalid,invalid,,False,False,False,False,,False,,,,,,,CC[CH]12C=C3456C(O)[CH]378C=C3(C9=CC=C(NC)C=C9)C=C[CH]9%10(C=C9C)[CH]9%11%12C%13=C[CH]%137%14C=C(C7%13=CC7=C(NC)C=C%13)C3=C%14894[CH]%10%1153C=C4C1(NCCCCN[CH]C=C1=C57=C89%10=C%11%13%14=C%15=C8%11%16(=C=%13(=C%15C8C=C%11C%13=C(C%15NC%15(N)C%15=O=C%17(C[CH]%17(NC(=O)CCCCC%17CC%17C%17%18C%19C%20C%19%21C%20%19C%21%20C%19%17%21C%17%19C%18%20%21C%17%18%20C%19%17%21C%19%22%23C%24%25CC%24C%25%19%24C%18%22%17C%24%20%23%21)C(C)C)N%15)C%11%13=C8)[CH]9%16O)C5%10%14=CC17)C42%1263
7_ethyl_10_hydroxycamptothecin_cid104842,,,7_ethyl_10_hydroxycamptothecin_cid104842.png,low,low,0.8296638791070612,wrong,,7-Ethyl-10-Hydroxycamptothecin,0.983,32,29,exact,exact,7-Ethyl-10-Hydroxycamptothecin,False,True,False,False,1.0,False,False,6,4,I.I.I,,,CCc1c2c(nc3ccc(O)cc13)-c1cc3c(c(=O)n1C2)COC(=O)[C@]3(O)CC.I.I.I
8_methoxypsoralen_cid4114,,,8_methoxypsoralen_cid4114.png,low,low,0.7618260327991256,wrong,,8-Methoxypsoralen,0.939,18,16,exact,exact,8-Methoxypsoralen,False,True,False,False,1.0,False,False,2,2,II,,,COc1c2occc2cc2ccc(=O)oc12.II
abacavir_sulfate_cid441384,,,abacavir_sulfate_cid441384.png,low,low,0.1569296950892341,invalid,,,,,,invalid,invalid,,False,False,False,False,,False,,,,,,,NC1=NC(NC2CC2)=C2N=CN(C3C=CC(CO)C3)C2=N1.O=S1(O)(O)(O)=O=S(O)(O)=O=1.[H]NC1=NC(NC2CC2)=C2N=CN(C3C=CC(CO)C3)C2=N1
abarelix_cid16131215,,,abarelix_cid16131215.png,low,low,1.438570063653538e-05,invalid,,,,,,invalid,invalid,,False,False,False,False,,False,,,,,,,CC.CCNCCCC[CH]NCC1NC2=O=C(NC(C(=O)NC(CCCCNC(C)C)C(=O)N3CCCC3C(=O)NC(C)C(N)=O)C1C(C)C)C1NC3(=O)[CH]NC456=O=C(=O=4)(NC3CNC2C1C(N)=O)[CH]51NC[CH]23NC4=O5=C7(NC(C2NC6C1O)C3C1=CN=CC=C1)[CH]41C(C2=CC=C(Cl)C=C2)[CH]72N3C(N12)C=53=O
abiraterone_cid132971,,,abiraterone_cid132971.png,low,low,0.4627761989057894,wrong,,Abiraterone,0.979,26,26,stereo,stereo,Abiraterone,False,True,False,False,1.0,False,False,2,2,[HH],,,[HH].[H][C@@]12CC=C3C[C@@H](O)CC[C@]3(C)[C@@]1([H])CC[C@]1(C)C(c3cccnc3)=CC[C@]21[H]
abt_263_cid24978538,,,abt_263_cid24978538.png,low,low,0.8202298470003909,wrong,,Abt 263,0.698,64,65,wrong,wrong,,False,False,False,False,0.698,False,False,7,2,,,,CC1(C)CCC(c2ccc(Cl)cc2)=C(CN2CCN(c3ccc(C(=O)NO)cc3)CC2)C1.CS(=O)c1ccc(N[C@H](CCN2CCOCC2)CSc2ccccc2)c(SC(F)(F)F)c1
acamprosate_cid71158,,,acamprosate_cid71158.png,low,low,0.6560516189902126,wrong,,Acamprosate,0.917,12,11,exact,exact,Acamprosate,False,True,False,False,1.0,False,False,4,3,I.[HH],,,CC(=O)NCCCS(=O)(=O)O.I.[HH]
acenocoumarol_cid54676537,,,acenocoumarol_cid54676537.png,high,high,0.88005121216384,exact,Acenocoumarol,Acenocoumarol,1.0,26,26,exact,exact,Acenocoumarol,False,False,False,False,1.0,True,True,0,1,,,,CC(=O)CC(c1ccc([N+](=O)[O-])cc1)c1c(O)c2ccccc2oc1=O
acetohydroxamic_acid_cid1990,,,acetohydroxamic_acid_cid1990.png,low,low,0.5228838032326683,wrong,,Acetohydroxamic Acid,0.909,10,5,exact,exact,Acetohydroxamic Acid,False,True,False,False,1.0,False,False,10,6,I.I.I.I.I,,,CC(=O)NO.I.I.I.I.I
acetylcholine_cid187,,,acetylcholine_cid187.png,low,low,0.7833783459249315,wrong,,Acetylcholine,0.905,12,10,exact,exact,Acetylcholine,False,True,False,False,1.0,False,False,2,2,II,,,CC(=O)OCC[N+](C)(C)C.II
afamelanotide_cid16197727,,,afamelanotide_cid16197727.png,low,low,3.361524328593931e-15,invalid,,,,,,invalid,invalid,,False,False,False,False,,False,,,,,,,<invalid>
afatinib_cid10184653,,,afatinib_cid10184653.png,high,high,0.8651427046987705,wrong,,Afatinib,0.987,34,34,exact,exact,Afatinib,False,True,False,False,1.0,False,False,4,3,[HH].[HH],,,[HH].[HH].[H]/C(CN(C)C)=C(/[H])C(=O)Nc1cc2c(Nc3ccc(F)c(Cl)c3)ncnc2cc1O[C@H]1CCOC1
aficamten_cid139331495,,,aficamten_cid139331495.png,high,high,0.8871300837154421,wrong,,Aficamten,0.982,25,25,exact,exact,Aficamten,False,True,False,False,1.0,False,False,2,2,[HH],,,CCc1nc(-c2ccc3c(c2)CC[C@H]3NC(=O)c2cnn(C)c2)no1.[HH]
agomelatine_cid82148,,,agomelatine_cid82148.png,low,low,0.6295742047304942,wrong,,Agomelatine,0.95,19,18,exact,exact,Agomelatine,False,True,False,False,1.0,False,False,4,3,I.[HH],,,COc1ccc2cccc(CCNC(C)=O)c2c1.I.[HH]
albendazole_cid2082,,,albendazole_cid2082.png,low,low,0.3779123730233669,invalid,,,,,,invalid,invalid,,False,False,False,False,,False,,,,,,,CCCSC1=CC=C2N=C(NC(=O)OC)NC2C=1.[HH].[HH]
alflutinib_cid118861389,,,alflutinib_cid118861389.png,high,high,0.8754441501149214,exact,Alflutinib,Alflutinib,1.0,41,41,exact,exact,Alflutinib,False,False,False,False,1.0,True,True,0,1,,,,C=CC(=O)Nc1cc(Nc2nccc(-c3cn(C)c4ccccc34)n2)c(OCC(F)(F)F)nc1N(C)CCN(C)C
almitrine_cid33887,,,almitrine_cid33887.png,high,high,0.8649342712248195,wrong,,Almitrine,0.977,35,35,exact,exact,Almitrine,False,True,False,False,1.0,False,False,4,3,[HH].[HH],,,C=CCNc1nc(NCC=C)nc(N2CCN(C(c3ccc(F)cc3)c3ccc(F)cc3)CC2)n1.[HH].[HH]
alpelisib_cid56649450,,,alpelisib_cid56649450.png,low,low,0.7862423731960815,invalid,,,,,,invalid,invalid,,False,False,False,False,,False,,,,,,,CC1=NC(NC(=O)N2CCCC2C(N)=O)=[SH]C=1C1=CC(C(C)(C)C(F)(F)F)=NC=C1.[HH].[HH].[HH]
alpha_amanitin_cid9543442,,,alpha_amanitin_cid9543442.png,low,low,0.2391093443154078,invalid,,,,,,invalid,invalid,,False,False,False,False,,False,,,,,,,C.[H]C12CS([O-])C3=C4(CC56([H])C(=O)NCC(=O)NC([H])(C(C)CC)(NC(=O)CNC(=O)(=O)C([H])(C45)N6CC([H])(C(C)C(O)CO)NC(=O)C4([H])CC(O)CN4C(=O)C(CC(N)=O)NC1=O)C(=O)NCC(=O)N2)C1=C(C=C(O)C=C1)N3
alprostadil_cid5280723,,,alprostadil_cid5280723.png,low,low,0.7284144313088593,wrong,,Alprostadil,0.66,24,25,wrong,wrong,,False,False,False,False,0.66,False,False,7,3,[HH].[HH],,,[HH].[HH].[H]/C(=C(/[H])[C@@H](O)CCCCC)[C@@H]1[C@@H](CCCCCCC(=O)O)CC[C@H]1O
alvimopan_cid5488548,,,alvimopan_cid5488548.png,high,high,0.8622584964058075,wrong,,Alvimopan,0.967,32,31,exact,exact,Alvimopan,False,True,False,False,1.0,False,False,8,5,I.[HH].[HH].[HH],,,C[C@H]1CN(C[C@H](Cc2ccccc2)C(=O)NCC(=O)O)CC[C@@]1(C)c1cccc(O)c1.I.[HH].[HH].[HH]
ambrisentan_cid6918493,,,ambrisentan_cid6918493.png,low,low,0.8148994599958751,wrong,,Ambrisentan,0.974,28,28,exact,exact,Ambrisentan,False,True,False,False,1.0,False,False,2,2,[HH],,,COC(c1ccccc1)(c1ccccc1)[C@H](Oc1nc(C)cc(C)n1)C(=O)O.[HH]
amisulpride_cid2159,,,amisulpride_cid2159.png,low,low,0.8310431540267995,wrong,,Amisulpride,0.981,25,25,exact,exact,Amisulpride,False,True,False,False,1.0,False,False,3,4,[H].[H].[H],,,"[H].[H].[H].[H]Nc1cc(OC)c(C(=O)NCC2CCCN2CC)cc1S(=O)(=O)CC |^1:0,1,2|"
anacetrapib_cid11556427,,,anacetrapib_cid11556427.png,high,high,0.875670107396454,exact,Anacetrapib,Anacetrapib,1.0,44,44,exact,exact,Anacetrapib,False,False,False,False,1.0,True,True,0,1,,,,COc1cc(F)c(C(C)C)cc1-c1ccc(C(F)(F)F)cc1CN1C(=O)O[C@H](c2cc(C(F)(F)F)cc(C(F)(F)F)c2)[C@@H]1C
anagliptin_cid44513473,,,anagliptin_cid44513473.png,high,high,0.8902261737596581,exact,Anagliptin,Anagliptin,1.0,28,28,exact,exact,Anagliptin,False,False,False,False,1.0,True,True,0,1,,,,Cc1cc2ncc(C(=O)NCC(C)(C)NCC(=O)N3CCC[C@H]3C#N)cn2n1
apalutamide_cid24872560,,,apalutamide_cid24872560.png,high,high,0.88027314334233,exact,Apalutamide,Apalutamide,1.0,33,33,exact,exact,Apalutamide,False,False,False,False,1.0,True,True,0,1,,,,CNC(=O)c1ccc(N2C(=S)N(c3cnc(C#N)c(C(F)(F)F)c3)C(=O)C23CCC3)cc1F
aprepitant_cid135413536,,,aprepitant_cid135413536.png,high,high,0.8630703737600185,wrong,,Aprepitant,0.984,37,37,exact,exact,Aprepitant,False,True,False,False,1.0,False,False,4,3,[HH].[HH],,,C[C@@H](O[C@H]1OCCN(Cc2n[nH]c(=O)[nH]2)[C@H]1c1ccc(F)cc1)c1cc(C(F)(F)F)cc(C(F)(F)F)c1.[HH].[HH]
artemisone_cid11531457,,,artemisone_cid11531457.png,low,low,0.07249762503596342,invalid,,,,,,invalid,invalid,,False,False,False,False,,False,,,,,,,[H]C1OC(N2CCS(=O)(=O)CC2)[CH]2(C)C([H])CCC(C)C34([H])CCC(C)(CC3C([H])[CH]4(C)CCC2[H])O1
asciminib_cid72165228,,,asciminib_cid72165228.png,high,high,0.8787140453759748,wrong,,Asciminib,0.984,31,31,exact,exact,Asciminib,False,True,False,False,1.0,False,False,4,3,[HH].[HH],,,O=C(Nc1ccc(OC(F)(F)Cl)cc1)c1cnc(N2CC[C@@H](O)C2)c(-c2ccn[nH]2)c1.[HH].[HH]
atomoxetine_hydrochloride_cid54840,,,atomoxetine_hydrochloride_cid54840.png,low,low,0.7758493085859359,wrong,,Atomoxetine Hydrochloride,0.943,20,20,exact,exact,Atomoxetine Hydrochloride,False,True,False,False,1.0,False,False,5,6,[HH].[H].[H].[H],,,"CNCC[C@@H](Oc1ccccc1C)c1ccccc1.[HH].[H].[H].[H].[H]Cl |^1:20,21,22|"
atracurium_besylate_cid47320,,,atracurium_besylate_cid47320.png,low,low,0.00136902217081046,invalid,,,,,,invalid,invalid,,False,False,False,False,,False,,,,,,,<invalid>
aurothioglucose_cid6104,,,aurothioglucose_cid6104.png,low,low,0.6973047216008245,wrong,,Aurothioglucose,0.467,13,13,wrong,wrong,,False,False,False,False,0.467,False,False,4,5,[H].[H].[H].[H],,,"OC[C@H]1O[C@H]([S][Au+])[C@H](O)[C@@H](O)[C@@H]1O.[H].[H].[H].[H] |^1:13,14,15,16|"
avacopan_cid49841217,,,avacopan_cid49841217.png,high,high,0.8500851867635002,wrong,,Avacopan,0.985,42,42,exact,exact,Avacopan,False,True,False,False,1.0,False,False,6,4,[HH].[HH].[HH],,,Cc1ccc(NC(=O)[C@H]2CCCN(C(=O)c3c(C)cccc3F)[C@H]2c2ccc(NC3CCCC3)cc2)cc1C(F)(F)F.[HH].[HH].[HH]
avanafil_cid9869929,,,avanafil_cid9869929.png,high,high,0.8842097439772723,wrong,,Avanafil,0.972,34,34,exact,exact,Avanafil,False,True,False,False,1.0,False,False,3,3,[HH].[H],,,COc1ccc(CNc2nc(N3CCC[C@H]3CO)ncc2C(=O)NCc2ncccn2)cc1Cl.[HH].[H] |^1:35|
avapritinib_cid118023034,,,avapritinib_cid118023034.png,low,low,0.8321261177647916,wrong,,Avapritinib,0.982,37,37,exact,exact,Avapritinib,False,True,False,False,1.0,False,False,4,5,[H].[H].[H].[H],,,"Cn1cc(-c2cc3c(N4CCN(c5ncc([C@@](C)(N)c6ccc(F)cc6)cn5)CC4)ncnn3c2)cn1.[H].[H].[H].[H] |^1:37,38,39,40|"
avutometinib_cid16719221,,,avutometinib_cid16719221.png,high,high,0.9069779118352745,exact,Avutometinib,Avutometinib,1.0,33,33,exact,exact,Avutometinib,False,False,False,False,1.0,True,True,0,1,,,,CNS(=O)(=O)Nc1nccc(Cc2c(C)c3ccc(Oc4ncccn4)cc3oc2=O)c1F
azacytidine_cid9444,,,azacytidine_cid9444.png,low,low,0.8352346887708509,wrong,,Azacytidine,0.949,18,17,exact,exact,Azacytidine,False,True,False,False,1.0,False,False,6,4,I.[HH].[HH],,,I.[HH].[HH].[H]OC[C@H]1O[C@@H](n2cnc(N)nc2=O)[C@H](O)[C@@H]1O[H]
azelaic_acid_cid2266,,,azelaic_acid_cid2266.png,low,low,0.8026362277295155,wrong,,Azelaic Acid,1.0,13,13,exact,exact,Azelaic Acid,False,True,False,False,1.0,False,False,4,3,[HH].[HH],,,O=C(O)CCCCCCCC(=O)O.[HH].[HH]
azelnidipine_cid65948,,,azelnidipine_cid65948.png,high,high,0.898083329649204,exact,Azelnidipine,Azelnidipine,1.0,43,43,exact,exact,Azelnidipine,False,False,False,False,1.0,True,True,0,1,,,,CC1=C(C(=O)OC(C)C)C(c2cccc([N+](=O)[O-])c2)C(C(=O)OC2CN(C(c3ccccc3)c3ccccc3)C2)=C(N)N1
bambuterol_cid54766,,,bambuterol_cid54766.png,high,high,0.8923572148627894,exact,Bambuterol,Bambuterol,1.0,26,26,exact,exact,Bambuterol,False,False,False,False,1.0,True,True,0,1,,,,[H]OC(CNC(C)(C)C)c1cc(OC(=O)N(C)C)cc(OC(=O)N(C)C)c1
batefenterol_cid10372836,,,batefenterol_cid10372836.png,low,low,0.5904285534774255,stereo,Batefenterol,Batefenterol,1.0,53,53,stereo,stereo,Batefenterol,False,False,False,False,1.0,True,True,0,1,,,,COc1cc(NC(=O)CCN2CCC(OC(=O)Nc3ccccc3-c3ccccc3)CC2)c(Cl)cc1CNCC(O)c1ccc(O)c2[nH]c(=O)ccc12
belotecan_cid6456014,,,belotecan_cid6456014.png,low,low,0.7212607031649246,wrong,,Belotecan,1.0,32,32,exact,exact,Belotecan,False,True,False,False,1.0,False,False,2,3,[H].[H],,,"[H].[H].[H]N(CCc1c2c(nc3ccccc13)-c1cc3c(c(=O)n1C2)COC(=O)[C@]3(O)CC)C(C)C |^1:0,1|"
belzutifan_cid117947097,,,belzutifan_cid117947097.png,high,high,0.880445957063527,exact,Belzutifan,Belzutifan,1.0,26,26,exact,exact,Belzutifan,False,False,False,False,1.0,True,True,0,1,,,,CS(=O)(=O)c1ccc(Oc2cc(F)cc(C#N)c2)c2c1[C@H](O)[C@H](F)[C@@H]2F
benazepril_cid5362124,,,benazepril_cid5362124.png,low,low,0.7034613952414482,wrong,,Benazepril,0.982,31,31,exact,exact,Benazepril,False,True,False,False,1.0,False,False,2,2,[HH],,,[HH].[H]N([C@@H](CCc1ccccc1)C(=O)OCC)[C@H]1CCc2ccccc2N(CC(=O)O)C1=O
benserazide_cid2327,,,benserazide_cid2327.png,low,low,0.7915192578698409,wrong,,Benserazide,0.944,18,18,exact,exact,Benserazide,False,True,False,False,1.0,False,False,9,7,[HH].[HH].[HH].[H].[H].[H],,,"NC(CO)C(=O)NNCc1ccc(O)c(O)c1O.[HH].[HH].[HH].[H].[H].[H] |^1:21,22,23|"
benzoyl_peroxide_cid7187,,,benzoyl_peroxide_cid7187.png,low,low,0.7550987061259239,wrong,,Benzoyl Peroxide,0.944,23,18,exact,exact,Benzoyl Peroxide,False,True,False,False,1.0,False,False,10,6,I.I.I.I.I,,,I.I.I.I.I.O=C(OOC(=O)c1ccccc1)c1ccccc1
benztropine_mesylate_cid238053,,,benztropine_mesylate_cid238053.png,low,low,0.773439956149848,wrong,,Benztropine mesylate,0.947,29,28,salt,salt,Benztropine mesylate,False,True,False,False,0.973,False,False,4,4,[HH],,,CN1C2CCC1CC(OC(c1ccccc1)c1ccccc1)C2.CS(=O)(=O)O.Cl.[HH]
bepotastine_cid164522,,,bepotastine_cid164522.png,high,high,0.8713723069484602,wrong,,Bepotastine,0.963,28,27,exact,exact,Bepotastine,False,True,False,False,1.0,False,False,3,3,I.[H],,,I.O=C(O)CCCN1CCC(O[C@@H](c2ccc(Cl)cc2)c2ccccn2)CC1.[H] |^1:28|
berenil_cid65060,,,berenil_cid65060.png,low,low,0.8095571096346122,wrong,,Berenil,0.953,29,29,stereo,stereo,Berenil,False,True,False,False,1.0,False,False,8,7,[HH].[HH].[HH].[H].[H],,,"CC(=O)NCC(=O)O.[HH].[HH].[HH].[H].[H].[H]NC(=N)c1ccc(/N=N/N([H])c2ccc(C(=N)N[H])cc2)cc1 |^1:11,12|"
besifloxacin_cid10178705,,,besifloxacin_cid10178705.png,high,high,0.8484538177422567,wrong,,Besifloxacin,0.982,27,27,exact,exact,Besifloxacin,False,True,False,False,1.0,False,False,4,5,[H].[H].[H].[H],,,"N[C@@H]1CCCCN(c2c(F)cc3c(=O)c(C(=O)O)cn(C4CC4)c3c2Cl)C1.[H].[H].[H].[H] |^1:27,28,29,30|"
beta_propiolactone_cid2365,,,beta_propiolactone_cid2365.png,low,low,0.7196765498617459,wrong,,Beta-Propiolactone,0.917,8,5,exact,exact,Beta-Propiolactone,False,True,False,False,1.0,False,False,6,4,I.I.I,,,I.I.I.O=C1CCO1
bictegravir_cid90311989,,,bictegravir_cid90311989.png,low,low,0.8344735195684908,stereo,Bictegravir,Bictegravir,1.0,32,32,stereo,stereo,Bictegravir,False,False,False,False,1.0,True,True,0,1,,,,[H][C@@]12CC[C@]([H])(C1)N1C(=O)c3c(O)c(=O)c(C(=O)NCc4c(F)cc(F)cc4F)cn3C[C@@]1([H])O2
boldenone_cid13308,,,boldenone_cid13308.png,low,low,0.5260111055341791,wrong,,Boldenone,0.976,21,21,exact,exact,Boldenone,False,True,False,False,1.0,False,False,4,3,[HH].[HH],,,[HH].[HH].[H][C@@]12CCC3=CC(=O)C=C[C@]3(C)[C@@]1([H])CC[C@]1(C)[C@@H](O)CC[C@@]21[H]
bosutinib_cid5328940,,,bosutinib_cid5328940.png,high,high,0.9022818233197716,exact,Bosutinib,Bosutinib,1.0,36,36,exact,exact,Bosutinib,False,False,False,False,1.0,True,True,0,1,,,,COc1cc(Nc2c(C#N)cnc3cc(OCCCN4CCN(C)CC4)c(OC)cc23)c(Cl)cc1Cl
bremelanotide_cid9941379,,,bremelanotide_cid9941379.png,low,low,0.81763108284703,stereo,Bremelanotide,Bremelanotide,1.0,74,74,stereo,stereo,Bremelanotide,False,False,False,False,1.0,True,True,0,1,,,,[H]N1C(=O)[C@H](Cc2cnc[nH]2)NC(=O)[C@@H](NC(=O)[C@H](CCCC)NC(C)=O)CC(=O)NCCCC[C@@H](C(=O)O)NC(=O)[C@H](Cc2c[nH]c3ccccc23)NC(=O)[C@H](CCCN=C(N)N)NC(=O)C1Cc1ccccc1
brincidofovir_cid483477,,,brincidofovir_cid483477.png,low,low,0.0826171932587,invalid,,,,,,invalid,invalid,,False,False,False,False,,False,,,,,,,CCCCCCCCCCCCCCCCOCCCOCCOC(CN1C=NC2([14CH2+])=CC1=C2)C(O)C(CO)(CCOCCCOCCCCCCCCCCCCCCCC)OCCOC(=O)O
brinzolamide_cid68844,,,brinzolamide_cid68844.png,high,high,0.8698930190653188,wrong,,Brinzolamide,0.962,23,23,exact,exact,Brinzolamide,False,True,False,False,1.0,False,False,4,4,[HH].[H].[H],,,"CCN[C@H]1CN(CCCOC)S(=O)(=O)c2sc(S(N)(=O)=O)cc21.[HH].[H].[H] |^1:24,25|"
brivaracetam_cid9837243,,,brivaracetam_cid9837243.png,low,low,0.7510988856490194,wrong,,Brivaracetam,0.971,19,15,exact,exact,Brivaracetam,False,True,False,False,1.0,False,False,8,5,I.I.I.I,,,CCC[C@@H]1CC(=O)N([C@@H](CC)C(N)=O)C1.I.I.I.I
bucillamine_cid656604,,,bucillamine_cid656604.png,low,low,0.7830446634155893,wrong,,Bucillamine,0.926,16,13,salt,exact,Bucillamine,False,True,True,True,0.962,False,False,4,5,[H],[I-].[I-],[I-],[H].[H]SC[C@@H](C(=O)O)N([H])C(=O)C(C)(C)S.[I-].[I-].[I-] |^1:0|
c_i_acid_blue_90_cid61363,,,c_i_acid_blue_90_cid61363.png,low,low,0.01031603728627562,invalid,,,,,,invalid,invalid,,False,False,False,False,,False,,,,,,,CCOC1=CC=C(NC2=CC=C(C3(C4=C(C)C=C(N(CC)CC5=CC([SH](=O)([O-])O)=CC=C5)C=C4)C4C=CC5=[N+]67=C89(=[N+]%10(CC)(CC%11%12=CC%13(=CC=C%11)C=%12%11=C(C=CC=C%11S(=O)([O-])=O=S%13(=O)(=O)[O-])C6%10)C7C)C=CC36C(C)=C8C46(C)=C59)C=C2)C=C1.[Na+].[Na+]
cabotegravir_cid54713659,,,cabotegravir_cid54713659.png,low,low,0.840632921515139,wrong,,Cabotegravir,0.983,29,29,exact,exact,Cabotegravir,False,True,False,False,1.0,False,False,4,3,[HH].[HH],,,[HH].[HH].[H][C@@]12Cn3cc(C(=O)NCc4ccc(F)cc4F)c(=O)c(O)c3C(=O)N1[C@@H](C)CO2
calicheamicin_cid11840932,,,calicheamicin_cid11840932.png,low,low,4.694741128416342e-06,invalid,,,,,,invalid,invalid,,False,False,False,False,,False,,,,,,,[H]C([H])=CC12=C34=C567=C8(NC(=O)OC)C(=O=C(CC3(C)O)C=5(NC(=O)OC)=C86[CH]17(OC1OC(C)C(NOC3CC(O)C(SC(=O)C5=C(C)C(I)=C(OC6OC(C)C(O)C(OC)C6O)C(OC)=C5OC)C(C)O3)C(O)(O)C1OC1CC(OC)C(NCC)CO1)C21[H]C1(C)S)CC4(C)O
camostat_cid2536,,,camostat_cid2536.png,low,low,0.8142163706802643,wrong,,Camostat,0.958,30,29,exact,exact,Camostat,False,True,False,False,1.0,False,False,12,7,I.[HH].[HH].[HH].[HH].[HH],,,I.[HH].[HH].[HH].[HH].[HH].[H]N/C(N)=N\c1ccc(C(=O)Oc2ccc(CC(=O)OCC(=O)N(C)C)cc2)cc1
cangrelor_tetrasodium_cid10260031,,,cangrelor_tetrasodium_cid10260031.png,low,low,0.2347390328156938,wrong,,Cangrelor Tetrasodium,0.867,52,48,near,near,,False,False,False,False,0.867,False,False,4,9,,[Na+].[Na+].[Na+].[Na+].[Na+].[Na+],,CSCCNc1nc(SCCC(F)(F)F)nc2c1ncn2[C@@H]1O[C@H](COP(=O)([O-])[O-])[C@@H](O)[C@@H]1O.O=P([O-])([O-])C(Cl)(Cl)P(=O)([O-])[O-].[Na+].[Na+].[Na+].[Na+].[Na+].[Na+].[Na+]
capivasertib_cid25227436,,,capivasertib_cid25227436.png,low,low,0.7777784513842724,wrong,,Capivasertib,0.983,30,30,exact,exact,Capivasertib,False,True,False,False,1.0,False,False,12,7,[HH].[HH].[HH].[HH].[HH].[HH],,,[HH].[HH].[HH].[HH].[HH].[HH].[H]N(C(=O)C1(N)CCN(c2ncnc3[nH]ccc23)CC1)[C@@H](CCO)c1ccc(Cl)cc1
carbetocin_cid16681432,,,carbetocin_cid16681432.png,low,low,1.375169326383029e-05,invalid,,,,,,invalid,invalid,,False,False,False,False,,False,,,,,,,C.[H]NC(=O)CC1NC(=O)(CC(N)=O)[CH]2(CCC(N)=O)NC(=O)(=O)C3=O=C4(=O=C(N[CH]C(C)CC)[CH]NCCCCSC[CH]56(C7N8C9CCCN97C8CN[CH]CNCCNC)NC7(=O)=O=C1(NC1C5S58C9C%10C%11C%12=O=C%11%13(CCC%105[SH]9C186)N[CH]415CC468=CC=C(C=C4)OCO(C)C4=CC=6=C(C=C4)C81[CH]N%12%135)[CH]7(CC(=O)N[H])NC2=O)N3
carbidopa_cid34359,,,carbidopa_cid34359.png,low,low,0.7878326274569996,wrong,,Carbidopa,0.941,18,16,exact,exact,Carbidopa,False,True,False,False,1.0,False,False,10,6,I.I.[HH].[HH].[HH],,,I.I.[HH].[HH].[HH].[H]NN[C@@](C)(Cc1ccc(O)c(O)c1)C(=O)O
carboprost_cid5281075,,,carboprost_cid5281075.png,low,low,0.1652630012658544,invalid,,,,,,invalid,invalid,,False,False,False,False,,False,,,,,,,[HH].[HH].[HH].[HH].[HH].[HH].[HH].[HH].[HH].[HH].[HH].[HH].[H]C(CCCC(=O)O)=C([H])C[CH]123C(C([H])=C([HH])CCCC(=O)O)[CH]14[CH]2(O)C[CH]43O
carglumic_acid_cid121396,,,carglumic_acid_cid121396.png,low,low,0.804969300128507,wrong,,Carglumic Acid,0.958,14,13,exact,exact,Carglumic Acid,False,True,False,False,1.0,False,False,6,4,I.[HH].[HH],,,I.[HH].[HH].[H]NC(=O)N([H])[C@@H](CCC(=O)O[H])C(=O)O
carnitine_cid10917,,,carnitine_cid10917.png,low,low,0.807078485292447,wrong,,(-)-Carnitine,0.909,14,11,salt,exact,(-)-Carnitine,False,False,False,True,0.909,False,False,4,4,I,[I-],[I-],C[N+](C)(C)C[C@H](O)CC(=O)[O-].I.[I-].[I-]
carteolol_cid2583,,,carteolol_cid2583.png,high,high,0.8787979054984947,wrong,,Carteolol,0.978,21,21,exact,exact,Carteolol,False,True,False,False,1.0,False,False,4,3,[HH].[HH],,,CC(C)(C)NCC(O)COc1cccc2c1CCC(=O)N2.[HH].[HH]
cefadroxil_cid47965,,,cefadroxil_cid47965.png,low,low,0.8340409686784681,wrong,,Cefadroxil,0.98,25,25,exact,exact,Cefadroxil,False,True,False,False,1.0,False,False,8,5,[HH].[HH].[HH].[HH],,,[HH].[HH].[HH].[HH].[H][C@]12SCC(C)=C(C(=O)O)N1C(=O)[C@H]2NC(=O)[C@H](N)c1ccc(O)cc1
cefpirome_cid5479539,,,cefpirome_cid5479539.png,high,high,0.8677358824741432,wrong,,Cefpirome,0.975,35,35,exact,exact,Cefpirome,False,True,False,False,1.0,False,False,5,4,[HH].[HH].[H],,,[HH].[HH].[H].[H][C@]12SCC(C[n+]3cccc4c3CCC4)=C(C(=O)[O-])N1C(=O)[C@H]2NC(=O)/C(=N\OC)c1csc(N)n1 |^1:2|
ceritinib_cid57379345,,,ceritinib_cid57379345.png,high,high,0.8956161135719193,wrong,,Ceritinib,0.985,38,38,exact,exact,Ceritinib,False,True,False,False,1.0,False,False,4,3,[HH].[HH],,,Cc1cc(Nc2ncc(Cl)c(Nc3ccccc3S(=O)(=O)C(C)C)n2)c(OC(C)C)cc1C1CCNCC1.[HH].[HH]
cethromycin_cid156417,,,cethromycin_cid156417.png,low,low,0.8345944173839657,wrong,,Cethromycin,0.79,55,55,wrong,wrong,,False,False,False,False,0.79,False,False,2,1,,,,[H][C@@]12NC(=O)O[C@]1(C)[C@@H](CC)OC(=O)[C@H](C)C(=O)[C@H](C)[C@@H](O[C@@H]1O[C@H](C)C[C@H](N(C)C)[C@H]1O)[C@](C)(OCCCc1cnc3ccccc3c1)C[C@@H](C)C(=O)[C@@H]2C
chlorhexidine_gluconate_cid9552081,,,chlorhexidine_gluconate_cid9552081.png,low,low,0.05537922473635234,invalid,,,,,,invalid,invalid,,False,False,False,False,,False,,,,,,,O=C(O)C(O)C(O)C(O)C(O)CO.O=C(O)C(O)C(O)C(O)C(O)CO.[H]NC(N=C(N)NC1=CC=C(Cl)C=C1)=NCCCCCCN=C(N)N=C(NC1(C2=CC(Cl)=CC=C2NC(N=C(N)N)=N([H])[H])=CC=C(Cl)C=C1)N([H])[H]
cholic_acid_cid221493,,,cholic_acid_cid221493.png,low,low,0.4653525053975707,wrong,,Cholic Acid,0.02,0,29,wrong,wrong,,False,False,False,False,0.02,False,False,35,23,,,,[HH].[HH].[HH].[HH].[HH].[HH].[HH].[HH].[HH].[HH].[HH].[HH].[HH].[HH].[HH].[HH].[HH].[HH].[HH].[HH].[HH].[HH].[HH]
ciclopirox_olamine_cid38911,,,ciclopirox_olamine_cid38911.png,low,low,0.8296696315096683,wrong,,Ciclopirox Olamine,0.947,20,19,exact,exact,Ciclopirox Olamine,False,True,False,False,1.0,False,False,8,6,I.[HH].[HH].[HH],,,Cc1cc(C2CCCCC2)n(O)c(=O)c1.I.NCCO.[HH].[HH].[HH]
cilnidipine_cid5282138,,,cilnidipine_cid5282138.png,high,high,0.8962831039196021,exact,Cilnidipine,Cilnidipine,1.0,36,36,exact,exact,Cilnidipine,False,False,False,False,1.0,True,True,0,1,,,,[H]/C(=C\COC(=O)C1=C(C)NC(C)=C(C(=O)OCCOC)C1c1cccc([N+](=O)[O-])c1)c1ccccc1
cilofexor_cid71228883,,,cilofexor_cid71228883.png,low,low,0.8430706826484765,wrong,,Cilofexor,0.986,39,39,exact,exact,Cilofexor,False,True,False,False,1.0,False,False,4,3,[HH].[HH],,,O=C(O)c1ccnc(N2CC(O)(c3ccc(OCc4c(-c5c(Cl)cccc5Cl)noc4C4CC4)cc3Cl)C2)c1.[HH].[HH]
cilostazol_cid2754,,,cilostazol_cid2754.png,high,high,0.8483481188130082,wrong,,Cilostazol,0.982,27,27,exact,exact,Cilostazol,False,True,False,False,1.0,False,False,2,2,[HH],,,O=C1CCc2cc(OCCCCc3nnnn3C3CCCCC3)ccc2N1.[HH]
cinacalcet_hydrochloride_cid156418,,,cinacalcet_hydrochloride_cid156418.png,low,low,0.8320212991132749,stereo,Cinacalcet Hydrochloride,Cinacalcet Hydrochloride,1.0,27,27,stereo,stereo,Cinacalcet Hydrochloride,False,False,False,False,1.0,True,True,0,2,,,,CC(NCCCC1=CC(C(F)(F)F)=CC=C1)C1=CC=CC2=CC=CC=C21.[HH]Cl
cipepofol_cid86301664,,,cipepofol_cid86301664.png,low,low,0.784628246046113,wrong,,Cipepofol,0.929,18,15,exact,exact,Cipepofol,False,True,False,False,1.0,False,False,7,5,I.I.I.[H],,,CC(C)c1cccc([C@H](C)C2CC2)c1O.I.I.I.[H] |^1:18|
cladribine_cid20279,,,cladribine_cid20279.png,low,low,0.8251390062921704,wrong,,Cladribine,0.978,19,19,exact,exact,Cladribine,False,True,False,False,1.0,False,False,8,5,[HH].[HH].[HH].[HH],,,[HH].[HH].[HH].[HH].[H]OC[C@H]1O[C@@H](n2cnc3c(N)nc(Cl)nc32)C[C@@H]1O
clascoterone_cid11750009,,,clascoterone_cid11750009.png,low,low,0.5974384656870451,wrong,,Clascoterone,0.981,29,29,exact,exact,Clascoterone,False,True,False,False,1.0,False,False,4,3,[HH].[HH],,,[HH].[HH].[H][C@@]12CCC3=CC(=O)CC[C@]3(C)[C@@]1([H])CC[C@@]1(C)[C@@]2([H])CC[C@]1(OC(=O)CC)C(=O)CO
clemastine_cid26987,,,clemastine_cid26987.png,low,low,0.8162221535425384,exact,Clemastine,Clemastine,1.0,24,24,exact,exact,Clemastine,False,False,False,False,1.0,True,True,0,1,,,,CN1CCC[C@@H]1CCO[C@](C)(c1ccccc1)c1ccc(Cl)cc1
clidinium_bromide_cid19004,,,clidinium_bromide_cid19004.png,low,low,0.549304654280224,wrong,,Clidinium Bromide,0.975,27,27,exact,exact,Clidinium Bromide,False,True,False,False,1.0,False,False,4,4,[HH].[HH],,,C[N+]12CCC(CC1)C(OC(=O)C(O)(c1ccccc1)c1ccccc1)C2.[Br-].[HH].[HH]
clindamycin_cid446598,,,clindamycin_cid446598.png,high,high,0.8667919925992342,wrong,,Clindamycin,0.981,27,27,exact,exact,Clindamycin,False,True,False,False,1.0,False,False,6,4,[HH].[HH].[HH],,,[HH].[HH].[HH].[H]O[C@@H]1[C@H](O)[C@@H](O)[C@@H](SC)O[C@]1([H])[C@H](NC(=O)[C@@H]1C[C@@H](CCC)CN1C)[C@H](C)Cl
clindamycin_phosphate_cid443385,,,clindamycin_phosphate_cid443385.png,low,low,0.8027263437281006,wrong,,Clindamycin Phosphate,0.984,31,31,exact,exact,Clindamycin Phosphate,False,True,False,False,1.0,False,False,10,6,[HH].[HH].[HH].[HH].[HH],,,[HH].[HH].[HH].[HH].[HH].[H][C@]1([C@H](NC(=O)[C@@H]2C[C@@H](CCC)CN2C)[C@H](C)Cl)O[C@H](SC)[C@H](OP(=O)(O)O)[C@@H](O)[C@H]1O
clioquinol_cid2788,,,clioquinol_cid2788.png,high,high,0.852286427937231,exact,Clioquinol,Clioquinol,1.0,13,13,exact,exact,Clioquinol,False,False,False,False,1.0,True,True,0,1,,,,Oc1c(I)cc(Cl)c2cccnc12
clomipramine_cid2801,,,clomipramine_cid2801.png,low,low,0.5414708297185405,wrong,,Clomipramine,0.974,23,22,near,exact,,False,False,False,True,0.974,False,False,5,2,,,C,C.CN(C)CCCN1c2ccccc2CCc2ccc(Cl)cc21
cobicistat_cid25151504,,,cobicistat_cid25151504.png,high,high,0.8722608555437279,exact,Cobicistat,Cobicistat,1.0,54,54,exact,exact,Cobicistat,False,False,False,False,1.0,True,True,0,1,,,,CC(C)c1nc(CN(C)C(=O)N[C@@H](CCN2CCOCC2)C(=O)N[C@H](CC[C@H](Cc2ccccc2)NC(=O)OCc2cncs2)Cc2ccccc2)cs1
cortisone_cid222786,,,cortisone_cid222786.png,low,low,0.3918971543331194,wrong,,Cortisone,0.98,26,26,exact,exact,Cortisone,False,True,False,False,1.0,False,False,6,4,[HH].[HH].[HH],,,[HH].[HH].[HH].[H][C@@]12CC[C@](O)(C(=O)CO)[C@@]1(C)CC(=O)[C@@]1([H])[C@@]2([H])CCC2=CC(=O)CC[C@@]21C
cositecan_cid148202,,,cositecan_cid148202.png,low,low,0.6903211859965233,wrong,,Cositecan,0.984,32,32,exact,exact,Cositecan,False,True,False,False,1.0,False,False,2,2,[HH],,,CC[C@@]1(O)C(=O)OCc2c1cc1n(c2=O)Cc2c-1nc1ccccc1c2CC[Si](C)(C)C.[HH]
crizotinib_cid11626560,,,crizotinib_cid11626560.png,high,high,0.8496700217757059,wrong,,Crizotinib,0.984,30,30,exact,exact,Crizotinib,False,True,False,False,1.0,False,False,6,4,[HH].[HH].[HH],,,C[C@@H](Oc1cc(-c2cnn(C3CCNCC3)c2)cnc1N)c1c(Cl)ccc(F)c1Cl.[HH].[HH].[HH]
cryptophycin_52_cid9939639,,,cryptophycin_52_cid9939639.png,low,low,0.7905634869297266,stereo,Cryptophycin 52,Cryptophycin 52,1.0,47,47,stereo,stereo,Cryptophycin 52,False,False,False,False,1.0,True,True,0,1,,,,[H]/C1=C(/[H])C(=O)N[C@H](Cc2ccc(OC)c(Cl)c2)C(=O)NCC(C)(C)C(=O)O[C@@H](CC(C)C)C(=O)O[C@]([H])([C@H](C)[C@H]2O[C@@H]2c2ccccc2)C1
cyproheptadine_hydrochloride_cid13770,,,cyproheptadine_hydrochloride_cid13770.png,low,low,8.130840593284362e-12,wrong,,Cyproheptadine Hydrochloride,0.028,30,23,wrong,wrong,,False,False,False,False,0.028,False,False,69,10,,CC.CC.CC.CC.CC.CC.CC.CC,,CC.CC.CC.CC.CC.CC.CC.CC.CC.CCCCCCCCCCCC
cytarabine_cid6253,,,cytarabine_cid6253.png,high,high,0.86596397360726,wrong,,Cytarabine,0.974,17,17,exact,exact,Cytarabine,False,True,False,False,1.0,False,False,6,4,[HH].[HH].[HH],,,[HH].[HH].[HH].[H]O[C@H]1[C@H](O)[C@H](n2ccc(N)nc2=O)O[C@@H]1CO
d_phenylalanine_2s_n_2r_2_2_3_aminopropyl_phenoxy_propyl_2_c_cid11526696,,,d_phenylalanine_2s_n_2r_2_2_3_aminopropyl_phenoxy_propyl_2_c_cid11526696.png,high,high,0.859025746753784,wrong,,"D-Phenylalanine, (2S)-N-((2R)-2-(2-(3-aminopropyl)phenoxy)propyl)-2-cyclopropylglycyl-N-methyl-D-alanyl-4-fluoro-, (3->1)-lactam",0.985,39,39,exact,exact,"D-Phenylalanine, (2S)-N-((2R)-2-(2-(3-aminopropyl)phenoxy)propyl)-2-cyclopropylglycyl-N-methyl-D-alanyl-4-fluoro-, (3->1)-lactam",False,True,False,False,1.0,False,False,3,4,[H].[H].[H],,,"[H].[H].[H].[H][C@@]1(C2CC2)NC[C@@H](C)Oc2ccccc2CCCNC(=O)[C@@H](Cc2ccc(F)cc2)NC(=O)[C@@H](C)N(C)C1=O |^1:0,1,2|"
dabigatran_cid216210,,,dabigatran_cid216210.png,low,low,0.8183646023552522,wrong,,Dabigatran,0.984,35,35,exact,exact,Dabigatran,False,True,False,False,1.0,False,False,3,4,[H].[H].[H],,,"[H].[H].[H].[H]NC(=N)c1ccc(NCc2nc3cc(C(=O)N(CCC(=O)O)c4ccccn4)ccc3n2C)cc1 |^1:0,1,2|"
dapansutrile_cid12714644,,,dapansutrile_cid12714644.png,low,low,0.675924266600245,wrong,,Dapansutrile,0.895,12,8,exact,exact,Dapansutrile,False,True,False,False,1.0,False,False,4,3,II.II,,,CS(=O)(=O)CCC#N.II.II
dapoxetine_cid71353,,,dapoxetine_cid71353.png,low,low,0.7726592685588376,wrong,,Dapoxetine,0.946,25,23,salt,exact,Dapoxetine,False,False,False,True,0.946,False,False,3,3,,,Cl.[Cl],CN(C)[C@@H](CCOc1cccc2ccccc12)c1ccccc1.Cl.[Cl] |^1:24|
darifenacin_hydrobromide_cid444030,,,darifenacin_hydrobromide_cid444030.png,low,low,0.7421167717791584,wrong,,Darifenacin Hydrobromide,0.981,33,33,stereo,stereo,Darifenacin Hydrobromide,False,True,False,False,1.0,False,False,2,4,[H].[H],,,"[H].[H].[H]Br.[H][C@]1(C(C(N)=O)(c2ccccc2)c2ccccc2)CCN(CCc2ccc3c(c2)CCO3)C1 |^1:0,1|"
darinaparsin_cid11683005,,,darinaparsin_cid11683005.png,low,low,0.8151523303573084,wrong,,Darinaparsin,0.952,23,23,exact,exact,Darinaparsin,False,True,False,False,1.0,False,False,9,6,[HH].[HH].[HH].[HH].[H],,,C[As](C)SC[C@H](NC(=O)CC[C@H](N)C(=O)O)C(=O)NCC(=O)O.[HH].[HH].[HH].[HH].[H] |^1:27|
decoquinate_cid29112,,,decoquinate_cid29112.png,high,high,0.9014896667266159,exact,Decoquinate,Decoquinate,1.0,30,30,exact,exact,Decoquinate,False,False,False,False,1.0,True,True,0,1,,,,CCCCCCCCCCOc1cc2c(=O)c(C(=O)OCC)c[nH]c2cc1OCC
deflazacort_cid189821,,,deflazacort_cid189821.png,low,low,0.04646898931664951,invalid,,,,,,invalid,invalid,,False,False,False,False,,False,,,,,,,[H].[H]C1OC(C)=NC12C(C)CC(O)C([H])(C1(C)C=CC(=O)C=C1CC)C13([H])CCC4=CC(=O)C=CC4(C)C1([H])C(O)CC1(C)C3([H])CC3([H])OC(C)=NC31(C(=O)COC(C)=O)C2(=O)COC(C)=O
delanzomib_cid24800541,,,delanzomib_cid24800541.png,low,low,0.7968733634824364,wrong,,Delanzomib,0.98,30,30,exact,exact,Delanzomib,False,True,False,False,1.0,False,False,10,6,[HH].[HH].[HH].[HH].[HH],,,CC(C)C[C@H](NC(=O)[C@@H](NC(=O)c1cccc(-c2ccccc2)n1)[C@@H](C)O)B(O)O.[HH].[HH].[HH].[HH].[HH]
delgocitinib_cid50914062,,,delgocitinib_cid50914062.png,low,low,0.8109011254463089,wrong,,Delgocitinib,0.982,23,23,exact,exact,Delgocitinib,False,True,False,False,1.0,False,False,2,3,[H].[H],,,"C[C@H]1CN(C(=O)CC#N)[C@]12CCN(c1ncnc3[nH]ccc13)C2.[H].[H] |^1:23,24|"
dersimelagon_cid126736894,,,dersimelagon_cid126736894.png,high,high,0.8921149561110112,exact,Dersimelagon,Dersimelagon,1.0,48,48,exact,exact,Dersimelagon,False,False,False,False,1.0,True,True,0,1,,,,[H][C@]1(c2ccc(C(F)(F)F)cc2N2CCC(C(=O)O)CC2)CN(C(=O)[C@]2(F)CN(C3CCCC3)C[C@H]2c2ccc(OC)cc2)C[C@@H]1COC
deruxtecan_pyrrole_2_5_dione_cid118305111,,,deruxtecan_pyrrole_2_5_dione_cid118305111.png,low,low,1.994306792514064e-05,invalid,,,,,,invalid,invalid,,False,False,False,False,,False,,,,,,,[H]C123=C45=C(N=C678CC69%10=C6%11=C1%12%13C(OC(=O)COC1C%14N1C%14(=O)(=O)CNC(=O)C(CC1=CC=CC=C1)NC(=O)CNC(=O)CNC(=O)CCCCCN1C(=O)C=CC1=O)C=672(C=CC(F)=C1(C)CC1)C%12N%118%139C(=O)C=%1012=C678=C9(=C6)C76(O)(CC)C(OC1)C986(O)C(=O)OC2)C=43CCC5
desflurane_cid42113,,,desflurane_cid42113.png,low,low,0.8017681181168587,exact,Desflurane,Desflurane,1.0,10,10,exact,exact,Desflurane,False,False,False,False,1.0,True,True,0,1,,,,[H]C(F)(OC(F)F)C(F)(F)F
desipramine_cid2995,,,desipramine_cid2995.png,low,low,0.5811178911789209,wrong,,Desipramine,0.935,21,20,salt,exact,Desipramine,False,True,False,True,0.967,False,False,4,3,[HH],,Cl,CNCCCN1c2ccccc2CCc2ccccc21.Cl.[HH]
deslanoside_cid28620,,,deslanoside_cid28620.png,low,low,0.1052825701852877,invalid,,,,,,invalid,invalid,,False,False,False,False,,False,,,,,,,CC1OC(OC2CCC34(C)CC35CC(O)C3(C)C(C6=CC(=O)OC6)CCC3(O)C5(O)CCC4C2)CC(O)C1OC1CC(O)C(OC2CC(O)C(OC3OC(CO)C(O)C(O)C3O)C(C)O2)C(C)O1
deucravacitinib_cid134821691,,,deucravacitinib_cid134821691.png,high,high,0.8818724313842163,exact,Deucravacitinib,Deucravacitinib,1.0,31,31,exact,exact,Deucravacitinib,False,False,False,False,1.0,True,True,0,1,,,,[2H]C([2H])([2H])NC(=O)c1nnc(NC(=O)C2CC2)cc1Nc1cccc(-c2ncn(C)n2)c1OC
dexrazoxane_cid71384,,,dexrazoxane_cid71384.png,low,low,0.7886970929063141,wrong,,Dexrazoxane,0.926,21,19,exact,exact,Dexrazoxane,False,True,False,False,1.0,False,False,8,5,I.I.[HH].[HH],,,C[C@@H](CN1CC(=O)NC(=O)C1)N1CC(=O)NC(=O)C1.I.I.[HH].[HH]
dicyclomine_hydrochloride_cid441344,,,dicyclomine_hydrochloride_cid441344.png,low,low,0.8047865424036162,wrong,,Dicyclomine Hydrochloride,1.0,24,23,exact,exact,Dicyclomine Hydrochloride,False,False,True,False,1.0,False,False,2,3,,Cl,,CCN(CC)CCOC(=O)C1(C2CCCCC2)CCCCC1.[H]Cl.[H]Cl
difelikefalin_cid24794466,,,difelikefalin_cid24794466.png,low,low,0.5567818302151563,exact,Difelikefalin,Difelikefalin,1.0,49,49,exact,exact,Difelikefalin,False,False,False,False,1.0,True,True,0,1,,,,[H]N[C@H](Cc1ccccc1)C(=O)N[C@H](Cc1ccccc1)C(=O)N([H])[C@H](CC(C)C)C(=O)N[C@H](CCCCN)C(=O)N1CCC(N)(C(=O)O)CC1
digitoxin_cid441207,,,digitoxin_cid441207.png,low,low,0.208399808247001,wrong,,Digitoxin,0.766,55,54,wrong,wrong,,False,False,False,False,0.766,False,False,1,1,,,,[H]O[C@@]12CC[C@H](C3=CC(=O)OC3)[C@@]1(C)CC[C@]1([H])[C@@]3(C)CC[C@@H](O[C@@H]4C[C@H](O)[C@H](O[C@H]5C[C@H](O)[C@@H](O[C@H]6C[C@@H](O)[C@@H](O)[C@@H](C)O6)[C@@H](C)O5)[C@@H](C)O4)C[C@]3([H])CC[C@@]12O
dihydroartemisinin_cid107770,,,dihydroartemisinin_cid107770.png,low,low,0.4880021504244718,wrong,,Dihydroartemisinin,0.161,17,20,wrong,wrong,,False,False,False,False,0.161,False,False,5,2,[HH],,,"[HH].[H][C@@]12OC(C)OO[C]1C(CC[CH]C)[C@@H](C)[C@@H](O)O2 |^1:8,12|"
dinoprost_cid5280363,,,dinoprost_cid5280363.png,low,low,0.609838182611757,wrong,,Dinoprost,1.0,25,25,exact,exact,Dinoprost,False,True,False,False,1.0,False,False,8,5,[HH].[HH].[HH].[HH],,,[HH].[HH].[HH].[HH].[H]/C(CCCC(=O)O)=C(\[H])C[C@@H]1[C@@H](/C([H])=C(\[H])[C@@H](O)CCCCC)[C@H](O)C[C@@H]1O
dirithromycin_cid6473883,,,dirithromycin_cid6473883.png,low,low,0.1667095459552163,invalid,,,,,,invalid,invalid,,False,False,False,False,,False,,,,,,,[H]C1C(C)CC(C)(O)C(OC2OC(C)CC(N(C)C)C2O)C(C)C(OC2CC(C)(OC)C(O)C(C)O2)C(C)CO[CH]2(CC)C34CC2(C)(O)(O3)C4([H])OC(COCCOC)N1[H]
disopyramide_cid3114,,,disopyramide_cid3114.png,low,low,0.8273077899243195,wrong,,Disopyramide,0.953,26,25,exact,exact,Disopyramide,False,True,False,False,1.0,False,False,8,5,I.[HH].[HH].[HH],,,CC(C)N(CCC(C(N)=O)(c1ccccc1)c1ccccn1)C(C)C.I.[HH].[HH].[HH]
distearoylphosphatidylcholine_cid65146,,,distearoylphosphatidylcholine_cid65146.png,low,low,0.3884390187209644,wrong,,Distearoylphosphatidylcholine,0.508,67,54,wrong,wrong,,False,False,False,False,0.508,False,False,31,7,,[O-].[O-][O-],,"CCCCCCCCCCCCCCCCCC(=O)OCC(CCOCCC[N+](C)(C)C)OC(=O)CCCCCCCCCCCCCCCCC.C[N+](C)([O-])CCO[O-].O.[O-].[O-].[O-][O-].[O-][O-] |^1:61,62|"
dl_selenomethionine_cid15103,,,dl_selenomethionine_cid15103.png,low,low,0.7922900857131995,wrong,,DL-selenomethionine,0.913,11,9,exact,exact,DL-selenomethionine,False,True,False,False,1.0,False,False,8,5,I.I.[HH].[HH],,,C[Se]CCC(N)C(=O)O.I.I.[HH].[HH]
dobutamine_hydrochloride_cid65324,,,dobutamine_hydrochloride_cid65324.png,high,high,0.8509343667336209,wrong,,Dobutamine Hydrochloride,0.972,23,23,exact,exact,Dobutamine Hydrochloride,False,True,False,False,1.0,False,False,6,5,[HH].[HH].[HH],,,CC(CCc1ccc(O)cc1)NCCc1ccc(O)c(O)c1.[HH].[HH].[HH].[H]Cl
dofetilide_cid71329,,,dofetilide_cid71329.png,high,high,0.8904118367870438,wrong,,Dofetilide,0.974,30,29,exact,exact,Dofetilide,False,True,False,False,1.0,False,False,2,2,I,,,CN(CCOc1ccc(NS(C)(=O)=O)cc1)CCc1ccc(NS(C)(=O)=O)cc1.I
domperidone_cid3151,,,domperidone_cid3151.png,low,low,0.7914867314715547,wrong,,Domperidone,0.98,30,30,exact,exact,Domperidone,False,True,False,False,1.0,False,False,4,3,[HH].[HH],,,O=c1[nH]c2ccccc2n1CCCN1CCC(n2c(=O)[nH]c3cc(Cl)ccc32)CC1.[HH].[HH]
doramectin_cid9832750,,,doramectin_cid9832750.png,low,low,0.07423589720606104,stereo,Doramectin,Doramectin,1.0,64,64,stereo,stereo,Doramectin,False,False,False,False,1.0,True,True,0,1,,,,[H]C1=C(/[H])[C@H](C)[C@@H](O[C@H]2C[C@H](OC)[C@@H](O[C@H]3C[C@H](OC)[C@@H](O)[C@H](C)O3)[C@H](C)O2)/C(C)=C/C[C@]2([H])C[C@]([H])(C[C@]3(C=C[C@H](C)[C@@]([H])(C4CCCCC4)O3)O2)OC(=O)[C@]2([H])C=C(C)[C@@H](O)[C@]3([H])OC\C(=C/1[H])[C@@]23O
dronedarone_hydrochloride_cid219025,,,dronedarone_hydrochloride_cid219025.png,high,high,0.8627096394376028,wrong,,Dronedarone Hydrochloride,0.739,40,40,wrong,wrong,,False,False,False,False,0.739,False,False,3,3,[H],,,CCCCc1oc2ccc(N[SH](C)(=O)O)cc2c1C(=O)c1ccc(OCCCN(CCCC)CCCC)cc1.Cl.[H] |^1:40|
droxidopa_cid92974,,,droxidopa_cid92974.png,low,low,0.8325891577043851,wrong,,Droxidopa,0.931,17,15,exact,exact,Droxidopa,False,True,False,False,1.0,False,False,8,5,I.I.[HH].[HH],,,I.I.[HH].[HH].[H]N[C@H](C(=O)O[H])[C@H](O[H])c1ccc(O)c(O)c1
durlobactam_cid89851852,,,durlobactam_cid89851852.png,low,low,0.4654687953573369,invalid,,,,,,invalid,invalid,,False,False,False,False,,False,,,,,,,[HH].[HH].[HH].[H]C123CN(C(=O)N1OS(=O)(=O)O)[CH]21C(C)[CH]3(C(N)=O)C1(N)=O
dutogliptin_cid11253490,,,dutogliptin_cid11253490.png,low,low,0.4921458976174762,wrong,,Dutogliptin,0.974,17,17,exact,exact,Dutogliptin,False,True,False,False,1.0,False,False,8,5,[HH].[HH].[HH].[HH],,,[HH].[HH].[HH].[HH].[H][C@@]1(B(O)O)CCCN1C(=O)CN[C@@H]1CCNC1
echothiophate_cid10548,,,echothiophate_cid10548.png,low,low,0.8418679362988597,exact,Echothiophate,Echothiophate,1.0,15,15,exact,exact,Echothiophate,False,False,False,False,1.0,True,True,0,1,,,,CCOP(=O)(OCC)SCC[N+](C)(C)C
edrophonium_chloride_cid8307,,,edrophonium_chloride_cid8307.png,low,low,0.8164964811862409,invalid,,,,,,invalid,invalid,,False,False,False,False,,False,,,,,,,[Cl-].[Cl-].[Cl-].[Cl-].[H]OC1=CC=CC(N(C)(C)CC)=C1
efinaconazole_cid489181,,,efinaconazole_cid489181.png,low,low,0.8211948472365416,wrong,,Efinaconazole,0.981,27,25,salt,exact,Efinaconazole,False,False,False,True,0.981,False,False,2,3,,[I-],[I-],[H]O[C@@](Cn1cncn1)(c1ccc(F)cc1F)[C@@H](C)N1CCC(=C)CC1.[I-].[I-]
efonidipine_cid119171,,,efonidipine_cid119171.png,high,high,0.894408156723805,exact,Efonidipine,Efonidipine,1.0,45,45,exact,exact,Efonidipine,False,False,False,False,1.0,True,True,0,1,,,,CC1=C(C(=O)OCCN(Cc2ccccc2)c2ccccc2)C(c2cccc([N+](=O)[O-])c2)C(P2(=O)OCC(C)(C)CO2)=C(C)N1
elacestrant_cid23642301,,,elacestrant_cid23642301.png,low,low,0.8312378795820745,wrong,,Elacestrant,0.984,34,34,stereo,stereo,Elacestrant,False,True,False,False,1.0,False,False,2,3,[H].[H],,,"[H].[H].[H]N(CC)CCc1ccc(CN(CC)c2cc(OC)ccc2[C@@]2([H])CCc3cc(O)ccc3C2)cc1 |^1:0,1|"
elagolix_cid11250647,,,elagolix_cid11250647.png,high,high,0.8852513692777991,wrong,,Elagolix,1.0,45,45,exact,exact,Elagolix,False,True,False,False,1.0,False,False,4,3,[HH].[HH],,,COc1cccc(-c2c(C)n(Cc3c(F)cccc3C(F)(F)F)c(=O)n(C[C@H](NCCCC(=O)O)c3ccccc3)c2=O)c1F.[HH].[HH]
elbasvir_cid71661251,,,elbasvir_cid71661251.png,low,low,0.002743229885941608,invalid,,,,,,invalid,invalid,,False,False,False,False,,False,,,,,,,[H]N1C(C2=CC3=C(C=C2)NC(C2=C(OC4C5=C67=C489=C4C6%10=C6=C47=C=%104C=C8=C64=C59)C=C4(C=C2)C25=C4([H])([H]2)C5(=NC)C24([H])CCC2N4C(=O)C(NC(=O)OC)C(C)C)=C3)=C2=C1(CNC(=O)C(NC(=O)OC)C(C)C)=N2
eletriptan_hydrobromide_cid656631,,,eletriptan_hydrobromide_cid656631.png,high,high,0.8731434432707393,wrong,,Eletriptan Hydrobromide,0.982,28,28,exact,exact,Eletriptan Hydrobromide,False,True,False,False,1.0,False,False,2,3,[HH],,,CN1CCC[C@@H]1Cc1c[nH]c2ccc(CCS(=O)(=O)c3ccccc3)cc12.[HH].[H]Br
elexacaftor_cid134587348,,,elexacaftor_cid134587348.png,low,low,0.8377434819863123,wrong,,Elexacaftor,0.974,42,41,salt,exact,Elexacaftor,False,True,False,True,0.987,False,False,4,3,[HH],,Cl,Cc1nn(C)cc1S(=O)(=O)NC(=O)c1ccc(-n2ccc(OCC(C)(C)C(F)(F)F)n2)nc1N1C[C@@H](C)CC1(C)C.Cl.[HH]
eltanexor_cid86345880,,,eltanexor_cid86345880.png,low,low,0.5910611615214345,invalid,,,,,,invalid,invalid,,False,False,False,False,,False,,,,,,,[HH].[HH].[H]C(C(C(N)=O)C1=CN=CN=C1)=N1C=NC(C2=CC(C(F)(F)F)=CC(C(F)(F)F)=C2)=N1
eltrombopag_cid135449332,,,eltrombopag_cid135449332.png,high,high,0.8546405989121297,wrong,,Eltrombopag,0.836,33,33,charge,charge,Eltrombopag,False,True,False,False,0.85,False,False,1,3,[H].[H],,,"Cc1ccc(-n2[nH]c(C)c(/N=N/c3cccc(-c4cccc(C(=O)[O-])c4)c3O)c2=O)cc1C.[H].[H] |^1:33,34|"
elvitegravir_cid5277135,,,elvitegravir_cid5277135.png,low,low,0.09104041060681928,invalid,,,,,,invalid,invalid,,False,False,False,False,,False,,,,,,,CC.COC1=CC23=C(C=C1CC1=C(F)C(Cl)=CC=C1)C(=O)C14=C(=C1C(=O)O)N215=C=4N3([CH]1(CO)C(C)C)[CH]5(CO)C(C)C.[HH]
emamectin_b1a_cid11136686,,,emamectin_b1a_cid11136686.png,low,low,0.01494962076535245,invalid,,,,,,invalid,invalid,,False,False,False,False,,False,,,,,,,[H]C1=CC([H])=C2CO[CH]3([H])C(O)OC2345OC4([H])C(O)C(C)=CC5([H])C(=O)OC2([H])CC([H])(CC([H])=C(C)C(OC3CC(OC)C(OC4CC(OC)C(NC)C(C)O4)C(C)O3)C1C)OC1(C=CC(C)C([H])(C(C)CC)O1)C2
emtricitabine_cid60877,,,emtricitabine_cid60877.png,low,low,0.7885558103946525,wrong,,Emtricitabine,0.585,17,16,wrong,wrong,,False,False,False,False,0.585,False,False,8,5,I.[HH].[HH].[HH],,,I.Nc1nc(=O)n([C@@H]2C[S-][C@H](CO)O2)cc1F.[HH].[HH].[HH] |^1:9|
encorafenib_cid50922675,,,encorafenib_cid50922675.png,high,high,0.8900996458316247,exact,Encorafenib,Encorafenib,1.0,36,36,exact,exact,Encorafenib,False,False,False,False,1.0,True,True,0,1,,,,COC(=O)N[C@@H](C)CNc1nccc(-c2cn(C(C)C)nc2-c2cc(Cl)cc(NS(C)(=O)=O)c2F)n1
enflurane_cid3226,,,enflurane_cid3226.png,low,low,0.6889653629650033,exact,Enflurane,Enflurane,1.0,10,10,exact,exact,Enflurane,False,False,False,False,1.0,True,True,0,1,,,,[H]C(F)(Cl)C(F)(F)OC(F)F
entecavir_cid135398508,,,entecavir_cid135398508.png,low,low,0.6506294130602711,wrong,,Entecavir,0.979,20,20,exact,exact,Entecavir,False,True,False,False,1.0,False,False,6,4,[HH].[HH].[HH],,,C=C1[C@H](CO)[C@@H](O)C[C@@H]1n1cnc2c(=O)[nH]c(N)nc21.[HH].[HH].[HH]
entrectinib_cid25141092,,,entrectinib_cid25141092.png,low,low,0.8409444064363131,wrong,,Entrectinib,0.972,41,41,exact,exact,Entrectinib,False,True,False,False,1.0,False,False,5,4,[HH].[HH].[H],,,[HH].[HH].[H].[H]n1nc(NC(=O)c2ccc(N3CCN(C)CC3)cc2NC2CCOCC2)c2cc(Cc3cc(F)cc(F)c3)ccc21 |^1:2|
eptaplatin_cid119378,,,eptaplatin_cid119378.png,low,low,0.8027557440394106,wrong,,Eptaplatin,0.9,20,20,near,near,,False,False,False,False,0.9,False,False,11,7,I.[HH].[HH].[HH].[HH],,,CC(C)C1O[C@H](CN)[C@@H](CN)O1.I.O=C([O-])CC(=O)[O-].[HH].[HH].[HH].[HH]
eptifibatide_cid448812,,,eptifibatide_cid448812.png,low,low,0.09628596943043305,invalid,,,,,,invalid,invalid,,False,False,False,False,,False,,,,,,,N[CH]1(CC2=CNC3=CC=CC=C23)C(=O)N2CC(=O)NC(CC(=O)O)C(=O)N21.[HH].[HH].[HH].[HH].[HH].[HH].[HH].[HH].[HH].[H].[H]C123C(=O)NC(C(N)=O)C45C1SCC1(CSC46CC652)C(=O)NC(CCCCN=C(N)N)C(=O)N13
ergometrine_cid443884,,,ergometrine_cid443884.png,low,low,0.025500133745315,invalid,,,,,,invalid,invalid,,False,False,False,False,,False,,,,,,,[H]N1C=C2CC34([H])C(=CC5C(=O)N([H])C(C)CO6([H])[H]OC6C(C)N([H])C(=O)[CH]6(C=C37C3=C8C(=CN([H])C8=CC=C3)CC7([H])N(C)C6)C5N4C)C3=C2C1=CC=C3
ertugliflozin_cid44814423,,,ertugliflozin_cid44814423.png,low,low,0.2360637006654727,invalid,,,,,,invalid,invalid,,False,False,False,False,,False,,,,,,,CCOC1=CC=C(CC2=C(Cl)C=CC(C345COC6(CO)(CO)O3C64C(O)C(O)C5O)=C2)C=C1.[HH].[HH].[HH]
esmolol_hydrochloride_cid104769,,,esmolol_hydrochloride_cid104769.png,low,low,0.8272325084091444,wrong,,Esmolol Hydrochloride,0.976,22,22,exact,exact,Esmolol Hydrochloride,False,True,False,False,1.0,False,False,3,5,[H].[H].[H],,,"COC(=O)CCc1ccc(OCC(O)CNC(C)C)cc1.[H].[H].[H].[H]Cl |^1:21,22,23|"
etelcalcetide_cid71511839,,,etelcalcetide_cid71511839.png,low,low,0.02354490875076453,invalid,,,,,,invalid,invalid,,False,False,False,False,,False,,,,,,,C[CH]12N[CH]3(C4CC4N=C(N)N)C14=O=C23(=O)N[CH]123CCCN=C5([NH3+])(N[15NH])N([15NH])C(N)=N5CCC1C(N4)C2(N)=O=C3(N)=O.[H]NC(N=[H])=NCCCC(CNC(=O)CCCN=C(N)N)NC(=O)[CH](C)(C)NC(=O)(=O)C(CS)NCC
ethaselen_cid10387485,,,ethaselen_cid10387485.png,low,low,0.796383499059769,wrong,,Ethaselen,0.96,23,22,salt,exact,Ethaselen,False,False,False,True,0.96,False,False,2,2,,,Cl,Cl.O=c1c2ccccc2[se]n1CCn1[se]c2ccccc2c1=O
ethinylestradiol_cid5991,,,ethinylestradiol_cid5991.png,low,low,0.585705710517587,wrong,,Ethinylestradiol,0.956,22,22,stereo,stereo,Ethinylestradiol,False,True,False,False,1.0,False,False,6,5,[HH].[HH].[H].[H],,,"[HH].[HH].[H].[H].[H][C@@]12CCc3cc(O)ccc3[C@@]1([H])CC[C@@]1(C)[C@]2([H])CC[C@@]1(O)C#C |^1:2,3|"
etomidate_cid667484,,,etomidate_cid667484.png,low,low,0.7951318839505576,wrong,,Etomidate,0.974,21,18,exact,exact,Etomidate,False,True,False,False,1.0,False,False,6,4,I.I.I,,,CCOC(=O)c1cncn1[C@H](C)c1ccccc1.I.I.I
etoricoxib_cid123619,,,etoricoxib_cid123619.png,low,low,0.7855845139395748,wrong,,Etoricoxib,0.974,25,24,salt,exact,Etoricoxib,False,False,False,True,0.974,False,False,2,2,,,Cl,Cc1ccc(-c2ncc(Cl)cc2-c2ccc(S(C)(=O)=O)cc2)cn1.Cl
etrasimod_cid44623998,,,etrasimod_cid44623998.png,high,high,0.8642340087668777,exact,Etrasimod,Etrasimod,1.0,33,33,exact,exact,Etrasimod,False,False,False,False,1.0,True,True,0,1,,,,O=C(O)C[C@H]1CCc2c1[nH]c1ccc(OCc3ccc(C4CCCC4)c(C(F)(F)F)c3)cc21
etretinate_cid5282375,,,etretinate_cid5282375.png,low,low,0.5951931789879944,wrong,,Etretinate,0.725,24,26,wrong,wrong,,False,False,False,False,0.725,False,False,2,2,,,,C.[H]C(=C(C)/C([H])=C(\[H])C(=O)OCC)/C([H])=C(/[H])c1c(C)cc(OC)c(C)c1C
exatecan_cid151115,,,exatecan_cid151115.png,low,low,0.3428655121155932,invalid,,,,,,invalid,invalid,,False,False,False,False,,False,,,,,,,CCC1(O)C(=O)OCC2=C1C=C1C3=NC45=CC(F)=C(C)C67=C489C4%10%11=C8(=C=6594)(C=3%10CN1C2=O)[CH]%11(N)CC7.[HH].[HH].[HH]
febuxostat_cid134018,,,febuxostat_cid134018.png,high,high,0.8586445629878302,wrong,,Febuxostat,0.96,23,22,exact,exact,Febuxostat,False,True,False,False,1.0,False,False,4,3,I.[HH],,,Cc1nc(-c2ccc(OCC(C)C)c(C#N)c2)sc1C(=O)O.I.[HH]
fedratinib_cid16722836,,,fedratinib_cid16722836.png,high,high,0.9045486386361661,exact,Fedratinib,Fedratinib,1.0,37,37,exact,exact,Fedratinib,False,False,False,False,1.0,True,True,0,1,,,,Cc1cnc(Nc2ccc(OCCN3CCCC3)cc2)nc1Nc1cccc(S(=O)(=O)NC(C)(C)C)c1
felypressin_cid14257662,,,felypressin_cid14257662.png,low,low,0.007452813122903084,invalid,,,,,,invalid,invalid,,False,False,False,False,,False,,,,,,,CS.[H]NCCCCC(NC(=O)C1CCCN1C(=O)C(CS)NC(=O)[CH]1(CC(=O)N[H])NC2(=O)=O=C3(NC4C5C6789=O=C5%10(=O=6)(C417)N81[H]N9%10[H]1)C(CCC(N)=O)NC1(C(C)NC[CH]CCC=CC)=O=C(=O)(N[CH]32CCC(N)=O)[CH]1(CC1=CC=CC=C1)NC(=O)C(CC1=CC=CC=C1)CC([H])[H])C(=O)NCC(=O)N[H]
fenebrutinib_cid86567195,,,fenebrutinib_cid86567195.png,high,high,0.882187401463145,exact,Fenebrutinib,Fenebrutinib,1.0,49,49,exact,exact,Fenebrutinib,False,False,False,False,1.0,True,True,0,1,,,,C[C@H]1CN(C2COC2)CCN1c1ccc(Nc2cc(-c3ccnc(N4CCn5c(cc6c5CC(C)(C)C6)C4=O)c3CO)cn(C)c2=O)nc1
fenoterol_cid3343,,,fenoterol_cid3343.png,high,high,0.8549617945585457,wrong,,Fenoterol,0.75,28,22,wrong,exact,,False,False,False,True,0.75,False,False,15,3,[H],,C/C(O)=C\CO,[H].[H]OC/C=C(\C)O[H].[H]Oc1ccc(CC([H])(C)NCC([H])(O[H])c2cc(O[H])cc(O[H])c2)cc1 |^1:0|
ferric_maltol_cid169535,,,ferric_maltol_cid169535.png,low,low,0.8364853828301099,wrong,,Ferric Maltol,0.957,31,28,near,near,,False,False,False,False,0.957,False,False,9,7,,Cc1occc(=O)c1[O-].Cc1occc(=O)c1[O-].[CH2+].[CH2+],,"Cc1occc(=O)c1[O-].Cc1occc(=O)c1[O-].Cc1occc(=O)c1[O-].[CH2+].[CH2+].[CH2+].[Fe+3] |^1:27,28,29,30|"
ferroquine_cid140118553,,,ferroquine_cid140118553.png,low,low,0.3367072713257741,wrong,,Ferroquine,0.427,28,28,wrong,wrong,,False,False,False,False,0.427,False,False,0,1,,,,[H][C]1([Fe+4][C@]2(CNc3ccnc4cc(Cl)ccc34)C=CC=C2CN(C)C)C=CC=C1
ferrous_fumarate_cid6433164,,,ferrous_fumarate_cid6433164.png,low,low,0.8195159151315833,wrong,,Ferrous Fumarate,0.769,10,9,wrong,near,,False,False,False,True,0.769,False,False,2,3,I,,[Fe+4],I.[Fe+4].[H]/C(C(=O)[O-])=C(/[H])C(=O)[O-]
fesoterodine_fumarate_cid9849808,,,fesoterodine_fumarate_cid9849808.png,low,low,0.8333841409347974,wrong,,Fesoterodine Fumarate,0.962,39,38,salt,salt,Fesoterodine Fumarate,False,True,False,False,0.981,False,False,4,5,[H].[H],,,"CC(C)C(=O)Oc1ccc(CO)cc1[C@H](CCN(C(C)C)C(C)C)c1ccccc1.Cl.[H].[H].[H]/C(C(=O)O)=C(/[H])C(=O)O |^1:31,32|"
fevipiprant_cid23582412,,,fevipiprant_cid23582412.png,low,low,0.6187271891417488,wrong,,Fevipiprant,0.982,29,29,exact,exact,Fevipiprant,False,True,False,False,1.0,False,False,2,2,[HH],,,Cc1c(CC(=O)O)c2cccnc2n1Cc1ccc(S(C)(=O)=O)cc1C(F)(F)F.[HH]
fexinidazole_cid68792,,,fexinidazole_cid68792.png,low,low,0.7582398795251671,wrong,,Fexinidazole,0.653,23,19,wrong,wrong,,False,False,False,False,0.653,False,False,6,4,I.I.II,,,C[S-]c1ccc(OCc2ncc([N+](=O)[O-])n2C)cc1.I.I.II |^1:1|
fingolimod_cid107970,,,fingolimod_cid107970.png,low,low,0.6137170431163991,wrong,,Fingolimod,0.967,22,22,exact,exact,Fingolimod,False,True,False,False,1.0,False,False,12,7,[HH].[HH].[HH].[HH].[HH].[HH],,,CCCCCCCCc1ccc(CCC(N)(CO)CO)cc1.[HH].[HH].[HH].[HH].[HH].[HH]
floxuridine_cid5790,,,floxuridine_cid5790.png,low,low,0.7901039987155751,wrong,,Floxuridine,0.975,21,17,exact,exact,Floxuridine,False,True,False,False,1.0,False,False,8,5,I.I.I.I,,,I.I.I.I.O=c1[nH]c(=O)n([C@H]2C[C@H](O)[C@@H](CO)O2)cc1F
fludarabine_cid657237,,,fludarabine_cid657237.png,low,low,0.8186766891408769,wrong,,Fludarabine,0.977,20,20,exact,exact,Fludarabine,False,True,False,False,1.0,False,False,10,6,[HH].[HH].[HH].[HH].[HH],,,[HH].[HH].[HH].[HH].[HH].[H]OC[C@H]1O[C@@H](n2cnc3c(N)nc(F)nc32)[C@@H](O)[C@@H]1O
flunitrazepam_cid3380,,,flunitrazepam_cid3380.png,low,low,0.6850610176319828,wrong,,Flunitrazepam,0.978,24,23,near,exact,,False,False,False,True,0.978,False,False,3,2,,,[CH2+],CN1C(=O)CN=C(c2ccccc2F)c2cc([N+](=O)[O-])ccc21.[CH2+] |^1:23|
fluoxymesterone_cid6446,,,fluoxymesterone_cid6446.png,low,low,0.6166474035235867,wrong,,Fluoxymesterone,1.0,24,24,exact,exact,Fluoxymesterone,False,True,False,False,1.0,False,False,1,2,[H],,,[H].[H]O[C@H]1C[C@@]2(C)[C@@]([H])(CC[C@]2(C)O)[C@]2([H])CCC3=CC(=O)CC[C@]3(C)[C@@]12F |^1:0|
fluphenazine_cid3372,,,fluphenazine_cid3372.png,low,low,0.8089918658488059,wrong,,Fluphenazine,0.978,30,30,exact,exact,Fluphenazine,False,True,False,False,1.0,False,False,2,3,[H].[H],,,"OCCN1CCN(CCCN2c3ccccc3Sc3ccc(C(F)(F)F)cc32)CC1.[H].[H] |^1:30,31|"
flurithromycin_cid71260,,,flurithromycin_cid71260.png,low,low,0.821701515038287,wrong,,Flurithromycin,0.987,52,52,exact,exact,Flurithromycin,False,True,False,False,1.0,False,False,6,4,[HH].[HH].[HH],,,[HH].[HH].[HH].[H]O[C@]1(C)C[C@](C)(F)C(=O)[C@H](C)[C@@H](O)[C@](C)(O)[C@@H](CC)OC(=O)[C@H](C)[C@@H](O[C@H]2C[C@@](C)(OC)[C@@H](O)[C@H](C)O2)[C@H](C)[C@H]1O[C@@H]1O[C@H](C)C[C@H](N(C)C)[C@H]1O
formaldehyde_cid712,,,formaldehyde_cid712.png,low,low,0.3624417772377077,wrong,,Formaldehyde,0.0,3,2,wrong,wrong,,False,False,False,False,0.0,False,False,11,2,,,,CC.[H]C
fosfluconazole_cid214356,,,fosfluconazole_cid214356.png,low,low,0.5828471812939799,wrong,,Fosfluconazole,0.977,26,26,exact,exact,Fosfluconazole,False,True,False,False,1.0,False,False,4,3,[HH].[HH],,,O=P(O)(O)OC(Cn1cncn1)(Cn1cncn1)c1ccc(F)cc1F.[HH].[HH]
frovatriptan_succinate_cid152943,,,frovatriptan_succinate_cid152943.png,low,low,0.7317732212824354,wrong,,Frovatriptan Succinate,0.98,26,27,salt,salt,Frovatriptan Succinate,False,True,False,False,0.98,False,False,19,12,[HH].[HH].[HH].[HH].[HH].[HH].[HH].[HH].[HH].[HH],,,CN[C@@H]1CCc2[nH]c3ccc(C(N)=O)cc3c2C1.O=C(O)CCC(=O)O.[HH].[HH].[HH].[HH].[HH].[HH].[HH].[HH].[HH].[HH]
fulvestrant_cid104741,,,fulvestrant_cid104741.png,low,low,0.055152531287957,invalid,,,,,,invalid,invalid,,False,False,False,False,,False,,,,,,,CCCCCCCCCSCCCC(F)(F)C(F)(F)F.O.[H]C12CCC(C)CC1([H])C(CCCCCCCCCSCCCC(F)(F)C(F)(F)F)CC1=CC(O)=CC=C=12
furazolidone_cid5323714,,,furazolidone_cid5323714.png,low,low,0.4686389516749876,invalid,,,,,,invalid,invalid,,False,False,False,False,,False,,,,,,,[H]C(=NN1CCOC1=O)C1=CC=C(N(=O)[O-])O1
gabapentin_enacarbil_cid9883933,,,gabapentin_enacarbil_cid9883933.png,low,low,0.7330384229256225,wrong,,Gabapentin Enacarbil,0.974,23,23,exact,exact,Gabapentin Enacarbil,False,True,False,False,1.0,False,False,4,3,[HH].[HH],,,[HH].[HH].[H]N(CC1(CC(=O)O)CCCCC1)C(=O)OC(C)OC(=O)C(C)C
gantacurium_cid10102486,,,gantacurium_cid10102486.png,low,low,0.4397340612189374,wrong,,Gantacurium,0.699,69,70,wrong,wrong,,False,False,False,False,0.699,False,False,6,1,,,,[H]/C(C(=O)OCCC[N+]1(C)CCc2cc(OC)c(OC)cc2[C@@H]1c1cc(OC)c(OC)c(OC)c1)=C(/Cl)C(=O)OCCC[N+]1C=C(c2cc(OC)c(OC)c(OC)c2)c2cc(OC)c(OC)cc2CC1 |^1:43|
gemigliptin_cid11953153,,,gemigliptin_cid11953153.png,high,high,0.8803101518950226,exact,Gemigliptin,Gemigliptin,1.0,33,33,exact,exact,Gemigliptin,False,False,False,False,1.0,True,True,0,1,,,,[H]N[C@@H](CC(=O)N1CCc2c(nc(C(F)(F)F)nc2C(F)(F)F)C1)CN1CC(F)(F)CCC1=O
gilteritinib_cid49803313,,,gilteritinib_cid49803313.png,high,high,0.8690857676288903,wrong,,Gilteritinib,0.972,41,40,exact,exact,Gilteritinib,False,True,False,False,1.0,False,False,4,4,I.[H].[H],,,"I.[H].[H].[H]NC(=O)c1nc(CC)c(NC2CCOCC2)nc1Nc1ccc(N2CCC(N3CCN(C)CC3)CC2)c(OC)c1 |^1:1,2|"
giredestrant_cid121410806,,,giredestrant_cid121410806.png,low,low,0.7969251918450174,wrong,,Giredestrant,0.986,37,37,exact,exact,Giredestrant,False,True,False,False,1.0,False,False,6,4,[HH].[HH].[HH],,,C[C@@H]1Cc2c([nH]c3ccccc23)[C@@H](c2c(F)cc(NC3CN(CCCF)C3)cc2F)N1CC(F)(F)CO.[HH].[HH].[HH]
givinostat_cid9804992,,,givinostat_cid9804992.png,high,high,0.8581521754859867,wrong,,Givinostat,0.979,33,31,salt,exact,Givinostat,False,False,False,True,0.979,False,False,6,3,,O,O,CCN(CC)Cc1ccc2cc(COC(=O)Nc3ccc(C(=O)NO)cc3)ccc2c1.O.O
glasdegib_cid25166913,,,glasdegib_cid25166913.png,high,high,0.8791907868147218,wrong,,Glasdegib,0.983,28,28,stereo,stereo,Glasdegib,False,True,False,False,1.0,False,False,2,3,[H].[H],,,"[H].[H].[H]C1(c2nc3ccccc3[nH]2)C[C@H](NC(=O)Nc2ccc(C#N)cc2)CCN1C |^1:0,1|"
glutaraldehyde_cid3485,,,glutaraldehyde_cid3485.png,low,low,0.7889644333773695,wrong,,Glutaraldehyde,0.0,0,7,wrong,wrong,,False,False,False,False,0.0,False,False,135,68,,,,[HH].[HH].[HH].[HH].[HH].[HH].[HH].[HH].[HH].[HH].[HH].[HH].[HH].[HH].[HH].[HH].[HH].[HH].[HH].[HH].[HH].[HH].[HH].[HH].[HH].[HH].[HH].[HH].[HH].[HH].[HH].[HH].[HH].[HH].[HH].[HH].[HH].[HH].[HH].[HH].[HH].[HH].[HH].[HH].[HH].[HH].[HH].[HH].[HH].[HH].[HH].[HH].[HH].[HH].[HH].[HH].[HH].[HH].[HH].[HH].[HH].[HH].[HH].[HH].[HH].[HH].[HH].[HH]
glycolic_acid_cid757,,,glycolic_acid_cid757.png,low,low,0.57177588345126,wrong,,Glycolic Acid,0.9,9,5,exact,exact,Glycolic Acid,False,True,False,False,1.0,False,False,8,5,I.I.I.I,,,I.I.I.I.O=C(O)CO
gonadorelin_cid638793,,,gonadorelin_cid638793.png,low,low,0.1125026320690449,invalid,,,,,,invalid,invalid,,False,False,False,False,,False,,,,,,,[H]NC(=O)CNC(=O)C1CCCN1C(=O)C(CCCN=C(N)N)NC(=O)[CH]1(NC(=O)CNC(=O)C(CC2=CC=C(O[H])C=C2)NC(=O)C(CO)N([H])C(=O)C(CC2=CNC3=CC=CC=C23)NC(=O)C(CC2=CN=CN2)NC(=O)C2CCC(=O)N2)C2C3(C)CC2(C)C31
grazoprevir_cid44603531,,,grazoprevir_cid44603531.png,low,low,0.1468149970312659,invalid,,,,,,invalid,invalid,,False,False,False,False,,False,,,,,,,[H]C12CC(C(=O)NC3(C(=O)NS(=O)(=O)C4CC4)CC3C=C)N(C1)C1(=O)C([H])(C(C)(C)C)NC(=O)O3C(=O)(NC14([H])C156CC4(C)(C)(C1)(C5)C6)OC31([H])CC1([H])CCCCCC1=NC3=C(C=C(OC)C=C3)N=C1O2
halofantrine_hydrochloride_cid37392,,,halofantrine_hydrochloride_cid37392.png,low,low,0.816845787428646,exact,(+-)-Halofantrine hydrochloride,(+-)-Halofantrine hydrochloride,1.0,34,34,exact,exact,(+-)-Halofantrine hydrochloride,False,False,False,False,1.0,True,True,0,2,,,,CCCCN(CCCC)CCC(O)c1cc2c(Cl)cc(Cl)cc2c2cc(C(F)(F)F)ccc12.[H]Cl
haloprogin_cid3561,,,haloprogin_cid3561.png,high,high,0.8624628874165462,wrong,,Haloprogin,0.471,14,14,wrong,wrong,,False,False,False,False,0.471,False,False,2,1,,,,Clc1cc(Cl)c(OCC=CI)cc1Cl
henagliflozin_cid56832738,,,henagliflozin_cid56832738.png,low,low,0.2667587797676595,invalid,,,,,,invalid,invalid,,False,False,False,False,,False,,,,,,,CCOC1=C(F)C=C(CC2=C(Cl)C=CC(C3456OCC78(CO)(O3)O4C57[CH]8(O)C(O)C6O)=C2)C=C1.[HH].[HH].[HH]
hexachlorocyclohexane_cid727,,,hexachlorocyclohexane_cid727.png,low,low,0.7841292134234142,wrong,,Hexachlorocyclohexane,0.833,15,12,exact,exact,Hexachlorocyclohexane,False,True,False,False,1.0,False,False,6,4,I.I.I,,,ClC1C(Cl)C(Cl)C(Cl)C(Cl)C1Cl.I.I.I
hexestrol_cid192197,,,hexestrol_cid192197.png,high,high,0.8677620789506406,wrong,,Hexestrol,0.95,20,20,exact,exact,Hexestrol,False,True,False,False,1.0,False,False,4,3,[HH].[HH],,,CC[C@H](c1ccc(O)cc1)[C@@H](CC)c1ccc(O)cc1.[HH].[HH]
hexoprenaline_cid3609,,,hexoprenaline_cid3609.png,low,low,0.8336254204249788,wrong,,Hexoprenaline,0.967,30,30,exact,exact,Hexoprenaline,False,True,False,False,1.0,False,False,2,3,[H].[H],,,"Oc1ccc(C(O)CNCCCCCCNCC(O)c2ccc(O)c(O)c2)cc1O.[H].[H] |^1:30,31|"
histrelin_cid25077993,,,histrelin_cid25077993.png,low,low,0.07127406674624501,wrong,,Histrelin,0.793,96,96,wrong,wrong,,False,False,False,False,0.793,False,False,4,1,,,,[H]Cc1ccccc1CC[C@H](NC(=O)[C@H](Cc1cnc[nH]1)NC(=O)[C@@H]1CCC(=O)N1)C(=O)N[C@@H](CO)C(=O)N[C@@H](Cc1ccc(O)cc1)C(=O)N[C@H](Cc1cn(Cc2ccccc2)cn1)C(=O)N[C@@H](CC(C)C)C(=O)N[C@@H](CCC/N=C(\N)NN)C(=O)N1CCC[C@H]1C(=O)NCC
iberdomide_cid67335295,,,iberdomide_cid67335295.png,low,low,0.8328996708634513,wrong,,Iberdomide,0.983,33,33,exact,exact,Iberdomide,False,True,False,False,1.0,False,False,2,3,[H].[H],,,"O=C1CC[C@H](N2Cc3c(OCc4ccc(CN5CCOCC5)cc4)cccc3C2=O)C(=O)N1.[H].[H] |^1:33,34|"
iclepertin_cid155259577,,,iclepertin_cid155259577.png,low,low,0.7437476142143562,exact,Iclepertin,Iclepertin,1.0,34,34,exact,exact,Iclepertin,False,False,False,False,1.0,True,True,0,1,,,,[H][C@]12CN(C(=O)c3cc(S(C)(=O)=O)ccc3O[C@H](C)C(F)(F)F)C[C@@]1(c1cc(C(F)(F)F)on1)C2
icotinib_cid22024915,,,icotinib_cid22024915.png,high,high,0.8809885913652556,wrong,,Icotinib,0.979,29,29,exact,exact,Icotinib,False,True,False,False,1.0,False,False,1,2,[H],,,C#Cc1cccc(Nc2ncnc3cc4c(cc23)OCCOCCOCCO4)c1.[H] |^1:29|
idarubicin_cid42890,,,idarubicin_cid42890.png,high,high,0.885684068051432,wrong,,Idarubicin,1.0,36,36,exact,exact,Idarubicin,False,True,False,False,1.0,False,False,1,2,[H],,,[H].[H]N[C@H]1C[C@H](O[C@H]2C[C@](O)(C(C)=O)Cc3c(O[H])c4c(c(O[H])c32)C(=O)c2ccccc2C4=O)O[C@@H](C)[C@H]1O[H] |^1:0|
idelalisib_cid11625818,,,idelalisib_cid11625818.png,low,low,0.8197407610138054,wrong,,Idelalisib,0.968,31,31,exact,exact,Idelalisib,False,True,False,False,1.0,False,False,5,5,[HH].[H].[H].[H],,,"CC[C@H](Nc1ncnc2nc[nH]c12)c1nc2cccc(F)c2c(=O)n1-c1ccccc1.[HH].[H].[H].[H] |^1:32,33,34|"
ilaprazole_cid214351,,,ilaprazole_cid214351.png,high,high,0.8820942362012759,wrong,,Ilaprazole,0.981,26,26,exact,exact,Ilaprazole,False,True,False,False,1.0,False,False,1,2,[H],,,COc1ccnc(CS(=O)c2nc3ccc(-n4cccc4)cc3[nH]2)c1C.[H] |^1:26|
iloperidone_cid71360,,,iloperidone_cid71360.png,high,high,0.8680664897086596,exact,Iloperidone,Iloperidone,1.0,31,31,exact,exact,Iloperidone,False,False,False,False,1.0,True,True,0,1,,,,COc1cc(C(C)=O)ccc1OCCCN1CCC(c2noc3cc(F)ccc23)CC1
imeglimin_cid24812808,,,imeglimin_cid24812808.png,low,low,0.7746294183498991,wrong,,Imeglimin,0.92,13,11,exact,exact,Imeglimin,False,True,False,False,1.0,False,False,8,5,I.I.[HH].[HH],,,C[C@@H]1N=C(N)NC(N(C)C)=N1.I.I.[HH].[HH]
indacaterol_cid6918554,,,indacaterol_cid6918554.png,high,high,0.8549059470509622,wrong,,Indacaterol,0.98,29,29,exact,exact,Indacaterol,False,True,False,False,1.0,False,False,6,4,[HH].[HH].[HH],,,CCc1cc2c(cc1CC)CC(NC[C@H](O)c1ccc(O)c3[nH]c(=O)ccc13)C2.[HH].[HH].[HH]
indoximod_cid405012,,,indoximod_cid405012.png,low,low,0.1372899450476407,wrong,,Indoximod,0.333,17,16,wrong,wrong,,False,False,False,False,0.333,False,False,9,3,[HH],,,C.CN/C=C(\C[C@@H](N)C(=O)O)c1ccccc1.[HH]
infigratinib_cid53235510,,,infigratinib_cid53235510.png,high,high,0.8999824190133914,exact,Infigratinib,Infigratinib,1.0,38,38,exact,exact,Infigratinib,False,False,False,False,1.0,True,True,0,1,,,,CCN1CCN(c2ccc(Nc3cc(N(C)C(=O)Nc4c(Cl)c(OC)cc(OC)c4Cl)ncn3)cc2)CC1
ipragliflozin_cid10453870,,,ipragliflozin_cid10453870.png,low,low,0.7743295143215326,wrong,,Ipragliflozin,0.979,28,28,exact,exact,Ipragliflozin,False,True,False,False,1.0,False,False,6,4,[HH].[HH].[HH],,,[HH].[HH].[HH].[H]O[C@@H]1[C@@H](O)[C@H](O)[C@@H](CO)O[C@H]1c1ccc(F)c(Cc2cc3ccccc3s2)c1
isavuconazole_cid6918485,,,isavuconazole_cid6918485.png,low,low,0.8285858604064272,wrong,,Isavuconazole,0.969,33,31,exact,exact,Isavuconazole,False,True,False,False,1.0,False,False,6,4,I.I.[HH],,,C[C@@H](c1nc(-c2ccc(C#N)cc2)cs1)[C@](O)(Cn1cncn1)c1cc(F)ccc1F.I.I.[HH]
isepamicin_cid3037209,,,isepamicin_cid3037209.png,low,low,0.7387249316798368,wrong,,Isepamicin,1.0,39,39,exact,exact,Isepamicin,False,True,False,False,1.0,False,False,22,23,[H].[H].[H].[H].[H].[H].[H].[H].[H].[H].[H].[H].[H].[H].[H].[H].[H].[H].[H].[H].[H].[H],,,"[H].[H].[H].[H].[H].[H].[H].[H].[H].[H].[H].[H].[H].[H].[H].[H].[H].[H].[H].[H].[H].[H].[H]O[C@H]1[C@@H](O[C@H]2[C@H](O)[C@@H](O[C@H]3OC[C@](C)(O)[C@H](NC)[C@H]3O)[C@H](NC(=O)[C@@H](O)CN)C[C@@H]2N)O[C@H](CN)[C@@H](O)[C@@H]1O |^1:0,1,2,3,4,5,6,7,8,9,10,11,12,13,14,15,16,17,18,19,20,21|"
ivabradine_hydrochloride_cid3045381,,,ivabradine_hydrochloride_cid3045381.png,low,low,0.8382465038585319,exact,Ivabradine Hydrochloride,Ivabradine Hydrochloride,1.0,35,35,exact,exact,Ivabradine Hydrochloride,False,False,False,False,1.0,True,True,0,2,,,,COc1cc2c(cc1OC)CC(=O)N(CCCN(C)C[C@H]1Cc3cc(OC)c(OC)cc31)CC2.[H]Cl
ivermectin_b1a_cid6321424,,,ivermectin_b1a_cid6321424.png,low,low,0.2036140169882367,stereo,Ivermectin B1a,Ivermectin B1a,1.0,62,62,stereo,stereo,Ivermectin B1a,False,False,False,False,1.0,True,True,0,1,,,,[H]/C1=C(/C)[C@@H](O[C@H]2C[C@@H](OC)[C@@H](O[C@H]3C[C@H](OC)[C@@H](O)[C@H](C)O3)[C@H](C)O2)[C@@H](C)/C([H])=C([H])/C([H])=C2\CO[C@@]3([H])[C@H](O)C(C)=CC([H])(C(=O)O[C@]4([H])C[C@]([H])(C1)O[C@@]1(CC[C@H](C)[C@]([H])([C@@H](C)CC)O1)C4)[C@]23O
ketoconazole_cid47576,,,ketoconazole_cid47576.png,high,high,0.8876401202723255,exact,Ketoconazole,Ketoconazole,1.0,36,36,exact,exact,Ketoconazole,False,False,False,False,1.0,True,True,0,1,,,,CC(=O)N1CCN(c2ccc(OC[C@@H]3CO[C@@](Cn4ccnc4)(c4ccc(Cl)cc4Cl)O3)cc2)CC1
ketoprofen_cid3825,,,ketoprofen_cid3825.png,low,low,0.3098805807008543,wrong,,Ketoprofen,0.966,21,19,near,exact,,False,False,False,True,0.966,False,False,8,2,,,CC,CC.CC(C(=O)O)c1cccc(C(=O)c2ccccc2)c1
l_folinic_acid_cid135398559,,,l_folinic_acid_cid135398559.png,high,high,0.8509102847365979,wrong,,L-Folinic acid,1.0,34,34,exact,exact,L-Folinic acid,False,True,False,False,1.0,False,False,8,5,[HH].[HH].[HH].[HH],,,[HH].[HH].[HH].[HH].[H]C(=O)N1c2c(nc(N)[nH]c2=O)NC[C@@H]1CNc1ccc(C(=O)N[C@@H](CCC(=O)O)C(=O)O)cc1
lacosamide_cid219078,,,lacosamide_cid219078.png,low,low,0.01357563566880768,wrong,,Lacosamide,0.971,120,18,exact,exact,Lacosamide,False,True,False,False,1.0,False,False,204,103,I.I.I.I.I.I.I.I.I.I.I.I.I.I.I.I.I.I.I.I.I.I.I.I.I.I.I.I.I.I.I.I.I.I.I.I.I.I.I.I.I.I.I.I.I.I.I.I.I.I.I.I.I.I.I.I.I.I.I.I.I.I.I.I.I.I.I.I.I.I.I.I.I.I.I.I.I.I.I.I.I.I.I.I.I.I.I.I.I.I.I.I.I.I.I.I.I.I.I.I.I.I,,,COC[C@@H](NC(C)=O)C(=O)NCc1ccccc1.I.I.I.I.I.I.I.I.I.I.I.I.I.I.I.I.I.I.I.I.I.I.I.I.I.I.I.I.I.I.I.I.I.I.I.I.I.I.I.I.I.I.I.I.I.I.I.I.I.I.I.I.I.I.I.I.I.I.I.I.I.I.I.I.I.I.I.I.I.I.I.I.I.I.I.I.I.I.I.I.I.I.I.I.I.I.I.I.I.I.I.I.I.I.I.I.I.I.I.I.I.I
lactic_acid_cid612,,,lactic_acid_cid612.png,low,low,0.6791624267661103,wrong,,Lactic Acid,0.846,10,6,exact,exact,Lactic Acid,False,True,False,False,1.0,False,False,10,6,I.I.I.I.[HH],,,I.I.I.I.[HH].[H]C(C)(O)C(=O)O
landiolol_hydrochloride_cid164457,,,landiolol_hydrochloride_cid164457.png,low,low,0.6414993501012994,wrong,,Landiolol Hydrochloride,0.986,37,37,stereo,stereo,Landiolol Hydrochloride,False,True,False,False,1.0,False,False,1,3,[H],,,CC1(C)OC[C@@H](COC(=O)CCc2ccc(OC[C@H](O)CNCCNC(=O)N3CCOCC3)cc2)O1.[H].[H]Cl |^1:36|
larotrectinib_cid46188928,,,larotrectinib_cid46188928.png,low,low,0.7768274998886702,wrong,,Larotrectinib,0.984,31,31,exact,exact,Larotrectinib,False,True,False,False,1.0,False,False,6,4,[HH].[HH].[HH],,,O=C(Nc1cnn2ccc(N3CCC[C@@H]3c3cc(F)ccc3F)nc12)N1CC[C@H](O)C1.[HH].[HH].[HH]
lasmiditan_cid11610526,,,lasmiditan_cid11610526.png,low,low,0.831873726316387,wrong,,Lasmiditan,0.979,30,27,exact,exact,Lasmiditan,False,True,False,False,1.0,False,False,6,4,I.I.I,,,CN1CCC(C(=O)c2cccc(NC(=O)c3c(F)cc(F)cc3F)n2)CC1.I.I.I
lenacapavir_cid133082658,,,lenacapavir_cid133082658.png,high,high,0.8749951150531291,exact,Lenacapavir,Lenacapavir,1.0,64,64,exact,exact,Lenacapavir,False,False,False,False,1.0,True,True,0,1,,,,[H][C@@]12C[C@]1([H])c1c(C(F)(F)F)nn(CC(=O)N[C@@H](Cc3cc(F)cc(F)c3)c3nc(C#CC(C)(C)S(C)(=O)=O)ccc3-c3ccc(Cl)c4c(NS(C)(=O)=O)nn(CC(F)(F)F)c34)c1C2(F)F
lenvatinib_cid9823820,,,lenvatinib_cid9823820.png,high,high,0.885849733924857,wrong,,Lenvatinib,0.983,30,30,exact,exact,Lenvatinib,False,True,False,False,1.0,False,False,2,3,[H].[H],,,"COc1cc2nccc(Oc3ccc(NC(=O)NC4CC4)c(Cl)c3)c2cc1C(N)=O.[H].[H] |^1:30,31|"
levobunolol_cid39468,,,levobunolol_cid39468.png,low,low,0.7830461358445221,wrong,,Levobunolol,0.957,21,21,exact,exact,Levobunolol,False,True,False,False,1.0,False,False,4,4,[HH].[H].[H],,,"CC(C)(C)NC[C@H](O)COc1cccc2c1CCCC2=O.[HH].[H].[H] |^1:22,23|"
levodropropizine_cid65859,,,levodropropizine_cid65859.png,low,low,0.6187085974033619,invalid,,,,,,invalid,invalid,,False,False,False,False,,False,,,,,,,C[H]OCC(O)CN1CCN(C2=CC=CC=C2)CC1.I.I.I
levosimendan_cid3033825,,,levosimendan_cid3033825.png,high,high,0.8536487512927778,wrong,,Levosimendan,0.977,21,21,exact,exact,Levosimendan,False,True,False,False,1.0,False,False,4,3,[HH].[HH],,,C[C@@H]1CC(=O)NN=C1c1ccc(NN=C(C#N)C#N)cc1.[HH].[HH]
linaclotide_cid16158208,,,linaclotide_cid16158208.png,low,low,1.527899214751703e-05,invalid,,,,,,invalid,invalid,,False,False,False,False,,False,,,,,,,[H]C1NC(=O)C23(CSC2S)C([H])(C(=O)(=O)NC(C(N)=O)C(O)C2(=O)C4C[CH]2(C)NC2(=O)=O=C5(N4)C467[H]C52489([H])CCCN82C4(=O)=O=C25(C(CC(N)=O)NC12=O=C(=O)(N[CH]45CC(N)=O)C2([H])CS)N6CCC79)C3([H])(C)CNC(CC1=CC=C(O)C=C1)C(=O)NC1([H])C(=O)N1C(=O)C(N)CS
linifanib_cid11485656,,,linifanib_cid11485656.png,low,low,0.8410628994252355,wrong,,Linifanib,0.981,28,28,exact,exact,Linifanib,False,True,False,False,1.0,False,False,12,7,[HH].[HH].[HH].[HH].[HH].[HH],,,Cc1ccc(F)c(NC(=O)Nc2ccc(-c3cccc4[nH]nc(N)c34)cc2)c1.[HH].[HH].[HH].[HH].[HH].[HH]
lipid_a_504_cid10877033,,,lipid_a_504_cid10877033.png,low,low,1.478068208605436e-21,invalid,,,,,,invalid,invalid,,False,False,False,False,,False,,,,,,,CCCCCCC1C2C(CCCCCC3C4C3C4(=O)[CH]C(O)[CH]OC3[CH]O3[CH]C3OC3C3CO4C5C6CCCCCCC78C(CCCCCC9CC9[CH]9(C6=C549)C(OC(O)C(=O)O)O3)C3C74C56CC4(C5)C368)C12.CCCCCCCCCCCCCC1C2C(CCCC3C4C(CC5C6(CCCCCCCCCCCC)=O7=C(CC8CC8CCCCCCCCCCCC)C=756)C34)C12
lisaftoclax_cid137355972,,,lisaftoclax_cid137355972.png,high,high,0.8923958933194169,wrong,,Lisaftoclax,0.829,62,62,wrong,wrong,,False,False,False,False,0.829,False,False,2,1,,,,O=C(N[SH](=O)(O)c1ccc(NC[C@H]2COCCO2)c([N+](=O)[O-])c1)c1ccc(N2CCN(CC3=C(c4ccc(Cl)cc4)CC4(CCC4)CC3)CC2)cc1Oc1cnc2[nH]ccc2c1
lorcaserin_hydrochloride_cid11673085,,,lorcaserin_hydrochloride_cid11673085.png,low,low,0.7291176910660744,wrong,,Lorcaserin Hydrochloride,0.909,15,14,exact,exact,Lorcaserin Hydrochloride,False,True,False,False,1.0,False,False,5,5,I.[HH].[H],,,C[C@H]1CNCCc2ccc(Cl)cc21.I.[HH].[H].[H]Cl |^1:15|
lotilaner_cid76959255,,,lotilaner_cid76959255.png,high,high,0.8732742521585296,exact,Lotilaner,Lotilaner,1.0,36,36,exact,exact,Lotilaner,False,False,False,False,1.0,True,True,0,1,,,,Cc1cc(C2=NO[C@@](c3cc(Cl)c(Cl)c(Cl)c3)(C(F)(F)F)C2)sc1C(=O)NCC(=O)NCC(F)(F)F
luliconazole_cid3003141,,,luliconazole_cid3003141.png,low,low,0.8112576757420844,wrong,,Luliconazole,0.644,24,21,wrong,wrong,,False,False,False,False,0.644,False,False,6,4,I.I.I,,,I.I.I.N#C/C(=C1/SC[C@@H](c2ccc(Cl)cc2Cl)[S-]1)n1ccnc1 |^1:18|
lumacaftor_cid16678941,,,lumacaftor_cid16678941.png,high,high,0.8984980729145724,exact,Lumacaftor,Lumacaftor,1.0,33,33,exact,exact,Lumacaftor,False,False,False,False,1.0,True,True,0,1,,,,Cc1ccc(NC(=O)C2(c3ccc4c(c3)OC(F)(F)O4)CC2)nc1-c1cccc(C(=O)O)c1
lumefantrine_cid6437380,,,lumefantrine_cid6437380.png,high,high,0.8607057868070085,wrong,,Lumefantrine,0.98,36,35,exact,exact,Lumefantrine,False,True,False,False,1.0,False,False,2,2,I,,,I.[H]/C(=C1\c2cc(Cl)ccc2-c2c1cc(Cl)cc2C(O)CN(CCCC)CCCC)c1ccc(Cl)cc1
lurasidone_hydrochloride_cid11237860,,,lurasidone_hydrochloride_cid11237860.png,low,low,0.01021607364826364,invalid,,,,,,invalid,invalid,,False,False,False,False,,False,,,,,,,ClCl.[H]C1C2([H])C34=O=C2(=O)N325C(N4C12=O)[CH]12C5[CH]34CC5CC6[CH]317C(C5)[CH]6421CN23CCN4(CC2)C2C3N(CCN2C2=N3=C45=NSC4=CC=CC=C45=C4=C2C(=CC=C4)S3)C71
lurtotecan_cid60956,,,lurtotecan_cid60956.png,high,high,0.8816128416326459,wrong,,Lurtotecan,1.0,38,38,exact,exact,Lurtotecan,False,True,False,False,1.0,False,False,1,2,[H],,,CC[C@@]1(O)C(=O)OCc2c1cc1n(c2=O)Cc2c-1nc1cc3c(cc1c2CN1CCN(C)CC1)OCCO3.[H] |^1:38|
luseogliflozin_cid11988953,,,luseogliflozin_cid11988953.png,low,low,0.6050535109391154,wrong,,Luseogliflozin,0.961,31,30,stereo,stereo,Luseogliflozin,False,True,False,False,1.0,False,False,6,4,I.[HH].[HH],,,I.[HH].[HH].[H][C@]1(c2cc(Cc3ccc(OCC)cc3)c(C)cc2OC)S[C@H](CO)[C@@H](O)[C@H](O)[C@H]1O
lypressin_cid644076,,,lypressin_cid644076.png,low,low,0.2623504731334478,wrong,,Lypressin,0.415,100,73,wrong,wrong,,False,False,False,False,0.415,False,False,58,5,[H],,,"Cl.[H].[H]C(O)[C](N)CS.[H]C1/C=C/[C@H](Cc2ccc(O)cc2)C(=O)N[C@H](C(=O)N[C@@H](CCC(N)=O)C(N)=O)C1.[H]NCCCC[C@H](NC(=O)[C@@H]1CCCN1C(=O)[C@H](CSS)NC(=O)[C@H](CC(=O)NN)NC(=O)[C@H](CCC(N)=O)NC(=O)[C@@H]1CCC[C@@H](Cc2ccc(O)cc2)C(=O)N1)C(=O)NCC(=O)N[H] |^1:1,5|"
macitentan_cid16004692,,,macitentan_cid16004692.png,high,high,0.8872281299675722,wrong,,Macitentan,0.875,31,32,near,near,,False,False,False,False,0.875,False,False,2,1,,,,*c1cnc(OCCOc2ncnc(NS(=O)(=O)NCCC)c2-c2ccc(Br)cc2)nc1 |$BiEr;;;;;;;;;;;;;;;;;;;;;;;;;;;;;;;$|
mafodotin_cid56949327,,,mafodotin_cid56949327.png,low,low,0.005106808659206775,invalid,,,,,,invalid,invalid,,False,False,False,False,,False,,,,,,,CCC(C)C(NC(=O)C(NC(=O)C(C(C)C)N(C)C(=O)CCCCCN1C(=O)C=CC1=O)C(C)C)C(=O)CC(=O)N1CCCN12[CH]134O(C)[CH]215[CH]31C[CH]45(C)C2(=O)=O=C1NC1C3C4=C(=C5(=CC=CC=C5)C[CH]35(N2)C1(O)=O=C5(=O)O)C=CC=C4
maribavir_cid471161,,,maribavir_cid471161.png,high,high,0.8630739564279265,wrong,,Maribavir,1.0,24,24,exact,exact,Maribavir,False,True,False,False,1.0,False,False,2,3,[H].[H],,,"[H].[H].[H]O[C@@H]1[C@H](O[H])[C@@H](n2c(NC(C)C)nc3cc(Cl)c(Cl)cc32)O[C@H]1CO |^1:0,1|"
mavacamten_cid117761397,,,mavacamten_cid117761397.png,low,low,0.8150255513241121,wrong,,Mavacamten,0.946,22,20,exact,exact,Mavacamten,False,True,False,False,1.0,False,False,6,4,I.I.[HH],,,I.I.[HH].[H]N(c1cc(=O)n(C(C)C)c(=O)[nH]1)[C@@H](C)c1ccccc1
maxacalcitol_cid6398761,,,maxacalcitol_cid6398761.png,low,low,0.7901661950545753,wrong,,Maxacalcitol,0.846,29,30,near,near,,False,True,False,False,0.859,False,False,7,4,[HH].[HH].[HH],,,*C(C)(C)CCO[C@@H](C)[C@]1([H])CC[C@]2([H])/C(=C([H])/C([H])=C3/C[C@@H](O)C[C@H](O)C3=C)CCC[C@]12C.[HH].[HH].[HH] |$Q;;;;;;;;;;;;;;;;;;;;;;;;;;;;;;;;;;;;$|
mebeverine_hydrochloride_cid17683,,,mebeverine_hydrochloride_cid17683.png,high,high,0.8775106680260736,wrong,,Mebeverine Hydrochloride,0.963,32,32,exact,exact,Mebeverine Hydrochloride,False,True,False,False,1.0,False,False,3,4,[HH].[H],,,CCN(CCCCOC(=O)c1ccc(OC)c(OC)c1)C(C)Cc1ccc(OC)cc1.[HH].[H].[H]Cl |^1:32|
mechlorethamine_cid4033,,,mechlorethamine_cid4033.png,low,low,0.6652552662342663,wrong,,Mechlorethamine,0.857,12,8,exact,exact,Mechlorethamine,False,True,False,False,1.0,False,False,4,3,II.II,,,CN(CCCl)CCCl.II.II
meclofenamic_acid_cid4037,,,meclofenamic_acid_cid4037.png,high,high,0.8681180434702604,wrong,,Meclofenamic Acid,0.944,20,19,exact,exact,Meclofenamic Acid,False,True,False,False,1.0,False,False,6,4,I.[HH].[HH],,,Cc1ccc(Cl)c(Nc2ccccc2C(=O)O)c1Cl.I.[HH].[HH]
melphalan_cid460612,,,melphalan_cid460612.png,low,low,0.7740046812492992,wrong,,Melphalan,0.941,22,19,exact,exact,Melphalan,False,True,False,False,1.0,False,False,16,9,I.I.I.[HH].[HH].[HH].[HH].[HH],,,I.I.I.N[C@@H](Cc1ccc(N(CCCl)CCCl)cc1)C(=O)O.[HH].[HH].[HH].[HH].[HH]
menadione_cid4055,,,menadione_cid4055.png,high,high,0.8703752610138842,exact,Menadione,Menadione,1.0,13,13,exact,exact,Menadione,False,False,False,False,1.0,True,True,0,1,,,,CC1=CC(=O)c2ccccc2C1=O
mertansine_cid11343137,,,mertansine_cid11343137.png,low,low,0.6117583859887221,wrong,,Mertansine,0.333,48,50,wrong,wrong,,False,False,False,False,0.333,False,False,6,1,,,,[H]OC1([C@H](OC)/C([H])=C([H])/C([H])=C(\C)Cc2cc(OC)c(Cl)c(N(C)C(=O)C[C@H](OC(=O)[C@H](C)N(C)C(=O)CCS)[C@]3(C)O[C@]3([H])[CH]C)c2)NC(=O)N1 |^1:46|
mestranol_cid6291,,,mestranol_cid6291.png,low,low,0.4355352265980598,wrong,,Mestranol,0.979,23,23,stereo,stereo,Mestranol,False,True,False,False,1.0,False,False,3,4,[H].[H].[H],,,"[H].[H].[H].[H][C@@]12CCc3cc(OC)ccc3[C@@]1([H])CC[C@@]1(C)[C@]2([H])CC[C@@]1(O)C#C |^1:0,1,2|"
methoxyflurane_cid4116,,,methoxyflurane_cid4116.png,low,low,0.749687043031008,exact,Methoxyflurane,Methoxyflurane,1.0,8,8,exact,exact,Methoxyflurane,False,False,False,False,1.0,True,True,0,1,,,,COC(F)(F)C(Cl)Cl
methscopolamine_bromide_cid5459110,,,methscopolamine_bromide_cid5459110.png,low,low,0.6403188127947148,wrong,,Methscopolamine bromide,0.635,22,24,wrong,wrong,,False,False,False,False,0.635,False,False,6,2,,,,[Br-].[H]OC[C@@H](C(=O)OC1CC([H])C2[C@H]3O[C@H]3[C@@]2([H])C1)c1ccccc1
methyl_o_2_3_4_tri_o_methyl_6_o_sulfo_alpha_d_glucopyranosyl_cid3083445,,,methyl_o_2_3_4_tri_o_methyl_6_o_sulfo_alpha_d_glucopyranosyl_cid3083445.png,low,low,0.008067422360770071,invalid,,,,,,invalid,invalid,,False,False,False,False,,False,,,,,,,CO[CH]C(O)C([CH]O[CH]OC([CH]O[CH]O[CH]1(COS(=O)(=O)O)[CH]O[CH]O[CH]2(C(=O)O)C3O[CH]24(OC2OC(COSO)C(OC)C(OC)C2OC)C(OC)C(OC)C(O[CH]12C(COS(=O)(=O)O)OC(OS(=O)(=O)O)C2OS(=O)(=O)O)O[CH]34C(=O)O)C(=O)O)OS(=O)(=O)O
methyldigoxin_cid443946,,,methyldigoxin_cid443946.png,low,low,0.3281198258301568,wrong,,Methyldigoxin,0.616,56,56,wrong,wrong,,False,False,False,False,0.616,False,True,0,1,,,,[H][C@]12CC[C@@]3(O)[C@@]4([H])CC[C@H](C5=CC(=O)OC5)[C@@]4([H])[C@H](O)C[C@@]3(C)[C@@]1(C)CC[C@H](O[C@@H]1C[C@H](O)[C@H](O[C@@H]3C[C@H](O)[C@H](O[C@H]4C[C@H](O)[C@H](OC)[C@@H](C)O4)[C@@H](C)O3)[C@@H](C)O1)C2
methyldopa_cid38853,,,methyldopa_cid38853.png,low,low,0.7566478323794544,wrong,,Methyldopa,0.935,18,15,exact,exact,Methyldopa,False,True,False,False,1.0,False,False,12,7,I.I.I.[HH].[HH].[HH],,,C[C@](N)(Cc1ccc(O)c(O)c1)C(=O)O.I.I.I.[HH].[HH].[HH]
methylergometrine_cid8226,,,methylergometrine_cid8226.png,low,low,0.001152520691153835,invalid,,,,,,invalid,invalid,,False,False,False,False,,False,,,,,,,[H]N1C=C234=CN([H])C56=CC=CC7=C52=C25(=C3C1=C=6C=C2)C1=C2[CH]C3(=O)[NH2+]C6CO([H])[H]OC[CH](CC)([NH2+]C(=O)[CH]238C=C75C1([H])(C4)N(C)C8)C6C
methylnaltrexone_bromide_cid5361917,,,methylnaltrexone_bromide_cid5361917.png,low,low,0.2144516281741152,invalid,,,,,,invalid,invalid,,False,False,False,False,,False,,,,,,,Br.[H]OC1=C2OC3([H])C(=O)CCC4(O[H])C35CC3C(C(=C25)C=C1)C4([H])N3(C)CC1CC1
methyltestosterone_cid6010,,,methyltestosterone_cid6010.png,low,low,0.603315639401074,wrong,,Methyltestosterone,0.974,22,22,exact,exact,Methyltestosterone,False,True,False,False,1.0,False,False,1,2,[H],,,[H].[H][C@@]12CCC3=CC(=O)CC[C@]3(C)[C@@]1([H])CC[C@@]1(C)[C@@]2([H])CC[C@]1(C)O |^1:0|
metra_cid120608,,,metra_cid120608.png,low,low,0.7801479299234808,wrong,,Metra,0.973,24,24,exact,exact,Metra,False,True,False,False,1.0,False,False,16,10,[HH].[HH].[HH].[HH].[HH].[HH].[HH].[HH],,,C[C@H]1[C@H](c2ccccc2)OCCN1C.O=C(O)[C@H](O)[C@@H](O)C(=O)O.[HH].[HH].[HH].[HH].[HH].[HH].[HH].[HH]
mezigdomide_cid137379043,,,mezigdomide_cid137379043.png,high,high,0.8725795030459387,exact,Mezigdomide,Mezigdomide,1.0,42,42,exact,exact,Mezigdomide,False,False,False,False,1.0,True,True,0,1,,,,N#Cc1ccc(N2CCN(Cc3ccc(COc4cccc5c4CN([C@H]4CCC(=O)NC4=O)C5=O)cc3)CC2)c(F)c1
mezlocillin_cid656511,,,mezlocillin_cid656511.png,high,high,0.8850753586000032,exact,Mezlocillin,Mezlocillin,1.0,36,36,exact,exact,Mezlocillin,False,False,False,False,1.0,True,True,0,1,,,,[H][C@]12SC(C)(C)[C@H](C(=O)O)N1C(=O)[C@H]2NC(=O)[C@H](NC(=O)N1CCN(S(C)(=O)=O)C1=O)c1ccccc1
miconazole_nitrate_cid68553,,,miconazole_nitrate_cid68553.png,high,high,0.8723297920928289,exact,Miconazole Nitrate,Miconazole Nitrate,1.0,29,29,exact,exact,Miconazole Nitrate,False,False,False,False,1.0,True,True,0,2,,,,O=[N+]([O-])O.[H]C(Cn1ccnc1)(OCc1ccc(Cl)cc1Cl)c1ccc(Cl)cc1Cl
midodrine_hydrochloride_cid18340,,,midodrine_hydrochloride_cid18340.png,low,low,0.7920715907121558,wrong,,Midodrine Hydrochloride,0.975,19,19,exact,exact,Midodrine Hydrochloride,False,True,False,False,1.0,False,False,5,7,[H].[H].[H].[H].[H],,,"[H].[H].[H].[H].[H].[H]Cl.[H]OC(CNC(=O)CN)c1cc(OC)ccc1OC |^1:0,1,2,3,4|"
mifamurtide_anhydrous_cid123133557,,,mifamurtide_anhydrous_cid123133557.png,low,low,8.536202020468418e-08,invalid,,,,,,invalid,invalid,,False,False,False,False,,False,,,,,,,*C(C)(O)[CH]1(O)CC(O)C(CC2CC2C2CC2CCCCCCCC)[P+]2(CCCCCCCCCCCCCCCC)(=O=C(CCCCCCCCCCC3CC3CCC)O2)C1.O.[H]C(C)(NCC)C1C2O[CH]1(O)(O)C21CC1.[H]NC(C)CC12=O=C(C)(=O=1)N2 |$Me;;;;;;;;;;;;;;;;;;;;;;;;;;;;;;;;;;;;;;;;;;;;;;;;;;;;;;;;;;;;;;;;;;;;;;;;;;;;;;;;;;;;;;;;$|
migalastat_cid176077,,,migalastat_cid176077.png,low,low,0.8262358089786146,wrong,,Migalastat,0.909,12,11,exact,exact,Migalastat,False,True,False,False,1.0,False,False,8,5,I.[HH].[HH].[HH],,,I.OC[C@H]1NC[C@H](O)[C@@H](O)[C@H]1O.[HH].[HH].[HH]
miglitol_cid441314,,,miglitol_cid441314.png,low,low,0.8287026325268417,wrong,,Miglitol,0.923,15,14,exact,exact,Miglitol,False,True,False,False,1.0,False,False,10,6,I.[HH].[HH].[HH].[HH],,,I.OCCN1C[C@H](O)[C@@H](O)[C@H](O)[C@H]1CO.[HH].[HH].[HH].[HH]
miglustat_cid51634,,,miglustat_cid51634.png,high,high,0.8505375476581856,wrong,,Miglustat,0.933,16,15,exact,exact,Miglustat,False,True,False,False,1.0,False,False,8,5,I.[HH].[HH].[HH],,,I.[HH].[HH].[HH].[H]O[C@H]1[C@H](O)[C@@H](O)CN(CCCC)[C@@H]1CO
milademetan_cid73297272,,,milademetan_cid73297272.png,low,low,0.6897576034219686,invalid,,,,,,invalid,invalid,,False,False,False,False,,False,,,,,,,CC1(C)CCC2NC(C(=O)NC3CCC(C(N)=O)OC3)C(C3=C(F)C(Cl)=NC=C3)C23(C(=O)C1)C(=O)NC1=C3C=CC(Cl)=C1.[HH].[HH].[HH].[HH]
milnacipran_hydrochloride_cid163701,,,milnacipran_hydrochloride_cid163701.png,high,high,0.844834202093575,wrong,,Milnacipran Hydrochloride,0.973,19,19,exact,exact,Milnacipran Hydrochloride,False,True,False,False,1.0,False,False,4,4,[HH].[HH],,,CCN(CC)C(=O)[C@]1(c2ccccc2)C[C@@H]1CN.[HH].[HH].[H]Cl
milrinone_cid4197,,,milrinone_cid4197.png,low,low,0.7745282116253858,wrong,,Milrinone,0.971,19,16,exact,exact,Milrinone,False,True,False,False,1.0,False,False,6,4,I.I.I,,,Cc1[nH]c(=O)c(C#N)cc1-c1ccncc1.I.I.I
milvexian_cid118277544,,,milvexian_cid118277544.png,low,low,0.0001453490448566857,invalid,,,,,,invalid,invalid,,False,False,False,False,,False,,,,,,,[H]C(=O)NC12=C345=C678=C9(=C3%10%11=CC=NC(=C%10)C(N3C=NC(C%10=C(N%12C=C(Cl)N=N%12)C=CC(Cl)=C%10)=CC3=O)CCC3C(C)C%10%12=O=C%13%14(=O)NC=9=4(=C=1=%11=6(C1=CC4=N(=C4CCC[CH]3%10%13C)C=C1)N(C(F)F)N=C2)(C=NN5C(F)F)N%12%147)N(C(F)F)N=C8
miocamycin_cid5282188,,,miocamycin_cid5282188.png,low,low,0.1671394831223503,wrong,,Miocamycin,0.414,65,63,wrong,wrong,,False,False,False,False,0.414,False,False,8,1,,,,[H]C(=O)C[C@@H](CC(C)C)[C@H](O[C@@H]1O[C@H](C)[C@@H](O[C@H]2C[C@@](C)(OC(C)=O)[C@@H](OC(=O)CC)[C@H](C)O2)[C@H](N(C)C)[C@H]1O)[C@@H](OC)[C@H](CC(=O)O[C@H](C)C/C([H])=C([H])/C([H])=C(\[H])[C@@H](C)OC(C)=O)OC(=O)CC
mitiglinide_cid121891,,,mitiglinide_cid121891.png,high,high,0.8680827941388684,wrong,,Mitiglinide,0.791,23,23,charge,charge,Mitiglinide,False,True,False,False,0.81,False,False,1,2,[HH],,,[HH].[H][C@@]12CCCC[C@]1([H])CN(C(=O)C[C@H](Cc1ccccc1)C(=O)[O-])C2
mitotane_cid4211,,,mitotane_cid4211.png,high,high,0.8978788719744814,exact,Mitotane,Mitotane,1.0,18,18,exact,exact,Mitotane,False,False,False,False,1.0,True,True,0,1,,,,Clc1ccc(C(c2ccccc2Cl)C(Cl)Cl)cc1
mivacurium_chloride_cid5281080,,,mivacurium_chloride_cid5281080.png,low,low,9.781191100697446e-06,invalid,,,,,,invalid,invalid,,False,False,False,False,,False,,,,,,,[H]C1=C([H])CCC23(=O)OC4CC[N+]5(CCCO42CC3CC([H])=C([H])CCCOCCNC2(CC2)N2(C)(CCOC(=O)CC1)C1CC3=C(=C4(=CC(OC)=C(OC)C(OC)=C4)CC4N(C)C6C7C89=CC%10%11%12%13(OC)=CC(OC)=C=%10(OC)C=C%10C1C%1072(C68)C49=CC=%11(OC)=C%12(OC)C=%13)C(OC)=C(OC)C(OC)=C3)CCC1=CC(OC)=C(OC)C=C1C5CC=CCOC
ml_rr_s2_cda_sodium_salt_cid135390762,,,ml_rr_s2_cda_sodium_salt_cid135390762.png,low,low,0.3971158093176553,invalid,,,,,,invalid,invalid,,False,False,False,False,,False,,,,,,,[H].[H].[H].[H].[H].[H].[H]NC1=C2N=CN(C3OC([H])(COP([O-])(=S)OC4([H])C(O)C(N5C=NC6=C(N)N=CN=C65)OC4([H])COP(=O)(=O)[O-])C(O[H])C3([H])OP(=O)([O-])[O-])C2=NC=N1
molsidomine_cid5353788,,,molsidomine_cid5353788.png,low,low,0.6897566105529771,wrong,,Molsidomine,0.976,20,17,exact,exact,Molsidomine,False,True,False,False,1.0,False,False,6,4,I.I.I,,,CCO/C([O-])=N/c1c[n+](N2CCOCC2)no1.I.I.I
mometasone_furoate_cid441336,,,mometasone_furoate_cid441336.png,low,low,0.4919082260551764,exact,Mometasone Furoate,Mometasone Furoate,1.0,35,35,exact,exact,Mometasone Furoate,False,False,False,False,1.0,True,True,0,1,,,,[H]O[C@H]1C[C@@]2(C)[C@@]([H])(C[C@@H](C)[C@]2(OC(=O)c2ccco2)C(=O)CCl)[C@]2([H])CCC3=CC(=O)C=C[C@]3(C)[C@@]12Cl
monophosphoryl_lipid_a_cid24978548,,,monophosphoryl_lipid_a_cid24978548.png,low,low,1.899851134110499e-18,invalid,,,,,,invalid,invalid,,False,False,False,False,,False,,,,,,,CCCCCCCCCCCCCCCCCC1C(CCCCCCCCCCCCCCC)[CH]2(C[CH]34C([CH]C(C)C(C)CCCCCCCCCCCCC)C35C(CC(C)C(C)C(C)C([CH]O)C3CC3C3C6C(CCCC7CC78CC8CC7CC7CCCC)C36)C54)C(=O)C12.CCCCCCCCCCCCCCCCCCCCCC1CCC1CCCCCCCCCCCCC
morantel_tartrate_cid6433951,,,morantel_tartrate_cid6433951.png,low,low,0.8029696322693357,wrong,,Morantel Tartrate,0.978,25,25,exact,exact,Morantel Tartrate,False,True,False,False,1.0,False,False,14,9,[HH].[HH].[HH].[HH].[HH].[HH].[HH],,,O=C(O)[C@H](O)[C@@H](O)C(=O)O.[HH].[HH].[HH].[HH].[HH].[HH].[HH].[H]/C(C1=NCCCN1C)=C(/[H])c1sccc1C
moroxydine_cid71655,,,moroxydine_cid71655.png,low,low,0.6605737730545364,wrong,,Moroxydine,0.724,19,12,charge,charge,Moroxydine,False,True,False,False,0.75,False,False,14,8,I.I.I.I.I.I.I,,,I.I.I.I.I.I.I.[H]/N=C(\N=C(\N)N[H])N1CCOCC1
mosapride_cid119584,,,mosapride_cid119584.png,high,high,0.8878177977116561,wrong,,Mosapride,0.984,29,29,exact,exact,Mosapride,False,True,False,False,1.0,False,False,4,3,[HH].[HH],,,CCOc1cc(N)c(Cl)cc1C(=O)NCC1CN(Cc2ccc(F)cc2)CCO1.[HH].[HH]
muramyl_dipeptide_cid451714,,,muramyl_dipeptide_cid451714.png,low,low,0.8306601595893535,wrong,,Muramyl Dipeptide,1.0,34,34,exact,exact,Muramyl Dipeptide,False,True,False,False,1.0,False,False,14,8,[HH].[HH].[HH].[HH].[HH].[HH].[HH],,,[HH].[HH].[HH].[HH].[HH].[HH].[HH].[H]N(C(=O)[C@H](C)NC(=O)[C@@H](C)O[C@H]1[C@H](O)[C@@H](CO)O[C@@H](O)[C@@H]1NC(C)=O)[C@H](CCC(=O)O)C(N)=O
murepavadin_cid91824766,,,murepavadin_cid91824766.png,low,low,1.705444083247395e-05,invalid,,,,,,invalid,invalid,,False,False,False,False,,False,,,,,,,[H]C1C2=O=C13=OC1456([H])C7=O=C1(=O)(N1C8C9C%10=CNC%11%12=C%13=C%10%11(=C%10=C%11C(=CNC%11=CC=C%10)C[CH]91%10(N7)C1(=O)NC79([H])([H]C(C7CC)C9N[CH]CN[CH]CN[CH]CN[CH]CN[CH]CN[CH]CN[CH]CN[CH]CN[CH]CN7C9%11%14[H]C7([H]9)(C%11C)C%14N)N1C8%10=O)=C=%12C=C%13)C([H])(N2)(N34)([CH]5(C)O)[CH]6(C)O
n_1r_2r_2_2_3_dihydro_1_4_benzodioxin_6_yl_2_hydroxy_1_1_pyr_cid23652731,,,n_1r_2r_2_2_3_dihydro_1_4_benzodioxin_6_yl_2_hydroxy_1_1_pyr_cid23652731.png,high,high,0.8887098262604748,exact,"N-((1R,2R)-2-(2,3-Dihydro-1,4-benzodioxin-6-yl)-2-hydroxy-1-(1-pyrrolidinylmethyl)ethyl)octanamide","N-((1R,2R)-2-(2,3-Dihydro-1,4-benzodioxin-6-yl)-2-hydroxy-1-(1-pyrrolidinylmethyl)ethyl)octanamide",1.0,29,29,exact,exact,"N-((1R,2R)-2-(2,3-Dihydro-1,4-benzodioxin-6-yl)-2-hydroxy-1-(1-pyrrolidinylmethyl)ethyl)octanamide",False,False,False,False,1.0,True,True,0,1,,,,CCCCCCCC(=O)N[C@H](CN1CCCC1)[C@H](O)c1ccc2c(c1)OCCO2
n_2r_2_3_dihydroxypropoxy_3_4_difluoro_2_2_fluoro_4_iodophen_cid9826528,,,n_2r_2_3_dihydroxypropoxy_3_4_difluoro_2_2_fluoro_4_iodophen_cid9826528.png,low,low,0.7993604497134065,wrong,,"N-((2R)-2,3-Dihydroxypropoxy)-3,4-difluoro-2-((2-fluoro-4-iodophenyl)amino)benzamide",0.98,26,26,exact,exact,"N-((2R)-2,3-Dihydroxypropoxy)-3,4-difluoro-2-((2-fluoro-4-iodophenyl)amino)benzamide",False,True,False,False,1.0,False,False,6,4,[HH].[HH].[HH],,,[HH].[HH].[HH].[H]O[C@H](CO)CONC(=O)c1ccc(F)c(F)c1Nc1ccc(I)cc1F
nafarelin_cid25077405,,,nafarelin_cid25077405.png,low,low,1.487910847629181e-05,invalid,,,,,,invalid,invalid,,False,False,False,False,,False,,,,,,,CCC(=O)NC(CC1=CN=CN1)C(=O)NC1C2=O=C(=O)(N[CH](CO)(C(N)=O)C(O)C(C(N)=O)N2)[CH]2(NC(=O)CC)CC345(=CNC36=CC=CC=6=4)=C3=C4(=C6=C4(=CC=C6)N3)C125.[H]C1234(=N56=C(=N17C5C1C5C(NC(=O)C(CC(C)C)NC(=O)C(CC8=CC9=CC=CC=C9C=C8)NC(=O)C(N)CC8=CC=C(O)C=C8)CC5C176)([H]2)N3)NN4
nafithromycin_cid117587595,,,nafithromycin_cid117587595.png,low,low,0.004749097618487637,invalid,,,,,,invalid,invalid,,False,False,False,False,,False,,,,,,,[H]C12345[CH]6(C)C(=O)C(C)CC(COC)C(OC7OC(C)CC(N(C)C)C7O)C(C)C(=O)C(C)CO[CH]7(CC)C18(C)[CH]721OC(=O)[CH]32C3(N)=NO[CH]79(C)CC(ON=C(N)[CH]34C62815[H])C71=N2=C93=NN=C45(=N2=C(S1)C41=C(=C52=CC=CC=N2)C=CC=N1)S3
nalmefene_hydrochloride_cid5388881,,,nalmefene_hydrochloride_cid5388881.png,low,low,0.6473365578022936,wrong,,Nalmefene Hydrochloride,0.982,26,26,exact,exact,Nalmefene Hydrochloride,False,True,False,False,1.0,False,False,1,3,[H],,,[H].[H]Cl.[H]O[C@@]12CCC(=C)[C@]3([H])Oc4c(O)ccc5c4[C@]13CCN(CC1CC1)[C@]2([H])C5 |^1:0|
napsagatran_cid11954363,,,napsagatran_cid11954363.png,low,low,0.6472996485582106,wrong,,Napsagatran,0.718,33,40,wrong,wrong,,False,False,False,False,0.718,False,False,9,6,[HH].[HH].[HH].[HH].[H],,,N=C(N)N1CCC[C@@H](CNC(=O)C[C@H](CC(=O)O)NS(=O)(=O)c2ccc3ccccc3c2)C1.[HH].[HH].[HH].[HH].[H] |^1:37|
natamycin_cid5284447,,,natamycin_cid5284447.png,low,low,0.0005571541588662225,invalid,,,,,,invalid,invalid,,False,False,False,False,,False,,,,,,,[H]OC1CC2OC2C([H])=C([H])C(=O)OC(C)CC([H])=C([H])C2([H])=C([H])C([H])=C([H])C3([H])=C4([H])=C([H])(=C35([H])C3C6[CH]45(OC4OC(C)C(O)C(N)C4O[H])C34C35([H])[H]C6478OC(O)(C1)(CC(O[H])[CH]37C(=O)O)O58)C([H])=C([H])C([H])=C([H])C2([H])=C([H])[H]
nateglinide_cid5311309,,,nateglinide_cid5311309.png,low,low,0.826427860850018,wrong,,Nateglinide,0.95,26,23,exact,exact,Nateglinide,False,True,False,False,1.0,False,False,8,5,I.I.I.[HH],,,CC(C)C1CCC(C(=O)N[C@H](Cc2ccccc2)C(=O)O)CC1.I.I.I.[HH]
netarsudil_cid66599893,,,netarsudil_cid66599893.png,high,high,0.8992382889454485,exact,Netarsudil,Netarsudil,1.0,34,34,exact,exact,Netarsudil,False,False,False,False,1.0,True,True,0,1,,,,Cc1ccc(C(=O)OCc2ccc([C@@H](CN)C(=O)Nc3ccc4cnccc4c3)cc2)c(C)c1
netupitant_cid6451149,,,netupitant_cid6451149.png,low,low,0.8413611304022481,exact,Netupitant,Netupitant,1.0,41,41,exact,exact,Netupitant,False,False,False,False,1.0,True,True,0,1,,,,Cc1ccccc1-c1cc(N2CCN(C)CC2)ncc1N(C)C(=O)C(C)(C)c1cc(C(F)(F)F)cc(C(F)(F)F)c1
nicotinamide_cid936,,,nicotinamide_cid936.png,low,low,0.6613769318383215,wrong,,Nicotinamide,0.88,14,9,exact,exact,Nicotinamide,False,True,False,False,1.0,False,False,6,4,I.II.II,,,I.II.II.NC(=O)c1cccnc1
nifuroxazide_cid5337997,,,nifuroxazide_cid5337997.png,low,low,0.8173392119481556,wrong,,Nifuroxazide,0.951,21,20,exact,exact,Nifuroxazide,False,True,False,False,1.0,False,False,8,5,I.[HH].[HH].[HH],,,I.[HH].[HH].[HH].[H]/C(=N\NC(=O)c1ccc(O)cc1)c1ccc([N+](=O)[O-])o1
nikkomycin_z_cid456557,,,nikkomycin_z_cid456557.png,low,low,0.8322849744223279,wrong,,Nikkomycin Z,1.0,35,35,exact,exact,Nikkomycin Z,False,True,False,False,1.0,False,False,6,7,[H].[H].[H].[H].[H].[H],,,"[H].[H].[H].[H].[H].[H].[H]N[C@H](C(=O)N[C@H](C(=O)O[H])[C@@]1([H])O[C@@H](n2ccc(=O)[nH]c2=O)[C@H](O)[C@@H]1O)[C@H](C)[C@H](O)c1ccc(O)cn1 |^1:0,1,2,3,4,5|"
nimesulide_cid4495,,,nimesulide_cid4495.png,low,low,0.7496982632529483,wrong,,Nimesulide,0.95,22,21,salt,exact,Nimesulide,False,True,False,True,0.974,False,False,6,4,[HH].[HH],,Cl,CS(=O)(=O)Nc1ccc([N+](=O)[O-])cc1Oc1ccccc1.Cl.[HH].[HH]
nimodipine_cid4497,,,nimodipine_cid4497.png,high,high,0.9069009348779328,exact,Nimodipine,Nimodipine,1.0,30,30,exact,exact,Nimodipine,False,False,False,False,1.0,True,True,0,1,,,,COCCOC(=O)C1=C(C)NC(C)=C(C(=O)OC(C)C)C1c1cccc([N+](=O)[O-])c1
niraparib_cid24958200,,,niraparib_cid24958200.png,high,high,0.8446177544770682,wrong,,Niraparib,0.98,24,24,exact,exact,Niraparib,False,True,False,False,1.0,False,False,8,5,[HH].[HH].[HH].[HH],,,NC(=O)c1cccc2cn(-c3ccc([C@@H]4CCCNC4)cc3)nc12.[HH].[HH].[HH].[HH]
nitisinone_cid115355,,,nitisinone_cid115355.png,low,low,0.796531560579345,exact,Nitisinone,Nitisinone,1.0,23,23,exact,exact,Nitisinone,False,False,False,False,1.0,True,True,0,1,,,,O=C1CCCC(=O)C1C(=O)c1ccc(C(F)(F)F)cc1[N+](=O)[O-]
nitrous_oxide_cid948,,,nitrous_oxide_cid948.png,low,low,0.570512156306874,wrong,,Nitrous Oxide,0.667,6,3,exact,exact,Nitrous Oxide,False,True,False,False,1.0,False,False,4,3,I.II,,,I.II.[N-]=[N+]=O
nizatidine_cid4513,,,nizatidine_cid4513.png,high,high,0.8434859947506899,wrong,,Nizatidine,0.617,21,21,wrong,wrong,,False,False,False,False,0.617,False,False,2,1,,,,[H]N(C)C(C[N+](=O)[O-])N([H])CCSCc1csc(CN(C)C)n1
norelgestromin_cid62930,,,norelgestromin_cid62930.png,low,low,0.7515918532880912,wrong,,Norelgestromin,0.613,24,24,wrong,wrong,,False,False,False,False,0.613,False,False,6,4,[HH].[H].[H],,,"[HH].[H].[H].[H][C@@]12CCC3=CC(NO)CC[C@@]3([H])[C@@]1([H])CC[C@@]1(CC)[C@@]2([H])CC[C@@]1(O)C#C |^1:1,2|"
obicetrapib_cid11498596,,,obicetrapib_cid11498596.png,high,high,0.8977808513885164,exact,Obicetrapib,Obicetrapib,1.0,50,50,exact,exact,Obicetrapib,False,False,False,False,1.0,True,True,0,1,,,,CCOC(=O)N1c2ccc(C(F)(F)F)cc2[C@@H](N(Cc2cc(C(F)(F)F)cc(C(F)(F)F)c2)c2ncc(OCCCC(=O)O)cn2)C[C@H]1CC
obidoxime_chloride_cid135566074,,,obidoxime_chloride_cid135566074.png,low,low,0.7386292689307186,wrong,,Obidoxime Chloride,0.812,23,23,salt,salt,Obidoxime Chloride,False,True,True,False,0.839,False,False,5,6,[HH].[HH].[HH],[Cl-],,[Cl-].[Cl-].[HH].[HH].[HH].[H]/C(=N\[O-])c1cc[n+](COC[n+]2ccc(/C([H])=N/O)cc2)cc1
octenidine_hydrochloride_cid51166,,,octenidine_hydrochloride_cid51166.png,low,low,0.0005526799724973356,invalid,,,,,,invalid,invalid,,False,False,False,False,,False,,,,,,,CCCCCCCCNC1=C2C3=C(CCCCCCCCCC4C5=C46C=CC(NCCCCCCCC)C=C56)C=32C=C1.CCCCCCCCNC1C=CC=C(CCCCCCCCCC2C34=C56=C2378C2=CC3=C57N(CCCCCCCC)C=3=6248)C=C1.Cl.[Cl-]
olodaterol_cid11504295,,,olodaterol_cid11504295.png,high,high,0.8756529755387471,wrong,,Olodaterol,0.982,28,28,exact,exact,Olodaterol,False,True,False,False,1.0,False,False,3,4,[H].[H].[H],,,"COc1ccc(CC(C)(C)NC[C@H](O)c2cc(O)cc3c2OCC(=O)N3)cc1.[H].[H].[H] |^1:28,29,30|"
olutasidenib_cid118955396,,,olutasidenib_cid118955396.png,high,high,0.87668548303101,wrong,,Olutasidenib,0.98,25,25,exact,exact,Olutasidenib,False,True,False,False,1.0,False,False,2,2,[HH],,,C[C@H](Nc1ccc(C#N)n(C)c1=O)c1cc2cc(Cl)ccc2[nH]c1=O.[HH]
omarigliptin_cid46209133,,,omarigliptin_cid46209133.png,high,high,0.8443487683204618,wrong,,Omarigliptin,0.982,27,27,exact,exact,Omarigliptin,False,True,False,False,1.0,False,False,2,3,[H].[H],,,"[H].[H].[H]N[C@H]1C[C@@H](N2Cc3cn(S(C)(=O)=O)nc3C2)CO[C@@H]1c1cc(F)ccc1F |^1:0,1|"
opicapone_cid135565903,,,opicapone_cid135565903.png,low,low,2.077539276055936e-05,wrong,,Opicapone,0.014,30,27,wrong,wrong,,False,False,False,False,0.014,False,False,85,9,,CC.CC.CC.CC.CC.CC.CC,,CC.CC.CC.CC.CC.CC.CC.CC.CCC1CC2C1C1C3C4CCC4C3C21
orforglipron_cid137319706,,,orforglipron_cid137319706.png,low,low,0.6272569484525177,exact,Orforglipron,Orforglipron,1.0,65,65,exact,exact,Orforglipron,False,False,False,False,1.0,True,True,0,1,,,,Cc1cc(-n2nc3c(c2-n2ccn(-c4ccc5c(cnn5C)c4F)c2=O)[C@H](C)N(C(=O)c2cc4cc([C@H]5CCOC(C)(C)C5)ccc4n2[C@@]2(c4noc(=O)[nH]4)C[C@@H]2C)CC3)cc(C)c1F
orlistat_cid3034010,,,orlistat_cid3034010.png,low,low,0.3547077256169734,wrong,,Orlistat,0.946,38,35,near,near,,False,False,False,False,0.946,False,False,8,3,[H],,,[H].[H]C(=O)N[C@@H](CC(C)C)C(=O)O[C@@H](CCCCCCCCCCCC)C[C@@H]1OC(=O)[C@H]1CCCCCC.[H]C([H])=O |^1:0|
ornidazole_cid28061,,,ornidazole_cid28061.png,low,low,0.8423823099107308,wrong,,Ornidazole,0.946,15,14,exact,exact,Ornidazole,False,True,False,False,1.0,False,False,4,3,I.[HH],,,Cc1ncc([N+](=O)[O-])n1CC(O)CCl.I.[HH]
ortataxel_cid6918412,,,ortataxel_cid6918412.png,low,low,0.5375433684349938,invalid,,,,,,invalid,invalid,,False,False,False,False,,False,,,,,,,[H]C12CC(O)C3(C)C(=O)C(OC(C)=O)C4=C(C)C(OC(=O)C(O)C(CC(C)C)NC(=O)OC(C)(C)C)C56([H])OC(=O)OC5(C(OC(=O)C5=CC=CC=C5)C3([H])C1(OC(C)=O)CO2)C46(C)C
ouabain_cid439501,,,ouabain_cid439501.png,low,low,0.4114164017359718,invalid,,,,,,invalid,invalid,,False,False,False,False,,False,,,,,,,[HH].[H].[H].[H].[H].[H].[H].[H]OC1CC(OC2OC(C)C(O)C(O)C2O)CC2(O)CCC34OC35(O)CCC(C3=CC(=O)OC3)C5(C)CC(O)C4([H])C12CO
oxfendazole_cid40854,,,oxfendazole_cid40854.png,low,low,0.737199164663671,wrong,,Oxfendazole,0.955,22,22,exact,exact,Oxfendazole,False,True,False,False,1.0,False,False,3,3,[HH].[H],,,[HH].[H].[H]n1c(NC(=O)OC)nc2ccc(S(=O)c3ccccc3)cc21 |^1:1|
oxiconazole_nitrate_cid9556529,,,oxiconazole_nitrate_cid9556529.png,high,high,0.8712227043459558,wrong,,Oxiconazole Nitrate,0.981,30,30,exact,exact,Oxiconazole Nitrate,False,True,False,False,1.0,False,False,1,3,[H],,,Clc1ccc(CO/N=C(\Cn2ccnc2)c2ccc(Cl)cc2Cl)c(Cl)c1.O=[N+]([O-])O.[H] |^1:30|
oxybuprocaine_cid4633,,,oxybuprocaine_cid4633.png,low,low,0.8242669705480489,wrong,,Oxybuprocaine,0.953,22,22,exact,exact,Oxybuprocaine,False,True,False,False,1.0,False,False,6,5,[HH].[HH].[H].[H],,,"CCCCOc1cc(C(=O)OCCN(CC)CC)ccc1N.[HH].[HH].[H].[H] |^1:24,25|"
padsevonil_cid52911611,,,padsevonil_cid52911611.png,low,low,0.5709259503516696,exact,Padsevonil,Padsevonil,1.0,27,27,exact,exact,Padsevonil,False,False,False,False,1.0,True,True,0,1,,,,COCc1nn2c(CN3C[C@@H](CC(F)(F)Cl)CC3=O)c(C(F)(F)F)nc2s1
paliperidone_cid115237,,,paliperidone_cid115237.png,high,high,0.8941531300238228,wrong,,Paliperidone,0.826,31,31,wrong,wrong,,False,False,False,False,0.826,False,False,3,2,[H],,,Cc1nc2n(c(=O)c1CCN1CCC(c3noc4c[c]([Fl])ccc34)CC1)CCCC2O.[H] |^1:31|
paliperidone_palmitate_cid9852746,,,paliperidone_palmitate_cid9852746.png,high,high,0.8911903435699633,wrong,,Paliperidone Palmitate,0.67,48,48,wrong,wrong,,False,False,False,False,0.67,False,False,2,1,,,,CCCCCCCCCCCCCCCC(=O)OC1CCCn2c1nc(C)c(CCN1CCC(C(=N)c3ccc(F)cc3O)CC1)c2=O
palonosetron_hydrochloride_cid6918303,,,palonosetron_hydrochloride_cid6918303.png,low,low,0.076759876224609,invalid,,,,,,invalid,invalid,,False,False,False,False,,False,,,,,,,[H]C12CCCC3=C1C(=CC=C3)C(=O)N(C1C3456CCC37CCN1743CCC5CC63)C2.[H]Cl
paromomycin_cid165580,,,paromomycin_cid165580.png,low,low,0.3728077027305411,wrong,,Paromomycin,1.0,42,42,stereo,stereo,Paromomycin,False,True,False,False,1.0,False,False,9,10,[H].[H].[H].[H].[H].[H].[H].[H].[H],,,"[H].[H].[H].[H].[H].[H].[H].[H].[H].[H]NC[C@@H]1O[C@H](O[C@H]2[C@H](O[H])[C@H](O[C@@H]3[C@@H](O)[C@H](N[H])C[C@H](N[H])[C@H]3O[C@H]3O[C@H](CO)[C@@H](O)[C@H](O)[C@H]3N[H])O[C@@H]2CO)[C@H](N[H])[C@@H](O)[C@@H]1O |^1:0,1,2,3,4,5,6,7,8|"
pasireotide_cid9941444,,,pasireotide_cid9941444.png,low,low,0.05487450656561335,wrong,,Pasireotide,0.642,86,77,wrong,wrong,,False,False,False,False,0.642,False,False,20,1,,,,[H]N([H])CCNC(=O)O[C@@H](C)C1[CH]C(=O)N[C@@H](c2ccccc2)C(=O)N[C@H](Cc2c[nH]c3ccccc23)C(=O)N[C@@H](CCCCN)C(=O)N[C@@H](Cc2ccc(OCc3ccccc3)cc2)C(=O)N[C@@H](Cc2ccccc2)C(=O)NC[C@@H]1OC(=O)NCCN([H])[H] |^1:12|
pemafibrate_cid11526038,,,pemafibrate_cid11526038.png,low,low,0.781409037105182,wrong,,Pemafibrate,0.984,36,36,exact,exact,Pemafibrate,False,True,False,False,1.0,False,False,2,2,[HH],,,CC[C@@H](Oc1cccc(CN(CCCOc2ccc(OC)cc2)c2nc3ccccc3o2)c1)C(=O)O.[HH]
pemetrexed_cid135410875,,,pemetrexed_cid135410875.png,high,high,0.8444346481945567,wrong,,Pemetrexed,1.0,31,31,exact,exact,Pemetrexed,False,True,False,False,1.0,False,False,8,5,[HH].[HH].[HH].[HH],,,Nc1nc2[nH]cc(CCc3ccc(C(=O)N[C@@H](CCC(=O)O)C(=O)O)cc3)c2c(=O)[nH]1.[HH].[HH].[HH].[HH]
pemigatinib_cid86705695,,,pemigatinib_cid86705695.png,high,high,0.8940871888426692,exact,Pemigatinib,Pemigatinib,1.0,35,35,exact,exact,Pemigatinib,False,False,False,False,1.0,True,True,0,1,,,,CCN1C(=O)N(c2c(F)c(OC)cc(OC)c2F)Cc2cnc3[nH]c(CN4CCOCC4)cc3c21
penicillamine_cid5852,,,penicillamine_cid5852.png,low,low,0.7064137280996642,wrong,,Penicillamine,0.9,13,9,exact,exact,Penicillamine,False,True,False,False,1.0,False,False,10,6,I.I.I.I.[HH],,,I.I.I.I.[HH].[H]N[C@@H](C(=O)O)C(C)(C)S
peposertib_cid86292849,,,peposertib_cid86292849.png,high,high,0.8936970689200513,exact,Peposertib,Peposertib,1.0,34,34,exact,exact,Peposertib,False,False,False,False,1.0,True,True,0,1,,,,COc1ccc([C@@H](O)c2cc(-c3ncnc4cc(N5CCOCC5)ccc34)c(F)cc2Cl)nn1
perampanel_cid9924495,,,perampanel_cid9924495.png,low,low,0.7878720163499774,wrong,,Perampanel,0.956,29,27,near,exact,,False,False,False,True,0.956,False,False,5,3,,,Cl.[CH2+],Cl.N#Cc1ccccc1-c1cc(-c2ccccn2)cn(-c2ccccc2)c1=O.[CH2+] |^1:28|
phenelzine_cid3675,,,phenelzine_cid3675.png,low,low,0.6795887533529115,wrong,,Phenelzine,0.864,16,10,exact,exact,Phenelzine,False,True,False,False,1.0,False,False,12,7,II.II.II.[HH].[HH].[HH],,,II.II.II.NNCCc1ccccc1.[HH].[HH].[HH]
phenprocoumon_cid54680692,,,phenprocoumon_cid54680692.png,high,high,0.888569987396937,wrong,,Phenprocoumon,0.971,21,21,exact,exact,Phenprocoumon,False,True,False,False,1.0,False,False,1,2,[H],,,CCC(c1ccccc1)c1c(O)c2ccccc2oc1=O.[H] |^1:21|
phentolamine_cid5775,,,phentolamine_cid5775.png,low,low,0.744716738805226,wrong,,Phentolamine,0.952,22,21,exact,exact,Phentolamine,False,True,False,False,1.0,False,False,4,3,I.[HH],,,I.[HH].[H]Oc1cccc(N(CC2=NCCN2)c2ccc(C)cc2)c1
phylloquinone_cid5284607,,,phylloquinone_cid5284607.png,low,low,0.7398293377400402,wrong,,Phylloquinone,0.66,34,33,wrong,wrong,,False,False,False,False,0.66,False,False,7,3,[HH].[HH],,,CC1=C(C/C(C)=C(\C)CCC[C@H](C)CCC[C@H](C)CCCC(C)C)C(=O)c2ccccc2C1=O.[HH].[HH]
pinaverium_bromide_cid40703,,,pinaverium_bromide_cid40703.png,high,high,0.8562725682859296,exact,Pinaverium Bromide,Pinaverium Bromide,1.0,33,33,exact,exact,Pinaverium Bromide,False,False,False,False,1.0,True,True,0,2,,,,[Br-].[H]C12CC(CCC1CCOCC[N+]1(Cc3cc(OC)c(OC)cc3Br)CCOCC1)C2(C)C
pindolol_cid4828,,,pindolol_cid4828.png,low,low,0.8170406965343634,wrong,,Pindolol,0.975,18,18,exact,exact,Pindolol,False,True,False,False,1.0,False,False,8,5,[HH].[HH].[HH].[HH],,,CC(C)NCC(O)COc1cccc2[nH]ccc12.[HH].[HH].[HH].[HH]
piperazine_cid4837,,,piperazine_cid4837.png,low,low,0.6621055712557637,wrong,,Piperazine,0.667,10,6,exact,exact,Piperazine,False,True,False,False,1.0,False,False,6,4,I.I.II,,,I.I.II.[H]N1CCN([H])CC1
pirfenidone_cid40632,,,pirfenidone_cid40632.png,low,low,0.01449176978494666,wrong,,Pirfenidone,0.04,14,14,wrong,wrong,,False,False,False,False,0.04,False,False,35,7,,CC.CC.CC.CC.CC.CC,,CC.CC.CC.CC.CC.CC.CC
piroxicam_cid54676228,,,piroxicam_cid54676228.png,high,high,0.8490900717455304,wrong,,Piroxicam,0.977,23,23,exact,exact,Piroxicam,False,True,False,False,1.0,False,False,4,3,[HH].[HH],,,CN1C(C(=O)Nc2ccccn2)=C(O)c2ccccc2S1(=O)=O.[HH].[HH]
pivmecillinam_cid115163,,,pivmecillinam_cid115163.png,high,high,0.8441002480989903,exact,Pivmecillinam,Pivmecillinam,1.0,30,30,exact,exact,Pivmecillinam,False,False,False,False,1.0,True,True,0,1,,,,[H]C(=N[C@@H]1C(=O)N2[C@@H](C(=O)OCOC(=O)C(C)(C)C)C(C)(C)S[C@]12[H])N1CCCCCC1
plecanatide_cid70693500,,,plecanatide_cid70693500.png,low,low,1.488898280490249e-05,invalid,,,,,,invalid,invalid,,False,False,False,False,,False,,,,,,,[H]C1CNC2[H]C2(C)C(=O)NC(C(=O)NC(CC(C)C)C(=O)O)CSSCC([H])[CH]NC2=O=C(N[CH]CCC)[CH]234NC(=O=C3NC(=O)(=O)[CH]NC(C)(C)C)[CH]2(CS)(NC(=O)C(NC3=O=C([H])(=O)C3)C(=O)CC(=O)O)C(S)C(NCC(N)CN1)C2(=O)NC(C(=O)NC1=O=C1([H])=O)C4NC(CC)CC(C)C
ponesimod_cid11363176,,,ponesimod_cid11363176.png,high,high,0.8696759671868082,wrong,,Ponesimod,0.985,31,31,stereo,stereo,Ponesimod,False,True,False,False,1.0,False,False,2,2,[HH],,,[HH].[H]/C(=C1/S/C(=N\CCC)N(c2ccccc2C)C1=O)c1ccc(OC[C@H](O)CO)c(Cl)c1
posaconazole_cid468595,,,posaconazole_cid468595.png,high,high,0.8501025863601002,stereo,Posaconazole,Posaconazole,1.0,51,51,stereo,stereo,Posaconazole,False,False,False,False,1.0,True,True,0,1,,,,CC[C@@H]([C@@H](C)O)n1ncn(-c2ccc(N3CCN(c4ccc(OC[C@@H]5CO[C@@](Cn6cncn6)(c6ccc(F)cc6F)C5)cc4)CC3)cc2)c1=O
potassium_perchlorate_cid516900,,,potassium_perchlorate_cid516900.png,low,low,0.4967599523511351,wrong,,Potassium Perchlorate,0.125,4,6,wrong,wrong,,False,False,False,False,0.125,False,False,6,3,,[I-],,[I-].[I-].[O-][K+] |3|
pracinostat_cid49855250,,,pracinostat_cid49855250.png,low,low,0.7349669622622524,wrong,,Pracinostat,0.981,26,26,exact,exact,Pracinostat,False,True,False,False,1.0,False,False,6,4,[HH].[HH].[HH],,,[HH].[HH].[HH].[H]/C(C(=O)NO)=C(/[H])c1ccc2c(c1)nc(CCCC)n2CCN(CC)CC
pralmorelin_cid6918245,,,pralmorelin_cid6918245.png,low,low,0.6140732214383658,exact,Pralmorelin,Pralmorelin,1.0,60,60,exact,exact,Pralmorelin,False,False,False,False,1.0,True,True,0,1,,,,[H]NCCCC[C@H](NC(=O)[C@@H](Cc1ccccc1)NC(=O)[C@H](Cc1c[nH]c2ccccc12)NC(=O)[C@H](C)NC(=O)[C@@H](Cc1ccc2ccccc2c1)NC(=O)[C@@H](C)N[H])C(N)=O
propafenone_hydrochloride_cid36708,,,propafenone_hydrochloride_cid36708.png,high,high,0.8876781586951626,wrong,,Propafenone Hydrochloride,0.979,26,26,exact,exact,Propafenone Hydrochloride,False,True,False,False,1.0,False,False,2,3,[HH],,,CCCNCC(O)COc1ccccc1C(=O)CCc1ccccc1.[HH].[H]Cl
propantheline_bromide_cid9279,,,propantheline_bromide_cid9279.png,high,high,0.8507423365226212,exact,Propantheline Bromide,Propantheline Bromide,1.0,28,28,exact,exact,Propantheline Bromide,False,False,False,False,1.0,True,True,0,2,,,,CC(C)[N+](C)(CCOC(=O)C1c2ccccc2Oc2ccccc21)C(C)C.[Br-]
propoxyphene_cid10100,,,propoxyphene_cid10100.png,low,low,0.7376090051987811,exact,Propoxyphene,Propoxyphene,1.0,25,25,exact,exact,Propoxyphene,False,False,False,False,1.0,True,True,0,1,,,,CCC(=O)O[C@](Cc1ccccc1)(c1ccccc1)[C@H](C)CN(C)C
prostaglandin_e2_cid5280360,,,prostaglandin_e2_cid5280360.png,low,low,0.6104816951196184,wrong,,Prostaglandin E2,1.0,25,25,exact,exact,Prostaglandin E2,False,True,False,False,1.0,False,False,4,3,[HH].[HH],,,[HH].[HH].[H]/C(CCCC(=O)O)=C(\[H])C[C@H]1C(=O)C[C@@H](O)[C@@H]1/C([H])=C(\[H])[C@@H](O)CCCCC
prucalopride_cid3052762,,,prucalopride_cid3052762.png,low,low,0.819347932575297,wrong,,Prucalopride,0.965,28,25,exact,exact,Prucalopride,False,True,False,False,1.0,False,False,10,6,I.I.I.[HH].[HH],,,COCCCN1CCC(NC(=O)c2cc(Cl)c(N)c3c2OCC3)CC1.I.I.I.[HH].[HH]
pyrantel_pamoate_cid5281033,,,pyrantel_pamoate_cid5281033.png,low,low,0.8300480737687171,wrong,,Pyrantel Pamoate,0.982,46,43,exact,exact,Pyrantel Pamoate,False,True,False,False,1.0,False,False,6,5,I.I.I,,,I.I.I.O=C(O)c1cc2ccccc2c(Cc2c(O)c(C(=O)O)cc3ccccc23)c1O.[H]/C(C1=NCCCN1C)=C(/[H])c1cccs1
pyrazinamide_cid1046,,,pyrazinamide_cid1046.png,low,low,0.7076962291718981,wrong,,Pyrazinamide,0.955,13,9,exact,exact,Pyrazinamide,False,True,False,False,1.0,False,False,8,5,I.I.I.I,,,I.I.I.I.NC(=O)c1cnccn1
pyrithione_zinc_cid26041,,,pyrithione_zinc_cid26041.png,low,low,0.5974687839209764,wrong,,Pyrithione Zinc,0.4,18,17,wrong,wrong,,False,False,False,False,0.4,False,False,1,2,,,,[I-].[O-][n+]1ccccc1[S][Zn+][S]c1cccc[n+]1[O-]
pyronaridine_tetraphosphate_cid156867,,,pyronaridine_tetraphosphate_cid156867.png,low,low,0.02450132809635586,invalid,,,,,,invalid,invalid,,False,False,False,False,,False,,,,,,,O.O=P(O)(O)(O)OP(=O)(O)(O)O.O=P(O)(O)O.O=[H](O)(O)(O)OP123=O=P(=O)(O)(O)(O)(O1)(O2)O3.O[PH](O)(O)O.[H]N(C1=CC(CN2CCCC2)=C(O)C(CN2CCCC2)=C1)C1=C2N=C(OC)C=CC2=NC2=C1C=CC(Cl)=C2.[H]O
qs_21_apiose_isomer_cid73652135,,,qs_21_apiose_isomer_cid73652135.png,low,low,1.360362893967853e-13,invalid,,,,,,invalid,invalid,,False,False,False,False,,False,,,,,,,CC[CH]1(C)C(C)C[CH]1(CC(O)CC(=O)O[CH]1234OC(OC5C(O)C(OCC(O)C(O)C(O)C(O)[CH]67(O)OC6[CH]7(O)CO)C5O)[CH]15(O)[CH]2(O)[CH]53O4)C12CC(C(=O)O)C1(O)O[CH]21OC1C12=O3[CH]45678O[CH]39%10%11%12C4[CH]34(O)(CC(O)C(C)OCC%13OC(CO)C(O)C%13O)(O=C(C593)C16%104)(O7%11)C28%12
quinacrine_dihydrochloride_cid6239,,,quinacrine_dihydrochloride_cid6239.png,high,high,0.8885031455572489,exact,Quinacrine Dihydrochloride,Quinacrine Dihydrochloride,1.0,30,30,exact,exact,Quinacrine Dihydrochloride,False,False,False,False,1.0,True,True,0,3,,Cl,,CCN(CC)CCCC(C)Nc1c2ccc(Cl)cc2nc2ccc(OC)cc12.[H]Cl.[H]Cl
quinagolide_cid3086401,,,quinagolide_cid3086401.png,low,low,0.8429067453484143,wrong,,Quinagolide,0.981,27,27,exact,exact,Quinagolide,False,True,False,False,1.0,False,False,4,3,[HH].[HH],,,[HH].[HH].[H][C@@]12Cc3c(O)cccc3C[C@@]1([H])N(CCC)C[C@@H](NS(=O)(=O)N(CC)CC)C2
radezolid_cid11224409,,,radezolid_cid11224409.png,high,high,0.8873729728916245,exact,Radezolid,Radezolid,1.0,32,32,exact,exact,Radezolid,False,False,False,False,1.0,True,True,0,1,,,,[H]N(Cc1ccc(-c2ccc(N3C[C@H](CNC(C)=O)OC3=O)cc2F)cc1)Cc1cn[nH]n1
raltitrexed_cid135400182,,,raltitrexed_cid135400182.png,high,high,0.8850226108533988,exact,Raltitrexed,Raltitrexed,1.0,32,32,exact,exact,Raltitrexed,False,False,False,False,1.0,True,True,0,1,,,,Cc1nc2ccc(CN(C)c3ccc(C(=O)N[C@@H](CCC(=O)O)C(=O)O)s3)cc2c(=O)[nH]1
ramelteon_cid208902,,,ramelteon_cid208902.png,low,low,0.7828499646246418,wrong,,Ramelteon,0.957,22,19,exact,exact,Ramelteon,False,True,False,False,1.0,False,False,8,5,I.I.I.[HH],,,CCC(=O)NCC[C@@H]1CCc2ccc3c(c21)CCO3.I.I.I.[HH]
ramosetron_cid108000,,,ramosetron_cid108000.png,low,low,0.6019329451755381,invalid,,,,,,invalid,invalid,,False,False,False,False,,False,,,,,,,CN1C=C(C(=O)C2CC=C3=C(C2)NC=N3)C2=CC=CC=C21.[HH].[H]
rasagiline_cid3052776,,,rasagiline_cid3052776.png,low,low,0.5113361201583754,wrong,,Rasagiline,0.968,13,13,exact,exact,Rasagiline,False,True,False,False,1.0,False,False,2,2,[HH],,,C#CCN[C@@H]1CCc2ccccc21.[HH]
ravtansine_cid11686439,,,ravtansine_cid11686439.png,low,low,0.4391675787466078,invalid,,,,,,invalid,invalid,,False,False,False,False,,False,,,,,,,[H]OC12CC([H])(OC(=O)N1)[CH](C)(C)C1([H])OC1(C)C(OC(=O)C(C)N(C)C(=O)CCC(C)(C)S)CC(=O)N(C)C1=CC(C=C(OC)C=1Cl)CC(C)=C([H])C([H])=C([H])C2OC
relebactam_cid44129647,,,relebactam_cid44129647.png,low,low,0.6188787006694787,wrong,,Relebactam,0.957,23,23,stereo,stereo,Relebactam,False,True,False,False,1.0,False,False,3,3,[HH].[H],,,[HH].[H].[H][C@]12CC[C@@H](C(=O)NC3CCNCC3)N(C1)C(=O)N2OS(=O)(=O)O |^1:1|
remimazolam_cid9867812,,,remimazolam_cid9867812.png,low,low,0.3138849923253144,wrong,,Remimazolam,0.983,30,28,near,exact,,False,False,False,True,0.983,False,False,8,2,,,CC,CC.COC(=O)CC[C@@H]1N=C(c2ccccn2)c2cc(Br)ccc2-n2c(C)cnc21
retapamulin_cid6918462,,,retapamulin_cid6918462.png,low,low,0.04115311793616452,invalid,,,,,,invalid,invalid,,False,False,False,False,,False,,,,,,,I.[HH].[H]C12CCC([H])(CC(SCC(=O)O[CH]34C5(C)C6([H])C(=O)CCC67CCC5368(C)C[CH]3(O)C59(C)(C=C)CC36(C=C)(C458)[CH]9(O)C7C)C1)N2C
rifamycin_cid6324616,,,rifamycin_cid6324616.png,low,low,0.7116369460479086,wrong,,Rifamycin,1.0,50,50,stereo,stereo,Rifamycin,False,True,False,False,1.0,False,False,7,8,[H].[H].[H].[H].[H].[H].[H],,,"[H].[H].[H].[H].[H].[H].[H].[H]C1=C(\C)C(=O)Nc2cc(O)c3c4c(c(C)c(O)c3c2O)O[C@](C)(O/C([H])=C(\[H])[C@H](OC)[C@@H](C)[C@@H](OC(C)=O)[C@H](C)[C@H](O)[C@H](C)[C@@H](O)[C@@H](C)/C([H])=C/1[H])C4=O |^1:0,1,2,3,4,5,6|"
riluzole_cid5070,,,riluzole_cid5070.png,high,high,0.8450748013179372,wrong,,Riluzole,0.969,15,15,exact,exact,Riluzole,False,True,False,False,1.0,False,False,2,3,[H].[H],,,"[H].[H].[H]Nc1nc2ccc(OC(F)(F)F)cc2s1 |^1:0,1|"
rimantadine_hydrochloride_cid15165,,,rimantadine_hydrochloride_cid15165.png,low,low,0.7259057865321012,wrong,,Rimantadine Hydrochloride,0.95,14,14,exact,exact,Rimantadine Hydrochloride,False,True,False,False,1.0,False,False,2,3,[HH],,,CC(N)C12CC3CC(CC(C3)C1)C2.[HH].[H]Cl
riociguat_cid11304743,,,riociguat_cid11304743.png,low,low,0.8356617042478165,wrong,,Riociguat,0.983,31,31,exact,exact,Riociguat,False,True,False,False,1.0,False,False,4,5,[H].[H].[H].[H],,,"COC(=O)N(C)c1c(N)nc(-c2nn(Cc3ccccc3F)c3ncccc23)nc1N.[H].[H].[H].[H] |^1:31,32,33,34|"
ripasudil_cid9863672,,,ripasudil_cid9863672.png,high,high,0.8605101790721029,wrong,,Ripasudil,0.96,23,22,exact,exact,Ripasudil,False,True,False,False,1.0,False,False,3,3,I.[H],,,C[C@H]1CNCCCN1S(=O)(=O)c1cccc2cncc(F)c12.I.[H] |^1:23|
robenacoxib_cid6433107,,,robenacoxib_cid6433107.png,low,low,0.823066632195838,exact,Robenacoxib,Robenacoxib,1.0,23,23,exact,exact,Robenacoxib,False,False,False,False,1.0,True,True,0,1,,,,CCc1ccc(Nc2c(F)c(F)cc(F)c2F)c(CC(=O)O)c1
rocuronium_bromide_cid441351,,,rocuronium_bromide_cid441351.png,low,low,0.2637241688334699,invalid,,,,,,invalid,invalid,,False,False,False,False,,False,,,,,,,[Br-].[H]C12CCC3([H])C4([H])CC(F)(N5(CC=C)CCCC5)C(OC(C)=O)C4(C)CCC3([H])C1(C)CC(N1CCOCC1)C(O)C2
roflumilast_cid449193,,,roflumilast_cid449193.png,low,low,0.2859616397902369,wrong,,Roflumilast,0.962,28,26,near,exact,,False,False,False,True,0.962,False,False,5,2,,,CCl,CCl.[H]N(C(=O)c1ccc(OC(F)F)c(OCC2CC2)c1)c1c(Cl)cncc1Cl
rokitamycin_cid5282211,,,rokitamycin_cid5282211.png,low,low,0.7232150747307737,wrong,,Rokitamycin,0.889,59,58,near,near,,False,False,False,False,0.889,False,False,1,1,,,,[H]/C1=C\C([H])=C(/[H])C[C@@H](C)OC(=O)C[C@@H](O)[C@H](OC)[C@@H](O[C@@H]2O[C@H](C)[C@@H](O[C@H]3C[C@@](C)(OC(=O)CC)[C@@H](OC(=O)CCC)[C@H](C)O3)[C@H](N(C)C)[C@H]2O)[C@@H](CC(=O)O)C[C@@H](C)[C@H]1O
rolapitant_hydrochloride_cid16203739,,,rolapitant_hydrochloride_cid16203739.png,low,low,0.7585768695990902,wrong,,Rolapitant Hydrochloride,0.933,36,37,salt,salt,Rolapitant Hydrochloride,False,True,False,False,0.982,False,False,7,6,[HH].[HH].[H].[H][H],,,C[C@@H](OC[C@@]1(c2ccccc2)CC[C@]2(CCC(=O)N2)CN1)c1cc(C(F)(F)F)cc(C(F)(F)F)c1.O.[HH].[HH].[H].[H][H] |^1:38|
rosiglitazone_cid77999,,,rosiglitazone_cid77999.png,low,low,0.8264879854650637,wrong,,Rosiglitazone,0.941,26,25,salt,exact,Rosiglitazone,False,True,False,True,0.98,False,False,6,5,[HH].[H].[H],,Cl,"CN(CCOc1ccc(CC2SC(=O)NC2=O)cc1)c1ccccn1.Cl.[HH].[H].[H] |^1:27,28|"
rucaparib_cid9931954,,,rucaparib_cid9931954.png,low,low,0.8389869023717672,wrong,,Rucaparib,0.979,24,24,exact,exact,Rucaparib,False,True,False,False,1.0,False,False,4,3,[HH].[HH],,,CNCc1ccc(-c2[nH]c3cc(F)cc4c3c2CCNC4=O)cc1.[HH].[HH]
rufinamide_cid129228,,,rufinamide_cid129228.png,low,low,0.6019694294236005,wrong,,Rufinamide,0.971,17,17,exact,exact,Rufinamide,False,True,False,False,1.0,False,False,4,3,[HH].[HH],,,NC(=O)c1cn(Cc2c(F)cccc2F)nn1.[HH].[HH]
samuraciclib_cid91844733,,,samuraciclib_cid91844733.png,high,high,0.859224819321468,wrong,,Samuraciclib,0.984,29,29,exact,exact,Samuraciclib,False,True,False,False,1.0,False,False,12,7,[HH].[HH].[HH].[HH].[HH].[HH],,,CC(C)c1cnn2c(NCc3ccccc3)cc(NC[C@H]3CCNC[C@@H]3O)nc12.[HH].[HH].[HH].[HH].[HH].[HH]
sapropterin_cid135398654,,,sapropterin_cid135398654.png,low,low,0.7958576257017359,wrong,,Sapropterin,0.974,17,17,exact,exact,Sapropterin,False,True,False,False,1.0,False,False,7,8,[H].[H].[H].[H].[H].[H].[H],,,"[H].[H].[H].[H].[H].[H].[H].[H][C@]1([C@@H](O)[C@H](C)O)CNc2nc(N)[nH]c(=O)c2N1 |^1:0,1,2,3,4,5,6|"
saruparib_cid155586901,,,saruparib_cid155586901.png,high,high,0.913210261009861,exact,Saruparib,Saruparib,1.0,30,30,exact,exact,Saruparib,False,False,False,False,1.0,True,True,0,1,,,,CCc1cc2ncc(CN3CCN(c4ccc(C(=O)NC)nc4)CC3)cc2[nH]c1=O
saxagliptin_hydrochloride_cid49800073,,,saxagliptin_hydrochloride_cid49800073.png,low,low,0.7547918198425787,wrong,,Saxagliptin Hydrochloride,0.978,24,24,stereo,stereo,Saxagliptin Hydrochloride,False,True,False,False,1.0,False,False,6,5,[HH].[HH].[HH],,,[HH].[HH].[HH].[HH]Cl.[H]C12CC(C#N)N(C(=O)C(N)C34CC5CC(CC(O)(C5)C3)C4)C1([H])C2
selatogrel_cid59534142,,,selatogrel_cid59534142.png,low,low,0.802254992052952,wrong,,Selatogrel,0.815,43,43,wrong,wrong,,False,False,False,False,0.815,False,False,7,6,[H].[H].[H].[H].[H],,,"CCCCOC(=O)N1CCN(C(=O)[C@H](C[PH](O)(O)O)NC(=O)c2cc(N3CC[C@H](OC)C3)nc(-c3ccccc3)n2)CC1.[H].[H].[H].[H].[H] |^1:43,44,45,46,47|"
selenium_sulfide_ses_cid24011,,,selenium_sulfide_ses_cid24011.png,low,low,0.5543804899064128,wrong,,Selenium sulfide (SeS),0.143,5,2,wrong,wrong,,False,False,False,False,0.143,False,False,5,3,II,,,II.[I-].[Se]=[Se]
selexipag_cid9913767,,,selexipag_cid9913767.png,high,high,0.9128324335184717,exact,Selexipag,Selexipag,1.0,35,35,exact,exact,Selexipag,False,False,False,False,1.0,True,True,0,1,,,,CC(C)N(CCCCOCC(=O)NS(C)(=O)=O)c1cnc(-c2ccccc2)c(-c2ccccc2)n1
semaxanib_cid5329098,,,semaxanib_cid5329098.png,low,low,0.6471898273387046,wrong,,Semaxanib,0.946,19,18,exact,exact,Semaxanib,False,True,False,False,1.0,False,False,4,3,I.[HH],,,I.[HH].[H]/C(=C1/C(=O)Nc2ccccc21)c1c(C)cc(C)n1[H]
senna_cid73111,,,senna_cid73111.png,low,low,0.7593508996615975,wrong,,Senna,1.0,62,62,stereo,stereo,Senna,False,True,False,False,1.0,False,False,7,8,[H].[H].[H].[H].[H].[H].[H],,,"[H].[H].[H].[H].[H].[H].[H].[H]C1([C@@]2([H])c3cc(C(=O)O)cc(O)c3C(=O)c3c(O[C@@H]4O[C@H](CO)[C@@H](O)[C@H](O)[C@H]4O)cccc32)c2cc(C(=O)O)cc(O)c2C(=O)c2c(O[C@@H]3O[C@H](CO)[C@@H](O)[C@H](O)[C@H]3O)cccc21 |^1:0,1,2,3,4,5,6|"
sertindole_cid60149,,,sertindole_cid60149.png,high,high,0.8528972713363012,wrong,,Sertindole,0.965,32,31,exact,exact,Sertindole,False,True,False,False,1.0,False,False,3,3,I.[H],,,I.O=C1NCCN1CCN1CCC(c2cn(-c3ccc(F)cc3)c3ccc(Cl)cc23)CC1.[H] |^1:32|
sevoflurane_cid5206,,,sevoflurane_cid5206.png,low,low,0.7937910687931214,wrong,,Sevoflurane,0.938,13,12,exact,exact,Sevoflurane,False,True,False,False,1.0,False,False,2,2,I,,,FCOC(C(F)(F)F)C(F)(F)F.I
shr0302_cid71622431,,,shr0302_cid71622431.png,low,low,0.7660837829348676,wrong,,Shr0302,0.968,29,29,stereo,stereo,Shr0302,False,True,False,False,1.0,False,False,3,3,[HH].[H],,,[HH].[H].[H][C@@]12CC(N(C)c3ncnc4[nH]ccc34)C[C@@]1([H])CN(C(=O)Nc1nc(OC)ns1)C2 |^1:1|
silodosin_cid5312125,,,silodosin_cid5312125.png,high,high,0.8609338959414997,wrong,,Silodosin,0.971,35,35,exact,exact,Silodosin,False,True,False,False,1.0,False,False,7,5,[HH].[HH].[HH].[H],,,C[C@H](Cc1cc2c(c(C(N)=O)c1)N(CCCO)CC2)NCCOc1ccccc1OCC(F)(F)F.[HH].[HH].[HH].[H] |^1:38|
silperisone_cid178568,,,silperisone_cid178568.png,low,low,0.01743098336316226,invalid,,,,,,invalid,invalid,,False,False,False,False,,False,,,,,,,C.C.C.C[Si]1(C)(C)CN234(CC5C6C57C25C3C6754)C1
sitafloxacin_cid461399,,,sitafloxacin_cid461399.png,high,high,0.8474653571080262,wrong,,Sitafloxacin,0.983,28,28,exact,exact,Sitafloxacin,False,True,False,False,1.0,False,False,8,5,[HH].[HH].[HH].[HH],,,N[C@@H]1CN(c2c(F)cc3c(=O)c(C(=O)O)cn([C@@H]4C[C@@H]4F)c3c2Cl)CC12CC2.[HH].[HH].[HH].[HH]
sodium_deoxycholate_cid23668196,,,sodium_deoxycholate_cid23668196.png,low,low,0.3563119557810665,wrong,,Sodium Deoxycholate,0.493,30,29,wrong,wrong,,False,False,False,False,0.493,False,False,8,4,[HH].[HH].[H],,,"[HH].[HH].[H].[H][C@@]12CC[C@]3(C)[C@]([H])(C[C@H](O)[C@@]4(C)[C@@]3([H])CC[C@@]4([H])[C@H](C)CCC(=O)[O][Na+])[C@@]1(C)CC[C@@H](O)C2 |^1:2,29|"
sodium_nitrite_cid23668193,,,sodium_nitrite_cid23668193.png,low,low,0.4823164871884639,wrong,,Sodium Nitrite,0.0,7,4,wrong,wrong,,False,False,False,False,0.0,False,False,11,7,,[I-].[I-].[I-].[I-].[I-].[I-],,[I-].[I-].[I-].[I-].[I-].[I-].[I-]
sodium_oxybate_cid23663870,,,sodium_oxybate_cid23663870.png,low,low,0.6081378427384926,wrong,,Sodium Oxybate,0.241,15,8,wrong,wrong,,False,False,False,False,0.241,False,False,13,8,I.I.I.I.I.I.I,,,"I.I.I.I.I.I.I.O=C(CCC[O-])[O-][Na+] |14,C:13.6|"
sodium_phenylacetate_cid23690424,,,sodium_phenylacetate_cid23690424.png,low,low,0.58975986301354,wrong,,Sodium Phenylacetate,0.467,17,11,wrong,wrong,,False,False,False,False,0.467,False,False,8,5,I.I.II.II,,,I.I.II.II.O=C(Cc1ccccc1)[O][Na+] |16|
sodium_selenite_cid24934,,,sodium_selenite_cid24934.png,low,low,0.5860619292364705,wrong,,Sodium Selenite,0.125,7,6,wrong,wrong,,False,False,False,False,0.125,False,False,13,7,I.I.I.I,[Na+].[Na+],,I.I.I.I.[Na+].[Na+].[Na+]
sodium_thiosulfate_cid24477,,,sodium_thiosulfate_cid24477.png,low,low,0.7670929229305194,wrong,,Sodium Thiosulfate,0.5,9,7,wrong,wrong,,False,False,False,False,0.5,False,False,4,4,I.I,,,I.I.O=S([O-])(=S)[O][Na+].[Na+] |7|
solifenacin_succinate_cid216457,,,solifenacin_succinate_cid216457.png,low,low,0.7314736305263436,wrong,,Solifenacin Succinate,0.98,35,35,exact,exact,Solifenacin Succinate,False,True,False,False,1.0,False,False,2,4,[H].[H],,,"O=C(O)CCC(=O)O.O=C(O[C@H]1CN2CCC1CC2)N1CCc2ccccc2[C@@H]1c1ccccc1.[H].[H] |^1:35,36|"
solithromycin_cid25242512,,,solithromycin_cid25242512.png,low,low,0.002825634048986008,invalid,,,,,,invalid,invalid,,False,False,False,False,,False,,,,,,,[H]C123456[H]C789[CH]1%10C1[CH]%11(C)CC(OC)(C(OC%12OC(C)CC(N(C)C)C%12O)C(C)C(OC)C(C)(F)C(=O)O[CH]%12%13%14C(C)[CH]%15(C%122(C)OC(=O)N3CCCCN2C=C(C3=CC(N)=CC=C3)N=N2)C7%134(C)C%158%145OC)[CH]196C%11%10=O
sonrotoclax_cid149553242,,,sonrotoclax_cid149553242.png,low,low,0.001029619084582984,invalid,,,,,,invalid,invalid,,False,False,False,False,,False,,,,,,,CC(C)C1=CC=CC=C1C1CCCN1C1CC2(C34C56CCN78CC5(C7)C8CC357C6C45N73CC4CC4N45(C6=CC=CC=C6C(C)C)CCC4C35)(CCN(C)(C3=CC(OC4=CN=C5NC=CC5=C4)=C(C(=O)NC4=CC([N+](=O)[O-])=C(NCC5CCC(C)(O)CC5)C=C4)C=C3)CC2)C1
sotagliflozin_cid24831714,,,sotagliflozin_cid24831714.png,high,high,0.8519231544532078,wrong,,Sotagliflozin,0.961,30,28,exact,exact,Sotagliflozin,False,True,False,False,1.0,False,False,8,5,I.I.[HH].[HH],,,CCOc1ccc(Cc2cc([C@@H]3O[C@H](SC)[C@@H](O)[C@H](O)[C@H]3O)ccc2Cl)cc1.I.I.[HH].[HH]
spinosyn_a_cid443059,,,spinosyn_a_cid443059.png,low,low,0.2077327495663086,stereo,Spinosyn A,Spinosyn A,1.0,52,52,stereo,stereo,Spinosyn A,False,False,False,False,1.0,True,True,0,1,,,,[H][C@@]12C=C3C(=O)[C@H](C)[C@@H](O[C@H]4CC[C@H](N(C)C)[C@@H](C)O4)CCC[C@H](CC)OC(=O)C[C@@]3([H])[C@]1([H])C=C[C@@]1([H])C[C@@H](O[C@@H]3O[C@@H](C)[C@H](OC)[C@@H](OC)[C@H]3OC)C[C@]21[H]
stiripentol_cid5311454,,,stiripentol_cid5311454.png,low,low,0.7825028402471581,wrong,,Stiripentol,0.943,18,17,exact,exact,Stiripentol,False,True,False,False,1.0,False,False,4,3,I.[HH],,,I.[HH].[H]/C(=C(/[H])C(O)C(C)(C)C)c1ccc2c(c1)OCO2
sulbactam_cid130313,,,sulbactam_cid130313.png,low,low,0.7692789054939853,wrong,,Sulbactam,0.967,18,15,exact,exact,Sulbactam,False,True,False,False,1.0,False,False,6,4,I.I.I,,,I.I.I.[H]OC(=O)[C@@H]1N2C(=O)C[C@@]2([H])S(=O)(=O)C1(C)C
sulpiride_cid5355,,,sulpiride_cid5355.png,low,low,0.7878962183389616,wrong,,Sulpiride,0.98,23,23,exact,exact,Sulpiride,False,True,False,False,1.0,False,False,8,5,[HH].[HH].[HH].[HH],,,CCN1CCCC1CNC(=O)c1cc(S(N)(=O)=O)ccc1OC.[HH].[HH].[HH].[HH]
tafamidis_cid11001318,,,tafamidis_cid11001318.png,low,low,0.6904406821922525,exact,Tafamidis,Tafamidis,1.0,20,20,exact,exact,Tafamidis,False,False,False,False,1.0,True,True,0,1,,,,O=C(O)c1ccc2nc(-c3cc(Cl)cc(Cl)c3)oc2c1
tafluprost_cid9868491,,,tafluprost_cid9868491.png,low,low,0.82022498653786,wrong,,Tafluprost,0.984,32,32,exact,exact,Tafluprost,False,True,False,False,1.0,False,False,4,3,[HH].[HH],,,[HH].[HH].[H]/C(CCCC(=O)OC(C)C)=C(\[H])C[C@@H]1[C@@H](/C([H])=C(\[H])C(F)(F)COc2ccccc2)[C@H](O)C[C@@H]1O
talabostat_cid6918572,,,talabostat_cid6918572.png,low,low,0.4158993362705765,wrong,,Talabostat,0.0,0,15,wrong,wrong,,False,False,False,False,0.0,False,False,22,13,,,,[HH].[HH].[HH].[HH].[HH].[HH].[HH].[HH].[HH].[HH].[HH].[HH].[HH]
tasimelteon_cid10220503,,,tasimelteon_cid10220503.png,low,low,0.8417615614828432,wrong,,Tasimelteon,0.953,19,18,salt,exact,Tasimelteon,False,True,False,True,0.976,False,False,4,3,[HH],,Cl,Cl.[HH].[H][C@@]1(c2cccc3c2CCO3)C[C@H]1CNC(=O)CC
tedizolid_cid11234049,,,tedizolid_cid11234049.png,low,low,0.834974162878966,wrong,,Tedizolid,0.983,29,27,exact,exact,Tedizolid,False,True,False,False,1.0,False,False,4,3,I.I,,,Cn1nnc(-c2ccc(-c3ccc(N4C[C@H](CO)OC4=O)cc3F)cn2)n1.I.I
tegoprazan_cid23582846,,,tegoprazan_cid23582846.png,low,low,0.8377804446705325,wrong,,Tegoprazan,0.967,28,28,exact,exact,Tegoprazan,False,True,False,False,1.0,False,False,3,3,[HH].[H],,,Cc1nc2c(O[C@H]3CCOc4cc(F)cc(F)c43)cc(C(=O)N(C)C)cc2[nH]1.[HH].[H] |^1:29|
teicoplanin_a2_2_cid16198036,,,teicoplanin_a2_2_cid16198036.png,low,low,0.0001353111453863144,invalid,,,,,,invalid,invalid,,False,False,False,False,,False,,,,,,,*C(C)(=O)[CH][CH]O[CH]CNC(O)C1C23=C145=C2(C(OC1C=C(O)C(CO)C(O)C(O)C1O)=CC(O)=C4)C=53=C(O)C[CH]NCCCNC(CNC1C2N1C[CH]2(CCC(N)=C1C(O)[CH]12O[CH]2(O)C(C)C(NC(=O)CCCCCCC(C)C)C1O[CH]O1[CH]CO)NC([H])([H])=O)C1=CC(O)=CC=C1 |$Me;;;;;;;;;;;;;;;;;;;;;;;;;;;;;;;;;;;;;;;;;;;;;;;;;;;;;;;;;;;;;;;;;;;;;;;;;;;;;;;;;;;;;;;;;;;;;;;;;$|
temsavir_cid11317439,,,temsavir_cid11317439.png,high,high,0.8789460910429686,exact,Temsavir,Temsavir,1.0,35,35,exact,exact,Temsavir,False,False,False,False,1.0,True,True,0,1,,,,COc1cnc(-n2cnc(C)n2)c2[nH]cc(C(=O)C(=O)N3CCN(C(=O)c4ccccc4)CC3)c12
tenapanor_cid71587953,,,tenapanor_cid71587953.png,low,low,1.777013434208834e-134,invalid,,,,,,invalid,invalid,,False,False,False,False,,False,,,,,,,CC1CC1C1C2C13C21C32C13C21C32C13C21C32C13C21C32C13C14C56C78C9%10C%11%12C%13%14C%15%16C%17%18C%19%20C%21(C%19%22C%21%19C%22%21C%19%22C%21%19C%22%21C%19%22C%21%19C%22%21C%19%22C%21%19C%22%21C%22%23C%24%25C%26%27C%28%29C%30%31C%32%33C%34%35C%36%37C%38%39C(CCCCCCCCCCCCCCCCCCCCCCCCCCCCCCCCCCCCCCCCCCCCCCCCCCCCCCC%40C%41C%40%42C%41%40C%42%41C%40%42C%41%40C%42%41C%40%42C%41%40C%42%41C%40%42C%41%40C%42%41C%40%42C%41%40C%42%41C%40%42C%40%43C%44%45C%46%47C%48%49C%50%51C%52%53C%54%55C%56%57C%58CC%58%56C%57%54C%55%52C%53%50C%51%48C%49%46C%47%44C%45%40C%41%43%42)C%38C%39%36C%37%34C%35%32C%33%30C%31%28C%29%26C%27%24%22C%19%21%25%23)C%20%17C%18%15C%16%13C%14%11C%129C%107C815C2346
teneligliptin_cid11949652,,,teneligliptin_cid11949652.png,high,high,0.8774565435273534,wrong,,Teneligliptin,0.983,30,30,exact,exact,Teneligliptin,False,True,False,False,1.0,False,False,2,2,[HH],,,Cc1cc(N2CCN([C@@H]3CN[C@H](C(=O)N4CCSC4)C3)CC2)n(-c2ccccc2)n1.[HH]
tenofovir_cid464205,,,tenofovir_cid464205.png,low,low,0.5855254309076244,wrong,,Tenofovir,0.977,19,19,exact,exact,Tenofovir,False,True,False,False,1.0,False,False,6,4,[HH].[HH].[HH],,,C[C@H](Cn1cnc2c(N)ncnc21)OCP(=O)(O)O.[HH].[HH].[HH]
tesetaxel_cid6918574,,,tesetaxel_cid6918574.png,low,low,0.2178894705267787,wrong,,Tesetaxel,0.838,62,63,wrong,wrong,,False,False,False,False,0.838,False,False,3,1,,,,[H]N(C(=O)OC(C)(C)C)[C@@H](c1ncccc1F)[C@@H](O)C(=O)O[C@H]1C[C@@]2(O)[C@@H](OC(=O)c3ccccc3)[C@]3([H])[C@@](C)(CC[C@@]4([H])OC[C@@]34OC(C)=O)[C@]3([H])O[C@H](CN(C)C)O[C@@]3([H])C(=C1C)C2([H])C
testosterone_enanthate_cid9416,,,testosterone_enanthate_cid9416.png,low,low,0.04189419693349661,invalid,,,,,,invalid,invalid,,False,False,False,False,,False,,,,,,,[H]C1CCC2(C)C(OC(=O)CCCCCC)C3CC2456([H])C2C[CH]3(OC(=O)CCCCCC)C43(C)CCC4([H])C7(C)CCC(=O)C=C7CCC145([H])C236[H]
testosterone_propionate_cid5995,,,testosterone_propionate_cid5995.png,low,low,0.2041056777070112,wrong,,Testosterone Propionate,0.98,27,25,near,exact,,False,False,False,True,0.98,False,False,8,2,,,CC,CC.[H][C@@]12CCC3=CC(=O)CC[C@]3(C)[C@@]1([H])CC[C@]1(C)[C@@H](OC(=O)CC)CC[C@@]21[H]
testosterone_undecanoate_cid65157,,,testosterone_undecanoate_cid65157.png,low,low,0.7228911024337348,wrong,,"Testosterone, undecanoate",0.982,34,33,near,stereo,,False,False,False,True,0.982,False,False,3,2,,,[CH2+],[CH2+].[H][C@]12CCC3=CC(=O)CC[C@]3(C)[C@@]1([H])CC[C@]1(C)[C@H](OC(=O)CCCCCCCCCC)CC[C@@]21[H] |^1:0|
thiamphenicol_cid27200,,,thiamphenicol_cid27200.png,low,low,0.8232316104031249,wrong,,Thiamphenicol,0.947,22,21,exact,exact,Thiamphenicol,False,True,False,False,1.0,False,False,6,6,I.[H].[H].[H].[H],,,"CS(=O)(=O)c1ccc([C@@H](O)[C@@H](CO)NC(=O)C(Cl)Cl)cc1.I.[H].[H].[H].[H] |^1:22,23,24,25|"
thimerosal_cid16684434,,,thimerosal_cid16684434.png,low,low,0.6934038976212192,wrong,,Thimerosal,0.658,16,14,wrong,wrong,,False,False,False,False,0.658,False,False,4,3,I.I,,,C[CH2][Hg][S]c1ccccc1C(=O)[O][Na+].I.I |13|
thiopental_cid3000715,,,thiopental_cid3000715.png,low,low,0.8168961119649828,wrong,,Thiopental,0.931,18,16,exact,exact,Thiopental,False,True,False,False,1.0,False,False,8,5,I.I.[HH].[HH],,,CCCC(C)C1(CC)C(=O)NC(=S)NC1=O.I.I.[HH].[HH]
thiotepa_cid5453,,,thiotepa_cid5453.png,low,low,0.7946814825048023,wrong,,Thiotepa,0.917,13,11,exact,exact,Thiotepa,False,True,False,False,1.0,False,False,4,3,I.I,,,I.I.S=P(N1CC1)(N1CC1)N1CC1
tildipirosin_cid24860548,,,tildipirosin_cid24860548.png,low,low,0.5278182364916861,wrong,,Tildipirosin,0.988,52,52,stereo,stereo,Tildipirosin,False,True,False,False,1.0,False,False,6,4,[HH].[HH].[HH],,,[HH].[HH].[HH].[H]/C1=C([H])\C(C)=C(/[H])[C@H](CN2CCCCC2)[C@@H](CC)OC(=O)C[C@@H](O)[C@H](C)[C@@H](O[C@@H]2O[C@H](C)[C@@H](O)[C@H](N(C)C)[C@H]2O)[C@@H](CCN2CCCCC2)C[C@@H](C)C1=O
tilmicosin_cid5282521,,,tilmicosin_cid5282521.png,low,low,0.5585723962314842,wrong,,Tilmicosin,0.989,61,61,stereo,stereo,Tilmicosin,False,True,False,False,1.0,False,False,3,3,[HH].[H],,,[HH].[H].[H]/C1=C([H])\C(C)=C(/[H])[C@H](CO[C@@H]2O[C@H](C)[C@@H](O)[C@@H](OC)[C@H]2OC)[C@@H](CC)OC(=O)C[C@H](O)[C@H](C)[C@@H](O[C@@H]2O[C@H](C)[C@@H](O)[C@H](N(C)C)[C@H]2O)[C@@H](CCN2C[C@H](C)C[C@H](C)C2)C[C@@H](C)C1=O |^1:1|
tirofiban_hydrochloride_anhydrous_cid64781,,,tirofiban_hydrochloride_anhydrous_cid64781.png,high,high,0.8823357615620842,exact,Tirofiban hydrochloride anhydrous,Tirofiban hydrochloride anhydrous,1.0,31,31,exact,exact,Tirofiban hydrochloride anhydrous,False,False,False,False,1.0,True,True,0,2,,,,CCCCS(=O)(=O)N[C@@H](Cc1ccc(OCCCCC2CCNCC2)cc1)C(=O)O.[H]Cl
tofogliflozin_cid46908929,,,tofogliflozin_cid46908929.png,low,low,0.6681605414602326,wrong,,Tofogliflozin,0.977,28,28,exact,exact,Tofogliflozin,False,True,False,False,1.0,False,False,14,8,[HH].[HH].[HH].[HH].[HH].[HH].[HH],,,CCc1ccc(Cc2ccc3c(c2)[C@]2(OC3)O[C@H](CO)[C@@H](O)[C@H](O)[C@H]2O)cc1.[HH].[HH].[HH].[HH].[HH].[HH].[HH]
tolazoline_cid5504,,,tolazoline_cid5504.png,low,low,0.7450613791247719,wrong,,Tolazoline,0.862,17,12,exact,exact,Tolazoline,False,True,False,False,1.0,False,False,8,5,I.II.II.[HH],,,I.II.II.[HH].c1ccc(CC2=NCCN2)cc1
tolbutamide_cid5505,,,tolbutamide_cid5505.png,low,low,0.8071329765261567,wrong,,Tolbutamide,0.943,21,18,exact,exact,Tolbutamide,False,True,False,False,1.0,False,False,10,6,I.I.I.[HH].[HH],,,CCCCNC(=O)NS(=O)(=O)c1ccc(C)cc1.I.I.I.[HH].[HH]
tolperisone_cid5511,,,tolperisone_cid5511.png,low,low,0.7391407156963764,wrong,,Tolperisone,0.97,22,18,exact,exact,Tolperisone,False,True,False,False,1.0,False,False,8,5,I.I.I.I,,,Cc1ccc(C(=O)C(C)CN2CCCCC2)cc1.I.I.I.I
tolterodine_tartrate_cid443878,,,tolterodine_tartrate_cid443878.png,low,low,0.7964051011631952,wrong,,Tolterodine Tartrate,0.956,35,34,exact,exact,Tolterodine Tartrate,False,True,False,False,1.0,False,False,16,10,I.[HH].[HH].[HH].[HH].[HH].[HH].[HH],,,Cc1ccc(O)c([C@H](CCN(C(C)C)C(C)C)c2ccccc2)c1.I.O=C(O)[C@H](O)[C@@H](O)C(=O)O.[HH].[HH].[HH].[HH].[HH].[HH].[HH]
torasemide_cid41781,,,torasemide_cid41781.png,high,high,0.8763777839246656,wrong,,Torasemide,0.979,24,24,exact,exact,Torasemide,False,True,False,False,1.0,False,False,6,4,[HH].[HH].[HH],,,Cc1cccc(Nc2ccncc2S(=O)(=O)NC(=O)NC(C)C)c1.[HH].[HH].[HH]
tranylcypromine_cid5530,,,tranylcypromine_cid5530.png,low,low,0.715528399831203,wrong,,Tranylcypromine,0.818,15,10,exact,exact,Tranylcypromine,False,True,False,False,1.0,False,False,10,6,I.II.II.[HH].[HH],,,I.II.II.NC1CC1c1ccccc1.[HH].[HH]
trehalose_cid7427,,,trehalose_cid7427.png,low,low,0.8253144745008775,wrong,,Trehalose,0.955,23,23,exact,exact,Trehalose,False,True,False,False,1.0,False,False,9,8,[HH].[HH].[H].[H].[H].[H].[H],,,"[HH].[HH].[H].[H].[H].[H].[H].[H]O[C@H]1[C@@H](O[C@H]2O[C@H](CO)[C@@H](O)[C@H](O)[C@H]2O)O[C@H](CO)[C@@H](O[H])[C@@H]1O |^1:2,3,4,5,6|"
trelagliptin_cid15983988,,,trelagliptin_cid15983988.png,high,high,0.8486702354601555,wrong,,Trelagliptin,0.964,26,26,exact,exact,Trelagliptin,False,True,False,False,1.0,False,False,4,4,[HH].[H].[H],,,"Cn1c(=O)cc(N2CCC[C@@H](N)C2)n(Cc2cc(F)ccc2C#N)c1=O.[HH].[H].[H] |^1:27,28|"
trenbolone_cid25015,,,trenbolone_cid25015.png,low,low,0.4929507003181801,wrong,,Trenbolone,0.976,20,20,exact,exact,Trenbolone,False,True,False,False,1.0,False,False,2,2,[HH],,,[HH].[H][C@@]12CC[C@H](O)[C@@]1(C)C=CC1=C3CCC(=O)C=C3CC[C@]12[H]
trifarotene_cid11518241,,,trifarotene_cid11518241.png,high,high,0.8703307517339772,wrong,,Trifarotene,0.825,34,34,charge,charge,Trifarotene,False,True,False,False,0.839,False,False,1,3,[H].[H],,,"CC(C)(C)c1cc(-c2cc(-c3ccc(C(=O)[O-])cc3)ccc2OCCO)ccc1N1CCCC1.[H].[H] |^1:34,35|"
trifluridine_cid6256,,,trifluridine_cid6256.png,low,low,0.628157833415001,wrong,,Trifluridine,0.977,20,20,exact,exact,Trifluridine,False,True,False,False,1.0,False,False,4,3,[HH].[HH],,,O=c1[nH]c(=O)n([C@H]2C[C@H](O)[C@@H](CO)O2)cc1C(F)(F)F.[HH].[HH]
trilostane_cid656583,,,trilostane_cid656583.png,low,low,0.3782789584880459,stereo,Trilostane,Trilostane,1.0,24,24,stereo,stereo,Trilostane,False,False,False,False,1.0,True,True,0,1,,,,[H][C@@]12CC[C@@]34O[C@]3([H])C(O)=C(C#N)C[C@]4(C)[C@@]1([H])CC[C@]1(C)[C@@H](O)CC[C@]21[H]
trimebutine_maleate_cid5388977,,,trimebutine_maleate_cid5388977.png,high,high,0.875327473708384,exact,Trimebutine Maleate,Trimebutine Maleate,1.0,36,36,exact,exact,Trimebutine Maleate,False,False,False,False,1.0,True,True,0,2,,,,CCC(COC(=O)c1cc(OC)c(OC)c(OC)c1)(c1ccccc1)N(C)C.[H]/C(C(=O)O)=C(\[H])C(=O)O
trimedoxime_cid135539427,,,trimedoxime_cid135539427.png,low,low,0.8290415977874909,wrong,,Trimedoxime,0.621,21,21,skeleton,skeleton,,False,True,False,False,0.643,False,False,6,5,[HH].[HH].[HH].[HH],,,[HH].[HH].[HH].[HH].[H]/C(=N\[O-])c1cc[n+](CCC[n+]2ccc(/C([H])=N/[O-])cc2)cc1
triplatin_cid71587574,,,triplatin_cid71587574.png,low,low,0.1117980208691186,invalid,,,,,,invalid,invalid,,False,False,False,False,,False,,,,,,,NCCCCCC[NH3+].[H].[H].[H].[H].[H].[H].[H].[H].[H].[H].[H].[H].[H].[H].[H].[H].[H].[H].[H].[H].[H].[H].[H].[H].[H].[H].[H].[H]N1[H]N([H])([H])[H]1.[H][H].[NH3+]CCCCC[CH2][Pt].[Pt].[Pt].[Pt].[Pt].[Pt].[Pt].[Pt].[Pt].[Pt].[Pt].[Pt].[Pt].[Pt].[Pt].[Pt].[Pt].[Pt].[Pt].[Pt].[Pt].[Pt].[Pt].[Pt].[Pt].[Pt].[Pt].[Pt].[Pt].[Pt]
tris_hydroxymethyl_aminomethane_cid6503,,,tris_hydroxymethyl_aminomethane_cid6503.png,low,low,0.6291643568129287,wrong,,Tris(hydroxymethyl)aminomethane,0.909,14,8,exact,exact,Tris(hydroxymethyl)aminomethane,False,True,False,False,1.0,False,False,12,7,I.I.I.I.I.I,,,I.I.I.I.I.I.[H]NC(CO)(CO)CO[H]
tromantadine_cid64377,,,tromantadine_cid64377.png,low,low,0.7991048981070193,wrong,,Tromantadine,0.944,22,20,exact,exact,Tromantadine,False,True,False,False,1.0,False,False,6,4,I.I.[HH],,,CN(C)CCOCC(=O)NC12CC3CC(CC(C3)C1)C2.I.I.[HH]
trypan_blue_cid4407718,,,trypan_blue_cid4407718.png,low,low,0.8106576519812118,wrong,,Trypan blue,0.717,60,58,wrong,wrong,,False,False,False,False,0.717,False,False,17,7,,O.O.O.O.O,,O.O.O.O.O.O.[H]Nc1cc(SO)cc2cc(S(=O)(=O)[O-])c(/N=N/c3ccc(-c4ccc(/N=N/c5c(S(=O)(=O)O)cc6cc(SO)cc(N[H])c6c5O)c(C)c4)cc3C)c(O)c12
tulathromycin_cid9832301,,,tulathromycin_cid9832301.png,low,low,0.76434746880562,wrong,,Tulathromycin,1.0,56,56,exact,exact,Tulathromycin,False,True,False,False,1.0,False,False,6,7,[H].[H].[H].[H].[H].[H],,,"CCCNC[C@]1(O)[C@H](C)O[C@@H](O[C@H]2[C@H](C)[C@@H](O[C@@H]3O[C@H](C)C[C@H](N(C)C)[C@H]3O)[C@](C)(O)C[C@@H](C)CN[C@H](C)[C@@H](O)[C@](C)(O)[C@@H](CC)OC(=O)[C@@H]2C)C[C@@]1(C)OC.[H].[H].[H].[H].[H].[H] |^1:56,57,58,59,60,61|"
ulipristal_acetate_cid130904,,,ulipristal_acetate_cid130904.png,low,low,0.2922757620953884,invalid,,,,,,invalid,invalid,,False,False,False,False,,False,,,,,,,CC.Cl.[H]C12CCC3=CC(=O)CCC=3C1=C(C1=CC=C(N(C)C)C=C1)CC1(C)C(OC(C)=O)(C(C)=O)CCC21[H]
ulonivirine_cid73505111,,,ulonivirine_cid73505111.png,high,high,0.8901902737515388,exact,Ulonivirine,Ulonivirine,1.0,33,33,exact,exact,Ulonivirine,False,False,False,False,1.0,True,True,0,1,,,,N#Cc1cc(Cl)cc(Oc2c(C(F)(F)F)ncn(Cc3cc(C(F)(F)F)c(=O)[nH]n3)c2=O)c1
unithiol_cid2724039,,,unithiol_cid2724039.png,low,low,0.6312759829477491,wrong,,Unithiol,0.182,10,10,wrong,wrong,,False,False,False,False,0.182,False,False,2,1,,,,O=S(=O)(CC([SH2+])C[SH2+])[O][Na+] |9|
ursodeoxycholic_acid_cid31401,,,ursodeoxycholic_acid_cid31401.png,low,low,0.3289241543192497,wrong,,Ursodeoxycholic Acid,1.0,28,28,stereo,stereo,Ursodeoxycholic Acid,False,True,False,False,1.0,False,False,10,6,[HH].[HH].[HH].[HH].[HH],,,[HH].[HH].[HH].[HH].[HH].[H]C12CC(O)CCC1(C)C1([H])CCC3(C)C([HH])(C(C)CCC(=O)O)CCC3([H])C1([H])C(O)C2
valacyclovir_hydrochloride_cid135398741,,,valacyclovir_hydrochloride_cid135398741.png,low,low,0.8196815953550793,wrong,,Valacyclovir Hydrochloride,0.98,24,24,exact,exact,Valacyclovir Hydrochloride,False,True,False,False,1.0,False,False,6,8,[H].[H].[H].[H].[H].[H],,,"CC(C)[C@H](N)C(=O)OCCOCn1cnc2c(=O)[nH]c(N)nc21.[H].[H].[H].[H].[H].[H].[H]Cl |^1:23,24,25,26,27,28|"
vandetanib_cid3081361,,,vandetanib_cid3081361.png,high,high,0.8856269691310614,wrong,,Vandetanib,0.983,30,30,exact,exact,Vandetanib,False,True,False,False,1.0,False,False,1,2,[H],,,COc1cc2c(Nc3ccc(Br)cc3F)ncnc2cc1OCC1CCN(C)CC1.[H] |^1:30|
vardenafil_hydrochloride_cid135438569,,,vardenafil_hydrochloride_cid135438569.png,high,high,0.8962843759002308,wrong,,Vardenafil Hydrochloride,0.985,35,35,exact,exact,Vardenafil Hydrochloride,False,True,False,False,1.0,False,False,1,3,[H],,,CCCc1nc(C)c2c(=O)[nH]c(-c3cc(S(=O)(=O)N4CCN(CC)CC4)ccc3OCC)nn12.[H].[H]Cl |^1:34|
varenicline_tartrate_cid6918678,,,varenicline_tartrate_cid6918678.png,low,low,0.7305088725745377,wrong,,Varenicline Tartrate,0.686,16,26,salt,salt,Varenicline Tartrate,False,True,False,False,0.706,False,False,30,14,[HH].[HH].[HH].[HH].[HH].[HH].[HH].[HH].[HH].[HH].[HH].[HH].[HH],,,[HH].[HH].[HH].[HH].[HH].[HH].[HH].[HH].[HH].[HH].[HH].[HH].[HH].[H][C@@]12CNC[C@]([H])(C1)c1cc3nccnc3cc12
veliparib_cid11960529,,,veliparib_cid11960529.png,low,low,0.8400527125571785,wrong,,Veliparib,0.955,19,18,exact,exact,Veliparib,False,True,False,False,1.0,False,False,8,5,I.[HH].[HH].[HH],,,C[C@]1(c2nc3c(C(N)=O)cccc3[nH]2)CCCN1.I.[HH].[HH].[HH]
vilanterol_cid10184665,,,vilanterol_cid10184665.png,low,low,0.8132360615850951,stereo,Vilanterol,Vilanterol,1.0,32,32,stereo,stereo,Vilanterol,False,False,False,False,1.0,True,True,0,1,,,,[H]OCc1cc([C@H](O)CNCCCCCCOCCOCc2c(Cl)cccc2Cl)ccc1O
vildagliptin_cid6918537,,,vildagliptin_cid6918537.png,low,low,0.6250977689667022,wrong,,Vildagliptin,0.957,22,22,exact,exact,Vildagliptin,False,True,False,False,1.0,False,False,11,9,[HH].[HH].[HH].[H].[H].[H].[H].[H],,,"N#C[C@@H]1CCCN1C(=O)CNC12CC3CC(CC(O)(C3)C1)C2.[HH].[HH].[HH].[H].[H].[H].[H].[H] |^1:25,26,27,28,29|"
vismodegib_cid24776445,,,vismodegib_cid24776445.png,high,high,0.8897604660423452,wrong,,Vismodegib,0.96,28,27,exact,exact,Vismodegib,False,True,False,False,1.0,False,False,3,3,I.[H],,,CS(=O)(=O)c1ccc(C(=O)Nc2ccc(Cl)c(-c3ccccn3)c2)c(Cl)c1.I.[H] |^1:28|
vitamin_d3_cid5280795,,,vitamin_d3_cid5280795.png,low,low,0.8211764245413895,wrong,,Vitamin D3,0.981,28,28,stereo,stereo,Vitamin D3,False,True,False,False,1.0,False,False,2,2,[HH],,,[HH].[H]C(=C1\C[C@@H](O)CCC1=C)/C([H])=C1\CCC[C@]2(C)[C@]([H])([C@H](C)CCCC(C)C)CC[C@]12[H]
voclosporin_cid6918486,,,voclosporin_cid6918486.png,low,low,0.1190281058782043,invalid,,,,,,invalid,invalid,,False,False,False,False,,False,,,,,,,C=CC=CCC(C)C(O)C1NC(=O)C(C(C)C)N2C=O=C2C(C(C)C(C)C)N(C)C(=O)C(CC(C)C)N(C)C(=O)C(C)NC(=O)C(C)NC(=O)C(CC(C)C)N(C)C(=O)C(C(C)C)NC(=O)[CH]23C4C5678CC4(C5)(C6)(C7)C28N3C(=O)CN(C)C(=O)C(CC)NC1=O.CC(C)C.[HH]
vonoprazan_cid15981397,,,vonoprazan_cid15981397.png,low,low,0.7694056260458274,invalid,,,,,,invalid,invalid,,False,False,False,False,,False,,,,,,,CNCC1=CC(C2=CC=CC=C2F)=N(S(=O)(=O)C2=CN=CC=C2)C=1.[HH].[HH]
vorapaxar_sulfate_cid10077129,,,vorapaxar_sulfate_cid10077129.png,low,low,0.3335766386370801,wrong,,Vorapaxar Sulfate,0.987,41,41,stereo,stereo,Vorapaxar Sulfate,False,True,False,False,1.0,False,False,4,6,[H].[H].[H].[H],,,"O=S(=O)(O)O.[H].[H].[H].[H].[H]/C(=C(/[H])[C@@H]1[C@@]2([H])[C@@H](C)OC(=O)[C@@]2([H])C[C@@]2([H])C[C@H](NC(=O)OCC)CC[C@@]12[H])c1ccc(-c2cccc(F)c2)cn1 |^1:5,6,7,8|"
voriconazole_cid71616,,,voriconazole_cid71616.png,low,low,0.7873281757847493,wrong,,Voriconazole,0.98,27,25,exact,exact,Voriconazole,False,True,False,False,1.0,False,False,4,3,I.I,,,I.I.[H]O[C@@](Cn1cncn1)(c1ccc(F)cc1F)[C@@H](C)c1ncncc1F
vorinostat_cid5311,,,vorinostat_cid5311.png,low,low,0.788937388465015,wrong,,Vorinostat,0.931,22,19,exact,exact,Vorinostat,False,True,False,False,1.0,False,False,10,6,I.I.I.[HH].[HH],,,I.I.I.O=C(CCCCCCC(=O)Nc1ccccc1)NO.[HH].[HH]
vortioxetine_cid9966051,,,vortioxetine_cid9966051.png,low,low,0.7898963621607775,wrong,,Vortioxetine,0.553,21,21,wrong,wrong,,False,False,False,False,0.553,False,False,6,4,[HH].[HH].[HH],,,Cc1ccc([S+]c2ccccc2N2CCNCC2)c(C)c1.[HH].[HH].[HH] |^1:5|
voxelotor_cid71602803,,,voxelotor_cid71602803.png,high,high,0.8750439842274892,wrong,,Voxelotor,0.98,25,25,exact,exact,Voxelotor,False,True,False,False,1.0,False,False,1,2,[H],,,[H].[H]C(=O)c1c(O)cccc1OCc1cccnc1-c1ccnn1C(C)C |^1:0|
zanamivir_cid60855,,,zanamivir_cid60855.png,low,low,0.7645708511538407,wrong,,Zanamivir,0.978,23,23,exact,exact,Zanamivir,False,True,False,False,1.0,False,False,22,12,[HH].[HH].[HH].[HH].[HH].[HH].[HH].[HH].[HH].[HH].[HH],,,[HH].[HH].[HH].[HH].[HH].[HH].[HH].[HH].[HH].[HH].[HH].[H][C@@]1([C@H](O)[C@H](O)CO)OC(C(=O)O)=C[C@H](N=C(N)N)[C@H]1NC(C)=O
zanubrutinib_cid135565884,,,zanubrutinib_cid135565884.png,high,high,0.8603093394186377,wrong,,Zanubrutinib,0.984,35,35,exact,exact,Zanubrutinib,False,True,False,False,1.0,False,False,4,5,[H].[H].[H].[H],,,"[H].[H].[H].[H].[H][C@@]1(C2CCN(C(=O)C=C)CC2)CCNc2c(C(N)=O)c(-c3ccc(Oc4ccccc4)cc3)nn21 |^1:0,1,2,3|"
zavegepant_cid53472683,,,zavegepant_cid53472683.png,high,high,0.9099100623964673,exact,Zavegepant,Zavegepant,1.0,47,47,exact,exact,Zavegepant,False,False,False,False,1.0,True,True,0,1,,,,Cc1cc(C[C@@H](NC(=O)N2CCC(c3cc4ccccc4[nH]c3=O)CC2)C(=O)N2CCN(C3CCN(C)CC3)CC2)cc2cn[nH]c12
zidebactam_cid77846445,,,zidebactam_cid77846445.png,low,low,0.68752756939483,invalid,,,,,,invalid,invalid,,False,False,False,False,,False,,,,,,,[HH].[HH].[HH].[H].[H].[H]C12([CH]C(=O)NNC(=O)C3CCCNC3)CN(C1)C(=O)N2OS(=O)(=O)O
zifrosilone_cid60811,,,zifrosilone_cid60811.png,low,low,0.8401001126467696,exact,Zifrosilone,Zifrosilone,1.0,16,16,exact,exact,Zifrosilone,False,False,False,False,1.0,True,True,0,1,,,,C[Si](C)(C)c1cccc(C(=O)C(F)(F)F)c1
zileuton_cid60490,,,zileuton_cid60490.png,low,low,0.6518892339444375,wrong,,Zileuton,0.417,16,16,wrong,wrong,,False,False,False,False,0.417,False,False,7,4,[HH].[HH].[HH],,,CC(C1=Cc2ccccc2[SH-]1)N(O)C(N)=O.[HH].[HH].[HH]
ziprasidone_hydrochloride_cid219099,,,ziprasidone_hydrochloride_cid219099.png,low,low,0.8018731518754264,wrong,,Ziprasidone Hydrochloride,0.966,29,29,exact,exact,Ziprasidone Hydrochloride,False,True,False,False,1.0,False,False,3,4,[HH].[H],,,O=C1Cc2cc(CCN3CCN(c4nsc5ccccc45)CC3)c(Cl)cc2N1.[HH].[H].[H]Cl |^1:29|
zofenopril_cid92400,,,zofenopril_cid92400.png,high,high,0.8629029274464115,wrong,,Zofenopril,0.655,29,29,wrong,wrong,,False,False,False,False,0.655,False,False,3,2,[H],,,"C[C@H](CSC(=O)c1ccccc1)C(=O)N1C[C@@H]([SH2+]c2ccccc2)C[C@H]1C(=O)O.[H] |^1:17,29|"
zolmitriptan_cid60857,,,zolmitriptan_cid60857.png,low,low,0.6309230001385785,wrong,,Zolmitriptan,0.979,21,21,exact,exact,Zolmitriptan,False,True,False,False,1.0,False,False,6,4,[HH].[HH].[HH],,,CN(C)CCc1c[nH]c2ccc(C[C@H]3COC(=O)N3)cc12.[HH].[HH].[HH]
zotiraciclib_cid16739650,,,zotiraciclib_cid16739650.png,high,high,0.8708420528168432,exact,Zotiraciclib,Zotiraciclib,1.0,28,28,exact,exact,Zotiraciclib,False,False,False,False,1.0,True,True,0,1,,,,[H]/C1=C(\[H])CN(C)Cc2cccc(c2)Nc2nccc(n2)-c2cccc(c2)OCC1
