group,figure,segment,file_name,tier,tier_by_threshold,confidence,verdict,matched_name,closest_name,closest_tanimoto,pred_heavy,closest_heavy,smiles
abacavir_pubchem,,,abacavir_pubchem.png,low,low,0.7863803295138736,wrong,,abacavir,0.958,22,21,I.Nc1nc(NC2CC2)c2ncn([C@H]3C=C[C@@H](CO)C3)c2n1.[HH].[HH].[HH].[HH].[HH].[HH]
abediterol_az_pubchem,,,abediterol_az_pubchem.png,high,high,0.8496587496441722,wrong,,abediterol,0.983,33,33,O=c1ccc2c([C@@H](O)CNCCCCCCOCC(F)(F)c3ccccc3)ccc(O)c2[nH]1.[HH].[HH].[HH]
abemaciclib_pubchem,,,abemaciclib_pubchem.png,high,high,0.9080252917455882,exact,abemaciclib,abemaciclib,1.0,37,37,CCN1CCN(Cc2ccc(Nc3ncc(F)c(-c4cc(F)c5nc(C)n(C(C)C)c5c4)n3)nc2)CC1
abiraterone_pubchem,,,abiraterone_pubchem.png,low,low,0.4627761989057894,wrong,,abiraterone,0.979,26,26,[HH].[H][C@@]12CC=C3C[C@@H](O)CC[C@]3(C)[C@@]1([H])CC[C@]1(C)C(c3cccnc3)=CC[C@]21[H]
acalabrutinib_az_pubchem,,,acalabrutinib_az_pubchem.png,low,low,0.8225478458492769,wrong,,acalabrutinib,0.744,36,35,"I.[H].[H].[H].[H]Nc1nccn2c([C@]3([H])CCCN3C(=O)/C=C/C)nc(-c3ccc(C(=O)Nc4ccccn4)cc3)c12 |^1:1,2,3|"
acarbose2_pubchem,,,acarbose2_pubchem.png,low,low,0.4817948916032145,no-truth,,,,44,,"[HH].[HH].[HH].[HH].[HH].[H].[H].[H].[H].[H].[H].[H].[H].[H]C(=O)[C@H](O)[C@@H](O)[C@H](O[C@H]1O[C@H](CO)[C@@H](O[C@H]2O[C@H](C)[C@@H](N[C@H]3C=C(CO)[C@@H](O)[C@H](O)[C@H]3O)[C@H](O)[C@H]2O)[C@H](O)[C@H]1O)[C@H](O)CO |^1:5,6,7,8,9,10,11,12|"
acarbose_pubchem,,,acarbose_pubchem.png,low,low,0.8400288023831096,wrong,,acarbose,0.681,44,44,"[H].[H].[H].[H].[H].[H].[H].[H].[H].[H].[H]OCC1=C[C@H](N([H])[C@H]2[C@H](O)[C@@H](O)[C@@H](O[C@H]3[C@H](O)[C@@H](O[H])[C@@H](O[C@H]4[C@H](O)[C@@H](O)C(O[H])O[C@@H]4CO)O[C@@H]3CO[H])O[C@@H]2C)[C@H](O)[C@@H](O)[C@@H]1O[H] |^1:0,1,2,3,4,5,6,7,8,9|"
acetaminophen_pubchem,,,acetaminophen_pubchem.png,low,low,0.643520936980413,wrong,,acetaminophen,0.909,17,11,CC(=O)Nc1ccc(O)cc1.I.I.I.I.I.I.[HH]
aclidinium_az_pubchem,,,aclidinium_az_pubchem.png,low,low,0.503239569032487,wrong,,aclidinium,0.568,37,33,I.O=C(O[C@H]1CC23CC[N+]2(CCCOc2ccccc2)C2CC1C23)C(O)(c1cccs1)c1cccs1.[I-]
acyclovir_pubchem,,,acyclovir_pubchem.png,low,low,0.8093575813082327,wrong,,acyclovir,0.974,16,16,[HH].[HH].[HH].[HH].[HH].[H]Nc1nc2c(ncn2COCCO)c(=O)[nH]1
adagrasib_onc_pubchem,,,adagrasib_onc_pubchem.png,high,high,0.8526133913393072,exact,adagrasib,adagrasib,1.0,43,43,C=C(F)C(=O)N1CCN(c2nc(OC[C@@H]3CCCN3C)nc3c2CCN(c2cccc4cccc(Cl)c24)C3)C[C@@H]1CC#N
adavosertib_az_pubchem,,,adavosertib_az_pubchem.png,high,high,0.8638155622357713,wrong,,adavosertib,0.985,37,37,C=CCn1c(=O)c2cnc(Nc3ccc(N4CCN(C)CC4)cc3)nc2n1-c1cccc(C(C)(C)O)n1.[H] |^1:37|
adp_pubchem,,,adp_pubchem.png,high,high,0.8555585736479095,wrong,,adp,0.962,28,27,I.Nc1ncnc2c1ncn2[C@@H]1O[C@H](COP(=O)(O)OP(=O)(O)O)[C@@H](O)[C@H]1O.[HH].[HH].[HH]
afatinib_pubchem,,,afatinib_pubchem.png,high,high,0.8651427046987705,wrong,,afatinib,0.987,34,34,[HH].[HH].[H]/C(CN(C)C)=C(/[H])C(=O)Nc1cc2c(Nc3ccc(F)c(Cl)c3)ncnc2cc1O[C@H]1CCOC1
alanine_pubchem,,,alanine_pubchem.png,low,low,0.6414676826864133,wrong,,alanine,0.923,10,6,I.I.I.I.[H]N[C@@H](C)C(=O)O
aldosterone_pubchem,,,aldosterone_pubchem.png,low,low,0.3970805072337228,wrong,,aldosterone,0.981,26,26,[HH].[H]O[C@H]1C[C@]2(C([H])=O)[C@@H](C(=O)CO)CC[C@]2([H])[C@]2([H])CCC3=CC(=O)CC[C@]3(C)[C@@]12[H]
alectinib_roche_pubchem,,,alectinib_roche_pubchem.png,high,high,0.8489943412644381,no-truth,,,,36,,CCc1cc2c(cc1N1CCC(N3CCOCC3)CC1)C(C)(C)c1[nH]c3cc(C#N)ccc3c1C2=O
aliskiren_pubchem,,,aliskiren_pubchem.png,low,low,0.7867791524935805,wrong,,aliskiren,0.984,39,39,"COCCCOc1cc(C[C@@H](C[C@H](N)[C@@H](O)C[C@H](C(=O)NCC(C)(C)C(N)=O)C(C)C)C(C)C)ccc1OC.[H].[H] |^1:39,40|"
allicin_pubchem,,,allicin_pubchem.png,low,low,0.7235354921438456,wrong,,allicin,0.625,8,9,C=CCS(=O)SCC
almotriptan_pubchem,,,almotriptan_pubchem.png,high,high,0.8451866710635794,wrong,,almotriptan,0.978,23,23,CN(C)CCc1c[nH]c2ccc(CS(=O)(=O)N3CCCC3)cc12.[HH]
alogliptin_pubchem,,,alogliptin_pubchem.png,high,high,0.8509941680217695,wrong,,alogliptin,0.98,25,25,"Cn1c(=O)cc(N2CCC[C@@H](N)C2)n(Cc2ccccc2C#N)c1=O.[H].[H].[H] |^1:25,26,27|"
alpha_tocopherol_pubchem,,,alpha_tocopherol_pubchem.png,low,low,0.7940019887072178,wrong,,alpha tocopherol,0.977,31,31,"Cc1c(C)c2c(c(C)c1O)CC[C@@](C)(CCC[C@H](C)CCC[C@H](C)CCCC(C)C)O2.[H].[H].[H].[H] |^1:31,32,33,34|"
alphatocopherol_pubchem,,,alphatocopherol_pubchem.png,low,low,0.7940019887072178,no-truth,,,,31,,"Cc1c(C)c2c(c(C)c1O)CC[C@@](C)(CCC[C@H](C)CCC[C@H](C)CCCC(C)C)O2.[H].[H].[H].[H] |^1:31,32,33,34|"
alprazolam_pubchem,,,alprazolam_pubchem.png,low,low,0.5799922961090015,exact,alprazolam,alprazolam,1.0,22,22,Cc1nnc2n1-c1ccc(Cl)cc1C(c1ccccc1)=NC2
alvelestat_az_pubchem,,,alvelestat_az_pubchem.png,high,high,0.9068334063925216,exact,alvelestat,alvelestat,1.0,38,38,Cc1c(-c2ccnn2C)cc(C(=O)NCc2ccc(S(C)(=O)=O)cn2)c(=O)n1-c1cccc(C(F)(F)F)c1
amantadine_pubchem,,,amantadine_pubchem.png,low,low,0.5575655305491144,invalid,,,,,,I.II.NC12CC3CC45(CC(C34)C15)C2.[HH]
ambrisentan_pubchem,,,ambrisentan_pubchem.png,low,low,0.8148994599958751,wrong,,ambrisentan,0.974,28,28,COC(c1ccccc1)(c1ccccc1)[C@H](Oc1nc(C)cc(C)n1)C(=O)O.[HH]
amiodarone_pubchem,,,amiodarone_pubchem.png,low,low,0.4355754821447765,invalid,,,,,,CCCCC1=C2(C(=O)C3=CC(I)=C(OCCN(CC)CC)C(I)=C3)=C3(CCCC)=C(C(=O)C4=CC(I)=C(OCCN(CC)CC)C(I)=C4)C4=CC=CC=C4(=C4=C(O1)C2=CC=C4)O3
amitriptyline_pubchem,,,amitriptyline_pubchem.png,low,low,0.5276313753657024,wrong,,amitriptyline,0.967,22,21,C.CN(C)CCC=C1c2ccccc2CCc2ccccc21
amlodipine_pubchem,,,amlodipine_pubchem.png,high,high,0.8919737868134866,exact,amlodipine,amlodipine,1.0,28,28,[H]NCCOCC1=C(C(=O)OCC)C(c2ccccc2Cl)C(C(=O)OC)=C(C)N1
amoxicillin_pubchem,,,amoxicillin_pubchem.png,low,low,0.8375941579955811,wrong,,amoxicillin,0.959,25,25,"[HH].[H].[H].[H].[H][C@]12SC(C)(C)[C@H](C(=O)O)N1C(=O)[C@H]2NC(=O)[C@H](N)c1ccc(O)cc1 |^1:1,2,3|"
amp_pubchem,,,amp_pubchem.png,low,low,0.7538801335263742,wrong,,amp,0.979,23,23,Nc1ncnc2c1ncn2[C@@H]1O[C@H](COP(=O)(O)O)[C@@H](O)[C@H]1O.[HH].[HH].[HH].[HH].[HH].[HH].[HH]
amphotericin_b_pubchem,,,amphotericin_b_pubchem.png,low,low,0.008809830262795689,invalid,,,,,,O.[H]C1=CC([H])=CC([H])=CC2=NC(C(C)OC(=O)CC(O)CC(O)CCC(O)C(O)CCCC3(O)(CC(O)C(C(=O)O)C([H])CC(OC4OC(C)C(O)C([H])C4O)C([H])=CC([H])=CC([H])=C1)CC(O)C(C(=O)O)C([H])O3)C(O)C(C)C2
ampicillin_pubchem,,,ampicillin_pubchem.png,low,low,0.7212225614667328,wrong,,ampicillin,0.824,23,24,*C(=O)[C@@H]1N2C(=O)[C@@H](NC(=O)[C@H](N)c3ccccc3)[C@@]2([H])SC1(C)C.[HH].[HH].[HH] |$Q;;;;;;;;;;;;;;;;;;;;;;;;;;;$|
anastrozole_az_pubchem,,,anastrozole_az_pubchem.png,high,high,0.8434992972150465,exact,anastrozole,anastrozole,1.0,22,22,CC(C)(C#N)c1cc(Cn2cncn2)cc(C(C)(C)C#N)c1
anastrozole_pubchem,,,anastrozole_pubchem.png,high,high,0.8434992972150465,exact,anastrozole,anastrozole,1.0,22,22,CC(C)(C#N)c1cc(Cn2cncn2)cc(C(C)(C)C#N)c1
androstenedione_pubchem,,,androstenedione_pubchem.png,low,low,0.5653517432668446,exact,androstenedione,androstenedione,1.0,21,21,[H][C@@]12CCC3=CC(=O)CC[C@]3(C)[C@@]1([H])CC[C@]1(C)C(=O)CC[C@@]21[H]
ansamitocin_pubchem,,,ansamitocin_pubchem.png,low,low,1.187372708955777e-11,invalid,,,,,,CC1CC2(C)(C)CC12.[H]C1(=C(C)CC23=CClC45(Cl)=C=267=C4=C=65(NCC(C(=O)OC(=O)CC)OC(C)C2([H])=C3[H]2)C2=C7(Cl)Cl2)[H]C1=C.[H]C1(C=C(C)CCCC(OC)=OC(=O)C(C)[CH]OC(C)O)=C([CH]2(OC)[CH]345OC67([H])=C8(CCCC9C%10=O=C%109OC)C=C86([H])[CH]73(OC)C24(C)(O)NC2=O=C2C(C)C(O)C5O)[H]1
anthracene_pubchem,,,anthracene_pubchem.png,high,high,0.9057291236202896,exact,anthracene,anthracene,1.0,14,14,c1ccc2cc3ccccc3cc2c1
apalutamide_jnj_pubchem,,,apalutamide_jnj_pubchem.png,high,high,0.88027314334233,no-truth,,,,33,,CNC(=O)c1ccc(N2C(=S)N(c3cnc(C#N)c(C(F)(F)F)c3)C(=O)C23CCC3)cc1F
apixaban_pubchem,,,apixaban_pubchem.png,high,high,0.866699806146441,wrong,,apixaban,0.981,34,34,COc1ccc(-n2nc(C(N)=O)c3c2C(=O)N(c2ccc(N4CCCCC4=O)cc2)CC3)cc1.[HH].[HH]
argatroban_pubchem,,,argatroban_pubchem.png,high,high,0.860444291454804,wrong,,argatroban,0.986,35,35,CC1CNc2c(cccc2S(=O)(=O)N[C@@H](CCCN=C(N)N)C(=O)N2CC[C@@H](C)C[C@@H]2C(=O)O)C1.[HH].[HH].[HH].[HH].[HH].[HH]
arginine_pubchem,,,arginine_pubchem.png,low,low,0.7414630781275603,wrong,,arginine,0.96,12,12,[HH].[HH].[HH].[HH].[HH].[HH].[HH].[H]N/C(N)=N/CCC[C@H](N)C(=O)O
arimidex_az_pubchem,,,arimidex_az_pubchem.png,high,high,0.8434992972150465,exact,arimidex,arimidex,1.0,22,22,CC(C)(C#N)c1cc(Cn2cncn2)cc(C(C)(C)C#N)c1
aripiprazole_pubchem,,,aripiprazole_pubchem.png,high,high,0.8907486020462323,wrong,,aripiprazole,0.982,30,30,O=C1CCc2ccc(OCCCCN3CCN(c4cccc(Cl)c4Cl)CC3)cc2N1.[HH]
armodafinil_pubchem,,,armodafinil_pubchem.png,low,low,0.1811719542689938,wrong,,armodafinil,0.61,20,19,NC(=O)CS(=O)C(C1=CC=C=CC=C1)c1ccccc1
artemisinin_pubchem,,,artemisinin_pubchem.png,low,low,0.5372807481850174,stereo,artemisinin,artemisinin,1.0,20,20,[H][C@]12OC(=O)[C@H](C)[C@@]3([H])CC[C@@H](C)[C@]4([H])CC[C@@](C)(OO[C@]143)O2
articaine_az_pubchem,,,articaine_az_pubchem.png,low,low,0.7736626442319107,wrong,,articaine,0.975,19,19,CCCNC(C)C(=O)Nc1c(C)csc1C(=O)OC.[HH].[HH].[HH].[HH].[HH]
arv110_protac_pubchem,,,arv110_protac_pubchem.png,low,low,0.3543850579600919,no-truth,,,,,,O=C1CCC(N2C(=O)C3=CC45=C(=N46CCN(CC4CCN(C7=NN=C(C(=O)NC8CCC(OC9=CC(Cl)=C(Cl)C=C9)CC8)C=C7)CC4)CC6)C5(F)=CC3C2=O)C(=O)N1
arv471_protac_pubchem,,,arv471_protac_pubchem.png,high,high,0.8845172495148395,no-truth,,,,54,,O=C1CC[C@H](N2Cc3cc(N4CCN(CC5CCN(c6ccc([C@@H]7c8ccc(O)cc8CC[C@@H]7c7ccccc7)cc6)CC5)CC4)ccc3C2=O)C(=O)N1
arv766_protac_pubchem,,,arv766_protac_pubchem.png,low,low,0.02943566937982031,no-truth,,,,,,CO1C23=C4(C)C=CC5(=C2)=C2=C(C=CC(CN)=C214O3C)OC1(C)C(O5)C(C)(C)C(NC(=O)C2=CC=C(N3CCC(CN4CCN(C5=CC(F)=C(C(=O)NC6CCC(=O)NC6=O)C=C5)CC4)CC3)C=C2)C1(C)C
ascorbyl_palmitate_pubchem,,,ascorbyl_palmitate_pubchem.png,low,low,0.3443531070397652,invalid,,,,,,Cl.[H].[H]C1(C(O)COC(CCCCCCCCCCCCCCC)=O=C(=O)(CCCCCCCCCCCCCCC)OCC(O)C2([H])OC(=O)C(O)=C2O)OC(=O)C(O)=C1O
asparagine_pubchem,,,asparagine_pubchem.png,low,low,0.6752636623697484,wrong,,asparagine,0.895,14,9,I.I.I.I.I.[HH].[H]NC(=O)C[C@H](N)C(=O)O
aspartic_acid_pubchem,,,aspartic_acid_pubchem.png,low,low,0.7889738367579343,wrong,,aspartic acid,0.889,11,9,I.I.N[C@@H](CC(=O)O)C(=O)O.[HH].[HH]
aspirin_pubchem,,,aspirin_pubchem.png,low,low,0.7576099776784,wrong,,aspirin,0.923,17,13,CC(=O)Oc1ccccc1C(=O)O.II.II
atacand_az_pubchem,,,atacand_az_pubchem.png,low,low,0.7636182104114039,wrong,,atacand,0.659,33,45,CCOc1nc2cccc(C(=O)O)c2n1Cc1ccc(-c2ccccc2-c2nn[nH]n2)cc1.[HH].[HH].[HH]
atazanavir_pubchem,,,atazanavir_pubchem.png,low,low,0.8292775652077559,wrong,,atazanavir,0.926,64,51,COC(=O)N[C@H](C(=O)N[C@@H](Cc1ccccc1)[C@@H](O)CN(Cc1ccc(-c2ccccn2)cc1)NC(=O)[C@@H](NC(=O)OC)C(C)(C)C)C(C)(C)C.[H]NC(=O)[C@@H](NC(=O)OC)C(C)(C)C
atenolol_pubchem,,,atenolol_pubchem.png,low,low,0.8175195487302825,wrong,,atenolol,0.949,20,19,I.[HH].[HH].[HH].[HH].[HH].[H]OC([H])(CNC(C)C)COc1ccc(CC(N)=O)cc1
atorvastatin_pfizer_pubchem,,,atorvastatin_pfizer_pubchem.png,low,low,0.7498683758822904,wrong,,atorvastatin,0.983,41,41,CC(C)c1c(C(=O)Nc2ccccc2)c(-c2ccccc2)c(-c2ccc(F)cc2)n1CC[C@@H](O)C[C@@H](O)CC(=O)O.[HH].[HH].[HH].[HH]
atorvastatin_pubchem,,,atorvastatin_pubchem.png,low,low,0.7498683758822904,wrong,,atorvastatin,0.983,41,41,CC(C)c1c(C(=O)Nc2ccccc2)c(-c2ccccc2)c(-c2ccc(F)cc2)n1CC[C@@H](O)C[C@@H](O)CC(=O)O.[HH].[HH].[HH].[HH]
atp_pubchem,,,atp_pubchem.png,low,low,0.8267302167505717,wrong,,atp,0.963,32,31,I.Nc1ncnc2c1ncn2[C@@H]1O[C@H](COP(=O)(O)OP(=O)(O)OP(=O)(O)O)[C@@H](O)[C@H]1O.[HH].[HH].[HH]
atrazine_pubchem,,,atrazine_pubchem.png,low,low,0.6634699626500045,wrong,,atrazine,0.929,20,14,CCNc1nc(Cl)nc(NC(C)C)n1.I.I.I.I.I.I.[HH]
atropine_pubchem,,,atropine_pubchem.png,low,low,0.2985955970922978,invalid,,,,,,[HH].[H]C12CC3C456[H]C378([H]4)CCC34([H])C(C(OC(=O)C(CO)C9=CC=CC=C9)C57)C1638N24C
azathioprine_pubchem,,,azathioprine_pubchem.png,high,high,0.8536420483966806,wrong,,azathioprine,0.955,20,19,Cn1cnc([N+](=O)[O-])c1Sc1ncnc2nc[nH]c12.I.[HH]
azd1390_az_pubchem,,,azd1390_az_pubchem.png,low,low,0.6507391909004028,wrong,,azd1390,0.984,38,35,CC(C)n1c(=O)n(C)c2cnc3cc(F)c(-c4ccc(OCCCN5CCCCC5)nc4)cc3c21.I.I.I
azd2014_az_pubchem,,,azd2014_az_pubchem.png,low,low,0.3114232069503035,invalid,,,,,,CNC(=O)C1=CC=CC(C2=NC3=NC(N4CCOCC4C)=NC(N4CCOCC4C)C=3C=C2)=C1.[H]
azd3759_az_pubchem,,,azd3759_az_pubchem.png,high,high,0.9013334834041395,exact,azd3759,azd3759,1.0,32,32,COc1cc2ncnc(Nc3cccc(Cl)c3F)c2cc1OC(=O)N1CCN(C)C[C@H]1C
azd4547_az_pubchem,,,azd4547_az_pubchem.png,high,high,0.8695864202685695,wrong,,azd4547,0.982,35,34,I.[H]n1nc(NC(=O)c2ccc(N3C[C@@H](C)N[C@@H](C)C3)cc2)cc1CCc1cc(OC)cc(OC)c1
azd5363_az_pubchem,,,azd5363_az_pubchem.png,low,low,0.7777784513842724,wrong,,azd5363,0.983,30,30,[HH].[HH].[HH].[HH].[HH].[HH].[H]N(C(=O)C1(N)CCN(c2ncnc3[nH]ccc23)CC1)[C@@H](CCO)c1ccc(Cl)cc1
azd6140_az_pubchem,,,azd6140_az_pubchem.png,low,low,0.7560052643204211,wrong,,azd6140,1.0,36,36,"CCCSc1nc(N[C@@H]2C[C@H]2c2ccc(F)c(F)c2)c2nnn([C@@H]3C[C@H](OCCO)[C@@H](O)[C@H]3O)c2n1.[H].[H] |^1:36,37|"
azd8055_az_pubchem,,,azd8055_az_pubchem.png,high,high,0.9081907925122891,exact,azd8055,azd8055,1.0,34,34,COc1ccc(-c2ccc3c(N4CCOC[C@@H]4C)nc(N4CCOC[C@@H]4C)nc3n2)cc1CO
azilsartan_pubchem,,,azilsartan_pubchem.png,low,low,0.7398646789539992,wrong,,azilsartan,0.983,34,34,CCOc1nc2cccc(C(=O)O)c2n1Cc1ccc(-c2ccccc2-c2noc(=O)[nH]2)cc1.[HH].[HH].[HH]
azithromycin_pubchem,,,azithromycin_pubchem.png,low,low,0.1387831766795062,invalid,,,,,,[H].[H]CC1OC(=O)C(C)C2OC3OC(C)C(O)C(C)(OC)C3[CH]3(CC(C)(OC)C(O)C(C)O3)O[CH]34C(C)C(=O)OC(CC)C1(C)(O)C(O)C(C)N(C)CC(C)CC(C)(O)[CH](OC1OC(C)CC(N(C)C)C1O)(C3C)[CH]24(C)[CH]OC1[CH]C(N(C)C)CC(C)O1
aztreonam_pubchem,,,aztreonam_pubchem.png,low,low,0.743458598468663,wrong,,aztreonam,0.059,10,28,CCC(CC)C(=O)[O-].I.I.[HH]
bacitracin_peptide_pubchem,,,bacitracin_peptide_pubchem.png,low,low,4.50215736978447e-09,no-truth,,,,,,<invalid>
baclofen_pubchem,,,baclofen_pubchem.png,low,low,0.7607275949268686,wrong,,baclofen,0.931,16,14,I.I.[HH].[HH].[H]NCC(CC(=O)O[H])c1ccc(Cl)cc1
baloxavir_pubchem,,,baloxavir_pubchem.png,low,low,0.7392991968431589,wrong,,baloxavir,0.985,34,34,[H].[H][C@@]12COCCN1C(=O)c1c(O)c(=O)ccn1N2[C@@H]1c2ccccc2SCc2c1ccc(F)c2F |^1:0|
beclomethasone_pubchem,,,beclomethasone_pubchem.png,low,low,0.5768642456686602,wrong,,beclomethasone,0.982,28,28,[HH].[HH].[HH].[H]O[C@H]1C[C@@]2(C)[C@@]([H])(C[C@H](C)[C@]2(O)C(=O)CO)[C@]2([H])CCC3=CC(=O)C=C[C@]3(C)[C@@]12Cl
bedaquiline_pubchem,,,bedaquiline_pubchem.png,low,low,0.2426101428184052,invalid,,,,,,COC1=C(C(C2=CC=CC=C2)C2(O)CCN(C)CN(C)(C)CCC(O)(C3=C(OC)N=C4C=CC(Br)=CC4=C3)C3=CC=CC4=CC=CC(=C43)=C34=CC=CC=C3C=CC=C24)C=C2C=C(Br)C=CC2=N1
benazepril_pubchem,,,benazepril_pubchem.png,low,low,0.7034613952414482,wrong,,benazepril,0.982,31,31,[HH].[H]N([C@@H](CCc1ccccc1)C(=O)OCC)[C@H]1CCc2ccccc2N(CC(=O)O)C1=O
benzocaine_pubchem,,,benzocaine_pubchem.png,low,low,0.7770295615556698,wrong,,benzocaine,0.923,15,12,CCOC(=O)c1ccc(N)cc1.I.I.I.[HH].[HH]
benzoic_acid_pubchem,,,benzoic_acid_pubchem.png,low,low,0.6321848343120491,wrong,,benzoic acid,0.824,15,9,I.I.II.II.O=C(O)c1ccccc1
benztropine_pubchem,,,benztropine_pubchem.png,low,low,0.201490206633417,invalid,,,,,,[H]C12CCC345([H])CC(OC(C6=CC=CC=C6)C6=CC=CC=C6)CC3(C4C1)N25C
beta_carotene2_pubchem,,,beta_carotene2_pubchem.png,low,low,0.0001429630479739437,no-truth,,,,,,[H]C(=CC1(C)=C([H])C2([H])=C([H])C=C3(C)=C(=C([H])C=CC([H])=C4[H]C(=C4)C4(=C(C)CCCC4(C)C)=C4(C)=C(C=CC(C)=C([H])C=C3)C(C)(C)CCC4)C2([H])=C([H])C1([H])=C([H])C([H])=C12C3=C4C1([H])(=CC42([H])=C([H])C=CC1=C(C)CCCC1(C)C)[H]3)C([H])=C([H])C
beta_carotene_pubchem,,,beta_carotene_pubchem.png,low,low,0.0001429630479739437,invalid,,,,,,[H]C(=CC1(C)=C([H])C2([H])=C([H])C=C3(C)=C(=C([H])C=CC([H])=C4[H]C(=C4)C4(=C(C)CCCC4(C)C)=C4(C)=C(C=CC(C)=C([H])C=C3)C(C)(C)CCC4)C2([H])=C([H])C1([H])=C([H])C([H])=C12C3=C4C1([H])(=CC42([H])=C([H])C=CC1=C(C)CCCC1(C)C)[H]3)C([H])=C([H])C
betamethasone_pubchem,,,betamethasone_pubchem.png,low,low,0.6426638203653122,wrong,,betamethasone,1.0,28,28,"[H].[H].[H].[H]O[C@H]1C[C@@]2(C)[C@@]([H])(C[C@H](C)[C@]2(O)C(=O)CO)[C@]2([H])CCC3=CC(=O)C=C[C@]3(C)[C@@]12F |^1:0,1,2|"
betrixaban_pubchem,,,betrixaban_pubchem.png,high,high,0.8973421116204355,wrong,,betrixaban,0.981,32,32,COc1ccc(NC(=O)c2ccc(C(=N)N(C)C)cc2)c(C(=O)Nc2ccc(Cl)cn2)c1.[HH].[HH]
bevacizumab_fragment_pubchem,,,bevacizumab_fragment_pubchem.png,low,low,0.8150215284383401,no-truth,,,,25,,I.I.O=c1cc(C2CC2)ncn1CC1CCN(Cc2cnoc2)CC1
bicalutamide_az_pubchem,,,bicalutamide_az_pubchem.png,high,high,0.8447308596524904,wrong,,bicalutamide,0.962,29,29,CC(O)(CS(=O)(=O)c1ccc(F)cc1)C(=O)Nc1ccc(C#N)c(C(F)(F)F)c1.[HH].[H] |^1:30|
bicalutamide_pubchem,,,bicalutamide_pubchem.png,high,high,0.8447308596524904,wrong,,bicalutamide,0.962,29,29,CC(O)(CS(=O)(=O)c1ccc(F)cc1)C(=O)Nc1ccc(C#N)c(C(F)(F)F)c1.[HH].[H] |^1:30|
bimatoprost_pubchem,,,bimatoprost_pubchem.png,low,low,0.622589697819233,wrong,,bimatoprost,0.982,30,30,[HH].[HH].[HH].[HH].[H]/C(CCCC(=O)NCC)=C(\[H])C[C@@H]1[C@@H](/C([H])=C(\[H])[C@@H](O)CCc2ccccc2)[C@H](O)C[C@@H]1O
biotin_pubchem,,,biotin_pubchem.png,low,low,0.5692656349241474,invalid,,,,,,[H]OC(=O)CCCC[CH]SCC12([H])CSC(CCCCC(=O)O[H])C1([H])N([H])C(=O)N2[H]
bismuth_subsalicylate_pubchem,,,bismuth_subsalicylate_pubchem.png,low,low,0.2733655198267738,wrong,,bismuth subsalicylate,0.098,15,12,I.II.[H][O][Bi]1[O]C(=O)c2c3c4c(c3c24)[O]1
bleomycin_pubchem,,,bleomycin_pubchem.png,low,low,0.008013744188793923,wrong,,bleomycin,0.618,98,96,[H]NC(=O)[C@@H](N)CN[C@@H](CC(N)=O)c1nc(N)c(C)c(N[C@H](C(=O)N[C@@H](C)C(O)[C@H](C)C(=O)N[C@H](C(=O)NCCc2nc(-c3nc(C(=O)NCCC[Si](C)(C)C)cs3)cs2)C(C)C)C([CH]NCCNC=N)O[C@H]2O[C@@H](CO)[C@H](O)[C@@H](O)[C@H]2O[C@H]2O[C@H](CO)[C@@H](O)[C@@H](OC(=O)N[NH3+])[C@@H]2O)n1 |^1:64|
bortezomib_pubchem,,,bortezomib_pubchem.png,low,low,0.8223923128258096,wrong,,bortezomib,0.98,28,28,"[H].[H].[H].[H].[H].[H]OB(O[H])[C@H](CC(C)C)N([H])C(=O)[C@H](Cc1ccccc1)NC(=O)c1cnccn1 |^1:0,1,2,3,4|"
bosentan_pubchem,,,bosentan_pubchem.png,high,high,0.902064113615397,wrong,,bosentan,0.983,39,39,COc1ccccc1Oc1c(NS(=O)(=O)c2ccc(C(C)(C)C)cc2)nc(-c2ncccn2)nc1OCCO.[HH]
bosutinib_pfizer_pubchem,,,bosutinib_pfizer_pubchem.png,high,high,0.9022818233197716,exact,bosutinib,bosutinib,1.0,36,36,COc1cc(Nc2c(C#N)cnc3cc(OCCCN4CCN(C)CC4)c(OC)cc23)c(Cl)cc1Cl
brexpiprazole_pubchem,,,brexpiprazole_pubchem.png,high,high,0.8715761407938561,wrong,,brexpiprazole,0.982,31,31,O=c1ccc2ccc(OCCCCN3CCN(c4cccc5sccc45)CC3)cc2[nH]1.[H] |^1:31|
breztri_budesonide_az_pubchem,,,breztri_budesonide_az_pubchem.png,low,low,0.07706080759160035,no-truth,,,,,,[HH].[H]C1C([H])(C([H])C2(C)CC34([H])OC(CCCC)(OC23C(=O)CO)O4)CCC2=CC(=O)C=CC12C
brigatinib_az_pubchem,,,brigatinib_az_pubchem.png,high,high,0.8848213217010926,exact,brigatinib,brigatinib,1.0,40,40,COc1cc(N2CCC(N3CCN(C)CC3)CC2)ccc1Nc1ncc(Cl)c(Nc2ccccc2P(C)(C)=O)n1
brilinta_az_pubchem,,,brilinta_az_pubchem.png,low,low,0.7560052643204211,wrong,,brilinta,1.0,36,36,"CCCSc1nc(N[C@@H]2C[C@H]2c2ccc(F)c(F)c2)c2nnn([C@@H]3C[C@H](OCCO)[C@@H](O)[C@H]3O)c2n1.[H].[H] |^1:36,37|"
brinzolamide_pubchem,,,brinzolamide_pubchem.png,high,high,0.8698930190653188,wrong,,brinzolamide,0.962,23,23,"CCN[C@H]1CN(CCCOC)S(=O)(=O)c2sc(S(N)(=O)=O)cc21.[HH].[H].[H] |^1:24,25|"
bromocriptine_pubchem,,,bromocriptine_pubchem.png,low,low,0.609636997831415,stereo,bromocriptine,bromocriptine,1.0,43,43,[H][C@]12Cc3c(Br)[nH]c4cccc(c34)C1=C[C@@H](C(=O)N[C@]1(C(C)C)O[C@]3(O)N(C1=O)[C@@H](CC(C)C)C(=O)N1CCC[C@@]13[H])CN2C
brompheniramine_pubchem,,,brompheniramine_pubchem.png,low,low,0.05225591976984297,wrong,,brompheniramine,0.0,120,19,C.C.C.C.C.C.C.C.C.C.C.C.C.C.C.C.C.C.C.C.C.C.C.C.C.C.C.C.C.C.C.C.C.C.C.C.C.C.C.C.C.C.C.C.C.C.C.C.C.C.C.C.C.C.C.C.C.C.C.C.C.C.C.C.C.C.C.C.C.C.C.C.C.C.C.C.C.C.C.C.C.C.C.C.C.C.C.C.C.C.C.C.C.C.C.C.C.C.C.C.C.C.C.C.C.C.C.C.C.C.C.C.C.C.C.C.C.C.C.C
bryostatin_pubchem,,,bryostatin_pubchem.png,low,low,0.03239615065741958,invalid,,,,,,[H]C(CCC)=C([H])C([H])=C([H])C1=C2C([H])([H])OC3C4=C5(O)C678([H])OC(=CC9=C6(C)(C)C576([H])(OC(C)C(OC(C)(=O)CC(=O)O9)C6(C)C)C8C5CC(=C([H])C(=O)OC)CC2(O)O5)CC(O)CC(=O)OC([H])(C(C)O)CC([H])(C4)OC3(O)C1(C)C
budesonide_az_pubchem,,,budesonide_az_pubchem.png,low,low,0.07706080759160035,invalid,,,,,,[HH].[H]C1C([H])(C([H])C2(C)CC34([H])OC(CCCC)(OC23C(=O)CO)O4)CCC2=CC(=O)C=CC12C
budesonide_pubchem,,,budesonide_pubchem.png,low,low,0.07706080759160035,invalid,,,,,,[HH].[H]C1C([H])(C([H])C2(C)CC34([H])OC(CCCC)(OC23C(=O)CO)O4)CCC2=CC(=O)C=CC12C
bupivacaine_az_pubchem,,,bupivacaine_az_pubchem.png,low,low,0.7674761400127814,wrong,,bupivacaine,0.953,22,21,CCCCN1CCCCC1C(=O)Nc1c(C)cccc1C.Cl.[HH].[HH]
buprenorphine_pubchem,,,buprenorphine_pubchem.png,low,low,6.334490159595731e-05,invalid,,,,,,[H]O1C(C)(C)(C)C1234567CC218([H])C29C%10%11%12CCC3%13%14(OC)C43%15([H])O54C5%16%17=C%18(O)=C45%19(O6)C%16456=C%16(=C=4%17%19%20C2%101%1335(CCN(CC1CC1)C%11([H])C%16)C9%128%14%156%207)C=C%18
bupropion_pubchem,,,bupropion_pubchem.png,low,low,0.7492036719791703,wrong,,bupropion,0.941,18,16,CC(NC(C)(C)C)C(=O)c1cccc(Cl)c1.I.I.[HH]
buspirone_pubchem,,,buspirone_pubchem.png,high,high,0.8855685611453831,exact,buspirone,buspirone,1.0,28,28,O=C1CC2(CCCC2)CC(=O)N1CCCCN1CCN(c2ncccn2)CC1
busulfan_pubchem,,,busulfan_pubchem.png,low,low,0.619334983370625,wrong,,busulfan,0.938,15,14,C.CS(=O)(=O)OCCCCOS(C)(=O)=O
butalbital_pubchem,,,butalbital_pubchem.png,low,low,0.7960695769214069,wrong,,butalbital,0.931,19,16,C=CCC1(CC(C)C)C(=O)NC(=O)NC1=O.I.I.I.[HH]
butorphanol_pubchem,,,butorphanol_pubchem.png,low,low,0.4571778683644871,wrong,,butorphanol,0.978,24,24,"[H].[H].[H][C@@]12Cc3ccc(O)cc3[C@]3(CCCC[C@]31O)CCN2CC1CCC1 |^1:0,1|"
cabazitaxel_pubchem,,,cabazitaxel_pubchem.png,low,low,0.6305141986728034,stereo,cabazitaxel,cabazitaxel,1.0,60,60,[H][C@@]12[C@H](OC(=O)c3ccccc3)[C@]3(O)C[C@H](OC(=O)[C@H](O)[C@@H](NC(=O)OC(C)(C)C)c4ccccc4)C(C)=C([C@@H](OC)C(=O)[C@]1(C)[C@@H](OC)C[C@@]1([H])OC[C@@]21OC(C)=O)C3(C)C
cabergoline_pubchem,,,cabergoline_pubchem.png,low,low,0.816885873315539,wrong,,cabergoline,0.986,33,33,[HH].[HH].[H][C@]12C[C@@H](C(=O)N(CCCN(C)C)C(=O)NCC)CN(CC=C)[C@@]1([H])Cc1c[nH]c3cccc2c13
cabozantinib_pubchem,,,cabozantinib_pubchem.png,high,high,0.9001078464529437,exact,cabozantinib,cabozantinib,1.0,37,37,[H]N(C(=O)C1(C(=O)Nc2ccc(Oc3ccnc4cc(OC)c(OC)cc34)cc2)CC1)c1ccc(F)cc1
caffeine_pubchem,,,caffeine_pubchem.png,low,low,0.7921648277668861,wrong,,caffeine,0.962,16,14,Cn1c(=O)c2c(ncn2C)n(C)c1=O.I.I
calcitriol_pubchem,,,calcitriol_pubchem.png,low,low,0.8299749225555363,wrong,,calcitriol,0.841,29,30,*C(C)(C)CCC[C@@H](C)[C@]1([H])CC[C@]2([H])/C(=C([H])/C([H])=C3/C[C@@H](O)C[C@H](O)C3=C)CCC[C@]12C.[HH].[HH].[HH] |$Q;;;;;;;;;;;;;;;;;;;;;;;;;;;;;;;;;;;;$|
calicheamicin_adc_pubchem,,,calicheamicin_adc_pubchem.png,low,low,8.143163402910296e-09,no-truth,,,,,,[H]C1=C2C345=O67=C(=C([H])([H])[H]1)C18=C9%10%11=C%12%13%14%15%16=C%17(NC(=O)OC)=C%18%19O=C%20%21C%22C9%23(C)(O)C%20%18C%22%10(C)(O)C=%122%23=C%17%11%132(C=%14%21%19NC(=O)OC)[CH]1%159(O[CH]1%10C(O[CH]OC[CH]NCC)[CH]1(O3)O%10C(C)[CH]NO[CH]OC(C)[CH]SCC1=CC(I)=C(OC3OC(C)C(O)C(OC)C3O)C(OC)=C1OC)C=68(C=74O)[CH]592%16OC(C)(C)=O
calquence_az_pubchem,,,calquence_az_pubchem.png,low,low,0.8225478458492769,wrong,,calquence,0.744,36,35,"I.[H].[H].[H].[H]Nc1nccn2c([C@]3([H])CCCN3C(=O)/C=C/C)nc(-c3ccc(C(=O)Nc4ccccn4)cc3)c12 |^1:1,2,3|"
camizestrant_onc_pubchem,,,camizestrant_onc_pubchem.png,low,low,0.5825507897049068,wrong,,camizestrant,0.985,34,34,[HH].[HH].[H][C@@]1(c2ccc(NC3CN(CCCF)C3)cn2)c2ccc3[nH]ncc3c2C[C@@H](C)N1CC(F)(F)F
camphor_pubchem,,,camphor_pubchem.png,low,low,0.6800305356318544,wrong,,camphor,0.957,14,11,I.I.I.[H]C12CCC(C)(C(=O)C1)C2(C)C
camptothecin_pubchem,,,camptothecin_pubchem.png,low,low,0.8005178073191481,wrong,,camptothecin,0.964,27,26,CC[C@@]1(O)C(=O)OCc2c1cc1n(c2=O)Cc2cc3ccccc3nc2-1.I.[HH]
canagliflozin_pubchem,,,canagliflozin_pubchem.png,high,high,0.8433207703667576,wrong,,canagliflozin,0.981,31,31,[HH].[HH].[HH].[HH].[H]O[C@@H]1[C@@H](O)[C@H](c2ccc(C)c(Cc3ccc(-c4ccc(F)cc4)s3)c2)O[C@H](CO)[C@H]1O
candesartan_az_pubchem,,,candesartan_az_pubchem.png,low,low,0.7636182104114039,wrong,,candesartan,0.983,33,33,CCOc1nc2cccc(C(=O)O)c2n1Cc1ccc(-c2ccccc2-c2nn[nH]n2)cc1.[HH].[HH].[HH]
candesartan_pubchem,,,candesartan_pubchem.png,low,low,0.7636182104114039,wrong,,candesartan,0.983,33,33,CCOc1nc2cccc(C(=O)O)c2n1Cc1ccc(-c2ccccc2-c2nn[nH]n2)cc1.[HH].[HH].[HH]
cannabidiol_pubchem,,,cannabidiol_pubchem.png,low,low,0.7747925909132574,wrong,,cannabidiol,0.953,25,23,I.I.[HH].[H]Oc1cc(CCCCC)cc(O)c1[C@]1([H])C=C(C)CC[C@H]1C(=C)C
capecitabine_pubchem,,,capecitabine_pubchem.png,low,low,0.8352753245694373,wrong,,capecitabine,0.964,26,25,CCCCCOC(=O)Nc1nc(=O)n([C@@H]2O[C@H](C)[C@@H](O)[C@H]2O)cc1F.I.[HH].[HH].[HH].[HH]
capivasertib_az_pubchem,,,capivasertib_az_pubchem.png,low,low,0.7777784513842724,wrong,,capivasertib,0.983,30,30,[HH].[HH].[HH].[HH].[HH].[HH].[H]N(C(=O)C1(N)CCN(c2ncnc3[nH]ccc23)CC1)[C@@H](CCO)c1ccc(Cl)cc1
capmatinib_novartis_pubchem,,,capmatinib_novartis_pubchem.png,low,low,0.8429301487568659,no-truth,,,,31,,CNC(=O)c1ccc(-c2cnc3ncc(Cc4ccc5ncccc5c4)n3n2)cc1F.[HH]
capsaicin_pubchem,,,capsaicin_pubchem.png,low,low,0.8132029262140609,wrong,,capsaicin,0.978,22,22,[HH].[HH].[HH].[H]/C(CCCCC(=O)NCc1ccc(O)c(OC)c1)=C(/[H])C(C)C
carbamazepine_pubchem,,,carbamazepine_pubchem.png,low,low,0.1616164517279072,wrong,,carbamazepine,0.279,19,18,I.NC(=O)n1c2ccccc2ccc2c3c4c2c3c41.[HH].[HH].[HH]
carboplatin_pubchem,,,carboplatin_pubchem.png,low,low,0.6501460258855897,wrong,,carboplatin,0.889,11,13,O=C([O-])C1(C(=O)[O-])CCC1.[HH].[HH].[HH].[HH].[HH].[H]N[HH]
carfilzomib_peptide_pubchem,,,carfilzomib_peptide_pubchem.png,low,low,0.7014156587994129,no-truth,,,,52,,CC(C)C[C@H](NC(=O)[C@H](CCc1ccccc1)NC(=O)CN1CCOCC1)C(=O)N[C@@H](Cc1ccccc1)C(=O)N[C@@H](CC(C)C)C(=O)[C@@]1(C)CO1
cariprazine_pubchem,,,cariprazine_pubchem.png,high,high,0.8452786535461433,wrong,,cariprazine,0.98,30,28,CN(C)C(=O)NC1CCC(CCN2CCN(c3cccc(Cl)c3Cl)CC2)CC1.I.I
carisoprodol_pubchem,,,carisoprodol_pubchem.png,low,low,0.8196969502803855,wrong,,carisoprodol,0.971,18,18,CCCC(C)(COC(N)=O)COC(=O)NC(C)C.[HH].[HH]
casodex_az_pubchem,,,casodex_az_pubchem.png,high,high,0.8447308596524904,wrong,,casodex,0.962,29,29,CC(O)(CS(=O)(=O)c1ccc(F)cc1)C(=O)Nc1ccc(C#N)c(C(F)(F)F)c1.[HH].[H] |^1:30|
catechin_pubchem,,,catechin_pubchem.png,low,low,0.7663566950731594,wrong,,catechin,0.972,21,21,Oc1cc(O)c2c(c1)O[C@H](c1ccc(O)c(O)c1)[C@@H](O)C2.[HH].[HH].[HH].[HH].[HH].[HH]
cc92480_protac_pubchem,,,cc92480_protac_pubchem.png,high,high,0.8725795030459387,no-truth,,,,42,,N#Cc1ccc(N2CCN(Cc3ccc(COc4cccc5c4CN([C@H]4CCC(=O)NC4=O)C5=O)cc3)CC2)c(F)c1
cediranib_az_pubchem,,,cediranib_az_pubchem.png,high,high,0.8806287269931621,wrong,,cediranib,0.983,33,33,COc1cc2c(Oc3ccc4[nH]c(C)cc4c3F)ncnc2cc1OCCCN1CCCC1.[H] |^1:33|
cefazolin_pubchem,,,cefazolin_pubchem.png,high,high,0.8760648847388446,exact,cefazolin,cefazolin,1.0,29,29,[H][C@]12SCC(CSc3nnc(C)s3)=C(C(=O)O)N1C(=O)[C@H]2NC(=O)Cn1cnnn1
cefepime_pubchem,,,cefepime_pubchem.png,high,high,0.8468093822056958,wrong,,cefepime,0.986,32,32,"[H].[H].[H][C@]12SCC(C[N+]3(C)CCCC3)=C(C(=O)[O-])N1C(=O)[C@H]2NC(=O)/C(=N\OC)c1csc(N)n1 |^1:0,1|"
cefixime_pubchem,,,cefixime_pubchem.png,low,low,0.8226515398294397,wrong,,cefixime,0.985,30,30,[HH].[HH].[HH].[H]N(C(=O)/C(=N\OCC(=O)O)c1csc(N)n1)[C@@H]1C(=O)N2C(C(=O)O)=C(C=C)CS[C@]12[H]
cefotaxime_pubchem,,,cefotaxime_pubchem.png,low,low,0.6078425785232229,wrong,,cefotaxime,0.97,30,30,[HH].[H].[H][C@]12SCC(COC(C)=O)=C(C(=O)O)N1C(=O)[C@H]2NC(=O)/C(=N\OC)c1csc(N)n1 |^1:1|
cefpodoxime_pubchem,,,cefpodoxime_pubchem.png,high,high,0.8449700721175313,wrong,,cefpodoxime,0.984,28,28,"[H].[H].[H].[H][C@]12SCC(COC)=C(C(=O)O)N1C(=O)[C@H]2NC(=O)/C(=N\OC)c1csc(N)n1 |^1:0,1,2|"
ceftaroline_pubchem,,,ceftaroline_pubchem.png,high,low,0.8661331017256096,invalid,,,,,,[H]C12SCC(SC3=NC(C4=CC=N(C)C=C4)=CS3)=C(C(=O)[O-])N1C(=O)C2NC(=O)C(=NOCC)C1=NSC(NP(=O)([O-])O)=N1
ceftazidime_pubchem,,,ceftazidime_pubchem.png,low,low,0.8428999790118546,wrong,,ceftazidime,0.986,37,37,"[H].[H].[H]Nc1nc(/C(=N/OC(C)(C)C(=O)O)C(=O)N[C@@H]2C(=O)N3C(C(=O)[O-])=C(C[n+]4ccccc4)CS[C@]23[H])cs1 |^1:0,1|"
ceftriaxone_pubchem,,,ceftriaxone_pubchem.png,high,high,0.8511060896730434,wrong,,ceftriaxone,0.974,36,36,[HH].[HH].[H].[H]N([H])c1nc(/C(=N/OC)C(=O)N[C@@H]2C(=O)N3C(C(=O)O)=C(CSc4nc(=O)c(=O)[nH]n4C)CS[C@]23[H])cs1 |^1:2|
cefuroxime_pubchem,,,cefuroxime_pubchem.png,low,low,0.8402452009946836,wrong,,cefuroxime,0.985,29,29,"[H].[H].[H].[H]OC(=O)C1=C(COC(N)=O)CS[C@]2([H])[C@H](NC(=O)/C(=N\OC)c3ccco3)C(=O)N12 |^1:0,1,2|"
celecoxib_pfizer_pubchem,,,celecoxib_pfizer_pubchem.png,low,low,0.8416566348325073,wrong,,celecoxib,0.976,26,26,Cc1ccc(-c2cc(C(F)(F)F)nn2-c2ccc(S(N)(=O)=O)cc2)cc1.[HH].[HH].[HH].[HH]
celecoxib_pubchem,,,celecoxib_pubchem.png,low,low,0.8416566348325073,wrong,,celecoxib,0.976,26,26,Cc1ccc(-c2cc(C(F)(F)F)nn2-c2ccc(S(N)(=O)=O)cc2)cc1.[HH].[HH].[HH].[HH]
cephalexin_pubchem,,,cephalexin_pubchem.png,low,low,0.696884631019728,wrong,,cephalexin,0.979,24,24,[HH].[HH].[HH].[HH].[HH].[H]OC(=O)C1=C(C)CS[C@]2([H])[C@H](NC(=O)[C@H](N)c3ccccc3)C(=O)N12
ceralasertib_az_pubchem,,,ceralasertib_az_pubchem.png,low,low,0.8413769114523588,wrong,,ceralasertib,0.984,29,29,C[C@@H]1COCCN1c1cc(C2(S(C)(=N)=O)CC2)nc(-c2ccnc3[nH]ccc23)n1.[HH].[HH]
cetirizine_pubchem,,,cetirizine_pubchem.png,low,low,0.7978308183269227,wrong,,cetirizine,0.977,31,27,I.I.I.I.O=C(O)COCCN1CCN(C(c2ccccc2)c2ccc(Cl)cc2)CC1
cft8634_protac_pubchem,,,cft8634_protac_pubchem.png,low,low,0.8044439116721069,no-truth,,,,51,,COc1cc(-c2cn(C)c(=O)c(C)c2C)cc(OC)c1CN1CC[C@H](N2CCN(c3ccc(N[C@H]4CCC(=O)NC4=O)cc3F)CC2)C(F)(F)C1
chlorambucil_pubchem,,,chlorambucil_pubchem.png,low,low,0.7982967701368787,wrong,,chlorambucil,0.969,21,19,I.I.O=C(O)CCCc1ccc(N(CCCl)CCCl)cc1.[HH]
chloramphenicol_pubchem,,,chloramphenicol_pubchem.png,high,high,0.8507325640211161,wrong,,chloramphenicol,0.947,21,20,I.O=C(N[C@H](CO)[C@H](O)c1ccc([N+](=O)[O-])cc1)C(Cl)Cl.[HH].[HH]
chloroquine_pubchem,,,chloroquine_pubchem.png,low,low,0.8114205472004922,wrong,,chloroquine,0.978,24,22,Cl.Cl.[H]C(C)(CCCN(CC)CC)Nc1ccnc2cc(Cl)ccc12
chlorpheniramine_pubchem,,,chlorpheniramine_pubchem.png,low,low,0.7663306183430677,exact,chlorpheniramine,chlorpheniramine,1.0,19,19,CN(C)CCC(c1ccc(Cl)cc1)c1ccccn1
chlorpromazine_pubchem,,,chlorpromazine_pubchem.png,high,high,0.8815704855241848,wrong,,chlorpromazine,0.617,21,21,CN(C)CCCN1c2ccccc2[S-]c2ccc(Cl)cc21 |^1:13|
cholesterol_pubchem,,,cholesterol_pubchem.png,low,low,0.6856651276410242,wrong,,cholesterol,0.98,28,28,[HH].[H][C@@]12CC=C3C[C@@H](O)CC[C@]3(C)[C@@]1([H])CC[C@@]1(C)[C@]2([H])CC[C@@]1([H])[C@H](C)CCCC(C)C
ciprofloxacin_pubchem,,,ciprofloxacin_pubchem.png,high,high,0.8759507137605452,wrong,,ciprofloxacin,0.808,24,24,O=C([O-])c1cn(C2CC2)c2cc(N3CCNCC3)c(F)cc2c1=O.[HH].[HH]
citalopram_pubchem,,,citalopram_pubchem.png,low,low,0.8384536726518452,exact,citalopram,citalopram,1.0,24,24,CN(C)CCCC1(c2ccc(F)cc2)OCc2cc(C#N)ccc21
citric_acid_pubchem,,,citric_acid_pubchem.png,low,low,0.652956824430774,wrong,,citric acid,0.938,13,13,O=C(O)CC(O)(CC(=O)O)C(=O)O.[HH].[HH]
clarithromycin_pubchem,,,clarithromycin_pubchem.png,low,low,0.786173155282321,wrong,,clarithromycin,0.986,52,52,CC[C@H]1OC(=O)[C@H](C)[C@@H](O[C@H]2C[C@@](C)(OC)[C@@H](O)[C@H](C)O2)[C@H](C)[C@@H](O[C@@H]2O[C@H](C)C[C@H](N(C)C)[C@H]2O)[C@](C)(OC)C[C@@H](C)C(=O)[C@H](C)[C@@H](O)[C@]1(C)O.[HH].[HH].[HH].[HH].[HH]
clevidipine_pubchem,,,clevidipine_pubchem.png,high,high,0.9012079965339409,exact,clevidipine,clevidipine,1.0,30,30,CCCC(=O)OCOC(=O)C1=C(C)NC(C)=C(C(=O)OC)C1c1cccc(Cl)c1Cl
clindamycin_pubchem,,,clindamycin_pubchem.png,high,high,0.8656244599839616,wrong,,clindamycin,0.981,27,27,[HH].[HH].[HH].[H]O[C@@H]1[C@H](O)[C@@H](O)[C@@H](SC)O[C@@H]1[C@@H](NC(=O)[C@@H]1C[C@@H](CCC)CN1C)C(C)Cl
clobazam_pubchem,,,clobazam_pubchem.png,high,high,0.8459478769308882,exact,clobazam,clobazam,1.0,21,21,CN1C(=O)CC(=O)N(c2ccccc2)c2cc(Cl)ccc21
clobetasol_pubchem,,,clobetasol_pubchem.png,low,low,0.6234519222067924,wrong,,clobetasol,0.982,28,28,[HH].[HH].[H]O[C@H]1C[C@@]2(C)[C@@]([H])(C[C@H](C)[C@]2(O)C(=O)CCl)[C@]2([H])CCC3=CC(=O)C=C[C@]3(C)[C@@]12F
clomiphene_pubchem,,,clomiphene_pubchem.png,low,low,0.8143155092044908,wrong,,clomiphene,0.521,32,29,CCN(CC)CCOc1ccc(C(c2ccccc2)C(Cl)c2ccccc2)cc1.I.I.I
clonidine_pubchem,,,clonidine_pubchem.png,high,high,0.8539472331740439,wrong,,clonidine,0.933,16,14,Clc1cccc(Cl)c1NC1=NCCN1.I.I.[HH].[HH]
clopidogrel_pubchem,,,clopidogrel_pubchem.png,low,low,0.8072816785428034,wrong,,clopidogrel,0.978,23,21,COC(=O)[C@H](c1ccccc1Cl)N1CCc2sccc2C1.I.I
clozapine_pubchem,,,clozapine_pubchem.png,low,low,0.8096543174853352,wrong,,clozapine,0.474,24,23,[H]N1C(N2CCN(C)CC2)=c2ccccc2=Nc2ccc(Cl)cc21.[I-]
codeine_pubchem,,,codeine_pubchem.png,high,high,0.8829630511735715,wrong,,codeine,0.152,26,22,COc1ccc2c(c[n+](C)c3c4cc5c(cc4ccc23)OCO5)c1OC
coenzyme_a_pubchem,,,coenzyme_a_pubchem.png,low,low,0.651563974136717,wrong,,coenzyme a,0.065,11,48,CC(CO)C(=O)O.I.I.I.I.[HH]
colchicine_pubchem,,,colchicine_pubchem.png,low,low,0.7804164951706903,wrong,,colchicine,0.98,29,29,"COc1cc2c(c(OC)c1OC)-c1ccc(OC)c(=O)cc1[C@@H](NC(C)=O)CC2.[H].[H].[H] |^1:29,30,31|"
colistin_peptide_pubchem,,,colistin_peptide_pubchem.png,low,low,0.0002865633642988962,no-truth,,,,,,CCC(C)CCCC(=O)NC(CCN)C(=O)NC(CN[CH]1(C(=O)N[CH]23CN4C5=O=C54(=O)CNC(=O)C(CCN)NC(=O)C(CCNC)NC(=O)C(CC(C)C)NC(CC(C)C)NC(=O)C(CCN)N2C3=O)CC23NC(N2)C31)C(C)O.CCNC(=O)C(CO)NC(=O)C(CCN)C(=O)NC(CCNC)C(=O)N[CH]CC(C)C.O
colistin_pubchem,,,colistin_pubchem.png,low,low,0.0002865633642988962,invalid,,,,,,CCC(C)CCCC(=O)NC(CCN)C(=O)NC(CN[CH]1(C(=O)N[CH]23CN4C5=O=C54(=O)CNC(=O)C(CCN)NC(=O)C(CCNC)NC(=O)C(CC(C)C)NC(CC(C)C)NC(=O)C(CCN)N2C3=O)CC23NC(N2)C31)C(C)O.CCNC(=O)C(CO)NC(=O)C(CCN)C(=O)NC(CCNC)C(=O)N[CH]CC(C)C.O
complex_amphotericin_b_pubchem,,,complex_amphotericin_b_pubchem.png,low,low,0.01503194975778774,no-truth,,,,,,[H]C1=C([H])C([H])=C([H])C([H])=C([H])C(C)=C([H])C(C)[CH]2(O)[CH]34C[CH]25[CH]32C[CH]453OC45(=O)(=O)C[CH](O)(CC(O)CCC(O)C(O)CC(O)C[CH]6(O)CC(O)C(C(=O)[O-])C(CC(OC7OC(C)C(O)C([H])C7O)C([H])=C([H])C([H])=C([H])C([H])=C1[H])O6)C4CO235
complex_azithromycin_pubchem,,,complex_azithromycin_pubchem.png,low,low,0.8353431636778631,no-truth,,,,52,,[H]O[C@H]1[C@H](O[C@@H]2[C@@H](C)[C@H](O[C@H]3C[C@@](C)(OC)[C@@H](O[H])[C@H](C)O3)[C@@H](C)C(=O)O[C@H](CC)[C@@](C)(O)[C@H](O[H])[C@@H](C)N(C)C[C@H](C)C[C@@]2(C)O[H])O[C@H](C)C[C@@H]1N(C)C
complex_bryostatin_1_pubchem,,,complex_bryostatin_1_pubchem.png,high,high,0.9014971352680161,no-truth,,,,12,,[H]/C(=C(/[H])N(C)C)c1cc(C)ncn1
complex_chlorophyll_a_pubchem,,,complex_chlorophyll_a_pubchem.png,low,low,1.757810821187426e-10,no-truth,,,,,,C=CC1=CC=C2N=C34567(=C8=C39%10%11=C=4C8534%12(=C5(C)=C8%13%14%15=C%16%17%18%19%20=C%21%22%23%24%25=C%16%26%27%28%29=C=%17%21%16%30%31=C%22%17%21%32%33=N%22%34%35=C%17%36%37%38%39%40=C%17=C%22%21%36%41%42%43%44C%21C%17(=C1C)N%21%32%37%411[CH]%34%23%26%16%38%42%17[CH]%33(C%16(=O)=O=C([CH]%21%22(C(=O)OC)C%27%23=O=C%218(=O=%23)C=%13=%18=35(=C9%144C)C=%30%22%15%24%28%19[N]%10%20%12[Tb])O3CO%16C3)([CH]%39%43C)[CH]%35%25%29%311%40%44%17)C=%11=6)=C2(C)=C7CC.CCC(C)CCCC(C)CCCC(C)CCCC(C)=C(N)COC1234=O=C5678=O=1=C(=O=2=5)(C6C(=O)OC)(C37)O48
discodermolide_pubchem,,,discodermolide_pubchem.png,low,low,0.818678063283938,wrong,,discodermolide,0.986,42,42,[HH].[HH].[HH].[HH].[HH].[HH].[HH].[HH].[H].[H]/C(C=C)=C(\[H])[C@H](C)[C@H](OC(N)=O)[C@@H](C)[C@H](O)[C@@H](C)C/C(C)=C(/[H])[C@H](C)[C@@H](O)[C@@H](C)/C([H])=C(/[H])[C@@H](O)C[C@@H]1OC(=O)[C@H](C)[C@@H](O)[C@H]1C |^1:8|
disulfiram_pubchem,,,disulfiram_pubchem.png,low,low,0.3380794067976474,wrong,,disulfiram,0.941,34,16,CC.CCN(CC)C(=S)SSC(=S)N(CC)CC.CCN(CC)C(=S)SSC(=S)N(CC)CC
divarasib_onc_pubchem,,,divarasib_onc_pubchem.png,high,high,0.885884789897047,wrong,,divarasib,0.988,43,43,"C=CC(=O)N1CCN(c2nc(OC[C@@H]3CCCN3C)nc3c(F)c(-c4nc(N)cc(C)c4C(F)(F)F)c(Cl)cc23)[C@@H](C)C1.[H].[H] |^1:43,44|"
dm1_adc_pubchem,,,dm1_adc_pubchem.png,low,low,0.6117583859887221,no-truth,,,,48,,[H]OC1([C@H](OC)/C([H])=C([H])/C([H])=C(\C)Cc2cc(OC)c(Cl)c(N(C)C(=O)C[C@H](OC(=O)[C@H](C)N(C)C(=O)CCS)[C@]3(C)O[C@]3([H])[CH]C)c2)NC(=O)N1 |^1:46|
dofetilide_pubchem,,,dofetilide_pubchem.png,high,high,0.8904118367870438,wrong,,dofetilide,0.974,30,29,CN(CCOc1ccc(NS(C)(=O)=O)cc1)CCc1ccc(NS(C)(=O)=O)cc1.I
dolutegravir_pubchem,,,dolutegravir_pubchem.png,high,high,0.8931192183047979,exact,dolutegravir,dolutegravir,1.0,30,30,[H]Oc1c2n(cc(C(=O)NCc3ccc(F)cc3F)c1=O)C[C@]1([H])OCC[C@@H](C)N1C2=O
donepezil_pubchem,,,donepezil_pubchem.png,high,high,0.868379584773648,wrong,,donepezil,0.979,29,28,COc1cc2c(cc1OC)C(=O)C(CC1CCN(Cc3ccccc3)CC1)C2.Cl
dopamine_pubchem,,,dopamine_pubchem.png,low,low,0.7053767167460926,wrong,,dopamine,0.913,15,11,I.I.I.I.[HH].[HH].[H]NCCc1ccc(O)c(O)c1
doripenem_pubchem,,,doripenem_pubchem.png,low,low,0.4987707479115727,wrong,,doripenem,0.983,27,27,[HH].[HH].[HH].[HH].[HH].[HH].[HH].[HH].[H]N1C[C@H](SC2=C(C(=O)O)N3C(=O)[C@@]([H])([C@@H](C)O)[C@@]3([H])[C@H]2C)C[C@H]1CNS(N)(=O)=O
dorzolamide_pubchem,,,dorzolamide_pubchem.png,high,high,0.8556912343620358,wrong,,dorzolamide,0.976,19,19,"[H].[H].[H]NS(=O)(=O)c1cc2c(s1)S(=O)(=O)[C@@H](C)C[C@@H]2NCC |^1:0,1|"
doxazosin_pubchem,,,doxazosin_pubchem.png,high,high,0.8878510789070914,exact,doxazosin,doxazosin,1.0,33,33,[H]Nc1nc(N2CCN(C(=O)C3COc4ccccc4O3)CC2)nc2cc(OC)c(OC)cc12
doxepin_pubchem,,,doxepin_pubchem.png,low,low,4.71166297426844e-07,wrong,,doxepin,0.028,22,21,CC.CC.CC.CC.CC.CC.CC.CC.CC.CC.CC
doxorubicin_pubchem,,,doxorubicin_pubchem.png,low,low,0.8369035400814423,wrong,,doxorubicin,0.986,39,39,[HH].[HH].[HH].[HH].[H]Oc1c2c(c(O)c3c1C(=O)c1cccc(OC)c1C3=O)[C@@H](O[C@H]1C[C@H](N)[C@H](O)[C@H](C)O1)C[C@](O)(C(=O)CO)C2
doxycycline_pubchem,,,doxycycline_pubchem.png,low,low,0.8067281463656888,wrong,,doxycycline,1.0,32,32,"[H].[H].[H].[H].[H].[H].[H]OC1=C(C(N)=O)C(=O)[C@@H](N(C)C)[C@]2([H])[C@@H](O)[C@@]3([H])C(=C(O)c4c(O)cccc4[C@@H]3C)C(=O)[C@]12O |^1:0,1,2,3,4,5|"
dronedarone_pubchem,,,dronedarone_pubchem.png,high,high,0.8715838843847954,wrong,,dronedarone,0.746,39,39,CCCCc1oc2ccc(N[SH](C)(=O)O)cc2c1C(=O)c1ccc(OCCCN(CCCC)CCCC)cc1
dt2216_protac_pubchem,,,dt2216_protac_pubchem.png,low,low,3.360747355616105e-24,no-truth,,,,130,,C.C.C.C.C.C.C.C.C.C.C.C.C.C.C.C.C.C.C.C.C.C.C.C.C.C.C.C.C.C.C.C.C.C.C.C.C.C.C.C.C.C.C.C.C.CC.CC.CC.CC.CC.CC.CC.CC.CC.CC.CC.CC.CC.CC.CC.CC.CC.CC.CC.CC.CC.CC.CC.CC.CC.CC.CC.CC.CC.CC.CC.CC.CC.CC.CC.CC.CC.CC.CC.CCCCC(C)C
duloxetine_pubchem,,,duloxetine_pubchem.png,low,low,0.1176542848566727,invalid,,,,,,[H]NCCC1O2C3=C(=C4(=CC=CC5=CC=CC=C54)O[CH]2(CCNC)(C2=CC=C[S-]2)C12=CC=C[S-]2)C=CC1=CC=CC=C13
dxd_adc_pubchem,,,dxd_adc_pubchem.png,low,low,0.3428655121155932,no-truth,,,,,,CCC1(O)C(=O)OCC2=C1C=C1C3=NC45=CC(F)=C(C)C67=C489C4%10%11=C8(=C=6594)(C=3%10CN1C2=O)[CH]%11(N)CC7.[HH].[HH].[HH]
edoxaban_pubchem,,,edoxaban_pubchem.png,high,high,0.8643392219069841,wrong,,edoxaban,0.986,37,37,CN1CCc2nc(C(=O)N[C@@H]3C[C@@H](C(=O)N(C)C)CC[C@@H]3NC(=O)C(=O)Nc3ccc(Cl)cn3)sc2C1.[HH].[HH].[HH].[HH]
efavirenz_pubchem,,,efavirenz_pubchem.png,high,high,0.8520710539526729,wrong,,efavirenz,0.956,22,21,I.O=C1Nc2ccc(Cl)cc2[C@@](C#CC2CC2)(C(F)(F)F)O1.[HH]
elacestrant_onc_pubchem,,,elacestrant_onc_pubchem.png,low,low,0.8312378795820745,wrong,,elacestrant,0.984,34,34,"[H].[H].[H]N(CC)CCc1ccc(CN(CC)c2cc(OC)ccc2[C@@]2([H])CCc3cc(O)ccc3C2)cc1 |^1:0,1|"
eletriptan_pubchem,,,eletriptan_pubchem.png,high,high,0.8707660842031385,wrong,,eletriptan,0.981,27,27,CN1CCC[C@@H]1Cc1c[nH]c2ccc(CCS(=O)(=O)c3ccccc3)cc12.[HH]
elvitegravir_pubchem,,,elvitegravir_pubchem.png,low,low,0.09104041060681928,invalid,,,,,,CC.COC1=CC23=C(C=C1CC1=C(F)C(Cl)=CC=C1)C(=O)C14=C(=C1C(=O)O)N215=C=4N3([CH]1(CO)C(C)C)[CH]5(CO)C(C)C.[HH]
empagliflozin_pubchem,,,empagliflozin_pubchem.png,low,low,0.8333650078723375,wrong,,empagliflozin,0.982,31,31,"OC[C@H]1O[C@@H](c2ccc(Cl)c(Cc3ccc(O[C@H]4CCOC4)cc3)c2)[C@H](O)[C@@H](O)[C@@H]1O.[HH].[H].[H].[H] |^1:32,33,34|"
emtricitabine_pubchem,,,emtricitabine_pubchem.png,low,low,0.7885558103946525,wrong,,emtricitabine,0.585,17,16,I.Nc1nc(=O)n([C@@H]2C[S-][C@H](CO)O2)cc1F.[HH].[HH].[HH] |^1:9|
enalapril_pubchem,,,enalapril_pubchem.png,low,low,0.8225189021951085,wrong,,enalapril,0.98,27,27,CCOC(=O)[C@H](CCc1ccccc1)N[C@@H](C)C(=O)N1CCC[C@H]1C(=O)O.[HH].[HH].[HH]
enasidenib_onc_pubchem,,,enasidenib_onc_pubchem.png,low,low,0.8218535173453965,wrong,,enasidenib,0.98,33,33,[HH].[H]N(CC(C)(C)O)c1nc(Nc2ccnc(C(F)(F)F)c2)nc(-c2cccc(C(F)(F)F)n2)n1
entacapone_pubchem,,,entacapone_pubchem.png,high,high,0.8573671429945742,wrong,,entacapone,0.977,22,22,[HH].[HH].[HH].[H]/C(=C(/C#N)C(=O)N(CC)CC)c1cc(O)c(O)c([N+](=O)[O-])c1
entrectinib_roche_pubchem,,,entrectinib_roche_pubchem.png,low,low,0.8409444064363131,no-truth,,,,41,,[HH].[HH].[H].[H]n1nc(NC(=O)c2ccc(N3CCN(C)CC3)cc2NC2CCOCC2)c2cc(Cc3cc(F)cc(F)c3)ccc21 |^1:2|
enzalutamide_pubchem,,,enzalutamide_pubchem.png,high,high,0.8675722817876562,wrong,,enzalutamide,0.983,32,32,CNC(=O)c1ccc(N2C(=S)N(c3ccc(C#N)c(C(F)(F)F)c3)C(=O)C2(C)C)cc1F.[H] |^1:32|
epigallocatechin_gallate_pubchem,,,epigallocatechin_gallate_pubchem.png,low,low,0.8150045476995923,wrong,,epigallocatechin gallate,0.955,33,33,[HH].[HH].[HH].[HH].[HH].[HH].[H].[H]Oc1cc(O)c2c(c1)O[C@H](c1cc(O)c(O)c(O)c1)[C@H](OC(=O)c1cc(O)c(O)c(O)c1)C2 |^1:6|
epinephrine_pubchem,,,epinephrine_pubchem.png,low,low,0.04537392455627346,wrong,,epinephrine,0.963,118,13,CNC[C@H](O)c1ccc(O)c(O)c1.I.I.I.I.I.I.I.I.I.I.I.I.I.I.I.I.I.I.I.I.I.I.I.I.I.I.I.I.I.I.I.I.I.I.I.I.I.I.I.I.I.I.I.I.I.I.I.I.I.I.I.I.I.I.I.I.I.I.I.I.I.I.I.I.I.I.I.I.I.I.I.I.I.I.I.I.I.I.I.I.I.I.I.I.I.I.I.I.I.I.I.I.I.I.I.I.I.I.I.I.I.I.I.I.I
eplerenone_pubchem,,,eplerenone_pubchem.png,low,low,0.1028585504079504,invalid,,,,,,[H]C12CCC3(CCC(=O)O3)C1(C)CC1([H])OC134C2([H])C(C(=O)OC)CC125=CC(=O)CCC316(C)CC42C6CC(=O)C=5
epothilone_pubchem,,,epothilone_pubchem.png,high,high,0.8627918277446214,wrong,,epothilone,0.703,34,34,"[H].[H].[H]/C(C1=C[S-]C(C)=N1)=C(/C)[C@@H]1C[C@@H]2O[C@@H]2CCC[C@H](C)[C@H](O)[C@@H](C)C(=O)C(C)(C)[C@H](O)CC(=O)O1 |^1:0,1,6|"
eprosartan_pubchem,,,eprosartan_pubchem.png,high,high,0.8636929920489418,wrong,,eprosartan,0.983,30,30,[HH].[HH].[H]/C(=C(/Cc1cccs1)C(=O)O)c1cnc(CCCC)n1Cc1ccc(C(=O)O)cc1
erdafitinib_jnj_pubchem,,,erdafitinib_jnj_pubchem.png,high,high,0.892284625946176,no-truth,,,,33,,[H]N(CCN(c1cc(OC)cc(OC)c1)c1ccc2ncc(-c3cnn(C)c3)nc2c1)C(C)C
ergocalciferol_pubchem,,,ergocalciferol_pubchem.png,low,low,0.8060268609725548,wrong,,ergocalciferol,0.981,29,29,[HH].[H]C(=C1\C[C@@H](O)CCC1=C)/C([H])=C1\CCC[C@]2(C)[C@]([H])([C@H](C)/C([H])=C(\[H])[C@H](C)C(C)C)CC[C@]12[H]
eribulin_pubchem,,,eribulin_pubchem.png,low,low,1.74079587792228e-05,invalid,,,,,,[H]NCC([H])C[CH]OC1([H])CC23([H])OC([H])(CCC4([H])OC5([H])(CCC6789%10OC6%11%12%13%14%15%16([H])[H]C%116%17OC%11%18%19([H])C6([H])OC%126%20([H])C7C6%13([H])(OC%17%11([H])C%14([H])OC67([H])CCC([H])O%11C([H])(CC(=O)CC1[H])OC6%18([H])C%117%19[H])C%208C%15(C9C5)O%10%16)CC4=C)C1C4(C)C2[CH]1(C)C43=C
erlotinib_pubchem,,,erlotinib_pubchem.png,low,low,0.3660251314204906,invalid,,,,,,[H]C#CC1=CC(NCC2=CC(OCCOC)=C3(OCCOC)=C(OCCOC)C=C4C(NC5=CC=CC(C#C[H])=C5)=NC=NC24=C3)=CC=C1
erlotinib_roche_pubchem,,,erlotinib_roche_pubchem.png,low,low,0.3660251314204906,no-truth,,,,,,[H]C#CC1=CC(NCC2=CC(OCCOC)=C3(OCCOC)=C(OCCOC)C=C4C(NC5=CC=CC(C#C[H])=C5)=NC=NC24=C3)=CC=C1
ertapenem_pubchem,,,ertapenem_pubchem.png,low,low,0.7475379603496756,wrong,,ertapenem,0.984,33,33,[HH].[HH].[HH].[HH].[HH].[HH].[HH].[HH].[H][C@@]1([C@@H](C)O)C(=O)N2C(C(=O)O)=C(S[C@H]3CN[C@H](C(=O)Nc4cccc(C(=O)O)c4)C3)[C@H](C)[C@@]21[H]
ertugliflozin_pubchem,,,ertugliflozin_pubchem.png,low,low,0.2360637006654727,invalid,,,,,,CCOC1=CC=C(CC2=C(Cl)C=CC(C345COC6(CO)(CO)O3C64C(O)C(O)C5O)=C2)C=C1.[HH].[HH].[HH]
erythromycin_pubchem,,,erythromycin_pubchem.png,low,low,0.8113717215105449,wrong,,erythromycin,0.987,51,51,[HH].[HH].[HH].[H]O[C@]1(C)C[C@@H](C)C(=O)[C@H](C)[C@@H](O)[C@](C)(O)[C@@H](CC)OC(=O)[C@H](C)[C@@H](O[C@H]2C[C@@](C)(OC)[C@@H](O)[C@H](C)O2)[C@H](C)[C@H]1O[C@@H]1O[C@H](C)C[C@H](N(C)C)[C@H]1O
escitalopram_pubchem,,,escitalopram_pubchem.png,high,high,0.8604764733742506,exact,escitalopram,escitalopram,1.0,24,24,CN(C)CCC[C@@]1(c2ccc(F)cc2)OCc2cc(C#N)ccc21
esketamine_pubchem,,,esketamine_pubchem.png,low,low,0.6768775932765156,exact,esketamine,esketamine,1.0,16,16,[H]N(C)[C@]1(c2ccccc2Cl)CCCCC1=O
eslicarbazepine_pubchem,,,eslicarbazepine_pubchem.png,low,low,0.472602561372288,wrong,,eslicarbazepine,0.97,19,19,NC(=O)N1c2ccccc2C[C@H](O)c2ccccc21.[HH].[HH]
esomeprazole_az_pubchem,,,esomeprazole_az_pubchem.png,low,low,0.0671187092920553,invalid,,,,,,COC1=CC2=C(C=C1)N=C(S(O)CC1=C(C)C3(OC)=C(C3)C(C)C=N1)N2.[HH]
esomeprazole_pubchem,,,esomeprazole_pubchem.png,low,low,0.0671187092920553,invalid,,,,,,COC1=CC2=C(C=C1)N=C(S(O)CC1=C(C)C3(OC)=C(C3)C(C)C=N1)N2.[HH]
estradiol_pubchem,,,estradiol_pubchem.png,low,low,0.5158272967472284,wrong,,estradiol,0.975,20,20,[HH].[HH].[H][C@@]12CCc3cc(O)ccc3[C@@]1([H])CC[C@]1(C)[C@@H](O)CC[C@]21[H]
estriol_pubchem,,,estriol_pubchem.png,low,low,0.639206268845376,wrong,,estriol,0.976,21,21,[HH].[HH].[HH].[HH].[H]O[C@@H]1C[C@@]2([H])[C@]3([H])CCc4cc(O)ccc4[C@@]3([H])CC[C@]2(C)[C@H]1O
estrone_pubchem,,,estrone_pubchem.png,low,low,0.3334223028071369,wrong,,estrone,0.975,20,20,[HH].[H][C@@]12CCc3cc(O)ccc3[C@@]1([H])CC[C@]1(C)C(=O)CC[C@]21[H]
ethambutol_pubchem,,,ethambutol_pubchem.png,low,low,0.7942345064177468,wrong,,ethambutol,0.944,14,14,CC[C@@H](CO)NCCN[C@@H](CC)CO.[HH].[HH].[HH].[HH].[HH]
ethosuximide_pubchem,,,ethosuximide_pubchem.png,low,low,0.7432394564704952,wrong,,ethosuximide,0.913,13,10,CCC1(C)CC(=O)NC1=O.I.I.I.[HH]
etidocaine_az_pubchem,,,etidocaine_az_pubchem.png,high,high,0.849867055707867,wrong,,etidocaine,0.947,22,20,CCCN(CC)C(CC)C(=O)Nc1c(C)cccc1C.I.I.[HH]
etodolac_pubchem,,,etodolac_pubchem.png,low,low,0.4142558667407542,invalid,,,,,,CCC1=CC=CC2=C3CCOC(CC)(CC(=O)O)C3=NC=12.[HH].[HH]
etoposide_pubchem,,,etoposide_pubchem.png,low,low,0.5456697948624153,exact,etoposide,etoposide,1.0,42,42,[H]Oc1c(OC)cc([C@@H]2c3cc4c(cc3[C@@H](O[C@@H]3O[C@]5([H])CO[C@@H](C)O[C@@]5([H])[C@H](O)[C@H]3O)[C@@]3([H])COC(=O)[C@]23[H])OCO4)cc1OC
eugenol_pubchem,,,eugenol_pubchem.png,low,low,0.6849561236280726,wrong,,eugenol,0.875,17,12,C=CCc1ccc(O)c(OC)c1.I.I.I.II.[HH]
everolimus_pubchem,,,everolimus_pubchem.png,low,low,5.434837642432742e-09,invalid,,,,,,O.[H].[H]C1C2[CH]3(OC)C4C(OC)C5C6([H])([H])C7CC8[CH]9%10C%11C(C)C([H])(CC(=O)C(C)C([H])=C(C)[CH]O)OC(=O)C%12([H])CCCCN%12C(=O)C(=O)C%12([CH]C)(OC)OC([H])(C[CH]24(OC)C3(C)=C[CH]5234(OC)C[CH]8%115%13%14CC[CH]68(OCC(O)OCCO7)C2([H])([H])[CH]82(OC)C956[CH]5(OC)C%103%13[CH]5624%14)O1%12
exemestane_az_pubchem,,,exemestane_az_pubchem.png,low,low,0.6521560876063195,stereo,exemestane,exemestane,1.0,22,22,[H][C@@]12CC(=C)C3=CC(=O)C=C[C@]3(C)[C@@]1([H])CC[C@]1(C)C(=O)CC[C@]21[H]
exemestane_pubchem,,,exemestane_pubchem.png,low,low,0.6521560876063195,stereo,exemestane,exemestane,1.0,22,22,[H][C@@]12CC(=C)C3=CC(=O)C=C[C@]3(C)[C@@]1([H])CC[C@]1(C)C(=O)CC[C@]21[H]
ezetimibe_pubchem,,,ezetimibe_pubchem.png,low,low,0.5037996588751713,invalid,,,,,,O=C1C(CC[CH]2(O)C3=C4C5=C3C42=CC=C5F)C(C2=CC=C(O)C=C2)N1C1=CC=C(F)C=C1.[HH].[HH]
fadh2_pubchem,,,fadh2_pubchem.png,low,low,4.315736025514973e-05,invalid,,,,,,CC1=CC2=C345=C67=C(C=C(C)(=C3=C1C)C(C)=C6)N41CC(O)[CH]3(O)[CH]4(O)C(OP(=O)(O)O)[CH]3(O)(COP(=O)(O)O)[CH]4(O)C(O)CN5C34=N5=C16=NC18(=O)=O=C5N1C1(=O)(C3=N2)N8C(=O)C461=N7.[H]NC1=C2N=CN(C3OC(COPO)C(O)C3O)C2=NC=N1
famciclovir_pubchem,,,famciclovir_pubchem.png,low,low,0.6714424557784922,wrong,,famciclovir,0.977,23,23,CC(=O)OCC(CCn1cnc2cnc(N)nc21)COC(C)=O.[HH].[HH].[HH].[HH]
famotidine_pubchem,,,famotidine_pubchem.png,low,low,0.8141631475888103,wrong,,famotidine,0.977,20,20,"[H].[H].[H].[H].[H]NS(=O)(=O)/N=C(\N)CCSCc1csc(N=C(N)N)n1 |^1:0,1,2,3|"
farxiga_az_pubchem,,,farxiga_az_pubchem.png,low,low,0.8321183463469898,wrong,,farxiga,0.842,29,34,CCOc1ccc(Cc2cc([C@@H]3O[C@H](CO)[C@@H](O)[C@H](O)[C@H]3O)ccc2Cl)cc1.I.[HH].[HH].[HH].[HH]
faslodex_az_pubchem,,,faslodex_az_pubchem.png,low,low,0.055152531287957,invalid,,,,,,CCCCCCCCCSCCCC(F)(F)C(F)(F)F.O.[H]C12CCC(C)CC1([H])C(CCCCCCCCCSCCCC(F)(F)C(F)(F)F)CC1=CC(O)=CC=C=12
felodipine_az_pubchem,,,felodipine_az_pubchem.png,low,low,0.8402155581829861,wrong,,felodipine,0.976,25,25,CCOC(=O)C1=C(C)NC(C)=C(C(=O)OC)C1c1cccc(Cl)c1Cl.[HH]
felodipine_pubchem,,,felodipine_pubchem.png,low,low,0.8402155581829861,wrong,,felodipine,0.976,25,25,CCOC(=O)C1=C(C)NC(C)=C(C(=O)OC)C1c1cccc(Cl)c1Cl.[HH]
fenofibrate_pubchem,,,fenofibrate_pubchem.png,low,low,0.823480336911734,wrong,,fenofibrate,0.946,28,25,CC(C)OC(=O)C(C)(C)Oc1ccc(C(=O)c2ccc(Cl)cc2)cc1.Cl.I.I
fenoldopam_pubchem,,,fenoldopam_pubchem.png,low,low,0.6330479777079341,wrong,,fenoldopam,0.974,21,21,Oc1ccc(C2CNCCc3c2cc(O)c(O)c3Cl)cc1.[HH].[HH].[HH]
fenoprofen_pubchem,,,fenoprofen_pubchem.png,low,low,0.727506691628593,wrong,,fenoprofen,0.967,20,18,CC(C(=O)O)c1cccc(Oc2ccccc2)c1.I.I.[HH]
fentanyl_pubchem,,,fentanyl_pubchem.png,low,low,0.7865832895467558,wrong,,fentanyl,0.976,30,25,CCC(=O)N(c1ccccc1)C1CCN(CCc2ccccc2)CC1.I.I.I.I.I
fexofenadine_pubchem,,,fexofenadine_pubchem.png,low,low,0.8309857733947921,wrong,,fexofenadine,0.941,38,37,"CC(C)(C(=O)O)c1ccc(C(O)CCCN2CCC(C(O)(c3ccccc3)c3ccccc3)CC2)cc1.I.[HH].[H].[H].[H] |^1:39,40,41|"
fidaxomicin_pubchem,,,fidaxomicin_pubchem.png,low,low,0.003032818598284466,invalid,,,,,,[H]C1=CCC(O)C([H])=CC(CC)C(OC2OC(C)(C)C(OC(=O)C(C)C)C(O)C2O)C(C)=CC2([H])=C(C2)C2C3([H])CC23OC(=O)C2(COC3OC(C)C(OC(=O)C4=C(CC)C(Cl)=C(O)C(Cl)=C4O)C(O)C3OC)=C(C([H])([H])=C)C3(O)=C1C32([H])=O
fimasartan_pubchem,,,fimasartan_pubchem.png,high,high,0.8465441200120042,wrong,,fimasartan,0.985,36,36,CCCCc1nc(C)c(CC(=S)N(C)C)c(=O)n1Cc1ccc(-c2ccccc2-c2nn[nH]n2)cc1.[HH]
finasteride_merck_pubchem,,,finasteride_merck_pubchem.png,low,low,0.7933360672564023,no-truth,,,,27,,[HH].[H].[H][C@@]12CC[C@@]3([H])NC(=O)C=C[C@]3(C)[C@@]1([H])CC[C@]1(C)[C@@H](C(=O)NC(C)(C)C)CC[C@@]21[H] |^1:1|
finasteride_pubchem,,,finasteride_pubchem.png,low,low,0.7933360672564023,wrong,,finasteride,0.962,27,27,[HH].[H].[H][C@@]12CC[C@@]3([H])NC(=O)C=C[C@]3(C)[C@@]1([H])CC[C@]1(C)[C@@H](C(=O)NC(C)(C)C)CC[C@@]21[H] |^1:1|
flecainide_pubchem,,,flecainide_pubchem.png,low,low,0.7602947398265927,wrong,,flecainide,0.98,28,28,O=C(NCC1CCCCN1)c1cc(OCC(F)(F)F)ccc1OCC(F)(F)F.[HH].[HH].[HH]
fludrocortisone_pubchem,,,fludrocortisone_pubchem.png,low,low,0.4442380915065169,wrong,,fludrocortisone,0.981,27,27,"[HH].[H].[H].[H]O[C@H]1C[C@@]2(C)[C@]([H])(CC[C@]2(O)C(=O)CO)[C@]2([H])CCC3=CC(=O)CC[C@]3(C)[C@@]12F |^1:1,2|"
fluorescein_pubchem,,,fluorescein_pubchem.png,high,high,0.8607701797861654,wrong,,fluorescein,0.971,25,25,O=C1OC2(c3ccc(O)cc3Oc3cc(O)ccc32)c2ccccc21.[HH].[HH]
fluorouracil_pubchem,,,fluorouracil_pubchem.png,low,low,0.7716123515075212,wrong,,fluorouracil,0.905,11,9,I.I.O=c1[nH]cc(F)c(=O)[nH]1.[HH]
fluoxetine_pubchem,,,fluoxetine_pubchem.png,low,low,0.7748103524233776,wrong,,fluoxetine,0.973,25,22,CNCCC(Oc1ccc(C(F)(F)F)cc1)c1ccccc1.I.I.I
flurbiprofen_pubchem,,,flurbiprofen_pubchem.png,high,high,0.8833756502237218,wrong,,flurbiprofen,0.969,18,18,[HH].[H]C(C)(C(=O)O)c1ccc(-c2ccccc2)c(F)c1
flutamide_pubchem,,,flutamide_pubchem.png,low,low,0.704226195998176,wrong,,flutamide,0.974,19,19,CC(C)C(=O)Nc1ccc([N+](=O)[O-])c(C(F)(F)F)c1.[HH].[HH].[HH]
fluticasone_pubchem,,,fluticasone_pubchem.png,low,low,0.001309286424455416,invalid,,,,,,[H]O[CH]12CC34(C)C5(OC(=O)CC)(C6(=O)SC6F)C(C)CC36([H])C378([H])C9[CH]%10(F)C%11%12%13=CC(=O)C=CC%11%14%15(C)C%10%11%16=CC(=O)C=CC%12%11%10(C)C13%14%11(F)[CH]1(O[H])CC5463(C)C(OC(=O)CC)(C(=O)SCF)C(C)CC73([H])C%11([H])(C[CH]9%13%16F)C218%15%10F
fluvoxamine_pubchem,,,fluvoxamine_pubchem.png,low,low,0.8227656108374346,wrong,,fluvoxamine,0.952,23,22,I.[HH].[H]NCCO/N=C(\CCCCOC)c1ccc(C(F)(F)F)cc1
folic_acid_pubchem,,,folic_acid_pubchem.png,high,high,0.8563513871959263,wrong,,folic acid,0.769,32,32,"Nc1nc(=O)c2nc(CNc3ccc(C(=O)N[C@@H](CCC(=O)O)C(=O)O)cc3)cnc2[nH]1.[HH].[H].[H].[H] |^1:33,34,35|"
formoterol_az_pubchem,,,formoterol_az_pubchem.png,high,high,0.8595725097834541,wrong,,formoterol,0.96,26,25,I.[HH].[HH].[HH].[H]C(=O)Nc1cc(C(O)CNC(C)Cc2ccc(OC)cc2)ccc1O
foscarnet_pubchem,,,foscarnet_pubchem.png,low,low,0.6307707315516983,wrong,,foscarnet,0.833,12,7,I.I.I.I.I.O=C(O)P(=O)(O)O.[HH]
fosfomycin_pubchem,,,fosfomycin_pubchem.png,low,low,0.6513385435233969,wrong,,fosfomycin,0.941,8,8,C[C@@H]1O[C@@H]1P(=O)(O)O.[HH].[HH]
fosinopril_pubchem,,,fosinopril_pubchem.png,low,low,0.3335070407118829,wrong,,fosinopril,0.97,39,39,[HH].[H].[H][C@@]1(C2CCCCC2)C[C@@H](C(=O)O)N(C(=O)CP(=O)(CCCCc2ccccc2)O[C@H](OC(=O)CC)C(C)C)C1 |^1:1|
frovatriptan_pubchem,,,frovatriptan_pubchem.png,low,low,0.7721974362569454,wrong,,frovatriptan,0.977,18,18,CN[C@@H]1CCc2[nH]c3ccc(C(N)=O)cc3c2C1.[HH].[HH].[HH].[HH]
fructose_pubchem,,,fructose_pubchem.png,low,low,0.7653432434540096,wrong,,fructose,0.92,15,12,I.I.I.[HH].[H]OCC1(O)OC[C@@H](O)[C@@H](O[H])[C@@H]1O
fulvestrant_az_pubchem,,,fulvestrant_az_pubchem.png,low,low,0.055152531287957,invalid,,,,,,CCCCCCCCCSCCCC(F)(F)C(F)(F)F.O.[H]C12CCC(C)CC1([H])C(CCCCCCCCCSCCCC(F)(F)C(F)(F)F)CC1=CC(O)=CC=C=12
fulvestrant_pubchem,,,fulvestrant_pubchem.png,low,low,0.055152531287957,invalid,,,,,,CCCCCCCCCSCCCC(F)(F)C(F)(F)F.O.[H]C12CCC(C)CC1([H])C(CCCCCCCCCSCCCC(F)(F)C(F)(F)F)CC1=CC(O)=CC=C=12
furan_pubchem,,,furan_pubchem.png,low,low,0.5924752560678168,wrong,,furan,0.727,10,5,I.I.I.II.c1ccoc1
futibatinib_onc_pubchem,,,futibatinib_onc_pubchem.png,high,high,0.8840847204311159,wrong,,futibatinib,0.704,31,31,C=CC(=O)N1CC[C@H](n2nc(C=Cc3cc(OC)cc(OC)c3)c3c(N)ncnc32)C1
gabapentin_pubchem,,,gabapentin_pubchem.png,low,low,0.5962954997134154,wrong,,gabapentin,0.957,12,12,NCC1(CC(=O)O)CCCCC1.[HH].[HH]
galactose_pubchem,,,galactose_pubchem.png,low,low,0.8161003279301025,wrong,,galactose,0.895,13,12,I.OC[C@H]1OC(O)[C@H](O)[C@@H](O)[C@H]1O.[HH].[HH].[H] |^1:15|
ganciclovir_pubchem,,,ganciclovir_pubchem.png,low,low,0.7877451986559336,wrong,,ganciclovir,0.976,18,18,Nc1nc2c(ncn2COC(CO)CO)c(=O)[nH]1.[HH].[HH].[HH].[HH].[HH].[HH].[HH]
gefitinib_az_pubchem,,,gefitinib_az_pubchem.png,high,high,0.8518518384991134,wrong,,gefitinib,0.984,32,31,COc1cc2ncnc(Nc3ccc(F)c(Cl)c3)c2cc1OCCCN1CCOCC1.Cl
gefitinib_pubchem,,,gefitinib_pubchem.png,high,high,0.8518518384991134,wrong,,gefitinib,0.984,32,31,COc1cc2ncnc(Nc3ccc(F)c(Cl)c3)c2cc1OCCCN1CCOCC1.Cl
geldanamycin_pubchem,,,geldanamycin_pubchem.png,low,low,0.004795763699576303,invalid,,,,,,[H]NC(=O)O[CH]12C3=C45[H]C([H])(=C([H])C6([H])=C78(C)=C9%10%11=C6(C)(C([H])(=C4[H])[H]9)C7%10(=O)N%11C=CC(=O)C(OC)=C4(=C(OC)C(=O)C=C(NC8=O)C4=O)CC(C)CC(OC)C(O)C(C)=C([H])C1C)[CH]52(OC)O3C
gemcitabine_pubchem,,,gemcitabine_pubchem.png,low,low,0.8406710166146361,wrong,,gemcitabine,0.952,19,18,I.[HH].[HH].[H]O[C@@H]1[C@@H](CO)O[C@@H](n2ccc(N)nc2=O)C1(F)F
gemfibrozil_pubchem,,,gemfibrozil_pubchem.png,low,low,0.7274996623731432,wrong,,gemfibrozil,0.971,24,18,Cc1ccc(C)c(OCCCC(C)(C)C(=O)O)c1.I.I.I.I.I.I
gentamicin_pubchem,,,gentamicin_pubchem.png,low,low,0.4830513248473833,invalid,,,,,,[HH].[H].[H].[H].[H].[H].[H]NC1CCC2(OC1OC1C(N[H])CC(N)C(OC3OCC(C)([O-])C(NC)C3O[H])C1O)C([H])(C)[H]C2([H])(C)NC
gingerol_pubchem,,,gingerol_pubchem.png,low,low,0.2837785879879727,wrong,,gingerol,0.956,23,21,CC.CCCCC[C@H](O)CC(=O)CCc1ccc(O)c(OC)c1.[HH].[HH]
gliclazide_pubchem,,,gliclazide_pubchem.png,low,low,0.2416770742162812,invalid,,,,,,[H]N(C(=O)NS(=O)(=O)C1=CC=C(C)C=C1)N1CC2CCCC2(C2CCC3CN(NC(=O)N([H])S(=O)(=O)=O)CC32)C1
glimepiride_pubchem,,,glimepiride_pubchem.png,low,low,0.771888531089182,wrong,,glimepiride,0.967,35,34,"CCC1=C(C)CN(C(=O)NCCc2ccc(S(=O)(=O)NC(=O)NC3CCC(C)CC3)cc2)C1=O.I.[H].[H].[H].[H] |^1:35,36,37,38|"
glipizide_pubchem,,,glipizide_pubchem.png,high,high,0.8601521294003949,wrong,,glipizide,0.981,33,31,Cc1cnc(C(=O)NCCc2ccc(S(=O)(=O)NC(=O)NC3CCCCC3)cc2)cn1.I.I
glucose_pubchem,,,glucose_pubchem.png,low,low,0.8089796169080732,wrong,,glucose,0.895,13,12,I.OC[C@H]1OC(O)[C@H](O)[C@@H](O)[C@@H]1O.[HH].[HH].[H] |^1:15|
glutamic_acid_pubchem,,,glutamic_acid_pubchem.png,low,low,0.7869605512621703,wrong,,glutamic acid,0.9,12,10,I.I.[HH].[H].[H]OC(=O)CC[C@H](N)C(=O)O |^1:3|
glutamine_pubchem,,,glutamine_pubchem.png,low,low,0.7373341477403864,wrong,,glutamine,0.905,14,10,I.I.I.I.[HH].[H]NC(=O)CC[C@H](N[H])C(=O)O
glyburide_pubchem,,,glyburide_pubchem.png,high,high,0.9014814225490662,exact,glyburide,glyburide,1.0,33,33,COc1ccc(Cl)cc1C(=O)NCCc1ccc(S(=O)(=O)NC(=O)NC2CCCCC2)cc1
glycerol_pubchem,,,glycerol_pubchem.png,low,low,0.769062277368316,wrong,,glycerol,0.818,8,6,I.I.OCC(O)CO.[HH]
glycine_pubchem,,,glycine_pubchem.png,low,low,0.6420657534984386,wrong,,glycine,0.833,9,5,I.I.I.I.[H].[H]NCC(=O)O |^1:4|
glycopyrronium_az_pubchem,,,glycopyrronium_az_pubchem.png,low,low,0.2782862549902912,wrong,,glycopyrronium,0.511,23,23,[HH].[H]C1(OC(=O)C(O)(C2CCCC2)C2CCCC2)CC[N+](C)(C)CC1
glyphosate_pubchem,,,glyphosate_pubchem.png,low,low,0.7081347769415558,wrong,,glyphosate,0.95,14,10,I.I.I.I.[HH].[H]N(CC(=O)O)CP(=O)(O)O
goserelin_peptide_pubchem,,,goserelin_peptide_pubchem.png,low,low,0.06042776489632346,no-truth,,,,,,[H]NC(=O)N1NC1(=O)C1CCCN1C(=O)C(CCCN=C(N)N)NC(=O)C(CC(C)C)NC(=O)C(COC(C)(C)C)NC(=O)C(CC1=CC=C(O[H])C=C1)NC(=O)C(CO)N([H])C(=O)C(CC1=CNC2=CC=CC=C12)NC(=O)C(CC1=CN=CN1)NC(=O)C1CCC(=O)N1
granisetron_pubchem,,,granisetron_pubchem.png,low,low,0.1220617995178738,invalid,,,,,,[HH].[H]C12CCCC3([H])(CC(NC(=O)C4=NN(C)C5=CC=CC=C54)CC3([H])C1)N2C
gtp_pubchem,,,gtp_pubchem.png,low,low,0.8374326546379898,wrong,,gtp,0.766,32,32,"Nc1nc(=O)c2ncn([C@@H]3O[C@H](COP(=O)(O)OP(=O)(O)OP(=O)(O)O)[C@@H](O)[C@H]3O)c2[nH]1.[H].[H].[H].[H].[H].[H] |^1:32,33,34,35,36,37|"
guaifenesin_pubchem,,,guaifenesin_pubchem.png,low,low,0.7944182384102472,wrong,,guaifenesin,0.9,16,14,COc1ccccc1OCC(O)CO.II.[HH].[HH].[HH].[HH]
haloperidol_pubchem,,,haloperidol_pubchem.png,low,low,0.8383405714145706,wrong,,haloperidol,0.956,27,26,"I.O=C(CCCN1CCC(O)(c2ccc(Cl)cc2)CC1)c1ccc(F)cc1.[H].[H] |^1:27,28|"
heparin_fragment_pubchem,,,heparin_fragment_pubchem.png,low,low,0.7869992737527718,no-truth,,,,70,,"[H].[H].[H].[H].[H].[H].[H].[H].[H].[H].[H].[H].[H].[H].[H].[H].[H].[H]OC(=O)C1OC(OC2C(COS(=O)(=O)O)OC(O)C(NC(C)=O)C2O[H])C(OS(=O)(=O)O)C(O)C1OC1OC(CO)C(OC2OC(C(=O)O)C(O)C(O)C2OS(=O)(=O)O)C(OS(=O)(=O)O)C1NS(=O)(=O)O |^1:0,1,2,3,4,5,6,7,8,9,10,11,12,13,14,15,16|"
histamine_pubchem,,,histamine_pubchem.png,low,low,0.6562956013408032,wrong,,histamine,0.955,13,8,I.I.I.I.I.[H]NCCc1cnc[nH]1
histidine_pubchem,,,histidine_pubchem.png,low,low,0.4500584576345343,wrong,,histidine,0.706,11,11,N[C@@H](Cc1cnc[nH]1)C(=O)[O-].[HH].[HH].[HH]
hydralazine_pubchem,,,hydralazine_pubchem.png,low,low,0.7155470167353348,wrong,,hydralazine,0.962,16,12,I.I.I.I.[H]NNc1nncc2ccccc12
hydrocodone_pubchem,,,hydrocodone_pubchem.png,low,low,0.7160471167276443,stereo,hydrocodone,hydrocodone,1.0,22,22,[H][C@@]12CCC(=O)[C@@]3([H])Oc4c(OC)ccc5c4[C@]13CCN(C)[C@]2([H])C5
hydrocortisone_pubchem,,,hydrocortisone_pubchem.png,low,low,0.4355299215539438,wrong,,hydrocortisone,0.98,26,26,[HH].[HH].[HH].[H]O[C@H]1C[C@@]2(C)[C@]([H])(CC[C@]2(O)C(=O)CO)[C@]2([H])CCC3=CC(=O)CC[C@]3(C)[C@@]12[H]
hydroxychloroquine_pubchem,,,hydroxychloroquine_pubchem.png,low,low,0.7959408036932061,wrong,,hydroxychloroquine,0.98,23,23,[HH].[H]C(C)(CCCN(CC)CCO)Nc1ccnc2cc(Cl)ccc12
hydroxyurea_pubchem,,,hydroxyurea_pubchem.png,low,low,0.6201702199764951,wrong,,hydroxyurea,0.909,10,5,I.I.I.I.I.[H]NC(=O)N([H])O
iberdomide_protac_pubchem,,,iberdomide_protac_pubchem.png,low,low,0.8328996708634513,no-truth,,,,33,,"O=C1CC[C@H](N2Cc3c(OCc4ccc(CN5CCOCC5)cc4)cccc3C2=O)C(=O)N1.[H].[H] |^1:33,34|"
ibrutinib_jnj_pubchem,,,ibrutinib_jnj_pubchem.png,high,high,0.8596523630452456,no-truth,,,,34,,"C=CC(=O)N1CCC[C@@H](n2nc(-c3ccc(Oc4ccccc4)cc3)c3c(N)ncnc32)C1.I.[H].[H] |^1:34,35|"
ibrutinib_pubchem,,,ibrutinib_pubchem.png,high,high,0.8596523630452456,wrong,,ibrutinib,0.968,34,33,"C=CC(=O)N1CCC[C@@H](n2nc(-c3ccc(Oc4ccccc4)cc3)c3c(N)ncnc32)C1.I.[H].[H] |^1:34,35|"
ibuprofen_pubchem,,,ibuprofen_pubchem.png,low,low,0.7007364720799345,wrong,,ibuprofen,0.893,17,15,CC(C)Cc1ccc(C(C)C(=O)O)cc1.II.[HH]
ibutilide_pubchem,,,ibutilide_pubchem.png,low,low,0.8421678627913473,wrong,,ibutilide,0.953,28,26,CCCCCCCN(CC)CCCC(O)c1ccc(NS(C)(=O)=O)cc1.I.I.[HH]
ifosfamide_pubchem,,,ifosfamide_pubchem.png,low,low,0.7938059701787568,wrong,,ifosfamide,0.968,17,14,I.I.I.[H]N(CCCl)P1(=O)OCCCN1CCCl
imatinib_novartis_pubchem,,,imatinib_novartis_pubchem.png,high,high,0.9106738813562522,no-truth,,,,37,,Cc1ccc(NC(=O)c2ccc(CN3CCN(C)CC3)cc2)cc1Nc1nccc(-c2cccnc2)n1
imatinib_pubchem,,,imatinib_pubchem.png,high,high,0.9106738813562522,exact,imatinib,imatinib,1.0,37,37,Cc1ccc(NC(=O)c2ccc(CN3CCN(C)CC3)cc2)cc1Nc1nccc(-c2cccnc2)n1
imidazole_pubchem,,,imidazole_pubchem.png,low,low,0.6467795445037612,wrong,,imidazole,0.929,9,5,I.I.I.I.c1c[nH]cn1
imipenem_pubchem,,,imipenem_pubchem.png,low,low,0.7629417011091498,wrong,,imipenem,0.979,20,20,"[H].[H].[H].[H].[H]N/C([H])=N/CCSC1=C(C(=O)O)N2C(=O)[C@@]([H])([C@@H](C)O)[C@@]2([H])C1 |^1:0,1,2,3|"
imipramine_pubchem,,,imipramine_pubchem.png,low,low,0.0001311142499102828,wrong,,imipramine,0.0,120,21,C.C.C.C.C.C.C.C.C.C.C.C.C.C.C.C.C.C.C.C.C.C.C.C.C.C.C.C.C.C.C.C.C.C.C.C.C.C.C.C.C.C.C.C.C.C.C.C.C.C.C.C.C.C.C.C.C.C.C.C.C.C.C.C.C.C.C.C.C.C.C.C.C.C.C.C.C.C.C.C.C.C.C.C.C.C.C.C.C.C.C.C.C.C.C.C.C.C.C.C.C.C.C.C.C.C.C.C.C.C.C.C.C.C.C.C.C.C.C.C
inavolisib_onc_pubchem,,,inavolisib_onc_pubchem.png,low,low,0.7176997931921018,wrong,,inavolisib,0.984,29,29,C[C@H](Nc1ccc2c(c1)OCCn1cc(N3C(=O)OC[C@H]3C(F)F)nc1-2)C(N)=O.[HH].[HH].[HH].[HH].[HH]
indigo_pubchem,,,indigo_pubchem.png,low,low,0.6787223237946263,wrong,,indigo,0.971,20,20,O=C1C(c2[nH]c3ccccc3c2O)=Nc2ccccc21.[HH].[HH]
indole_pubchem,,,indole_pubchem.png,low,low,0.7113362132308624,wrong,,indole,0.895,13,9,I.I.I.I.[HH].c1ccc2[nH]ccc2c1
indomethacin_pubchem,,,indomethacin_pubchem.png,low,low,0.6587539472903882,wrong,,indomethacin,0.978,25,25,COc1ccc2c(c1)c(CC(=O)O)c(C)n2C(=O)c1ccc(Cl)cc1.[HH]
infigratinib_onc_pubchem,,,infigratinib_onc_pubchem.png,high,high,0.8999824190133914,exact,infigratinib,infigratinib,1.0,38,38,CCN1CCN(c2ccc(Nc3cc(N(C)C(=O)Nc4c(Cl)c(OC)cc(OC)c4Cl)ncn3)cc2)CC1
insulin_fragment_pubchem,,,insulin_fragment_pubchem.png,low,low,0.4303121070234664,no-truth,,,,0,,*.*.*.*.*.*.*.*.*.*.*.*.*.*.*.*.*.*.*.*.*.*.*.*.*.*.*.*.*.*.*.*.*.*.*.*.*.*.*.*.*.*.*.*.*.*.*.*.*.*.*.*.*.*.*.*.*.*.*.*.*.*.*.*.*.*.*.* |$Me;Me;Me;Me;Me;Me;Me;Me;Me;Me;Me;Me;Me;Me;Me;Me;Me;Me;Me;Me;Me;Me;Me;Me;Me;Me;Me;Me;Me;Me;Me;Me;Me;Me;Me;Me;Me;Me;Me;Me;Me;Me;Me;Me;Me;Me;Me;Me;Me;Me;Me;Me;Me;Me;Me;Me;Me;Me;Me;Me;Me;Me;Me;Me;Me;Me;Me;Me$|
iptacopan_az_pubchem,,,iptacopan_az_pubchem.png,low,low,0.8250910059050779,wrong,,iptacopan,0.984,31,31,[HH].[HH].[H]n1ccc2c(CN3CC[C@H](OCC)C[C@H]3c3ccc(C(=O)O)cc3)c(OC)cc(C)c21
irbesartan_pubchem,,,irbesartan_pubchem.png,high,high,0.854116336232515,wrong,,irbesartan,0.966,33,32,CCCCC1=NC2(CCCC2)C(=O)N1Cc1ccc(-c2ccccc2-c2nn[nH]n2)cc1.I.[HH]
iressa_az_pubchem,,,iressa_az_pubchem.png,high,high,0.8518518384991134,wrong,,iressa,0.984,32,31,COc1cc2ncnc(Nc3ccc(F)c(Cl)c3)c2cc1OCCCN1CCOCC1.Cl
irinotecan_pubchem,,,irinotecan_pubchem.png,high,high,0.8711630117928976,exact,irinotecan,irinotecan,1.0,43,43,CCc1c2c(nc3ccc(OC(=O)N4CCC(N5CCCCC5)CC4)cc13)-c1cc3c(c(=O)n1C2)COC(=O)[C@]3(O)CC
isoleucine_pubchem,,,isoleucine_pubchem.png,low,low,0.7692753803726449,wrong,,isoleucine,0.905,11,9,CC[C@H](C)[C@H](N)C(=O)O.I.I.[HH].[HH].[HH].[HH]
isoniazid_pubchem,,,isoniazid_pubchem.png,low,low,0.6757149366689321,wrong,,isoniazid,0.875,16,10,I.I.I.I.II.[H]N(N)C(=O)c1ccncc1
isosorbide_dinitrate_pubchem,,,isosorbide_dinitrate_pubchem.png,low,low,0.7049973458838615,wrong,,isosorbide dinitrate,0.808,16,16,[H][C@]12OC[C@@H](O[N+](=O)O)[C@@]1([H])OC[C@@H]2O[N+](=O)[O-]
isosorbide_mononitrate_pubchem,,,isosorbide_mononitrate_pubchem.png,low,low,0.209887801821377,invalid,,,,,,[HH].[H].[H]C12([HH])OCC(O[N+](=O)[O-])C13([H])OC[CH]23O
isradipine_pubchem,,,isradipine_pubchem.png,high,high,0.8835649525021614,exact,isradipine,isradipine,1.0,27,27,COC(=O)C1=C(C)NC(C)=C(C(=O)OC(C)C)C1c1cccc2nonc12
ivabradine_pubchem,,,ivabradine_pubchem.png,high,high,0.8837025037511962,exact,ivabradine,ivabradine,1.0,34,34,COc1cc2c(cc1OC)CC(=O)N(CCCN(C)C[C@H]1Cc3cc(OC)c(OC)cc31)CC2
ivermectin_pubchem,,,ivermectin_pubchem.png,low,low,0.2036140169882367,no-truth,,,,62,,[H]/C1=C(/C)[C@@H](O[C@H]2C[C@@H](OC)[C@@H](O[C@H]3C[C@H](OC)[C@@H](O)[C@H](C)O3)[C@H](C)O2)[C@@H](C)/C([H])=C([H])/C([H])=C2\CO[C@@]3([H])[C@H](O)C(C)=CC([H])(C(=O)O[C@]4([H])C[C@]([H])(C1)O[C@@]1(CC[C@H](C)[C@]([H])([C@@H](C)CC)O1)C4)[C@]23O
ivosidenib_onc_pubchem,,,ivosidenib_onc_pubchem.png,low,low,0.7500498930577167,wrong,,ivosidenib,0.976,41,41,[HH].[H].[H]N(C(=O)[C@H](c1ccccc1Cl)N(C(=O)[C@@H]1CCC(=O)N1c1cc(C#N)ccn1)c1cncc(F)c1)C1CC(F)(F)C1 |^1:1|
ixabepilone_pubchem,,,ixabepilone_pubchem.png,high,high,0.8513313283911143,wrong,,ixabepilone,1.0,35,35,[H].[H]O[C@H]1[C@@H](C)CCC[C@@]2(C)O[C@@]2([H])C[C@@H](/C(C)=C(\[H])c2csc(C)n2)NC(=O)C[C@H](O)C(C)(C)C(=O)[C@@H]1C |^1:0|
ketamine_pubchem,,,ketamine_pubchem.png,low,low,0.02471268477271408,wrong,,ketamine,0.0,120,16,C.C.C.C.C.C.C.C.C.C.C.C.C.C.C.C.C.C.C.C.C.C.C.C.C.C.C.C.C.C.C.C.C.C.C.C.C.C.C.C.C.C.C.C.C.C.C.C.C.C.C.C.C.C.C.C.C.C.C.C.C.C.C.C.C.C.C.C.C.C.C.C.C.C.C.C.C.C.C.C.C.C.C.C.C.C.C.C.C.C.C.C.C.C.C.C.C.C.C.C.C.C.C.C.C.C.C.C.C.C.C.C.C.C.C.C.C.C.C.C
ketorolac_pubchem,,,ketorolac_pubchem.png,low,low,0.436947656139469,wrong,,ketorolac,0.943,20,19,C.[H].[H]C1(C(=O)O)CCn2c(C(=O)c3ccccc3)ccc21 |^1:1|
koselugo_az_pubchem,,,koselugo_az_pubchem.png,high,high,0.8731891806918541,wrong,,koselugo,0.983,27,27,Cn1cnc2c(F)c(Nc3ccc(Br)cc3Cl)c(C(=O)NOCCO)cc21.[HH].[HH].[HH]
kt474_protac_pubchem,,,kt474_protac_pubchem.png,low,low,0.02158098270906604,no-truth,,,,,,[H]C12CC(=O)CC13C2N3C1C=CN23C=N2C=C(C(=O)NC2=C(=C4(NC5CCC6(CC5)CCC(OCCC5=CC=CC78=C59N7(C)C(=O)N89C5CCC(=O)NC5=O)CCNC6)=CN=C4C(F)F)N=C2C(F)F)C3=N1
labetalol_pubchem,,,labetalol_pubchem.png,high,high,0.8478592095593659,wrong,,labetalol,0.978,24,24,CC(CCc1ccccc1)NCC(O)c1ccc(O)c(C(N)=O)c1.[HH].[HH].[HH].[HH]
lacosamide_pubchem,,,lacosamide_pubchem.png,low,low,0.01357563566880768,wrong,,lacosamide,0.971,120,18,COC[C@@H](NC(C)=O)C(=O)NCc1ccccc1.I.I.I.I.I.I.I.I.I.I.I.I.I.I.I.I.I.I.I.I.I.I.I.I.I.I.I.I.I.I.I.I.I.I.I.I.I.I.I.I.I.I.I.I.I.I.I.I.I.I.I.I.I.I.I.I.I.I.I.I.I.I.I.I.I.I.I.I.I.I.I.I.I.I.I.I.I.I.I.I.I.I.I.I.I.I.I.I.I.I.I.I.I.I.I.I.I.I.I.I.I.I
lactose_pubchem,,,lactose_pubchem.png,high,high,0.85175977509758,wrong,,lactose,0.966,23,23,"[HH].[H].[H].[H].[H].[H]O[C@@H]1[C@H](O)[C@@H](O[H])[C@H](O[C@H]2[C@H](O)[C@@H](O)[C@H](O)O[C@@H]2CO)O[C@@H]1CO |^1:1,2,3,4|"
lamivudine_pubchem,,,lamivudine_pubchem.png,low,low,0.7662050327308211,wrong,,lamivudine,0.569,17,15,I.I.Nc1ccn([C@@H]2C[S-][C@H](CO)O2)c(=O)n1.[HH].[HH] |^1:9|
lamotrigine_pubchem,,,lamotrigine_pubchem.png,low,low,0.8232574863879862,wrong,,lamotrigine,0.935,17,16,I.Nc1nnc(-c2cccc(Cl)c2Cl)c(N)n1.[HH].[HH].[HH].[HH]
lansoprazole_pubchem,,,lansoprazole_pubchem.png,high,high,0.8498703740599702,exact,lansoprazole,lansoprazole,1.0,25,25,Cc1c(OCC(F)(F)F)ccnc1CS(=O)c1nc2ccccc2[nH]1
lapatinib_pubchem,,,lapatinib_pubchem.png,high,high,0.8905890922662,wrong,,lapatinib,0.8,40,40,C[Si](O)(O)CCNCc1ccc(-c2ccc3ncnc(Nc4ccc(OCc5cccc(F)c5)c(Cl)c4)c3c2)o1
lascufloxacin_pubchem,,,lascufloxacin_pubchem.png,low,low,0.6902460642378143,wrong,,lascufloxacin,0.855,31,31,"COc1c(N2C[C@H](CNC3CC3)[C@H](F)C2)c(F)cc2c(=O)c(C(=O)[O-])cn(CCF)c12.[H].[H] |^1:31,32|"
latanoprost_pubchem,,,latanoprost_pubchem.png,low,low,0.5468287838396906,wrong,,latanoprost,0.982,31,31,[HH].[HH].[H]/C(CCCC(=O)OC(C)C)=C(\[H])C[C@@H]1[C@@H](CC[C@@H](O)CCc2ccccc2)[C@H](O)C[C@H]1O
lazertinib_onc_pubchem,,,lazertinib_onc_pubchem.png,high,high,0.9069908336463004,exact,lazertinib,lazertinib,1.0,41,41,C=CC(=O)Nc1cc(Nc2nccc(-n3cc(CN(C)C)c(-c4ccccc4)n3)n2)c(OC)cc1N1CCOCC1
ledipasvir_pubchem,,,ledipasvir_pubchem.png,low,low,4.714939462899613e-05,invalid,,,,,,[H]C(C1=NC2=C(C=C(C3=CC4=C(C=C3)C=CC(C3567=C8N9=C%10%11%12=N%13%14%15=C(N3)C=9%133%16%17(=N%10=C5=C=6=38%145NC=%11=7=%16%155)N(C(=O)C(NC(=O)OC)C(C)C)CC3(CC3)CC%12%17[H])=CCC4(F)F)C=C2)N1)N(C(=O)C(NC(=O)OC)C(C)C)C1([H])C2([H])CCC21C
lefamulin_pubchem,,,lefamulin_pubchem.png,low,low,0.7824686936713426,wrong,,lefamulin,0.97,36,35,I.[HH].[HH].[H][C@@]12C(=O)CC[C@]13CCC(C)[C@@]2(C)[C@H](OC(=O)CS[C@@H]1CC[C@@H](N)C[C@H]1O)C[C@@](C)(C=C)[C@@H](O)[C@@H]3C
lenalidomide_protac_pubchem,,,lenalidomide_protac_pubchem.png,low,low,0.7352268009494214,no-truth,,,,19,,Nc1cccc2c1CN(C1CCC(=O)NC1=O)C2=O
lenalidomide_pubchem,,,lenalidomide_pubchem.png,low,low,0.7352268009494214,exact,lenalidomide,lenalidomide,1.0,19,19,Nc1cccc2c1CN(C1CCC(=O)NC1=O)C2=O
letermovir_pubchem,,,letermovir_pubchem.png,high,high,0.8954740607667052,wrong,,letermovir,0.985,41,41,COc1cccc(N2CCN(C3=Nc4c(F)cccc4[C@H](CC(=O)O)N3c3cc(C(F)(F)F)ccc3OC)CC2)c1.[H] |^1:41|
letrozole_pubchem,,,letrozole_pubchem.png,low,low,0.3872054743347337,wrong,,letrozole,1.0,44,22,N#Cc1ccc(C(c2ccc(C#N)cc2)n2cncn2)cc1.N#Cc1ccc(C(c2ccc(C#N)cc2)n2cncn2)cc1
leucine_pubchem,,,leucine_pubchem.png,low,low,0.7249234012395223,wrong,,leucine,0.9,13,9,CC(C)C[C@H](N)C(=O)O.I.I.I.I.[HH]
leuprolide_peptide_pubchem,,,leuprolide_peptide_pubchem.png,low,low,5.072426368879213e-05,no-truth,,,,,,[H]NC1=CC=CC=C1CC[CH]12(C3=O=C4(NC(=O)C5CCC(=O)N5)C(CC5=CN=CN5)N34)NC13=O=C21N[CH]CNC2C(CC=CC)[CH]4(NC5C6N5[CH]613)C1=O=C24NC2C3=O=C(NC4C(N[CH]CN[CH]CNCC)=O=C(NC(CCCN=C(N)N[H])C(=O)N5CCCC5C5=O=C(C)N5)C(N3)C4C(C)C)C(N1)C2C(C)C
levalbuterol_pubchem,,,levalbuterol_pubchem.png,low,low,0.787373587190162,wrong,,levalbuterol,0.971,17,17,[HH].[HH].[HH].[HH].[H]O[C@@H](CNC(C)(C)C)c1ccc(O)c(CO)c1
levetiracetam_pubchem,,,levetiracetam_pubchem.png,low,low,0.7590152972998994,wrong,,levetiracetam,0.933,16,12,CC[C@@H](C(N)=O)N1CCCC1=O.I.I.I.I.[HH]
levobupivacaine_az_pubchem,,,levobupivacaine_az_pubchem.png,low,low,0.1619401687682327,wrong,,levobupivacaine,0.911,25,21,CC.CCCCN1CCCC[C@H]1C(=O)Nc1c(C)cccc1C.CCl.[HH]
levocetirizine_pubchem,,,levocetirizine_pubchem.png,low,low,0.7805103049785496,wrong,,levocetirizine,0.812,32,27,I.I.I.I.I.O=C([O-])COCCN1CCN([C@H](c2ccccc2)c2ccc(Cl)cc2)CC1
levodopa_pubchem,,,levodopa_pubchem.png,low,low,0.819274260714309,wrong,,levodopa,0.931,16,14,I.I.[HH].[HH].[H]N[C@@H](Cc1ccc(O)c(O)c1)C(=O)O[H]
levofloxacin_pubchem,,,levofloxacin_pubchem.png,low,low,0.8156178448172473,wrong,,levofloxacin,0.981,26,26,C[C@H]1COc2c(N3CCN(C)CC3)c(F)cc3c(=O)c(C(=O)O)cn1c23.[HH]
levomilnacipran_pubchem,,,levomilnacipran_pubchem.png,low,low,0.7235921076770889,wrong,,levomilnacipran,0.946,19,18,CCN(CC)C(=O)[C@@]1(c2ccccc2)C[C@H]1CN.I.[HH].[HH].[HH]
levonorgestrel_pubchem,,,levonorgestrel_pubchem.png,low,low,0.5979524228672576,wrong,,levonorgestrel,0.979,23,23,[HH].[HH].[HH].[H][C@@]12CCC3=CC(=O)CC[C@]3([H])[C@@]1([H])CC[C@@]1(CC)[C@@]2([H])CC[C@@]1(O)C#C
levosimendan_pubchem,,,levosimendan_pubchem.png,high,high,0.8536487512927778,wrong,,levosimendan,0.977,21,21,C[C@@H]1CC(=O)NN=C1c1ccc(NN=C(C#N)C#N)cc1.[HH].[HH]
levothyroxine_pubchem,,,levothyroxine_pubchem.png,low,low,0.8109135052584736,wrong,,levothyroxine,0.973,24,24,N[C@@H](Cc1cc(I)c(Oc2cc(I)c(O)c(I)c2)c(I)c1)C(=O)O.[HH].[HH].[HH].[HH].[HH].[HH].[HH]
lidocaine_az_pubchem,,,lidocaine_az_pubchem.png,low,low,0.7801690703358051,wrong,,lidocaine,0.935,19,17,CCN(CC)CC(=O)Nc1c(C)cccc1C.I.I.[HH].[HH]
lidocaine_pubchem,,,lidocaine_pubchem.png,low,low,0.7801690703358051,wrong,,lidocaine,0.935,19,17,CCN(CC)CC(=O)Nc1c(C)cccc1C.I.I.[HH].[HH]
limonene_pubchem,,,limonene_pubchem.png,high,high,0.8583799234487086,exact,limonene,limonene,1.0,10,10,[H]C1(C(=C)C)CC=C(C)CC1
linagliptin_pubchem,,,linagliptin_pubchem.png,high,high,0.8649495670441584,wrong,,linagliptin,0.773,35,35,C/C=C/Cn1c(N2CCC[C@@H](N)C2)nc2c1c(=O)n(Cc1nc(C)c3ccccc3n1)c(=O)n2C.[HH]
linalool_pubchem,,,linalool_pubchem.png,low,low,0.1583426237941797,wrong,,linalool,0.042,9,11,C.CC.CC.CC.CC
linezolid_pubchem,,,linezolid_pubchem.png,low,low,0.8180648615206149,wrong,,linezolid,0.98,27,24,CC(=O)NC[C@H]1CN(c2ccc(N3CCOCC3)c(F)c2)C(=O)O1.I.I.I
liothyronine_pubchem,,,liothyronine_pubchem.png,low,low,0.7914999586121089,wrong,,liothyronine,0.975,23,23,N[C@@H](Cc1cc(I)c(Oc2ccc(O)c(I)c2)c(I)c1)C(=O)O.[HH].[HH].[HH]
liraglutide_fragment_pubchem,,,liraglutide_fragment_pubchem.png,low,low,0.5939938780858356,no-truth,,,,0,,* |$1000$|
liraglutide_peptide_pubchem,,,liraglutide_peptide_pubchem.png,low,low,0.5939938780858356,no-truth,,,,0,,* |$1000$|
lisinopril_pubchem,,,lisinopril_pubchem.png,low,low,0.4718309599708294,wrong,,lisinopril,0.981,29,29,NCCCC[C@H](N[C@@H](CCc1ccccc1)C(=O)O)C(=O)N1CCC[C@H]1C(=O)O.[HH].[HH].[HH].[HH].[HH].[HH]
lithium_carbonate_pubchem,,,lithium_carbonate_pubchem.png,low,low,0.7027722221210075,wrong,,lithium carbonate,0.875,12,6,I.I.I.I.O=C([O-])[O-].[Li+].[Li+].[Li+].[Li+]
lithium_citrate_pubchem,,,lithium_citrate_pubchem.png,low,low,0.7044843104370314,wrong,,lithium citrate,0.375,15,16,O=C(O)CC(O)(CC(=O)O)C(=O)O.[Li+].[Li+]
lokelma_az_pubchem,,,lokelma_az_pubchem.png,low,low,0.6176715191707814,wrong,,lokelma,0.143,24,15,[I-].[Na+].[Na+].[Na+].[Na+].[Na+].[Na+].[Na+].[Na+].[Na+].[Na+].[Na+].[Na+].[Na+].[O-][Si]([O-])([O-])[O-].[O-][Si]([O-])([O-])[O-]
loperamide_pubchem,,,loperamide_pubchem.png,low,low,0.8067452489173466,wrong,,loperamide,0.979,37,34,CN(C)C(=O)C(CCN1CCC(O)(c2ccc(Cl)cc2)CC1)(c1ccccc1)c1ccccc1.I.I.I
lopinavir_pubchem,,,lopinavir_pubchem.png,high,high,0.8719826075549729,wrong,,lopinavir,0.985,46,46,Cc1cccc(C)c1OCC(=O)N[C@@H](Cc1ccccc1)[C@@H](O)C[C@H](Cc1ccccc1)NC(=O)[C@H](C(C)C)N1CCCNC1=O.[HH].[HH].[HH]
loratadine_pubchem,,,loratadine_pubchem.png,low,low,0.8111912674399101,invalid,,,,,,CCOC(=O)N1CCC(=C2C3=C(C=C(Cl)C=C3)CCC3=CC=CN=C=32)CC1.I.I
lorazepam_pubchem,,,lorazepam_pubchem.png,low,low,0.8139253677218916,wrong,,lorazepam,0.975,21,21,O=C1Nc2ccc(Cl)cc2C(c2ccccc2Cl)=NC1O.[HH].[HH].[HH].[HH]
lorlatinib_pubchem,,,lorlatinib_pubchem.png,low,low,0.8169510728107969,wrong,,lorlatinib,0.969,30,30,C[C@H]1Oc2cc(cnc2N)-c2c(nn(C)c2C#N)CN(C)C(=O)c2ccc(F)cc21.[HH].[HH].[H] |^1:32|
losartan_pubchem,,,losartan_pubchem.png,low,low,0.8290719427818972,wrong,,losartan,0.981,30,30,[HH].[H]OCc1c(Cl)nc(CCCC)n1Cc1ccc(-c2ccccc2-c2nn[nH]n2)cc1
lovastatin_pubchem,,,lovastatin_pubchem.png,low,low,0.7727118962227028,wrong,,lovastatin,0.983,29,29,[HH].[HH].[HH].[H][C@@]12C(=C[C@H](C)C[C@@H]1OC(=O)[C@@H](C)CC)C=C[C@H](C)[C@@H]2CC[C@@H]1C[C@@H](O)CC(=O)O1
loxapine_pubchem,,,loxapine_pubchem.png,low,low,0.6795102683443307,wrong,,loxapine,0.952,25,23,CN1CCN(C2=Nc3ccccc3Oc3ccc(Cl)cc32)CC1.Cl.[Cl-]
lurasidone_pubchem,,,lurasidone_pubchem.png,low,low,0.2011793129555224,invalid,,,,,,[H]C12C(=O)N(CC3CCCCC3CN3CCN(C4=NSC5=CC=CC=C54)CC3)C(=O)C1([H])C13([H])CCC21([H])C3
lurbinectedin_pubchem,,,lurbinectedin_pubchem.png,low,low,3.310440871804066e-05,invalid,,,,,,*C1([H])C23(C4OCC5([H])C6=C7OCOC78=C79CC87(C)C9(OC(C)=O)=C6C([H])(SC([H])=CCC)C([H])N45)=C4(*)=C156=C(CC1=C(C=C(C)C(OC)=C1O)CC4([H])[H])C1(C2=CC2=C5C=C(OC)C=C2)N([H])C([H])(C)C=3=61* |$NMe;;;;;;;;;;;;;;;;;;;;;;;;;;;;;;;;;;;;;NMe;;;;;;;;;;;;;;;;;;;;;;;;;;;;;;;;;;;NMe$|
lutein_pubchem,,,lutein_pubchem.png,low,low,0.1225583122523121,invalid,,,,,,[H].[H]C(=CC12([H])=C([H]1)[CH]21C(C)=CC(O)CC1(C)C)C([H])=C([H])C([H])=C(C)C([H])=C([H])C([H])=C([H])C(C)=C([H])C([H])=C([H])C(C)=C([H])C([H])=C1=C(C)CC(O)CC1(C)C
lycopene_pubchem,,,lycopene_pubchem.png,low,low,6.355881849498916e-05,invalid,,,,,,[H]C(=CCC(C)=CCCCC(C)=CC=C(C)CCC)C=C(C)C=CC=C(C)C=C(C)C=CC=C(C)C=C([H])C=CC(C)=CC=C(C)CCC1C2CC12=C(C)C.[H]C(C)=CC=C(C)C=CC=C([H])C=CC=CC(C)=CC=CC(C)=CC=C([H])C=C(C)CCC=C(C)C
lynparza_az_pubchem,,,lynparza_az_pubchem.png,high,high,0.8872179777897848,wrong,,lynparza,0.964,33,32,I.O=C(c1cc(Cc2n[nH]c(=O)c3ccccc23)ccc1F)N1CCN(C(=O)C2CC2)CC1.[HH]
lysine_pubchem,,,lysine_pubchem.png,low,low,0.6055429818877734,wrong,,lysine,0.909,14,10,I.I.I.I.NCCCC[C@H](N)C(=O)O.[HH].[HH].[HH]
macitentan_pubchem,,,macitentan_pubchem.png,high,high,0.8872281299675722,wrong,,macitentan,0.875,31,32,*c1cnc(OCCOc2ncnc(NS(=O)(=O)NCCC)c2-c2ccc(Br)cc2)nc1 |$BiEr;;;;;;;;;;;;;;;;;;;;;;;;;;;;;;;$|
malathion_pubchem,,,malathion_pubchem.png,low,low,0.716192379511363,wrong,,malathion,0.969,20,19,CCOC(=O)CC(SP(=S)(OC)OC)C(=O)OCC.I
maprotiline_pubchem,,,maprotiline_pubchem.png,low,low,0.1461002787034866,wrong,,maprotiline,0.522,21,21,CNCCCC1(CCCNC)c2ccccc2C2CCC21.[HH]
maytansine_adc_pubchem,,,maytansine_adc_pubchem.png,low,low,0.7473924652157473,no-truth,,,,47,,"[H][C]1OC(=O)N([H])[C](O)[C@H](OC)/C([H])=C([H])/C([H])=C(\C)Cc2cc(OC)c(Cl)c(c2)N(C)C(=O)C[C@H](OC(=O)[C@H](C)N(C)C(C)=O)[C@]2(C)O[C@@]2([H])[C@@H]1C |^1:1,7|"
maytansine_pubchem,,,maytansine_pubchem.png,low,low,0.7473924652157473,wrong,,maytansine,0.693,47,48,"[H][C]1OC(=O)N([H])[C](O)[C@H](OC)/C([H])=C([H])/C([H])=C(\C)Cc2cc(OC)c(Cl)c(c2)N(C)C(=O)C[C@H](OC(=O)[C@H](C)N(C)C(C)=O)[C@]2(C)O[C@@]2([H])[C@@H]1C |^1:1,7|"
meclizine_pubchem,,,meclizine_pubchem.png,high,high,0.8664541809132552,wrong,,meclizine,0.976,29,28,Cc1cccc(CN2CCN(C(c3ccccc3)c3ccc(Cl)cc3)CC2)c1.I
medroxyprogesterone_pubchem,,,medroxyprogesterone_pubchem.png,low,low,0.7651839970713624,wrong,,medroxyprogesterone,0.978,25,25,[HH].[H][C@@]12C[C@H](C)C3=CC(=O)CC[C@]3(C)[C@@]1([H])CC[C@@]1(C)[C@]2([H])CC[C@]1(O)C(C)=O
mefenamic_acid_pubchem,,,mefenamic_acid_pubchem.png,low,low,0.8106620578077696,wrong,,mefenamic acid,0.694,19,18,Cc1cccc(Nc2ccccc2C(=O)[O-])c1C.I.[HH].[HH].[HH]
megestrol_pubchem,,,megestrol_pubchem.png,low,low,0.773706054394431,wrong,,megestrol,0.978,25,25,[HH].[H][C@@]12C=C(C)C3=CC(=O)CC[C@]3(C)[C@@]1([H])CC[C@@]1(C)[C@]2([H])CC[C@]1(O)C(C)=O
melatonin_pubchem,,,melatonin_pubchem.png,high,high,0.8706268820390433,wrong,,melatonin,0.975,17,17,COc1ccc2[nH]cc(CCNC(C)=O)c2c1.[HH].[HH]
meloxicam_pubchem,,,meloxicam_pubchem.png,high,high,0.8505001806458873,wrong,,meloxicam,0.979,23,23,Cc1cnc(NC(=O)C2=C(O)c3ccccc3S(=O)(=O)N2C)s1.[HH]
melphalan_pubchem,,,melphalan_pubchem.png,low,low,0.7740046812492992,wrong,,melphalan,0.941,22,19,I.I.I.N[C@@H](Cc1ccc(N(CCCl)CCCl)cc1)C(=O)O.[HH].[HH].[HH].[HH].[HH]
memantine_pubchem,,,memantine_pubchem.png,low,low,1.484004611824774e-12,wrong,,memantine,0.0,120,13,C.C.C.C.C.C.C.C.C.C.C.C.C.C.C.C.C.C.C.C.C.C.C.C.C.C.C.C.C.C.C.C.C.C.C.C.C.C.C.C.C.C.C.C.C.C.C.C.C.C.C.C.C.C.C.C.C.C.C.C.C.C.C.C.C.C.C.C.C.C.C.C.C.C.C.C.C.C.C.C.C.C.C.C.C.C.C.C.C.C.C.C.C.C.C.C.C.C.C.C.C.C.C.C.C.C.C.C.C.C.C.C.C.C.C.C.C.C.C.C
menaquinone_pubchem,,,menaquinone_pubchem.png,low,low,0.2948689624518732,wrong,,menaquinone,0.098,30,38,[H]/C(=C(/[H])[C@@H](C)[C@]1([H])CC[C@@]2([H])[C@]3([H])CC=C4C[C@@H](O)CC[C@]4(C)[C@]3([H])CC[C@@]21C)[C@@H](CC)C(C)C
menthol_pubchem,,,menthol_pubchem.png,low,low,0.7541977785343432,wrong,,menthol,0.955,15,11,I.I.I.I.[H]C1(C)CCC([H])(C(C)C)C([H])(O)C1
meperidine_pubchem,,,meperidine_pubchem.png,low,low,0.6541692497877162,wrong,,meperidine,0.971,20,18,CCOC(=O)C1(c2ccccc2)CCN(C)CC1.I.I
mepivacaine_az_pubchem,,,mepivacaine_az_pubchem.png,low,low,0.7586914818393106,wrong,,mepivacaine,0.972,23,18,Cc1cccc(C)c1NC(=O)C1CCCCN1C.I.I.I.I.I
mercaptopurine_pubchem,,,mercaptopurine_pubchem.png,low,low,0.745052262281514,wrong,,mercaptopurine,0.952,13,10,I.I.I.S=c1nc[nH]c2nc[nH]c12
meropenem_pubchem,,,meropenem_pubchem.png,low,low,0.7491458376256582,wrong,,meropenem,0.962,26,26,[HH].[HH].[H].[H][C@]12[C@@H](C)C(S[C@@H]3CN[C@H](C(=O)N(C)C)C3)=C(C(=O)O)N1C(=O)[C@]2([H])[C@@H](C)O |^1:2|
mesalamine_pubchem,,,mesalamine_pubchem.png,low,low,0.6874597630394049,wrong,,mesalamine,0.917,16,11,I.I.I.I.I.[HH].[H]OC(=O)c1cc(N)ccc1O
metformin_pubchem,,,metformin_pubchem.png,low,low,0.7703293744100319,wrong,,metformin,0.895,11,9,CN(C)C(=N)N=C(N)N.I.I.[HH].[HH].[HH].[HH]
methadone_pubchem,,,methadone_pubchem.png,low,low,0.6713106780845107,exact,methadone,methadone,1.0,23,23,CCC(=O)C(CC(C)N(C)C)(c1ccccc1)c1ccccc1
methenamine_pubchem,,,methenamine_pubchem.png,low,low,0.2535222423049924,wrong,,methenamine,0.857,12,10,C1N2CN3CN1CN(C2)C3.I.I
methionine_pubchem,,,methionine_pubchem.png,low,low,0.7668659996241486,wrong,,methionine,0.467,11,9,C[S-]CC[C@H](N)C(=O)O.I.I.[HH].[HH] |^1:1|
methocarbamol_pubchem,,,methocarbamol_pubchem.png,low,low,0.8255854509117986,wrong,,methocarbamol,0.737,17,17,COc1ccccc1OCC(O)COC([NH3+])=O.[HH].[HH].[HH].[HH]
methotrexate_pubchem,,,methotrexate_pubchem.png,high,high,0.8603370198320888,wrong,,methotrexate,0.983,33,33,"[H].[H].[H].[H]Nc1nc(N)nc2ncc(CN(C)c3ccc(C(=O)N[C@@H](CCC(=O)O)C(=O)O)cc3)nc12 |^1:0,1,2|"
methylene_blue_pubchem,,,methylene_blue_pubchem.png,high,high,0.9023260382773872,exact,methylene blue,methylene blue,1.0,21,21,CN(C)c1ccc2nc3ccc(=[N+](C)C)cc-3sc2c1.[Cl-]
methylphenidate_pubchem,,,methylphenidate_pubchem.png,low,low,0.7378782178140453,wrong,,methylphenidate,0.947,21,17,COC(=O)C(c1ccccc1)C1CCCCN1.II.II
methylprednisolone_pubchem,,,methylprednisolone_pubchem.png,low,low,0.6689207432848477,invalid,,,,,,[HH].[HH].[HH].[H]OC1CC2(C)C(O)(C(=O)CO)CCC23[H]C32([H])CC(C)C3=CC(=O)C=CC3(C)C12[H]
metoprolol_az_pubchem,,,metoprolol_az_pubchem.png,low,low,0.779829472834,wrong,,metoprolol,0.947,22,19,I.I.I.[HH].[H]C(O)(CNC(C)C)COc1ccc(CCOC)cc1
metoprolol_pubchem,,,metoprolol_pubchem.png,low,low,0.779829472834,wrong,,metoprolol,0.947,22,19,I.I.I.[HH].[H]C(O)(CNC(C)C)COc1ccc(CCOC)cc1
metronidazole_pubchem,,,metronidazole_pubchem.png,low,low,0.5987494212917088,wrong,,metronidazole,0.938,13,12,Cc1ncc([N+](=O)[O-])n1CCO.I.[HH]
mezigdomide_protac_pubchem,,,mezigdomide_protac_pubchem.png,high,high,0.8725795030459387,no-truth,,,,42,,N#Cc1ccc(N2CCN(Cc3ccc(COc4cccc5c4CN([C@H]4CCC(=O)NC4=O)C5=O)cc3)CC2)c(F)c1
midostaurin_novartis_pubchem,,,midostaurin_novartis_pubchem.png,low,low,0.2901700242573241,no-truth,,,,,,[H]C123CC(N(C)C(=O)C4=CC=CC=C4)C(OC)C45(C)N6C7=CC=CC=C7C7=C6C6C(=C8C(=O)NCC87)C7=CC=CC=C7N6C14(O2)O35
midostaurin_pubchem,,,midostaurin_pubchem.png,low,low,0.2901700242573241,invalid,,,,,,[H]C123CC(N(C)C(=O)C4=CC=CC=C4)C(OC)C45(C)N6C7=CC=CC=C7C7=C6C6C(=C8C(=O)NCC87)C7=CC=CC=C7N6C14(O2)O35
miglitol_pubchem,,,miglitol_pubchem.png,low,low,0.8287026325268417,wrong,,miglitol,0.923,15,14,I.OCCN1C[C@H](O)[C@@H](O)[C@H](O)[C@H]1CO.[HH].[HH].[HH].[HH]
milnacipran_pubchem,,,milnacipran_pubchem.png,low,low,0.7751556585887759,wrong,,milnacipran,0.946,19,18,CCN(CC)C(=O)[C@]1(c2ccccc2)C[C@@H]1CN.I.[HH].[HH].[HH].[HH]
minocycline_pubchem,,,minocycline_pubchem.png,low,low,0.8247161726912644,wrong,,minocycline,0.966,33,33,[HH].[HH].[HH].[HH].[H].[H]NC(=O)C1=C(O[H])[C@@]2(O)C(=O)C3=C(O)c4c(O)ccc(N(C)C)c4C[C@@]3([H])C[C@@]2([H])[C@H](N(C)C)C1=O |^1:4|
minoxidil_pubchem,,,minoxidil_pubchem.png,low,low,0.7992226952942862,wrong,,minoxidil,0.938,17,15,I.I.N=c1nc(N2CCCCC2)cc(N)n1O.[HH].[HH].[HH]
mirtazapine_pubchem,,,mirtazapine_pubchem.png,low,low,0.8259615289454768,exact,mirtazapine,mirtazapine,1.0,20,20,CN1CCN2c3ncccc3Cc3ccccc3C2C1
misoprostol_pubchem,,,misoprostol_pubchem.png,low,low,0.6880135480148603,wrong,,misoprostol,0.981,27,27,[HH].[HH].[HH].[H]O[C@@H]1CC(=O)[C@H](CCCCCCC(=O)OC)[C@H]1C=C([H])CC(C)(O)CCCC
mitomycin_pubchem,,,mitomycin_pubchem.png,low,low,0.7556834866796206,wrong,,mitomycin,0.98,24,24,[HH].[HH].[HH].[HH].[HH].[HH].[H]NC1=C(C)C(=O)C2=C(C1=O)[C@@H](COC(N)=O)[C@@]1(OC)[C@H]3N[C@H]3CN21
mmae_adc_pubchem,,,mmae_adc_pubchem.png,low,low,0.6844962386666148,no-truth,,,,51,,[H][C@@]1([C@H](OC)[C@@H](C)C(=O)N[C@H](C)[C@@H](O)c2ccccc2)CCCN1C(=O)C[C@@H](OC)[C@H]([C@@H](C)CC)N(C)C(=O)[C@@H](NC(=O)[C@@H](NC)C(C)C)C(C)C
mmaf_adc_pubchem,,,mmaf_adc_pubchem.png,low,low,0.6995978138482256,no-truth,,,,52,,[H][C@@]1([C@H](OC)[C@@H](C)C(=O)N[C@@H](Cc2ccccc2)C(=O)O)CCCN1C(=O)C[C@@H](OC)[C@H]([C@@H](C)CC)N(C)C(=O)[C@@H](NC(=O)[C@@H](NC)C(C)C)C(C)C
mobocertinib_onc_pubchem,,,mobocertinib_onc_pubchem.png,low,low,0.8132579687445918,exact,mobocertinib,mobocertinib,1.0,43,43,C=CC(=O)Nc1cc(Nc2ncc(C(=O)OC(C)C)c(-c3cn(C)c4ccccc34)n2)c(OC)cc1N(C)CCN(C)C
molnupiravir_pubchem,,,molnupiravir_pubchem.png,low,low,0.6091483949343137,wrong,,molnupiravir,0.83,24,23,[HH].[HH].[HH].[HH].[H]ONc1ccn([C@@H]2O[C@H](COC(=O)C(C)CC)[C@@H](O[H])[C@H]2O)c(=O)n1
mometasone_pubchem,,,mometasone_pubchem.png,low,low,0.3958749151139278,wrong,,mometasone,0.982,28,28,[HH].[H]O[C@H]1C[C@@]2(C)[C@]([H])(C[C@@H](C)[C@]2(O)C(=O)CCl)[C@]2([H])CCC3=CC(=O)C=C[C@]3(C)[C@@]12Cl
montelukast_merck_pubchem,,,montelukast_merck_pubchem.png,low,low,0.7997684978903503,no-truth,,,,41,,[HH].[HH].[HH].[H]/C(=C(/[H])c1ccc2ccc(Cl)cc2n1)c1cccc([C@@H](CCc2ccccc2C(C)(C)O)SCC2(CC(=O)O)CC2)c1
montelukast_pubchem,,,montelukast_pubchem.png,low,low,0.7997684978903503,wrong,,montelukast,0.986,41,41,[HH].[HH].[HH].[H]/C(=C(/[H])c1ccc2ccc(Cl)cc2n1)c1cccc([C@@H](CCc2ccccc2C(C)(C)O)SCC2(CC(=O)O)CC2)c1
morphine_pubchem,,,morphine_pubchem.png,low,low,0.4818148154129296,stereo,morphine,morphine,1.0,21,21,[H]Oc1ccc2c3c1O[C@]1([H])[C@@H](O[H])C=C[C@]4([H])[C@@]31CCN(C)[C@]4([H])C2
moxifloxacin_pubchem,,,moxifloxacin_pubchem.png,high,high,0.8626952013320939,wrong,,moxifloxacin,0.984,29,29,[H].[H][C@@]12CCCN[C@]1([H])CN(c1c(F)cc3c(=O)c(C(=O)O)cn(C4CC4)c3c1OC)C2 |^1:0|
mupirocin_pubchem,,,mupirocin_pubchem.png,low,low,0.8216907043727603,wrong,,mupirocin,1.0,35,35,"[H].[H].[H]/C(C(=O)OCCCCCCCCC(=O)O)=C(/C)C[C@@H]1OC[C@H](C[C@@H]2O[C@H]2[C@@H](C)[C@H](C)O)[C@@H](O)[C@H]1O |^1:0,1|"
mz1_protac_pubchem,,,mz1_protac_pubchem.png,low,low,6.478739147760106e-08,no-truth,,,,,,CC(=S)C123=C(S)NC(=N)(N(C)N)C4CC56=O=C(=O=5)(CC(C(N)=NN(C)C)NC15(C1(=S)=C7(S)=C1(C)C7)C217=C(=C52(=CC=C(Cl)C=C2)C31N4)C=C(Cl)C=C7)NCCOC1C2O3C(CO1CCN6)O21CC2OC[CH]45C(O2CC31)C41OC(C)(C)[CH]N15.O
nad_plus_pubchem,,,nad_plus_pubchem.png,low,low,0.8106979327105578,no-truth,,,,,,[H]NC(=O)C1=CN(C2OC(COP(=O)([O-])O)C(O)C2O)=CC=C1.[H]NC1=C2N=CN(C3OC(COP(=O)(O)O)C(O)C3O)C2=NC=N1
nadh_pubchem,,,nadh_pubchem.png,high,high,0.8881625400789246,stereo,nadh,nadh,1.0,44,44,[H]NC(=O)C1=CN(C2OC(COP(=O)(O)OP(=O)(O)OCC3OC(n4cnc5c(N[H])ncnc54)C(O)C3O[H])C(O)C2O)C=CC1
nadolol_pubchem,,,nadolol_pubchem.png,low,low,0.8377835183350898,wrong,,nadolol,0.977,22,22,[HH].[HH].[HH].[H]O[C@H]1Cc2c(cccc2OCC(O)CNC(C)(C)C)C[C@H]1O
nafcillin_pubchem,,,nafcillin_pubchem.png,high,high,0.8749695741315866,exact,nafcillin,nafcillin,1.0,29,29,[H][C@]12SC(C)(C)[C@H](C(=O)O)N1C(=O)[C@H]2NC(=O)c1c(OCC)ccc2ccccc12
nalbuphine_pubchem,,,nalbuphine_pubchem.png,low,low,0.27089454478241,wrong,,nalbuphine,0.438,27,26,[HH].[H]O[C@@]12CC[C@H](O)[C@]3([H])Oc4c(O)ccc5c4[C@]13CC1C5[C@@]2([H])N1CC1C2CCC21
naloxone_pubchem,,,naloxone_pubchem.png,low,low,0.1840572253849324,invalid,,,,,,[H]OC12CCC(=O)C3([H])OC4=C(O)C=CC5=C4C31CC1C53C2([H])N13CC=C
naltrexone_pubchem,,,naltrexone_pubchem.png,low,low,0.001975278848637848,invalid,,,,,,[H]OC1234C5C6C789=O=C6%10%11(=O)C7C1C516(O[H])C257([H])C2%12C%13%14%15=C%16%17%18=C2%19%20C%13=CC2%13(O)=C%16%21%22=C(=C%17%16O%21C8%10%17([H])O%16%22C9%11([H])C%1831%17CCN51(CC35C8C3C85)C%14%197C%12146[H])(O2)C%13=C%15%20
nandrolone_pubchem,,,nandrolone_pubchem.png,low,low,0.4991295719341912,wrong,,nandrolone,0.975,20,20,[HH].[H][C@@]12CCC3=CC(=O)CC[C@]3([H])[C@@]1([H])CC[C@]1(C)[C@@H](O)CC[C@@]21[H]
naphthalene_pubchem,,,naphthalene_pubchem.png,high,high,0.8784917749138746,exact,naphthalene,naphthalene,1.0,10,10,c1ccc2ccccc2c1
naproxen_pubchem,,,naproxen_pubchem.png,low,low,0.5866121202892854,wrong,,naproxen,0.935,19,17,COc1ccc2cc([C@H](C)C(=O)O)ccc2c1.II
naratriptan_pubchem,,,naratriptan_pubchem.png,low,low,0.7375833169340178,wrong,,naratriptan,0.979,25,23,C.C.[H]n1cc(C2CCN(C)CC2)c2cc(CCS(=O)(=O)NC)ccc21
nateglinide_pubchem,,,nateglinide_pubchem.png,low,low,0.826427860850018,wrong,,nateglinide,0.95,26,23,CC(C)C1CCC(C(=O)N[C@H](Cc2ccccc2)C(=O)O)CC1.I.I.I.[HH]
nefazodone_pubchem,,,nefazodone_pubchem.png,high,high,0.8900554759233661,exact,nefazodone,nefazodone,1.0,33,33,CCc1nn(CCCN2CCN(c3cccc(Cl)c3)CC2)c(=O)n1CCOc1ccccc1
nevirapine_pubchem,,,nevirapine_pubchem.png,low,low,0.6284484612184265,wrong,,nevirapine,0.976,20,20,Cc1ccnc2c1NC(=O)c1cccnc1N2C1CC1.[HH].[HH]
nexium_az_pubchem,,,nexium_az_pubchem.png,low,low,0.0671187092920553,invalid,,,,,,COC1=CC2=C(C=C1)N=C(S(O)CC1=C(C)C3(OC)=C(C3)C(C)C=N1)N2.[HH]
niacin_pubchem,,,niacin_pubchem.png,low,low,0.666621549762273,wrong,,niacin,0.875,14,9,I.II.II.O=C(O)c1cccnc1
nicardipine_pubchem,,,nicardipine_pubchem.png,high,high,0.9066812113235878,exact,nicardipine,nicardipine,1.0,35,35,[H]C1(c2cccc([N+](=O)[O-])c2)C(C(=O)OC)=C(C)NC(C)=C1C(=O)OCCN(C)Cc1ccccc1
nicotine_pubchem,,,nicotine_pubchem.png,low,low,0.8038143174828648,wrong,,nicotine,0.909,15,12,CN1CCC[C@H]1c1cccnc1.I.II
nifedipine_pubchem,,,nifedipine_pubchem.png,high,high,0.8734774035647714,exact,nifedipine,nifedipine,1.0,25,25,COC(=O)C1=C(C)NC(C)=C(C(=O)OC)C1c1ccccc1[N+](=O)[O-]
nilotinib_novartis_pubchem,,,nilotinib_novartis_pubchem.png,high,high,0.893982345502997,no-truth,,,,39,,Cc1cn(-c2cc(NC(=O)c3ccc(C)c(Nc4nccc(-c5cccnc5)n4)c3)cc(C(F)(F)F)c2)cn1
nilotinib_pubchem,,,nilotinib_pubchem.png,high,high,0.893982345502997,exact,nilotinib,nilotinib,1.0,39,39,Cc1cn(-c2cc(NC(=O)c3ccc(C)c(Nc4nccc(-c5cccnc5)n4)c3)cc(C(F)(F)F)c2)cn1
nirmatrelvir_pfizer_pubchem,,,nirmatrelvir_pfizer_pubchem.png,low,low,0.6801517963408741,wrong,,nirmatrelvir,0.97,37,35,C.C.[HH].[HH].[HH].[H]C12C(C(=O)NC(C#N)CC3CCNC3=O)N(C(=O)C(NC(=O)C(F)(F)F)C(C)(C)C)CC1([HH])C2(C)C
nirmatrelvir_pubchem,,,nirmatrelvir_pubchem.png,low,low,0.6801517963408741,wrong,,nirmatrelvir,0.97,37,35,C.C.[HH].[HH].[HH].[H]C12C(C(=O)NC(C#N)CC3CCNC3=O)N(C(=O)C(NC(=O)C(F)(F)F)C(C)(C)C)CC1([HH])C2(C)C
nitazoxanide_pubchem,,,nitazoxanide_pubchem.png,low,low,0.7778904711707072,invalid,,,,,,CC(=O)OC1=CC=CC=C1C(=O)NC1=NC=C(N(=O)[O-])S1.I.I.[HH]
nitrofurantoin_pubchem,,,nitrofurantoin_pubchem.png,low,low,0.5192737937469483,invalid,,,,,,[HH].[HH].[H]C(=NN1CC(=O)NC1=O)C1=CC=C(N(=O)[O-])O1
nitroglycerin_pubchem,,,nitroglycerin_pubchem.png,low,low,0.815821280424102,wrong,,nitroglycerin,0.95,17,15,I.I.O=[N+]([O-])OCC(CO[N+](=O)[O-])O[N+](=O)[O-]
norepinephrine_pubchem,,,norepinephrine_pubchem.png,low,low,0.8071762671740984,wrong,,norepinephrine,0.92,14,12,I.I.NC[C@H](O)c1ccc(O)c(O)c1.[HH].[HH].[HH]
norethindrone_pubchem,,,norethindrone_pubchem.png,low,low,0.6303567441769025,wrong,,norethindrone,0.978,22,22,[HH].[HH].[HH].[H][C@@]12CCC3=CC(=O)CC[C@]3([H])[C@@]1([H])CC[C@@]1(C)[C@@]2([H])CC[C@@]1(O)C#C
nortriptyline_pubchem,,,nortriptyline_pubchem.png,low,low,0.1655874380489559,wrong,,nortriptyline,0.765,21,20,CC.CNCCC=C1c2ccccc2Cc2ccccc21.[HH]
nx2127_protac_pubchem,,,nx2127_protac_pubchem.png,low,low,3.00843795899241e-05,no-truth,,,,,,[H]NC(=O)C12=N3=C4(C(=O)N[H])=C15N=C1(=C3=C(N=C2NC2=C3=C6(=CC=C7(=C3=C(C=C2)C2CCN3CC8CCN9C%10=C%11%12=C%13(=CC=%11%14%15=C%11%16(=C%12%17=C(C=C%10)C%11%10(=O)N%11C%12(CCC(=O)NC%12=O)N%10(C%10CCC(=O)NC%10=O)(C%16=O)(C%14=O)C%11%17%15=O)C=C%13)N%10CC[CH](C%10)(CN%10%11CCC7(CC%10)C2C3%11)C89)C=C6)N5)N2C3C5C6C7CN18CCC7C63C528)C=N4
nx5948_protac_pubchem,,,nx5948_protac_pubchem.png,low,low,0.05684039635358509,no-truth,,,,,,O=C1CCC(NC(=O)C2=NC=C(N3CCC(CN4CCC(C56=C7C8=CC9=C=58C7=C9C=C6)CC4)CC3)C=C2)C(=O)N1.[H]NC(=O)C1=C(N)N=C(N2CCCC(N3CCN(C)C3=O)C2)C=N1
octreotide_peptide_pubchem,,,octreotide_peptide_pubchem.png,low,low,0.005323082045510472,no-truth,,,,,,[H]C1CN2[CH]CNC3C(O)C[CH](C)(O)C(NC(=O)[CH]2(CS)NC(=O)C([H])(C(C)O)NC(=O)C(CCCCN)NC(=O)[CH]2(CC4=CNC5=CC=CC=C45)NC(=O)[CH]4(CC5=CC=CC=C5)NC(=O)[CH](CS)(NC(=O)C(N)CC5=CC=CC=C5)C([CH]NCC(N)CC)N[CH]C4N[CH]C2N[CH]CN1)C3O
olanzapine_pubchem,,,olanzapine_pubchem.png,low,low,0.7933201188141318,wrong,,olanzapine,0.323,24,22,"CC1=CC2=C(N3CCN(C)CC3)[N]c3ccccc3N=C2[S-]1.[I-].[I-] |^1:12,21|"
olaparib_az_pubchem,,,olaparib_az_pubchem.png,high,high,0.8872179777897848,wrong,,olaparib,0.964,33,32,I.O=C(c1cc(Cc2n[nH]c(=O)c3ccccc23)ccc1F)N1CCN(C(=O)C2CC2)CC1.[HH]
olaparib_pubchem,,,olaparib_pubchem.png,high,high,0.8872179777897848,wrong,,olaparib,0.964,33,32,I.O=C(c1cc(Cc2n[nH]c(=O)c3ccccc23)ccc1F)N1CCN(C(=O)C2CC2)CC1.[HH]
olmesartan_pubchem,,,olmesartan_pubchem.png,high,high,0.8660286778663508,wrong,,olmesartan,0.983,33,33,[HH].[H]OC(=O)c1c(C(C)(C)O)nc(CCC)n1Cc1ccc(-c2ccccc2-c2nn[nH]n2)cc1
omeprazole_az_pubchem,,,omeprazole_az_pubchem.png,low,low,0.2079422353512073,invalid,,,,,,COC1=CC2=C(C=C1)N=C(S(=O)CC1=C(C)C3(OC)=C(C3)C(C)C=N1)N2.[HH]
omeprazole_pubchem,,,omeprazole_pubchem.png,low,low,0.2079422353512073,invalid,,,,,,COC1=CC2=C(C=C1)N=C(S(=O)CC1=C(C)C3(OC)=C(C3)C(C)C=N1)N2.[HH]
ondansetron_pubchem,,,ondansetron_pubchem.png,low,low,0.5197938847983156,wrong,,ondansetron,0.979,23,22,Cc1nccn1CC1CCc2c(c3ccccc3n2C)C1=O.Cl
oritavancin_pubchem,,,oritavancin_pubchem.png,low,low,1.418716258260366e-07,invalid,,,,,,CC=C(O)C=C1(O)=C2345O6C789%10=C2%11=C62%12(=C=736C%11C164=C(O)C=CC13=C46C1(NC(=O)[CH]NC[CH]NC[CH]N[CH]CNC)C=31C43=C82=C61=C=39%12)O5%10.COC.[H]C(C(O)[CH]CO)C([CH]OC(=O)C(=C)OC1=CC=C([CH]N2C(=O)C2NC=O)C=C1)O[CH]OC(C)C(O)C(C)(C)NC12C3N14C1=CC(C5=CC=C(Cl)C=C5)=CC=C1324
orphenadrine_pubchem,,,orphenadrine_pubchem.png,low,low,3.199243507491632e-13,wrong,,orphenadrine,0.029,125,20,C.C.C.C.C.C.C.C.C.C.C.C.C.C.C.C.C.C.C.C.C.C.C.C.C.C.C.C.C.C.C.C.C.C.C.C.C.C.C.C.C.C.C.C.C.C.C.C.C.C.C.C.C.C.C.C.C.C.C.C.C.C.C.C.C.C.C.C.C.C.C.C.C.C.C.C.C.C.C.C.C.C.C.C.C.CC.CC.CC.CC.CC.CC.CC.CC.CC.CC.CC.CC.CC.CC.CC.CC.CC.CC.CC.CC
oseltamivir_pubchem,,,oseltamivir_pubchem.png,high,high,0.8767340729774131,wrong,,oseltamivir,0.956,23,22,I.[HH].[H]N[C@H]1CC(C(=O)OCC)=C[C@@H](OC(CC)CC)[C@@H]1NC(C)=O
osimertinib_az_pubchem,,,osimertinib_az_pubchem.png,high,high,0.8733213713751817,exact,osimertinib,osimertinib,1.0,37,37,C=CC(=O)Nc1cc(Nc2nccc(-c3cn(C)c4ccccc34)n2)c(OC)cc1N(C)CCN(C)C
osimertinib_pubchem,,,osimertinib_pubchem.png,high,high,0.8733213713751817,exact,osimertinib,osimertinib,1.0,37,37,C=CC(=O)Nc1cc(Nc2nccc(-c3cn(C)c4ccccc34)n2)c(OC)cc1N(C)CCN(C)C
oxalic_acid_pubchem,,,oxalic_acid_pubchem.png,low,low,0.6930178589726784,wrong,,oxalic acid,0.75,9,6,I.I.I.O=C(O)C(=O)O.[HH].[HH]
oxaliplatin_pubchem,,,oxaliplatin_pubchem.png,low,low,0.1734479866663287,wrong,,oxaliplatin,0.182,15,15,[HH].[HH].[HH].[H][N]1C2([H])CCCCC2([HH])[NH][Pt]12[O]C(=O)C(=O)[O]2
oxandrolone_pubchem,,,oxandrolone_pubchem.png,low,low,0.2538313009235933,wrong,,oxandrolone,0.0,25,22,"C.C.C.C.[C].[C].[C].[C].[C].[C].[C].[C].[C].[C].[C].[C].[C].[C].[C].[C].[C].[C].[C].[C].[C].[H].[H].[H].[H].[H].[H].[H].[H].[H].[H].[H].[H].[H].[H].[H].[H] |^1:25,26,27,28,29,30,31,32,33,34,35,36,37,38,39,40,4,5,6,7,8,9,10,11,12,13,14,15,16,17,18,19,20,21,22,23,24|"
oxaprozin_pubchem,,,oxaprozin_pubchem.png,low,low,0.1477330771072991,invalid,,,,,,O=C(O)CCC1=NC23=C(=C2C2(=CC=CC=C2)C2=CC=CC=CC3=C2)O1
oxcarbazepine_pubchem,,,oxcarbazepine_pubchem.png,low,low,0.4680365459478547,wrong,,oxcarbazepine,0.969,19,19,NC(=O)N1c2ccccc2CC(=O)c2ccccc21.[HH].[HH]
oxis_az_pubchem,,,oxis_az_pubchem.png,high,high,0.8595725097834541,wrong,,oxis,0.96,26,25,I.[HH].[HH].[HH].[H]C(=O)Nc1cc(C(O)CNC(C)Cc2ccc(OC)cc2)ccc1O
oxycodone_pubchem,,,oxycodone_pubchem.png,low,low,0.7780388815546789,stereo,oxycodone,oxycodone,1.0,23,23,[H]O[C@@]12CCC(=O)[C@@]3([H])Oc4c(OC)ccc5c4[C@]13CCN(C)[C@]2([H])C5
oxytocin_pubchem,,,oxytocin_pubchem.png,low,low,0.1743319181251098,invalid,,,,,,[H]NC(=O)CNC(=O)C(CC(C)C)NC(=O)C1CCCN1C(=O)C(CS)NC(=O)C(CC(=O)N[H])NC(=O)C(CCC(=O)NN)NC(=O)C1(NC(=O)C(CC2=CC=C(O)C=C2)NC(=O)C(N)CS)C[CH]1(C)CC
paclitaxel_pubchem,,,paclitaxel_pubchem.png,low,low,0.8349078490850631,exact,paclitaxel,paclitaxel,1.0,62,62,[H]O[C@H]1C[C@@]2([H])OC[C@@]2(OC(C)=O)[C@@]2([H])[C@H](OC(=O)c3ccccc3)[C@]3(O)C[C@H](OC(=O)[C@H](O)[C@@H](NC(=O)c4ccccc4)c4ccccc4)C(C)=C([C@@H](OC(C)=O)C(=O)[C@]12C)C3(C)C
palbociclib_pubchem,,,palbociclib_pubchem.png,high,high,0.8988364335430602,wrong,,palbociclib,0.984,33,33,CC(=O)c1c(C)c2cnc(Nc3ccc(N4CCNCC4)cn3)nc2n(C2CCCC2)c1=O.[HH]
paliperidone_pubchem,,,paliperidone_pubchem.png,high,high,0.8941531300238228,wrong,,paliperidone,0.826,31,31,Cc1nc2n(c(=O)c1CCN1CCC(c3noc4c[c]([Fl])ccc34)CC1)CCCC2O.[H] |^1:31|
pantoprazole_pubchem,,,pantoprazole_pubchem.png,high,high,0.8706732145016197,wrong,,pantoprazole,0.981,26,26,COc1ccnc(CS(=O)c2nc3ccc(OC(F)F)cc3[nH]2)c1OC.[H] |^1:26|
pantothenic_acid_pubchem,,,pantothenic_acid_pubchem.png,low,low,0.7965448305072039,wrong,,pantothenic acid,1.0,15,15,CC(C)(CO)[C@@H](O)C(=O)NCCC(=O)O.[HH].[HH].[HH].[HH].[HH]
paroxetine_pubchem,,,paroxetine_pubchem.png,low,low,0.04030748359259995,invalid,,,,,,FC1=CC=C([CH]23C4C5N67[H]N58C6C5C6OC9=C%10%11=C%12(=CC=%10%13=C(=C%11%10=C(C=C9)OCO%10)(C=C%12)OCO%13)OC[CH]62(C78)[CH]54C32=CC=C(F)C=C2)C=C1
pazopanib_pubchem,,,pazopanib_pubchem.png,high,high,0.8777023347332263,wrong,,pazopanib,0.983,31,31,[H].[H]NS(=O)(=O)c1cc(Nc2nccc(N(C)c3ccc4c(C)n(C)nc4c3)n2)ccc1C |^1:0|
pbd_adc_pubchem,,,pbd_adc_pubchem.png,low,low,0.7518131815190634,no-truth,,,,17,,I.II.c1cnnc2c(c1)ccc1nccc12
pembrolizumab_fragment_pubchem,,,pembrolizumab_fragment_pubchem.png,low,low,0.815256280231099,no-truth,,,,20,,[H].[H]N[C@@H](CCc1ccc2c(c1)=NC(=O)C(=O)N=2)C(=O)O[H].[H]N[H] |^1:0|
pemetrexed_pubchem,,,pemetrexed_pubchem.png,high,high,0.8444346481945567,wrong,,pemetrexed,1.0,31,31,Nc1nc2[nH]cc(CCc3ccc(C(=O)N[C@@H](CCC(=O)O)C(=O)O)cc3)c2c(=O)[nH]1.[HH].[HH].[HH].[HH]
pemigatinib_onc_pubchem,,,pemigatinib_onc_pubchem.png,high,high,0.8940871888426692,exact,pemigatinib,pemigatinib,1.0,35,35,CCN1C(=O)N(c2c(F)c(OC)cc(OC)c2F)Cc2cnc3[nH]c(CN4CCOCC4)cc3c21
penicillin_g_pubchem,,,penicillin_g_pubchem.png,low,low,0.6663667665008235,wrong,,penicillin g,0.956,23,23,[HH].[H].[H]OC(=O)[C@@H]1N2C(=O)[C@@H](NC(=O)Cc3ccccc3)[C@@]2([H])SC1(C)C |^1:1|
pentazocine_pubchem,,,pentazocine_pubchem.png,low,low,0.3478088697640531,wrong,,pentazocine,0.978,21,21,[HH].[H][C@]12Cc3ccc(O)cc3[C@](C)(CCN1CC=C(C)C)C2C
pergolide_pubchem,,,pergolide_pubchem.png,low,low,0.39884300890053,invalid,,,,,,[H]C12CC3=CNC4=CC=CC(=C34)C13([H])CC(CSC)C1N(CCC)C[CH]1(CSC)C23
perindopril_pubchem,,,perindopril_pubchem.png,low,low,0.8291337989323464,wrong,,perindopril,0.98,26,26,[HH].[HH].[H][C@@]12CCCC[C@]1([H])N(C(=O)[C@H](C)N[C@@H](CCC)C(=O)OCC)[C@H](C(=O)O)C2
permethrin_pubchem,,,permethrin_pubchem.png,high,high,0.8784795557642602,exact,permethrin,permethrin,1.0,26,26,CC1(C)C(C=C(Cl)Cl)C1C(=O)OCc1cccc(Oc2ccccc2)c1
phenobarbital_pubchem,,,phenobarbital_pubchem.png,low,low,0.8078608792376729,wrong,,phenobarbital,0.926,19,17,CCC1(c2ccccc2)C(=O)NC(=O)NC1=O.I.I.[HH].[HH]
phenylalanine_pubchem,,,phenylalanine_pubchem.png,low,low,0.7563272111507595,wrong,,phenylalanine,0.957,16,12,I.I.I.I.[H]N[C@@H](Cc1ccccc1)C(=O)O[H]
phenylephrine_pubchem,,,phenylephrine_pubchem.png,low,low,0.7601129067310232,wrong,,phenylephrine,0.964,16,12,I.I.I.I.[H]Oc1cccc([C@H](CNC)O[H])c1
phenytoin_pubchem,,,phenytoin_pubchem.png,low,low,0.7534132834876398,wrong,,phenytoin,0.957,21,19,I.I.[H]N1C(=O)NC(c2ccccc2)(c2ccccc2)C1=O
pimozide_pubchem,,,pimozide_pubchem.png,low,low,0.6571258181913806,wrong,,pimozide,0.98,34,34,O=c1[nH]c2ccccc2n1C1CCN(CCCC(c2ccc(F)cc2)c2ccc(F)cc2)CC1.[HH].[HH]
pioglitazone_pubchem,,,pioglitazone_pubchem.png,low,low,0.8282832199044421,wrong,,pioglitazone,0.978,25,25,"CCc1ccc(CCOc2ccc(CC3SC(=O)NC3=O)cc2)nc1.[H].[H].[H] |^1:25,26,27|"
piperacillin_pubchem,,,piperacillin_pubchem.png,high,high,0.8689003024204106,wrong,,piperacillin,0.984,36,36,[HH].[HH].[H][C@]12SC(C)(C)[C@H](C(=O)O)N1C(=O)[C@H]2NC(=O)[C@H](NC(=O)N1CCN(CC)C(=O)C1=O)c1ccccc1
piroxicam_pubchem,,,piroxicam_pubchem.png,high,high,0.8490900717455304,wrong,,piroxicam,0.977,23,23,CN1C(C(=O)Nc2ccccn2)=C(O)c2ccccc2S1(=O)=O.[HH].[HH]
pirtobrutinib_onc_pubchem,,,pirtobrutinib_onc_pubchem.png,high,high,0.8758719837846415,wrong,,pirtobrutinib,0.984,34,34,COc1ccc(F)cc1C(=O)NCc1ccc(-c2nn([C@@H](C)C(F)(F)F)c(N)c2C(N)=O)cc1.[HH].[HH].[HH].[HH].[HH]
pitavastatin_pubchem,,,pitavastatin_pubchem.png,high,high,0.8519315954996134,wrong,,pitavastatin,0.982,31,31,"[H].[H].[H]/C(=C(/[H])[C@@H](O)C[C@@H](O)CC(=O)O)c1c(C2CC2)nc2ccccc2c1-c1ccc(F)cc1 |^1:0,1|"
plendil_az_pubchem,,,plendil_az_pubchem.png,low,low,0.8402155581829861,wrong,,plendil,0.976,25,25,CCOC(=O)C1=C(C)NC(C)=C(C(=O)OC)C1c1cccc(Cl)c1Cl.[HH]
plicamycin_pubchem,,,plicamycin_pubchem.png,low,low,5.15873884643673e-05,invalid,,,,,,COC(C(=O)C(O)C(C)O)C1CC2=C(C3(=O)C1O[CH]314O[CH]35O6[CH]78C31[CH]613(OC6CC(OC9CC(C)(O)[CH]C(C)O9)C(O)C(C)O6)O[CH]69(C)C[CH](O46)([CH]571O)[CH]893O)C1(O)=C34C56CC37(=C25)=C=164C(O)=C(C)COC1C[CH](OC2CC(O)C(O)C(C)O2)(C7)C(O)C(O)O1
pomalidomide_protac_pubchem,,,pomalidomide_protac_pubchem.png,low,low,0.6744888652811564,no-truth,,,,20,,Nc1cccc2c1C(=O)N(C1CCC(=O)NC1=O)C2=O.[HH].[HH].[HH].[HH]
pramipexole_pubchem,,,pramipexole_pubchem.png,low,low,0.7996526905513683,wrong,,pramipexole,0.972,14,14,CCCN[C@H]1CCc2nc(N)sc2C1.[HH].[HH].[HH].[HH]
prasugrel_pubchem,,,prasugrel_pubchem.png,low,low,0.7600337415206402,exact,prasugrel,prasugrel,1.0,26,26,CC(=O)Oc1cc2c(s1)CCN(C(C(=O)C1CC1)c1ccccc1F)C2
pravastatin_pubchem,,,pravastatin_pubchem.png,high,high,0.8605902950822927,exact,pravastatin,pravastatin,1.0,30,30,[H]OC(=O)C[C@@H](C[C@@H](CC[C@H]1[C@@H](C)C=CC2=C[C@@H](O[H])C[C@H](OC(=O)[C@@H](C)CC)[C@@]21[H])O[H])O[H]
praziquantel_pubchem,,,praziquantel_pubchem.png,high,high,0.8769506839341631,exact,praziquantel,praziquantel,1.0,23,23,O=C(C1CCCCC1)N1CC(=O)N2CCc3ccccc3C2C1
prazosin_pubchem,,,prazosin_pubchem.png,high,high,0.878138295437484,wrong,,prazosin,0.981,28,28,"COc1cc2nc(N3CCN(C(=O)c4ccco4)CC3)nc(N)c2cc1OC.[H].[H] |^1:28,29|"
prednisolone_pubchem,,,prednisolone_pubchem.png,low,low,0.4344592178144691,wrong,,prednisolone,0.981,26,26,[HH].[HH].[HH].[H]O[C@H]1C[C@@]2(C)[C@]([H])(CC[C@]2(O)C(=O)CO)[C@]2([H])CCC3=CC(=O)C=C[C@]3(C)[C@@]12[H]
prednisone_pubchem,,,prednisone_pubchem.png,low,low,0.3938068587014283,wrong,,prednisone,0.98,26,26,[HH].[HH].[HH].[H][C@@]12CC[C@](O)(C(=O)CO)[C@@]1(C)CC(=O)[C@@]1([H])[C@@]2([H])CCC2=CC(=O)C=C[C@@]21C
pregabalin_pubchem,,,pregabalin_pubchem.png,low,low,0.7366211386077182,wrong,,pregabalin,0.88,13,11,CC(C)C[C@H](CN)CC(=O)O.II.[HH].[HH].[HH].[HH].[HH].[HH]
pregnenolone_pubchem,,,pregnenolone_pubchem.png,low,low,0.5347553592219317,wrong,,pregnenolone,0.977,23,23,[HH].[H][C@@]12CC=C3C[C@@H](O)CC[C@]3(C)[C@@]1([H])CC[C@]1(C)[C@@H](C(C)=O)CC[C@@]21[H]
pretomanid_pubchem,,,pretomanid_pubchem.png,high,high,0.8718179551671829,exact,pretomanid,pretomanid,1.0,25,25,O=[N+]([O-])c1cn2c(n1)OC[C@@H](OCc1ccc(OC(F)(F)F)cc1)C2
prilocaine_az_pubchem,,,prilocaine_az_pubchem.png,low,low,0.836637563274672,wrong,,prilocaine,0.943,18,16,CCCNC(C)C(=O)Nc1ccccc1C.I.I.[HH].[HH]
prilosec_az_pubchem,,,prilosec_az_pubchem.png,low,low,0.2079422353512073,invalid,,,,,,COC1=CC2=C(C=C1)N=C(S(=O)CC1=C(C)C3(OC)=C(C3)C(C)C=N1)N2.[HH]
primidone_pubchem,,,primidone_pubchem.png,low,low,0.781914169853874,wrong,,primidone,0.931,19,16,CCC1(c2ccccc2)C(=O)NCNC1=O.I.I.I.[HH]
procarbazine_pubchem,,,procarbazine_pubchem.png,low,low,0.7185014047364378,wrong,,procarbazine,0.938,21,16,CNNCc1ccc(C(=O)NC(C)C)cc1.I.I.I.I.I.[HH].[HH]
progesterone_pubchem,,,progesterone_pubchem.png,low,low,0.789055654166572,exact,progesterone,progesterone,1.0,23,23,[H][C@@]12CCC3=CC(=O)CC[C@]3(C)[C@@]1([H])CC[C@]1(C)[C@@H](C(C)=O)CC[C@@]21[H]
proline_pubchem,,,proline_pubchem.png,low,low,0.7363832726195749,wrong,,proline,0.95,11,8,I.I.I.O=C(O)[C@@H]1CCCN1
propofol_az_pubchem,,,propofol_az_pubchem.png,high,high,0.8461119948085369,exact,propofol,propofol,1.0,13,13,CC(C)c1cccc(C(C)C)c1O
propranolol_pubchem,,,propranolol_pubchem.png,low,low,0.7903249146111604,wrong,,propranolol,0.972,22,19,I.I.I.[H]OC([H])(CNC(C)C)COc1cccc2ccccc12
pseudoephedrine_pubchem,,,pseudoephedrine_pubchem.png,low,low,0.7383855914902917,wrong,,pseudoephedrine,0.88,16,12,II.II.[HH].[H]O[C@@H](c1ccccc1)[C@H](C)NC
pulmicort_az_pubchem,,,pulmicort_az_pubchem.png,low,low,0.07706080759160035,invalid,,,,,,[HH].[H]C1C([H])(C([H])C2(C)CC34([H])OC(CCCC)(OC23C(=O)CO)O4)CCC2=CC(=O)C=CC12C
pyrene_pubchem,,,pyrene_pubchem.png,low,low,0.8333884845193286,exact,pyrene,pyrene,1.0,16,16,c1cc2ccc3cccc4ccc(c1)c2c34
pyridine_pubchem,,,pyridine_pubchem.png,low,low,0.6442621284334883,wrong,,pyridine,0.818,10,6,II.II.c1ccncc1
pyridoxal_pubchem,,,pyridoxal_pubchem.png,high,high,0.851597953438479,wrong,,pyridoxal,0.933,13,12,I.[HH].[HH].[H]C(=O)c1c(CO)cnc(C)c1O
quercetin_pubchem,,,quercetin_pubchem.png,low,low,0.3926091020936113,wrong,,quercetin,0.971,22,22,O=c1c(O)c(-c2ccc(O)c(O)c2)oc2cc(O)cc(O)c12.[HH].[HH].[HH].[HH].[HH].[HH].[HH]
quetiapine_az_pubchem,,,quetiapine_az_pubchem.png,high,high,0.845702256749879,wrong,,quetiapine,0.957,28,27,I.OCCOCCN1CCN(C2=Nc3ccccc3Sc3ccccc32)CC1.[H] |^1:28|
quetiapine_pubchem,,,quetiapine_pubchem.png,high,high,0.845702256749879,wrong,,quetiapine,0.957,28,27,I.OCCOCCN1CCN(C2=Nc3ccccc3Sc3ccccc32)CC1.[H] |^1:28|
quinapril_pubchem,,,quinapril_pubchem.png,low,low,0.7115811705026942,wrong,,quinapril,0.656,32,32,CCOC(=O)[C@H](CCc1ccccc1)N[C@@H](C)C(=O)N1C/C=C/C=C\C=CC[C@H]1C(=O)O |ctu:26|
quinine_pubchem,,,quinine_pubchem.png,low,low,0.1109702419684942,invalid,,,,,,[H]C1(C(O)C2=C3C=C(OC)C=CC3=NC=C2)CC234C[CH]56(C=C)C(=C)C(C25)C362([H])CCN142
quinupristin_pubchem,,,quinupristin_pubchem.png,low,low,0.0001418841924102618,invalid,,,,,,[H]C1CN[CH]CN2C3([H])C(NC(C)C4=CC=CC=C4)C4([H])(CC(=O)C(CSC567CN89CCC5%10CC86C%105C9CC57)CN34C2(=O)C(CC2=CC=C(N(C)C)C=C2)NC(=O)C2([H])CCCN2C(=O)C(CC)NC(C)=O)C(=O)NC(C2=CC=CC=C2)C(=O)OC(C)C(NC(=O)C2=C(O)C=CC=N2)C(=O)NC(CC)CN1
rabeprazole_pubchem,,,rabeprazole_pubchem.png,low,low,0.8408982533525134,wrong,,rabeprazole,0.98,26,25,COCCCOc1ccnc(CS(=O)c2nc3ccccc3[nH]2)c1C.[HH].[I-]
raloxifene_pubchem,,,raloxifene_pubchem.png,high,high,0.8871864914016172,wrong,,raloxifene,0.981,34,34,O=C(c1ccc(OCCN2CCCCC2)cc1)c1c(-c2ccc(O)cc2)sc2cc(O)ccc12.[HH].[HH]
raltegravir_pubchem,,,raltegravir_pubchem.png,low,low,0.6532579149541218,wrong,,raltegravir,0.622,32,32,CCO/C(=N\N)C(=O)NC(C)(C)c1nc(C(=O)NCc2ccc(F)cc2)c(O)c(=O)n1C.[HH].[HH]
ramipril_pubchem,,,ramipril_pubchem.png,low,low,0.6343142478797261,wrong,,ramipril,0.982,30,30,[HH].[HH].[HH].[H][C@@]12CCC[C@]1([H])N(C(=O)[C@H](C)N[C@@H](CCc1ccccc1)C(=O)OCC)[C@H](C(=O)O)C2
ranitidine_pubchem,,,ranitidine_pubchem.png,high,high,0.8517318040304024,wrong,,ranitidine,0.978,21,21,[HH].[H]/C(=C(/NC)NCCSCc1ccc(CN(C)C)o1)[N+](=O)[O-]
ranolazine_pubchem,,,ranolazine_pubchem.png,high,high,0.8766086738661933,wrong,,ranolazine,0.98,31,31,COc1ccccc1OCC(O)CN1CCN(CC(=O)Nc2c(C)cccc2C)CC1.[HH]
rasagiline_pubchem,,,rasagiline_pubchem.png,low,low,0.5113361201583754,wrong,,rasagiline,0.968,13,13,C#CCN[C@@H]1CCc2ccccc21.[HH]
regorafenib_pubchem,,,regorafenib_pubchem.png,high,high,0.8839296576563425,wrong,,regorafenib,0.983,33,33,CNC(=O)c1cc(Oc2ccc(NC(=O)Nc3ccc(Cl)c(C(F)(F)F)c3)c(F)c2)ccn1.[HH].[HH].[HH]
remdesivir_pubchem,,,remdesivir_pubchem.png,low,low,0.4833759381817891,wrong,,remdesivir,0.728,42,42,"[H].[H].[H].[H].[H]Nc1ncnn2c([C@]3(C#N)O[C@H](CO[P+](O)(N[C@@H](C)C(=O)OCC(CC)CC)Oc4ccccc4)[C@@H](O)[C@@H]3O[H])ccc12 |^1:0,1,2,3|"
repaglinide_pubchem,,,repaglinide_pubchem.png,high,high,0.8667752748373004,wrong,,repaglinide,0.983,33,33,"CCOc1cc(CC(=O)N[C@@H](CC(C)C)c2ccccc2N2CCCCC2)ccc1C(=O)O.[H].[H] |^1:33,34|"
resveratrol_pubchem,,,resveratrol_pubchem.png,low,low,0.7597159609931666,exact,resveratrol,resveratrol,1.0,17,17,[H]/C(=C(/[H])c1cc(O)cc(O)c1)c1ccc(O)cc1
retapamulin_pubchem,,,retapamulin_pubchem.png,low,low,0.04115311793616452,invalid,,,,,,I.[HH].[H]C12CCC([H])(CC(SCC(=O)O[CH]34C5(C)C6([H])C(=O)CCC67CCC5368(C)C[CH]3(O)C59(C)(C=C)CC36(C=C)(C458)[CH]9(O)C7C)C1)N2C
retinoic_acid_pubchem,,,retinoic_acid_pubchem.png,low,low,0.8161177049098873,wrong,,retinoic acid,0.975,22,22,"[H].[H].[H].[H].[H]/C(C1=C(C)CCCC1(C)C)=C([H])\C(C)=C([H])\C([H])=C([H])\C(C)=C(/[H])C(=O)O |^1:0,1,2,3|"
retinol_pubchem,,,retinol_pubchem.png,low,low,0.7914159212651769,wrong,,retinol,0.975,21,21,"[H].[H].[H].[H]OC/C([H])=C(C)/C([H])=C([H])/C([H])=C(C)/C([H])=C(\[H])C1=C(C)CCCC1(C)C |^1:0,1,2|"
rhinocort_az_pubchem,,,rhinocort_az_pubchem.png,low,low,0.07706080759160035,invalid,,,,,,[HH].[H]C1C([H])(C([H])C2(C)CC34([H])OC(CCCC)(OC23C(=O)CO)O4)CCC2=CC(=O)C=CC12C
rhodamine_b_pubchem,,,rhodamine_b_pubchem.png,high,high,0.8661496181781503,wrong,,rhodamine b,0.982,34,34,CCN(CC)c1ccc2c(-c3ccccc3C(=O)O)c3ccc(=[N+](CC)CC)cc-3oc2c1.[Cl-].[HH]
ribavirin_pubchem,,,ribavirin_pubchem.png,low,low,0.825784196894002,wrong,,ribavirin,0.949,18,17,I.[HH].[HH].[HH].[H]O[C@H]1[C@@H](O)[C@H](n2cnc(C(N)=O)n2)O[C@@H]1CO
ribociclib_novartis_pubchem,,,ribociclib_novartis_pubchem.png,low,low,0.8408790549060833,no-truth,,,,32,,CN(C)C(=O)c1cc2cnc(Nc3ccc(N4CCNCC4)cn3)nc2n1C1CCCC1.[HH].[HH]
ribociclib_pubchem,,,ribociclib_pubchem.png,low,low,0.8408790549060833,wrong,,ribociclib,0.984,32,32,CN(C)C(=O)c1cc2cnc(Nc3ccc(N4CCNCC4)cn3)nc2n1C1CCCC1.[HH].[HH]
riboflavin5phosphate_pubchem,,,riboflavin5phosphate_pubchem.png,high,high,0.8434518941696846,no-truth,,,,31,,Cc1cc2nc3c(=O)[nH]c(=O)nc-3n(C[C@H](O)[C@H](O)[C@H](O)COP(=O)(O)O)c2cc1C.[HH].[HH].[HH].[HH]
riboflavin_5p_pubchem,,,riboflavin_5p_pubchem.png,low,low,4.315736025514973e-05,no-truth,,,,,,CC1=CC2=C345=C67=C(C=C(C)(=C3=C1C)C(C)=C6)N41CC(O)[CH]3(O)[CH]4(O)C(OP(=O)(O)O)[CH]3(O)(COP(=O)(O)O)[CH]4(O)C(O)CN5C34=N5=C16=NC18(=O)=O=C5N1C1(=O)(C3=N2)N8C(=O)C461=N7.[H]NC1=C2N=CN(C3OC(COPO)C(O)C3O)C2=NC=N1
ribose_pubchem,,,ribose_pubchem.png,low,low,0.7196923735637466,wrong,,ribose,0.28,14,10,I.I.I.I.[H]OC1O[C@H](CO)[C@@H](O[H])[C@H]1O
rifabutin_pubchem,,,rifabutin_pubchem.png,low,low,0.002891501547789842,invalid,,,,,,[H].[H]O.[H]OC=CC(O)=C(C)C1=C2C3C=NC45CCN(CC(C)(C)C)C6C(C(C4)C65)C(C([H])=C([H])[H])C(O)[CH]4(C)C(O)[CH]56(C)[CH]4(O)[CH]4(C)[CH]5(OC(C)=O)[CH]57(C)C(OC)C([H])=C([H])O8C9%10CC8%11%12%13(C)(OC([H])=C([H])[CH]5(OC)C(C)[CH]476OC(C)=O)OC(=C3(C%11=O)C29%12=O)O1%10%13.[H][H]
rifampin_pubchem,,,rifampin_pubchem.png,low,low,3.289361615959788e-07,invalid,,,,,,[H]OC1C(C)C(O)C(C)C(OC(C)=O)C(C)C(OC)C([H])=C([H])OC2(C)OC3=C(C2=O)C2=C(C(O)=C3C)C(O)=C3N4C5678=O=C49%10%11%12%13(=N4%14([H])C%15([H])=C3(=C4([H])N%15([H])C3(C)=C4([H])C%15%16%17%18=C%19([H])[CH]1(C)C%15([H])=C34%1951C%1693([H])=C=6=%10%14%17(C)N37%11456(CCN(C)C4C%125=O)C(O)=C=%13%1816C)C2=O)O8
rilpivirine_pubchem,,,rilpivirine_pubchem.png,high,high,0.8759135767168921,wrong,,rilpivirine,0.959,28,28,[HH].[H].[H]/C(C#N)=C(/[H])c1cc(C)c(Nc2ccnc(Nc3ccc(C#N)cc3)n2)c(C)c1 |^1:1|
risperidone_pubchem,,,risperidone_pubchem.png,high,high,0.8447515865025925,wrong,,risperidone,0.984,31,30,Cc1nc2n(c(=O)c1CCN1CCC(c3noc4cc(F)ccc34)CC1)CCCC2.Cl
ritlecitinib_onc_pubchem,,,ritlecitinib_onc_pubchem.png,high,high,0.8878654636516048,wrong,,ritlecitinib,0.98,21,21,C=CC(=O)N1C[C@H](Nc2ncnc3[nH]ccc23)CC[C@@H]1C.[HH].[HH]
ritonavir_pubchem,,,ritonavir_pubchem.png,high,high,0.8865720225837289,exact,ritonavir,ritonavir,1.0,50,50,CC(C)c1nc(CN(C)C(=O)N[C@H](C(=O)N[C@@H](Cc2ccccc2)C[C@H](O)[C@H](Cc2ccccc2)NC(=O)OCc2cncs2)C(C)C)cs1
rivaroxaban_pubchem,,,rivaroxaban_pubchem.png,high,high,0.8515183669652465,wrong,,rivaroxaban,0.981,31,29,I.I.O=C(NC[C@H]1CN(c2ccc(N3CCOCC3=O)cc2)C(=O)O1)c1ccc(Cl)s1
rizatriptan_pubchem,,,rizatriptan_pubchem.png,low,low,0.8289386015463083,wrong,,rizatriptan,0.957,21,20,CN(C)CCc1c[nH]c2ccc(Cn3cncn3)cc12.I.[HH]
rmc6236_onc_pubchem,,,rmc6236_onc_pubchem.png,low,low,0.07741217468291343,invalid,,,,,,[H]C1C(=O)OCC(C)(C)CCC2=C34=C5C=C(=C2)(C=C3)C2N=C([H])CC(C(C)[CH]3(CC([H])(=N2)N3C(=O)C2CC2C)C(=O)N2CCCC([H])(C(=O)OCC(C)(C)CC5=C(C3=C(C(C)OC)N=CC(N5CCN(C)CC5)=C3)N4CC)N2[H])N1[H]
romidepsin_pubchem,,,romidepsin_pubchem.png,low,low,0.2784818860474763,wrong,,romidepsin,0.623,38,36,[HH].[HH].[HH].[H]/C(C)=C1/NC(=O)C2([H])C[SH]3[SH]4[SH]5C(C/C([H])=C(\[H])C([H])(CC(=O)NC(C(C)C)C(=O)N2[H])OC(=O)C(C(C)C)N([H])C1=O)S354
ropinirole_pubchem,,,ropinirole_pubchem.png,low,low,0.7830052804062505,wrong,,ropinirole,0.947,20,19,"CCCN(CCC)CCc1cccc2c1CC(=O)N2.Cl.[H].[H].[H] |^1:20,21,22|"
ropivacaine_az_pubchem,,,ropivacaine_az_pubchem.png,high,high,0.8438378681267068,wrong,,ropivacaine,0.951,22,20,CCCN1CCCC[C@H]1C(=O)Nc1c(C)cccc1C.I.I.[HH]
rosiglitazone_pubchem,,,rosiglitazone_pubchem.png,low,low,0.8264879854650637,wrong,,rosiglitazone,0.941,26,25,"CN(CCOc1ccc(CC2SC(=O)NC2=O)cc1)c1ccccn1.Cl.[HH].[H].[H] |^1:27,28|"
rosuvastatin_az_pubchem,,,rosuvastatin_az_pubchem.png,high,high,0.8783782981463751,wrong,,rosuvastatin,0.983,33,33,"[H].[H].[H].[H]/C(=C(/[H])[C@@H](O)C[C@@H](O)CC(=O)O)c1c(-c2ccc(F)cc2)nc(N(C)S(C)(=O)=O)nc1C(C)C |^1:0,1,2|"
rosuvastatin_pubchem,,,rosuvastatin_pubchem.png,high,high,0.8783782981463751,wrong,,rosuvastatin,0.983,33,33,"[H].[H].[H].[H]/C(=C(/[H])[C@@H](O)C[C@@H](O)CC(=O)O)c1c(-c2ccc(F)cc2)nc(N(C)S(C)(=O)=O)nc1C(C)C |^1:0,1,2|"
rotigotine_pubchem,,,rotigotine_pubchem.png,high,high,0.8623743460179014,wrong,,rotigotine,0.979,22,22,CCCN(CCc1cccs1)[C@H]1CCc2c(O)cccc2C1.[HH]
roxadustat_az_pubchem,,,roxadustat_az_pubchem.png,high,high,0.8537924795751498,wrong,,roxadustat,0.978,26,26,Cc1nc(C(=O)NCC(=O)O)c(O)c2ccc(Oc3ccccc3)cc12.[HH].[HH].[HH]
ruxolitinib_pubchem,,,ruxolitinib_pubchem.png,low,low,0.8243817577253293,wrong,,ruxolitinib,0.962,25,23,I.I.N#CC[C@H](C1CCCC1)n1cc(-c2ncnc3[nH]ccc23)cn1.[HH]
sacubitril_pubchem,,,sacubitril_pubchem.png,low,low,0.8355265723223069,wrong,,sacubitril,1.0,30,30,CCOC(=O)[C@H](C)C[C@@H](Cc1ccc(-c2ccccc2)cc1)NC(=O)CCC(=O)O.[HH].[HH]
sacubitrilat_pubchem,,,sacubitrilat_pubchem.png,high,high,0.8434241912684162,wrong,,sacubitrilat,1.0,28,28,C[C@H](C[C@@H](Cc1ccc(-c2ccccc2)cc1)NC(=O)CCC(=O)O)C(=O)O.[HH].[HH].[HH].[HH]
salicylic_acid_pubchem,,,salicylic_acid_pubchem.png,low,low,0.7059683644329673,wrong,,salicylic acid,0.9,14,10,I.I.I.I.O=C(O)c1ccccc1O.[HH]
sapitinib_az_pubchem,,,sapitinib_az_pubchem.png,high,high,0.9040771373051073,exact,sapitinib,sapitinib,1.0,33,33,CNC(=O)CN1CCC(Oc2cc3c(Nc4cccc(Cl)c4F)ncnc3cc2OC)CC1
savolitinib_az_pubchem,,,savolitinib_az_pubchem.png,high,high,0.9003364374464304,exact,savolitinib,savolitinib,1.0,26,26,C[C@@H](c1ccc2nccn2c1)n1nnc2ncc(-c3cnn(C)c3)nc21
saxagliptin_pubchem,,,saxagliptin_pubchem.png,low,low,0.4675770487826627,wrong,,saxagliptin,0.977,23,23,[HH].[HH].[HH].[H][C@]12C[C@@H](C#N)N(C(=O)[C@@H](N)C34CC5CC(CC(O)(C5)C3)C4)[C@@]1([H])C2
selegiline_pubchem,,,selegiline_pubchem.png,low,low,0.2887298710949269,wrong,,selegiline,0.933,16,14,C#CCN(C)[C@H](C)Cc1ccccc1.CC.[HH]
selexipag_pubchem,,,selexipag_pubchem.png,high,high,0.9128324335184717,exact,selexipag,selexipag,1.0,35,35,CC(C)N(CCCCOCC(=O)NS(C)(=O)=O)c1cnc(-c2ccccc2)c(-c2ccccc2)n1
selumetinib_az_pubchem,,,selumetinib_az_pubchem.png,high,high,0.8731891806918541,wrong,,selumetinib,0.983,27,27,Cn1cnc2c(F)c(Nc3ccc(Br)cc3Cl)c(C(=O)NOCCO)cc21.[HH].[HH].[HH]
semaglutide_peptide_pubchem,,,semaglutide_peptide_pubchem.png,low,low,0.6642909646034241,no-truth,,,,,,
serine_pubchem,,,serine_pubchem.png,low,low,0.6997353599020945,wrong,,serine,0.882,11,7,I.I.I.I.[HH].[HH].[H]OC[C@H](N)C(=O)O
seroquel_az_pubchem,,,seroquel_az_pubchem.png,high,high,0.845702256749879,wrong,,seroquel,0.957,28,27,I.OCCOCCN1CCN(C2=Nc3ccccc3Sc3ccccc32)CC1.[H] |^1:28|
serotonin_pubchem,,,serotonin_pubchem.png,low,low,0.7860536937655657,wrong,,serotonin,0.935,14,13,I.NCCc1c[nH]c2ccc(O)cc12.[HH].[HH].[HH].[HH].[HH]
sertraline_pubchem,,,sertraline_pubchem.png,high,high,0.8964753410110601,exact,sertraline,sertraline,1.0,20,20,CN[C@H]1CC[C@@H](c2ccc(Cl)c(Cl)c2)c2ccccc21
sildenafil_pfizer_pubchem,,,sildenafil_pfizer_pubchem.png,high,high,0.8990728528676741,exact,sildenafil,sildenafil,1.0,33,33,CCCc1nn(C)c2c(=O)[nH]c(-c3cc(S(=O)(=O)N4CCN(C)CC4)ccc3OCC)nc12
sildenafil_pubchem,,,sildenafil_pubchem.png,high,high,0.8982731776615094,wrong,,sildenafil,0.768,33,33,CCCc1nn(C)c2c(=O)nc(-c3cc(S(=O)(=O)N4CCN(C)CC4)ccc3OCC)[nH]c12
simvastatin_pubchem,,,simvastatin_pubchem.png,low,low,2.777655468892392e-20,wrong,,simvastatin,0.063,126,30,C.C.C.C.C.C.C.C.C.C.C.C.C.C.C.C.C.C.C.C.C.C.C.C.C.C.C.C.C.C.C.C.C.C.C.C.C.C.C.C.C.C.C.C.C.C.C.C.C.C.C.C.C.C.C.C.C.C.C.C.C.C.C.C.C.C.C.C.C.C.C.C.CC.CC.CC.CC.CC.CC.CC.CC.CC.CC.CC.CCCCCCCCCCCCCCCCCCCCCCCCCCCCCCCC
sirolimus_pubchem,,,sirolimus_pubchem.png,low,low,0.001221178725753508,invalid,,,,,,[H]C1=C([H])C([H])=C2(C)[CH]3(OC)C4C56([H])CC[CH]7(C)C(O)C89=O=C(=O=8)(C(=O)N8CCCCC8([H])C(=O)OC8([H])C(C)C%10[CH](CC(OC)=C1O)(CC1C%11([H])=C([H])C%12%13=C([H])(C(C)CC(C)C)C%12([H])=C%13(C)C([H])=C1([H])=C%11([H])=C3(C)[CH]42(OC)C5)C[CH]%108C)C97(O)O6
sitafloxacin_pubchem,,,sitafloxacin_pubchem.png,high,high,0.8474653571080262,wrong,,sitafloxacin,0.983,28,28,N[C@@H]1CN(c2c(F)cc3c(=O)c(C(=O)O)cn([C@@H]4C[C@@H]4F)c3c2Cl)CC12CC2.[HH].[HH].[HH].[HH]
sitagliptin_merck_pubchem,,,sitagliptin_merck_pubchem.png,high,high,0.8770862522419115,no-truth,,,,28,,"N[C@@H](CC(=O)N1CCn2c(nnc2C(F)(F)F)C1)Cc1cc(F)c(F)cc1F.[H].[H] |^1:28,29|"
sitagliptin_pubchem,,,sitagliptin_pubchem.png,high,high,0.8770862522419115,wrong,,sitagliptin,0.98,28,28,"N[C@@H](CC(=O)N1CCn2c(nnc2C(F)(F)F)C1)Cc1cc(F)c(F)cc1F.[H].[H] |^1:28,29|"
sn38_adc_pubchem,,,sn38_adc_pubchem.png,low,low,0.8296638791070612,no-truth,,,,32,,CCc1c2c(nc3ccc(O)cc13)-c1cc3c(c(=O)n1C2)COC(=O)[C@]3(O)CC.I.I.I
sodium_zirconium_cyclosilicate_az_pubchem,,,sodium_zirconium_cyclosilicate_az_pubchem.png,low,low,0.6176715191707814,wrong,,sodium zirconium cyclosilicate,0.143,24,15,[I-].[Na+].[Na+].[Na+].[Na+].[Na+].[Na+].[Na+].[Na+].[Na+].[Na+].[Na+].[Na+].[Na+].[O-][Si]([O-])([O-])[O-].[O-][Si]([O-])([O-])[O-]
sofosbuvir_pubchem,,,sofosbuvir_pubchem.png,low,low,0.3230688907819012,wrong,,sofosbuvir,1.0,36,36,"CC(C)OC(=O)[C@H](C)NP(=O)(OC[C@H]1O[C@@H](n2ccc(=O)[nH]c2=O)[C@](C)(F)[C@@H]1O)Oc1ccccc1.[H].[H] |^1:36,37|"
sorafenib_pubchem,,,sorafenib_pubchem.png,high,high,0.8842787140669282,wrong,,sorafenib,0.981,32,32,CNC(=O)c1cc(Oc2ccc(NC(=O)Nc3ccc(Cl)c(C(F)(F)F)c3)cc2)ccn1.[HH].[HH].[HH]
sotalol_pubchem,,,sotalol_pubchem.png,low,low,0.7698202338616273,wrong,,sotalol,0.941,20,18,"I.I.[H].[H].[H].[H].[H]OC([H])(CNC(C)C)c1ccc(NS(C)(=O)=O)cc1 |^1:2,3,4,5|"
sotorasib_az_pubchem,,,sotorasib_az_pubchem.png,high,high,0.8832636433250194,wrong,,sotorasib,0.987,41,41,C=CC(=O)N1CCN(c2nc(=O)n(-c3c(C)ccnc3C(C)C)c3nc(-c4c(O)cccc4F)c(F)cc23)[C@@H](C)C1.[H] |^1:41|
sotorasib_onc_pubchem,,,sotorasib_onc_pubchem.png,high,high,0.8832636433250194,wrong,,sotorasib,0.987,41,41,C=CC(=O)N1CCN(c2nc(=O)n(-c3c(C)ccnc3C(C)C)c3nc(-c4c(O)cccc4F)c(F)cc23)[C@@H](C)C1.[H] |^1:41|
spectinomycin_pubchem,,,spectinomycin_pubchem.png,low,low,0.8327363938264816,wrong,,spectinomycin,1.0,23,23,"[H].[H].[H].[H]N(C)[C@@H]1[C@H](O)[C@H](NC)[C@@]2([H])O[C@@]3(O)C(=O)C[C@@H](C)O[C@@]3([H])O[C@@]2([H])[C@H]1O |^1:0,1,2|"
spironolactone_pubchem,,,spironolactone_pubchem.png,low,low,0.5085775928330764,invalid,,,,,,[H]C12CCC3(C)C4(CCC35(CCC(=O)O5)CC4)C1(N)C(SC(C)=O)CC1=CC(=O)CCC12C
stanozolol_pubchem,,,stanozolol_pubchem.png,low,low,0.772643835366459,wrong,,stanozolol,0.957,24,24,"[HH].[H].[H].[H][C@]12CC[C@]3([H])[C@]([H])(CC[C@@]4(C)[C@@]3([H])CC[C@]4(C)O)[C@@]1(C)Cc1cn[nH]c1C2 |^1:1,2|"
streptomycin_pubchem,,,streptomycin_pubchem.png,low,low,0.7237800211227825,wrong,,streptomycin,1.0,40,40,"[H].[H].[H].[H].[H].[H].[H].[H].[H].[H].[H].[H].[H].[H].[H].[H]NC(N)=N[C@@H]1[C@@H](O)[C@H](N=C(N)N)[C@@H](O[C@@H]2O[C@@H](C)[C@](O)(C([H])=O)[C@H]2O[C@@H]2O[C@@H](CO)[C@H](O)[C@@H](O)[C@@H]2NC)[C@H](O)[C@H]1O[H] |^1:0,1,2,3,4,5,6,7,8,9,10,11,12,13,14|"
strychnine_pubchem,,,strychnine_pubchem.png,low,low,0.4538344355207775,wrong,,strychnine,0.845,26,25,[H][C@@]12N3C(=O)C[C@]4([H])OCC=C5CCN6CC[C@@]1(c1ccccc13)[C@]6([H])C[C@]5([H])[C@]24[H]
sucrose_pubchem,,,sucrose_pubchem.png,high,high,0.8517002697580042,wrong,,sucrose,0.97,23,23,[HH].[HH].[HH].[HH].[H]O[C@H]1[C@@H](O[C@]2(CO)O[C@H](CO)[C@@H](O)[C@@H]2O[H])O[C@H](CO)[C@@H](O[H])[C@@H]1O
sulfamethoxazole_pubchem,,,sulfamethoxazole_pubchem.png,low,low,0.830173128687074,wrong,,sulfamethoxazole,0.941,19,17,Cc1cc(NS(=O)(=O)c2ccc(N)cc2)no1.I.I.[HH].[HH]
sulindac_pubchem,,,sulindac_pubchem.png,low,low,0.7801251205254094,wrong,,sulindac,0.978,25,25,[HH].[H]/C(=C1\C(C)=C(CC(=O)O)c2cc(F)ccc21)c1ccc(S(C)=O)cc1
sumatriptan_pubchem,,,sumatriptan_pubchem.png,low,low,0.829314770515174,wrong,,sumatriptan,0.976,20,20,CNS(=O)(=O)Cc1ccc2[nH]cc(CCN(C)C)c2c1.[HH].[HH].[HH]
sunitinib_pubchem,,,sunitinib_pubchem.png,high,high,0.8724688769723382,exact,sunitinib,sunitinib,1.0,29,29,[H]/C(=C1/C(=O)Nc2ccc(F)cc21)c1[nH]c(C)c(C(=O)NCCN(CC)CC)c1C
symbicort_budesonide_az_pubchem,,,symbicort_budesonide_az_pubchem.png,low,low,0.07706080759160035,no-truth,,,,,,[HH].[H]C1C([H])(C([H])C2(C)CC34([H])OC(CCCC)(OC23C(=O)CO)O4)CCC2=CC(=O)C=CC12C
symbicort_formoterol_az_pubchem,,,symbicort_formoterol_az_pubchem.png,high,high,0.8595725097834541,no-truth,,,,26,,I.[HH].[HH].[HH].[H]C(=O)Nc1cc(C(O)CNC(C)Cc2ccc(OC)cc2)ccc1O
tadalafil_pubchem,,,tadalafil_pubchem.png,low,low,0.6377010927489751,wrong,,tadalafil,0.982,29,29,[HH].[H][C@]12Cc3c([nH]c4ccccc34)[C@@H](c3ccc4c(c3)OCO4)N1C(=O)CN(C)C2=O
tafluprost_pubchem,,,tafluprost_pubchem.png,low,low,0.82022498653786,wrong,,tafluprost,0.984,32,32,[HH].[HH].[H]/C(CCCC(=O)OC(C)C)=C(\[H])C[C@@H]1[C@@H](/C([H])=C(\[H])C(F)(F)COc2ccccc2)[C@H](O)C[C@@H]1O
tagrisso_az_pubchem,,,tagrisso_az_pubchem.png,high,high,0.8733213713751817,wrong,,tagrisso,0.946,37,42,C=CC(=O)Nc1cc(Nc2nccc(-c3cn(C)c4ccccc34)n2)c(OC)cc1N(C)CCN(C)C
talazoparib_az_pubchem,,,talazoparib_az_pubchem.png,low,low,0.7307044977428052,wrong,,talazoparib,0.981,28,28,[HH].[HH].[HH].[HH].[H][C@@]1(c2ncnn2C)c2n[nH]c(=O)c3cc(F)cc(c23)N[C@@H]1c1ccc(F)cc1
tamoxifen_az_pubchem,,,tamoxifen_az_pubchem.png,low,low,0.6720311131975759,wrong,,tamoxifen,0.6,31,28,C/C=C\C=C\C=C\C(CC)=C(\c1ccccc1)c1ccc(OCCN(C)C)cc1.I.I
tamoxifen_pubchem,,,tamoxifen_pubchem.png,low,low,0.6720311131975759,wrong,,tamoxifen,0.6,31,28,C/C=C\C=C\C=C\C(CC)=C(\c1ccccc1)c1ccc(OCCN(C)C)cc1.I.I
tapentadol_pubchem,,,tapentadol_pubchem.png,low,low,0.8345691048352856,wrong,,tapentadol,0.914,17,16,CC[C@@H](c1cccc(O)c1)[C@@H](C)CN(C)C.I.[HH].[H] |^1:18|
tazobactam_pubchem,,,tazobactam_pubchem.png,high,high,0.8450559305788906,exact,tazobactam,tazobactam,1.0,20,20,[H][C@@]12CC(=O)N1[C@@H](C(=O)O)[C@](C)(Cn1ccnn1)S2(=O)=O
tedizolid_pubchem,,,tedizolid_pubchem.png,low,low,0.834974162878966,wrong,,tedizolid,0.983,29,27,Cn1nnc(-c2ccc(-c3ccc(N4C[C@H](CO)OC4=O)cc3F)cn2)n1.I.I
telavancin_pubchem,,,telavancin_pubchem.png,low,low,5.727934722216114e-15,invalid,,,,,,CCCCCCCCCCNCCC1CC2(C)(N)(CCNCCCCCCCCCC)C3C4OC(O[CH]56(O)[CH]7(O)[CH]5(C)(C)[CH]4762N1)O[CH]31(O)[CH]2345(O)[CH]678(O)[CH]9(O)C(CO)O%10[CH]%11%12[CH]62%13%14(O)[CH]%1026OC%10C(O)OC%10[CH]9%133%10(O)[CH]%11274(O)[CH]%1218%14%105O6.CCN[CH]CN[CH]1(CC(N)=O)C2N1C(O)[CH]2(O)C1O[CH]1(O)CC(=O)O
telmisartan_pubchem,,,telmisartan_pubchem.png,high,high,0.888363362425997,exact,telmisartan,telmisartan,1.0,39,39,CCCc1nc2c(C)cc(-c3nc4ccccc4n3C)cc2n1Cc1ccc(-c2ccccc2C(=O)O)cc1
temozolomide_pubchem,,,temozolomide_pubchem.png,low,low,0.7867480594084925,wrong,,temozolomide,0.941,16,14,Cn1nnc2c(C(N)=O)ncn2c1=O.I.I.[HH]
temsirolimus_pubchem,,,temsirolimus_pubchem.png,low,low,0.09570193613252245,invalid,,,,,,[H]OC(C(C)=C[CH](C)(C)C(=O)C1CCC(OC(=O)C2(C)COC2O)C(OC)C1)C(OC)C(=O)C(C)C[CH](C)(C)C([H])=C([H])C([H])=C([H])C([H])=C(C)C(CC1([H])CCC(C)C(OC)(C(=O)C(=O)N2CCCCC2([H])C(=O)OC([H])([CH]C)C[CH]CC([CH]OCCC)OC)O1)OC
tenofovir_pubchem,,,tenofovir_pubchem.png,low,low,0.5855254309076244,wrong,,tenofovir,0.977,19,19,C[C@H](Cn1cnc2c(N)ncnc21)OCP(=O)(O)O.[HH].[HH].[HH]
terazosin_pubchem,,,terazosin_pubchem.png,high,high,0.8868948545712625,wrong,,terazosin,0.981,28,28,COc1cc2nc(N3CCN(C(=O)C4CCCO4)CC3)nc(N)c2cc1OC.[H] |^1:28|
terbutaline_az_pubchem,,,terbutaline_az_pubchem.png,low,low,0.811154838665754,wrong,,terbutaline,0.929,18,16,"I.I.[H].[H].[H]Oc1cc(O[H])cc(C(CNC(C)(C)C)O[H])c1 |^1:2,3|"
testosterone_pubchem,,,testosterone_pubchem.png,low,low,0.5400704666318538,wrong,,testosterone,0.975,21,21,[HH].[HH].[H][C@@]12CCC3=CC(=O)CC[C@]3(C)[C@@]1([H])CC[C@]1(C)[C@@H](O)CC[C@@]21[H]
tetracycline_pubchem,,,tetracycline_pubchem.png,low,low,0.7895411830655023,wrong,,tetracycline,0.982,32,32,"[H].[H].[H].[H].[H].[H].[H].[H]OC1=C(C(N)=O)C(=O)[C@@H](N(C)C)[C@]2([H])C[C@@]3([H])C(=C(O)c4c(O)cccc4[C@@]3(C)O)C(=O)[C@]12O |^1:0,1,2,3,4,5,6|"
thalidomide_protac_pubchem,,,thalidomide_protac_pubchem.png,low,low,0.6369531551225611,no-truth,,,,19,,O=C1CCC(N2C(=O)c3ccccc3C2=O)C(=O)N1
thalidomide_pubchem,,,thalidomide_pubchem.png,low,low,0.6369531551225611,exact,thalidomide,thalidomide,1.0,19,19,O=C1CCC(N2C(=O)c3ccccc3C2=O)C(=O)N1
thc_pubchem,,,thc_pubchem.png,high,high,0.8735264130743459,exact,thc,thc,1.0,23,23,[H][C@@]12C=C(C)CC[C@@]1([H])C(C)(C)Oc1cc(CCCCC)cc(O)c12
theophylline_pubchem,,,theophylline_pubchem.png,low,low,0.7067764356892938,wrong,,theophylline,0.963,17,13,I.I.I.I.[H]n1cnc2c1c(=O)n(C)c(=O)n2C
thf_pubchem,,,thf_pubchem.png,low,low,0.5936181081193634,wrong,,thf,0.889,9,5,C1CCOC1.I.I.I.I
thiamine_pyrophosphate_pubchem,,,thiamine_pyrophosphate_pubchem.png,high,high,0.8531219182934101,wrong,,thiamine pyrophosphate,0.831,27,26,Cc1ncc(C[n+]2csc(CCOP(=O)(O)OP(=O)(O)O)c2C)c(N)n1.I.[HH].[HH].[HH]
thioguanine_pubchem,,,thioguanine_pubchem.png,low,low,0.6566672909846273,wrong,,thioguanine,0.963,16,11,I.I.I.I.I.[H]Nc1nc(=S)c2[nH]cnc2[nH]1
thiophene_pubchem,,,thiophene_pubchem.png,low,low,0.6026401989290019,wrong,,thiophene,0.059,9,5,C1=C[S-]C=C1.II.II |^1:2|
thioridazine_pubchem,,,thioridazine_pubchem.png,low,low,0.8365970827004411,wrong,,thioridazine,0.979,28,25,CSc1ccc2c(c1)N(CCC1CCCCN1C)c1ccccc1S2.Cl.Cl.Cl
threonine_pubchem,,,threonine_pubchem.png,low,low,0.726183455128318,wrong,,threonine,0.435,12,8,C[C@@H](O)[C@H]([NH3+])C(=O)O.I.I.I.I
thymol_pubchem,,,thymol_pubchem.png,low,low,0.7887009762127091,wrong,,thymol,0.913,13,11,Cc1ccc(C(C)C)c(O)c1.I.I.[HH]
thyroxine_pubchem,,,thyroxine_pubchem.png,low,low,0.8109135052584736,wrong,,thyroxine,0.973,24,24,N[C@@H](Cc1cc(I)c(Oc2cc(I)c(O)c(I)c2)c(I)c1)C(=O)O.[HH].[HH].[HH].[HH].[HH].[HH].[HH]
ticagrelor_az_pubchem,,,ticagrelor_az_pubchem.png,low,low,0.7560052643204211,wrong,,ticagrelor,1.0,36,36,"CCCSc1nc(N[C@@H]2C[C@H]2c2ccc(F)c(F)c2)c2nnn([C@@H]3C[C@H](OCCO)[C@@H](O)[C@H]3O)c2n1.[H].[H] |^1:36,37|"
ticagrelor_pubchem,,,ticagrelor_pubchem.png,low,low,0.7560052643204211,wrong,,ticagrelor,1.0,36,36,"CCCSc1nc(N[C@@H]2C[C@H]2c2ccc(F)c(F)c2)c2nnn([C@@H]3C[C@H](OCCO)[C@@H](O)[C@H]3O)c2n1.[H].[H] |^1:36,37|"
ticlopidine_pubchem,,,ticlopidine_pubchem.png,low,low,0.6560011478136698,wrong,,ticlopidine,0.5,17,17,Clc1ccccc1CN1CCC2=C(C=C[S-]2)C1 |^1:15|
tigecycline_pubchem,,,tigecycline_pubchem.png,high,high,0.8727485234102373,exact,tigecycline,tigecycline,1.0,42,42,[H][C@@]12Cc3c(N(C)C)cc(NC(=O)CNC(C)(C)C)c(O)c3C(O)=C1C(=O)[C@]1(O)C(O)=C(C(N)=O)C(=O)[C@@H](N(C)C)[C@]1([H])C2
tirzepatide_peptide_pubchem,,,tirzepatide_peptide_pubchem.png,low,low,0.3508782487563969,no-truth,,,,0,,[2H][2H].[2H][2H]
tizanidine_pubchem,,,tizanidine_pubchem.png,low,low,0.7993527367286467,wrong,,tizanidine,0.949,18,16,Clc1ccc2nsnc2c1NC1=NCCN1.I.I.[HH]
tobramycin_pubchem,,,tobramycin_pubchem.png,low,low,0.7857422022083007,wrong,,tobramycin,0.976,32,32,"[HH].[HH].[HH].[HH].[HH].[HH].[HH].[H].[H].[H].[H].[H].[H].[H].[H].[H].[H].[H]N[C@@H]1C[C@H](N)[C@@H](O[C@H]2O[C@H](CN)[C@@H](O)C[C@H]2N)[C@H](O)[C@H]1O[C@H]1O[C@H](CO)[C@@H](O)[C@H](N)[C@H]1O |^1:7,8,9,10,11,12,13,14,15,16|"
tolcapone_pubchem,,,tolcapone_pubchem.png,low,low,0.7609232721940564,wrong,,tolcapone,0.971,20,20,Cc1ccc(C(=O)c2cc(O)c(O)c([N+](=O)[O-])c2)cc1.[HH].[HH]
toluene_pubchem,,,toluene_pubchem.png,low,low,0.1988308694025279,wrong,,toluene,0.083,8,7,CC.CC.CC.CC
tolvaptan_pubchem,,,tolvaptan_pubchem.png,high,high,0.87574161327535,wrong,,tolvaptan,0.982,32,32,Cc1ccccc1C(=O)Nc1ccc(C(=O)N2CCCC(O)c3cc(Cl)ccc32)c(C)c1.[HH].[HH]
topiramate_pubchem,,,topiramate_pubchem.png,low,low,0.3405832533747352,stereo,topiramate,topiramate,1.0,22,22,[H][C@@]12OC(C)(C)O[C@]1(COS(N)(=O)=O)OC[C@@]1([H])OC(C)(C)O[C@]21[H]
topotecan_pubchem,,,topotecan_pubchem.png,low,low,0.1975043647407633,invalid,,,,,,[H]OC1=C(CN(C)C)C2=C(=NCC3(=C2)C2C45=CC6=C(C=CC(O)=C6CN(C)C)N=C34C3=CC4=C(COC(=O)C4(CC)O[H])C(=O)N32C5)C=C1
toprol_az_pubchem,,,toprol_az_pubchem.png,low,low,0.779829472834,wrong,,toprol,0.841,22,46,I.I.I.[HH].[H]C(O)(CNC(C)C)COc1ccc(CCOC)cc1
trabectedin_pubchem,,,trabectedin_pubchem.png,low,low,6.237448722948711e-15,invalid,,,,,,[H]OC1=C(OC)C(C)=CC234=C15C1C67C18C6519C56C%10=CC(O)=C(OC)C=C%10%11%12C%10%13%14%15%16%17=C=2(C(O[H])=C(OC)C(C)=C3)C=%102(=O)N%133%10C851(C4)C6%113%1414([H])N(C)C=%15135=C1C(=O)N68C(=O)C(=O)N7%11C7SC%13%14([H])C%15=C(OC(C)=O)C(C)C%18OCOC%18=C%15C6([H])COC=36(=O)C=%169(=O)C17%11%126%10543([H])C%17[SH]%13C8%1423[H]
tramadol_pubchem,,,tramadol_pubchem.png,low,low,0.8385521918176523,wrong,,tramadol,0.976,20,19,COc1cccc([C@@]2(O)CCCC[C@@H]2CN(C)C)c1.I
trametinib_pubchem,,,trametinib_pubchem.png,high,high,0.8771758151118512,wrong,,trametinib,0.971,37,37,CC(=O)Nc1cccc(-n2c(=O)n(C3CC3)c(=O)c3c(Nc4ccc(I)cc4F)n(C)c(=O)c(C)c32)c1.[HH].[H] |^1:38|
travoprost_pubchem,,,travoprost_pubchem.png,low,low,0.6839772652602247,wrong,,travoprost,0.985,35,35,[HH].[HH].[HH].[HH].[H]/C(CCCC(=O)OC(C)C)=C(\[H])C[C@@H]1[C@@H](/C([H])=C(\[H])[C@@H](O)COc2cccc(C(F)(F)F)c2)[C@H](O)C[C@@H]1O
trazodone_pubchem,,,trazodone_pubchem.png,low,low,0.7975655113042217,wrong,,trazodone,0.979,28,26,Cl.Cl.O=c1n(CCCN2CCN(c3cccc(Cl)c3)CC2)nc2ccccn12
triamcinolone_pubchem,,,triamcinolone_pubchem.png,low,low,0.621483780242699,wrong,,triamcinolone,0.981,28,28,[HH].[HH].[HH].[HH].[HH].[H]O[C@H]1C[C@@]2(C)[C@@]([H])(C[C@@H](O)[C@]2(O)C(=O)CO)[C@]2([H])CCC3=CC(=O)C=C[C@]3(C)[C@@]12F
trihexyphenidyl_pubchem,,,trihexyphenidyl_pubchem.png,low,low,0.6474865744852693,wrong,,trihexyphenidyl,0.944,23,22,"Cl.OC(CCN1CCCCC1)(c1ccccc1)C1CCCCC1.[H].[H].[H] |^1:23,24,25|"
trimethoprim_pubchem,,,trimethoprim_pubchem.png,low,low,0.8336234738799427,wrong,,trimethoprim,0.971,21,21,"COc1cc(Cc2cnc(N)nc2N)cc(OC)c1OC.[H].[H].[H].[H].[H] |^1:21,22,23,24,25|"
truqap_az_pubchem,,,truqap_az_pubchem.png,low,low,0.7777784513842724,wrong,,truqap,0.983,30,30,[HH].[HH].[HH].[HH].[HH].[HH].[H]N(C(=O)C1(N)CCN(c2ncnc3[nH]ccc23)CC1)[C@@H](CCO)c1ccc(Cl)cc1
tryptophan_pubchem,,,tryptophan_pubchem.png,low,low,0.3847788707942476,wrong,,tryptophan,0.0,0,15,[HH].[HH].[HH].[HH].[HH].[HH].[HH].[HH].[HH].[HH].[HH].[HH].[HH]
tyrosine_pubchem,,,tyrosine_pubchem.png,low,low,0.689925076197815,wrong,,tyrosine,0.96,20,13,I.I.I.I.I.I.I.[H]N[C@@H](Cc1ccc(O)cc1)C(=O)O[H]
urea_pubchem,,,urea_pubchem.png,low,low,0.5862539497677113,wrong,,urea,0.857,10,4,I.I.I.I.I.I.[H]NC(N)=O
valacyclovir_pubchem,,,valacyclovir_pubchem.png,low,low,0.7800791917969253,wrong,,valacyclovir,0.98,23,23,[HH].[HH].[HH].[HH].[HH].[HH].[HH].[HH].[H]N[C@H](C(=O)OCCOCn1cnc2c(=O)[nH]c(N)nc21)C(C)C
valganciclovir_pubchem,,,valganciclovir_pubchem.png,low,low,0.7848174515600598,wrong,,valganciclovir,0.981,25,25,[HH].[HH].[HH].[HH].[HH].[HH].[HH].[HH].[H]N[C@H](C(=O)OCC(CO)OCn1cnc2c(=O)[nH]c(N)nc21)C(C)C
valine_pubchem,,,valine_pubchem.png,low,low,0.7276329233818668,wrong,,valine,0.375,10,8,CC(C)[C@H]([NH3+])C(=O)O.I.I.[HH].[HH].[H] |^1:12|
valproic_acid_pubchem,,,valproic_acid_pubchem.png,low,low,0.6805563242990336,wrong,,valproic acid,0.5,15,10,CCCC(CCC)C(=O)[O-].I.II.II
valsartan_pubchem,,,valsartan_pubchem.png,high,high,0.8597480295088767,wrong,,valsartan,0.982,32,32,CCCCC(=O)N(Cc1ccc(-c2ccccc2-c2nn[nH]n2)cc1)[C@H](C(=O)O)C(C)C.[HH].[HH].[HH]
vancomycin_peptide_pubchem,,,vancomycin_peptide_pubchem.png,low,low,0.005588863288316661,no-truth,,,,,,[H]NC(=O)CC1NC(=O)C(NC(=O)C(CC(C)C)NC)C(O)C2=CC=C(C=C2)OC(Cl)=C2(OC3OC(CO)C(O)C(O)C3O[CH]O[CH]C)COC(=CC)C=CCC(O)C([H])NC(=O)(=O)C([H])(CC=CC(O)=C3(OC([H])=O)C4=C3(OC([H])=O)C([H])=CC(O)=C4)NC(=O)C([H])(CC=C2Cl)NC1=O
vancomycin_pubchem,,,vancomycin_pubchem.png,low,low,0.005588863288316661,invalid,,,,,,[H]NC(=O)CC1NC(=O)C(NC(=O)C(CC(C)C)NC)C(O)C2=CC=C(C=C2)OC(Cl)=C2(OC3OC(CO)C(O)C(O)C3O[CH]O[CH]C)COC(=CC)C=CCC(O)C([H])NC(=O)(=O)C([H])(CC=CC(O)=C3(OC([H])=O)C4=C3(OC([H])=O)C([H])=CC(O)=C4)NC(=O)C([H])(CC=C2Cl)NC1=O
vandetanib_az_pubchem,,,vandetanib_az_pubchem.png,high,high,0.8856269691310614,wrong,,vandetanib,0.983,30,30,COc1cc2c(Nc3ccc(Br)cc3F)ncnc2cc1OCC1CCN(C)CC1.[H] |^1:30|
velpatasvir_pubchem,,,velpatasvir_pubchem.png,low,low,0.03048673326780293,invalid,,,,,,COCC1CC(C2=NC=C(C3=CCC4C(=C3)COC3=CC56=C(C=CC7=C5NC(C5CCC(CNC(=O)OC)N5C(=O)C(NC(=O)OC)C(C)C)N7)C=C346)N2)=N(C(=O)C(NC(=O)OC)C2=CC=CC=C2)C1
vemurafenib_pubchem,,,vemurafenib_pubchem.png,high,high,0.8932289933871747,exact,vemurafenib,vemurafenib,1.0,33,33,[H]N(c1ccc(F)c(C(=O)c2c[nH]c3ncc(-c4ccc(Cl)cc4)cc23)c1F)S(=O)(=O)CCC
vemurafenib_roche_pubchem,,,vemurafenib_roche_pubchem.png,high,high,0.8932289933871747,no-truth,,,,33,,[H]N(c1ccc(F)c(C(=O)c2c[nH]c3ncc(-c4ccc(Cl)cc4)cc23)c1F)S(=O)(=O)CCC
venetoclax_roche_pubchem,,,venetoclax_roche_pubchem.png,high,low,0.8517660007492008,no-truth,,,,,,CC1(C)CCC(CN2CCN(C3=CC(OC4=CN=C5NC=CC5=C4)=C(C(=O)NS(=O)(=O)C4=CC([N+](=O)[O-])=C(NCC5CCOCC5)C=C4)C=C3)CC2)=C(C2=CC=C(Cl)C=C2)C1.Cl.O.O=[N+]([O-])C1=C(NCC2CCOCC2)C=CC(S(=O)(=O)=O)=C1
venlafaxine_pubchem,,,venlafaxine_pubchem.png,low,low,0.7963510712710905,wrong,,venlafaxine,0.972,22,20,COc1ccc(C(CN(C)C)C2(O)CCCCC2)cc1.I.I
verapamil_pubchem,,,verapamil_pubchem.png,high,high,0.9015016321123064,exact,verapamil,verapamil,1.0,33,33,COc1ccc(CCN(C)CCCC(C#N)(c2ccc(OC)c(OC)c2)C(C)C)cc1OC
vernakalant_pubchem,,,vernakalant_pubchem.png,high,high,0.8492935286407637,wrong,,vernakalant,1.0,25,25,COc1ccc(CCO[C@@H]2CCCC[C@H]2N2CC[C@@H](O)C2)cc1OC.[H] |^1:25|
vilazodone_pubchem,,,vilazodone_pubchem.png,high,high,0.8697075580221889,wrong,,vilazodone,0.984,33,33,"[H].[H].[H]n1cc(CCCCN2CCN(c3ccc4oc(C(N)=O)cc4c3)CC2)c2cc(C#N)ccc21 |^1:0,1|"
vinblastine_pubchem,,,vinblastine_pubchem.png,low,low,0.01022174076335344,invalid,,,,,,[H].[H].[H]C1CNCC2C3=C456=C27(CCNCC(O)CC)=C2(N([H])C8=CC=CC=C87=C7=C3C(=CC=C7)N4)C534C1C26(C(=O)OC)(C3(=O)OC)C41=C(OC)C=C2C(=C1)C134CCN56CC=CC7(CC)(C(OC(C)=O)C(O)(C(=O)OC)C1([H])N2C)C531[H]C674[H]1
vincristine_pubchem,,,vincristine_pubchem.png,low,low,0.1073369968939663,invalid,,,,,,[H]C(=O)N1C2([H])C(O)(C(=O)OC)C(OC(C)=O)C3(CC)C=CCN4CCC25(C2=CC(C67(C(=O)OC)C8=C(CCN9CC(O)(CC)C%10C%11%12%13%14[H]C%10([H]%11)(C9%12)(C6%13)C7%14)C6=CC=CC=C6N8)=C(OC)C=C215)C43[H]
vinflunine_pubchem,,,vinflunine_pubchem.png,low,low,0.08479010292896906,invalid,,,,,,[H]C1N(C)C2=CC(OC)=C3C456789%10C%11C%12%13%14([H])CC(C(F)(F)F)CN(CC%15=C4(NC4=CC=CC=C4%15)C3%115(C%126)(C%137)(C8(=O)O)(C9(=O)O)C%103=C(OC)C=C4N(C)C5([H])C6(OC7=O=C6O7C)C(OC(C)=O)C(CC)C=CCNCCC15C24=C3)C%14
vinorelbine_pubchem,,,vinorelbine_pubchem.png,low,low,0.03577629267370545,invalid,,,,,,[H]OC1(C(=O)OC)C(OC(C)=O)C2(CC)C=CCN34CCC56(C(C3)C53=CC(C5(C(=O)O)CC7([H])CNCC(CC)=C7=C(CC)CNCC7=C5NC5=CC=CC=C57)=C(OC)C=C3N(C)C16[H])C24[H]
vistusertib_az_pubchem,,,vistusertib_az_pubchem.png,low,low,0.3114232069503035,invalid,,,,,,CNC(=O)C1=CC=CC(C2=NC3=NC(N4CCOCC4C)=NC(N4CCOCC4C)C=3C=C2)=C1.[H]
vitamin_a_pubchem,,,vitamin_a_pubchem.png,low,low,0.7914159212651769,wrong,,vitamin a,0.975,21,21,"[H].[H].[H].[H]OC/C([H])=C(C)/C([H])=C([H])/C([H])=C(C)/C([H])=C(\[H])C1=C(C)CCCC1(C)C |^1:0,1,2|"
vitamin_b12_pubchem,,,vitamin_b12_pubchem.png,low,low,2.907166383155849e-06,invalid,,,,,,[H]NC(=O)CC1(C)C2=C3(C)C456=N78C=439=N53C74(C)(CC4NC(C(C)CCCNCC(C)O)C4(CNC(C)=O)=C57(C)[CH]%10%11%12C(C%13=C(NCOC(CO)C([H])OPO)C=C(C)C(C)=C%13)[CH]5%10%13%14N5%10%15C%16%17%18=C%19%20CCC([H])(=O)=O=C([H])CCC21C%19=C%16([H])C%205(=N%177(C83%10(C)C)[CH]4%11%15%13C)C%18%12%14(C)C)C(C)(CC(=O)N[H])[CH]69CCC(N)=O
vitamin_b1_pubchem,,,vitamin_b1_pubchem.png,low,low,0.1079392635295628,invalid,,,,,,CC1=NC=C(N)C(C[N+]23=C(C)C4(CCO)=C2[SH]4C(C)=C3C)=CN1.I.[HH].[HH]
vitamin_b2_pubchem,,,vitamin_b2_pubchem.png,low,low,0.7722274950367487,wrong,,vitamin b2,0.979,27,27,Cc1cc2nc3c(=O)[nH]c(=O)nc-3n(C[C@H](O)[C@H](O)[C@H](O)CO)c2cc1C.[HH].[HH].[HH].[HH].[HH]
vitamin_b3_pubchem,,,vitamin_b3_pubchem.png,low,low,0.666621549762273,wrong,,vitamin b3,0.875,14,9,I.II.II.O=C(O)c1cccnc1
vitamin_b6_pubchem,,,vitamin_b6_pubchem.png,low,low,0.8379283108529939,wrong,,vitamin b6,0.381,12,15,[HH].[H].[H]OCc1c(CO)cnc(C)c1O |^1:1|
vitamin_c_pubchem,,,vitamin_c_pubchem.png,low,low,0.810967720415733,wrong,,vitamin c,0.926,14,12,I.I.[HH].[HH].[H]OC1=C(O)[C@@]([H])([C@H](CO)O[H])OC1=O
vitamin_d3_pubchem,,,vitamin_d3_pubchem.png,low,low,0.8211764245413895,wrong,,vitamin d3,0.981,28,28,[HH].[H]C(=C1\C[C@@H](O)CCC1=C)/C([H])=C1\CCC[C@]2(C)[C@]([H])([C@H](C)CCCC(C)C)CC[C@]12[H]
vitamin_e_pubchem,,,vitamin_e_pubchem.png,low,low,0.7940019887072178,wrong,,vitamin e,0.977,31,31,"Cc1c(C)c2c(c(C)c1O)CC[C@@](C)(CCC[C@H](C)CCC[C@H](C)CCCC(C)C)O2.[H].[H].[H].[H] |^1:31,32,33,34|"
vitamin_k1_pubchem,,,vitamin_k1_pubchem.png,low,low,0.2354804966890189,invalid,,,,,,CC(CCCC(C)CCCC(C)CCCC(C)C)=C1CC234=C(C)C5(=O)C6=CC=CC=C6C2(=O)C2(=C=35(C)C(=O)C3=CC=CC=C3C2=O)C14.[HH].[HH]
vorapaxar_pubchem,,,vorapaxar_pubchem.png,low,low,0.4161486884429213,wrong,,vorapaxar,0.986,36,36,[HH].[HH].[HH].[H]C(C1=NC=C(C2=CC(F)=CC=C2)C=C1)=C([H])C1C2([HH])CCC(NC(=O)OCC)CC2([H])CC2([H])C(=O)OC(C)C12[H]
voriconazole_pubchem,,,voriconazole_pubchem.png,low,low,0.7873281757847493,wrong,,voriconazole,0.98,27,25,I.I.[H]O[C@@](Cn1cncn1)(c1ccc(F)cc1F)[C@@H](C)c1ncncc1F
vortioxetine_pubchem,,,vortioxetine_pubchem.png,low,low,0.7898963621607775,wrong,,vortioxetine,0.553,21,21,Cc1ccc([S+]c2ccccc2N2CCNCC2)c(C)c1.[HH].[HH].[HH] |^1:5|
warfarin_pubchem,,,warfarin_pubchem.png,high,high,0.8886389817536204,exact,warfarin,warfarin,1.0,23,23,CC(=O)CC(c1ccccc1)c1c(O)c2ccccc2oc1=O
zanamivir_pubchem,,,zanamivir_pubchem.png,low,low,0.7645708511538407,wrong,,zanamivir,0.978,23,23,[HH].[HH].[HH].[HH].[HH].[HH].[HH].[HH].[HH].[HH].[HH].[H][C@@]1([C@H](O)[C@H](O)CO)OC(C(=O)O)=C[C@H](N=C(N)N)[C@H]1NC(C)=O
zanubrutinib_onc_pubchem,,,zanubrutinib_onc_pubchem.png,high,high,0.8603093394186377,wrong,,zanubrutinib,0.984,35,35,"[H].[H].[H].[H].[H][C@@]1(C2CCN(C(=O)C=C)CC2)CCNc2c(C(N)=O)c(-c3ccc(Oc4ccccc4)cc3)nn21 |^1:0,1,2,3|"
zibotentan_az_pubchem,,,zibotentan_az_pubchem.png,high,high,0.8755132188490994,exact,zibotentan,zibotentan,1.0,30,30,COc1nc(C)cnc1NS(=O)(=O)c1cccnc1-c1ccc(-c2nnco2)cc1
zidovudine_pubchem,,,zidovudine_pubchem.png,low,low,0.8207011962152713,wrong,,zidovudine,0.774,19,19,Cc1cn([C@H]2C[C@H](N=[N+]=N)[C@@H](CO)O2)c(=O)[nH]c1=O.[HH].[HH].[H] |^1:21|
ziprasidone_pubchem,,,ziprasidone_pubchem.png,low,low,0.8208528362594947,wrong,,ziprasidone,0.982,28,28,O=C1Cc2cc(CCN3CCN(c4nsc5ccccc45)CC3)c(Cl)cc2N1.[HH].[HH]
zolmitriptan_pubchem,,,zolmitriptan_pubchem.png,low,low,0.6309230001385785,wrong,,zolmitriptan,0.979,21,21,CN(C)CCc1c[nH]c2ccc(C[C@H]3COC(=O)N3)cc12.[HH].[HH].[HH]
zonisamide_pubchem,,,zonisamide_pubchem.png,low,low,0.5388671548170092,wrong,,zonisamide,0.966,14,14,NS(=O)(=O)Cc1noc2ccccc12.[HH]
