group,figure,segment,file_name,tier,tier_by_threshold,confidence,verdict,matched_name,closest_name,closest_tanimoto,pred_heavy,closest_heavy,grade,grade_largest,graded_match,decoded,dephantom,dedup,largest,best_tanimoto,skeleton_match,formula_match,elem_delta,n_fragments,phantom_frags,duplicate_frags,dropped_by_largest,smiles
1_1_1_3_3_3_hexafluoro_2_5_fluoro_2_1_2_fluorophenyl_methyl__cid86269973,,,1_1_1_3_3_3_hexafluoro_2_5_fluoro_2_1_2_fluorophenyl_methyl__cid86269973.png,high,high,0.9006273305178674,exact,"1,1,1,3,3,3-Hexafluoro-2-(((5-fluoro-2-(1-((2-fluorophenyl)methyl)-5-(3-isoxazolyl)-1H-pyrazol-3-yl)-4-pyrimidinyl)amino)methyl)-2-propanol","1,1,1,3,3,3-Hexafluoro-2-(((5-fluoro-2-(1-((2-fluorophenyl)methyl)-5-(3-isoxazolyl)-1H-pyrazol-3-yl)-4-pyrimidinyl)amino)methyl)-2-propanol",1.0,37,37,exact,exact,"1,1,1,3,3,3-Hexafluoro-2-(((5-fluoro-2-(1-((2-fluorophenyl)methyl)-5-(3-isoxazolyl)-1H-pyrazol-3-yl)-4-pyrimidinyl)amino)methyl)-2-propanol",False,False,False,False,1.0,True,True,0,1,,,,OC(CNc1nc(-c2cc(-c3ccon3)n(Cc3ccccc3F)n2)ncc1F)(C(F)(F)F)C(F)(F)F
1_3_dimethyl_2_6_dioxo_1_2_3_6_tetrahydro_7h_purin_7_yl_acet_cid176595,,,1_3_dimethyl_2_6_dioxo_1_2_3_6_tetrahydro_7h_purin_7_yl_acet_cid176595.png,high,high,0.8844563009687021,wrong,,"(1,3-Dimethyl-2,6-dioxo-1,2,3,6-tetrahydro-7H-purin-7-yl)acetic acid--4-(((2-amino-3,5-dibromophenyl)methyl)amino)cyclohexan-1-ol (1/1)",0.853,35,35,charge,charge,"(1,3-Dimethyl-2,6-dioxo-1,2,3,6-tetrahydro-7H-purin-7-yl)acetic acid--4-(((2-amino-3,5-dibromophenyl)methyl)amino)cyclohexan-1-ol (1/1)",False,True,False,False,0.866,False,False,3,4,[HH].[HH],,,Cn1c(=O)c2c(ncn2CC(=O)[O-])n(C)c1=O.Nc1c(Br)cc(Br)cc1CNC1CCC(O)CC1.[HH].[HH]
1_5_dihydro_1_beta_d_ribofuranosyl_4h_pyrazolo_3_4_d_pyrimid_cid135407110,,,1_5_dihydro_1_beta_d_ribofuranosyl_4h_pyrazolo_3_4_d_pyrimid_cid135407110.png,high,high,0.8898478220546652,wrong,,"1,5-Dihydro-1-beta-D-ribofuranosyl-4H-pyrazolo(3,4-d)pyrimidin-4-one",1.0,19,19,exact,exact,"1,5-Dihydro-1-beta-D-ribofuranosyl-4H-pyrazolo(3,4-d)pyrimidin-4-one",False,True,False,False,1.0,False,False,2,3,[H].[H],,,"[H].[H].[H]O[C@@H]1[C@H](O)[C@@H](CO)O[C@H]1n1ncc2c(=O)[nH]cnc21 |^1:0,1|"
216014_14_1_non_salt_cid172966628,,,216014_14_1_non_salt_cid172966628.png,low,low,2.869778196338185e-16,invalid,,,,,,invalid,invalid,,False,False,False,False,,False,,,,,,,CCCCCCCCCCO[CH]CCO[CH]123C4O[CH]56(C(O)O)[CH]17([O][Na])O[CH]2518(C3O)([CH]7(O)[O][Na])O235[CH]79%10C%11%12[CH]%13%14(O)O[CH]%15%16C%17[CH]%18%19%20OC(O)CCCCCCCCCC(C)CCCCCCCC(O)O[CH]%17%21(CNC[CH]O%17[CH]21%22%23%24O[CH]4%17638C%15%137%221(O%23[CH]%16%24O)[CH]%11%149(O)[CH]%12%1051O)(C%18[Si](C)(C)(O)O%19%21)C%20([CH]O[Si](C)(C)O)CCCCCCCCC
25_hydroxyvitamin_d3_cid5283731,,,25_hydroxyvitamin_d3_cid5283731.png,low,low,0.8171764194318145,wrong,,25-Hydroxyvitamin D3,0.982,29,29,exact,exact,25-Hydroxyvitamin D3,False,True,False,False,1.0,False,False,4,3,[HH].[HH],,,[HH].[HH].[H]C(=C1\C[C@@H](O)CCC1=C)/C([H])=C1\CCC[C@@]2(C)[C@@]1([H])CC[C@]2([H])[C@H](C)CCCC(C)(C)O
2_4_amino_3_chloro_5_trifluoromethyl_phenyl_2_tert_butylamin_cid9997788,,,2_4_amino_3_chloro_5_trifluoromethyl_phenyl_2_tert_butylamin_cid9997788.png,high,high,0.8694594571349638,wrong,,2-(4-Amino-3-chloro-5-trifluoromethyl-phenyl)-2-tert-butylaminoethanol hydrochloride,0.974,21,21,exact,exact,2-(4-Amino-3-chloro-5-trifluoromethyl-phenyl)-2-tert-butylaminoethanol hydrochloride,False,True,False,False,1.0,False,False,4,6,[H].[H].[H].[H],,,"CC(C)(C)NC(CO)c1cc(Cl)c(N)c(C(F)(F)F)c1.[H].[H].[H].[H].[H]Cl |^1:20,21,22,23|"
2_5_dimethoxy_4_iodoamphetamine_cid1229,,,2_5_dimethoxy_4_iodoamphetamine_cid1229.png,high,high,0.8933189144292256,wrong,,"2,5-Dimethoxy-4-iodoamphetamine",0.966,15,15,exact,exact,"2,5-Dimethoxy-4-iodoamphetamine",False,True,False,False,1.0,False,False,2,2,[HH],,,COc1cc(CC(C)N)c(OC)cc1I.[HH]
3r_6r_3_2_3_dihydro_1h_inden_2_yl_1_1r_1_2_6_dimethyl_3_pyri_cid11634973,,,3r_6r_3_2_3_dihydro_1h_inden_2_yl_1_1r_1_2_6_dimethyl_3_pyri_cid11634973.png,low,low,0.8216706548563614,exact,"(3R,6R)-3-(2,3-Dihydro-1H-inden-2-yl)-1-((1R)-1-(2,6-dimethyl-3-pyridinyl)-2-(4-morpholinyl)-2-oxoethyl)-6-((1S)-1-methylpropyl)-2,5-piperazinedione","(3R,6R)-3-(2,3-Dihydro-1H-inden-2-yl)-1-((1R)-1-(2,6-dimethyl-3-pyridinyl)-2-(4-morpholinyl)-2-oxoethyl)-6-((1S)-1-methylpropyl)-2,5-piperazinedione",1.0,38,38,exact,exact,"(3R,6R)-3-(2,3-Dihydro-1H-inden-2-yl)-1-((1R)-1-(2,6-dimethyl-3-pyridinyl)-2-(4-morpholinyl)-2-oxoethyl)-6-((1S)-1-methylpropyl)-2,5-piperazinedione",False,False,False,False,1.0,True,True,0,1,,,,[H][C@]1(C2Cc3ccccc3C2)NC(=O)[C@@]([H])([C@@H](C)CC)N([C@@H](C(=O)N2CCOCC2)c2ccc(C)nc2C)C1=O
abediterol_cid11962616,,,abediterol_cid11962616.png,high,high,0.8898770174711588,wrong,,Abediterol,0.731,33,33,charge,charge,Abediterol,False,False,False,False,0.731,True,False,1,1,,,,[H]Oc1ccc([C@@H](O)C[NH2+]CCCCCCOCC(F)(F)c2ccccc2)c2ccc(=O)[nH]c12
acetanilide_cid904,,,acetanilide_cid904.png,high,high,0.920948915166009,exact,Acetanilide,Acetanilide,1.0,10,10,exact,exact,Acetanilide,False,False,False,False,1.0,True,True,0,1,,,,CC(=O)Nc1ccccc1
acetarsol_cid1985,,,acetarsol_cid1985.png,high,high,0.872193355157917,wrong,,Acetarsol,0.967,15,15,exact,exact,Acetarsol,False,True,False,False,1.0,False,False,2,3,[H].[H],,,"[H].[H].[H]O[As](=O)(O)c1ccc(O)c(NC(C)=O)c1 |^1:0,1|"
acotiamide_cid5282338,,,acotiamide_cid5282338.png,high,high,0.9116729287717531,exact,Acotiamide,Acotiamide,1.0,31,31,exact,exact,Acotiamide,False,False,False,False,1.0,True,True,0,1,,,,COc1cc(O)c(C(=O)Nc2nc(C(=O)NCCN(C(C)C)C(C)C)cs2)cc1OC
aculeacin_a_cid53297328,,,aculeacin_a_cid53297328.png,low,low,1.059289430123955e-10,invalid,,,,,,invalid,invalid,,False,False,False,False,,False,,,,,,,[H]OC(C(=O)O)C123=C4([H])=C(CCCCCCCCCCCCCCC)(NC=C(O)C4)[CH]1(O)C2145(O)[CH]26(O)C7(C8O[CH]79(O)CC7%10%11(=O)=O=C(C897)N%107[H]N%11[H]7)N2([H])C(O)C2([H])(C7=CC=C(O)C=C7)C78(O)[CH]19%10(O)C1([H])(C(O)C(O)[CH]%11%12(O)[CH](O)(C%13=CC=C(O)C=C%13)C27%119%13(O)[CH]1%124(O)C86%105%13O)C3C
afegostat_cid447607,,,afegostat_cid447607.png,high,high,0.8609657165617893,wrong,,Afegostat,1.0,10,10,exact,exact,Afegostat,False,True,False,False,1.0,False,False,3,4,[H].[H].[H],,,"OC[C@H]1CNC[C@@H](O)[C@@H]1O.[H].[H].[H] |^1:10,11,12|"
albaconazole_cid208952,,,albaconazole_cid208952.png,high,high,0.918690223735072,exact,Albaconazole,Albaconazole,1.0,30,30,exact,exact,Albaconazole,False,False,False,False,1.0,True,True,0,1,,,,C[C@@H](n1cnc2cc(Cl)ccc2c1=O)[C@](O)(Cn1cncn1)c1ccc(F)cc1F
alcaftadine_cid19371515,,,alcaftadine_cid19371515.png,high,high,0.899493432691707,exact,Alcaftadine,Alcaftadine,1.0,23,23,exact,exact,Alcaftadine,False,False,False,False,1.0,True,True,0,1,,,,[H]C(=O)c1cnc2n1CCc1ccccc1C2=C1CCN(C)CC1
almotriptan_malate_cid123607,,,almotriptan_malate_cid123607.png,high,high,0.9104422325259904,wrong,,Almotriptan Malate,0.983,32,32,exact,exact,Almotriptan Malate,False,True,False,False,1.0,False,False,1,3,[H],,,CN(C)CCc1c[nH]c2ccc(CS(=O)(=O)N3CCCC3)cc12.O=C(O)CC(O)C(=O)O.[H] |^1:32|
alpha_galactosylceramide_cid2826713,,,alpha_galactosylceramide_cid2826713.png,low,low,3.520465600741904e-07,invalid,,,,,,invalid,invalid,,False,False,False,False,,False,,,,,,,*C1([CH]23C45(*)=O6=C27(OCCCCCCCCCCCCCCCCCCCCCCCCC)=O=C=6342=O=7=C3(C(OC4C(O)C(CC(O)O)C(O)C(O)C4C(=O)O)C(=O)O)C4C6CCC6C4[CH]352O)C(*)(=O)C12(*)CCCCC13C(CCCCCCCC)C(C1CCCCCCCC)C3CCC2 |$MeO;;;;Me;;;;;;;;;;;;;;;;;;;;;;;;;;;;;;;;;;;;;;;;;;;;;;;;;;;;;;;;;;;;;;;MeO;;;MeO;;;;;;;;;;;;;;;;;;;;;;;;;;;;$|
alphaxalone_cid104845,,,alphaxalone_cid104845.png,low,low,0.7056275440398608,wrong,,Alphaxalone,0.977,24,24,exact,exact,Alphaxalone,False,True,False,False,1.0,False,False,2,2,[HH],,,[HH].[H][C@@]12CC[C@@]3([H])[C@]4([H])CC[C@H](C(C)=O)[C@@]4(C)CC(=O)[C@]3([H])[C@@]1(C)CC[C@@H](O)C2
altiratinib_cid54576299,,,altiratinib_cid54576299.png,high,high,0.8635429019899832,exact,Altiratinib,Altiratinib,1.0,37,37,exact,exact,Altiratinib,False,False,False,False,1.0,True,True,0,1,,,,O=C(Nc1cc(Oc2cc(F)c(NC(=O)C3(C(=O)Nc4ccc(F)cc4)CC3)cc2F)ccn1)C1CC1
aluminum_clofibrate_cid10390009,,,aluminum_clofibrate_cid10390009.png,high,high,0.8516605277442911,wrong,,Aluminum Clofibrate,0.931,30,30,salt,salt,Aluminum Clofibrate,False,False,False,False,0.931,False,False,1,4,,CC(C)(Oc1ccc(Cl)cc1)C(=O)[O-],,CC(C)(Oc1ccc(Cl)cc1)C(=O)[O-].CC(C)(Oc1ccc(Cl)cc1)C(=O)[O-].[Al+3].[O-] |^1:29|
alvocidib_cid5287969,,,alvocidib_cid5287969.png,high,high,0.8773209441836012,wrong,,Alvocidib,1.0,28,28,exact,exact,Alvocidib,False,True,False,False,1.0,False,False,3,4,[H].[H].[H],,,"[H].[H].[H].[H][C@]1(c2c(O)cc(O)c3c(=O)cc(-c4ccccc4Cl)oc23)CCN(C)C[C@H]1O |^1:0,1,2|"
amdinocillin_cid36273,,,amdinocillin_cid36273.png,high,high,0.8821465115021757,exact,Amdinocillin,Amdinocillin,1.0,22,22,exact,exact,Amdinocillin,False,False,False,False,1.0,True,True,0,1,,,,[H]C(=N[C@@H]1C(=O)N2[C@@H](C(=O)O)C(C)(C)S[C@]12[H])N1CCCCCC1
amenamevir_cid11397521,,,amenamevir_cid11397521.png,high,high,0.9120899168586699,exact,Amenamevir,Amenamevir,1.0,34,34,exact,exact,Amenamevir,False,False,False,False,1.0,True,True,0,1,,,,Cc1cccc(C)c1N(CC(=O)Nc1ccc(-c2ncon2)cc1)C(=O)C1CCS(=O)(=O)CC1
amfenac_cid2136,,,amfenac_cid2136.png,high,high,0.9039155025588683,wrong,,Amfenac,0.968,19,19,exact,exact,Amfenac,False,True,False,False,1.0,False,False,4,3,[HH].[HH],,,Nc1c(CC(=O)O)cccc1C(=O)c1ccccc1.[HH].[HH]
aminoglutethimide_cid2145,,,aminoglutethimide_cid2145.png,high,high,0.8828786958164311,wrong,,Aminoglutethimide,0.97,17,17,exact,exact,Aminoglutethimide,False,True,False,False,1.0,False,False,2,3,[H].[H],,,"CCC1(c2ccc(N)cc2)CCC(=O)NC1=O.[H].[H] |^1:17,18|"
amodiaquine_hydrochloride_cid64646,,,amodiaquine_hydrochloride_cid64646.png,low,low,0.5147177453165896,wrong,,Amodiaquine Hydrochloride,0.98,27,29,salt,salt,Amodiaquine Hydrochloride,False,True,False,False,1.0,False,False,5,9,[H].[H].[H].[H].[H].[H],,,"CCN(CC)Cc1cc(Nc2ccnc3cc(Cl)ccc23)ccc1O.O.[H].[H].[H].[H].[H].[H].[H]Cl |^1:26,27,28,29,30,31|"
amorolfine_cid54260,,,amorolfine_cid54260.png,high,high,0.9024655304342332,exact,Amorolfine,Amorolfine,1.0,23,23,exact,exact,Amorolfine,False,False,False,False,1.0,True,True,0,1,,,,CCC(C)(C)c1ccc(CC(C)CN2C[C@@H](C)O[C@@H](C)C2)cc1
amphotericin_b_monomethyl_ester_cid11968030,,,amphotericin_b_monomethyl_ester_cid11968030.png,low,low,0.0009248951949529713,invalid,,,,,,invalid,invalid,,False,False,False,False,,False,,,,,,,[H]C1=CCC=C2C[CH]3(C)C(O)[CH](O[CH]C=C)(C(C)OC(=O)CC(O)CC(O)CCC(O)C(O)CC(O)CC4(O)CC(O)C(C(=O)OC)[CH]5(C[CH]678(OC9OC(C)C(O)C(O)C9O)C=C6([H])C6=C7([H])C(=C=658[H])C([H])=CC([H])=C([H])C([H])=CC([H])=C1[H])O4)[CH]23O
amprolium_cid73341,,,amprolium_cid73341.png,high,high,0.8946666887609956,wrong,,Amprolium,0.929,19,19,salt,salt,Amprolium,False,True,False,False,0.951,False,False,3,3,[HH],,,CCCc1ncc(C[n+]2ccccc2C)c(N)n1.Cl.[HH]
anagrelide_cid135409400,,,anagrelide_cid135409400.png,high,high,0.8921854777344823,exact,Anagrelide,Anagrelide,1.0,16,16,exact,exact,Anagrelide,False,False,False,False,1.0,True,True,0,1,,,,O=C1CN2Cc3c(ccc(Cl)c3Cl)N=C2N1
anserine_cid112072,,,anserine_cid112072.png,high,high,0.869129585841164,wrong,,Anserine,0.975,17,17,exact,exact,Anserine,False,True,False,False,1.0,False,False,2,3,[H].[H],,,"[H].[H].[H]NCCC(=O)N[C@@H](Cc1cncn1C)C(=O)O |^1:0,1|"
anthralin_cid2202,,,anthralin_cid2202.png,high,high,0.8500550874576327,wrong,,Anthralin,0.957,17,17,exact,exact,Anthralin,False,True,False,False,1.0,False,False,4,3,[HH].[HH],,,O=C1c2c(O)cccc2Cc2cccc(O)c21.[HH].[HH]
apilimod_cid10173277,,,apilimod_cid10173277.png,high,high,0.914030872869833,exact,Apilimod,Apilimod,1.0,31,31,exact,exact,Apilimod,False,False,False,False,1.0,True,True,0,1,,,,[H]/C(=N\Nc1cc(N2CCOCC2)nc(OCCc2ccccn2)n1)c1cccc(C)c1
apomorphine_cid6005,,,apomorphine_cid6005.png,low,low,0.5696337595161854,wrong,,Apomorphine,0.975,20,20,stereo,stereo,Apomorphine,False,True,False,False,1.0,False,False,1,2,[H],,,[H].[H][C@]12Cc3ccc(O)c(O)c3-c3cccc(c31)CCN2C |^1:0|
apraclonidine_cid2216,,,apraclonidine_cid2216.png,high,high,0.8508460449895535,wrong,,Apraclonidine,0.938,15,15,exact,exact,Apraclonidine,False,True,False,False,1.0,False,False,4,4,[HH].[H].[H],,,"Nc1cc(Cl)c(NC2=NCCN2)c(Cl)c1.[HH].[H].[H] |^1:16,17|"
aprocitentan_cid25099191,,,aprocitentan_cid25099191.png,high,high,0.9047430436841861,wrong,,Aprocitentan,0.978,29,29,exact,exact,Aprocitentan,False,True,False,False,1.0,False,False,1,2,[H],,,[H].[H]NS(=O)(=O)Nc1ncnc(OCCOc2ncc(Br)cn2)c1-c1ccc(Br)cc1 |^1:0|
ar_67_cid6712744,,,ar_67_cid6712744.png,high,high,0.8911046900777024,exact,Ar-67,Ar-67,1.0,34,34,exact,exact,Ar-67,False,False,False,False,1.0,True,True,0,1,,,,CC[C@@]1(O)C(=O)OCc2c1cc1n(c2=O)Cc2c-1nc1ccc(O)cc1c2[Si](C)(C)C(C)(C)C
aranidipine_cid2225,,,aranidipine_cid2225.png,high,high,0.9093086143822787,exact,Aranidipine,Aranidipine,1.0,28,28,exact,exact,Aranidipine,False,False,False,False,1.0,True,True,0,1,,,,[H]N1C(C)=C(C(=O)OC)C(c2ccccc2[N+](=O)[O-])C(C(=O)OCC(C)=O)=C1C
argipressin_cid644077,,,argipressin_cid644077.png,low,low,0.01622410336298502,invalid,,,,,,invalid,invalid,,False,False,False,False,,False,,,,,,,[H]NC(=O)CCC1NC(=O)[CH]2(CC34=CC=CC=C(C=3)C4=CC(CC3=CC=C(O)C=C3)C(=O)N2)CC2(N)(C([H])=O)C3SC2C3(N)(C([H])=O)CSSCC(C(=O)N2CCCC2C(=O)NC(CCCN=C(N)N)C(=O)NCC(=O)N[H])NC(=O)C(CC(N)=O)NC1=O
aripiprazole_lauroxil_cid49831411,,,aripiprazole_lauroxil_cid49831411.png,high,high,0.8510069068804398,exact,Aripiprazole Lauroxil,Aripiprazole Lauroxil,1.0,45,45,exact,exact,Aripiprazole Lauroxil,False,False,False,False,1.0,True,True,0,1,,,,CCCCCCCCCCCC(=O)OCN1C(=O)CCc2ccc(OCCCCN3CCN(c4cccc(Cl)c4Cl)CC3)cc21
arterolane_cid10475633,,,arterolane_cid10475633.png,high,high,0.87543669975246,wrong,,Arterolane,0.978,28,28,exact,exact,Arterolane,False,True,False,False,1.0,False,False,2,3,[H].[H],,,"[H].[H].[H]NC(C)(C)CNC(=O)CC1CCC2(CC1)OOC1(O2)C2CC3CC(C2)CC1C3 |^1:0,1|"
arv_471_cid134562533,,,arv_471_cid134562533.png,high,high,0.9018224224233744,exact,Arv-471,Arv-471,1.0,54,54,exact,exact,Arv-471,False,False,False,False,1.0,True,True,0,1,,,,[H]Oc1ccc2c(c1)CC[C@H](c1ccccc1)[C@@H]2c1ccc(N2CCC(CN3CCN(c4ccc5c(c4)CN([C@H]4CCC(=O)NC4=O)C5=O)CC3)CC2)cc1
ascomycin_cid5282071,,,ascomycin_cid5282071.png,low,low,0.1859779879653108,invalid,,,,,,invalid,invalid,,False,False,False,False,,False,,,,,,,[H]OC1CCC(C([H])=C(C)C2OC(=O)C3([H])CCCCN3C(=O)C(=O)C(O)OC3([H])C(OC)CC(C)CC(C)=C[CH]4(CC)C(=O)CC(O)[CH]23C(O)CC(=O)C(CC)C4=C(C)C[CH]C)CC1OC
asimadoline_cid179340,,,asimadoline_cid179340.png,high,high,0.9008095737330764,exact,Asimadoline,Asimadoline,1.0,31,31,exact,exact,Asimadoline,False,False,False,False,1.0,True,True,0,1,,,,[H]O[C@H]1CCN(C[C@H](c2ccccc2)N(C)C(=O)C(c2ccccc2)c2ccccc2)C1
asundexian_cid135206011,,,asundexian_cid135206011.png,high,high,0.8991078932686821,wrong,,Asundexian,0.987,41,41,exact,exact,Asundexian,False,True,False,False,1.0,False,False,2,3,[H].[H],,,"CC[C@@H](C(=O)Nc1ccc(C(N)=O)c(F)c1)n1cc(OC)c(-c2cc(Cl)ccc2-n2cc(C(F)(F)F)nn2)cc1=O.[H].[H] |^1:41,42|"
azaline_b_cid71587609,,,azaline_b_cid71587609.png,low,low,7.3495987125546e-07,invalid,,,,,,invalid,invalid,,False,False,False,False,,False,,,,,,,CC1=CC2=CC=CC=C2C=C1.O.[H]NC(=O)C(C)NC(=O)C1CCCN1C(=O)C(CCCCNC(C)C)NC(=O)C(CCC)NC[CH]NCC(CCC=C)NC(=O)C(CO)NC(=O)[CH]12N[CH]34C1C1=C5(=C6789%10=C%11%12%13=C=5%14%15%16%17%18=C5N%11%19%20=C%11=N5%12%21%22=C5%12C%23%24=C6%14=C56(=C(=C%11C=%21%236%19=N=%12%13C=7=%15%20%22)C5NC(=O)[CH](N6C37=O=C643N[CH]73C(=O)NC(C)=O)(C58%16)C29%17)=C=%24%10%18)N=CC=C1
azamulin_cid16072188,,,azamulin_cid16072188.png,low,low,0.6932511873907051,wrong,,Azamulin,0.985,33,33,exact,exact,Azamulin,False,True,False,False,1.0,False,False,4,4,[HH].[H].[H],,,"[HH].[H].[H].[H][C@@]12C(=O)CC[C@]13CC[C@@H](C)[C@@]2(C)[C@H](OC(=O)CSc1n[nH]c(N)n1)C[C@@](C)(CC)[C@@H](O)[C@@H]3C |^1:1,2|"
azd8871_cid71558565,,,azd8871_cid71558565.png,low,low,0.7183955123787918,wrong,,Azd8871,0.579,51,52,wrong,wrong,,False,False,False,False,0.579,False,False,2,1,,,,CN(CCCNc1ccc(CNCC(=O)c2ccc(O)c3[nH]c(=O)ccc23)cc1N)C1CCC(OC(=O)C(O)(c2cccs2)c2cccs2)CC1
aztreonam_cid5742832,,,aztreonam_cid5742832.png,high,high,0.887165422973413,wrong,,Aztreonam,0.982,28,28,exact,exact,Aztreonam,False,True,False,False,1.0,False,False,2,3,[H].[H],,,"[H].[H].[H]OC(=O)C(C)(C)O/N=C(\C(=O)N[C@@H]1C(=O)N(S(=O)(=O)O)[C@H]1C)c1csc(N)n1 |^1:0,1|"
balaglitazone_cid9889200,,,balaglitazone_cid9889200.png,high,high,0.916228930518332,exact,Balaglitazone,Balaglitazone,1.0,28,28,exact,exact,Balaglitazone,False,False,False,False,1.0,True,True,0,1,,,,Cn1c(COc2ccc(CC3SC(=O)NC3=O)cc2)nc2ccccc2c1=O
balapiravir_cid11691726,,,balapiravir_cid11691726.png,high,high,0.8727264271811599,wrong,,Balapiravir,0.71,35,35,wrong,wrong,,False,False,False,False,0.71,False,False,1,1,,,,CC(C)C(=O)OC[C@@]1(N[N+]=[N-])O[C@@H](n2ccc(N)nc2=O)[C@H](OC(=O)C(C)C)[C@@H]1OC(=O)C(C)C |^1:9|
balhimycin_cid139586033,,,balhimycin_cid139586033.png,low,low,1.996966692965011e-05,invalid,,,,,,invalid,invalid,,False,False,False,False,,False,,,,,,,CCOCOC1(C23=C4C5678=C9%10%11=C4%12%13%14(=C9(Cl5%12)(Cl6%13)C=7=%14(O%10)C%11=C2)C=38)CNCCNC23=O=C4(=O=2)(NC25C=C6=C2C=CC(O)=C6(O)=C2=C(C=C(O)C=C2O)C(=O)NCC1NC5=O)C1NC25=O=C6NC34C1C=CO1CC=CC34=C789(O)C%10=C3=C7(=Cl4)(C3=CC4=C=C1(C=C=3%10)O4)C1(O)C83NC4(C(CC(C)C)NC)=O=C(=O)(C(CC(C)C)NC)(=O=4)NC194C1=O=C34NC2C(C(N)=O)C65N1
baloxavir_marboxil_cid124081896,,,baloxavir_marboxil_cid124081896.png,low,low,0.8303095259864729,stereo,Baloxavir Marboxil,Baloxavir Marboxil,1.0,40,40,stereo,stereo,Baloxavir Marboxil,False,False,False,False,1.0,True,True,0,1,,,,[H][C@]12COCCN1C(=O)c1c(OCOC(=O)OC)c(=O)ccn1N2[C@@H]1c2ccccc2SCc2c1ccc(F)c2F
barnidipine_cid443869,,,barnidipine_cid443869.png,high,high,0.8966468378919731,exact,Barnidipine,Barnidipine,1.0,36,36,exact,exact,Barnidipine,False,False,False,False,1.0,True,True,0,1,,,,COC(=O)C1=C(C)NC(C)=C(C(=O)O[C@H]2CCN(Cc3ccccc3)C2)[C@H]1c1cccc([N+](=O)[O-])c1
barusiban_cid9832431,,,barusiban_cid9832431.png,low,low,0.3525618656529011,invalid,,,,,,invalid,invalid,,False,False,False,False,,False,,,,,,,[H]NC(=O)CC1CNC(C(=O)N(C)C(CO)CCCN)CCSCCC(=O)(=O)NC(CC2=CNC3=CC=CC=C23)C(=O)NC(C(C)CC)C(=O)NC([H])(C(C)OCC)C(=O)N1
baxdrostat_cid71535962,,,baxdrostat_cid71535962.png,high,high,0.9106236857937844,exact,Baxdrostat,Baxdrostat,1.0,27,27,exact,exact,Baxdrostat,False,False,False,False,1.0,True,True,0,1,,,,CCC(=O)N[C@@H]1CCCc2c(-c3ccc4c(c3)CCC(=O)N4C)cncc21
bazedoxifene_cid154257,,,bazedoxifene_cid154257.png,high,high,0.9091714490898276,exact,Bazedoxifene,Bazedoxifene,1.0,35,35,exact,exact,Bazedoxifene,False,False,False,False,1.0,True,True,0,1,,,,Cc1c(-c2ccc(O)cc2)n(Cc2ccc(OCCN3CCCCCC3)cc2)c2ccc(O)cc12
beauvericin_cid3007984,,,beauvericin_cid3007984.png,low,low,0.8030816399304389,exact,Beauvericin,Beauvericin,1.0,57,57,exact,exact,Beauvericin,False,False,False,False,1.0,True,True,0,1,,,,CC(C)[C@H]1OC(=O)[C@H](Cc2ccccc2)N(C)C(=O)[C@@H](C(C)C)OC(=O)[C@H](Cc2ccccc2)N(C)C(=O)[C@@H](C(C)C)OC(=O)[C@H](Cc2ccccc2)N(C)C1=O
becampanel_cid5491960,,,becampanel_cid5491960.png,high,high,0.9016244941669632,exact,Becampanel,Becampanel,1.0,22,22,exact,exact,Becampanel,False,False,False,False,1.0,True,True,0,1,,,,[H]OP(=O)(CN([H])Cc1cc([N+](=O)[O-])cc2[nH]c(=O)c(=O)[nH]c12)O[H]
beclabuvir_cid56934415,,,beclabuvir_cid56934415.png,low,low,0.02011347745870111,invalid,,,,,,invalid,invalid,,False,False,False,False,,False,,,,,,,[H]C12CC1(C(=O)N1C345CN(C)CC36([H])CC3C67C68CC79C64[H]C31895[H])CN1C3=C(C=CC(C(=O)NS(=O)(=O)N(C)C)=C3)C(C3CCCCC3)=C1C1=C2C=C(OC)C=C1
befunolol_cid2309,,,befunolol_cid2309.png,high,high,0.9093757868384247,exact,Befunolol,Befunolol,1.0,21,21,exact,exact,Befunolol,False,False,False,False,1.0,True,True,0,1,,,,[H]OC(COc1cccc2cc(C(C)=O)oc12)CN([H])C(C)C
belvarafenib_cid89655386,,,belvarafenib_cid89655386.png,low,low,0.8016292033696795,exact,Belvarafenib,Belvarafenib,1.0,33,33,exact,exact,Belvarafenib,False,False,False,False,1.0,True,True,0,1,,,,Cc1ccc2c(Nc3cccc(Cl)c3F)nccc2c1NC(=O)c1csc2c(N)ncnc12
benidipine_cid656668,,,benidipine_cid656668.png,high,high,0.9078852401612297,exact,Benidipine,Benidipine,1.0,37,37,exact,exact,Benidipine,False,False,False,False,1.0,True,True,0,1,,,,COC(=O)C1=C(C)NC(C)=C(C(=O)O[C@@H]2CCCN(Cc3ccccc3)C2)[C@@H]1c1cccc([N+](=O)[O-])c1
benperidol_cid16363,,,benperidol_cid16363.png,high,high,0.8954055850524973,exact,Benperidol,Benperidol,1.0,28,28,exact,exact,Benperidol,False,False,False,False,1.0,True,True,0,1,,,,O=C(CCCN1CCC(n2c(=O)[nH]c3ccccc32)CC1)c1ccc(F)cc1
benznidazole_cid31593,,,benznidazole_cid31593.png,high,high,0.8966178229114752,exact,Benznidazole,Benznidazole,1.0,19,19,exact,exact,Benznidazole,False,False,False,False,1.0,True,True,0,1,,,,O=C(Cn1ccnc1[N+](=O)[O-])NCc1ccccc1
benzphetamine_hydrochloride_cid11558159,,,benzphetamine_hydrochloride_cid11558159.png,high,high,0.9129201791252886,exact,Benzphetamine Hydrochloride,Benzphetamine Hydrochloride,1.0,19,19,exact,exact,Benzphetamine Hydrochloride,False,False,False,False,1.0,True,True,0,2,,,,C[C@@H](Cc1ccccc1)N(C)Cc1ccccc1.[H]Cl
beraprost_sodium_cid23663404,,,beraprost_sodium_cid23663404.png,low,low,0.7507146796645012,wrong,,Beraprost Sodium,0.806,30,30,wrong,wrong,,False,False,False,False,0.806,False,False,1,2,,,,[H]C(=C[C@H]1[C@@H](O)CC2([H])Oc3c(CCCC(=O)[O-])cccc3C12[H])[C@@H](O)C(C)C/C=[C]/C.[Na+] |^1:30|
berninamycin_a_cid91617669,,,berninamycin_a_cid91617669.png,low,low,3.320678180768471e-10,invalid,,,,,,invalid,invalid,,False,False,False,False,,False,,,,,,,O.[H]N(C1=C2345=N6789=C%10%11%12%13(C)(=C26%14(C=%10137(=O)N=4=%11%141C8(=O)[CH]91C([H])([H])C(C)(O)C([H])([H])NC1(=O)=C2=C3(=C4C3=CC(C(=O)NC(=C)C(=O)NC(=C)C(N)=O)=NC4C34=C6(=C3O6C(=C)NC(=O)N(C(C)=O)C3C(=O)N3C(=C)C(=C)NC(O)C(C)(C)O)O4)N21)=C%12([H])C%13)O5)C1(=C)CN1[CH]1(O)C(O)(NC(=C)NC2O3C4=C23(C)O4)C1(C)(C)O
besifovir_cid5270766,,,besifovir_cid5270766.png,high,high,0.8854182132254306,wrong,,Besifovir,0.977,20,20,exact,exact,Besifovir,False,True,False,False,1.0,False,False,2,3,[H].[H],,,"[H].[H].[H]Nc1ncc2ncn(CC3(OCP(=O)(O)O[H])CC3)c2n1 |^1:0,1|"
betahistine_cid2366,,,betahistine_cid2366.png,high,high,0.8883006870572374,exact,Betahistine,Betahistine,1.0,10,10,exact,exact,Betahistine,False,False,False,False,1.0,True,True,0,1,,,,[H]N(C)CCc1ccccn1
bethanechol_cid2370,,,bethanechol_cid2370.png,high,high,0.8959612399762361,exact,Bethanechol,Bethanechol,1.0,11,11,exact,exact,Bethanechol,False,False,False,False,1.0,True,True,0,1,,,,[H]NC(=O)OC([H])(C)C[N+](C)(C)C
bexarotene_cid82146,,,bexarotene_cid82146.png,high,high,0.8926784042063035,exact,Bexarotene,Bexarotene,1.0,26,26,exact,exact,Bexarotene,False,False,False,False,1.0,True,True,0,1,,,,[H]OC(=O)c1ccc(C(=C)c2cc3c(cc2C)C(C)(C)CCC3(C)C)cc1
biotin_cid171548,,,biotin_cid171548.png,high,high,0.8944921502435041,exact,Biotin,Biotin,1.0,16,16,exact,exact,Biotin,False,False,False,False,1.0,True,True,0,1,,,,[H]OC(=O)CCCC[C@@H]1SC[C@]2([H])N([H])C(=O)N([H])[C@]12[H]
bismuth_subgallate_cid73415769,,,bismuth_subgallate_cid73415769.png,high,high,0.8813333589902835,wrong,,Bismuth Subgallate,0.92,13,14,near,near,,False,False,False,False,0.92,False,False,4,5,[H].[H].[H],,,"O=C(O)c1cc([O-])c([O-])c(O)c1.[H].[H].[H].[H][O-] |^1:12,13,14|"
bleomycin_b2_cid5496540,,,bleomycin_b2_cid5496540.png,low,low,9.958457488380977e-05,invalid,,,,,,invalid,invalid,,False,False,False,False,,False,,,,,,,CCC(=O)(=NC(N)=C(CC(N)=O)NCC(N)C(N)=O)NC(CN[CH]OC(O)C(CO)C(O)[CH]1(OC(N)=O)C2O[CH]21O)C(=O)(=O)N[CH]C(O)C(C)C(=O)NC(C(=O)NCCC1=NC(CSC=CNCCCCN=C(NN)NN)=CS1)C(C)O.CCNCSC=CSCC=CSCCCNC[CH]NC[CH]C(C)O.O
bolasterone_cid102146,,,bolasterone_cid102146.png,low,low,0.7991527786446213,wrong,,Bolasterone,0.976,23,23,exact,exact,Bolasterone,False,True,False,False,1.0,False,False,1,2,[H],,,[H].[H][C@]12CC[C@@]3(C)[C@@]([H])(CC[C@]3(C)O)[C@]1([H])[C@H](C)CC1=CC(=O)CC[C@@]12C |^1:0|
boric_acid_cid7628,,,boric_acid_cid7628.png,low,low,0.8354452814969905,wrong,,Boric Acid,0.8,4,4,exact,exact,Boric Acid,False,True,False,False,1.0,False,False,2,3,[H].[H],,,"OB(O)O.[H].[H] |^1:4,5|"
brilacidin_cid25023695,,,brilacidin_cid25023695.png,low,low,0.3942251356684275,invalid,,,,,,invalid,invalid,,False,False,False,False,,False,,,,,,,[H]NC([H])=NCCCCC(=O)NC1=CC(C(F)(F)F)=CC(NC(=O)C2=NC=NC(C(=O)NC3=CC(C(F)(F)F)=CC(NC(=O)CCCCN=C(N[H])N[H])=C3OC3CCNC3)=C2)=C1OC123C4C5C1C41N4C2N51C43
brivanib_cid11234052,,,brivanib_cid11234052.png,high,high,0.8869161959052682,wrong,,Brivanib,0.982,27,27,exact,exact,Brivanib,False,True,False,False,1.0,False,False,1,2,[H],,,Cc1cc2c(F)c(Oc3ncnn4cc(OC[C@@H](C)O)c(C)c34)ccc2[nH]1.[H] |^1:27|
brivudine_cid446727,,,brivudine_cid446727.png,high,high,0.8646129527605276,wrong,,Brivudine,1.0,19,19,exact,exact,Brivudine,False,True,False,False,1.0,False,False,1,2,[H],,,[H].[H]/C(Br)=C(/[H])c1cn([C@H]2C[C@H](O)[C@@H](CO)O2)c(=O)[nH]c1=O |^1:0|
brodifacoum_cid54680676,,,brodifacoum_cid54680676.png,high,high,0.9128973795460945,exact,Brodifacoum,Brodifacoum,1.0,35,35,exact,exact,Brodifacoum,False,False,False,False,1.0,True,True,0,1,,,,O=c1oc2ccccc2c(O)c1C1CC(c2ccc(-c3ccc(Br)cc3)cc2)Cc2ccccc21
bupranolol_cid2475,,,bupranolol_cid2475.png,high,high,0.8982272065420183,exact,Bupranolol,Bupranolol,1.0,18,18,exact,exact,Bupranolol,False,False,False,False,1.0,True,True,0,1,,,,[H]OC(CNC(C)(C)C)COc1cc(C)ccc1Cl
butenafine_cid2484,,,butenafine_cid2484.png,high,high,0.9150304676091069,exact,Butenafine,Butenafine,1.0,24,24,exact,exact,Butenafine,False,False,False,False,1.0,True,True,0,1,,,,CN(Cc1ccc(C(C)(C)C)cc1)Cc1cccc2ccccc12
c_c_dimethyl_n_n_tricyclo_8_2_2_24_7_hexadeca_4_6_10_12_13_1_cid71474517,,,c_c_dimethyl_n_n_tricyclo_8_2_2_24_7_hexadeca_4_6_10_12_13_1_cid71474517.png,low,low,0.00101462526191426,invalid,,,,,,invalid,invalid,,False,False,False,False,,False,,,,,,,[H]C(CC1([H])CCCCC1([H])NC(=O)C(NC(=O)OC)C(C)C)C1=NC2=C(C=C(C3=CC4=C567=C=489=C5C4(C8)NC(=C5CC8([H])CCCCC8([H])N5C(=O)C(CC)NC(=O)OC)NC4C=C694C75=C46=C=C(=C5)(C=C6)CCC3)C=C2)N1
calcium_chloride_cid5284359,,,calcium_chloride_cid5284359.png,high,high,0.8655637180553003,wrong,,Calcium Chloride,0.333,3,3,wrong,wrong,,False,False,False,False,0.333,False,False,0,3,,[Cl-],,[Ca+].[Cl-].[Cl-] |^1:0|
canfosfamide_cid5312109,,,canfosfamide_cid5312109.png,high,high,0.8763713107454449,wrong,,Canfosfamide,0.969,47,47,exact,exact,Canfosfamide,False,True,False,False,1.0,False,False,5,5,[HH].[H].[H].[H],,,"N[C@@H](CCC(=O)N[C@@H](CS(=O)(=O)CCOP(=O)(N(CCCl)CCCl)N(CCCl)CCCl)C(=O)N[C@@H](C(=O)O)c1ccccc1)C(=O)O.[HH].[H].[H].[H] |^1:48,49,50|"
cannabidiol_cid644019,,,cannabidiol_cid644019.png,low,low,0.5858782167026848,wrong,,Cannabidiol,0.851,22,23,near,near,,False,False,False,False,0.851,False,False,3,1,,,,*c1cc(CCCCC)cc(O)c1[C@]1([H])C=C(C)CC[C@H]1C(=C)C |$Q;;;;;;;;;;;;;;;;;;;;;;;$|
canrenone_cid13789,,,canrenone_cid13789.png,low,low,0.6371061514002271,wrong,,Canrenone,0.279,22,25,wrong,wrong,,False,False,False,False,0.279,False,False,8,1,,,,"[H][C](/C=C\C1=CC(=O)CC[C]1C)[C@]1([H])CC[C@@]2(CCC(=O)O2)[C]1C |^1:1,10,22|"
cantharidin_cid5944,,,cantharidin_cid5944.png,low,low,0.1254368669149004,exact,Cantharidin,Cantharidin,1.0,14,14,exact,exact,Cantharidin,False,False,False,False,1.0,True,True,0,1,,,,[H][C@]12CC[C@]([H])(O1)[C@]1(C)C(=O)OC(=O)[C@@]12C
captopril_cid44093,,,captopril_cid44093.png,high,high,0.9114415933279135,wrong,,Captopril,0.722,14,14,wrong,wrong,,False,False,False,False,0.722,False,False,0,1,,,,[H][S-]C[C@@H](C)C(=O)N1CCC[C@H]1C(=O)O |^1:1|
carbachol_cid5831,,,carbachol_cid5831.png,high,high,0.8975823914224519,exact,Carbachol,Carbachol,1.0,11,11,exact,exact,Carbachol,False,False,False,False,1.0,True,True,0,2,,,,[Cl-].[H]NC(=O)OCC[N+](C)(C)C
carbenicillin_cid20824,,,carbenicillin_cid20824.png,high,high,0.8867089190201785,exact,Carbenicillin,Carbenicillin,1.0,26,26,exact,exact,Carbenicillin,False,False,False,False,1.0,True,True,0,1,,,,[H]OC(=O)C(C(=O)N([H])[C@@H]1C(=O)N2[C@@H](C(=O)O)C(C)(C)S[C@]12[H])c1ccccc1
carisbamate_cid6918474,,,carisbamate_cid6918474.png,high,high,0.8920056769131435,exact,Carisbamate,Carisbamate,1.0,14,14,exact,exact,Carisbamate,False,False,False,False,1.0,True,True,0,1,,,,[H]NC(=O)OC[C@@H](O[H])c1ccccc1Cl
carmegliptin_cid11417567,,,carmegliptin_cid11417567.png,high,high,0.9001523766331896,exact,Carmegliptin,Carmegliptin,1.0,27,27,exact,exact,Carmegliptin,False,False,False,False,1.0,True,True,0,1,,,,[H]N[C@H]1C[C@@]2([H])c3cc(OC)c(OC)cc3CCN2C[C@@H]1N1C[C@@H](CF)CC1=O
carnosine_cid439224,,,carnosine_cid439224.png,high,high,0.8610452819899036,wrong,,Carnosine,0.974,16,16,exact,exact,Carnosine,False,True,False,False,1.0,False,False,1,2,[H],,,[H].[H]n1cncc1C[C@H](NC(=O)CCN)C(=O)O |^1:0|
carumonam_cid6540466,,,carumonam_cid6540466.png,high,high,0.8631910013461659,wrong,,Carumonam,0.984,30,30,exact,exact,Carumonam,False,True,False,False,1.0,False,False,4,5,[H].[H].[H].[H],,,"[H].[H].[H].[H].[H]Nc1nc(/C(=N/OCC(=O)O)C(=O)N([H])[C@@H]2C(=O)N(S(=O)(=O)O)[C@@H]2COC(N)=O)cs1 |^1:0,1,2,3|"
cefaclor_cid51039,,,cefaclor_cid51039.png,high,high,0.8818474911083849,wrong,,Cefaclor,0.979,24,24,exact,exact,Cefaclor,False,True,False,False,1.0,False,False,2,3,[H].[H],,,"[H].[H].[H]OC(=O)C1=C(Cl)CS[C@]2([H])[C@H](NC(=O)[C@H](N)c3ccccc3)C(=O)N12 |^1:0,1|"
cefamandole_cid456255,,,cefamandole_cid456255.png,high,high,0.8762034763123575,exact,Cefamandole,Cefamandole,1.0,31,31,exact,exact,Cefamandole,False,False,False,False,1.0,True,True,0,1,,,,[H][C@]12SCC(CSc3nnnn3C)=C(C(=O)O)N1C(=O)[C@H]2NC(=O)[C@H](O)c1ccccc1
cefdinir_cid6915944,,,cefdinir_cid6915944.png,high,high,0.8758153272569857,wrong,,Cefdinir,0.983,26,26,exact,exact,Cefdinir,False,True,False,False,1.0,False,False,2,3,[H].[H],,,"[H].[H].[H]OC(=O)C1=C(C=C)CS[C@]2([H])[C@H](NC(=O)/C(=N\O)c3csc(N)n3)C(=O)N12 |^1:0,1|"
cefiderocol_cid77843966,,,cefiderocol_cid77843966.png,low,low,0.4612793761458789,invalid,,,,,,invalid,invalid,,False,False,False,False,,False,,,,,,,[H]C12SCC(CN3(CCNC(=O)C4=C(Cl)C(O)=C(O)C=C4)CCCC3)=C(C(=O)[O-])N1C(=O)C2NC(=O)C(=NOC(C)(C)C(=O)O)C1=CSC(N)=N1
cefilavancin_cid76960417,,,cefilavancin_cid76960417.png,low,low,4.112236629018389e-16,invalid,,,,,,invalid,invalid,,False,False,False,False,,False,,,,,,,C[CH]O[CH]O[CH]C(O)C(O)COC12=C3=CC=1=C14(C=C3)C[CH]356C(N[CH]7(O)C8(O)=O=C87(=O)(=O)NC78=C9%10%11%12=C%13%14%15=C=97%16%17%18=C=8%13%10(OC7(=CC=7)O%11)(C%16(=C7(O)COC7C(O)=C(O)O%17)O%14)C=%18%127(=O)(=O)N8C9=C8(C(O)=C9N8C9%10%11=O=C9%12(=CC9=CC=C=98%10%12)O%11)N%157)=O=C37N5[CH]735([CH]16O)N16C78(=O9=C13%10%11=O=7=[CH]=96%10(C(C(C)C)C1367C9C%10%12%13(C)C1C9(NC)(C%103)(C%126)C%137)N8%115)C4(O)CC=C2.O
cefixime_cid5362065,,,cefixime_cid5362065.png,high,high,0.8816664640832607,wrong,,Cefixime,0.985,30,30,exact,exact,Cefixime,False,True,False,False,1.0,False,False,2,3,[H].[H],,,"[H].[H].[H]N(C(=O)/C(=N\OCC(=O)O)c1csc(N)n1)[C@@H]1C(=O)N2C(C(=O)O)=C(C=C)CS[C@]12[H] |^1:0,1|"
cefmetazole_cid42008,,,cefmetazole_cid42008.png,high,high,0.877533347408281,exact,Cefmetazole,Cefmetazole,1.0,30,30,exact,exact,Cefmetazole,False,False,False,False,1.0,True,True,0,1,,,,[H][C@]12SCC(CSc3nnnn3C)=C(C(=O)O)N1C(=O)[C@]2(NC(=O)CSCC#N)OC
cefoperazone_cid44187,,,cefoperazone_cid44187.png,low,low,0.5924010304999212,stereo,Cefoperazone,Cefoperazone,1.0,44,44,stereo,stereo,Cefoperazone,False,False,False,False,1.0,True,True,0,1,,,,[H][C@@]12SCC(CSc3nnnn3C)=C(C(=O)O)N1C(=O)[C@H]2NC(=O)[C@H](NC(=O)N1CCN(CC)C(=O)C1=O)c1ccc(O)cc1
cefotaxime_cid5742673,,,cefotaxime_cid5742673.png,low,low,0.4929643775935482,wrong,,Cefotaxime,0.97,30,30,stereo,stereo,Cefotaxime,False,True,False,False,1.0,False,False,3,3,[HH].[H],,,[HH].[H].[H][C@@]12SCC(COC(C)=O)=C(C(=O)O)N1C(=O)[C@H]2NC(=O)/C(=N\OC)c1csc(N)n1 |^1:1|
cefotetan_cid53025,,,cefotetan_cid53025.png,high,high,0.8777280710326165,wrong,,Cefotetan,0.986,36,36,stereo,stereo,Cefotetan,False,True,False,False,1.0,False,False,3,4,[H].[H].[H],,,"[H].[H].[H].[H]C1(C(=O)N[C@]2(OC)C(=O)N3C(C(=O)O)=C(CSc4nnnn4C)CSC32[H])SC(=C(C(N)=O)C(=O)O)S1 |^1:0,1,2|"
cefoxitin_cid441199,,,cefoxitin_cid441199.png,low,low,0.8231156019407351,wrong,,Cefoxitin,0.968,28,28,exact,exact,Cefoxitin,False,True,False,False,1.0,False,False,4,4,[HH].[H].[H],,,"[HH].[H].[H].[H][C@]12SCC(COC(N)=O)=C(C(=O)O)N1C(=O)[C@]2(NC(=O)Cc1cccs1)OC |^1:1,2|"
cefozopran_cid9571080,,,cefozopran_cid9571080.png,low,low,0.5911039720987524,wrong,,Cefozopran,0.988,35,35,stereo,stereo,Cefozopran,False,True,False,False,1.0,False,False,2,3,[H].[H],,,"[H].[H].[H][C@@]12SCC(C[n+]3ccn4ncccc43)=C(C(=O)[O-])N1C(=O)[C@H]2NC(=O)/C(=N\OC)c1nsc(N)n1 |^1:0,1|"
cefprozil_cid62977,,,cefprozil_cid62977.png,high,high,0.8668168314690884,wrong,,Cefprozil,0.677,27,27,wrong,wrong,,False,False,False,False,0.677,False,False,4,3,[H].[H],,,"[H].[H].[H]N[C@@H](C(=O)N[C@@H]1C(=O)N2C(C(=O)O)=C(CCC)CS[C@]12[H])c1ccc(O)cc1 |^1:0,1|"
ceftizoxime_cid6533629,,,ceftizoxime_cid6533629.png,high,high,0.8879567292771555,exact,Ceftizoxime,Ceftizoxime,1.0,25,25,exact,exact,Ceftizoxime,False,False,False,False,1.0,True,True,0,1,,,,[H]Nc1nc(/C(=N/OC)C(=O)N([H])[C@@H]2C(=O)N3C(C(=O)O[H])=CCS[C@]23[H])cs1
centanafadine_cid16095349,,,centanafadine_cid16095349.png,low,low,0.3392604631617883,wrong,,Centanafadine,0.969,16,16,exact,exact,Centanafadine,False,True,False,False,1.0,False,False,1,2,[H],,,[H].[H][C@@]12CNC[C@]1(c1ccc3ccccc3c1)C2 |^1:0|
cephaloridine_cid5773,,,cephaloridine_cid5773.png,high,high,0.864969626197306,exact,Cephaloridine,Cephaloridine,1.0,28,28,exact,exact,Cephaloridine,False,False,False,False,1.0,True,True,0,1,,,,[H]N(C(=O)Cc1cccs1)[C@@H]1C(=O)N2C(C(=O)[O-])=C(C[n+]3ccccc3)CS[C@]12[H]
cephalothin_cid6024,,,cephalothin_cid6024.png,high,high,0.8801438018937401,exact,Cephalothin,Cephalothin,1.0,26,26,exact,exact,Cephalothin,False,False,False,False,1.0,True,True,0,1,,,,[H][C@]12SCC(COC(C)=O)=C(C(=O)O)N1C(=O)[C@H]2NC(=O)Cc1cccs1
chlormadinone_acetate_cid9324,,,chlormadinone_acetate_cid9324.png,low,low,0.835381967364379,stereo,Chlormadinone Acetate,Chlormadinone Acetate,1.0,28,28,stereo,stereo,Chlormadinone Acetate,False,False,False,False,1.0,True,True,0,1,,,,[H][C@@]12C=C(Cl)C3=CC(=O)CC[C@]3(C)[C@@]1([H])CC[C@@]1(C)[C@]2([H])CC[C@]1(OC(C)=O)C(C)=O
chloroeremomycin_cid445806,,,chloroeremomycin_cid445806.png,low,low,2.284215576475386e-07,invalid,,,,,,invalid,invalid,,False,False,False,False,,False,,,,,,,[H]C1(N)CC(OC2=CC3(Cl)=C45=C([CH]NCCNC[CH]NC6=O=C7(NC8CC9%10%11%12=O=C%13(=O=9)(C8%10)N%118[H]N%13%12[H]8)C8NC(C(CC(C)C)NC)=O=C([CH]NC)N[CH]67[CH]8(O)C6=CC(Cl)=C(C=C6)OC(C)=CC(O)=CCOCC=C2)N[CH]C(=O)N[CH]C26=C78=C29(=C72%10C=C47(O)C54=C372C89=C%10(O)C=C4)C(O)=CC(O)=C6)OC(C)C1O
chlorotrianisene_cid11289,,,chlorotrianisene_cid11289.png,high,high,0.9100843562896642,exact,Chlorotrianisene,Chlorotrianisene,1.0,27,27,exact,exact,Chlorotrianisene,False,False,False,False,1.0,True,True,0,1,,,,COc1ccc(C(Cl)=C(c2ccc(OC)cc2)c2ccc(OC)cc2)cc1
chlorozotocin_cid451706,,,chlorozotocin_cid451706.png,high,high,0.8728016339114888,wrong,,Chlorozotocin,0.974,20,20,exact,exact,Chlorozotocin,False,True,False,False,1.0,False,False,2,3,[H].[H],,,"[H].[H].[H]C(=O)[C@H](NC(=O)N(CCCl)N=O)[C@@H](O)[C@H](O)[C@H](O)CO |^1:0,1|"
chlorprothixene_cid667467,,,chlorprothixene_cid667467.png,high,high,0.8865494359236731,wrong,,Chlorprothixene,0.617,21,21,wrong,wrong,,False,False,False,False,0.617,False,False,0,1,,,,[H]/C(CCN(C)C)=C1\c2ccccc2[S-]c2ccc(Cl)cc21 |^1:14|
chlorzoxazone_cid2733,,,chlorzoxazone_cid2733.png,high,high,0.905686650173913,exact,Chlorzoxazone,Chlorzoxazone,1.0,11,11,exact,exact,Chlorzoxazone,False,False,False,False,1.0,True,True,0,1,,,,O=c1[nH]c2cc(Cl)ccc2o1
cilagicin_cid171038003,,,cilagicin_cid171038003.png,low,low,1.065421756733112e-06,invalid,,,,,,invalid,invalid,,False,False,False,False,,False,,,,,,,O.O.[H]NC(=O)[CH]NC(=O)[CH]1(CC2=CC=CC=C2)NC(=O)CNC(CC(=O)O)C(C(=O)O)NC(=O)CNC[CH]2(CC(=O)O)NC(=O)[CH]34(CO)NC5(=O)N(C3C4N[CH]C2NCCNC2C(N[CH]CCN1[CH]CC1=CC=CC=C1)C2C(=O)O)C1C2[CH]346C[CH]2(C3)(O4)[CH]156N[CH][CH]NCCCCCCCCCCCCCC
cilazapril_cid56330,,,cilazapril_cid56330.png,low,low,0.8133534833963618,exact,Cilazapril,Cilazapril,1.0,30,30,exact,exact,Cilazapril,False,False,False,False,1.0,True,True,0,1,,,,[H]OC(=O)[C@@H]1CCCN2CCC[C@H](N([H])[C@@H](CCc3ccccc3)C(=O)OCC)C(=O)N12
cinnarizine_cid1547484,,,cinnarizine_cid1547484.png,high,high,0.9098120612272608,exact,Cinnarizine,Cinnarizine,1.0,28,28,exact,exact,Cinnarizine,False,False,False,False,1.0,True,True,0,1,,,,[H]/C(CN1CCN(C(c2ccccc2)c2ccccc2)CC1)=C(/[H])c1ccccc1
citrulline_cid9750,,,citrulline_cid9750.png,high,high,0.8758153978117488,wrong,,Citrulline,0.96,12,12,exact,exact,Citrulline,False,True,False,False,1.0,False,False,3,4,[H].[H].[H],,,"[H].[H].[H].[H]NC(=O)NCCC[C@H](N[H])C(=O)O |^1:0,1,2|"
clavulanic_acid_cid5280980,,,clavulanic_acid_cid5280980.png,high,high,0.8784055799104266,exact,Clavulanic Acid,Clavulanic Acid,1.0,14,14,exact,exact,Clavulanic Acid,False,False,False,False,1.0,True,True,0,1,,,,[H]OC/C([H])=C1\O[C@]2([H])CC(=O)N2[C@H]1C(=O)O
clazosentan_cid6433095,,,clazosentan_cid6433095.png,high,high,0.9001738579190981,wrong,,Clazosentan,0.986,41,41,exact,exact,Clazosentan,False,True,False,False,1.0,False,False,4,3,[HH].[HH],,,COc1ccccc1Oc1c(NS(=O)(=O)c2ccc(C)cn2)nc(-c2ccnc(-c3nn[nH]n3)c2)nc1OCCO.[HH].[HH]
clocortolone_cid5311052,,,clocortolone_cid5311052.png,low,low,0.696691558811136,wrong,,Clocortolone,0.981,28,28,exact,exact,Clocortolone,False,True,False,False,1.0,False,False,3,3,[HH].[H],,,[HH].[H].[H][C@@]12C[C@H](F)C3=CC(=O)C=C[C@]3(C)[C@@]1(Cl)[C@@H](O)C[C@]1(C)[C@@H](C(=O)CO)[C@H](C)C[C@@]21[H] |^1:1|
clotrimazole_cid2812,,,clotrimazole_cid2812.png,high,high,0.8946923415130217,exact,Clotrimazole,Clotrimazole,1.0,25,25,exact,exact,Clotrimazole,False,False,False,False,1.0,True,True,0,1,,,,Clc1ccccc1C(c1ccccc1)(c1ccccc1)n1ccnc1
clovibactin_cid146342518,,,clovibactin_cid146342518.png,low,low,0.03467661495346475,stereo,Clovibactin,Clovibactin,1.0,64,64,stereo,stereo,Clovibactin,False,False,False,False,1.0,True,True,0,1,,,,[H]NCCCC[C@H](NC(=O)[C@@H](CC(C)C)NC(=O)[C@@]([H])(N)Cc1ccccc1)C(=O)N[C@@H](CO)C(=O)N[C@H]1C(=O)N[C@@H](C)C(=O)N([H])[C@@H](CC(C)C)C(=O)N[C@@H](CC(C)C)C(=O)O[C@H]1C(=O)N[H]
cloxacillin_cid6098,,,cloxacillin_cid6098.png,high,high,0.9006692983729423,exact,Cloxacillin,Cloxacillin,1.0,29,29,exact,exact,Cloxacillin,False,False,False,False,1.0,True,True,0,1,,,,[H]OC(=O)[C@@H]1N2C(=O)[C@@H](NC(=O)c3c(-c4ccccc4Cl)noc3C)[C@@]2([H])SC1(C)C
contezolid_cid25184541,,,contezolid_cid25184541.png,high,high,0.9088595108434266,exact,Contezolid,Contezolid,1.0,29,29,exact,exact,Contezolid,False,False,False,False,1.0,True,True,0,1,,,,O=C1C=CN(c2c(F)cc(N3C[C@H](CNc4ccon4)OC3=O)c(F)c2F)CC1
coprexa_cid5245480,,,coprexa_cid5245480.png,low,low,0.7903743002969867,wrong,,Coprexa,0.2,6,5,wrong,wrong,,False,False,False,False,0.2,False,False,2,2,,,,[H][S-].[S]=[Mo](=[S])([S-])[S-]
creatine_cid586,,,creatine_cid586.png,high,high,0.8509709153881915,wrong,,Creatine,0.692,9,9,charge,charge,Creatine,False,True,False,False,0.72,False,False,1,2,[H],,,[H].[H]/N=C(\N[H])N(C)CC(=O)O |^1:0|
crenolanib_cid10366136,,,crenolanib_cid10366136.png,high,high,0.8910941032257045,wrong,,Crenolanib,0.969,33,33,exact,exact,Crenolanib,False,True,False,False,1.0,False,False,3,3,[HH].[H],,,CC1(COc2ccc3c(c2)ncn3-c2ccc3cccc(N4CCC(N)CC4)c3n2)COC1.[HH].[H] |^1:34|
cycloguanil_cid9049,,,cycloguanil_cid9049.png,high,high,0.8691262204734032,wrong,,Cycloguanil,0.968,17,17,exact,exact,Cycloguanil,False,True,False,False,1.0,False,False,2,3,[H].[H],,,"[H].[H].[H]NC1=NC(N)=NC(C)(C)N1c1ccc(Cl)cc1 |^1:0,1|"
cyclopropane_cid6351,,,cyclopropane_cid6351.png,low,low,0.7788323214344735,exact,Cyclopropane,Cyclopropane,1.0,3,3,exact,exact,Cyclopropane,False,False,False,False,1.0,True,True,0,1,,,,C1CC1
cystine_cid67678,,,cystine_cid67678.png,high,high,0.8438662294864172,wrong,,(-)-Cystine,0.5,14,14,wrong,wrong,,False,False,False,False,0.5,False,False,2,4,[H].[H].[H],,,"[H].[H].[H].[H]N[C@@H](C[S-]SC[C@H](N[H])C(=O)O)C(=O)[O-] |^1:0,1,2,7|"
dabrafenib_cid44462760,,,dabrafenib_cid44462760.png,high,high,0.9001609495724382,exact,Dabrafenib,Dabrafenib,1.0,35,35,exact,exact,Dabrafenib,False,False,False,False,1.0,True,True,0,1,,,,CC(C)(C)c1nc(-c2cccc(NS(=O)(=O)c3c(F)cccc3F)c2F)c(-c2ccnc(N)n2)s1
dantrolene_cid6914273,,,dantrolene_cid6914273.png,high,high,0.8996570232696414,exact,Dantrolene,Dantrolene,1.0,23,23,exact,exact,Dantrolene,False,False,False,False,1.0,True,True,0,1,,,,[H]/C(=N\N1CC(=O)NC1=O)c1ccc(-c2ccc([N+](=O)[O-])cc2)o1
danuglipron_tromethamine_cid154702463,,,danuglipron_tromethamine_cid154702463.png,high,high,0.8872175800672527,exact,Danuglipron Tromethamine,Danuglipron Tromethamine,1.0,49,49,exact,exact,Danuglipron Tromethamine,False,False,False,False,1.0,True,True,0,2,,,,N#Cc1ccc(COc2cccc(C3CCN(Cc4nc5ccc(C(=O)O)cc5n4C[C@@H]4CCO4)CC3)n2)c(F)c1.[H]NC(CO)(CO)CO[H]
dapivirine_cid214347,,,dapivirine_cid214347.png,high,high,0.9062008067190872,exact,Dapivirine,Dapivirine,1.0,25,25,exact,exact,Dapivirine,False,False,False,False,1.0,True,True,0,1,,,,Cc1cc(C)c(Nc2ccnc(Nc3ccc(C#N)cc3)n2)c(C)c1
darobactin_cid154586077,,,darobactin_cid154586077.png,low,low,1.663308338654725e-17,invalid,,,,,,invalid,invalid,,False,False,False,False,,False,,,,,,,[H]NC1(=O)=O=C(NO=C([H])C23=N4C56C7=CC8(=O9=C(O7)C=97%10(=O)=C(O)C=79=C%107OCC7=C(N([H])[H])C([H])([H])C7=C9(N)N7[H])=C79%10%11=CC7%12%13=C=9N8%1279=C8%12(=O)=C7%14%15(=O)C8C578C5=C=26%16(O)=C726(=O)(=O=C4%16N2)N([H])C56C8%142C45=C6(NC3)C%10C=46(=C=%13=%115)=C2%159N%12)C1CO[H]
darolutamide_cid67171867,,,darolutamide_cid67171867.png,high,high,0.8980643502888187,exact,Darolutamide,Darolutamide,1.0,28,28,exact,exact,Darolutamide,False,False,False,False,1.0,True,True,0,1,,,,[H]C(C)(O)c1cc(C(=O)N[C@@H](C)Cn2ccc(-c3ccc(C#N)c(Cl)c3)n2)n[nH]1
delamanid_cid6480466,,,delamanid_cid6480466.png,high,high,0.9010125938448053,exact,Delamanid,Delamanid,1.0,38,38,exact,exact,Delamanid,False,False,False,False,1.0,True,True,0,1,,,,C[C@]1(COc2ccc(N3CCC(Oc4ccc(OC(F)(F)F)cc4)CC3)cc2)Cn2cc([N+](=O)[O-])nc2O1
delapril_cid5362116,,,delapril_cid5362116.png,low,low,0.6881685355786903,exact,Delapril,Delapril,1.0,33,33,exact,exact,Delapril,False,False,False,False,1.0,True,True,0,1,,,,CCOC(=O)[C@H](CCc1ccccc1)N[C@@H](C)C(=O)N(CC(=O)O)C1Cc2ccccc2C1
delavirdine_cid5625,,,delavirdine_cid5625.png,high,high,0.9030280436337652,exact,Delavirdine,Delavirdine,1.0,32,32,exact,exact,Delavirdine,False,False,False,False,1.0,True,True,0,1,,,,CC(C)Nc1cccnc1N1CCN(C(=O)c2cc3cc(NS(C)(=O)=O)ccc3[nH]2)CC1
deldeprevir_cid56935739,,,deldeprevir_cid56935739.png,low,low,0.0006398027759961707,invalid,,,,,,invalid,invalid,,False,False,False,False,,False,,,,,,,[H]N(C(=O)C12CC13([H])C14=C56([H])=C3([H])(=C13([H])C51C5CCC7[CH]89C(CCC1C536)[CH]713(CC5(=O)=O=C(N6CCCC(F)(F)C6)(C81)N51CCCC(F)(F)C1)C156=O=C93(=O=1)N51C[CH]3(OC5=CC(C7=NC(C(C)C)=CS7)=NC7=C5C=CC(OC)=C7C)CN6C1(O)(C3)C(=O)N2)[H]4)S(=O)(=O)C1CC1
demoxytocin_cid449224,,,demoxytocin_cid449224.png,low,low,0.03604501647077075,invalid,,,,,,invalid,invalid,,False,False,False,False,,False,,,,,,,[H]NC(=O)CNC(=O)C(CC(C)C)NC(=O)C1CCCN1C(=O)C(CS)NC(=O)C(CC(=O)N[H])NC(=O)C(CCC(N)=O)NC(=O)C1([H])NC(=O)[CH]23C4C(C2C42=CC=C(O)C=C2)N3C(CCS)=O=C(=O)(CCS)NC1CC
desferrithiocin_cid135564781,,,desferrithiocin_cid135564781.png,low,low,0.4824151954028367,wrong,,Desferrithiocin,0.702,17,17,skeleton,skeleton,,False,False,False,False,0.702,True,True,0,1,,,,C[C@]1(C(=O)[O][Na])CSC(c2ncccc2O)=N1
desoximetasone_cid5311067,,,desoximetasone_cid5311067.png,low,low,0.4597072556008723,wrong,,Desoximetasone,0.981,27,27,stereo,stereo,Desoximetasone,False,True,False,False,1.0,False,False,2,2,[HH],,,[HH].[H]O[C@H]1C[C@]2(C)[C@@H](C(=O)CO)[C@H](C)C[C@]2([H])[C@]2([H])CCC3=CC(=O)C=C[C@]3(C)[C@@]12F
desvenlafaxine_succinate_cid6918664,,,desvenlafaxine_succinate_cid6918664.png,high,high,0.8870293954151077,wrong,,Desvenlafaxine Succinate,0.976,28,28,exact,exact,Desvenlafaxine Succinate,False,True,False,False,1.0,False,False,3,6,[H].[H].[H],,,"CN(C)CC(c1ccc(O)cc1)C1(O)CCCCC1.O.O=C(O)CCC(=O)O.[H].[H].[H] |^1:28,29,30|"
detirelix_cid16129698,,,detirelix_cid16129698.png,low,low,1.927071649488548e-05,invalid,,,,,,invalid,invalid,,False,False,False,False,,False,,,,,,,[H]NC(=O)C(C)NC(=O)C(CCC)NC(=O)C(CCCNC(N)=O)NC(=O)C(CC(C)C)NC(=O)C1CC2C1C1C2C2C1C1N=C34(NCC)(NCC)=N12=C(N3CC)N4CC.[H][CH]NC(CCC=CC)C(=O)NC(CC1=CC2=CC=CC=C21)C(=O)NC(CO)CNC(CCC=CC=C12CC=CC=C1C13=C4=C5=C=12=C4C=35C1=CC=1)C(N)(=O)=O
dexpanthenol_cid131204,,,dexpanthenol_cid131204.png,high,high,0.8876095354296635,wrong,,Dexpanthenol,0.964,14,14,exact,exact,Dexpanthenol,False,True,False,False,1.0,False,False,2,3,[H].[H],,,"CC(C)(CO)[C@@H](O)C(=O)NCCCO.[H].[H] |^1:14,15|"
dibekacin_cid470999,,,dibekacin_cid470999.png,low,low,0.8417478282423834,wrong,,Dibekacin,1.0,31,31,exact,exact,Dibekacin,False,True,False,False,1.0,False,False,8,9,[H].[H].[H].[H].[H].[H].[H].[H],,,"[H].[H].[H].[H].[H].[H].[H].[H].[H]N[C@H]1C[C@@H](N[H])[C@H](O[C@H]2O[C@H](CO)[C@@H](O)[C@H](N)[C@H]2O)[C@@H](O)[C@@H]1O[C@H]1O[C@H](CN)CC[C@H]1N[H] |^1:0,1,2,3,4,5,6,7|"
dibrospidium_chloride_cid72114,,,dibrospidium_chloride_cid72114.png,high,high,0.9033947800701198,exact,Dibrospidium Chloride,Dibrospidium Chloride,1.0,28,28,exact,exact,Dibrospidium Chloride,False,False,False,False,1.0,True,True,0,3,,[Cl-],,O=C(CCBr)N1CC[N+]2(CC1)CC[N+]1(CCN(C(=O)CCBr)CC1)CC2.[Cl-].[Cl-]
diclazuril_cid456389,,,diclazuril_cid456389.png,high,high,0.9088420153979798,exact,Diclazuril,Diclazuril,1.0,26,26,exact,exact,Diclazuril,False,False,False,False,1.0,True,True,0,1,,,,N#CC(c1ccc(Cl)cc1)c1c(Cl)cc(-n2ncc(=O)[nH]c2=O)cc1Cl
dicloxacillin_cid18381,,,dicloxacillin_cid18381.png,high,high,0.8919978918250198,exact,Dicloxacillin,Dicloxacillin,1.0,30,30,exact,exact,Dicloxacillin,False,False,False,False,1.0,True,True,0,1,,,,[H]OC(=O)[C@@H]1N2C(=O)[C@@H](N([H])C(=O)c3c(-c4c(Cl)cccc4Cl)noc3C)[C@@]2([H])SC1(C)C
dideoxycytidine_cid24066,,,dideoxycytidine_cid24066.png,high,high,0.8586016892007049,wrong,,Dideoxycytidine,0.974,15,15,exact,exact,Dideoxycytidine,False,True,False,False,1.0,False,False,2,3,[H].[H],,,"Nc1ccn([C@H]2CC[C@@H](CO)O2)c(=O)n1.[H].[H] |^1:15,16|"
diethylpropion_hydrochloride_cid91442,,,diethylpropion_hydrochloride_cid91442.png,high,high,0.9054204488899987,exact,Diethylpropion Hydrochloride,Diethylpropion Hydrochloride,1.0,16,16,exact,exact,Diethylpropion Hydrochloride,False,False,False,False,1.0,True,True,0,2,,,,CCN(CC)C(C)C(=O)c1ccccc1.[H]Cl
difamilast_cid57855696,,,difamilast_cid57855696.png,high,high,0.9073239218976441,exact,Difamilast,Difamilast,1.0,32,32,exact,exact,Difamilast,False,False,False,False,1.0,True,True,0,1,,,,CCOc1ccccc1C(=O)NCc1coc(-c2ccc(OC(F)F)c(OC(C)C)c2)n1
difetarsone_sodium_anhydrous_cid68198,,,difetarsone_sodium_anhydrous_cid68198.png,high,high,0.8884859470491611,wrong,,Difetarsone sodium anhydrous,0.556,26,26,wrong,wrong,,False,False,False,False,0.556,False,False,2,3,,[Na+],,O=[As]([O-])([O-])c1ccc(NCCNc2ccc([As-](=O)([O-])[O-])cc2)cc1.[Na+].[Na+]
diflucortolone_valerate_cid91670,,,diflucortolone_valerate_cid91670.png,low,low,0.8052227021780025,stereo,Diflucortolone Valerate,Diflucortolone Valerate,1.0,34,34,stereo,stereo,Diflucortolone Valerate,False,False,False,False,1.0,True,True,0,1,,,,[H][C@@]12C[C@@H](C)[C@H](C(=O)COC(=O)CCCC)[C@@]1(C)C[C@H](O)[C@@]1(F)[C@]2([H])C[C@H](F)C2=CC(=O)C=C[C@@]21C
difluprednate_cid443936,,,difluprednate_cid443936.png,low,low,0.4200386777084085,stereo,Difluprednate,Difluprednate,1.0,36,36,stereo,stereo,Difluprednate,False,False,False,False,1.0,True,True,0,1,,,,[H]O[C@H]1C[C@@]2(C)[C@@]([H])(CC[C@]2(OC(=O)CCC)C(=O)COC(C)=O)[C@@]2([H])C[C@H](F)C3=CC(=O)C=C[C@]3(C)[C@@]12F
digitonin_cid6474107,,,digitonin_cid6474107.png,low,low,0.001040663354027682,invalid,,,,,,invalid,invalid,,False,False,False,False,,False,,,,,,,[H]OCC1O[CH]2(OC3C(OC4C(CO)OC(OC(C)C(O)CC5([H])[H]C5CCC5[H]C5([H])C([H])OCOC[CH]C)C(O)C4O)OC(CO)C(O)C3OC3OCC(O)C(O)C3O)[CH]34[CH](OC5OC(CO)C(O)C(O[H])C5O)(C1O)[CH]21O32[H]O41[H]2
dihydroergotamine_cid10531,,,dihydroergotamine_cid10531.png,low,low,0.6392401128347924,wrong,,Dihydroergotamine,0.854,43,43,charge,charge,Dihydroergotamine,False,False,False,False,0.854,True,False,1,1,,,,[H]n1cc2c3c(cccc31)[C@@]1([H])C[C@@H](C(=O)N[C@]3(C)O[C@]4([OH2+])N(C3=O)[C@@H](Cc3ccccc3)C(=O)N3CCC[C@@]34[H])CN(C)[C@@]1([H])C2
dimethyl_fumarate_cid637568,,,dimethyl_fumarate_cid637568.png,high,high,0.9159832855940157,exact,Dimethyl Fumarate,Dimethyl Fumarate,1.0,10,10,exact,exact,Dimethyl Fumarate,False,False,False,False,1.0,True,True,0,1,,,,[H]/C(C(=O)OC)=C(/[H])C(=O)OC
dinaciclib_cid46926350,,,dinaciclib_cid46926350.png,high,high,0.9038061494960526,exact,Dinaciclib,Dinaciclib,1.0,29,29,exact,exact,Dinaciclib,False,False,False,False,1.0,True,True,0,1,,,,CCc1cnn2c(NCc3ccc[n+]([O-])c3)cc(N3CCCC[C@H]3CCO)nc12
diphenyl_diselenide_cid15460,,,diphenyl_diselenide_cid15460.png,high,high,0.8979922267737095,exact,Diphenyl diselenide,Diphenyl diselenide,1.0,14,14,exact,exact,Diphenyl diselenide,False,False,False,False,1.0,True,True,0,1,,,,c1ccc([Se][Se]c2ccccc2)cc1
diquafosol_cid148197,,,diquafosol_cid148197.png,low,low,0.126923388462079,invalid,,,,,,invalid,invalid,,False,False,False,False,,False,,,,,,,O=CNC(=O)N1C=C2=CN(C(=O)NC2=O)[CH]2(OC(CO)C(O)C2O)[CH]2(O)C(O)C(CO)OC12.OP.[H]O.[H]OP(=O)(O)(O)O.[H]OP(=O)(OP)OCC1OC(N2C=CC(=O)NC2=O)C(O)C1O
diroximel_fumarate_cid73330464,,,diroximel_fumarate_cid73330464.png,high,high,0.8920856099458091,exact,Diroximel Fumarate,Diroximel Fumarate,1.0,18,18,exact,exact,Diroximel Fumarate,False,False,False,False,1.0,True,True,0,1,,,,[H]/C(C(=O)OC)=C(/[H])C(=O)OCCN1C(=O)CCC1=O
distigmine_cid3116,,,distigmine_cid3116.png,high,high,0.9048061239728181,exact,Distigmine,Distigmine,1.0,30,30,exact,exact,Distigmine,False,False,False,False,1.0,True,True,0,1,,,,CN(CCCCCCN(C)C(=O)Oc1ccc[n+](C)c1)C(=O)Oc1ccc[n+](C)c1
dolasetron_mesylate_cid3033817,,,dolasetron_mesylate_cid3033817.png,low,low,0.03544750132272861,invalid,,,,,,invalid,invalid,,False,False,False,False,,False,,,,,,,CS(=O)(=O)O.[H]C12CC345CC678([H])CC9(CC([H])(C96)C37C(OC3=O=C(=O)(O4)C467=CNC9%10%11=CC=CC=C94=C4=C%1069C(=C=%11C=C4)NC=7=C39)C158)C(=O)CN2
doxapram_cid3156,,,doxapram_cid3156.png,high,high,0.8957961928534419,exact,Doxapram,Doxapram,1.0,28,28,exact,exact,Doxapram,False,False,False,False,1.0,True,True,0,1,,,,[H]C1(CCN2CCOCC2)CN(CC)C(=O)C1(c1ccccc1)c1ccccc1
dromostanolone_cid6011,,,dromostanolone_cid6011.png,high,high,0.8511958693327549,exact,Dromostanolone,Dromostanolone,1.0,22,22,exact,exact,Dromostanolone,False,False,False,False,1.0,True,True,0,1,,,,[H][C@@]12CC[C@]3([H])[C@]([H])(CC[C@]4(C)[C@@H](O)CC[C@@]34[H])[C@@]1(C)C[C@@H](C)C(=O)C2
dsm_265_cid51347395,,,dsm_265_cid51347395.png,high,high,0.8953505822011452,exact,Dsm-265,Dsm-265,1.0,27,27,exact,exact,Dsm-265,False,False,False,False,1.0,True,True,0,1,,,,Cc1cc(Nc2ccc(S(F)(F)(F)(F)F)cc2)n2nc(C(C)(F)F)nc2n1
duocarmycin_sa_cid115369,,,duocarmycin_sa_cid115369.png,low,low,0.6296258311658915,wrong,,Duocarmycin Sa,0.579,34,35,wrong,wrong,,False,False,False,False,0.579,False,False,3,1,,,,"[H][C]1CN(C(=O)c2cc3cc(OC)c(OC)c(OC)c3[nH]2)C2=CC(=O)c3[nH]c(C(=O)OC)cc3[C]12 |^1:1,34|"
eberconazole_cid72051,,,eberconazole_cid72051.png,high,high,0.9105627465881236,exact,Eberconazole,Eberconazole,1.0,22,22,exact,exact,Eberconazole,False,False,False,False,1.0,True,True,0,1,,,,Clc1cc(Cl)c2c(c1)CCc1ccccc1C2n1ccnc1
ecabet_sodium_cid23663982,,,ecabet_sodium_cid23663982.png,high,high,0.8880496955093401,wrong,,Ecabet sodium,0.759,27,27,wrong,wrong,,False,False,False,False,0.759,False,True,0,1,,,,"[H]OC(=O)[C@]1(C)CCC[C@]2(C)c3cc(S(=O)(=O)[O-][Na+])c(C(C)C)cc3CC[C@@]12[H] |18,C:17.17|"
echinocandin_b_cid9898144,,,echinocandin_b_cid9898144.png,low,low,3.323027304358407e-06,invalid,,,,,,invalid,invalid,,False,False,False,False,,False,,,,,,,[H]C(CCCCC)=C([H])CC([H])=C([H])CCCCCCCC1234(C(=O)O)NC([H])([H])(=O)[CH]567[CH](O)(C1=O)[CH]518OC16([H])C1([H])(C(C)O)NC(=O)C2C([H])([H])N(C(=O)C2([H])C(O)C(C)CN2C([H])(=O)=C(C(C)O)CNC3256=O=C24C52=CC=C(O)C=C26)C(O)C(O)C187[H]
elinogrel_cid16066663,,,elinogrel_cid16066663.png,high,high,0.9026056687202084,exact,Elinogrel,Elinogrel,1.0,34,34,exact,exact,Elinogrel,False,False,False,False,1.0,True,True,0,1,,,,CNc1cc2[nH]c(=O)n(-c3ccc(NC(=O)NS(=O)(=O)c4ccc(Cl)s4)cc3)c(=O)c2cc1F
elinzanetant_cid16063568,,,elinzanetant_cid16063568.png,low,low,0.645759604318778,stereo,Elinzanetant,Elinzanetant,1.0,47,47,stereo,stereo,Elinzanetant,False,False,False,False,1.0,True,True,0,1,,,,[H][C@@]12COCCN1C[C@@H](CO)N(c1cc(-c3ccc(F)cc3C)c(N(C)C(=O)C(C)(C)c3cc(C(F)(F)F)cc(C(F)(F)F)c3)cn1)C2
eliprodil_cid60703,,,eliprodil_cid60703.png,high,high,0.915079433380437,exact,Eliprodil,Eliprodil,1.0,24,24,exact,exact,Eliprodil,False,False,False,False,1.0,True,True,0,1,,,,OC(CN1CCC(Cc2ccc(F)cc2)CC1)c1ccc(Cl)cc1
elmustine_cid68804,,,elmustine_cid68804.png,high,high,0.8755505831440088,wrong,,Elmustine,0.963,12,12,exact,exact,Elmustine,False,True,False,False,1.0,False,False,1,2,[H],,,[H].[H]N(CCO)C(=O)N(CCCl)N=O |^1:0|
elobixibat_cid9939892,,,elobixibat_cid9939892.png,high,high,0.9090925012306393,exact,Elobixibat,Elobixibat,1.0,48,48,exact,exact,Elobixibat,False,False,False,False,1.0,True,True,0,1,,,,CCCCC1(CCCC)CN(c2ccccc2)c2cc(SC)c(OCC(=O)N[C@@H](C(=O)NCC(=O)O)c3ccccc3)cc2S(=O)(=O)C1
elsubrutinib_cid117773770,,,elsubrutinib_cid117773770.png,high,high,0.901442577980124,exact,Elsubrutinib,Elsubrutinib,1.0,22,22,exact,exact,Elsubrutinib,False,False,False,False,1.0,True,True,0,1,,,,[H]NC(=O)c1ccc([C@]2([H])CCCN(C(=O)C=C)C2)c2ccn([H])c12
eluxadoline_cid11250029,,,eluxadoline_cid11250029.png,high,high,0.8845590137039491,exact,Eluxadoline,Eluxadoline,1.0,42,42,exact,exact,Eluxadoline,False,False,False,False,1.0,True,True,0,1,,,,[H]NC(=O)c1cc(C)c(C[C@H](N[H])C(=O)N(Cc2ccc(OC)c(C(=O)O)c2)[C@@H](C)c2ncc(-c3ccccc3)[nH]2)c(C)c1
enadoline_cid60768,,,enadoline_cid60768.png,high,high,0.8960742661677773,exact,Enadoline,Enadoline,1.0,29,29,exact,exact,Enadoline,False,False,False,False,1.0,True,True,0,1,,,,CN(C(=O)Cc1cccc2occc12)[C@H]1CC[C@@]2(CCCO2)C[C@@H]1N1CCCC1
enisamium_iodide_cid10089466,,,enisamium_iodide_cid10089466.png,high,high,0.9104055349323362,exact,Enisamium Iodide,Enisamium Iodide,1.0,18,18,exact,exact,Enisamium Iodide,False,False,False,False,1.0,True,True,0,2,,,,C[n+]1ccc(C(=O)NCc2ccccc2)cc1.[I-]
enmetazobactam_cid23653540,,,enmetazobactam_cid23653540.png,high,high,0.8842205162072088,exact,Enmetazobactam,Enmetazobactam,1.0,21,21,exact,exact,Enmetazobactam,False,False,False,False,1.0,True,True,0,1,,,,[H][C@@]12CC(=O)N1[C@@H](C(=O)[O-])[C@](C)(Cn1cc[n+](C)n1)S2(=O)=O
epidermin_cid70698381,,,epidermin_cid70698381.png,low,low,5.531737405904627e-25,invalid,,,,,,invalid,invalid,,False,False,False,False,,False,,,,,,,C=CC1=CC=1CCCC1C([CH]OC[CH][CH]OCC2O3C4C(O[CH]56[CH]789O[CH]57%10%11%12O[CH]68%10(O9%11)[CH]%125O[CH]C5O[CH][CH]OC5C6N[CH]O[CH]O[CH]O[CH]C7OC7C7OC7N[CH]CC7CC78C7C(OC9C[CH]9(O)C65)O78)[CH]243)[CH]1234OC2C3C4CN1[CH]C1N[CH][CH]CC
eplerenone_cid443872,,,eplerenone_cid443872.png,low,low,0.4771373024996991,stereo,Eplerenone,Eplerenone,1.0,30,30,stereo,stereo,Eplerenone,False,False,False,False,1.0,True,True,0,1,,,,[H][C@@]12CC[C@@]3(CCC(=O)O3)[C@@]1(C)C[C@]1([H])O[C@@]13[C@@]2([H])[C@H](C(=O)OC)CC1=CC(=O)CC[C@@]13C
eprosartan_cid5281037,,,eprosartan_cid5281037.png,high,high,0.9065383290207821,exact,Eprosartan,Eprosartan,1.0,30,30,exact,exact,Eprosartan,False,False,False,False,1.0,True,True,0,1,,,,[H]OC(=O)c1ccc(Cn2c(/C([H])=C(\Cc3cccs3)C(=O)O)cnc2CCCC)cc1
eptazocine_cid3042090,,,eptazocine_cid3042090.png,low,low,0.7800460975277899,wrong,,(-)-Eptazocine,0.479,17,17,wrong,wrong,,False,False,False,False,0.479,False,True,0,1,,,,CN1CC[C@@]2(C)c3cc(O)ccc3CC2(C)C1
equilin_cid223368,,,equilin_cid223368.png,high,high,0.8592978587913693,wrong,,Equilin,0.977,20,20,exact,exact,Equilin,False,True,False,False,1.0,False,False,1,2,[H],,,[H].[H][C@]12CC[C@]3(C)C(=O)CC[C@@]3([H])C1=CCc1cc(O)ccc12 |^1:0|
eremomycin_cid122131,,,eremomycin_cid122131.png,low,low,5.577969183266701e-11,invalid,,,,,,invalid,invalid,,False,False,False,False,,False,,,,,,,C.[H]C1(N)CC(OC23=CC4=C(C=C2)OC2(=CC=C2)OC=4C=C=3[CH]23NC4(=O)(=O)=O56=C789(=C%10=C(C=CC(O)=C%10O)C4NC(=O)CNC(=O)[CH]NC[CH]NC[CH]NC)=O4=C=5%10%11%12%13(=O5=C%14%15(O)=O=7=%10=C=5=4=6=%117%10%16(O)=O=%12=C456%11%12=C%17%18%19=C%20%21%22=C4%23%24(=C4(=C%25%26(=C2%27N([CH]%25%147)[CH]%27%26%15%17%23%13%10NC3=O)C=C(O)C=C4O)C%205%16=C(O)C=C8)C%18=C23(O)=C%19%246=C4(O2)C2=C%21%11(O)C43=C=2%22%12O)N9)OC(C)C1O
eritoran_cid6912404,,,eritoran_cid6912404.png,low,low,3.26160283482504e-11,invalid,,,,,,invalid,invalid,,False,False,False,False,,False,,,,,,,CCCCCCCCCCCCCCCC(=O)OC1C(NC2=O=C2COC23(C)(CCCCCCC)CCCC(OC)(C2)C3CCCCCC)[CH]OC2C(OC)C(O)[CH]12O.O.OO.OOOO.[CH]O[CH]12C(OCCCCCCCCCC)[CH]34OCCCCCC5C6C(CCCCCO[CH]13[CH]24OC)C5C1C2CC1(C)C26
erythritol_cid222285,,,erythritol_cid222285.png,high,high,0.8700160427970592,wrong,,Erythritol,0.9,8,8,exact,exact,Erythritol,False,True,False,False,1.0,False,False,3,4,[H].[H].[H],,,"OC[C@@H](O)[C@@H](O)CO.[H].[H].[H] |^1:8,9,10|"
esorubicin_cid152036,,,esorubicin_cid152036.png,high,high,0.8818573610215614,exact,Esorubicin,Esorubicin,1.0,38,38,exact,exact,Esorubicin,False,False,False,False,1.0,True,True,0,1,,,,[H]N[C@H]1C[C@H](O[C@H]2C[C@](O)(C(=O)CO)Cc3c(O[H])c4c(c(O)c32)C(=O)c2c(OC)cccc2C4=O)O[C@@H](C)C1
ethyl_pyruvate_cid12041,,,ethyl_pyruvate_cid12041.png,high,high,0.9217699850644925,exact,Ethyl pyruvate,Ethyl pyruvate,1.0,8,8,exact,exact,Ethyl pyruvate,False,False,False,False,1.0,True,True,0,1,,,,CCOC(=O)C(C)=O
etonogestrel_cid6917715,,,etonogestrel_cid6917715.png,low,low,0.509585864726861,wrong,,Etonogestrel,0.981,24,24,stereo,stereo,Etonogestrel,False,True,False,False,1.0,False,False,2,3,[H].[H],,,"[H].[H].[H][C@@]12CC[C@@](O)(C#C)[C@@]1(CC)CC(=C)[C@@]1([H])[C@@]2([H])CCC2=CC(=O)CC[C@]21[H] |^1:0,1|"
evobrutinib_cid71479709,,,evobrutinib_cid71479709.png,high,high,0.9053313778961918,exact,Evobrutinib,Evobrutinib,1.0,32,32,exact,exact,Evobrutinib,False,False,False,False,1.0,True,True,0,1,,,,[H]Nc1ncnc(NCC2CCN(C(=O)C=C)CC2)c1-c1ccc(Oc2ccccc2)cc1
evofosfamide_cid11984561,,,evofosfamide_cid11984561.png,high,high,0.8982156589581316,exact,Evofosfamide,Evofosfamide,1.0,21,21,exact,exact,Evofosfamide,False,False,False,False,1.0,True,True,0,1,,,,[H]N(CCBr)P(=O)(NCCBr)OCc1cnc([N+](=O)[O-])n1C
examorelin_cid6918297,,,examorelin_cid6918297.png,low,low,0.2739872888400494,wrong,,Examorelin,0.874,65,65,charge,charge,Examorelin,False,False,False,False,0.874,True,False,1,1,,,,[H]NC(=O)[C@H](CCCCN([H])[H])NC(=O)[C@@H](Cc1ccccc1)NC(=O)[C@@H](Cc1c[nH]c2ccccc12)NC(=O)[C@H](C)NC(=O)[C@H](Cc1c(C)[nH]c2ccccc12)NC(=O)[C@@H]([NH3+])Cc1cnc[nH]1
ezlopitant_cid188927,,,ezlopitant_cid188927.png,low,low,0.7808098680481638,invalid,,,,,,invalid,invalid,,False,False,False,False,,False,,,,,,,[H]C1(C(C2=CC=CC=C2)C2=CC=CC=C2)C(NCC2=C(OC)C=CC(C(C)C)=C2)C23CCN4C5CC421C5C3
ezogabine_cid121892,,,ezogabine_cid121892.png,high,high,0.8950083772273819,wrong,,Ezogabine,0.977,22,22,exact,exact,Ezogabine,False,True,False,False,1.0,False,False,2,3,[H].[H],,,"CCOC(=O)Nc1ccc(NCc2ccc(F)cc2)cc1N.[H].[H] |^1:22,23|"
falecalcitriol_cid5282190,,,falecalcitriol_cid5282190.png,high,high,0.8734201419334267,exact,Falecalcitriol,Falecalcitriol,1.0,36,36,exact,exact,Falecalcitriol,False,False,False,False,1.0,True,True,0,1,,,,[H]O[C@@H]1C/C(=C([H])/C([H])=C2\CCC[C@@]3(C)[C@@]2([H])CC[C@]3([H])[C@H](C)CCCC(O)(C(F)(F)F)C(F)(F)F)C(=C)[C@@H](O)C1
famitinib_cid16662431,,,famitinib_cid16662431.png,high,high,0.8957975544816338,exact,Famitinib,Famitinib,1.0,30,30,exact,exact,Famitinib,False,False,False,False,1.0,True,True,0,1,,,,[H]/C(=C1/C(=O)Nc2ccc(F)cc21)c1[nH]c2c(c1C)C(=O)N(CCN(CC)CC)CC2
fendiline_cid3336,,,fendiline_cid3336.png,high,high,0.9102488028396314,exact,Fendiline,Fendiline,1.0,24,24,exact,exact,Fendiline,False,False,False,False,1.0,True,True,0,1,,,,CC(NCCC(c1ccccc1)c1ccccc1)c1ccccc1
fexuprazan_cid122662112,,,fexuprazan_cid122662112.png,high,high,0.8999794594811379,exact,Fexuprazan,Fexuprazan,1.0,28,28,exact,exact,Fexuprazan,False,False,False,False,1.0,True,True,0,1,,,,CNCc1cn(S(=O)(=O)c2cccc(F)c2)c(-c2ccc(F)cc2F)c1OC
finerenone_cid60150535,,,finerenone_cid60150535.png,high,high,0.8602597063238316,exact,Finerenone,Finerenone,1.0,28,28,exact,exact,Finerenone,False,False,False,False,1.0,True,True,0,1,,,,[H]NC(=O)C1=C(C)Nc2c(C)cnc(OCC)c2[C@]1([H])c1ccc(C#N)cc1OC
firocoxib_cid208910,,,firocoxib_cid208910.png,high,high,0.9030373259627276,exact,Firocoxib,Firocoxib,1.0,23,23,exact,exact,Firocoxib,False,False,False,False,1.0,True,True,0,1,,,,CC1(C)OC(=O)C(OCC2CC2)=C1c1ccc(S(C)(=O)=O)cc1
flavoxate_cid3354,,,flavoxate_cid3354.png,high,high,0.9138846898152544,exact,Flavoxate,Flavoxate,1.0,29,29,exact,exact,Flavoxate,False,False,False,False,1.0,True,True,0,1,,,,Cc1c(-c2ccccc2)oc2c(C(=O)OCCN3CCCCC3)cccc2c1=O
flomoxef_cid65864,,,flomoxef_cid65864.png,low,low,0.6360931555507552,exact,Flomoxef,Flomoxef,1.0,32,32,exact,exact,Flomoxef,False,False,False,False,1.0,True,True,0,1,,,,[H][C@]12OCC(CSc3nnnn3CCO)=C(C(=O)O)N1C(=O)[C@]2(NC(=O)CSC(F)F)OC
flotufolastat_cid149063248,,,flotufolastat_cid149063248.png,low,low,2.003097101544728e-05,invalid,,,,,,invalid,invalid,,False,False,False,False,,False,,,,,,,CC(C)(C)[Si](F)(CC1CNC(=O)(=O)C(NC2=O=C(N(CCN(CCN3(CC(=O)O)CCN456(CO)CC4C5N(C3C(=O)O)C6CO)CC(O)O)C(=O)O)C2)CNC(=O)C12=CC=CC=C2)C(C)(C)C.CCCCNC(=O)CCC1=O=C(CCC2(CCC(NC345=O=C3N4CC3OC(O)(O)(CC5)O3)C(=O)O)NOO2)N1
fluciclovine_cid10820564,,,fluciclovine_cid10820564.png,high,high,0.8505392019490053,wrong,,Fluciclovine,0.6,9,9,charge,charge,Fluciclovine,False,True,False,False,0.625,False,False,1,3,[H].[H],,,"NC1(C(=O)[O-])CC(F)C1.[H].[H] |^1:9,10|"
flucloxacillin_cid21319,,,flucloxacillin_cid21319.png,high,high,0.8916922367562506,exact,Flucloxacillin,Flucloxacillin,1.0,30,30,exact,exact,Flucloxacillin,False,False,False,False,1.0,True,True,0,1,,,,[H]OC(=O)[C@@H]1N2C(=O)[C@@H](N([H])C(=O)c3c(-c4c(F)cccc4Cl)noc3C)[C@@]2([H])SC1(C)C
fluorodopa_cid107730,,,fluorodopa_cid107730.png,high,high,0.8863896133555094,wrong,,Fluorodopa,0.743,15,15,charge,charge,Fluorodopa,False,True,False,False,0.765,False,False,0,2,[H],,,[H].[H]N[C@@H](Cc1cc([O-])c(O)cc1F)C(=O)O[H] |^1:0|
flupirtine_cid53276,,,flupirtine_cid53276.png,high,high,0.9062603958673286,exact,Flupirtine,Flupirtine,1.0,22,22,exact,exact,Flupirtine,False,False,False,False,1.0,True,True,0,1,,,,[H]Nc1nc(NCc2ccc(F)cc2)ccc1NC(=O)OCC
flurandrenolide_cid15209,,,flurandrenolide_cid15209.png,low,low,0.3964800299263795,wrong,,Flurandrenolide,1.0,31,31,stereo,stereo,Flurandrenolide,False,True,False,False,1.0,False,False,1,2,[H],,,[H].[H]OCC(=O)[C@@]12OC(C)(C)O[C@@]1([H])C[C@@]1([H])[C@]3([H])C[C@H](F)C4=CC(=O)CC[C@]4(C)[C@@]3([H])[C@@H](O)C[C@@]12C |^1:0|
folic_acid_cid135398658,,,folic_acid_cid135398658.png,high,high,0.9007063761368781,exact,Folic Acid,Folic Acid,1.0,32,32,exact,exact,Folic Acid,False,False,False,False,1.0,True,True,0,1,,,,[H]Nc1nc2ncc(CNc3ccc(C(=O)N[C@@H](CCC(=O)O)C(=O)O)cc3)nc2c(=O)[nH]1
friulimicin_b_cid56842195,,,friulimicin_b_cid56842195.png,low,low,1.640977399299168e-05,invalid,,,,,,invalid,invalid,,False,False,False,False,,False,,,,,,,O.O=CO.[H]NC(=O)CC(NC(=O)CC([H])=O)C(=O)NC(=O)C1=O=C(C)(C)N1.[H]NC(=O)CC1(NC(=O)CC([H])=CCCCCCCCC(C)C)=O=C1(=O)NC1C(O)[CH]234(C)C5[CH]6(OCCOC7(O)C(NC(C)=O)[CH]7(OC(=O)CO)C(O)C(NC(=O)C(=O)O)C(C)=O)C2[CH]5(O)(C13O)C64O
fudosteine_cid134669,,,fudosteine_cid134669.png,high,high,0.8579671428029121,wrong,,Fudosteine,0.96,11,11,exact,exact,Fudosteine,False,True,False,False,1.0,False,False,1,2,[H],,,[H].[H]N[C@@H](CSCCCO[H])C(=O)O[H] |^1:0|
fungichromin_cid5282200,,,fungichromin_cid5282200.png,low,low,0.8398096647295293,wrong,,Fungichromin,1.0,47,47,exact,exact,Fungichromin,False,True,False,False,1.0,False,False,9,10,[H].[H].[H].[H].[H].[H].[H].[H].[H],,,"[H].[H].[H].[H].[H].[H].[H].[H].[H].[H]O[C@@H]1[C@H](O)C[C@H](O)C[C@H](O)C[C@H](O)C[C@H](O)C[C@H](O)[C@@]([H])([C@H](O)CCCCC)C(=O)O[C@H](C)[C@@H](O)/C([H])=C([H])/C([H])=C([H])/C([H])=C([H])/C([H])=C([H])/C([H])=C(\C)[C@H]1O |^1:0,1,2,3,4,5,6,7,8|"
gabexate_cid3447,,,gabexate_cid3447.png,high,high,0.8822827058933701,wrong,,Gabexate,0.976,23,23,exact,exact,Gabexate,False,True,False,False,1.0,False,False,3,4,[H].[H].[H],,,"[H].[H].[H].[H]N/C(N)=N\CCCCCC(=O)Oc1ccc(C(=O)OCC)cc1 |^1:0,1,2|"
gadobenate_dimeglumine_cid6918204,,,gadobenate_dimeglumine_cid6918204.png,low,low,0.7968048324749294,wrong,,Gadobenate Dimeglumine,0.707,67,63,wrong,wrong,,False,False,False,False,0.707,False,False,15,5,,[GeH3],,"CNC[C@H](O)C(O)(O)[C@H](O)[C@@H](O)CO.CNC[C@H](O)[C@@H](O)[C@H](O)[C@@H](O)CO.COC(=O)CN(CCN(CC(=O)[O-])CC(=O)O)CCN(CC(=O)O)C(COCc1ccccc1)C(=O)[O][Ge].[GeH3].[GeH3] |^1:65,66,^5:64|"
gadofosveset_trisodium_cid73049652,,,gadofosveset_trisodium_cid73049652.png,high,high,0.8850428807162646,wrong,,Gadofosveset Trisodium,0.662,55,55,wrong,wrong,,False,False,False,False,0.662,False,False,2,3,,[Na+],,O=C([O-])CN(CCN(CC(=O)[O-])CC(COP(=O)([O][Gd+3])OC1CCC(c2ccccc2)(c2ccccc2)CC1)N(CC(=O)O)CC(=O)[O][Na+])CC(=O)O.[Na+].[Na+] |48|
gadoversetamide_cid444013,,,gadoversetamide_cid444013.png,high,high,0.899522430281029,wrong,,Gadoversetamide,0.838,34,36,wrong,wrong,,False,False,False,False,0.838,False,False,3,1,,,,*C(=O)CN(CCN(CC(=O)[O-])CC(=O)NCCOC)CCN(CC(=O)[O-])CC(=O)NCCOC |$Gd13;;;;;;;;;;;;;;;;;;;;;;;;;;;;;;;;;;$|
gallidermin_cid73348284,,,gallidermin_cid73348284.png,low,low,2.746211890601739e-38,invalid,,,,,,invalid,invalid,,False,False,False,False,,False,,,,,,,CC[CH]123CC1[CH]2([CH]12(O)O4[CH]1567C18[CH]59%10N65[CH]196%11(N[CH]61[CH]O[CH]OC6OC6[CH]69%12N%13C6%14%15N96%16C9%17%18%19[CH]N9%20%21C9[CH]%22(O[CH][CH]N[CH]CN[CH][CH]NC%23C[CH]%23%24NC%24[CH]%23%24NC%23C%24C)[CH]%12%23%24([CH]%14%206%12N9%17[CH]%21%18C%13%15%16%19%12)[CH]%2269%12%13O%14[CH]%236%15%16%17%18N6[CH]%14%249%15%19%20%21%22O9[CH]%19%14%15%23%24%25O%19[CH]%14%26%27%28%29N[CH]%19%26%15%14%30%31N[CH]%27%14%16%23%20%15(OC%15C1%11)[CH]69%28%12%30%17%24%21(N%29%31%25)N%13%18%22)[CH]4852%107)O3
garenoxacin_cid124093,,,garenoxacin_cid124093.png,high,high,0.9066532086157139,wrong,,Garenoxacin,0.984,31,31,exact,exact,Garenoxacin,False,True,False,False,1.0,False,False,4,3,[HH].[HH],,,C[C@H]1NCc2cc(-c3ccc4c(=O)c(C(=O)O)cn(C5CC5)c4c3OC(F)F)ccc21.[HH].[HH]
gedatolisib_cid44516953,,,gedatolisib_cid44516953.png,high,high,0.9115004833031602,exact,Gedatolisib,Gedatolisib,1.0,45,45,exact,exact,Gedatolisib,False,False,False,False,1.0,True,True,0,1,,,,CN(C)C1CCN(C(=O)c2ccc(NC(=O)Nc3ccc(-c4nc(N5CCOCC5)nc(N5CCOCC5)n4)cc3)cc2)CC1
gemeprost_cid5282237,,,gemeprost_cid5282237.png,high,high,0.8790127659861392,stereo,Gemeprost,Gemeprost,1.0,28,28,stereo,stereo,Gemeprost,False,False,False,False,1.0,True,True,0,1,,,,[H]O[C@@H]1CC(=O)[C@H](CCCC/C([H])=C(\[H])C(=O)OC)[C@H]1C([H])=C([H])[C@@H](O)C(C)(C)CCCC
glibornuride_cid12818200,,,glibornuride_cid12818200.png,low,low,0.5993393559349552,exact,Glibornuride,Glibornuride,1.0,25,25,exact,exact,Glibornuride,False,False,False,False,1.0,True,True,0,1,,,,[H][C@@]12CC[C@@](C)([C@@H](O)[C@H]1NC(=O)NS(=O)(=O)c1ccc(C)cc1)C2(C)C
glufosfamide_cid123628,,,glufosfamide_cid123628.png,high,high,0.8801358846458482,wrong,,Glufosfamide,1.0,22,22,exact,exact,Glufosfamide,False,True,False,False,1.0,False,False,3,4,[H].[H].[H],,,"[H].[H].[H].[H]O[C@H]1[C@H](OP(=O)(NCCCl)NCCCl)O[C@H](CO)[C@@H](O)[C@@H]1O |^1:0,1,2|"
granisetron_hydrochloride_cid49799997,,,granisetron_hydrochloride_cid49799997.png,low,low,0.05323596228477169,invalid,,,,,,invalid,invalid,,False,False,False,False,,False,,,,,,,[H]C12CCCC345([H])(CCC1)CCC3(CC(NC(=O)C1=NN(C)C3=CC=CC=C31)C4)N25C.[H]Cl
grapiprant_cid11677589,,,grapiprant_cid11677589.png,high,high,0.9075524454216407,exact,Grapiprant,Grapiprant,1.0,35,35,exact,exact,Grapiprant,False,False,False,False,1.0,True,True,0,1,,,,CCc1nc2c(C)nc(C)cc2n1-c1ccc(CCNC(=O)NS(=O)(=O)c2ccc(C)cc2)cc1
hydroquinone_cid785,,,hydroquinone_cid785.png,low,low,0.8048734853762839,wrong,,Hydroquinone,0.889,8,8,exact,exact,Hydroquinone,False,True,False,False,1.0,False,False,4,3,[HH].[HH],,,Oc1ccc(O)cc1.[HH].[HH]
hydroxynorketamine_cid133669,,,hydroxynorketamine_cid133669.png,high,high,0.8816710037692154,wrong,,Hydroxynorketamine,1.0,16,16,exact,exact,Hydroxynorketamine,False,True,False,False,1.0,False,False,1,2,[H],,,[H].[H]NC1(c2ccccc2Cl)CCCC(O)C1=O |^1:0|
hydroxypyridinone_cid69975,,,hydroxypyridinone_cid69975.png,high,low,0.8710527491433088,invalid,,,,,,invalid,invalid,,False,False,False,False,,False,,,,,,,O=C1=CCC=CN1O.[HH]
hydroxyzine_cid3658,,,hydroxyzine_cid3658.png,high,high,0.9142568035208906,exact,Hydroxyzine,Hydroxyzine,1.0,26,26,exact,exact,Hydroxyzine,False,False,False,False,1.0,True,True,0,1,,,,OCCOCCN1CCN(C(c2ccccc2)c2ccc(Cl)cc2)CC1
ibogaine_cid197060,,,ibogaine_cid197060.png,low,low,0.7449198342468318,wrong,,Ibogaine,0.464,22,23,wrong,wrong,,False,False,False,False,0.464,False,False,3,1,,,,[H][C@]12C[C@@]1(CC)[C@]1([H])NCCc3c([nH]c4ccc(OC)cc34)[C@]1([H])C2
idoxuridine_cid5905,,,idoxuridine_cid5905.png,high,high,0.8793455764917211,exact,Idoxuridine,Idoxuridine,1.0,17,17,exact,exact,Idoxuridine,False,False,False,False,1.0,True,True,0,1,,,,[H]O[C@H]1C[C@H](n2cc(I)c(=O)[nH]c2=O)O[C@@H]1CO
idrabiotaparinux_cid16202213,,,idrabiotaparinux_cid16202213.png,low,low,1.844055403727467e-22,invalid,,,,,,invalid,invalid,,False,False,False,False,,False,,,,,,,C=C1=C=COC1CC(O[CH][CH]O[CH][CH]1(O)C2C(C(O)C(=O)O)[CH]21C[CH]C(C=CC1[CH]234C[CH]12(C3CC)C412=O=C1(CCCCCC13=O=C(CCCC[CH]OCC(C)C4C=CC=C4)(=O=1)N3)=O=2)C(N)=O)C1O[CH]23456C7C89(=O(=C8)=C9)[CH]1728[CH]31279%10[CH]3%11%12%13%14[CH]1%15%16%17%18O[CH]41[CH]%154%19O[CH]153%162%15(O%11)O4[CH]%19%12%177[CH]86%13%189%15(O%14)O%10
iguratimod_cid124246,,,iguratimod_cid124246.png,high,high,0.9029398425198354,exact,Iguratimod,Iguratimod,1.0,26,26,exact,exact,Iguratimod,False,False,False,False,1.0,True,True,0,1,,,,[H]C(=O)Nc1coc2cc(NS(C)(=O)=O)c(Oc3ccccc3)cc2c1=O
imidafenacin_cid6433090,,,imidafenacin_cid6433090.png,high,high,0.8782097413200842,wrong,,Imidafenacin,0.974,24,24,exact,exact,Imidafenacin,False,True,False,False,1.0,False,False,2,3,[H].[H],,,"Cc1nccn1CCC(C(N)=O)(c1ccccc1)c1ccccc1.[H].[H] |^1:24,25|"
imidapril_cid5464343,,,imidapril_cid5464343.png,high,high,0.9003151295964605,exact,Imidapril,Imidapril,1.0,29,29,exact,exact,Imidapril,False,False,False,False,1.0,True,True,0,1,,,,CCOC(=O)[C@H](CCc1ccccc1)N[C@@H](C)C(=O)N1C(=O)N(C)C[C@H]1C(=O)O
imipenem_cid104838,,,imipenem_cid104838.png,high,high,0.8493379980590705,wrong,,Imipenem,0.979,20,20,stereo,stereo,Imipenem,False,True,False,False,1.0,False,False,1,2,[H],,,[H].[H]N/C([H])=N/CCSC1=C(C(=O)O[H])N2C(=O)[C@@]([H])([C@@H](C)O)[C@@]2([H])C1 |^1:0|
iseganan_cid16131103,,,iseganan_cid16131103.png,low,low,4.230058017648217e-10,invalid,,,,,,invalid,invalid,,False,False,False,False,,False,,,,,,,NCCCC(N)CNCCN1CC1N[CH]CC[CH]12N3456[CH]78(CNC9=CC=C(O)C=C9)N9C13%10%11%12=O1=C43%13%14[CH]%104N3(C3C%10C%15[CH]N%15%103)[CH]%135%11(N7%14%12)C=194286.O.[H]NC(N)=CCCC(NC(=O)CNC(=O)C(NC(=O)C(CS)NC12=O=C3(NC4C(S)C4N4[CH]C4N[CH]C4C5C6C(NC(CCN)CCCNC(=N)N)N456)C1N[CH]23CC)C(C)C)C(N)=O
istaroxime_cid9841834,,,istaroxime_cid9841834.png,low,low,0.4282163506581532,stereo,Istaroxime,Istaroxime,1.0,26,26,stereo,stereo,Istaroxime,False,False,False,False,1.0,True,True,0,1,,,,[H][C@]12CC(=O)[C@@]3([H])C/C(=N/OCCN)CC[C@]3(C)[C@@]1([H])CC[C@]1(C)C(=O)CC[C@@]21[H]
kanglemycin_a_cid139588980,,,kanglemycin_a_cid139588980.png,low,low,8.095557849839132e-07,invalid,,,,,,invalid,invalid,,False,False,False,False,,False,,,,,,,[H]C(CC(O[CH]C)O[CH]12C=C3([H])C45([H])O6C7=C89%10C%11=C%12%13=C%14(O)=C%12%15=C7%12[CH]7%16%17(O)C([H])(C(C)OC(=O)C(C)(C)CC(=O)O)(C([H])=C([H])C([H])=C(C)C(=O)NC(=CC%11=O)C%13=O)[CH]%127%11(O%14)[CH]%167%12C[CH]7%17%11(O%15)C(O)[CH]37%11[CH]3(OC64%13%14(C)(O%12)C8(=O)=O4=C9%136=O=C=45%106%14)[CH]74(OC(C)=O)[CH]15C[CH]24(C)[CH]53%11OC(C)=O)OCO
katanosin_b_cid139589288,,,katanosin_b_cid139589288.png,low,low,0.0001080049698849438,invalid,,,,,,invalid,invalid,,False,False,False,False,,False,,,,,,,O.[H]NC(N)=NCCCC(C=O)N1C(=O)[CH]2(CCCC)(C(=O)NC(CCCN=C(N[H])N[H])C(=O)NC(C(C)C)C(=O)(=O)NC([H])(C(=O)NCC(=O)NC([H])([H])CNC(CO)C(=O)OC([CH]NCC([H])CC(C)C)C3=CC=CC=C3)C(C)O)NC(=O)[CH]34([H])N5[CH]67([H])N(C12=O)[CH]36C(C)(C)[CH]547C(C)C
kojic_acid_cid3840,,,kojic_acid_cid3840.png,high,high,0.9039952771751341,wrong,,Kojic Acid,0.957,10,10,exact,exact,Kojic Acid,False,True,False,False,1.0,False,False,1,2,[H],,,O=c1cc(CO)occ1O.[H] |^1:10|
kp_1019_cid133083029,,,kp_1019_cid133083029.png,low,low,0.8197961918483764,invalid,,,,,,invalid,invalid,,False,False,False,False,,False,,,,,,,C1=CC=C2NN=CC2=C1.C1=CC=C2NN=CC2=C1.[Cl-].[Cl-].[Cl-].[Cl-].[Cl-].[Cl-].[H].[H].[H]1=CC=C2NN=CC2=C1.[Ru+3]
l_homocysteine_cid91552,,,l_homocysteine_cid91552.png,high,high,0.8558773138092282,wrong,,L-Homocysteine,0.542,8,8,charge,charge,L-Homocysteine,False,True,False,False,0.565,False,False,1,3,[H].[H],,,"N[C@@H](CC[S-])C(=O)O.[H].[H] |^1:8,9|"
l_methylfolate_cid135398561,,,l_methylfolate_cid135398561.png,high,high,0.8965054310674729,exact,L-Methylfolate,L-Methylfolate,1.0,33,33,exact,exact,L-Methylfolate,False,False,False,False,1.0,True,True,0,1,,,,[H]Nc1nc2c(c(=O)[nH]1)N(C)[C@@H](CNc1ccc(C(=O)N[C@@H](CCC(=O)O)C(=O)O)cc1)CN2
l_ornithine_cid6262,,,l_ornithine_cid6262.png,high,high,0.8757160036173077,wrong,,L-(-)-Ornithine,0.95,9,9,exact,exact,L-(-)-Ornithine,False,True,False,False,1.0,False,False,1,2,[H],,,[H].[H]NCCC[C@H](N[H])C(=O)O |^1:0|
laidlomycin_cid71454116,,,laidlomycin_cid71454116.png,low,low,0.0005004742104930931,invalid,,,,,,invalid,invalid,,False,False,False,False,,False,,,,,,,[H]OC(=O)C(C)C1OC2(=O)(CC)=O=C(CC)O2C2C(C)C3([H])OC456(CC(O[H])[CH]123C)CC123C(C14)C2(C)(O5)C1([H])CCC(C)(O1)C12C4C5([H])(OC17(C)(C1([H])OC(C8([H])OC(O)(CO)C(C)CC8C)CC1C)CC7C425[H])C(C)CC36
laninamivir_cid502272,,,laninamivir_cid502272.png,low,low,0.5016258551631745,wrong,,Laninamivir,0.96,24,24,exact,exact,Laninamivir,False,True,False,False,1.0,False,False,7,7,[HH].[H].[H].[H].[H].[H],,,"[HH].[H].[H].[H].[H].[H].[H][C@@]1([C@H](OC)[C@H](O)CO)OC(C(=O)O)=C[C@H](N=C(N)N)[C@H]1NC(C)=O |^1:1,2,3,4,5|"
lanraplenib_cid118161062,,,lanraplenib_cid118161062.png,high,high,0.9095243726768528,exact,Lanraplenib,Lanraplenib,1.0,33,33,exact,exact,Lanraplenib,False,False,False,False,1.0,True,True,0,1,,,,Nc1cncc(-c2cn3ccnc3c(Nc3ccc(N4CCN(C5COC5)CC4)cc3)n2)n1
lapretolimod_ammonium_cid134687617,,,lapretolimod_ammonium_cid134687617.png,low,low,5.331829363445877e-16,invalid,,,,,,invalid,invalid,,False,False,False,False,,False,,,,,,,CCCCCCC1CC1CCO[CH]12C(OC(=O)O)[CH]3(O)C4C(OC([CH]COC5C6C(CCC7CC7CCCCCC)C56)[CH](O)([CH]56(O)[CH]789(O)[CH]%10%11%12O[CH]57%13%14%15[CH](O)([CH]57O[CH]5(C5OC5O)O7)[CH]68%1357O[CH]%10(OC6=O=C8%10(=O=C%11(=O=8)O%10)CCCCCCCCCCC(C)CCCCCCCCCCCCC6)C%125%14[CH]97%15O)[CH]15(O)OC25)O43
lasalocid_a_cid5360807,,,lasalocid_a_cid5360807.png,low,low,0.02673882551304794,invalid,,,,,,invalid,invalid,,False,False,False,False,,False,,,,,,,[H]C(OC(CC)C1([H])CCC(O)(CC)C(C)O1)C(CC)C(=O)C(C)[CH]1(O)C(C)CCC2(=C(C(=O)O)C(O)=C(C)C=C2)=C2(C(=O)O)=C(C=CC(C)=C2O)CCC(C)C(O)[CH]1(C)C(=O)C(CC)C1([H])OC(CC)CC1C
lasofoxifene_cid216416,,,lasofoxifene_cid216416.png,high,high,0.8982080585132433,exact,Lasofoxifene,Lasofoxifene,1.0,31,31,exact,exact,Lasofoxifene,False,False,False,False,1.0,True,True,0,1,,,,Oc1ccc2c(c1)CC[C@H](c1ccccc1)[C@@H]2c1ccc(OCCN2CCCC2)cc1
laspartomycin_cid139589219,,,laspartomycin_cid139589219.png,low,low,6.266417028059333e-10,invalid,,,,,,invalid,invalid,,False,False,False,False,,False,,,,,,,[H]C1(CNCC(=O)(=O)NC(CNCC(=O)N[CH]23C4C(O)=O=C(=O)(O)C2[CH]43NC(=O)CC(=O)O)CC(=O)O)CC2CC23([H])C2NC[CH]24NC2([H])=C(N)(O)(CC(NCC(=O)O)CNCC(NC56=O=C5(NC(=O)CCCCCC)[CH]6(CC(=O)O)NC(=O)NCCCCCCCCCCC(C)C)C(=O)(=O)NC2)[CH]43(CN[CH][CH]CC)O1
laulimalide_cid6918457,,,laulimalide_cid6918457.png,low,low,0.3105297415017346,stereo,Laulimalide,Laulimalide,1.0,37,37,stereo,stereo,Laulimalide,False,False,False,False,1.0,True,True,0,1,,,,[H]O[C@@H](C([H])=C([H])[C@@H]1CC(C)=CCO1)[C@@]1([H])CC2([H])O[C@H]2[C@@H](O)CC(=C)C[C@H](C)C[C@]2([H])CC=C[C@]([H])(C/C([H])=C(\[H])C(=O)O1)O2
lenacapavir_sodium_cid153435888,,,lenacapavir_sodium_cid153435888.png,high,high,0.8919900632750243,wrong,,Lenacapavir Sodium,0.823,65,65,skeleton,skeleton,,False,False,False,False,0.823,True,True,0,1,,,,[H][C@@]12C[C@]1([H])c1c(C(F)(F)F)nn(CC(=O)N[C@@H](Cc3cc(F)cc(F)c3)c3nc(C#CC(C)(C)S(C)(=O)=O)ccc3-c3ccc(Cl)c4c([N]([Na])S(C)(=O)=O)nn(CC(F)(F)F)c34)c1C2(F)F
lercanidipine_cid65866,,,lercanidipine_cid65866.png,high,high,0.9033786163683967,exact,Lercanidipine,Lercanidipine,1.0,45,45,exact,exact,Lercanidipine,False,False,False,False,1.0,True,True,0,1,,,,COC(=O)C1=C(C)NC(C)=C(C(=O)OC(C)(C)CN(C)CCC(c2ccccc2)c2ccccc2)C1c1cccc([N+](=O)[O-])c1
levocabastine_cid54385,,,levocabastine_cid54385.png,high,high,0.8785873804488106,exact,Levocabastine,Levocabastine,1.0,31,31,exact,exact,Levocabastine,False,False,False,False,1.0,True,True,0,1,,,,C[C@@H]1CN(C2CCC(C#N)(c3ccc(F)cc3)CC2)CC[C@]1(C(=O)O)c1ccccc1
ljn452_cid121418176,,,ljn452_cid121418176.png,low,low,0.2461197840267366,invalid,,,,,,invalid,invalid,,False,False,False,False,,False,,,,,,,[H]C12CCC3([H])CC4(OCC5=C(C6CC6)ON=C5C5=CC=CC=C5OC(F)(F)F)CC3([H])(C41)N2C1=NC2=C(F)C=C(C(=O)O)C=C2S1
ln_1_255_cid23672118,,,ln_1_255_cid23672118.png,high,high,0.8775926493322501,wrong,,LN-1-255,0.813,35,35,wrong,wrong,,False,False,False,False,0.813,False,False,2,3,[H].[H],,,"[H].[H].[H]/C(=C1\C(=O)N2[C@@H](C(=O)[O-][Na+])[C@](C)(COC(=O)Cc3ccc(O)c(O)c3)S(=O)(=O)[C@]12[H])c1ccccn1 |^1:0,1,12,C:11.9|"
lobeglitazone_cid9826451,,,lobeglitazone_cid9826451.png,high,high,0.9115073345498617,exact,Lobeglitazone,Lobeglitazone,1.0,34,34,exact,exact,Lobeglitazone,False,False,False,False,1.0,True,True,0,1,,,,COc1ccc(Oc2cc(N(C)CCOc3ccc(CC4SC(=O)NC4=O)cc3)ncn2)cc1
lodoxamide_cid44564,,,lodoxamide_cid44564.png,high,high,0.8820869026094401,wrong,,Lodoxamide,0.933,21,21,exact,exact,Lodoxamide,False,True,False,False,1.0,False,False,4,4,[HH].[H].[H],,,"N#Cc1cc(NC(=O)C(=O)O)c(Cl)c(NC(=O)C(=O)O)c1.[HH].[H].[H] |^1:22,23|"
loteprednol_etabonate_cid444025,,,loteprednol_etabonate_cid444025.png,low,low,0.5601120951823385,stereo,Loteprednol Etabonate,Loteprednol Etabonate,1.0,32,32,stereo,stereo,Loteprednol Etabonate,False,False,False,False,1.0,True,True,0,1,,,,[H]O[C@H]1C[C@@]2(C)[C@]([H])(CC[C@]2(OC(=O)OCC)C(=O)OCCl)[C@]2([H])CCC3=CC(=O)C=C[C@]3(C)[C@@]12[H]
mabuterol_cid3995,,,mabuterol_cid3995.png,high,high,0.9013184134608156,wrong,,Mabuterol,0.644,20,20,wrong,wrong,,False,False,False,False,0.644,False,False,1,1,,,,CC(C)(C)[N]CC(O)c1cc(Cl)c(N)c(C(F)(F)F)c1 |^1:4|
malacidin_a_cid132282518,,,malacidin_a_cid132282518.png,low,low,0.2209822536791416,invalid,,,,,,invalid,invalid,,False,False,False,False,,False,,,,,,,[H]C(CCC(C)C)=C([H])C([H])=C([H])C(=O)N([H])C(C(=O)NC1CN[CH]C(=O)NC(CCCCN)C(=O)NC(C(O)C(=O)O)C(=O)NC(CC(=O)O)C(=O)NCC(=O)NC(C(C)C(=O)O)C(=O)NC(C(C)C)C(=O)(=O)N234C[CH]5(C)(CC2([H])C(=O)NC)CC3([H])(NC54)C(=O)NC1(C)C)C(C)C(=O)O
mangafodipir_trisodium_cid160036,,,mangafodipir_trisodium_cid160036.png,high,high,0.8971219589485105,wrong,,Mangafodipir Trisodium,0.957,48,46,near,near,,False,False,False,False,0.957,False,False,7,7,,[Na+].[Na+].[Na+].[Na+].[Na+],,Cc1ncc(COP(=O)([O-])[O-])c(CN(CCN(CC(=O)[O-])Cc2c(COP(=O)([O-])[O-])cnc(C)c2[O-])CC(=O)[O-])c1[O-].[Na+].[Na+].[Na+].[Na+].[Na+].[Na+]
mannopeptimycin_alpha_cid139585504,,,mannopeptimycin_alpha_cid139585504.png,low,low,0.0002452113060614571,invalid,,,,,,invalid,invalid,,False,False,False,False,,False,,,,,,,[H]NC1=NCC([H])(C(O[H])C(NCC(CC2=CC=C(OC3OC(CO)C(OC4OC(CO)C(O)C(O)C4O)C(O)C3O)C=C2)NC(=O)C([CH]C)NCC([H])=CC(O)=C234[CH]OC(CO)C(O)[CH]5(O)(C2O)[CH](O)(C(CO)O3)C(O)[CH]45O)C(=O)N[CH]C(O)C(O)NC)N1
maytansinol_cid9915934,,,maytansinol_cid9915934.png,low,low,0.6971324021097854,stereo,Maytansinol,Maytansinol,1.0,39,39,stereo,stereo,Maytansinol,False,False,False,False,1.0,True,True,0,1,,,,[H]O[C@H]1CC(=O)N(C)c2cc(cc(OC)c2Cl)C/C(C)=C([H])/C([H])=C(\[H])[C@@H](OC)[C@@]2(O[H])C[C@@]([H])(OC(=O)N2[H])[C@@H](C)[C@]2([H])O[C@@]12C
mefloquine_hydrochloride_cid65329,,,mefloquine_hydrochloride_cid65329.png,high,high,0.8527763812076196,exact,Mefloquine Hydrochloride,Mefloquine Hydrochloride,1.0,27,27,exact,exact,Mefloquine Hydrochloride,False,False,False,False,1.0,True,True,0,2,,,,[H]Cl.[H]O[C@@H](c1cc(C(F)(F)F)nc2c(C(F)(F)F)cccc12)[C@@]1([H])CCCCN1[H]
megazol_cid29698,,,megazol_cid29698.png,high,high,0.8694016931856235,wrong,,Megazol,0.972,15,15,exact,exact,Megazol,False,True,False,False,1.0,False,False,1,2,[H],,,Cn1c([N+](=O)[O-])cnc1-c1nnc(N)s1.[H] |^1:15|
melagatran_cid183797,,,melagatran_cid183797.png,high,high,0.8876959792749367,wrong,,Melagatran,0.982,31,31,exact,exact,Melagatran,False,True,False,False,1.0,False,False,3,4,[H].[H].[H],,,"N=C(N)c1ccc(CNC(=O)[C@@H]2CCN2C(=O)[C@H](NCC(=O)O)C2CCCCC2)cc1.[H].[H].[H] |^1:31,32,33|"
melogliptin_cid11623906,,,melogliptin_cid11623906.png,high,high,0.9021889560641684,exact,Melogliptin,Melogliptin,1.0,23,23,exact,exact,Melogliptin,False,False,False,False,1.0,True,True,0,1,,,,N#C[C@@H]1C[C@H](F)CN1C(=O)CN[C@@H]1CC[C@H](Cn2cncn2)C1
merbromin_cid9853537,,,merbromin_cid9853537.png,high,high,0.8892625098018749,wrong,,Merbromin,0.962,30,31,near,near,,False,False,False,False,0.962,False,False,1,4,[H],[Na+],,O=C([O-])c1ccccc1-c1c2cc(Br)c(=O)cc-2oc2[c]([Hg+])c([O-])c(Br)cc12.[H].[Na+].[Na+] |^1:28|
merotocin_cid76073634,,,merotocin_cid76073634.png,low,low,0.0001746980731260153,invalid,,,,,,invalid,invalid,,False,False,False,False,,False,,,,,,,[H]NC(=O)CNC(=O)C(CC(C)C)NC(=O)CN(CC1=CC=C(F)C=C1)C(=O)CCSCCCCN[CH]C1=O=C23NC4([H])C(CC)C5([H])N2C2[CH]N6CCC7C(CCC6NC23)[SH]2CC(CSC72)NC(=O)(=O)[CH]2(CC(=O)N[H])(CC(=O)N[H])C[CH]NC3[CH]N6C45C([H])(N1)C6(=O)N[CH]31(C3C45C1C31C4367=O=C51(=O=3)(N6)N7)C(=O)(=O)N2
mersacidin_cid70698380,,,mersacidin_cid70698380.png,low,low,1.390253239057047e-06,invalid,,,,,,invalid,invalid,,False,False,False,False,,False,,,,,,,[H]C1C2CCN1(CC(C)C)C2C(=O)NCC(=O)NCC(=O)NCC(=O)NCC(=O)NC(C1=O=C(C2C(=O)NC(CC(C)C)C(=O)NC(=O)[CH][SH]3C45=C3(=C4(=O)NC3C[CH]46(NC=C[SH]7C8C[CH]87(C)NCC(=O)N[CH]CC7=O=C(=O)(NC34[CH]CC)C3489[H][CH]3%10%11(N4)[H]8[CH]9%10(SC2C)N7%11)O=C6(O)O)[H]5)[CH]N1)C(C)C
mersalyl_cid9806195,,,mersalyl_cid9806195.png,high,high,0.8763811827149576,wrong,,Mersalyl,0.698,22,22,wrong,wrong,,False,False,False,False,0.698,False,False,0,3,[H],,,"[H].[H]C([CH2][Hg+])(CNC(=O)c1ccccc1OCC(=O)[O][Na+])OC.[O-] |^1:0,23,20|"
mesna_cid23662354,,,mesna_cid23662354.png,high,high,0.8786068856984212,wrong,,Mesna,0.391,8,8,wrong,wrong,,False,False,False,False,0.391,False,False,0,1,,,,[H]SCCS(=O)(=O)[O][Na+] |8|
metahexamide_cid11259,,,metahexamide_cid11259.png,high,high,0.8896863919823819,wrong,,Metahexamide,0.976,21,21,exact,exact,Metahexamide,False,True,False,False,1.0,False,False,1,2,[H],,,[H].[H]Nc1cc(S(=O)(=O)NC(=O)N([H])C2CCCCC2)ccc1C |^1:0|
methenolone_cid3037705,,,methenolone_cid3037705.png,low,low,0.673011571290297,wrong,,Methenolone,1.0,22,22,exact,exact,Methenolone,False,True,False,False,1.0,False,False,1,2,[H],,,[H].[H][C@@]12CC[C@]3([H])[C@]([H])(CC[C@]4(C)[C@@H](O)CC[C@@]34[H])[C@@]1(C)C(C)=CC(=O)C2 |^1:0|
methicillin_cid6087,,,methicillin_cid6087.png,high,high,0.8775437868778402,exact,Methicillin,Methicillin,1.0,26,26,exact,exact,Methicillin,False,False,False,False,1.0,True,True,0,1,,,,[H]OC(=O)[C@@H]1N2C(=O)[C@@H](NC(=O)c3c(OC)cccc3OC)[C@@]2([H])SC1(C)C
methisazone_cid667492,,,methisazone_cid667492.png,high,high,0.8929492161222309,wrong,,Methisazone,0.971,16,16,stereo,stereo,Methisazone,False,True,False,False,1.0,False,False,1,2,[H],,,[H].[H]NC(=S)/N=N/c1c(O[H])n(C)c2ccccc12 |^1:0|
methohexital_cid9034,,,methohexital_cid9034.png,high,high,0.8729584124339164,exact,Methohexital,Methohexital,1.0,19,19,exact,exact,Methohexital,False,False,False,False,1.0,True,True,0,1,,,,C=CCC1(C(C)C#CCC)C(=O)NC(=O)N(C)C1=O
metrizoic_acid_cid2528,,,metrizoic_acid_cid2528.png,high,high,0.9070333271918497,wrong,,Metrizoic Acid,0.97,21,21,exact,exact,Metrizoic Acid,False,True,False,False,1.0,False,False,1,2,[H],,,CC(=O)Nc1c(I)c(C(=O)O)c(I)c(N(C)C(C)=O)c1I.[H] |^1:21|
milataxel_cid6918589,,,milataxel_cid6918589.png,low,low,0.413051740152373,exact,Milataxel,Milataxel,1.0,61,61,exact,exact,Milataxel,False,False,False,False,1.0,True,True,0,1,,,,[H]N(C(=O)OC(C)(C)C)[C@@H](c1ccco1)[C@@H](O)C(=O)O[C@H]1C[C@@]2(O)[C@@H](OC(=O)c3ccccc3)[C@]3([H])[C@]4(OC(C)=O)CO[C@]4([H])C[C@H](OC(=O)CC)[C@@]3(C)C(=O)[C@H](O)C(=C1C)C2(C)C
mirogabalin_cid59509752,,,mirogabalin_cid59509752.png,high,high,0.8502587295048376,exact,Mirogabalin,Mirogabalin,1.0,15,15,exact,exact,Mirogabalin,False,False,False,False,1.0,True,True,0,1,,,,[H]NC[C@]1(CC(=O)O[H])C[C@@]2([H])CC(CC)=C[C@]21[H]
mitoxantrone_cid4212,,,mitoxantrone_cid4212.png,low,low,0.04779690829161098,invalid,,,,,,invalid,invalid,,False,False,False,False,,False,,,,,,,[H]N(CCO)CCNC1=C234=C(NCCN([H])CCO)C=CC5(NCCNCCO)=C26C2(=O=C6(=O)C6=C(O)C=C7=CC(O)=C2C6(=C7O)C3=O)C4=C(C=C1)N5CCNCCO
mm_47761_cid195570,,,mm_47761_cid195570.png,low,low,9.995735199109118e-07,invalid,,,,,,invalid,invalid,,False,False,False,False,,False,,,,,,,[H]C1([H])(N)C2C3OC4C56NCC(CC=CCO)NC7(=O)C8NC9=O=C%10%11NC7%12C7%13(=CCOCC=CC%14%15=C%16=C%17(C=CC(Cl)=C%16Cl)C%14(O)C%14%16NC%18%19(=O)=O=C(NC(C%20=O=C%14NC9%10C(C(N)=O)C%11N%20)C%16%15%17O)(C%18(CC(C)C)NC)C%19(CC(C)C)NC)C9=C(OCC=CC(=O)C5(OC2OC2CC(C)(O3)C21O)C4(NC(=O)O)C6(=O)NC1(C(=O)O)=C2=C1C=CC=C2O)C7=C98%12%13
moclobemide_cid4235,,,moclobemide_cid4235.png,high,high,0.9212340903650051,exact,Moclobemide,Moclobemide,1.0,18,18,exact,exact,Moclobemide,False,False,False,False,1.0,True,True,0,1,,,,O=C(NCCN1CCOCC1)c1ccc(Cl)cc1
moexipril_cid91270,,,moexipril_cid91270.png,low,low,0.5595877191359676,exact,Moexipril,Moexipril,1.0,36,36,exact,exact,Moexipril,False,False,False,False,1.0,True,True,0,1,,,,CCOC(=O)[C@H](CCc1ccccc1)N[C@@H](C)C(=O)N1Cc2cc(OC)c(OC)cc2C[C@H]1C(=O)O
molindone_cid23897,,,molindone_cid23897.png,high,high,0.9098795452159638,exact,Molindone,Molindone,1.0,20,20,exact,exact,Molindone,False,False,False,False,1.0,True,True,0,1,,,,[H]n1c(C)c(CC)c2c1CCC(CN1CCOCC1)C2=O
monobenzone_cid7638,,,monobenzone_cid7638.png,high,high,0.9084834301224622,exact,Monobenzone,Monobenzone,1.0,15,15,exact,exact,Monobenzone,False,False,False,False,1.0,True,True,0,1,,,,Oc1ccc(OCc2ccccc2)cc1
monomethyl_fumarate_cid5369209,,,monomethyl_fumarate_cid5369209.png,high,high,0.9076167611431789,wrong,,Monomethyl Fumarate,0.565,9,9,charge,charge,Monomethyl Fumarate,False,True,False,False,0.591,False,False,0,2,[H],,,[H].[H]/C(C(=O)[O-])=C(/[H])C(=O)OC |^1:0|
monomethylauristatin_e_cid11542188,,,monomethylauristatin_e_cid11542188.png,low,low,0.4639094674317272,stereo,Monomethylauristatin E,Monomethylauristatin E,1.0,51,51,stereo,stereo,Monomethylauristatin E,False,False,False,False,1.0,True,True,0,1,,,,[H][C@]1([C@H](OC)[C@@H](C)C(=O)N[C@H](C)[C@@H](O)c2ccccc2)CCCN1C(=O)C[C@@H](OC)[C@H]([C@@H](C)CC)N(C)C(=O)[C@@H](NC(=O)[C@@H](NC)C(C)C)C(C)C
mosliciguat_cid154572869,,,mosliciguat_cid154572869.png,high,high,0.8982364842907441,exact,Mosliciguat,Mosliciguat,1.0,52,52,exact,exact,Mosliciguat,False,False,False,False,1.0,True,True,0,1,,,,O=C(O)c1ccc(CCN(CCc2ccccc2OCc2ccc(-c3ccc(C(F)(F)F)cc3)cc2Cl)[C@H]2CCCc3nc(C(=O)O)ccc32)cc1
mosnodenvir_cid133083036,,,mosnodenvir_cid133083036.png,high,high,0.9087550664042856,exact,Mosnodenvir,Mosnodenvir,1.0,39,39,exact,exact,Mosnodenvir,False,False,False,False,1.0,True,True,0,1,,,,COc1cc(N[C@H](C(=O)c2c[nH]c3ccc(OC(F)(F)F)cc23)c2ccc(Cl)cc2OC)cc(S(C)(=O)=O)c1
moxalactam_cid47499,,,moxalactam_cid47499.png,high,high,0.8536546966773803,wrong,,Moxalactam,0.648,37,36,wrong,wrong,,False,False,False,False,0.648,False,False,3,3,[HH].[H],,,[HH].[H].[H]C(C(=O)O)(C(=O)N[C@]1(OC)C(=O)N2C(C(=O)O)=C(CSc3nnnn3C)CO[C@@]21[Fl])c1ccc(O)cc1 |^1:1|
mulundocandin_cid121225706,,,mulundocandin_cid121225706.png,low,low,8.901900369452439e-07,invalid,,,,,,invalid,invalid,,False,False,False,False,,False,,,,,,,[H]OC1C(O)NC(=O)C2([H])C(O)C(C)CN2C(=O)C(CO)N234C5(=O)=O=C267(NC2=CC=C(O)C=C2)N28[CH]3(O)C(=O)C23(O)C5629%10[H]C37(O)(CCCCCCCCCCC(C)CC)(N2)(C9(=O)C(=O)[CH]23C567(O[H])N[CH]59(C(C)O[H])C265([H])C1C3975[H])C%101(O)OC1[CH]84CO
muraglitazar_cid206044,,,muraglitazar_cid206044.png,high,high,0.9008488152536113,exact,Muraglitazar,Muraglitazar,1.0,38,38,exact,exact,Muraglitazar,False,False,False,False,1.0,True,True,0,1,,,,COc1ccc(OC(=O)N(CC(=O)O)Cc2ccc(OCCc3nc(-c4ccccc4)oc3C)cc2)cc1
mycophenolic_acid_cid446541,,,mycophenolic_acid_cid446541.png,high,high,0.9035055431533937,exact,Mycophenolic Acid,Mycophenolic Acid,1.0,23,23,exact,exact,Mycophenolic Acid,False,False,False,False,1.0,True,True,0,1,,,,[H]/C(Cc1c(O)c2c(c(C)c1OC)COC2=O)=C(/C)CCC(=O)O
n2_1s_1_4_fluorophenyl_ethyl_4_1_methyl_1h_pyrazol_4_yl_n6_2_cid46866319,,,n2_1s_1_4_fluorophenyl_ethyl_4_1_methyl_1h_pyrazol_4_yl_n6_2_cid46866319.png,low,low,0.7841875006625695,exact,"N2-((1S)-1-(4-Fluorophenyl)ethyl)-4-(1-methyl-1H-pyrazol-4-yl)-N6-2-pyrazinyl-2,6-pyridinediamine","N2-((1S)-1-(4-Fluorophenyl)ethyl)-4-(1-methyl-1H-pyrazol-4-yl)-N6-2-pyrazinyl-2,6-pyridinediamine",1.0,29,29,exact,exact,"N2-((1S)-1-(4-Fluorophenyl)ethyl)-4-(1-methyl-1H-pyrazol-4-yl)-N6-2-pyrazinyl-2,6-pyridinediamine",False,False,False,False,1.0,True,True,0,1,,,,[H]N(c1cnccn1)c1cc(-c2cnn(C)c2)cc(N[C@@H](C)c2ccc(F)cc2)n1
n_1_8_3_methyl_4_1_methyl_1h_benzo_d_imidazol_5_yl_oxy_pheny_cid160283094,,,n_1_8_3_methyl_4_1_methyl_1h_benzo_d_imidazol_5_yl_oxy_pheny_cid160283094.png,high,high,0.9010847844544356,exact,"N-(1-(8-((3-methyl-4-((1-methyl-1H-benzo(d)imidazol-5-yl)oxy)phenyl)amino)pyrimido(5,4-d)pyrimidin-2-yl)piperidin-4-yl)acrylamide","N-(1-(8-((3-methyl-4-((1-methyl-1H-benzo(d)imidazol-5-yl)oxy)phenyl)amino)pyrimido(5,4-d)pyrimidin-2-yl)piperidin-4-yl)acrylamide",1.0,40,40,exact,exact,"N-(1-(8-((3-methyl-4-((1-methyl-1H-benzo(d)imidazol-5-yl)oxy)phenyl)amino)pyrimido(5,4-d)pyrimidin-2-yl)piperidin-4-yl)acrylamide",False,False,False,False,1.0,True,True,0,1,,,,C=CC(=O)NC1CCN(c2ncc3ncnc(Nc4ccc(Oc5ccc6c(c5)ncn6C)c(C)c4)c3n2)CC1
n_5_aminosulfonyl_4_methyl_1_3_thiazol_2_yl_n_methyl_2_4_2_p_cid491941,,,n_5_aminosulfonyl_4_methyl_1_3_thiazol_2_yl_n_methyl_2_4_2_p_cid491941.png,high,high,0.9031777552225321,exact,"N-(5-(Aminosulfonyl)-4-methyl-1,3-thiazol-2-yl)-N-methyl-2-(4-(2-pyridinyl)phenyl)acetamide","N-(5-(Aminosulfonyl)-4-methyl-1,3-thiazol-2-yl)-N-methyl-2-(4-(2-pyridinyl)phenyl)acetamide",1.0,27,27,exact,exact,"N-(5-(Aminosulfonyl)-4-methyl-1,3-thiazol-2-yl)-N-methyl-2-(4-(2-pyridinyl)phenyl)acetamide",False,False,False,False,1.0,True,True,0,1,,,,[H]NS(=O)(=O)c1sc(N(C)C(=O)Cc2ccc(-c3ccccn3)cc2)nc1C
n_acetylcysteine_amide_cid10176265,,,n_acetylcysteine_amide_cid10176265.png,high,high,0.9008030955503555,exact,N-Acetylcysteine amide,N-Acetylcysteine amide,1.0,10,10,exact,exact,N-Acetylcysteine amide,False,False,False,False,1.0,True,True,0,1,,,,[H]NC(=O)[C@H](CS[H])NC(C)=O
nabilone_cid5284592,,,nabilone_cid5284592.png,low,low,0.641208677332012,stereo,Nabilone,Nabilone,1.0,27,27,stereo,stereo,Nabilone,False,False,False,False,1.0,True,True,0,1,,,,[H][C@@]12CCC(=O)C[C@]1([H])c1c(O)cc(C(C)(C)CCCCCC)cc1OC2(C)C
naftifine_cid47641,,,naftifine_cid47641.png,high,high,0.9120374126839856,exact,Naftifine,Naftifine,1.0,22,22,exact,exact,Naftifine,False,False,False,False,1.0,True,True,0,1,,,,[H]/C(CN(C)Cc1cccc2ccccc12)=C(/[H])c1ccccc1
nalbuphine_cid5311304,,,nalbuphine_cid5311304.png,low,low,0.2253891128254843,invalid,,,,,,invalid,invalid,,False,False,False,False,,False,,,,,,,[H]OC1CCC2(O[H])C34C5=C(C=CC(O)=C5OC13[H])CC21([H])C4CN1CC1CCC1
naloxegol_oxalate_cid56959086,,,naloxegol_oxalate_cid56959086.png,low,low,4.060351400293997e-05,invalid,,,,,,invalid,invalid,,False,False,False,False,,False,,,,,,,[H]C1234OC567=C8C=C9=C%10%11%12C=CC=5(O)=C85O6C168([H])C21%13CC%102%14C9(=C51%117)C2%121C(C%13(O)CC2[CH]36(OCCOCCOCCOCCOCCOCCOCCOC)[CH]248OCCOCCOCCOCCOCCOCCOCCOC)N%141CC=C
narasin_cid65452,,,narasin_cid65452.png,low,low,0.2353118211447869,invalid,,,,,,invalid,invalid,,False,False,False,False,,False,,,,,,,[H].[H]C1(C(CC)C(=O)C(C)C(O)C(C)C23([H])OC([H])(C(CC)C(=O)O)(O2)C(C)CC3C)OC2(C=CC(O)C3(CCC(C)(C4([H])CCC(O)(CC)C(C)O4)O3)O2)C(C)CC1C
navtemadlin_cid58573469,,,navtemadlin_cid58573469.png,high,high,0.899781604830598,exact,Navtemadlin,Navtemadlin,1.0,37,37,exact,exact,Navtemadlin,False,False,False,False,1.0,True,True,0,1,,,,CC(C)[C@@H](CS(=O)(=O)C(C)C)N1C(=O)[C@@](C)(CC(=O)O)C[C@H](c2cccc(Cl)c2)[C@H]1c1ccc(Cl)cc1
neoarsphenamine_cid76961391,,,neoarsphenamine_cid76961391.png,high,high,0.8711239673374187,wrong,,Neoarsphenamine,0.667,23,23,wrong,wrong,,False,False,False,False,0.667,False,False,5,5,[HH].[H].[H].[H],,,"Nc1cc(/[As]=[As]/c2ccc(O)c(NCOS[O-][Na+])c2)ccc1O.[HH].[H].[H].[H] |^1:24,25,26,17,C:16.16|"
neramexane_cid6433106,,,neramexane_cid6433106.png,high,high,0.8645321596551256,exact,Neramexane,Neramexane,1.0,12,12,exact,exact,Neramexane,False,False,False,False,1.0,True,True,0,1,,,,[H]NC1(C)CC(C)(C)CC(C)(C)C1
neticonazole_cid5282433,,,neticonazole_cid5282433.png,high,high,0.9112586070917627,exact,Neticonazole,Neticonazole,1.0,21,21,exact,exact,Neticonazole,False,False,False,False,1.0,True,True,0,1,,,,[H]/C(SC)=C(/c1ccccc1OCCCCC)n1ccnc1
niclosamide_cid4477,,,niclosamide_cid4477.png,high,high,0.9145223371955317,wrong,,Niclosamide,0.975,21,21,exact,exact,Niclosamide,False,True,False,False,1.0,False,False,1,2,[H],,,O=C(Nc1ccc([N+](=O)[O-])cc1Cl)c1cc(Cl)ccc1O.[H] |^1:21|
nicorandil_cid47528,,,nicorandil_cid47528.png,high,high,0.9108334035081025,exact,Nicorandil,Nicorandil,1.0,15,15,exact,exact,Nicorandil,False,False,False,False,1.0,True,True,0,1,,,,O=C(NCCO[N+](=O)[O-])c1cccnc1
nikkomycin_x_cid194647,,,nikkomycin_x_cid194647.png,low,low,0.3435265709374924,stereo,Nikkomycin X,Nikkomycin X,1.0,35,35,stereo,stereo,Nikkomycin X,False,False,False,False,1.0,True,True,0,1,,,,[H]NC(C(=O)N[C@]([H])(C(=O)O)C1OC(n2cc(C([H])=O)[nH]c2=O)C(O[H])C1O)C(C)C(O)c1ccc(O)cn1
niludipine_cid89767,,,niludipine_cid89767.png,high,high,0.9054228415803124,wrong,,Niludipine,0.863,35,35,near,near,,False,False,False,False,0.863,False,False,0,1,,,,CCCOCCOC(=O)C1=C(C)NC(C)=C(C(=O)OCCOCCC)C1c1cccc([N+]([O-])[O-])c1 |^1:31|
nintedanib_esylate_cid135476717,,,nintedanib_esylate_cid135476717.png,high,high,0.8746802840587521,wrong,,Nintedanib esylate,0.848,46,46,near,near,,False,True,False,False,0.859,False,False,4,4,[H].[H],,,"CC[SH](=O)(O)O.[H].[H].[H]n1c(O)c(/C(=N/c2ccc(N(C)C(=O)CN3CCN(C)CC3)cc2)c2ccccc2)c2ccc(C(=O)OC)cc21 |^1:6,7|"
nisoldipine_cid4499,,,nisoldipine_cid4499.png,high,high,0.9085239557408534,exact,Nisoldipine,Nisoldipine,1.0,28,28,exact,exact,Nisoldipine,False,False,False,False,1.0,True,True,0,1,,,,[H]N1C(C)=C(C(=O)OC)C(c2ccccc2[N+](=O)[O-])C(C(=O)OCC(C)C)=C1C
nitarsone_cid66826,,,nitarsone_cid66826.png,high,high,0.8879310466394061,wrong,,Nitarsone,0.957,13,13,exact,exact,Nitarsone,False,True,False,False,1.0,False,False,1,2,[H],,,O=[N+]([O-])c1ccc([As](=O)(O)O)cc1.[H] |^1:13|
nitric_oxide_cid145068,,,nitric_oxide_cid145068.png,high,high,0.8645733601279879,wrong,,Nitric Oxide,0.2,2,2,wrong,wrong,,False,False,False,False,0.2,False,False,1,1,,,,N=O
nogalamycin_cid5289019,,,nogalamycin_cid5289019.png,low,low,0.15984829795863,invalid,,,,,,invalid,invalid,,False,False,False,False,,False,,,,,,,[H]OC1=C2C(=CC3=C1C(=O)C(=C(O)C=CC14(C)OC1([H])C(O[H])C(N(C)C)C4O)CC3=O)C(C(=O)OC)C(C)(O)CC2OC1OC(C)C(OC)C(C)(OC)C1OC
norethandrolone_cid5858,,,norethandrolone_cid5858.png,low,low,0.8388093103968062,stereo,Norethandrolone,Norethandrolone,1.0,22,22,stereo,stereo,Norethandrolone,False,False,False,False,1.0,True,True,0,1,,,,[H][C@@]12CCC3=CC(=O)CC[C@@]3([H])[C@@]1([H])CC[C@]1(C)[C@](O)(CC)CC[C@@]21[H]
norucholic_acid_cid192254,,,norucholic_acid_cid192254.png,low,low,0.5114091185190451,stereo,Norucholic Acid,Norucholic Acid,1.0,27,27,stereo,stereo,Norucholic Acid,False,False,False,False,1.0,True,True,0,1,,,,[H]O[C@H]1C[C@]2([H])C[C@H](O)CC[C@]2(C)[C@@]2([H])CC[C@@]3(C)[C@@]([H])(CC[C@]3([H])[C@H](C)CC(=O)O)[C@@]12[H]
nosiheptide_cid16130051,,,nosiheptide_cid16130051.png,low,low,3.956921001425663e-17,invalid,,,,,,invalid,invalid,,False,False,False,False,,False,,,,,,,[H]NC1=C2=C345(=C1)=O=C1(=C67=C89%10%11=C%12%13%14=C6=C(=O)N%12C=8%136%12%15=C8%13%16%17%18=C%19=C8%20%21(=C8C%22(=C1)C=7=9=%20=%136N%14%12C=%21=%168%19%22%15N%10)=C=%17=C%18SCC16=NC7=NCC(NC(=O)NCNC([H])C)=C8(=C(=CC)C(C)=CNC1=CC6(NC=CC1=CC=1)=C(C)NC7=O)=C(=C3)(=C4C28N([H])C(C(=O)O)=C(O)C1(N[H])=CO1C(C)=O)C=C%11)O5
novolimus_cid9854320,,,novolimus_cid9854320.png,low,low,0.0001943511705780206,invalid,,,,,,invalid,invalid,,False,False,False,False,,False,,,,,,,[H]C1COC2([H])CC(=O)C(C)C(OC)=C(C)C(O)[CH]C[CH]CC(C)C(OC)=C(O)C([H])=C=CC[CH]34CC(OC)=C(O)C([H])=C([H])C([H])=C(C)C(O)CC56([H])CC[CH]78C[CH]9(C)C%10%11OC97%12%13%14(OC8%12(O)(O5)(C%13(=O)C(=O)N5CCCCC5([H])C(=O)OC([H])(C(C)C3)[CH]2(C)C4)O%106%14)C%11CN1
octapeptin_cid3084738,,,octapeptin_cid3084738.png,low,low,0.07446889251516929,invalid,,,,,,invalid,invalid,,False,False,False,False,,False,,,,,,,[H][CH]NC(=O)CCNC[CH]NC(=O)C(CCN)NC(=O)C(CCN)NC(=O)(=O)C(CC(C)C)NC(=O)(=O)[CH]1(NC(=O)C(CCN)NC2(=O)=O=C(NC3C4C56NC4(N5)C36)C(CCN[H])NC3=O=C(=O)(NC2CCN[H])C3NC(=O)CC(O)CCCCC(C)CC)C2C3456CC2(C3)(C4)(C5)C16
olinciguat_cid90445883,,,olinciguat_cid90445883.png,high,high,0.8867965930051046,exact,Olinciguat,Olinciguat,1.0,36,36,exact,exact,Olinciguat,False,False,False,False,1.0,True,True,0,1,,,,[H]NC(=O)[C@](O)(CNc1nc(-c2cc(-c3ccon3)n(Cc3ccccc3F)n2)ncc1F)C(F)(F)F
olorigliflozin_cid122660464,,,olorigliflozin_cid122660464.png,low,low,0.8132173508933853,wrong,,Olorigliflozin,1.0,31,31,exact,exact,Olorigliflozin,False,True,False,False,1.0,False,False,3,4,[H].[H].[H],,,"CCOc1ccc(Cc2cc([C@]34OC[C@]([C@@H](C)O)(O3)[C@@H](O)[C@H](O)[C@H]4O)ccc2Cl)cc1.[H].[H].[H] |^1:31,32,33|"
ontazolast_cid71458,,,ontazolast_cid71458.png,high,high,0.9063503156655633,exact,Ontazolast,Ontazolast,1.0,25,25,exact,exact,Ontazolast,False,False,False,False,1.0,True,True,0,1,,,,Cc1ccc2oc(N[C@@H](CC3CCCCC3)c3ccccn3)nc2c1
ormaplatin_cid6434704,,,ormaplatin_cid6434704.png,low,low,0.6609392996310396,wrong,,Ormaplatin,0.2,12,13,wrong,wrong,,False,False,False,False,0.2,False,False,2,1,,,,[H][N]1[C@]2([H])CCCC[C@@]2([H])[N]([H])([H])[Pt+]1([Cl])([Cl])[Cl] |C:10.13|
otamixaban_cid5496659,,,otamixaban_cid5496659.png,high,high,0.8595357356619024,wrong,,Otamixaban,0.965,33,33,exact,exact,Otamixaban,False,True,False,False,1.0,False,False,3,3,[HH].[H],,,COC(=O)[C@H](Cc1cccc(C(=N)N)c1)[C@@H](C)NC(=O)c1ccc(-c2cc[n+]([O-])cc2)cc1.[HH].[H] |^1:34|
otilonium_bromide_cid72092,,,otilonium_bromide_cid72092.png,high,high,0.9069905799176662,exact,Otilonium Bromide,Otilonium Bromide,1.0,36,36,exact,exact,Otilonium Bromide,False,False,False,False,1.0,True,True,0,2,,,,CCCCCCCCOc1ccccc1C(=O)Nc1ccc(C(=O)OCC[N+](C)(CC)CC)cc1.[Br-]
oxacillin_cid6196,,,oxacillin_cid6196.png,high,high,0.9075091707236965,exact,Oxacillin,Oxacillin,1.0,28,28,exact,exact,Oxacillin,False,False,False,False,1.0,True,True,0,1,,,,[H]OC(=O)[C@@H]1N2C(=O)[C@@H](NC(=O)c3c(-c4ccccc4)noc3C)[C@@]2([H])SC1(C)C
pamiparib_cid135565554,,,pamiparib_cid135565554.png,high,high,0.8873977476913303,exact,Pamiparib,Pamiparib,1.0,22,22,exact,exact,Pamiparib,False,False,False,False,1.0,True,True,0,1,,,,C[C@]12CCCN1CC1=NNC(=O)c3cc(F)cc4[nH]c2c1c34
pancuronium_bromide_cid27350,,,pancuronium_bromide_cid27350.png,low,low,0.8108461365232004,stereo,Pancuronium Bromide,Pancuronium Bromide,1.0,43,43,stereo,stereo,Pancuronium Bromide,False,False,False,False,1.0,True,True,0,3,,[Br-],,[Br-].[Br-].[H][C@@]12CC[C@@]3([H])[C@]([H])(CC[C@]4(C)[C@@H](OC(C)=O)[C@@]([H])([N+]5(C)CCCCC5)C[C@@]34[H])[C@@]1(C)C[C@]([H])([N+]1(C)CCCCC1)[C@@H](OC(C)=O)C2
pazufloxacin_cid65957,,,pazufloxacin_cid65957.png,high,high,0.8841802123945386,wrong,,Pazufloxacin,0.962,23,23,exact,exact,Pazufloxacin,False,True,False,False,1.0,False,False,5,4,[HH].[HH].[H],,,C[C@H]1COc2c(C3(N)CC3)c(F)cc3c(=O)c(C(=O)O)cn1c23.[HH].[HH].[H] |^1:25|
pelabresib_cid118591411,,,pelabresib_cid118591411.png,high,high,0.8883255619864798,wrong,,Pelabresib,0.98,27,27,exact,exact,Pelabresib,False,True,False,False,1.0,False,False,1,3,[H],,,O.[H].[H]NC(=O)C[C@@H]1N=C(c2ccc(Cl)cc2)c2ccccc2-c2c(C)noc21 |^1:1|
penbutolol_cid37464,,,penbutolol_cid37464.png,high,high,0.9114989242890927,wrong,,Penbutolol,0.976,21,21,exact,exact,Penbutolol,False,True,False,False,1.0,False,False,1,2,[H],,,CC(C)(C)NC[C@H](O)COc1ccccc1C1CCCC1.[H] |^1:21|
penicillin_v_cid6869,,,penicillin_v_cid6869.png,high,high,0.8894836255746736,exact,Penicillin V,Penicillin V,1.0,24,24,exact,exact,Penicillin V,False,False,False,False,1.0,True,True,0,1,,,,[H]OC(=O)[C@@H]1N2C(=O)[C@@H](N([H])C(=O)COc3ccccc3)[C@@]2([H])SC1(C)C
pentamidine_isethionate_cid8813,,,pentamidine_isethionate_cid8813.png,low,low,0.3797819406003893,wrong,,Pentamidine Isethionate,0.5,46,39,wrong,wrong,,False,False,False,False,0.5,False,False,15,3,,,,O=[SH](O)(O)C1(CO)C(O)CS1(=O)(O)O.OCCS(O)(O)O.[H]/N=C(\N)c1ccc(OCCCCCOc2ccc(C(=N)N)cc2)cc1
peplomycin_cid6852373,,,peplomycin_cid6852373.png,low,low,1.085419217518914e-05,invalid,,,,,,invalid,invalid,,False,False,False,False,,False,,,,,,,CC(=O)NC(C(=O)C1C[CH](C)(C(O)C(=O)NC(C(=O)NCCC2=NC(C3=NC(C(=O)NCCCNC4(C)C56=C78=C49%10=C=54C75=C7=C84=C=5C(=C69)=C%10=C7)=CS3)=CS2)C(C)O)N1)C(OC1OC(CO)C(O)C(O)C1O[CH]1(CO)[CH]2(O)[CH]3(O)C(OC(N)=O)[CH]132O)C1=CN=CN1
perfluoropropane_cid6432,,,perfluoropropane_cid6432.png,low,low,0.7126493386981541,exact,Perfluoropropane,Perfluoropropane,1.0,11,11,exact,exact,Perfluoropropane,False,False,False,False,1.0,True,True,0,1,,,,FC(F)(F)C(F)(F)C(F)(F)F
pevonedistat_cid16720766,,,pevonedistat_cid16720766.png,high,high,0.872290832365531,wrong,,Pevonedistat,1.0,31,31,exact,exact,Pevonedistat,False,True,False,False,1.0,False,False,3,4,[H].[H].[H],,,"NS(=O)(=O)OC[C@@H]1C[C@@H](n2ccc3c(N[C@H]4CCc5ccccc54)ncnc32)C[C@@H]1O.[H].[H].[H] |^1:31,32,33|"
pexidartinib_cid25151352,,,pexidartinib_cid25151352.png,high,high,0.9092398508094698,exact,Pexidartinib,Pexidartinib,1.0,29,29,exact,exact,Pexidartinib,False,False,False,False,1.0,True,True,0,1,,,,FC(F)(F)c1ccc(CNc2ccc(Cc3c[nH]c4ncc(Cl)cc34)cn2)cn1
pexiganan_cid16132253,,,pexiganan_cid16132253.png,low,low,1.693323206031957e-38,wrong,,Pexiganan,0.038,80,176,wrong,wrong,,False,False,False,False,0.038,False,False,182,3,,,,CCCCCC1CC1C1CC1C1CC1CC1CC1CC1CC1CCC.CCCCCCCCCC1CC1C1C2C(CC3CC3C3C4C(CCC)C34)C12.CCCCCCCCCCC1CC12C1C3C(CC4C5C46C47C8C(CC)C84C567)C312
phenazopyridine_hydrochloride_cid8691,,,phenazopyridine_hydrochloride_cid8691.png,high,high,0.9019869947786173,wrong,,Phenazopyridine hydrochloride,0.964,17,17,stereo,stereo,Phenazopyridine hydrochloride,False,True,False,False,1.0,False,False,1,3,[H],,,[H].[H]Cl.[H]Nc1ccc(/N=N/c2ccccc2)c(N[H])n1 |^1:0|
pheniramine_cid4761,,,pheniramine_cid4761.png,high,high,0.902233177650162,exact,Pheniramine,Pheniramine,1.0,18,18,exact,exact,Pheniramine,False,False,False,False,1.0,True,True,0,1,,,,CN(C)CCC(c1ccccc1)c1ccccn1
phenoxyethanol_cid31236,,,phenoxyethanol_cid31236.png,high,high,0.9031717565684648,exact,Phenoxyethanol,Phenoxyethanol,1.0,10,10,exact,exact,Phenoxyethanol,False,False,False,False,1.0,True,True,0,1,,,,[H]OCCOc1ccccc1
phenylmercuric_nitrate_cid16682924,,,phenylmercuric_nitrate_cid16682924.png,low,low,0.6803554371742553,wrong,,Phenylmercuric Nitrate,0.607,12,11,wrong,wrong,,False,False,False,False,0.607,False,False,2,2,,,,O=[N+](O)[O][Hg][c]1ccccc1.[O-] |^1:11|
pidotimod_cid65944,,,pidotimod_cid65944.png,high,high,0.8788361120100235,exact,Pidotimod,Pidotimod,1.0,16,16,exact,exact,Pidotimod,False,False,False,False,1.0,True,True,0,1,,,,[H]N1C(=O)CC[C@H]1C(=O)N1CSC[C@H]1C(=O)O
pimodivir_cid67286591,,,pimodivir_cid67286591.png,low,low,0.6422560137606489,wrong,,Pimodivir,0.662,30,29,wrong,wrong,,False,False,False,False,0.662,False,False,1,1,,,,O=C(O)[C@H]1C2CCC3CCC32[C@@H]1Nc1nc(-c2c[nH]c3ncc(F)cc23)ncc1F
piperaquine_cid122262,,,piperaquine_cid122262.png,high,high,0.8992453019797101,exact,Piperaquine,Piperaquine,1.0,37,37,exact,exact,Piperaquine,False,False,False,False,1.0,True,True,0,1,,,,Clc1ccc2c(N3CCN(CCCN4CCN(c5ccnc6cc(Cl)ccc56)CC4)CC3)ccnc2c1
pirarubicin_cid11296583,,,pirarubicin_cid11296583.png,high,high,0.8580863102122169,exact,Pirarubicin,Pirarubicin,1.0,45,45,exact,exact,Pirarubicin,False,False,False,False,1.0,True,True,0,1,,,,[H]N([H])[C@H]1C[C@H](O[C@H]2C[C@](O)(C(=O)CO)Cc3c(O)c4c(c(O)c32)C(=O)c2c(OC)cccc2C4=O)O[C@@H](C)[C@H]1O[C@@H]1CCCCO1
piroctone_olamine_cid50258,,,piroctone_olamine_cid50258.png,high,high,0.873693187935403,wrong,,Piroctone Olamine,0.975,21,21,exact,exact,Piroctone Olamine,False,True,False,False,1.0,False,False,3,5,[H].[H].[H],,,"Cc1cc(CC(C)CC(C)(C)C)n(O)c(=O)c1.NCCO.[H].[H].[H] |^1:21,22,23|"
planosporicin_cid139586698,,,planosporicin_cid139586698.png,low,low,1.31554771230778e-12,invalid,,,,,,invalid,invalid,,False,False,False,False,,False,,,,,,,CC(C)=CNC123(=O)=O=C145N21C267=C(N=C8C9%10=C8%11=C92C2=CC=CC=C2N%10%11)C6(=O)N7C1426(=O)=O=C532N6.O.O.O.[H]C1(C=CC2N3C45=O6=C234C2(=O=C(N)C3=C4(NC=3=678(=CC3(=CC6=C2O6)OC3=O)=O=C7N8)C2=C3=C24=C3NC2=O=C2N2C3=O=C32NC(=O)[CH]NCC(=O)C(O)C(=O)NC2(=O)=O=C3NC4C[CH]3(CC)(C4C)C2O)N5)[H]C1([H])([H])C
plinabulin_cid9949641,,,plinabulin_cid9949641.png,high,high,0.8838059273092783,wrong,,Plinabulin,0.974,25,25,exact,exact,Plinabulin,False,True,False,False,1.0,False,False,4,3,[HH].[HH],,,[HH].[HH].[H]/C(c1ccccc1)=c1/[nH]c(=O)/c(=C(\[H])c2nc[nH]c2C(C)(C)C)[nH]c1=O
plocabulin_cid57788271,,,plocabulin_cid57788271.png,low,low,0.4694048433989517,stereo,Plocabulin,Plocabulin,1.0,41,41,stereo,stereo,Plocabulin,False,False,False,False,1.0,True,True,0,1,,,,[H]NC(=O)O[C@@H](C/C=C(/[H])C)C/C([H])=C(/[H])NC(=O)[C@@H](NC(=O)/C=C([H])\C=C([H])/C(C)=C(\[H])[C@H](C)[C@@]1([H])CC=C(OC)C(=O)O1)C(C)(C)C
pneumocandin_b_0_cid16119739,,,pneumocandin_b_0_cid16119739.png,low,low,7.111642586155386e-08,invalid,,,,,,invalid,invalid,,False,False,False,False,,False,,,,,,,[H]C1(C(=O)NC2C(O)C345[CH]2(O)C2[CH]3(O)[CH]243NC(=O)(=O)(CCCCCCCCC(C)CC(C)CC)=O=C(N[CH]OC2OC4(CC(C)(O)(O)O4)O2)[CH]53O)N(C(=O)C(NC(=O)[CH]2(C(O)C(O)C3=CC=C(O)C=C3)N[CH]OC(O)C(O)CC(O)(O)CC2O)C(O)CC(N)=O)CCC1(C)O
pnu_159682_cid9874188,,,pnu_159682_cid9874188.png,low,low,0.7373314745202888,exact,Pnu-159682,Pnu-159682,1.0,46,46,exact,exact,Pnu-159682,False,False,False,False,1.0,True,True,0,1,,,,[H][C@]12O[C@]3([H])[C@H](C)O[C@@H](O[C@H]4C[C@](O)(C(=O)CO)Cc5c(O)c6c(c(O)c54)C(=O)c4c(OC)cccc4C6=O)C[C@]3([H])N1CCO[C@@H]2OC
potassium_permanganate_cid516875,,,potassium_permanganate_cid516875.png,low,low,0.769150631341721,invalid,,,,,,invalid,invalid,,False,False,False,False,,False,,,,,,,[O]=[In](=[O])(=[O])[O][K+]
povorcitinib_cid86280672,,,povorcitinib_cid86280672.png,high,high,0.8953339586925273,exact,Povorcitinib,Povorcitinib,1.0,36,36,exact,exact,Povorcitinib,False,False,False,False,1.0,True,True,0,1,,,,[H]n1nc(C)c(-c2cnn(C3(CC#N)CN(c4cc(F)c(C(=O)N[C@@H](C)C(F)(F)F)cc4F)C3)c2)c1C
practolol_cid4883,,,practolol_cid4883.png,high,high,0.9066184700058865,exact,Practolol,Practolol,1.0,19,19,exact,exact,Practolol,False,False,False,False,1.0,True,True,0,1,,,,CC(=O)Nc1ccc(OCC(O)CNC(C)C)cc1
pralatrexate_cid148121,,,pralatrexate_cid148121.png,high,high,0.905026682616322,exact,Pralatrexate,Pralatrexate,1.0,35,35,exact,exact,Pralatrexate,False,False,False,False,1.0,True,True,0,1,,,,[H]Nc1nc(N[H])c2nc(CC([H])(CC#C)c3ccc(C(=O)N[C@@H](CCC(=O)O)C(=O)O)cc3)cnc2n1
pralidoxime_chloride_cid135445761,,,pralidoxime_chloride_cid135445761.png,high,high,0.885447943771627,wrong,,Pralidoxime Chloride,0.962,11,11,exact,exact,Pralidoxime Chloride,False,True,False,False,1.0,False,False,1,3,[H],,,[Cl-].[H].[H]/C(=N\O)c1cccc[n+]1C |^1:1|
pramiconazole_cid3013050,,,pramiconazole_cid3013050.png,low,low,0.8190931987864501,exact,Pramiconazole,Pramiconazole,1.0,48,48,exact,exact,Pramiconazole,False,False,False,False,1.0,True,True,0,1,,,,CC(C)N1CCN(c2ccc(N3CCN(c4ccc(OC[C@H]5OC[C@](Cn6cncn6)(c6ccc(F)cc6F)O5)cc4)CC3)cc2)C1=O
pranlukast_cid4887,,,pranlukast_cid4887.png,high,high,0.9043587280798578,exact,Pranlukast,Pranlukast,1.0,36,36,exact,exact,Pranlukast,False,False,False,False,1.0,True,True,0,1,,,,O=C(Nc1cccc2c(=O)cc(-c3nn[nH]n3)oc12)c1ccc(OCCCCc2ccccc2)cc1
procaterol_cid688563,,,procaterol_cid688563.png,high,high,0.8872726200281559,wrong,,Procaterol,0.976,21,21,exact,exact,Procaterol,False,True,False,False,1.0,False,False,1,2,[H],,,[H].[H]O[C@@H](c1ccc(O)c2[nH]c(=O)ccc12)[C@@H](CC)NC(C)C |^1:0|
procyclidine_cid4919,,,procyclidine_cid4919.png,high,high,0.902079862533142,exact,Procyclidine,Procyclidine,1.0,21,21,exact,exact,Procyclidine,False,False,False,False,1.0,True,True,0,1,,,,OC(CCN1CCCC1)(c1ccccc1)C1CCCCC1
propiverine_cid4942,,,propiverine_cid4942.png,high,high,0.9127701035823065,exact,Propiverine,Propiverine,1.0,27,27,exact,exact,Propiverine,False,False,False,False,1.0,True,True,0,1,,,,CCCOC(C(=O)OC1CCN(C)CC1)(c1ccccc1)c1ccccc1
protirelin_cid638678,,,protirelin_cid638678.png,high,high,0.8502798409622028,wrong,,Protirelin,0.983,26,26,exact,exact,Protirelin,False,True,False,False,1.0,False,False,8,5,[HH].[HH].[HH].[HH],,,NC(=O)[C@@H]1CCCN1C(=O)[C@H](Cc1cnc[nH]1)NC(=O)[C@@H]1CCC(=O)N1.[HH].[HH].[HH].[HH]
proxyphylline_cid4977,,,proxyphylline_cid4977.png,high,high,0.8975500969959472,wrong,,Proxyphylline,0.971,17,17,exact,exact,Proxyphylline,False,True,False,False,1.0,False,False,1,2,[H],,,[H].[H]C(C)(O)Cn1cnc2c1c(=O)n(C)c(=O)n2C |^1:0|
pyridostigmine_bromide_cid7550,,,pyridostigmine_bromide_cid7550.png,high,high,0.9215249685506822,exact,Pyridostigmine Bromide,Pyridostigmine Bromide,1.0,14,14,exact,exact,Pyridostigmine Bromide,False,False,False,False,1.0,True,True,0,2,,,,CN(C)C(=O)Oc1ccc[n+](C)c1.[Br-]
radotinib_cid16063245,,,radotinib_cid16063245.png,high,high,0.9027584449868806,exact,Radotinib,Radotinib,1.0,39,39,exact,exact,Radotinib,False,False,False,False,1.0,True,True,0,1,,,,Cc1cn(-c2cc(NC(=O)c3ccc(C)c(Nc4nccc(-c5cnccn5)n4)c3)cc(C(F)(F)F)c2)cn1
ravidasvir_cid52918888,,,ravidasvir_cid52918888.png,low,low,0.3856311203424506,stereo,Ravidasvir,Ravidasvir,1.0,56,56,stereo,stereo,Ravidasvir,False,False,False,False,1.0,True,True,0,1,,,,[H]n1c(C2CCCN2C(=O)[C@@H](NC(=O)OC)C(C)C)nc2ccc(-c3ccc4cc(-c5cnc([C@]6([H])CCCN6C(=O)[C@H](NC(=O)OC)C(C)C)[nH]5)ccc4c3)cc21
refametinib_cid44182295,,,refametinib_cid44182295.png,high,high,0.8834746243008463,wrong,,Refametinib,0.966,31,31,exact,exact,Refametinib,False,True,False,False,1.0,False,False,3,3,[HH].[H],,,COc1cc(F)c(F)c(Nc2ccc(I)cc2F)c1NS(=O)(=O)C1(C[C@H](O)CO)CC1.[HH].[H] |^1:32|
resminostat_cid11609955,,,resminostat_cid11609955.png,high,high,0.894331118322635,exact,Resminostat,Resminostat,1.0,24,24,exact,exact,Resminostat,False,False,False,False,1.0,True,True,0,1,,,,[H]/C(C(=O)NO)=C(/[H])c1ccn(S(=O)(=O)c2ccc(CN(C)C)cc2)c1
retinol_palmitate_cid5280531,,,retinol_palmitate_cid5280531.png,low,low,0.7277929261391135,invalid,,,,,,invalid,invalid,,False,False,False,False,,False,,,,,,,[H]C(=CC1C(C)=CCCC1(C)C)C([H])=C([H])C1([H])=C(C([H])=CCOC(=O)CCCCCCCCCCCCCCC)[H]1
riboflavin_cid493570,,,riboflavin_cid493570.png,high,high,0.8656378239144891,wrong,,Riboflavin,0.979,27,27,exact,exact,Riboflavin,False,True,False,False,1.0,False,False,3,4,[H].[H].[H],,,"[H].[H].[H].[H]OC[C@@H](O)[C@@H](O)[C@@H](O)Cn1c2nc(=O)[nH]c(=O)c-2nc2cc(C)c(C)cc21 |^1:0,1,2|"
ridaforolimus_cid11520894,,,ridaforolimus_cid11520894.png,low,low,0.01464045371595515,wrong,,Ridaforolimus,0.603,74,69,wrong,wrong,,False,False,False,False,0.603,False,False,10,1,,,,[H]O[C@@]12O[C@@]([H])(CC[C@H]1C)C[C@H](OC)/C(C)=C(\[H])[C@H](OP(C)(C)=O)CC[C@H]1C[C@@H](C)[C@]([H])(CC(=O)[C@H](C)/C([H])=C(\C)[C@@H](O)[C@@H](OC)C(=O)[C@H](C)C/C(C)=C([H])/C([H])=C(\[H])[C@@H](OP(C)(C)=O)[C@H](OC)C1)OC(=O)[C@]1([H])CCCCN1C(=O)C2=O
rilmenidine_cid68712,,,rilmenidine_cid68712.png,high,high,0.8963663328978975,exact,Rilmenidine,Rilmenidine,1.0,13,13,exact,exact,Rilmenidine,False,False,False,False,1.0,True,True,0,1,,,,C1COC(NC(C2CC2)C2CC2)=N1
rilpivirine_cid6451164,,,rilpivirine_cid6451164.png,high,high,0.9050543577850824,exact,Rilpivirine,Rilpivirine,1.0,28,28,exact,exact,Rilpivirine,False,False,False,False,1.0,True,True,0,1,,,,[H]/C(C#N)=C(/[H])c1cc(C)c(Nc2ccnc(Nc3ccc(C#N)cc3)n2)c(C)c1
rimexolone_cid5311412,,,rimexolone_cid5311412.png,low,low,0.7705116423913919,exact,Rimexolone,Rimexolone,1.0,27,27,exact,exact,Rimexolone,False,False,False,False,1.0,True,True,0,1,,,,[H]O[C@H]1C[C@@]2(C)[C@@]([H])(C[C@@H](C)[C@]2(C)C(=O)CC)[C@]2([H])CCC3=CC(=O)C=C[C@]3(C)[C@@]12[H]
rimocidin_cid6440843,,,rimocidin_cid6440843.png,low,low,0.4372747873433221,wrong,,Rimocidin,0.243,51,54,wrong,wrong,,False,False,False,False,0.243,False,False,6,1,,,,[H]N[C@@H]1[C@H](O)[C@H](O[C@H](C[C@]2([H])O[C@](O)(C[C@@H](O)CCCC(=O)C[C@@H](O)[C@H](CC)C(=O)O[CH]CCC)C[C@H](O)[C@H]2C(=O)O)/C([H])=C([H])/C([H])=C(\[H])C([H])=C([H])[H])O[C@H](C)[C@H]1O |^1:31|
rintatolimod_cid135537060,,,rintatolimod_cid135537060.png,low,low,0.3165823337408632,wrong,,Rintatolimod,0.895,77,65,near,near,,False,False,False,False,0.895,False,False,38,14,,O.O.O.O.OP.OP.OP.OP,,Nc1ccn([C@@H]2O[C@H](CO)[C@H](O)[C@@H]2O)c(=O)n1.O.O.O.O.O.O=P(O)(O)O.O=c1[nH]cnc2c1ncn2[C@H]1O[C@H](COP(=O)(O)O)[C@H](O)[C@@H]1O.OP.OP.OP.OP.OP.[H][C@]1(O)[C@H](O)[C@H](n2ccc(=O)[nH]c2=O)O[C@@H]1CO
rintodestrant_cid129205616,,,rintodestrant_cid129205616.png,high,high,0.8809653810327432,wrong,,Rintodestrant,0.964,33,33,exact,exact,Rintodestrant,False,True,False,False,1.0,False,False,3,3,[HH].[H],,,[HH].[H].[H]/C(C(=O)O)=C(/[H])c1ccc(Oc2c(C(=O)c3c(C)cc(F)cc3C)sc3cc(O)ccc23)cc1 |^1:1|
ritobegron_cid9820882,,,ritobegron_cid9820882.png,high,high,0.8939760003086972,wrong,,Ritobegron,0.96,27,27,exact,exact,Ritobegron,False,True,False,False,1.0,False,False,3,3,[HH].[H],,,Cc1cc(OCC(=O)O)c(C)cc1CCN[C@@H](C)[C@H](O)c1ccc(O)cc1.[HH].[H] |^1:28|
ritodrine_cid33572,,,ritodrine_cid33572.png,high,high,0.8921919191970328,wrong,,Ritodrine,0.968,21,21,exact,exact,Ritodrine,False,True,False,False,1.0,False,False,2,3,[H].[H],,,"[H].[H].[H]Oc1ccc(CCN[C@@H](C)[C@H](O)c2ccc(O)cc2)cc1 |^1:0,1|"
riviciclib_cid24887371,,,riviciclib_cid24887371.png,high,high,0.891835549997911,wrong,,Riviciclib,0.965,28,28,exact,exact,Riviciclib,False,True,False,False,1.0,False,False,3,3,[HH].[H],,,[HH].[H].[H][C@]1(c2c(O)cc(O)c3c(=O)cc(-c4ccccc4Cl)oc23)CCN(C)[C@@H]1CO |^1:1|
roscovitine_cid160355,,,roscovitine_cid160355.png,high,high,0.8715003972393283,exact,Roscovitine,Roscovitine,1.0,26,26,exact,exact,Roscovitine,False,False,False,False,1.0,True,True,0,1,,,,[H]OC[C@@H](CC)N([H])c1nc(N([H])Cc2ccccc2)c2ncn(C(C)C)c2n1
roxarsone_cid5104,,,roxarsone_cid5104.png,high,high,0.8727947026739886,wrong,,Roxarsone,0.964,14,14,exact,exact,Roxarsone,False,True,False,False,1.0,False,False,2,2,[HH],,,[HH].[H]O[As](=O)(O)c1ccc(O)c([N+](=O)[O-])c1
roxatidine_cid91276,,,roxatidine_cid91276.png,high,high,0.8954306587175069,wrong,,Roxatidine,0.978,22,22,exact,exact,Roxatidine,False,True,False,False,1.0,False,False,2,2,[HH],,,O=C(CO)NCCCOc1cccc(CN2CCCCC2)c1.[HH]
rubitecan_cid472335,,,rubitecan_cid472335.png,high,high,0.8998318163717418,exact,Rubitecan,Rubitecan,1.0,29,29,exact,exact,Rubitecan,False,False,False,False,1.0,True,True,0,1,,,,CC[C@@]1(O)C(=O)OCc2c1cc1n(c2=O)Cc2cc3c([N+](=O)[O-])cccc3nc2-1
ruboxistaurin_cid153999,,,ruboxistaurin_cid153999.png,high,high,0.8982954833448962,exact,Ruboxistaurin,Ruboxistaurin,1.0,35,35,exact,exact,Ruboxistaurin,False,False,False,False,1.0,True,True,0,1,,,,CN(C)C[C@@H]1CCn2cc(c3ccccc32)C2=C(C(=O)NC2=O)c2cn(c3ccccc23)CCO1
runcaciguat_cid134440946,,,runcaciguat_cid134440946.png,high,high,0.8916393211007337,exact,Runcaciguat,Runcaciguat,1.0,32,32,exact,exact,Runcaciguat,False,False,False,False,1.0,True,True,0,1,,,,C[C@H]([C@H](C(=O)Nc1cc([C@@H](CC(=O)O)C2CC2)ccc1Cl)c1ccc(Cl)cc1)C(F)(F)F
saffan_cid24732,,,saffan_cid24732.png,low,low,0.09860412889417589,invalid,,,,,,invalid,invalid,,False,False,False,False,,False,,,,,,,[H]C12CCC34([H])[H]C35CCC(C(=O)COC(C)=O)C5(C)CC(=O)C4([H])C1(C)CCC(O)C2.[H]C12CCC34([H])[H]C35CCC(C(C)=O)C5(C)CC(=O)C4([H])C1(C)CCC(O)C2
salacinol_cid6451151,,,salacinol_cid6451151.png,high,high,0.8781257468799599,wrong,,Salacinol,1.0,20,20,exact,exact,Salacinol,False,True,False,False,1.0,False,False,2,3,[H].[H],,,"[H].[H].[H]O[C@@H]1C[S+](C[C@@H](O)[C@H](CO)OS(=O)(=O)[O-])[C@H](CO)[C@H]1O |^1:0,1|"
sarcosine_cid1088,,,sarcosine_cid1088.png,high,high,0.8670776299795524,wrong,,Sarcosine,0.933,6,6,exact,exact,Sarcosine,False,True,False,False,1.0,False,False,1,2,[H],,,[H].[H]N(C)CC(=O)O |^1:0|
sarpogrelate_cid5160,,,sarpogrelate_cid5160.png,high,high,0.9058214093583337,wrong,,Sarpogrelate,0.982,31,31,exact,exact,Sarpogrelate,False,True,False,False,1.0,False,False,1,2,[H],,,COc1cccc(CCc2ccccc2OCC(CN(C)C)OC(=O)CCC(=O)O)c1.[H] |^1:31|
seglitide_cid5311430,,,seglitide_cid5311430.png,low,low,0.001974521950467351,invalid,,,,,,invalid,invalid,,False,False,False,False,,False,,,,,,,[H]C(=O)[CH]1(C)N(C)C(=O)C(CC2=CC=CC=C2)NC(=O)[CH]23(C(C)=O)NC45=O=C6(C7C(CCCN)[CH]46(CCCCN)NC46(=O)=O=C(N74)[CH]6(CC4=CNC6=CC=CC=C46)NC(=O)C(CC4=CC=C(O)C=C4)NC1([H])=O)N52C(C(C)C)C3(N)=O
selenium_disulfide_cid24087,,,selenium_disulfide_cid24087.png,low,low,0.7972791802073944,wrong,,Selenium disulfide,0.111,3,3,wrong,wrong,,False,False,False,False,0.111,False,False,2,1,,,,[S-]=[Se]=[Se] |^1:0|
seletalisib_cid56928390,,,seletalisib_cid56928390.png,high,high,0.8986975708408069,exact,Seletalisib,Seletalisib,1.0,34,34,exact,exact,Seletalisib,False,False,False,False,1.0,True,True,0,1,,,,[O-][n+]1cccc(-c2nc3c(Cl)cccc3cc2[C@@H](Nc2ncnc3cccnc23)C(F)(F)F)c1
semduramicin_cid71327,,,semduramicin_cid71327.png,low,low,0.01068070382219713,invalid,,,,,,invalid,invalid,,False,False,False,False,,False,,,,,,,[H]OC1C(C)[CH](C)(O)OC2([H])(C1OC)[CH]134C[CH]25(C1)C3OC1(CCC2([H])([H]C23CCC(C)(C2([H])OC([H])(C6([H])OC([H])(O)C(C)CC6C)CC2OC2CCC(OC)C(C)O2)O3)O1)OC45
serlopitant_cid23653789,,,serlopitant_cid23653789.png,high,high,0.907645778038583,stereo,Serlopitant,Serlopitant,1.0,39,39,stereo,stereo,Serlopitant,False,False,False,False,1.0,True,True,0,1,,,,[H][C@]12CC[C@H](O[C@H](C)c3cc(C(F)(F)F)cc(C(F)(F)F)c3)[C@@H](c3ccc(F)cc3)[C@@]1([H])CN(C1=CC(=O)CC1)C2
setipiprant_cid49843471,,,setipiprant_cid49843471.png,high,high,0.8960400087511124,exact,Setipiprant,Setipiprant,1.0,30,30,exact,exact,Setipiprant,False,False,False,False,1.0,True,True,0,1,,,,O=C(O)Cn1c2c(c3cc(F)ccc31)CN(C(=O)c1cccc3ccccc13)CC2
simeprevir_cid24873435,,,simeprevir_cid24873435.png,low,low,0.04586627872419941,invalid,,,,,,invalid,invalid,,False,False,False,False,,False,,,,,,,[H]C(C[CH]OC1=CC(C2=NC(C(C)C)=CS2)=NC2=C1C=CC(OC)=C2C)C(=O)N(C)CCCCC([H])=C([H])C1([H])CC12C(=O)NS13(=O)(=O)=O=S(=O)(N([H])C2=O)C12CC2C31CC1
simfibrate_cid5217,,,simfibrate_cid5217.png,high,high,0.9147551545857171,exact,Simfibrate,Simfibrate,1.0,31,31,exact,exact,Simfibrate,False,False,False,False,1.0,True,True,0,1,,,,CC(C)(Oc1ccc(Cl)cc1)C(=O)OCCCOC(=O)C(C)(C)Oc1ccc(Cl)cc1
sinefungin_cid65482,,,sinefungin_cid65482.png,low,low,0.8380278944649824,wrong,,Sinefungin,1.0,27,27,exact,exact,Sinefungin,False,True,False,False,1.0,False,False,6,7,[H].[H].[H].[H].[H].[H],,,"Nc1ncnc2c1ncn2[C@@H]1O[C@H](C[C@@H](N)CC[C@H](N)C(=O)O)[C@@H](O)[C@H]1O.[H].[H].[H].[H].[H].[H] |^1:27,28,29,30,31,32|"
sm_102_cid126697616,,,sm_102_cid126697616.png,low,low,0.8176219554343681,wrong,,SM-102,0.222,49,50,wrong,wrong,,False,False,False,False,0.222,False,False,8,1,,,,*C/C=C(/CCCCCCCC(=O)NC(CCCCCCCC)CCCCCCCC)CCCCCC(=N)/C=C/CCCCCCCCCC |$Me;;;;;;;;;;;;;;;;;;;;;;;;;;;;;;;;;;;;;;;;;;;;;;;;;$|
sodium_arsenite_cid443495,,,sodium_arsenite_cid443495.png,high,high,0.8455040709175873,wrong,,Sodium Arsenite,0.231,4,4,wrong,wrong,,False,False,False,False,0.231,False,True,0,1,,,,"O=[As][O-][Na+] |3,C:2.2|"
sodium_butyrate_cid5222465,,,sodium_butyrate_cid5222465.png,high,high,0.8962737697655938,wrong,,Sodium Butyrate,0.391,7,7,wrong,wrong,,False,False,False,False,0.391,False,True,0,1,,,,"CCCC(=O)[O-][Na+] |6,C:5.5|"
sodium_fluoride_cid5235,,,sodium_fluoride_cid5235.png,low,low,0.5729727564899671,wrong,,Sodium Fluoride,0.0,2,2,wrong,wrong,,False,False,False,False,0.0,False,False,0,1,,,,[F][Na+] |1|
sodium_perborate_cid517072,,,sodium_perborate_cid517072.png,high,high,0.8777614044381168,wrong,,Sodium Perborate,0.278,5,5,wrong,wrong,,False,False,False,False,0.278,False,True,0,1,,,,"O=BO[O-][Na+] |4,C:3.3|"
sodium_phenylbutyrate_cid5258,,,sodium_phenylbutyrate_cid5258.png,high,high,0.8965709479098417,wrong,,Sodium Phenylbutyrate,0.562,13,13,skeleton,skeleton,,False,False,False,False,0.562,True,True,0,1,,,,O=C(CCCc1ccccc1)[O][Na]
sodium_pyruvate_cid23662274,,,sodium_pyruvate_cid23662274.png,high,high,0.9007452367969545,wrong,,Sodium pyruvate,0.316,7,7,wrong,wrong,,False,False,False,False,0.316,False,True,0,1,,,,"CC(=O)C(=O)[O-][Na+] |6,C:5.5|"
sodium_selenate_cid25960,,,sodium_selenate_cid25960.png,high,high,0.8767207125054454,wrong,,Sodium Selenate,0.462,7,7,wrong,wrong,,False,False,False,False,0.462,False,False,0,2,,,,O=[Se](=O)([O-])[O][Na+].[Na+] |5|
sodium_tetrathionate_dihydrate_6ci_7ci_cid203055,,,sodium_tetrathionate_dihydrate_6ci_7ci_cid203055.png,low,low,0.5564637302044226,wrong,,"Sodium tetrathionate, dihydrate (6CI,7CI)",0.55,14,14,salt,salt,"Sodium tetrathionate, dihydrate (6CI,7CI)",False,True,True,False,0.579,False,False,1,8,[H].[H].[H],[Na+],,"O=S(=O)([O-])SSS(=O)(=O)O.[H].[H].[H].[H][O-].[Na+].[Na+].[O-] |^1:10,11,12,17|"
sodium_thiocyanate_cid516871,,,sodium_thiocyanate_cid516871.png,high,high,0.8754097823374087,wrong,,Sodium thiocyanate,0.231,4,4,skeleton,skeleton,,False,False,False,False,0.231,True,True,0,1,,,,N#C[S][Na]
sorangicin_a_cid657059,,,sorangicin_a_cid657059.png,low,low,2.659722991906133e-21,invalid,,,,,,invalid,invalid,,False,False,False,False,,False,,,,,,,[H]O[CH]12OC[CH]O3C[CH]456O[CH]3789%10(C)O[CH]3%11%12C4%13([H])[CH]34%14OC(C(O[CH]C=CC=CC)C3%15([H])([H])C%16([H])([H])C3([H])([H])C%16%153%17([H])[H]C3%15([H])=C=C%15%17)[CH]43O[CH]4%15C=CC4([H])([H])[CH]%153%14%11CC([H])=C[CH]134%11O[CH]1%14%15C3C173[CH]81(O[CH]%13%1259[CH]3%1461%10O[CH]24O[H])C%15%11
spiramycin_ii_cid49787020,,,spiramycin_ii_cid49787020.png,low,low,6.697083258196721e-05,invalid,,,,,,invalid,invalid,,False,False,False,False,,False,,,,,,,[H]C1=C([H])C([H])=C([H])C(CC[CH]N(C)C)C2CC3C4C5=O=C67(=O=C([H])(=O)([H]6)C[CH]468(CC76)C[CH](C)(C2)C(OC2CCC(N(C)C)C(C)O2)C([H])=C([H])C([H])=C([H])C[CH]2(C)CC(C1)OC(=O)C14C(=O)(C[CH]16(OC(C)=O)[CH]1(OC)[CH]4(OC(C)=O)[CH]6(OC)[CH]318O[CH]O[CH]C)O2)[H]5
spirapril_cid5311447,,,spirapril_cid5311447.png,high,high,0.8626788099478196,exact,Spirapril,Spirapril,1.0,31,31,exact,exact,Spirapril,False,False,False,False,1.0,True,True,0,1,,,,CCOC(=O)[C@H](CCc1ccccc1)N[C@@H](C)C(=O)N1CC2(C[C@H]1C(=O)O)SCCS2
stibophen_cid16683008,,,stibophen_cid16683008.png,low,low,0.8161695294461657,wrong,,Stibophen,0.976,42,45,salt,salt,Stibophen,False,True,True,False,1.0,False,False,15,18,[H].[H].[H].[H].[H].[H].[H].[H],O.O.O.O.O.O.O,,"O.O.O.O.O.O.O.O.O=S(=O)([O-])c1cc([O][Sb]2[O]c3cc(S(=O)(=O)[O-])cc(S(=O)(=O)[O-])c3[O]2)c([O-])c(S(=O)(=O)[O-])c1.[H].[H].[H].[H].[H].[H].[H].[H].[Na+] |^1:41,42,43,44,45,46,47,48|"
stop_cid24550,,,stop_cid24550.png,low,low,0.4607554915703425,exact,Stop,Stop,1.0,3,3,exact,exact,Stop,False,False,False,False,1.0,True,True,0,1,,,,[F][Sn][F] |^2:1|
succinylcholine_chloride_cid22475,,,succinylcholine_chloride_cid22475.png,high,high,0.8981198906846801,exact,Succinylcholine Chloride,Succinylcholine Chloride,1.0,22,22,exact,exact,Succinylcholine Chloride,False,False,False,False,1.0,True,True,0,3,,[Cl-],,C[N+](C)(C)CCOC(=O)CCC(=O)OCC[N+](C)(C)C.[Cl-].[Cl-]
sulfasalazine_cid5339,,,sulfasalazine_cid5339.png,high,high,0.8959317263334821,wrong,,Sulfasalazine,0.978,28,28,stereo,stereo,Sulfasalazine,False,True,False,False,1.0,False,False,1,2,[H],,,O=C(O)c1cc(/N=N/c2ccc(S(=O)(=O)Nc3ccccn3)cc2)ccc1O.[H] |^1:28|
sulfinpyrazone_cid5342,,,sulfinpyrazone_cid5342.png,low,low,0.578267378564467,wrong,,Sulfinpyrazone,0.703,29,29,wrong,wrong,,False,False,False,False,0.703,False,False,1,1,,,,O=C1C(CC[S](O)c2ccccc2)C(=O)N(c2ccccc2)N1c1ccccc1 |^1:5|
sutezolid_cid465951,,,sutezolid_cid465951.png,high,high,0.9163043485862956,exact,Sutezolid,Sutezolid,1.0,24,24,exact,exact,Sutezolid,False,False,False,False,1.0,True,True,0,1,,,,CC(=O)NC[C@H]1CN(c2ccc(N3CCSCC3)c(F)c2)C(=O)O1
suvorexant_cid24965990,,,suvorexant_cid24965990.png,high,high,0.9131240692892012,exact,Suvorexant,Suvorexant,1.0,32,32,exact,exact,Suvorexant,False,False,False,False,1.0,True,True,0,1,,,,Cc1ccc(-n2nccn2)c(C(=O)N2CCN(c3nc4cc(Cl)ccc4o3)CC[C@H]2C)c1
suzetrigine_cid156445116,,,suzetrigine_cid156445116.png,high,high,0.8956214857432349,wrong,,Suzetrigine,1.0,33,33,stereo,stereo,Suzetrigine,False,True,False,False,1.0,False,False,2,3,[H].[H],,,"[H].[H].[H][C@@]1(c2ccc(F)c(F)c2OC)[C@H](C(=O)Nc2ccnc(C(N)=O)c2)O[C@@](C)(C(F)(F)F)[C@H]1C |^1:0,1|"
taurine_cid1123,,,taurine_cid1123.png,high,high,0.8517913031538289,wrong,,Taurine,0.933,7,7,exact,exact,Taurine,False,True,False,False,1.0,False,False,1,2,[H],,,[H].[H]NCCS(=O)(=O)O |^1:0|
tazarotene_cid5381,,,tazarotene_cid5381.png,high,high,0.9072507555103382,exact,Tazarotene,Tazarotene,1.0,25,25,exact,exact,Tazarotene,False,False,False,False,1.0,True,True,0,1,,,,CCOC(=O)c1ccc(C#Cc2ccc3c(c2)C(C)(C)CCS3)nc1
tazemetostat_cid66558664,,,tazemetostat_cid66558664.png,high,high,0.9111069146684568,exact,Tazemetostat,Tazemetostat,1.0,42,42,exact,exact,Tazemetostat,False,False,False,False,1.0,True,True,0,1,,,,CCN(c1cc(-c2ccc(CN3CCOCC3)cc2)cc(C(=O)NCc2c(C)cc(C)[nH]c2=O)c1C)C1CCOCC1
tazobactam_cid123630,,,tazobactam_cid123630.png,high,high,0.8959039299281777,exact,Tazobactam,Tazobactam,1.0,20,20,exact,exact,Tazobactam,False,False,False,False,1.0,True,True,0,1,,,,[H]OC(=O)[C@@H]1N2C(=O)C[C@@]2([H])S(=O)(=O)[C@@]1(C)Cn1ccnn1
tecarfarin_cid54718618,,,tecarfarin_cid54718618.png,high,high,0.9132879248520455,exact,Tecarfarin,Tecarfarin,1.0,32,32,exact,exact,Tecarfarin,False,False,False,False,1.0,True,True,0,1,,,,CC(OC(=O)c1ccc(Cc2c(O)c3ccccc3oc2=O)cc1)(C(F)(F)F)C(F)(F)F
tegobuvir_cid23649154,,,tegobuvir_cid23649154.png,high,high,0.9053078573818836,exact,Tegobuvir,Tegobuvir,1.0,37,37,exact,exact,Tegobuvir,False,False,False,False,1.0,True,True,0,1,,,,Fc1ccccc1-c1nc2ccn(Cc3ccc(-c4ccc(C(F)(F)F)cc4C(F)(F)F)nn3)cc-2n1
telratolimod_cid56833311,,,telratolimod_cid56833311.png,high,high,0.8987780178858785,wrong,,Telratolimod,0.568,43,43,wrong,wrong,,False,False,False,False,0.568,False,False,2,2,,,,CCCCCCCCCCCCCCCCCC(=O)NCCCCO.CCCCc1nc2c(N)nc3ccccc3c2[nH]1
temurtide_cid76972485,,,temurtide_cid76972485.png,low,low,0.8041703784418538,wrong,,Temurtide,0.982,36,36,exact,exact,Temurtide,False,True,False,False,1.0,False,False,4,5,[H].[H].[H].[H],,,"[H].[H].[H].[H].[H]C(=O)[C@H](NC(C)=O)[C@@H](O[C@H](C)C(=O)N[C@H](C(=O)N[C@H](CCC(=O)O)C(N)=O)[C@@H](C)O)[C@H](O)[C@H](O)CO |^1:0,1,2,3|"
tenatoprazole_cid636411,,,tenatoprazole_cid636411.png,high,high,0.9059739670308713,exact,Tenatoprazole,Tenatoprazole,1.0,24,24,exact,exact,Tenatoprazole,False,False,False,False,1.0,True,True,0,1,,,,COc1ccc2[nH]c(S(=O)Cc3ncc(C)c(OC)c3C)nc2n1
terlipressin_cid72081,,,terlipressin_cid72081.png,low,low,0.5762554666745525,wrong,,Terlipressin,0.464,91,85,wrong,wrong,,False,False,False,False,0.464,False,False,18,1,,,,[H]NCCCC[C@H](NC(=O)[C@@H]1CCCN1C(=O)[C@H](CS/C=C/C)NC(=O)[C@H](CC(=O)N[H])NC(=O)[C@H](CCC(N)=O)NC(=O)[C@H](Cc1ccccc1)NC(=O)[C@H](Cc1ccc(O)cc1)NC(=O)[C@H](/C=C/C=C\C)NC(=O)CNC(=O)CNC(=O)CN[H])C(=O)NCC(=O)N[H]
terodiline_cid23480,,,terodiline_cid23480.png,high,high,0.8944582065392263,exact,Terodiline,Terodiline,1.0,21,21,exact,exact,Terodiline,False,False,False,False,1.0,True,True,0,1,,,,CC(CC(c1ccccc1)c1ccccc1)NC(C)(C)C
tertatolol_cid36920,,,tertatolol_cid36920.png,high,high,0.8990603992343097,exact,Tertatolol,Tertatolol,1.0,20,20,exact,exact,Tertatolol,False,False,False,False,1.0,True,True,0,1,,,,CC(C)(C)NCC(O)COc1cccc2c1SCCC2
thebaine_cid5324289,,,thebaine_cid5324289.png,low,low,0.2857375641963626,stereo,Thebaine,Thebaine,1.0,23,23,stereo,stereo,Thebaine,False,False,False,False,1.0,True,True,0,1,,,,[H][C@]12Cc3ccc(OC)c4c3[C@]3(CCN1C)C2=CC=C(OC)[C@@]3([H])O4
thiocillin_cid5282053,,,thiocillin_cid5282053.png,low,low,1.022839373812165e-08,invalid,,,,,,invalid,invalid,,False,False,False,False,,False,,,,,,,O.[H]OC(C)(C)CC12=CSC34(=C5C=CC(C6=NC(C7=CSC(=C([H])C)N7)=CS6)N=C=35C3=C[SH]5C3=NC53C(C(C)C)N3C3(=O)(=O)C567=C89%10%11=C3%12%13%14%15=NC=83%16%17(=C=%129=N=%135%103[CH]%16(C(C)C)N%173C5=NC(C(=O)NC(C(=O)N([H])CC(C)O)=C([H])C)=C[SH]53)(=N=%146%11)=N=%157=C)C356=C47(=C3[SH]57)=N16C2=O
thiothixene_cid941651,,,thiothixene_cid941651.png,high,high,0.8953182150057802,wrong,,Thiothixene,0.695,30,30,wrong,wrong,,False,False,False,False,0.695,False,False,0,1,,,,[H]/C(CCN1CCN(C)CC1)=C1\c2ccccc2[S+]c2ccc(S(=O)(=O)N(C)C)cc21 |^1:18|
tiapride_cid5467,,,tiapride_cid5467.png,high,high,0.9159498572113471,exact,Tiapride,Tiapride,1.0,22,22,exact,exact,Tiapride,False,False,False,False,1.0,True,True,0,1,,,,[H]N(CCN(CC)CC)C(=O)c1cc(S(C)(=O)=O)ccc1OC
tilidine_cid30131,,,tilidine_cid30131.png,high,high,0.8971627387582298,exact,Tilidine,Tilidine,1.0,20,20,exact,exact,Tilidine,False,False,False,False,1.0,True,True,0,1,,,,CCOC(=O)[C@]1(c2ccccc2)CCC=C[C@H]1N(C)C
tiopronin_cid5483,,,tiopronin_cid5483.png,high,high,0.8583946965195597,wrong,,Tiopronin,0.615,10,10,charge,charge,Tiopronin,False,True,False,False,0.64,False,False,0,2,[H],,,[H].[H]N(CC(=O)O)C(=O)C([H])(C)[S-] |^1:0|
tipifarnib_cid159324,,,tipifarnib_cid159324.png,high,high,0.8883725733689043,exact,Tipifarnib,Tipifarnib,1.0,34,34,exact,exact,Tipifarnib,False,False,False,False,1.0,True,True,0,1,,,,Cn1cncc1[C@@](N)(c1ccc(Cl)cc1)c1ccc2c(c1)c(-c1cccc(Cl)c1)cc(=O)n2C
tirapazamine_cid135413511,,,tirapazamine_cid135413511.png,high,high,0.8794808953952542,wrong,,Tirapazamine,0.958,13,13,exact,exact,Tirapazamine,False,True,False,False,1.0,False,False,4,3,[HH].[HH],,,Nc1n[n+]([O-])c2ccccc2[n+]1[O-].[HH].[HH]
tirbanibulin_cid23635314,,,tirbanibulin_cid23635314.png,high,high,0.9146193147310681,exact,Tirbanibulin,Tirbanibulin,1.0,32,32,exact,exact,Tirbanibulin,False,False,False,False,1.0,True,True,0,1,,,,O=C(Cc1ccc(-c2ccc(OCCN3CCOCC3)cc2)cn1)NCc1ccccc1
tixocortol_pivalate_cid15052414,,,tixocortol_pivalate_cid15052414.png,low,low,0.7768554044291348,stereo,Tixocortol Pivalate,Tixocortol Pivalate,1.0,32,32,stereo,stereo,Tixocortol Pivalate,False,False,False,False,1.0,True,True,0,1,,,,[H]O[C@H]1C[C@@]2(C)[C@@]([H])(CC[C@]2(O)C(=O)CSC(=O)C(C)(C)C)[C@@]2([H])CCC3=CC(=O)CC[C@]3(C)[C@@]12[H]
tolfenamic_acid_cid610479,,,tolfenamic_acid_cid610479.png,high,high,0.8677469794927782,wrong,,Tolfenamic Acid,0.73,18,18,charge,charge,Tolfenamic Acid,False,True,False,False,0.75,False,False,1,2,[HH],,,Cc1c(Cl)cccc1Nc1ccccc1C(=O)[O-].[HH]
tolnaftate_cid5510,,,tolnaftate_cid5510.png,high,high,0.9142731094636011,exact,Tolnaftate,Tolnaftate,1.0,22,22,exact,exact,Tolnaftate,False,False,False,False,1.0,True,True,0,1,,,,Cc1cccc(N(C)C(=S)Oc2ccc3ccccc3c2)c1
tomatine_cid28523,,,tomatine_cid28523.png,low,low,0.02898341496833126,invalid,,,,,,invalid,invalid,,False,False,False,False,,False,,,,,,,[H]N1CC(C)CCC12OC1([H])CC34[H]C35([H])CCC3([H])CC(OC6OC(CO)C(OC7OC(CO)C(O)C(OC8OCC(O)C(O)C8O)C7OC7OC(CO)C(O)C(O)C7O)C(O)C6O)CCC3(C)C5([H])CCC4(C)C1([H])C2C
torcetrapib_cid159325,,,torcetrapib_cid159325.png,high,high,0.9003484156552445,exact,Torcetrapib,Torcetrapib,1.0,41,41,exact,exact,Torcetrapib,False,False,False,False,1.0,True,True,0,1,,,,CCOC(=O)N1c2ccc(C(F)(F)F)cc2[C@@H](N(Cc2cc(C(F)(F)F)cc(C(F)(F)F)c2)C(=O)OC)C[C@H]1CC
toremifene_cid3005573,,,toremifene_cid3005573.png,high,high,0.9185013169920824,exact,Toremifene,Toremifene,1.0,29,29,exact,exact,Toremifene,False,False,False,False,1.0,True,True,0,1,,,,CN(C)CCOc1ccc(/C(=C(/CCCl)c2ccccc2)c2ccccc2)cc1
trans_diamminedichloroplatinum_cid441203,,,trans_diamminedichloroplatinum_cid441203.png,low,low,0.1998162171204156,invalid,,,,,,invalid,invalid,,False,False,False,False,,False,,,,,,,[H][NH][Pt+]([H])([Cl])([Cl])[N-]([H])([H])[H]
trapidil_cid5531,,,trapidil_cid5531.png,high,high,0.9155937684932816,exact,Trapidil,Trapidil,1.0,15,15,exact,exact,Trapidil,False,False,False,False,1.0,True,True,0,1,,,,CCN(CC)c1cc(C)nc2ncnn12
tribendimidine_cid3086564,,,tribendimidine_cid3086564.png,high,high,0.8997456094874478,stereo,Tribendimidine,Tribendimidine,1.0,34,34,stereo,stereo,Tribendimidine,False,False,False,False,1.0,True,True,0,1,,,,[H]/C(=N\c1ccc(/N=C(\C)N(C)C)cc1)c1ccc(/C([H])=N/c2ccc(/N=C(\C)N(C)C)cc2)cc1
trichlorfon_cid5853,,,trichlorfon_cid5853.png,low,low,0.777952602083546,wrong,,Trichlorfon,0.952,12,12,exact,exact,Trichlorfon,False,True,False,False,1.0,False,False,2,2,[HH],,,COP(=O)(OC)C(O)C(Cl)(Cl)Cl.[HH]
trichloroethylene_cid6575,,,trichloroethylene_cid6575.png,high,high,0.8471233123478722,exact,Trichloroethylene,Trichloroethylene,1.0,5,5,exact,exact,Trichloroethylene,False,False,False,False,1.0,True,True,0,1,,,,ClC=C(Cl)Cl
triflusal_cid9458,,,triflusal_cid9458.png,high,high,0.9174521539358487,exact,Triflusal,Triflusal,1.0,17,17,exact,exact,Triflusal,False,False,False,False,1.0,True,True,0,1,,,,CC(=O)Oc1cc(C(F)(F)F)ccc1C(=O)O
trimegestone_cid68926,,,trimegestone_cid68926.png,low,low,0.4350202952402499,wrong,,Trimegestone,0.565,26,25,wrong,wrong,,False,False,False,False,0.565,False,False,1,2,[H],,,[H].[H][C@@]12CC[C@](C)(C(=O)[C@H](C)O)[C@@]1(C)CCC1=C3CCC(=O)C=C3CC[C@]12[Hf] |^1:0|
trimeprazine_cid5574,,,trimeprazine_cid5574.png,high,high,0.9025183198963459,wrong,,(+-)-Trimeprazine,0.632,21,21,wrong,wrong,,False,False,False,False,0.632,False,False,0,1,,,,CC(CN(C)C)CN1c2ccccc2[S-]c2ccccc21 |^1:14|
tripropeptin_c_cid58960776,,,tripropeptin_c_cid58960776.png,low,low,1.337982295106829e-08,invalid,,,,,,invalid,invalid,,False,False,False,False,,False,,,,,,,[H]NC(=O)NC123C45=C67=C48(O)=C61OC714(C(O)C(=O)C([H])=O)=C6(=C1)OC17(=O)=O=C(C(=O)C9CCCN9)C(C(=O)NC(=O)C(=O)O)(CC5O)C8=C4(O)C(O)=C4(O)N5(C(=O)O)C8(NC(N)=O)=C=C84529=C(N[H])C(C)(O)C(CCCCCCCCCCC)OC39(=O)=C61O7
trofosfamide_cid65702,,,trofosfamide_cid65702.png,high,high,0.9024620612554096,exact,Trofosfamide,Trofosfamide,1.0,17,17,exact,exact,Trofosfamide,False,False,False,False,1.0,True,True,0,1,,,,O=P1(N(CCCl)CCCl)OCCCN1CCCl
trospium_chloride_cid5284631,,,trospium_chloride_cid5284631.png,low,low,4.173069690228575e-05,invalid,,,,,,invalid,invalid,,False,False,False,False,,False,,,,,,,[Cl-].[H]C12C3(=O)=O=C(OC4C5C67(CC89([H])CC%10C%11C5%12([H])(C6)C%1056%13CC5%10([H])(C47)C864C56C7C8%14CC785[N+]%11694%12%10%13C%14)O3)C3(O)(C4=C(=C15=CC=CC=C5)C=CC=C4)C1=C(=C234=CC=CC=C4)C=CC=C1
tryparsamide_cid23665572,,,tryparsamide_cid23665572.png,low,low,0.4900139649985442,wrong,,Tryparsamide,0.34,16,16,wrong,wrong,,False,False,False,False,0.34,False,False,1,3,[H].[H],,,"[H].[H].[H]NC(=O)C[N]c1ccc([As](=O)(O)[O][Na+])cc1 |^1:0,1,7,16|"
tucaresol_cid55223,,,tucaresol_cid55223.png,high,high,0.8866299991223018,wrong,,Tucaresol,0.947,20,20,exact,exact,Tucaresol,False,True,False,False,1.0,False,False,3,3,[HH].[H],,,[HH].[H].[H]C(=O)c1c(O)cccc1OCc1ccc(C(=O)O)cc1 |^1:1|
tucidinostat_cid12136798,,,tucidinostat_cid12136798.png,high,high,0.8778575954166701,exact,Tucidinostat,Tucidinostat,1.0,29,29,exact,exact,Tucidinostat,False,False,False,False,1.0,True,True,0,1,,,,[H]Nc1cc(F)ccc1NC(=O)c1ccc(CN([H])C(=O)/C([H])=C(\[H])c2cccnc2)cc1
umbralisib_cid72950888,,,umbralisib_cid72950888.png,high,high,0.8974389391486772,exact,Umbralisib,Umbralisib,1.0,42,42,exact,exact,Umbralisib,False,False,False,False,1.0,True,True,0,1,,,,CC(C)Oc1ccc(-c2nn([C@@H](C)c3oc4ccc(F)cc4c(=O)c3-c3cccc(F)c3)c3ncnc(N)c23)cc1F
uracil_mustard_cid6194,,,uracil_mustard_cid6194.png,high,high,0.9021885604119662,exact,Uracil Mustard,Uracil Mustard,1.0,15,15,exact,exact,Uracil Mustard,False,False,False,False,1.0,True,True,0,1,,,,[H]n1cc(N(CCCl)CCCl)c(=O)[nH]c1=O
urapidil_cid5639,,,urapidil_cid5639.png,high,high,0.9175129681669754,exact,Urapidil,Urapidil,1.0,28,28,exact,exact,Urapidil,False,False,False,False,1.0,True,True,0,1,,,,COc1ccccc1N1CCN(CCCNc2cc(=O)n(C)c(=O)n2C)CC1
valnemulin_cid9850878,,,valnemulin_cid9850878.png,low,low,0.5485721257234182,invalid,,,,,,invalid,invalid,,False,False,False,False,,False,,,,,,,[H].[H].[H].[H]NC(C(=O)NCC(C)(C)SCC(=O)OC12CC(C)(C=C)C(O)C(C)C345CCC(=O)C3([H])C1(C)C2(C)(CC4)CC5)C(C)C
valrubicin_cid454216,,,valrubicin_cid454216.png,high,high,0.8890238619993677,wrong,,Valrubicin,1.0,51,51,exact,exact,Valrubicin,False,True,False,False,1.0,False,False,2,3,[H].[H],,,"[H].[H].[H]Oc1c2c(c(O)c3c1C(=O)c1cccc(OC)c1C3=O)[C@@H](O[C@H]1C[C@H](NC(=O)C(F)(F)F)[C@H](O)[C@H](C)O1)C[C@](O)(C(=O)COC(=O)CCCC)C2 |^1:0,1|"
vanzacaftor_cid139399801,,,vanzacaftor_cid139399801.png,low,low,0.4142975486198098,wrong,,Vanzacaftor,0.298,47,44,wrong,wrong,,False,False,False,False,0.298,False,False,12,1,,,,[H][C](CCCNC/C=C\C)CN(c1nc(-n2ccc(OCCC3C4(CC4)C34CC4)n2)ccc1C(=O)NS(=O)(=O)C1=CC=CCN1)C(C)C |^1:1|
vecabrutinib_cid72547837,,,vecabrutinib_cid72547837.png,high,high,0.898436108236221,wrong,,Vecabrutinib,0.986,36,36,exact,exact,Vecabrutinib,False,True,False,False,1.0,False,False,3,4,[H].[H].[H],,,"NC(=O)[C@H]1CCN(c2ncnc(N)c2F)C[C@@H]1N1CCC[C@@H](Nc2cc(Cl)cc(C(F)(F)F)c2)C1=O.[H].[H].[H] |^1:36,37,38|"
vecuronium_bromide_cid39764,,,vecuronium_bromide_cid39764.png,low,low,0.405811673474095,exact,Vecuronium Bromide,Vecuronium Bromide,1.0,41,41,exact,exact,Vecuronium Bromide,False,False,False,False,1.0,True,True,0,2,,,,[Br-].[H][C@@]12CC[C@]3([H])[C@]([H])(CC[C@]4(C)[C@@H](OC(C)=O)[C@@]([H])([N+]5(C)CCCCC5)C[C@@]34[H])[C@@]1(C)C[C@H](N1CCCCC1)[C@@H](OC(C)=O)C2
vernakalant_hydrochloride_cid9930048,,,vernakalant_hydrochloride_cid9930048.png,high,high,0.9084925822536654,exact,Vernakalant Hydrochloride,Vernakalant Hydrochloride,1.0,26,26,exact,exact,Vernakalant Hydrochloride,False,False,False,False,1.0,True,True,0,2,,,,COc1ccc(CCO[C@@H]2CCCC[C@H]2N2CC[C@@H](O)C2)cc1OC.[H]Cl
vesatolimod_cid46241268,,,vesatolimod_cid46241268.png,high,high,0.8827625933777944,wrong,,Vesatolimod,0.983,30,30,exact,exact,Vesatolimod,False,True,False,False,1.0,False,False,2,3,[H].[H],,,"CCCCOc1nc(N)c2c(n1)N(Cc1cccc(CN3CCCC3)c1)CC(=O)N2.[H].[H] |^1:30,31|"
vidofludimus_cid9820008,,,vidofludimus_cid9820008.png,high,high,0.9120648693613517,exact,Vidofludimus,Vidofludimus,1.0,26,26,exact,exact,Vidofludimus,False,False,False,False,1.0,True,True,0,1,,,,COc1cccc(-c2ccc(NC(=O)C3=C(C(=O)O)CCC3)c(F)c2)c1
vigabatrin_cid5665,,,vigabatrin_cid5665.png,high,high,0.8777989899648183,wrong,,Vigabatrin,0.955,9,9,exact,exact,Vigabatrin,False,True,False,False,1.0,False,False,1,2,[H],,,[H].[H]NC(C=C)CCC(=O)O |^1:0|
vistusertib_cid25262792,,,vistusertib_cid25262792.png,high,high,0.9174675996415588,exact,Vistusertib,Vistusertib,1.0,34,34,exact,exact,Vistusertib,False,False,False,False,1.0,True,True,0,1,,,,[H]N(C)C(=O)c1cccc(-c2ccc3c(N4CCOC[C@@H]4C)nc(N4CCOC[C@@H]4C)nc3n2)c1
voglibose_cid444020,,,voglibose_cid444020.png,high,high,0.8806091272348617,wrong,,Voglibose,1.0,18,18,exact,exact,Voglibose,False,True,False,False,1.0,False,False,2,3,[H].[H],,,"[H].[H].[H]OCC(CO[H])N[C@H]1C[C@@](CO[H])(O[H])[C@@H](O[H])[C@H](O[H])[C@H]1O |^1:0,1|"
volasertib_cid10461508,,,volasertib_cid10461508.png,high,high,0.8975134062605101,exact,Volasertib,Volasertib,1.0,45,45,exact,exact,Volasertib,False,False,False,False,1.0,True,True,0,1,,,,CC[C@@H]1C(=O)N(C)c2cnc(Nc3ccc(C(=O)NC4CCC(N5CCN(CC6CC6)CC5)CC4)cc3OC)nc2N1C(C)C
xanomeline_cid60809,,,xanomeline_cid60809.png,high,high,0.8997501548482292,exact,Xanomeline,Xanomeline,1.0,19,19,exact,exact,Xanomeline,False,False,False,False,1.0,True,True,0,1,,,,CCCCCCOc1nsnc1C1=CCCN(C)C1
xemilofiban_cid60957,,,xemilofiban_cid60957.png,high,high,0.8973489403612622,exact,Xemilofiban,Xemilofiban,1.0,26,26,exact,exact,Xemilofiban,False,False,False,False,1.0,True,True,0,1,,,,[H]C#C[C@H](CC(=O)OCC)NC(=O)CCC(=O)Nc1ccc(C(=N)N[H])cc1
ximelagatran_cid9574101,,,ximelagatran_cid9574101.png,low,low,0.5207933102776507,exact,Ximelagatran,Ximelagatran,1.0,34,34,exact,exact,Ximelagatran,False,False,False,False,1.0,True,True,0,1,,,,[H]N/C(=N\O)c1ccc(CNC(=O)[C@@H]2CCN2C(=O)[C@H](NCC(=O)OCC)C2CCCCC2)cc1
zandelisib_cid66571003,,,zandelisib_cid66571003.png,high,high,0.8957238415716118,exact,Zandelisib,Zandelisib,1.0,42,42,exact,exact,Zandelisib,False,False,False,False,1.0,True,True,0,1,,,,CN1CCC(c2ccccc2CC(C)(C)Nc2nc(N3CCOCC3)nc(-n3c(C(F)F)nc4ccccc43)n2)CC1
zb_716_cid126480615,,,zb_716_cid126480615.png,low,low,0.003627068283571152,invalid,,,,,,invalid,invalid,,False,False,False,False,,False,,,,,,,[H].[H]C1CCC(O)C1(C)CC1=C23C45([H])C(CCCCCCCCCSCCCC(F)(F)C(F)(F)F)CC67=C289=C2(=C36(=C=814)C=C(C(B(O)O)=C2)C(B(O)O)(=C7)C=C9)CC5CCCCCCCCCSCCCC(F)(F)C(F)(F)F
zeranol_cid2999413,,,zeranol_cid2999413.png,high,high,0.8850966935818494,wrong,,Zeranol,1.0,23,23,exact,exact,Zeranol,False,True,False,False,1.0,False,False,1,2,[H],,,[H].[H]O[C@@H]1CCCCCc2cc(O)cc(O)c2C(=O)O[C@@H](C)CCC1 |^1:0|
zoldonrasib_cid168201327,,,zoldonrasib_cid168201327.png,low,low,5.947929765640171e-08,invalid,,,,,,invalid,invalid,,False,False,False,False,,False,,,,,,,<invalid>
zuclopenthixol_cid5311507,,,zuclopenthixol_cid5311507.png,high,high,0.8867106155637962,wrong,,Zuclopenthixol,0.66,27,27,wrong,wrong,,False,False,False,False,0.66,False,False,0,1,,,,[H]OCCN1CCN(CC/C([H])=C2/c3ccccc3[S+]c3ccc(Cl)cc32)CC1 |^1:19|
